timestamp,lat,lon,altitude_m,distance_m,speed_ms,heart_rate_bpm,cadence_rpm,power_w
2026-07-28T19:15:54Z,-11.6396512,166.9818878,14.2,0.4,1.032,106,76,125
2026-07-28T19:15:55Z,-11.6396405,166.9818878,14.2,1.6,1.781,106,75,125
2026-07-28T19:15:56Z,-11.6396271,166.9819093,14.2,3.4,2.299,105,75,124
2026-07-28T19:15:57Z,-11.6396029,166.9819093,14.2,6.4,2.831,105,76,125
2026-07-28T19:15:58Z,-11.6395788,166.9819200,14.2,9.4,3.210,106,78,126
2026-07-28T19:15:59Z,-11.6395533,166.9819415,14.2,12.8,3.527,106,80,124
2026-07-28T19:16:00Z,-11.6395251,166.9819522,14.2,16.4,3.803,107,82,125
2026-07-28T19:16:01Z,-11.6394930,166.9819629,14.2,20.3,4.056,107,83,124
2026-07-28T19:16:02Z,-11.6394608,166.9819951,14.2,24.5,4.283,107,83,125
2026-07-28T19:16:03Z,-11.6394259,166.9820166,14.2,29.0,4.494,107,83,125
2026-07-28T19:16:04Z,-11.6393910,166.9820487,14.2,33.6,4.680,106,83,124
2026-07-28T19:16:05Z,-11.6393562,166.9820595,14.2,38.3,4.846,107,83,125
2026-07-28T19:16:06Z,-11.6393213,166.9820917,14.2,43.3,5.008,107,83,124
2026-07-28T19:16:07Z,-11.6392864,166.9821239,14.2,48.4,5.161,109,83,125
2026-07-28T19:16:08Z,-11.6392542,166.9821560,14.4,53.6,5.301,109,84,125
2026-07-28T19:16:09Z,-11.6392274,166.9821990,14.4,58.9,5.421,110,85,125
2026-07-28T19:16:10Z,-11.6392060,166.9822419,14.4,64.3,5.528,110,88,125
2026-07-28T19:16:11Z,-11.6391912,166.9822848,14.4,70.0,5.622,111,88,124
2026-07-28T19:16:12Z,-11.6391818,166.9823384,14.4,75.7,5.699,111,88,125
2026-07-28T19:16:13Z,-11.6391765,166.9823921,14.4,81.3,5.769,110,88,124
2026-07-28T19:16:14Z,-11.6391765,166.9824457,14.6,87.1,5.852,111,88,124
2026-07-28T19:16:15Z,-11.6391818,166.9824994,14.6,93.0,5.938,111,87,124
2026-07-28T19:16:16Z,-11.6391885,166.9825530,14.6,99.1,6.013,111,87,124
2026-07-28T19:16:17Z,-11.6391952,166.9826066,14.6,105.2,6.078,112,87,124
2026-07-28T19:16:18Z,-11.6392060,166.9826710,14.6,111.3,6.133,112,87,125
2026-07-28T19:16:19Z,-11.6392180,166.9827139,14.6,117.4,6.187,112,87,125
2026-07-28T19:16:20Z,-11.6392314,166.9827783,14.8,123.6,6.242,112,88,125
2026-07-28T19:16:21Z,-11.6392462,166.9828212,14.8,129.8,6.299,112,89,125
2026-07-28T19:16:22Z,-11.6392609,166.9828856,14.8,136.2,6.361,111,87,125
2026-07-28T19:16:23Z,-11.6392784,166.9829500,14.8,142.5,6.426,111,87,124
2026-07-28T19:16:24Z,-11.6392945,166.9829929,14.8,149.0,6.497,111,86,124
2026-07-28T19:16:25Z,-11.6393133,166.9830465,14.8,155.7,6.580,111,85,125
2026-07-28T19:16:26Z,-11.6393307,166.9831109,14.8,162.2,6.674,111,85,128
2026-07-28T19:16:27Z,-11.6393508,166.9831753,14.8,169.0,6.790,111,84,129
2026-07-28T19:16:28Z,-11.6393709,166.9832397,14.8,175.9,6.915,111,84,130
2026-07-28T19:16:29Z,-11.6393937,166.9832933,14.6,182.8,7.049,112,83,129
2026-07-28T19:16:30Z,-11.6394192,166.9833577,14.6,190.0,7.186,112,83,129
2026-07-28T19:16:31Z,-11.6394474,166.9834220,14.6,197.2,7.325,111,83,129
2026-07-28T19:16:32Z,-11.6394795,166.9834650,14.4,204.6,7.463,111,82,130
2026-07-28T19:16:33Z,-11.6395131,166.9835293,14.4,212.0,7.596,111,82,129
2026-07-28T19:16:34Z,-11.6395520,166.9835830,14.4,219.7,7.722,111,83,129
2026-07-28T19:16:35Z,-11.6395976,166.9836473,14.2,227.5,7.836,110,82,129
2026-07-28T19:16:36Z,-11.6396472,166.9836903,14.2,235.4,7.934,109,82,130
2026-07-28T19:16:37Z,-11.6397008,166.9837332,14.2,243.3,8.015,109,82,131
2026-07-28T19:16:38Z,-11.6397625,166.9837868,14.0,251.4,8.084,109,84,130
2026-07-28T19:16:39Z,-11.6398296,166.9838190,14.0,259.5,8.142,109,85,129
2026-07-28T19:16:40Z,-11.6398980,166.9838405,14.0,267.8,8.193,109,84,129
2026-07-28T19:16:41Z,-11.6399677,166.9838619,14.0,276.0,8.244,108,84,130
2026-07-28T19:16:42Z,-11.6400401,166.9838941,14.0,284.3,8.317,108,84,130
2026-07-28T19:16:43Z,-11.6401125,166.9839048,13.8,292.7,8.388,108,85,130
2026-07-28T19:16:44Z,-11.6401850,166.9839370,13.8,301.1,8.453,108,85,129
2026-07-28T19:16:45Z,-11.6402587,166.9839478,13.8,309.6,8.512,108,85,130
2026-07-28T19:16:46Z,-11.6403311,166.9839799,13.8,318.1,8.564,108,85,129
2026-07-28T19:16:47Z,-11.6404022,166.9840121,13.8,326.8,8.612,108,86,130
2026-07-28T19:16:48Z,-11.6404693,166.9840550,13.8,335.3,8.659,108,86,130
2026-07-28T19:16:49Z,-11.6405363,166.9841087,13.8,344.2,8.691,108,87,129
2026-07-28T19:16:50Z,-11.6405967,166.9841516,13.8,352.6,8.707,108,87,129
2026-07-28T19:16:51Z,-11.6406557,166.9841945,13.8,361.1,8.715,108,87,129
2026-07-28T19:16:52Z,-11.6407134,166.9842589,13.8,370.1,8.720,107,86,129
2026-07-28T19:16:53Z,-11.6407630,166.9843233,13.8,379.0,8.741,107,86,129
2026-07-28T19:16:54Z,-11.6408059,166.9843769,13.6,387.5,8.775,107,85,130
2026-07-28T19:16:55Z,-11.6408408,166.9844520,13.6,396.3,8.828,107,84,130
2026-07-28T19:16:56Z,-11.6408716,166.9845271,13.6,405.2,8.914,107,83,133
2026-07-28T19:16:57Z,-11.6408984,166.9846129,13.6,414.3,9.028,107,83,135
2026-07-28T19:16:58Z,-11.6409186,166.9846880,13.4,423.4,9.161,107,84,135
2026-07-28T19:16:59Z,-11.6409333,166.9847739,13.4,432.5,9.287,107,85,134
2026-07-28T19:17:00Z,-11.6409440,166.9848490,13.2,442.0,9.441,107,85,135
2026-07-28T19:17:01Z,-11.6409521,166.9849455,13.2,451.3,9.509,106,85,134
2026-07-28T19:17:02Z,-11.6409534,166.9850314,13.2,460.9,9.521,106,85,134
2026-07-28T19:17:03Z,-11.6409494,166.9851279,13.2,470.9,9.529,106,84,134
2026-07-28T19:17:04Z,-11.6409387,166.9852030,13.0,480.7,9.531,105,84,135
2026-07-28T19:17:05Z,-11.6409266,166.9852996,13.0,489.5,9.511,105,84,135
2026-07-28T19:17:06Z,-11.6409118,166.9853747,13.0,498.8,9.466,105,84,135
2026-07-28T19:17:07Z,-11.6408890,166.9854605,13.2,508.3,9.403,105,84,134
2026-07-28T19:17:08Z,-11.6408582,166.9855356,13.2,517.6,9.335,104,84,134
2026-07-28T19:17:09Z,-11.6408233,166.9856107,13.2,526.5,9.274,104,83,135
2026-07-28T19:17:10Z,-11.6407804,166.9856966,13.2,536.5,9.214,104,84,135
2026-07-28T19:17:11Z,-11.6407388,166.9857717,13.2,545.5,9.164,104,84,134
2026-07-28T19:17:12Z,-11.6406879,166.9858253,13.2,554.9,9.119,104,84,135
2026-07-28T19:17:13Z,-11.6406342,166.9858897,13.2,563.7,9.079,104,84,135
2026-07-28T19:17:14Z,-11.6405752,166.9859540,13.2,572.9,9.038,104,84,135
2026-07-28T19:17:15Z,-11.6405149,166.9859970,13.2,581.9,8.999,104,87,135
2026-07-28T19:17:16Z,-11.6404505,166.9860613,13.2,591.2,8.960,105,88,134
2026-07-28T19:17:17Z,-11.6403928,166.9861042,13.2,599.7,8.924,105,89,135
2026-07-28T19:17:18Z,-11.6403311,166.9861686,13.2,608.7,8.890,106,90,135
2026-07-28T19:17:19Z,-11.6402681,166.9862115,13.2,617.6,8.857,105,90,135
2026-07-28T19:17:20Z,-11.6402078,166.9862759,13.2,626.5,8.826,105,90,134
2026-07-28T19:17:21Z,-11.6401488,166.9863188,13.2,635.1,8.796,105,90,134
2026-07-28T19:17:22Z,-11.6400884,166.9863832,13.2,644.2,8.766,105,90,134
2026-07-28T19:17:23Z,-11.6400348,166.9864261,13.2,652.6,8.750,106,89,134
2026-07-28T19:17:24Z,-11.6399811,166.9864798,13.2,661.6,8.763,106,89,135
2026-07-28T19:17:25Z,-11.6399342,166.9865656,13.2,670.2,8.778,106,89,135
2026-07-28T19:17:26Z,-11.6398953,166.9866192,13.2,679.0,8.852,106,89,134
2026-07-28T19:17:27Z,-11.6398725,166.9866943,13.2,687.8,8.875,105,90,135
2026-07-28T19:17:28Z,-11.6398819,166.9867909,13.2,697.0,8.868,105,90,135
2026-07-28T19:17:29Z,-11.6399167,166.9868553,13.2,705.8,8.851,105,90,134
2026-07-28T19:17:30Z,-11.6399650,166.9869304,13.2,714.8,8.832,104,90,135
2026-07-28T19:17:31Z,-11.6400200,166.9869733,13.2,723.4,8.822,104,90,135
2026-07-28T19:17:32Z,-11.6400804,166.9870377,13.2,732.2,8.833,104,90,135
2026-07-28T19:17:33Z,-11.6401421,166.9870806,13.2,741.1,8.865,104,90,135
2026-07-28T19:17:34Z,-11.6402051,166.9871235,13.2,749.8,8.888,104,90,134
2026-07-28T19:17:35Z,-11.6402681,166.9871879,13.2,758.8,8.955,104,90,135
2026-07-28T19:17:36Z,-11.6403325,166.9872308,13.2,767.7,8.919,103,90,135
2026-07-28T19:17:37Z,-11.6403942,166.9872737,13.2,776.7,8.883,103,90,135
2026-07-28T19:17:38Z,-11.6404492,166.9873381,13.2,785.6,8.849,103,90,134
2026-07-28T19:17:39Z,-11.6404921,166.9874132,13.2,794.3,8.817,103,91,135
2026-07-28T19:17:40Z,-11.6405189,166.9874883,13.2,803.2,8.927,103,91,135
2026-07-28T19:17:41Z,-11.6405176,166.9875634,13.2,812.1,8.998,103,91,139
2026-07-28T19:17:42Z,-11.6404974,166.9876492,13.2,821.1,9.026,104,91,139
2026-07-28T19:17:43Z,-11.6404666,166.9877243,13.2,830.2,9.044,104,91,140
2026-07-28T19:17:44Z,-11.6404344,166.9877994,13.2,839.2,9.067,105,91,139
2026-07-28T19:17:45Z,-11.6404103,166.9878745,13.2,848.3,9.089,105,91,140
2026-07-28T19:17:46Z,-11.6403995,166.9879603,13.2,857.4,9.106,106,91,139
2026-07-28T19:17:47Z,-11.6404036,166.9880462,13.2,866.5,9.120,107,90,139
2026-07-28T19:17:48Z,-11.6404197,166.9881320,13.2,875.7,9.129,107,90,139
2026-07-28T19:17:49Z,-11.6404465,166.9882071,13.2,884.8,9.135,107,90,140
2026-07-28T19:17:50Z,-11.6404760,166.9882822,13.2,894.1,9.139,107,90,140
2026-07-28T19:17:51Z,-11.6405082,166.9883573,13.2,903.2,9.139,107,90,139
2026-07-28T19:17:52Z,-11.6405417,166.9884431,13.2,912.4,9.137,107,90,140
2026-07-28T19:17:53Z,-11.6405752,166.9885182,13.2,921.1,9.135,107,90,140
2026-07-28T19:17:54Z,-11.6406128,166.9885933,13.2,930.6,9.132,109,90,140
2026-07-28T19:17:55Z,-11.6406476,166.9886684,13.2,939.5,9.126,109,91,139
2026-07-28T19:17:56Z,-11.6406865,166.9887435,13.2,948.9,9.118,109,91,140
2026-07-28T19:17:57Z,-11.6407241,166.9888186,13.2,958.0,9.112,109,91,139
2026-07-28T19:17:58Z,-11.6407630,166.9888830,13.2,967.1,9.105,109,91,140
2026-07-28T19:17:59Z,-11.6407992,166.9889581,13.2,976.1,9.098,109,91,140
2026-07-28T19:18:00Z,-11.6408394,166.9890332,13.2,985.2,9.091,109,92,139
2026-07-28T19:18:01Z,-11.6408770,166.9891083,13.2,994.2,9.083,109,92,140
2026-07-28T19:18:02Z,-11.6409172,166.9891834,13.2,1003.5,9.076,109,92,140
2026-07-28T19:18:03Z,-11.6409548,166.9892585,13.2,1012.5,9.068,109,93,139
2026-07-28T19:18:04Z,-11.6409937,166.9893229,13.2,1021.5,9.060,110,93,139
2026-07-28T19:18:05Z,-11.6410339,166.9893980,13.2,1030.7,9.058,110,93,139
2026-07-28T19:18:06Z,-11.6410714,166.9894731,13.2,1039.7,9.067,110,93,140
2026-07-28T19:18:07Z,-11.6411103,166.9895482,13.2,1048.8,9.079,110,93,140
2026-07-28T19:18:08Z,-11.6411479,166.9896233,13.2,1057.9,9.070,110,95,140
2026-07-28T19:18:09Z,-11.6411854,166.9896877,13.2,1066.9,9.059,110,95,139
2026-07-28T19:18:10Z,-11.6412216,166.9897628,13.2,1075.9,9.047,111,95,139
2026-07-28T19:18:11Z,-11.6412592,166.9898379,13.2,1084.9,9.035,111,95,140
2026-07-28T19:18:12Z,-11.6412967,166.9899130,13.2,1093.9,9.025,111,95,140
2026-07-28T19:18:13Z,-11.6413343,166.9899988,13.2,1102.9,9.015,111,95,140
2026-07-28T19:18:14Z,-11.6413718,166.9900525,13.2,1112.1,9.004,111,95,140
2026-07-28T19:18:15Z,-11.6414094,166.9901276,13.2,1120.9,8.994,111,95,140
2026-07-28T19:18:16Z,-11.6414483,166.9902027,13.2,1130.1,8.984,110,95,140
2026-07-28T19:18:17Z,-11.6414858,166.9902885,13.2,1139.1,8.974,110,95,140
2026-07-28T19:18:18Z,-11.6415261,166.9903421,13.2,1148.0,8.963,110,95,139
2026-07-28T19:18:19Z,-11.6415636,166.9904172,13.2,1156.9,8.952,110,94,139
2026-07-28T19:18:20Z,-11.6416012,166.9905031,13.2,1165.7,8.940,110,94,140
2026-07-28T19:18:21Z,-11.6416401,166.9905782,13.2,1174.9,8.929,110,94,139
2026-07-28T19:18:22Z,-11.6416763,166.9906318,13.2,1183.7,8.918,109,94,139
2026-07-28T19:18:23Z,-11.6417138,166.9907069,13.2,1192.6,8.905,109,94,139
2026-07-28T19:18:24Z,-11.6417500,166.9907928,13.2,1201.4,8.893,110,94,139
2026-07-28T19:18:25Z,-11.6417862,166.9908679,13.2,1210.4,8.880,109,94,141
2026-07-28T19:18:26Z,-11.6418198,166.9909215,13.2,1218.9,8.870,109,93,144
2026-07-28T19:18:27Z,-11.6418560,166.9909966,13.2,1228.3,8.861,109,93,144
2026-07-28T19:18:28Z,-11.6418895,166.9910824,13.2,1237.3,8.850,109,93,144
2026-07-28T19:18:29Z,-11.6419190,166.9911575,13.2,1245.4,8.839,109,93,145
2026-07-28T19:18:30Z,-11.6419566,166.9912326,13.2,1254.9,8.825,109,93,144
2026-07-28T19:18:31Z,-11.6419874,166.9912863,13.2,1263.1,8.810,109,93,144
2026-07-28T19:18:32Z,-11.6420276,166.9913828,13.2,1273.1,8.790,108,93,144
2026-07-28T19:18:33Z,-11.6420585,166.9914472,13.2,1281.0,8.775,108,92,145
2026-07-28T19:18:34Z,-11.6420934,166.9915223,13.2,1290.1,8.759,108,92,145
2026-07-28T19:18:35Z,-11.6421269,166.9915760,13.2,1298.6,8.745,108,92,145
2026-07-28T19:18:36Z,-11.6421577,166.9916618,13.2,1307.6,8.732,108,92,145
2026-07-28T19:18:37Z,-11.6421859,166.9917369,13.2,1316.1,8.719,108,92,145
2026-07-28T19:18:38Z,-11.6422127,166.9918120,13.2,1324.8,8.707,108,92,144
2026-07-28T19:18:39Z,-11.6422355,166.9918871,13.2,1333.5,8.695,108,92,144
2026-07-28T19:18:40Z,-11.6422556,166.9919622,13.2,1342.3,8.683,108,92,144
2026-07-28T19:18:41Z,-11.6422717,166.9920373,13.2,1351.0,8.671,108,92,144
2026-07-28T19:18:42Z,-11.6422825,166.9921124,13.2,1359.7,8.661,109,92,144
2026-07-28T19:18:43Z,-11.6422918,166.9921875,13.2,1368.0,8.651,109,93,144
2026-07-28T19:18:44Z,-11.6423012,166.9922841,13.2,1376.9,8.642,109,93,144
2026-07-28T19:18:45Z,-11.6423079,166.9923592,13.2,1385.6,8.633,109,92,145
2026-07-28T19:18:46Z,-11.6423146,166.9924343,13.2,1394.2,8.626,109,92,145
2026-07-28T19:18:47Z,-11.6423187,166.9925094,13.2,1402.8,8.619,109,92,145
2026-07-28T19:18:48Z,-11.6423200,166.9925845,13.2,1411.4,8.613,110,92,144
2026-07-28T19:18:49Z,-11.6423187,166.9926810,13.2,1420.1,8.606,109,92,145
2026-07-28T19:18:50Z,-11.6423120,166.9927561,13.2,1428.7,8.600,109,92,145
2026-07-28T19:18:51Z,-11.6422999,166.9928312,13.2,1437.2,8.595,109,92,144
2026-07-28T19:18:52Z,-11.6422825,166.9929063,13.2,1445.7,8.589,109,92,145
2026-07-28T19:18:53Z,-11.6422597,166.9929814,13.2,1454.2,8.584,109,92,144
2026-07-28T19:18:54Z,-11.6422288,166.9930458,13.2,1463.0,8.578,109,92,144
2026-07-28T19:18:55Z,-11.6421926,166.9931209,13.2,1471.7,8.573,108,92,145
2026-07-28T19:18:56Z,-11.6421483,166.9931853,13.2,1480.1,8.571,108,92,149
2026-07-28T19:18:57Z,-11.6420987,166.9932497,13.2,1488.4,8.572,108,92,149
2026-07-28T19:18:58Z,-11.6420384,166.9932926,13.2,1497.4,8.710,107,92,150
2026-07-28T19:18:59Z,-11.6419753,166.9933462,13.2,1506.1,8.924,107,92,150
2026-07-28T19:19:00Z,-11.6419083,166.9933784,13.2,1515.0,9.077,107,91,150
2026-07-28T19:19:01Z,-11.6418359,166.9934320,13.2,1524.1,9.133,107,91,149
2026-07-28T19:19:02Z,-11.6417594,166.9934535,13.2,1533.3,9.167,107,91,149
2026-07-28T19:19:03Z,-11.6416816,166.9934857,13.2,1542.6,9.176,107,92,149
2026-07-28T19:19:04Z,-11.6416052,166.9935179,13.2,1551.7,9.234,106,92,149
2026-07-28T19:19:05Z,-11.6415288,166.9935501,13.2,1560.8,9.257,106,92,149
2026-07-28T19:19:06Z,-11.6414483,166.9935822,13.2,1570.2,9.253,106,92,149
2026-07-28T19:19:07Z,-11.6413692,166.9936144,13.2,1579.5,9.216,106,92,149
2026-07-28T19:19:08Z,-11.6412887,166.9936359,13.2,1588.7,9.181,106,92,149
2026-07-28T19:19:09Z,-11.6412109,166.9936574,13.2,1597.9,9.148,106,92,149
2026-07-28T19:19:10Z,-11.6411331,166.9936895,13.2,1606.9,9.117,107,92,150
2026-07-28T19:19:11Z,-11.6410553,166.9937217,13.2,1616.2,9.088,107,92,149
2026-07-28T19:19:12Z,-11.6409816,166.9937432,13.2,1625.0,9.062,107,92,149
2026-07-28T19:19:13Z,-11.6409051,166.9937968,13.2,1634.3,9.035,108,92,149
2026-07-28T19:19:14Z,-11.6408341,166.9938290,13.2,1643.3,9.010,108,91,150
2026-07-28T19:19:15Z,-11.6407670,166.9938719,13.2,1652.2,8.989,108,91,150
2026-07-28T19:19:16Z,-11.6407026,166.9939148,13.2,1661.2,8.968,109,91,149
2026-07-28T19:19:17Z,-11.6406409,166.9939792,13.2,1670.3,8.948,109,91,150
2026-07-28T19:19:18Z,-11.6405846,166.9940329,13.2,1679.2,8.930,109,91,149
2026-07-28T19:19:19Z,-11.6405310,166.9940972,13.2,1688.2,8.913,110,90,150
2026-07-28T19:19:20Z,-11.6404800,166.9941616,13.2,1696.8,8.898,110,90,149
2026-07-28T19:19:21Z,-11.6404264,166.9942260,13.2,1705.9,8.884,110,90,150
2026-07-28T19:19:22Z,-11.6403808,166.9942796,13.2,1714.8,8.873,110,90,149
2026-07-28T19:19:23Z,-11.6403405,166.9943547,13.2,1723.4,8.863,111,90,149
2026-07-28T19:19:24Z,-11.6403030,166.9944191,13.2,1732.2,8.854,111,90,150
2026-07-28T19:19:25Z,-11.6402681,166.9944942,13.2,1741.1,8.847,111,90,149
2026-07-28T19:19:26Z,-11.6402386,166.9945693,13.2,1750.0,8.839,111,89,149
2026-07-28T19:19:27Z,-11.6402118,166.9946444,13.2,1759.1,8.833,110,89,150
2026-07-28T19:19:28Z,-11.6401903,166.9947195,13.2,1767.8,8.829,110,89,150
2026-07-28T19:19:29Z,-11.6401729,166.9948053,13.2,1776.4,8.826,110,89,150
2026-07-28T19:19:30Z,-11.6401595,166.9948912,13.2,1785.6,8.825,110,89,150
2026-07-28T19:19:31Z,-11.6401501,166.9949663,13.2,1794.4,8.824,111,88,149
2026-07-28T19:19:32Z,-11.6401514,166.9950414,13.2,1803.1,8.826,110,88,150
2026-07-28T19:19:33Z,-11.6401622,166.9951165,13.0,1811.8,8.832,111,89,150
2026-07-28T19:19:34Z,-11.6401823,166.9952130,13.0,1820.8,8.840,111,89,149
2026-07-28T19:19:35Z,-11.6402091,166.9952881,13.0,1829.4,8.849,111,88,150
2026-07-28T19:19:36Z,-11.6402413,166.9953525,13.0,1838.3,8.862,110,88,150
2026-07-28T19:19:37Z,-11.6402762,166.9954276,13.0,1847.4,8.878,110,88,149
2026-07-28T19:19:38Z,-11.6403137,166.9955027,13.0,1856.1,8.895,109,88,150
2026-07-28T19:19:39Z,-11.6403539,166.9955778,13.0,1865.3,8.917,109,88,149
2026-07-28T19:19:40Z,-11.6403942,166.9956422,13.0,1874.3,8.942,110,87,151
2026-07-28T19:19:41Z,-11.6404331,166.9957173,13.0,1882.8,8.974,110,87,154
2026-07-28T19:19:42Z,-11.6404733,166.9957924,13.0,1891.9,9.017,110,87,154
2026-07-28T19:19:43Z,-11.6405149,166.9958568,13.0,1901.1,9.071,110,86,155
2026-07-28T19:19:44Z,-11.6405524,166.9959319,13.0,1910.0,9.131,110,86,155
2026-07-28T19:19:45Z,-11.6405913,166.9960070,13.0,1919.0,9.194,110,86,154
2026-07-28T19:19:46Z,-11.6406329,166.9960821,13.0,1928.5,9.285,110,86,154
2026-07-28T19:19:47Z,-11.6406745,166.9961572,13.0,1937.7,9.431,110,86,154
2026-07-28T19:19:48Z,-11.6407160,166.9962323,13.0,1947.2,9.452,110,86,154
2026-07-28T19:19:49Z,-11.6407590,166.9962966,13.0,1956.6,9.477,110,86,155
2026-07-28T19:19:50Z,-11.6408005,166.9963825,13.0,1966.4,9.478,110,86,154
2026-07-28T19:19:51Z,-11.6408461,166.9964468,13.0,1975.7,9.472,110,86,154
2026-07-28T19:19:52Z,-11.6408931,166.9965219,13.0,1985.2,9.472,110,86,155
2026-07-28T19:19:53Z,-11.6409414,166.9965971,13.0,1994.7,9.481,110,86,154
2026-07-28T19:19:54Z,-11.6409869,166.9966614,13.0,2004.0,9.482,110,87,154
2026-07-28T19:19:55Z,-11.6410339,166.9967365,13.0,2013.7,9.523,110,87,154
2026-07-28T19:19:56Z,-11.6410822,166.9968116,13.0,2023.5,9.629,110,87,154
2026-07-28T19:19:57Z,-11.6411278,166.9968867,13.0,2033.0,9.594,110,86,154
2026-07-28T19:19:58Z,-11.6411720,166.9969726,13.0,2042.4,9.559,110,86,155
2026-07-28T19:19:59Z,-11.6412190,166.9970477,13.0,2052.0,9.540,110,86,155
2026-07-28T19:20:00Z,-11.6412646,166.9971228,13.0,2061.6,9.548,110,86,154
2026-07-28T19:20:01Z,-11.6413075,166.9971979,13.0,2071.0,9.562,110,86,155
2026-07-28T19:20:02Z,-11.6413504,166.9972730,13.0,2080.8,9.581,110,87,154
2026-07-28T19:20:03Z,-11.6413906,166.9973481,13.0,2090.4,9.581,110,87,155
2026-07-28T19:20:04Z,-11.6414268,166.9974232,13.0,2099.7,9.565,111,87,154
2026-07-28T19:20:05Z,-11.6414684,166.9974983,13.0,2109.4,9.609,111,87,154
2026-07-28T19:20:06Z,-11.6415100,166.9975734,13.0,2118.9,9.702,111,87,154
2026-07-28T19:20:07Z,-11.6415475,166.9976592,13.0,2128.6,9.696,112,87,154
2026-07-28T19:20:08Z,-11.6415811,166.9977450,13.0,2138.4,9.654,112,87,155
2026-07-28T19:20:09Z,-11.6416159,166.9978201,13.0,2148.1,9.598,112,87,154
2026-07-28T19:20:10Z,-11.6416508,166.9978952,13.0,2157.7,9.546,112,87,154
2026-07-28T19:20:11Z,-11.6416816,166.9979918,13.0,2167.2,9.499,112,87,155
2026-07-28T19:20:12Z,-11.6417031,166.9980669,13.0,2176.7,9.457,112,87,154
2026-07-28T19:20:13Z,-11.6417205,166.9981420,13.0,2185.9,9.419,112,87,154
2026-07-28T19:20:14Z,-11.6417353,166.9982386,13.0,2195.3,9.382,112,87,154
2026-07-28T19:20:15Z,-11.6417541,166.9983244,13.0,2204.7,9.348,112,87,154
2026-07-28T19:20:16Z,-11.6417836,166.9983995,13.0,2214.0,9.315,111,87,154
2026-07-28T19:20:17Z,-11.6418278,166.9984639,13.0,2223.3,9.282,111,87,155
2026-07-28T19:20:18Z,-11.6418882,166.9985282,13.0,2232.7,9.247,110,87,154
2026-07-28T19:20:19Z,-11.6419552,166.9985819,13.0,2241.8,9.212,110,87,154
2026-07-28T19:20:20Z,-11.6420290,166.9986141,13.0,2251.1,9.177,110,87,154
2026-07-28T19:20:21Z,-11.6421068,166.9986570,13.0,2260.5,9.143,110,87,154
2026-07-28T19:20:22Z,-11.6421832,166.9986784,13.2,2269.6,9.111,110,87,154
2026-07-28T19:20:23Z,-11.6422610,166.9987106,13.2,2278.6,9.081,110,88,155
2026-07-28T19:20:24Z,-11.6423374,166.9987428,13.2,2287.5,9.054,109,88,154
2026-07-28T19:20:25Z,-11.6424179,166.9987535,13.2,2296.7,9.026,109,89,156
2026-07-28T19:20:26Z,-11.6424997,166.9987643,13.2,2305.9,9.171,110,89,159
2026-07-28T19:20:27Z,-11.6425829,166.9987857,13.2,2315.2,9.334,109,90,159
2026-07-28T19:20:28Z,-11.6426660,166.9987857,13.2,2324.4,9.404,109,90,159
2026-07-28T19:20:29Z,-11.6427492,166.9987857,13.2,2333.6,9.414,109,90,159
2026-07-28T19:20:30Z,-11.6428337,166.9987535,13.2,2343.4,9.400,110,90,159
2026-07-28T19:20:31Z,-11.6429101,166.9987214,13.2,2352.8,9.380,110,90,159
2026-07-28T19:20:32Z,-11.6429839,166.9986784,13.2,2362.1,9.353,111,90,159
2026-07-28T19:20:33Z,-11.6430536,166.9986355,13.2,2371.1,9.322,111,90,159
2026-07-28T19:20:34Z,-11.6431247,166.9985819,13.2,2380.5,9.285,111,90,159
2026-07-28T19:20:35Z,-11.6431998,166.9985497,13.2,2389.8,9.249,111,90,160
2026-07-28T19:20:36Z,-11.6432802,166.9985282,13.2,2399.2,9.218,111,90,160
2026-07-28T19:20:37Z,-11.6433620,166.9985068,13.2,2408.4,9.190,111,90,160
2026-07-28T19:20:38Z,-11.6434439,166.9985068,13.2,2417.4,9.166,111,90,160
2026-07-28T19:20:39Z,-11.6435270,166.9985282,13.2,2426.5,9.146,111,90,159
2026-07-28T19:20:40Z,-11.6436061,166.9985390,13.2,2435.7,9.128,111,90,159
2026-07-28T19:20:41Z,-11.6436853,166.9985712,13.2,2445.1,9.111,111,90,159
2026-07-28T19:20:42Z,-11.6437550,166.9986141,13.2,2454.0,9.096,111,89,160
2026-07-28T19:20:43Z,-11.6438207,166.9986570,13.2,2462.9,9.082,111,89,159
2026-07-28T19:20:44Z,-11.6438797,166.9987214,13.2,2472.0,9.099,111,89,160
2026-07-28T19:20:45Z,-11.6439320,166.9987857,13.2,2481.2,9.199,111,89,159
2026-07-28T19:20:46Z,-11.6439790,166.9988608,13.2,2490.6,9.268,111,89,159
2026-07-28T19:20:47Z,-11.6440178,166.9989252,13.2,2499.7,9.317,111,90,159
2026-07-28T19:20:48Z,-11.6440541,166.9990003,13.2,2509.1,9.351,112,90,159
2026-07-28T19:20:49Z,-11.6440903,166.9990861,13.2,2518.6,9.376,112,90,159
2026-07-28T19:20:50Z,-11.6441265,166.9991612,13.2,2527.8,9.393,112,90,159
2026-07-28T19:20:51Z,-11.6441640,166.9992363,13.2,2537.4,9.403,112,91,159
2026-07-28T19:20:52Z,-11.6442029,166.9993222,13.2,2546.8,9.408,113,91,159
2026-07-28T19:20:53Z,-11.6442472,166.9993973,13.2,2556.1,9.410,113,91,160
2026-07-28T19:20:54Z,-11.6443008,166.9994509,13.2,2565.8,9.409,114,92,160
2026-07-28T19:20:55Z,-11.6443652,166.9995153,13.2,2575.2,9.404,114,92,164
2026-07-28T19:20:56Z,-11.6444403,166.9995475,13.2,2584.6,9.405,114,93,185
2026-07-28T19:20:57Z,-11.6445194,166.9995797,13.2,2593.7,9.424,115,94,190
2026-07-28T19:20:58Z,-11.6446066,166.9995797,13.2,2603.4,9.447,115,95,190
2026-07-28T19:20:59Z,-11.6446924,166.9995797,13.2,2612.9,9.466,115,96,190
2026-07-28T19:21:00Z,-11.6447769,166.9995797,13.2,2622.1,9.485,115,97,189
2026-07-28T19:21:01Z,-11.6448627,166.9995582,13.2,2631.9,9.502,115,97,190
2026-07-28T19:21:02Z,-11.6449486,166.9995582,13.2,2641.3,9.520,115,97,189
2026-07-28T19:21:03Z,-11.6450344,166.9995475,13.2,2650.8,9.546,116,97,189
2026-07-28T19:21:04Z,-11.6451176,166.9995582,13.2,2660.1,9.592,116,96,189
2026-07-28T19:21:05Z,-11.6452034,166.9995904,13.2,2669.9,9.669,116,97,189
2026-07-28T19:21:06Z,-11.6452865,166.9996226,13.2,2679.5,9.770,117,97,190
2026-07-28T19:21:07Z,-11.6453683,166.9996548,13.2,2689.3,9.906,117,96,189
2026-07-28T19:21:08Z,-11.6454515,166.9996870,13.2,2699.4,10.091,118,96,190
2026-07-28T19:21:09Z,-11.6455333,166.9997299,13.2,2709.7,10.079,118,96,190
2026-07-28T19:21:10Z,-11.6456097,166.9997728,13.2,2719.7,10.061,118,96,189
2026-07-28T19:21:11Z,-11.6456795,166.9998372,13.2,2729.7,10.035,118,95,190
2026-07-28T19:21:12Z,-11.6457398,166.9999123,13.2,2739.8,9.999,118,95,189
2026-07-28T19:21:13Z,-11.6457881,166.9999766,13.2,2749.6,9.952,118,95,190
2026-07-28T19:21:14Z,-11.6458310,167.0000625,13.4,2759.5,9.903,118,94,189
2026-07-28T19:21:15Z,-11.6458672,167.0001376,13.4,2769.4,9.859,118,94,189
2026-07-28T19:21:16Z,-11.6458981,167.0002341,13.4,2779.2,9.817,118,94,189
2026-07-28T19:21:17Z,-11.6459236,167.0003092,13.4,2789.0,9.774,118,93,189
2026-07-28T19:21:18Z,-11.6459450,167.0004058,13.4,2798.9,9.843,118,93,189
2026-07-28T19:21:19Z,-11.6459638,167.0004916,13.6,2808.8,9.988,118,92,189
2026-07-28T19:21:20Z,-11.6459732,167.0005882,13.6,2819.0,10.046,118,92,189
2026-07-28T19:21:21Z,-11.6459732,167.0006740,13.6,2828.6,10.046,118,91,189
2026-07-28T19:21:22Z,-11.6459665,167.0007706,13.8,2838.9,10.001,118,91,189
2026-07-28T19:21:23Z,-11.6459504,167.0008564,13.8,2849.1,9.926,118,90,189
2026-07-28T19:21:24Z,-11.6459276,167.0009530,14.0,2859.0,9.827,118,90,190
2026-07-28T19:21:25Z,-11.6458927,167.0010281,14.2,2868.7,9.724,118,90,190
2026-07-28T19:21:26Z,-11.6458498,167.0011032,14.2,2878.1,9.618,119,91,190
2026-07-28T19:21:27Z,-11.6458015,167.0011783,14.4,2888.0,9.509,119,92,189
2026-07-28T19:21:28Z,-11.6457519,167.0012426,14.4,2897.0,9.409,119,91,189
2026-07-28T19:21:29Z,-11.6456982,167.0013177,14.6,2906.6,9.303,118,91,189
2026-07-28T19:21:30Z,-11.6456459,167.0013821,14.8,2915.7,9.204,118,90,189
2026-07-28T19:21:31Z,-11.6455883,167.0014358,15.0,2925.3,9.105,118,90,189
2026-07-28T19:21:32Z,-11.6455333,167.0015001,15.0,2934.1,9.013,119,89,189
2026-07-28T19:21:33Z,-11.6454756,167.0015645,15.2,2943.5,8.915,119,89,189
2026-07-28T19:21:34Z,-11.6454233,167.0016181,15.4,2951.9,8.829,119,88,189
2026-07-28T19:21:35Z,-11.6453724,167.0016718,15.4,2960.3,8.741,119,87,189
2026-07-28T19:21:36Z,-11.6453174,167.0017469,15.6,2969.6,8.644,120,86,189
2026-07-28T19:21:37Z,-11.6452691,167.0018005,15.8,2978.2,8.554,120,86,189
2026-07-28T19:21:38Z,-11.6452248,167.0018649,15.8,2986.2,8.467,120,86,189
2026-07-28T19:21:39Z,-11.6451833,167.0019293,16.0,2994.6,8.373,120,86,190
2026-07-28T19:21:40Z,-11.6451471,167.0019829,16.2,3003.2,8.270,121,85,190
2026-07-28T19:21:41Z,-11.6451243,167.0020688,16.4,3011.3,8.165,120,86,193
2026-07-28T19:21:42Z,-11.6451216,167.0021439,16.4,3019.3,8.060,121,86,194
2026-07-28T19:21:43Z,-11.6451377,167.0021975,16.6,3027.4,7.978,121,86,194
2026-07-28T19:21:44Z,-11.6451685,167.0022726,16.8,3035.4,7.920,121,87,195
2026-07-28T19:21:45Z,-11.6452074,167.0023370,16.8,3043.6,7.880,122,85,195
2026-07-28T19:21:46Z,-11.6452476,167.0024014,17.0,3051.1,7.857,122,85,194
2026-07-28T19:21:47Z,-11.6452959,167.0024443,17.0,3059.1,7.841,122,84,194
2026-07-28T19:21:48Z,-11.6453455,167.0024872,17.2,3066.8,7.835,123,84,194
2026-07-28T19:21:49Z,-11.6454019,167.0025516,17.2,3075.1,7.839,124,84,195
2026-07-28T19:21:50Z,-11.6454582,167.0025837,17.4,3082.7,7.853,124,84,194
2026-07-28T19:21:51Z,-11.6455132,167.0026267,17.4,3090.0,7.872,125,84,195
2026-07-28T19:21:52Z,-11.6455789,167.0026588,17.4,3098.4,7.906,126,85,195
2026-07-28T19:21:53Z,-11.6456486,167.0026910,17.4,3106.8,7.950,126,85,195
2026-07-28T19:21:54Z,-11.6457063,167.0027232,17.6,3113.7,7.995,127,85,194
2026-07-28T19:21:55Z,-11.6457787,167.0027339,17.6,3122.0,8.059,127,85,194
2026-07-28T19:21:56Z,-11.6458632,167.0027554,17.6,3131.5,8.151,127,84,194
2026-07-28T19:21:57Z,-11.6459236,167.0027554,17.6,3138.0,8.229,127,84,195
2026-07-28T19:21:58Z,-11.6460094,167.0027339,17.6,3147.6,8.364,127,83,195
2026-07-28T19:21:59Z,-11.6460805,167.0027018,17.4,3155.9,8.500,128,84,195
2026-07-28T19:22:00Z,-11.6461408,167.0026696,17.4,3163.6,8.639,128,84,195
2026-07-28T19:22:01Z,-11.6462052,167.0026267,17.2,3172.5,8.807,128,84,194
2026-07-28T19:22:02Z,-11.6462696,167.0025623,17.2,3182.2,8.986,128,83,194
2026-07-28T19:22:03Z,-11.6463286,167.0025086,17.0,3191.8,9.155,128,83,195
2026-07-28T19:22:04Z,-11.6463755,167.0024443,17.0,3199.8,9.290,129,83,195
2026-07-28T19:22:05Z,-11.6464278,167.0023799,16.8,3209.0,9.437,129,83,195
2026-07-28T19:22:06Z,-11.6464815,167.0023048,16.6,3218.6,9.581,129,83,195
2026-07-28T19:22:07Z,-11.6465338,167.0022297,16.4,3228.6,9.720,129,83,195
2026-07-28T19:22:08Z,-11.6465861,167.0021760,16.4,3238.4,9.850,0,83,195
2026-07-28T19:22:09Z,-11.6466357,167.0020902,16.2,3248.0,9.966,0,83,194
2026-07-28T19:22:10Z,-11.6466893,167.0020151,16.0,3258.5,10.086,0,83,194
2026-07-28T19:22:11Z,-11.6467363,167.0019400,15.8,3268.0,10.187,0,83,197
2026-07-28T19:22:12Z,-11.6467886,167.0018649,15.8,3278.5,10.296,0,82,200
2026-07-28T19:22:13Z,-11.6468368,167.0017898,15.6,3288.5,10.395,0,82,199
2026-07-28T19:22:14Z,-11.6468892,167.0016932,15.4,3299.0,10.490,0,82,200
2026-07-28T19:22:15Z,-11.6469401,167.0016181,15.2,3309.5,10.580,0,82,200
2026-07-28T19:22:16Z,-11.6469938,167.0015323,15.0,3320.7,10.668,0,82,200
2026-07-28T19:22:17Z,-11.6470461,167.0014572,15.0,3331.6,10.749,0,82,200
2026-07-28T19:22:18Z,-11.6470917,167.0013821,14.8,3341.3,10.817,0,83,200
2026-07-28T19:22:19Z,-11.6471533,167.0012748,14.6,3354.1,10.898,0,83,200
2026-07-28T19:22:20Z,-11.6472003,167.0012105,14.4,3363.5,10.954,0,84,200
2026-07-28T19:22:21Z,-11.6472553,167.0011139,14.2,3374.5,11.014,0,84,200
2026-07-28T19:22:22Z,-11.6473129,167.0010388,14.2,3385.4,11.069,0,84,199
2026-07-28T19:22:23Z,-11.6473733,167.0009530,14.0,3396.8,11.119,0,84,199
2026-07-28T19:22:24Z,-11.6474377,167.0008779,13.8,3408.4,11.165,0,85,200
2026-07-28T19:22:25Z,-11.6475047,167.0008028,13.6,3419.5,11.203,0,85,200
2026-07-28T19:22:26Z,-11.6475785,167.0007169,13.4,3430.6,11.231,0,85,200
2026-07-28T19:22:27Z,-11.6476643,167.0006633,13.4,3442.2,11.245,0,85,199
2026-07-28T19:22:28Z,-11.6477542,167.0006096,13.2,3453.3,11.238,0,85,199
2026-07-28T19:22:29Z,-11.6478467,167.0005989,13.2,3463.9,11.204,0,85,200
2026-07-28T19:22:30Z,-11.6479526,167.0005989,13.2,3475.8,11.125,0,84,200
2026-07-28T19:22:31Z,-11.6480385,167.0006311,13.2,3486.0,11.020,0,84,199
2026-07-28T19:22:32Z,-11.6481203,167.0006955,13.2,3496.6,10.886,0,84,200
2026-07-28T19:22:33Z,-11.6481981,167.0007706,13.4,3508.2,10.735,0,83,200
2026-07-28T19:22:34Z,-11.6482638,167.0008242,13.4,3518.3,10.614,0,83,199
2026-07-28T19:22:35Z,-11.6483335,167.0008886,13.4,3528.9,10.516,0,83,200
2026-07-28T19:22:36Z,-11.6483872,167.0009637,13.4,3539.4,10.434,0,84,200
2026-07-28T19:22:37Z,-11.6484247,167.0010602,13.4,3549.8,10.368,0,84,199
2026-07-28T19:22:38Z,-11.6484542,167.0011461,13.6,3560.6,10.317,0,84,200
2026-07-28T19:22:39Z,-11.6484757,167.0012426,13.6,3570.9,10.251,0,85,200
2026-07-28T19:22:40Z,-11.6484958,167.0013285,13.6,3581.3,10.154,0,86,199
2026-07-28T19:22:41Z,-11.6485173,167.0014250,13.8,3591.4,10.064,0,87,200
2026-07-28T19:22:42Z,-11.6485481,167.0015109,13.8,3601.4,9.982,0,86,200
2026-07-28T19:22:43Z,-11.6485843,167.0015860,13.8,3611.5,9.907,123,86,200
2026-07-28T19:22:44Z,-11.6486178,167.0016825,13.8,3620.9,9.838,124,85,200
2026-07-28T19:22:45Z,-11.6486554,167.0017576,14.0,3631.3,9.763,124,85,199
2026-07-28T19:22:46Z,-11.6486916,167.0018542,14.0,3641.1,9.696,124,85,199
2026-07-28T19:22:47Z,-11.6487359,167.0019293,14.0,3650.7,9.638,124,84,199
2026-07-28T19:22:48Z,-11.6487908,167.0019722,14.0,3659.6,9.597,124,84,199
2026-07-28T19:22:49Z,-11.6488740,167.0020151,14.2,3669.7,9.588,124,83,200
2026-07-28T19:22:50Z,-11.6489598,167.0020151,14.0,3679.2,9.626,124,83,200
2026-07-28T19:22:51Z,-11.6490456,167.0020044,14.0,3689.0,9.679,124,83,199
2026-07-28T19:22:52Z,-11.6491315,167.0019722,14.0,3698.9,9.734,123,82,199
2026-07-28T19:22:53Z,-11.6492146,167.0019400,13.8,3708.7,9.787,123,82,200
2026-07-28T19:22:54Z,-11.6492884,167.0019078,13.8,3717.8,9.832,123,82,200
2026-07-28T19:22:55Z,-11.6493635,167.0018649,13.8,3727.1,9.871,123,83,200
2026-07-28T19:22:56Z,-11.6494453,167.0018005,13.8,3738.1,9.902,123,81,202
2026-07-28T19:22:57Z,-11.6495124,167.0017576,13.8,3747.3,9.911,123,83,204
2026-07-28T19:22:58Z,-11.6495834,167.0016932,13.6,3758.2,9.905,123,82,205
2026-07-28T19:22:59Z,-11.6496330,167.0016181,13.6,3767.1,9.890,123,82,205
2026-07-28T19:23:00Z,-11.6496800,167.0015430,13.8,3777.7,9.866,123,83,204
2026-07-28T19:23:01Z,-11.6497122,167.0014679,13.8,3787.1,9.847,123,84,204
2026-07-28T19:23:02Z,-11.6497350,167.0013821,13.8,3797.1,9.833,123,84,204
2026-07-28T19:23:03Z,-11.6497430,167.0012856,13.8,3806.9,9.823,123,84,204
2026-07-28T19:23:04Z,-11.6497390,167.0011890,13.8,3816.2,9.814,123,83,204
2026-07-28T19:23:05Z,-11.6497283,167.0011032,13.8,3827.0,9.804,123,83,204
2026-07-28T19:23:06Z,-11.6497162,167.0010281,13.8,3835.8,9.797,123,82,204
2026-07-28T19:23:07Z,-11.6497028,167.0009315,13.8,3846.1,9.788,123,82,204
2026-07-28T19:23:08Z,-11.6496907,167.0008457,13.8,3855.4,9.782,124,81,204
2026-07-28T19:23:09Z,-11.6496827,167.0007491,13.8,3865.4,9.775,124,80,204
2026-07-28T19:23:10Z,-11.6496827,167.0006633,13.8,3875.4,9.770,123,80,205
2026-07-28T19:23:11Z,-11.6496934,167.0005667,13.8,3885.2,9.767,124,80,205
2026-07-28T19:23:12Z,-11.6497229,167.0004809,13.8,3895.4,9.766,124,81,205
2026-07-28T19:23:13Z,-11.6497685,167.0004165,13.8,3904.7,9.766,124,81,204
2026-07-28T19:23:14Z,-11.6498356,167.0003414,13.8,3915.2,9.767,124,81,204
2026-07-28T19:23:15Z,-11.6498986,167.0002985,13.8,3923.8,9.769,124,81,204
2026-07-28T19:23:16Z,-11.6499777,167.0002449,13.6,3933.9,9.772,124,81,205
2026-07-28T19:23:17Z,-11.6500568,167.0002127,13.6,3943.7,9.775,124,82,205
2026-07-28T19:23:18Z,-11.6501386,167.0001698,13.6,3953.6,9.779,124,82,204
2026-07-28T19:23:19Z,-11.6502178,167.0001376,13.6,3963.4,9.781,124,82,205
2026-07-28T19:23:20Z,-11.6502996,167.0000947,13.6,3973.3,9.784,124,83,204
2026-07-28T19:23:21Z,-11.6503800,167.0000517,13.6,3983.8,9.786,124,83,204
2026-07-28T19:23:22Z,-11.6504404,166.9999874,13.6,3992.7,9.787,124,83,205
2026-07-28T19:23:23Z,-11.6504887,166.9999230,13.6,4002.0,9.785,124,83,204
2026-07-28T19:23:24Z,-11.6505276,166.9998372,13.6,4012.8,9.833,124,83,204
2026-07-28T19:23:25Z,-11.6505450,166.9997406,13.6,4022.7,9.877,124,83,205
2026-07-28T19:23:26Z,-11.6505477,166.9996548,13.6,4032.3,9.925,124,83,208
2026-07-28T19:23:27Z,-11.6505329,166.9995582,13.6,4042.2,9.982,125,83,210
2026-07-28T19:23:28Z,-11.6505007,166.9994831,13.6,4052.3,10.053,125,83,209
2026-07-28T19:23:29Z,-11.6504525,166.9994080,13.6,4062.2,10.134,125,83,209
2026-07-28T19:23:30Z,-11.6503881,166.9993436,13.6,4071.8,10.254,125,82,209
2026-07-28T19:23:31Z,-11.6503063,166.9993007,13.6,4082.1,10.387,125,81,209
2026-07-28T19:23:32Z,-11.6502191,166.9992685,13.4,4092.4,10.483,125,81,209
2026-07-28T19:23:33Z,-11.6501266,166.9992363,13.4,4103.1,10.572,125,80,209
2026-07-28T19:23:34Z,-11.6500367,166.9992149,13.4,4113.8,10.651,125,80,210
2026-07-28T19:23:35Z,-11.6499428,166.9991612,13.4,4125.0,10.721,125,80,210
2026-07-28T19:23:36Z,-11.6498610,166.9991291,13.2,4135.2,10.801,125,81,210
2026-07-28T19:23:37Z,-11.6497739,166.9990540,13.2,4147.1,10.889,125,82,210
2026-07-28T19:23:38Z,-11.6497122,166.9990003,13.2,4156.9,10.926,125,82,210
2026-07-28T19:23:39Z,-11.6496558,166.9989252,13.2,4167.9,10.966,125,83,210
2026-07-28T19:23:40Z,-11.6496143,166.9988286,13.2,4178.8,11.005,125,83,209
2026-07-28T19:23:41Z,-11.6495848,166.9987214,13.2,4190.4,11.026,125,83,209
2026-07-28T19:23:42Z,-11.6495660,166.9986141,13.2,4201.6,11.020,125,83,210
2026-07-28T19:23:43Z,-11.6495539,166.9985282,13.2,4212.8,11.021,126,84,210
2026-07-28T19:23:44Z,-11.6495472,166.9984210,13.0,4223.7,11.011,126,86,210
2026-07-28T19:23:45Z,-11.6495445,166.9983244,13.0,4234.7,10.980,126,86,209
2026-07-28T19:23:46Z,-11.6495432,166.9982171,13.0,4245.8,10.965,126,86,209
2026-07-28T19:23:47Z,-11.6495445,166.9981313,13.0,4256.1,10.919,126,86,210
2026-07-28T19:23:48Z,-11.6495472,166.9980240,13.0,4267.0,10.869,126,87,210
2026-07-28T19:23:49Z,-11.6495512,166.9979274,13.0,4277.5,10.825,126,89,210
2026-07-28T19:23:50Z,-11.6495553,166.9978201,13.2,4288.6,10.757,126,89,210
2026-07-28T19:23:51Z,-11.6495606,166.9977343,13.2,4300.1,10.706,126,90,210
2026-07-28T19:23:52Z,-11.6495673,166.9976377,13.2,4309.9,10.720,126,91,210
2026-07-28T19:23:53Z,-11.6495727,166.9975305,13.2,4320.7,10.735,126,93,210
2026-07-28T19:23:54Z,-11.6495794,166.9974232,13.2,4332.7,10.754,126,94,210
2026-07-28T19:23:55Z,-11.6495807,166.9973373,13.2,4342.3,10.772,126,96,211
2026-07-28T19:23:56Z,-11.6495834,166.9972408,13.2,4353.1,10.801,127,100,221
2026-07-28T19:23:57Z,-11.6495848,166.9971335,13.2,4363.6,10.835,127,100,225
2026-07-28T19:23:58Z,-11.6495861,166.9970262,13.2,4375.3,10.864,127,104,224
2026-07-28T19:23:59Z,-11.6495834,166.9969404,13.2,4386.1,10.853,127,105,225
2026-07-28T19:24:00Z,-11.6495781,166.9968438,13.2,4396.4,10.819,128,107,224
2026-07-28T19:24:01Z,-11.6495714,166.9967365,13.2,4407.2,10.796,128,108,225
2026-07-28T19:24:02Z,-11.6495633,166.9966507,13.2,4418.5,10.789,129,108,225
2026-07-28T19:24:03Z,-11.6495526,166.9965434,13.2,4429.7,10.798,129,108,224
2026-07-28T19:24:04Z,-11.6495432,166.9964468,13.2,4439.6,10.843,130,107,224
2026-07-28T19:24:05Z,-11.6495311,166.9963396,13.2,4451.0,10.929,130,107,224
2026-07-28T19:24:06Z,-11.6495191,166.9962537,13.2,4461.7,10.949,131,107,225
2026-07-28T19:24:07Z,-11.6495097,166.9961464,13.2,4472.6,10.943,131,106,225
2026-07-28T19:24:08Z,-11.6494949,166.9960499,13.2,4483.7,10.919,132,106,224
2026-07-28T19:24:09Z,-11.6494775,166.9959426,13.2,4494.6,10.903,131,107,224
2026-07-28T19:24:10Z,-11.6494600,166.9958568,13.2,4505.5,10.895,132,105,224
2026-07-28T19:24:11Z,-11.6494426,166.9957495,13.2,4517.0,10.896,132,105,224
2026-07-28T19:24:12Z,-11.6494292,166.9956529,13.2,4526.8,10.909,132,104,224
2026-07-28T19:24:13Z,-11.6494118,166.9955456,13.2,4538.4,10.965,132,104,225
2026-07-28T19:24:14Z,-11.6493997,166.9954598,13.2,4548.7,10.999,132,103,225
2026-07-28T19:24:15Z,-11.6493849,166.9953525,13.2,4560.3,11.036,133,103,225
2026-07-28T19:24:16Z,-11.6493635,166.9952559,13.2,4571.3,11.064,133,103,224
2026-07-28T19:24:17Z,-11.6493461,166.9951487,13.2,4582.4,11.095,132,103,224
2026-07-28T19:24:18Z,-11.6493340,166.9950628,13.2,4592.8,11.122,133,103,225
2026-07-28T19:24:19Z,-11.6493179,166.9949555,13.2,4605.2,11.142,133,103,225
2026-07-28T19:24:20Z,-11.6493018,166.9948590,13.2,4615.6,11.152,133,103,224
2026-07-28T19:24:21Z,-11.6492844,166.9947517,13.2,4626.4,11.172,133,103,224
2026-07-28T19:24:22Z,-11.6492683,166.9946659,13.2,4637.6,11.171,134,102,224
2026-07-28T19:24:23Z,-11.6492508,166.9945586,13.2,4648.7,11.142,134,102,223
2026-07-28T19:24:24Z,-11.6492307,166.9944513,13.2,4660.8,11.120,134,99,223
2026-07-28T19:24:25Z,-11.6492133,166.9943547,13.2,4671.5,11.120,134,96,223
2026-07-28T19:24:26Z,-11.6491985,166.9942474,13.2,4682.0,11.122,134,96,145
2026-07-28T19:24:27Z,-11.6491851,166.9941401,13.2,4694.3,11.070,134,96,164
2026-07-28T19:24:28Z,-11.6491784,166.9940543,13.2,4704.8,11.039,134,87,164
2026-07-28T19:24:29Z,-11.6491690,166.9939470,13.2,4716.4,10.966,134,85,164
2026-07-28T19:24:30Z,-11.6491610,166.9938505,13.2,4726.8,10.890,133,84,165
2026-07-28T19:24:31Z,-11.6491529,166.9937646,13.2,4737.1,10.820,133,83,164
2026-07-28T19:24:32Z,-11.6491449,166.9936574,13.2,4747.9,10.751,133,83,164
2026-07-28T19:24:33Z,-11.6491382,166.9935608,13.0,4758.6,10.686,132,83,165
2026-07-28T19:24:34Z,-11.6491503,166.9934535,13.0,4769.8,10.621,132,83,165
2026-07-28T19:24:35Z,-11.6491811,166.9933677,13.0,4780.4,10.557,131,83,164
2026-07-28T19:24:36Z,-11.6492227,166.9932926,13.0,4790.5,10.487,132,82,164
2026-07-28T19:24:37Z,-11.6492736,166.9931960,13.2,4801.9,10.402,131,82,164
2026-07-28T19:24:38Z,-11.6493206,166.9931209,13.2,4811.2,10.331,131,82,165
2026-07-28T19:24:39Z,-11.6493823,166.9930458,13.2,4822.5,10.243,130,82,165
2026-07-28T19:24:40Z,-11.6494372,166.9929814,13.2,4831.7,10.173,130,82,165
2026-07-28T19:24:41Z,-11.6495016,166.9929063,13.2,4842.1,10.093,129,82,165
2026-07-28T19:24:42Z,-11.6495647,166.9928527,13.2,4852.0,10.020,130,82,164
2026-07-28T19:24:43Z,-11.6496304,166.9927669,13.2,4862.3,9.947,130,81,164
2026-07-28T19:24:44Z,-11.6496961,166.9927132,13.4,4872.5,9.880,131,80,164
2026-07-28T19:24:45Z,-11.6497578,166.9926488,13.4,4882.0,9.822,130,80,164
2026-07-28T19:24:46Z,-11.6498181,166.9925845,13.4,4891.5,9.769,129,79,164
2026-07-28T19:24:47Z,-11.6498905,166.9925308,13.4,4902.6,9.716,129,78,164
2026-07-28T19:24:48Z,-11.6499509,166.9924664,13.4,4911.8,9.681,129,78,165
2026-07-28T19:24:49Z,-11.6500099,166.9924021,13.4,4921.3,9.652,128,78,165
2026-07-28T19:24:50Z,-11.6500716,166.9923270,13.4,4931.2,9.632,128,78,165
2026-07-28T19:24:51Z,-11.6501199,166.9922626,13.4,4940.1,9.630,127,79,165
2026-07-28T19:24:52Z,-11.6501682,166.9921875,13.6,4950.2,9.692,125,79,164
2026-07-28T19:24:53Z,-11.6501990,166.9921124,13.6,4959.4,9.779,124,79,165
2026-07-28T19:24:54Z,-11.6502191,166.9920266,13.6,4969.1,9.856,124,79,164
2026-07-28T19:24:55Z,-11.6502272,166.9919300,13.4,4978.9,9.884,123,80,164
2026-07-28T19:24:56Z,-11.6502392,166.9918442,13.4,4989.3,9.916,123,80,165
2026-07-28T19:24:57Z,-11.6502808,166.9917691,13.4,4999.0,9.933,123,80,164
2026-07-28T19:24:58Z,-11.6503519,166.9917154,13.4,5008.9,9.937,123,80,165
2026-07-28T19:24:59Z,-11.6504391,166.9916832,13.4,5018.9,9.935,123,80,164
2026-07-28T19:25:00Z,-11.6505302,166.9916725,13.2,5029.0,10.131,123,80,165
2026-07-28T19:25:01Z,-11.6506201,166.9916725,13.2,5039.0,10.154,124,80,165
2026-07-28T19:25:02Z,-11.6507153,166.9916725,13.2,5049.5,10.121,124,80,165
2026-07-28T19:25:03Z,-11.6508038,166.9916725,13.2,5059.3,10.138,123,80,164
2026-07-28T19:25:04Z,-11.6508950,166.9916725,13.2,5069.4,10.170,123,80,165
2026-07-28T19:25:05Z,-11.6509916,166.9916618,13.2,5080.1,10.186,122,80,164
2026-07-28T19:25:06Z,-11.6510788,166.9916403,13.2,5090.1,10.205,122,80,165
2026-07-28T19:25:07Z,-11.6511619,166.9915974,13.2,5100.1,10.213,121,81,165
2026-07-28T19:25:08Z,-11.6512464,166.9915652,13.2,5110.5,10.206,121,81,164
2026-07-28T19:25:09Z,-11.6513295,166.9915223,13.2,5120.5,10.189,120,81,165
2026-07-28T19:25:10Z,-11.6514154,166.9914901,13.2,5130.6,10.160,121,81,165
2026-07-28T19:25:11Z,-11.6515052,166.9914794,13.2,5140.8,10.134,120,81,165
2026-07-28T19:25:12Z,-11.6515978,166.9914794,13.2,5151.0,10.116,120,81,165
2026-07-28T19:25:13Z,-11.6516890,166.9914794,13.2,5161.1,10.084,121,81,164
2026-07-28T19:25:14Z,-11.6517761,166.9914901,13.2,5171.0,10.019,120,82,164
2026-07-28T19:25:15Z,-11.6518673,166.9915223,13.2,5181.3,9.947,120,82,165
2026-07-28T19:25:16Z,-11.6519532,166.9915545,13.2,5191.2,9.893,120,82,165
2026-07-28T19:25:17Z,-11.6520377,166.9915760,13.2,5201.1,9.839,121,82,164
2026-07-28T19:25:18Z,-11.6521195,166.9915974,13.2,5210.7,9.817,123,82,165
2026-07-28T19:25:19Z,-11.6522013,166.9916403,13.2,5220.4,9.786,123,82,165
2026-07-28T19:25:20Z,-11.6522844,166.9916725,13.2,5230.2,9.777,122,82,164
2026-07-28T19:25:21Z,-11.6523702,166.9917047,13.2,5240.3,9.762,118,82,164
2026-07-28T19:25:22Z,-11.6524480,166.9917369,13.2,5249.7,9.759,117,82,164
2026-07-28T19:25:23Z,-11.6525298,166.9917691,13.2,5259.5,9.736,117,83,165
2026-07-28T19:25:24Z,-11.6526130,166.9918120,13.2,5269.4,9.728,116,83,165
2026-07-28T19:25:25Z,-11.6526935,166.9918442,13.2,5279.1,9.724,116,83,165
2026-07-28T19:25:26Z,-11.6527726,166.9918764,13.2,5288.5,9.723,116,84,165
2026-07-28T19:25:27Z,-11.6528571,166.9918978,13.2,5298.5,9.739,116,84,165
2026-07-28T19:25:28Z,-11.6529375,166.9919300,13.2,5308.0,9.761,116,84,164
2026-07-28T19:25:29Z,-11.6530220,166.9919622,13.2,5318.1,9.760,116,84,164
2026-07-28T19:25:30Z,-11.6531025,166.9919944,13.2,5327.6,9.759,116,84,165
2026-07-28T19:25:31Z,-11.6531856,166.9920266,13.2,5337.3,9.749,117,84,164
2026-07-28T19:25:32Z,-11.6532688,166.9920588,13.2,5347.1,9.733,117,83,165
2026-07-28T19:25:33Z,-11.6533533,166.9920802,13.2,5357.0,9.715,117,83,165
2026-07-28T19:25:34Z,-11.6534364,166.9921124,13.2,5366.8,9.691,117,83,165
2026-07-28T19:25:35Z,-11.6535182,166.9921446,13.2,5376.4,9.676,116,83,165
2026-07-28T19:25:36Z,-11.6536014,166.9921768,13.2,5386.2,9.634,116,84,165
2026-07-28T19:25:37Z,-11.6536845,166.9922090,13.2,5395.9,9.631,116,86,165
2026-07-28T19:25:38Z,-11.6537690,166.9922411,13.2,5405.7,9.597,115,86,164
2026-07-28T19:25:39Z,-11.6538481,166.9922519,13.2,5414.7,9.588,115,86,165
2026-07-28T19:25:40Z,-11.6539380,166.9922626,13.2,5424.8,9.560,115,86,164
2026-07-28T19:25:41Z,-11.6540225,166.9922626,13.2,5434.2,9.552,115,86,164
2026-07-28T19:25:42Z,-11.6541030,166.9922411,13.2,5443.5,9.549,115,86,165
2026-07-28T19:25:43Z,-11.6541807,166.9921875,13.2,5453.0,9.555,115,87,165
2026-07-28T19:25:44Z,-11.6542558,166.9921446,13.2,5463.0,9.557,116,87,165
2026-07-28T19:25:45Z,-11.6543202,166.9920802,13.2,5472.4,9.538,116,88,165
2026-07-28T19:25:46Z,-11.6543712,166.9920266,13.2,5481.5,9.543,117,89,166
2026-07-28T19:25:47Z,-11.6544154,166.9919515,13.2,5491.6,9.527,119,92,165
2026-07-28T19:25:48Z,-11.6544503,166.9918764,13.2,5501.2,9.532,119,93,164
2026-07-28T19:25:49Z,-11.6544771,166.9917798,13.2,5510.4,9.530,119,93,165
2026-07-28T19:25:50Z,-11.6545013,166.9917047,13.2,5519.8,9.525,120,93,164
2026-07-28T19:25:51Z,-11.6545227,166.9916296,13.2,5529.2,9.521,120,93,165
2026-07-28T19:25:52Z,-11.6545402,166.9915330,13.2,5538.9,9.528,120,93,164
2026-07-28T19:25:53Z,-11.6545576,166.9914472,13.2,5548.6,9.507,120,93,165
2026-07-28T19:25:54Z,-11.6545723,166.9913507,13.2,5558.2,9.502,120,93,165
2026-07-28T19:25:55Z,-11.6545871,166.9912755,13.2,5567.5,9.491,120,93,175
2026-07-28T19:25:56Z,-11.6546005,166.9911897,13.2,5577.0,9.487,120,93,226
2026-07-28T19:25:57Z,-11.6546126,166.9911039,13.2,5586.5,9.527,119,95,251
2026-07-28T19:25:58Z,-11.6546260,166.9910181,13.2,5596.3,9.590,119,100,252
2026-07-28T19:25:59Z,-11.6546381,166.9909215,13.2,5605.9,9.658,119,106,251
2026-07-28T19:26:00Z,-11.6546501,166.9908464,13.2,5615.4,9.721,118,109,250
2026-07-28T19:26:01Z,-11.6546622,166.9907606,13.2,5625.3,9.780,119,110,249
2026-07-28T19:26:02Z,-11.6546743,166.9906640,13.2,5635.0,9.832,119,110,249
2026-07-28T19:26:03Z,-11.6546850,166.9905782,13.2,5644.9,9.872,119,108,248
2026-07-28T19:26:04Z,-11.6546944,166.9904816,13.2,5654.9,9.910,119,107,250
2026-07-28T19:26:05Z,-11.6547038,166.9903958,13.2,5664.5,9.944,120,107,249
2026-07-28T19:26:06Z,-11.6547132,166.9902992,13.2,5674.3,9.977,120,104,249
2026-07-28T19:26:07Z,-11.6547212,166.9902027,13.2,5684.5,10.008,121,103,249
2026-07-28T19:26:08Z,-11.6547279,166.9901276,13.2,5694.3,10.036,122,102,249
2026-07-28T19:26:09Z,-11.6547360,166.9900203,13.2,5704.5,10.063,122,101,250
2026-07-28T19:26:10Z,-11.6547440,166.9899344,13.2,5714.9,10.090,124,100,249
2026-07-28T19:26:11Z,-11.6547520,166.9898379,13.2,5724.7,10.112,125,100,250
2026-07-28T19:26:12Z,-11.6547601,166.9897521,13.2,5735.0,10.135,126,99,249
2026-07-28T19:26:13Z,-11.6547668,166.9896555,13.2,5744.9,10.155,126,98,250
2026-07-28T19:26:14Z,-11.6547735,166.9895697,13.2,5755.3,10.175,127,101,250
2026-07-28T19:26:15Z,-11.6547802,166.9894731,13.2,5765.4,10.193,128,101,250
2026-07-28T19:26:16Z,-11.6547869,166.9893873,13.2,5775.6,10.210,128,101,250
2026-07-28T19:26:17Z,-11.6547909,166.9892907,13.2,5785.9,10.226,129,101,249
2026-07-28T19:26:18Z,-11.6547963,166.9892049,13.2,5796.2,10.240,129,100,249
2026-07-28T19:26:19Z,-11.6548003,166.9891083,13.2,5806.3,10.253,129,97,249
2026-07-28T19:26:20Z,-11.6548030,166.9890010,13.2,5816.6,10.265,130,97,249
2026-07-28T19:26:21Z,-11.6548057,166.9889152,13.2,5826.9,10.276,130,97,248
2026-07-28T19:26:22Z,-11.6548070,166.9888186,13.2,5837.3,10.286,130,95,248
2026-07-28T19:26:23Z,-11.6548070,166.9887328,13.2,5847.5,10.294,130,93,247
2026-07-28T19:26:24Z,-11.6548057,166.9886363,13.2,5857.8,10.301,130,89,247
2026-07-28T19:26:25Z,-11.6548017,166.9885290,13.2,5868.2,10.306,130,86,235
2026-07-28T19:26:26Z,-11.6547963,166.9884431,13.2,5878.2,10.291,130,82,189
2026-07-28T19:26:27Z,-11.6547856,166.9883466,13.2,5888.4,10.234,130,80,165
2026-07-28T19:26:28Z,-11.6547668,166.9882500,13.2,5898.8,10.157,130,79,165
2026-07-28T19:26:29Z,-11.6547400,166.9881642,13.2,5908.9,10.086,129,80,165
2026-07-28T19:26:30Z,-11.6547038,166.9880891,13.2,5919.0,10.019,129,81,165
2026-07-28T19:26:31Z,-11.6546541,166.9880140,13.2,5929.0,9.956,129,81,165
2026-07-28T19:26:32Z,-11.6545951,166.9879389,13.2,5938.9,9.896,128,80,164
2026-07-28T19:26:33Z,-11.6545294,166.9878852,13.2,5948.6,9.840,128,79,165
2026-07-28T19:26:34Z,-11.6544557,166.9878316,13.2,5958.6,9.786,127,79,164
2026-07-28T19:26:35Z,-11.6543819,166.9877779,13.2,5968.3,9.736,127,79,165
2026-07-28T19:26:36Z,-11.6543081,166.9877350,13.2,5978.1,9.689,127,79,164
2026-07-28T19:26:37Z,-11.6542411,166.9876707,13.2,5987.8,9.644,126,79,164
2026-07-28T19:26:38Z,-11.6541834,166.9876170,13.2,5997.2,9.603,126,78,164
2026-07-28T19:26:39Z,-11.6541365,166.9875419,13.2,6007.0,9.562,126,78,164
2026-07-28T19:26:40Z,-11.6541070,166.9874561,13.2,6016.3,9.526,125,78,165
2026-07-28T19:26:41Z,-11.6540869,166.9873703,13.2,6025.8,9.491,125,79,164
2026-07-28T19:26:42Z,-11.6540761,166.9872737,13.2,6035.6,9.456,125,79,159
2026-07-28T19:26:43Z,-11.6540694,166.9871986,13.2,6044.7,9.420,125,79,160
2026-07-28T19:26:44Z,-11.6540667,166.9871128,13.2,6054.3,9.387,124,80,160
2026-07-28T19:26:45Z,-11.6540654,166.9870377,13.2,6063.7,9.363,124,80,160
2026-07-28T19:26:46Z,-11.6540667,166.9869411,13.2,6073.0,9.347,124,80,160
2026-07-28T19:26:47Z,-11.6540694,166.9868553,13.2,6082.2,9.338,124,80,160
2026-07-28T19:26:48Z,-11.6540734,166.9867694,13.2,6091.6,9.338,123,81,160
2026-07-28T19:26:49Z,-11.6540802,166.9866836,13.2,6101.1,9.361,123,81,159
2026-07-28T19:26:50Z,-11.6540869,166.9865870,13.2,6110.6,9.497,123,81,160
2026-07-28T19:26:51Z,-11.6540936,166.9865119,13.2,6120.0,9.548,123,81,159
2026-07-28T19:26:52Z,-11.6541030,166.9864261,13.2,6129.5,9.574,123,82,160
2026-07-28T19:26:53Z,-11.6541150,166.9863296,13.2,6139.0,9.601,123,82,160
2026-07-28T19:26:54Z,-11.6541271,166.9862545,13.2,6148.8,9.624,122,83,159
2026-07-28T19:26:55Z,-11.6541405,166.9861686,13.2,6158.5,9.646,122,83,160
2026-07-28T19:26:56Z,-11.6541566,166.9860721,13.2,6168.0,9.660,122,83,164
2026-07-28T19:26:57Z,-11.6541740,166.9859970,13.2,6177.5,9.669,122,83,165
2026-07-28T19:26:58Z,-11.6541941,166.9859004,13.2,6187.5,9.672,122,83,165
2026-07-28T19:26:59Z,-11.6542143,166.9858146,13.2,6196.9,9.669,121,83,165
2026-07-28T19:27:00Z,-11.6542357,166.9857395,13.2,6206.9,9.663,121,83,164
2026-07-28T19:27:01Z,-11.6542599,166.9856429,13.2,6216.3,9.650,121,83,164
2026-07-28T19:27:02Z,-11.6542867,166.9855678,13.2,6226.0,9.632,120,83,164
2026-07-28T19:27:03Z,-11.6543189,166.9854820,13.2,6235.6,9.609,120,83,164
2026-07-28T19:27:04Z,-11.6543578,166.9853961,13.2,6245.3,9.582,120,83,165
2026-07-28T19:27:05Z,-11.6544047,166.9853210,13.2,6254.7,9.553,121,84,164
2026-07-28T19:27:06Z,-11.6544597,166.9852674,13.2,6264.2,9.521,121,84,165
2026-07-28T19:27:07Z,-11.6545227,166.9852030,13.2,6273.7,9.486,121,84,164
2026-07-28T19:27:08Z,-11.6545911,166.9851601,13.2,6283.2,9.449,120,85,164
2026-07-28T19:27:09Z,-11.6546649,166.9851065,13.2,6292.6,9.433,120,85,165
2026-07-28T19:27:10Z,-11.6547413,166.9850636,13.2,6302.0,9.438,119,85,164
2026-07-28T19:27:11Z,-11.6548204,166.9850314,13.2,6311.5,9.445,119,84,165
2026-07-28T19:27:12Z,-11.6549009,166.9850099,13.2,6320.9,9.440,119,85,165
2026-07-28T19:27:13Z,-11.6549854,166.9849885,13.2,6330.4,9.427,119,85,165
2026-07-28T19:27:14Z,-11.6550699,166.9849885,13.2,6339.8,9.406,119,85,164
2026-07-28T19:27:15Z,-11.6551544,166.9849885,13.2,6349.2,9.378,118,85,164
2026-07-28T19:27:16Z,-11.6552375,166.9850099,13.2,6358.5,9.348,118,85,165
2026-07-28T19:27:17Z,-11.6553220,166.9850206,13.2,6368.0,9.319,117,87,165
2026-07-28T19:27:18Z,-11.6554038,166.9850528,13.2,6377.3,9.288,118,88,165
2026-07-28T19:27:19Z,-11.6554870,166.9850636,13.2,6386.8,9.251,118,89,164
2026-07-28T19:27:20Z,-11.6555688,166.9850636,13.2,6395.7,9.206,117,89,164
2026-07-28T19:27:21Z,-11.6556519,166.9850528,13.4,6405.0,9.140,118,88,165
2026-07-28T19:27:22Z,-11.6557257,166.9850206,13.4,6414.0,9.042,118,88,165
2026-07-28T19:27:23Z,-11.6557968,166.9849777,13.6,6423.0,8.922,119,87,165
2026-07-28T19:27:24Z,-11.6558625,166.9849241,13.6,6432.0,8.808,119,87,164
2026-07-28T19:27:25Z,-11.6559228,166.9848812,13.8,6440.5,8.724,119,88,165
2026-07-28T19:27:26Z,-11.6559939,166.9848382,13.8,6449.4,8.676,119,88,165
2026-07-28T19:27:27Z,-11.6560663,166.9848061,13.8,6458.0,8.673,119,88,165
2026-07-28T19:27:28Z,-11.6561428,166.9847953,13.8,6466.7,8.713,119,88,165
2026-07-28T19:27:29Z,-11.6562192,166.9847739,13.6,6475.4,8.784,119,88,164
2026-07-28T19:27:30Z,-11.6563010,166.9847739,13.6,6484.4,8.873,118,88,165
2026-07-28T19:27:31Z,-11.6563815,166.9847631,13.6,6493.3,8.966,118,88,165
2026-07-28T19:27:32Z,-11.6564606,166.9847631,13.4,6502.1,9.060,118,88,165
2026-07-28T19:27:33Z,-11.6565438,166.9847417,13.4,6511.3,9.176,118,88,165
2026-07-28T19:27:34Z,-11.6566256,166.9847417,13.2,6520.5,9.324,118,88,165
2026-07-28T19:27:35Z,-11.6567101,166.9847310,13.2,6529.9,9.445,117,89,165
2026-07-28T19:27:36Z,-11.6567932,166.9846988,13.2,6539.6,9.490,117,89,164
2026-07-28T19:27:37Z,-11.6568696,166.9846666,13.2,6548.8,9.476,118,90,165
2026-07-28T19:27:38Z,-11.6569461,166.9846237,13.2,6558.4,9.430,118,90,164
2026-07-28T19:27:39Z,-11.6570185,166.9845808,13.4,6567.7,9.361,118,90,165
2026-07-28T19:27:40Z,-11.6570882,166.9845271,13.4,6577.2,9.274,118,91,165
2026-07-28T19:27:41Z,-11.6571566,166.9844842,13.4,6586.4,9.179,118,91,165
2026-07-28T19:27:42Z,-11.6572210,166.9844413,13.6,6595.3,9.085,119,91,165
2026-07-28T19:27:43Z,-11.6572881,166.9843769,13.6,6604.7,8.993,119,91,164
2026-07-28T19:27:44Z,-11.6573484,166.9843340,13.8,6613.4,8.888,118,91,165
2026-07-28T19:27:45Z,-11.6574034,166.9842696,13.8,6622.3,8.737,118,92,164
2026-07-28T19:27:46Z,-11.6574463,166.9842160,14.0,6630.9,8.589,119,92,164
2026-07-28T19:27:47Z,-11.6574839,166.9841301,14.2,6639.3,8.471,119,92,165
2026-07-28T19:27:48Z,-11.6575067,166.9840550,14.4,6647.9,8.395,119,92,165
2026-07-28T19:27:49Z,-11.6575214,166.9840014,14.4,6656.1,8.340,119,92,164
2026-07-28T19:27:50Z,-11.6575335,166.9839048,14.6,6664.7,8.289,118,92,165
2026-07-28T19:27:51Z,-11.6575442,166.9838405,14.6,6672.8,8.213,118,92,165
2026-07-28T19:27:52Z,-11.6575550,166.9837654,14.8,6681.0,8.134,118,91,164
2026-07-28T19:27:53Z,-11.6575657,166.9836903,14.8,6689.1,8.060,119,91,164
2026-07-28T19:27:54Z,-11.6575791,166.9836152,15.0,6697.3,7.996,119,91,165
2026-07-28T19:27:55Z,-11.6575965,166.9835508,15.0,6705.3,7.951,119,91,191
2026-07-28T19:27:56Z,-11.6576207,166.9834757,15.2,6712.9,7.962,119,92,268
2026-07-28T19:27:57Z,-11.6576582,166.9834220,15.2,6721.0,8.088,119,95,279
2026-07-28T19:27:58Z,-11.6577052,166.9833577,15.2,6729.0,8.253,119,102,277
2026-07-28T19:27:59Z,-11.6577561,166.9833148,15.2,6737.5,8.445,120,108,275
2026-07-28T19:28:00Z,-11.6578071,166.9832504,15.2,6746.0,8.646,121,110,274
2026-07-28T19:28:01Z,-11.6578688,166.9831860,15.2,6755.0,8.843,121,110,275
2026-07-28T19:28:02Z,-11.6579358,166.9831538,15.2,6763.8,9.050,121,111,274
2026-07-28T19:28:03Z,-11.6580136,166.9831324,15.2,6772.9,9.234,122,110,274
2026-07-28T19:28:04Z,-11.6580994,166.9831324,15.2,6782.4,9.416,122,111,274
2026-07-28T19:28:05Z,-11.6581799,166.9831538,15.2,6792.0,9.620,123,111,275
2026-07-28T19:28:06Z,-11.6582523,166.9832075,15.0,6801.6,9.811,124,111,275
2026-07-28T19:28:07Z,-11.6583127,166.9832611,15.0,6811.3,9.988,125,111,274
2026-07-28T19:28:08Z,-11.6583663,166.9833362,15.0,6821.6,10.137,126,111,275
2026-07-28T19:28:09Z,-11.6584119,166.9834328,14.8,6831.8,10.254,127,110,275
2026-07-28T19:28:10Z,-11.6584535,166.9835079,14.8,6841.9,10.358,128,110,275
2026-07-28T19:28:11Z,-11.6584937,166.9836044,14.8,6852.6,10.457,129,110,275
2026-07-28T19:28:12Z,-11.6585313,166.9836795,14.6,6862.9,10.545,130,111,274
2026-07-28T19:28:13Z,-11.6585688,166.9837654,14.6,6873.4,10.626,130,111,274
2026-07-28T19:28:14Z,-11.6586064,166.9838619,14.6,6884.3,10.703,131,111,274
2026-07-28T19:28:15Z,-11.6586426,166.9839478,14.4,6895.0,10.774,132,110,275
2026-07-28T19:28:16Z,-11.6586775,166.9840443,14.4,6905.7,10.839,132,110,274
2026-07-28T19:28:17Z,-11.6587137,166.9841301,14.4,6916.5,10.911,133,110,275
2026-07-28T19:28:18Z,-11.6587499,166.9842267,14.2,6927.5,11.005,133,110,275
2026-07-28T19:28:19Z,-11.6587847,166.9843233,14.2,6938.4,11.105,133,110,274
2026-07-28T19:28:20Z,-11.6588210,166.9844198,14.2,6949.4,11.151,133,109,274
2026-07-28T19:28:21Z,-11.6588585,166.9845164,14.0,6960.7,11.189,134,108,274
2026-07-28T19:28:22Z,-11.6588961,166.9846129,14.0,6971.8,11.223,134,106,274
2026-07-28T19:28:23Z,-11.6589363,166.9846988,14.0,6983.0,11.254,134,104,273
2026-07-28T19:28:24Z,-11.6589765,166.9848061,13.8,6994.4,11.282,135,101,272
2026-07-28T19:28:25Z,-11.6590194,166.9849026,13.8,7005.8,11.302,135,96,245
2026-07-28T19:28:26Z,-11.6590637,166.9849885,13.6,7017.5,11.284,135,92,179
2026-07-28T19:28:27Z,-11.6591080,166.9850850,13.6,7028.5,11.214,136,89,164
2026-07-28T19:28:28Z,-11.6591576,166.9851708,13.6,7039.6,11.133,136,88,164
2026-07-28T19:28:29Z,-11.6592099,166.9852459,13.6,7050.5,11.055,136,87,164
2026-07-28T19:28:30Z,-11.6592702,166.9853425,13.4,7061.5,10.975,136,86,164
2026-07-28T19:28:31Z,-11.6593426,166.9853961,13.4,7072.4,10.888,136,86,164
2026-07-28T19:28:32Z,-11.6594312,166.9854498,13.4,7083.7,10.773,136,85,165
2026-07-28T19:28:33Z,-11.6595210,166.9854820,13.4,7094.0,10.642,136,85,164
2026-07-28T19:28:34Z,-11.6596162,166.9854820,13.6,7104.6,10.482,136,85,164
2026-07-28T19:28:35Z,-11.6597115,166.9854605,13.6,7115.3,10.311,136,85,165
2026-07-28T19:28:36Z,-11.6597986,166.9854176,13.8,7125.7,10.144,135,85,165
2026-07-28T19:28:37Z,-11.6598804,166.9853854,13.8,7135.6,9.988,135,84,164
2026-07-28T19:28:38Z,-11.6599555,166.9853425,13.8,7145.3,9.846,135,84,165
2026-07-28T19:28:39Z,-11.6600266,166.9852781,14.0,7154.9,9.718,135,84,165
2026-07-28T19:28:40Z,-11.6600977,166.9852352,14.0,7164.8,9.602,135,84,164
2026-07-28T19:28:41Z,-11.6601674,166.9851708,14.0,7174.7,9.505,134,83,164
2026-07-28T19:28:42Z,-11.6602305,166.9851279,14.2,7183.9,9.443,133,83,164
2026-07-28T19:28:43Z,-11.6602881,166.9850528,14.0,7193.2,9.428,133,83,164
2026-07-28T19:28:44Z,-11.6603284,166.9849885,14.0,7202.5,9.466,133,83,164
2026-07-28T19:28:45Z,-11.6603498,166.9849026,14.0,7211.9,9.532,133,83,164
2026-07-28T19:28:46Z,-11.6603619,166.9848061,13.8,7221.6,9.612,132,83,164
2026-07-28T19:28:47Z,-11.6603673,166.9847095,13.6,7231.5,9.697,131,83,164
2026-07-28T19:28:48Z,-11.6603699,166.9846344,13.6,7241.1,9.779,131,83,165
2026-07-28T19:28:49Z,-11.6603740,166.9845486,13.4,7251.3,9.865,131,83,165
2026-07-28T19:28:50Z,-11.6603860,166.9844520,13.2,7260.8,9.942,131,83,165
2026-07-28T19:28:51Z,-11.6604196,166.9843662,13.2,7270.9,10.012,130,83,164
2026-07-28T19:28:52Z,-11.6604812,166.9843018,13.0,7281.1,10.054,130,82,164
2026-07-28T19:28:53Z,-11.6605644,166.9842589,13.0,7291.1,10.062,130,82,164
2026-07-28T19:28:54Z,-11.6606542,166.9842374,12.8,7301.4,10.050,130,82,164
2026-07-28T19:28:55Z,-11.6607401,166.9842374,12.8,7310.8,10.026,129,82,165
2026-07-28T19:28:56Z,-11.6608313,166.9842589,12.8,7320.9,9.994,129,82,165
2026-07-28T19:28:57Z,-11.6609225,166.9842589,12.8,7331.0,9.957,128,82,164
2026-07-28T19:28:58Z,-11.6610123,166.9842696,12.8,7341.0,9.918,127,82,165
2026-07-28T19:28:59Z,-11.6611022,166.9842696,12.8,7351.0,9.878,127,83,164
2026-07-28T19:29:00Z,-11.6611934,166.9842911,12.8,7361.1,9.839,127,83,164
2026-07-28T19:29:01Z,-11.6612792,166.9842696,12.8,7370.6,9.805,126,83,166
2026-07-28T19:29:02Z,-11.6613664,166.9842589,12.6,7380.4,9.774,126,84,165
2026-07-28T19:29:03Z,-11.6614549,166.9842374,12.6,7390.4,9.734,126,85,165
2026-07-28T19:29:04Z,-11.6615407,166.9842160,12.6,7400.2,9.687,127,86,165
2026-07-28T19:29:05Z,-11.6616198,166.9841838,12.6,7409.8,9.638,127,86,164
2026-07-28T19:29:06Z,-11.6616896,166.9841301,12.8,7419.0,9.589,128,86,164
2026-07-28T19:29:07Z,-11.6617540,166.9840872,12.8,7428.4,9.544,127,87,164
2026-07-28T19:29:08Z,-11.6618143,166.9840121,12.8,7438.5,9.504,128,87,165
2026-07-28T19:29:09Z,-11.6618639,166.9839478,12.8,7447.4,9.476,128,87,164
2026-07-28T19:29:10Z,-11.6619176,166.9838727,12.6,7457.3,9.447,127,87,164
2026-07-28T19:29:11Z,-11.6619632,166.9837976,12.6,7466.6,9.423,127,87,165
2026-07-28T19:29:12Z,-11.6620101,166.9837332,12.6,7476.2,9.401,127,87,164
2026-07-28T19:29:13Z,-11.6620503,166.9836581,12.6,7485.4,9.380,126,87,165
2026-07-28T19:29:14Z,-11.6620933,166.9835830,12.6,7495.1,9.402,126,88,164
2026-07-28T19:29:15Z,-11.6621308,166.9835079,12.6,7504.2,9.408,126,88,165
2026-07-28T19:29:16Z,-11.6621670,166.9834220,12.6,7514.0,9.569,126,88,165
2026-07-28T19:29:17Z,-11.6622005,166.9833362,12.6,7523.1,9.750,125,89,165
2026-07-28T19:29:18Z,-11.6622314,166.9832611,12.6,7533.1,9.883,125,89,164
2026-07-28T19:29:19Z,-11.6622528,166.9831753,12.6,7543.3,9.936,125,88,164
2026-07-28T19:29:20Z,-11.6622703,166.9830787,12.8,7553.1,9.953,125,88,164
2026-07-28T19:29:21Z,-11.6622837,166.9829929,12.8,7563.2,9.951,125,88,165
2026-07-28T19:29:22Z,-11.6622971,166.9828963,12.8,7573.2,9.943,124,88,164
2026-07-28T19:29:23Z,-11.6623065,166.9828105,12.6,7583.0,9.928,124,88,164
2026-07-28T19:29:24Z,-11.6623145,166.9827139,12.6,7592.8,9.905,124,89,164
2026-07-28T19:29:25Z,-11.6623199,166.9826388,12.6,7602.5,9.874,124,89,165
2026-07-28T19:29:26Z,-11.6623226,166.9825530,12.6,7612.6,9.829,123,90,164
2026-07-28T19:29:27Z,-11.6623199,166.9824564,12.6,7622.7,9.770,123,90,165
2026-07-28T19:29:28Z,-11.6623119,166.9823599,12.6,7631.9,9.705,123,90,165
2026-07-28T19:29:29Z,-11.6622998,166.9822741,12.8,7641.5,9.620,123,90,165
2026-07-28T19:29:30Z,-11.6622797,166.9821990,12.8,7651.4,9.511,123,91,164
2026-07-28T19:29:31Z,-11.6622528,166.9821024,12.8,7660.7,9.382,121,92,165
2026-07-28T19:29:32Z,-11.6622180,166.9820273,13.0,7670.1,9.223,121,92,165
2026-07-28T19:29:33Z,-11.6621791,166.9819629,13.2,7679.0,9.043,121,92,165
2026-07-28T19:29:34Z,-11.6621295,166.9818878,13.4,7688.2,8.821,121,92,165
2026-07-28T19:29:35Z,-11.6620772,166.9818342,13.6,7697.0,8.592,122,92,165
2026-07-28T19:29:36Z,-11.6620235,166.9817805,13.8,7705.2,8.365,123,92,164
2026-07-28T19:29:37Z,-11.6619658,166.9817376,14.0,7713.4,8.134,124,92,165
2026-07-28T19:29:38Z,-11.6619068,166.9816947,14.4,7721.7,7.902,124,92,165
2026-07-28T19:29:39Z,-11.6618492,166.9816518,14.6,7729.4,7.685,124,92,164
2026-07-28T19:29:40Z,-11.6617915,166.9815981,14.8,7737.0,7.475,124,92,165
2026-07-28T19:29:41Z,-11.6617365,166.9815767,15.0,7744.1,7.281,124,92,164
2026-07-28T19:29:42Z,-11.6616815,166.9815445,15.2,7751.3,7.091,124,92,164
2026-07-28T19:29:43Z,-11.6616279,166.9815123,15.4,7758.2,6.914,124,92,164
2026-07-28T19:29:44Z,-11.6615729,166.9814801,15.6,7765.3,6.741,124,92,164
2026-07-28T19:29:45Z,-11.6615219,166.9814479,15.8,7771.7,6.590,124,91,165
2026-07-28T19:29:46Z,-11.6614696,166.9814157,16.0,7778.3,6.445,124,93,164
2026-07-28T19:29:47Z,-11.6614173,166.9813836,16.2,7784.9,6.303,126,92,164
2026-07-28T19:29:48Z,-11.6613677,166.9813621,16.4,7791.0,6.181,126,92,165
2026-07-28T19:29:49Z,-11.6613194,166.9813406,16.6,7797.0,6.069,126,92,164
2026-07-28T19:29:50Z,-11.6612698,166.9813085,16.8,7803.3,5.962,126,92,164
2026-07-28T19:29:51Z,-11.6612256,166.9812763,17.0,7809.0,5.871,126,92,164
2026-07-28T19:29:52Z,-11.6611813,166.9812548,17.2,7814.8,5.788,123,91,165
2026-07-28T19:29:53Z,-11.6611344,166.9812226,17.4,7820.8,5.717,123,91,165
2026-07-28T19:29:54Z,-11.6610928,166.9812012,17.4,7826.2,5.663,122,91,165
2026-07-28T19:29:55Z,-11.6610485,166.9811797,17.6,7832.0,5.628,121,91,164
2026-07-28T19:29:56Z,-11.6610083,166.9811475,17.8,7837.6,5.597,120,91,165
2026-07-28T19:29:57Z,-11.6609667,166.9811153,18.0,7843.2,5.564,120,91,164
2026-07-28T19:29:58Z,-11.6609251,166.9810832,18.0,7848.8,5.530,120,90,164
2026-07-28T19:29:59Z,-11.6608836,166.9810510,18.2,7854.2,5.498,119,90,164
2026-07-28T19:30:00Z,-11.6608407,166.9810188,18.4,7859.8,5.465,118,90,164
2026-07-28T19:30:01Z,-11.6607977,166.9810081,18.6,7865.4,5.437,118,90,164
2026-07-28T19:30:02Z,-11.6607548,166.9809759,18.6,7870.6,5.413,118,90,165
2026-07-28T19:30:03Z,-11.6607133,166.9809651,18.8,7876.0,5.395,117,89,164
2026-07-28T19:30:04Z,-11.6606730,166.9809330,19.0,7881.3,5.380,118,89,164
2026-07-28T19:30:05Z,-11.6606288,166.9809008,19.0,7886.8,5.366,118,89,164
2026-07-28T19:30:06Z,-11.6605872,166.9808900,19.2,7892.0,5.354,118,89,165
2026-07-28T19:30:07Z,-11.6605416,166.9808578,19.4,7897.6,5.344,119,89,164
2026-07-28T19:30:08Z,-11.6605000,166.9808364,19.6,7903.0,5.336,119,89,165
2026-07-28T19:30:09Z,-11.6604571,166.9808042,19.6,7908.3,5.330,119,90,164
2026-07-28T19:30:10Z,-11.6604155,166.9807935,19.8,7913.5,5.322,120,90,165
2026-07-28T19:30:11Z,-11.6603753,166.9807613,20.0,7918.7,5.318,120,90,165
2026-07-28T19:30:12Z,-11.6603310,166.9807506,20.0,7924.3,5.314,120,90,164
2026-07-28T19:30:13Z,-11.6602921,166.9807184,20.2,7929.4,5.309,120,90,164
2026-07-28T19:30:14Z,-11.6602492,166.9806862,20.4,7934.8,5.307,120,90,165
2026-07-28T19:30:15Z,-11.6602103,166.9806755,20.4,7939.9,5.306,119,90,164
2026-07-28T19:30:16Z,-11.6601688,166.9806433,20.6,7945.4,5.305,119,89,164
2026-07-28T19:30:17Z,-11.6601285,166.9806111,20.8,7950.7,5.304,119,89,164
2026-07-28T19:30:18Z,-11.6600896,166.9805789,20.8,7955.9,5.304,119,89,165
2026-07-28T19:30:19Z,-11.6600494,166.9805682,21.0,7961.4,5.304,119,86,164
2026-07-28T19:30:20Z,-11.6600119,166.9805360,21.2,7966.5,5.304,119,87,164
2026-07-28T19:30:21Z,-11.6599743,166.9805038,21.2,7971.9,5.305,119,86,164
2026-07-28T19:30:22Z,-11.6599381,166.9804716,21.4,7977.1,5.307,119,86,164
2026-07-28T19:30:23Z,-11.6599032,166.9804287,21.6,7982.6,5.312,119,86,165
2026-07-28T19:30:24Z,-11.6598710,166.9803965,21.6,7987.9,5.319,119,86,164
2026-07-28T19:30:25Z,-11.6598402,166.9803643,21.8,7993.0,5.329,118,86,165
2026-07-28T19:30:26Z,-11.6598120,166.9803214,22.0,7998.5,5.345,119,86,164
2026-07-28T19:30:27Z,-11.6597879,166.9802785,22.0,8003.7,5.362,118,86,165
2026-07-28T19:30:28Z,-11.6597678,166.9802248,22.2,8009.2,5.385,118,86,165
2026-07-28T19:30:29Z,-11.6597503,166.9801819,22.2,8014.5,5.413,118,87,165
2026-07-28T19:30:30Z,-11.6597369,166.9801390,22.4,8020.0,5.447,118,87,164
2026-07-28T19:30:31Z,-11.6597249,166.9800961,22.6,8025.4,5.484,118,87,164
2026-07-28T19:30:32Z,-11.6597155,166.9800425,22.6,8031.1,5.528,118,87,165
2026-07-28T19:30:33Z,-11.6597088,166.9799888,22.8,8036.6,5.575,118,87,164
2026-07-28T19:30:34Z,-11.6597021,166.9799352,22.8,8042.3,5.625,118,87,164
2026-07-28T19:30:35Z,-11.6596954,166.9798923,23.0,8047.8,5.674,118,86,164
2026-07-28T19:30:36Z,-11.6596927,166.9798279,23.0,8053.6,5.725,118,86,164
2026-07-28T19:30:37Z,-11.6596887,166.9797850,23.0,8059.3,5.775,118,86,164
2026-07-28T19:30:38Z,-11.6596846,166.9797206,23.2,8065.0,5.821,118,86,164
2026-07-28T19:30:39Z,-11.6596793,166.9796777,23.2,8070.8,5.864,118,86,165
2026-07-28T19:30:40Z,-11.6596712,166.9796133,23.4,8076.7,5.903,118,86,164
2026-07-28T19:30:41Z,-11.6596565,166.9795704,23.4,8082.8,5.933,118,86,165
2026-07-28T19:30:42Z,-11.6596363,166.9795275,23.6,8088.9,5.951,117,87,165
2026-07-28T19:30:43Z,-11.6596068,166.9794846,23.8,8094.6,5.961,117,87,165
2026-07-28T19:30:44Z,-11.6595680,166.9794309,23.8,8100.7,5.989,116,88,164
2026-07-28T19:30:45Z,-11.6595237,166.9794095,23.8,8106.7,6.039,116,88,164
2026-07-28T19:30:46Z,-11.6594754,166.9793880,24.0,8112.6,6.109,117,88,165
2026-07-28T19:30:47Z,-11.6594218,166.9793558,24.0,8119.0,6.200,116,88,164
2026-07-28T19:30:48Z,-11.6593695,166.9793451,24.0,8124.9,6.288,116,88,164
2026-07-28T19:30:49Z,-11.6593131,166.9793236,24.2,8131.4,6.382,116,88,165
2026-07-28T19:30:50Z,-11.6592595,166.9793129,24.2,8137.6,6.465,117,88,165
2026-07-28T19:30:51Z,-11.6592018,166.9793022,24.2,8144.3,6.538,117,88,165
2026-07-28T19:30:52Z,-11.6591482,166.9792700,24.2,8150.7,6.592,117,88,165
2026-07-28T19:30:53Z,-11.6590945,166.9792378,24.4,8157.7,6.627,118,89,165
2026-07-28T19:30:54Z,-11.6590489,166.9792056,24.4,8164.0,6.637,117,89,164
2026-07-28T19:30:55Z,-11.6590033,166.9791627,24.6,8170.8,6.621,117,90,165
2026-07-28T19:30:56Z,-11.6589618,166.9791305,24.6,8177.2,6.598,118,91,164
2026-07-28T19:30:57Z,-11.6589162,166.9790876,24.8,8184.2,6.565,118,91,164
2026-07-28T19:30:58Z,-11.6588733,166.9790339,25.0,8190.7,6.532,119,91,164
2026-07-28T19:30:59Z,-11.6588344,166.9789910,25.0,8197.0,6.498,119,91,164
2026-07-28T19:31:00Z,-11.6587982,166.9789481,25.2,8203.4,6.465,119,90,164
2026-07-28T19:31:01Z,-11.6587579,166.9789052,25.4,8210.1,6.431,120,90,164
2026-07-28T19:31:02Z,-11.6587244,166.9788516,25.4,8216.4,6.401,120,90,164
2026-07-28T19:31:03Z,-11.6586922,166.9788086,25.6,8223.0,6.374,120,90,164
2026-07-28T19:31:04Z,-11.6586654,166.9787657,25.6,8229.2,6.353,120,90,165
2026-07-28T19:31:05Z,-11.6586399,166.9787014,25.8,8235.5,6.341,120,90,164
2026-07-28T19:31:06Z,-11.6586225,166.9786584,26.0,8241.7,6.338,120,90,164
2026-07-28T19:31:07Z,-11.6586104,166.9785941,26.0,8248.2,6.350,119,90,165
2026-07-28T19:31:08Z,-11.6586064,166.9785297,26.0,8254.6,6.379,119,89,165
2026-07-28T19:31:09Z,-11.6586064,166.9784760,26.2,8261.0,6.427,119,88,165
2026-07-28T19:31:10Z,-11.6586131,166.9784117,26.2,8267.5,6.491,119,88,164
2026-07-28T19:31:11Z,-11.6586225,166.9783688,26.2,8273.9,6.559,119,88,164
2026-07-28T19:31:12Z,-11.6586372,166.9783044,26.4,8280.8,6.639,119,87,165
2026-07-28T19:31:13Z,-11.6586520,166.9782400,26.4,8287.1,6.721,118,87,164
2026-07-28T19:31:14Z,-11.6586721,166.9781864,26.4,8294.2,6.944,118,87,165
2026-07-28T19:31:15Z,-11.6586922,166.9781220,26.4,8300.9,7.124,118,87,164
2026-07-28T19:31:16Z,-11.6587204,166.9780576,26.4,8308.3,7.273,118,86,164
2026-07-28T19:31:17Z,-11.6587485,166.9780040,26.6,8315.9,7.386,118,87,164
2026-07-28T19:31:18Z,-11.6587780,166.9779396,26.6,8323.2,7.479,118,87,165
2026-07-28T19:31:19Z,-11.6588102,166.9778752,26.6,8330.8,7.557,118,87,165
2026-07-28T19:31:20Z,-11.6588438,166.9778216,26.6,8338.2,7.620,117,88,165
2026-07-28T19:31:21Z,-11.6588800,166.9777572,26.6,8345.9,7.668,118,88,165
2026-07-28T19:31:22Z,-11.6589202,166.9776928,26.8,8353.7,7.694,118,88,164
2026-07-28T19:31:23Z,-11.6589658,166.9776499,26.8,8361.3,7.693,117,88,165
2026-07-28T19:31:24Z,-11.6590221,166.9776070,27.0,8368.9,7.674,118,89,165
2026-07-28T19:31:25Z,-11.6590852,166.9775748,27.0,8376.6,7.643,118,89,164
2026-07-28T19:31:26Z,-11.6591522,166.9775534,27.2,8384.3,7.604,118,89,164
2026-07-28T19:31:27Z,-11.6592193,166.9775426,27.2,8391.9,7.560,118,90,165
2026-07-28T19:31:28Z,-11.6592836,166.9775319,27.4,8399.2,7.499,117,91,165
2026-07-28T19:31:29Z,-11.6593426,166.9774997,27.4,8406.6,7.427,118,91,164
2026-07-28T19:31:30Z,-11.6593856,166.9774568,27.6,8414.1,7.371,119,91,83
2026-07-28T19:31:31Z,-11.6594097,166.9773924,27.6,8421.4,7.283,119,91,104
2026-07-28T19:31:32Z,-11.6594258,166.9773173,27.8,8428.7,7.261,118,88,165
2026-07-28T19:31:33Z,-11.6594365,166.9772530,27.8,8436.0,7.327,119,89,165
2026-07-28T19:31:34Z,-11.6594419,166.9771886,27.8,8443.3,7.394,119,90,164
2026-07-28T19:31:35Z,-11.6594446,166.9771135,27.8,8450.7,7.448,119,90,165
2026-07-28T19:31:36Z,-11.6594446,166.9770598,27.8,8458.2,7.489,119,90,164
2026-07-28T19:31:37Z,-11.6594432,166.9769740,27.8,8466.0,7.537,119,90,164
2026-07-28T19:31:38Z,-11.6594473,166.9769204,28.0,8473.3,7.585,119,90,165
2026-07-28T19:31:39Z,-11.6594687,166.9768453,28.0,8481.1,7.644,119,90,164
2026-07-28T19:31:40Z,-11.6595036,166.9767916,28.0,8488.5,7.703,119,90,165
2026-07-28T19:31:41Z,-11.6595505,166.9767380,28.0,8496.4,7.772,119,89,164
2026-07-28T19:31:42Z,-11.6596001,166.9766843,28.0,8504.3,7.839,119,90,164
2026-07-28T19:31:43Z,-11.6596484,166.9766307,28.0,8512.2,7.904,119,90,165
2026-07-28T19:31:44Z,-11.6596873,166.9765663,28.0,8519.9,7.958,119,90,164
2026-07-28T19:31:45Z,-11.6597235,166.9765019,28.0,8527.9,7.981,118,90,165
2026-07-28T19:31:46Z,-11.6597503,166.9764483,28.0,8536.0,8.006,118,90,164
2026-07-28T19:31:47Z,-11.6597611,166.9763732,28.0,8543.9,8.094,118,90,165
2026-07-28T19:31:48Z,-11.6597450,166.9762874,27.8,8552.3,8.366,118,90,164
2026-07-28T19:31:49Z,-11.6597088,166.9762337,27.4,8560.7,8.697,117,90,164
2026-07-28T19:31:50Z,-11.6596699,166.9761586,27.2,8569.5,9.011,117,90,164
2026-07-28T19:31:51Z,-11.6596471,166.9760835,27.0,8579.0,9.280,118,90,165
2026-07-28T19:31:52Z,-11.6596363,166.9759870,26.6,8588.1,9.503,118,90,164
2026-07-28T19:31:53Z,-11.6596243,166.9758904,26.4,8598.0,9.746,118,91,164
2026-07-28T19:31:54Z,-11.6595881,166.9758153,26.0,8607.9,10.042,117,91,165
2026-07-28T19:31:55Z,-11.6595170,166.9757724,25.6,8617.7,10.377,118,90,165
2026-07-28T19:31:56Z,-11.6594245,166.9757402,25.2,8628.3,10.635,117,90,164
2026-07-28T19:31:57Z,-11.6593266,166.9757295,24.8,8639.2,10.841,118,90,164
2026-07-28T19:31:58Z,-11.6592273,166.9757295,24.6,8650.3,11.028,118,90,165
2026-07-28T19:31:59Z,-11.6591294,166.9757080,24.2,8661.1,11.199,118,90,165
2026-07-28T19:32:00Z,-11.6590355,166.9756651,23.8,8672.5,11.378,118,90,164
2026-07-28T19:32:01Z,-11.6589765,166.9755900,23.4,8683.9,11.534,118,90,165
2026-07-28T19:32:02Z,-11.6589631,166.9754827,23.2,8695.5,11.612,119,90,164
2026-07-28T19:32:03Z,-11.6589926,166.9753754,22.8,8707.3,11.700,119,90,165
2026-07-28T19:32:04Z,-11.6590691,166.9753003,22.6,8718.8,11.801,119,90,164
2026-07-28T19:32:05Z,-11.6591750,166.9753003,22.2,8730.9,11.890,120,90,164
2026-07-28T19:32:06Z,-11.6592756,166.9753325,22.0,8742.8,11.982,121,90,164
2026-07-28T19:32:07Z,-11.6593748,166.9753754,21.6,8754.7,12.074,121,90,165
2026-07-28T19:32:08Z,-11.6594848,166.9753647,21.4,8766.8,12.092,121,90,164
2026-07-28T19:32:09Z,-11.6595894,166.9753325,21.2,8778.8,12.070,121,90,164
2026-07-28T19:32:10Z,-11.6596793,166.9752681,20.8,8790.9,12.093,122,90,165
2026-07-28T19:32:11Z,-11.6596980,166.9751608,20.6,8803.5,12.144,122,90,165
2026-07-28T19:32:12Z,-11.6596726,166.9750535,20.4,8815.4,12.136,122,90,164
2026-07-28T19:32:13Z,-11.6596109,166.9749677,20.0,8827.3,12.188,122,90,165
2026-07-28T19:32:14Z,-11.6595143,166.9749141,19.6,8839.8,12.252,123,91,164
2026-07-28T19:32:15Z,-11.6594191,166.9748604,19.4,8851.8,12.274,123,91,165
2026-07-28T19:32:16Z,-11.6593346,166.9747853,19.2,8864.5,12.271,122,90,164
2026-07-28T19:32:17Z,-11.6592595,166.9747102,18.8,8876.8,12.255,123,90,165
2026-07-28T19:32:18Z,-11.6591737,166.9746244,18.6,8888.6,12.259,123,90,164
2026-07-28T19:32:19Z,-11.6590731,166.9745815,18.4,8900.9,12.270,122,91,165
2026-07-28T19:32:20Z,-11.6589658,166.9745493,18.2,8913.3,12.274,122,91,165
2026-07-28T19:32:21Z,-11.6588572,166.9745171,17.8,8925.8,12.271,122,91,164
2026-07-28T19:32:22Z,-11.6587485,166.9744956,17.6,8938.1,12.266,122,91,165
2026-07-28T19:32:23Z,-11.6586453,166.9744742,17.4,8949.9,12.262,122,91,164
2026-07-28T19:32:24Z,-11.6585340,166.9744420,17.0,8962.7,12.261,122,91,164
2026-07-28T19:32:25Z,-11.6584307,166.9743991,16.8,8974.7,12.266,122,91,164
2026-07-28T19:32:26Z,-11.6583301,166.9743562,16.6,8987.2,12.279,122,91,165
2026-07-28T19:32:27Z,-11.6582429,166.9742918,16.2,8999.4,12.297,122,91,165
2026-07-28T19:32:28Z,-11.6581786,166.9741845,16.0,9011.8,12.312,122,91,164
2026-07-28T19:32:29Z,-11.6581424,166.9740987,15.8,9024.0,12.314,122,91,164
2026-07-28T19:32:30Z,-11.6581263,166.9739699,15.6,9036.2,12.297,121,91,165
2026-07-28T19:32:31Z,-11.6581236,166.9738626,15.4,9048.3,12.268,121,91,165
2026-07-28T19:32:32Z,-11.6581249,166.9737554,15.0,9060.4,12.231,120,91,164
2026-07-28T19:32:33Z,-11.6581289,166.9736373,14.8,9073.2,12.192,120,91,164
2026-07-28T19:32:34Z,-11.6581289,166.9735301,14.6,9085.1,12.161,119,91,164
2026-07-28T19:32:35Z,-11.6581196,166.9734228,14.4,9097.3,12.136,119,91,164
2026-07-28T19:32:36Z,-11.6581021,166.9733155,14.2,9109.2,12.118,119,91,164
2026-07-28T19:32:37Z,-11.6580780,166.9732082,14.0,9121.2,12.098,119,92,165
2026-07-28T19:32:38Z,-11.6580512,166.9731009,13.8,9133.4,12.077,119,92,164
2026-07-28T19:32:39Z,-11.6580230,166.9729829,13.6,9145.8,12.053,118,92,165
2026-07-28T19:32:40Z,-11.6579989,166.9728756,13.4,9157.7,12.029,119,93,165
2026-07-28T19:32:41Z,-11.6579828,166.9727683,13.2,9169.5,12.005,119,93,165
2026-07-28T19:32:42Z,-11.6579707,166.9726610,13.0,9181.8,11.980,119,93,165
2026-07-28T19:32:43Z,-11.6579694,166.9725537,12.8,9193.6,11.954,119,94,164
2026-07-28T19:32:44Z,-11.6579761,166.9724464,12.6,9205.4,11.924,119,94,165
2026-07-28T19:32:45Z,-11.6579922,166.9723392,12.4,9217.4,11.891,119,94,165
2026-07-28T19:32:46Z,-11.6580150,166.9722319,12.2,9229.4,11.850,119,94,164
2026-07-28T19:32:47Z,-11.6580418,166.9721246,12.2,9241.3,11.804,119,94,165
2026-07-28T19:32:48Z,-11.6580713,166.9720173,12.0,9252.8,11.757,119,94,165
2026-07-28T19:32:49Z,-11.6581061,166.9719100,11.8,9264.9,11.707,120,94,164
2026-07-28T19:32:50Z,-11.6581383,166.9718242,11.8,9276.0,11.661,119,94,165
2026-07-28T19:32:51Z,-11.6581772,166.9717169,11.6,9287.8,11.615,119,94,164
2026-07-28T19:32:52Z,-11.6582161,166.9716203,11.4,9299.8,11.571,119,93,164
2026-07-28T19:32:53Z,-11.6582550,166.9715130,11.2,9311.2,11.531,119,93,164
2026-07-28T19:32:54Z,-11.6582952,166.9714272,11.2,9322.7,11.496,119,93,164
2026-07-28T19:32:55Z,-11.6583382,166.9713306,11.0,9333.9,11.466,119,93,165
2026-07-28T19:32:56Z,-11.6583824,166.9712448,10.8,9345.7,11.443,119,93,165
2026-07-28T19:32:57Z,-11.6584280,166.9711483,10.6,9356.8,11.429,119,93,165
2026-07-28T19:32:58Z,-11.6584750,166.9710624,10.6,9368.1,11.425,118,93,165
2026-07-28T19:32:59Z,-11.6585299,166.9709551,10.4,9380.2,11.437,118,93,165
2026-07-28T19:33:00Z,-11.6585903,166.9708800,10.0,9391.7,11.464,118,93,165
2026-07-28T19:33:01Z,-11.6586547,166.9707942,9.8,9402.8,11.507,118,93,165
2026-07-28T19:33:02Z,-11.6587257,166.9707191,9.6,9414.1,11.564,119,94,165
2026-07-28T19:33:03Z,-11.6588075,166.9706440,9.4,9425.8,11.632,118,94,165
2026-07-28T19:33:04Z,-11.6588907,166.9705904,9.0,9437.4,11.705,118,94,165
2026-07-28T19:33:05Z,-11.6589779,166.9705260,8.8,9449.7,11.780,119,94,165
2026-07-28T19:33:06Z,-11.6590570,166.9704509,8.4,9461.3,11.839,119,94,164
2026-07-28T19:33:07Z,-11.6591348,166.9703758,8.2,9473.4,11.880,120,94,164
2026-07-28T19:33:08Z,-11.6592072,166.9702899,8.0,9485.0,11.913,119,94,164
2026-07-28T19:33:09Z,-11.6592823,166.9702148,7.6,9496.8,11.946,119,94,164
2026-07-28T19:33:10Z,-11.6593614,166.9701397,7.4,9509.2,11.977,119,94,164
2026-07-28T19:33:11Z,-11.6594352,166.9700539,7.2,9521.1,12.002,119,94,165
2026-07-28T19:33:12Z,-11.6595036,166.9699788,7.0,9532.8,12.019,119,94,165
2026-07-28T19:33:13Z,-11.6595693,166.9698822,6.6,9545.1,12.021,118,95,164
2026-07-28T19:33:14Z,-11.6596203,166.9697964,6.4,9557.2,11.995,119,95,165
2026-07-28T19:33:15Z,-11.6596498,166.9696891,6.4,9568.6,11.928,119,95,165
2026-07-28T19:33:16Z,-11.6596565,166.9695818,6.4,9580.8,11.797,119,95,165
2026-07-28T19:33:17Z,-11.6596484,166.9694746,6.4,9592.2,11.632,119,95,165
2026-07-28T19:33:18Z,-11.6596337,166.9693673,6.4,9603.7,11.443,119,95,165
2026-07-28T19:33:19Z,-11.6596203,166.9692600,6.4,9615.6,11.246,119,95,164
2026-07-28T19:33:20Z,-11.6596135,166.9691634,6.4,9626.4,11.085,119,95,164
2026-07-28T19:33:21Z,-11.6596055,166.9690561,6.4,9637.3,10.930,119,95,165
2026-07-28T19:33:22Z,-11.6595934,166.9689488,6.4,9648.5,10.773,119,95,164
2026-07-28T19:33:23Z,-11.6595827,166.9688630,6.4,9659.0,10.630,120,95,165
2026-07-28T19:33:24Z,-11.6595706,166.9687665,6.4,9669.3,10.493,120,95,164
2026-07-28T19:33:25Z,-11.6595586,166.9686806,6.4,9679.9,10.360,120,95,165
2026-07-28T19:33:26Z,-11.6595505,166.9685841,6.4,9690.2,10.236,120,95,164
2026-07-28T19:33:27Z,-11.6595438,166.9684982,6.4,9700.3,10.122,120,94,165
2026-07-28T19:33:28Z,-11.6595398,166.9684017,6.4,9710.3,10.018,120,94,164
2026-07-28T19:33:29Z,-11.6595398,166.9683158,6.6,9720.2,9.922,119,94,164
2026-07-28T19:33:30Z,-11.6595478,166.9682086,6.6,9730.4,9.834,119,94,165
2026-07-28T19:33:31Z,-11.6595599,166.9681334,6.4,9740.2,9.761,119,94,164
2026-07-28T19:33:32Z,-11.6595773,166.9680369,6.4,9749.7,9.696,118,94,164
2026-07-28T19:33:33Z,-11.6596001,166.9679403,6.4,9759.7,9.635,118,94,164
2026-07-28T19:33:34Z,-11.6596229,166.9678652,6.4,9769.4,9.494,118,94,165
2026-07-28T19:33:35Z,-11.6596457,166.9677901,6.4,9778.4,9.368,118,95,165
2026-07-28T19:33:36Z,-11.6596605,166.9677043,6.4,9787.6,9.244,118,95,164
2026-07-28T19:33:37Z,-11.6596565,166.9676077,6.4,9797.0,9.121,117,95,164
2026-07-28T19:33:38Z,-11.6596135,166.9675434,6.4,9806.0,9.003,117,95,165
2026-07-28T19:33:39Z,-11.6595492,166.9675004,6.4,9814.7,8.994,117,95,165
2026-07-28T19:33:40Z,-11.6594674,166.9674683,6.4,9824.4,8.991,117,96,165
2026-07-28T19:33:41Z,-11.6593923,166.9674468,6.4,9833.1,8.987,117,96,165
2026-07-28T19:33:42Z,-11.6593158,166.9674146,6.4,9842.1,8.983,117,96,164
2026-07-28T19:33:43Z,-11.6592421,166.9673932,6.4,9850.9,8.981,117,96,165
2026-07-28T19:33:44Z,-11.6591643,166.9673610,6.4,9859.9,8.980,117,96,164
2026-07-28T19:33:45Z,-11.6590852,166.9673502,6.4,9869.0,8.977,117,96,164
2026-07-28T19:33:46Z,-11.6590074,166.9673181,6.4,9877.9,8.974,118,95,164
2026-07-28T19:33:47Z,-11.6589296,166.9673073,6.4,9886.8,8.971,117,95,165
2026-07-28T19:33:48Z,-11.6588505,166.9672751,6.4,9896.0,8.969,118,95,165
2026-07-28T19:33:49Z,-11.6587727,166.9672430,6.4,9905.0,8.967,118,94,164
2026-07-28T19:33:50Z,-11.6586976,166.9672322,6.4,9913.9,8.964,119,93,164
2026-07-28T19:33:51Z,-11.6586198,166.9672000,6.4,9922.9,8.962,119,93,165
2026-07-28T19:33:52Z,-11.6585407,166.9671679,6.4,9931.9,8.960,119,93,164
2026-07-28T19:33:53Z,-11.6584656,166.9671571,6.4,9940.6,8.957,119,93,164
2026-07-28T19:33:54Z,-11.6583864,166.9671249,6.4,9949.8,8.954,119,93,165
2026-07-28T19:33:55Z,-11.6583127,166.9671035,6.4,9958.4,8.952,119,93,165
2026-07-28T19:33:56Z,-11.6582295,166.9670713,6.4,9968.0,8.952,119,93,165
2026-07-28T19:33:57Z,-11.6581544,166.9670498,6.4,9976.7,8.955,118,93,165
2026-07-28T19:33:58Z,-11.6580753,166.9670284,6.4,9985.8,8.974,119,93,165
2026-07-28T19:33:59Z,-11.6580015,166.9669962,6.4,9994.5,9.128,119,93,164
2026-07-28T19:34:00Z,-11.6579251,166.9669640,6.6,10003.5,9.171,119,93,165
2026-07-28T19:34:01Z,-11.6578473,166.9669425,6.6,10012.7,9.159,119,93,164
2026-07-28T19:34:02Z,-11.6577655,166.9669211,6.8,10022.3,9.093,119,93,165
2026-07-28T19:34:03Z,-11.6576891,166.9668889,7.0,10031.1,9.002,119,93,164
2026-07-28T19:34:04Z,-11.6576126,166.9668567,7.2,10040.1,8.915,118,93,164
2026-07-28T19:34:05Z,-11.6575375,166.9668460,7.2,10048.8,8.857,119,93,165
2026-07-28T19:34:06Z,-11.6574597,166.9668138,7.4,10057.8,8.851,119,93,164
2026-07-28T19:34:07Z,-11.6573860,166.9667816,7.4,10066.5,8.925,119,93,164
2026-07-28T19:34:08Z,-11.6573055,166.9667602,7.2,10076.0,9.097,119,93,165
2026-07-28T19:34:09Z,-11.6572277,166.9667387,7.0,10085.0,9.336,119,93,164
2026-07-28T19:34:10Z,-11.6571499,166.9667065,6.8,10094.1,9.630,119,92,165
2026-07-28T19:34:11Z,-11.6570614,166.9666743,6.4,10104.4,10.029,119,93,165
2026-07-28T19:34:12Z,-11.6569783,166.9666529,5.8,10114.2,10.579,119,93,165
2026-07-28T19:34:13Z,-11.6568817,166.9666207,5.0,10125.6,11.168,119,94,164
2026-07-28T19:34:14Z,-11.6567825,166.9665885,4.4,10137.1,11.701,118,95,165
2026-07-28T19:34:15Z,-11.6566806,166.9665456,3.6,10149.0,12.196,118,96,164
2026-07-28T19:34:16Z,-11.6565733,166.9665134,2.8,10161.4,12.664,117,95,164
2026-07-28T19:34:17Z,-11.6564633,166.9664812,2.0,10174.3,13.103,117,96,164
2026-07-28T19:34:18Z,-11.6563480,166.9664383,1.2,10187.5,13.513,116,96,165
2026-07-28T19:34:19Z,-11.6562353,166.9664061,0.4,10200.7,13.884,116,96,164
2026-07-28T19:34:20Z,-11.6561119,166.9663632,-0.6,10215.2,14.261,116,96,164
2026-07-28T19:34:21Z,-11.6559872,166.9663095,-1.6,10230.0,14.612,116,96,165
2026-07-28T19:34:22Z,-11.6558625,166.9662666,-2.4,10244.5,14.932,116,97,164
2026-07-28T19:34:23Z,-11.6557351,166.9662237,-3.4,10259.5,15.240,116,97,165
2026-07-28T19:34:24Z,-11.6556023,166.9661701,-4.4,10275.0,15.536,117,97,165
2026-07-28T19:34:25Z,-11.6554669,166.9661272,-5.4,10290.9,15.825,117,97,164
2026-07-28T19:34:26Z,-11.6553341,166.9660842,-6.0,10306.2,15.904,117,98,165
2026-07-28T19:34:27Z,-11.6551933,166.9660413,-6.4,10322.7,15.813,117,99,165
2026-07-28T19:34:28Z,-11.6550618,166.9659877,-6.4,10338.2,15.535,118,99,164
2026-07-28T19:34:29Z,-11.6549304,166.9659448,-6.0,10353.6,15.097,117,100,165
2026-07-28T19:34:30Z,-11.6548070,166.9659019,-5.6,10368.0,14.702,118,101,164
2026-07-28T19:34:31Z,-11.6546810,166.9658589,-5.6,10382.8,14.397,118,103,165
2026-07-28T19:34:32Z,-11.6545562,166.9658053,-5.4,10397.4,14.229,119,104,165
2026-07-28T19:34:33Z,-11.6544396,166.9657624,-5.4,10411.3,14.106,120,104,165
2026-07-28T19:34:34Z,-11.6543175,166.9657195,-5.4,10425.5,13.924,120,104,164
2026-07-28T19:34:35Z,-11.6542035,166.9656873,-5.4,10439.0,13.770,119,100,164
2026-07-28T19:34:36Z,-11.6540869,166.9656444,-5.4,10452.6,13.631,120,100,164
2026-07-28T19:34:37Z,-11.6539675,166.9655907,-5.4,10466.6,13.520,120,99,165
2026-07-28T19:34:38Z,-11.6538575,166.9655478,-5.4,10479.6,13.446,120,98,165
2026-07-28T19:34:39Z,-11.6537395,166.9655156,-5.4,10493.4,13.234,121,98,165
2026-07-28T19:34:40Z,-11.6536309,166.9654727,-5.4,10506.1,12.985,120,100,164
2026-07-28T19:34:41Z,-11.6535182,166.9654298,-5.4,10519.4,12.733,120,99,165
2026-07-28T19:34:42Z,-11.6534096,166.9653976,-5.4,10532.0,12.507,120,99,165
2026-07-28T19:34:43Z,-11.6533077,166.9653654,-5.4,10543.9,12.303,119,99,164
2026-07-28T19:34:44Z,-11.6532004,166.9653225,-5.4,10556.6,12.095,118,99,164
2026-07-28T19:34:45Z,-11.6530998,166.9652903,-5.4,10568.5,11.909,118,99,164
2026-07-28T19:34:46Z,-11.6530006,166.9652474,-5.4,10580.0,11.738,119,98,164
2026-07-28T19:34:47Z,-11.6529027,166.9652152,-5.4,10591.6,11.572,118,98,164
2026-07-28T19:34:48Z,-11.6528061,166.9651830,-5.4,10603.1,11.416,118,98,165
2026-07-28T19:34:49Z,-11.6527082,166.9651401,-5.4,10614.5,11.270,119,97,164
2026-07-28T19:34:50Z,-11.6526143,166.9651079,-5.4,10625.6,11.133,119,97,164
2026-07-28T19:34:51Z,-11.6525191,166.9650757,-5.4,10636.8,11.001,119,97,164
2026-07-28T19:34:52Z,-11.6524252,166.9650328,-5.4,10647.9,10.878,119,96,165
2026-07-28T19:34:53Z,-11.6523340,166.9650006,-5.4,10658.8,10.764,120,96,165
2026-07-28T19:34:54Z,-11.6522442,166.9649577,-5.4,10669.4,10.658,120,96,165
2026-07-28T19:34:55Z,-11.6521570,166.9649255,-5.4,10679.7,10.560,119,96,165
2026-07-28T19:34:56Z,-11.6520645,166.9648933,-5.4,10690.7,10.461,120,95,164
2026-07-28T19:34:57Z,-11.6519813,166.9648612,-5.4,10700.7,10.374,119,95,164
2026-07-28T19:34:58Z,-11.6518942,166.9648182,-5.4,10711.0,10.290,119,95,164
2026-07-28T19:34:59Z,-11.6518056,166.9647861,-5.4,10721.6,10.208,119,94,165
2026-07-28T19:35:00Z,-11.6517225,166.9647539,-5.4,10731.4,10.166,120,94,165
2026-07-28T19:35:01Z,-11.6516353,166.9647110,-5.4,10742.0,10.202,120,94,165
2026-07-28T19:35:02Z,-11.6515481,166.9646788,-5.4,10752.3,10.242,119,94,164
2026-07-28T19:35:03Z,-11.6514623,166.9646466,-5.4,10762.2,10.271,119,94,164
2026-07-28T19:35:04Z,-11.6513778,166.9646037,-5.4,10772.6,10.289,119,94,164
2026-07-28T19:35:05Z,-11.6512920,166.9645715,-5.4,10783.1,10.305,119,94,165
2026-07-28T19:35:06Z,-11.6512102,166.9645286,-5.4,10793.0,10.311,118,94,165
2026-07-28T19:35:07Z,-11.6511244,166.9644964,-5.4,10803.6,10.318,119,94,164
2026-07-28T19:35:08Z,-11.6510452,166.9644535,-5.4,10813.6,10.316,119,94,164
2026-07-28T19:35:09Z,-11.6509634,166.9644105,-5.4,10824.0,10.318,119,95,165
2026-07-28T19:35:10Z,-11.6508803,166.9643462,-5.4,10834.7,10.321,119,95,164
2026-07-28T19:35:11Z,-11.6508159,166.9642818,-5.4,10844.6,10.324,119,94,164
2026-07-28T19:35:12Z,-11.6507663,166.9642067,-5.4,10855.2,10.320,119,94,164
2026-07-28T19:35:13Z,-11.6507462,166.9641101,-5.4,10865.4,10.314,119,94,164
2026-07-28T19:35:14Z,-11.6507462,166.9640243,-5.4,10875.8,10.308,119,94,164
2026-07-28T19:35:15Z,-11.6507649,166.9639277,-5.4,10886.1,10.301,119,94,164
2026-07-28T19:35:16Z,-11.6507918,166.9638419,-5.4,10896.3,10.297,119,94,165
2026-07-28T19:35:17Z,-11.6508226,166.9637454,-5.4,10906.4,10.282,118,94,164
2026-07-28T19:35:18Z,-11.6508575,166.9636595,-5.4,10916.6,10.235,118,94,164
2026-07-28T19:35:19Z,-11.6508937,166.9635844,-5.4,10927.0,10.170,118,93,165
2026-07-28T19:35:20Z,-11.6509312,166.9634879,-5.4,10937.6,10.124,118,93,164
2026-07-28T19:35:21Z,-11.6509634,166.9634128,-5.4,10947.1,10.083,118,93,165
2026-07-28T19:35:22Z,-11.6510010,166.9633269,-5.4,10957.6,10.028,117,92,165
2026-07-28T19:35:23Z,-11.6510399,166.9632304,-5.4,10967.8,9.995,118,92,165
2026-07-28T19:35:24Z,-11.6510761,166.9631553,-5.4,10977.3,9.972,118,93,165
2026-07-28T19:35:25Z,-11.6511136,166.9630802,-5.4,10987.2,9.987,118,94,164
2026-07-28T19:35:26Z,-11.6511552,166.9629836,-5.4,10997.5,9.967,117,94,165
2026-07-28T19:35:27Z,-11.6511941,166.9629085,-5.4,11007.5,9.980,118,94,164
2026-07-28T19:35:28Z,-11.6512316,166.9628227,-5.4,11017.5,9.955,118,94,165
2026-07-28T19:35:29Z,-11.6512679,166.9627368,-5.4,11027.2,9.966,117,95,165
2026-07-28T19:35:30Z,-11.6513067,166.9626617,-5.4,11037.1,9.945,117,94,164
2026-07-28T19:35:31Z,-11.6513108,166.9625759,-5.4,11047.3,9.868,118,94,165
2026-07-28T19:35:32Z,-11.6512397,166.9625330,-5.4,11056.9,9.867,119,94,164
2026-07-28T19:35:33Z,-11.6511592,166.9624794,-5.4,11066.8,9.849,118,94,164
2026-07-28T19:35:34Z,-11.6510747,166.9624472,-5.4,11076.7,9.863,119,94,165
2026-07-28T19:35:35Z,-11.6509929,166.9624257,-5.4,11086.5,9.867,120,93,165
2026-07-28T19:35:36Z,-11.6509111,166.9623935,-5.4,11096.2,9.842,120,93,165
2026-07-28T19:35:37Z,-11.6508266,166.9623613,-5.4,11106.0,9.850,120,96,165
2026-07-28T19:35:38Z,-11.6507395,166.9623291,-5.4,11116.4,9.822,120,96,165
2026-07-28T19:35:39Z,-11.6506590,166.9622970,-5.4,11125.7,9.825,120,96,165
2026-07-28T19:35:40Z,-11.6505705,166.9622648,-5.4,11136.1,9.814,120,96,165
2026-07-28T19:35:41Z,-11.6504900,166.9622433,-5.4,11145.6,9.807,120,95,165
2026-07-28T19:35:42Z,-11.6504069,166.9622111,-5.4,11155.3,9.778,119,95,164
2026-07-28T19:35:43Z,-11.6503237,166.9621789,-5.4,11165.1,9.773,120,95,165
2026-07-28T19:35:44Z,-11.6502433,166.9621468,-5.4,11174.6,9.769,120,95,164
2026-07-28T19:35:45Z,-11.6501574,166.9621146,-5.4,11184.6,9.776,118,95,164
2026-07-28T19:35:46Z,-11.6500756,166.9620824,-5.4,11194.2,9.768,119,95,165
2026-07-28T19:35:47Z,-11.6499911,166.9620502,-5.4,11204.1,9.759,120,95,164
2026-07-28T19:35:48Z,-11.6499107,166.9620287,-5.4,11213.6,9.736,119,95,165
2026-07-28T19:35:49Z,-11.6498235,166.9619966,-5.4,11223.9,9.750,119,94,165
2026-07-28T19:35:50Z,-11.6497430,166.9619644,-5.4,11233.3,9.740,119,94,165
2026-07-28T19:35:51Z,-11.6496626,166.9619322,-5.4,11242.7,9.720,119,94,165
2026-07-28T19:35:52Z,-11.6495767,166.9619000,-5.4,11252.8,9.700,119,94,165
2026-07-28T19:35:53Z,-11.6494949,166.9618678,-5.4,11262.4,9.683,118,94,165
2026-07-28T19:35:54Z,-11.6494091,166.9618464,-5.4,11272.3,9.665,118,95,165
2026-07-28T19:35:55Z,-11.6493300,166.9618249,-5.4,11281.6,9.644,117,95,177
2026-07-28T19:35:56Z,-11.6492441,166.9617927,-5.4,11291.7,9.627,117,96,211
2026-07-28T19:35:57Z,-11.6491637,166.9617605,-5.4,11300.9,9.656,117,98,215
2026-07-28T19:35:58Z,-11.6490859,166.9617498,-5.4,11309.8,9.684,117,100,215
2026-07-28T19:35:59Z,-11.6489933,166.9617176,-5.4,11320.5,9.704,117,101,215
2026-07-28T19:36:00Z,-11.6489102,166.9617069,-5.4,11329.9,9.718,117,101,215
2026-07-28T19:36:01Z,-11.6488244,166.9616747,-5.4,11339.8,9.732,117,102,215
2026-07-28T19:36:02Z,-11.6487345,166.9616640,-5.4,11349.8,9.742,118,101,215
2026-07-28T19:36:03Z,-11.6486487,166.9616425,-5.4,11359.5,9.750,119,102,214
2026-07-28T19:36:04Z,-11.6485628,166.9616318,-5.4,11369.2,9.757,119,102,214
2026-07-28T19:36:05Z,-11.6484743,166.9616103,-5.4,11379.1,9.764,121,102,215
2026-07-28T19:36:06Z,-11.6483885,166.9615996,-5.4,11388.8,9.771,121,102,215
2026-07-28T19:36:07Z,-11.6483027,166.9615674,-5.4,11398.5,9.778,123,101,214
2026-07-28T19:36:08Z,-11.6482142,166.9615567,-5.4,11408.4,9.784,123,102,214
2026-07-28T19:36:09Z,-11.6481283,166.9615352,-5.4,11418.1,9.789,124,101,215
2026-07-28T19:36:10Z,-11.6480452,166.9615245,-5.4,11427.6,9.794,124,101,214
2026-07-28T19:36:11Z,-11.6479580,166.9615030,-5.4,11437.3,9.799,124,101,215
2026-07-28T19:36:12Z,-11.6478655,166.9614923,-5.4,11447.6,9.804,125,98,214
2026-07-28T19:36:13Z,-11.6477783,166.9614923,-5.4,11457.2,9.808,125,98,214
2026-07-28T19:36:14Z,-11.6476898,166.9614923,-5.4,11467.0,9.811,126,98,214
2026-07-28T19:36:15Z,-11.6475999,166.9614923,-5.4,11477.0,9.814,125,97,214
2026-07-28T19:36:16Z,-11.6475154,166.9615030,-5.4,11486.5,9.817,126,96,214
2026-07-28T19:36:17Z,-11.6474283,166.9615245,-5.4,11496.3,9.820,126,95,215
2026-07-28T19:36:18Z,-11.6473398,166.9615352,-5.4,11506.3,9.824,126,96,214
2026-07-28T19:36:19Z,-11.6472566,166.9615674,-5.4,11516.2,9.826,126,94,214
2026-07-28T19:36:20Z,-11.6471761,166.9615996,-5.4,11525.8,9.829,126,94,214
2026-07-28T19:36:21Z,-11.6470970,166.9616425,-5.4,11535.9,9.831,126,94,214
2026-07-28T19:36:22Z,-11.6470273,166.9617069,-5.4,11545.3,9.833,126,94,214
2026-07-28T19:36:23Z,-11.6469562,166.9617605,-5.4,11555.5,9.835,126,94,214
2026-07-28T19:36:24Z,-11.6468918,166.9618142,-5.4,11565.1,9.836,126,94,214
2026-07-28T19:36:25Z,-11.6468288,166.9618893,-5.4,11574.9,9.838,126,94,214
2026-07-28T19:36:26Z,-11.6467685,166.9619536,-5.4,11585.0,9.840,126,94,214
2026-07-28T19:36:27Z,-11.6467094,166.9620073,-5.4,11594.7,9.841,126,93,214
2026-07-28T19:36:28Z,-11.6466531,166.9620824,-5.4,11604.6,9.842,126,93,214
2026-07-28T19:36:29Z,-11.6465968,166.9621575,-5.4,11614.4,9.844,126,92,215
2026-07-28T19:36:30Z,-11.6465405,166.9622219,-5.4,11624.5,9.846,126,92,215
2026-07-28T19:36:31Z,-11.6464882,166.9622970,-5.4,11634.1,9.848,126,92,214
2026-07-28T19:36:32Z,-11.6464345,166.9623721,-5.4,11644.1,9.849,126,91,214
2026-07-28T19:36:33Z,-11.6463795,166.9624472,-5.4,11654.1,9.850,127,90,214
2026-07-28T19:36:34Z,-11.6463272,166.9625115,-5.4,11663.8,9.851,127,90,214
2026-07-28T19:36:35Z,-11.6462736,166.9625866,-5.4,11673.7,9.851,128,90,214
2026-07-28T19:36:36Z,-11.6462226,166.9626617,-5.4,11683.4,9.852,127,89,215
2026-07-28T19:36:37Z,-11.6461676,166.9627261,-5.4,11693.3,9.854,127,89,214
2026-07-28T19:36:38Z,-11.6461113,166.9628012,-5.4,11703.5,9.855,127,89,215
2026-07-28T19:36:39Z,-11.6460577,166.9628763,-5.4,11712.9,9.856,128,88,215
2026-07-28T19:36:40Z,-11.6459987,166.9629407,-5.4,11722.9,9.858,128,88,215
2026-07-28T19:36:41Z,-11.6459396,166.9630158,-5.4,11732.8,9.859,128,89,215
2026-07-28T19:36:42Z,-11.6458806,166.9630802,-5.4,11742.3,9.860,128,90,215
2026-07-28T19:36:43Z,-11.6458149,166.9631338,-5.4,11752.2,9.861,128,91,214
2026-07-28T19:36:44Z,-11.6457452,166.9631982,-5.4,11762.3,9.862,128,90,215
2026-07-28T19:36:45Z,-11.6456714,166.9632411,-5.4,11772.2,9.862,129,90,214
2026-07-28T19:36:46Z,-11.6455977,166.9632947,-5.4,11781.9,9.862,129,90,214
2026-07-28T19:36:47Z,-11.6455199,166.9633377,-5.4,11792.1,9.862,129,89,214
2026-07-28T19:36:48Z,-11.6454448,166.9633806,-5.4,11801.6,9.863,129,89,215
2026-07-28T19:36:49Z,-11.6453616,166.9634235,-5.4,11811.7,9.863,130,88,214
2026-07-28T19:36:50Z,-11.6452812,166.9634557,-5.4,11821.4,9.868,129,88,215
2026-07-28T19:36:51Z,-11.6451980,166.9634879,-5.4,11831.2,9.885,130,89,214
2026-07-28T19:36:52Z,-11.6451108,166.9635201,-5.4,11841.2,9.915,130,89,215
2026-07-28T19:36:53Z,-11.6450264,166.9635308,-5.4,11850.8,9.964,129,89,214
2026-07-28T19:36:54Z,-11.6449378,166.9635522,-5.4,11860.7,10.011,130,89,215
2026-07-28T19:36:55Z,-11.6448413,166.9635522,-5.4,11871.4,10.055,130,89,215
2026-07-28T19:36:56Z,-11.6447528,166.9635522,-5.4,11881.2,10.044,130,89,214
2026-07-28T19:36:57Z,-11.6446616,166.9635522,-5.4,11891.4,10.032,130,88,214
2026-07-28T19:36:58Z,-11.6445717,166.9635522,-5.4,11901.3,10.022,130,87,214
2026-07-28T19:36:59Z,-11.6444765,166.9635308,-5.4,11911.8,10.011,130,87,214
2026-07-28T19:37:00Z,-11.6443907,166.9635201,-5.4,11921.5,10.002,130,87,215
2026-07-28T19:37:01Z,-11.6443022,166.9634879,-5.4,11931.8,9.994,130,88,215
2026-07-28T19:37:02Z,-11.6442204,166.9634771,-5.4,11941.1,9.987,130,87,215
2026-07-28T19:37:03Z,-11.6441332,166.9634235,-5.4,11951.4,9.980,130,88,215
2026-07-28T19:37:04Z,-11.6440473,166.9634020,-5.4,11961.8,9.973,130,89,215
2026-07-28T19:37:05Z,-11.6439722,166.9633698,-5.4,11971.0,9.968,130,90,215
2026-07-28T19:37:06Z,-11.6438878,166.9633269,-5.4,11981.6,9.962,129,90,214
2026-07-28T19:37:07Z,-11.6438140,166.9632733,-5.4,11991.2,9.956,130,91,214
2026-07-28T19:37:08Z,-11.6437389,166.9632196,-5.4,12001.1,9.950,130,90,214
2026-07-28T19:37:09Z,-11.6436651,166.9631660,-5.4,12011.2,9.944,129,90,214
2026-07-28T19:37:10Z,-11.6435954,166.9631124,-5.4,12020.8,9.939,129,90,215
2026-07-28T19:37:11Z,-11.6435270,166.9630480,-5.4,12030.8,9.935,130,89,214
2026-07-28T19:37:12Z,-11.6434599,166.9629836,-5.4,12040.9,9.930,130,89,214
2026-07-28T19:37:13Z,-11.6433983,166.9629300,-5.4,12050.7,9.926,130,89,214
2026-07-28T19:37:14Z,-11.6433379,166.9628656,-5.4,12060.7,9.922,131,89,215
2026-07-28T19:37:15Z,-11.6432816,166.9627905,-5.4,12071.0,9.919,131,88,214
2026-07-28T19:37:16Z,-11.6432320,166.9627154,-5.4,12081.0,9.915,131,88,214
2026-07-28T19:37:17Z,-11.6431890,166.9626403,-5.4,12090.3,9.912,132,87,215
2026-07-28T19:37:18Z,-11.6431461,166.9625545,-5.4,12100.4,9.910,132,88,215
2026-07-28T19:37:19Z,-11.6431059,166.9624686,-5.4,12110.5,9.908,133,89,214
2026-07-28T19:37:20Z,-11.6430670,166.9623935,-5.4,12120.6,9.905,133,90,214
2026-07-28T19:37:21Z,-11.6430308,166.9622970,-5.4,12130.3,9.902,133,90,214
2026-07-28T19:37:22Z,-11.6429946,166.9622219,-5.4,12139.8,9.900,133,91,215
2026-07-28T19:37:23Z,-11.6429584,166.9621468,-5.4,12149.7,9.899,133,91,214
2026-07-28T19:37:24Z,-11.6429195,166.9620502,-5.4,12160.2,9.896,133,90,214
2026-07-28T19:37:25Z,-11.6428833,166.9619751,-5.4,12169.8,9.894,133,91,215
2026-07-28T19:37:26Z,-11.6428457,166.9619000,-5.4,12179.4,9.893,133,91,214
2026-07-28T19:37:27Z,-11.6428041,166.9618142,-5.4,12189.5,9.891,133,92,214
2026-07-28T19:37:28Z,-11.6427599,166.9617391,-5.4,12199.6,9.889,132,91,215
2026-07-28T19:37:29Z,-11.6427170,166.9616640,-5.4,12209.2,9.889,132,93,215
2026-07-28T19:37:30Z,-11.6426647,166.9615781,-5.4,12219.3,9.888,132,93,215
2026-07-28T19:37:31Z,-11.6426097,166.9615030,-5.4,12229.2,9.887,132,93,213
2026-07-28T19:37:32Z,-11.6425507,166.9614494,-5.4,12238.8,9.885,132,92,214
2026-07-28T19:37:33Z,-11.6424809,166.9613850,-5.6,12249.1,9.889,132,91,215
2026-07-28T19:37:34Z,-11.6424099,166.9613206,-5.6,12258.9,9.913,132,91,215
2026-07-28T19:37:35Z,-11.6423348,166.9612777,-5.6,12268.7,9.952,132,90,214
2026-07-28T19:37:36Z,-11.6422556,166.9612348,-5.6,12278.9,10.001,133,91,215
2026-07-28T19:37:37Z,-11.6421765,166.9612026,-5.6,12288.6,10.052,133,91,215
2026-07-28T19:37:38Z,-11.6420880,166.9611704,-5.8,12299.0,10.106,133,92,215
2026-07-28T19:37:39Z,-11.6420048,166.9611382,-5.8,12308.8,10.150,133,92,214
2026-07-28T19:37:40Z,-11.6419150,166.9611061,-5.8,12319.3,10.184,133,91,214
2026-07-28T19:37:41Z,-11.6418292,166.9610739,-6.0,12329.2,10.201,133,91,214
2026-07-28T19:37:42Z,-11.6417366,166.9610631,-6.0,12339.6,10.199,133,90,214
2026-07-28T19:37:43Z,-11.6416481,166.9610310,-6.0,12349.8,10.177,133,90,214
2026-07-28T19:37:44Z,-11.6415596,166.9610202,-6.0,12359.7,10.132,133,91,215
2026-07-28T19:37:45Z,-11.6414697,166.9609988,-5.8,12369.9,10.100,133,91,214
2026-07-28T19:37:46Z,-11.6413812,166.9609773,-5.8,12380.1,10.111,133,91,214
2026-07-28T19:37:47Z,-11.6412927,166.9609559,-5.6,12390.0,10.072,133,91,214
2026-07-28T19:37:48Z,-11.6412042,166.9609237,-5.4,12400.2,9.942,132,90,214
2026-07-28T19:37:49Z,-11.6411170,166.9609129,-5.0,12410.0,9.678,132,90,214
2026-07-28T19:37:50Z,-11.6410312,166.9608915,-4.8,12419.6,9.417,132,90,215
2026-07-28T19:37:51Z,-11.6409467,166.9608808,-4.4,12429.1,9.164,132,90,215
2026-07-28T19:37:52Z,-11.6408662,166.9608700,-4.2,12438.1,8.929,132,91,215
2026-07-28T19:37:53Z,-11.6407898,166.9608486,-3.8,12446.7,8.707,131,92,214
2026-07-28T19:37:54Z,-11.6407120,166.9608378,-3.6,12455.3,8.497,131,93,214
2026-07-28T19:37:55Z,-11.6406383,166.9608378,-3.2,12463.6,8.331,132,93,215
2026-07-28T19:37:56Z,-11.6405618,166.9608164,-3.0,12472.2,8.164,132,93,215
2026-07-28T19:37:57Z,-11.6404934,166.9608057,-2.8,12479.9,8.021,132,92,214
2026-07-28T19:37:58Z,-11.6404237,166.9607842,-2.6,12487.8,7.876,132,92,214
2026-07-28T19:37:59Z,-11.6403526,166.9607735,-2.2,12495.8,7.721,132,91,215
2026-07-28T19:38:00Z,-11.6402856,166.9607627,-2.0,12503.3,7.577,132,91,215
2026-07-28T19:38:01Z,-11.6402185,166.9607413,-1.8,12510.7,7.434,132,92,215
2026-07-28T19:38:02Z,-11.6401528,166.9607413,-1.4,12518.3,7.289,132,92,215
2026-07-28T19:38:03Z,-11.6400871,166.9607306,-1.2,12525.5,7.152,132,92,215
2026-07-28T19:38:04Z,-11.6400254,166.9607091,-1.0,12532.5,7.027,132,92,214
2026-07-28T19:38:05Z,-11.6399650,166.9606984,-0.8,12539.3,6.910,132,92,214
2026-07-28T19:38:06Z,-11.6399033,166.9606769,-0.6,12546.3,6.797,131,93,214
2026-07-28T19:38:07Z,-11.6398416,166.9606769,-0.4,12553.2,6.692,131,93,215
2026-07-28T19:38:08Z,-11.6397840,166.9606662,-0.2,12559.7,6.602,131,92,215
2026-07-28T19:38:09Z,-11.6397236,166.9606555,0.0,12566.4,6.515,131,90,214
2026-07-28T19:38:10Z,-11.6396673,166.9606555,0.4,12572.8,6.436,131,91,215
2026-07-28T19:38:11Z,-11.6396110,166.9606340,0.6,12579.2,6.371,130,91,215
2026-07-28T19:38:12Z,-11.6395546,166.9606233,0.6,12585.4,6.408,130,91,215
2026-07-28T19:38:13Z,-11.6394956,166.9606018,0.8,12592.2,6.484,130,92,215
2026-07-28T19:38:14Z,-11.6394407,166.9606018,0.8,12598.3,6.580,130,92,215
2026-07-28T19:38:15Z,-11.6393803,166.9605911,1.0,12605.3,6.716,130,92,214
2026-07-28T19:38:16Z,-11.6393213,166.9605803,1.0,12612.0,6.869,130,92,215
2026-07-28T19:38:17Z,-11.6392609,166.9605589,1.0,12618.8,7.058,130,92,215
2026-07-28T19:38:18Z,-11.6391979,166.9605482,1.0,12626.1,7.282,131,92,214
2026-07-28T19:38:19Z,-11.6391322,166.9605160,0.8,12633.6,7.531,131,93,215
2026-07-28T19:38:20Z,-11.6390678,166.9604945,0.8,12641.0,7.787,131,93,215
2026-07-28T19:38:21Z,-11.6389968,166.9604838,0.6,12649.3,8.056,131,93,214
2026-07-28T19:38:22Z,-11.6389257,166.9604516,0.6,12657.6,8.287,131,93,215
2026-07-28T19:38:23Z,-11.6388546,166.9604409,0.6,12665.8,8.459,132,93,215
2026-07-28T19:38:24Z,-11.6387822,166.9604087,0.6,12674.3,8.566,132,93,214
2026-07-28T19:38:25Z,-11.6387098,166.9603765,0.6,12682.8,8.649,133,92,214
2026-07-28T19:38:26Z,-11.6386373,166.9603658,0.6,12691.4,8.726,133,92,214
2026-07-28T19:38:27Z,-11.6385609,166.9603336,0.6,12700.3,8.801,133,91,215
2026-07-28T19:38:28Z,-11.6384858,166.9603014,0.6,12709.2,8.871,133,91,214
2026-07-28T19:38:29Z,-11.6384134,166.9602692,0.6,12717.8,8.932,134,91,214
2026-07-28T19:38:30Z,-11.6383342,166.9602370,0.6,12727.3,8.995,134,91,215
2026-07-28T19:38:31Z,-11.6382645,166.9602048,0.6,12735.8,9.050,134,92,215
2026-07-28T19:38:32Z,-11.6381894,166.9601619,0.6,12745.1,9.104,0,92,214
2026-07-28T19:38:33Z,-11.6381143,166.9601297,0.6,12754.5,9.154,0,92,214
2026-07-28T19:38:34Z,-11.6380432,166.9600868,0.6,12763.5,9.198,0,92,214
2026-07-28T19:38:35Z,-11.6379668,166.9600439,0.6,12773.0,9.242,0,92,215
2026-07-28T19:38:36Z,-11.6378970,166.9600117,0.6,12782.0,9.282,0,92,214
2026-07-28T19:38:37Z,-11.6378219,166.9599688,0.6,12791.5,9.320,0,91,214
2026-07-28T19:38:38Z,-11.6377509,166.9599152,0.6,12800.9,9.355,0,92,215
2026-07-28T19:38:39Z,-11.6376865,166.9598722,0.6,12809.5,9.386,0,93,214
2026-07-28T19:38:40Z,-11.6376154,166.9598079,0.6,12819.3,9.418,0,93,215
2026-07-28T19:38:41Z,-11.6375510,166.9597650,0.6,12828.5,9.446,0,93,215
2026-07-28T19:38:42Z,-11.6374893,166.9597006,0.6,12837.8,9.474,0,93,214
2026-07-28T19:38:43Z,-11.6374290,166.9596469,0.6,12847.5,9.499,0,93,214
2026-07-28T19:38:44Z,-11.6373686,166.9595826,0.6,12857.3,9.522,0,93,215
2026-07-28T19:38:45Z,-11.6373096,166.9595075,0.6,12867.2,9.545,0,92,214
2026-07-28T19:38:46Z,-11.6372600,166.9594431,0.6,12876.2,9.563,0,92,215
2026-07-28T19:38:47Z,-11.6372077,166.9593680,0.6,12885.8,9.583,0,92,214
2026-07-28T19:38:48Z,-11.6371581,166.9592929,0.6,12895.5,9.600,0,92,214
2026-07-28T19:38:49Z,-11.6371112,166.9592285,0.6,12904.9,9.617,0,92,214
2026-07-28T19:38:50Z,-11.6370642,166.9591534,0.6,12914.8,9.634,0,91,214
2026-07-28T19:38:51Z,-11.6370200,166.9590676,0.6,12924.8,9.650,0,91,215
2026-07-28T19:38:52Z,-11.6369797,166.9589925,0.4,12934.5,9.668,0,91,214
2026-07-28T19:38:53Z,-11.6369435,166.9589174,0.4,12944.0,9.694,0,91,214
2026-07-28T19:38:54Z,-11.6369113,166.9588315,0.4,12953.7,9.726,0,91,215
2026-07-28T19:38:55Z,-11.6368845,166.9587457,0.4,12962.9,9.759,0,91,215
2026-07-28T19:38:56Z,-11.6368577,166.9586706,0.4,12972.8,9.790,0,91,214
2026-07-28T19:38:57Z,-11.6368335,166.9585741,0.4,12982.9,9.814,0,91,214
2026-07-28T19:38:58Z,-11.6368134,166.9584882,0.4,12992.6,9.823,0,91,215
2026-07-28T19:38:59Z,-11.6367947,166.9583917,0.4,13002.4,9.814,0,92,214
2026-07-28T19:39:00Z,-11.6367786,166.9583166,0.4,13012.3,9.778,0,93,214
2026-07-28T19:39:01Z,-11.6367678,166.9582307,0.6,13021.9,9.712,0,93,215
2026-07-28T19:39:02Z,-11.6367598,166.9581342,0.6,13031.5,9.622,0,94,215
2026-07-28T19:39:03Z,-11.6367558,166.9580376,0.8,13041.2,9.512,0,95,214
2026-07-28T19:39:04Z,-11.6367571,166.9579625,1.0,13050.5,9.387,0,95,214
2026-07-28T19:39:05Z,-11.6367598,166.9578767,1.0,13059.8,9.253,0,94,214
2026-07-28T19:39:06Z,-11.6367652,166.9578016,1.2,13068.9,9.114,0,93,214
2026-07-28T19:39:07Z,-11.6367719,166.9577050,1.4,13078.0,8.975,0,92,214
2026-07-28T19:39:08Z,-11.6367786,166.9576299,1.6,13087.1,8.837,0,91,214
2026-07-28T19:39:09Z,-11.6367880,166.9575548,1.8,13095.8,8.692,0,91,215
2026-07-28T19:39:10Z,-11.6368000,166.9574797,2.0,13104.4,8.535,0,91,215
2026-07-28T19:39:11Z,-11.6368148,166.9574046,2.2,13113.0,8.371,0,92,215
2026-07-28T19:39:12Z,-11.6368309,166.9573295,2.4,13121.2,8.213,0,91,214
2026-07-28T19:39:13Z,-11.6368470,166.9572437,2.6,13129.2,8.067,0,91,214
2026-07-28T19:39:14Z,-11.6368617,166.9571686,3.0,13137.1,7.939,0,90,214
2026-07-28T19:39:15Z,-11.6368778,166.9571149,3.2,13145.2,7.811,0,89,214
2026-07-28T19:39:16Z,-11.6368926,166.9570398,3.4,13152.9,7.657,0,89,214
2026-07-28T19:39:17Z,-11.6369100,166.9569755,3.6,13160.5,7.503,0,89,215
2026-07-28T19:39:18Z,-11.6369261,166.9569111,3.8,13167.8,7.397,135,89,214
2026-07-28T19:39:19Z,-11.6369422,166.9568360,4.0,13175.3,7.347,135,89,214
2026-07-28T19:39:20Z,-11.6369556,166.9567716,4.0,13182.2,7.348,135,90,214
2026-07-28T19:39:21Z,-11.6369690,166.9567180,4.2,13189.9,7.389,135,89,215
2026-07-28T19:39:22Z,-11.6369838,166.9566429,4.2,13197.9,7.466,135,89,214
2026-07-28T19:39:23Z,-11.6369945,166.9565785,4.4,13205.0,7.546,135,90,215
2026-07-28T19:39:24Z,-11.6370066,166.9565034,4.4,13212.5,7.639,135,90,215
2026-07-28T19:39:25Z,-11.6370200,166.9564390,4.4,13220.3,7.736,135,90,215
2026-07-28T19:39:26Z,-11.6370334,166.9563639,4.4,13228.0,7.831,135,90,214
2026-07-28T19:39:27Z,-11.6370454,166.9562995,4.4,13235.8,7.922,134,90,214
2026-07-28T19:39:28Z,-11.6370589,166.9562244,4.6,13243.9,8.014,134,89,214
2026-07-28T19:39:29Z,-11.6370723,166.9561493,4.6,13251.9,8.100,134,89,215
2026-07-28T19:39:30Z,-11.6370857,166.9560742,4.6,13260.1,8.185,134,88,214
2026-07-28T19:39:31Z,-11.6370977,166.9559991,4.6,13268.3,8.264,134,88,215
2026-07-28T19:39:32Z,-11.6371112,166.9559348,4.6,13276.5,8.339,134,88,214
2026-07-28T19:39:33Z,-11.6371246,166.9558597,4.6,13284.9,8.409,133,88,215
2026-07-28T19:39:34Z,-11.6371407,166.9557846,4.6,13293.4,8.477,134,89,215
2026-07-28T19:39:35Z,-11.6371568,166.9557095,4.6,13302.1,8.544,133,90,214
2026-07-28T19:39:36Z,-11.6371661,166.9556344,4.8,13310.3,8.602,133,90,214
2026-07-28T19:39:37Z,-11.6371554,166.9555378,4.8,13319.3,8.662,133,90,215
2026-07-28T19:39:38Z,-11.6370884,166.9555056,4.6,13327.9,8.778,133,90,214
2026-07-28T19:39:39Z,-11.6370106,166.9554949,4.6,13336.6,8.902,133,90,214
2026-07-28T19:39:40Z,-11.6369288,166.9554949,4.6,13345.8,9.023,133,90,214
2026-07-28T19:39:41Z,-11.6368483,166.9554842,4.6,13354.8,9.133,132,89,214
2026-07-28T19:39:42Z,-11.6367678,166.9554520,4.4,13364.1,9.260,133,89,214
2026-07-28T19:39:43Z,-11.6366874,166.9554198,4.4,13373.4,9.403,132,89,214
2026-07-28T19:39:44Z,-11.6366109,166.9553876,4.2,13382.8,9.569,132,89,214
2026-07-28T19:39:45Z,-11.6365479,166.9553232,4.0,13392.4,9.773,132,89,215
2026-07-28T19:39:46Z,-11.6365117,166.9552481,3.8,13402.2,10.009,132,89,215
2026-07-28T19:39:47Z,-11.6365117,166.9551623,3.6,13412.3,10.230,132,89,214
2026-07-28T19:39:48Z,-11.6365372,166.9550657,3.2,13422.8,10.405,132,90,214
2026-07-28T19:39:49Z,-11.6365881,166.9549799,3.2,13433.4,10.526,132,90,214
2026-07-28T19:39:50Z,-11.6366538,166.9549155,3.0,13443.6,10.613,133,90,214
2026-07-28T19:39:51Z,-11.6367330,166.9548512,2.8,13454.5,10.688,132,90,215
2026-07-28T19:39:52Z,-11.6368121,166.9547975,2.8,13465.2,10.748,133,90,215
2026-07-28T19:39:53Z,-11.6368912,166.9547439,2.6,13475.8,10.800,133,90,214
2026-07-28T19:39:54Z,-11.6369730,166.9546902,2.4,13486.6,10.844,133,90,214
2026-07-28T19:39:55Z,-11.6370562,166.9546366,2.4,13497.8,10.886,133,89,215
2026-07-28T19:39:56Z,-11.6371313,166.9545829,2.2,13508.3,10.922,134,89,214
2026-07-28T19:39:57Z,-11.6372077,166.9544971,2.2,13519.4,10.957,134,91,215
2026-07-28T19:39:58Z,-11.6372748,166.9544435,2.0,13530.3,10.991,134,91,215
2026-07-28T19:39:59Z,-11.6373338,166.9543469,2.0,13541.5,11.023,134,92,214
2026-07-28T19:40:00Z,-11.6373686,166.9542611,1.8,13552.4,11.050,134,92,214
2026-07-28T19:40:01Z,-11.6373727,166.9541538,1.6,13563.8,11.062,135,92,214
2026-07-28T19:40:02Z,-11.6373432,166.9540572,1.6,13574.4,11.047,135,92,214
2026-07-28T19:40:03Z,-11.6372868,166.9539821,1.6,13585.6,11.008,135,91,214
2026-07-28T19:40:04Z,-11.6372211,166.9539070,1.6,13596.6,10.957,135,91,215
2026-07-28T19:40:05Z,-11.6371514,166.9538319,1.6,13607.4,10.904,135,91,215
2026-07-28T19:40:06Z,-11.6370763,166.9537675,1.6,13618.4,10.846,0,91,214
2026-07-28T19:40:07Z,-11.6369998,166.9537139,1.6,13629.3,10.788,0,91,214
2026-07-28T19:40:08Z,-11.6369207,166.9536495,1.6,13640.1,10.731,0,91,215
2026-07-28T19:40:09Z,-11.6368443,166.9535851,1.6,13650.7,10.678,0,90,215
2026-07-28T19:40:10Z,-11.6367652,166.9535208,1.6,13661.5,10.624,0,90,214
2026-07-28T19:40:11Z,-11.6366860,166.9534779,1.6,13672.0,10.573,0,89,214
2026-07-28T19:40:12Z,-11.6366082,166.9534242,1.6,13682.7,10.523,0,89,215
2026-07-28T19:40:13Z,-11.6365318,166.9533598,1.6,13693.1,10.477,134,89,215
2026-07-28T19:40:14Z,-11.6364540,166.9533169,1.6,13703.5,10.433,134,89,215
2026-07-28T19:40:15Z,-11.6363762,166.9532526,1.6,13713.9,10.391,134,90,215
2026-07-28T19:40:16Z,-11.6362998,166.9532096,1.6,13724.4,10.351,133,90,215
2026-07-28T19:40:17Z,-11.6362247,166.9531453,1.6,13734.6,10.313,133,91,215
2026-07-28T19:40:18Z,-11.6361509,166.9530809,1.6,13744.8,10.278,133,91,215
2026-07-28T19:40:19Z,-11.6360785,166.9530380,1.6,13755.0,10.245,133,90,215
2026-07-28T19:40:20Z,-11.6360034,166.9529736,1.6,13765.5,10.212,133,91,214
2026-07-28T19:40:21Z,-11.6359337,166.9529200,1.6,13775.5,10.182,133,91,214
2026-07-28T19:40:22Z,-11.6358653,166.9528556,1.6,13785.6,10.154,132,90,215
2026-07-28T19:40:23Z,-11.6357982,166.9527912,1.6,13795.9,10.129,132,91,216
2026-07-28T19:40:24Z,-11.6357352,166.9527161,1.6,13805.8,10.108,133,94,214
2026-07-28T19:40:25Z,-11.6356735,166.9526517,1.6,13816.2,10.086,132,94,214
2026-07-28T19:40:26Z,-11.6356185,166.9525766,1.6,13826.0,10.067,132,94,214
2026-07-28T19:40:27Z,-11.6355689,166.9525015,1.6,13836.3,10.051,131,93,215
2026-07-28T19:40:28Z,-11.6355300,166.9524157,1.6,13846.4,10.040,131,93,214
2026-07-28T19:40:29Z,-11.6355005,166.9523406,1.6,13856.5,10.031,131,93,215
2026-07-28T19:40:30Z,-11.6354777,166.9522440,1.6,13866.7,10.024,131,93,215
2026-07-28T19:40:31Z,-11.6354616,166.9521475,1.6,13876.6,10.018,131,93,215
2026-07-28T19:40:32Z,-11.6354536,166.9520617,1.6,13886.2,10.013,131,94,214
2026-07-28T19:40:33Z,-11.6354509,166.9519651,1.6,13896.2,10.007,131,94,214
2026-07-28T19:40:34Z,-11.6354522,166.9518793,1.6,13906.4,10.002,131,94,215
2026-07-28T19:40:35Z,-11.6354603,166.9517827,1.6,13916.4,9.999,132,94,215
2026-07-28T19:40:36Z,-11.6354710,166.9516969,1.6,13926.3,9.996,132,94,214
2026-07-28T19:40:37Z,-11.6354871,166.9516003,1.6,13936.2,9.992,132,94,215
2026-07-28T19:40:38Z,-11.6355018,166.9515252,1.6,13946.1,9.998,132,94,214
2026-07-28T19:40:39Z,-11.6355179,166.9514179,1.6,13956.4,10.017,132,93,215
2026-07-28T19:40:40Z,-11.6355407,166.9513428,1.6,13966.2,10.054,132,93,214
2026-07-28T19:40:41Z,-11.6355702,166.9512570,1.6,13976.3,10.127,132,93,214
2026-07-28T19:40:42Z,-11.6356051,166.9511604,1.6,13986.8,10.258,132,92,214
2026-07-28T19:40:43Z,-11.6356413,166.9510639,1.6,13997.2,10.456,132,92,214
2026-07-28T19:40:44Z,-11.6356762,166.9509888,1.6,14007.4,10.619,132,92,215
2026-07-28T19:40:45Z,-11.6357124,166.9509029,1.6,14018.2,10.665,133,92,214
2026-07-28T19:40:46Z,-11.6357526,166.9508064,1.6,14029.1,10.647,133,92,215
2026-07-28T19:40:47Z,-11.6357955,166.9507205,1.6,14039.6,10.602,133,92,214
2026-07-28T19:40:48Z,-11.6358438,166.9506454,1.6,14050.0,10.559,133,92,214
2026-07-28T19:40:49Z,-11.6358934,166.9505489,1.6,14060.5,10.518,133,92,214
2026-07-28T19:40:50Z,-11.6359417,166.9504738,1.6,14071.0,10.479,133,92,214
2026-07-28T19:40:51Z,-11.6359913,166.9503987,1.6,14081.2,10.450,133,92,214
2026-07-28T19:40:52Z,-11.6360490,166.9503236,1.6,14091.9,10.428,133,92,215
2026-07-28T19:40:53Z,-11.6361053,166.9502485,1.6,14102.1,10.415,133,92,215
2026-07-28T19:40:54Z,-11.6361684,166.9501734,1.4,14112.8,10.407,134,93,215
2026-07-28T19:40:55Z,-11.6362341,166.9500875,1.4,14123.3,10.401,134,94,214
2026-07-28T19:40:56Z,-11.6362998,166.9500339,1.4,14133.6,10.396,134,95,215
2026-07-28T19:40:57Z,-11.6363695,166.9499695,1.4,14144.3,10.392,134,94,215
2026-07-28T19:40:58Z,-11.6364366,166.9499052,1.4,14154.2,10.387,134,94,215
2026-07-28T19:40:59Z,-11.6365117,166.9498515,1.4,14165.0,10.378,135,94,214
2026-07-28T19:41:00Z,-11.6365828,166.9497871,1.4,14175.1,10.366,135,94,214
2026-07-28T19:41:01Z,-11.6366605,166.9497228,1.2,14185.8,10.348,135,94,215
2026-07-28T19:41:02Z,-11.6367330,166.9496691,1.2,14195.8,10.326,136,93,214
2026-07-28T19:41:03Z,-11.6368094,166.9496155,1.2,14206.1,10.302,136,93,214
2026-07-28T19:41:04Z,-11.6368885,166.9495618,1.2,14216.9,10.285,136,92,214
2026-07-28T19:41:05Z,-11.6369610,166.9495082,1.4,14226.5,10.278,136,92,215
2026-07-28T19:41:06Z,-11.6370401,166.9494545,1.4,14237.1,10.276,136,92,215
2026-07-28T19:41:07Z,-11.6371192,166.9494009,1.4,14247.3,10.263,136,93,215
2026-07-28T19:41:08Z,-11.6371983,166.9493580,1.4,14257.4,10.186,135,94,214
2026-07-28T19:41:09Z,-11.6372801,166.9493151,1.6,14268.1,10.084,135,90,214
2026-07-28T19:41:10Z,-11.6373526,166.9492722,1.6,14277.7,10.001,135,90,214
2026-07-28T19:41:11Z,-11.6374330,166.9492078,1.8,14288.0,9.936,135,90,214
2026-07-28T19:41:12Z,-11.6375121,166.9491756,2.0,14297.5,9.859,135,89,214
2026-07-28T19:41:13Z,-11.6375940,166.9491327,2.0,14307.7,9.775,135,89,214
2026-07-28T19:41:14Z,-11.6376704,166.9491005,2.2,14316.9,9.691,135,89,214
2026-07-28T19:41:15Z,-11.6377549,166.9490683,2.4,14327.0,9.555,134,88,215
2026-07-28T19:41:16Z,-11.6378327,166.9490361,2.6,14336.3,9.419,134,88,215
2026-07-28T19:41:17Z,-11.6379105,166.9490039,2.6,14345.6,9.285,134,88,215
2026-07-28T19:41:18Z,-11.6379882,166.9489825,2.8,14354.8,9.152,134,89,214
2026-07-28T19:41:19Z,-11.6380647,166.9489503,3.0,14363.7,9.022,134,88,214
2026-07-28T19:41:20Z,-11.6381451,166.9489181,3.2,14373.3,8.894,134,88,215
2026-07-28T19:41:21Z,-11.6382149,166.9488859,3.4,14381.5,8.800,133,87,214
2026-07-28T19:41:22Z,-11.6382927,166.9488537,3.6,14390.6,8.706,134,87,214
2026-07-28T19:41:23Z,-11.6383651,166.9488430,3.8,14399.1,8.622,133,87,214
2026-07-28T19:41:24Z,-11.6384389,166.9488108,3.8,14407.9,8.524,133,86,214
2026-07-28T19:41:25Z,-11.6385113,166.9487786,4.0,14416.3,8.408,133,86,214
2026-07-28T19:41:26Z,-11.6385810,166.9487464,4.2,14424.5,8.297,133,86,214
2026-07-28T19:41:27Z,-11.6386534,166.9487357,4.4,14433.0,8.187,133,85,214
2026-07-28T19:41:28Z,-11.6387165,166.9487035,4.6,14440.6,8.100,133,85,214
2026-07-28T19:41:29Z,-11.6387862,166.9486713,4.8,14448.9,8.018,133,85,215
2026-07-28T19:41:30Z,-11.6388546,166.9486392,5.0,14457.2,7.949,133,85,215
2026-07-28T19:41:31Z,-11.6389163,166.9486177,5.2,14464.9,7.891,133,85,214
2026-07-28T19:41:32Z,-11.6389793,166.9485641,5.4,14472.9,7.801,133,85,214
2026-07-28T19:41:33Z,-11.6390370,166.9485319,5.6,14480.3,7.709,133,85,215
2026-07-28T19:41:34Z,-11.6390973,166.9485104,5.8,14488.1,7.602,132,86,215
2026-07-28T19:41:35Z,-11.6391563,166.9484568,6.0,14495.9,7.481,132,86,214
2026-07-28T19:41:36Z,-11.6392113,166.9484246,6.2,14503.3,7.350,133,86,214
2026-07-28T19:41:37Z,-11.6392609,166.9483817,6.4,14510.2,7.211,132,85,215
2026-07-28T19:41:38Z,-11.6393106,166.9483387,6.8,14517.5,7.047,132,85,214
2026-07-28T19:41:39Z,-11.6393575,166.9482958,7.0,14524.8,6.876,133,84,215
2026-07-28T19:41:40Z,-11.6393964,166.9482422,7.2,14531.5,6.728,133,84,215
2026-07-28T19:41:41Z,-11.6394326,166.9481993,7.4,14537.9,6.597,133,84,214
2026-07-28T19:41:42Z,-11.6394675,166.9481564,7.8,14544.6,6.482,133,84,215
2026-07-28T19:41:43Z,-11.6395010,166.9481134,8.0,14550.8,6.398,133,85,214
2026-07-28T19:41:44Z,-11.6395319,166.9480598,8.2,14557.1,6.331,134,85,214
2026-07-28T19:41:45Z,-11.6395614,166.9480062,8.4,14563.8,6.279,134,85,214
2026-07-28T19:41:46Z,-11.6395909,166.9479525,8.6,14569.9,6.245,133,85,214
2026-07-28T19:41:47Z,-11.6396190,166.9479096,8.8,14576.1,6.212,133,85,215
2026-07-28T19:41:48Z,-11.6396472,166.9478667,9.0,14582.2,6.183,133,85,214
2026-07-28T19:41:49Z,-11.6396727,166.9478023,9.0,14588.3,6.156,134,84,214
2026-07-28T19:41:50Z,-11.6396981,166.9477594,9.2,14594.6,6.131,133,84,214
2026-07-28T19:41:51Z,-11.6397223,166.9477165,9.4,14600.6,6.111,133,84,215
2026-07-28T19:41:52Z,-11.6397464,166.9476521,9.6,14606.8,6.096,133,84,214
2026-07-28T19:41:53Z,-11.6397692,166.9476092,9.8,14612.9,6.081,133,84,215
2026-07-28T19:41:54Z,-11.6397920,166.9475555,10.0,14619.1,6.071,133,84,215
2026-07-28T19:41:55Z,-11.6398135,166.9475019,10.2,14625.1,6.062,133,85,214
2026-07-28T19:41:56Z,-11.6398363,166.9474483,10.4,14631.1,6.053,133,86,214
2026-07-28T19:41:57Z,-11.6398577,166.9474053,10.6,14637.3,6.048,133,86,214
2026-07-28T19:41:58Z,-11.6398792,166.9473410,10.8,14643.3,6.045,132,86,214
2026-07-28T19:41:59Z,-11.6398993,166.9472980,10.8,14649.1,6.044,132,86,215
2026-07-28T19:42:00Z,-11.6399208,166.9472551,11.0,14655.2,6.047,133,87,215
2026-07-28T19:42:01Z,-11.6399409,166.9472122,11.2,14661.2,6.052,133,87,214
2026-07-28T19:42:02Z,-11.6399637,166.9471478,11.4,14667.3,6.059,133,87,215
2026-07-28T19:42:03Z,-11.6399838,166.9471049,11.6,14673.4,6.075,133,88,214
2026-07-28T19:42:04Z,-11.6400066,166.9470406,11.8,14679.6,6.095,133,88,215
2026-07-28T19:42:05Z,-11.6400281,166.9469976,11.8,14685.7,6.112,133,87,214
2026-07-28T19:42:06Z,-11.6400509,166.9469440,12.0,14691.7,6.124,133,87,215
2026-07-28T19:42:07Z,-11.6400737,166.9468904,12.2,14697.8,6.142,134,88,214
2026-07-28T19:42:08Z,-11.6400965,166.9468474,12.4,14704.1,6.162,134,88,215
2026-07-28T19:42:09Z,-11.6401193,166.9467938,12.6,14710.2,6.185,134,89,215
2026-07-28T19:42:10Z,-11.6401447,166.9467402,12.6,14716.5,6.216,134,89,215
2026-07-28T19:42:11Z,-11.6401702,166.9466865,12.8,14722.8,6.251,134,89,214
2026-07-28T19:42:12Z,-11.6401970,166.9466436,13.0,14728.9,6.292,134,89,215
2026-07-28T19:42:13Z,-11.6402252,166.9465792,13.0,14735.2,6.346,134,89,215
2026-07-28T19:42:14Z,-11.6402547,166.9465363,13.2,14741.6,6.419,134,89,214
2026-07-28T19:42:15Z,-11.6402882,166.9464934,13.4,14748.2,6.528,134,89,214
2026-07-28T19:42:16Z,-11.6403204,166.9464505,13.4,14754.7,6.670,134,89,215
2026-07-28T19:42:17Z,-11.6403553,166.9463861,13.4,14761.5,6.856,134,89,214
2026-07-28T19:42:18Z,-11.6403955,166.9463432,13.4,14768.5,7.056,134,89,214
2026-07-28T19:42:19Z,-11.6404371,166.9462895,13.4,14775.7,7.275,133,88,215
2026-07-28T19:42:20Z,-11.6404800,166.9462359,13.4,14782.9,7.515,133,88,214
2026-07-28T19:42:21Z,-11.6405310,166.9461823,13.2,14790.7,7.785,133,88,214
2026-07-28T19:42:22Z,-11.6405873,166.9461393,13.2,14798.4,8.033,133,87,215
2026-07-28T19:42:23Z,-11.6406544,166.9461071,13.0,14806.9,8.252,132,87,215
2026-07-28T19:42:24Z,-11.6407254,166.9460750,13.0,14815.2,8.378,132,87,215
2026-07-28T19:42:25Z,-11.6407992,166.9460642,13.2,14823.6,8.401,132,88,215
2026-07-28T19:42:26Z,-11.6408743,166.9460642,13.2,14832.0,8.360,132,92,215
2026-07-28T19:42:27Z,-11.6409494,166.9460642,13.4,14840.3,8.296,132,93,215
2026-07-28T19:42:28Z,-11.6410218,166.9460750,13.6,14848.4,8.221,132,93,215
2026-07-28T19:42:29Z,-11.6410969,166.9460964,13.8,14856.8,8.138,132,93,214
2026-07-28T19:42:30Z,-11.6411680,166.9461071,14.0,14864.9,8.054,132,92,214
2026-07-28T19:42:31Z,-11.6412364,166.9461286,14.0,14872.8,7.972,133,92,214
2026-07-28T19:42:32Z,-11.6413034,166.9461393,14.2,14880.6,7.891,133,91,215
2026-07-28T19:42:33Z,-11.6413705,166.9461715,14.4,14888.4,7.813,134,91,214
2026-07-28T19:42:34Z,-11.6414349,166.9462037,14.6,14896.0,7.737,134,92,215
2026-07-28T19:42:35Z,-11.6414993,166.9462359,14.8,14903.9,7.664,135,92,214
2026-07-28T19:42:36Z,-11.6415609,166.9462574,15.0,14911.6,7.593,135,90,214
2026-07-28T19:42:37Z,-11.6416119,166.9463110,15.2,14919.2,7.539,135,90,214
2026-07-28T19:42:38Z,-11.6416334,166.9463646,15.2,14926.7,7.497,135,89,214
2026-07-28T19:42:39Z,-11.6416280,166.9464290,15.4,14934.1,7.507,136,89,215
2026-07-28T19:42:40Z,-11.6416052,166.9465041,15.4,14941.8,7.573,136,89,214
2026-07-28T19:42:41Z,-11.6415797,166.9465685,15.6,14949.3,7.655,136,89,214
2026-07-28T19:42:42Z,-11.6415730,166.9466329,15.6,14957.0,7.758,136,89,214
2026-07-28T19:42:43Z,-11.6416173,166.9466865,15.4,14964.9,7.964,136,89,215
2026-07-28T19:42:44Z,-11.6416749,166.9467402,15.4,14972.9,8.218,136,89,214
2026-07-28T19:42:45Z,-11.6417406,166.9467831,15.4,14981.4,8.491,136,90,214
2026-07-28T19:42:46Z,-11.6418064,166.9468153,15.2,14989.9,8.758,136,89,214
2026-07-28T19:42:47Z,-11.6418613,166.9468689,15.2,14998.9,9.025,136,89,214
2026-07-28T19:42:48Z,-11.6418815,166.9469440,15.2,15008.1,9.258,136,89,215
2026-07-28T19:42:49Z,-11.6418546,166.9470406,15.2,15017.3,9.213,136,89,214
2026-07-28T19:42:50Z,-11.6418037,166.9471049,15.2,15026.6,9.274,136,89,214
2026-07-28T19:42:51Z,-11.6417366,166.9471478,15.0,15035.8,9.415,135,90,215
2026-07-28T19:42:52Z,-11.6416615,166.9471908,15.0,15045.1,9.551,135,90,215
2026-07-28T19:42:53Z,-11.6415811,166.9472229,14.8,15054.8,9.688,135,90,215
2026-07-28T19:42:54Z,-11.6414966,166.9472551,14.8,15064.8,9.835,135,90,215
2026-07-28T19:42:55Z,-11.6414161,166.9472873,14.6,15074.5,9.987,134,90,215
2026-07-28T19:42:56Z,-11.6413343,166.9473302,14.4,15084.9,10.179,135,91,215
2026-07-28T19:42:57Z,-11.6412699,166.9474053,14.0,15094.8,10.437,135,91,214
2026-07-28T19:42:58Z,-11.6412458,166.9475019,13.4,15105.8,10.935,135,91,214
2026-07-28T19:42:59Z,-11.6412579,166.9475877,12.8,15116.7,11.422,135,91,214
2026-07-28T19:43:00Z,-11.6412820,166.9476950,12.2,15128.5,11.840,136,91,215
2026-07-28T19:43:01Z,-11.6412981,166.9478023,11.6,15140.5,12.130,135,91,214
2026-07-28T19:43:02Z,-11.6412753,166.9479096,11.4,15152.6,12.186,135,91,215
2026-07-28T19:43:03Z,-11.6412055,166.9480062,11.6,15164.7,11.854,135,91,215
2026-07-28T19:43:04Z,-11.6411144,166.9480598,12.2,15176.5,11.265,135,91,215
2026-07-28T19:43:05Z,-11.6410285,166.9480920,13.0,15187.0,10.652,135,91,215
2026-07-28T19:43:06Z,-11.6409427,166.9481349,13.6,15197.3,10.005,135,93,214
2026-07-28T19:43:07Z,-11.6408649,166.9481885,14.2,15207.4,9.343,135,92,214
2026-07-28T19:43:08Z,-11.6408126,166.9482422,14.8,15216.3,8.755,135,92,214
2026-07-28T19:43:09Z,-11.6408019,166.9483173,15.2,15224.8,8.481,135,92,215
2026-07-28T19:43:10Z,-11.6408126,166.9484031,15.2,15233.4,8.412,134,92,214
2026-07-28T19:43:11Z,-11.6408367,166.9484782,15.4,15241.7,8.441,134,92,214
2026-07-28T19:43:12Z,-11.6408676,166.9485319,15.4,15250.1,8.534,134,91,215
2026-07-28T19:43:13Z,-11.6409065,166.9486177,15.2,15258.8,8.684,134,91,215
2026-07-28T19:43:14Z,-11.6409507,166.9486713,15.2,15267.5,8.889,134,91,215
2026-07-28T19:43:15Z,-11.6410071,166.9487357,14.8,15276.9,9.201,134,92,214
2026-07-28T19:43:16Z,-11.6410755,166.9488001,14.4,15286.2,9.726,133,92,215
2026-07-28T19:43:17Z,-11.6411559,166.9488215,13.6,15296.3,10.417,133,92,214
2026-07-28T19:43:18Z,-11.6412498,166.9488537,12.8,15307.1,11.119,133,92,214
2026-07-28T19:43:19Z,-11.6413531,166.9488752,12.0,15318.6,11.704,133,91,215
2026-07-28T19:43:20Z,-11.6414550,166.9488430,11.6,15330.3,11.916,133,91,215
2026-07-28T19:43:21Z,-11.6415435,166.9487786,12.0,15342.1,11.583,133,91,215
2026-07-28T19:43:22Z,-11.6416146,166.9487035,12.4,15353.4,11.058,133,92,214
2026-07-28T19:43:23Z,-11.6416749,166.9486284,13.0,15364.0,10.507,134,91,214
2026-07-28T19:43:24Z,-11.6417299,166.9485533,13.6,15374.4,9.980,134,91,214
2026-07-28T19:43:25Z,-11.6417769,166.9484782,14.0,15384.3,9.550,134,90,215
2026-07-28T19:43:26Z,-11.6418131,166.9484031,14.2,15393.4,9.275,134,90,215
2026-07-28T19:43:27Z,-11.6418399,166.9483173,14.4,15402.8,9.096,134,91,215
2026-07-28T19:43:28Z,-11.6418546,166.9482315,14.6,15411.8,8.994,134,91,214
2026-07-28T19:43:29Z,-11.6418681,166.9481564,14.6,15420.4,8.938,134,91,215
2026-07-28T19:43:30Z,-11.6418855,166.9480813,14.8,15429.6,8.910,134,92,215
2026-07-28T19:43:31Z,-11.6419217,166.9480062,14.8,15438.3,8.899,135,93,214
2026-07-28T19:43:32Z,-11.6419874,166.9479525,14.8,15447.5,8.920,135,92,214
2026-07-28T19:43:33Z,-11.6420652,166.9479418,14.8,15456.5,9.023,135,92,215
2026-07-28T19:43:34Z,-11.6421470,166.9479311,14.8,15465.5,9.152,135,92,215
2026-07-28T19:43:35Z,-11.6422248,166.9479096,14.8,15474.5,9.231,135,92,214
2026-07-28T19:43:36Z,-11.6422945,166.9478452,14.8,15484.0,9.198,135,93,214
2026-07-28T19:43:37Z,-11.6423522,166.9478023,15.0,15493.1,9.098,135,92,214
2026-07-28T19:43:38Z,-11.6424045,166.9477272,15.2,15502.1,8.988,135,91,215
2026-07-28T19:43:39Z,-11.6424541,166.9476628,15.2,15511.0,8.891,135,91,214
2026-07-28T19:43:40Z,-11.6425064,166.9476092,15.4,15519.8,8.821,134,91,215
2026-07-28T19:43:41Z,-11.6425668,166.9475555,15.4,15528.6,8.813,134,91,214
2026-07-28T19:43:42Z,-11.6426419,166.9475341,15.2,15537.5,8.979,134,91,215
2026-07-28T19:43:43Z,-11.6427210,166.9475555,14.8,15546.7,9.555,134,91,215
2026-07-28T19:43:44Z,-11.6427934,166.9476092,14.0,15556.6,10.239,134,91,214
2026-07-28T19:43:45Z,-11.6428658,166.9476628,13.6,15567.1,10.600,134,90,214
2026-07-28T19:43:46Z,-11.6429490,166.9477165,14.6,15577.3,9.892,134,89,215
2026-07-28T19:43:47Z,-11.6430241,166.9477594,15.6,15586.8,8.978,134,89,214
2026-07-28T19:43:48Z,-11.6430871,166.9478023,15.8,15595.7,8.667,134,90,214
2026-07-28T19:43:49Z,-11.6431434,166.9478452,15.8,15604.2,8.758,134,90,214
2026-07-28T19:43:50Z,-11.6432038,166.9479096,15.6,15613.2,8.964,134,91,214
2026-07-28T19:43:51Z,-11.6432655,166.9479740,15.6,15622.2,9.185,134,89,214
2026-07-28T19:43:52Z,-11.6433285,166.9480169,15.4,15631.5,9.428,134,90,215
2026-07-28T19:43:53Z,-11.6433875,166.9480813,15.2,15641.2,9.682,134,90,215
2026-07-28T19:43:54Z,-11.6434439,166.9481564,14.8,15651.0,9.939,134,90,214
2026-07-28T19:43:55Z,-11.6434868,166.9482315,14.6,15661.1,10.197,134,90,214
2026-07-28T19:43:56Z,-11.6434948,166.9483173,14.2,15671.5,10.431,134,90,214
2026-07-28T19:43:57Z,-11.6434546,166.9484138,14.0,15681.8,10.625,134,90,214
2026-07-28T19:43:58Z,-11.6433835,166.9484782,13.8,15692.7,10.829,134,89,215
2026-07-28T19:43:59Z,-11.6433017,166.9485319,13.4,15703.5,11.000,135,89,214
2026-07-28T19:44:00Z,-11.6432145,166.9485855,13.2,15714.4,11.132,135,88,215
2026-07-28T19:44:01Z,-11.6431233,166.9486284,13.0,15725.8,11.230,135,88,214
2026-07-28T19:44:02Z,-11.6430335,166.9486928,12.8,15737.1,11.278,135,89,214
2026-07-28T19:44:03Z,-11.6429490,166.9487357,12.8,15748.3,11.268,135,88,215
2026-07-28T19:44:04Z,-11.6428725,166.9488108,12.8,15759.7,11.169,135,88,215
2026-07-28T19:44:05Z,-11.6428149,166.9488859,13.0,15770.7,10.927,135,89,215
2026-07-28T19:44:06Z,-11.6427720,166.9489825,13.4,15781.3,10.568,135,89,215
2026-07-28T19:44:07Z,-11.6427344,166.9490683,13.8,15791.8,10.140,135,89,214
2026-07-28T19:44:08Z,-11.6427049,166.9491434,14.2,15801.6,9.694,135,90,215
2026-07-28T19:44:09Z,-11.6426808,166.9492400,14.8,15811.2,9.221,135,90,215
2026-07-28T19:44:10Z,-11.6426647,166.9493151,15.2,15820.2,8.747,135,89,214
2026-07-28T19:44:11Z,-11.6426526,166.9493902,15.8,15828.4,8.279,135,89,214
2026-07-28T19:44:12Z,-11.6426486,166.9494653,16.4,15836.5,7.782,135,89,214
2026-07-28T19:44:13Z,-11.6426553,166.9495296,16.8,15844.0,7.273,136,88,215
2026-07-28T19:44:14Z,-11.6426700,166.9495940,17.4,15851.0,6.755,136,88,215
2026-07-28T19:44:15Z,-11.6426982,166.9496477,18.0,15857.7,6.227,136,88,214
2026-07-28T19:44:16Z,-11.6427371,166.9496799,18.4,15863.6,5.783,136,88,215
2026-07-28T19:44:17Z,-11.6427800,166.9497120,18.6,15869.2,5.499,136,88,214
2026-07-28T19:44:18Z,-11.6428229,166.9497228,19.0,15874.5,5.286,136,89,213
2026-07-28T19:44:19Z,-11.6428672,166.9497550,19.2,15879.8,5.111,136,87,214
2026-07-28T19:44:20Z,-11.6429114,166.9497764,19.6,15885.0,4.978,136,86,214
2026-07-28T19:44:21Z,-11.6429517,166.9497871,19.8,15889.6,4.883,136,86,214
2026-07-28T19:44:22Z,-11.6429946,166.9497871,20.0,15894.7,4.805,136,86,215
2026-07-28T19:44:23Z,-11.6430362,166.9497979,20.2,15899.3,4.759,136,87,215
2026-07-28T19:44:24Z,-11.6430777,166.9498193,20.6,15904.0,4.729,136,88,215
2026-07-28T19:44:25Z,-11.6431206,166.9498193,20.8,15908.8,4.719,136,88,215
2026-07-28T19:44:26Z,-11.6431622,166.9498301,21.0,15913.5,4.723,136,88,214
2026-07-28T19:44:27Z,-11.6432051,166.9498301,21.2,15918.4,4.741,136,88,214
2026-07-28T19:44:28Z,-11.6432467,166.9498515,21.4,15923.0,4.762,136,87,214
2026-07-28T19:44:29Z,-11.6432896,166.9498515,21.6,15927.9,4.791,136,86,213
2026-07-28T19:44:30Z,-11.6433312,166.9498515,21.6,15932.5,4.828,136,84,214
2026-07-28T19:44:31Z,-11.6433768,166.9498515,21.8,15937.5,4.885,136,83,215
2026-07-28T19:44:32Z,-11.6434211,166.9498622,22.0,15942.3,4.952,136,84,215
2026-07-28T19:44:33Z,-11.6434680,166.9498622,22.2,15947.6,5.037,136,84,214
2026-07-28T19:44:34Z,-11.6435122,166.9498622,22.4,15952.5,5.125,135,84,215
2026-07-28T19:44:35Z,-11.6435578,166.9498515,22.4,15957.6,5.231,136,85,215
2026-07-28T19:44:36Z,-11.6436061,166.9498515,22.6,15962.8,5.353,136,85,214
2026-07-28T19:44:37Z,-11.6436557,166.9498515,22.8,15968.6,5.498,136,86,214
2026-07-28T19:44:38Z,-11.6437040,166.9498301,22.8,15974.0,5.652,136,86,214
2026-07-28T19:44:39Z,-11.6437536,166.9498193,22.8,15979.7,5.831,136,85,215
2026-07-28T19:44:40Z,-11.6438060,166.9497979,23.0,15985.6,6.036,136,85,214
2026-07-28T19:44:41Z,-11.6438596,166.9497871,23.0,15991.9,6.276,135,84,214
2026-07-28T19:44:42Z,-11.6439106,166.9497550,23.0,15998.2,6.542,135,83,214
2026-07-28T19:44:43Z,-11.6439655,166.9497228,22.8,16005.0,6.857,135,83,213
2026-07-28T19:44:44Z,-11.6440178,166.9496906,22.8,16011.9,7.208,135,82,214
2026-07-28T19:44:45Z,-11.6440715,166.9496477,22.6,16019.4,7.627,135,81,214
2026-07-28T19:44:46Z,-11.6441211,166.9496047,22.2,16026.9,8.061,135,81,215
2026-07-28T19:44:47Z,-11.6441721,166.9495618,22.0,16035.4,8.542,134,83,215
2026-07-28T19:44:48Z,-11.6442217,166.9494975,21.6,16044.1,9.012,134,84,215
2026-07-28T19:44:49Z,-11.6442713,166.9494224,21.2,16053.3,9.485,134,84,214
2026-07-28T19:44:50Z,-11.6443236,166.9493473,20.8,16063.7,9.978,134,83,214
2026-07-28T19:44:51Z,-11.6443719,166.9492722,20.2,16073.7,10.417,134,82,215
2026-07-28T19:44:52Z,-11.6444202,166.9491971,19.8,16084.0,10.840,134,82,214
2026-07-28T19:44:53Z,-11.6444711,166.9491005,19.2,16095.3,11.269,134,82,214
2026-07-28T19:44:54Z,-11.6445234,166.9490039,18.6,16107.1,11.682,134,82,215
2026-07-28T19:44:55Z,-11.6445731,166.9489074,18.0,16118.7,12.056,134,82,215
2026-07-28T19:44:56Z,-11.6446254,166.9488108,17.2,16131.2,12.430,134,82,215
2026-07-28T19:44:57Z,-11.6446750,166.9487143,16.6,16143.1,12.763,134,83,215
2026-07-28T19:44:58Z,-11.6447286,166.9485962,15.8,16156.5,13.104,134,84,215
2026-07-28T19:44:59Z,-11.6447823,166.9484890,15.2,16169.6,13.415,134,86,215
2026-07-28T19:45:00Z,-11.6448386,166.9483817,14.4,16183.2,13.716,133,88,215
2026-07-28T19:45:01Z,-11.6448949,166.9482744,13.6,16196.9,13.991,133,88,214
2026-07-28T19:45:02Z,-11.6449553,166.9481564,12.8,16211.1,14.255,133,89,215
2026-07-28T19:45:03Z,-11.6450223,166.9480491,12.0,16226.0,14.505,133,89,214
2026-07-28T19:45:04Z,-11.6450934,166.9479311,11.2,16240.3,14.716,133,90,214
2026-07-28T19:45:05Z,-11.6451806,166.9478345,10.4,16254.9,14.885,133,90,214
2026-07-28T19:45:06Z,-11.6453040,166.9477701,9.8,16270.0,14.981,134,89,214
2026-07-28T19:45:07Z,-11.6454247,166.9478345,9.6,16285.0,14.795,134,89,214
2026-07-28T19:45:08Z,-11.6455038,166.9479311,9.8,16299.3,14.345,134,88,215
2026-07-28T19:45:09Z,-11.6455668,166.9480491,10.2,16313.1,13.864,134,87,214
2026-07-28T19:45:10Z,-11.6456634,166.9481349,10.2,16327.8,13.473,134,87,214
2026-07-28T19:45:11Z,-11.6457546,166.9481993,10.2,16340.2,13.223,135,88,215
2026-07-28T19:45:12Z,-11.6458538,166.9482636,10.4,16353.4,12.965,135,88,215
2026-07-28T19:45:13Z,-11.6459531,166.9483387,10.4,16366.6,12.736,135,89,214
2026-07-28T19:45:14Z,-11.6460483,166.9484031,10.4,16379.2,12.528,135,89,214
2026-07-28T19:45:15Z,-11.6461408,166.9484568,10.4,16391.5,12.337,135,89,214
2026-07-28T19:45:16Z,-11.6462360,166.9485211,10.4,16404.1,12.149,135,90,214
2026-07-28T19:45:17Z,-11.6463205,166.9485855,10.4,16415.4,11.989,135,90,215
2026-07-28T19:45:18Z,-11.6464090,166.9486392,10.4,16427.3,11.831,134,91,214
2026-07-28T19:45:19Z,-11.6465002,166.9487035,10.4,16439.3,11.679,134,91,214
2026-07-28T19:45:20Z,-11.6465874,166.9487679,10.4,16451.1,11.551,134,90,214
2026-07-28T19:45:21Z,-11.6466732,166.9488215,10.4,16462.5,11.459,134,90,214
2026-07-28T19:45:22Z,-11.6467577,166.9488859,10.4,16473.7,11.392,134,90,215
2026-07-28T19:45:23Z,-11.6468436,166.9489288,10.4,16485.1,11.303,135,89,214
2026-07-28T19:45:24Z,-11.6469254,166.9489932,10.4,16496.1,11.214,134,89,214
2026-07-28T19:45:25Z,-11.6470125,166.9490576,10.4,16507.8,11.124,134,90,214
2026-07-28T19:45:26Z,-11.6470984,166.9491112,10.4,16519.2,11.042,134,90,214
2026-07-28T19:45:27Z,-11.6471775,166.9491649,10.4,16529.7,10.965,134,89,215
2026-07-28T19:45:28Z,-11.6472606,166.9492185,10.4,16540.9,10.860,135,89,213
2026-07-28T19:45:29Z,-11.6473344,166.9492829,10.4,16551.2,10.743,135,88,213
2026-07-28T19:45:30Z,-11.6474095,166.9493473,10.6,16562.3,10.591,134,85,214
2026-07-28T19:45:31Z,-11.6474833,166.9494009,10.6,16572.8,10.423,134,84,214
2026-07-28T19:45:32Z,-11.6475731,166.9494331,10.8,16583.2,10.254,135,83,214
2026-07-28T19:45:33Z,-11.6476589,166.9494009,10.8,16593.2,10.203,135,83,215
2026-07-28T19:45:34Z,-11.6477340,166.9493473,10.8,16603.5,10.218,134,84,215
2026-07-28T19:45:35Z,-11.6477971,166.9492722,10.8,16614.1,10.258,134,85,214
2026-07-28T19:45:36Z,-11.6478480,166.9491971,10.6,16623.8,10.298,134,85,213
2026-07-28T19:45:37Z,-11.6479003,166.9491112,10.6,16634.4,10.341,134,84,214
2026-07-28T19:45:38Z,-11.6479473,166.9490361,10.4,16644.6,10.383,134,84,214
2026-07-28T19:45:39Z,-11.6479956,166.9489503,10.4,16655.2,10.425,134,83,215
2026-07-28T19:45:40Z,-11.6480412,166.9488752,10.4,16665.2,10.464,133,83,215
2026-07-28T19:45:41Z,-11.6480894,166.9488001,10.2,16676.0,10.503,134,83,214
2026-07-28T19:45:42Z,-11.6481364,166.9487035,10.2,16686.2,10.537,134,84,215
2026-07-28T19:45:43Z,-11.6481873,166.9486284,10.0,16696.9,10.571,134,85,216
2026-07-28T19:45:44Z,-11.6482423,166.9485319,10.0,16707.9,10.603,133,86,215
2026-07-28T19:45:45Z,-11.6482960,166.9484568,10.0,16718.1,10.627,133,87,215
2026-07-28T19:45:46Z,-11.6483617,166.9483817,9.8,16729.1,10.649,134,87,214
2026-07-28T19:45:47Z,-11.6484314,166.9483173,9.8,16739.6,10.659,133,87,214
2026-07-28T19:45:48Z,-11.6485173,166.9482744,9.8,16750.3,10.652,133,86,214
2026-07-28T19:45:49Z,-11.6486098,166.9482958,9.8,16760.6,10.609,133,86,214
2026-07-28T19:45:50Z,-11.6486876,166.9483495,9.8,16771.2,10.523,133,86,215
2026-07-28T19:45:51Z,-11.6487466,166.9484246,9.8,16781.9,10.422,133,86,214
2026-07-28T19:45:52Z,-11.6487949,166.9485104,10.0,16792.5,10.320,134,87,215
2026-07-28T19:45:53Z,-11.6488324,166.9485855,10.0,16802.3,10.229,134,87,214
2026-07-28T19:45:54Z,-11.6488700,166.9486713,10.0,16812.7,10.133,134,87,214
2026-07-28T19:45:55Z,-11.6489035,166.9487679,10.2,16822.7,10.046,134,87,214
2026-07-28T19:45:56Z,-11.6489370,166.9488430,10.2,16832.9,9.960,133,87,215
2026-07-28T19:45:57Z,-11.6489679,166.9489288,10.2,16843.0,9.881,133,88,215
2026-07-28T19:45:58Z,-11.6490000,166.9490254,10.4,16852.8,9.807,133,89,214
2026-07-28T19:45:59Z,-11.6490282,166.9491005,10.4,16862.0,9.740,133,89,215
2026-07-28T19:46:00Z,-11.6490604,166.9491756,10.6,16871.8,9.672,133,89,214
2026-07-28T19:46:01Z,-11.6490953,166.9492722,10.6,16882.0,9.604,133,88,214
2026-07-28T19:46:02Z,-11.6491301,166.9493473,10.6,16891.4,9.545,133,88,215
2026-07-28T19:46:03Z,-11.6491650,166.9494224,10.8,16900.5,9.492,133,88,215
2026-07-28T19:46:04Z,-11.6492052,166.9494975,10.8,16910.0,9.439,133,89,214
2026-07-28T19:46:05Z,-11.6492549,166.9495726,11.0,16919.8,9.384,133,90,215
2026-07-28T19:46:06Z,-11.6493098,166.9496369,11.0,16929.0,9.337,133,90,215
2026-07-28T19:46:07Z,-11.6493823,166.9496799,11.0,16938.4,9.295,133,89,214
2026-07-28T19:46:08Z,-11.6494654,166.9496799,11.2,16947.7,9.282,133,90,215
2026-07-28T19:46:09Z,-11.6495472,166.9496477,11.2,16957.2,9.298,133,90,214
2026-07-28T19:46:10Z,-11.6496210,166.9496047,11.2,16966.6,9.327,133,90,215
2026-07-28T19:46:11Z,-11.6496840,166.9495618,11.2,16975.3,9.361,133,90,214
2026-07-28T19:46:12Z,-11.6497524,166.9494975,11.2,16985.3,9.401,133,90,214
2026-07-28T19:46:13Z,-11.6498114,166.9494545,11.2,16994.2,9.433,133,89,214
2026-07-28T19:46:14Z,-11.6498744,166.9493902,11.2,17003.9,9.459,133,89,214
2026-07-28T19:46:15Z,-11.6499321,166.9493258,11.0,17013.3,9.484,133,88,214
2026-07-28T19:46:16Z,-11.6499898,166.9492507,11.0,17022.8,9.510,133,88,214
2026-07-28T19:46:17Z,-11.6500461,166.9491971,11.0,17032.1,9.535,133,88,214
2026-07-28T19:46:18Z,-11.6501038,166.9491327,11.0,17041.7,9.560,133,87,214
2026-07-28T19:46:19Z,-11.6501628,166.9490576,11.0,17051.6,9.585,133,87,215
2026-07-28T19:46:20Z,-11.6502191,166.9489932,11.0,17061.1,9.610,133,87,215
2026-07-28T19:46:21Z,-11.6502781,166.9489288,11.0,17070.8,9.634,133,87,214
2026-07-28T19:46:22Z,-11.6503385,166.9488752,11.0,17080.6,9.657,133,87,215
2026-07-28T19:46:23Z,-11.6504002,166.9488001,11.0,17090.2,9.679,133,87,214
2026-07-28T19:46:24Z,-11.6504632,166.9487464,11.0,17099.4,9.697,133,87,215
2026-07-28T19:46:25Z,-11.6505410,166.9486928,10.8,17109.7,9.716,133,87,214
2026-07-28T19:46:26Z,-11.6506134,166.9486392,10.8,17119.2,9.714,133,87,215
2026-07-28T19:46:27Z,-11.6506939,166.9486177,10.8,17129.1,9.703,133,87,214
2026-07-28T19:46:28Z,-11.6507730,166.9485855,10.8,17138.3,9.690,133,88,215
2026-07-28T19:46:29Z,-11.6508615,166.9485533,10.8,17148.5,9.686,133,88,215
2026-07-28T19:46:30Z,-11.6509460,166.9485533,10.8,17157.9,9.685,133,89,215
2026-07-28T19:46:31Z,-11.6510305,166.9485533,10.8,17167.2,9.683,132,89,215
2026-07-28T19:46:32Z,-11.6511177,166.9485641,10.8,17177.1,9.626,132,90,214
2026-07-28T19:46:33Z,-11.6511981,166.9485855,10.8,17186.3,9.531,133,91,215
2026-07-28T19:46:34Z,-11.6512880,166.9486177,10.8,17196.5,9.432,132,91,214
2026-07-28T19:46:35Z,-11.6513698,166.9486284,10.8,17205.8,9.344,133,91,215
2026-07-28T19:46:36Z,-11.6514502,166.9486606,11.0,17215.1,9.243,133,91,215
2026-07-28T19:46:37Z,-11.6515307,166.9486606,11.0,17224.0,9.157,133,91,215
2026-07-28T19:46:38Z,-11.6516098,166.9486392,10.8,17233.3,9.169,133,91,214
2026-07-28T19:46:39Z,-11.6516729,166.9485855,10.6,17242.6,9.251,133,91,215
2026-07-28T19:46:40Z,-11.6517158,166.9485104,10.4,17252.0,9.379,134,91,214
2026-07-28T19:46:41Z,-11.6517158,166.9484138,10.2,17261.5,9.569,134,92,214
2026-07-28T19:46:42Z,-11.6516836,166.9483387,10.0,17270.8,9.689,134,92,214
2026-07-28T19:46:43Z,-11.6516300,166.9482744,9.8,17280.5,9.817,134,91,214
2026-07-28T19:46:44Z,-11.6515481,166.9482422,9.4,17290.4,10.018,135,91,214
2026-07-28T19:46:45Z,-11.6514529,166.9482422,9.2,17301.0,10.174,135,91,214
2026-07-28T19:46:46Z,-11.6513604,166.9482636,8.8,17311.3,10.279,135,90,214
2026-07-28T19:46:47Z,-11.6512746,166.9482744,8.6,17321.0,10.366,135,90,214
2026-07-28T19:46:48Z,-11.6511793,166.9482744,8.4,17331.4,10.456,135,90,214
2026-07-28T19:46:49Z,-11.6510828,166.9482636,8.0,17342.2,10.539,135,89,215
2026-07-28T19:46:50Z,-11.6509943,166.9482315,7.8,17352.5,10.613,135,89,215
2026-07-28T19:46:51Z,-11.6509084,166.9481885,7.6,17363.4,10.706,135,90,214
2026-07-28T19:46:52Z,-11.6508695,166.9481134,7.2,17374.2,10.794,135,91,214
2026-07-28T19:46:53Z,-11.6509031,166.9480062,7.0,17385.5,10.839,135,91,214
2026-07-28T19:46:54Z,-11.6509862,166.9479525,6.8,17396.3,10.880,135,91,214
2026-07-28T19:46:55Z,-11.6510734,166.9479311,6.6,17406.5,10.883,135,91,214
2026-07-28T19:46:56Z,-11.6511633,166.9478989,6.4,17417.4,10.884,135,91,215
2026-07-28T19:46:57Z,-11.6512303,166.9478238,6.2,17428.5,10.801,134,90,214
2026-07-28T19:46:58Z,-11.6512464,166.9477165,6.0,17439.5,10.830,134,90,215
2026-07-28T19:46:59Z,-11.6512075,166.9476306,5.6,17450.0,10.987,135,90,215
2026-07-28T19:47:00Z,-11.6511190,166.9475770,5.2,17461.3,11.175,134,90,214
2026-07-28T19:47:01Z,-11.6510238,166.9475555,4.8,17472.2,11.293,135,90,215
2026-07-28T19:47:02Z,-11.6509205,166.9475770,4.4,17483.7,11.410,134,91,215
2026-07-28T19:47:03Z,-11.6508172,166.9476092,4.0,17495.6,11.492,134,91,214
2026-07-28T19:47:04Z,-11.6507234,166.9476521,3.6,17507.3,11.571,134,90,215
2026-07-28T19:47:05Z,-11.6506402,166.9477165,3.4,17518.7,11.641,134,91,215
2026-07-28T19:47:06Z,-11.6505571,166.9477701,3.0,17529.8,11.688,134,92,215
2026-07-28T19:47:07Z,-11.6504511,166.9478023,2.6,17542.2,11.724,134,92,214
2026-07-28T19:47:08Z,-11.6503438,166.9478238,2.4,17554.1,11.775,134,92,214
2026-07-28T19:47:09Z,-11.6502406,166.9478023,2.0,17565.7,11.799,135,91,215
2026-07-28T19:47:10Z,-11.6501346,166.9477916,1.8,17577.5,11.752,135,91,214
2026-07-28T19:47:11Z,-11.6500327,166.9477594,1.6,17589.2,11.606,135,91,214
2026-07-28T19:47:12Z,-11.6499335,166.9477272,1.8,17600.8,11.369,135,91,214
2026-07-28T19:47:13Z,-11.6498449,166.9476950,1.8,17611.5,11.114,136,90,215
2026-07-28T19:47:14Z,-11.6497537,166.9476521,1.8,17622.6,10.848,136,90,215
2026-07-28T19:47:15Z,-11.6496693,166.9476092,2.0,17633.2,10.613,136,91,215
2026-07-28T19:47:16Z,-11.6495875,166.9475448,2.0,17644.0,10.422,135,91,215
2026-07-28T19:47:17Z,-11.6495177,166.9474804,2.0,17654.2,10.311,135,91,215
2026-07-28T19:47:18Z,-11.6494574,166.9474268,1.8,17664.5,10.277,135,91,214
2026-07-28T19:47:19Z,-11.6494051,166.9473302,1.6,17674.9,10.298,135,91,215
2026-07-28T19:47:20Z,-11.6493541,166.9472551,1.4,17685.2,10.334,135,92,215
2026-07-28T19:47:21Z,-11.6492991,166.9471800,1.4,17695.4,10.349,135,93,214
2026-07-28T19:47:22Z,-11.6492347,166.9471157,1.2,17706.0,10.332,134,93,214
2026-07-28T19:47:23Z,-11.6491704,166.9470513,1.2,17715.7,10.289,134,93,215
2026-07-28T19:47:24Z,-11.6490979,166.9469976,1.2,17726.2,10.200,134,92,214
2026-07-28T19:47:25Z,-11.6490228,166.9469333,1.2,17736.3,10.074,134,91,214
2026-07-28T19:47:26Z,-11.6489477,166.9468904,1.2,17746.3,9.953,134,91,214
2026-07-28T19:47:27Z,-11.6488726,166.9468474,1.2,17756.1,9.852,134,90,215
2026-07-28T19:47:28Z,-11.6487975,166.9467831,1.2,17766.0,9.771,134,91,215
2026-07-28T19:47:29Z,-11.6487251,166.9467402,1.2,17775.7,9.711,134,92,215
2026-07-28T19:47:30Z,-11.6486554,166.9466865,1.2,17785.4,9.719,133,92,214
2026-07-28T19:47:31Z,-11.6485830,166.9466329,1.2,17795.6,9.719,133,92,214
2026-07-28T19:47:32Z,-11.6485173,166.9465685,1.2,17805.1,9.720,133,92,214
2026-07-28T19:47:33Z,-11.6484569,166.9465041,1.2,17814.8,9.722,133,92,215
2026-07-28T19:47:34Z,-11.6483992,166.9464505,1.2,17824.6,9.727,134,92,214
2026-07-28T19:47:35Z,-11.6483469,166.9463646,1.2,17834.2,9.734,134,92,215
2026-07-28T19:47:36Z,-11.6483000,166.9462895,1.2,17844.2,9.744,134,92,215
2026-07-28T19:47:37Z,-11.6482571,166.9462144,1.2,17854.0,9.752,135,92,215
2026-07-28T19:47:38Z,-11.6482195,166.9461393,1.2,17863.3,9.760,135,92,214
2026-07-28T19:47:39Z,-11.6481833,166.9460535,1.2,17873.2,9.767,136,92,214
2026-07-28T19:47:40Z,-11.6481484,166.9459677,1.2,17883.3,9.773,136,92,214
2026-07-28T19:47:41Z,-11.6481189,166.9458818,1.2,17892.9,9.778,136,91,214
2026-07-28T19:47:42Z,-11.6480921,166.9458067,1.2,17902.4,9.784,136,91,215
2026-07-28T19:47:43Z,-11.6480640,166.9457102,1.2,17912.5,9.790,137,91,214
2026-07-28T19:47:44Z,-11.6480385,166.9456244,1.2,17922.3,9.795,137,90,214
2026-07-28T19:47:45Z,-11.6480170,166.9455492,1.2,17931.7,9.799,137,90,215
2026-07-28T19:47:46Z,-11.6479929,166.9454527,1.2,17942.0,9.804,137,90,215
2026-07-28T19:47:47Z,-11.6479728,166.9453776,1.2,17951.3,9.809,137,91,215
2026-07-28T19:47:48Z,-11.6479513,166.9452810,1.2,17961.3,9.813,138,92,214
2026-07-28T19:47:49Z,-11.6479298,166.9451952,1.2,17971.2,9.817,138,92,215
2026-07-28T19:47:50Z,-11.6479097,166.9450986,1.2,17980.8,9.820,138,92,214
2026-07-28T19:47:51Z,-11.6478910,166.9450128,1.2,17990.9,9.823,138,91,215
2026-07-28T19:47:52Z,-11.6478708,166.9449377,1.2,18000.7,9.825,137,91,215
2026-07-28T19:47:53Z,-11.6478507,166.9448411,1.2,18010.4,9.826,138,91,214
2026-07-28T19:47:54Z,-11.6478319,166.9447553,1.2,18020.2,9.825,138,91,215
2026-07-28T19:47:55Z,-11.6478145,166.9446802,1.2,18029.9,9.826,138,91,214
2026-07-28T19:47:56Z,-11.6477984,166.9445837,1.2,18039.9,9.825,138,91,215
2026-07-28T19:47:57Z,-11.6477810,166.9444978,1.2,18050.0,9.826,138,92,214
2026-07-28T19:47:58Z,-11.6477689,166.9444013,1.2,18059.4,9.826,137,92,215
2026-07-28T19:47:59Z,-11.6477555,166.9443047,1.2,18069.2,9.827,138,92,215
2026-07-28T19:48:00Z,-11.6477448,166.9442189,1.2,18079.4,9.830,137,92,215
2026-07-28T19:48:01Z,-11.6477354,166.9441438,1.2,18088.8,9.833,137,92,214
2026-07-28T19:48:02Z,-11.6477260,166.9440472,1.2,18098.9,9.835,137,92,214
2026-07-28T19:48:03Z,-11.6477206,166.9439614,1.2,18109.1,9.839,137,93,215
2026-07-28T19:48:04Z,-11.6477153,166.9438648,1.2,18118.8,9.844,137,93,214
2026-07-28T19:48:05Z,-11.6477126,166.9437790,1.2,18128.4,9.850,137,92,215
2026-07-28T19:48:06Z,-11.6477112,166.9436824,1.2,18138.1,9.857,137,92,214
2026-07-28T19:48:07Z,-11.6477112,166.9435966,1.2,18148.0,9.863,136,91,214
2026-07-28T19:48:08Z,-11.6477139,166.9435000,1.2,18158.2,9.873,136,91,214
2026-07-28T19:48:09Z,-11.6477193,166.9434142,1.2,18167.8,9.885,136,90,215
2026-07-28T19:48:10Z,-11.6477260,166.9433284,1.2,18177.7,9.900,136,90,214
2026-07-28T19:48:11Z,-11.6477340,166.9432425,1.2,18187.7,9.916,135,90,214
2026-07-28T19:48:12Z,-11.6477448,166.9431353,1.2,18198.0,9.933,135,90,214
2026-07-28T19:48:13Z,-11.6477555,166.9430602,1.2,18207.6,9.949,135,91,215
2026-07-28T19:48:14Z,-11.6477676,166.9429636,1.0,18217.4,9.965,135,91,215
2026-07-28T19:48:15Z,-11.6477796,166.9428778,1.0,18227.8,9.982,135,91,215
2026-07-28T19:48:16Z,-11.6477931,166.9427812,1.0,18237.6,9.997,135,92,214
2026-07-28T19:48:17Z,-11.6478065,166.9426954,1.0,18247.6,10.011,135,92,215
2026-07-28T19:48:18Z,-11.6478199,166.9425988,1.0,18257.8,10.024,135,93,214
2026-07-28T19:48:19Z,-11.6478333,166.9425130,1.0,18267.4,10.034,136,94,215
2026-07-28T19:48:20Z,-11.6478467,166.9424164,1.0,18277.9,10.044,136,95,215
2026-07-28T19:48:21Z,-11.6478601,166.9423306,1.0,18287.6,10.052,136,95,214
2026-07-28T19:48:22Z,-11.6478735,166.9422340,1.0,18297.8,10.057,137,95,215
2026-07-28T19:48:23Z,-11.6478842,166.9421375,1.0,18307.6,10.060,137,95,214
2026-07-28T19:48:24Z,-11.6478977,166.9420516,0.8,18317.7,10.060,137,95,215
2026-07-28T19:48:25Z,-11.6479070,166.9419551,0.8,18328.3,10.059,138,95,215
2026-07-28T19:48:26Z,-11.6479164,166.9418693,0.8,18338.2,10.054,138,95,215
2026-07-28T19:48:27Z,-11.6479258,166.9417727,0.8,18347.9,10.046,138,95,215
2026-07-28T19:48:28Z,-11.6479325,166.9416869,0.8,18358.2,10.034,138,95,215
2026-07-28T19:48:29Z,-11.6479366,166.9415903,0.8,18367.9,10.018,138,95,215
2026-07-28T19:48:30Z,-11.6479392,166.9415045,0.8,18378.3,9.994,138,97,214
2026-07-28T19:48:31Z,-11.6479379,166.9414079,1.0,18388.1,9.965,138,96,214
2026-07-28T19:48:32Z,-11.6479352,166.9413221,1.0,18398.2,9.927,138,96,214
2026-07-28T19:48:33Z,-11.6479298,166.9412255,1.0,18408.0,9.880,138,96,215
2026-07-28T19:48:34Z,-11.6479258,166.9411504,1.0,18417.6,9.831,138,96,215
2026-07-28T19:48:35Z,-11.6479205,166.9410646,1.2,18427.7,9.778,138,96,214
2026-07-28T19:48:36Z,-11.6479124,166.9409680,1.2,18437.1,9.727,138,96,214
2026-07-28T19:48:37Z,-11.6479003,166.9408715,1.2,18447.4,9.677,138,96,214
2026-07-28T19:48:38Z,-11.6478896,166.9407856,1.4,18456.5,9.642,138,96,215
2026-07-28T19:48:39Z,-11.6478735,166.9407105,1.4,18466.1,9.619,138,97,214
2026-07-28T19:48:40Z,-11.6478574,166.9406140,1.6,18475.8,9.600,137,97,214
2026-07-28T19:48:41Z,-11.6478440,166.9405282,1.6,18485.8,9.563,137,97,214
2026-07-28T19:48:42Z,-11.6478212,166.9404531,1.8,18495.1,9.540,137,96,214
2026-07-28T19:48:43Z,-11.6477944,166.9403565,1.8,18504.3,9.551,137,96,214
2026-07-28T19:48:44Z,-11.6477689,166.9402814,2.0,18513.9,9.596,137,96,215
2026-07-28T19:48:45Z,-11.6477421,166.9401848,2.0,18523.7,9.728,137,96,215
2026-07-28T19:48:46Z,-11.6477112,166.9401097,2.2,18533.6,9.661,138,96,215
2026-07-28T19:48:47Z,-11.6476817,166.9400239,2.2,18543.2,9.605,138,96,215
2026-07-28T19:48:48Z,-11.6476509,166.9399488,2.2,18552.9,9.563,137,96,214
2026-07-28T19:48:49Z,-11.6476214,166.9398737,2.4,18562.3,9.536,137,96,215
2026-07-28T19:48:50Z,-11.6475892,166.9397771,2.4,18571.6,9.522,137,94,214
2026-07-28T19:48:51Z,-11.6475517,166.9397020,2.4,18581.2,9.513,137,95,214
2026-07-28T19:48:52Z,-11.6475101,166.9396269,2.4,18591.2,9.512,137,95,214
2026-07-28T19:48:53Z,-11.6474672,166.9395518,2.4,18600.6,9.518,137,95,214
2026-07-28T19:48:54Z,-11.6474229,166.9394875,2.4,18609.7,9.530,137,95,214
2026-07-28T19:48:55Z,-11.6473733,166.9394124,2.4,18619.5,9.548,137,95,214
2026-07-28T19:48:56Z,-11.6473237,166.9393373,2.4,18629.1,9.569,137,95,214
2026-07-28T19:48:57Z,-11.6472727,166.9392622,2.4,18638.5,9.592,136,95,214
2026-07-28T19:48:58Z,-11.6472231,166.9391978,2.4,18648.1,9.617,136,96,215
2026-07-28T19:48:59Z,-11.6471694,166.9391227,2.4,18658.0,9.643,137,97,215
2026-07-28T19:49:00Z,-11.6471185,166.9390476,2.4,18667.7,9.667,136,98,215
2026-07-28T19:49:01Z,-11.6470675,166.9389725,2.4,18677.4,9.691,136,99,215
2026-07-28T19:49:02Z,-11.6470219,166.9389081,2.4,18686.3,9.710,136,99,214
2026-07-28T19:49:03Z,-11.6469696,166.9388330,2.4,18696.9,9.729,136,99,215
2026-07-28T19:49:04Z,-11.6469254,166.9387579,2.4,18706.1,9.744,137,99,215
2026-07-28T19:49:05Z,-11.6468771,166.9386828,2.4,18716.2,9.759,137,99,214
2026-07-28T19:49:06Z,-11.6468315,166.9386077,2.4,18725.8,9.769,137,98,214
2026-07-28T19:49:07Z,-11.6467886,166.9385219,2.4,18735.6,9.778,137,98,214
2026-07-28T19:49:08Z,-11.6467457,166.9384468,2.4,18745.2,9.784,137,96,214
2026-07-28T19:49:09Z,-11.6466987,166.9383717,2.4,18755.2,9.791,138,96,214
2026-07-28T19:49:10Z,-11.6466491,166.9382966,2.4,18765.3,9.798,138,96,214
2026-07-28T19:49:11Z,-11.6466035,166.9382215,2.4,18775.1,9.805,138,96,215
2026-07-28T19:49:12Z,-11.6465606,166.9381464,2.4,18784.3,9.812,139,96,214
2026-07-28T19:49:13Z,-11.6465083,166.9380498,2.4,18795.2,9.819,138,96,214
2026-07-28T19:49:14Z,-11.6464640,166.9379961,2.4,18804.5,9.825,138,96,214
2026-07-28T19:49:15Z,-11.6464171,166.9379210,2.4,18814.0,9.831,138,95,213
2026-07-28T19:49:16Z,-11.6463634,166.9378352,2.4,18824.2,9.837,138,95,214
2026-07-28T19:49:17Z,-11.6463111,166.9377601,2.4,18833.7,9.843,138,94,215
2026-07-28T19:49:18Z,-11.6462468,166.9377065,2.4,18843.9,9.851,138,96,215
2026-07-28T19:49:19Z,-11.6461770,166.9376421,2.4,18853.6,9.860,138,96,215
2026-07-28T19:49:20Z,-11.6461059,166.9375992,2.4,18863.0,9.869,138,96,215
2026-07-28T19:49:21Z,-11.6460255,166.9375455,2.2,18873.3,9.878,138,96,214
2026-07-28T19:49:22Z,-11.6459531,166.9375026,2.2,18883.3,9.884,138,96,214
2026-07-28T19:49:23Z,-11.6458847,166.9374382,2.2,18893.4,9.889,138,96,214
2026-07-28T19:49:24Z,-11.6458310,166.9373631,2.2,18902.9,9.891,138,95,214
2026-07-28T19:49:25Z,-11.6457841,166.9372880,2.2,18912.7,9.892,139,95,214
2026-07-28T19:49:26Z,-11.6457479,166.9372129,2.2,18922.7,9.892,139,95,215
2026-07-28T19:49:27Z,-11.6457210,166.9371271,2.2,18932.6,9.892,139,95,215
2026-07-28T19:49:28Z,-11.6456982,166.9370306,2.2,18942.6,9.892,139,95,214
2026-07-28T19:49:29Z,-11.6456795,166.9369555,2.2,18952.1,9.890,139,94,215
2026-07-28T19:49:30Z,-11.6456594,166.9368589,2.2,18962.5,9.889,139,94,215
2026-07-28T19:49:31Z,-11.6456406,166.9367731,2.2,18972.2,9.888,139,95,214
2026-07-28T19:49:32Z,-11.6456191,166.9366765,2.2,18981.7,9.886,139,95,215
2026-07-28T19:49:33Z,-11.6455936,166.9366014,2.2,18991.7,9.885,139,95,214
2026-07-28T19:49:34Z,-11.6455628,166.9365156,2.2,19001.8,9.883,138,96,214
2026-07-28T19:49:35Z,-11.6455266,166.9364405,2.2,19011.5,9.881,138,96,215
2026-07-28T19:49:36Z,-11.6454837,166.9363546,2.2,19021.1,9.880,138,96,214
2026-07-28T19:49:37Z,-11.6454273,166.9362795,2.2,19031.3,9.879,138,95,214
2026-07-28T19:49:38Z,-11.6453657,166.9362044,2.2,19041.4,9.878,137,96,215
2026-07-28T19:49:39Z,-11.6453013,166.9361615,2.2,19050.9,9.878,137,97,215
2026-07-28T19:49:40Z,-11.6452329,166.9360971,2.2,19060.8,9.878,137,97,214
2026-07-28T19:49:41Z,-11.6451591,166.9360435,2.2,19071.0,9.877,137,97,215
2026-07-28T19:49:42Z,-11.6450840,166.9359899,2.2,19081.0,9.877,137,97,214
2026-07-28T19:49:43Z,-11.6450103,166.9359469,2.2,19090.8,9.878,136,97,215
2026-07-28T19:49:44Z,-11.6449325,166.9358826,2.2,19100.8,9.882,136,96,215
2026-07-28T19:49:45Z,-11.6448587,166.9358611,2.2,19110.3,9.888,136,96,214
2026-07-28T19:49:46Z,-11.6447769,166.9358075,2.2,19120.5,9.893,136,96,215
2026-07-28T19:49:47Z,-11.6447018,166.9357646,2.2,19130.0,9.896,136,95,215
2026-07-28T19:49:48Z,-11.6446213,166.9357324,2.2,19139.8,9.896,135,95,215
2026-07-28T19:49:49Z,-11.6445355,166.9356894,2.2,19150.1,9.899,135,95,214
2026-07-28T19:49:50Z,-11.6444510,166.9356573,2.2,19159.9,9.908,135,95,214
2026-07-28T19:49:51Z,-11.6443665,166.9356251,2.2,19169.9,9.925,135,95,215
2026-07-28T19:49:52Z,-11.6442794,166.9356143,2.2,19179.8,9.948,135,95,214
2026-07-28T19:49:53Z,-11.6441935,166.9355929,2.2,19189.6,9.980,136,94,214
2026-07-28T19:49:54Z,-11.6441023,166.9355822,2.2,19199.7,10.027,136,94,214
2026-07-28T19:49:55Z,-11.6440138,166.9355822,2.2,19209.4,10.097,136,94,215
2026-07-28T19:49:56Z,-11.6439186,166.9355929,2.2,19220.0,10.203,136,94,214
2026-07-28T19:49:57Z,-11.6438274,166.9356143,2.2,19230.3,10.371,136,94,214
2026-07-28T19:49:58Z,-11.6437376,166.9356251,2.2,19240.3,10.465,136,94,215
2026-07-28T19:49:59Z,-11.6436450,166.9356465,2.2,19250.8,10.427,136,94,214
2026-07-28T19:50:00Z,-11.6435498,166.9356573,2.2,19261.5,10.393,137,94,215
2026-07-28T19:50:01Z,-11.6434573,166.9356894,2.2,19271.9,10.374,137,94,214
2026-07-28T19:50:02Z,-11.6433647,166.9356894,2.2,19282.2,10.369,137,93,214
2026-07-28T19:50:03Z,-11.6432735,166.9357002,2.2,19292.5,10.381,137,93,214
2026-07-28T19:50:04Z,-11.6431797,166.9357002,2.2,19302.8,10.449,137,93,215
2026-07-28T19:50:05Z,-11.6430898,166.9356894,2.2,19313.2,10.599,137,93,214
2026-07-28T19:50:06Z,-11.6430013,166.9356465,2.2,19323.9,10.759,137,93,215
2026-07-28T19:50:07Z,-11.6429074,166.9356143,2.2,19335.1,10.692,137,93,214
2026-07-28T19:50:08Z,-11.6428229,166.9356465,2.4,19345.4,10.468,137,92,214
2026-07-28T19:50:09Z,-11.6427881,166.9357324,3.0,19356.1,10.015,137,92,214
2026-07-28T19:50:10Z,-11.6428404,166.9357967,3.6,19365.5,9.344,136,92,214
2026-07-28T19:50:11Z,-11.6429074,166.9358397,4.2,19374.4,8.876,136,92,215
2026-07-28T19:50:12Z,-11.6429798,166.9358826,4.6,19383.4,8.458,136,92,215
2026-07-28T19:50:13Z,-11.6430469,166.9359148,5.0,19391.4,8.107,137,92,215
2026-07-28T19:50:14Z,-11.6431139,166.9359362,5.6,19399.5,7.768,136,91,215
2026-07-28T19:50:15Z,-11.6431770,166.9359577,5.8,19406.8,7.473,136,91,214
2026-07-28T19:50:16Z,-11.6432454,166.9359791,6.2,19414.5,7.195,136,91,214
2026-07-28T19:50:17Z,-11.6433071,166.9359791,6.6,19421.3,6.985,136,90,214
2026-07-28T19:50:18Z,-11.6433714,166.9359899,6.8,19428.5,6.787,136,90,214
2026-07-28T19:50:19Z,-11.6434291,166.9359899,7.2,19434.9,6.625,136,89,214
2026-07-28T19:50:20Z,-11.6434881,166.9359899,7.4,19441.5,6.468,136,89,214
2026-07-28T19:50:21Z,-11.6435471,166.9360113,7.6,19448.0,6.314,136,88,215
2026-07-28T19:50:22Z,-11.6436021,166.9360113,8.0,19454.0,6.176,137,88,215
2026-07-28T19:50:23Z,-11.6436557,166.9360220,8.2,19460.1,6.029,137,88,215
2026-07-28T19:50:24Z,-11.6437094,166.9360435,8.4,19466.4,5.869,136,89,214
2026-07-28T19:50:25Z,-11.6437510,166.9360650,8.8,19471.9,5.720,137,89,214
2026-07-28T19:50:26Z,-11.6437791,166.9361186,9.0,19477.8,5.563,137,90,215
2026-07-28T19:50:27Z,-11.6437899,166.9361615,9.2,19483.1,5.570,137,91,215
2026-07-28T19:50:28Z,-11.6437872,166.9362044,9.4,19488.9,5.702,137,91,214
2026-07-28T19:50:29Z,-11.6437738,166.9362688,9.4,19494.7,5.881,137,91,214
2026-07-28T19:50:30Z,-11.6437510,166.9363117,9.4,19500.8,6.089,137,91,214
2026-07-28T19:50:31Z,-11.6437201,166.9363546,9.4,19506.9,6.303,137,91,215
2026-07-28T19:50:32Z,-11.6436839,166.9364083,9.6,19513.0,6.508,137,91,215
2026-07-28T19:50:33Z,-11.6436356,166.9364405,9.6,19519.8,6.774,137,91,214
2026-07-28T19:50:34Z,-11.6435766,166.9364619,9.6,19526.9,7.121,137,92,215
2026-07-28T19:50:35Z,-11.6435136,166.9364834,9.6,19534.1,7.389,137,92,214
2026-07-28T19:50:36Z,-11.6434452,166.9364619,9.6,19541.6,7.670,137,92,215
2026-07-28T19:50:37Z,-11.6433768,166.9364512,9.6,19549.5,8.053,137,93,215
2026-07-28T19:50:38Z,-11.6433071,166.9364405,9.6,19557.6,8.206,137,94,214
2026-07-28T19:50:39Z,-11.6432387,166.9364083,9.6,19565.9,8.338,137,95,214
2026-07-28T19:50:40Z,-11.6431703,166.9363761,9.6,19574.2,8.461,137,95,214
2026-07-28T19:50:41Z,-11.6431005,166.9363332,9.6,19582.9,8.581,137,95,215
2026-07-28T19:50:42Z,-11.6430295,166.9363010,9.6,19591.6,8.692,137,96,214
2026-07-28T19:50:43Z,-11.6429624,166.9362688,9.6,19600.0,8.788,138,95,214
2026-07-28T19:50:44Z,-11.6428886,166.9362259,9.6,19609.2,8.880,138,96,215
2026-07-28T19:50:45Z,-11.6428176,166.9361722,9.6,19618.1,8.960,138,96,215
2026-07-28T19:50:46Z,-11.6427492,166.9361508,9.6,19626.8,9.026,138,95,215
2026-07-28T19:50:47Z,-11.6426714,166.9361186,9.6,19636.2,9.084,138,95,215
2026-07-28T19:50:48Z,-11.6425990,166.9360650,9.6,19645.1,9.132,138,95,215
2026-07-28T19:50:49Z,-11.6425225,166.9360435,9.6,19654.4,9.178,138,95,215
2026-07-28T19:50:50Z,-11.6424501,166.9359899,9.6,19663.7,9.218,138,95,214
2026-07-28T19:50:51Z,-11.6423763,166.9359577,9.6,19672.8,9.257,138,95,214
2026-07-28T19:50:52Z,-11.6422959,166.9359362,9.6,19682.1,9.301,138,95,215
2026-07-28T19:50:53Z,-11.6422154,166.9359362,9.6,19691.2,9.357,137,95,214
2026-07-28T19:50:54Z,-11.6421309,166.9359469,9.6,19700.7,9.433,137,94,214
2026-07-28T19:50:55Z,-11.6420504,166.9359791,9.4,19710.3,9.510,137,93,202
2026-07-28T19:50:56Z,-11.6419753,166.9360220,9.4,19719.9,9.561,137,90,136
2026-07-28T19:50:57Z,-11.6419002,166.9360650,9.4,19729.4,9.546,136,89,125
2026-07-28T19:50:58Z,-11.6418412,166.9361186,9.4,19738.6,9.567,136,87,125
2026-07-28T19:50:59Z,-11.6417769,166.9361937,9.6,19748.4,9.249,135,87,124
2026-07-28T19:51:00Z,-11.6417179,166.9362366,10.0,19757.2,8.828,135,86,124
2026-07-28T19:51:01Z,-11.6416575,166.9362795,10.4,19765.6,8.367,134,88,125
2026-07-28T19:51:02Z,-11.6415985,166.9363332,10.8,19774.0,7.892,134,88,124
2026-07-28T19:51:03Z,-11.6415448,166.9363761,11.2,19781.6,7.464,133,88,124
2026-07-28T19:51:04Z,-11.6414939,166.9364190,11.4,19789.0,7.057,132,87,125
2026-07-28T19:51:05Z,-11.6414469,166.9364619,11.8,19795.9,6.697,131,84,124
2026-07-28T19:51:06Z,-11.6414027,166.9364941,12.0,19802.4,6.390,131,83,124
2026-07-28T19:51:07Z,-11.6413611,166.9365478,12.2,19808.7,6.148,131,83,124
2026-07-28T19:51:08Z,-11.6413222,166.9365692,12.4,19814.6,6.009,131,83,124
2026-07-28T19:51:09Z,-11.6412807,166.9366229,12.4,19820.7,5.969,130,82,125
2026-07-28T19:51:10Z,-11.6412391,166.9366443,12.6,19826.7,6.028,130,82,124
2026-07-28T19:51:11Z,-11.6411962,166.9366765,12.4,19832.9,6.176,130,83,125
2026-07-28T19:51:12Z,-11.6411600,166.9367301,12.4,19838.9,6.381,129,83,124
2026-07-28T19:51:13Z,-11.6411331,166.9367838,12.4,19845.5,6.585,129,83,125
2026-07-28T19:51:14Z,-11.6411184,166.9368374,12.4,19852.0,6.704,129,84,124
2026-07-28T19:51:15Z,-11.6411103,166.9368911,12.4,19858.8,6.758,129,82,124
2026-07-28T19:51:16Z,-11.6411090,166.9369662,12.4,19865.6,6.785,128,82,124
2026-07-28T19:51:17Z,-11.6411090,166.9370306,12.4,19872.4,6.802,128,81,124
2026-07-28T19:51:18Z,-11.6411103,166.9370949,12.4,19879.2,6.818,127,81,124
2026-07-28T19:51:19Z,-11.6411157,166.9371486,12.4,19886.2,6.837,126,82,125
2026-07-28T19:51:20Z,-11.6411224,166.9372129,12.4,19893.2,6.865,126,82,125
2026-07-28T19:51:21Z,-11.6411304,166.9372773,12.4,19899.8,6.901,125,82,124
2026-07-28T19:51:22Z,-11.6411425,166.9373310,12.6,19906.6,6.954,124,82,124
2026-07-28T19:51:23Z,-11.6411586,166.9373953,12.4,19913.7,7.037,124,82,124
2026-07-28T19:51:24Z,-11.6411801,166.9374597,12.4,19920.7,7.163,124,84,124
2026-07-28T19:51:25Z,-11.6412149,166.9375241,12.2,19927.9,7.399,122,84,124
2026-07-28T19:51:26Z,-11.6412766,166.9375455,11.8,19935.9,7.900,122,84,125
2026-07-28T19:51:27Z,-11.6413464,166.9375670,11.4,19943.9,8.401,122,84,125
2026-07-28T19:51:28Z,-11.6414268,166.9375670,11.0,19952.8,8.898,122,84,125
2026-07-28T19:51:29Z,-11.6415060,166.9375670,10.6,19961.6,9.324,121,84,125
2026-07-28T19:51:30Z,-11.6415958,166.9375777,10.0,19971.5,9.740,121,83,125
2026-07-28T19:51:31Z,-11.6416682,166.9376314,9.6,19981.3,10.037,121,85,125
2026-07-28T19:51:32Z,-11.6417111,166.9377065,9.4,19991.4,10.135,120,84,125
2026-07-28T19:51:33Z,-11.6417246,166.9377923,9.4,20001.3,10.079,120,84,125
2026-07-28T19:51:34Z,-11.6417219,166.9378889,9.4,20011.3,9.953,120,84,125
2026-07-28T19:51:35Z,-11.6417138,166.9379747,9.4,20021.0,9.801,120,85,124
2026-07-28T19:51:36Z,-11.6417044,166.9380713,9.6,20030.8,9.642,120,85,124
2026-07-28T19:51:37Z,-11.6417004,166.9381571,9.6,20040.8,9.499,120,85,124
2026-07-28T19:51:38Z,-11.6417085,166.9382322,9.6,20050.0,9.410,119,85,125
2026-07-28T19:51:39Z,-11.6417272,166.9383287,9.6,20059.6,9.334,119,85,124
2026-07-28T19:51:40Z,-11.6417500,166.9384038,9.6,20068.8,9.264,119,85,125
2026-07-28T19:51:41Z,-11.6417675,166.9385004,9.6,20078.0,9.199,119,85,125
2026-07-28T19:51:42Z,-11.6417728,166.9385755,9.6,20087.3,9.135,118,85,124
2026-07-28T19:51:43Z,-11.6417702,166.9386506,9.6,20096.0,9.076,118,85,125
2026-07-28T19:51:44Z,-11.6417608,166.9387364,9.6,20105.5,9.016,118,85,125
2026-07-28T19:51:45Z,-11.6417474,166.9388115,9.6,20114.4,8.961,118,85,124
2026-07-28T19:51:46Z,-11.6417326,166.9388974,9.6,20123.1,8.909,118,88,124
2026-07-28T19:51:47Z,-11.6417165,166.9389832,9.6,20132.0,8.861,118,86,125
2026-07-28T19:51:48Z,-11.6416991,166.9390583,9.6,20140.7,8.819,118,87,125
2026-07-28T19:51:49Z,-11.6416816,166.9391334,9.6,20149.8,8.781,118,87,125
2026-07-28T19:51:50Z,-11.6416655,166.9392085,9.6,20158.3,8.753,117,87,125
2026-07-28T19:51:51Z,-11.6416508,166.9392943,9.6,20167.3,8.729,117,87,125
2026-07-28T19:51:52Z,-11.6416387,166.9393694,9.6,20175.7,8.710,117,88,125
2026-07-28T19:51:53Z,-11.6416200,166.9394445,9.6,20184.4,8.692,118,88,125
2026-07-28T19:51:54Z,-11.6415945,166.9395196,9.6,20193.1,8.676,117,88,125
2026-07-28T19:51:55Z,-11.6415583,166.9395947,9.6,20201.8,8.658,117,87,125
2026-07-28T19:51:56Z,-11.6415100,166.9396591,9.4,20210.8,8.638,117,89,125
2026-07-28T19:51:57Z,-11.6414563,166.9397128,9.4,20219.4,8.618,117,89,124
2026-07-28T19:51:58Z,-11.6413987,166.9397664,9.4,20227.9,8.598,117,89,124
2026-07-28T19:51:59Z,-11.6413343,166.9398093,9.4,20236.4,8.577,117,89,125
2026-07-28T19:52:00Z,-11.6412659,166.9398522,9.4,20245.0,8.557,116,89,124
2026-07-28T19:52:01Z,-11.6411908,166.9398737,9.4,20253.7,8.532,116,89,124
2026-07-28T19:52:02Z,-11.6411157,166.9398737,9.4,20262.0,8.504,116,88,124
2026-07-28T19:52:03Z,-11.6410433,166.9398415,9.4,20270.3,8.472,116,88,124
2026-07-28T19:52:04Z,-11.6409762,166.9398093,9.4,20279.1,8.435,115,88,124
2026-07-28T19:52:05Z,-11.6409159,166.9397664,9.4,20287.2,8.400,115,88,124
2026-07-28T19:52:06Z,-11.6408542,166.9397128,9.4,20295.8,8.364,115,88,124
2026-07-28T19:52:07Z,-11.6407925,166.9396698,9.6,20304.0,8.329,115,88,124
2026-07-28T19:52:08Z,-11.6407214,166.9396591,9.6,20312.3,8.294,115,88,124
2026-07-28T19:52:09Z,-11.6406450,166.9396377,9.6,20320.8,8.256,115,88,125
2026-07-28T19:52:10Z,-11.6405699,166.9396377,9.6,20329.1,8.221,115,88,125
2026-07-28T19:52:11Z,-11.6404974,166.9396591,9.6,20337.1,8.191,115,89,125
2026-07-28T19:52:12Z,-11.6404250,166.9396269,9.6,20345.4,8.165,115,90,125
2026-07-28T19:52:13Z,-11.6403647,166.9395947,9.6,20353.5,8.147,115,92,124
2026-07-28T19:52:14Z,-11.6403177,166.9395304,9.6,20361.9,8.134,116,92,124
2026-07-28T19:52:15Z,-11.6402842,166.9394553,9.6,20369.9,8.125,116,92,124
2026-07-28T19:52:16Z,-11.6402587,166.9393909,9.6,20378.1,8.118,116,91,124
2026-07-28T19:52:17Z,-11.6402319,166.9393158,9.6,20386.3,8.113,115,91,124
2026-07-28T19:52:18Z,-11.6402078,166.9392622,9.6,20394.3,8.109,115,91,124
2026-07-28T19:52:19Z,-11.6401796,166.9391870,9.6,20402.3,8.105,116,90,124
2026-07-28T19:52:20Z,-11.6401407,166.9391227,9.6,20410.3,8.102,117,91,125
2026-07-28T19:52:21Z,-11.6400884,166.9390798,9.6,20418.4,8.099,117,92,125
2026-07-28T19:52:22Z,-11.6400227,166.9390261,9.6,20426.7,8.096,117,93,125
2026-07-28T19:52:23Z,-11.6399543,166.9390154,9.6,20434.8,8.093,119,93,124
2026-07-28T19:52:24Z,-11.6398859,166.9389832,9.6,20442.7,8.089,119,93,124
2026-07-28T19:52:25Z,-11.6398135,166.9389832,9.6,20450.8,8.085,120,93,124
2026-07-28T19:52:26Z,-11.6397424,166.9389832,9.6,20458.7,8.081,119,93,124
2026-07-28T19:52:27Z,-11.6396686,166.9390047,9.6,20467.0,8.078,119,94,125
2026-07-28T19:52:28Z,-11.6396016,166.9390261,9.6,20475.1,8.075,119,95,125
2026-07-28T19:52:29Z,-11.6395466,166.9390798,9.6,20483.3,8.073,118,95,125
2026-07-28T19:52:30Z,-11.6395023,166.9391334,9.6,20491.4,8.072,118,95,124
2026-07-28T19:52:31Z,-11.6394688,166.9391978,9.6,20499.3,8.071,117,94,124
2026-07-28T19:52:32Z,-11.6394380,166.9392622,9.6,20507.3,8.070,116,93,124
2026-07-28T19:52:33Z,-11.6394098,166.9393373,9.6,20515.6,8.068,116,92,124
2026-07-28T19:52:34Z,-11.6393830,166.9394124,9.6,20523.5,8.067,116,92,125
2026-07-28T19:52:35Z,-11.6393588,166.9394767,9.6,20531.6,8.066,116,91,124
2026-07-28T19:52:36Z,-11.6393360,166.9395518,9.6,20539.6,8.063,115,90,125
2026-07-28T19:52:37Z,-11.6393106,166.9396055,9.6,20548.0,8.061,115,90,124
2026-07-28T19:52:38Z,-11.6392878,166.9396913,9.6,20555.8,8.057,116,90,125
2026-07-28T19:52:39Z,-11.6392636,166.9397449,9.6,20563.7,8.052,117,89,124
2026-07-28T19:52:40Z,-11.6392368,166.9398201,9.6,20571.7,8.044,117,89,124
2026-07-28T19:52:41Z,-11.6392073,166.9398844,9.6,20579.8,8.033,117,89,124
2026-07-28T19:52:42Z,-11.6391724,166.9399488,9.6,20587.9,8.021,118,89,124
2026-07-28T19:52:43Z,-11.6391335,166.9400024,9.6,20595.8,8.009,118,89,124
2026-07-28T19:52:44Z,-11.6390933,166.9400668,9.6,20603.9,7.996,118,89,124
2026-07-28T19:52:45Z,-11.6390504,166.9401312,9.6,20612.1,7.979,118,89,124
2026-07-28T19:52:46Z,-11.6390102,166.9401848,9.6,20619.9,7.959,117,90,124
2026-07-28T19:52:47Z,-11.6389780,166.9402492,9.6,20627.8,7.947,117,90,124
2026-07-28T19:52:48Z,-11.6389552,166.9403243,9.8,20635.6,7.948,116,90,124
2026-07-28T19:52:49Z,-11.6389458,166.9403994,9.8,20643.8,7.934,116,90,124
2026-07-28T19:52:50Z,-11.6389498,166.9404745,9.8,20651.7,7.906,116,90,124
2026-07-28T19:52:51Z,-11.6389619,166.9405389,9.8,20659.3,7.866,116,90,124
2026-07-28T19:52:52Z,-11.6389820,166.9406140,10.0,20667.3,7.814,115,89,124
2026-07-28T19:52:53Z,-11.6390075,166.9406784,10.0,20675.1,7.759,115,89,125
2026-07-28T19:52:54Z,-11.6390370,166.9407427,10.0,20682.9,7.707,115,89,125
2026-07-28T19:52:55Z,-11.6390678,166.9407964,10.0,20690.8,7.659,115,89,124
2026-07-28T19:52:56Z,-11.6391000,166.9408607,10.2,20698.0,7.616,115,89,124
2026-07-28T19:52:57Z,-11.6391349,166.9409251,10.2,20705.8,7.576,115,90,124
2026-07-28T19:52:58Z,-11.6391698,166.9409788,10.2,20713.3,7.543,115,90,124
2026-07-28T19:52:59Z,-11.6392060,166.9410431,10.2,20720.7,7.516,115,90,124
2026-07-28T19:53:00Z,-11.6392449,166.9411075,10.2,20728.5,7.498,114,90,125
2026-07-28T19:53:01Z,-11.6392824,166.9411504,10.4,20735.9,7.492,114,89,125
2026-07-28T19:53:02Z,-11.6393253,166.9412148,10.4,20743.4,7.499,114,90,125
2026-07-28T19:53:03Z,-11.6393763,166.9412577,10.4,20751.2,7.516,114,91,124
2026-07-28T19:53:04Z,-11.6394246,166.9413006,10.4,20758.3,7.539,114,92,125
2026-07-28T19:53:05Z,-11.6394782,166.9413543,10.4,20765.8,7.569,114,92,125
2026-07-28T19:53:06Z,-11.6395345,166.9413972,10.4,20773.7,7.604,114,93,124
2026-07-28T19:53:07Z,-11.6395882,166.9414401,10.4,20781.4,7.637,114,93,124
2026-07-28T19:53:08Z,-11.6396378,166.9414830,10.4,20788.8,7.667,115,92,124
2026-07-28T19:53:09Z,-11.6396834,166.9415367,10.4,20796.6,7.694,115,92,125
2026-07-28T19:53:10Z,-11.6397223,166.9415903,10.4,20804.4,7.714,115,92,124
2026-07-28T19:53:11Z,-11.6397478,166.9416547,10.4,20812.2,7.730,115,92,125
2026-07-28T19:53:12Z,-11.6397639,166.9417298,10.4,20819.5,7.745,114,92,125
2026-07-28T19:53:13Z,-11.6397759,166.9417942,10.4,20827.6,7.761,114,92,124
2026-07-28T19:53:14Z,-11.6397867,166.9418693,10.4,20835.2,7.774,114,92,125
2026-07-28T19:53:15Z,-11.6397987,166.9419336,10.4,20842.8,7.788,114,92,125
2026-07-28T19:53:16Z,-11.6398256,166.9420087,10.4,20850.6,7.801,116,92,124
2026-07-28T19:53:17Z,-11.6398631,166.9420624,10.4,20858.7,7.812,116,92,124
2026-07-28T19:53:18Z,-11.6399087,166.9421160,10.4,20866.3,7.851,117,92,125
2026-07-28T19:53:19Z,-11.6399583,166.9421697,10.4,20874.4,7.892,117,92,124
2026-07-28T19:53:20Z,-11.6400106,166.9422233,10.4,20882.2,7.921,117,92,125
2026-07-28T19:53:21Z,-11.6400629,166.9422662,10.4,20890.2,8.068,117,92,124
2026-07-28T19:53:22Z,-11.6401125,166.9423306,10.4,20898.2,8.133,117,92,125
2026-07-28T19:53:23Z,-11.6401555,166.9423842,10.4,20906.5,8.180,116,92,125
2026-07-28T19:53:24Z,-11.6401823,166.9424486,10.4,20914.5,8.215,116,93,125
2026-07-28T19:53:25Z,-11.6401890,166.9425237,10.4,20923.1,8.239,116,93,124
2026-07-28T19:53:26Z,-11.6401796,166.9425988,10.4,20931.3,8.255,116,94,125
2026-07-28T19:53:27Z,-11.6401595,166.9426739,10.4,20939.3,8.262,116,94,124
2026-07-28T19:53:28Z,-11.6401327,166.9427490,10.4,20947.9,8.264,115,94,125
2026-07-28T19:53:29Z,-11.6401045,166.9428134,10.4,20956.1,8.263,115,95,125
2026-07-28T19:53:30Z,-11.6400777,166.9428885,10.4,20964.1,8.258,115,95,125
2026-07-28T19:53:31Z,-11.6400455,166.9429529,10.4,20972.5,8.249,115,95,125
2026-07-28T19:53:32Z,-11.6400079,166.9430280,10.4,20980.8,8.237,115,95,125
2026-07-28T19:53:33Z,-11.6399704,166.9430923,10.4,20988.8,8.227,115,96,125
2026-07-28T19:53:34Z,-11.6399328,166.9431460,10.4,20997.1,8.216,115,96,124
2026-07-28T19:53:35Z,-11.6398980,166.9432104,10.4,21005.4,8.204,114,96,124
2026-07-28T19:53:36Z,-11.6398658,166.9432855,10.4,21013.6,8.194,114,95,125
2026-07-28T19:53:37Z,-11.6398336,166.9433498,10.4,21021.7,8.185,114,95,125
2026-07-28T19:53:38Z,-11.6398028,166.9434249,10.4,21029.8,8.172,114,95,81
2026-07-28T19:53:39Z,-11.6397732,166.9434893,10.4,21038.2,8.104,114,95,89
2026-07-28T19:53:40Z,-11.6397437,166.9435644,10.4,21046.2,8.058,115,93,124
2026-07-28T19:53:41Z,-11.6397116,166.9436181,10.4,21054.3,8.055,115,93,124
2026-07-28T19:53:42Z,-11.6396807,166.9436824,10.4,21062.2,8.053,115,94,125
2026-07-28T19:53:43Z,-11.6396485,166.9437575,10.4,21070.3,8.051,115,94,125
2026-07-28T19:53:44Z,-11.6396177,166.9438219,10.4,21078.3,8.050,114,95,125
2026-07-28T19:53:45Z,-11.6395882,166.9438863,10.4,21086.4,8.049,114,95,125
2026-07-28T19:53:46Z,-11.6395573,166.9439614,10.4,21094.5,8.048,114,95,125
2026-07-28T19:53:47Z,-11.6395265,166.9440150,10.4,21102.6,8.047,114,95,125
2026-07-28T19:53:48Z,-11.6394956,166.9441009,10.4,21110.6,8.046,114,96,125
2026-07-28T19:53:49Z,-11.6394661,166.9441545,10.4,21118.5,8.045,114,96,125
2026-07-28T19:53:50Z,-11.6394366,166.9442189,10.4,21126.4,8.044,114,96,125
2026-07-28T19:53:51Z,-11.6394058,166.9442940,10.4,21134.8,8.043,114,96,124
2026-07-28T19:53:52Z,-11.6393763,166.9443583,10.4,21142.7,8.041,114,96,124
2026-07-28T19:53:53Z,-11.6393468,166.9444120,10.4,21150.7,8.039,115,96,125
2026-07-28T19:53:54Z,-11.6393173,166.9444978,10.4,21159.1,8.184,115,97,125
2026-07-28T19:53:55Z,-11.6392905,166.9445729,10.4,21167.2,8.366,116,97,125
2026-07-28T19:53:56Z,-11.6392609,166.9446266,10.4,21175.8,8.504,116,97,125
2026-07-28T19:53:57Z,-11.6392314,166.9447017,10.4,21184.2,8.574,116,97,124
2026-07-28T19:53:58Z,-11.6391993,166.9447875,10.4,21193.0,8.614,116,97,124
2026-07-28T19:53:59Z,-11.6391684,166.9448626,10.4,21201.5,8.623,117,98,125
2026-07-28T19:54:00Z,-11.6391376,166.9449162,10.4,21210.5,8.621,117,98,125
2026-07-28T19:54:01Z,-11.6391094,166.9449914,10.4,21218.9,8.610,117,98,125
2026-07-28T19:54:02Z,-11.6390812,166.9450772,10.4,21227.2,8.595,117,98,124
2026-07-28T19:54:03Z,-11.6390531,166.9451523,10.4,21235.8,8.575,116,99,125
2026-07-28T19:54:04Z,-11.6390236,166.9452274,10.4,21244.6,8.552,116,99,125
2026-07-28T19:54:05Z,-11.6389968,166.9452810,10.4,21252.7,8.528,116,99,124
2026-07-28T19:54:06Z,-11.6389672,166.9453669,10.4,21261.6,8.498,116,100,124
2026-07-28T19:54:07Z,-11.6389377,166.9454420,10.4,21270.0,8.473,116,100,125
2026-07-28T19:54:08Z,-11.6389082,166.9454956,10.4,21278.6,8.448,116,101,124
2026-07-28T19:54:09Z,-11.6388801,166.9455707,10.4,21287.0,8.425,116,101,125
2026-07-28T19:54:10Z,-11.6388546,166.9456565,10.4,21295.4,8.404,116,101,125
2026-07-28T19:54:11Z,-11.6388318,166.9457316,10.4,21303.7,8.384,116,101,125
2026-07-28T19:54:12Z,-11.6388117,166.9458067,10.4,21312.3,8.364,116,99,125
2026-07-28T19:54:13Z,-11.6387956,166.9458711,10.4,21320.6,8.346,115,99,125
2026-07-28T19:54:14Z,-11.6387808,166.9459462,10.4,21328.7,8.330,115,99,125
2026-07-28T19:54:15Z,-11.6387701,166.9460213,10.4,21336.9,8.314,115,99,125
2026-07-28T19:54:16Z,-11.6387674,166.9460964,10.4,21345.5,8.298,114,99,124
2026-07-28T19:54:17Z,-11.6387755,166.9461715,10.4,21353.9,8.282,114,99,124
2026-07-28T19:54:18Z,-11.6387983,166.9462466,10.2,21362.3,8.277,114,99,124
2026-07-28T19:54:19Z,-11.6388318,166.9463110,10.2,21370.4,8.289,114,99,125
2026-07-28T19:54:20Z,-11.6388720,166.9463646,10.2,21378.4,8.303,114,99,124
2026-07-28T19:54:21Z,-11.6389216,166.9464290,10.2,21387.0,8.300,113,99,125
2026-07-28T19:54:22Z,-11.6389740,166.9464934,10.2,21395.0,8.266,113,103,124
2026-07-28T19:54:23Z,-11.6390330,166.9465363,10.4,21403.2,8.176,113,102,125
2026-07-28T19:54:24Z,-11.6390987,166.9465685,10.4,21411.6,8.020,113,97,125
2026-07-28T19:54:25Z,-11.6391644,166.9466007,10.6,21419.5,7.836,113,99,124
2026-07-28T19:54:26Z,-11.6392288,166.9466114,10.8,21426.9,7.641,113,99,125
2026-07-28T19:54:27Z,-11.6392958,166.9466329,11.0,21434.5,7.436,113,99,125
2026-07-28T19:54:28Z,-11.6393642,166.9466329,11.2,21442.1,7.228,114,99,125
2026-07-28T19:54:29Z,-11.6394259,166.9466329,11.4,21448.9,7.045,114,99,125
2026-07-28T19:54:30Z,-11.6394876,166.9466114,11.6,21455.8,6.843,114,99,125
2026-07-28T19:54:31Z,-11.6395479,166.9466007,11.8,21462.7,6.643,115,99,125
2026-07-28T19:54:32Z,-11.6396043,166.9465792,11.8,21469.4,6.462,115,99,124
2026-07-28T19:54:33Z,-11.6396579,166.9465578,12.0,21475.8,6.320,115,99,124
2026-07-28T19:54:34Z,-11.6397049,166.9465256,12.2,21481.9,6.221,115,99,124
2026-07-28T19:54:35Z,-11.6397518,166.9464934,12.2,21488.2,6.158,116,99,124
2026-07-28T19:54:36Z,-11.6397960,166.9464612,12.4,21494.2,6.134,116,97,124
2026-07-28T19:54:37Z,-11.6398376,166.9464290,12.4,21500.3,6.145,116,97,124
2026-07-28T19:54:38Z,-11.6398779,166.9463861,12.4,21506.6,6.181,116,97,125
2026-07-28T19:54:39Z,-11.6399141,166.9463432,12.4,21512.8,6.231,115,97,124
2026-07-28T19:54:40Z,-11.6399516,166.9462895,12.4,21519.0,6.288,115,96,124
2026-07-28T19:54:41Z,-11.6399878,166.9462574,12.6,21525.3,6.348,115,96,124
2026-07-28T19:54:42Z,-11.6400240,166.9462144,12.6,21531.8,6.409,115,96,124
2026-07-28T19:54:43Z,-11.6400616,166.9461715,12.6,21538.1,6.468,115,96,125
2026-07-28T19:54:44Z,-11.6401018,166.9461286,12.6,21544.6,6.526,114,96,125
2026-07-28T19:54:45Z,-11.6401447,166.9460750,12.6,21551.1,6.579,114,96,125
2026-07-28T19:54:46Z,-11.6401903,166.9460535,12.6,21557.8,6.624,114,98,124
2026-07-28T19:54:47Z,-11.6402413,166.9459999,12.6,21564.4,6.658,114,98,125
2026-07-28T19:54:48Z,-11.6402976,166.9459891,12.6,21571.1,6.680,114,98,125
2026-07-28T19:54:49Z,-11.6403566,166.9459677,12.8,21578.0,6.699,114,98,125
2026-07-28T19:54:50Z,-11.6404143,166.9459569,12.8,21584.5,6.715,114,98,124
2026-07-28T19:54:51Z,-11.6404746,166.9459569,12.8,21591.1,6.729,114,98,124
2026-07-28T19:54:52Z,-11.6405363,166.9459677,12.8,21598.0,6.739,114,98,124
2026-07-28T19:54:53Z,-11.6405953,166.9459891,13.0,21604.6,6.742,114,98,125
2026-07-28T19:54:54Z,-11.6406584,166.9459891,13.0,21611.8,6.734,114,98,124
2026-07-28T19:54:55Z,-11.6407147,166.9459999,13.0,21618.1,6.708,114,98,125
2026-07-28T19:54:56Z,-11.6407777,166.9460213,13.2,21625.1,6.667,114,98,125
2026-07-28T19:54:57Z,-11.6408367,166.9460213,13.2,21631.7,6.614,114,98,124
2026-07-28T19:54:58Z,-11.6408917,166.9460320,13.4,21637.9,6.551,113,98,124
2026-07-28T19:54:59Z,-11.6409521,166.9460535,13.4,21644.6,6.470,113,98,125
2026-07-28T19:55:00Z,-11.6410084,166.9460642,13.6,21651.2,6.381,113,98,125
2026-07-28T19:55:01Z,-11.6410634,166.9460750,13.6,21657.4,6.290,113,98,125
2026-07-28T19:55:02Z,-11.6411170,166.9460964,13.8,21663.6,6.194,113,98,124
2026-07-28T19:55:03Z,-11.6411720,166.9461071,14.0,21669.8,6.098,113,99,124
2026-07-28T19:55:04Z,-11.6412257,166.9461286,14.0,21676.0,6.001,113,100,124
2026-07-28T19:55:05Z,-11.6412753,166.9461393,14.2,21681.7,5.912,113,99,125
2026-07-28T19:55:06Z,-11.6413262,166.9461608,14.4,21687.6,5.823,113,99,125
2026-07-28T19:55:07Z,-11.6413745,166.9461715,14.4,21693.3,5.740,113,99,125
2026-07-28T19:55:08Z,-11.6414241,166.9461823,14.6,21699.2,5.657,112,99,124
2026-07-28T19:55:09Z,-11.6414724,166.9462037,14.6,21705.0,5.577,112,100,125
2026-07-28T19:55:10Z,-11.6415153,166.9462359,14.8,21710.4,5.506,112,97,125
2026-07-28T19:55:11Z,-11.6415596,166.9462466,15.0,21715.8,5.439,112,100,124
2026-07-28T19:55:12Z,-11.6415985,166.9462788,15.0,21721.2,5.383,112,100,125
2026-07-28T19:55:13Z,-11.6416253,166.9463217,15.2,21726.6,5.344,112,99,125
2026-07-28T19:55:14Z,-11.6416360,166.9463646,15.2,21731.8,5.313,111,99,124
2026-07-28T19:55:15Z,-11.6416334,166.9464183,15.4,21737.3,5.316,111,98,124
2026-07-28T19:55:16Z,-11.6416213,166.9464612,15.4,21742.6,5.358,111,98,125
2026-07-28T19:55:17Z,-11.6416012,166.9465041,15.4,21748.0,5.417,111,98,97
2026-07-28T19:55:18Z,-11.6415797,166.9465578,15.4,21753.3,5.435,111,98,53
2026-07-28T19:55:19Z,-11.6415663,166.9466007,15.6,21758.8,5.390,111,96,53
2026-07-28T19:55:20Z,-11.6415770,166.9466436,15.6,21764.0,5.510,111,97,125
2026-07-28T19:55:21Z,-11.6416119,166.9466865,15.4,21769.8,5.714,111,97,125
2026-07-28T19:55:22Z,-11.6416548,166.9467187,15.4,21775.7,5.941,111,97,124
2026-07-28T19:55:23Z,-11.6417018,166.9467509,15.4,21781.8,6.163,111,97,124
2026-07-28T19:55:24Z,-11.6417487,166.9467831,15.4,21787.9,6.417,111,97,125
2026-07-28T19:55:25Z,-11.6417997,166.9468153,15.2,21794.7,6.832,111,96,124
2026-07-28T19:55:26Z,-11.6418466,166.9468582,15.2,21801.9,7.144,111,99,124
2026-07-28T19:55:27Z,-11.6418761,166.9469225,15.2,21808.7,7.300,111,99,124
2026-07-28T19:55:28Z,-11.6418841,166.9469762,15.2,21816.0,7.335,112,99,124
2026-07-28T19:55:29Z,-11.6418627,166.9470406,15.2,21823.4,7.330,112,99,125
2026-07-28T19:55:30Z,-11.6418225,166.9471049,15.2,21830.9,7.424,112,99,124
2026-07-28T19:55:31Z,-11.6417715,166.9471478,15.2,21838.6,7.603,112,99,125
2026-07-28T19:55:32Z,-11.6417111,166.9471800,15.0,21846.3,7.784,111,99,124
2026-07-28T19:55:33Z,-11.6416481,166.9472122,15.0,21853.9,7.946,111,99,124
2026-07-28T19:55:34Z,-11.6415784,166.9472444,14.8,21862.0,8.114,111,100,125
2026-07-28T19:55:35Z,-11.6415127,166.9472551,14.8,21870.0,8.275,111,100,125
2026-07-28T19:55:36Z,-11.6414402,166.9472873,14.6,21878.4,8.453,110,100,124
2026-07-28T19:55:37Z,-11.6413705,166.9473195,14.4,21887.0,8.644,110,100,124
2026-07-28T19:55:38Z,-11.6413048,166.9473624,14.2,21895.6,8.870,110,100,124
2026-07-28T19:55:39Z,-11.6412579,166.9474268,13.8,21904.9,9.233,111,101,125
2026-07-28T19:55:40Z,-11.6412485,166.9475126,13.2,21914.4,9.782,111,101,124
2026-07-28T19:55:41Z,-11.6412605,166.9476092,12.6,21924.5,10.293,111,101,124
2026-07-28T19:55:42Z,-11.6412793,166.9476950,12.2,21934.6,10.706,111,101,124
2026-07-28T19:55:43Z,-11.6412981,166.9478023,11.6,21946.0,11.029,110,99,124
2026-07-28T19:55:44Z,-11.6412820,166.9478989,11.4,21957.1,11.121,110,100,125
2026-07-28T19:55:45Z,-11.6412283,166.9479740,11.6,21967.6,10.896,110,100,124
2026-07-28T19:55:46Z,-11.6411519,166.9480276,12.0,21978.4,10.383,110,100,124
2026-07-28T19:55:47Z,-11.6410701,166.9480813,12.6,21988.7,9.767,110,101,124
2026-07-28T19:55:48Z,-11.6409910,166.9481242,13.2,21998.3,9.118,110,100,125
2026-07-28T19:55:49Z,-11.6409212,166.9481564,13.8,22006.8,8.503,110,101,125
2026-07-28T19:55:50Z,-11.6408555,166.9481885,14.4,22015.2,7.841,110,99,125
2026-07-28T19:55:51Z,-11.6408153,166.9482422,14.8,22022.6,7.248,110,99,125
2026-07-28T19:55:52Z,-11.6408032,166.9483066,15.2,22029.9,6.933,110,99,125
2026-07-28T19:55:53Z,-11.6408072,166.9483709,15.2,22036.4,6.826,110,99,125
2026-07-28T19:55:54Z,-11.6408220,166.9484246,15.2,22043.3,6.802,110,99,124
2026-07-28T19:55:55Z,-11.6408421,166.9484890,15.4,22050.4,6.839,110,100,145
2026-07-28T19:55:56Z,-11.6408689,166.9485533,15.4,22057.2,6.962,110,102,201
2026-07-28T19:55:57Z,-11.6408998,166.9485962,15.2,22064.2,7.204,110,104,215
2026-07-28T19:55:58Z,-11.6409346,166.9486606,15.2,22071.4,7.495,110,104,215
2026-07-28T19:55:59Z,-11.6409802,166.9487143,15.0,22079.4,7.865,110,104,214
2026-07-28T19:56:00Z,-11.6410325,166.9487679,14.6,22087.3,8.341,110,103,214
2026-07-28T19:56:01Z,-11.6410956,166.9488108,14.2,22095.6,8.993,110,102,214
2026-07-28T19:56:02Z,-11.6411787,166.9488430,13.4,22105.7,9.816,112,101,214
2026-07-28T19:56:03Z,-11.6412632,166.9488537,12.6,22115.3,10.519,112,101,215
2026-07-28T19:56:04Z,-11.6413611,166.9488752,11.8,22126.3,11.121,112,100,214
2026-07-28T19:56:05Z,-11.6414697,166.9488215,11.6,22138.9,11.322,114,101,214
2026-07-28T19:56:06Z,-11.6415462,166.9487786,12.0,22149.4,11.005,114,100,215
2026-07-28T19:56:07Z,-11.6416119,166.9487035,12.4,22159.8,10.528,115,100,214
2026-07-28T19:56:08Z,-11.6416709,166.9486392,13.0,22170.1,10.003,115,99,214
2026-07-28T19:56:09Z,-11.6417219,166.9485641,13.4,22179.8,9.516,116,101,214
2026-07-28T19:56:10Z,-11.6417675,166.9484890,13.8,22189.3,9.099,116,101,214
2026-07-28T19:56:11Z,-11.6418037,166.9484138,14.2,22197.8,8.831,116,101,215
2026-07-28T19:56:12Z,-11.6418305,166.9483495,14.4,22206.4,8.665,117,100,214
2026-07-28T19:56:13Z,-11.6418493,166.9482744,14.6,22215.0,8.570,117,99,214
2026-07-28T19:56:14Z,-11.6418627,166.9481885,14.6,22223.8,8.525,117,98,214
2026-07-28T19:56:15Z,-11.6418761,166.9481134,14.8,22232.2,8.515,117,97,215
2026-07-28T19:56:16Z,-11.6419016,166.9480491,14.8,22240.8,8.526,118,97,215
2026-07-28T19:56:17Z,-11.6419485,166.9479847,14.8,22249.2,8.545,118,98,215
2026-07-28T19:56:18Z,-11.6420209,166.9479418,14.8,22258.0,8.630,118,99,214
2026-07-28T19:56:19Z,-11.6421001,166.9479418,14.8,22267.0,8.779,119,99,214
2026-07-28T19:56:20Z,-11.6421765,166.9479311,14.8,22275.5,8.912,122,99,214
2026-07-28T19:56:21Z,-11.6422516,166.9478989,14.8,22284.5,8.974,123,98,214
2026-07-28T19:56:22Z,-11.6423120,166.9478345,14.8,22293.4,8.927,123,97,214
2026-07-28T19:56:23Z,-11.6423656,166.9477701,15.0,22302.3,8.836,124,97,214
2026-07-28T19:56:24Z,-11.6424166,166.9477165,15.2,22310.9,8.743,124,96,214
2026-07-28T19:56:25Z,-11.6424662,166.9476521,15.2,22319.7,8.663,124,96,214
2026-07-28T19:56:26Z,-11.6425185,166.9476092,15.4,22328.3,8.616,124,96,214
2026-07-28T19:56:27Z,-11.6425788,166.9475448,15.4,22336.9,8.640,124,95,215
2026-07-28T19:56:28Z,-11.6426566,166.9475341,15.2,22345.8,8.890,125,95,215
2026-07-28T19:56:29Z,-11.6427344,166.9475555,14.6,22355.1,9.541,125,95,214
2026-07-28T19:56:30Z,-11.6428015,166.9476199,14.0,22364.7,10.193,125,95,214
2026-07-28T19:56:31Z,-11.6428792,166.9476843,13.8,22375.4,10.454,124,95,214
2026-07-28T19:56:32Z,-11.6429637,166.9477165,14.8,22385.6,9.582,125,95,215
2026-07-28T19:56:33Z,-11.6430321,166.9477594,15.6,22394.7,8.770,125,95,214
2026-07-28T19:56:34Z,-11.6430911,166.9478023,15.8,22403.1,8.515,125,95,214
2026-07-28T19:56:35Z,-11.6431488,166.9478667,15.8,22411.8,8.609,125,95,214
2026-07-28T19:56:36Z,-11.6432051,166.9479096,15.6,22420.2,8.801,125,94,214
2026-07-28T19:56:37Z,-11.6432655,166.9479740,15.6,22429.1,9.036,125,93,214
2026-07-28T19:56:38Z,-11.6433285,166.9480169,15.4,22438.4,9.290,125,93,214
2026-07-28T19:56:39Z,-11.6433875,166.9480813,15.2,22447.7,9.547,125,93,214
2026-07-28T19:56:40Z,-11.6434439,166.9481564,14.8,22457.6,9.817,125,93,215
2026-07-28T19:56:41Z,-11.6434854,166.9482315,14.6,22467.6,10.084,125,94,215
2026-07-28T19:56:42Z,-11.6434948,166.9483173,14.4,22477.6,10.322,126,94,215
2026-07-28T19:56:43Z,-11.6434573,166.9484138,14.0,22488.1,10.529,126,94,214
2026-07-28T19:56:44Z,-11.6433862,166.9484782,13.8,22498.9,10.740,126,94,214
2026-07-28T19:56:45Z,-11.6433044,166.9485319,13.6,22509.7,10.918,126,94,214
2026-07-28T19:56:46Z,-11.6432159,166.9485855,13.2,22520.8,11.061,126,94,214
2026-07-28T19:56:47Z,-11.6431300,166.9486284,13.0,22531.5,11.159,127,95,215
2026-07-28T19:56:48Z,-11.6430388,166.9486713,13.0,22543.1,11.218,127,95,214
2026-07-28T19:56:49Z,-11.6429557,166.9487357,12.8,22554.0,11.216,127,95,215
2026-07-28T19:56:50Z,-11.6428766,166.9488108,12.8,22565.8,11.124,127,95,215
2026-07-28T19:56:51Z,-11.6428202,166.9488859,13.0,22576.5,10.901,128,96,215
2026-07-28T19:56:52Z,-11.6427760,166.9489825,13.4,22587.4,10.537,129,96,214
2026-07-28T19:56:53Z,-11.6427411,166.9490576,13.8,22597.7,10.120,129,96,215
2026-07-28T19:56:54Z,-11.6427116,166.9491434,14.2,22607.7,9.668,129,95,214
2026-07-28T19:56:55Z,-11.6426861,166.9492185,14.8,22617.1,9.208,129,96,215
2026-07-28T19:56:56Z,-11.6426674,166.9493151,15.2,22626.0,8.740,129,96,215
2026-07-28T19:56:57Z,-11.6426553,166.9493794,15.8,22634.1,8.284,129,96,215
2026-07-28T19:56:58Z,-11.6426499,166.9494545,16.2,22642.3,7.786,130,96,215
2026-07-28T19:56:59Z,-11.6426539,166.9495296,16.8,22650.0,7.271,130,95,215
2026-07-28T19:57:00Z,-11.6426687,166.9495940,17.4,22657.0,6.759,130,96,215
2026-07-28T19:57:01Z,-11.6426942,166.9496369,17.8,22663.3,6.258,130,96,214
2026-07-28T19:57:02Z,-11.6427331,166.9496799,18.4,22669.4,5.783,131,95,214
2026-07-28T19:57:03Z,-11.6427746,166.9497120,18.6,22674.9,5.488,130,94,214
2026-07-28T19:57:04Z,-11.6428202,166.9497228,19.0,22680.4,5.258,131,93,214
2026-07-28T19:57:05Z,-11.6428618,166.9497442,19.2,22685.5,5.090,131,92,214
2026-07-28T19:57:06Z,-11.6429061,166.9497764,19.6,22690.6,4.953,131,91,214
2026-07-28T19:57:07Z,-11.6429476,166.9497764,19.8,22695.4,4.854,131,91,215
2026-07-28T19:57:08Z,-11.6429879,166.9497871,20.0,22700.2,4.783,131,91,214
2026-07-28T19:57:09Z,-11.6430295,166.9497979,20.2,22704.9,4.734,131,91,215
2026-07-28T19:57:10Z,-11.6430737,166.9498193,20.4,22709.9,4.704,132,92,214
2026-07-28T19:57:11Z,-11.6431139,166.9498193,20.6,22714.4,4.694,132,92,215
2026-07-28T19:57:12Z,-11.6431569,166.9498301,21.0,22719.2,4.702,132,93,215
2026-07-28T19:57:13Z,-11.6431971,166.9498301,21.2,22723.9,4.718,133,93,215
2026-07-28T19:57:14Z,-11.6432387,166.9498515,21.4,22728.5,4.736,133,93,214
2026-07-28T19:57:15Z,-11.6432816,166.9498515,21.4,22733.3,4.765,133,92,214
2026-07-28T19:57:16Z,-11.6433258,166.9498515,21.6,22738.2,4.809,133,92,215
2026-07-28T19:57:17Z,-11.6433674,166.9498515,21.8,22742.8,4.862,133,92,214
2026-07-28T19:57:18Z,-11.6434143,166.9498515,22.0,22748.0,4.931,132,92,214
2026-07-28T19:57:19Z,-11.6434573,166.9498515,22.2,22752.8,5.007,132,92,215
2026-07-28T19:57:20Z,-11.6435015,166.9498515,22.4,22757.7,5.094,132,92,214
2026-07-28T19:57:21Z,-11.6435511,166.9498515,22.4,22763.2,5.205,132,91,214
2026-07-28T19:57:22Z,-11.6435967,166.9498515,22.6,22768.3,5.320,132,91,215
2026-07-28T19:57:23Z,-11.6436464,166.9498301,22.8,22773.8,5.460,132,92,214
2026-07-28T19:57:24Z,-11.6436946,166.9498301,22.8,22779.2,5.611,132,92,215
2026-07-28T19:57:25Z,-11.6437456,166.9498193,22.8,22785.0,5.792,132,92,215
2026-07-28T19:57:26Z,-11.6437966,166.9497979,23.0,22790.8,6.016,132,92,214
2026-07-28T19:57:27Z,-11.6438475,166.9497871,23.0,22796.8,6.316,132,92,215
2026-07-28T19:57:28Z,-11.6439025,166.9497764,23.0,22803.2,6.627,132,92,215
2026-07-28T19:57:29Z,-11.6439588,166.9497442,22.8,22810.3,6.978,132,92,215
2026-07-28T19:57:30Z,-11.6440111,166.9497120,22.8,22817.2,7.339,0,93,214
2026-07-28T19:57:31Z,-11.6440661,166.9496691,22.6,22824.8,7.774,0,92,214
2026-07-28T19:57:32Z,-11.6441211,166.9496155,22.4,22833.1,8.269,0,92,214
2026-07-28T19:57:33Z,-11.6441721,166.9495618,22.0,22841.5,8.740,0,92,215
2026-07-28T19:57:34Z,-11.6442230,166.9494975,21.6,22850.6,9.206,0,93,215
2026-07-28T19:57:35Z,-11.6442753,166.9494224,21.2,22860.3,9.677,0,94,214
2026-07-28T19:57:36Z,-11.6443250,166.9493473,20.8,22869.9,10.130,0,94,215
2026-07-28T19:57:37Z,-11.6443746,166.9492722,20.2,22879.9,10.550,0,93,215
2026-07-28T19:57:38Z,-11.6444269,166.9491971,19.8,22890.8,10.982,0,94,214
2026-07-28T19:57:39Z,-11.6444778,166.9491005,19.2,22902.3,11.401,0,93,215
2026-07-28T19:57:40Z,-11.6445275,166.9490039,18.6,22913.6,11.785,0,93,214
2026-07-28T19:57:41Z,-11.6445771,166.9489074,17.8,22925.6,12.161,0,93,214
2026-07-28T19:57:42Z,-11.6446280,166.9488108,17.2,22938.1,12.522,0,92,214
2026-07-28T19:57:43Z,-11.6446817,166.9487035,16.4,22951.2,12.879,0,92,215
2026-07-28T19:57:44Z,-11.6447327,166.9485962,15.8,22963.9,13.195,0,92,215
2026-07-28T19:57:45Z,-11.6447876,166.9484890,15.0,22977.3,13.504,0,92,214
2026-07-28T19:57:46Z,-11.6448426,166.9483817,14.2,22990.7,13.789,0,91,214
2026-07-28T19:57:47Z,-11.6449016,166.9482636,13.6,23004.9,14.069,0,91,214
2026-07-28T19:57:48Z,-11.6449606,166.9481564,12.8,23018.7,14.318,0,91,214
2026-07-28T19:57:49Z,-11.6450277,166.9480276,11.8,23033.3,14.559,0,91,215
2026-07-28T19:57:50Z,-11.6450988,166.9479311,11.0,23047.8,14.769,0,91,215
2026-07-28T19:57:51Z,-11.6451913,166.9478238,10.4,23062.8,14.934,0,91,215
2026-07-28T19:57:52Z,-11.6453134,166.9477701,9.8,23077.6,15.015,0,91,215
2026-07-28T19:57:53Z,-11.6454314,166.9478345,9.6,23092.5,14.799,0,92,215
2026-07-28T19:57:54Z,-11.6455172,166.9479525,9.8,23108.4,14.284,0,92,214
2026-07-28T19:57:55Z,-11.6455816,166.9480598,10.2,23122.1,13.806,0,93,215
2026-07-28T19:57:56Z,-11.6456674,166.9481349,10.2,23134.8,13.488,0,93,214
2026-07-28T19:57:57Z,-11.6457680,166.9481993,10.4,23148.3,13.213,0,92,214
2026-07-28T19:57:58Z,-11.6458672,166.9482744,10.4,23161.5,12.959,0,92,215
2026-07-28T19:57:59Z,-11.6459611,166.9483387,10.4,23174.1,12.740,0,92,214
2026-07-28T19:58:00Z,-11.6460617,166.9484138,10.4,23187.5,12.520,0,91,214
2026-07-28T19:58:01Z,-11.6461502,166.9484782,10.4,23199.3,12.336,0,91,215
2026-07-28T19:58:02Z,-11.6462427,166.9485319,10.4,23211.6,12.154,0,92,215
2026-07-28T19:58:03Z,-11.6463353,166.9485962,10.4,23224.0,11.980,0,92,215
2026-07-28T19:58:04Z,-11.6464224,166.9486606,10.4,23235.6,11.827,0,92,215
2026-07-28T19:58:05Z,-11.6465136,166.9487143,10.4,23247.6,11.675,132,92,215
2026-07-28T19:58:06Z,-11.6465995,166.9487786,10.4,23259.2,11.537,132,92,215
2026-07-28T19:58:07Z,-11.6466840,166.9488215,10.4,23270.4,11.411,132,92,215
2026-07-28T19:58:08Z,-11.6467711,166.9488859,10.4,23281.9,11.288,132,93,215
2026-07-28T19:58:09Z,-11.6468543,166.9489503,10.4,23293.1,11.191,132,93,214
2026-07-28T19:58:10Z,-11.6469361,166.9490039,10.4,23304.1,11.108,132,94,215
2026-07-28T19:58:11Z,-11.6470206,166.9490576,10.4,23315.2,11.029,132,94,214
2026-07-28T19:58:12Z,-11.6471051,166.9491112,10.4,23326.3,10.954,132,94,215
2026-07-28T19:58:13Z,-11.6471842,166.9491756,10.4,23337.1,10.880,132,94,215
2026-07-28T19:58:14Z,-11.6472647,166.9492185,10.4,23347.8,10.783,132,94,215
2026-07-28T19:58:15Z,-11.6473424,166.9492829,10.4,23358.9,10.659,133,94,214
2026-07-28T19:58:16Z,-11.6474135,166.9493580,10.6,23369.4,10.519,133,95,214
2026-07-28T19:58:17Z,-11.6474873,166.9494009,10.6,23379.7,10.353,134,95,214
2026-07-28T19:58:18Z,-11.6475771,166.9494331,10.8,23389.8,10.194,134,95,215
2026-07-28T19:58:19Z,-11.6476656,166.9493902,10.8,23400.4,10.150,134,96,215
2026-07-28T19:58:20Z,-11.6477354,166.9493473,10.8,23410.1,10.169,134,96,215
2026-07-28T19:58:21Z,-11.6477998,166.9492722,10.8,23421.0,10.214,134,96,214
2026-07-28T19:58:22Z,-11.6478507,166.9491971,10.6,23431.0,10.264,134,95,214
2026-07-28T19:58:23Z,-11.6479017,166.9491112,10.6,23441.1,10.354,134,95,214
2026-07-28T19:58:24Z,-11.6479540,166.9490361,10.4,23451.9,10.458,134,94,214
2026-07-28T19:58:25Z,-11.6479996,166.9489503,10.4,23461.8,10.553,134,94,214
2026-07-28T19:58:26Z,-11.6480479,166.9488752,10.4,23472.4,10.638,134,94,215
2026-07-28T19:58:27Z,-11.6480988,166.9487786,10.2,23483.7,10.703,134,95,215
2026-07-28T19:58:28Z,-11.6481444,166.9487035,10.2,23493.9,10.749,134,97,216
2026-07-28T19:58:29Z,-11.6481954,166.9486177,10.0,23504.7,10.787,134,98,215
2026-07-28T19:58:30Z,-11.6482490,166.9485319,10.0,23515.4,10.815,134,99,215
2026-07-28T19:58:31Z,-11.6483067,166.9484568,10.0,23526.2,10.832,134,99,215
2026-07-28T19:58:32Z,-11.6483724,166.9483817,9.8,23537.3,10.840,134,100,214
2026-07-28T19:58:33Z,-11.6484515,166.9483173,9.8,23548.3,10.836,133,101,215
2026-07-28T19:58:34Z,-11.6485387,166.9482958,9.8,23558.5,10.816,133,102,214
2026-07-28T19:58:35Z,-11.6486353,166.9483173,9.8,23569.7,10.743,133,101,214
2026-07-28T19:58:36Z,-11.6487090,166.9483817,9.8,23580.5,10.637,134,101,215
2026-07-28T19:58:37Z,-11.6487627,166.9484568,9.8,23590.5,10.533,133,101,214
2026-07-28T19:58:38Z,-11.6488110,166.9485319,10.0,23601.4,10.420,133,99,214
2026-07-28T19:58:39Z,-11.6488485,166.9486284,10.0,23611.5,10.318,133,98,214
2026-07-28T19:58:40Z,-11.6488847,166.9487143,10.0,23621.7,10.219,133,97,214
2026-07-28T19:58:41Z,-11.6489196,166.9488001,10.2,23632.3,10.121,133,97,215
2026-07-28T19:58:42Z,-11.6489531,166.9488859,10.2,23642.6,10.031,133,97,215
2026-07-28T19:58:43Z,-11.6489826,166.9489610,10.4,23651.9,9.953,134,98,214
2026-07-28T19:58:44Z,-11.6490148,166.9490576,10.4,23662.3,9.924,134,96,214
2026-07-28T19:58:45Z,-11.6490456,166.9491434,10.4,23672.4,9.940,134,96,214
2026-07-28T19:58:46Z,-11.6490752,166.9492185,10.6,23682.1,9.937,134,95,214
2026-07-28T19:58:47Z,-11.6491114,166.9493151,10.6,23691.9,9.916,134,95,215
2026-07-28T19:58:48Z,-11.6491489,166.9493902,10.8,23701.9,9.895,134,95,214
2026-07-28T19:58:49Z,-11.6491905,166.9494867,10.8,23712.1,9.864,134,95,214
2026-07-28T19:58:50Z,-11.6492347,166.9495404,10.8,23721.3,9.837,134,95,214
2026-07-28T19:58:51Z,-11.6492924,166.9496155,11.0,23731.6,9.808,134,95,214
2026-07-28T19:58:52Z,-11.6493635,166.9496799,11.0,23741.3,9.784,134,94,214
2026-07-28T19:58:53Z,-11.6494507,166.9496799,11.2,23751.1,9.777,134,93,214
2026-07-28T19:58:54Z,-11.6495338,166.9496691,11.2,23760.6,9.751,134,93,215
2026-07-28T19:58:55Z,-11.6496143,166.9496155,11.2,23770.6,9.736,134,93,215
2026-07-28T19:58:56Z,-11.6496840,166.9495618,11.2,23780.2,9.733,133,93,215
2026-07-28T19:58:57Z,-11.6497537,166.9495082,11.2,23790.2,9.755,133,93,215
2026-07-28T19:58:58Z,-11.6498168,166.9494545,11.2,23799.4,9.757,133,94,215
2026-07-28T19:58:59Z,-11.6498838,166.9493902,11.2,23809.8,9.762,134,94,214
2026-07-28T19:59:00Z,-11.6499469,166.9493151,11.0,23819.7,9.769,134,94,214
2026-07-28T19:59:01Z,-11.6500045,166.9492507,11.0,23829.1,9.779,134,94,215
2026-07-28T19:59:02Z,-11.6500622,166.9491971,11.0,23838.6,9.803,134,93,215
2026-07-28T19:59:03Z,-11.6501185,166.9491112,11.0,23848.6,9.839,134,93,215
2026-07-28T19:59:04Z,-11.6501749,166.9490576,11.0,23858.4,9.872,134,92,215
2026-07-28T19:59:05Z,-11.6502339,166.9489825,11.0,23868.6,9.882,134,92,214
2026-07-28T19:59:06Z,-11.6502929,166.9489181,11.0,23878.2,9.888,134,92,214
2026-07-28T19:59:07Z,-11.6503532,166.9488430,11.0,23888.3,9.905,134,91,214
2026-07-28T19:59:08Z,-11.6504163,166.9487786,11.0,23898.0,9.933,134,90,214
2026-07-28T19:59:09Z,-11.6504833,166.9487357,11.0,23907.7,9.978,134,90,214
2026-07-28T19:59:10Z,-11.6505638,166.9486928,10.8,23917.9,10.028,0,89,214
2026-07-28T19:59:11Z,-11.6506483,166.9486606,10.8,23927.9,10.119,0,89,214
2026-07-28T19:59:12Z,-11.6507395,166.9486606,10.8,23938.0,10.115,0,89,214
2026-07-28T19:59:13Z,-11.6508253,166.9486928,10.8,23948.4,10.110,0,89,215
2026-07-28T19:59:14Z,-11.6508910,166.9487679,10.8,23958.5,10.112,0,90,214
2026-07-28T19:59:15Z,-11.6509339,166.9488430,10.8,23968.3,10.123,0,90,215
2026-07-28T19:59:16Z,-11.6509621,166.9489288,10.6,23979.0,10.154,0,90,215
2026-07-28T19:59:17Z,-11.6509607,166.9490254,10.6,23988.5,10.213,0,90,215
2026-07-28T19:59:18Z,-11.6509339,166.9491112,10.4,23999.1,10.313,0,90,215
2026-07-28T19:59:19Z,-11.6508977,166.9491971,10.2,24009.4,10.410,0,91,215
2026-07-28T19:59:20Z,-11.6508575,166.9492829,10.2,24019.9,10.494,131,92,215
2026-07-28T19:59:21Z,-11.6508159,166.9493794,10.0,24030.5,10.559,132,93,214
2026-07-28T19:59:22Z,-11.6507797,166.9494653,9.8,24041.2,10.593,132,93,214
2026-07-28T19:59:23Z,-11.6507569,166.9495618,9.8,24051.8,10.581,132,94,215
2026-07-28T19:59:24Z,-11.6507730,166.9496477,10.0,24062.1,10.429,132,94,214
2026-07-28T19:59:25Z,-11.6508414,166.9497120,10.4,24072.6,10.016,133,93,214
2026-07-28T19:59:26Z,-11.6509205,166.9497442,10.8,24082.2,9.616,132,93,214
2026-07-28T19:59:27Z,-11.6510010,166.9497764,11.2,24091.5,9.246,133,92,215
2026-07-28T19:59:28Z,-11.6510801,166.9497871,11.6,24100.6,8.912,133,92,214
2026-07-28T19:59:29Z,-11.6511579,166.9498193,12.0,24109.4,8.598,134,92,214
2026-07-28T19:59:30Z,-11.6512343,166.9498301,12.4,24118.1,8.269,134,92,214
2026-07-28T19:59:31Z,-11.6513014,166.9498622,12.8,24126.0,7.979,133,92,214
2026-07-28T19:59:32Z,-11.6513671,166.9498837,13.2,24133.9,7.717,133,92,214
2026-07-28T19:59:33Z,-11.6514261,166.9499266,13.4,24141.6,7.505,133,92,215
2026-07-28T19:59:34Z,-11.6514717,166.9499695,13.6,24149.0,7.387,133,92,215
2026-07-28T19:59:35Z,-11.6515066,166.9500339,13.8,24156.2,7.370,133,92,214
2026-07-28T19:59:36Z,-11.6515321,166.9500875,13.8,24163.7,7.448,133,92,214
2026-07-28T19:59:37Z,-11.6515481,166.9501519,13.8,24171.3,7.594,133,92,216
2026-07-28T19:59:38Z,-11.6515522,166.9502270,13.8,24179.0,7.770,133,94,215
2026-07-28T19:59:39Z,-11.6515468,166.9503021,13.8,24186.9,7.948,133,94,214
2026-07-28T19:59:40Z,-11.6515334,166.9503665,13.8,24194.8,8.096,133,94,215
2026-07-28T19:59:41Z,-11.6515119,166.9504416,13.8,24203.0,8.203,133,94,214
2026-07-28T19:59:42Z,-11.6514851,166.9505167,13.8,24211.4,8.253,132,92,214
2026-07-28T19:59:43Z,-11.6514516,166.9505811,13.8,24219.5,8.264,132,92,214
2026-07-28T19:59:44Z,-11.6514100,166.9506454,14.0,24227.9,8.278,133,91,214
2026-07-28T19:59:45Z,-11.6513631,166.9506991,14.0,24236.0,8.293,133,91,214
2026-07-28T19:59:46Z,-11.6513135,166.9507635,14.2,24244.4,8.307,133,91,214
2026-07-28T19:59:47Z,-11.6512638,166.9508064,14.2,24252.5,8.316,132,90,214
2026-07-28T19:59:48Z,-11.6512115,166.9508708,14.2,24260.9,8.319,133,90,214
2026-07-28T19:59:49Z,-11.6511592,166.9509351,14.4,24269.2,8.314,133,90,214
2026-07-28T19:59:50Z,-11.6511056,166.9509780,14.4,24277.6,8.298,133,90,215
2026-07-28T19:59:51Z,-11.6510573,166.9510424,14.6,24285.7,8.272,133,91,215
2026-07-28T19:59:52Z,-11.6510090,166.9510961,14.8,24293.9,8.231,133,92,214
2026-07-28T19:59:53Z,-11.6509634,166.9511604,14.8,24302.2,8.171,133,92,215
2026-07-28T19:59:54Z,-11.6509219,166.9512248,15.0,24310.3,8.091,133,91,214
2026-07-28T19:59:55Z,-11.6508856,166.9512784,15.2,24318.5,7.981,133,91,215
2026-07-28T19:59:56Z,-11.6508588,166.9513428,15.4,24326.4,7.837,133,91,215
2026-07-28T19:59:57Z,-11.6508387,166.9514179,15.8,24334.0,7.665,133,91,215
2026-07-28T19:59:58Z,-11.6508266,166.9514823,16.0,24341.8,7.471,133,91,214
2026-07-28T19:59:59Z,-11.6508186,166.9515467,16.2,24348.9,7.284,133,90,214
2026-07-28T20:00:00Z,-11.6508146,166.9516218,16.6,24356.1,7.093,133,89,214
2026-07-28T20:00:01Z,-11.6508105,166.9516754,16.8,24363.2,6.907,133,89,214
2026-07-28T20:00:02Z,-11.6508092,166.9517398,17.0,24370.2,6.731,133,89,214
2026-07-28T20:00:03Z,-11.6508052,166.9518042,17.4,24376.7,6.572,133,88,214
2026-07-28T20:00:04Z,-11.6508025,166.9518578,17.6,24383.2,6.422,133,88,215
2026-07-28T20:00:05Z,-11.6507985,166.9519222,17.8,24389.4,6.291,133,88,215
2026-07-28T20:00:06Z,-11.6507904,166.9519651,18.2,24395.8,6.171,133,88,214
2026-07-28T20:00:07Z,-11.6507797,166.9520295,18.4,24401.8,6.088,132,89,215
2026-07-28T20:00:08Z,-11.6507623,166.9520938,18.6,24408.0,6.029,133,89,215
2026-07-28T20:00:09Z,-11.6507421,166.9521368,18.8,24413.9,5.990,132,90,214
2026-07-28T20:00:10Z,-11.6507167,166.9521797,19.0,24419.8,5.976,132,90,214
2026-07-28T20:00:11Z,-11.6506831,166.9522333,19.2,24425.9,5.995,133,89,214
2026-07-28T20:00:12Z,-11.6506442,166.9522548,19.2,24431.9,6.056,133,89,214
2026-07-28T20:00:13Z,-11.6506000,166.9522870,19.4,24437.9,6.141,132,89,215
2026-07-28T20:00:14Z,-11.6505517,166.9523191,19.4,24444.2,6.244,133,89,214
2026-07-28T20:00:15Z,-11.6505007,166.9523513,19.6,24450.5,6.356,132,90,215
2026-07-28T20:00:16Z,-11.6504484,166.9523835,19.6,24456.8,6.475,132,90,214
2026-07-28T20:00:17Z,-11.6503921,166.9523942,19.8,24463.4,6.603,132,90,214
2026-07-28T20:00:18Z,-11.6503331,166.9524157,19.8,24470.2,6.737,133,90,215
2026-07-28T20:00:19Z,-11.6502754,166.9524264,19.8,24476.9,6.872,132,91,214
2026-07-28T20:00:20Z,-11.6502124,166.9524372,19.8,24484.0,7.015,133,91,215
2026-07-28T20:00:21Z,-11.6501480,166.9524586,20.0,24491.1,7.162,133,92,215
2026-07-28T20:00:22Z,-11.6500837,166.9524693,20.0,24498.5,7.320,133,92,214
2026-07-28T20:00:23Z,-11.6500193,166.9524693,20.0,24505.8,7.480,133,92,215
2026-07-28T20:00:24Z,-11.6499509,166.9524908,20.0,24513.4,7.657,133,92,214
2026-07-28T20:00:25Z,-11.6498825,166.9525015,20.0,24520.9,7.839,133,92,214
2026-07-28T20:00:26Z,-11.6498128,166.9525015,20.0,24528.7,8.030,133,92,214
2026-07-28T20:00:27Z,-11.6497363,166.9525230,19.8,24537.2,8.209,133,92,215
2026-07-28T20:00:28Z,-11.6496639,166.9525230,19.8,24545.4,8.381,133,93,215
2026-07-28T20:00:29Z,-11.6495875,166.9525230,19.8,24553.8,8.570,133,94,215
2026-07-28T20:00:30Z,-11.6495083,166.9525230,19.6,24562.6,8.784,133,94,214
2026-07-28T20:00:31Z,-11.6494265,166.9525230,19.4,24571.6,9.046,133,94,214
2026-07-28T20:00:32Z,-11.6493461,166.9525230,19.2,24580.4,9.355,133,93,215
2026-07-28T20:00:33Z,-11.6492602,166.9525015,18.8,24590.2,9.737,134,95,215
2026-07-28T20:00:34Z,-11.6491731,166.9524908,18.4,24599.9,10.138,133,95,215
2026-07-28T20:00:35Z,-11.6490792,166.9524693,17.8,24610.7,10.584,134,96,214
2026-07-28T20:00:36Z,-11.6489866,166.9524372,17.4,24621.1,10.991,134,96,215
2026-07-28T20:00:37Z,-11.6488861,166.9524157,16.8,24632.7,11.397,134,97,215
2026-07-28T20:00:38Z,-11.6487855,166.9523942,16.2,24644.1,11.723,134,98,214
2026-07-28T20:00:39Z,-11.6486809,166.9523621,15.8,24656.0,11.959,134,97,214
2026-07-28T20:00:40Z,-11.6485736,166.9523513,15.6,24668.1,12.071,134,98,214
2026-07-28T20:00:41Z,-11.6484636,166.9523513,15.4,24680.2,12.038,134,98,215
2026-07-28T20:00:42Z,-11.6483563,166.9523621,15.4,24692.2,11.892,134,98,214
2026-07-28T20:00:43Z,-11.6482504,166.9523835,15.6,24704.0,11.697,134,98,215
2026-07-28T20:00:44Z,-11.6481498,166.9523942,15.8,24715.3,11.458,135,97,214
2026-07-28T20:00:45Z,-11.6480814,166.9524693,15.8,24726.8,11.304,135,98,215
2026-07-28T20:00:46Z,-11.6480653,166.9525659,15.6,24737.7,11.286,136,98,215
2026-07-28T20:00:47Z,-11.6480948,166.9526517,15.4,24749.2,11.338,135,97,214
2026-07-28T20:00:48Z,-11.6481927,166.9527054,15.4,24760.7,11.296,135,97,214
2026-07-28T20:00:49Z,-11.6482906,166.9527161,15.4,24771.7,11.278,135,97,215
2026-07-28T20:00:50Z,-11.6483952,166.9527376,15.2,24783.5,11.249,134,98,214
2026-07-28T20:00:51Z,-11.6484918,166.9527483,15.2,24794.1,11.218,134,98,214
2026-07-28T20:00:52Z,-11.6485910,166.9527590,15.2,24805.4,11.201,134,98,214
2026-07-28T20:00:53Z,-11.6486943,166.9527805,15.0,24816.9,11.191,134,98,214
2026-07-28T20:00:54Z,-11.6487975,166.9527912,15.0,24828.4,11.184,134,97,215
2026-07-28T20:00:55Z,-11.6488914,166.9528127,14.8,24838.9,11.183,134,98,215
2026-07-28T20:00:56Z,-11.6489880,166.9528234,14.8,24849.7,11.183,134,99,215
2026-07-28T20:00:57Z,-11.6490939,166.9528341,14.6,24861.5,11.185,135,100,215
2026-07-28T20:00:58Z,-11.6491905,166.9528556,14.6,24872.3,11.188,135,100,214
2026-07-28T20:00:59Z,-11.6492964,166.9528663,14.4,24884.2,11.192,135,99,214
2026-07-28T20:01:00Z,-11.6493984,166.9528878,14.4,24895.5,11.197,135,99,214
2026-07-28T20:01:01Z,-11.6494936,166.9528985,14.2,24906.3,11.203,135,98,214
2026-07-28T20:01:02Z,-11.6495942,166.9529200,14.2,24917.5,11.210,135,98,214
2026-07-28T20:01:03Z,-11.6496961,166.9529307,14.0,24928.9,11.219,136,97,215
2026-07-28T20:01:04Z,-11.6497953,166.9529414,13.8,24939.9,11.229,136,96,215
2026-07-28T20:01:05Z,-11.6498959,166.9529629,13.8,24951.3,11.240,136,97,214
2026-07-28T20:01:06Z,-11.6499965,166.9529736,13.6,24962.7,11.252,136,97,214
2026-07-28T20:01:07Z,-11.6500957,166.9529951,13.6,24973.9,11.264,136,96,214
2026-07-28T20:01:08Z,-11.6501950,166.9530272,13.4,24985.1,11.279,135,94,214
2026-07-28T20:01:09Z,-11.6502902,166.9530380,13.2,24995.9,11.295,135,93,214
2026-07-28T20:01:10Z,-11.6503948,166.9530702,13.2,25007.8,11.318,135,92,214
2026-07-28T20:01:11Z,-11.6504860,166.9531024,13.0,25018.6,11.343,135,92,215
2026-07-28T20:01:12Z,-11.6505812,166.9531560,12.8,25030.6,11.363,135,93,215
2026-07-28T20:01:13Z,-11.6506496,166.9532311,12.8,25041.8,11.372,135,93,214
2026-07-28T20:01:14Z,-11.6506603,166.9533277,12.6,25052.9,11.386,135,92,215
2026-07-28T20:01:15Z,-11.6505946,166.9534028,12.4,25064.4,11.414,135,92,214
2026-07-28T20:01:16Z,-11.6504954,166.9534457,12.4,25076.1,11.441,135,92,215
2026-07-28T20:01:17Z,-11.6503935,166.9534457,12.2,25087.4,11.472,135,92,214
2026-07-28T20:01:18Z,-11.6502942,166.9534457,12.0,25098.4,11.498,135,92,215
2026-07-28T20:01:19Z,-11.6501909,166.9534349,11.8,25109.9,11.509,134,92,215
2026-07-28T20:01:20Z,-11.6500877,166.9534028,11.8,25121.6,11.512,134,93,215
2026-07-28T20:01:21Z,-11.6499884,166.9533920,11.6,25132.9,11.510,134,93,215
2026-07-28T20:01:22Z,-11.6498852,166.9533598,11.6,25144.5,11.505,135,93,215
2026-07-28T20:01:23Z,-11.6497859,166.9533384,11.4,25155.9,11.499,135,93,215
2026-07-28T20:01:24Z,-11.6496827,166.9533169,11.2,25167.6,11.491,135,92,214
2026-07-28T20:01:25Z,-11.6495781,166.9532847,11.2,25179.6,11.482,135,91,215
2026-07-28T20:01:26Z,-11.6494815,166.9532633,11.0,25190.5,11.473,135,91,215
2026-07-28T20:01:27Z,-11.6493756,166.9532311,11.0,25202.6,11.465,135,91,214
2026-07-28T20:01:28Z,-11.6492763,166.9532204,10.8,25213.9,11.456,135,91,214
2026-07-28T20:01:29Z,-11.6491771,166.9531882,10.8,25225.2,11.448,135,90,214
2026-07-28T20:01:30Z,-11.6490725,166.9531560,10.6,25236.9,11.441,135,90,214
2026-07-28T20:01:31Z,-11.6489786,166.9531453,10.4,25247.6,11.435,135,90,215
2026-07-28T20:01:32Z,-11.6488713,166.9531131,10.4,25259.9,11.431,135,90,215
2026-07-28T20:01:33Z,-11.6487734,166.9531024,10.2,25270.9,11.429,135,90,214
2026-07-28T20:01:34Z,-11.6486701,166.9530809,10.2,25282.6,11.427,135,90,214
2026-07-28T20:01:35Z,-11.6485736,166.9530702,10.0,25293.4,11.428,135,90,214
2026-07-28T20:01:36Z,-11.6484649,166.9530380,9.8,25305.5,11.434,135,89,215
2026-07-28T20:01:37Z,-11.6483697,166.9530380,9.8,25316.2,11.445,135,90,215
2026-07-28T20:01:38Z,-11.6482598,166.9530380,9.6,25328.3,11.473,135,92,215
2026-07-28T20:01:39Z,-11.6481632,166.9530487,9.4,25339.3,11.507,135,93,214
2026-07-28T20:01:40Z,-11.6480747,166.9531131,9.2,25351.3,11.517,135,94,214
2026-07-28T20:01:41Z,-11.6480251,166.9532096,9.2,25363.0,11.492,135,94,214
2026-07-28T20:01:42Z,-11.6480224,166.9533169,9.2,25374.3,11.446,135,93,214
2026-07-28T20:01:43Z,-11.6480573,166.9534028,9.0,25385.4,11.402,135,93,214
2026-07-28T20:01:44Z,-11.6481176,166.9534993,9.0,25397.1,11.373,135,92,214
2026-07-28T20:01:45Z,-11.6481940,166.9535744,8.8,25408.6,11.365,135,92,215
2026-07-28T20:01:46Z,-11.6482772,166.9536173,8.8,25419.4,11.375,135,92,215
2026-07-28T20:01:47Z,-11.6483711,166.9536602,8.6,25430.9,11.393,136,92,215
2026-07-28T20:01:48Z,-11.6484690,166.9536924,8.4,25442.4,11.402,135,92,214
2026-07-28T20:01:49Z,-11.6485696,166.9537246,8.4,25453.9,11.407,135,92,214
2026-07-28T20:01:50Z,-11.6486701,166.9537568,8.2,25465.5,11.419,135,93,215
2026-07-28T20:01:51Z,-11.6487667,166.9537890,8.2,25476.5,11.437,135,93,215
2026-07-28T20:01:52Z,-11.6488713,166.9537997,8.0,25488.3,11.466,136,93,214
2026-07-28T20:01:53Z,-11.6489692,166.9538319,8.0,25499.4,11.501,136,94,215
2026-07-28T20:01:54Z,-11.6490711,166.9538426,7.8,25510.9,11.553,136,94,215
2026-07-28T20:01:55Z,-11.6491744,166.9538641,7.6,25522.6,11.626,136,94,215
2026-07-28T20:01:56Z,-11.6492830,166.9538963,7.6,25534.8,11.727,136,94,214
2026-07-28T20:01:57Z,-11.6493863,166.9539070,7.4,25546.4,11.863,136,94,214
2026-07-28T20:01:58Z,-11.6494909,166.9539392,7.4,25558.3,11.951,136,93,214
2026-07-28T20:01:59Z,-11.6495982,166.9539499,7.2,25570.4,11.908,136,92,215
2026-07-28T20:02:00Z,-11.6497001,166.9539714,7.2,25582.0,11.869,136,92,214
2026-07-28T20:02:01Z,-11.6498047,166.9540036,7.0,25593.7,11.833,136,92,214
2026-07-28T20:02:02Z,-11.6499080,166.9540143,7.0,25605.4,11.799,136,92,214
2026-07-28T20:02:03Z,-11.6500139,166.9540465,6.8,25617.4,11.767,136,91,214
2026-07-28T20:02:04Z,-11.6501158,166.9540572,6.6,25628.9,11.740,136,90,214
2026-07-28T20:02:05Z,-11.6502231,166.9540894,6.6,25641.2,11.714,136,89,214
2026-07-28T20:02:06Z,-11.6503210,166.9541216,6.4,25652.6,11.694,136,88,215
2026-07-28T20:02:07Z,-11.6504216,166.9541645,6.4,25664.4,11.678,136,88,215
2026-07-28T20:02:08Z,-11.6505142,166.9542074,6.2,25675.9,11.670,136,88,215
2026-07-28T20:02:09Z,-11.6505973,166.9542718,6.0,25687.3,11.668,136,88,215
2026-07-28T20:02:10Z,-11.6506603,166.9543684,6.0,25699.4,11.663,135,88,215
2026-07-28T20:02:11Z,-11.6506563,166.9544756,5.8,25711.4,11.630,135,88,215
2026-07-28T20:02:12Z,-11.6506094,166.9545507,5.8,25722.3,11.564,135,88,215
2026-07-28T20:02:13Z,-11.6505450,166.9546366,5.8,25734.2,11.490,135,88,215
2026-07-28T20:02:14Z,-11.6504820,166.9547117,5.6,25745.6,11.430,135,88,214
2026-07-28T20:02:15Z,-11.6504230,166.9548082,5.6,25757.2,11.382,135,87,214
2026-07-28T20:02:16Z,-11.6503733,166.9548941,5.6,25768.2,11.349,135,87,215
2026-07-28T20:02:17Z,-11.6503251,166.9549906,5.4,25779.3,11.328,134,88,215
2026-07-28T20:02:18Z,-11.6502714,166.9550872,5.4,25791.4,11.307,134,89,214
2026-07-28T20:02:19Z,-11.6502245,166.9551730,5.2,25802.0,11.289,133,89,214
2026-07-28T20:02:20Z,-11.6501708,166.9552696,5.2,25813.8,11.271,133,89,216
2026-07-28T20:02:21Z,-11.6501185,166.9553554,5.0,25825.3,11.256,133,92,215
2026-07-28T20:02:22Z,-11.6500703,166.9554305,5.0,25835.9,11.242,133,93,215
2026-07-28T20:02:23Z,-11.6500193,166.9555271,5.0,25847.5,11.228,133,93,214
2026-07-28T20:02:24Z,-11.6499670,166.9556129,4.8,25858.9,11.213,133,92,214
2026-07-28T20:02:25Z,-11.6499174,166.9557095,4.8,25869.9,11.201,133,92,214
2026-07-28T20:02:26Z,-11.6498677,166.9557953,4.6,25881.1,11.188,132,89,214
2026-07-28T20:02:27Z,-11.6498181,166.9558918,4.6,25892.2,11.177,132,89,215
2026-07-28T20:02:28Z,-11.6497685,166.9559669,4.4,25903.2,11.168,133,92,215
2026-07-28T20:02:29Z,-11.6497189,166.9560635,4.4,25914.2,11.159,133,93,214
2026-07-28T20:02:30Z,-11.6496666,166.9561493,4.4,25925.8,11.149,133,92,215
2026-07-28T20:02:31Z,-11.6496170,166.9562459,4.2,25936.7,11.141,133,93,215
2026-07-28T20:02:32Z,-11.6495673,166.9563210,4.2,25947.7,11.134,133,93,215
2026-07-28T20:02:33Z,-11.6495164,166.9564068,4.0,25959.2,11.126,133,93,214
2026-07-28T20:02:34Z,-11.6494668,166.9565034,4.0,25970.0,11.119,133,93,215
2026-07-28T20:02:35Z,-11.6494158,166.9565892,3.8,25981.4,11.113,133,93,215
2026-07-28T20:02:36Z,-11.6493662,166.9566858,3.8,25992.5,11.107,133,92,214
2026-07-28T20:02:37Z,-11.6493179,166.9567609,3.8,26003.1,11.101,134,91,214
2026-07-28T20:02:38Z,-11.6492642,166.9568574,3.6,26015.0,11.095,134,90,214
2026-07-28T20:02:39Z,-11.6492173,166.9569433,3.6,26025.7,11.090,134,89,213
2026-07-28T20:02:40Z,-11.6491771,166.9570398,3.4,26036.8,11.095,134,89,215
2026-07-28T20:02:41Z,-11.6491449,166.9571257,3.4,26048.0,11.104,134,91,215
2026-07-28T20:02:42Z,-11.6491181,166.9572330,3.2,26059.3,11.115,134,92,215
2026-07-28T20:02:43Z,-11.6490993,166.9573295,3.2,26070.3,11.129,133,92,215
2026-07-28T20:02:44Z,-11.6490926,166.9574368,3.0,26081.6,11.148,133,93,214
2026-07-28T20:02:45Z,-11.6491020,166.9575441,2.8,26092.5,11.170,133,94,215
2026-07-28T20:02:46Z,-11.6491261,166.9576299,2.8,26103.9,11.200,134,95,215
2026-07-28T20:02:47Z,-11.6491623,166.9577372,2.6,26114.9,11.233,134,95,214
2026-07-28T20:02:48Z,-11.6492066,166.9578338,2.4,26126.4,11.271,134,95,215
2026-07-28T20:02:49Z,-11.6492602,166.9579089,2.4,26137.4,11.309,134,96,214
2026-07-28T20:02:50Z,-11.6493259,166.9579840,2.2,26148.5,11.339,134,96,215
2026-07-28T20:02:51Z,-11.6494037,166.9580591,2.0,26160.3,11.366,134,95,214
2026-07-28T20:02:52Z,-11.6494828,166.9581234,2.0,26171.1,11.387,134,94,214
2026-07-28T20:02:53Z,-11.6495781,166.9581664,1.8,26183.0,11.410,134,93,214
2026-07-28T20:02:54Z,-11.6496693,166.9582093,1.6,26193.8,11.432,135,92,214
2026-07-28T20:02:55Z,-11.6497765,166.9582093,1.4,26205.8,11.459,135,92,215
2026-07-28T20:02:56Z,-11.6498744,166.9581985,1.4,26216.8,11.477,135,91,216
2026-07-28T20:02:57Z,-11.6499710,166.9581449,1.2,26228.6,11.479,135,92,214
2026-07-28T20:02:58Z,-11.6500595,166.9580913,1.0,26240.2,11.463,135,93,214
2026-07-28T20:02:59Z,-11.6501373,166.9580269,1.0,26251.3,11.435,135,93,214
2026-07-28T20:03:00Z,-11.6502137,166.9579518,1.0,26263.1,11.395,135,93,214
2026-07-28T20:03:01Z,-11.6502821,166.9578767,0.8,26274.6,11.349,135,92,215
2026-07-28T20:03:02Z,-11.6503425,166.9578016,0.8,26285.4,11.299,135,91,214
2026-07-28T20:03:03Z,-11.6503988,166.9577050,0.8,26296.6,11.242,135,91,214
2026-07-28T20:03:04Z,-11.6504458,166.9576192,0.8,26307.8,11.170,134,90,215
2026-07-28T20:03:05Z,-11.6504820,166.9575226,0.8,26319.1,11.086,134,90,215
2026-07-28T20:03:06Z,-11.6505168,166.9574368,0.8,26329.9,10.992,134,90,215
2026-07-28T20:03:07Z,-11.6505517,166.9573402,0.8,26340.8,10.896,134,91,215
2026-07-28T20:03:08Z,-11.6505906,166.9572330,0.8,26352.6,10.799,134,91,215
2026-07-28T20:03:09Z,-11.6506228,166.9571579,0.8,26362.4,10.722,134,92,214
2026-07-28T20:03:10Z,-11.6506577,166.9570613,0.8,26373.1,10.641,134,92,214
2026-07-28T20:03:11Z,-11.6506939,166.9569755,0.8,26383.8,10.566,134,92,214
2026-07-28T20:03:12Z,-11.6507274,166.9568789,0.8,26394.3,10.503,134,91,214
2026-07-28T20:03:13Z,-11.6507649,166.9567931,0.8,26405.8,10.430,134,90,214
2026-07-28T20:03:14Z,-11.6507985,166.9566965,0.8,26416.3,10.368,134,90,215
2026-07-28T20:03:15Z,-11.6508280,166.9566214,0.8,26425.5,10.318,134,90,214
2026-07-28T20:03:16Z,-11.6508642,166.9565356,0.8,26436.3,10.261,134,90,215
2026-07-28T20:03:17Z,-11.6508964,166.9564390,0.8,26446.1,10.213,134,90,215
2026-07-28T20:03:18Z,-11.6509312,166.9563532,0.8,26456.7,10.165,134,91,215
2026-07-28T20:03:19Z,-11.6509634,166.9562566,0.8,26466.8,10.121,135,92,214
2026-07-28T20:03:20Z,-11.6509956,166.9561815,0.8,26476.4,10.088,135,93,214
2026-07-28T20:03:21Z,-11.6510332,166.9560850,0.8,26487.5,10.067,134,92,214
2026-07-28T20:03:22Z,-11.6510680,166.9559991,0.8,26497.3,10.059,134,92,214
2026-07-28T20:03:23Z,-11.6511016,166.9559240,0.6,26507.2,10.058,134,92,214
2026-07-28T20:03:24Z,-11.6511351,166.9558489,0.6,26517.1,10.064,135,92,214
2026-07-28T20:03:25Z,-11.6511713,166.9557524,0.6,26527.0,10.025,134,92,214
2026-07-28T20:03:26Z,-11.6512102,166.9556773,0.6,26536.9,9.949,135,92,215
2026-07-28T20:03:27Z,-11.6512544,166.9555807,0.6,26547.0,9.870,135,92,215
2026-07-28T20:03:28Z,-11.6513041,166.9555056,0.4,26557.1,9.778,135,93,215
2026-07-28T20:03:29Z,-11.6513564,166.9554520,0.4,26566.4,9.669,135,94,214
2026-07-28T20:03:30Z,-11.6514234,166.9553876,0.6,26576.3,9.509,135,94,215
2026-07-28T20:03:31Z,-11.6514985,166.9553554,0.6,26585.6,9.327,135,94,215
2026-07-28T20:03:32Z,-11.6515763,166.9553232,0.8,26594.5,9.172,135,94,215
2026-07-28T20:03:33Z,-11.6516595,166.9553232,0.8,26603.8,9.050,135,94,215
2026-07-28T20:03:34Z,-11.6517426,166.9553232,0.8,26613.0,8.960,136,94,214
2026-07-28T20:03:35Z,-11.6518258,166.9553232,0.8,26622.1,8.899,136,94,215
2026-07-28T20:03:36Z,-11.6519049,166.9553232,0.8,26631.0,8.847,135,94,215
2026-07-28T20:03:37Z,-11.6519840,166.9553232,0.8,26639.7,8.799,135,94,214
2026-07-28T20:03:38Z,-11.6520631,166.9553447,0.8,26648.5,8.819,135,94,214
2026-07-28T20:03:39Z,-11.6521423,166.9553447,0.8,26657.2,8.861,135,95,215
2026-07-28T20:03:40Z,-11.6522200,166.9553554,0.8,26665.9,8.900,135,96,214
2026-07-28T20:03:41Z,-11.6523005,166.9553554,0.8,26674.8,8.937,135,97,215
2026-07-28T20:03:42Z,-11.6523837,166.9553554,0.8,26684.0,8.982,135,97,215
2026-07-28T20:03:43Z,-11.6524655,166.9553554,0.8,26693.1,9.053,136,99,215
2026-07-28T20:03:44Z,-11.6525459,166.9553769,0.8,26702.0,9.088,136,98,214
2026-07-28T20:03:45Z,-11.6526277,166.9553769,0.8,26711.1,9.113,136,97,214
2026-07-28T20:03:46Z,-11.6527109,166.9553769,0.8,26720.3,9.136,136,96,214
2026-07-28T20:03:47Z,-11.6527927,166.9553769,0.8,26729.4,9.157,136,96,214
2026-07-28T20:03:48Z,-11.6528785,166.9553769,0.8,26738.8,9.178,136,97,215
2026-07-28T20:03:49Z,-11.6529590,166.9553876,0.8,26747.7,9.197,136,96,214
2026-07-28T20:03:50Z,-11.6530421,166.9553876,0.8,26756.9,9.192,137,94,213
2026-07-28T20:03:51Z,-11.6531226,166.9553983,0.8,26765.9,9.110,137,93,215
2026-07-28T20:03:52Z,-11.6532031,166.9553983,0.8,26774.9,9.029,137,93,215
2026-07-28T20:03:53Z,-11.6532876,166.9554198,0.8,26784.4,8.942,137,94,214
2026-07-28T20:03:54Z,-11.6533667,166.9554305,1.0,26793.1,8.860,136,93,214
2026-07-28T20:03:55Z,-11.6534431,166.9554520,1.0,26802.0,8.779,136,92,214
2026-07-28T20:03:56Z,-11.6535155,166.9554949,1.0,26810.9,8.705,136,94,214
2026-07-28T20:03:57Z,-11.6535746,166.9555378,1.0,26819.2,8.648,136,93,214
2026-07-28T20:03:58Z,-11.6536295,166.9556022,1.0,26828.1,8.603,136,93,214
2026-07-28T20:03:59Z,-11.6536711,166.9556665,1.0,26836.5,8.576,136,93,215
2026-07-28T20:04:00Z,-11.6537020,166.9557416,1.0,26845.3,8.559,136,92,215
2026-07-28T20:04:01Z,-11.6537234,166.9558167,1.0,26853.8,8.550,136,93,215
2026-07-28T20:04:02Z,-11.6537382,166.9558918,1.0,26862.2,8.544,136,93,215
2026-07-28T20:04:03Z,-11.6537489,166.9559669,1.0,26870.6,8.538,136,93,214
2026-07-28T20:04:04Z,-11.6537556,166.9560421,0.8,26879.1,8.529,136,92,214
2026-07-28T20:04:05Z,-11.6537610,166.9561172,0.8,26887.8,8.518,137,92,214
2026-07-28T20:04:06Z,-11.6537663,166.9561923,0.8,26896.2,8.505,136,91,214
2026-07-28T20:04:07Z,-11.6537704,166.9562674,0.8,26904.6,8.562,136,90,213
2026-07-28T20:04:08Z,-11.6537730,166.9563532,0.8,26913.6,8.631,136,89,214
2026-07-28T20:04:09Z,-11.6537730,166.9564283,0.8,26922.1,8.687,136,88,214
2026-07-28T20:04:10Z,-11.6537730,166.9565141,0.8,26930.7,8.740,136,87,214
2026-07-28T20:04:11Z,-11.6537730,166.9565892,0.8,26939.5,8.791,136,87,215
2026-07-28T20:04:12Z,-11.6537717,166.9566643,0.8,26948.1,8.838,136,87,214
2026-07-28T20:04:13Z,-11.6537717,166.9567609,0.8,26957.5,8.885,136,87,215
2026-07-28T20:04:14Z,-11.6537717,166.9568360,0.8,26966.2,8.926,136,87,214
2026-07-28T20:04:15Z,-11.6537717,166.9569111,0.8,26975.1,8.964,136,87,214
2026-07-28T20:04:16Z,-11.6537717,166.9570076,0.8,26984.1,9.000,137,86,214
2026-07-28T20:04:17Z,-11.6537717,166.9570827,0.8,26993.0,9.033,137,84,215
2026-07-28T20:04:18Z,-11.6537717,166.9571579,0.8,27002.1,9.070,137,85,215
2026-07-28T20:04:19Z,-11.6537704,166.9572437,0.8,27011.5,9.112,137,85,215
2026-07-28T20:04:20Z,-11.6537704,166.9573402,0.8,27020.7,9.157,137,85,214
2026-07-28T20:04:21Z,-11.6537704,166.9574153,0.8,27029.4,9.204,138,85,214
2026-07-28T20:04:22Z,-11.6537704,166.9574904,0.8,27038.9,9.263,138,84,215
2026-07-28T20:04:23Z,-11.6537690,166.9575870,0.8,27048.3,9.346,138,86,214
2026-07-28T20:04:24Z,-11.6537690,166.9576728,0.8,27057.5,9.382,138,86,214
2026-07-28T20:04:25Z,-11.6537771,166.9577479,0.8,27067.1,9.474,138,86,214
2026-07-28T20:04:26Z,-11.6537972,166.9578445,0.8,27076.4,9.586,138,86,214
2026-07-28T20:04:27Z,-11.6538267,166.9579196,0.8,27085.9,9.491,138,86,214
2026-07-28T20:04:28Z,-11.6538656,166.9579947,0.8,27095.7,9.397,139,86,214
2026-07-28T20:04:29Z,-11.6539085,166.9580698,0.8,27105.0,9.312,139,85,214
2026-07-28T20:04:30Z,-11.6539554,166.9581449,0.8,27114.1,9.235,139,85,215
2026-07-28T20:04:31Z,-11.6539997,166.9582093,0.8,27123.1,9.165,139,85,214
2026-07-28T20:04:32Z,-11.6540426,166.9582844,0.8,27132.5,9.100,139,85,215
2026-07-28T20:04:33Z,-11.6540788,166.9583595,0.8,27141.4,9.044,139,85,214
2026-07-28T20:04:34Z,-11.6541097,166.9584346,0.8,27150.4,8.992,138,86,214
2026-07-28T20:04:35Z,-11.6541365,166.9585204,0.8,27159.3,8.948,138,86,215
2026-07-28T20:04:36Z,-11.6541633,166.9585955,0.8,27168.5,8.907,138,86,216
2026-07-28T20:04:37Z,-11.6541901,166.9586706,0.8,27177.4,8.871,138,88,216
2026-07-28T20:04:38Z,-11.6542156,166.9587457,0.8,27186.3,8.837,138,89,214
2026-07-28T20:04:39Z,-11.6542424,166.9588208,0.8,27195.1,8.804,138,90,215
2026-07-28T20:04:40Z,-11.6542692,166.9588959,0.8,27203.8,8.774,138,90,215
2026-07-28T20:04:41Z,-11.6542947,166.9589710,0.8,27212.5,8.745,138,90,215
2026-07-28T20:04:42Z,-11.6543216,166.9590461,0.6,27221.2,8.719,138,89,215
2026-07-28T20:04:43Z,-11.6543484,166.9591212,0.6,27230.0,8.762,138,89,214
2026-07-28T20:04:44Z,-11.6543739,166.9592071,0.6,27238.7,8.823,138,89,214
2026-07-28T20:04:45Z,-11.6544007,166.9592822,0.6,27247.6,8.881,138,90,214
2026-07-28T20:04:46Z,-11.6544275,166.9593573,0.6,27256.4,8.934,138,89,214
2026-07-28T20:04:47Z,-11.6544543,166.9594324,0.6,27265.4,8.984,138,89,215
2026-07-28T20:04:48Z,-11.6544811,166.9595075,0.6,27274.4,9.032,138,89,214
2026-07-28T20:04:49Z,-11.6545093,166.9595826,0.6,27283.5,9.076,138,89,215
2026-07-28T20:04:50Z,-11.6545361,166.9596577,0.6,27292.8,9.119,138,89,215
2026-07-28T20:04:51Z,-11.6545616,166.9597542,0.6,27301.8,9.171,138,89,215
2026-07-28T20:04:52Z,-11.6545857,166.9598293,0.6,27311.2,9.230,137,90,215
2026-07-28T20:04:53Z,-11.6546059,166.9599044,0.6,27320.4,9.283,137,91,215
2026-07-28T20:04:54Z,-11.6546246,166.9599903,0.6,27329.5,9.331,137,91,215
2026-07-28T20:04:55Z,-11.6546434,166.9600761,0.6,27338.9,9.377,137,92,215
2026-07-28T20:04:56Z,-11.6546582,166.9601512,0.6,27348.1,9.416,137,92,215
2026-07-28T20:04:57Z,-11.6546716,166.9602370,0.6,27357.9,9.454,137,93,215
2026-07-28T20:04:58Z,-11.6546836,166.9603336,0.6,27367.2,9.487,137,93,215
2026-07-28T20:04:59Z,-11.6546944,166.9604087,0.6,27376.6,9.508,137,93,214
2026-07-28T20:05:00Z,-11.6547051,166.9604945,0.6,27386.0,9.446,136,93,215
2026-07-28T20:05:01Z,-11.6547145,166.9605911,0.8,27395.5,9.311,136,93,215
2026-07-28T20:05:02Z,-11.6547185,166.9606662,1.0,27405.1,9.202,136,92,214
2026-07-28T20:05:03Z,-11.6547212,166.9607627,1.0,27414.1,9.200,137,92,215
2026-07-28T20:05:04Z,-11.6547239,166.9608378,0.8,27423.3,9.296,136,93,214
2026-07-28T20:05:05Z,-11.6547266,166.9609237,0.8,27432.4,9.457,136,93,214
2026-07-28T20:05:06Z,-11.6547279,166.9610202,0.6,27442.3,9.674,137,93,215
2026-07-28T20:05:07Z,-11.6547292,166.9611061,0.2,27452.1,9.963,136,93,214
2026-07-28T20:05:08Z,-11.6547306,166.9612026,0.0,27462.1,10.266,137,94,214
2026-07-28T20:05:09Z,-11.6547306,166.9612885,-0.4,27472.7,10.554,137,94,214
2026-07-28T20:05:10Z,-11.6547319,166.9613850,-0.8,27483.4,10.822,137,94,214
2026-07-28T20:05:11Z,-11.6547319,166.9614923,-1.2,27494.3,11.069,137,94,215
2026-07-28T20:05:12Z,-11.6547333,166.9615996,-1.6,27505.6,11.306,137,94,214
2026-07-28T20:05:13Z,-11.6547333,166.9616854,-1.8,27516.6,11.516,137,94,214
2026-07-28T20:05:14Z,-11.6547346,166.9617927,-2.2,27528.2,11.721,137,94,215
2026-07-28T20:05:15Z,-11.6547373,166.9619215,-2.6,27540.7,11.926,137,94,215
2026-07-28T20:05:16Z,-11.6547373,166.9620287,-3.0,27552.4,12.102,137,94,215
2026-07-28T20:05:17Z,-11.6547386,166.9621360,-3.4,27564.4,12.266,137,95,214
2026-07-28T20:05:18Z,-11.6547400,166.9622433,-3.8,27577.0,12.427,137,95,215
2026-07-28T20:05:19Z,-11.6547413,166.9623613,-4.2,27588.9,12.565,136,95,215
2026-07-28T20:05:20Z,-11.6547427,166.9624794,-4.6,27602.3,12.710,136,95,215
2026-07-28T20:05:21Z,-11.6547440,166.9625866,-5.0,27614.5,12.831,136,96,214
2026-07-28T20:05:22Z,-11.6547440,166.9627154,-5.4,27627.4,12.950,136,96,215
2026-07-28T20:05:23Z,-11.6547440,166.9628334,-5.8,27641.0,12.978,136,96,215
2026-07-28T20:05:24Z,-11.6547427,166.9629407,-6.0,27653.8,12.938,136,95,215
2026-07-28T20:05:25Z,-11.6547427,166.9630587,-6.2,27666.8,12.833,136,95,214
2026-07-28T20:05:26Z,-11.6547400,166.9631875,-6.2,27679.0,12.670,136,95,215
2026-07-28T20:05:27Z,-11.6547252,166.9632947,-6.0,27692.2,12.434,136,96,214
2026-07-28T20:05:28Z,-11.6546877,166.9634020,-6.0,27704.1,12.205,136,97,215
2026-07-28T20:05:29Z,-11.6546220,166.9634879,-6.0,27716.6,12.024,136,97,214
2026-07-28T20:05:30Z,-11.6545428,166.9635522,-5.8,27727.7,11.844,136,97,214
2026-07-28T20:05:31Z,-11.6544423,166.9635952,-5.8,27739.8,11.623,136,97,214
2026-07-28T20:05:32Z,-11.6543403,166.9636166,-5.6,27751.2,11.427,136,97,214
2026-07-28T20:05:33Z,-11.6542384,166.9636166,-5.6,27762.5,11.262,136,97,215
2026-07-28T20:05:34Z,-11.6541378,166.9635952,-5.6,27773.6,11.130,137,97,214
2026-07-28T20:05:35Z,-11.6540372,166.9635844,-5.4,27784.9,11.024,137,97,214
2026-07-28T20:05:36Z,-11.6539420,166.9635522,-5.4,27795.9,10.937,136,96,215
2026-07-28T20:05:37Z,-11.6538455,166.9635201,-5.4,27807.2,10.862,136,96,215
2026-07-28T20:05:38Z,-11.6537569,166.9634879,-5.4,27817.4,10.801,136,95,214
2026-07-28T20:05:39Z,-11.6536617,166.9634557,-5.4,27828.7,10.740,136,95,215
2026-07-28T20:05:40Z,-11.6535746,166.9634128,-5.4,27839.2,10.690,136,95,215
2026-07-28T20:05:41Z,-11.6534834,166.9633806,-5.4,27850.1,10.641,136,96,215
2026-07-28T20:05:42Z,-11.6534002,166.9633484,-5.4,27860.1,10.600,136,96,215
2026-07-28T20:05:43Z,-11.6533104,166.9633055,-5.4,27870.8,10.557,136,96,215
2026-07-28T20:05:44Z,-11.6532218,166.9632733,-5.4,27881.3,10.519,136,96,214
2026-07-28T20:05:45Z,-11.6531307,166.9632304,-5.4,27892.3,10.478,136,97,215
2026-07-28T20:05:46Z,-11.6530421,166.9631982,-5.4,27902.8,10.442,136,97,215
2026-07-28T20:05:47Z,-11.6529536,166.9631660,-5.4,27913.3,10.408,136,99,214
2026-07-28T20:05:48Z,-11.6528691,166.9631338,-5.4,27923.2,10.375,136,97,214
2026-07-28T20:05:49Z,-11.6527779,166.9630909,-5.4,27934.0,10.341,136,97,215
2026-07-28T20:05:50Z,-11.6526935,166.9630587,-5.4,27944.0,10.313,136,98,215
2026-07-28T20:05:51Z,-11.6526036,166.9630373,-5.4,27954.7,10.284,136,98,215
2026-07-28T20:05:52Z,-11.6525164,166.9630051,-5.4,27964.9,10.258,136,99,214
2026-07-28T20:05:53Z,-11.6524346,166.9629729,-5.4,27974.6,10.235,136,99,214
2026-07-28T20:05:54Z,-11.6523474,166.9629407,-5.4,27985.0,10.210,136,98,214
2026-07-28T20:05:55Z,-11.6522603,166.9628978,-5.4,27995.2,10.188,136,98,214
2026-07-28T20:05:56Z,-11.6521731,166.9628656,-5.4,28005.5,10.167,137,98,214
2026-07-28T20:05:57Z,-11.6520859,166.9628334,-5.4,28015.8,10.148,137,99,215
2026-07-28T20:05:58Z,-11.6520014,166.9628012,-5.4,28025.8,10.131,137,98,215
2026-07-28T20:05:59Z,-11.6519143,166.9627690,-5.4,28036.0,10.115,137,98,215
2026-07-28T20:06:00Z,-11.6518298,166.9627368,-5.4,28046.1,10.100,137,98,215
2026-07-28T20:06:01Z,-11.6517453,166.9627154,-5.4,28056.1,10.086,138,98,215
2026-07-28T20:06:02Z,-11.6516581,166.9626617,-5.4,28066.3,10.072,138,98,214
2026-07-28T20:06:03Z,-11.6515750,166.9626403,-5.4,28076.3,10.059,135,99,215
2026-07-28T20:06:04Z,-11.6514918,166.9626081,-5.4,28085.9,10.048,136,99,215
2026-07-28T20:06:05Z,-11.6514020,166.9625759,-5.4,28096.7,10.037,136,99,214
2026-07-28T20:06:06Z,-11.6513255,166.9625437,-5.4,28105.7,10.027,137,99,214
2026-07-28T20:06:07Z,-11.6512370,166.9625115,-5.4,28116.2,10.016,137,98,214
2026-07-28T20:06:08Z,-11.6511485,166.9624794,-5.4,28126.6,10.005,137,96,213
2026-07-28T20:06:09Z,-11.6510640,166.9624472,-5.4,28136.6,9.995,137,94,215
2026-07-28T20:06:10Z,-11.6509782,166.9624043,-5.4,28146.7,9.988,137,94,214
2026-07-28T20:06:11Z,-11.6508950,166.9623721,-5.4,28156.7,9.980,137,94,214
2026-07-28T20:06:12Z,-11.6508132,166.9623506,-5.4,28166.3,9.973,138,94,214
2026-07-28T20:06:13Z,-11.6507261,166.9623184,-5.4,28176.6,9.965,138,94,214
2026-07-28T20:06:14Z,-11.6506429,166.9622862,-5.4,28186.4,9.959,138,93,214
2026-07-28T20:06:15Z,-11.6505611,166.9622540,-5.4,28196.0,9.953,138,92,214
2026-07-28T20:06:16Z,-11.6504753,166.9622219,-5.4,28206.1,9.947,138,92,215
2026-07-28T20:06:17Z,-11.6503935,166.9621897,-5.4,28215.8,9.943,138,93,216
2026-07-28T20:06:18Z,-11.6503049,166.9621575,-5.4,28226.2,9.940,138,95,214
2026-07-28T20:06:19Z,-11.6502178,166.9621360,-5.4,28236.3,9.935,138,94,214
2026-07-28T20:06:20Z,-11.6501333,166.9621038,-5.4,28246.3,9.930,139,94,214
2026-07-28T20:06:21Z,-11.6500501,166.9620717,-5.4,28256.1,9.926,139,93,214
2026-07-28T20:06:22Z,-11.6499643,166.9620395,-5.4,28266.1,9.922,138,92,214
2026-07-28T20:06:23Z,-11.6498838,166.9620073,-5.4,28275.5,9.918,138,92,216
2026-07-28T20:06:24Z,-11.6498007,166.9619751,-5.4,28285.4,9.917,138,93,215
2026-07-28T20:06:25Z,-11.6497122,166.9619536,-5.4,28295.8,9.914,138,93,214
2026-07-28T20:06:26Z,-11.6496263,166.9619215,-5.4,28305.8,9.911,139,92,214
2026-07-28T20:06:27Z,-11.6495459,166.9618893,-5.4,28315.3,9.908,139,92,215
2026-07-28T20:06:28Z,-11.6494614,166.9618571,-5.4,28325.2,9.906,139,93,215
2026-07-28T20:06:29Z,-11.6493729,166.9618249,-5.4,28335.5,9.904,139,93,215
2026-07-28T20:06:30Z,-11.6492870,166.9617927,-5.4,28345.4,9.903,139,93,215
2026-07-28T20:06:31Z,-11.6492039,166.9617820,-5.4,28355.1,9.901,139,93,214
2026-07-28T20:06:32Z,-11.6491194,166.9617498,-5.4,28364.7,9.899,139,93,214
2026-07-28T20:06:33Z,-11.6490322,166.9617176,-5.4,28374.7,9.896,139,92,214
2026-07-28T20:06:34Z,-11.6489464,166.9617069,-5.4,28384.4,9.894,139,92,214
2026-07-28T20:06:35Z,-11.6488566,166.9616854,-5.4,28394.7,9.892,139,93,214
2026-07-28T20:06:36Z,-11.6487680,166.9616640,-5.4,28404.7,9.890,139,92,214
2026-07-28T20:06:37Z,-11.6486822,166.9616425,-5.4,28414.4,9.889,139,92,215
2026-07-28T20:06:38Z,-11.6485937,166.9616318,-5.4,28424.4,9.888,139,91,215
2026-07-28T20:06:39Z,-11.6485079,166.9616103,-5.4,28434.1,9.887,138,91,214
2026-07-28T20:06:40Z,-11.6484167,166.9615996,-5.4,28444.3,9.886,139,90,214
2026-07-28T20:06:41Z,-11.6483335,166.9615781,-5.4,28453.7,9.884,138,89,214
2026-07-28T20:06:42Z,-11.6482450,166.9615567,-5.4,28463.7,9.883,138,89,214
2026-07-28T20:06:43Z,-11.6481552,166.9615352,-5.4,28473.9,9.881,138,88,215
2026-07-28T20:06:44Z,-11.6480693,166.9615245,-5.4,28483.5,9.881,138,87,215
2026-07-28T20:06:45Z,-11.6479822,166.9615030,-5.4,28493.3,9.881,138,88,214
2026-07-28T20:06:46Z,-11.6478910,166.9615030,-5.4,28503.5,9.880,138,88,215
2026-07-28T20:06:47Z,-11.6478038,166.9614923,-5.4,28513.2,9.880,138,88,214
2026-07-28T20:06:48Z,-11.6477126,166.9614923,-5.4,28523.1,9.879,138,89,215
2026-07-28T20:06:49Z,-11.6476254,166.9614923,-5.4,28532.8,9.879,137,89,215
2026-07-28T20:06:50Z,-11.6475342,166.9614923,-5.4,28542.9,9.879,137,90,215
2026-07-28T20:06:51Z,-11.6474484,166.9615030,-5.4,28552.5,9.879,137,91,215
2026-07-28T20:06:52Z,-11.6473585,166.9615352,-5.4,28562.8,9.879,137,92,214
2026-07-28T20:06:53Z,-11.6472767,166.9615674,-5.4,28572.4,9.878,137,92,214
2026-07-28T20:06:54Z,-11.6471936,166.9615996,-5.4,28582.3,9.877,137,92,215
2026-07-28T20:06:55Z,-11.6471145,166.9616425,-5.4,28592.3,9.877,137,92,214
2026-07-28T20:06:56Z,-11.6470394,166.9616854,-5.4,28602.2,9.876,137,92,215
2026-07-28T20:06:57Z,-11.6469696,166.9617498,-5.4,28612.1,9.876,137,92,215
2026-07-28T20:06:58Z,-11.6469052,166.9618142,-5.4,28621.8,9.882,137,93,214
2026-07-28T20:06:59Z,-11.6468409,166.9618678,-5.4,28631.9,9.901,137,93,215
2026-07-28T20:07:00Z,-11.6467819,166.9619322,-5.4,28641.5,9.933,137,94,215
2026-07-28T20:07:01Z,-11.6467202,166.9620073,-5.4,28651.8,9.978,137,94,215
2026-07-28T20:07:02Z,-11.6466652,166.9620717,-5.4,28661.4,10.039,137,94,215
2026-07-28T20:07:03Z,-11.6466008,166.9621468,-5.4,28672.1,10.075,137,95,215
2026-07-28T20:07:04Z,-11.6465445,166.9622219,-5.4,28682.0,10.063,137,94,214
2026-07-28T20:07:05Z,-11.6464922,166.9622862,-5.4,28691.7,10.050,137,94,214
2026-07-28T20:07:06Z,-11.6464359,166.9623613,-5.4,28702.2,10.038,137,93,214
2026-07-28T20:07:07Z,-11.6463849,166.9624364,-5.4,28711.8,10.027,138,93,215
2026-07-28T20:07:08Z,-11.6463313,166.9625115,-5.4,28721.8,10.018,138,94,215
2026-07-28T20:07:09Z,-11.6462776,166.9625866,-5.4,28731.8,10.009,138,95,215
2026-07-28T20:07:10Z,-11.6462199,166.9626617,-5.4,28742.3,10.000,138,96,215
2026-07-28T20:07:11Z,-11.6461663,166.9627261,-5.4,28752.3,9.992,138,96,214
2026-07-28T20:07:12Z,-11.6461127,166.9628012,-5.4,28761.8,9.985,138,96,214
2026-07-28T20:07:13Z,-11.6460563,166.9628763,-5.4,28771.7,9.977,138,95,215
2026-07-28T20:07:14Z,-11.6459987,166.9629407,-5.4,28781.7,9.971,138,95,214
2026-07-28T20:07:15Z,-11.6459383,166.9630158,-5.4,28791.6,9.964,138,95,214
2026-07-28T20:07:16Z,-11.6458739,166.9630802,-5.4,28801.8,9.957,138,94,214
2026-07-28T20:07:17Z,-11.6458082,166.9631338,-5.4,28811.8,9.951,138,93,214
2026-07-28T20:07:18Z,-11.6457385,166.9631982,-5.4,28821.9,9.945,138,92,214
2026-07-28T20:07:19Z,-11.6456647,166.9632411,-5.4,28831.8,9.940,138,92,215
2026-07-28T20:07:20Z,-11.6455896,166.9633055,-5.4,28841.6,9.936,138,93,214
2026-07-28T20:07:21Z,-11.6455118,166.9633484,-5.4,28851.7,9.931,138,93,215
2026-07-28T20:07:22Z,-11.6454341,166.9633806,-5.4,28861.5,9.928,138,94,214
2026-07-28T20:07:23Z,-11.6453536,166.9634235,-5.4,28871.3,9.924,138,95,214
2026-07-28T20:07:24Z,-11.6452691,166.9634557,-5.4,28881.3,9.920,138,94,214
2026-07-28T20:07:25Z,-11.6451859,166.9634879,-5.4,28891.2,9.916,138,94,214
2026-07-28T20:07:26Z,-11.6451015,166.9635201,-5.4,28900.9,9.913,137,94,214
2026-07-28T20:07:27Z,-11.6450089,166.9635308,-5.4,28911.2,9.910,137,95,214
2026-07-28T20:07:28Z,-11.6449231,166.9635522,-5.4,28921.0,9.907,137,95,215
2026-07-28T20:07:29Z,-11.6448306,166.9635522,-5.4,28931.3,9.905,137,95,215
2026-07-28T20:07:30Z,-11.6447434,166.9635522,-5.4,28940.9,9.903,138,96,215
2026-07-28T20:07:31Z,-11.6446562,166.9635522,-5.4,28950.4,9.902,137,96,215
2026-07-28T20:07:32Z,-11.6445650,166.9635522,-5.4,28960.7,9.900,137,97,215
2026-07-28T20:07:33Z,-11.6444765,166.9635308,-5.4,28970.6,9.899,138,98,215
2026-07-28T20:07:34Z,-11.6443893,166.9635201,-5.4,28980.2,9.898,137,98,214
2026-07-28T20:07:35Z,-11.6443008,166.9634879,-5.4,28990.4,9.895,137,96,214
2026-07-28T20:07:36Z,-11.6442163,166.9634771,-5.4,29000.3,9.893,137,97,214
2026-07-28T20:07:37Z,-11.6441332,166.9634449,-5.4,29009.9,9.891,137,96,214
2026-07-28T20:07:38Z,-11.6440487,166.9634020,-5.4,29020.2,9.890,137,96,215
2026-07-28T20:07:39Z,-11.6439696,166.9633698,-5.4,29030.0,9.889,137,95,214
2026-07-28T20:07:40Z,-11.6438931,166.9633269,-5.4,29039.7,9.887,137,95,214
2026-07-28T20:07:41Z,-11.6438140,166.9632733,-5.4,29049.7,9.886,138,94,214
2026-07-28T20:07:42Z,-11.6437416,166.9632304,-5.4,29059.4,9.884,137,94,214
2026-07-28T20:07:43Z,-11.6436678,166.9631660,-5.4,29069.4,9.883,137,95,215
2026-07-28T20:07:44Z,-11.6435994,166.9631124,-5.4,29079.1,9.882,137,95,214
2026-07-28T20:07:45Z,-11.6435297,166.9630587,-5.4,29089.1,9.881,137,95,215
2026-07-28T20:07:46Z,-11.6434626,166.9629836,-5.4,29099.2,9.881,137,95,214
2026-07-28T20:07:47Z,-11.6434009,166.9629300,-5.4,29108.8,9.880,137,95,215
2026-07-28T20:07:48Z,-11.6433419,166.9628656,-5.4,29118.6,9.880,137,95,214
2026-07-28T20:07:49Z,-11.6432856,166.9627905,-5.4,29128.8,9.879,137,95,214
2026-07-28T20:07:50Z,-11.6432373,166.9627154,-5.4,29138.5,9.878,137,95,214
2026-07-28T20:07:51Z,-11.6431904,166.9626403,-5.4,29148.7,9.877,138,95,215
2026-07-28T20:07:52Z,-11.6431488,166.9625545,-5.4,29158.7,9.877,137,96,215
2026-07-28T20:07:53Z,-11.6431099,166.9624686,-5.4,29168.4,9.877,136,97,215
2026-07-28T20:07:54Z,-11.6430710,166.9623935,-5.4,29178.4,9.877,136,97,215
2026-07-28T20:07:55Z,-11.6430348,166.9623184,-5.4,29188.2,9.877,136,97,214
2026-07-28T20:07:56Z,-11.6429986,166.9622219,-5.4,29197.9,9.876,136,97,214
2026-07-28T20:07:57Z,-11.6429624,166.9621468,-5.4,29207.8,9.875,136,96,215
2026-07-28T20:07:58Z,-11.6429262,166.9620717,-5.4,29217.7,9.876,136,97,214
2026-07-28T20:07:59Z,-11.6428886,166.9619751,-5.4,29227.6,9.875,135,97,215
2026-07-28T20:08:00Z,-11.6428511,166.9619000,-5.4,29237.1,9.875,136,97,215
2026-07-28T20:08:01Z,-11.6428095,166.9618249,-5.4,29247.4,9.875,136,96,214
2026-07-28T20:08:02Z,-11.6427666,166.9617391,-5.4,29257.3,9.874,135,96,214
2026-07-28T20:08:03Z,-11.6427223,166.9616640,-5.4,29266.7,9.874,136,96,215
2026-07-28T20:08:04Z,-11.6426700,166.9615781,-5.4,29277.2,9.874,136,96,214
2026-07-28T20:08:05Z,-11.6426177,166.9615245,-5.4,29286.6,9.873,136,95,214
2026-07-28T20:08:06Z,-11.6425560,166.9614494,-5.4,29296.7,9.873,136,95,214
2026-07-28T20:08:07Z,-11.6424876,166.9613850,-5.6,29306.8,9.876,137,95,214
2026-07-28T20:08:08Z,-11.6424166,166.9613421,-5.6,29316.7,9.898,137,94,214
2026-07-28T20:08:09Z,-11.6423415,166.9612885,-5.6,29326.5,9.936,137,94,215
2026-07-28T20:08:10Z,-11.6422637,166.9612455,-5.6,29336.5,9.985,137,94,215
2026-07-28T20:08:11Z,-11.6421805,166.9612026,-5.6,29346.6,10.039,137,95,215
2026-07-28T20:08:12Z,-11.6420974,166.9611704,-5.8,29356.6,10.092,137,95,214
2026-07-28T20:08:13Z,-11.6420169,166.9611382,-5.8,29366.1,10.135,137,95,214
2026-07-28T20:08:14Z,-11.6419257,166.9611061,-5.8,29376.8,10.171,137,95,214
2026-07-28T20:08:15Z,-11.6418372,166.9610739,-6.0,29386.8,10.191,137,94,215
2026-07-28T20:08:16Z,-11.6417460,166.9610631,-6.0,29397.2,10.193,137,94,214
2026-07-28T20:08:17Z,-11.6416562,166.9610310,-6.0,29407.4,10.173,136,94,214
2026-07-28T20:08:18Z,-11.6415676,166.9610202,-6.0,29417.5,10.130,136,94,214
2026-07-28T20:08:19Z,-11.6414818,166.9609988,-5.8,29427.3,10.064,136,94,214
2026-07-28T20:08:20Z,-11.6413933,166.9609773,-5.8,29437.3,9.970,136,93,214
2026-07-28T20:08:21Z,-11.6413048,166.9609559,-5.6,29447.4,9.845,136,92,214
2026-07-28T20:08:22Z,-11.6412190,166.9609451,-5.4,29457.1,9.681,136,92,215
2026-07-28T20:08:23Z,-11.6411331,166.9609129,-5.2,29466.8,9.388,136,92,216
2026-07-28T20:08:24Z,-11.6410513,166.9608915,-4.8,29475.9,9.114,136,95,215
2026-07-28T20:08:25Z,-11.6409709,166.9608808,-4.6,29484.9,8.851,136,97,214
2026-07-28T20:08:26Z,-11.6408944,166.9608808,-4.2,29493.5,8.608,136,97,215
2026-07-28T20:08:27Z,-11.6408166,166.9608700,-4.0,29502.2,8.374,136,97,214
2026-07-28T20:08:28Z,-11.6407469,166.9608486,-3.6,29510.2,8.165,136,96,214
2026-07-28T20:08:29Z,-11.6406731,166.9608378,-3.4,29518.4,7.964,136,95,214
2026-07-28T20:08:30Z,-11.6406047,166.9608164,-3.2,29526.0,7.793,136,95,214
2026-07-28T20:08:31Z,-11.6405337,166.9608057,-3.0,29534.0,7.628,136,95,214
2026-07-28T20:08:32Z,-11.6404666,166.9608057,-2.6,29541.5,7.487,135,95,214
2026-07-28T20:08:33Z,-11.6403995,166.9607842,-2.4,29549.0,7.361,136,95,214
2026-07-28T20:08:34Z,-11.6403338,166.9607735,-2.2,29556.4,7.248,136,95,214
2026-07-28T20:08:35Z,-11.6402708,166.9607627,-2.0,29563.5,7.150,136,95,214
2026-07-28T20:08:36Z,-11.6402091,166.9607413,-1.8,29570.6,7.024,136,95,214
2026-07-28T20:08:37Z,-11.6401474,166.9607306,-1.4,29577.5,6.905,136,95,214
2026-07-28T20:08:38Z,-11.6400898,166.9607306,-1.2,29584.1,6.801,136,95,215
2026-07-28T20:08:39Z,-11.6400254,166.9607091,-1.0,29591.2,6.695,136,95,214
2026-07-28T20:08:40Z,-11.6399664,166.9606984,-0.8,29597.8,6.602,136,95,214
2026-07-28T20:08:41Z,-11.6399074,166.9606984,-0.6,29604.4,6.513,136,93,214
2026-07-28T20:08:42Z,-11.6398524,166.9606769,-0.4,29610.7,6.435,136,92,214
2026-07-28T20:08:43Z,-11.6397947,166.9606662,-0.2,29617.1,6.362,136,91,215
2026-07-28T20:08:44Z,-11.6397370,166.9606662,0.0,29623.6,6.295,136,93,215
2026-07-28T20:08:45Z,-11.6396834,166.9606555,0.2,29629.6,6.237,136,94,214
2026-07-28T20:08:46Z,-11.6396257,166.9606340,0.4,29636.0,6.179,136,95,215
2026-07-28T20:08:47Z,-11.6395707,166.9606340,0.6,29642.3,6.206,136,95,215
2026-07-28T20:08:48Z,-11.6395184,166.9606233,0.8,29648.2,6.283,137,96,215
2026-07-28T20:08:49Z,-11.6394621,166.9606018,0.8,29654.6,6.389,136,96,214
2026-07-28T20:08:50Z,-11.6394031,166.9605911,0.8,29661.3,6.521,136,95,214
2026-07-28T20:08:51Z,-11.6393454,166.9605803,1.0,29667.8,6.676,136,93,213
2026-07-28T20:08:52Z,-11.6392837,166.9605589,1.0,29674.8,6.865,136,91,213
2026-07-28T20:08:53Z,-11.6392274,166.9605482,1.0,29681.4,7.069,137,88,213
2026-07-28T20:08:54Z,-11.6391630,166.9605267,0.8,29688.7,7.315,137,87,214
2026-07-28T20:08:55Z,-11.6391000,166.9605160,0.8,29696.0,7.573,137,87,217
2026-07-28T20:08:56Z,-11.6390303,166.9604945,0.8,29704.1,7.857,136,90,216
2026-07-28T20:08:57Z,-11.6389646,166.9604731,0.6,29711.7,8.101,136,93,216
2026-07-28T20:08:58Z,-11.6388948,166.9604516,0.6,29720.0,8.313,136,96,215
2026-07-28T20:08:59Z,-11.6388224,166.9604194,0.6,29728.4,8.460,137,98,215
2026-07-28T20:09:00Z,-11.6387500,166.9603872,0.6,29736.8,8.546,137,98,113
2026-07-28T20:09:01Z,-11.6386776,166.9603765,0.6,29745.4,8.503,137,98,102
2026-07-28T20:09:02Z,-11.6386025,166.9603443,0.6,29754.0,8.459,136,94,214
2026-07-28T20:09:03Z,-11.6385287,166.9603121,0.6,29762.7,8.552,136,93,214
2026-07-28T20:09:04Z,-11.6384576,166.9602907,0.6,29771.2,8.636,136,93,214
2026-07-28T20:09:05Z,-11.6383839,166.9602585,0.6,29780.0,8.716,136,93,214
2026-07-28T20:09:06Z,-11.6383141,166.9602263,0.6,29788.6,8.788,136,93,214
2026-07-28T20:09:07Z,-11.6382417,166.9601941,0.6,29797.4,8.858,136,94,214
2026-07-28T20:09:08Z,-11.6381693,166.9601619,0.6,29806.2,8.922,136,94,214
2026-07-28T20:09:09Z,-11.6380969,166.9601190,0.6,29815.3,8.983,136,94,214
2026-07-28T20:09:10Z,-11.6380271,166.9600761,0.6,29824.3,9.039,136,93,215
2026-07-28T20:09:11Z,-11.6379561,166.9600439,0.6,29833.1,9.092,136,93,215
2026-07-28T20:09:12Z,-11.6378823,166.9599903,0.6,29842.5,9.144,136,93,214
2026-07-28T20:09:13Z,-11.6378126,166.9599473,0.6,29851.5,9.189,136,93,215
2026-07-28T20:09:14Z,-11.6377415,166.9599044,0.6,29860.9,9.235,136,94,215
2026-07-28T20:09:15Z,-11.6376731,166.9598615,0.6,29870.2,9.276,136,94,215
2026-07-28T20:09:16Z,-11.6376074,166.9598079,0.6,29879.3,9.314,136,95,214
2026-07-28T20:09:17Z,-11.6375430,166.9597542,0.6,29888.5,9.349,136,94,214
2026-07-28T20:09:18Z,-11.6374800,166.9596899,0.6,29898.0,9.382,136,94,214
2026-07-28T20:09:19Z,-11.6374196,166.9596255,0.6,29907.5,9.412,135,93,215
2026-07-28T20:09:20Z,-11.6373646,166.9595718,0.6,29916.6,9.441,135,93,214
2026-07-28T20:09:21Z,-11.6373096,166.9595075,0.6,29926.1,9.467,135,94,215
2026-07-28T20:09:22Z,-11.6372547,166.9594324,0.6,29935.9,9.494,135,93,214
2026-07-28T20:09:23Z,-11.6372024,166.9593680,0.6,29945.4,9.516,134,93,215
2026-07-28T20:09:24Z,-11.6371514,166.9592929,0.6,29954.6,9.537,134,93,215
2026-07-28T20:09:25Z,-11.6370803,166.9592500,0.6,29964.2,9.559,134,93,215
2026-07-28T20:09:26Z,-11.6369931,166.9592285,0.6,29974.1,9.582,134,93,215
2026-07-28T20:09:27Z,-11.6369073,166.9592285,0.6,29983.7,9.603,134,93,215
2026-07-28T20:09:28Z,-11.6368255,166.9592822,0.6,29993.6,9.621,134,93,215
2026-07-28T20:09:29Z,-11.6367584,166.9593251,0.6,30002.9,9.633,134,94,214
2026-07-28T20:09:30Z,-11.6366954,166.9593894,0.6,30012.7,9.646,134,95,214
2026-07-28T20:09:31Z,-11.6366364,166.9594431,0.6,30021.9,9.664,134,95,214
2026-07-28T20:09:32Z,-11.6365801,166.9595075,0.4,30031.4,9.616,134,95,214
2026-07-28T20:09:33Z,-11.6365251,166.9595826,0.4,30041.4,9.580,135,95,214
2026-07-28T20:09:34Z,-11.6364741,166.9596577,0.4,30050.8,9.603,135,95,214
2026-07-28T20:09:35Z,-11.6364245,166.9597328,0.4,30060.6,9.619,135,95,214
2026-07-28T20:09:36Z,-11.6363789,166.9597971,0.4,30070.2,9.617,136,94,214
2026-07-28T20:09:37Z,-11.6363387,166.9598937,0.4,30080.0,9.592,137,94,215
2026-07-28T20:09:38Z,-11.6363065,166.9599688,0.4,30089.1,9.540,137,93,215
2026-07-28T20:09:39Z,-11.6362770,166.9600439,0.6,30099.0,9.443,137,93,214
2026-07-28T20:09:40Z,-11.6362569,166.9601297,0.6,30108.4,9.321,137,93,214
2026-07-28T20:09:41Z,-11.6362408,166.9602048,0.8,30117.4,9.186,137,93,215
2026-07-28T20:09:42Z,-11.6362274,166.9602907,1.0,30126.5,9.038,137,92,214
2026-07-28T20:09:43Z,-11.6362207,166.9603765,1.2,30135.7,8.880,137,92,215
2026-07-28T20:09:44Z,-11.6362180,166.9604516,1.4,30144.5,8.723,137,92,214
2026-07-28T20:09:45Z,-11.6362180,166.9605267,1.6,30153.0,8.572,137,92,215
2026-07-28T20:09:46Z,-11.6362220,166.9606018,1.8,30161.3,8.429,138,92,214
2026-07-28T20:09:47Z,-11.6362301,166.9606769,2.0,30169.8,8.286,138,93,214
2026-07-28T20:09:48Z,-11.6362408,166.9607627,2.2,30178.0,8.151,138,93,214
2026-07-28T20:09:49Z,-11.6362542,166.9608378,2.2,30185.8,8.019,138,93,214
2026-07-28T20:09:50Z,-11.6362703,166.9609129,2.6,30194.1,7.875,138,93,214
2026-07-28T20:09:51Z,-11.6362864,166.9609773,2.8,30201.8,7.740,137,94,215
2026-07-28T20:09:52Z,-11.6363065,166.9610524,3.0,30209.6,7.612,137,94,215
2026-07-28T20:09:53Z,-11.6363280,166.9611061,3.0,30216.9,7.497,138,95,215
2026-07-28T20:09:54Z,-11.6363521,166.9611704,3.2,30224.7,7.386,138,95,214
2026-07-28T20:09:55Z,-11.6363762,166.9612348,3.4,30231.9,7.294,138,95,214
2026-07-28T20:09:56Z,-11.6364004,166.9612885,3.6,30239.3,7.213,138,95,214
2026-07-28T20:09:57Z,-11.6364259,166.9613528,3.8,30246.1,7.149,139,94,215
2026-07-28T20:09:58Z,-11.6364527,166.9614172,4.0,30253.5,7.094,139,95,215
2026-07-28T20:09:59Z,-11.6364795,166.9614708,4.2,30260.3,7.054,138,95,215
2026-07-28T20:10:00Z,-11.6365077,166.9615352,4.2,30267.5,7.025,139,96,214
2026-07-28T20:10:01Z,-11.6365372,166.9615781,4.4,30274.5,7.000,139,96,214
2026-07-28T20:10:02Z,-11.6365694,166.9616425,4.6,30281.7,6.978,139,96,214
2026-07-28T20:10:03Z,-11.6366015,166.9617069,4.6,30288.6,6.960,139,96,215
2026-07-28T20:10:04Z,-11.6366364,166.9617498,4.8,30295.4,6.958,139,96,214
2026-07-28T20:10:05Z,-11.6366699,166.9618142,5.0,30302.3,6.971,139,96,214
2026-07-28T20:10:06Z,-11.6367061,166.9618571,5.0,30309.4,6.985,139,96,215
2026-07-28T20:10:07Z,-11.6367424,166.9619215,5.2,30316.3,7.002,139,96,214
2026-07-28T20:10:08Z,-11.6367786,166.9619644,5.4,30323.4,7.020,138,96,214
2026-07-28T20:10:09Z,-11.6368148,166.9620073,5.4,30330.3,7.039,138,95,214
2026-07-28T20:10:10Z,-11.6368510,166.9620717,5.6,30337.4,7.060,137,94,214
2026-07-28T20:10:11Z,-11.6368872,166.9621146,5.8,30344.5,7.082,137,94,214
2026-07-28T20:10:12Z,-11.6369234,166.9621789,5.8,30351.6,7.106,137,93,214
2026-07-28T20:10:13Z,-11.6369583,166.9622433,6.0,30358.8,7.132,137,93,215
2026-07-28T20:10:14Z,-11.6369931,166.9622862,6.0,30366.0,7.160,136,94,215
2026-07-28T20:10:15Z,-11.6370267,166.9623506,6.2,30373.1,7.191,136,94,215
2026-07-28T20:10:16Z,-11.6370589,166.9624043,6.4,30380.3,7.224,136,94,215
2026-07-28T20:10:17Z,-11.6370897,166.9624472,6.4,30387.5,7.260,136,94,214
2026-07-28T20:10:18Z,-11.6371192,166.9625115,6.6,30394.8,7.296,135,94,215
2026-07-28T20:10:19Z,-11.6371487,166.9625759,6.6,30402.1,7.337,135,94,214
2026-07-28T20:10:20Z,-11.6371728,166.9626403,6.8,30409.3,7.380,135,93,215
2026-07-28T20:10:21Z,-11.6371983,166.9626939,6.8,30416.9,7.431,135,93,215
2026-07-28T20:10:22Z,-11.6372211,166.9627690,7.0,30424.6,7.489,136,92,215
2026-07-28T20:10:23Z,-11.6372439,166.9628334,7.0,30432.1,7.547,135,92,214
2026-07-28T20:10:24Z,-11.6372640,166.9628978,7.0,30439.3,7.605,135,93,215
2026-07-28T20:10:25Z,-11.6372842,166.9629729,7.2,30447.2,7.671,135,93,214
2026-07-28T20:10:26Z,-11.6373029,166.9630373,7.2,30454.7,7.734,135,93,215
2026-07-28T20:10:27Z,-11.6373204,166.9631124,7.2,30462.7,7.800,135,93,214
2026-07-28T20:10:28Z,-11.6373365,166.9631660,7.4,30470.2,7.861,135,93,214
2026-07-28T20:10:29Z,-11.6373526,166.9632411,7.4,30478.1,7.924,135,93,214
2026-07-28T20:10:30Z,-11.6373700,166.9633055,7.4,30486.2,7.986,135,94,214
2026-07-28T20:10:31Z,-11.6373834,166.9633806,7.4,30494.3,8.045,135,93,214
2026-07-28T20:10:32Z,-11.6373968,166.9634557,7.6,30502.5,8.101,134,93,215
2026-07-28T20:10:33Z,-11.6374089,166.9635308,7.6,30510.3,8.152,134,94,215
2026-07-28T20:10:34Z,-11.6374223,166.9636166,7.6,30518.8,8.203,134,94,215
2026-07-28T20:10:35Z,-11.6374330,166.9636917,7.6,30527.1,8.248,134,94,214
2026-07-28T20:10:36Z,-11.6374424,166.9637454,7.8,30535.1,8.285,134,95,215
2026-07-28T20:10:37Z,-11.6374518,166.9638205,7.8,30543.6,8.319,134,95,214
2026-07-28T20:10:38Z,-11.6374585,166.9639063,7.8,30551.7,8.343,134,96,215
2026-07-28T20:10:39Z,-11.6374665,166.9639814,8.0,30560.4,8.365,134,95,215
2026-07-28T20:10:40Z,-11.6374719,166.9640565,8.0,30568.6,8.381,134,96,214
2026-07-28T20:10:41Z,-11.6374759,166.9641316,8.0,30576.9,8.395,134,96,214
2026-07-28T20:10:42Z,-11.6374773,166.9642067,8.2,30585.4,8.408,134,94,215
2026-07-28T20:10:43Z,-11.6374786,166.9642818,8.2,30593.7,8.420,134,96,215
2026-07-28T20:10:44Z,-11.6374773,166.9643569,8.4,30602.2,8.431,134,96,215
2026-07-28T20:10:45Z,-11.6374759,166.9644320,8.4,30610.6,8.441,134,96,214
2026-07-28T20:10:46Z,-11.6374719,166.9645286,8.4,30619.2,8.449,134,96,215
2026-07-28T20:10:47Z,-11.6374692,166.9646037,8.6,30627.6,8.458,134,96,215
2026-07-28T20:10:48Z,-11.6374639,166.9646788,8.6,30635.9,8.466,135,96,214
2026-07-28T20:10:49Z,-11.6374585,166.9647539,8.6,30644.4,8.473,135,95,214
2026-07-28T20:10:50Z,-11.6374518,166.9648290,8.8,30653.1,8.480,135,95,214
2026-07-28T20:10:51Z,-11.6374438,166.9649041,8.8,30661.1,8.486,135,94,215
2026-07-28T20:10:52Z,-11.6374357,166.9649899,9.0,30669.7,8.495,135,93,215
2026-07-28T20:10:53Z,-11.6374277,166.9650650,9.0,30678.4,8.504,135,93,214
2026-07-28T20:10:54Z,-11.6374183,166.9651401,9.0,30686.6,8.512,135,91,213
2026-07-28T20:10:55Z,-11.6374089,166.9652152,9.2,30695.2,8.516,135,89,172
2026-07-28T20:10:56Z,-11.6373968,166.9652903,9.2,30703.8,8.471,135,89,112
2026-07-28T20:10:57Z,-11.6373847,166.9653654,9.2,30712.1,8.363,134,83,124
2026-07-28T20:10:58Z,-11.6373700,166.9654405,9.4,30720.3,8.277,134,81,124
2026-07-28T20:10:59Z,-11.6373539,166.9655156,9.4,30729.0,8.194,134,79,124
2026-07-28T20:11:00Z,-11.6373365,166.9655907,9.4,30737.3,8.119,134,77,124
2026-07-28T20:11:01Z,-11.6373204,166.9656551,9.4,30745.1,8.052,133,76,123
2026-07-28T20:11:02Z,-11.6373016,166.9657302,9.6,30752.9,7.987,133,74,124
2026-07-28T20:11:03Z,-11.6372815,166.9658053,9.6,30761.1,7.921,132,72,124
2026-07-28T20:11:04Z,-11.6372614,166.9658697,9.6,30768.9,7.857,132,71,126
2026-07-28T20:11:05Z,-11.6372399,166.9659340,9.6,30776.6,7.794,132,72,125
2026-07-28T20:11:06Z,-11.6372158,166.9660091,9.8,30784.7,7.720,130,75,125
2026-07-28T20:11:07Z,-11.6371943,166.9660735,9.8,30792.1,7.646,130,76,124
2026-07-28T20:11:08Z,-11.6371688,166.9661486,10.0,30799.8,7.551,129,77,125
2026-07-28T20:11:09Z,-11.6371433,166.9662023,10.0,30807.3,7.445,129,77,124
2026-07-28T20:11:10Z,-11.6371138,166.9662666,10.2,30814.6,7.325,128,77,125
2026-07-28T20:11:11Z,-11.6370817,166.9663310,10.2,30822.1,7.192,128,77,125
2026-07-28T20:11:12Z,-11.6370468,166.9663739,10.4,30829.2,7.067,128,77,124
2026-07-28T20:11:13Z,-11.6370119,166.9664168,10.6,30835.9,6.960,128,77,124
2026-07-28T20:11:14Z,-11.6369717,166.9664812,10.6,30843.2,6.871,127,77,124
2026-07-28T20:11:15Z,-11.6369314,166.9665241,10.8,30849.9,6.825,127,77,124
2026-07-28T20:11:16Z,-11.6368885,166.9665670,10.8,30856.6,6.807,127,77,124
2026-07-28T20:11:17Z,-11.6368403,166.9665992,10.8,30863.4,6.807,125,77,125
2026-07-28T20:11:18Z,-11.6367920,166.9666529,10.8,30870.1,6.820,125,77,125
2026-07-28T20:11:19Z,-11.6367410,166.9666743,10.8,30876.9,6.838,126,78,124
2026-07-28T20:11:20Z,-11.6366901,166.9667065,11.0,30883.9,6.853,125,78,125
2026-07-28T20:11:21Z,-11.6366445,166.9667602,11.0,30890.9,6.860,125,78,125
2026-07-28T20:11:22Z,-11.6366136,166.9668138,11.0,30897.6,6.842,125,79,125
2026-07-28T20:11:23Z,-11.6365975,166.9668782,11.0,30904.2,6.805,124,78,125
2026-07-28T20:11:24Z,-11.6365935,166.9669425,11.2,30911.1,6.772,123,79,124
2026-07-28T20:11:25Z,-11.6365962,166.9669962,11.2,30918.1,6.744,123,80,124
2026-07-28T20:11:26Z,-11.6365989,166.9670606,11.2,30924.6,6.724,123,80,124
2026-07-28T20:11:27Z,-11.6365975,166.9671249,11.4,30931.7,6.707,123,80,124
2026-07-28T20:11:28Z,-11.6365854,166.9671786,11.4,30938.0,6.699,122,80,125
2026-07-28T20:11:29Z,-11.6365600,166.9672322,11.4,30944.7,6.699,122,81,124
2026-07-28T20:11:30Z,-11.6365211,166.9672859,11.6,30951.7,6.697,122,82,124
2026-07-28T20:11:31Z,-11.6364782,166.9673181,11.6,30958.2,6.696,122,82,125
2026-07-28T20:11:32Z,-11.6364312,166.9673610,11.6,30964.7,6.699,122,82,124
2026-07-28T20:11:33Z,-11.6363829,166.9673932,11.6,30971.5,6.707,122,82,125
2026-07-28T20:11:34Z,-11.6363360,166.9674468,11.8,30978.3,6.725,122,82,125
2026-07-28T20:11:35Z,-11.6362984,166.9674897,11.8,30985.0,6.753,122,82,124
2026-07-28T20:11:36Z,-11.6362676,166.9675434,11.8,30991.9,6.791,122,82,124
2026-07-28T20:11:37Z,-11.6362435,166.9675970,11.8,30998.6,6.839,121,82,125
2026-07-28T20:11:38Z,-11.6362220,166.9676507,11.8,31005.6,6.898,121,83,125
2026-07-28T20:11:39Z,-11.6362019,166.9677150,11.8,31012.5,6.959,121,83,124
2026-07-28T20:11:40Z,-11.6361845,166.9677794,11.8,31019.6,7.019,121,83,124
2026-07-28T20:11:41Z,-11.6361684,166.9678438,11.8,31026.6,7.078,121,83,125
2026-07-28T20:11:42Z,-11.6361523,166.9678974,11.8,31033.8,7.139,120,84,124
2026-07-28T20:11:43Z,-11.6361389,166.9679725,11.8,31041.0,7.195,120,85,125
2026-07-28T20:11:44Z,-11.6361281,166.9680369,11.8,31047.9,7.248,120,87,125
2026-07-28T20:11:45Z,-11.6361187,166.9681013,11.8,31055.5,7.302,120,88,125
2026-07-28T20:11:46Z,-11.6361134,166.9681549,11.8,31062.6,7.349,120,88,124
2026-07-28T20:11:47Z,-11.6361107,166.9682300,11.8,31069.9,7.392,120,88,125
2026-07-28T20:11:48Z,-11.6361120,166.9682944,11.8,31077.6,7.433,120,87,125
2026-07-28T20:11:49Z,-11.6361187,166.9683695,11.8,31084.9,7.467,120,89,125
2026-07-28T20:11:50Z,-11.6361322,166.9684339,11.8,31092.4,7.499,120,89,125
2026-07-28T20:11:51Z,-11.6361482,166.9685090,11.8,31100.0,7.528,119,89,125
2026-07-28T20:11:52Z,-11.6361684,166.9685733,11.8,31107.6,7.556,119,87,125
2026-07-28T20:11:53Z,-11.6361898,166.9686270,11.8,31114.9,7.581,119,87,125
2026-07-28T20:11:54Z,-11.6362140,166.9686913,11.8,31122.4,7.604,119,87,125
2026-07-28T20:11:55Z,-11.6362408,166.9687665,11.8,31130.0,7.627,119,87,124
2026-07-28T20:11:56Z,-11.6362676,166.9688308,11.8,31137.9,7.647,119,87,125
2026-07-28T20:11:57Z,-11.6362958,166.9688952,11.8,31145.5,7.667,118,87,124
2026-07-28T20:11:58Z,-11.6363226,166.9689488,11.8,31153.1,7.684,118,87,124
2026-07-28T20:11:59Z,-11.6363534,166.9690239,11.8,31161.1,7.702,118,87,125
2026-07-28T20:12:00Z,-11.6363803,166.9690883,11.8,31168.7,7.719,118,87,125
2026-07-28T20:12:01Z,-11.6364071,166.9691527,11.8,31176.7,7.736,117,87,124
2026-07-28T20:12:02Z,-11.6364326,166.9692171,11.8,31183.9,7.750,117,87,125
2026-07-28T20:12:03Z,-11.6364621,166.9692922,11.8,31191.8,7.765,117,88,124
2026-07-28T20:12:04Z,-11.6364942,166.9693458,11.8,31199.6,7.778,116,88,124
2026-07-28T20:12:05Z,-11.6365264,166.9694102,11.8,31207.6,7.790,116,88,125
2026-07-28T20:12:06Z,-11.6365573,166.9694746,11.8,31215.2,7.803,116,87,125
2026-07-28T20:12:07Z,-11.6365868,166.9695282,11.8,31222.9,7.815,116,87,125
2026-07-28T20:12:08Z,-11.6366136,166.9696033,11.8,31230.8,7.827,116,87,125
2026-07-28T20:12:09Z,-11.6366364,166.9696677,11.8,31238.5,7.837,116,87,124
2026-07-28T20:12:10Z,-11.6366552,166.9697428,11.8,31246.3,7.846,116,87,125
2026-07-28T20:12:11Z,-11.6366740,166.9698071,11.8,31254.3,7.856,116,87,125
2026-07-28T20:12:12Z,-11.6366927,166.9698822,11.8,31262.1,7.866,116,87,125
2026-07-28T20:12:13Z,-11.6367102,166.9699466,11.8,31270.2,7.875,116,88,124
2026-07-28T20:12:14Z,-11.6367303,166.9700217,11.8,31277.9,7.881,116,88,124
2026-07-28T20:12:15Z,-11.6367571,166.9700861,11.8,31285.8,7.888,116,88,125
2026-07-28T20:12:16Z,-11.6367893,166.9701612,11.6,31294.0,7.900,116,88,124
2026-07-28T20:12:17Z,-11.6368242,166.9702148,11.6,31301.9,7.937,116,89,124
2026-07-28T20:12:18Z,-11.6368590,166.9702792,11.6,31309.6,7.968,116,89,125
2026-07-28T20:12:19Z,-11.6368952,166.9703436,11.6,31317.7,7.981,116,88,125
2026-07-28T20:12:20Z,-11.6369247,166.9703972,11.6,31325.7,7.972,116,88,125
2026-07-28T20:12:21Z,-11.6369475,166.9704831,11.6,31333.3,7.938,116,90,78
2026-07-28T20:12:22Z,-11.6369663,166.9705367,11.8,31341.2,7.820,116,90,31
2026-07-28T20:12:23Z,-11.6369838,166.9706118,11.8,31349.0,7.630,117,90,95
2026-07-28T20:12:24Z,-11.6369998,166.9706762,11.8,31356.5,7.523,117,87,125
2026-07-28T20:12:25Z,-11.6370146,166.9707513,12.0,31364.3,7.449,117,87,125
2026-07-28T20:12:26Z,-11.6370307,166.9708157,12.0,31371.8,7.375,117,88,125
2026-07-28T20:12:27Z,-11.6370441,166.9708800,12.0,31378.8,7.306,117,89,124
2026-07-28T20:12:28Z,-11.6370562,166.9709337,12.2,31385.9,7.236,117,89,124
2026-07-28T20:12:29Z,-11.6370696,166.9710088,12.2,31393.3,7.167,117,92,124
2026-07-28T20:12:30Z,-11.6370790,166.9710732,12.4,31400.5,7.102,117,93,124
2026-07-28T20:12:31Z,-11.6370884,166.9711375,12.4,31407.4,7.044,117,93,125
2026-07-28T20:12:32Z,-11.6370951,166.9711912,12.6,31414.6,6.992,117,93,125
2026-07-28T20:12:33Z,-11.6371004,166.9712770,12.6,31421.8,6.945,117,94,124
2026-07-28T20:12:34Z,-11.6371018,166.9713306,12.6,31428.3,6.910,117,94,124
2026-07-28T20:12:35Z,-11.6371018,166.9713950,12.8,31435.6,6.880,118,94,125
2026-07-28T20:12:36Z,-11.6370991,166.9714594,12.8,31442.1,6.865,117,95,125
2026-07-28T20:12:37Z,-11.6370910,166.9715130,12.8,31449.1,6.861,117,96,125
2026-07-28T20:12:38Z,-11.6370790,166.9715774,12.8,31456.0,6.873,117,96,124
2026-07-28T20:12:39Z,-11.6370629,166.9716418,12.8,31462.9,6.899,118,96,125
2026-07-28T20:12:40Z,-11.6370428,166.9716954,12.8,31469.6,6.936,117,95,124
2026-07-28T20:12:41Z,-11.6370200,166.9717598,13.0,31476.9,6.985,117,94,124
2026-07-28T20:12:42Z,-11.6369958,166.9718242,13.0,31483.6,7.035,117,93,124
2026-07-28T20:12:43Z,-11.6369663,166.9718778,12.8,31490.8,7.093,117,93,124
2026-07-28T20:12:44Z,-11.6369368,166.9719315,12.8,31497.9,7.153,117,93,125
2026-07-28T20:12:45Z,-11.6369046,166.9719851,12.8,31504.9,7.214,117,93,125
2026-07-28T20:12:46Z,-11.6368657,166.9720495,12.8,31512.6,7.279,117,91,124
2026-07-28T20:12:47Z,-11.6368282,166.9720924,12.8,31519.8,7.337,118,91,124
2026-07-28T20:12:48Z,-11.6367880,166.9721568,12.8,31526.9,7.391,118,91,125
2026-07-28T20:12:49Z,-11.6367437,166.9721997,12.8,31534.4,7.444,119,91,124
2026-07-28T20:12:50Z,-11.6366968,166.9722533,12.8,31542.0,7.489,119,91,124
2026-07-28T20:12:51Z,-11.6366485,166.9722962,12.8,31549.4,7.525,120,92,124
2026-07-28T20:12:52Z,-11.6365948,166.9723392,12.8,31557.2,7.551,120,91,125
2026-07-28T20:12:53Z,-11.6365372,166.9723821,12.8,31564.8,7.568,120,92,124
2026-07-28T20:12:54Z,-11.6364782,166.9724143,12.8,31572.1,7.578,120,92,124
2026-07-28T20:12:55Z,-11.6364178,166.9724464,12.8,31579.4,7.584,120,92,124
2026-07-28T20:12:56Z,-11.6363508,166.9724572,12.8,31587.1,7.589,120,91,125
2026-07-28T20:12:57Z,-11.6362837,166.9724786,12.8,31594.8,7.593,120,91,125
2026-07-28T20:12:58Z,-11.6362140,166.9724894,12.8,31602.6,7.595,119,91,125
2026-07-28T20:12:59Z,-11.6361456,166.9725108,13.0,31610.3,7.597,120,93,125
2026-07-28T20:13:00Z,-11.6360785,166.9725108,13.0,31617.8,7.598,120,92,124
2026-07-28T20:13:01Z,-11.6360101,166.9725215,13.0,31625.5,7.601,120,92,125
2026-07-28T20:13:02Z,-11.6359431,166.9725430,13.0,31633.1,7.609,120,92,125
2026-07-28T20:13:03Z,-11.6358814,166.9725645,13.0,31640.3,7.620,120,92,125
2026-07-28T20:13:04Z,-11.6358183,166.9725859,13.0,31647.8,7.637,120,92,125
2026-07-28T20:13:05Z,-11.6357607,166.9726288,13.0,31655.4,7.664,120,92,125
2026-07-28T20:13:06Z,-11.6357110,166.9726717,13.0,31662.8,7.702,120,92,124
2026-07-28T20:13:07Z,-11.6356601,166.9727361,13.0,31671.3,7.774,121,92,124
2026-07-28T20:13:08Z,-11.6356212,166.9727790,13.0,31678.7,7.817,119,92,124
2026-07-28T20:13:09Z,-11.6355836,166.9728541,13.0,31687.1,7.882,120,92,125
2026-07-28T20:13:10Z,-11.6355515,166.9729185,13.0,31694.7,8.004,119,92,124
2026-07-28T20:13:11Z,-11.6355179,166.9729829,13.0,31703.1,8.090,119,92,124
2026-07-28T20:13:12Z,-11.6354871,166.9730580,13.0,31711.4,8.079,118,92,124
2026-07-28T20:13:13Z,-11.6354603,166.9731224,13.0,31719.1,8.070,118,92,124
2026-07-28T20:13:14Z,-11.6354348,166.9731760,13.0,31726.8,8.061,118,92,124
2026-07-28T20:13:15Z,-11.6354093,166.9732511,13.0,31734.8,8.055,117,92,125
2026-07-28T20:13:16Z,-11.6353811,166.9733155,13.0,31742.8,8.048,117,92,124
2026-07-28T20:13:17Z,-11.6353530,166.9733906,13.0,31750.9,8.042,118,92,124
2026-07-28T20:13:18Z,-11.6353221,166.9734550,13.0,31759.3,8.037,120,93,124
2026-07-28T20:13:19Z,-11.6352953,166.9735193,13.0,31767.1,8.034,120,93,124
2026-07-28T20:13:20Z,-11.6352698,166.9735944,13.0,31775.1,8.040,120,93,125
2026-07-28T20:13:21Z,-11.6352443,166.9736481,13.0,31783.1,8.039,119,93,125
2026-07-28T20:13:22Z,-11.6352202,166.9737232,13.0,31791.2,8.039,116,93,125
2026-07-28T20:13:23Z,-11.6351974,166.9738090,13.0,31799.2,8.040,115,93,125
2026-07-28T20:13:24Z,-11.6351746,166.9738626,13.0,31807.2,8.041,115,93,124
2026-07-28T20:13:25Z,-11.6351518,166.9739377,13.0,31815.5,8.044,115,94,125
2026-07-28T20:13:26Z,-11.6351317,166.9740021,13.0,31823.4,8.048,115,94,125
2026-07-28T20:13:27Z,-11.6351049,166.9740772,13.0,31831.8,8.058,116,94,124
2026-07-28T20:13:28Z,-11.6350794,166.9741523,13.0,31839.7,8.072,116,94,125
2026-07-28T20:13:29Z,-11.6350526,166.9742167,13.0,31847.7,8.090,116,94,125
2026-07-28T20:13:30Z,-11.6350244,166.9742811,13.0,31855.8,8.108,116,94,125
2026-07-28T20:13:31Z,-11.6350003,166.9743562,13.0,31863.8,8.122,117,94,125
2026-07-28T20:13:32Z,-11.6349801,166.9744313,13.0,31872.3,8.131,117,94,124
2026-07-28T20:13:33Z,-11.6349667,166.9745064,13.0,31880.3,8.131,117,93,125
2026-07-28T20:13:34Z,-11.6349600,166.9745815,13.0,31888.9,8.123,117,93,124
2026-07-28T20:13:35Z,-11.6349573,166.9746459,13.0,31895.6,8.110,118,93,124
2026-07-28T20:13:36Z,-11.6349600,166.9747210,13.0,31904.4,8.086,118,93,124
2026-07-28T20:13:37Z,-11.6349721,166.9747961,13.0,31912.9,8.065,118,93,124
2026-07-28T20:13:38Z,-11.6349895,166.9748712,13.0,31921.2,8.047,117,93,124
2026-07-28T20:13:39Z,-11.6350096,166.9749463,13.0,31929.6,8.030,117,93,124
2026-07-28T20:13:40Z,-11.6350284,166.9750106,13.0,31936.2,8.018,117,93,124
2026-07-28T20:13:41Z,-11.6350539,166.9750857,13.0,31945.1,8.002,117,93,124
2026-07-28T20:13:42Z,-11.6350754,166.9751501,13.0,31952.2,7.987,117,93,124
2026-07-28T20:13:43Z,-11.6350995,166.9752038,13.2,31959.9,7.971,116,93,125
2026-07-28T20:13:44Z,-11.6351263,166.9752896,13.2,31968.2,7.958,116,93,125
2026-07-28T20:13:45Z,-11.6351545,166.9753432,13.2,31976.8,7.952,115,93,125
2026-07-28T20:13:46Z,-11.6351773,166.9754183,13.2,31984.9,7.951,115,94,125
2026-07-28T20:13:47Z,-11.6351961,166.9754827,13.2,31992.2,7.954,114,94,125
2026-07-28T20:13:48Z,-11.6352162,166.9755578,13.2,32000.8,7.955,114,94,124
2026-07-28T20:13:49Z,-11.6352336,166.9756329,13.2,32008.7,7.933,114,94,125
2026-07-28T20:13:50Z,-11.6352457,166.9756973,13.4,32016.2,7.887,114,94,125
2026-07-28T20:13:51Z,-11.6352524,166.9757724,13.4,32024.6,7.829,114,94,125
2026-07-28T20:13:52Z,-11.6352510,166.9758475,13.4,32032.3,7.784,114,95,124
2026-07-28T20:13:53Z,-11.6352443,166.9759119,13.4,32040.0,7.736,114,95,125
2026-07-28T20:13:54Z,-11.6352282,166.9759870,13.6,32047.4,7.677,114,95,125
2026-07-28T20:13:55Z,-11.6352041,166.9760513,13.6,32055.4,7.593,114,95,124
2026-07-28T20:13:56Z,-11.6351773,166.9761050,13.8,32063.1,7.529,114,95,124
2026-07-28T20:13:57Z,-11.6351464,166.9761693,13.8,32070.5,7.464,114,95,124
2026-07-28T20:13:58Z,-11.6351156,166.9762337,14.0,32077.5,7.400,114,95,124
2026-07-28T20:13:59Z,-11.6350780,166.9762874,14.0,32085.4,7.339,114,95,125
2026-07-28T20:14:00Z,-11.6350418,166.9763517,14.2,32092.9,7.288,113,95,125
2026-07-28T20:14:01Z,-11.6350056,166.9764161,14.2,32100.1,7.217,113,96,124
2026-07-28T20:14:02Z,-11.6349734,166.9764590,14.4,32106.1,7.157,113,96,124
2026-07-28T20:14:03Z,-11.6349319,166.9765019,14.6,32114.1,7.087,113,96,125
2026-07-28T20:14:04Z,-11.6348970,166.9765556,14.6,32120.6,7.012,113,96,125
2026-07-28T20:14:05Z,-11.6348581,166.9766092,14.8,32127.7,6.963,113,96,125
2026-07-28T20:14:06Z,-11.6348192,166.9766629,14.8,32134.7,6.899,113,96,125
2026-07-28T20:14:07Z,-11.6347803,166.9767165,15.0,32142.1,6.857,113,97,125
2026-07-28T20:14:08Z,-11.6347454,166.9767702,15.0,32148.9,6.800,114,97,125
2026-07-28T20:14:09Z,-11.6347119,166.9768131,15.2,32155.5,6.745,115,98,125
2026-07-28T20:14:10Z,-11.6346811,166.9768667,15.2,32162.3,6.676,115,97,125
2026-07-28T20:14:11Z,-11.6346569,166.9769204,15.4,32168.6,6.596,115,97,124
2026-07-28T20:14:12Z,-11.6346395,166.9769740,15.6,32175.5,6.511,115,97,124
2026-07-28T20:14:13Z,-11.6346315,166.9770384,15.6,32182.2,6.446,115,97,124
2026-07-28T20:14:14Z,-11.6346355,166.9771028,15.8,32188.3,6.414,115,98,124
2026-07-28T20:14:15Z,-11.6346462,166.9771564,15.8,32194.8,6.389,115,97,124
2026-07-28T20:14:16Z,-11.6346610,166.9772100,16.0,32200.8,6.370,115,97,124
2026-07-28T20:14:17Z,-11.6346878,166.9772637,16.0,32207.3,6.362,115,97,124
2026-07-28T20:14:18Z,-11.6347240,166.9773173,16.0,32213.9,6.381,115,97,125
2026-07-28T20:14:19Z,-11.6347656,166.9773602,16.2,32220.3,6.429,115,97,124
2026-07-28T20:14:20Z,-11.6348112,166.9773924,16.2,32226.7,6.511,115,97,125
2026-07-28T20:14:21Z,-11.6348621,166.9774246,16.2,32233.1,6.563,115,97,124
2026-07-28T20:14:22Z,-11.6349131,166.9774354,16.2,32239.4,6.663,114,97,124
2026-07-28T20:14:23Z,-11.6349734,166.9774675,16.2,32246.4,6.741,114,97,125
2026-07-28T20:14:24Z,-11.6350378,166.9774675,16.2,32253.5,6.871,113,98,125
2026-07-28T20:14:25Z,-11.6350982,166.9774568,16.2,32260.2,6.970,113,97,124
2026-07-28T20:14:26Z,-11.6351612,166.9774568,16.2,32267.2,7.086,112,98,124
2026-07-28T20:14:27Z,-11.6352242,166.9774354,16.2,32274.3,7.193,112,98,124
2026-07-28T20:14:28Z,-11.6352899,166.9774246,16.2,32281.9,7.293,112,98,125
2026-07-28T20:14:29Z,-11.6353503,166.9774032,16.2,32288.8,7.377,112,98,125
2026-07-28T20:14:30Z,-11.6354147,166.9773924,16.2,32296.0,7.470,112,98,124
2026-07-28T20:14:31Z,-11.6354884,166.9773924,16.2,32304.1,7.588,112,97,124
2026-07-28T20:14:32Z,-11.6355555,166.9773924,16.2,32311.6,7.672,111,97,124
2026-07-28T20:14:33Z,-11.6356239,166.9774032,16.2,32319.3,7.763,111,97,124
2026-07-28T20:14:34Z,-11.6356856,166.9774354,16.0,32327.4,7.857,111,97,124
2026-07-28T20:14:35Z,-11.6357312,166.9774997,16.0,32335.4,7.949,111,98,124
2026-07-28T20:14:36Z,-11.6357607,166.9775534,16.0,32342.8,8.026,110,97,125
2026-07-28T20:14:37Z,-11.6357835,166.9776392,16.0,32351.2,8.103,110,97,125
2026-07-28T20:14:38Z,-11.6357982,166.9777143,15.8,32359.6,8.185,110,97,124
2026-07-28T20:14:39Z,-11.6358076,166.9777679,15.8,32367.6,8.280,111,98,124
2026-07-28T20:14:40Z,-11.6358143,166.9778430,15.8,32375.5,8.323,111,98,124
2026-07-28T20:14:41Z,-11.6358170,166.9779289,15.6,32384.2,8.392,111,98,124
2026-07-28T20:14:42Z,-11.6358183,166.9780040,15.6,32392.8,8.471,111,97,124
2026-07-28T20:14:43Z,-11.6358197,166.9780791,15.6,32401.0,8.557,111,97,124
2026-07-28T20:14:44Z,-11.6358210,166.9781649,15.4,32409.6,8.606,112,97,124
2026-07-28T20:14:45Z,-11.6358210,166.9782400,15.4,32418.4,8.681,112,98,125
2026-07-28T20:14:46Z,-11.6358210,166.9783258,15.4,32426.9,8.775,112,96,125
2026-07-28T20:14:47Z,-11.6358264,166.9784009,15.2,32436.0,8.847,112,96,124
2026-07-28T20:14:48Z,-11.6358371,166.9784760,15.2,32444.6,8.892,112,97,125
2026-07-28T20:14:49Z,-11.6358545,166.9785619,15.2,32453.4,8.938,112,97,125
2026-07-28T20:14:50Z,-11.6358908,166.9786263,15.2,32462.3,8.943,112,97,125
2026-07-28T20:14:51Z,-11.6359404,166.9787014,15.2,32471.3,8.902,112,96,124
2026-07-28T20:14:52Z,-11.6360007,166.9787443,15.2,32480.3,8.829,113,96,125
2026-07-28T20:14:53Z,-11.6360705,166.9787979,15.2,32489.3,8.728,113,96,124
2026-07-28T20:14:54Z,-11.6361442,166.9788301,15.4,32497.9,8.613,113,96,124
2026-07-28T20:14:55Z,-11.6362180,166.9788408,15.4,32506.2,8.498,113,97,125
2026-07-28T20:14:56Z,-11.6362958,166.9788408,15.4,32514.9,8.384,113,96,125
2026-07-28T20:14:57Z,-11.6363722,166.9788408,15.6,32523.3,8.285,112,96,124
2026-07-28T20:14:58Z,-11.6364446,166.9788301,15.6,32531.4,8.203,112,97,125
2026-07-28T20:14:59Z,-11.6365157,166.9788086,15.6,32539.4,8.137,111,97,124
2026-07-28T20:15:00Z,-11.6365908,166.9787979,15.6,32547.9,8.079,111,97,125
2026-07-28T20:15:01Z,-11.6366565,166.9787765,15.8,32555.5,8.032,111,97,125
2026-07-28T20:15:02Z,-11.6367263,166.9787443,15.8,32563.6,7.984,111,96,124
2026-07-28T20:15:03Z,-11.6367920,166.9787335,15.8,32571.6,7.955,111,96,124
2026-07-28T20:15:04Z,-11.6368617,166.9787014,15.8,32579.8,7.950,111,96,124
2026-07-28T20:15:05Z,-11.6369247,166.9786692,15.8,32587.5,7.946,111,96,124
2026-07-28T20:15:06Z,-11.6369905,166.9786370,16.0,32595.5,7.939,111,96,124
2026-07-28T20:15:07Z,-11.6370562,166.9786155,16.0,32603.6,7.930,111,95,124
2026-07-28T20:15:08Z,-11.6371152,166.9785619,16.0,32611.2,7.937,111,96,124
2026-07-28T20:15:09Z,-11.6371796,166.9785297,16.0,32619.3,7.969,111,96,124
2026-07-28T20:15:10Z,-11.6372412,166.9785082,16.0,32627.2,8.025,111,96,124
2026-07-28T20:15:11Z,-11.6373043,166.9784546,16.0,32635.3,8.060,111,96,124
2026-07-28T20:15:12Z,-11.6373660,166.9784331,16.0,32643.4,8.089,111,96,125
2026-07-28T20:15:13Z,-11.6374277,166.9783795,16.2,32651.7,8.118,111,96,124
2026-07-28T20:15:14Z,-11.6374853,166.9783366,16.2,32659.7,8.143,111,97,124
2026-07-28T20:15:15Z,-11.6375430,166.9782937,16.2,32667.9,8.169,112,97,124
2026-07-28T20:15:16Z,-11.6375913,166.9782293,16.2,32676.0,8.187,112,97,125
2026-07-28T20:15:17Z,-11.6376275,166.9781649,16.0,32684.1,8.251,111,98,125
2026-07-28T20:15:18Z,-11.6376476,166.9780898,16.0,32692.4,8.354,111,97,125
2026-07-28T20:15:19Z,-11.6376530,166.9780147,16.0,32701.0,8.472,112,97,125
2026-07-28T20:15:20Z,-11.6376503,166.9779396,15.8,32709.4,8.591,112,97,124
2026-07-28T20:15:21Z,-11.6376422,166.9778645,15.8,32717.9,8.710,111,97,124
2026-07-28T20:15:22Z,-11.6376315,166.9777894,15.6,32726.7,8.824,111,97,124
2026-07-28T20:15:23Z,-11.6376261,166.9776928,15.6,32735.7,8.928,111,97,125
2026-07-28T20:15:24Z,-11.6376409,166.9776177,15.6,32744.7,9.011,111,97,125
2026-07-28T20:15:25Z,-11.6376905,166.9775534,15.4,32753.6,9.031,112,97,125
2026-07-28T20:15:26Z,-11.6377616,166.9775105,15.6,32762.7,8.973,112,97,124
2026-07-28T20:15:27Z,-11.6378407,166.9774997,15.6,32771.8,8.868,112,97,124
2026-07-28T20:15:28Z,-11.6379212,166.9774783,15.6,32780.7,8.750,112,98,125
2026-07-28T20:15:29Z,-11.6379963,166.9774675,15.6,32789.2,8.649,113,98,125
2026-07-28T20:15:30Z,-11.6380754,166.9774568,15.8,32798.0,8.540,113,98,125
2026-07-28T20:15:31Z,-11.6381398,166.9774246,15.8,32806.1,8.524,113,98,125
2026-07-28T20:15:32Z,-11.6382055,166.9773710,15.8,32814.6,8.535,113,97,124
2026-07-28T20:15:33Z,-11.6382632,166.9773281,15.8,32823.5,8.550,113,98,124
2026-07-28T20:15:34Z,-11.6382967,166.9772530,15.6,32831.9,8.592,113,99,125
2026-07-28T20:15:35Z,-11.6382994,166.9771779,15.6,32840.6,8.686,112,98,125
2026-07-28T20:15:36Z,-11.6382739,166.9771028,15.6,32849.1,8.784,112,98,124
2026-07-28T20:15:37Z,-11.6382350,166.9770384,15.4,32858.1,8.854,112,98,124
2026-07-28T20:15:38Z,-11.6381921,166.9769633,15.4,32867.1,8.892,112,98,124
2026-07-28T20:15:39Z,-11.6381451,166.9768989,15.4,32876.1,8.932,112,98,124
2026-07-28T20:15:40Z,-11.6381009,166.9768238,15.2,32884.8,8.979,112,97,125
2026-07-28T20:15:41Z,-11.6380566,166.9767702,15.2,32893.7,8.991,112,97,124
2026-07-28T20:15:42Z,-11.6380110,166.9766843,15.2,32902.9,9.019,112,97,124
2026-07-28T20:15:43Z,-11.6379775,166.9766092,15.0,32911.7,9.079,112,97,125
2026-07-28T20:15:44Z,-11.6379574,166.9765341,15.0,32921.0,9.136,112,97,124
2026-07-28T20:15:45Z,-11.6379561,166.9764590,14.8,32930.1,9.203,112,97,125
2026-07-28T20:15:46Z,-11.6379748,166.9763732,14.8,32939.2,9.263,112,97,125
2026-07-28T20:15:47Z,-11.6380110,166.9762874,14.6,32948.5,9.303,112,97,125
2026-07-28T20:15:48Z,-11.6380633,166.9762337,14.6,32958.1,9.330,113,98,125
2026-07-28T20:15:49Z,-11.6381223,166.9761693,14.6,32967.1,9.344,113,97,124
2026-07-28T20:15:50Z,-11.6381975,166.9761264,14.4,32977.1,9.354,112,97,125
2026-07-28T20:15:51Z,-11.6382685,166.9760942,14.4,32985.9,9.358,112,97,125
2026-07-28T20:15:52Z,-11.6383530,166.9760621,14.4,32995.5,9.353,112,97,125
2026-07-28T20:15:53Z,-11.6384362,166.9760513,14.2,33004.9,9.340,112,99,125
2026-07-28T20:15:54Z,-11.6385193,166.9760299,14.2,33014.2,9.319,112,98,125
2026-07-28T20:15:55Z,-11.6386038,166.9760299,14.2,33023.4,9.293,112,101,144
2026-07-28T20:15:56Z,-11.6386829,166.9760299,14.2,33032.3,9.282,112,101,144
2026-07-28T20:15:57Z,-11.6387688,166.9760299,14.2,33041.8,9.343,112,104,215
2026-07-28T20:15:58Z,-11.6388559,166.9760513,14.0,33051.4,9.408,112,101,214
2026-07-28T20:15:59Z,-11.6389431,166.9760513,14.0,33061.1,9.477,112,101,214
2026-07-28T20:16:00Z,-11.6390303,166.9760621,14.0,33070.9,9.555,113,100,214
2026-07-28T20:16:01Z,-11.6391094,166.9760835,14.0,33079.8,9.631,113,99,215
2026-07-28T20:16:02Z,-11.6392006,166.9760942,14.0,33089.9,9.707,114,98,215
2026-07-28T20:16:03Z,-11.6392811,166.9761050,14.0,33099.2,9.728,115,98,215
2026-07-28T20:16:04Z,-11.6393669,166.9761264,14.0,33108.8,9.747,115,98,215
2026-07-28T20:16:05Z,-11.6394567,166.9761372,14.0,33118.9,9.765,116,98,214
2026-07-28T20:16:06Z,-11.6395439,166.9761586,14.0,33128.7,9.781,117,99,214
2026-07-28T20:16:07Z,-11.6396338,166.9761693,14.0,33138.7,9.796,117,97,214
2026-07-28T20:16:08Z,-11.6397223,166.9761801,14.0,33148.5,9.809,117,97,214
2026-07-28T20:16:09Z,-11.6398054,166.9761801,14.0,33157.9,9.825,118,97,214
2026-07-28T20:16:10Z,-11.6398966,166.9762123,14.0,33168.2,9.845,118,96,214
2026-07-28T20:16:11Z,-11.6399771,166.9762444,14.0,33178.1,9.889,119,96,215
2026-07-28T20:16:12Z,-11.6400482,166.9763088,14.0,33188.0,9.979,119,96,214
2026-07-28T20:16:13Z,-11.6401125,166.9763732,14.0,33197.5,10.018,119,96,215
2026-07-28T20:16:14Z,-11.6401756,166.9764268,14.0,33207.7,10.032,119,96,214
2026-07-28T20:16:15Z,-11.6402413,166.9765019,14.0,33218.4,10.004,120,96,215
2026-07-28T20:16:16Z,-11.6403016,166.9765663,14.0,33227.9,9.981,121,97,215
2026-07-28T20:16:17Z,-11.6403633,166.9766307,14.0,33238.1,9.959,121,96,214
2026-07-28T20:16:18Z,-11.6404170,166.9767058,14.0,33247.5,9.941,121,96,215
2026-07-28T20:16:19Z,-11.6404746,166.9767809,14.0,33258.0,9.927,121,96,215
2026-07-28T20:16:20Z,-11.6405202,166.9768453,14.0,33267.3,9.921,122,97,215
2026-07-28T20:16:21Z,-11.6405645,166.9769311,14.0,33277.3,9.922,122,98,214
2026-07-28T20:16:22Z,-11.6405953,166.9770062,14.0,33287.2,9.935,122,97,214
2026-07-28T20:16:23Z,-11.6406074,166.9771028,14.0,33297.5,9.971,122,96,214
2026-07-28T20:16:24Z,-11.6405940,166.9771886,14.0,33306.9,10.026,123,96,214
2026-07-28T20:16:25Z,-11.6405578,166.9772851,13.8,33317.6,10.105,123,94,215
2026-07-28T20:16:26Z,-11.6405122,166.9773602,13.8,33327.6,10.183,124,95,215
2026-07-28T20:16:27Z,-11.6404586,166.9774354,13.6,33337.6,10.260,125,94,215
2026-07-28T20:16:28Z,-11.6404009,166.9775105,13.6,33348.0,10.335,125,94,215
2026-07-28T20:16:29Z,-11.6403459,166.9775856,13.4,33358.2,10.401,125,94,214
2026-07-28T20:16:30Z,-11.6402949,166.9776607,13.4,33368.6,10.458,125,93,214
2026-07-28T20:16:31Z,-11.6402601,166.9777572,13.2,33379.5,10.497,125,94,215
2026-07-28T20:16:32Z,-11.6402373,166.9778430,13.2,33389.4,10.504,125,94,215
2026-07-28T20:16:33Z,-11.6402185,166.9779396,13.2,33400.4,10.485,125,94,214
2026-07-28T20:16:34Z,-11.6402118,166.9780362,13.2,33410.7,10.450,126,94,215
2026-07-28T20:16:35Z,-11.6402239,166.9781220,13.2,33420.7,10.409,127,94,215
2026-07-28T20:16:36Z,-11.6402574,166.9782186,13.2,33431.2,10.369,127,94,215
2026-07-28T20:16:37Z,-11.6403084,166.9782937,13.2,33441.4,10.339,127,95,214
2026-07-28T20:16:38Z,-11.6403794,166.9783688,13.2,33452.1,10.308,127,95,214
2026-07-28T20:16:39Z,-11.6404532,166.9784117,13.2,33462.2,10.280,127,95,214
2026-07-28T20:16:40Z,-11.6405337,166.9784546,13.2,33472.6,10.251,127,95,215
2026-07-28T20:16:41Z,-11.6406141,166.9785190,13.2,33483.2,10.224,127,96,215
2026-07-28T20:16:42Z,-11.6406932,166.9785619,13.2,33493.2,10.210,127,97,214
2026-07-28T20:16:43Z,-11.6407710,166.9786155,13.2,33503.7,10.341,127,97,214
2026-07-28T20:16:44Z,-11.6408448,166.9786692,13.2,33514.1,10.439,128,97,215
2026-07-28T20:16:45Z,-11.6409078,166.9787335,13.2,33524.0,10.500,128,97,215
2026-07-28T20:16:46Z,-11.6409615,166.9788301,13.2,33534.6,10.531,128,97,214
2026-07-28T20:16:47Z,-11.6410071,166.9789159,13.2,33545.6,10.551,128,96,214
2026-07-28T20:16:48Z,-11.6410433,166.9789910,13.2,33555.9,10.570,128,96,214
2026-07-28T20:16:49Z,-11.6410741,166.9790876,13.2,33566.5,10.602,128,95,214
2026-07-28T20:16:50Z,-11.6410956,166.9791734,13.2,33577.2,10.642,129,95,214
2026-07-28T20:16:51Z,-11.6411090,166.9792807,13.2,33587.9,10.696,129,94,214
2026-07-28T20:16:52Z,-11.6411157,166.9793773,13.2,33598.5,10.763,129,94,214
2026-07-28T20:16:53Z,-11.6411157,166.9794846,13.2,33609.3,10.809,130,94,214
2026-07-28T20:16:54Z,-11.6411090,166.9795704,13.2,33620.0,10.840,130,93,214
2026-07-28T20:16:55Z,-11.6410969,166.9796777,13.2,33630.9,10.839,130,93,215
2026-07-28T20:16:56Z,-11.6410795,166.9797742,13.2,33641.8,10.778,129,94,215
2026-07-28T20:16:57Z,-11.6410567,166.9798601,13.2,33652.5,10.710,130,95,215
2026-07-28T20:16:58Z,-11.6410285,166.9799566,13.2,33663.1,10.645,130,96,215
2026-07-28T20:16:59Z,-11.6409950,166.9800425,13.2,33673.9,10.580,130,96,214
2026-07-28T20:17:00Z,-11.6409601,166.9801390,13.2,33684.2,10.521,130,96,214
2026-07-28T20:17:01Z,-11.6409212,166.9802248,13.2,33695.0,10.461,130,96,215
2026-07-28T20:17:02Z,-11.6408850,166.9803214,13.2,33705.4,10.405,130,97,215
2026-07-28T20:17:03Z,-11.6408475,166.9803965,13.2,33715.7,10.353,131,97,215
2026-07-28T20:17:04Z,-11.6408059,166.9804931,13.2,33726.3,10.301,131,97,214
2026-07-28T20:17:05Z,-11.6407670,166.9805789,13.4,33736.5,10.251,131,96,214
2026-07-28T20:17:06Z,-11.6407268,166.9806540,13.4,33746.4,10.205,132,95,214
2026-07-28T20:17:07Z,-11.6406825,166.9807291,13.4,33756.7,10.166,132,94,214
2026-07-28T20:17:08Z,-11.6406383,166.9808257,13.4,33766.9,10.148,132,94,215
2026-07-28T20:17:09Z,-11.6405913,166.9809008,13.4,33777.1,10.148,132,92,215
2026-07-28T20:17:10Z,-11.6405430,166.9809759,13.4,33787.3,10.124,132,92,215
2026-07-28T20:17:11Z,-11.6404934,166.9810510,13.4,33797.2,10.075,132,91,215
2026-07-28T20:17:12Z,-11.6404384,166.9811261,13.6,33807.4,10.023,132,91,214
2026-07-28T20:17:13Z,-11.6403821,166.9812012,13.6,33817.2,9.972,132,91,214
2026-07-28T20:17:14Z,-11.6403218,166.9812655,13.6,33827.2,9.919,132,91,215
2026-07-28T20:17:15Z,-11.6402601,166.9813299,13.6,33837.0,9.868,131,91,215
2026-07-28T20:17:16Z,-11.6401957,166.9814050,13.8,33847.0,9.818,131,92,215
2026-07-28T20:17:17Z,-11.6401300,166.9814694,13.8,33856.9,9.770,132,92,215
2026-07-28T20:17:18Z,-11.6400643,166.9815123,13.8,33866.6,9.725,131,92,214
2026-07-28T20:17:19Z,-11.6399972,166.9815767,13.8,33876.5,9.685,131,93,215
2026-07-28T20:17:20Z,-11.6399328,166.9816303,14.0,33885.9,9.663,131,93,214
2026-07-28T20:17:21Z,-11.6398685,166.9816947,14.0,33895.6,9.655,132,93,214
2026-07-28T20:17:22Z,-11.6398014,166.9817591,14.0,33905.6,9.668,132,93,214
2026-07-28T20:17:23Z,-11.6397357,166.9818020,14.0,33914.9,9.691,132,92,214
2026-07-28T20:17:24Z,-11.6396619,166.9818664,14.0,33924.8,9.755,132,92,215
2026-07-28T20:17:25Z,-11.6395895,166.9819093,14.2,33934.4,9.769,132,92,215
2026-07-28T20:17:26Z,-11.6395131,166.9819522,14.2,33944.0,9.744,132,92,215
2026-07-28T20:17:27Z,-11.6394353,166.9819951,14.2,33954.1,9.720,132,92,214
2026-07-28T20:17:28Z,-11.6393642,166.9820487,14.2,33963.6,9.696,132,92,214
2026-07-28T20:17:29Z,-11.6392972,166.9821024,14.2,33973.1,9.671,132,92,214
2026-07-28T20:17:30Z,-11.6392408,166.9821668,14.4,33983.0,9.642,132,93,215
2026-07-28T20:17:31Z,-11.6391979,166.9822633,14.4,33993.0,9.618,132,93,214
2026-07-28T20:17:32Z,-11.6391791,166.9823384,14.4,34002.2,9.601,131,93,214
2026-07-28T20:17:33Z,-11.6391724,166.9824243,14.4,34012.2,9.592,132,93,215
2026-07-28T20:17:34Z,-11.6391751,166.9825208,14.6,34021.6,9.596,132,94,215
2026-07-28T20:17:35Z,-11.6391845,166.9825959,14.6,34031.3,9.601,132,94,215
2026-07-28T20:17:36Z,-11.6391979,166.9826818,14.6,34040.7,9.567,132,95,215
2026-07-28T20:17:37Z,-11.6392167,166.9827569,14.8,34050.0,9.537,132,96,214
2026-07-28T20:17:38Z,-11.6392408,166.9828534,14.8,34059.5,9.516,132,96,214
2026-07-28T20:17:39Z,-11.6392677,166.9829285,14.8,34069.3,9.507,132,97,215
2026-07-28T20:17:40Z,-11.6392958,166.9830251,14.8,34079.1,9.515,132,97,214
2026-07-28T20:17:41Z,-11.6393226,166.9831002,14.8,34088.5,9.543,132,96,214
2026-07-28T20:17:42Z,-11.6393495,166.9831860,14.8,34097.7,9.593,132,96,214
2026-07-28T20:17:43Z,-11.6393803,166.9832611,14.6,34107.5,9.668,132,96,215
2026-07-28T20:17:44Z,-11.6394125,166.9833362,14.6,34117.1,9.754,132,95,214
2026-07-28T20:17:45Z,-11.6394514,166.9834328,14.6,34126.9,9.850,133,95,214
2026-07-28T20:17:46Z,-11.6394956,166.9835079,14.4,34137.3,9.968,133,96,214
2026-07-28T20:17:47Z,-11.6395439,166.9835830,14.4,34147.0,10.085,133,96,215
2026-07-28T20:17:48Z,-11.6396016,166.9836581,14.2,34157.1,10.229,133,98,215
2026-07-28T20:17:49Z,-11.6396686,166.9837224,14.2,34167.4,10.418,133,97,214
2026-07-28T20:17:50Z,-11.6397451,166.9837654,14.0,34177.6,10.501,133,97,214
2026-07-28T20:17:51Z,-11.6398363,166.9838190,14.0,34188.8,10.540,133,96,215
2026-07-28T20:17:52Z,-11.6399221,166.9838405,14.0,34199.1,10.547,134,96,215
2026-07-28T20:17:53Z,-11.6400093,166.9838727,14.0,34209.2,10.549,134,96,215
2026-07-28T20:17:54Z,-11.6401045,166.9839048,13.8,34220.2,10.549,134,96,215
2026-07-28T20:17:55Z,-11.6401957,166.9839370,13.8,34230.7,10.561,134,96,214
2026-07-28T20:17:56Z,-11.6402869,166.9839692,13.8,34241.2,10.591,134,96,215
2026-07-28T20:17:57Z,-11.6403767,166.9840014,13.8,34251.9,10.641,134,96,215
2026-07-28T20:17:58Z,-11.6404599,166.9840443,13.8,34262.4,10.703,134,97,214
2026-07-28T20:17:59Z,-11.6405417,166.9841087,13.8,34273.4,10.751,134,95,214
2026-07-28T20:18:00Z,-11.6406195,166.9841623,13.8,34284.3,10.705,134,95,215
2026-07-28T20:18:01Z,-11.6406879,166.9842267,13.8,34294.6,10.663,134,95,215
2026-07-28T20:18:02Z,-11.6407482,166.9843018,13.8,34305.0,10.643,134,95,215
2026-07-28T20:18:03Z,-11.6408005,166.9843769,13.6,34315.6,10.656,134,95,214
2026-07-28T20:18:04Z,-11.6408435,166.9844735,13.6,34326.3,10.673,133,95,214
2026-07-28T20:18:05Z,-11.6408770,166.9845593,13.6,34336.9,10.708,133,96,214
2026-07-28T20:18:06Z,-11.6409038,166.9846559,13.4,34347.7,10.773,133,96,215
2026-07-28T20:18:07Z,-11.6409253,166.9847631,13.4,34358.9,10.830,134,96,214
2026-07-28T20:18:08Z,-11.6409387,166.9848490,13.2,34369.6,10.850,134,96,214
2026-07-28T20:18:09Z,-11.6409454,166.9849563,13.2,34380.6,10.862,134,97,215
2026-07-28T20:18:10Z,-11.6409454,166.9850528,13.2,34391.2,10.861,135,97,215
2026-07-28T20:18:11Z,-11.6409414,166.9851601,13.2,34402.1,10.841,135,97,214
2026-07-28T20:18:12Z,-11.6409306,166.9852459,13.0,34413.0,10.805,135,97,214
2026-07-28T20:18:13Z,-11.6409145,166.9853532,13.0,34423.7,10.759,135,97,215
2026-07-28T20:18:14Z,-11.6408890,166.9854498,13.2,34434.9,10.707,136,98,214
2026-07-28T20:18:15Z,-11.6408555,166.9855356,13.2,34445.4,10.661,136,97,215
2026-07-28T20:18:16Z,-11.6408153,166.9856322,13.2,34455.8,10.624,136,98,214
2026-07-28T20:18:17Z,-11.6407683,166.9857073,13.2,34466.3,10.595,136,98,214
2026-07-28T20:18:18Z,-11.6407120,166.9857931,13.2,34477.4,10.576,136,95,214
2026-07-28T20:18:19Z,-11.6406530,166.9858575,13.2,34487.7,10.565,136,96,214
2026-07-28T20:18:20Z,-11.6405846,166.9859326,13.2,34498.4,10.559,136,95,214
2026-07-28T20:18:21Z,-11.6405162,166.9859970,13.2,34508.9,10.558,135,94,214
2026-07-28T20:18:22Z,-11.6404465,166.9860613,13.2,34519.3,10.561,135,94,215
2026-07-28T20:18:23Z,-11.6403741,166.9861150,13.2,34529.6,10.570,135,94,215
2026-07-28T20:18:24Z,-11.6402976,166.9861901,13.2,34540.7,10.585,135,93,216
2026-07-28T20:18:25Z,-11.6402279,166.9862545,13.2,34550.9,10.613,136,94,214
2026-07-28T20:18:26Z,-11.6401541,166.9863188,13.2,34561.9,10.655,136,95,214
2026-07-28T20:18:27Z,-11.6400857,166.9863832,13.2,34572.3,10.692,136,95,214
2026-07-28T20:18:28Z,-11.6400146,166.9864583,13.2,34583.3,10.733,135,94,214
2026-07-28T20:18:29Z,-11.6399516,166.9865334,13.2,34593.6,10.726,135,94,214
2026-07-28T20:18:30Z,-11.6398993,166.9866085,13.2,34604.3,10.757,135,93,214
2026-07-28T20:18:31Z,-11.6398685,166.9866943,13.2,34615.3,10.739,135,92,214
2026-07-28T20:18:32Z,-11.6398819,166.9867909,13.2,34625.6,10.689,136,92,214
2026-07-28T20:18:33Z,-11.6399328,166.9868767,13.2,34636.7,10.635,136,92,215
2026-07-28T20:18:34Z,-11.6399972,166.9869626,13.2,34647.4,10.587,136,92,215
2026-07-28T20:18:35Z,-11.6400696,166.9870162,13.2,34658.1,10.541,137,93,215
2026-07-28T20:18:36Z,-11.6401407,166.9870806,13.2,34668.2,10.500,137,93,215
2026-07-28T20:18:37Z,-11.6402158,166.9871449,13.2,34678.6,10.461,136,93,215
2026-07-28T20:18:38Z,-11.6402909,166.9871879,13.2,34689.3,10.429,136,93,215
2026-07-28T20:18:39Z,-11.6403633,166.9872522,13.2,34699.5,10.412,136,93,215
2026-07-28T20:18:40Z,-11.6404331,166.9873273,13.2,34710.0,10.407,136,93,214
2026-07-28T20:18:41Z,-11.6404894,166.9874024,13.2,34720.6,10.435,136,92,215
2026-07-28T20:18:42Z,-11.6405202,166.9874883,13.2,34731.1,10.537,136,92,214
2026-07-28T20:18:43Z,-11.6405162,166.9875848,13.2,34741.5,10.663,135,92,214
2026-07-28T20:18:44Z,-11.6404840,166.9876707,13.2,34752.4,10.686,135,92,214
2026-07-28T20:18:45Z,-11.6404438,166.9877672,13.2,34762.9,10.634,135,92,214
2026-07-28T20:18:46Z,-11.6404103,166.9878531,13.2,34773.6,10.586,135,93,214
2026-07-28T20:18:47Z,-11.6403969,166.9879496,13.2,34784.3,10.539,134,93,215
2026-07-28T20:18:48Z,-11.6404022,166.9880462,13.2,34794.5,10.498,134,93,215
2026-07-28T20:18:49Z,-11.6404237,166.9881320,13.2,34805.2,10.457,134,94,214
2026-07-28T20:18:50Z,-11.6404532,166.9882286,13.2,34815.4,10.420,134,94,214
2026-07-28T20:18:51Z,-11.6404894,166.9883144,13.2,34825.9,10.385,134,93,215
2026-07-28T20:18:52Z,-11.6405270,166.9884109,13.2,34836.4,10.353,134,92,214
2026-07-28T20:18:53Z,-11.6405658,166.9884861,13.2,34846.8,10.321,134,92,214
2026-07-28T20:18:54Z,-11.6406047,166.9885719,13.2,34856.8,10.295,134,92,214
2026-07-28T20:18:55Z,-11.6406450,166.9886470,13.2,34867.1,10.277,134,92,214
2026-07-28T20:18:56Z,-11.6406865,166.9887435,13.2,34877.5,10.270,134,92,215
2026-07-28T20:18:57Z,-11.6407295,166.9888294,13.2,34887.9,10.274,134,92,215
2026-07-28T20:18:58Z,-11.6407737,166.9889152,13.2,34898.1,10.289,133,94,215
2026-07-28T20:18:59Z,-11.6408193,166.9889903,13.2,34908.6,10.324,133,95,215
2026-07-28T20:19:00Z,-11.6408649,166.9890761,13.2,34918.7,10.388,133,95,214
2026-07-28T20:19:01Z,-11.6409092,166.9891512,13.2,34929.3,10.488,133,95,215
2026-07-28T20:19:02Z,-11.6409534,166.9892478,13.2,34939.6,10.645,133,95,215
2026-07-28T20:19:03Z,-11.6410004,166.9893229,13.2,34950.3,10.682,133,96,215
2026-07-28T20:19:04Z,-11.6410473,166.9894195,13.2,34961.2,10.630,133,97,215
2026-07-28T20:19:05Z,-11.6410916,166.9895053,13.2,34971.9,10.582,134,97,214
2026-07-28T20:19:06Z,-11.6411345,166.9896019,13.2,34982.4,10.536,132,97,214
2026-07-28T20:19:07Z,-11.6411760,166.9896770,13.2,34992.8,10.498,132,96,215
2026-07-28T20:19:08Z,-11.6412190,166.9897628,13.2,35003.4,10.484,133,97,215
2026-07-28T20:19:09Z,-11.6412605,166.9898379,13.2,35013.6,10.491,134,96,214
2026-07-28T20:19:10Z,-11.6413048,166.9899344,13.2,35024.1,10.511,134,96,214
2026-07-28T20:19:11Z,-11.6413477,166.9900203,13.2,35034.8,10.506,135,95,214
2026-07-28T20:19:12Z,-11.6413906,166.9901061,13.2,35045.3,10.465,135,94,215
2026-07-28T20:19:13Z,-11.6414362,166.9901919,13.2,35055.6,10.428,135,94,215
2026-07-28T20:19:14Z,-11.6414832,166.9902670,13.2,35066.2,10.392,135,94,215
2026-07-28T20:19:15Z,-11.6415261,166.9903636,13.2,35076.6,10.359,136,93,214
2026-07-28T20:19:16Z,-11.6415703,166.9904387,13.2,35087.0,10.335,136,93,214
2026-07-28T20:19:17Z,-11.6416146,166.9905245,13.2,35097.2,10.321,136,94,215
2026-07-28T20:19:18Z,-11.6416588,166.9905996,13.2,35107.7,10.318,137,94,214
2026-07-28T20:19:19Z,-11.6417004,166.9906855,13.2,35117.7,10.324,137,93,215
2026-07-28T20:19:20Z,-11.6417433,166.9907713,13.2,35128.0,10.347,138,93,215
2026-07-28T20:19:21Z,-11.6417849,166.9908679,13.2,35138.8,10.390,137,94,214
2026-07-28T20:19:22Z,-11.6418238,166.9909430,13.2,35149.1,10.457,137,94,214
2026-07-28T20:19:23Z,-11.6418627,166.9910288,13.2,35159.2,10.544,137,94,214
2026-07-28T20:19:24Z,-11.6419056,166.9911253,13.2,35170.0,10.714,137,93,214
2026-07-28T20:19:25Z,-11.6419499,166.9912004,13.2,35180.5,10.679,137,93,214
2026-07-28T20:19:26Z,-11.6419928,166.9912863,13.2,35191.3,10.637,137,92,214
2026-07-28T20:19:27Z,-11.6420303,166.9913828,13.2,35201.8,10.613,137,92,214
2026-07-28T20:19:28Z,-11.6420679,166.9914794,13.2,35212.4,10.607,137,92,215
2026-07-28T20:19:29Z,-11.6421095,166.9915652,13.2,35223.2,10.618,137,93,215
2026-07-28T20:19:30Z,-11.6421470,166.9916403,13.2,35233.7,10.631,137,93,215
2026-07-28T20:19:31Z,-11.6421805,166.9917369,13.2,35244.5,10.618,137,93,214
2026-07-28T20:19:32Z,-11.6422127,166.9918442,13.2,35255.3,10.569,136,94,215
2026-07-28T20:19:33Z,-11.6422395,166.9919193,13.2,35265.5,10.527,136,94,215
2026-07-28T20:19:34Z,-11.6422610,166.9920266,13.2,35276.0,10.485,135,94,215
2026-07-28T20:19:35Z,-11.6422758,166.9921124,13.2,35286.6,10.446,135,94,215
2026-07-28T20:19:36Z,-11.6422878,166.9922090,13.2,35296.9,10.411,135,94,215
2026-07-28T20:19:37Z,-11.6422999,166.9922948,13.2,35307.6,10.376,135,96,214
2026-07-28T20:19:38Z,-11.6423093,166.9923913,13.2,35317.8,10.344,135,96,215
2026-07-28T20:19:39Z,-11.6423146,166.9924986,13.2,35328.3,10.314,135,96,214
2026-07-28T20:19:40Z,-11.6423187,166.9925845,13.2,35338.3,10.286,135,96,214
2026-07-28T20:19:41Z,-11.6423146,166.9926810,13.2,35348.8,10.259,135,96,215
2026-07-28T20:19:42Z,-11.6423079,166.9927669,13.2,35359.2,10.242,135,96,215
2026-07-28T20:19:43Z,-11.6422932,166.9928634,13.2,35369.0,10.241,135,96,215
2026-07-28T20:19:44Z,-11.6422690,166.9929492,13.2,35379.1,10.264,136,96,214
2026-07-28T20:19:45Z,-11.6422328,166.9930458,13.2,35389.9,10.340,135,96,215
2026-07-28T20:19:46Z,-11.6421899,166.9931209,13.2,35400.0,10.391,135,96,215
2026-07-28T20:19:47Z,-11.6421336,166.9931960,13.2,35410.2,10.440,135,96,214
2026-07-28T20:19:48Z,-11.6420652,166.9932604,13.2,35420.8,10.438,135,96,214
2026-07-28T20:19:49Z,-11.6419901,166.9933248,13.2,35431.3,10.401,135,97,215
2026-07-28T20:19:50Z,-11.6419056,166.9933784,13.2,35442.1,10.366,135,97,214
2026-07-28T20:19:51Z,-11.6418251,166.9934106,13.2,35452.2,10.335,134,95,215
2026-07-28T20:19:52Z,-11.6417406,166.9934535,13.2,35462.5,10.306,134,96,215
2026-07-28T20:19:53Z,-11.6416562,166.9934857,13.2,35472.6,10.279,134,96,215
2026-07-28T20:19:54Z,-11.6415717,166.9935393,13.2,35482.8,10.252,134,96,214
2026-07-28T20:19:55Z,-11.6414832,166.9935608,13.2,35493.1,10.227,134,96,214
2026-07-28T20:19:56Z,-11.6413973,166.9935930,13.2,35503.1,10.204,134,96,214
2026-07-28T20:19:57Z,-11.6413048,166.9936252,13.2,35514.0,10.181,134,94,214
2026-07-28T20:19:58Z,-11.6412190,166.9936574,13.2,35524.1,10.161,134,94,214
2026-07-28T20:19:59Z,-11.6411331,166.9936895,13.2,35534.3,10.142,134,94,215
2026-07-28T20:20:00Z,-11.6410500,166.9937217,13.2,35544.1,10.127,135,94,214
2026-07-28T20:20:01Z,-11.6409668,166.9937432,13.2,35554.1,10.119,135,94,214
2026-07-28T20:20:02Z,-11.6408810,166.9937968,13.2,35564.6,10.119,135,94,214
2026-07-28T20:20:03Z,-11.6408019,166.9938397,13.2,35574.7,10.135,134,94,214
2026-07-28T20:20:04Z,-11.6407268,166.9939041,13.2,35584.8,10.171,134,94,215
2026-07-28T20:20:05Z,-11.6406557,166.9939578,13.2,35595.2,10.223,134,94,214
2026-07-28T20:20:06Z,-11.6405927,166.9940221,13.2,35605.2,10.257,133,94,214
2026-07-28T20:20:07Z,-11.6405283,166.9940972,13.2,35615.6,10.286,133,94,214
2026-07-28T20:20:08Z,-11.6404666,166.9941616,13.2,35626.2,10.339,133,94,214
2026-07-28T20:20:09Z,-11.6404130,166.9942367,13.2,35636.3,10.479,132,95,214
2026-07-28T20:20:10Z,-11.6403580,166.9943225,13.2,35647.2,10.588,133,94,214
2026-07-28T20:20:11Z,-11.6403110,166.9944084,13.2,35658.0,10.592,133,94,215
2026-07-28T20:20:12Z,-11.6402681,166.9944942,13.2,35668.8,10.563,133,94,214
2026-07-28T20:20:13Z,-11.6402373,166.9945693,13.2,35678.3,10.524,133,94,214
2026-07-28T20:20:14Z,-11.6402051,166.9946766,13.2,35689.3,10.483,134,93,215
2026-07-28T20:20:15Z,-11.6401823,166.9947731,13.2,35699.7,10.447,132,93,215
2026-07-28T20:20:16Z,-11.6401662,166.9948590,13.2,35710.2,10.412,132,94,215
2026-07-28T20:20:17Z,-11.6401581,166.9949555,13.2,35719.9,10.383,132,94,215
2026-07-28T20:20:18Z,-11.6401608,166.9950414,13.2,35730.8,10.352,134,95,215
2026-07-28T20:20:19Z,-11.6401756,166.9951487,13.0,35741.4,10.355,133,95,214
2026-07-28T20:20:20Z,-11.6401984,166.9952238,13.0,35751.1,10.348,133,95,214
2026-07-28T20:20:21Z,-11.6402319,166.9953203,13.0,35761.5,10.321,134,95,215
2026-07-28T20:20:22Z,-11.6402708,166.9954062,13.0,35772.3,10.293,134,97,214
2026-07-28T20:20:23Z,-11.6403110,166.9954920,13.0,35782.0,10.270,134,97,214
2026-07-28T20:20:24Z,-11.6403553,166.9955778,13.0,35792.5,10.248,134,98,214
2026-07-28T20:20:25Z,-11.6403969,166.9956529,13.0,35802.7,10.233,134,97,214
2026-07-28T20:20:26Z,-11.6404411,166.9957495,13.0,35813.0,10.222,134,97,214
2026-07-28T20:20:27Z,-11.6404867,166.9958246,13.0,35823.2,10.216,134,97,214
2026-07-28T20:20:28Z,-11.6405323,166.9958997,13.0,35833.6,10.213,134,96,215
2026-07-28T20:20:29Z,-11.6405779,166.9959962,13.0,35843.9,10.218,135,95,214
2026-07-28T20:20:30Z,-11.6406208,166.9960713,13.0,35854.0,10.229,135,94,214
2026-07-28T20:20:31Z,-11.6406664,166.9961464,13.0,35864.1,10.255,134,94,214
2026-07-28T20:20:32Z,-11.6407174,166.9962323,13.0,35874.6,10.319,135,94,214
2026-07-28T20:20:33Z,-11.6407670,166.9963074,13.0,35885.1,10.437,135,94,215
2026-07-28T20:20:34Z,-11.6408153,166.9963825,13.0,35895.4,10.624,135,94,214
2026-07-28T20:20:35Z,-11.6408689,166.9964790,13.0,35906.1,10.778,135,94,215
2026-07-28T20:20:36Z,-11.6409212,166.9965541,13.0,35916.5,10.812,135,94,215
2026-07-28T20:20:37Z,-11.6409749,166.9966292,13.0,35927.4,10.829,134,94,214
2026-07-28T20:20:38Z,-11.6410299,166.9967258,13.0,35938.6,10.842,134,94,215
2026-07-28T20:20:39Z,-11.6410808,166.9968116,13.0,35949.7,10.866,134,94,214
2026-07-28T20:20:40Z,-11.6411291,166.9968867,13.0,35960.2,10.893,135,94,214
2026-07-28T20:20:41Z,-11.6411828,166.9969726,13.0,35971.0,10.864,134,93,214
2026-07-28T20:20:42Z,-11.6412283,166.9970584,13.0,35981.7,10.852,134,93,214
2026-07-28T20:20:43Z,-11.6412780,166.9971550,13.0,35992.8,10.856,134,93,215
2026-07-28T20:20:44Z,-11.6413249,166.9972408,13.0,36003.8,10.827,133,93,215
2026-07-28T20:20:45Z,-11.6413692,166.9973159,13.0,36014.3,10.766,133,93,215
2026-07-28T20:20:46Z,-11.6414161,166.9974124,13.0,36025.1,10.707,134,93,215
2026-07-28T20:20:47Z,-11.6414604,166.9974983,13.0,36035.7,10.650,133,93,214
2026-07-28T20:20:48Z,-11.6415060,166.9975734,13.0,36046.5,10.596,134,92,214
2026-07-28T20:20:49Z,-11.6415475,166.9976699,13.0,36057.2,10.545,134,92,214
2026-07-28T20:20:50Z,-11.6415864,166.9977558,13.0,36067.4,10.500,135,92,214
2026-07-28T20:20:51Z,-11.6416253,166.9978416,13.0,36077.9,10.457,133,92,214
2026-07-28T20:20:52Z,-11.6416629,166.9979274,13.0,36088.3,10.419,134,92,214
2026-07-28T20:20:53Z,-11.6416910,166.9980240,13.0,36098.9,10.384,134,92,215
2026-07-28T20:20:54Z,-11.6417125,166.9981098,13.0,36109.3,10.355,134,93,215
2026-07-28T20:20:55Z,-11.6417299,166.9982064,13.0,36119.6,10.329,134,93,214
2026-07-28T20:20:56Z,-11.6417487,166.9982922,13.0,36129.9,10.304,134,93,215
2026-07-28T20:20:57Z,-11.6417782,166.9983888,13.0,36140.2,10.281,134,93,214
2026-07-28T20:20:58Z,-11.6418265,166.9984746,13.0,36150.5,10.255,135,94,214
2026-07-28T20:20:59Z,-11.6418922,166.9985390,13.0,36160.7,10.228,135,94,214
2026-07-28T20:21:00Z,-11.6419700,166.9985819,13.0,36170.9,10.200,134,94,214
2026-07-28T20:21:01Z,-11.6420504,166.9986355,13.0,36181.1,10.173,134,94,215
2026-07-28T20:21:02Z,-11.6421349,166.9986570,13.2,36191.1,10.148,134,94,215
2026-07-28T20:21:03Z,-11.6422234,166.9986892,13.2,36201.6,10.122,134,94,215
2026-07-28T20:21:04Z,-11.6423120,166.9987214,13.2,36211.7,10.099,135,94,215
2026-07-28T20:21:05Z,-11.6423951,166.9987535,13.2,36221.4,10.078,134,94,215
2026-07-28T20:21:06Z,-11.6424890,166.9987643,13.2,36231.8,10.056,134,95,214
2026-07-28T20:21:07Z,-11.6425788,166.9987857,13.2,36241.9,10.035,135,94,214
2026-07-28T20:21:08Z,-11.6426674,166.9987857,13.2,36251.8,10.016,135,93,215
2026-07-28T20:21:09Z,-11.6427585,166.9987643,13.2,36261.9,9.997,135,93,215
2026-07-28T20:21:10Z,-11.6428430,166.9987535,13.2,36271.8,9.980,135,94,215
2026-07-28T20:21:11Z,-11.6429235,166.9987106,13.2,36281.7,9.963,135,95,214
2026-07-28T20:21:12Z,-11.6430013,166.9986570,13.2,36291.5,9.947,135,95,214
2026-07-28T20:21:13Z,-11.6430777,166.9986141,13.2,36301.6,9.939,135,94,214
2026-07-28T20:21:14Z,-11.6431528,166.9985712,13.2,36311.3,9.943,134,94,214
2026-07-28T20:21:15Z,-11.6432373,166.9985282,13.2,36321.6,9.962,136,92,215
2026-07-28T20:21:16Z,-11.6433245,166.9985068,13.2,36331.5,10.015,136,92,214
2026-07-28T20:21:17Z,-11.6434143,166.9985068,13.2,36341.4,10.117,136,92,214
2026-07-28T20:21:18Z,-11.6435082,166.9985068,13.2,36351.8,10.276,136,92,215
2026-07-28T20:21:19Z,-11.6435981,166.9985390,13.2,36362.1,10.282,136,91,214
2026-07-28T20:21:20Z,-11.6436853,166.9985712,13.2,36372.4,10.257,136,91,214
2026-07-28T20:21:21Z,-11.6437630,166.9986141,13.2,36382.4,10.234,136,91,214
2026-07-28T20:21:22Z,-11.6438341,166.9986784,13.2,36392.5,10.211,136,90,214
2026-07-28T20:21:23Z,-11.6438998,166.9987428,13.2,36402.7,10.190,136,90,214
2026-07-28T20:21:24Z,-11.6439548,166.9988179,13.2,36413.3,10.170,136,90,214
2026-07-28T20:21:25Z,-11.6439991,166.9989038,13.2,36423.4,10.151,136,90,214
2026-07-28T20:21:26Z,-11.6440420,166.9989789,13.2,36433.5,10.133,136,90,214
2026-07-28T20:21:27Z,-11.6440809,166.9990540,13.2,36443.6,10.117,135,90,215
2026-07-28T20:21:28Z,-11.6441198,166.9991505,13.2,36453.8,10.102,136,90,215
2026-07-28T20:21:29Z,-11.6441587,166.9992256,13.2,36463.6,10.089,135,90,215
2026-07-28T20:21:30Z,-11.6442016,166.9993222,13.2,36473.7,10.076,135,90,215
2026-07-28T20:21:31Z,-11.6442512,166.9993973,13.2,36484.0,10.063,135,92,215
2026-07-28T20:21:32Z,-11.6443075,166.9994509,13.2,36494.0,10.050,134,92,215
2026-07-28T20:21:33Z,-11.6443759,166.9995153,13.2,36503.9,10.036,135,92,215
2026-07-28T20:21:34Z,-11.6444591,166.9995582,13.2,36514.0,10.020,135,93,214
2026-07-28T20:21:35Z,-11.6445476,166.9995797,13.2,36524.0,10.003,135,92,215
2026-07-28T20:21:36Z,-11.6446388,166.9995797,13.2,36534.1,9.987,134,92,215
2026-07-28T20:21:37Z,-11.6447273,166.9995797,13.2,36543.9,9.973,134,92,215
2026-07-28T20:21:38Z,-11.6448171,166.9995582,13.2,36553.9,9.967,134,92,215
2026-07-28T20:21:39Z,-11.6449057,166.9995475,13.2,36563.8,9.970,134,92,214
2026-07-28T20:21:40Z,-11.6449955,166.9995475,13.2,36573.7,9.986,135,92,214
2026-07-28T20:21:41Z,-11.6450880,166.9995582,13.2,36583.9,10.033,135,91,214
2026-07-28T20:21:42Z,-11.6451766,166.9995797,13.2,36594.1,10.150,135,90,215
2026-07-28T20:21:43Z,-11.6452664,166.9996119,13.2,36604.3,10.330,134,90,214
2026-07-28T20:21:44Z,-11.6453522,166.9996333,13.2,36614.7,10.378,134,91,215
2026-07-28T20:21:45Z,-11.6454381,166.9996655,13.2,36625.1,10.412,134,91,215
2026-07-28T20:21:46Z,-11.6455212,166.9997191,13.2,36635.3,10.430,134,91,215
2026-07-28T20:21:47Z,-11.6456017,166.9997728,13.2,36646.0,10.402,134,91,214
2026-07-28T20:21:48Z,-11.6456728,166.9998372,13.2,36656.3,10.366,135,92,215
2026-07-28T20:21:49Z,-11.6457358,166.9999015,13.2,36666.7,10.321,134,92,215
2026-07-28T20:21:50Z,-11.6457881,166.9999874,13.2,36677.1,10.263,134,92,214
2026-07-28T20:21:51Z,-11.6458297,167.0000625,13.4,36687.2,10.203,135,93,215
2026-07-28T20:21:52Z,-11.6458659,167.0001376,13.4,36697.2,10.151,134,93,215
2026-07-28T20:21:53Z,-11.6458994,167.0002341,13.4,36707.2,10.108,135,93,215
2026-07-28T20:21:54Z,-11.6459276,167.0003200,13.4,36717.3,10.079,134,93,214
2026-07-28T20:21:55Z,-11.6459490,167.0004165,13.4,36727.6,10.097,134,94,215
2026-07-28T20:21:56Z,-11.6459638,167.0005023,13.6,36737.4,10.107,134,95,215
2026-07-28T20:21:57Z,-11.6459732,167.0005989,13.6,36747.4,10.116,134,95,214
2026-07-28T20:21:58Z,-11.6459732,167.0006955,13.6,36757.9,10.108,134,95,214
2026-07-28T20:21:59Z,-11.6459651,167.0007813,13.8,36767.8,10.089,134,95,214
2026-07-28T20:22:00Z,-11.6459490,167.0008779,13.8,36778.2,10.024,135,95,214
2026-07-28T20:22:01Z,-11.6459262,167.0009530,14.0,36787.7,9.928,135,95,214
2026-07-28T20:22:02Z,-11.6458900,167.0010388,14.2,36797.6,9.806,135,96,215
2026-07-28T20:22:03Z,-11.6458458,167.0011139,14.2,36807.5,9.689,135,96,214
2026-07-28T20:22:04Z,-11.6457961,167.0011890,14.4,36817.1,9.556,135,96,215
2026-07-28T20:22:05Z,-11.6457438,167.0012534,14.6,36826.5,9.427,135,96,215
2026-07-28T20:22:06Z,-11.6456902,167.0013177,14.6,36835.7,9.349,136,96,215
2026-07-28T20:22:07Z,-11.6456325,167.0013928,14.8,36845.1,9.312,136,96,214
2026-07-28T20:22:08Z,-11.6455735,167.0014572,15.0,36854.5,9.224,136,96,214
2026-07-28T20:22:09Z,-11.6455159,167.0015109,15.0,36863.9,9.122,136,95,214
2026-07-28T20:22:10Z,-11.6454622,167.0015752,15.2,36872.7,9.032,136,95,214
2026-07-28T20:22:11Z,-11.6454059,167.0016396,15.4,36882.1,8.938,135,95,214
2026-07-28T20:22:12Z,-11.6453549,167.0016932,15.4,36890.8,8.854,136,94,214
2026-07-28T20:22:13Z,-11.6453026,167.0017576,15.6,36899.7,8.768,135,94,215
2026-07-28T20:22:14Z,-11.6452543,167.0018220,15.8,36908.3,8.687,136,94,215
2026-07-28T20:22:15Z,-11.6452087,167.0018756,16.0,36916.9,8.606,135,94,215
2026-07-28T20:22:16Z,-11.6451672,167.0019615,16.0,36925.7,8.522,136,94,214
2026-07-28T20:22:17Z,-11.6451363,167.0020151,16.2,36933.8,8.440,136,94,214
2026-07-28T20:22:18Z,-11.6451202,167.0020902,16.4,36942.1,8.383,135,95,215
2026-07-28T20:22:19Z,-11.6451283,167.0021760,16.6,36950.4,8.362,135,95,214
2026-07-28T20:22:20Z,-11.6451551,167.0022511,16.6,36959.1,8.352,135,95,214
2026-07-28T20:22:21Z,-11.6451913,167.0023048,16.8,36967.3,8.329,135,95,215
2026-07-28T20:22:22Z,-11.6452342,167.0023692,17.0,36975.6,8.310,135,95,214
2026-07-28T20:22:23Z,-11.6452825,167.0024335,17.0,36983.9,8.288,135,95,214
2026-07-28T20:22:24Z,-11.6453335,167.0024872,17.2,36992.1,8.282,134,95,214
2026-07-28T20:22:25Z,-11.6453911,167.0025408,17.2,37000.8,8.304,135,96,214
2026-07-28T20:22:26Z,-11.6454501,167.0025837,17.2,37008.9,8.344,135,96,215
2026-07-28T20:22:27Z,-11.6455132,167.0026267,17.4,37017.5,8.382,136,97,214
2026-07-28T20:22:28Z,-11.6455802,167.0026588,17.4,37025.9,8.405,136,97,215
2026-07-28T20:22:29Z,-11.6456473,167.0026910,17.4,37034.0,8.439,135,97,215
2026-07-28T20:22:30Z,-11.6457210,167.0027232,17.6,37042.6,8.485,135,96,214
2026-07-28T20:22:31Z,-11.6457961,167.0027339,17.6,37051.1,8.545,136,95,214
2026-07-28T20:22:32Z,-11.6458753,167.0027339,17.6,37059.8,8.624,136,94,214
2026-07-28T20:22:33Z,-11.6459531,167.0027339,17.6,37068.5,8.721,136,94,215
2026-07-28T20:22:34Z,-11.6460268,167.0027232,17.4,37076.9,8.835,136,94,215
2026-07-28T20:22:35Z,-11.6461019,167.0026910,17.4,37085.8,8.976,136,94,215
2026-07-28T20:22:36Z,-11.6461703,167.0026481,17.4,37094.9,9.135,137,94,215
2026-07-28T20:22:37Z,-11.6462374,167.0025837,17.2,37104.6,9.309,137,94,214
2026-07-28T20:22:38Z,-11.6462937,167.0025408,17.0,37113.4,9.460,137,94,214
2026-07-28T20:22:39Z,-11.6463514,167.0024657,17.0,37122.9,9.615,137,94,214
2026-07-28T20:22:40Z,-11.6464077,167.0024014,16.8,37132.7,9.765,137,95,214
2026-07-28T20:22:41Z,-11.6464640,167.0023263,16.6,37142.8,9.912,137,95,215
2026-07-28T20:22:42Z,-11.6465190,167.0022511,16.6,37153.0,10.051,137,96,214
2026-07-28T20:22:43Z,-11.6465700,167.0021868,16.4,37162.8,10.174,137,96,214
2026-07-28T20:22:44Z,-11.6466236,167.0020902,16.2,37173.1,10.298,137,96,215
2026-07-28T20:22:45Z,-11.6466773,167.0020151,16.0,37183.5,10.413,137,97,214
2026-07-28T20:22:46Z,-11.6467296,167.0019400,16.0,37193.9,10.520,137,98,215
2026-07-28T20:22:47Z,-11.6467832,167.0018649,15.8,37204.8,10.625,137,99,214
2026-07-28T20:22:48Z,-11.6468355,167.0017791,15.6,37215.4,10.721,137,99,214
2026-07-28T20:22:49Z,-11.6468865,167.0016932,15.4,37225.8,10.807,137,99,214
2026-07-28T20:22:50Z,-11.6469401,167.0016181,15.2,37236.7,10.892,137,97,214
2026-07-28T20:22:51Z,-11.6469938,167.0015323,15.0,37247.7,10.973,137,97,214
2026-07-28T20:22:52Z,-11.6470487,167.0014358,15.0,37258.8,11.048,137,97,214
2026-07-28T20:22:53Z,-11.6471010,167.0013607,14.8,37269.8,11.115,137,97,214
2026-07-28T20:22:54Z,-11.6471574,167.0012748,14.6,37281.1,11.182,137,96,214
2026-07-28T20:22:55Z,-11.6472124,167.0011890,14.4,37291.9,11.240,137,96,214
2026-07-28T20:22:56Z,-11.6472700,167.0011032,14.2,37303.3,11.295,137,96,214
2026-07-28T20:22:57Z,-11.6473304,167.0010281,14.0,37314.8,11.350,137,95,215
2026-07-28T20:22:58Z,-11.6473921,167.0009315,14.0,37326.2,11.396,136,95,215
2026-07-28T20:22:59Z,-11.6474564,167.0008564,13.8,37337.6,11.437,136,96,214
2026-07-28T20:23:00Z,-11.6475235,167.0007813,13.6,37349.0,11.479,137,96,214
2026-07-28T20:23:01Z,-11.6475999,167.0007062,13.4,37360.3,11.521,136,95,214
2026-07-28T20:23:02Z,-11.6476871,167.0006418,13.4,37372.1,11.564,136,94,214
2026-07-28T20:23:03Z,-11.6477837,167.0005989,13.2,37383.7,11.614,136,93,215
2026-07-28T20:23:04Z,-11.6478896,167.0005989,13.2,37395.5,11.692,136,93,214
2026-07-28T20:23:05Z,-11.6479902,167.0006096,13.2,37406.9,11.774,136,93,214
2026-07-28T20:23:06Z,-11.6480841,167.0006740,13.2,37418.9,11.641,136,94,215
2026-07-28T20:23:07Z,-11.6481645,167.0007384,13.2,37430.3,11.473,136,94,215
2026-07-28T20:23:08Z,-11.6482410,167.0008028,13.4,37441.7,11.309,136,94,214
2026-07-28T20:23:09Z,-11.6483134,167.0008779,13.4,37452.8,11.177,136,94,215
2026-07-28T20:23:10Z,-11.6483764,167.0009530,13.4,37464.2,11.059,136,95,214
2026-07-28T20:23:11Z,-11.6484194,167.0010388,13.4,37475.2,10.939,136,95,214
2026-07-28T20:23:12Z,-11.6484489,167.0011353,13.6,37485.8,10.824,136,95,214
2026-07-28T20:23:13Z,-11.6484730,167.0012426,13.6,37496.9,10.706,0,94,214
2026-07-28T20:23:14Z,-11.6484945,167.0013285,13.6,37507.4,10.598,0,94,214
2026-07-28T20:23:15Z,-11.6485173,167.0014250,13.8,37517.8,10.506,0,94,214
2026-07-28T20:23:16Z,-11.6485481,167.0015109,13.8,37528.6,10.445,0,94,214
2026-07-28T20:23:17Z,-11.6485843,167.0016074,13.8,37538.7,10.399,0,94,214
2026-07-28T20:23:18Z,-11.6486232,167.0016932,13.8,37549.3,10.310,0,94,214
2026-07-28T20:23:19Z,-11.6486594,167.0017791,14.0,37559.3,10.227,0,94,214
2026-07-28T20:23:20Z,-11.6486983,167.0018649,14.0,37569.6,10.148,0,93,215
2026-07-28T20:23:21Z,-11.6487479,167.0019400,14.0,37579.5,10.081,0,93,215
2026-07-28T20:23:22Z,-11.6488177,167.0020044,14.2,37589.8,10.033,0,93,215
2026-07-28T20:23:23Z,-11.6489075,167.0020151,14.0,37600.2,10.032,0,95,214
2026-07-28T20:23:24Z,-11.6490000,167.0020151,14.0,37610.4,10.068,0,95,215
2026-07-28T20:23:25Z,-11.6490859,167.0019829,14.0,37620.3,10.112,0,95,215
2026-07-28T20:23:26Z,-11.6491784,167.0019615,14.0,37631.2,10.160,136,95,215
2026-07-28T20:23:27Z,-11.6492575,167.0019293,13.8,37640.6,10.200,135,95,214
2026-07-28T20:23:28Z,-11.6493353,167.0018756,13.8,37650.3,10.233,136,95,214
2026-07-28T20:23:29Z,-11.6494144,167.0018327,13.8,37660.6,10.257,136,94,214
2026-07-28T20:23:30Z,-11.6494882,167.0017791,13.8,37670.5,10.264,136,93,214
2026-07-28T20:23:31Z,-11.6495606,167.0017147,13.6,37681.1,10.252,136,93,214
2026-07-28T20:23:32Z,-11.6496237,167.0016396,13.6,37691.8,10.226,136,93,215
2026-07-28T20:23:33Z,-11.6496733,167.0015645,13.8,37702.7,10.193,136,93,214
2026-07-28T20:23:34Z,-11.6497122,167.0014679,13.8,37713.9,10.160,136,94,214
2026-07-28T20:23:35Z,-11.6497323,167.0013928,13.8,37722.2,10.140,136,94,214
2026-07-28T20:23:36Z,-11.6497430,167.0012963,13.8,37731.8,10.123,136,94,214
2026-07-28T20:23:37Z,-11.6497403,167.0012105,13.8,37742.2,10.106,136,94,215
2026-07-28T20:23:38Z,-11.6497296,167.0011139,13.8,37752.6,10.089,136,94,215
2026-07-28T20:23:39Z,-11.6497175,167.0010281,13.8,37762.1,10.075,137,94,215
2026-07-28T20:23:40Z,-11.6497028,167.0009315,13.8,37772.4,10.062,137,94,215
2026-07-28T20:23:41Z,-11.6496907,167.0008457,13.8,37782.3,10.049,136,94,214
2026-07-28T20:23:42Z,-11.6496827,167.0007491,13.8,37792.9,10.037,136,94,214
2026-07-28T20:23:43Z,-11.6496827,167.0006633,13.8,37802.7,10.026,136,94,214
2026-07-28T20:23:44Z,-11.6496947,167.0005667,13.8,37812.4,10.018,136,94,214
2026-07-28T20:23:45Z,-11.6497256,167.0004809,13.8,37822.9,10.010,136,94,214
2026-07-28T20:23:46Z,-11.6497739,167.0004058,13.8,37832.4,10.012,136,94,214
2026-07-28T20:23:47Z,-11.6498382,167.0003414,13.8,37842.6,10.027,136,93,213
2026-07-28T20:23:48Z,-11.6499147,167.0002770,13.8,37852.9,10.064,136,91,214
2026-07-28T20:23:49Z,-11.6499925,167.0002449,13.6,37862.8,10.104,136,91,214
2026-07-28T20:23:50Z,-11.6500756,167.0002019,13.6,37873.2,10.154,136,89,215
2026-07-28T20:23:51Z,-11.6501561,167.0001590,13.6,37883.0,10.199,136,89,215
2026-07-28T20:23:52Z,-11.6502379,167.0001161,13.6,37893.0,10.197,136,89,215
2026-07-28T20:23:53Z,-11.6503237,167.0000839,13.6,37903.8,10.183,136,89,214
2026-07-28T20:23:54Z,-11.6504015,167.0000196,13.6,37913.8,10.170,137,88,214
2026-07-28T20:23:55Z,-11.6504619,166.9999552,13.6,37923.6,10.158,137,88,214
2026-07-28T20:23:56Z,-11.6505088,166.9998801,13.6,37934.0,10.137,136,88,214
2026-07-28T20:23:57Z,-11.6505383,166.9997942,13.6,37944.2,10.111,136,88,215
2026-07-28T20:23:58Z,-11.6505490,166.9996977,13.6,37954.4,10.083,136,86,215
2026-07-28T20:23:59Z,-11.6505410,166.9996119,13.6,37964.5,10.062,136,90,214
2026-07-28T20:24:00Z,-11.6505155,166.9995153,13.6,37974.5,10.059,136,90,214
2026-07-28T20:24:01Z,-11.6504739,166.9994402,13.6,37984.4,10.076,137,90,214
2026-07-28T20:24:02Z,-11.6504109,166.9993651,13.6,37994.8,10.125,136,90,215
2026-07-28T20:24:03Z,-11.6503318,166.9993222,13.6,38004.9,10.202,136,90,215
2026-07-28T20:24:04Z,-11.6502473,166.9992900,13.6,38014.9,10.305,137,90,214
2026-07-28T20:24:05Z,-11.6501588,166.9992578,13.4,38025.2,10.460,137,90,214
2026-07-28T20:24:06Z,-11.6500689,166.9992256,13.4,38035.8,10.678,137,90,214
2026-07-28T20:24:07Z,-11.6499764,166.9991934,13.4,38046.7,10.732,137,90,214
2026-07-28T20:24:08Z,-11.6498892,166.9991505,13.2,38057.5,10.779,137,90,214
2026-07-28T20:24:09Z,-11.6498061,166.9991076,13.2,38068.4,10.814,137,91,215
2026-07-28T20:24:10Z,-11.6497323,166.9990325,13.2,38079.2,10.836,138,91,214
2026-07-28T20:24:11Z,-11.6496733,166.9989467,13.2,38090.1,10.849,138,92,215
2026-07-28T20:24:12Z,-11.6496277,166.9988608,13.2,38100.6,10.862,138,92,215
2026-07-28T20:24:13Z,-11.6495968,166.9987643,13.2,38111.7,10.878,138,92,215
2026-07-28T20:24:14Z,-11.6495754,166.9986784,13.2,38122.4,10.863,138,92,215
2026-07-28T20:24:15Z,-11.6495620,166.9985712,13.2,38133.3,10.825,137,93,215
2026-07-28T20:24:16Z,-11.6495539,166.9984746,13.0,38144.0,10.784,138,93,215
2026-07-28T20:24:17Z,-11.6495486,166.9983888,13.0,38154.9,10.737,137,93,214
2026-07-28T20:24:18Z,-11.6495472,166.9982815,13.0,38165.6,10.689,137,93,215
2026-07-28T20:24:19Z,-11.6495486,166.9981849,13.0,38176.1,10.638,137,93,214
2026-07-28T20:24:20Z,-11.6495512,166.9980776,13.0,38187.0,10.588,136,93,215
2026-07-28T20:24:21Z,-11.6495553,166.9979918,13.0,38197.5,10.541,136,93,214
2026-07-28T20:24:22Z,-11.6495593,166.9978952,13.0,38207.9,10.497,136,93,214
2026-07-28T20:24:23Z,-11.6495633,166.9978094,13.2,38218.3,10.455,136,94,215
2026-07-28T20:24:24Z,-11.6495673,166.9977021,13.2,38229.0,10.414,135,94,214
2026-07-28T20:24:25Z,-11.6495727,166.9976056,13.2,38239.2,10.377,135,94,214
2026-07-28T20:24:26Z,-11.6495781,166.9975197,13.2,38249.8,10.340,134,93,215
2026-07-28T20:24:27Z,-11.6495821,166.9974232,13.2,38259.7,10.309,134,93,215
2026-07-28T20:24:28Z,-11.6495861,166.9973159,13.2,38270.3,10.277,134,92,214
2026-07-28T20:24:29Z,-11.6495875,166.9972301,13.2,38280.3,10.250,134,93,215
2026-07-28T20:24:30Z,-11.6495875,166.9971335,13.2,38290.5,10.223,134,92,214
2026-07-28T20:24:31Z,-11.6495875,166.9970477,13.2,38301.0,10.197,134,91,215
2026-07-28T20:24:32Z,-11.6495848,166.9969511,13.2,38310.9,10.176,135,91,215
2026-07-28T20:24:33Z,-11.6495807,166.9968653,13.2,38321.1,10.155,135,91,215
2026-07-28T20:24:34Z,-11.6495754,166.9967687,13.2,38331.5,10.137,136,93,215
2026-07-28T20:24:35Z,-11.6495673,166.9966829,13.2,38341.6,10.120,136,93,215
2026-07-28T20:24:36Z,-11.6495579,166.9965863,13.2,38351.7,10.105,136,93,214
2026-07-28T20:24:37Z,-11.6495472,166.9964898,13.2,38361.9,10.090,136,90,214
2026-07-28T20:24:38Z,-11.6495365,166.9964039,13.2,38372.0,10.076,136,89,215
2026-07-28T20:24:39Z,-11.6495244,166.9963074,13.2,38382.0,10.064,136,90,215
2026-07-28T20:24:40Z,-11.6495124,166.9962215,13.2,38391.9,10.052,136,90,215
2026-07-28T20:24:41Z,-11.6494976,166.9961250,13.2,38401.9,10.042,136,90,215
2026-07-28T20:24:42Z,-11.6494828,166.9960392,13.2,38411.9,10.032,136,91,215
2026-07-28T20:24:43Z,-11.6494694,166.9959426,13.2,38421.9,10.023,136,92,215
2026-07-28T20:24:44Z,-11.6494560,166.9958568,13.2,38432.0,10.023,136,93,214
2026-07-28T20:24:45Z,-11.6494440,166.9957602,13.2,38442.0,10.038,136,93,214
2026-07-28T20:24:46Z,-11.6494319,166.9956744,13.2,38452.1,10.072,136,93,214
2026-07-28T20:24:47Z,-11.6494185,166.9955778,13.2,38462.1,10.129,136,93,215
2026-07-28T20:24:48Z,-11.6494024,166.9954920,13.2,38472.5,10.195,136,94,215
2026-07-28T20:24:49Z,-11.6493849,166.9953954,13.2,38482.7,10.261,136,94,214
2026-07-28T20:24:50Z,-11.6493689,166.9953096,13.2,38493.1,10.321,136,94,214
2026-07-28T20:24:51Z,-11.6493501,166.9952130,13.2,38503.4,10.378,136,93,214
2026-07-28T20:24:52Z,-11.6493367,166.9951165,13.2,38513.6,10.430,136,93,214
2026-07-28T20:24:53Z,-11.6493192,166.9950092,13.2,38524.4,10.477,136,93,215
2026-07-28T20:24:54Z,-11.6493031,166.9949234,13.2,38534.6,10.511,136,93,215
2026-07-28T20:24:55Z,-11.6492884,166.9948268,13.2,38545.1,10.553,136,93,215
2026-07-28T20:24:56Z,-11.6492736,166.9947410,13.2,38555.6,10.598,137,94,214
2026-07-28T20:24:57Z,-11.6492575,166.9946444,13.2,38566.3,10.638,137,93,214
2026-07-28T20:24:58Z,-11.6492401,166.9945371,13.2,38577.1,10.633,137,93,215
2026-07-28T20:24:59Z,-11.6492267,166.9944513,13.2,38587.6,10.651,137,93,215
2026-07-28T20:25:00Z,-11.6492106,166.9943547,13.2,38598.2,10.685,137,93,215
2026-07-28T20:25:01Z,-11.6491999,166.9942474,13.2,38609.2,10.708,137,92,215
2026-07-28T20:25:02Z,-11.6491918,166.9941616,13.2,38619.6,10.664,137,92,215
2026-07-28T20:25:03Z,-11.6491811,166.9940650,13.2,38630.3,10.614,137,92,214
2026-07-28T20:25:04Z,-11.6491704,166.9939578,13.2,38640.8,10.568,137,93,215
2026-07-28T20:25:05Z,-11.6491610,166.9938719,13.2,38651.4,10.526,137,94,215
2026-07-28T20:25:06Z,-11.6491516,166.9937754,13.2,38661.9,10.488,137,94,214
2026-07-28T20:25:07Z,-11.6491435,166.9936681,13.2,38672.4,10.455,137,94,215
2026-07-28T20:25:08Z,-11.6491382,166.9935822,13.0,38683.1,10.426,137,94,214
2026-07-28T20:25:09Z,-11.6491449,166.9934857,13.0,38693.5,10.402,136,94,214
2026-07-28T20:25:10Z,-11.6491704,166.9933999,13.0,38703.6,10.374,137,94,214
2026-07-28T20:25:11Z,-11.6492119,166.9933033,13.0,38714.3,10.336,137,92,214
2026-07-28T20:25:12Z,-11.6492575,166.9932282,13.0,38724.3,10.294,136,92,214
2026-07-28T20:25:13Z,-11.6493058,166.9931531,13.2,38734.6,10.265,137,91,214
2026-07-28T20:25:14Z,-11.6493621,166.9930780,13.2,38745.0,10.249,136,91,215
2026-07-28T20:25:15Z,-11.6494212,166.9930029,13.2,38755.1,10.218,137,91,214
2026-07-28T20:25:16Z,-11.6494842,166.9929278,13.2,38765.6,10.166,137,90,214
2026-07-28T20:25:17Z,-11.6495472,166.9928634,13.2,38775.6,10.118,136,90,214
2026-07-28T20:25:18Z,-11.6496103,166.9927990,13.2,38785.6,10.073,136,91,215
2026-07-28T20:25:19Z,-11.6496746,166.9927454,13.2,38795.6,10.030,136,91,214
2026-07-28T20:25:20Z,-11.6497390,166.9926596,13.4,38805.6,9.989,136,91,214
2026-07-28T20:25:21Z,-11.6498020,166.9926059,13.4,38815.3,9.951,136,92,214
2026-07-28T20:25:22Z,-11.6498691,166.9925416,13.4,38825.5,9.915,136,92,214
2026-07-28T20:25:23Z,-11.6499361,166.9924772,13.4,38835.9,9.883,136,94,215
2026-07-28T20:25:24Z,-11.6499938,166.9924235,13.4,38845.2,9.856,137,94,215
2026-07-28T20:25:25Z,-11.6500542,166.9923484,13.4,38855.0,9.832,136,94,214
2026-07-28T20:25:26Z,-11.6501105,166.9922841,13.4,38864.8,9.813,136,93,215
2026-07-28T20:25:27Z,-11.6501588,166.9922090,13.6,38874.5,9.803,137,93,215
2026-07-28T20:25:28Z,-11.6501950,166.9921124,13.6,38884.6,9.802,136,93,215
2026-07-28T20:25:29Z,-11.6502151,166.9920373,13.6,38894.4,9.812,137,93,215
2026-07-28T20:25:30Z,-11.6502231,166.9919515,13.4,38904.1,9.833,137,94,215
2026-07-28T20:25:31Z,-11.6502312,166.9918549,13.4,38914.3,9.865,137,95,214
2026-07-28T20:25:32Z,-11.6502647,166.9917798,13.4,38924.0,9.902,137,95,214
2026-07-28T20:25:33Z,-11.6503331,166.9917154,13.4,38934.1,9.934,137,95,215
2026-07-28T20:25:34Z,-11.6504136,166.9916832,13.4,38943.7,9.965,137,95,215
2026-07-28T20:25:35Z,-11.6505048,166.9916725,13.4,38953.9,9.999,137,95,214
2026-07-28T20:25:36Z,-11.6505973,166.9916725,13.2,38964.1,10.031,137,96,215
2026-07-28T20:25:37Z,-11.6506898,166.9916725,13.2,38974.3,10.059,137,96,215
2026-07-28T20:25:38Z,-11.6507797,166.9916725,13.2,38984.3,10.082,137,96,214
2026-07-28T20:25:39Z,-11.6508709,166.9916725,13.2,38994.4,10.098,137,95,215
2026-07-28T20:25:40Z,-11.6509567,166.9916725,13.2,39003.9,10.107,137,95,215
2026-07-28T20:25:41Z,-11.6510493,166.9916403,13.2,39014.4,10.108,138,96,214
2026-07-28T20:25:42Z,-11.6511351,166.9916081,13.2,39024.6,10.100,138,97,214
2026-07-28T20:25:43Z,-11.6512156,166.9915652,13.2,39034.5,10.086,137,97,214
2026-07-28T20:25:44Z,-11.6513000,166.9915330,13.2,39044.8,10.068,138,96,215
2026-07-28T20:25:45Z,-11.6513819,166.9915009,13.2,39054.5,10.052,138,96,215
2026-07-28T20:25:46Z,-11.6514704,166.9914794,13.2,39064.5,10.036,138,96,214
2026-07-28T20:25:47Z,-11.6515642,166.9914794,13.2,39075.0,10.022,138,97,214
2026-07-28T20:25:48Z,-11.6516541,166.9914794,13.2,39084.8,10.009,139,97,214
2026-07-28T20:25:49Z,-11.6517439,166.9914901,13.2,39094.9,10.000,139,98,215
2026-07-28T20:25:50Z,-11.6518284,166.9915009,13.2,39104.6,9.992,139,98,215
2026-07-28T20:25:51Z,-11.6519143,166.9915330,13.2,39114.3,9.985,139,97,215
2026-07-28T20:25:52Z,-11.6520014,166.9915652,13.2,39124.6,9.977,139,97,214
2026-07-28T20:25:53Z,-11.6520859,166.9915974,13.2,39134.4,9.970,140,96,214
2026-07-28T20:25:54Z,-11.6521758,166.9916296,13.2,39144.9,9.964,140,96,214
2026-07-28T20:25:55Z,-11.6522576,166.9916618,13.2,39154.7,9.963,140,96,214
2026-07-28T20:25:56Z,-11.6523434,166.9916832,13.2,39164.7,9.970,140,95,214
2026-07-28T20:25:57Z,-11.6524266,166.9917154,13.2,39174.6,9.982,140,94,214
2026-07-28T20:25:58Z,-11.6525124,166.9917476,13.2,39184.7,10.001,140,94,214
2026-07-28T20:25:59Z,-11.6525915,166.9917798,13.2,39194.4,10.028,140,93,215
2026-07-28T20:26:00Z,-11.6526800,166.9918227,13.2,39205.0,10.072,140,91,215
2026-07-28T20:26:01Z,-11.6527605,166.9918549,13.2,39214.7,10.134,140,91,215
2026-07-28T20:26:02Z,-11.6528450,166.9918871,13.2,39224.8,10.228,140,90,214
2026-07-28T20:26:03Z,-11.6529362,166.9919300,13.2,39235.7,10.382,139,90,215
2026-07-28T20:26:04Z,-11.6530207,166.9919622,13.2,39245.8,10.475,139,90,215
2026-07-28T20:26:05Z,-11.6531092,166.9919944,13.2,39256.1,10.487,139,90,215
2026-07-28T20:26:06Z,-11.6531990,166.9920266,13.2,39266.7,10.472,139,90,214
2026-07-28T20:26:07Z,-11.6532862,166.9920588,13.2,39276.9,10.435,139,91,215
2026-07-28T20:26:08Z,-11.6533801,166.9921017,13.2,39287.8,10.397,138,93,215
2026-07-28T20:26:09Z,-11.6534673,166.9921339,13.2,39298.1,10.365,138,93,215
2026-07-28T20:26:10Z,-11.6535544,166.9921660,13.2,39308.4,10.334,138,93,215
2026-07-28T20:26:11Z,-11.6536443,166.9921875,13.2,39318.9,10.305,137,94,214
2026-07-28T20:26:12Z,-11.6537274,166.9922197,13.2,39328.6,10.281,137,94,214
2026-07-28T20:26:13Z,-11.6538173,166.9922519,13.2,39339.0,10.262,137,93,214
2026-07-28T20:26:14Z,-11.6539072,166.9922626,13.2,39349.2,10.247,137,93,214
2026-07-28T20:26:15Z,-11.6540010,166.9922626,13.2,39359.5,10.236,137,93,214
2026-07-28T20:26:16Z,-11.6540922,166.9922411,13.2,39369.9,10.233,137,93,215
2026-07-28T20:26:17Z,-11.6541754,166.9922090,13.2,39380.1,10.235,137,93,214
2026-07-28T20:26:18Z,-11.6542558,166.9921446,13.2,39390.7,10.242,137,93,214
2026-07-28T20:26:19Z,-11.6543242,166.9920802,13.2,39400.9,10.253,137,93,214
2026-07-28T20:26:20Z,-11.6543819,166.9920266,13.2,39411.2,10.272,137,93,215
2026-07-28T20:26:21Z,-11.6544288,166.9919300,13.2,39421.7,10.300,137,93,214
2026-07-28T20:26:22Z,-11.6544637,166.9918549,13.2,39431.4,10.332,137,93,214
2026-07-28T20:26:23Z,-11.6544932,166.9917691,13.2,39441.8,10.376,137,93,214
2026-07-28T20:26:24Z,-11.6545200,166.9916725,13.2,39452.2,10.430,138,93,214
2026-07-28T20:26:25Z,-11.6545428,166.9915760,13.2,39462.6,10.493,137,92,215
2026-07-28T20:26:26Z,-11.6545616,166.9914901,13.2,39473.1,10.582,136,92,215
2026-07-28T20:26:27Z,-11.6545777,166.9913828,13.2,39483.9,10.693,136,92,214
2026-07-28T20:26:28Z,-11.6545938,166.9912863,13.2,39494.6,10.821,136,94,215
2026-07-28T20:26:29Z,-11.6546112,166.9911897,13.2,39505.8,10.855,136,94,215
2026-07-28T20:26:30Z,-11.6546273,166.9910932,13.2,39516.4,10.831,136,94,215
2026-07-28T20:26:31Z,-11.6546421,166.9909859,13.2,39527.5,10.768,136,96,215
2026-07-28T20:26:32Z,-11.6546515,166.9908893,13.2,39538.2,10.712,136,96,214
2026-07-28T20:26:33Z,-11.6546609,166.9908035,13.2,39548.8,10.658,136,96,214
2026-07-28T20:26:34Z,-11.6546716,166.9906962,13.2,39559.3,10.608,136,96,215
2026-07-28T20:26:35Z,-11.6546810,166.9905996,13.2,39569.8,10.563,136,96,215
2026-07-28T20:26:36Z,-11.6546877,166.9905138,13.2,39580.3,10.530,136,96,214
2026-07-28T20:26:37Z,-11.6546971,166.9904065,13.2,39591.4,10.517,136,96,214
2026-07-28T20:26:38Z,-11.6547051,166.9903314,13.2,39601.0,10.520,136,96,214
2026-07-28T20:26:39Z,-11.6547158,166.9902241,13.2,39611.9,10.537,137,96,214
2026-07-28T20:26:40Z,-11.6547279,166.9901276,13.2,39622.4,10.556,137,95,214
2026-07-28T20:26:41Z,-11.6547413,166.9900203,13.2,39633.4,10.516,137,95,214
2026-07-28T20:26:42Z,-11.6547467,166.9899344,13.2,39643.9,10.483,137,94,214
2026-07-28T20:26:43Z,-11.6547520,166.9898379,13.2,39653.9,10.464,137,94,214
2026-07-28T20:26:44Z,-11.6547628,166.9897521,13.2,39664.3,10.454,137,94,215
2026-07-28T20:26:45Z,-11.6547735,166.9896448,13.2,39675.4,10.457,137,93,215
2026-07-28T20:26:46Z,-11.6547829,166.9895482,13.2,39685.3,10.475,137,93,215
2026-07-28T20:26:47Z,-11.6547909,166.9894624,13.2,39695.8,10.512,137,93,215
2026-07-28T20:26:48Z,-11.6547976,166.9893551,13.2,39706.7,10.575,137,95,215
2026-07-28T20:26:49Z,-11.6548057,166.9892585,13.2,39717.5,10.665,137,95,215
2026-07-28T20:26:50Z,-11.6548097,166.9891727,13.2,39727.7,10.820,136,95,215
2026-07-28T20:26:51Z,-11.6548178,166.9890761,13.2,39738.3,10.801,137,96,215
2026-07-28T20:26:52Z,-11.6548191,166.9889688,13.2,39749.2,10.769,137,95,214
2026-07-28T20:26:53Z,-11.6548151,166.9888616,13.2,39760.5,10.752,137,96,214
2026-07-28T20:26:54Z,-11.6548164,166.9887757,13.2,39771.2,10.749,137,96,215
2026-07-28T20:26:55Z,-11.6548178,166.9886684,13.2,39782.0,10.758,137,96,215
2026-07-28T20:26:56Z,-11.6548164,166.9885719,13.2,39792.3,10.782,137,96,215
2026-07-28T20:26:57Z,-11.6548070,166.9884861,13.2,39803.5,10.824,137,96,215
2026-07-28T20:26:58Z,-11.6547963,166.9883788,13.2,39814.5,10.886,137,97,214
2026-07-28T20:26:59Z,-11.6547842,166.9882822,13.2,39825.2,10.951,137,97,214
2026-07-28T20:27:00Z,-11.6547574,166.9881749,13.2,39836.2,11.029,137,97,214
2026-07-28T20:27:01Z,-11.6547172,166.9880891,13.2,39847.3,11.101,137,97,215
2026-07-28T20:27:02Z,-11.6546649,166.9880140,13.2,39858.4,11.067,137,96,214
2026-07-28T20:27:03Z,-11.6545992,166.9879389,13.2,39869.2,10.992,138,96,214
2026-07-28T20:27:04Z,-11.6545254,166.9878745,13.2,39879.9,10.921,137,96,214
2026-07-28T20:27:05Z,-11.6544382,166.9878101,13.2,39891.4,10.851,137,97,214
2026-07-28T20:27:06Z,-11.6543551,166.9877565,13.2,39902.2,10.788,138,97,215
2026-07-28T20:27:07Z,-11.6542786,166.9877028,13.2,39912.5,10.733,137,97,215
2026-07-28T20:27:08Z,-11.6542076,166.9876277,13.2,39923.4,10.678,137,96,215
2026-07-28T20:27:09Z,-11.6541526,166.9875526,13.2,39933.8,10.628,137,97,215
2026-07-28T20:27:10Z,-11.6541110,166.9874561,13.2,39944.9,10.579,137,97,214
2026-07-28T20:27:11Z,-11.6540895,166.9873703,13.2,39955.1,10.535,138,97,214
2026-07-28T20:27:12Z,-11.6540775,166.9872737,13.2,39966.1,10.491,138,95,213
2026-07-28T20:27:13Z,-11.6540708,166.9871879,13.2,39976.6,10.450,138,93,214
2026-07-28T20:27:14Z,-11.6540667,166.9870806,13.2,39987.0,10.413,138,92,215
2026-07-28T20:27:15Z,-11.6540667,166.9869840,13.2,39997.5,10.380,137,91,215
2026-07-28T20:27:16Z,-11.6540708,166.9868982,13.2,40007.2,10.350,137,91,215
2026-07-28T20:27:17Z,-11.6540748,166.9868016,13.2,40017.6,10.319,138,91,214
2026-07-28T20:27:18Z,-11.6540815,166.9867158,13.2,40028.4,10.290,137,91,215
2026-07-28T20:27:19Z,-11.6540895,166.9866192,13.2,40038.0,10.266,137,91,215
2026-07-28T20:27:20Z,-11.6540989,166.9865119,13.2,40048.7,10.239,136,91,215
2026-07-28T20:27:21Z,-11.6541097,166.9864368,13.2,40058.5,10.218,136,91,215
2026-07-28T20:27:22Z,-11.6541217,166.9863296,13.2,40068.8,10.196,136,91,215
2026-07-28T20:27:23Z,-11.6541351,166.9862437,13.2,40079.1,10.176,136,91,215
2026-07-28T20:27:24Z,-11.6541499,166.9861472,13.2,40089.2,10.157,136,92,214
2026-07-28T20:27:25Z,-11.6541660,166.9860613,13.2,40099.6,10.137,136,92,215
2026-07-28T20:27:26Z,-11.6541821,166.9859648,13.2,40109.5,10.121,136,92,215
2026-07-28T20:27:27Z,-11.6542009,166.9858789,13.2,40120.0,10.104,136,92,214
2026-07-28T20:27:28Z,-11.6542210,166.9857931,13.2,40129.6,10.098,136,92,214
2026-07-28T20:27:29Z,-11.6542451,166.9857073,13.2,40139.8,10.144,135,91,214
2026-07-28T20:27:30Z,-11.6542706,166.9856107,13.2,40149.9,10.221,135,90,215
2026-07-28T20:27:31Z,-11.6543028,166.9855249,13.2,40160.6,10.261,135,90,214
2026-07-28T20:27:32Z,-11.6543417,166.9854283,13.2,40170.9,10.309,135,90,215
2026-07-28T20:27:33Z,-11.6543873,166.9853532,13.2,40180.9,10.346,135,90,215
2026-07-28T20:27:34Z,-11.6544449,166.9852781,13.2,40191.4,10.435,135,91,215
2026-07-28T20:27:35Z,-11.6545066,166.9852138,13.2,40201.6,10.506,135,92,215
2026-07-28T20:27:36Z,-11.6545817,166.9851387,13.2,40212.4,10.552,135,92,214
2026-07-28T20:27:37Z,-11.6546609,166.9850957,13.2,40222.8,10.578,135,92,215
2026-07-28T20:27:38Z,-11.6547480,166.9850528,13.2,40233.5,10.591,135,93,215
2026-07-28T20:27:39Z,-11.6548419,166.9850206,13.2,40244.6,10.595,135,94,215
2026-07-28T20:27:40Z,-11.6549291,166.9849885,13.2,40254.7,10.601,136,94,215
2026-07-28T20:27:41Z,-11.6550283,166.9849885,13.2,40265.8,10.555,136,95,215
2026-07-28T20:27:42Z,-11.6551182,166.9849885,13.2,40275.7,10.539,136,95,215
2026-07-28T20:27:43Z,-11.6552120,166.9850099,13.2,40286.2,10.485,136,95,214
2026-07-28T20:27:44Z,-11.6553059,166.9850206,13.2,40296.7,10.525,136,94,214
2026-07-28T20:27:45Z,-11.6554011,166.9850528,13.2,40307.6,10.552,136,93,214
2026-07-28T20:27:46Z,-11.6554977,166.9850528,13.2,40318.4,10.558,136,93,215
2026-07-28T20:27:47Z,-11.6555876,166.9850528,13.2,40328.5,10.528,136,93,215
2026-07-28T20:27:48Z,-11.6556774,166.9850314,13.4,40338.7,10.468,136,93,215
2026-07-28T20:27:49Z,-11.6557632,166.9849885,13.4,40349.2,10.377,136,93,214
2026-07-28T20:27:50Z,-11.6558437,166.9849455,13.6,40359.8,10.281,136,93,214
2026-07-28T20:27:51Z,-11.6559201,166.9848812,13.8,40370.2,10.206,136,93,215
2026-07-28T20:27:52Z,-11.6560020,166.9848382,13.8,40380.5,10.173,135,93,215
2026-07-28T20:27:53Z,-11.6560878,166.9848061,13.8,40390.7,10.193,135,94,214
2026-07-28T20:27:54Z,-11.6561736,166.9847953,13.8,40400.4,10.258,135,94,214
2026-07-28T20:27:55Z,-11.6562702,166.9847739,13.6,40411.2,10.362,135,95,215
2026-07-28T20:27:56Z,-11.6563614,166.9847631,13.6,40421.2,10.473,135,95,215
2026-07-28T20:27:57Z,-11.6564566,166.9847631,13.4,40432.0,10.598,135,95,214
2026-07-28T20:27:58Z,-11.6565531,166.9847417,13.4,40442.5,10.721,135,96,215
2026-07-28T20:27:59Z,-11.6566484,166.9847417,13.2,40453.1,10.832,135,96,215
2026-07-28T20:28:00Z,-11.6567449,166.9847095,13.2,40464.1,10.903,134,96,214
2026-07-28T20:28:01Z,-11.6568361,166.9846880,13.2,40474.9,10.907,134,96,214
2026-07-28T20:28:02Z,-11.6569287,166.9846344,13.2,40486.3,10.878,135,96,215
2026-07-28T20:28:03Z,-11.6570078,166.9845915,13.2,40496.6,10.814,135,96,215
2026-07-28T20:28:04Z,-11.6570909,166.9845271,13.4,40507.6,10.685,135,96,214
2026-07-28T20:28:05Z,-11.6571701,166.9844735,13.4,40518.4,10.557,135,95,214
2026-07-28T20:28:06Z,-11.6572452,166.9844091,13.6,40528.9,10.421,135,95,214
2026-07-28T20:28:07Z,-11.6573162,166.9843662,13.6,40538.8,10.311,136,94,215
2026-07-28T20:28:08Z,-11.6573887,166.9842911,13.8,40549.6,10.136,135,95,214
2026-07-28T20:28:09Z,-11.6574436,166.9842267,14.0,40559.6,9.961,135,94,215
2026-07-28T20:28:10Z,-11.6574919,166.9841516,14.2,40569.1,9.804,135,94,215
2026-07-28T20:28:11Z,-11.6575228,166.9840550,14.4,40579.4,9.671,135,94,214
2026-07-28T20:28:12Z,-11.6575402,166.9839799,14.4,40588.5,9.578,136,94,214
2026-07-28T20:28:13Z,-11.6575523,166.9838941,14.6,40598.2,9.467,136,94,214
2026-07-28T20:28:14Z,-11.6575603,166.9838190,14.8,40607.5,9.371,136,94,214
2026-07-28T20:28:15Z,-11.6575657,166.9837224,14.8,40616.7,9.289,137,94,214
2026-07-28T20:28:16Z,-11.6575737,166.9836366,15.0,40626.3,9.250,137,93,215
2026-07-28T20:28:17Z,-11.6575912,166.9835508,15.0,40635.1,9.218,137,93,215
2026-07-28T20:28:18Z,-11.6576220,166.9834757,15.2,40644.9,9.196,137,93,214
2026-07-28T20:28:19Z,-11.6576676,166.9834006,15.2,40653.9,9.203,137,93,214
2026-07-28T20:28:20Z,-11.6577213,166.9833362,15.2,40662.9,9.229,137,93,214
2026-07-28T20:28:21Z,-11.6577789,166.9832826,15.2,40672.2,9.247,137,93,214
2026-07-28T20:28:22Z,-11.6578406,166.9832182,15.2,40681.6,9.275,137,94,214
2026-07-28T20:28:23Z,-11.6579077,166.9831753,15.2,40690.9,9.315,137,95,214
2026-07-28T20:28:24Z,-11.6579841,166.9831431,15.2,40700.2,9.367,137,95,214
2026-07-28T20:28:25Z,-11.6580686,166.9831324,15.2,40709.6,9.434,137,94,214
2026-07-28T20:28:26Z,-11.6581491,166.9831431,15.2,40718.9,9.510,137,94,214
2026-07-28T20:28:27Z,-11.6582228,166.9831860,15.2,40728.5,9.592,137,94,214
2026-07-28T20:28:28Z,-11.6582872,166.9832504,15.0,40738.2,9.670,137,94,215
2026-07-28T20:28:29Z,-11.6583408,166.9833255,15.0,40747.9,9.743,137,95,215
2026-07-28T20:28:30Z,-11.6583878,166.9834006,15.0,40757.8,9.814,137,95,215
2026-07-28T20:28:31Z,-11.6584294,166.9834757,14.8,40767.6,9.881,137,95,214
2026-07-28T20:28:32Z,-11.6584709,166.9835508,14.8,40777.7,9.944,137,95,214
2026-07-28T20:28:33Z,-11.6585085,166.9836473,14.8,40787.3,10.002,137,95,214
2026-07-28T20:28:34Z,-11.6585460,166.9837224,14.6,40797.6,10.076,137,94,214
2026-07-28T20:28:35Z,-11.6585809,166.9838190,14.6,40807.6,10.160,137,94,214
2026-07-28T20:28:36Z,-11.6586171,166.9838941,14.6,40817.9,10.241,137,93,215
2026-07-28T20:28:37Z,-11.6586520,166.9839799,14.4,40828.2,10.283,137,93,214
2026-07-28T20:28:38Z,-11.6586855,166.9840765,14.4,40838.4,10.320,137,93,215
2026-07-28T20:28:39Z,-11.6587204,166.9841623,14.4,40848.7,10.355,137,93,215
2026-07-28T20:28:40Z,-11.6587552,166.9842374,14.2,40859.2,10.387,137,93,214
2026-07-28T20:28:41Z,-11.6587888,166.9843340,14.2,40869.4,10.416,137,93,215
2026-07-28T20:28:42Z,-11.6588236,166.9844198,14.2,40880.0,10.443,137,93,214
2026-07-28T20:28:43Z,-11.6588598,166.9845164,14.0,40890.6,10.467,136,94,214
2026-07-28T20:28:44Z,-11.6588947,166.9846129,14.0,40900.8,10.489,137,94,214
2026-07-28T20:28:45Z,-11.6589323,166.9846880,14.0,40911.4,10.511,136,94,215
2026-07-28T20:28:46Z,-11.6589698,166.9847739,13.8,40922.0,10.529,137,94,214
2026-07-28T20:28:47Z,-11.6590087,166.9848704,13.8,40932.5,10.545,137,94,214
2026-07-28T20:28:48Z,-11.6590476,166.9849563,13.8,40942.9,10.560,136,94,214
2026-07-28T20:28:49Z,-11.6590905,166.9850528,13.6,40953.6,10.572,136,94,214
2026-07-28T20:28:50Z,-11.6591348,166.9851279,13.6,40964.0,10.582,136,94,215
2026-07-28T20:28:51Z,-11.6591844,166.9852138,13.6,40975.0,10.590,137,95,215
2026-07-28T20:28:52Z,-11.6592367,166.9852996,13.4,40985.3,10.593,137,95,215
2026-07-28T20:28:53Z,-11.6593011,166.9853747,13.4,40996.3,10.589,137,95,215
2026-07-28T20:28:54Z,-11.6593748,166.9854283,13.4,41006.7,10.567,137,95,215
2026-07-28T20:28:55Z,-11.6594593,166.9854605,13.4,41016.8,10.517,137,95,214
2026-07-28T20:28:56Z,-11.6595559,166.9854820,13.4,41027.6,10.435,137,95,214
2026-07-28T20:28:57Z,-11.6596498,166.9854605,13.6,41038.1,10.351,138,94,214
2026-07-28T20:28:58Z,-11.6597423,166.9854498,13.6,41048.6,10.276,137,94,215
2026-07-28T20:28:59Z,-11.6598281,166.9854176,13.8,41058.9,10.219,137,95,215
2026-07-28T20:29:00Z,-11.6599099,166.9853747,13.8,41069.1,10.168,137,95,215
2026-07-28T20:29:01Z,-11.6599877,166.9853210,14.0,41078.9,10.084,137,95,215
2026-07-28T20:29:02Z,-11.6600588,166.9852674,14.0,41088.6,10.000,137,95,214
2026-07-28T20:29:03Z,-11.6601312,166.9852030,14.0,41099.0,9.925,137,94,214
2026-07-28T20:29:04Z,-11.6601969,166.9851601,14.0,41108.7,9.878,137,94,214
2026-07-28T20:29:05Z,-11.6602626,166.9850957,14.2,41118.4,9.866,137,94,215
2026-07-28T20:29:06Z,-11.6603149,166.9850206,14.0,41128.6,9.912,137,94,214
2026-07-28T20:29:07Z,-11.6603458,166.9849241,14.0,41138.7,10.001,137,94,214
2026-07-28T20:29:08Z,-11.6603592,166.9848382,13.8,41148.4,10.098,137,94,214
2026-07-28T20:29:09Z,-11.6603659,166.9847417,13.8,41158.5,10.203,137,94,214
2026-07-28T20:29:10Z,-11.6603686,166.9846559,13.6,41169.0,10.312,137,94,215
2026-07-28T20:29:11Z,-11.6603726,166.9845593,13.4,41179.3,10.418,137,94,214
2026-07-28T20:29:12Z,-11.6603833,166.9844735,13.2,41189.7,10.526,137,93,214
2026-07-28T20:29:13Z,-11.6604169,166.9843769,13.2,41200.1,10.621,137,93,214
2026-07-28T20:29:14Z,-11.6604826,166.9843018,13.0,41210.9,10.720,137,92,214
2026-07-28T20:29:15Z,-11.6605738,166.9842589,13.0,41221.9,10.834,137,92,215
2026-07-28T20:29:16Z,-11.6606663,166.9842374,12.8,41232.5,10.993,137,92,214
2026-07-28T20:29:17Z,-11.6607682,166.9842374,12.8,41243.6,11.119,137,93,215
2026-07-28T20:29:18Z,-11.6608702,166.9842589,12.8,41255.1,11.067,137,94,215
2026-07-28T20:29:19Z,-11.6609654,166.9842589,12.8,41265.6,11.024,137,94,215
2026-07-28T20:29:20Z,-11.6610660,166.9842696,12.8,41276.9,10.997,137,94,214
2026-07-28T20:29:21Z,-11.6611679,166.9842911,12.8,41288.2,10.990,136,94,215
2026-07-28T20:29:22Z,-11.6612631,166.9842696,12.8,41298.6,11.001,136,94,215
2026-07-28T20:29:23Z,-11.6613650,166.9842589,12.6,41310.1,11.002,137,95,215
2026-07-28T20:29:24Z,-11.6614603,166.9842267,12.6,41321.1,10.945,136,95,215
2026-07-28T20:29:25Z,-11.6615555,166.9842160,12.6,41332.0,10.897,136,95,215
2026-07-28T20:29:26Z,-11.6616453,166.9841623,12.6,41342.8,10.863,136,96,214
2026-07-28T20:29:27Z,-11.6617218,166.9841087,12.8,41353.2,10.849,136,95,214
2026-07-28T20:29:28Z,-11.6617928,166.9840443,12.8,41364.6,10.846,136,95,214
2026-07-28T20:29:29Z,-11.6618532,166.9839478,12.8,41375.7,10.809,136,94,215
2026-07-28T20:29:30Z,-11.6619082,166.9838727,12.6,41386.0,10.813,136,94,215
2026-07-28T20:29:31Z,-11.6619672,166.9837976,12.6,41397.0,10.759,136,95,214
2026-07-28T20:29:32Z,-11.6620182,166.9837117,12.6,41407.9,10.708,136,94,215
2026-07-28T20:29:33Z,-11.6620664,166.9836366,12.6,41418.6,10.661,136,94,214
2026-07-28T20:29:34Z,-11.6621093,166.9835401,12.6,41428.8,10.615,136,94,214
2026-07-28T20:29:35Z,-11.6621496,166.9834650,12.6,41439.4,10.570,136,94,215
2026-07-28T20:29:36Z,-11.6621858,166.9833684,12.6,41450.1,10.522,136,94,214
2026-07-28T20:29:37Z,-11.6622180,166.9832826,12.6,41460.6,10.475,136,95,215
2026-07-28T20:29:38Z,-11.6622421,166.9831753,12.6,41471.3,10.425,135,96,215
2026-07-28T20:29:39Z,-11.6622609,166.9831002,12.8,41481.2,10.378,135,96,215
2026-07-28T20:29:40Z,-11.6622770,166.9829929,12.8,41492.1,10.339,135,97,214
2026-07-28T20:29:41Z,-11.6622904,166.9828963,12.8,41502.3,10.318,135,97,215
2026-07-28T20:29:42Z,-11.6623025,166.9828105,12.6,41512.6,10.306,135,97,215
2026-07-28T20:29:43Z,-11.6623105,166.9827139,12.6,41522.9,10.295,135,96,214
2026-07-28T20:29:44Z,-11.6623159,166.9826281,12.6,41532.8,10.281,135,96,214
2026-07-28T20:29:45Z,-11.6623172,166.9825315,12.6,41543.4,10.260,134,97,215
2026-07-28T20:29:46Z,-11.6623132,166.9824243,12.6,41553.6,10.227,135,98,215
2026-07-28T20:29:47Z,-11.6623038,166.9823384,12.6,41564.0,10.179,135,98,215
2026-07-28T20:29:48Z,-11.6622864,166.9822419,12.8,41574.1,10.113,135,98,215
2026-07-28T20:29:49Z,-11.6622649,166.9821668,12.8,41583.6,10.027,135,98,215
2026-07-28T20:29:50Z,-11.6622341,166.9820702,13.0,41593.7,9.905,135,98,214
2026-07-28T20:29:51Z,-11.6621925,166.9819951,13.2,41603.8,9.748,135,97,214
2026-07-28T20:29:52Z,-11.6621456,166.9819200,13.4,41613.1,9.570,135,97,214
2026-07-28T20:29:53Z,-11.6620892,166.9818664,13.6,41622.7,9.358,135,96,214
2026-07-28T20:29:54Z,-11.6620289,166.9818020,13.8,41632.0,9.139,135,96,215
2026-07-28T20:29:55Z,-11.6619672,166.9817376,14.0,41641.0,8.925,135,96,215
2026-07-28T20:29:56Z,-11.6619068,166.9816947,14.2,41649.6,8.715,135,96,214
2026-07-28T20:29:57Z,-11.6618411,166.9816518,14.6,41658.3,8.506,136,96,215
2026-07-28T20:29:58Z,-11.6617754,166.9815981,14.8,41667.2,8.301,137,96,214
2026-07-28T20:29:59Z,-11.6617137,166.9815767,15.0,41675.2,8.117,136,96,214
2026-07-28T20:30:00Z,-11.6616534,166.9815230,15.4,41683.1,7.945,136,96,214
2026-07-28T20:30:01Z,-11.6615930,166.9814909,15.6,41690.8,7.784,136,95,214
2026-07-28T20:30:02Z,-11.6615300,166.9814479,15.8,41698.8,7.629,136,95,215
2026-07-28T20:30:03Z,-11.6614696,166.9814157,16.0,41706.5,7.487,136,96,215
2026-07-28T20:30:04Z,-11.6614133,166.9813836,16.2,41713.7,7.362,136,96,215
2026-07-28T20:30:05Z,-11.6613556,166.9813621,16.4,41720.9,7.242,136,98,215
2026-07-28T20:30:06Z,-11.6612980,166.9813299,16.6,41728.3,7.130,137,97,214
2026-07-28T20:30:07Z,-11.6612417,166.9812763,17.0,41735.5,7.031,136,97,215
2026-07-28T20:30:08Z,-11.6611893,166.9812548,17.0,41742.2,6.948,137,97,215
2026-07-28T20:30:09Z,-11.6611357,166.9812226,17.2,41749.1,6.867,137,96,214
2026-07-28T20:30:10Z,-11.6610847,166.9811904,17.4,41755.9,6.802,137,97,214
2026-07-28T20:30:11Z,-11.6610311,166.9811583,17.6,41762.8,6.751,137,97,214
2026-07-28T20:30:12Z,-11.6609801,166.9811261,17.8,41769.6,6.718,137,96,214
2026-07-28T20:30:13Z,-11.6609305,166.9810832,18.0,41776.1,6.701,137,96,214
2026-07-28T20:30:14Z,-11.6608782,166.9810510,18.2,41782.9,6.689,137,96,215
2026-07-28T20:30:15Z,-11.6608259,166.9810188,18.4,41789.5,6.667,137,96,214
2026-07-28T20:30:16Z,-11.6607736,166.9809866,18.6,41796.4,6.651,137,97,215
2026-07-28T20:30:17Z,-11.6607226,166.9809651,18.8,41802.9,6.644,137,97,215
2026-07-28T20:30:18Z,-11.6606690,166.9809330,19.0,41809.6,6.644,137,98,215
2026-07-28T20:30:19Z,-11.6606167,166.9809008,19.2,41816.3,6.647,137,98,215
2026-07-28T20:30:20Z,-11.6605671,166.9808686,19.2,41822.8,6.637,136,98,215
2026-07-28T20:30:21Z,-11.6605148,166.9808364,19.4,41829.6,6.611,136,97,214
2026-07-28T20:30:22Z,-11.6604652,166.9808042,19.6,41835.9,6.591,136,97,214
2026-07-28T20:30:23Z,-11.6604115,166.9807827,19.8,41842.7,6.570,136,97,214
2026-07-28T20:30:24Z,-11.6603605,166.9807506,20.0,41849.0,6.557,135,96,215
2026-07-28T20:30:25Z,-11.6603082,166.9807291,20.2,41855.7,6.543,135,97,214
2026-07-28T20:30:26Z,-11.6602573,166.9806969,20.4,41862.3,6.529,135,96,214
2026-07-28T20:30:27Z,-11.6602077,166.9806755,20.4,41868.7,6.519,135,96,215
2026-07-28T20:30:28Z,-11.6601580,166.9806433,20.6,41875.1,6.507,135,96,214
2026-07-28T20:30:29Z,-11.6601071,166.9805896,20.8,41881.8,6.499,135,95,215
2026-07-28T20:30:30Z,-11.6600601,166.9805682,21.0,41888.1,6.491,135,96,214
2026-07-28T20:30:31Z,-11.6600119,166.9805360,21.2,41894.7,6.484,135,95,214
2026-07-28T20:30:32Z,-11.6599663,166.9804931,21.2,41901.2,6.481,135,95,214
2026-07-28T20:30:33Z,-11.6599233,166.9804609,21.4,41907.7,6.479,135,95,214
2026-07-28T20:30:34Z,-11.6598804,166.9804072,21.6,41914.3,6.481,135,95,214
2026-07-28T20:30:35Z,-11.6598442,166.9803643,21.8,41920.6,6.485,135,95,214
2026-07-28T20:30:36Z,-11.6598094,166.9803214,22.0,41927.0,6.495,136,94,214
2026-07-28T20:30:37Z,-11.6597798,166.9802785,22.0,41933.5,6.510,136,94,214
2026-07-28T20:30:38Z,-11.6597557,166.9802141,22.2,41940.1,6.532,136,93,214
2026-07-28T20:30:39Z,-11.6597356,166.9801497,22.4,41946.8,6.563,136,92,215
2026-07-28T20:30:40Z,-11.6597208,166.9800961,22.4,41953.4,6.600,136,93,215
2026-07-28T20:30:41Z,-11.6597101,166.9800425,22.6,41959.8,6.641,137,93,214
2026-07-28T20:30:42Z,-11.6597021,166.9799888,22.8,41966.5,6.690,136,94,215
2026-07-28T20:30:43Z,-11.6596954,166.9799244,22.8,41973.2,6.741,136,94,214
2026-07-28T20:30:44Z,-11.6596913,166.9798601,23.0,41980.0,6.794,136,92,214
2026-07-28T20:30:45Z,-11.6596873,166.9797850,23.0,41986.9,6.847,136,93,214
2026-07-28T20:30:46Z,-11.6596819,166.9797206,23.2,41993.7,6.898,136,92,214
2026-07-28T20:30:47Z,-11.6596752,166.9796669,23.4,42000.8,6.947,136,92,215
2026-07-28T20:30:48Z,-11.6596645,166.9796026,23.4,42007.6,6.986,136,91,215
2026-07-28T20:30:49Z,-11.6596444,166.9795382,23.6,42014.7,7.013,136,92,215
2026-07-28T20:30:50Z,-11.6596122,166.9794846,23.6,42021.8,7.026,135,93,215
2026-07-28T20:30:51Z,-11.6595693,166.9794309,23.8,42028.7,7.050,135,94,214
2026-07-28T20:30:52Z,-11.6595156,166.9794095,24.0,42035.9,7.104,135,94,214
2026-07-28T20:30:53Z,-11.6594580,166.9793773,24.0,42043.0,7.182,136,93,213
2026-07-28T20:30:54Z,-11.6593949,166.9793558,24.0,42050.3,7.276,136,91,213
2026-07-28T20:30:55Z,-11.6593319,166.9793451,24.2,42057.5,7.282,135,87,152
2026-07-28T20:30:56Z,-11.6592702,166.9793129,24.2,42064.7,7.208,135,87,97
2026-07-28T20:30:57Z,-11.6592072,166.9793022,24.2,42072.0,7.152,135,87,112
2026-07-28T20:30:58Z,-11.6591482,166.9792700,24.2,42079.1,7.073,134,75,103
2026-07-28T20:30:59Z,-11.6590945,166.9792378,24.4,42085.9,6.889,133,75,42
2026-07-28T20:31:00Z,-11.6590449,166.9792056,24.4,42092.9,6.785,132,75,105
2026-07-28T20:31:01Z,-11.6590007,166.9791627,24.6,42099.5,6.697,131,68,125
2026-07-28T20:31:02Z,-11.6589564,166.9791198,24.8,42106.2,6.603,131,68,125
2026-07-28T20:31:03Z,-11.6589122,166.9790876,24.8,42112.9,6.504,130,70,125
2026-07-28T20:31:04Z,-11.6588719,166.9790339,25.0,42119.2,6.412,129,71,125
2026-07-28T20:31:05Z,-11.6588317,166.9789910,25.0,42125.7,6.247,129,72,85
2026-07-28T20:31:06Z,-11.6587968,166.9789481,25.2,42131.7,6.116,129,72,85
2026-07-28T20:31:07Z,-11.6587619,166.9789052,25.4,42137.9,6.059,129,71,124
2026-07-28T20:31:08Z,-11.6587311,166.9788730,25.4,42143.8,6.004,129,70,125
2026-07-28T20:31:09Z,-11.6587003,166.9788301,25.6,42149.8,5.950,129,71,125
2026-07-28T20:31:10Z,-11.6586721,166.9787657,25.6,42155.8,5.897,129,71,125
2026-07-28T20:31:11Z,-11.6586493,166.9787228,25.8,42161.6,5.852,129,72,125
2026-07-28T20:31:12Z,-11.6586292,166.9786692,25.8,42167.4,5.777,129,72,106
2026-07-28T20:31:13Z,-11.6586158,166.9786263,26.0,42173.1,5.604,129,72,48
2026-07-28T20:31:14Z,-11.6586064,166.9785833,26.0,42178.6,5.434,129,61,39
2026-07-28T20:31:15Z,-11.6586024,166.9785190,26.2,42184.1,5.462,128,61,125
2026-07-28T20:31:16Z,-11.6586037,166.9784760,26.2,42189.7,5.508,127,75,124
2026-07-28T20:31:17Z,-11.6586091,166.9784331,26.2,42195.1,5.558,127,75,124
2026-07-28T20:31:18Z,-11.6586171,166.9783688,26.2,42200.7,5.617,125,75,124
2026-07-28T20:31:19Z,-11.6586292,166.9783258,26.4,42206.5,5.684,125,75,124
2026-07-28T20:31:20Z,-11.6586426,166.9782722,26.4,42212.0,5.750,124,75,124
2026-07-28T20:31:21Z,-11.6586587,166.9782293,26.4,42217.9,5.823,124,75,125
2026-07-28T20:31:22Z,-11.6586761,166.9781649,26.4,42223.7,5.893,123,74,124
2026-07-28T20:31:23Z,-11.6586949,166.9781220,26.4,42229.8,5.966,123,74,124
2026-07-28T20:31:24Z,-11.6587177,166.9780791,26.4,42235.8,6.039,123,74,124
2026-07-28T20:31:25Z,-11.6587391,166.9780147,26.6,42241.9,6.114,122,73,124
2026-07-28T20:31:26Z,-11.6587633,166.9779718,26.6,42247.8,6.187,121,73,124
2026-07-28T20:31:27Z,-11.6587888,166.9779289,26.6,42254.1,6.260,121,73,124
2026-07-28T20:31:28Z,-11.6588156,166.9778645,26.6,42260.4,6.328,120,73,124
2026-07-28T20:31:29Z,-11.6588451,166.9778216,26.6,42266.9,6.370,120,71,124
2026-07-28T20:31:30Z,-11.6588746,166.9777679,26.6,42273.2,6.400,120,72,124
2026-07-28T20:31:31Z,-11.6589068,166.9777143,26.8,42279.7,6.418,119,72,125
2026-07-28T20:31:32Z,-11.6589430,166.9776607,26.8,42286.1,6.418,119,73,125
2026-07-28T20:31:33Z,-11.6589832,166.9776392,26.8,42292.4,6.403,119,73,124
2026-07-28T20:31:34Z,-11.6590329,166.9776070,27.0,42298.8,6.377,119,72,125
2026-07-28T20:31:35Z,-11.6590852,166.9775748,27.0,42305.1,6.343,119,74,125
2026-07-28T20:31:36Z,-11.6591401,166.9775534,27.2,42311.5,6.302,119,76,125
2026-07-28T20:31:37Z,-11.6591938,166.9775426,27.2,42317.6,6.257,120,77,124
2026-07-28T20:31:38Z,-11.6592501,166.9775426,27.4,42323.9,6.207,119,77,124
2026-07-28T20:31:39Z,-11.6593038,166.9775319,27.4,42330.1,6.149,119,76,124
2026-07-28T20:31:40Z,-11.6593507,166.9774997,27.6,42336.3,6.085,119,77,125
2026-07-28T20:31:41Z,-11.6593815,166.9774568,27.6,42342.3,6.058,120,78,124
2026-07-28T20:31:42Z,-11.6594030,166.9773924,27.6,42348.4,6.082,119,78,124
2026-07-28T20:31:43Z,-11.6594177,166.9773495,27.6,42354.5,6.128,119,78,125
2026-07-28T20:31:44Z,-11.6594285,166.9772851,27.8,42360.8,6.184,119,78,125
2026-07-28T20:31:45Z,-11.6594352,166.9772208,27.8,42366.9,6.242,119,79,125
2026-07-28T20:31:46Z,-11.6594379,166.9771779,27.8,42373.1,6.300,119,79,124
2026-07-28T20:31:47Z,-11.6594405,166.9771135,27.8,42379.7,6.351,118,78,124
2026-07-28T20:31:48Z,-11.6594419,166.9770598,27.8,42385.8,6.393,117,78,124
2026-07-28T20:31:49Z,-11.6594392,166.9769955,27.8,42392.4,6.445,117,77,125
2026-07-28T20:31:50Z,-11.6594405,166.9769311,27.8,42398.9,6.498,116,77,124
2026-07-28T20:31:51Z,-11.6594513,166.9768882,28.0,42405.3,6.552,116,77,124
2026-07-28T20:31:52Z,-11.6594768,166.9768238,28.0,42411.9,6.615,115,78,125
2026-07-28T20:31:53Z,-11.6595103,166.9767809,28.0,42418.5,6.679,115,78,124
2026-07-28T20:31:54Z,-11.6595492,166.9767380,28.0,42425.1,6.747,115,78,125
2026-07-28T20:31:55Z,-11.6595948,166.9766843,28.0,42432.2,6.819,114,78,124
2026-07-28T20:31:56Z,-11.6596363,166.9766414,28.0,42438.8,6.882,114,78,124
2026-07-28T20:31:57Z,-11.6596739,166.9765985,28.0,42445.8,6.944,114,78,125
2026-07-28T20:31:58Z,-11.6597061,166.9765341,28.0,42452.5,6.977,114,78,124
2026-07-28T20:31:59Z,-11.6597356,166.9764698,28.0,42459.5,6.993,113,78,124
2026-07-28T20:32:00Z,-11.6597530,166.9764161,28.0,42466.5,7.029,113,78,124
2026-07-28T20:32:01Z,-11.6597584,166.9763517,28.0,42473.8,7.152,113,78,125
2026-07-28T20:32:02Z,-11.6597410,166.9762874,27.8,42481.4,7.456,113,78,124
2026-07-28T20:32:03Z,-11.6597074,166.9762337,27.4,42488.9,7.794,112,78,124
2026-07-28T20:32:04Z,-11.6596726,166.9761693,27.2,42496.7,8.101,112,78,124
2026-07-28T20:32:05Z,-11.6596498,166.9760942,27.0,42504.9,8.365,112,77,125
2026-07-28T20:32:06Z,-11.6596363,166.9760191,26.8,42513.6,8.598,113,78,124
2026-07-28T20:32:07Z,-11.6596283,166.9759440,26.6,42521.9,8.816,113,78,125
2026-07-28T20:32:08Z,-11.6596082,166.9758689,26.2,42531.3,9.092,113,78,125
2026-07-28T20:32:09Z,-11.6595612,166.9757831,25.8,42540.0,9.418,113,78,125
2026-07-28T20:32:10Z,-11.6594768,166.9757617,25.4,42550.3,9.755,112,78,124
2026-07-28T20:32:11Z,-11.6593923,166.9757402,25.2,42559.7,9.972,113,78,124
2026-07-28T20:32:12Z,-11.6593024,166.9757295,24.8,42569.6,10.167,113,79,125
2026-07-28T20:32:13Z,-11.6592072,166.9757295,24.4,42580.3,10.353,113,79,124
2026-07-28T20:32:14Z,-11.6591173,166.9757080,24.2,42590.4,10.521,113,79,124
2026-07-28T20:32:15Z,-11.6590275,166.9756651,23.8,42601.7,10.705,113,76,125
2026-07-28T20:32:16Z,-11.6589752,166.9755900,23.4,42612.0,10.848,113,76,125
2026-07-28T20:32:17Z,-11.6589604,166.9754827,23.2,42623.2,10.928,113,77,125
2026-07-28T20:32:18Z,-11.6589805,166.9753969,23.0,42633.6,11.002,113,77,125
2026-07-28T20:32:19Z,-11.6590503,166.9753110,22.6,42645.2,11.120,111,77,125
2026-07-28T20:32:20Z,-11.6591455,166.9752896,22.4,42656.3,11.201,111,78,125
2026-07-28T20:32:21Z,-11.6592394,166.9753110,22.0,42667.1,11.296,111,80,124
2026-07-28T20:32:22Z,-11.6593319,166.9753647,21.8,42678.4,11.384,111,79,125
2026-07-28T20:32:23Z,-11.6594379,166.9753647,21.4,42690.2,11.450,112,80,124
2026-07-28T20:32:24Z,-11.6595371,166.9753432,21.2,42701.4,11.436,112,80,124
2026-07-28T20:32:25Z,-11.6596363,166.9753110,21.0,42713.1,11.423,112,79,125
2026-07-28T20:32:26Z,-11.6596927,166.9752359,20.6,42724.2,11.498,113,80,125
2026-07-28T20:32:27Z,-11.6596913,166.9751287,20.4,42735.9,11.509,113,79,124
2026-07-28T20:32:28Z,-11.6596565,166.9750214,20.2,42747.5,11.508,113,79,125
2026-07-28T20:32:29Z,-11.6595827,166.9749463,19.8,42759.2,11.588,113,79,125
2026-07-28T20:32:30Z,-11.6594942,166.9749033,19.6,42770.3,11.636,113,79,124
2026-07-28T20:32:31Z,-11.6594017,166.9748390,19.4,42782.4,11.655,113,81,125
2026-07-28T20:32:32Z,-11.6593252,166.9747639,19.2,42794.0,11.646,112,80,125
2026-07-28T20:32:33Z,-11.6592555,166.9746888,18.8,42805.5,11.634,112,80,124
2026-07-28T20:32:34Z,-11.6591643,166.9746244,18.6,42817.8,11.639,112,81,125
2026-07-28T20:32:35Z,-11.6590717,166.9745815,18.4,42829.2,11.652,112,82,125
2026-07-28T20:32:36Z,-11.6589752,166.9745493,18.2,42840.5,11.656,111,82,125
2026-07-28T20:32:37Z,-11.6588733,166.9745171,17.8,42852.0,11.654,111,81,125
2026-07-28T20:32:38Z,-11.6587687,166.9745064,17.6,42863.9,11.649,111,82,124
2026-07-28T20:32:39Z,-11.6586694,166.9744742,17.4,42875.2,11.645,111,82,124
2026-07-28T20:32:40Z,-11.6585635,166.9744420,17.2,42887.4,11.643,111,82,124
2026-07-28T20:32:41Z,-11.6584656,166.9744098,17.0,42898.8,11.646,112,82,124
2026-07-28T20:32:42Z,-11.6583663,166.9743669,16.6,42910.7,11.656,112,82,125
2026-07-28T20:32:43Z,-11.6582818,166.9743240,16.4,42921.7,11.671,112,82,125
2026-07-28T20:32:44Z,-11.6582067,166.9742489,16.2,42933.9,11.686,112,82,124
2026-07-28T20:32:45Z,-11.6581585,166.9741523,15.8,42945.4,11.696,112,82,124
2026-07-28T20:32:46Z,-11.6581330,166.9740343,15.6,42957.5,11.691,112,81,124
2026-07-28T20:32:47Z,-11.6581236,166.9739377,15.4,42968.5,11.669,112,81,124
2026-07-28T20:32:48Z,-11.6581209,166.9738305,15.2,42980.5,11.636,112,81,124
2026-07-28T20:32:49Z,-11.6581236,166.9737232,15.0,42991.9,11.600,112,81,125
2026-07-28T20:32:50Z,-11.6581276,166.9736266,14.8,43003.8,11.564,112,81,125
2026-07-28T20:32:51Z,-11.6581263,166.9735193,14.6,43015.6,11.532,112,82,124
2026-07-28T20:32:52Z,-11.6581169,166.9734120,14.4,43026.9,11.511,112,83,124
2026-07-28T20:32:53Z,-11.6580981,166.9733047,14.2,43038.6,11.493,112,81,125
2026-07-28T20:32:54Z,-11.6580753,166.9731975,14.0,43050.2,11.483,112,81,124
2026-07-28T20:32:55Z,-11.6580498,166.9731009,13.8,43061.6,11.493,112,82,124
2026-07-28T20:32:56Z,-11.6580257,166.9729936,13.6,43072.4,11.521,112,82,124
2026-07-28T20:32:57Z,-11.6580015,166.9728863,13.4,43084.4,11.553,112,83,125
2026-07-28T20:32:58Z,-11.6579828,166.9727790,13.2,43096.1,11.532,112,83,124
2026-07-28T20:32:59Z,-11.6579720,166.9726932,13.0,43107.4,11.498,112,83,124
2026-07-28T20:33:00Z,-11.6579680,166.9725859,12.8,43119.2,11.462,112,84,125
2026-07-28T20:33:01Z,-11.6579720,166.9724786,12.6,43130.2,11.427,112,84,125
2026-07-28T20:33:02Z,-11.6579841,166.9723713,12.6,43141.4,11.387,112,85,124
2026-07-28T20:33:03Z,-11.6580042,166.9722748,12.4,43153.0,11.342,112,85,125
2026-07-28T20:33:04Z,-11.6580284,166.9721675,12.2,43164.1,11.292,112,85,124
2026-07-28T20:33:05Z,-11.6580565,166.9720817,12.0,43175.5,11.237,112,85,124
2026-07-28T20:33:06Z,-11.6580874,166.9719744,12.0,43187.2,11.181,112,84,124
2026-07-28T20:33:07Z,-11.6581182,166.9718778,11.8,43197.8,11.130,112,84,124
2026-07-28T20:33:08Z,-11.6581504,166.9717920,11.6,43208.8,11.082,112,84,124
2026-07-28T20:33:09Z,-11.6581853,166.9716847,11.6,43219.9,11.042,112,84,124
2026-07-28T20:33:10Z,-11.6582228,166.9715881,11.4,43231.2,11.012,112,84,125
2026-07-28T20:33:11Z,-11.6582617,166.9715023,11.2,43242.3,10.991,111,84,125
2026-07-28T20:33:12Z,-11.6583006,166.9714057,11.2,43253.2,10.978,112,84,124
2026-07-28T20:33:13Z,-11.6583422,166.9713199,11.0,43264.5,10.979,111,84,125
2026-07-28T20:33:14Z,-11.6583824,166.9712234,10.8,43274.9,10.992,111,84,125
2026-07-28T20:33:15Z,-11.6584280,166.9711375,10.6,43286.3,11.022,111,84,124
2026-07-28T20:33:16Z,-11.6584763,166.9710410,10.4,43297.6,11.074,111,82,124
2026-07-28T20:33:17Z,-11.6585246,166.9709551,10.4,43308.2,11.149,112,82,124
2026-07-28T20:33:18Z,-11.6585822,166.9708800,10.2,43319.3,11.248,113,83,124
2026-07-28T20:33:19Z,-11.6586466,166.9707942,9.8,43330.6,11.396,113,84,124
2026-07-28T20:33:20Z,-11.6587231,166.9707191,9.6,43342.3,11.511,113,84,125
2026-07-28T20:33:21Z,-11.6588062,166.9706440,9.4,43354.3,11.545,111,85,124
2026-07-28T20:33:22Z,-11.6588880,166.9705904,9.0,43365.8,11.582,112,86,124
2026-07-28T20:33:23Z,-11.6589645,166.9705260,8.8,43376.4,11.620,112,86,124
2026-07-28T20:33:24Z,-11.6590516,166.9704509,8.6,43389.0,11.656,112,86,125
2026-07-28T20:33:25Z,-11.6591214,166.9703865,8.2,43400.1,11.673,113,86,125
2026-07-28T20:33:26Z,-11.6591951,166.9703114,8.0,43411.8,11.682,113,86,124
2026-07-28T20:33:27Z,-11.6592689,166.9702363,7.8,43423.4,11.693,113,86,124
2026-07-28T20:33:28Z,-11.6593453,166.9701397,7.4,43435.6,11.703,114,86,125
2026-07-28T20:33:29Z,-11.6594177,166.9700861,7.2,43447.0,11.708,114,85,124
2026-07-28T20:33:30Z,-11.6594888,166.9699895,7.0,43458.9,11.709,114,85,125
2026-07-28T20:33:31Z,-11.6595532,166.9699144,6.8,43470.5,11.697,114,85,125
2026-07-28T20:33:32Z,-11.6596068,166.9698179,6.6,43482.3,11.664,114,85,125
2026-07-28T20:33:33Z,-11.6596431,166.9697106,6.4,43494.2,11.590,114,86,125
2026-07-28T20:33:34Z,-11.6596565,166.9696033,6.4,43505.3,11.469,114,86,125
2026-07-28T20:33:35Z,-11.6596524,166.9695067,6.4,43517.1,11.288,114,87,125
2026-07-28T20:33:36Z,-11.6596390,166.9694102,6.4,43528.1,11.095,114,88,124
2026-07-28T20:33:37Z,-11.6596243,166.9693029,6.4,43539.0,10.886,114,87,125
2026-07-28T20:33:38Z,-11.6596149,166.9692171,6.4,43549.9,10.694,114,87,124
2026-07-28T20:33:39Z,-11.6596082,166.9691098,6.4,43560.6,10.522,114,87,125
2026-07-28T20:33:40Z,-11.6596001,166.9690132,6.4,43571.1,10.354,114,87,125
2026-07-28T20:33:41Z,-11.6595894,166.9689167,6.4,43581.4,10.191,114,87,125
2026-07-28T20:33:42Z,-11.6595773,166.9688308,6.4,43591.1,10.042,113,87,124
2026-07-28T20:33:43Z,-11.6595666,166.9687343,6.4,43601.4,9.887,113,87,124
2026-07-28T20:33:44Z,-11.6595559,166.9686484,6.4,43611.2,9.747,113,87,124
2026-07-28T20:33:45Z,-11.6595465,166.9685519,6.4,43620.9,9.613,113,87,124
2026-07-28T20:33:46Z,-11.6595411,166.9684768,6.4,43630.3,9.493,114,87,125
2026-07-28T20:33:47Z,-11.6595384,166.9683909,6.4,43639.7,9.377,114,86,124
2026-07-28T20:33:48Z,-11.6595398,166.9683158,6.6,43649.0,9.273,113,87,124
2026-07-28T20:33:49Z,-11.6595452,166.9682193,6.6,43658.1,9.180,113,86,124
2026-07-28T20:33:50Z,-11.6595559,166.9681442,6.4,43667.5,9.098,112,86,125
2026-07-28T20:33:51Z,-11.6595706,166.9680476,6.4,43676.5,9.029,112,86,125
2026-07-28T20:33:52Z,-11.6595894,166.9679725,6.4,43685.2,8.983,112,85,125
2026-07-28T20:33:53Z,-11.6596122,166.9678974,6.4,43694.3,8.864,112,86,124
2026-07-28T20:33:54Z,-11.6596350,166.9678223,6.4,43702.9,8.721,112,86,125
2026-07-28T20:33:55Z,-11.6596551,166.9677365,6.4,43712.3,8.574,112,85,124
2026-07-28T20:33:56Z,-11.6596618,166.9676721,6.4,43720.1,8.454,112,85,124
2026-07-28T20:33:57Z,-11.6596457,166.9675970,6.4,43728.7,8.325,112,84,125
2026-07-28T20:33:58Z,-11.6595961,166.9675326,6.4,43737.0,8.224,112,85,125
2026-07-28T20:33:59Z,-11.6595344,166.9675004,6.4,43745.1,8.214,112,85,124
2026-07-28T20:34:00Z,-11.6594607,166.9674683,6.4,43753.7,8.201,112,84,124
2026-07-28T20:34:01Z,-11.6593923,166.9674468,6.4,43761.6,8.190,112,84,124
2026-07-28T20:34:02Z,-11.6593225,166.9674253,6.4,43769.9,8.180,112,84,125
2026-07-28T20:34:03Z,-11.6592555,166.9673932,6.4,43777.9,8.174,112,84,125
2026-07-28T20:34:04Z,-11.6591831,166.9673610,6.4,43786.4,8.168,113,85,125
2026-07-28T20:34:05Z,-11.6591106,166.9673502,6.4,43794.5,8.161,113,85,125
2026-07-28T20:34:06Z,-11.6590396,166.9673395,6.4,43802.8,8.153,113,85,124
2026-07-28T20:34:07Z,-11.6589712,166.9673073,6.4,43810.6,8.145,113,85,124
2026-07-28T20:34:08Z,-11.6588987,166.9672859,6.4,43819.1,8.150,113,85,124
2026-07-28T20:34:09Z,-11.6588290,166.9672537,6.4,43827.2,8.177,114,84,125
2026-07-28T20:34:10Z,-11.6587619,166.9672430,6.4,43835.2,8.303,114,84,125
2026-07-28T20:34:11Z,-11.6586882,166.9672108,6.4,43843.6,8.402,114,84,125
2026-07-28T20:34:12Z,-11.6586171,166.9672000,6.4,43851.9,8.454,113,83,124
2026-07-28T20:34:13Z,-11.6585420,166.9671679,6.4,43860.5,8.476,113,83,125
2026-07-28T20:34:14Z,-11.6584669,166.9671571,6.4,43869.2,8.480,113,84,125
2026-07-28T20:34:15Z,-11.6583958,166.9671249,6.4,43877.4,8.475,113,84,125
2026-07-28T20:34:16Z,-11.6583221,166.9671035,6.4,43886.0,8.465,113,84,125
2026-07-28T20:34:17Z,-11.6582483,166.9670713,6.4,43894.5,8.450,113,84,125
2026-07-28T20:34:18Z,-11.6581759,166.9670606,6.4,43902.9,8.432,113,83,125
2026-07-28T20:34:19Z,-11.6581048,166.9670284,6.4,43911.2,8.404,113,84,125
2026-07-28T20:34:20Z,-11.6580297,166.9670177,6.4,43919.9,8.345,112,84,125
2026-07-28T20:34:21Z,-11.6579627,166.9669855,6.6,43927.7,8.268,112,84,125
2026-07-28T20:34:22Z,-11.6578929,166.9669640,6.6,43936.0,8.162,112,84,125
2026-07-28T20:34:23Z,-11.6578205,166.9669425,6.8,43944.2,8.038,112,84,125
2026-07-28T20:34:24Z,-11.6577521,166.9669211,6.8,43952.3,7.904,112,84,124
2026-07-28T20:34:25Z,-11.6576837,166.9668889,7.0,43960.2,7.769,112,84,125
2026-07-28T20:34:26Z,-11.6576180,166.9668782,7.2,43967.9,7.644,112,84,124
2026-07-28T20:34:27Z,-11.6575563,166.9668460,7.2,43975.2,7.549,112,84,124
2026-07-28T20:34:28Z,-11.6574892,166.9668353,7.4,43982.9,7.465,112,84,125
2026-07-28T20:34:29Z,-11.6574275,166.9668031,7.4,43990.0,7.451,112,84,124
2026-07-28T20:34:30Z,-11.6573618,166.9667816,7.4,43997.8,7.517,112,84,124
2026-07-28T20:34:31Z,-11.6572988,166.9667602,7.2,44005.2,7.656,112,84,125
2026-07-28T20:34:32Z,-11.6572317,166.9667387,7.0,44013.0,7.868,112,84,125
2026-07-28T20:34:33Z,-11.6571634,166.9667065,6.8,44021.1,8.136,112,85,125
2026-07-28T20:34:34Z,-11.6570909,166.9666958,6.6,44029.6,8.453,112,85,124
2026-07-28T20:34:35Z,-11.6570158,166.9666636,6.0,44038.3,8.955,112,85,125
2026-07-28T20:34:36Z,-11.6569380,166.9666314,5.4,44047.5,9.497,112,85,125
2026-07-28T20:34:37Z,-11.6568562,166.9665992,4.8,44057.0,10.003,112,85,125
2026-07-28T20:34:38Z,-11.6567691,166.9665670,4.2,44067.3,10.490,112,85,124
2026-07-28T20:34:39Z,-11.6566779,166.9665456,3.6,44077.9,10.948,112,85,125
2026-07-28T20:34:40Z,-11.6565786,166.9665134,2.8,44089.5,11.402,112,85,124
2026-07-28T20:34:41Z,-11.6564834,166.9664812,2.2,44100.6,11.793,112,85,124
2026-07-28T20:34:42Z,-11.6563815,166.9664490,1.4,44112.5,12.178,112,85,124
2026-07-28T20:34:43Z,-11.6562715,166.9664061,0.6,44125.5,12.561,112,84,125
2026-07-28T20:34:44Z,-11.6561669,166.9663739,-0.2,44137.6,12.887,112,85,124
2026-07-28T20:34:45Z,-11.6560543,166.9663310,-1.0,44150.7,13.211,112,85,125
2026-07-28T20:34:46Z,-11.6559349,166.9662988,-2.0,44164.8,13.532,112,85,125
2026-07-28T20:34:47Z,-11.6558209,166.9662559,-2.8,44178.0,13.807,112,85,125
2026-07-28T20:34:48Z,-11.6557029,166.9662237,-3.6,44191.8,14.071,112,84,125
2026-07-28T20:34:49Z,-11.6555808,166.9661701,-4.6,44206.1,14.323,112,86,125
2026-07-28T20:34:50Z,-11.6554588,166.9661272,-5.4,44220.3,14.548,111,86,125
2026-07-28T20:34:51Z,-11.6553314,166.9660842,-6.0,44235.3,14.560,111,86,125
2026-07-28T20:34:52Z,-11.6552040,166.9660413,-6.4,44250.0,14.406,111,85,124
2026-07-28T20:34:53Z,-11.6550833,166.9660091,-6.4,44264.1,14.080,111,84,124
2026-07-28T20:34:54Z,-11.6549680,166.9659662,-6.0,44277.7,13.592,111,85,125
2026-07-28T20:34:55Z,-11.6548553,166.9659126,-5.8,44290.9,13.067,111,84,124
2026-07-28T20:34:56Z,-11.6547467,166.9658804,-5.6,44303.7,12.626,111,85,125
2026-07-28T20:34:57Z,-11.6546367,166.9658375,-5.4,44316.5,12.293,111,85,125
2026-07-28T20:34:58Z,-11.6545375,166.9658053,-5.4,44328.2,12.062,111,85,125
2026-07-28T20:34:59Z,-11.6544329,166.9657624,-5.4,44340.3,11.839,110,85,125
2026-07-28T20:35:00Z,-11.6543296,166.9657302,-5.4,44352.5,11.623,110,85,125
2026-07-28T20:35:01Z,-11.6542317,166.9656980,-5.4,44363.9,11.429,111,85,125
2026-07-28T20:35:02Z,-11.6541392,166.9656551,-5.4,44374.8,11.250,111,85,124
2026-07-28T20:35:03Z,-11.6540426,166.9656229,-5.4,44386.2,11.072,111,85,124
2026-07-28T20:35:04Z,-11.6539447,166.9655907,-5.4,44397.7,10.898,111,86,125
2026-07-28T20:35:05Z,-11.6538562,166.9655693,-5.4,44408.0,10.751,111,86,125
2026-07-28T20:35:06Z,-11.6537663,166.9655371,-5.4,44418.4,10.606,111,86,124
2026-07-28T20:35:07Z,-11.6536765,166.9655049,-5.4,44429.0,10.465,111,86,124
2026-07-28T20:35:08Z,-11.6535853,166.9654727,-5.4,44439.6,10.331,111,86,125
2026-07-28T20:35:09Z,-11.6534995,166.9654298,-5.4,44449.9,10.134,111,86,57
2026-07-28T20:35:10Z,-11.6534163,166.9653976,-5.4,44459.6,9.982,111,86,84
2026-07-28T20:35:11Z,-11.6533278,166.9653654,-5.4,44469.9,9.874,111,84,125
2026-07-28T20:35:12Z,-11.6532420,166.9653332,-5.4,44480.0,9.771,111,87,124
2026-07-28T20:35:13Z,-11.6531642,166.9653010,-5.4,44489.1,9.682,0,87,124
2026-07-28T20:35:14Z,-11.6530824,166.9652903,-5.4,44498.9,9.593,0,87,125
2026-07-28T20:35:15Z,-11.6530006,166.9652581,-5.4,44508.4,9.508,0,86,124
2026-07-28T20:35:16Z,-11.6529174,166.9652259,-5.4,44518.3,9.424,0,86,124
2026-07-28T20:35:17Z,-11.6528383,166.9651937,-5.4,44527.6,9.350,0,84,125
2026-07-28T20:35:18Z,-11.6527605,166.9651723,-5.4,44536.6,9.282,0,84,125
2026-07-28T20:35:19Z,-11.6526800,166.9651401,-5.4,44546.2,9.213,0,85,125
2026-07-28T20:35:20Z,-11.6526049,166.9651079,-5.4,44554.9,9.152,0,85,125
2026-07-28T20:35:21Z,-11.6525258,166.9650757,-5.4,44564.4,9.090,0,85,125
2026-07-28T20:35:22Z,-11.6524494,166.9650435,-5.4,44573.4,9.034,0,85,125
2026-07-28T20:35:23Z,-11.6523756,166.9650114,-5.4,44582.3,8.981,0,85,125
2026-07-28T20:35:24Z,-11.6522965,166.9649899,-5.4,44591.6,8.926,0,85,124
2026-07-28T20:35:25Z,-11.6522227,166.9649577,-5.4,44600.4,8.878,0,85,124
2026-07-28T20:35:26Z,-11.6521516,166.9649255,-5.4,44608.9,8.835,0,86,125
2026-07-28T20:35:27Z,-11.6520765,166.9648933,-5.4,44617.8,8.791,0,86,125
2026-07-28T20:35:28Z,-11.6520041,166.9648612,-5.4,44626.4,8.750,0,87,124
2026-07-28T20:35:29Z,-11.6519290,166.9648290,-5.4,44635.2,8.709,112,87,124
2026-07-28T20:35:30Z,-11.6518579,166.9648182,-5.4,44643.8,8.672,112,87,124
2026-07-28T20:35:31Z,-11.6517828,166.9647861,-5.4,44652.6,8.637,112,88,125
2026-07-28T20:35:32Z,-11.6517104,166.9647539,-5.4,44661.4,8.604,112,88,125
2026-07-28T20:35:33Z,-11.6516367,166.9647217,-5.4,44670.1,8.572,112,87,124
2026-07-28T20:35:34Z,-11.6515669,166.9647002,-5.4,44678.3,8.544,111,88,125
2026-07-28T20:35:35Z,-11.6514918,166.9646680,-5.4,44687.2,8.514,111,88,124
2026-07-28T20:35:36Z,-11.6514248,166.9646358,-5.4,44695.4,8.489,111,87,125
2026-07-28T20:35:37Z,-11.6513537,166.9646037,-5.4,44703.9,8.464,110,87,125
2026-07-28T20:35:38Z,-11.6512839,166.9645715,-5.4,44712.3,8.441,110,88,125
2026-07-28T20:35:39Z,-11.6512156,166.9645393,-5.4,44720.6,8.418,110,88,124
2026-07-28T20:35:40Z,-11.6511472,166.9645071,-5.4,44729.0,8.396,110,88,124
2026-07-28T20:35:41Z,-11.6510774,166.9644642,-5.4,44737.7,8.374,110,88,124
2026-07-28T20:35:42Z,-11.6510130,166.9644320,-5.4,44746.0,8.356,110,88,125
2026-07-28T20:35:43Z,-11.6509473,166.9643891,-5.4,44754.5,8.337,110,88,124
2026-07-28T20:35:44Z,-11.6508843,166.9643462,-5.4,44762.9,8.319,111,88,124
2026-07-28T20:35:45Z,-11.6508280,166.9643033,-5.4,44771.1,8.303,110,89,125
2026-07-28T20:35:46Z,-11.6507837,166.9642389,-5.4,44779.4,8.289,110,89,125
2026-07-28T20:35:47Z,-11.6507556,166.9641638,-5.4,44787.8,8.273,110,89,124
2026-07-28T20:35:48Z,-11.6507435,166.9640994,-5.4,44796.0,8.259,110,89,124
2026-07-28T20:35:49Z,-11.6507475,166.9640243,-5.4,44804.2,8.245,110,89,124
2026-07-28T20:35:50Z,-11.6507623,166.9639492,-5.4,44812.5,8.145,110,89,59
2026-07-28T20:35:51Z,-11.6507824,166.9638741,-5.4,44820.4,8.059,110,89,65
2026-07-28T20:35:52Z,-11.6508092,166.9638097,-5.4,44828.6,8.058,109,85,125
2026-07-28T20:35:53Z,-11.6508360,166.9637346,-5.4,44836.7,8.056,109,86,125
2026-07-28T20:35:54Z,-11.6508642,166.9636703,-5.4,44844.4,8.055,109,87,125
2026-07-28T20:35:55Z,-11.6508923,166.9636166,-5.4,44852.4,8.053,108,88,125
2026-07-28T20:35:56Z,-11.6509219,166.9635308,-5.4,44860.6,8.078,108,88,140
2026-07-28T20:35:57Z,-11.6509514,166.9634557,-5.4,44869.0,8.155,108,89,178
2026-07-28T20:35:58Z,-11.6509782,166.9634020,-5.4,44877.0,8.232,109,89,184
2026-07-28T20:35:59Z,-11.6510063,166.9633269,-5.4,44885.2,8.307,109,89,185
2026-07-28T20:36:00Z,-11.6510372,166.9632626,-5.4,44893.8,8.378,109,87,184
2026-07-28T20:36:01Z,-11.6510667,166.9631875,-5.4,44902.0,8.441,110,87,184
2026-07-28T20:36:02Z,-11.6510962,166.9631231,-5.4,44910.2,8.493,111,88,184
2026-07-28T20:36:03Z,-11.6511284,166.9630480,-5.4,44918.7,8.544,111,87,184
2026-07-28T20:36:04Z,-11.6511606,166.9629729,-5.4,44927.5,8.594,112,87,185
2026-07-28T20:36:05Z,-11.6511928,166.9628978,-5.4,44936.1,8.639,112,87,185
2026-07-28T20:36:06Z,-11.6512276,166.9628334,-5.4,44944.9,8.683,113,87,185
2026-07-28T20:36:07Z,-11.6512598,166.9627583,-5.4,44953.6,8.721,113,87,184
2026-07-28T20:36:08Z,-11.6512947,166.9626832,-5.4,44962.4,8.758,114,86,184
2026-07-28T20:36:09Z,-11.6513202,166.9626081,-5.4,44971.1,8.793,114,86,185
2026-07-28T20:36:10Z,-11.6512853,166.9625437,-5.4,44979.9,8.825,114,85,184
2026-07-28T20:36:11Z,-11.6512156,166.9625008,-5.4,44988.7,8.856,115,85,185
2026-07-28T20:36:12Z,-11.6511431,166.9624686,-5.4,44997.4,8.883,114,85,184
2026-07-28T20:36:13Z,-11.6510667,166.9624472,-5.4,45006.4,8.910,115,84,184
2026-07-28T20:36:14Z,-11.6509902,166.9624257,-5.4,45015.4,8.939,115,85,185
2026-07-28T20:36:15Z,-11.6509178,166.9623935,-5.4,45024.2,8.975,115,86,185
2026-07-28T20:36:16Z,-11.6508414,166.9623613,-5.4,45033.2,9.017,115,86,184
2026-07-28T20:36:17Z,-11.6507649,166.9623291,-5.4,45042.4,9.071,116,86,185
2026-07-28T20:36:18Z,-11.6506885,166.9622970,-5.4,45051.5,9.129,116,86,185
2026-07-28T20:36:19Z,-11.6506094,166.9622648,-5.4,45060.8,9.184,116,86,184
2026-07-28T20:36:20Z,-11.6505329,166.9622433,-5.4,45069.8,9.200,116,86,185
2026-07-28T20:36:21Z,-11.6504551,166.9622111,-5.4,45078.9,9.208,117,86,185
2026-07-28T20:36:22Z,-11.6503787,166.9621789,-5.4,45088.0,9.216,118,86,185
2026-07-28T20:36:23Z,-11.6502942,166.9621468,-5.4,45097.7,9.224,119,87,185
2026-07-28T20:36:24Z,-11.6502178,166.9621360,-5.4,45106.5,9.230,119,86,185
2026-07-28T20:36:25Z,-11.6501386,166.9621038,-5.4,45115.8,9.237,119,86,185
2026-07-28T20:36:26Z,-11.6500595,166.9620717,-5.4,45125.1,9.241,119,85,183
2026-07-28T20:36:27Z,-11.6499777,166.9620395,-5.4,45134.7,9.241,119,86,179
2026-07-28T20:36:28Z,-11.6499040,166.9620073,-5.4,45143.4,9.239,120,86,179
2026-07-28T20:36:29Z,-11.6498221,166.9619751,-5.4,45152.9,9.238,120,85,179
2026-07-28T20:36:30Z,-11.6497457,166.9619644,-5.4,45162.0,9.238,120,85,180
2026-07-28T20:36:31Z,-11.6496693,166.9619322,-5.4,45170.9,9.237,120,85,179
2026-07-28T20:36:32Z,-11.6495888,166.9619000,-5.4,45180.3,9.236,120,85,179
2026-07-28T20:36:33Z,-11.6495070,166.9618678,-5.4,45189.8,9.237,120,86,180
2026-07-28T20:36:34Z,-11.6494305,166.9618464,-5.4,45198.8,9.236,120,87,179
2026-07-28T20:36:35Z,-11.6493487,166.9618249,-5.4,45208.2,9.235,121,88,179
2026-07-28T20:36:36Z,-11.6492710,166.9617927,-5.4,45217.1,9.234,121,88,179
2026-07-28T20:36:37Z,-11.6491918,166.9617605,-5.4,45226.3,9.234,121,88,180
2026-07-28T20:36:38Z,-11.6491087,166.9617498,-5.4,45235.9,9.235,121,88,180
2026-07-28T20:36:39Z,-11.6490296,166.9617391,-5.4,45244.9,9.235,122,88,180
2026-07-28T20:36:40Z,-11.6489491,166.9617069,-5.4,45254.1,9.234,122,89,179
2026-07-28T20:36:41Z,-11.6488659,166.9616854,-5.4,45263.5,9.232,123,89,178
2026-07-28T20:36:42Z,-11.6487868,166.9616747,-5.4,45272.4,9.231,123,87,178
2026-07-28T20:36:43Z,-11.6487050,166.9616640,-5.4,45281.7,9.231,123,85,180
2026-07-28T20:36:44Z,-11.6486192,166.9616425,-5.4,45291.3,9.232,123,84,180
2026-07-28T20:36:45Z,-11.6485360,166.9616318,-5.4,45300.6,9.231,123,86,179
2026-07-28T20:36:46Z,-11.6484569,166.9616103,-5.4,45309.6,9.232,123,86,180
2026-07-28T20:36:47Z,-11.6483751,166.9615781,-5.4,45318.8,9.231,123,87,179
2026-07-28T20:36:48Z,-11.6482906,166.9615674,-5.4,45328.3,9.232,123,88,180
2026-07-28T20:36:49Z,-11.6482101,166.9615567,-5.4,45337.5,9.231,123,88,179
2026-07-28T20:36:50Z,-11.6481283,166.9615352,-5.4,45346.7,9.230,123,89,179
2026-07-28T20:36:51Z,-11.6480492,166.9615245,-5.4,45355.6,9.230,123,88,179
2026-07-28T20:36:52Z,-11.6479647,166.9615030,-5.4,45365.0,9.229,123,85,179
2026-07-28T20:36:53Z,-11.6478829,166.9615030,-5.4,45374.1,9.230,124,85,180
2026-07-28T20:36:54Z,-11.6477984,166.9614923,-5.4,45383.5,9.231,124,85,180
2026-07-28T20:36:55Z,-11.6477166,166.9614923,-5.4,45392.5,9.230,123,85,179
2026-07-28T20:36:56Z,-11.6476348,166.9614923,-5.4,45401.6,9.228,123,85,178
2026-07-28T20:36:57Z,-11.6475476,166.9614923,-5.4,45411.3,9.223,123,85,175
2026-07-28T20:36:58Z,-11.6474685,166.9615030,-5.4,45420.2,9.217,123,86,174
2026-07-28T20:36:59Z,-11.6473880,166.9615245,-5.4,45429.3,9.213,123,85,175
2026-07-28T20:37:00Z,-11.6473076,166.9615567,-5.4,45438.5,9.209,123,85,175
2026-07-28T20:37:01Z,-11.6472298,166.9615781,-5.4,45447.8,9.205,123,85,175
2026-07-28T20:37:02Z,-11.6471547,166.9616103,-5.4,45457.0,9.200,123,85,174
2026-07-28T20:37:03Z,-11.6470796,166.9616640,-5.4,45466.6,9.195,123,86,174
2026-07-28T20:37:04Z,-11.6470125,166.9617069,-5.4,45475.7,9.191,123,86,174
2026-07-28T20:37:05Z,-11.6469495,166.9617605,-5.4,45484.8,9.187,123,86,174
2026-07-28T20:37:06Z,-11.6468892,166.9618249,-5.4,45494.1,9.184,123,86,175
2026-07-28T20:37:07Z,-11.6468301,166.9618893,-5.4,45503.4,9.181,0,86,175
2026-07-28T20:37:08Z,-11.6467765,166.9619322,-5.4,45512.1,9.179,0,87,175
2026-07-28T20:37:09Z,-11.6467188,166.9620073,-5.4,45521.8,9.177,0,86,175
2026-07-28T20:37:10Z,-11.6466652,166.9620717,-5.4,45530.9,9.174,0,86,174
2026-07-28T20:37:11Z,-11.6466156,166.9621360,-5.4,45539.8,9.170,0,86,173
2026-07-28T20:37:12Z,-11.6465633,166.9622111,-5.4,45549.1,9.161,0,85,169
2026-07-28T20:37:13Z,-11.6465110,166.9622648,-5.4,45558.6,9.152,0,85,170
2026-07-28T20:37:14Z,-11.6464627,166.9623291,-5.4,45567.3,9.146,0,85,170
2026-07-28T20:37:15Z,-11.6464131,166.9624043,-5.4,45576.6,9.139,0,86,169
2026-07-28T20:37:16Z,-11.6463648,166.9624686,-5.4,45585.4,9.133,0,86,170
2026-07-28T20:37:17Z,-11.6463165,166.9625330,-5.4,45594.6,9.127,0,86,169
2026-07-28T20:37:18Z,-11.6462655,166.9626081,-5.4,45603.9,9.120,0,86,169
2026-07-28T20:37:19Z,-11.6462199,166.9626617,-5.4,45612.4,9.116,0,87,170
2026-07-28T20:37:20Z,-11.6461650,166.9627368,-5.4,45622.4,9.110,0,87,169
2026-07-28T20:37:21Z,-11.6461153,166.9628012,-5.4,45631.2,9.106,0,88,170
2026-07-28T20:37:22Z,-11.6460644,166.9628656,-5.4,45640.3,9.101,0,87,169
2026-07-28T20:37:23Z,-11.6460107,166.9629300,-5.4,45649.6,9.096,0,86,169
2026-07-28T20:37:24Z,-11.6459584,166.9629836,-5.4,45658.4,9.092,0,86,169
2026-07-28T20:37:25Z,-11.6459034,166.9630480,-5.4,45667.3,9.089,0,86,170
2026-07-28T20:37:26Z,-11.6458404,166.9631124,-5.4,45676.9,9.086,0,87,170
2026-07-28T20:37:27Z,-11.6457787,166.9631660,-5.4,45685.9,9.082,0,85,169
2026-07-28T20:37:28Z,-11.6457143,166.9632196,-5.4,45695.0,9.080,0,86,170
2026-07-28T20:37:29Z,-11.6456459,166.9632626,-5.4,45704.1,9.077,0,86,169
2026-07-28T20:37:30Z,-11.6455802,166.9633055,-5.4,45712.9,9.075,0,86,170
2026-07-28T20:37:31Z,-11.6455092,166.9633484,-5.4,45721.9,9.073,0,87,170
2026-07-28T20:37:32Z,-11.6454381,166.9633806,-5.4,45730.8,9.071,0,87,170
2026-07-28T20:37:33Z,-11.6453643,166.9634235,-5.4,45739.9,9.069,0,87,170
2026-07-28T20:37:34Z,-11.6452892,166.9634557,-5.4,45749.0,9.068,0,87,170
2026-07-28T20:37:35Z,-11.6452101,166.9634879,-5.4,45758.3,9.074,0,87,169
2026-07-28T20:37:36Z,-11.6451296,166.9635201,-5.4,45767.6,9.189,126,88,170
2026-07-28T20:37:37Z,-11.6450492,166.9635308,-5.4,45776.8,9.289,126,87,169
2026-07-28T20:37:38Z,-11.6449687,166.9635522,-5.4,45785.7,9.349,126,86,169
2026-07-28T20:37:39Z,-11.6448855,166.9635522,-5.4,45795.1,9.412,126,86,170
2026-07-28T20:37:40Z,-11.6447957,166.9635630,-5.4,45805.0,9.460,126,86,170
2026-07-28T20:37:41Z,-11.6447099,166.9635630,-5.4,45814.5,9.495,126,88,170
2026-07-28T20:37:42Z,-11.6446294,166.9635522,-5.4,45823.5,9.507,125,88,165
2026-07-28T20:37:43Z,-11.6445395,166.9635522,-5.4,45833.5,9.521,125,88,164
2026-07-28T20:37:44Z,-11.6444577,166.9635308,-5.4,45842.7,9.527,125,88,143
2026-07-28T20:37:45Z,-11.6443706,166.9635201,-5.4,45852.5,9.555,125,88,142
2026-07-28T20:37:46Z,-11.6442887,166.9634879,-5.4,45861.8,9.604,124,82,164
2026-07-28T20:37:47Z,-11.6442069,166.9634771,-5.4,45871.3,9.634,124,82,165
2026-07-28T20:37:48Z,-11.6441211,166.9634235,-5.4,45881.5,9.666,124,82,164
2026-07-28T20:37:49Z,-11.6440433,166.9634020,-5.4,45890.7,9.688,124,83,164
2026-07-28T20:37:50Z,-11.6439642,166.9633698,-5.4,45900.4,9.711,124,83,164
2026-07-28T20:37:51Z,-11.6438878,166.9633269,-5.4,45910.1,9.727,123,83,164
2026-07-28T20:37:52Z,-11.6438073,166.9632733,-5.4,45920.6,9.744,123,84,164
2026-07-28T20:37:53Z,-11.6437402,166.9632304,-5.4,45929.7,9.751,123,84,164
2026-07-28T20:37:54Z,-11.6436651,166.9631660,-5.4,45939.8,9.757,123,84,165
2026-07-28T20:37:55Z,-11.6435967,166.9631231,-5.4,45949.4,9.761,122,84,164
2026-07-28T20:37:56Z,-11.6435310,166.9630587,-5.4,45958.9,9.760,122,85,163
2026-07-28T20:37:57Z,-11.6434653,166.9630051,-5.4,45968.7,9.756,122,85,160
2026-07-28T20:37:58Z,-11.6434036,166.9629407,-5.4,45978.3,9.749,122,84,159
2026-07-28T20:37:59Z,-11.6433433,166.9628656,-5.4,45988.2,9.744,121,84,160
2026-07-28T20:38:00Z,-11.6432910,166.9628012,-5.4,45997.9,9.736,121,85,159
2026-07-28T20:38:01Z,-11.6432427,166.9627261,-5.4,46007.5,9.730,121,85,160
2026-07-28T20:38:02Z,-11.6431957,166.9626510,-5.4,46017.6,9.724,121,86,160
2026-07-28T20:38:03Z,-11.6431555,166.9625759,-5.4,46026.9,9.720,121,87,160
2026-07-28T20:38:04Z,-11.6431153,166.9625008,-5.4,46036.7,9.717,121,87,159
2026-07-28T20:38:05Z,-11.6430777,166.9624043,-5.4,46046.6,9.692,121,87,139
2026-07-28T20:38:06Z,-11.6430415,166.9623291,-5.4,46056.1,9.672,121,87,139
2026-07-28T20:38:07Z,-11.6430040,166.9622540,-5.4,46065.8,9.679,121,85,159
2026-07-28T20:38:08Z,-11.6429664,166.9621575,-5.4,46075.7,9.685,121,84,160
2026-07-28T20:38:09Z,-11.6429302,166.9620824,-5.4,46085.3,9.692,121,83,160
2026-07-28T20:38:10Z,-11.6428940,166.9620073,-5.4,46094.9,9.692,121,84,160
2026-07-28T20:38:11Z,-11.6428564,166.9619322,-5.4,46104.5,9.671,121,84,160
2026-07-28T20:38:12Z,-11.6428162,166.9618464,-5.4,46114.6,9.654,120,85,159
2026-07-28T20:38:13Z,-11.6427773,166.9617605,-5.4,46124.0,9.608,121,85,160
2026-07-28T20:38:14Z,-11.6427344,166.9616854,-5.4,46133.8,9.560,120,85,158
2026-07-28T20:38:15Z,-11.6426902,166.9616318,-5.4,46142.9,9.518,120,83,158
2026-07-28T20:38:16Z,-11.6426378,166.9615567,-5.4,46152.9,9.475,120,81,159
2026-07-28T20:38:17Z,-11.6425855,166.9614923,-5.4,46161.8,9.441,120,81,161
2026-07-28T20:38:18Z,-11.6425252,166.9614279,-5.4,46171.4,9.406,120,82,160
2026-07-28T20:38:19Z,-11.6424581,166.9613636,-5.6,46181.0,9.383,121,83,159
2026-07-28T20:38:20Z,-11.6423911,166.9613206,-5.6,46190.2,9.380,121,84,159
2026-07-28T20:38:21Z,-11.6423187,166.9612777,-5.6,46199.6,9.393,121,84,159
2026-07-28T20:38:22Z,-11.6422449,166.9612348,-5.6,46208.8,9.414,121,83,159
2026-07-28T20:38:23Z,-11.6421685,166.9612026,-5.8,46218.1,9.441,121,81,159
2026-07-28T20:38:24Z,-11.6420867,166.9611704,-5.8,46227.8,9.470,121,80,160
2026-07-28T20:38:25Z,-11.6420075,166.9611382,-5.8,46237.1,9.493,121,81,160
2026-07-28T20:38:26Z,-11.6419257,166.9611061,-5.8,46246.7,9.504,121,83,158
2026-07-28T20:38:27Z,-11.6418412,166.9610739,-6.0,46256.3,9.500,121,82,155
2026-07-28T20:38:28Z,-11.6417594,166.9610631,-6.0,46265.7,9.480,121,82,155
2026-07-28T20:38:29Z,-11.6416763,166.9610524,-6.0,46275.1,9.442,120,82,155
2026-07-28T20:38:30Z,-11.6415972,166.9610202,-6.0,46284.1,9.385,120,83,154
2026-07-28T20:38:31Z,-11.6415073,166.9609988,-5.8,46294.2,9.298,119,83,154
2026-07-28T20:38:32Z,-11.6414295,166.9609880,-5.8,46303.2,9.196,119,83,154
2026-07-28T20:38:33Z,-11.6413437,166.9609773,-5.6,46312.7,9.061,119,83,154
2026-07-28T20:38:34Z,-11.6412672,166.9609451,-5.6,46321.6,8.911,119,83,154
2026-07-28T20:38:35Z,-11.6411908,166.9609237,-5.4,46330.2,8.678,119,84,154
2026-07-28T20:38:36Z,-11.6411170,166.9609129,-5.0,46338.6,8.374,119,83,154
2026-07-28T20:38:37Z,-11.6410446,166.9608915,-4.8,46346.6,8.090,119,83,155
2026-07-28T20:38:38Z,-11.6409735,166.9608915,-4.6,46354.6,7.809,119,84,154
2026-07-28T20:38:39Z,-11.6409025,166.9608808,-4.2,46362.6,7.540,119,84,154
2026-07-28T20:38:40Z,-11.6408354,166.9608700,-4.0,46370.0,7.295,119,85,154
2026-07-28T20:38:41Z,-11.6407737,166.9608486,-3.8,46377.1,7.070,119,84,155
2026-07-28T20:38:42Z,-11.6407093,166.9608486,-3.6,46384.3,6.850,119,84,155
2026-07-28T20:38:43Z,-11.6406476,166.9608378,-3.4,46391.0,6.649,120,85,155
2026-07-28T20:38:44Z,-11.6405913,166.9608164,-3.2,46397.4,6.468,120,85,155
2026-07-28T20:38:45Z,-11.6405350,166.9608057,-3.0,46403.9,6.290,120,86,155
2026-07-28T20:38:46Z,-11.6404800,166.9608057,-2.8,46410.1,6.125,120,85,154
2026-07-28T20:38:47Z,-11.6404264,166.9607842,-2.6,46416.0,5.978,120,85,155
2026-07-28T20:38:48Z,-11.6403727,166.9607735,-2.4,46422.1,5.832,120,85,155
2026-07-28T20:38:49Z,-11.6403204,166.9607735,-2.2,46427.9,5.713,120,86,154
2026-07-28T20:38:50Z,-11.6402721,166.9607627,-2.0,46433.4,5.615,120,87,154
2026-07-28T20:38:51Z,-11.6402239,166.9607413,-1.8,46438.9,5.522,119,86,154
2026-07-28T20:38:52Z,-11.6401756,166.9607413,-1.6,46444.3,5.455,119,85,155
2026-07-28T20:38:53Z,-11.6401260,166.9607413,-1.4,46449.8,5.383,119,85,154
2026-07-28T20:38:54Z,-11.6400777,166.9607306,-1.2,46455.2,5.310,119,85,154
2026-07-28T20:38:55Z,-11.6400307,166.9607091,-1.0,46460.5,5.243,119,86,154
2026-07-28T20:38:56Z,-11.6399838,166.9607091,-0.8,46465.7,5.179,119,85,152
2026-07-28T20:38:57Z,-11.6399382,166.9606984,-0.6,46470.9,5.107,118,85,150
2026-07-28T20:38:58Z,-11.6398926,166.9606984,-0.6,46476.0,5.044,118,85,149
2026-07-28T20:38:59Z,-11.6398484,166.9606769,-0.4,46480.9,4.985,118,84,149
2026-07-28T20:39:00Z,-11.6398054,166.9606769,-0.2,46485.8,4.925,118,85,150
2026-07-28T20:39:01Z,-11.6397625,166.9606662,0.0,46490.7,4.870,118,86,150
2026-07-28T20:39:02Z,-11.6397169,166.9606662,0.2,46495.7,4.822,119,85,150
2026-07-28T20:39:03Z,-11.6396753,166.9606555,0.2,46500.4,4.780,119,85,149
2026-07-28T20:39:04Z,-11.6396324,166.9606555,0.4,46505.3,4.736,119,85,149
2026-07-28T20:39:05Z,-11.6395909,166.9606340,0.6,46509.8,4.746,119,84,148
2026-07-28T20:39:06Z,-11.6395479,166.9606340,0.6,46514.7,4.785,118,83,128
2026-07-28T20:39:07Z,-11.6395050,166.9606233,0.8,46519.5,4.743,118,83,85
2026-07-28T20:39:08Z,-11.6394648,166.9606018,0.8,46524.2,4.604,118,83,35
2026-07-28T20:39:09Z,-11.6394232,166.9606018,0.8,46528.8,4.685,117,60,117
2026-07-28T20:39:10Z,-11.6393830,166.9605911,1.0,46533.4,4.855,116,71,150
2026-07-28T20:39:11Z,-11.6393387,166.9605803,1.0,46538.5,5.042,115,72,148
2026-07-28T20:39:12Z,-11.6392945,166.9605803,1.0,46543.6,5.237,115,74,145
2026-07-28T20:39:13Z,-11.6392475,166.9605589,1.0,46548.9,5.444,114,75,145
2026-07-28T20:39:14Z,-11.6391993,166.9605482,1.0,46554.4,5.668,114,75,145
2026-07-28T20:39:15Z,-11.6391483,166.9605267,0.8,46560.4,5.917,114,75,145
2026-07-28T20:39:16Z,-11.6390960,166.9605160,0.8,46566.4,6.172,114,76,145
2026-07-28T20:39:17Z,-11.6390410,166.9604945,0.8,46572.7,6.427,114,76,144
2026-07-28T20:39:18Z,-11.6389847,166.9604838,0.6,46579.2,6.669,114,75,144
2026-07-28T20:39:19Z,-11.6389270,166.9604731,0.6,46586.0,6.884,114,75,144
2026-07-28T20:39:20Z,-11.6388680,166.9604409,0.6,46592.8,7.048,114,75,144
2026-07-28T20:39:21Z,-11.6388063,166.9604194,0.6,46600.1,7.162,114,76,145
2026-07-28T20:39:22Z,-11.6387446,166.9603872,0.6,46607.3,7.240,114,75,145
2026-07-28T20:39:23Z,-11.6386829,166.9603765,0.6,46614.4,7.310,114,75,144
2026-07-28T20:39:24Z,-11.6386186,166.9603658,0.6,46622.1,7.403,114,76,145
2026-07-28T20:39:25Z,-11.6385555,166.9603336,0.6,46629.4,7.576,114,76,144
2026-07-28T20:39:26Z,-11.6384925,166.9603014,0.6,46636.9,7.760,114,77,144
2026-07-28T20:39:27Z,-11.6384254,166.9602692,0.6,46645.1,7.884,114,76,144
2026-07-28T20:39:28Z,-11.6383597,166.9602370,0.6,46653.0,7.967,114,76,144
2026-07-28T20:39:29Z,-11.6382967,166.9602263,0.6,46660.6,8.027,113,76,144
2026-07-28T20:39:30Z,-11.6382243,166.9601941,0.6,46669.1,8.078,113,76,144
2026-07-28T20:39:31Z,-11.6381612,166.9601619,0.6,46677.1,8.116,114,76,144
2026-07-28T20:39:32Z,-11.6380955,166.9601190,0.6,46685.4,8.149,114,76,144
2026-07-28T20:39:33Z,-11.6380338,166.9600868,0.6,46693.1,8.175,114,76,145
2026-07-28T20:39:34Z,-11.6379668,166.9600546,0.6,46701.4,8.197,114,76,145
2026-07-28T20:39:35Z,-11.6379037,166.9600117,0.6,46709.5,8.214,114,76,145
2026-07-28T20:39:36Z,-11.6378380,166.9599795,0.6,46718.0,8.230,114,77,144
2026-07-28T20:39:37Z,-11.6377763,166.9599366,0.6,46725.9,8.245,114,76,145
2026-07-28T20:39:38Z,-11.6377133,166.9599044,0.6,46734.1,8.258,114,75,144
2026-07-28T20:39:39Z,-11.6376543,166.9598615,0.6,46742.5,8.271,114,75,144
2026-07-28T20:39:40Z,-11.6375966,166.9597971,0.6,46750.9,8.283,115,75,144
2026-07-28T20:39:41Z,-11.6375376,166.9597542,0.6,46759.4,8.295,114,77,144
2026-07-28T20:39:42Z,-11.6374813,166.9597006,0.6,46767.6,8.302,114,76,141
2026-07-28T20:39:43Z,-11.6374290,166.9596469,0.6,46775.8,8.305,115,77,139
2026-07-28T20:39:44Z,-11.6373780,166.9596040,0.6,46784.2,8.308,115,77,139
2026-07-28T20:39:45Z,-11.6373311,166.9595397,0.6,46792.2,8.311,115,76,139
2026-07-28T20:39:46Z,-11.6372842,166.9594753,0.6,46800.5,8.315,114,75,140
2026-07-28T20:39:47Z,-11.6372372,166.9594109,0.6,46808.9,8.318,114,76,140
2026-07-28T20:39:48Z,-11.6371930,166.9593573,0.6,46817.1,8.320,114,77,139
2026-07-28T20:39:49Z,-11.6371500,166.9592929,0.6,46825.6,8.323,114,77,139
2026-07-28T20:39:50Z,-11.6371071,166.9592285,0.6,46834.2,8.325,114,76,139
2026-07-28T20:39:51Z,-11.6370696,166.9591534,0.6,46842.4,8.330,114,77,140
2026-07-28T20:39:52Z,-11.6370334,166.9590998,0.6,46850.5,8.333,114,77,139
2026-07-28T20:39:53Z,-11.6369972,166.9590354,0.6,46858.9,8.338,115,77,140
2026-07-28T20:39:54Z,-11.6369623,166.9589603,0.4,46867.5,8.349,115,76,140
2026-07-28T20:39:55Z,-11.6369328,166.9588959,0.4,46875.8,8.367,115,76,139
2026-07-28T20:39:56Z,-11.6369060,166.9588208,0.4,46884.1,8.390,115,77,139
2026-07-28T20:39:57Z,-11.6368805,166.9587457,0.4,46892.4,8.408,115,77,135
2026-07-28T20:39:58Z,-11.6368577,166.9586706,0.4,46901.0,8.424,114,77,134
2026-07-28T20:39:59Z,-11.6368376,166.9586062,0.4,46909.3,8.435,114,77,135
2026-07-28T20:40:00Z,-11.6368188,166.9585311,0.4,46917.8,8.436,114,77,134
2026-07-28T20:40:01Z,-11.6368014,166.9584346,0.4,46926.5,8.423,114,78,135
2026-07-28T20:40:02Z,-11.6367880,166.9583809,0.4,46934.7,8.392,114,77,134
2026-07-28T20:40:03Z,-11.6367759,166.9583058,0.4,46943.0,8.338,114,78,135
2026-07-28T20:40:04Z,-11.6367652,166.9582307,0.6,46951.5,8.254,114,78,134
2026-07-28T20:40:05Z,-11.6367584,166.9581449,0.6,46959.5,8.156,114,78,135
2026-07-28T20:40:06Z,-11.6367558,166.9580698,0.8,46967.7,8.037,114,78,134
2026-07-28T20:40:07Z,-11.6367544,166.9579947,0.8,46975.8,7.905,114,79,134
2026-07-28T20:40:08Z,-11.6367558,166.9579303,1.0,46983.3,7.745,114,78,115
2026-07-28T20:40:09Z,-11.6367584,166.9578552,1.2,46991.0,7.599,114,78,133
2026-07-28T20:40:10Z,-11.6367625,166.9578016,1.2,46998.5,7.455,114,78,135
2026-07-28T20:40:11Z,-11.6367692,166.9577265,1.4,47006.0,7.310,114,80,134
2026-07-28T20:40:12Z,-11.6367732,166.9576621,1.6,47013.1,7.176,114,80,134
2026-07-28T20:40:13Z,-11.6367786,166.9575870,1.8,47020.4,7.030,114,79,134
2026-07-28T20:40:14Z,-11.6367866,166.9575226,1.8,47027.3,6.881,114,78,135
2026-07-28T20:40:15Z,-11.6367960,166.9574583,2.0,47033.9,6.731,115,78,135
2026-07-28T20:40:16Z,-11.6368081,166.9574046,2.2,47040.7,6.570,115,79,135
2026-07-28T20:40:17Z,-11.6368201,166.9573510,2.4,47047.1,6.421,115,80,135
2026-07-28T20:40:18Z,-11.6368322,166.9572973,2.6,47053.6,6.270,115,80,134
2026-07-28T20:40:19Z,-11.6368443,166.9572330,2.8,47059.7,6.139,115,81,134
2026-07-28T20:40:20Z,-11.6368577,166.9571900,2.8,47065.7,6.023,115,81,134
2026-07-28T20:40:21Z,-11.6368698,166.9571257,3.0,47071.8,5.911,115,81,134
2026-07-28T20:40:22Z,-11.6368805,166.9570827,3.2,47077.7,5.776,115,79,134
2026-07-28T20:40:23Z,-11.6368926,166.9570184,3.4,47083.3,5.632,115,78,134
2026-07-28T20:40:24Z,-11.6369046,166.9569755,3.6,47088.9,5.496,115,78,135
2026-07-28T20:40:25Z,-11.6369167,166.9569325,3.8,47094.3,5.396,114,78,135
2026-07-28T20:40:26Z,-11.6369274,166.9568789,3.8,47099.7,5.334,114,79,133
2026-07-28T20:40:27Z,-11.6369408,166.9568360,4.0,47105.0,5.308,114,79,130
2026-07-28T20:40:28Z,-11.6369516,166.9567931,4.0,47110.4,5.318,114,80,130
2026-07-28T20:40:29Z,-11.6369610,166.9567502,4.2,47115.4,5.351,114,80,129
2026-07-28T20:40:30Z,-11.6369717,166.9566858,4.2,47121.0,5.410,114,80,129
2026-07-28T20:40:31Z,-11.6369797,166.9566429,4.2,47126.3,5.481,114,79,129
2026-07-28T20:40:32Z,-11.6369905,166.9565892,4.2,47132.1,5.569,114,80,129
2026-07-28T20:40:33Z,-11.6369998,166.9565463,4.4,47137.5,5.655,114,80,130
2026-07-28T20:40:34Z,-11.6370092,166.9564819,4.4,47143.2,5.744,0,81,130
2026-07-28T20:40:35Z,-11.6370186,166.9564390,4.4,47149.1,5.833,0,81,129
2026-07-28T20:40:36Z,-11.6370280,166.9563746,4.4,47155.1,5.922,0,82,130
2026-07-28T20:40:37Z,-11.6370374,166.9563317,4.4,47161.0,6.006,0,82,129
2026-07-28T20:40:38Z,-11.6370481,166.9562674,4.4,47167.0,6.088,0,81,129
2026-07-28T20:40:39Z,-11.6370575,166.9562244,4.6,47173.0,6.166,0,80,129
2026-07-28T20:40:40Z,-11.6370696,166.9561708,4.6,47179.6,6.248,0,79,129
2026-07-28T20:40:41Z,-11.6370790,166.9561064,4.6,47185.6,6.319,0,79,129
2026-07-28T20:40:42Z,-11.6370897,166.9560635,4.6,47191.9,6.392,0,77,130
2026-07-28T20:40:43Z,-11.6370991,166.9559991,4.6,47198.6,6.464,113,76,130
2026-07-28T20:40:44Z,-11.6371085,166.9559348,4.6,47204.9,6.528,112,76,130
2026-07-28T20:40:45Z,-11.6371152,166.9558704,4.6,47211.5,6.591,112,76,130
2026-07-28T20:40:46Z,-11.6371259,166.9558167,4.6,47218.2,6.650,112,76,130
2026-07-28T20:40:47Z,-11.6371393,166.9557524,4.6,47225.0,6.709,112,77,130
2026-07-28T20:40:48Z,-11.6371514,166.9556880,4.6,47231.6,6.764,112,78,130
2026-07-28T20:40:49Z,-11.6371581,166.9556344,4.6,47238.0,6.814,112,78,130
2026-07-28T20:40:50Z,-11.6371621,166.9555700,4.8,47245.0,6.862,112,78,129
2026-07-28T20:40:51Z,-11.6371286,166.9555271,4.8,47251.9,6.940,112,78,130
2026-07-28T20:40:52Z,-11.6370682,166.9555056,4.6,47258.9,7.062,112,77,130
2026-07-28T20:40:53Z,-11.6370012,166.9554949,4.6,47266.3,7.184,112,78,129
2026-07-28T20:40:54Z,-11.6369382,166.9554949,4.6,47273.3,7.289,112,78,129
2026-07-28T20:40:55Z,-11.6368711,166.9554842,4.6,47280.8,7.391,112,79,129
2026-07-28T20:40:56Z,-11.6368081,166.9554627,4.4,47288.1,7.499,112,80,129
2026-07-28T20:40:57Z,-11.6367424,166.9554520,4.4,47295.6,7.616,112,78,124
2026-07-28T20:40:58Z,-11.6366766,166.9554198,4.4,47303.4,7.751,112,77,124
2026-07-28T20:40:59Z,-11.6366136,166.9553876,4.2,47311.3,7.907,113,77,124
2026-07-28T20:41:00Z,-11.6365613,166.9553447,4.0,47318.9,8.088,113,78,124
2026-07-28T20:41:01Z,-11.6365211,166.9552803,3.8,47327.4,8.319,112,78,125
2026-07-28T20:41:02Z,-11.6365077,166.9552052,3.6,47335.7,8.541,112,78,125
2026-07-28T20:41:03Z,-11.6365184,166.9551301,3.4,47344.5,8.731,112,78,124
2026-07-28T20:41:04Z,-11.6365439,166.9550550,3.2,47353.5,8.881,112,78,124
2026-07-28T20:41:05Z,-11.6365854,166.9549799,3.2,47362.0,8.979,112,78,125
2026-07-28T20:41:06Z,-11.6366445,166.9549155,3.0,47371.3,9.063,112,79,125
2026-07-28T20:41:07Z,-11.6367088,166.9548726,2.8,47380.5,9.131,112,78,125
2026-07-28T20:41:08Z,-11.6367745,166.9548190,2.8,47389.3,9.184,112,78,125
2026-07-28T20:41:09Z,-11.6368483,166.9547760,2.6,47399.1,9.234,112,79,124
2026-07-28T20:41:10Z,-11.6369180,166.9547331,2.6,47408.2,9.275,112,78,124
2026-07-28T20:41:11Z,-11.6369864,166.9546902,2.4,47417.4,9.309,112,78,123
2026-07-28T20:41:12Z,-11.6370562,166.9546366,2.4,47426.6,9.337,113,76,119
2026-07-28T20:41:13Z,-11.6371219,166.9545829,2.2,47435.8,9.362,113,76,119
2026-07-28T20:41:14Z,-11.6371889,166.9545293,2.2,47445.4,9.386,113,76,119
2026-07-28T20:41:15Z,-11.6372506,166.9544756,2.0,47454.8,9.409,113,75,119
2026-07-28T20:41:16Z,-11.6373043,166.9544005,2.0,47464.1,9.432,112,75,120
2026-07-28T20:41:17Z,-11.6373499,166.9543147,1.8,47473.9,9.454,112,76,120
2026-07-28T20:41:18Z,-11.6373754,166.9542396,1.8,47482.9,9.468,112,76,119
2026-07-28T20:41:19Z,-11.6373767,166.9541645,1.6,47492.5,9.471,112,77,120
2026-07-28T20:41:20Z,-11.6373499,166.9540787,1.6,47501.8,9.450,112,78,119
2026-07-28T20:41:21Z,-11.6373056,166.9540036,1.6,47511.5,9.407,112,78,119
2026-07-28T20:41:22Z,-11.6372547,166.9539392,1.6,47520.8,9.333,112,79,102
2026-07-28T20:41:23Z,-11.6371983,166.9538748,1.6,47529.9,9.256,112,79,102
2026-07-28T20:41:24Z,-11.6371380,166.9538105,1.6,47539.2,9.194,112,77,119
2026-07-28T20:41:25Z,-11.6370709,166.9537568,1.6,47548.9,9.129,112,76,119
2026-07-28T20:41:26Z,-11.6370092,166.9537139,1.6,47557.7,9.070,111,76,119
2026-07-28T20:41:27Z,-11.6369462,166.9536602,1.6,47566.5,9.012,111,76,120
2026-07-28T20:41:28Z,-11.6368791,166.9536173,1.6,47575.5,8.952,111,77,119
2026-07-28T20:41:29Z,-11.6368121,166.9535744,1.6,47584.5,8.894,111,77,119
2026-07-28T20:41:30Z,-11.6367464,166.9535208,1.6,47593.3,8.840,111,77,120
2026-07-28T20:41:31Z,-11.6366833,166.9534779,1.6,47601.9,8.787,111,77,119
2026-07-28T20:41:32Z,-11.6366136,166.9534242,1.6,47611.2,8.732,112,77,119
2026-07-28T20:41:33Z,-11.6365506,166.9533706,1.6,47619.7,8.682,112,77,119
2026-07-28T20:41:34Z,-11.6364889,166.9533384,1.6,47628.1,8.635,112,76,119
2026-07-28T20:41:35Z,-11.6364245,166.9532955,1.6,47636.8,8.590,112,76,120
2026-07-28T20:41:36Z,-11.6363601,166.9532526,1.6,47645.5,8.544,112,76,119
2026-07-28T20:41:37Z,-11.6362971,166.9532096,1.6,47653.9,8.502,112,75,119
2026-07-28T20:41:38Z,-11.6362327,166.9531560,1.6,47662.6,8.367,111,75,46
2026-07-28T20:41:39Z,-11.6361724,166.9531131,1.6,47670.9,8.251,111,75,56
2026-07-28T20:41:40Z,-11.6361147,166.9530702,1.6,47679.0,8.225,111,64,120
2026-07-28T20:41:41Z,-11.6360557,166.9530272,1.6,47687.2,8.198,109,73,119
2026-07-28T20:41:42Z,-11.6359967,166.9529736,1.6,47695.5,8.167,109,73,115
2026-07-28T20:41:43Z,-11.6359404,166.9529307,1.6,47703.7,8.137,108,75,114
2026-07-28T20:41:44Z,-11.6358854,166.9528663,1.6,47711.6,8.109,108,75,114
2026-07-28T20:41:45Z,-11.6358304,166.9528234,1.6,47719.8,8.083,109,75,115
2026-07-28T20:41:46Z,-11.6357781,166.9527805,1.6,47727.8,8.080,109,74,115
2026-07-28T20:41:47Z,-11.6357245,166.9527161,1.6,47736.1,8.093,109,74,115
2026-07-28T20:41:48Z,-11.6356789,166.9526732,1.6,47743.8,8.098,109,75,115
2026-07-28T20:41:49Z,-11.6356333,166.9526088,1.6,47752.0,8.095,109,75,114
2026-07-28T20:41:50Z,-11.6355930,166.9525445,1.6,47760.1,8.085,109,75,114
2026-07-28T20:41:51Z,-11.6355541,166.9524908,1.6,47768.3,8.069,109,76,114
2026-07-28T20:41:52Z,-11.6355246,166.9524157,1.6,47776.3,8.053,110,75,114
2026-07-28T20:41:53Z,-11.6354978,166.9523513,1.6,47784.4,8.040,110,74,115
2026-07-28T20:41:54Z,-11.6354790,166.9522762,1.6,47792.5,8.028,110,74,115
2026-07-28T20:41:55Z,-11.6354643,166.9522119,1.6,47800.2,8.017,110,75,114
2026-07-28T20:41:56Z,-11.6354549,166.9521368,1.6,47808.2,8.005,110,77,113
2026-07-28T20:41:57Z,-11.6354482,166.9520617,1.6,47816.4,7.989,110,76,110
2026-07-28T20:41:58Z,-11.6354455,166.9519866,1.6,47824.3,7.973,109,77,109
2026-07-28T20:41:59Z,-11.6354468,166.9519114,1.6,47832.2,7.960,109,77,110
2026-07-28T20:42:00Z,-11.6354509,166.9518471,1.6,47840.4,7.947,109,77,110
2026-07-28T20:42:01Z,-11.6354576,166.9517720,1.6,47848.1,7.936,110,77,110
2026-07-28T20:42:02Z,-11.6354683,166.9516969,1.6,47856.2,7.923,109,78,109
2026-07-28T20:42:03Z,-11.6354804,166.9516325,1.6,47863.9,7.918,109,77,109
2026-07-28T20:42:04Z,-11.6354951,166.9515574,1.6,47872.0,7.925,109,77,110
2026-07-28T20:42:05Z,-11.6355112,166.9514823,1.6,47879.8,7.941,109,77,110
2026-07-28T20:42:06Z,-11.6355300,166.9514179,1.6,47887.8,7.950,109,79,110
2026-07-28T20:42:07Z,-11.6355501,166.9513428,1.6,47895.6,7.939,110,79,110
2026-07-28T20:42:08Z,-11.6355716,166.9512784,1.6,47903.5,7.927,109,79,110
2026-07-28T20:42:09Z,-11.6355957,166.9512033,1.6,47911.4,7.917,109,78,110
2026-07-28T20:42:10Z,-11.6356198,166.9511497,1.6,47919.4,7.907,110,78,110
2026-07-28T20:42:11Z,-11.6356467,166.9510639,1.6,47927.4,7.897,109,78,110
2026-07-28T20:42:12Z,-11.6356735,166.9510102,1.6,47935.2,7.887,109,79,109
2026-07-28T20:42:13Z,-11.6357030,166.9509351,1.6,47943.2,7.878,109,80,110
2026-07-28T20:42:14Z,-11.6357325,166.9508708,1.6,47951.2,7.868,109,80,109
2026-07-28T20:42:15Z,-11.6357620,166.9508064,1.6,47958.9,7.858,109,79,109
2026-07-28T20:42:16Z,-11.6357942,166.9507527,1.6,47966.7,7.850,109,79,110
2026-07-28T20:42:17Z,-11.6358277,166.9506884,1.6,47974.6,7.842,109,78,110
2026-07-28T20:42:18Z,-11.6358612,166.9506133,1.6,47982.5,7.835,108,78,110
2026-07-28T20:42:19Z,-11.6358934,166.9505489,1.6,47990.0,7.826,108,78,109
2026-07-28T20:42:20Z,-11.6359296,166.9504845,1.6,47998.0,7.819,108,78,110
2026-07-28T20:42:21Z,-11.6359659,166.9504309,1.6,48005.8,7.814,108,78,109
2026-07-28T20:42:22Z,-11.6360061,166.9503665,1.6,48013.8,7.816,107,76,109
2026-07-28T20:42:23Z,-11.6360463,166.9503236,1.6,48021.3,7.823,107,75,109
2026-07-28T20:42:24Z,-11.6360892,166.9502592,1.6,48029.2,7.833,107,75,109
2026-07-28T20:42:25Z,-11.6361348,166.9501948,1.4,48037.1,7.848,107,75,110
2026-07-28T20:42:26Z,-11.6361831,166.9501519,1.4,48045.1,7.862,106,77,108
2026-07-28T20:42:27Z,-11.6362314,166.9500875,1.4,48052.8,7.871,106,77,105
2026-07-28T20:42:28Z,-11.6362797,166.9500446,1.4,48060.6,7.882,106,76,105
2026-07-28T20:42:29Z,-11.6363333,166.9500017,1.4,48068.7,7.892,106,76,105
2026-07-28T20:42:30Z,-11.6363856,166.9499373,1.4,48076.6,7.899,106,75,104
2026-07-28T20:42:31Z,-11.6364393,166.9498944,1.4,48084.3,7.905,106,75,105
2026-07-28T20:42:32Z,-11.6364942,166.9498515,1.4,48092.3,7.907,106,76,104
2026-07-28T20:42:33Z,-11.6365506,166.9497979,1.4,48100.3,7.907,106,75,105
2026-07-28T20:42:34Z,-11.6366069,166.9497550,1.2,48108.2,7.904,106,75,105
2026-07-28T20:42:35Z,-11.6366632,166.9497228,1.2,48115.9,7.896,105,76,105
2026-07-28T20:42:36Z,-11.6367196,166.9496799,1.2,48123.8,7.882,105,76,104
2026-07-28T20:42:37Z,-11.6367786,166.9496369,1.2,48131.8,7.864,105,77,105
2026-07-28T20:42:38Z,-11.6368349,166.9495940,1.2,48139.5,7.841,105,75,105
2026-07-28T20:42:39Z,-11.6368952,166.9495618,1.2,48147.4,7.809,105,75,104
2026-07-28T20:42:40Z,-11.6369542,166.9495082,1.4,48155.3,7.771,105,76,104
2026-07-28T20:42:41Z,-11.6370119,166.9494867,1.4,48162.9,7.727,105,76,105
2026-07-28T20:42:42Z,-11.6370723,166.9494331,1.4,48170.8,7.673,104,76,104
2026-07-28T20:42:43Z,-11.6371286,166.9494009,1.4,48178.3,7.613,104,76,104
2026-07-28T20:42:44Z,-11.6371876,166.9493580,1.4,48185.9,7.544,104,76,104
2026-07-28T20:42:45Z,-11.6372439,166.9493258,1.6,48193.4,7.467,105,76,105
2026-07-28T20:42:46Z,-11.6373016,166.9492829,1.6,48200.8,7.381,105,76,105
2026-07-28T20:42:47Z,-11.6373579,166.9492507,1.6,48208.1,7.288,104,77,105
2026-07-28T20:42:48Z,-11.6374156,166.9492185,1.8,48215.4,7.186,104,76,104
2026-07-28T20:42:49Z,-11.6374733,166.9491971,1.8,48222.5,7.080,104,76,104
2026-07-28T20:42:50Z,-11.6375309,166.9491649,2.0,48229.7,6.970,104,76,104
2026-07-28T20:42:51Z,-11.6375872,166.9491327,2.0,48236.5,6.861,104,75,104
2026-07-28T20:42:52Z,-11.6376449,166.9491112,2.2,48243.5,6.747,104,75,105
2026-07-28T20:42:53Z,-11.6376999,166.9490898,2.2,48250.2,6.637,103,75,105
2026-07-28T20:42:54Z,-11.6377535,166.9490683,2.4,48256.6,6.530,103,75,105
2026-07-28T20:42:55Z,-11.6378099,166.9490361,2.4,48263.3,6.415,104,76,104
2026-07-28T20:42:56Z,-11.6378608,166.9490254,2.6,48269.3,6.311,105,76,104
2026-07-28T20:42:57Z,-11.6379118,166.9489932,2.6,48275.5,6.198,105,77,100
2026-07-28T20:42:58Z,-11.6379668,166.9489825,2.8,48281.9,6.078,105,76,100
2026-07-28T20:42:59Z,-11.6380191,166.9489610,3.0,48288.0,5.966,105,76,99
2026-07-28T20:43:00Z,-11.6380660,166.9489503,3.0,48293.7,5.868,105,76,100
2026-07-28T20:43:01Z,-11.6381143,166.9489181,3.2,48299.3,5.773,104,76,99
2026-07-28T20:43:02Z,-11.6381653,166.9489074,3.2,48305.3,5.681,105,77,100
2026-07-28T20:43:03Z,-11.6382109,166.9488859,3.4,48310.8,5.603,105,77,99
2026-07-28T20:43:04Z,-11.6382605,166.9488752,3.4,48316.4,5.520,105,78,100
2026-07-28T20:43:05Z,-11.6383074,166.9488537,3.6,48321.9,5.434,105,79,99
2026-07-28T20:43:06Z,-11.6383544,166.9488430,3.6,48327.4,5.349,105,79,100
2026-07-28T20:43:07Z,-11.6384000,166.9488215,3.8,48332.8,5.263,106,80,100
2026-07-28T20:43:08Z,-11.6384429,166.9488108,4.0,48337.8,5.175,107,79,100
2026-07-28T20:43:09Z,-11.6384885,166.9488001,4.0,48343.1,5.084,107,79,100
2026-07-28T20:43:10Z,-11.6385287,166.9487786,4.2,48347.9,5.005,107,79,100
2026-07-28T20:43:11Z,-11.6385716,166.9487464,4.2,48353.0,4.924,107,80,99
2026-07-28T20:43:12Z,-11.6386119,166.9487357,4.4,48357.9,4.847,0,81,96
2026-07-28T20:43:13Z,-11.6386507,166.9487143,4.4,48362.6,4.764,0,80,94
2026-07-28T20:43:14Z,-11.6386937,166.9487035,4.6,48367.5,4.675,0,80,94
2026-07-28T20:43:15Z,-11.6387312,166.9486928,4.6,48372.0,4.599,0,80,95
2026-07-28T20:43:16Z,-11.6387688,166.9486713,4.8,48376.7,4.519,0,81,94
2026-07-28T20:43:17Z,-11.6388063,166.9486606,4.8,48381.0,4.450,0,82,95
2026-07-28T20:43:18Z,-11.6388398,166.9486392,5.0,48385.3,4.386,0,81,95
2026-07-28T20:43:19Z,-11.6388774,166.9486284,5.0,48389.9,4.320,0,80,95
2026-07-28T20:43:20Z,-11.6389109,166.9486177,5.2,48394.0,4.263,0,80,94
2026-07-28T20:43:21Z,-11.6389444,166.9485855,5.2,48398.2,4.207,107,79,94
2026-07-28T20:43:22Z,-11.6389780,166.9485641,5.4,48402.5,4.159,107,79,95
2026-07-28T20:43:23Z,-11.6390102,166.9485533,5.4,48406.6,4.113,107,79,95
2026-07-28T20:43:24Z,-11.6390423,166.9485319,5.6,48410.8,4.054,107,80,95
2026-07-28T20:43:25Z,-11.6390745,166.9485104,5.6,48414.9,3.993,107,82,95
2026-07-28T20:43:26Z,-11.6391040,166.9484890,5.8,48418.7,3.934,107,83,94
2026-07-28T20:43:27Z,-11.6391335,166.9484782,6.0,48422.6,3.873,108,83,95
2026-07-28T20:43:28Z,-11.6391630,166.9484568,6.0,48426.4,3.803,108,82,94
2026-07-28T20:43:29Z,-11.6391939,166.9484246,6.2,48430.4,3.721,108,81,94
2026-07-28T20:43:30Z,-11.6392207,166.9484138,6.2,48434.0,3.637,107,80,94
2026-07-28T20:43:31Z,-11.6392462,166.9484031,6.4,48437.6,3.547,108,80,95
2026-07-28T20:43:32Z,-11.6392703,166.9483817,6.6,48440.9,3.453,108,80,95
2026-07-28T20:43:33Z,-11.6392945,166.9483495,6.6,48444.4,3.350,108,80,94
2026-07-28T20:43:34Z,-11.6393159,166.9483387,6.8,48447.7,3.250,107,80,95
2026-07-28T20:43:35Z,-11.6393374,166.9483173,6.8,48451.0,3.147,107,80,94
2026-07-28T20:43:36Z,-11.6393562,166.9482958,7.0,48454.0,3.062,107,80,95
2026-07-28T20:43:37Z,-11.6393736,166.9482744,7.2,48457.0,2.977,107,81,94
2026-07-28T20:43:38Z,-11.6393924,166.9482636,7.2,48460.1,2.907,107,82,95
2026-07-28T20:43:39Z,-11.6394085,166.9482315,7.4,48462.9,2.853,107,81,95
2026-07-28T20:43:40Z,-11.6394232,166.9482207,7.4,48465.7,2.810,105,81,95
2026-07-28T20:43:41Z,-11.6394380,166.9481993,7.6,48468.4,2.773,105,81,93
2026-07-28T20:43:42Z,-11.6394527,166.9481671,7.6,48471.3,2.728,104,81,89
2026-07-28T20:43:43Z,-11.6394661,166.9481564,7.8,48474.0,2.698,104,82,89
2026-07-28T20:43:44Z,-11.6394795,166.9481349,7.8,48476.6,2.677,104,81,89
2026-07-28T20:43:45Z,-11.6394930,166.9481134,8.0,48479.3,2.664,104,81,89
2026-07-28T20:43:46Z,-11.6395050,166.9480920,8.0,48481.9,2.663,104,81,90
2026-07-28T20:43:47Z,-11.6395184,166.9480813,8.0,48484.6,2.667,104,80,90
2026-07-28T20:43:48Z,-11.6395319,166.9480491,8.2,48487.3,2.673,103,80,89
2026-07-28T20:43:49Z,-11.6395466,166.9480276,8.2,48490.0,2.688,103,80,90
2026-07-28T20:43:50Z,-11.6395600,166.9480062,8.4,48492.7,2.705,102,80,90
2026-07-28T20:43:51Z,-11.6395734,166.9479847,8.4,48495.4,2.720,102,80,89
2026-07-28T20:43:52Z,-11.6395882,166.9479740,8.4,48498.1,2.741,102,80,89
2026-07-28T20:43:53Z,-11.6396016,166.9479418,8.6,48500.8,2.761,102,80,90
2026-07-28T20:43:54Z,-11.6396150,166.9479311,8.6,48503.7,2.778,102,81,90
2026-07-28T20:43:55Z,-11.6396284,166.9479096,8.8,48506.5,2.787,103,80,89
2026-07-28T20:43:56Z,-11.6396418,166.9478774,8.8,48509.3,2.793,103,81,89
2026-07-28T20:43:57Z,-11.6396539,166.9478667,9.0,48512.1,2.785,103,81,85
2026-07-28T20:43:58Z,-11.6396633,166.9478345,9.0,48514.8,2.733,102,80,72
2026-07-28T20:43:59Z,-11.6396740,166.9478238,9.0,48517.6,2.717,102,80,81
2026-07-28T20:44:00Z,-11.6396834,166.9477916,9.2,48520.2,2.715,102,81,84
2026-07-28T20:44:01Z,-11.6396941,166.9477701,9.2,48523.0,2.722,101,81,85
2026-07-28T20:44:02Z,-11.6397035,166.9477379,9.4,48525.8,2.726,101,81,85
2026-07-28T20:44:03Z,-11.6397142,166.9477272,9.4,48528.4,2.729,101,82,85
2026-07-28T20:44:04Z,-11.6397250,166.9476950,9.4,48531.2,2.732,101,82,85
2026-07-28T20:44:05Z,-11.6397357,166.9476843,9.6,48533.9,2.734,101,83,85
2026-07-28T20:44:06Z,-11.6397464,166.9476521,9.6,48536.6,2.732,101,83,84
2026-07-28T20:44:07Z,-11.6397572,166.9476306,9.8,48539.3,2.729,102,83,84
2026-07-28T20:44:08Z,-11.6397679,166.9476092,9.8,48542.1,2.728,102,83,84
2026-07-28T20:44:09Z,-11.6397800,166.9475877,9.8,48544.9,2.731,101,83,85
2026-07-28T20:44:10Z,-11.6397893,166.9475555,10.0,48547.5,2.731,101,83,84
2026-07-28T20:44:11Z,-11.6398001,166.9475448,10.0,48550.3,2.736,101,83,85
2026-07-28T20:44:12Z,-11.6398108,166.9475126,10.2,48553.0,2.737,100,82,84
2026-07-28T20:44:13Z,-11.6398202,166.9475019,10.2,48555.8,2.738,101,82,84
2026-07-28T20:44:14Z,-11.6398309,166.9474697,10.4,48558.5,2.740,101,82,84
2026-07-28T20:44:15Z,-11.6398390,166.9474483,10.4,48561.2,2.743,101,81,84
2026-07-28T20:44:16Z,-11.6398497,166.9474268,10.4,48563.9,2.749,101,81,84
2026-07-28T20:44:17Z,-11.6398591,166.9474053,10.6,48566.7,2.762,101,81,85
2026-07-28T20:44:18Z,-11.6398685,166.9473732,10.6,48569.5,2.772,101,81,85
2026-07-28T20:44:19Z,-11.6398792,166.9473624,10.8,48572.3,2.779,101,81,85
2026-07-28T20:44:20Z,-11.6398886,166.9473302,10.8,48575.1,2.782,101,81,84
2026-07-28T20:44:21Z,-11.6398980,166.9473195,10.8,48577.9,2.782,101,79,84
2026-07-28T20:44:22Z,-11.6399087,166.9472873,11.0,48580.8,2.787,101,80,85
2026-07-28T20:44:23Z,-11.6399181,166.9472659,11.0,48583.4,2.793,101,81,85
2026-07-28T20:44:24Z,-11.6399275,166.9472444,11.0,48586.2,2.798,101,81,85
2026-07-28T20:44:25Z,-11.6399382,166.9472229,11.2,48589.1,2.802,101,82,84
2026-07-28T20:44:26Z,-11.6399463,166.9471908,11.2,48591.8,2.801,100,82,83
2026-07-28T20:44:27Z,-11.6399570,166.9471586,11.4,48594.8,2.792,101,82,80
2026-07-28T20:44:28Z,-11.6399664,166.9471478,11.4,48597.6,2.781,101,82,79
2026-07-28T20:44:29Z,-11.6399758,166.9471157,11.4,48600.4,2.773,101,82,79
2026-07-28T20:44:30Z,-11.6399838,166.9471049,11.6,48603.1,2.770,101,82,80
2026-07-28T20:44:31Z,-11.6399945,166.9470727,11.6,48605.8,2.764,102,82,79
2026-07-28T20:44:32Z,-11.6400039,166.9470513,11.8,48608.6,2.769,102,83,80
2026-07-28T20:44:33Z,-11.6400133,166.9470298,11.8,48611.2,2.772,102,83,79
2026-07-28T20:44:34Z,-11.6400240,166.9470084,11.8,48614.2,2.776,102,83,79
2026-07-28T20:44:35Z,-11.6400321,166.9469762,12.0,48616.8,2.782,102,82,80
2026-07-28T20:44:36Z,-11.6400415,166.9469655,12.0,48619.6,2.790,102,81,80
2026-07-28T20:44:37Z,-11.6400535,166.9469333,12.0,48622.4,2.800,102,80,80
2026-07-28T20:44:38Z,-11.6400643,166.9469225,12.2,48625.4,2.808,101,80,79
2026-07-28T20:44:39Z,-11.6400763,166.9468904,12.2,48628.2,2.815,101,79,79
2026-07-28T20:44:40Z,-11.6400884,166.9468689,12.4,48630.9,2.826,100,79,80
2026-07-28T20:44:41Z,-11.6400991,166.9468474,12.4,48633.9,2.835,100,79,79
2026-07-28T20:44:42Z,-11.6401112,166.9468260,12.4,48636.6,2.845,100,79,79
2026-07-28T20:44:43Z,-11.6401219,166.9467938,12.6,48639.3,2.856,100,79,79
2026-07-28T20:44:44Z,-11.6401327,166.9467616,12.6,48642.4,2.874,101,79,80
2026-07-28T20:44:45Z,-11.6401434,166.9467509,12.6,48645.2,2.891,101,79,80
2026-07-28T20:44:46Z,-11.6401555,166.9467187,12.8,48648.1,2.908,101,79,79
2026-07-28T20:44:47Z,-11.6401675,166.9467080,12.8,48651.0,2.930,100,78,80
2026-07-28T20:44:48Z,-11.6401796,166.9466758,12.8,48654.0,2.953,100,78,80
2026-07-28T20:44:49Z,-11.6401917,166.9466543,13.0,48656.9,2.976,100,77,79
2026-07-28T20:44:50Z,-11.6402051,166.9466329,13.0,48659.8,3.002,99,76,79
2026-07-28T20:44:51Z,-11.6402185,166.9466007,13.0,48662.9,2.993,99,75,67
2026-07-28T20:44:52Z,-11.6402319,166.9465792,13.2,48665.8,2.810,99,75,18
2026-07-28T20:44:53Z,-11.6402453,166.9465685,13.2,48668.4,2.656,99,75,19
2026-07-28T20:44:54Z,-11.6402587,166.9465363,13.2,48671.3,2.718,100,42,69
2026-07-28T20:44:55Z,-11.6402708,166.9465256,13.2,48673.9,2.826,100,73,80
2026-07-28T20:44:56Z,-11.6402815,166.9464934,13.2,48676.8,2.933,99,74,78
2026-07-28T20:44:57Z,-11.6402949,166.9464719,13.4,48679.8,3.037,100,76,76
2026-07-28T20:44:58Z,-11.6403097,166.9464505,13.4,48683.0,3.150,100,77,74
2026-07-28T20:44:59Z,-11.6403258,166.9464290,13.4,48686.2,3.274,100,78,75
2026-07-28T20:45:00Z,-11.6403446,166.9463968,13.4,48689.6,3.408,101,79,74
2026-07-28T20:45:01Z,-11.6403620,166.9463646,13.4,48693.0,3.547,101,78,74
2026-07-28T20:45:02Z,-11.6403808,166.9463539,13.4,48696.5,3.697,100,79,75
2026-07-28T20:45:03Z,-11.6404022,166.9463217,13.4,48700.2,3.862,100,79,75
2026-07-28T20:45:04Z,-11.6404264,166.9462895,13.4,48704.4,4.049,100,79,74
2026-07-28T20:45:05Z,-11.6404505,166.9462574,13.4,48708.4,4.233,99,79,74
2026-07-28T20:45:06Z,-11.6404773,166.9462359,13.4,48712.9,4.453,98,79,75
2026-07-28T20:45:07Z,-11.6405055,166.9462037,13.2,48717.5,4.681,99,78,75
2026-07-28T20:45:08Z,-11.6405363,166.9461715,13.2,48722.3,4.906,99,78,75
2026-07-28T20:45:09Z,-11.6405712,166.9461393,13.2,48727.1,5.111,100,78,75
2026-07-28T20:45:10Z,-11.6406114,166.9461286,13.2,48732.4,5.295,100,78,74
2026-07-28T20:45:11Z,-11.6406544,166.9460964,13.0,48737.6,5.426,100,78,73
2026-07-28T20:45:12Z,-11.6407013,166.9460750,13.0,48743.2,5.498,100,79,70
2026-07-28T20:45:13Z,-11.6407509,166.9460642,13.0,48748.9,5.499,100,80,69
2026-07-28T20:45:14Z,-11.6408005,166.9460642,13.2,48754.4,5.435,100,80,69
2026-07-28T20:45:15Z,-11.6408461,166.9460535,13.2,48759.5,5.348,100,80,70
2026-07-28T20:45:16Z,-11.6408958,166.9460535,13.4,48765.0,5.239,100,80,70
2026-07-28T20:45:17Z,-11.6409427,166.9460642,13.4,48770.1,5.124,100,81,70
2026-07-28T20:45:18Z,-11.6409856,166.9460642,13.4,48774.9,5.010,100,81,70
2026-07-28T20:45:19Z,-11.6410325,166.9460642,13.6,48780.1,4.884,100,81,70
2026-07-28T20:45:20Z,-11.6410755,166.9460750,13.6,48785.0,4.760,100,81,69
2026-07-28T20:45:21Z,-11.6411157,166.9460750,13.8,48789.4,4.644,100,80,69
2026-07-28T20:45:22Z,-11.6411559,166.9460964,13.8,48794.0,4.526,100,80,69
2026-07-28T20:45:23Z,-11.6411962,166.9461071,14.0,48798.7,4.407,100,80,70
2026-07-28T20:45:24Z,-11.6412337,166.9461286,14.0,48803.0,4.299,100,80,70
2026-07-28T20:45:25Z,-11.6412713,166.9461286,14.2,48807.3,4.190,99,80,69
2026-07-28T20:45:26Z,-11.6413048,166.9461393,14.2,48811.3,4.093,100,79,69
2026-07-28T20:45:27Z,-11.6413410,166.9461608,14.4,48815.4,3.992,100,80,69
2026-07-28T20:45:28Z,-11.6413745,166.9461715,14.4,48819.4,3.897,99,80,69
2026-07-28T20:45:29Z,-11.6414054,166.9461715,14.6,48823.1,3.813,99,80,69
2026-07-28T20:45:30Z,-11.6414389,166.9461823,14.6,48827.0,3.726,98,80,69
2026-07-28T20:45:31Z,-11.6414684,166.9462037,14.6,48830.7,3.648,98,79,69
2026-07-28T20:45:32Z,-11.6414993,166.9462144,14.8,48834.3,3.574,98,79,69
2026-07-28T20:45:33Z,-11.6415274,166.9462359,14.8,48837.9,3.504,98,79,69
2026-07-28T20:45:34Z,-11.6415556,166.9462466,15.0,48841.4,3.442,99,79,69
2026-07-28T20:45:35Z,-11.6415797,166.9462574,15.0,48844.6,3.390,99,79,69
2026-07-28T20:45:36Z,-11.6416025,166.9462788,15.0,48847.9,3.352,100,79,69
2026-07-28T20:45:37Z,-11.6416213,166.9463110,15.2,48851.4,3.325,100,79,69
2026-07-28T20:45:38Z,-11.6416334,166.9463432,15.2,48854.8,3.304,100,79,70
2026-07-28T20:45:39Z,-11.6416374,166.9463646,15.2,48858.0,3.292,99,79,70
2026-07-28T20:45:40Z,-11.6416360,166.9463968,15.4,48861.3,3.298,99,79,70
2026-07-28T20:45:41Z,-11.6416293,166.9464290,15.4,48864.5,3.321,98,79,68
2026-07-28T20:45:42Z,-11.6416186,166.9464612,15.4,48868.0,3.357,97,79,65
2026-07-28T20:45:43Z,-11.6416052,166.9464934,15.4,48871.4,3.406,97,79,64
2026-07-28T20:45:44Z,-11.6415918,166.9465041,15.4,48874.7,3.467,97,79,64
2026-07-28T20:45:45Z,-11.6415784,166.9465363,15.4,48878.3,3.512,97,79,55
2026-07-28T20:45:46Z,-11.6415663,166.9465685,15.6,48881.8,3.589,97,79,64
2026-07-28T20:45:47Z,-11.6415583,166.9466007,15.6,48885.5,3.679,98,79,65
2026-07-28T20:45:48Z,-11.6415623,166.9466436,15.6,48889.1,3.766,98,79,64
2026-07-28T20:45:49Z,-11.6415811,166.9466543,15.6,48892.9,3.898,98,80,65
2026-07-28T20:45:50Z,-11.6416065,166.9466865,15.4,48896.8,4.069,98,80,65
2026-07-28T20:45:51Z,-11.6416387,166.9467080,15.4,48901.2,4.267,97,81,65
2026-07-28T20:45:52Z,-11.6416709,166.9467402,15.4,48905.4,4.449,97,81,65
2026-07-28T20:45:53Z,-11.6417071,166.9467509,15.4,48910.0,4.638,97,82,64
2026-07-28T20:45:54Z,-11.6417433,166.9467831,15.4,48914.6,4.812,97,81,64
2026-07-28T20:45:55Z,-11.6417541,166.9467831,15.2,48915.9,4.857,97,81,64
2026-07-28T20:45:56Z,-11.6418211,166.9468260,15.2,48924.7,5.143,99,81,64
2026-07-28T20:45:57Z,-11.6418546,166.9468582,15.2,48929.9,5.223,99,82,37
2026-07-28T20:45:58Z,-11.6418774,166.9468904,15.2,48934.7,4.603,99,82,0
2026-07-28T20:45:59Z,-11.6418895,166.9469333,15.2,48939.0,3.900,99,82,0
2026-07-28T20:46:00Z,-11.6418922,166.9469655,15.2,48942.6,3.140,99,0,0
2026-07-28T20:46:01Z,-11.6418895,166.9469976,15.2,48945.3,2.402,99,0,0
2026-07-28T20:46:02Z,-11.6418841,166.9470084,15.2,48947.3,1.688,99,0,0
2026-07-28T20:46:03Z,-11.6418788,166.9470298,15.2,48948.7,0.924,99,0,0
2026-07-28T20:46:04Z,-11.6418774,166.9470298,15.2,48949.2,0.286,99,0,0
2026-07-28T20:46:05Z,-11.6418774,166.9470298,15.2,48949.3,0.000,99,0,0
2026-07-28T20:46:06Z,-11.6418774,166.9470298,15.2,48949.3,0.000,99,0,0
2026-07-28T20:46:07Z,-11.6418774,166.9470298,15.2,48949.3,0.000,99,0,0
