timestamp,lat,lon,altitude_m,distance_m,speed_ms,heart_rate_bpm,cadence_rpm,power_w
2026-07-24T18:57:15Z,-11.6357150,166.9527380,1.6,0.5,0.000,130,87,124
2026-07-24T18:57:16Z,-11.6357100,166.9527159,1.6,1.9,1.400,130,88,124
2026-07-24T18:57:17Z,-11.6356960,166.9527050,1.6,4.1,1.800,131,88,124
2026-07-24T18:57:18Z,-11.6356820,166.9526839,1.6,6.8,2.100,130,89,124
2026-07-24T18:57:19Z,-11.6356629,166.9526729,1.6,10.0,2.375,131,90,125
2026-07-24T18:57:20Z,-11.6356430,166.9526409,1.6,13.5,2.600,131,91,124
2026-07-24T18:57:21Z,-11.6356209,166.9526090,1.6,17.3,3.080,131,92,125
2026-07-24T18:57:22Z,-11.6356000,166.9525770,1.6,21.3,3.440,130,93,124
2026-07-24T18:57:23Z,-11.6355800,166.9525439,1.6,25.7,3.780,130,93,125
2026-07-24T18:57:24Z,-11.6355609,166.9525230,1.6,30.2,4.040,130,94,125
2026-07-24T18:57:25Z,-11.6355420,166.9524689,1.6,35.0,4.300,130,94,125
2026-07-24T18:57:26Z,-11.6355250,166.9524259,1.6,40.0,4.540,129,94,125
2026-07-24T18:57:27Z,-11.6355100,166.9523839,1.6,45.2,4.780,128,94,125
2026-07-24T18:57:28Z,-11.6354950,166.9523409,1.6,50.5,4.960,127,94,124
2026-07-24T18:57:29Z,-11.6354820,166.9522870,1.6,55.9,5.140,127,94,125
2026-07-24T18:57:30Z,-11.6354680,166.9522440,1.6,61.7,5.340,127,94,125
2026-07-24T18:57:31Z,-11.6354580,166.9521799,1.6,67.9,5.580,127,94,125
2026-07-24T18:57:32Z,-11.6354510,166.9521259,1.6,74.2,5.800,126,94,125
2026-07-24T18:57:33Z,-11.6354469,166.9520720,1.6,80.7,6.040,126,94,124
2026-07-24T18:57:34Z,-11.6354440,166.9520190,1.6,87.3,6.280,126,94,125
2026-07-24T18:57:35Z,-11.6354459,166.9519440,1.6,94.3,6.520,126,94,125
2026-07-24T18:57:36Z,-11.6354469,166.9518789,1.6,101.0,6.620,125,94,125
2026-07-24T18:57:37Z,-11.6354520,166.9518150,1.6,108.1,6.780,125,94,125
2026-07-24T18:57:38Z,-11.6354589,166.9517509,1.6,115.1,6.880,125,94,125
2026-07-24T18:57:39Z,-11.6354680,166.9516970,1.6,122.3,7.000,125,94,125
2026-07-24T18:57:40Z,-11.6354789,166.9516219,1.6,129.4,7.020,125,94,125
2026-07-24T18:57:41Z,-11.6354919,166.9515570,1.6,136.6,7.120,125,94,125
2026-07-24T18:57:42Z,-11.6355069,166.9514929,1.6,143.9,7.160,125,94,125
2026-07-24T18:57:43Z,-11.6355250,166.9514390,1.6,151.3,7.240,125,95,125
2026-07-24T18:57:44Z,-11.6355430,166.9513639,1.6,158.8,7.300,125,95,124
2026-07-24T18:57:45Z,-11.6355639,166.9513000,1.6,166.1,7.340,125,95,125
2026-07-24T18:57:46Z,-11.6355840,166.9512360,1.6,173.5,7.380,125,95,127
2026-07-24T18:57:47Z,-11.6356079,166.9511710,1.6,181.1,7.440,125,96,130
2026-07-24T18:57:48Z,-11.6356329,166.9510960,1.6,188.7,7.480,125,96,130
2026-07-24T18:57:49Z,-11.6356570,166.9510420,1.6,196.2,7.480,125,96,130
2026-07-24T18:57:50Z,-11.6356840,166.9509780,1.6,203.8,7.540,125,96,129
2026-07-24T18:57:51Z,-11.6357120,166.9509139,1.6,211.4,7.580,125,96,130
2026-07-24T18:57:52Z,-11.6357420,166.9508599,1.6,219.1,7.600,125,96,129
2026-07-24T18:57:53Z,-11.6357730,166.9507739,1.6,227.1,7.680,125,96,129
2026-07-24T18:57:54Z,-11.6358049,166.9507210,1.6,234.6,7.680,125,97,129
2026-07-24T18:57:55Z,-11.6358359,166.9506559,1.6,242.3,7.700,125,97,129
2026-07-24T18:57:56Z,-11.6358690,166.9505920,1.6,250.1,7.740,125,98,129
2026-07-24T18:57:57Z,-11.6359040,166.9505380,1.6,257.9,7.760,125,97,130
2026-07-24T18:57:58Z,-11.6359400,166.9504740,1.6,265.9,7.760,125,96,130
2026-07-24T18:57:59Z,-11.6359779,166.9504090,1.6,273.8,7.840,124,96,129
2026-07-24T18:58:00Z,-11.6360170,166.9503559,1.6,281.4,7.820,124,96,129
2026-07-24T18:58:01Z,-11.6360600,166.9502910,1.6,289.5,7.880,124,96,129
2026-07-24T18:58:02Z,-11.6361050,166.9502480,1.4,297.4,7.900,124,95,129
2026-07-24T18:58:03Z,-11.6361509,166.9501839,1.4,305.4,7.900,124,94,129
2026-07-24T18:58:04Z,-11.6362010,166.9501200,1.4,313.4,7.920,124,94,129
2026-07-24T18:58:05Z,-11.6362499,166.9500770,1.4,321.3,7.980,124,93,130
2026-07-24T18:58:06Z,-11.6363010,166.9500340,1.4,329.4,7.980,124,93,129
2026-07-24T18:58:07Z,-11.6363549,166.9499699,1.4,337.5,8.020,124,93,130
2026-07-24T18:58:08Z,-11.6364099,166.9499270,1.4,345.7,8.060,124,93,130
2026-07-24T18:58:09Z,-11.6364650,166.9498840,1.4,353.8,8.080,124,94,129
2026-07-24T18:58:10Z,-11.6365239,166.9498300,1.4,362.0,8.140,124,94,130
2026-07-24T18:58:11Z,-11.6365829,166.9497870,1.2,370.4,8.200,124,94,130
2026-07-24T18:58:12Z,-11.6366419,166.9497440,1.2,378.6,8.220,124,94,130
2026-07-24T18:58:13Z,-11.6367020,166.9496910,1.2,386.9,8.240,125,95,130
2026-07-24T18:58:14Z,-11.6367620,166.9496479,1.2,395.1,8.260,126,96,130
2026-07-24T18:58:15Z,-11.6368230,166.9496049,1.2,403.3,8.260,126,97,129
2026-07-24T18:58:16Z,-11.6368849,166.9495619,1.2,411.5,8.220,126,97,131
2026-07-24T18:58:17Z,-11.6369449,166.9495079,1.4,419.6,8.200,126,98,134
2026-07-24T18:58:18Z,-11.6370070,166.9494870,1.4,427.8,8.180,126,98,134
2026-07-24T18:58:19Z,-11.6370680,166.9494329,1.4,435.9,8.160,126,98,134
2026-07-24T18:58:20Z,-11.6371299,166.9493899,1.4,444.0,8.140,126,98,134
2026-07-24T18:58:21Z,-11.6371920,166.9493580,1.4,452.1,8.119,126,97,135
2026-07-24T18:58:22Z,-11.6372530,166.9493150,1.6,460.1,8.100,126,97,134
2026-07-24T18:58:23Z,-11.6373140,166.9492830,1.6,468.0,8.039,126,97,135
2026-07-24T18:58:24Z,-11.6373769,166.9492400,1.6,475.9,8.000,126,98,134
2026-07-24T18:58:25Z,-11.6374370,166.9492080,1.8,483.7,7.940,127,97,134
2026-07-24T18:58:26Z,-11.6374990,166.9491759,1.8,491.3,7.840,127,97,134
2026-07-24T18:58:27Z,-11.6375619,166.9491430,2.0,498.9,7.760,127,97,135
2026-07-24T18:58:28Z,-11.6376230,166.9491110,2.2,506.4,7.680,128,96,134
2026-07-24T18:58:29Z,-11.6376840,166.9491000,2.2,513.8,7.580,128,95,134
2026-07-24T18:58:30Z,-11.6377440,166.9490680,2.4,521.1,7.480,128,94,134
2026-07-24T18:58:31Z,-11.6378059,166.9490360,2.4,528.3,7.400,128,93,134
2026-07-24T18:58:32Z,-11.6378649,166.9490250,2.6,535.5,7.320,127,92,135
2026-07-24T18:58:33Z,-11.6379240,166.9489930,2.6,542.3,7.180,127,92,135
2026-07-24T18:58:34Z,-11.6379820,166.9489820,2.8,549.2,7.080,127,93,135
2026-07-24T18:58:35Z,-11.6380390,166.9489500,3.0,556.0,6.980,128,93,134
2026-07-24T18:58:36Z,-11.6380959,166.9489289,3.0,562.7,6.880,128,93,134
2026-07-24T18:58:37Z,-11.6381519,166.9489179,3.2,569.3,6.760,130,93,134
2026-07-24T18:58:38Z,-11.6382079,166.9488859,3.4,575.8,6.700,130,94,135
2026-07-24T18:58:39Z,-11.6382630,166.9488749,3.4,582.3,6.620,130,94,134
2026-07-24T18:58:40Z,-11.6383170,166.9488540,3.6,588.6,6.520,131,93,134
2026-07-24T18:58:41Z,-11.6383700,166.9488429,3.8,594.9,6.440,131,93,135
2026-07-24T18:58:42Z,-11.6384229,166.9488110,3.8,601.0,6.340,131,93,134
2026-07-24T18:58:43Z,-11.6384750,166.9487999,4.0,607.1,6.260,131,93,134
2026-07-24T18:58:44Z,-11.6385259,166.9487790,4.2,613.2,6.180,130,93,135
2026-07-24T18:58:45Z,-11.6385770,166.9487680,4.2,619.1,6.100,129,93,134
2026-07-24T18:58:46Z,-11.6386249,166.9487360,4.4,624.9,6.000,129,93,134
2026-07-24T18:58:47Z,-11.6386740,166.9487139,4.6,630.7,5.940,129,93,134
2026-07-24T18:58:48Z,-11.6387220,166.9487039,4.6,636.4,5.860,128,94,135
2026-07-24T18:58:49Z,-11.6387689,166.9486709,4.8,642.0,5.760,129,94,135
2026-07-24T18:58:50Z,-11.6388160,166.9486609,4.8,647.7,5.720,129,95,135
2026-07-24T18:58:51Z,-11.6388610,166.9486390,5.0,653.4,5.700,129,96,135
2026-07-24T18:58:52Z,-11.6389040,166.9486179,5.2,658.7,5.600,129,97,134
2026-07-24T18:58:53Z,-11.6389480,166.9485960,5.2,664.1,5.540,130,97,134
2026-07-24T18:58:54Z,-11.6389900,166.9485640,5.4,669.4,5.480,130,97,134
2026-07-24T18:58:55Z,-11.6390320,166.9485319,5.6,674.8,5.420,130,96,134
2026-07-24T18:58:56Z,-11.6390729,166.9485210,5.6,680.0,5.320,130,96,134
2026-07-24T18:58:57Z,-11.6391149,166.9484890,5.8,685.3,5.320,130,96,135
2026-07-24T18:58:58Z,-11.6391540,166.9484780,6.0,690.5,5.280,130,96,135
2026-07-24T18:58:59Z,-11.6391900,166.9484460,6.2,695.6,5.240,129,96,135
2026-07-24T18:59:00Z,-11.6392260,166.9484139,6.2,700.5,5.140,129,96,134
2026-07-24T18:59:01Z,-11.6392599,166.9483820,6.4,705.4,5.080,129,96,137
2026-07-24T18:59:02Z,-11.6392920,166.9483490,6.6,710.2,4.980,128,96,140
2026-07-24T18:59:03Z,-11.6393230,166.9483170,6.8,714.8,4.860,128,95,140
2026-07-24T18:59:04Z,-11.6393510,166.9482960,7.0,719.3,4.740,128,94,140
2026-07-24T18:59:05Z,-11.6393759,166.9482640,7.2,723.7,4.640,128,94,139
2026-07-24T18:59:06Z,-11.6393999,166.9482310,7.4,728.0,4.520,128,94,139
2026-07-24T18:59:07Z,-11.6394230,166.9481989,7.4,732.2,4.400,128,94,139
2026-07-24T18:59:08Z,-11.6394459,166.9481669,7.6,736.5,4.340,128,93,140
2026-07-24T18:59:09Z,-11.6394670,166.9481350,7.8,740.6,4.260,128,93,139
2026-07-24T18:59:10Z,-11.6394889,166.9481129,8.0,744.7,4.200,128,94,140
2026-07-24T18:59:11Z,-11.6395090,166.9480809,8.0,748.8,4.160,128,94,140
2026-07-24T18:59:12Z,-11.6395289,166.9480490,8.2,752.8,4.120,128,95,140
2026-07-24T18:59:13Z,-11.6395489,166.9480170,8.2,756.9,4.080,127,95,140
2026-07-24T18:59:14Z,-11.6395690,166.9479849,8.4,761.0,4.080,127,96,140
2026-07-24T18:59:15Z,-11.6395899,166.9479529,8.6,765.1,4.080,126,96,139
2026-07-24T18:59:16Z,-11.6396080,166.9479310,8.6,769.2,4.080,126,95,140
2026-07-24T18:59:17Z,-11.6396270,166.9478989,8.8,773.2,4.080,126,96,140
2026-07-24T18:59:18Z,-11.6396459,166.9478669,9.0,777.3,4.080,126,95,140
2026-07-24T18:59:19Z,-11.6396650,166.9478239,9.0,781.5,4.100,126,95,139
2026-07-24T18:59:20Z,-11.6396810,166.9477920,9.2,785.7,4.120,126,95,140
2026-07-24T18:59:21Z,-11.6396980,166.9477590,9.2,789.7,4.100,126,95,139
2026-07-24T18:59:22Z,-11.6397140,166.9477270,9.4,793.9,4.140,126,96,139
2026-07-24T18:59:23Z,-11.6397300,166.9476949,9.6,798.0,4.140,126,95,139
2026-07-24T18:59:24Z,-11.6397459,166.9476519,9.6,802.2,4.140,126,95,140
2026-07-24T18:59:25Z,-11.6397629,166.9476200,9.8,806.4,4.140,126,95,139
2026-07-24T18:59:26Z,-11.6397800,166.9475880,10.0,810.5,4.160,126,95,139
2026-07-24T18:59:27Z,-11.6397970,166.9475560,10.0,814.7,4.160,126,96,139
2026-07-24T18:59:28Z,-11.6398120,166.9475130,10.2,818.9,4.180,126,97,139
2026-07-24T18:59:29Z,-11.6398280,166.9474799,10.2,823.3,4.220,126,97,139
2026-07-24T18:59:30Z,-11.6398420,166.9474479,10.4,827.4,4.200,126,97,139
2026-07-24T18:59:31Z,-11.6398560,166.9474049,10.6,831.6,4.220,126,97,140
2026-07-24T18:59:32Z,-11.6398700,166.9473730,10.6,835.9,4.240,127,97,140
2026-07-24T18:59:33Z,-11.6398850,166.9473300,10.8,840.2,4.260,127,97,139
2026-07-24T18:59:34Z,-11.6398980,166.9472980,10.8,844.4,4.220,127,97,139
2026-07-24T18:59:35Z,-11.6399140,166.9472659,11.0,848.6,4.240,127,97,140
2026-07-24T18:59:36Z,-11.6399290,166.9472229,11.2,852.9,4.260,126,97,140
2026-07-24T18:59:37Z,-11.6399450,166.9471909,11.2,857.2,4.260,127,97,139
2026-07-24T18:59:38Z,-11.6399600,166.9471590,11.4,861.5,4.260,126,97,140
2026-07-24T18:59:39Z,-11.6399740,166.9471160,11.4,865.8,4.280,126,97,139
2026-07-24T18:59:40Z,-11.6399909,166.9470830,11.6,870.3,4.340,126,97,140
2026-07-24T18:59:41Z,-11.6400049,166.9470410,11.8,874.5,4.320,125,97,139
2026-07-24T18:59:42Z,-11.6400199,166.9470080,11.8,878.8,4.320,125,98,140
2026-07-24T18:59:43Z,-11.6400369,166.9469759,12.0,883.2,4.340,125,98,140
2026-07-24T18:59:44Z,-11.6400519,166.9469329,12.0,887.5,4.340,125,98,140
2026-07-24T18:59:45Z,-11.6400680,166.9469010,12.2,891.9,4.320,125,98,140
2026-07-24T18:59:46Z,-11.6400840,166.9468579,12.4,896.4,4.380,125,98,142
2026-07-24T18:59:47Z,-11.6401020,166.9468260,12.4,900.8,4.400,125,98,144
2026-07-24T18:59:48Z,-11.6401189,166.9467940,12.6,905.3,4.420,125,97,145
2026-07-24T18:59:49Z,-11.6401369,166.9467510,12.6,909.9,4.480,125,97,144
2026-07-24T18:59:50Z,-11.6401550,166.9467189,12.8,914.4,4.500,125,96,145
2026-07-24T18:59:51Z,-11.6401759,166.9466759,12.8,919.0,4.520,125,97,144
2026-07-24T18:59:52Z,-11.6401959,166.9466439,13.0,923.6,4.560,125,97,144
2026-07-24T18:59:53Z,-11.6402160,166.9466009,13.0,928.3,4.600,125,97,144
2026-07-24T18:59:54Z,-11.6402389,166.9465680,13.2,933.1,4.640,124,97,145
2026-07-24T18:59:55Z,-11.6402610,166.9465360,13.2,937.9,4.700,125,97,144
2026-07-24T18:59:56Z,-11.6402870,166.9464930,13.4,942.8,4.760,124,98,145
2026-07-24T18:59:57Z,-11.6403109,166.9464609,13.4,947.8,4.840,125,98,145
2026-07-24T18:59:58Z,-11.6403379,166.9464180,13.4,952.8,4.900,125,98,144
2026-07-24T18:59:59Z,-11.6403649,166.9463859,13.4,958.1,5.000,125,98,144
2026-07-24T19:00:00Z,-11.6403910,166.9463429,13.4,963.8,5.180,125,98,145
2026-07-24T19:00:01Z,-11.6404089,166.9462790,13.4,969.7,5.380,125,98,145
2026-07-24T19:00:02Z,-11.6404219,166.9462360,13.2,975.9,5.620,125,98,145
2026-07-24T19:00:03Z,-11.6404249,166.9461719,13.2,982.6,5.960,125,98,144
2026-07-24T19:00:04Z,-11.6403969,166.9461070,13.0,989.8,6.340,125,98,145
2026-07-24T19:00:05Z,-11.6403450,166.9460640,12.8,997.1,6.660,125,97,145
2026-07-24T19:00:06Z,-11.6402789,166.9460640,12.6,1004.6,6.980,125,97,144
2026-07-24T19:00:07Z,-11.6402089,166.9460959,12.6,1013.5,7.520,125,97,144
2026-07-24T19:00:08Z,-11.6401619,166.9461389,12.6,1020.6,7.600,125,97,144
2026-07-24T19:00:09Z,-11.6401110,166.9461820,12.6,1028.6,7.760,125,96,144
2026-07-24T19:00:10Z,-11.6400600,166.9462470,12.6,1036.7,7.920,125,96,145
2026-07-24T19:00:11Z,-11.6400120,166.9463110,12.6,1044.9,8.060,125,97,145
2026-07-24T19:00:12Z,-11.6399639,166.9463650,12.4,1053.3,7.960,125,96,144
2026-07-24T19:00:13Z,-11.6399140,166.9464180,12.4,1061.7,8.220,125,95,145
2026-07-24T19:00:14Z,-11.6398590,166.9464719,12.4,1070.2,8.320,125,95,144
2026-07-24T19:00:15Z,-11.6397990,166.9465260,12.2,1078.8,8.420,124,95,144
2026-07-24T19:00:16Z,-11.6397329,166.9465680,12.2,1087.7,8.560,124,96,146
2026-07-24T19:00:17Z,-11.6396609,166.9466110,12.0,1096.8,8.700,124,95,150
2026-07-24T19:00:18Z,-11.6395840,166.9466439,11.8,1106.0,8.860,124,95,149
2026-07-24T19:00:19Z,-11.6395039,166.9466540,11.6,1115.2,9.000,124,94,149
2026-07-24T19:00:20Z,-11.6394179,166.9466759,11.2,1124.9,9.220,124,94,149
2026-07-24T19:00:21Z,-11.6393279,166.9466759,11.0,1134.8,9.420,124,93,149
2026-07-24T19:00:22Z,-11.6392370,166.9466759,10.8,1145.0,9.640,124,93,150
2026-07-24T19:00:23Z,-11.6391480,166.9466439,10.6,1155.3,9.860,124,93,149
2026-07-24T19:00:24Z,-11.6390620,166.9466009,10.4,1165.7,10.100,124,92,150
2026-07-24T19:00:25Z,-11.6389820,166.9465579,10.2,1176.2,10.260,124,92,149
2026-07-24T19:00:26Z,-11.6389100,166.9464930,10.2,1186.7,10.380,124,91,149
2026-07-24T19:00:27Z,-11.6388470,166.9464180,10.2,1197.2,10.440,124,91,149
2026-07-24T19:00:28Z,-11.6387930,166.9463429,10.2,1207.7,10.480,124,91,149
2026-07-24T19:00:29Z,-11.6387510,166.9462470,10.2,1218.1,10.480,124,91,150
2026-07-24T19:00:30Z,-11.6387259,166.9461719,10.4,1228.4,10.440,124,90,150
2026-07-24T19:00:31Z,-11.6387200,166.9460640,10.4,1238.5,10.360,124,90,149
2026-07-24T19:00:32Z,-11.6387289,166.9459679,10.4,1248.8,10.320,125,90,150
2026-07-24T19:00:33Z,-11.6387460,166.9458819,10.4,1259.2,10.300,127,90,150
2026-07-24T19:00:34Z,-11.6387699,166.9457849,10.4,1269.5,10.280,127,90,149
2026-07-24T19:00:35Z,-11.6387940,166.9456990,10.4,1279.7,10.260,125,90,149
2026-07-24T19:00:36Z,-11.6388210,166.9456239,10.4,1289.8,10.260,126,89,150
2026-07-24T19:00:37Z,-11.6388520,166.9455280,10.4,1299.9,10.220,126,89,149
2026-07-24T19:00:38Z,-11.6388839,166.9454420,10.4,1309.8,10.120,126,89,149
2026-07-24T19:00:39Z,-11.6389180,166.9453669,10.4,1319.9,10.080,126,89,149
2026-07-24T19:00:40Z,-11.6389510,166.9452700,10.4,1329.7,10.000,126,89,149
2026-07-24T19:00:41Z,-11.6389849,166.9451949,10.4,1339.4,9.920,126,88,149
2026-07-24T19:00:42Z,-11.6390170,166.9450990,10.4,1349.1,9.840,126,89,149
2026-07-24T19:00:43Z,-11.6390500,166.9450240,10.4,1358.7,9.780,126,89,150
2026-07-24T19:00:44Z,-11.6390810,166.9449479,10.4,1368.2,9.660,126,90,150
2026-07-24T19:00:45Z,-11.6391129,166.9448730,10.4,1377.8,9.620,126,90,150
2026-07-24T19:00:46Z,-11.6391459,166.9447879,10.4,1387.2,9.560,126,92,150
2026-07-24T19:00:47Z,-11.6391790,166.9447019,10.4,1396.5,9.480,126,92,150
2026-07-24T19:00:48Z,-11.6392110,166.9446270,10.4,1405.9,9.440,127,92,149
2026-07-24T19:00:49Z,-11.6392459,166.9445510,10.4,1415.4,9.440,127,92,150
2026-07-24T19:00:50Z,-11.6392800,166.9444759,10.4,1424.7,9.380,127,92,150
2026-07-24T19:00:51Z,-11.6393130,166.9443910,10.4,1434.0,9.360,128,92,149
2026-07-24T19:00:52Z,-11.6393469,166.9443050,10.4,1443.2,9.340,128,92,150
2026-07-24T19:00:53Z,-11.6393800,166.9442299,10.4,1452.4,9.300,129,92,149
2026-07-24T19:00:54Z,-11.6394139,166.9441549,10.4,1461.6,9.240,129,91,150
2026-07-24T19:00:55Z,-11.6394469,166.9440790,10.4,1470.5,9.160,129,91,149
2026-07-24T19:00:56Z,-11.6394820,166.9440040,10.4,1479.8,9.160,129,91,150
2026-07-24T19:00:57Z,-11.6395159,166.9439289,10.4,1488.9,9.140,129,91,149
2026-07-24T19:00:58Z,-11.6395489,166.9438650,10.4,1497.9,9.100,130,91,149
2026-07-24T19:00:59Z,-11.6395840,166.9437900,10.4,1506.9,9.060,129,91,150
2026-07-24T19:01:00Z,-11.6396179,166.9437150,10.4,1515.8,9.060,129,90,150
2026-07-24T19:01:01Z,-11.6396530,166.9436399,10.4,1524.8,9.000,129,90,152
2026-07-24T19:01:02Z,-11.6396870,166.9435640,10.4,1533.7,8.960,129,90,155
2026-07-24T19:01:03Z,-11.6397209,166.9434890,10.4,1542.7,8.960,129,90,154
2026-07-24T19:01:04Z,-11.6397560,166.9434140,10.4,1551.7,8.960,129,90,154
2026-07-24T19:01:05Z,-11.6397919,166.9433280,10.4,1560.7,8.980,128,90,155
2026-07-24T19:01:06Z,-11.6398260,166.9432750,10.4,1569.6,8.960,128,90,154
2026-07-24T19:01:07Z,-11.6398599,166.9432000,10.4,1578.3,8.920,128,90,154
2026-07-24T19:01:08Z,-11.6398950,166.9431250,10.4,1587.2,8.900,128,90,155
2026-07-24T19:01:09Z,-11.6399310,166.9430390,10.4,1596.1,8.880,128,90,154
2026-07-24T19:01:10Z,-11.6399690,166.9429850,10.4,1604.9,8.840,128,88,155
2026-07-24T19:01:11Z,-11.6400079,166.9429100,10.4,1613.8,8.840,128,90,154
2026-07-24T19:01:12Z,-11.6400469,166.9428240,10.4,1622.6,8.860,128,90,154
2026-07-24T19:01:13Z,-11.6400840,166.9427700,10.4,1631.6,8.880,128,91,155
2026-07-24T19:01:14Z,-11.6401089,166.9426950,10.4,1640.5,8.880,127,91,155
2026-07-24T19:01:15Z,-11.6401300,166.9425990,10.4,1649.3,8.880,127,90,155
2026-07-24T19:01:16Z,-11.6401430,166.9425240,10.4,1658.1,8.860,127,91,155
2026-07-24T19:01:17Z,-11.6401369,166.9424490,10.4,1666.9,8.860,127,91,155
2026-07-24T19:01:18Z,-11.6401000,166.9423739,10.4,1675.7,8.820,127,91,155
2026-07-24T19:01:19Z,-11.6400499,166.9423090,10.4,1684.6,8.820,127,92,154
2026-07-24T19:01:20Z,-11.6399919,166.9422660,10.4,1693.4,8.820,127,92,154
2026-07-24T19:01:21Z,-11.6399329,166.9422019,10.4,1702.1,8.800,127,92,155
2026-07-24T19:01:22Z,-11.6398720,166.9421370,10.4,1711.2,8.860,127,91,155
2026-07-24T19:01:23Z,-11.6398219,166.9420839,10.4,1720.1,8.880,127,91,155
2026-07-24T19:01:24Z,-11.6397810,166.9420190,10.4,1729.0,8.880,127,91,154
2026-07-24T19:01:25Z,-11.6397560,166.9419439,10.4,1737.9,8.900,127,91,155
2026-07-24T19:01:26Z,-11.6397400,166.9418480,10.4,1746.9,8.960,126,91,154
2026-07-24T19:01:27Z,-11.6397260,166.9417730,10.4,1755.8,8.920,126,92,154
2026-07-24T19:01:28Z,-11.6397120,166.9416979,10.4,1764.6,8.900,126,92,154
2026-07-24T19:01:29Z,-11.6396830,166.9416220,10.4,1773.5,8.900,126,92,154
2026-07-24T19:01:30Z,-11.6396380,166.9415580,10.4,1782.4,8.900,126,92,154
2026-07-24T19:01:31Z,-11.6395830,166.9415040,10.4,1791.2,8.860,126,92,155
2026-07-24T19:01:32Z,-11.6395220,166.9414399,10.4,1800.1,8.860,126,92,154
2026-07-24T19:01:33Z,-11.6394619,166.9413969,10.4,1808.9,8.860,125,92,154
2026-07-24T19:01:34Z,-11.6393999,166.9413539,10.4,1817.7,8.840,125,92,154
2026-07-24T19:01:35Z,-11.6393390,166.9412900,10.4,1826.6,8.840,126,93,154
2026-07-24T19:01:36Z,-11.6392840,166.9412259,10.4,1835.3,8.820,126,93,155
2026-07-24T19:01:37Z,-11.6392340,166.9411610,10.4,1844.1,8.800,126,93,154
2026-07-24T19:01:38Z,-11.6391889,166.9411079,10.2,1853.1,8.840,126,94,154
2026-07-24T19:01:39Z,-11.6391429,166.9410320,10.2,1862.4,8.940,127,94,154
2026-07-24T19:01:40Z,-11.6390999,166.9409570,10.2,1871.4,8.960,127,92,155
2026-07-24T19:01:41Z,-11.6390579,166.9408929,10.2,1880.8,9.100,127,92,154
2026-07-24T19:01:42Z,-11.6390210,166.9408179,10.0,1890.0,9.180,127,93,155
2026-07-24T19:01:43Z,-11.6389820,166.9407430,10.0,1899.4,9.260,127,93,154
2026-07-24T19:01:44Z,-11.6389480,166.9406459,10.0,1909.0,9.320,127,93,154
2026-07-24T19:01:45Z,-11.6389200,166.9405710,9.8,1918.6,9.440,127,93,154
2026-07-24T19:01:46Z,-11.6388999,166.9404749,9.8,1928.2,9.480,127,93,157
2026-07-24T19:01:47Z,-11.6388950,166.9403990,9.8,1937.7,9.540,127,93,159
2026-07-24T19:01:48Z,-11.6389060,166.9403140,9.8,1947.4,9.600,127,93,160
2026-07-24T19:01:49Z,-11.6389350,166.9402169,9.6,1956.9,9.580,127,93,159
2026-07-24T19:01:50Z,-11.6389780,166.9401419,9.6,1966.8,9.640,127,93,159
2026-07-24T19:01:51Z,-11.6390259,166.9400670,9.6,1976.6,9.680,127,93,160
2026-07-24T19:01:52Z,-11.6390750,166.9400019,9.6,1986.1,9.680,127,93,159
2026-07-24T19:01:53Z,-11.6391230,166.9399269,9.6,1995.8,9.680,127,93,159
2026-07-24T19:01:54Z,-11.6391640,166.9398520,9.6,2005.1,9.640,127,93,160
2026-07-24T19:01:55Z,-11.6392019,166.9397770,9.6,2015.1,9.660,127,94,159
2026-07-24T19:01:56Z,-11.6392340,166.9396910,9.6,2024.7,9.620,128,94,159
2026-07-24T19:01:57Z,-11.6392650,166.9396050,9.6,2034.4,9.660,128,94,159
2026-07-24T19:01:58Z,-11.6392980,166.9395200,9.6,2044.4,9.720,128,94,159
2026-07-24T19:01:59Z,-11.6393270,166.9394450,9.6,2054.3,9.840,128,94,159
2026-07-24T19:02:00Z,-11.6393550,166.9393480,9.6,2063.9,9.760,128,93,159
2026-07-24T19:02:01Z,-11.6393840,166.9392730,9.6,2073.5,9.760,128,93,159
2026-07-24T19:02:02Z,-11.6394189,166.9391870,9.6,2083.3,9.780,128,93,159
2026-07-24T19:02:03Z,-11.6394609,166.9391010,9.6,2092.7,9.660,128,93,159
2026-07-24T19:02:04Z,-11.6395120,166.9390480,9.6,2102.2,9.580,128,93,160
2026-07-24T19:02:05Z,-11.6395790,166.9389830,9.6,2111.8,9.580,128,93,159
2026-07-24T19:02:06Z,-11.6396540,166.9389509,9.6,2121.1,9.520,128,93,159
2026-07-24T19:02:07Z,-11.6397380,166.9389400,9.6,2130.5,9.440,128,93,159
2026-07-24T19:02:08Z,-11.6398240,166.9389400,9.6,2140.0,9.460,128,93,159
2026-07-24T19:02:09Z,-11.6399069,166.9389509,9.6,2149.4,9.440,128,93,160
2026-07-24T19:02:10Z,-11.6399860,166.9389720,9.6,2158.5,9.340,128,94,159
2026-07-24T19:02:11Z,-11.6400629,166.9390050,9.6,2167.8,9.340,128,94,159
2026-07-24T19:02:12Z,-11.6401339,166.9390580,9.6,2177.2,9.340,128,94,159
2026-07-24T19:02:13Z,-11.6401840,166.9391229,9.6,2186.1,9.220,128,94,159
2026-07-24T19:02:14Z,-11.6402239,166.9391979,9.6,2195.3,9.180,128,94,159
2026-07-24T19:02:15Z,-11.6402600,166.9392730,9.6,2204.8,9.260,128,95,160
2026-07-24T19:02:16Z,-11.6402910,166.9393480,9.6,2213.9,9.220,129,95,167
2026-07-24T19:02:17Z,-11.6403199,166.9394229,9.6,2222.9,9.140,129,98,187
2026-07-24T19:02:18Z,-11.6403539,166.9394979,9.6,2232.1,9.200,129,99,190
2026-07-24T19:02:19Z,-11.6404060,166.9395630,9.6,2241.2,9.180,129,100,190
2026-07-24T19:02:20Z,-11.6404829,166.9395950,9.6,2250.4,9.120,129,101,190
2026-07-24T19:02:21Z,-11.6405659,166.9395950,9.6,2259.6,9.140,129,103,189
2026-07-24T19:02:22Z,-11.6406480,166.9395950,9.6,2268.8,9.180,130,105,189
2026-07-24T19:02:23Z,-11.6407330,166.9395950,9.6,2278.3,9.240,131,104,204
2026-07-24T19:02:24Z,-11.6408129,166.9396269,9.6,2287.7,9.300,131,104,224
2026-07-24T19:02:25Z,-11.6408819,166.9396699,9.4,2296.7,9.260,131,105,224
2026-07-24T19:02:26Z,-11.6409529,166.9397340,9.4,2306.5,9.380,131,106,224
2026-07-24T19:02:27Z,-11.6410200,166.9397770,9.4,2315.8,9.400,132,107,224
2026-07-24T19:02:28Z,-11.6410979,166.9398200,9.4,2325.4,9.420,132,106,224
2026-07-24T19:02:29Z,-11.6411829,166.9398200,9.4,2334.9,9.440,132,106,224
2026-07-24T19:02:30Z,-11.6412650,166.9397879,9.4,2344.4,9.540,133,105,224
2026-07-24T19:02:31Z,-11.6413419,166.9397449,9.4,2354.3,9.560,133,105,224
2026-07-24T19:02:32Z,-11.6414090,166.9397020,9.4,2363.7,9.580,133,105,224
2026-07-24T19:02:33Z,-11.6414719,166.9396380,9.4,2373.6,9.640,134,105,224
2026-07-24T19:02:34Z,-11.6415230,166.9395630,9.6,2383.3,9.680,134,103,224
2026-07-24T19:02:35Z,-11.6415579,166.9394870,9.6,2392.6,9.640,134,103,224
2026-07-24T19:02:36Z,-11.6415850,166.9393910,9.6,2402.3,9.600,135,102,224
2026-07-24T19:02:37Z,-11.6416009,166.9393160,9.6,2412.0,9.660,135,102,224
2026-07-24T19:02:38Z,-11.6416189,166.9392300,9.6,2421.9,9.660,136,102,224
2026-07-24T19:02:39Z,-11.6416329,166.9391330,9.6,2431.5,9.640,135,101,225
2026-07-24T19:02:40Z,-11.6416510,166.9390480,9.6,2441.2,9.720,136,101,224
2026-07-24T19:02:41Z,-11.6416710,166.9389720,9.6,2450.9,9.720,137,101,224
2026-07-24T19:02:42Z,-11.6416899,166.9388760,9.6,2460.7,9.740,137,101,225
2026-07-24T19:02:43Z,-11.6417059,166.9387900,9.6,2470.3,9.680,137,102,224
2026-07-24T19:02:44Z,-11.6417189,166.9386939,9.6,2480.1,9.720,137,100,224
2026-07-24T19:02:45Z,-11.6417270,166.9386179,9.6,2490.1,9.780,138,100,224
2026-07-24T19:02:46Z,-11.6417250,166.9385219,9.6,2499.9,9.800,138,100,225
2026-07-24T19:02:47Z,-11.6417100,166.9384359,9.6,2509.6,9.780,138,101,225
2026-07-24T19:02:48Z,-11.6416869,166.9383390,9.6,2519.5,9.840,138,102,225
2026-07-24T19:02:49Z,-11.6416660,166.9382540,9.6,2529.3,9.840,138,101,225
2026-07-24T19:02:50Z,-11.6416550,166.9381790,9.6,2539.2,9.820,139,101,224
2026-07-24T19:02:51Z,-11.6416579,166.9380820,9.6,2549.2,9.860,139,101,224
2026-07-24T19:02:52Z,-11.6416660,166.9379960,9.4,2559.1,9.900,140,101,225
2026-07-24T19:02:53Z,-11.6416749,166.9378999,9.4,2569.0,9.900,140,101,225
2026-07-24T19:02:54Z,-11.6416800,166.9378139,9.4,2579.0,9.940,139,99,88
2026-07-24T19:02:55Z,-11.6416700,166.9377169,9.4,2589.0,9.960,139,99,95
2026-07-24T19:02:56Z,-11.6416230,166.9376419,9.8,2598.7,9.900,140,99,164
2026-07-24T19:02:57Z,-11.6415439,166.9376100,10.4,2607.9,9.760,140,94,164
2026-07-24T19:02:58Z,-11.6414630,166.9376100,10.8,2616.7,9.540,140,95,223
2026-07-24T19:02:59Z,-11.6413889,166.9376100,11.2,2625.0,9.200,139,94,249
2026-07-24T19:03:00Z,-11.6413180,166.9376100,11.6,2632.9,8.780,139,93,198
2026-07-24T19:03:01Z,-11.6412500,166.9375989,12.0,2640.6,8.380,140,92,164
2026-07-24T19:03:02Z,-11.6411930,166.9375670,12.2,2647.9,8.000,141,93,164
2026-07-24T19:03:03Z,-11.6411520,166.9375030,12.4,2655.1,7.680,141,93,229
2026-07-24T19:03:04Z,-11.6411240,166.9374600,12.4,2662.2,7.440,141,93,273
2026-07-24T19:03:05Z,-11.6411009,166.9373950,12.4,2669.5,7.320,141,94,221
2026-07-24T19:03:06Z,-11.6410859,166.9373200,12.6,2677.0,7.280,141,94,164
2026-07-24T19:03:07Z,-11.6410740,166.9372559,12.4,2684.5,7.320,140,94,164
2026-07-24T19:03:08Z,-11.6410660,166.9371809,12.4,2692.3,7.440,139,94,164
2026-07-24T19:03:09Z,-11.6410610,166.9371060,12.4,2700.1,7.580,139,93,164
2026-07-24T19:03:10Z,-11.6410569,166.9370409,12.4,2708.0,7.700,139,92,164
2026-07-24T19:03:11Z,-11.6410549,166.9369659,12.4,2716.0,7.800,138,91,164
2026-07-24T19:03:12Z,-11.6410579,166.9368910,12.4,2724.1,7.920,138,91,164
2026-07-24T19:03:13Z,-11.6410670,166.9368160,12.4,2732.4,8.020,138,91,164
2026-07-24T19:03:14Z,-11.6410900,166.9367410,12.4,2740.6,8.100,139,92,165
2026-07-24T19:03:15Z,-11.6411279,166.9366769,12.4,2748.8,8.160,139,93,165
2026-07-24T19:03:16Z,-11.6411790,166.9366339,12.4,2757.0,8.200,139,94,165
2026-07-24T19:03:17Z,-11.6412360,166.9365909,12.4,2765.1,8.200,139,94,164
2026-07-24T19:03:18Z,-11.6412940,166.9365260,12.4,2773.4,8.200,139,94,165
2026-07-24T19:03:19Z,-11.6413500,166.9364830,12.0,2781.9,8.260,139,94,165
2026-07-24T19:03:20Z,-11.6414090,166.9364400,11.8,2790.6,8.360,139,94,165
2026-07-24T19:03:21Z,-11.6414719,166.9363759,11.4,2799.8,8.560,139,93,164
2026-07-24T19:03:22Z,-11.6415390,166.9363120,11.0,2809.4,8.860,139,93,165
2026-07-24T19:03:23Z,-11.6416110,166.9362690,10.4,2819.4,9.200,139,93,164
2026-07-24T19:03:24Z,-11.6416840,166.9362039,10.0,2830.0,9.620,139,93,165
2026-07-24T19:03:25Z,-11.6417609,166.9361510,9.6,2840.7,10.020,139,93,164
2026-07-24T19:03:26Z,-11.6418309,166.9360650,9.4,2851.7,10.380,139,94,165
2026-07-24T19:03:27Z,-11.6419069,166.9360110,9.4,2862.4,10.600,139,95,164
2026-07-24T19:03:28Z,-11.6419909,166.9359579,9.4,2873.1,10.740,138,96,164
2026-07-24T19:03:29Z,-11.6420810,166.9359149,9.6,2884.2,10.840,138,96,164
2026-07-24T19:03:30Z,-11.6421700,166.9358830,9.6,2894.3,10.720,139,96,164
2026-07-24T19:03:31Z,-11.6422619,166.9358830,9.6,2904.8,10.620,139,95,165
2026-07-24T19:03:32Z,-11.6423509,166.9359039,9.6,2914.8,10.480,138,95,165
2026-07-24T19:03:33Z,-11.6424349,166.9359360,9.6,2924.8,10.340,138,95,165
2026-07-24T19:03:34Z,-11.6425160,166.9359790,9.6,2934.9,10.140,138,96,164
2026-07-24T19:03:35Z,-11.6425949,166.9360220,9.6,2944.9,10.120,138,96,164
2026-07-24T19:03:36Z,-11.6426750,166.9360650,9.6,2954.8,10.000,137,96,165
2026-07-24T19:03:37Z,-11.6427570,166.9360970,9.6,2964.8,10.000,137,96,164
2026-07-24T19:03:38Z,-11.6428389,166.9361510,9.6,2974.7,9.980,137,96,164
2026-07-24T19:03:39Z,-11.6429180,166.9361720,9.6,2984.4,9.900,136,96,165
2026-07-24T19:03:40Z,-11.6429959,166.9362260,9.6,2994.2,9.860,136,96,164
2026-07-24T19:03:41Z,-11.6430740,166.9362690,9.6,3003.9,9.820,136,96,165
2026-07-24T19:03:42Z,-11.6431500,166.9363010,9.6,3013.5,9.740,136,96,165
2026-07-24T19:03:43Z,-11.6432289,166.9363440,9.6,3023.2,9.700,135,97,164
2026-07-24T19:03:44Z,-11.6433080,166.9363759,9.6,3032.8,9.680,135,97,165
2026-07-24T19:03:45Z,-11.6433900,166.9364079,9.6,3042.4,9.640,135,98,164
2026-07-24T19:03:46Z,-11.6434749,166.9364189,9.6,3052.1,9.640,135,98,165
2026-07-24T19:03:47Z,-11.6435620,166.9364189,9.6,3061.8,9.660,135,98,164
2026-07-24T19:03:48Z,-11.6436360,166.9363759,9.6,3071.4,9.640,134,98,164
2026-07-24T19:03:49Z,-11.6436950,166.9363010,9.4,3081.4,9.720,134,98,164
2026-07-24T19:03:50Z,-11.6437350,166.9362260,9.4,3091.4,9.800,135,98,165
2026-07-24T19:03:51Z,-11.6437429,166.9361290,9.0,3101.6,9.900,135,97,164
2026-07-24T19:03:52Z,-11.6436680,166.9360860,8.4,3112.1,10.060,135,97,164
2026-07-24T19:03:53Z,-11.6435699,166.9360540,7.8,3123.1,10.340,135,96,164
2026-07-24T19:03:54Z,-11.6434680,166.9360439,7.4,3134.5,10.620,135,97,164
2026-07-24T19:03:55Z,-11.6433630,166.9360439,6.8,3146.1,10.940,135,97,165
2026-07-24T19:03:56Z,-11.6432559,166.9360220,6.4,3158.0,11.280,134,96,165
2026-07-24T19:03:57Z,-11.6431500,166.9359899,5.8,3170.1,11.600,134,97,164
2026-07-24T19:03:58Z,-11.6430440,166.9359579,5.2,3182.7,11.920,134,96,164
2026-07-24T19:03:59Z,-11.6429399,166.9359039,4.6,3195.3,12.160,134,97,165
2026-07-24T19:04:00Z,-11.6428399,166.9358400,3.8,3208.2,12.420,135,98,164
2026-07-24T19:04:01Z,-11.6427600,166.9357650,3.2,3221.4,12.680,135,95,164
2026-07-24T19:04:02Z,-11.6427799,166.9356470,2.6,3234.9,12.960,135,95,164
2026-07-24T19:04:03Z,-11.6428780,166.9355820,2.2,3248.2,13.100,135,95,164
2026-07-24T19:04:04Z,-11.6429949,166.9355930,2.2,3261.6,13.260,135,95,165
2026-07-24T19:04:05Z,-11.6431030,166.9356470,2.2,3274.6,13.280,135,95,165
2026-07-24T19:04:06Z,-11.6432159,166.9356680,2.2,3287.4,13.200,135,95,164
2026-07-24T19:04:07Z,-11.6433289,166.9356569,2.2,3299.9,13.000,135,95,165
2026-07-24T19:04:08Z,-11.6434400,166.9356470,2.2,3312.3,12.820,135,96,165
2026-07-24T19:04:09Z,-11.6435480,166.9356250,2.2,3324.5,12.580,134,97,165
2026-07-24T19:04:10Z,-11.6436540,166.9356139,2.2,3336.4,12.360,134,96,165
2026-07-24T19:04:11Z,-11.6437589,166.9355930,2.2,3348.3,12.180,135,96,164
2026-07-24T19:04:12Z,-11.6438640,166.9355709,2.2,3360.1,12.040,134,97,164
2026-07-24T19:04:13Z,-11.6439710,166.9355500,2.2,3372.0,11.940,134,97,164
2026-07-24T19:04:14Z,-11.6440739,166.9355500,2.2,3383.6,11.820,134,98,164
2026-07-24T19:04:15Z,-11.6441830,166.9355500,2.2,3395.5,11.820,134,97,164
2026-07-24T19:04:16Z,-11.6442870,166.9355709,2.2,3407.2,11.780,134,96,165
2026-07-24T19:04:17Z,-11.6443850,166.9355930,2.2,3418.4,11.660,134,100,165
2026-07-24T19:04:18Z,-11.6444850,166.9356139,2.2,3429.9,11.580,134,96,165
2026-07-24T19:04:19Z,-11.6445819,166.9356470,2.2,3440.9,11.460,134,99,165
2026-07-24T19:04:20Z,-11.6446829,166.9356569,2.2,3452.1,11.320,134,99,165
2026-07-24T19:04:21Z,-11.6447809,166.9356569,2.2,3463.1,11.180,134,99,164
2026-07-24T19:04:22Z,-11.6448789,166.9356569,2.2,3473.8,11.080,134,99,164
2026-07-24T19:04:23Z,-11.6449740,166.9356250,2.2,3484.5,10.920,134,98,164
2026-07-24T19:04:24Z,-11.6450679,166.9355930,2.2,3495.5,10.920,133,98,164
2026-07-24T19:04:25Z,-11.6451470,166.9355500,2.2,3505.7,10.720,133,99,165
2026-07-24T19:04:26Z,-11.6452149,166.9354859,2.2,3516.4,10.660,133,99,164
2026-07-24T19:04:27Z,-11.6452689,166.9354100,2.2,3526.6,10.560,133,99,164
2026-07-24T19:04:28Z,-11.6453249,166.9353249,2.2,3537.6,10.620,134,99,165
2026-07-24T19:04:29Z,-11.6453709,166.9352600,2.2,3546.7,10.240,134,99,165
2026-07-24T19:04:30Z,-11.6454269,166.9351740,2.2,3558.0,10.460,133,99,164
2026-07-24T19:04:31Z,-11.6454770,166.9350890,2.2,3567.3,10.180,133,99,164
2026-07-24T19:04:32Z,-11.6455289,166.9350140,2.2,3577.6,10.200,134,98,165
2026-07-24T19:04:33Z,-11.6455780,166.9349600,2.2,3586.9,9.860,134,98,165
2026-07-24T19:04:34Z,-11.6456299,166.9348850,2.2,3597.0,10.060,134,98,165
2026-07-24T19:04:35Z,-11.6456820,166.9347990,2.2,3607.5,9.900,133,97,164
2026-07-24T19:04:36Z,-11.6457319,166.9347239,2.2,3617.1,9.960,133,97,164
2026-07-24T19:04:37Z,-11.6457800,166.9346489,2.2,3626.7,9.820,133,97,164
2026-07-24T19:04:38Z,-11.6458240,166.9345840,2.2,3635.6,9.740,133,97,164
2026-07-24T19:04:39Z,-11.6458770,166.9344990,2.2,3646.1,9.820,132,97,164
2026-07-24T19:04:40Z,-11.6459240,166.9344339,2.2,3655.3,9.560,132,97,164
2026-07-24T19:04:41Z,-11.6459680,166.9343590,2.2,3665.3,9.640,132,98,165
2026-07-24T19:04:42Z,-11.6459950,166.9342840,2.2,3674.3,9.520,132,98,165
2026-07-24T19:04:43Z,-11.6460049,166.9341980,2.2,3683.7,9.620,132,98,165
2026-07-24T19:04:44Z,-11.6459930,166.9341019,2.2,3693.2,9.420,132,98,165
2026-07-24T19:04:45Z,-11.6459619,166.9340260,2.2,3703.1,9.560,132,99,165
2026-07-24T19:04:46Z,-11.6459210,166.9339510,2.2,3712.1,9.360,132,98,165
2026-07-24T19:04:47Z,-11.6458700,166.9338759,2.2,3722.0,9.540,132,98,165
2026-07-24T19:04:48Z,-11.6458270,166.9338120,2.2,3730.8,9.420,131,98,165
2026-07-24T19:04:49Z,-11.6457879,166.9337370,2.2,3739.5,9.260,131,98,165
2026-07-24T19:04:50Z,-11.6457510,166.9336620,2.2,3749.1,9.200,131,98,164
2026-07-24T19:04:51Z,-11.6457159,166.9335650,2.2,3759.4,9.460,131,98,164
2026-07-24T19:04:52Z,-11.6456889,166.9334900,2.2,3768.5,9.300,131,98,165
2026-07-24T19:04:53Z,-11.6456690,166.9334149,2.2,3777.1,9.260,131,98,165
2026-07-24T19:04:54Z,-11.6456510,166.9333399,2.2,3786.4,9.380,131,98,165
2026-07-24T19:04:55Z,-11.6456390,166.9332429,2.2,3795.6,9.300,131,99,164
2026-07-24T19:04:56Z,-11.6456309,166.9331679,2.2,3804.9,9.100,131,98,165
2026-07-24T19:04:57Z,-11.6456299,166.9330819,2.2,3814.3,9.160,131,98,165
2026-07-24T19:04:58Z,-11.6456330,166.9329860,2.2,3823.7,9.320,131,98,164
2026-07-24T19:04:59Z,-11.6456390,166.9329109,2.2,3832.5,9.220,131,98,165
2026-07-24T19:05:00Z,-11.6456490,166.9328360,2.2,3840.9,9.060,131,98,165
2026-07-24T19:05:01Z,-11.6456660,166.9327389,2.2,3851.1,9.240,131,99,165
2026-07-24T19:05:02Z,-11.6456820,166.9326639,2.2,3860.0,9.140,131,99,165
2026-07-24T19:05:03Z,-11.6457039,166.9325890,2.2,3869.4,9.140,131,99,164
2026-07-24T19:05:04Z,-11.6457250,166.9325140,2.2,3877.9,9.080,131,100,164
2026-07-24T19:05:05Z,-11.6457480,166.9324389,2.2,3886.8,9.180,131,100,164
2026-07-24T19:05:06Z,-11.6457759,166.9323420,2.2,3896.4,9.060,131,100,165
2026-07-24T19:05:07Z,-11.6458029,166.9322670,2.2,3905.4,9.080,132,102,165
2026-07-24T19:05:08Z,-11.6458309,166.9321919,2.2,3914.1,8.940,132,102,164
2026-07-24T19:05:09Z,-11.6458630,166.9321170,2.2,3924.1,9.240,132,102,165
2026-07-24T19:05:10Z,-11.6458970,166.9320420,2.2,3932.8,9.200,132,103,164
2026-07-24T19:05:11Z,-11.6459299,166.9319670,2.2,3941.5,9.020,132,103,165
2026-07-24T19:05:12Z,-11.6459680,166.9318909,2.2,3950.6,9.040,132,103,164
2026-07-24T19:05:13Z,-11.6460049,166.9318270,2.2,3959.4,9.060,132,102,164
2026-07-24T19:05:14Z,-11.6460439,166.9317520,2.2,3968.0,8.780,132,102,164
2026-07-24T19:05:15Z,-11.6460899,166.9316769,2.2,3978.1,9.060,132,101,164
2026-07-24T19:05:16Z,-11.6461309,166.9316019,2.2,3986.9,9.080,132,101,165
2026-07-24T19:05:17Z,-11.6461720,166.9315370,2.2,3995.4,8.960,132,101,165
2026-07-24T19:05:18Z,-11.6462150,166.9314729,2.2,4004.3,8.980,133,101,164
2026-07-24T19:05:19Z,-11.6462590,166.9313980,2.2,4013.3,9.060,133,101,164
2026-07-24T19:05:20Z,-11.6463059,166.9313230,2.2,4022.7,8.920,133,102,164
2026-07-24T19:05:21Z,-11.6463499,166.9312579,2.2,4031.6,8.940,133,103,165
2026-07-24T19:05:22Z,-11.6463970,166.9311829,2.2,4040.7,9.060,133,102,165
2026-07-24T19:05:23Z,-11.6464479,166.9311299,2.2,4050.1,9.160,133,102,164
2026-07-24T19:05:24Z,-11.6464939,166.9310650,2.2,4058.7,9.080,133,102,165
2026-07-24T19:05:25Z,-11.6465400,166.9310009,2.2,4067.2,8.900,133,102,165
2026-07-24T19:05:26Z,-11.6465929,166.9309259,2.2,4076.9,9.060,133,103,164
2026-07-24T19:05:27Z,-11.6466400,166.9308610,2.2,4085.2,8.900,133,102,165
2026-07-24T19:05:28Z,-11.6466890,166.9308080,2.2,4094.2,8.820,134,102,165
2026-07-24T19:05:29Z,-11.6467420,166.9307330,2.2,4103.7,9.000,133,102,165
2026-07-24T19:05:30Z,-11.6467910,166.9306679,2.2,4112.6,9.080,134,102,164
2026-07-24T19:05:31Z,-11.6468440,166.9306040,2.2,4122.1,9.040,134,103,165
2026-07-24T19:05:32Z,-11.6468900,166.9305499,2.2,4130.5,9.060,133,103,165
2026-07-24T19:05:33Z,-11.6469450,166.9304649,2.2,4139.9,9.140,134,103,165
2026-07-24T19:05:34Z,-11.6469959,166.9304109,2.2,4148.3,8.920,134,104,164
2026-07-24T19:05:35Z,-11.6470490,166.9303460,2.2,4157.1,8.900,134,104,196
2026-07-24T19:05:36Z,-11.6471010,166.9303040,2.4,4166.0,8.780,134,105,225
2026-07-24T19:05:37Z,-11.6471509,166.9302389,2.4,4174.4,8.780,134,105,225
2026-07-24T19:05:38Z,-11.6472070,166.9301639,2.4,4183.8,8.780,134,103,224
2026-07-24T19:05:39Z,-11.6472580,166.9301000,2.4,4192.7,8.880,134,103,224
2026-07-24T19:05:40Z,-11.6473119,166.9300460,2.4,4202.2,9.020,134,103,225
2026-07-24T19:05:41Z,-11.6473590,166.9299710,2.6,4211.3,9.060,134,103,225
2026-07-24T19:05:42Z,-11.6474030,166.9299069,2.6,4219.9,9.100,134,102,224
2026-07-24T19:05:43Z,-11.6474439,166.9298420,2.6,4228.9,9.020,135,101,225
2026-07-24T19:05:44Z,-11.6474829,166.9297670,2.6,4237.7,9.000,135,101,225
2026-07-24T19:05:45Z,-11.6475210,166.9296919,2.6,4247.1,8.980,135,101,224
2026-07-24T19:05:46Z,-11.6475559,166.9296169,2.6,4256.6,9.060,135,100,224
2026-07-24T19:05:47Z,-11.6475890,166.9295199,2.6,4266.3,9.280,136,100,224
2026-07-24T19:05:48Z,-11.6476230,166.9294449,2.4,4276.4,9.500,136,100,224
2026-07-24T19:05:49Z,-11.6476549,166.9293589,2.4,4286.5,9.760,136,100,224
2026-07-24T19:05:50Z,-11.6476829,166.9292630,2.4,4296.5,9.880,137,99,224
2026-07-24T19:05:51Z,-11.6477070,166.9291879,2.4,4306.4,9.960,136,100,225
2026-07-24T19:05:52Z,-11.6477309,166.9290910,2.4,4316.6,10.060,136,99,225
2026-07-24T19:05:53Z,-11.6477559,166.9290050,2.4,4326.8,10.080,136,98,224
2026-07-24T19:05:54Z,-11.6477770,166.9289090,2.6,4337.0,10.100,136,98,224
2026-07-24T19:05:55Z,-11.6477970,166.9288230,2.6,4346.7,10.040,136,97,225
2026-07-24T19:05:56Z,-11.6478149,166.9287259,2.6,4356.9,10.100,137,98,224
2026-07-24T19:05:57Z,-11.6478250,166.9286409,2.8,4366.6,10.000,137,97,225
2026-07-24T19:05:58Z,-11.6478319,166.9285659,3.0,4376.5,9.940,138,96,225
2026-07-24T19:05:59Z,-11.6478370,166.9284689,3.0,4385.9,9.780,137,96,224
2026-07-24T19:06:00Z,-11.6478410,166.9283829,3.2,4395.7,9.800,138,96,224
2026-07-24T19:06:01Z,-11.6478439,166.9283079,3.4,4404.8,9.580,138,97,224
2026-07-24T19:06:02Z,-11.6478510,166.9282109,3.6,4414.1,9.500,138,95,224
2026-07-24T19:06:03Z,-11.6478589,166.9281150,3.8,4423.3,9.360,138,95,225
2026-07-24T19:06:04Z,-11.6478719,166.9280400,4.0,4432.4,9.300,138,96,225
2026-07-24T19:06:05Z,-11.6478910,166.9279649,4.2,4441.1,9.080,137,96,225
2026-07-24T19:06:06Z,-11.6479139,166.9278899,4.4,4449.6,8.960,137,96,224
2026-07-24T19:06:07Z,-11.6479429,166.9278140,4.8,4458.2,8.820,138,97,225
2026-07-24T19:06:08Z,-11.6479770,166.9277499,5.0,4466.5,8.640,138,97,224
2026-07-24T19:06:09Z,-11.6480090,166.9276960,5.4,4474.1,8.340,139,97,224
2026-07-24T19:06:10Z,-11.6480490,166.9276319,5.8,4482.0,8.180,139,98,225
2026-07-24T19:06:11Z,-11.6480850,166.9275680,6.0,4489.3,7.940,139,98,224
2026-07-24T19:06:12Z,-11.6481260,166.9275250,6.4,4496.6,7.680,139,98,224
2026-07-24T19:06:13Z,-11.6481670,166.9274820,6.8,4503.6,7.420,140,98,225
2026-07-24T19:06:14Z,-11.6482049,166.9274280,7.0,4510.1,7.200,139,98,225
2026-07-24T19:06:15Z,-11.6482420,166.9273850,7.4,4516.4,6.880,141,99,225
2026-07-24T19:06:16Z,-11.6482810,166.9273420,7.8,4522.8,6.700,140,99,225
2026-07-24T19:06:17Z,-11.6483169,166.9272990,8.0,4528.7,6.420,141,100,224
2026-07-24T19:06:18Z,-11.6483540,166.9272670,8.2,4534.4,6.160,140,100,225
2026-07-24T19:06:19Z,-11.6483889,166.9272240,8.6,4540.1,6.000,141,100,225
2026-07-24T19:06:20Z,-11.6484250,166.9271920,8.8,4546.0,5.920,140,99,224
2026-07-24T19:06:21Z,-11.6484580,166.9271390,9.0,4551.4,5.720,142,99,224
2026-07-24T19:06:22Z,-11.6484929,166.9271169,9.2,4557.0,5.660,141,99,225
2026-07-24T19:06:23Z,-11.6485310,166.9270849,9.4,4562.7,5.660,141,98,225
2026-07-24T19:06:24Z,-11.6485700,166.9270530,9.6,4568.2,5.620,142,97,225
2026-07-24T19:06:25Z,-11.6486120,166.9270100,9.6,4574.2,5.640,143,96,224
2026-07-24T19:06:26Z,-11.6486530,166.9269780,9.8,4579.7,5.660,143,96,224
2026-07-24T19:06:27Z,-11.6487000,166.9269449,10.0,4585.8,5.760,141,96,224
2026-07-24T19:06:28Z,-11.6487450,166.9269129,10.0,4592.0,5.860,142,96,224
2026-07-24T19:06:29Z,-11.6487890,166.9268810,10.0,4598.1,5.980,141,96,224
2026-07-24T19:06:30Z,-11.6488379,166.9268490,10.2,4604.9,6.140,141,95,225
2026-07-24T19:06:31Z,-11.6488850,166.9268060,10.2,4611.4,6.340,142,95,224
2026-07-24T19:06:32Z,-11.6489300,166.9267740,10.4,4617.9,6.420,142,95,225
2026-07-24T19:06:33Z,-11.6489730,166.9267310,10.4,4624.7,6.540,141,96,225
2026-07-24T19:06:34Z,-11.6490170,166.9266880,10.6,4631.6,6.700,141,96,225
2026-07-24T19:06:35Z,-11.6490659,166.9266450,10.6,4639.0,6.820,142,95,224
2026-07-24T19:06:36Z,-11.6491099,166.9265910,10.6,4646.0,6.920,143,95,225
2026-07-24T19:06:37Z,-11.6491580,166.9265480,10.8,4653.4,7.100,143,95,225
2026-07-24T19:06:38Z,-11.6492070,166.9265060,10.8,4660.7,7.200,142,96,224
2026-07-24T19:06:39Z,-11.6492539,166.9264519,10.8,4667.8,7.240,143,97,224
2026-07-24T19:06:40Z,-11.6493030,166.9264089,11.0,4675.3,7.260,143,97,225
2026-07-24T19:06:41Z,-11.6493539,166.9263659,11.0,4683.2,7.440,142,97,224
2026-07-24T19:06:42Z,-11.6494020,166.9263020,11.2,4690.7,7.460,142,96,224
2026-07-24T19:06:43Z,-11.6494519,166.9262590,11.2,4698.6,7.580,142,96,224
2026-07-24T19:06:44Z,-11.6495020,166.9262160,11.2,4706.3,7.700,142,95,224
2026-07-24T19:06:45Z,-11.6495500,166.9261519,11.4,4714.0,7.740,144,95,225
2026-07-24T19:06:46Z,-11.6496009,166.9261089,11.4,4722.2,7.800,143,95,225
2026-07-24T19:06:47Z,-11.6496530,166.9260550,11.6,4730.3,7.920,144,94,224
2026-07-24T19:06:48Z,-11.6496999,166.9260010,11.6,4738.0,7.880,144,94,224
2026-07-24T19:06:49Z,-11.6497500,166.9259369,11.6,4746.4,8.020,145,95,224
2026-07-24T19:06:50Z,-11.6497979,166.9258939,11.6,4754.6,8.119,144,95,225
2026-07-24T19:06:51Z,-11.6498480,166.9258300,11.8,4762.7,8.100,145,96,225
2026-07-24T19:06:52Z,-11.6499040,166.9257870,11.8,4771.1,8.160,146,97,224
2026-07-24T19:06:53Z,-11.6499599,166.9257440,12.0,4779.3,8.260,147,96,225
2026-07-24T19:06:54Z,-11.6500210,166.9256899,12.2,4787.1,8.140,146,97,224
2026-07-24T19:06:55Z,-11.6500859,166.9256580,12.6,4795.2,8.119,147,96,224
2026-07-24T19:06:56Z,-11.6501520,166.9256369,12.8,4803.1,8.080,145,96,224
2026-07-24T19:06:57Z,-11.6502149,166.9256150,13.2,4810.5,7.880,147,95,225
2026-07-24T19:06:58Z,-11.6502810,166.9255830,13.4,4817.8,7.700,147,95,225
2026-07-24T19:06:59Z,-11.6503420,166.9255830,13.8,4824.8,7.540,146,94,224
2026-07-24T19:07:00Z,-11.6504000,166.9255720,14.2,4831.4,7.240,147,94,224
2026-07-24T19:07:01Z,-11.6504609,166.9255720,14.6,4838.0,6.980,147,94,225
2026-07-24T19:07:02Z,-11.6505179,166.9255720,14.8,4844.4,6.780,147,94,225
2026-07-24T19:07:03Z,-11.6505730,166.9255720,15.2,4850.4,6.520,147,95,225
2026-07-24T19:07:04Z,-11.6506240,166.9255720,15.4,4856.1,6.260,146,95,224
2026-07-24T19:07:05Z,-11.6506749,166.9255830,15.8,4861.8,6.080,146,95,224
2026-07-24T19:07:06Z,-11.6507229,166.9255830,16.0,4867.3,5.860,146,95,225
2026-07-24T19:07:07Z,-11.6507700,166.9256039,16.4,4872.6,5.640,146,95,225
2026-07-24T19:07:08Z,-11.6508160,166.9256150,16.6,4877.7,5.460,145,94,225
2026-07-24T19:07:09Z,-11.6508619,166.9256369,17.0,4882.9,5.360,147,94,224
2026-07-24T19:07:10Z,-11.6509020,166.9256369,17.2,4887.6,5.160,146,94,224
2026-07-24T19:07:11Z,-11.6509430,166.9256469,17.4,4892.4,5.020,148,94,224
2026-07-24T19:07:12Z,-11.6509840,166.9256580,17.8,4897.3,4.940,147,93,225
2026-07-24T19:07:13Z,-11.6510209,166.9256789,18.0,4901.7,4.800,146,93,225
2026-07-24T19:07:14Z,-11.6510600,166.9256899,18.2,4906.2,4.660,148,93,225
2026-07-24T19:07:15Z,-11.6510980,166.9257120,18.6,4910.8,4.640,147,93,225
2026-07-24T19:07:16Z,-11.6511320,166.9257219,18.8,4915.2,4.560,147,94,225
2026-07-24T19:07:17Z,-11.6511689,166.9257550,19.0,4919.5,4.440,146,94,225
2026-07-24T19:07:18Z,-11.6512050,166.9257649,19.2,4924.0,4.460,147,94,224
2026-07-24T19:07:19Z,-11.6512379,166.9257870,19.4,4928.3,4.420,145,94,225
2026-07-24T19:07:20Z,-11.6512750,166.9257970,19.6,4932.5,4.340,146,94,225
2026-07-24T19:07:21Z,-11.6513109,166.9258189,20.0,4936.9,4.340,146,94,225
2026-07-24T19:07:22Z,-11.6513470,166.9258300,20.2,4941.5,4.400,146,95,224
2026-07-24T19:07:23Z,-11.6513819,166.9258619,20.4,4945.8,4.360,145,94,224
2026-07-24T19:07:24Z,-11.6514170,166.9258730,20.6,4950.2,4.380,146,94,224
2026-07-24T19:07:25Z,-11.6514529,166.9258939,20.8,4954.9,4.480,146,94,224
2026-07-24T19:07:26Z,-11.6514890,166.9259260,21.0,4959.5,4.520,146,94,225
2026-07-24T19:07:27Z,-11.6515269,166.9259369,21.0,4964.1,4.520,145,94,224
2026-07-24T19:07:28Z,-11.6515640,166.9259580,21.2,4968.9,4.620,146,94,224
2026-07-24T19:07:29Z,-11.6516040,166.9259799,21.4,4973.8,4.720,147,93,224
2026-07-24T19:07:30Z,-11.6516429,166.9260010,21.4,4979.0,4.820,145,93,225
2026-07-24T19:07:31Z,-11.6516839,166.9260330,21.6,4984.1,4.920,147,93,225
2026-07-24T19:07:32Z,-11.6517240,166.9260550,21.6,4989.7,5.120,144,94,225
2026-07-24T19:07:33Z,-11.6517670,166.9260870,21.8,4995.5,5.320,147,95,224
2026-07-24T19:07:34Z,-11.6518080,166.9261190,21.8,5001.4,5.520,146,95,225
2026-07-24T19:07:35Z,-11.6518530,166.9261519,21.8,5007.7,5.740,144,95,225
2026-07-24T19:07:36Z,-11.6518969,166.9261939,22.0,5014.0,5.980,145,96,225
2026-07-24T19:07:37Z,-11.6519439,166.9262270,22.0,5020.6,6.180,144,96,225
2026-07-24T19:07:38Z,-11.6519930,166.9262590,22.0,5027.3,6.360,144,97,225
2026-07-24T19:07:39Z,-11.6520470,166.9263020,22.0,5034.3,6.580,145,96,224
2026-07-24T19:07:40Z,-11.6521029,166.9263340,22.0,5041.6,6.780,144,96,224
2026-07-24T19:07:41Z,-11.6521690,166.9263659,22.0,5049.5,7.100,145,95,225
2026-07-24T19:07:42Z,-11.6522350,166.9263770,22.0,5057.0,7.280,145,95,225
2026-07-24T19:07:43Z,-11.6523100,166.9263659,22.0,5065.4,7.620,147,96,225
2026-07-24T19:07:44Z,-11.6523719,166.9263229,22.0,5073.6,7.860,147,95,224
2026-07-24T19:07:45Z,-11.6524130,166.9262590,22.4,5081.9,8.060,145,96,225
2026-07-24T19:07:46Z,-11.6524469,166.9261939,22.8,5089.7,8.039,146,97,225
2026-07-24T19:07:47Z,-11.6524739,166.9261410,23.2,5097.5,8.100,147,97,225
2026-07-24T19:07:48Z,-11.6524980,166.9260550,23.6,5105.2,7.960,147,98,224
2026-07-24T19:07:49Z,-11.6525189,166.9260010,24.0,5112.0,7.680,147,97,225
2026-07-24T19:07:50Z,-11.6525380,166.9259369,24.2,5118.9,7.400,146,97,224
2026-07-24T19:07:51Z,-11.6525550,166.9258939,24.6,5125.4,7.140,146,97,224
2026-07-24T19:07:52Z,-11.6525710,166.9258300,25.0,5131.7,6.840,146,96,224
2026-07-24T19:07:53Z,-11.6525860,166.9257870,25.4,5137.7,6.500,147,96,224
2026-07-24T19:07:54Z,-11.6526000,166.9257219,25.6,5143.5,6.300,147,97,225
2026-07-24T19:07:55Z,-11.6526130,166.9256789,26.0,5149.2,6.060,146,97,225
2026-07-24T19:07:56Z,-11.6526250,166.9256369,26.2,5154.7,5.860,147,97,224
2026-07-24T19:07:57Z,-11.6526370,166.9255830,26.4,5160.1,5.680,146,98,225
2026-07-24T19:07:58Z,-11.6526510,166.9255290,26.6,5165.5,5.560,146,98,225
2026-07-24T19:07:59Z,-11.6526639,166.9254970,27.0,5170.7,5.440,147,98,224
2026-07-24T19:08:00Z,-11.6526769,166.9254540,27.2,5175.9,5.340,147,98,225
2026-07-24T19:08:01Z,-11.6526919,166.9254000,27.4,5181.1,5.280,147,98,225
2026-07-24T19:08:02Z,-11.6527069,166.9253580,27.6,5186.3,5.240,146,97,225
2026-07-24T19:08:03Z,-11.6527230,166.9253149,27.6,5191.5,5.200,147,97,225
2026-07-24T19:08:04Z,-11.6527380,166.9252719,27.8,5196.9,5.240,146,99,225
2026-07-24T19:08:05Z,-11.6527540,166.9252070,28.0,5202.4,5.300,147,98,224
2026-07-24T19:08:06Z,-11.6527700,166.9251640,28.2,5208.0,5.380,147,99,225
2026-07-24T19:08:07Z,-11.6527850,166.9251110,28.2,5213.5,5.440,147,100,225
2026-07-24T19:08:08Z,-11.6528010,166.9250680,28.4,5219.2,5.540,147,100,224
2026-07-24T19:08:09Z,-11.6528150,166.9250250,28.6,5225.0,5.620,148,100,225
2026-07-24T19:08:10Z,-11.6528329,166.9249609,28.6,5230.9,5.700,148,101,225
2026-07-24T19:08:11Z,-11.6528489,166.9249179,28.8,5237.0,5.800,146,101,224
2026-07-24T19:08:12Z,-11.6528680,166.9248530,28.8,5243.1,5.920,148,101,224
2026-07-24T19:08:13Z,-11.6528850,166.9248100,29.0,5249.5,6.060,148,101,225
2026-07-24T19:08:14Z,-11.6529049,166.9247460,29.2,5255.7,6.140,149,101,224
2026-07-24T19:08:15Z,-11.6529250,166.9246820,29.2,5262.2,6.260,148,101,224
2026-07-24T19:08:16Z,-11.6529440,166.9246390,29.4,5268.5,6.300,148,101,224
2026-07-24T19:08:17Z,-11.6529659,166.9245849,29.6,5275.3,6.440,148,100,224
2026-07-24T19:08:18Z,-11.6529870,166.9245310,29.8,5281.6,6.420,148,99,224
2026-07-24T19:08:19Z,-11.6530100,166.9244780,30.0,5288.1,6.480,148,100,224
2026-07-24T19:08:20Z,-11.6530339,166.9244129,30.2,5294.7,6.500,148,98,225
2026-07-24T19:08:21Z,-11.6530570,166.9243709,30.4,5301.0,6.500,148,98,225
2026-07-24T19:08:22Z,-11.6530799,166.9243060,30.6,5307.5,6.440,147,98,225
2026-07-24T19:08:23Z,-11.6531040,166.9242630,30.8,5313.8,6.440,148,99,225
2026-07-24T19:08:24Z,-11.6531270,166.9242099,31.0,5320.0,6.380,147,99,225
2026-07-24T19:08:25Z,-11.6531489,166.9241560,31.2,5326.2,6.300,147,100,224
2026-07-24T19:08:26Z,-11.6531720,166.9241020,31.4,5332.1,6.220,148,100,224
2026-07-24T19:08:27Z,-11.6531959,166.9240590,31.8,5338.1,6.120,148,99,224
2026-07-24T19:08:28Z,-11.6532190,166.9239949,32.0,5344.0,6.040,147,99,224
2026-07-24T19:08:29Z,-11.6532450,166.9239519,32.2,5350.1,6.020,147,99,225
2026-07-24T19:08:30Z,-11.6532690,166.9239089,32.4,5355.7,5.900,146,99,224
2026-07-24T19:08:31Z,-11.6532919,166.9238659,32.6,5361.3,5.840,146,99,225
2026-07-24T19:08:32Z,-11.6533170,166.9238130,32.8,5367.1,5.800,146,99,224
2026-07-24T19:08:33Z,-11.6533410,166.9237700,33.0,5372.8,5.760,146,98,224
2026-07-24T19:08:34Z,-11.6533669,166.9237270,33.2,5378.3,5.640,146,98,224
2026-07-24T19:08:35Z,-11.6533920,166.9236840,33.4,5383.9,5.640,147,98,224
2026-07-24T19:08:36Z,-11.6534200,166.9236519,33.6,5389.7,5.680,147,97,225
2026-07-24T19:08:37Z,-11.6534460,166.9235980,33.8,5395.3,5.640,146,97,225
2026-07-24T19:08:38Z,-11.6534750,166.9235550,34.0,5401.1,5.660,146,96,224
2026-07-24T19:08:39Z,-11.6535050,166.9235120,34.0,5406.9,5.720,146,96,224
2026-07-24T19:08:40Z,-11.6535340,166.9234690,34.2,5412.8,5.780,147,96,225
2026-07-24T19:08:41Z,-11.6535649,166.9234160,34.4,5418.8,5.820,147,98,225
2026-07-24T19:08:42Z,-11.6535959,166.9233730,34.4,5424.9,5.920,147,99,224
2026-07-24T19:08:43Z,-11.6536279,166.9233300,34.6,5431.1,6.000,146,99,224
2026-07-24T19:08:44Z,-11.6536620,166.9232870,34.6,5437.4,6.100,146,99,224
2026-07-24T19:08:45Z,-11.6536949,166.9232329,34.8,5443.6,6.160,146,99,224
2026-07-24T19:08:46Z,-11.6537330,166.9231899,34.8,5450.4,6.320,147,98,225
2026-07-24T19:08:47Z,-11.6537699,166.9231469,35.0,5457.1,6.440,146,98,225
2026-07-24T19:08:48Z,-11.6538090,166.9230830,35.0,5463.8,6.540,147,97,225
2026-07-24T19:08:49Z,-11.6538490,166.9230400,35.2,5470.7,6.660,145,97,225
2026-07-24T19:08:50Z,-11.6538910,166.9229970,35.2,5477.6,6.800,147,96,225
2026-07-24T19:08:51Z,-11.6539350,166.9229439,35.2,5484.7,6.860,146,98,224
2026-07-24T19:08:52Z,-11.6539800,166.9229009,35.4,5491.6,6.900,147,98,224
2026-07-24T19:08:53Z,-11.6540279,166.9228579,35.6,5498.9,7.020,146,98,224
2026-07-24T19:08:54Z,-11.6540760,166.9228149,35.6,5506.2,7.100,147,98,225
2026-07-24T19:08:55Z,-11.6541269,166.9227830,35.8,5513.4,7.160,146,98,225
2026-07-24T19:08:56Z,-11.6541790,166.9227289,35.8,5520.9,7.240,148,98,225
2026-07-24T19:08:57Z,-11.6542340,166.9226859,36.0,5528.2,7.320,148,98,224
2026-07-24T19:08:58Z,-11.6542879,166.9226540,36.2,5535.4,7.300,147,98,224
2026-07-24T19:08:59Z,-11.6543429,166.9226110,36.4,5542.7,7.300,147,97,224
2026-07-24T19:09:00Z,-11.6544009,166.9225790,36.4,5550.1,7.340,146,96,225
2026-07-24T19:09:01Z,-11.6544579,166.9225470,36.6,5557.4,7.300,146,98,224
2026-07-24T19:09:02Z,-11.6545159,166.9225250,36.8,5564.6,7.280,147,98,225
2026-07-24T19:09:03Z,-11.6545749,166.9224930,37.0,5572.0,7.320,147,98,225
2026-07-24T19:09:04Z,-11.6546350,166.9224610,37.2,5579.2,7.300,148,99,224
2026-07-24T19:09:05Z,-11.6546940,166.9224389,37.2,5586.4,7.260,146,99,225
2026-07-24T19:09:06Z,-11.6547560,166.9224180,37.4,5593.6,7.240,146,99,225
2026-07-24T19:09:07Z,-11.6548189,166.9223959,37.6,5600.9,7.260,148,98,224
2026-07-24T19:09:08Z,-11.6548820,166.9223859,37.8,5608.2,7.240,146,98,224
2026-07-24T19:09:09Z,-11.6549479,166.9223640,37.8,5615.5,7.260,148,97,225
2026-07-24T19:09:10Z,-11.6550120,166.9223539,38.0,5622.8,7.280,148,98,224
2026-07-24T19:09:11Z,-11.6550779,166.9223539,38.2,5630.2,7.320,148,98,224
2026-07-24T19:09:12Z,-11.6551440,166.9223320,38.4,5637.4,7.300,148,99,224
2026-07-24T19:09:13Z,-11.6552089,166.9223539,38.6,5644.6,7.280,148,99,225
2026-07-24T19:09:14Z,-11.6552740,166.9223539,38.8,5651.8,7.260,148,99,225
2026-07-24T19:09:15Z,-11.6553379,166.9223640,38.8,5659.0,7.240,148,99,224
2026-07-24T19:09:16Z,-11.6554010,166.9223859,39.0,5666.1,7.180,149,100,224
2026-07-24T19:09:17Z,-11.6554630,166.9223959,39.2,5673.3,7.180,148,101,225
2026-07-24T19:09:18Z,-11.6555229,166.9224289,39.2,5680.5,7.180,149,101,224
2026-07-24T19:09:19Z,-11.6555839,166.9224389,39.4,5687.7,7.180,149,100,225
2026-07-24T19:09:20Z,-11.6556440,166.9224719,39.4,5695.1,7.220,147,100,224
2026-07-24T19:09:21Z,-11.6557030,166.9225040,39.4,5702.7,7.320,148,100,224
2026-07-24T19:09:22Z,-11.6557630,166.9225470,39.4,5710.5,7.440,149,100,225
2026-07-24T19:09:23Z,-11.6558200,166.9225999,39.2,5718.3,7.560,149,100,225
2026-07-24T19:09:24Z,-11.6558800,166.9226429,39.2,5726.6,7.780,149,99,225
2026-07-24T19:09:25Z,-11.6559379,166.9226859,39.0,5735.0,7.980,150,100,225
2026-07-24T19:09:26Z,-11.6559940,166.9227289,39.0,5743.3,8.119,149,102,224
2026-07-24T19:09:27Z,-11.6560529,166.9227930,38.8,5752.3,8.360,149,102,224
2026-07-24T19:09:28Z,-11.6561109,166.9228579,38.8,5761.2,8.580,149,102,224
2026-07-24T19:09:29Z,-11.6561679,166.9229110,38.6,5770.5,8.780,147,103,224
2026-07-24T19:09:30Z,-11.6562299,166.9229759,38.4,5780.3,9.060,149,101,224
2026-07-24T19:09:31Z,-11.6562890,166.9230400,38.2,5789.6,9.260,149,101,225
2026-07-24T19:09:32Z,-11.6563520,166.9231049,38.0,5799.5,9.440,150,101,225
2026-07-24T19:09:33Z,-11.6564179,166.9231579,37.8,5809.9,9.740,149,101,225
2026-07-24T19:09:34Z,-11.6564810,166.9232329,37.6,5820.1,9.920,149,99,225
2026-07-24T19:09:35Z,-11.6565400,166.9232980,37.4,5830.1,9.960,150,100,225
2026-07-24T19:09:36Z,-11.6566009,166.9233730,37.2,5840.6,10.200,151,100,225
2026-07-24T19:09:37Z,-11.6566630,166.9234479,37.0,5851.4,10.380,149,100,224
2026-07-24T19:09:38Z,-11.6567250,166.9235229,36.6,5862.2,10.460,150,100,225
2026-07-24T19:09:39Z,-11.6567879,166.9235980,36.4,5873.2,10.620,150,100,224
2026-07-24T19:09:40Z,-11.6568550,166.9236840,36.2,5884.3,10.840,150,100,224
2026-07-24T19:09:41Z,-11.6569250,166.9237590,36.0,5895.5,10.980,151,101,225
2026-07-24T19:09:42Z,-11.6569980,166.9238339,35.6,5906.9,11.100,151,101,224
2026-07-24T19:09:43Z,-11.6570779,166.9238980,35.4,5918.3,11.220,152,101,224
2026-07-24T19:09:44Z,-11.6571570,166.9239740,35.2,5929.6,11.280,153,101,224
2026-07-24T19:09:45Z,-11.6572410,166.9240270,35.0,5941.3,11.400,151,101,225
2026-07-24T19:09:46Z,-11.6573280,166.9240920,34.6,5953.2,11.540,152,101,225
2026-07-24T19:09:47Z,-11.6574140,166.9241560,34.4,5965.0,11.620,149,100,225
2026-07-24T19:09:48Z,-11.6575000,166.9242099,34.2,5976.6,11.660,150,101,225
2026-07-24T19:09:49Z,-11.6575870,166.9242740,34.0,5988.5,11.780,150,102,225
2026-07-24T19:09:50Z,-11.6576760,166.9243490,33.8,6000.5,11.840,149,101,225
2026-07-24T19:09:51Z,-11.6577610,166.9244129,33.8,6012.5,11.860,150,101,225
2026-07-24T19:09:52Z,-11.6578420,166.9244780,33.6,6024.0,11.800,151,101,224
2026-07-24T19:09:53Z,-11.6579259,166.9245310,33.6,6035.6,11.800,151,101,224
2026-07-24T19:09:54Z,-11.6580119,166.9246070,33.8,6047.1,11.720,150,101,224
2026-07-24T19:09:55Z,-11.6580940,166.9246709,33.8,6058.5,11.600,150,101,225
2026-07-24T19:09:56Z,-11.6581760,166.9247350,33.8,6069.7,11.440,150,101,224
2026-07-24T19:09:57Z,-11.6582539,166.9247890,33.8,6080.8,11.360,151,101,225
2026-07-24T19:09:58Z,-11.6583269,166.9248530,34.0,6091.7,11.220,150,101,224
2026-07-24T19:09:59Z,-11.6583989,166.9249279,34.0,6102.9,11.160,153,101,224
2026-07-24T19:10:00Z,-11.6584620,166.9250039,34.0,6113.4,10.980,151,100,224
2026-07-24T19:10:01Z,-11.6585230,166.9250680,34.0,6124.1,10.880,151,101,225
2026-07-24T19:10:02Z,-11.6585800,166.9251429,33.8,6134.6,10.760,150,100,224
2026-07-24T19:10:03Z,-11.6586370,166.9252400,33.8,6145.6,10.780,153,100,224
2026-07-24T19:10:04Z,-11.6586879,166.9253149,33.6,6156.0,10.620,151,100,225
2026-07-24T19:10:05Z,-11.6587380,166.9254000,33.6,6166.8,10.680,153,99,225
2026-07-24T19:10:06Z,-11.6587859,166.9254759,33.4,6177.6,10.700,151,101,224
2026-07-24T19:10:07Z,-11.6588289,166.9255720,33.4,6188.2,10.720,153,101,224
2026-07-24T19:10:08Z,-11.6588719,166.9256580,33.4,6199.1,10.700,154,101,224
2026-07-24T19:10:09Z,-11.6589090,166.9257550,33.6,6209.9,10.780,154,101,224
2026-07-24T19:10:10Z,-11.6589439,166.9258509,33.6,6220.4,10.720,152,100,225
2026-07-24T19:10:11Z,-11.6589729,166.9259369,33.8,6230.8,10.640,152,101,224
2026-07-24T19:10:12Z,-11.6589990,166.9260330,34.0,6241.3,10.620,153,101,225
2026-07-24T19:10:13Z,-11.6590209,166.9261190,34.2,6251.3,10.440,154,100,224
2026-07-24T19:10:14Z,-11.6590400,166.9261939,34.4,6261.1,10.240,151,100,224
2026-07-24T19:10:15Z,-11.6590570,166.9262910,34.6,6270.9,10.100,151,99,225
2026-07-24T19:10:16Z,-11.6590729,166.9263770,35.0,6280.4,9.920,151,100,225
2026-07-24T19:10:17Z,-11.6590879,166.9264519,35.2,6289.5,9.640,152,100,225
2026-07-24T19:10:18Z,-11.6591049,166.9265480,35.4,6298.9,9.520,151,100,224
2026-07-24T19:10:19Z,-11.6591240,166.9266239,35.8,6307.7,9.320,153,99,225
2026-07-24T19:10:20Z,-11.6591440,166.9266989,36.0,6316.4,9.100,154,99,224
2026-07-24T19:10:21Z,-11.6591619,166.9267740,36.4,6325.0,8.920,154,99,225
2026-07-24T19:10:22Z,-11.6591779,166.9268490,36.6,6333.1,8.720,152,99,225
2026-07-24T19:10:23Z,-11.6591950,166.9269129,37.0,6340.9,8.400,154,99,225
2026-07-24T19:10:24Z,-11.6592140,166.9269879,37.4,6348.8,8.220,154,99,225
2026-07-24T19:10:25Z,-11.6592329,166.9270530,37.8,6356.2,7.960,154,98,224
2026-07-24T19:10:26Z,-11.6592469,166.9271169,38.2,6363.2,7.640,154,97,225
2026-07-24T19:10:27Z,-11.6592609,166.9271709,38.4,6369.9,7.360,151,97,225
2026-07-24T19:10:28Z,-11.6592769,166.9272350,38.8,6376.5,7.120,154,96,224
2026-07-24T19:10:29Z,-11.6592929,166.9272780,39.2,6382.9,6.820,153,96,225
2026-07-24T19:10:30Z,-11.6593090,166.9273420,39.4,6389.0,6.560,153,96,224
2026-07-24T19:10:31Z,-11.6593250,166.9273850,39.8,6394.7,6.300,152,96,224
2026-07-24T19:10:32Z,-11.6593410,166.9274500,40.0,6400.6,6.140,154,94,224
2026-07-24T19:10:33Z,-11.6593560,166.9274930,40.2,6405.9,5.880,154,94,224
2026-07-24T19:10:34Z,-11.6593749,166.9275360,40.4,6411.6,5.740,154,94,224
2026-07-24T19:10:35Z,-11.6593919,166.9275889,40.6,6417.0,5.600,153,90,224
2026-07-24T19:10:36Z,-11.6594100,166.9276319,40.8,6422.5,5.560,154,90,225
2026-07-24T19:10:37Z,-11.6594280,166.9276749,41.0,6427.9,5.460,154,90,224
2026-07-24T19:10:38Z,-11.6594489,166.9277179,41.2,6433.4,5.500,154,90,225
2026-07-24T19:10:39Z,-11.6594690,166.9277720,41.4,6438.8,5.440,155,91,224
2026-07-24T19:10:40Z,-11.6594919,166.9278140,41.6,6444.4,5.480,155,91,224
2026-07-24T19:10:41Z,-11.6595140,166.9278570,41.6,6449.8,5.460,154,91,225
2026-07-24T19:10:42Z,-11.6595369,166.9279110,41.8,6455.5,5.520,154,91,224
2026-07-24T19:10:43Z,-11.6595610,166.9279540,42.0,6461.3,5.580,153,91,224
2026-07-24T19:10:44Z,-11.6595870,166.9279970,42.0,6467.0,5.640,153,91,224
2026-07-24T19:10:45Z,-11.6596120,166.9280400,42.2,6473.1,5.740,153,91,226
2026-07-24T19:10:46Z,-11.6596379,166.9280929,42.4,6479.3,5.900,154,92,225
2026-07-24T19:10:47Z,-11.6596629,166.9281470,42.4,6485.2,5.940,153,93,225
2026-07-24T19:10:48Z,-11.6596890,166.9282010,42.6,6491.5,6.040,152,93,225
2026-07-24T19:10:49Z,-11.6597140,166.9282440,42.6,6497.9,6.180,153,94,224
2026-07-24T19:10:50Z,-11.6597379,166.9283079,42.8,6504.5,6.280,154,94,224
2026-07-24T19:10:51Z,-11.6597610,166.9283620,42.8,6511.0,6.340,154,94,224
2026-07-24T19:10:52Z,-11.6597840,166.9284050,43.0,6517.7,6.500,154,94,225
2026-07-24T19:10:53Z,-11.6598040,166.9284689,43.0,6524.4,6.580,154,94,225
2026-07-24T19:10:54Z,-11.6598239,166.9285330,43.0,6531.4,6.700,153,93,224
2026-07-24T19:10:55Z,-11.6598440,166.9285979,43.2,6538.4,6.780,152,93,224
2026-07-24T19:10:56Z,-11.6598669,166.9286510,43.2,6546.1,7.020,152,94,225
2026-07-24T19:10:57Z,-11.6598860,166.9287160,43.2,6553.1,7.080,153,94,225
2026-07-24T19:10:58Z,-11.6599069,166.9287910,43.2,6561.2,7.360,153,96,225
2026-07-24T19:10:59Z,-11.6599229,166.9288549,43.4,6568.0,7.320,152,96,225
2026-07-24T19:11:00Z,-11.6599389,166.9289299,43.4,6576.0,7.520,153,98,225
2026-07-24T19:11:01Z,-11.6599560,166.9289950,43.4,6583.7,7.520,152,98,224
2026-07-24T19:11:02Z,-11.6599689,166.9290699,43.2,6591.7,7.720,151,99,225
2026-07-24T19:11:03Z,-11.6599799,166.9291449,43.2,6600.0,7.760,150,98,225
2026-07-24T19:11:04Z,-11.6599880,166.9292200,43.0,6608.5,8.100,152,98,224
2026-07-24T19:11:05Z,-11.6599920,166.9292950,42.8,6617.0,8.200,152,98,224
2026-07-24T19:11:06Z,-11.6599900,166.9293700,42.6,6626.0,8.460,152,98,224
2026-07-24T19:11:07Z,-11.6599819,166.9294670,42.2,6635.7,8.800,152,98,225
2026-07-24T19:11:08Z,-11.6599659,166.9295530,41.8,6645.7,9.140,152,98,225
2026-07-24T19:11:09Z,-11.6599420,166.9296489,41.2,6655.9,9.480,151,98,225
2026-07-24T19:11:10Z,-11.6599069,166.9297349,40.4,6666.8,9.960,151,98,225
2026-07-24T19:11:11Z,-11.6598590,166.9298319,39.6,6678.2,10.440,152,99,224
2026-07-24T19:11:12Z,-11.6597949,166.9299169,38.6,6690.6,10.980,152,101,225
2026-07-24T19:11:13Z,-11.6597219,166.9299919,37.6,6702.7,11.400,151,101,225
2026-07-24T19:11:14Z,-11.6596320,166.9300890,36.2,6716.8,12.180,150,101,224
2026-07-24T19:11:15Z,-11.6595369,166.9301750,34.8,6731.1,12.860,150,100,224
2026-07-24T19:11:16Z,-11.6594369,166.9302610,33.4,6745.2,13.400,152,100,224
2026-07-24T19:11:17Z,-11.6593199,166.9303460,31.8,6761.1,14.100,151,101,224
2026-07-24T19:11:18Z,-11.6592000,166.9304219,30.4,6776.7,14.800,152,101,224
2026-07-24T19:11:19Z,-11.6590680,166.9304969,29.0,6793.4,15.320,149,99,225
2026-07-24T19:11:20Z,-11.6589350,166.9305610,28.2,6809.6,15.700,152,99,224
2026-07-24T19:11:21Z,-11.6587950,166.9306040,27.6,6826.1,16.180,151,99,224
2026-07-24T19:11:22Z,-11.6586520,166.9306580,27.2,6842.8,16.340,151,98,225
2026-07-24T19:11:23Z,-11.6585139,166.9307010,27.0,6858.5,16.360,151,98,225
2026-07-24T19:11:24Z,-11.6583689,166.9307330,27.0,6874.9,16.300,151,98,225
2026-07-24T19:11:25Z,-11.6582350,166.9307430,26.8,6889.9,16.059,151,98,224
2026-07-24T19:11:26Z,-11.6580989,166.9307760,26.8,6905.0,15.780,151,97,224
2026-07-24T19:11:27Z,-11.6579650,166.9307860,26.4,6920.1,15.460,150,98,225
2026-07-24T19:11:28Z,-11.6578300,166.9308080,26.2,6935.2,15.340,150,98,224
2026-07-24T19:11:29Z,-11.6577010,166.9308190,26.0,6949.5,14.920,150,98,224
2026-07-24T19:11:30Z,-11.6575750,166.9308190,26.0,6963.4,14.700,151,98,224
2026-07-24T19:11:31Z,-11.6574499,166.9308190,25.8,6977.3,14.460,150,98,224
2026-07-24T19:11:32Z,-11.6573140,166.9308399,25.6,6992.4,14.460,149,97,225
2026-07-24T19:11:33Z,-11.6571860,166.9308399,25.4,7006.4,14.240,149,97,224
2026-07-24T19:11:34Z,-11.6570680,166.9308190,25.0,7019.5,14.000,149,97,224
2026-07-24T19:11:35Z,-11.6569410,166.9308190,24.8,7033.6,14.040,149,97,225
2026-07-24T19:11:36Z,-11.6568169,166.9308190,24.4,7047.2,13.980,149,97,225
2026-07-24T19:11:37Z,-11.6566950,166.9308080,24.2,7060.8,13.680,150,96,225
2026-07-24T19:11:38Z,-11.6565690,166.9308080,23.6,7074.7,13.660,150,96,224
2026-07-24T19:11:39Z,-11.6564449,166.9307860,23.2,7088.6,13.820,150,96,224
2026-07-24T19:11:40Z,-11.6563240,166.9307760,23.0,7102.1,13.700,148,94,224
2026-07-24T19:11:41Z,-11.6562019,166.9307650,22.6,7115.6,13.680,150,94,224
2026-07-24T19:11:42Z,-11.6560740,166.9307430,22.4,7129.9,13.820,150,93,225
2026-07-24T19:11:43Z,-11.6559549,166.9307330,22.2,7143.0,13.660,149,93,225
2026-07-24T19:11:44Z,-11.6558320,166.9307109,22.2,7156.8,13.640,150,93,224
2026-07-24T19:11:45Z,-11.6557160,166.9307010,22.2,7169.7,13.520,150,93,224
2026-07-24T19:11:46Z,-11.6555969,166.9306790,22.4,7183.1,13.500,148,96,225
2026-07-24T19:11:47Z,-11.6554819,166.9306679,22.6,7195.9,13.200,149,96,224
2026-07-24T19:11:48Z,-11.6553740,166.9306580,22.6,7207.8,12.960,149,96,224
2026-07-24T19:11:49Z,-11.6552619,166.9306679,22.8,7220.4,12.720,149,97,224
2026-07-24T19:11:50Z,-11.6551619,166.9307109,22.8,7232.2,12.500,149,97,225
2026-07-24T19:11:51Z,-11.6550870,166.9307860,22.6,7244.4,12.260,149,98,225
2026-07-24T19:11:52Z,-11.6550499,166.9308829,22.2,7255.7,11.960,149,98,225
2026-07-24T19:11:53Z,-11.6550479,166.9310009,21.2,7268.5,12.140,149,99,224
2026-07-24T19:11:54Z,-11.6550659,166.9311299,20.2,7281.6,12.240,150,100,225
2026-07-24T19:11:55Z,-11.6550929,166.9312370,19.2,7294.7,12.500,150,101,225
2026-07-24T19:11:56Z,-11.6551280,166.9313550,18.0,7308.6,12.840,150,101,224
2026-07-24T19:11:57Z,-11.6551680,166.9314940,16.8,7323.6,13.580,149,101,224
2026-07-24T19:11:58Z,-11.6552010,166.9316120,15.6,7337.6,13.820,148,101,224
2026-07-24T19:11:59Z,-11.6552270,166.9317520,14.6,7353.7,14.420,149,101,224
2026-07-24T19:12:00Z,-11.6552359,166.9319019,13.6,7369.4,14.940,149,100,225
2026-07-24T19:12:01Z,-11.6552379,166.9320420,13.0,7384.3,15.140,149,100,225
2026-07-24T19:12:02Z,-11.6552320,166.9321810,12.4,7400.7,15.420,150,101,224
2026-07-24T19:12:03Z,-11.6552229,166.9323209,11.8,7415.4,15.560,149,101,224
2026-07-24T19:12:04Z,-11.6552030,166.9324710,11.4,7431.5,15.560,150,101,225
2026-07-24T19:12:05Z,-11.6551759,166.9326099,10.8,7447.6,15.640,149,101,224
2026-07-24T19:12:06Z,-11.6551410,166.9327389,10.2,7462.5,15.640,149,101,224
2026-07-24T19:12:07Z,-11.6550830,166.9328780,9.8,7478.4,15.540,150,99,224
2026-07-24T19:12:08Z,-11.6550000,166.9329860,9.2,7494.0,15.720,149,99,224
2026-07-24T19:12:09Z,-11.6548980,166.9330819,8.8,7508.9,15.480,150,100,225
2026-07-24T19:12:10Z,-11.6547830,166.9331569,8.4,7523.8,15.240,150,100,225
2026-07-24T19:12:11Z,-11.6546579,166.9331999,8.0,7539.0,15.300,148,100,225
2026-07-24T19:12:12Z,-11.6545289,166.9332650,7.6,7554.2,15.160,149,101,224
2026-07-24T19:12:13Z,-11.6543940,166.9333080,7.2,7569.9,15.180,149,102,224
2026-07-24T19:12:14Z,-11.6542719,166.9333399,6.8,7584.2,15.060,151,102,224
2026-07-24T19:12:15Z,-11.6541409,166.9333829,6.4,7599.3,15.100,150,101,224
2026-07-24T19:12:16Z,-11.6540200,166.9334259,6.0,7613.8,14.960,150,101,224
2026-07-24T19:12:17Z,-11.6538950,166.9334900,5.8,7628.9,14.940,151,102,224
2026-07-24T19:12:18Z,-11.6537800,166.9335540,5.4,7643.1,14.640,151,101,225
2026-07-24T19:12:19Z,-11.6536640,166.9336080,5.2,7657.5,14.660,151,101,225
2026-07-24T19:12:20Z,-11.6535490,166.9336719,4.8,7671.7,14.480,150,101,224
2026-07-24T19:12:21Z,-11.6534310,166.9337370,4.6,7686.5,14.540,149,101,224
2026-07-24T19:12:22Z,-11.6533170,166.9337800,4.4,7700.6,14.340,149,101,225
2026-07-24T19:12:23Z,-11.6532079,166.9338439,4.2,7713.9,14.160,150,101,225
2026-07-24T19:12:24Z,-11.6530929,166.9338869,4.0,7727.8,14.060,151,101,225
2026-07-24T19:12:25Z,-11.6529710,166.9339510,3.8,7742.5,14.160,150,101,225
2026-07-24T19:12:26Z,-11.6528649,166.9339940,3.6,7755.2,13.740,150,101,225
2026-07-24T19:12:27Z,-11.6527540,166.9340370,3.4,7768.8,13.640,150,101,224
2026-07-24T19:12:28Z,-11.6526370,166.9340909,3.2,7782.7,13.760,150,102,225
2026-07-24T19:12:29Z,-11.6525230,166.9341339,3.2,7796.2,13.680,150,101,224
2026-07-24T19:12:30Z,-11.6524130,166.9341769,3.0,7809.0,13.300,151,101,224
2026-07-24T19:12:31Z,-11.6523009,166.9341980,2.8,7821.9,13.340,151,101,224
2026-07-24T19:12:32Z,-11.6521820,166.9342199,2.8,7835.1,13.260,151,101,224
2026-07-24T19:12:33Z,-11.6520670,166.9342199,2.8,7847.8,13.020,151,101,224
2026-07-24T19:12:34Z,-11.6519530,166.9342199,2.6,7860.5,12.860,150,101,224
2026-07-24T19:12:35Z,-11.6518419,166.9341980,2.6,7873.0,12.800,149,102,225
2026-07-24T19:12:36Z,-11.6517289,166.9341660,2.6,7885.8,12.780,150,103,224
2026-07-24T19:12:37Z,-11.6516249,166.9341339,2.8,7898.0,12.580,150,103,225
2026-07-24T19:12:38Z,-11.6515249,166.9341019,2.8,7909.6,12.360,151,103,225
2026-07-24T19:12:39Z,-11.6514229,166.9340589,2.8,7921.7,12.240,151,103,224
2026-07-24T19:12:40Z,-11.6513239,166.9340260,2.8,7933.3,12.060,151,103,224
2026-07-24T19:12:41Z,-11.6512209,166.9339940,2.8,7945.1,11.860,152,103,225
2026-07-24T19:12:42Z,-11.6511229,166.9339840,2.8,7956.3,11.660,151,103,225
2026-07-24T19:12:43Z,-11.6510199,166.9339510,2.8,7968.0,11.680,151,102,225
2026-07-24T19:12:44Z,-11.6509209,166.9339189,2.8,7979.4,11.540,150,101,224
2026-07-24T19:12:45Z,-11.6508199,166.9338869,2.6,7990.9,11.520,152,101,225
2026-07-24T19:12:46Z,-11.6507219,166.9338759,2.6,8002.1,11.400,151,102,225
2026-07-24T19:12:47Z,-11.6506240,166.9338439,2.6,8013.1,11.360,152,102,225
2026-07-24T19:12:48Z,-11.6505250,166.9338230,2.6,8024.3,11.260,152,102,225
2026-07-24T19:12:49Z,-11.6504260,166.9338230,2.6,8035.3,11.180,151,102,224
2026-07-24T19:12:50Z,-11.6503240,166.9338230,2.6,8046.5,11.120,151,102,225
2026-07-24T19:12:51Z,-11.6502230,166.9338439,2.6,8057.7,11.120,150,103,225
2026-07-24T19:12:52Z,-11.6501270,166.9338550,2.6,8068.5,11.080,151,102,225
2026-07-24T19:12:53Z,-11.6500299,166.9338759,2.4,8079.3,11.000,151,102,224
2026-07-24T19:12:54Z,-11.6499330,166.9338869,2.4,8090.5,11.040,150,102,224
2026-07-24T19:12:55Z,-11.6498380,166.9339189,2.4,8101.3,10.960,150,102,224
2026-07-24T19:12:56Z,-11.6497429,166.9339510,2.4,8112.1,10.880,150,102,225
2026-07-24T19:12:57Z,-11.6496520,166.9339840,2.4,8122.7,10.840,151,102,224
2026-07-24T19:12:58Z,-11.6495579,166.9340049,2.4,8133.5,10.840,151,101,224
2026-07-24T19:12:59Z,-11.6494679,166.9340260,2.4,8144.0,10.700,150,101,224
2026-07-24T19:13:00Z,-11.6493730,166.9340589,2.4,8155.0,10.740,150,101,224
2026-07-24T19:13:01Z,-11.6492819,166.9340909,2.4,8165.3,10.640,150,101,224
2026-07-24T19:13:02Z,-11.6491860,166.9341019,2.4,8176.2,10.700,149,100,225
2026-07-24T19:13:03Z,-11.6490939,166.9341339,2.4,8186.9,10.680,150,100,225
2026-07-24T19:13:04Z,-11.6490050,166.9341660,2.2,8197.2,10.640,151,100,225
2026-07-24T19:13:05Z,-11.6489099,166.9341980,2.2,8208.0,10.600,151,100,225
2026-07-24T19:13:06Z,-11.6488180,166.9342199,2.2,8218.7,10.680,150,100,225
2026-07-24T19:13:07Z,-11.6487300,166.9342520,2.2,8229.0,10.560,151,100,225
2026-07-24T19:13:08Z,-11.6486349,166.9342730,2.2,8239.9,10.600,151,100,224
2026-07-24T19:13:09Z,-11.6485410,166.9342950,2.2,8250.8,10.720,151,101,225
2026-07-24T19:13:10Z,-11.6484450,166.9343270,2.2,8261.6,10.720,150,100,224
2026-07-24T19:13:11Z,-11.6483510,166.9343479,2.2,8272.3,10.720,152,100,224
2026-07-24T19:13:12Z,-11.6482500,166.9343590,2.2,8283.7,10.940,151,101,224
2026-07-24T19:13:13Z,-11.6481520,166.9343909,2.2,8294.6,10.940,151,102,224
2026-07-24T19:13:14Z,-11.6480569,166.9343909,2.2,8305.3,10.900,151,103,225
2026-07-24T19:13:15Z,-11.6479630,166.9344020,2.2,8315.9,10.860,151,102,224
2026-07-24T19:13:16Z,-11.6478670,166.9344229,2.2,8326.6,10.860,152,102,225
2026-07-24T19:13:17Z,-11.6477719,166.9344339,2.2,8337.2,10.700,151,102,225
2026-07-24T19:13:18Z,-11.6476739,166.9344339,2.2,8348.0,10.680,150,100,224
2026-07-24T19:13:19Z,-11.6475770,166.9344560,2.2,8358.8,10.700,152,99,224
2026-07-24T19:13:20Z,-11.6474859,166.9344560,2.2,8368.8,10.580,151,99,224
2026-07-24T19:13:21Z,-11.6473870,166.9344560,2.2,8379.8,10.640,153,101,225
2026-07-24T19:13:22Z,-11.6472959,166.9344560,2.2,8389.9,10.540,152,101,225
2026-07-24T19:13:23Z,-11.6472030,166.9344339,2.2,8400.2,10.440,153,101,224
2026-07-24T19:13:24Z,-11.6471060,166.9344339,2.2,8410.8,10.400,150,101,224
2026-07-24T19:13:25Z,-11.6470140,166.9344229,2.2,8421.1,10.460,153,102,224
2026-07-24T19:13:26Z,-11.6469200,166.9344020,2.2,8431.5,10.340,152,101,225
2026-07-24T19:13:27Z,-11.6468260,166.9343909,2.2,8442.1,10.440,152,100,224
2026-07-24T19:13:28Z,-11.6467379,166.9343810,2.2,8452.2,10.400,153,100,224
2026-07-24T19:13:29Z,-11.6466420,166.9343590,2.2,8462.9,10.420,152,100,224
2026-07-24T19:13:30Z,-11.6465540,166.9343270,2.2,8473.1,10.400,152,98,224
2026-07-24T19:13:31Z,-11.6464649,166.9342950,2.2,8483.4,10.380,151,98,224
2026-07-24T19:13:32Z,-11.6463759,166.9342730,2.2,8493.7,10.320,151,99,225
2026-07-24T19:13:33Z,-11.6462830,166.9342520,2.2,8504.2,10.400,151,99,225
2026-07-24T19:13:34Z,-11.6461860,166.9342730,2.2,8514.9,10.400,150,99,224
2026-07-24T19:13:35Z,-11.6461010,166.9343160,2.2,8525.6,10.500,151,98,224
2026-07-24T19:13:36Z,-11.6460280,166.9343810,2.2,8536.3,10.580,151,98,224
2026-07-24T19:13:37Z,-11.6459690,166.9344560,2.2,8547.0,10.660,151,98,224
2026-07-24T19:13:38Z,-11.6459140,166.9345310,2.2,8557.4,10.640,151,99,225
2026-07-24T19:13:39Z,-11.6458579,166.9346170,2.2,8568.1,10.640,150,99,225
2026-07-24T19:13:40Z,-11.6458060,166.9346919,2.2,8578.5,10.580,152,99,225
2026-07-24T19:13:41Z,-11.6457520,166.9347770,2.2,8589.1,10.560,151,99,225
2026-07-24T19:13:42Z,-11.6456980,166.9348529,2.2,8599.6,10.520,151,100,225
2026-07-24T19:13:43Z,-11.6456429,166.9349379,2.2,8610.3,10.580,151,100,224
2026-07-24T19:13:44Z,-11.6455910,166.9350140,2.2,8620.4,10.460,151,101,224
2026-07-24T19:13:45Z,-11.6455370,166.9350890,2.2,8630.9,10.480,151,101,224
2026-07-24T19:13:46Z,-11.6454820,166.9351740,2.2,8641.6,10.500,152,101,224
2026-07-24T19:13:47Z,-11.6454310,166.9352500,2.2,8651.7,10.420,152,101,224
2026-07-24T19:13:48Z,-11.6453750,166.9353249,2.2,8662.4,10.420,151,101,224
2026-07-24T19:13:49Z,-11.6453230,166.9353999,2.2,8672.6,10.440,150,100,224
2026-07-24T19:13:50Z,-11.6452730,166.9354750,2.2,8682.7,10.360,150,100,224
2026-07-24T19:13:51Z,-11.6452129,166.9355500,2.2,8693.0,10.280,149,100,224
2026-07-24T19:13:52Z,-11.6451399,166.9356139,2.2,8703.1,10.280,149,100,224
2026-07-24T19:13:53Z,-11.6450590,166.9356569,2.2,8713.3,10.180,151,100,224
2026-07-24T19:13:54Z,-11.6449689,166.9356680,2.2,8723.6,10.200,151,100,224
2026-07-24T19:13:55Z,-11.6448750,166.9356889,2.2,8734.2,10.300,151,100,224
2026-07-24T19:13:56Z,-11.6447880,166.9356999,2.2,8743.9,10.180,150,100,224
2026-07-24T19:13:57Z,-11.6446910,166.9356999,2.2,8754.6,10.300,150,99,225
2026-07-24T19:13:58Z,-11.6446040,166.9356889,2.2,8764.3,10.200,151,99,225
2026-07-24T19:13:59Z,-11.6445099,166.9356680,2.2,8774.8,10.240,152,99,225
2026-07-24T19:14:00Z,-11.6444260,166.9356470,2.2,8784.4,10.040,151,99,225
2026-07-24T19:14:01Z,-11.6443380,166.9356250,2.2,8794.5,10.120,151,101,225
2026-07-24T19:14:02Z,-11.6442459,166.9355930,2.2,8805.0,10.080,151,101,224
2026-07-24T19:14:03Z,-11.6441599,166.9355930,2.2,8814.7,10.080,152,101,224
2026-07-24T19:14:04Z,-11.6440650,166.9355930,2.2,8825.1,10.060,151,103,225
2026-07-24T19:14:05Z,-11.6439749,166.9355930,2.2,8835.0,10.120,150,103,225
2026-07-24T19:14:06Z,-11.6438820,166.9356139,2.2,8845.5,10.200,150,104,224
2026-07-24T19:14:07Z,-11.6437930,166.9356250,2.2,8855.6,10.120,150,103,224
2026-07-24T19:14:08Z,-11.6437080,166.9356470,2.2,8865.2,10.100,150,103,224
2026-07-24T19:14:09Z,-11.6436159,166.9356569,2.2,8875.6,10.100,151,101,224
2026-07-24T19:14:10Z,-11.6435269,166.9356680,2.2,8885.6,10.120,151,101,224
2026-07-24T19:14:11Z,-11.6434370,166.9356889,2.2,8895.6,10.020,152,101,224
2026-07-24T19:14:12Z,-11.6433490,166.9356999,2.2,8905.4,9.960,152,101,224
2026-07-24T19:14:13Z,-11.6432569,166.9356999,2.2,8915.6,10.080,152,101,224
2026-07-24T19:14:14Z,-11.6431660,166.9356999,2.2,8925.7,10.020,152,102,224
2026-07-24T19:14:15Z,-11.6430780,166.9356680,2.2,8935.8,10.040,153,103,225
2026-07-24T19:14:16Z,-11.6429989,166.9356470,2.2,8945.6,10.000,153,103,225
2026-07-24T19:14:17Z,-11.6429109,166.9356139,2.2,8956.0,10.120,152,102,224
2026-07-24T19:14:18Z,-11.6428269,166.9356470,2.4,8966.0,10.080,153,101,224
2026-07-24T19:14:19Z,-11.6427870,166.9357220,2.8,8975.5,9.960,152,101,224
2026-07-24T19:14:20Z,-11.6428300,166.9357970,3.6,8985.1,9.860,153,100,224
2026-07-24T19:14:21Z,-11.6428930,166.9358289,4.0,8993.5,9.580,153,100,224
2026-07-24T19:14:22Z,-11.6429600,166.9358719,4.6,9002.0,9.200,153,100,225
2026-07-24T19:14:23Z,-11.6430230,166.9359039,5.0,9009.7,8.740,154,99,224
2026-07-24T19:14:24Z,-11.6430839,166.9359360,5.4,9017.1,8.320,153,99,224
2026-07-24T19:14:25Z,-11.6431460,166.9359469,5.6,9024.3,7.840,151,97,224
2026-07-24T19:14:26Z,-11.6432080,166.9359579,6.0,9031.2,7.540,152,96,225
2026-07-24T19:14:27Z,-11.6432670,166.9359790,6.4,9037.9,7.180,151,97,225
2026-07-24T19:14:28Z,-11.6433259,166.9359790,6.6,9044.5,6.960,153,98,224
2026-07-24T19:14:29Z,-11.6433820,166.9359899,7.0,9050.8,6.740,154,98,224
2026-07-24T19:14:30Z,-11.6434370,166.9359899,7.2,9056.9,6.520,153,98,224
2026-07-24T19:14:31Z,-11.6434920,166.9360110,7.4,9063.0,6.360,153,98,224
2026-07-24T19:14:32Z,-11.6435459,166.9360110,7.8,9069.1,6.240,154,99,225
2026-07-24T19:14:33Z,-11.6435989,166.9360110,8.0,9075.0,6.100,153,99,224
2026-07-24T19:14:34Z,-11.6436500,166.9360220,8.2,9080.6,5.960,153,99,224
2026-07-24T19:14:35Z,-11.6437009,166.9360220,8.4,9086.3,5.880,153,98,224
2026-07-24T19:14:36Z,-11.6437510,166.9360439,8.8,9092.0,5.800,152,98,224
2026-07-24T19:14:37Z,-11.6437970,166.9360540,9.0,9097.3,5.640,153,98,225
2026-07-24T19:14:38Z,-11.6438420,166.9360860,9.0,9102.8,5.560,153,94,224
2026-07-24T19:14:39Z,-11.6438889,166.9360970,9.2,9108.4,5.560,152,97,224
2026-07-24T19:14:40Z,-11.6439390,166.9361189,9.2,9114.3,5.600,152,97,224
2026-07-24T19:14:41Z,-11.6439919,166.9361290,9.2,9120.5,5.700,151,97,225
2026-07-24T19:14:42Z,-11.6440469,166.9361510,9.2,9126.9,5.920,152,96,225
2026-07-24T19:14:43Z,-11.6441020,166.9361720,9.2,9133.3,6.100,152,96,225
2026-07-24T19:14:44Z,-11.6441639,166.9361940,9.2,9140.4,6.400,151,96,225
2026-07-24T19:14:45Z,-11.6442230,166.9362039,9.2,9147.5,6.640,152,96,225
2026-07-24T19:14:46Z,-11.6442860,166.9362370,9.2,9154.7,6.840,152,96,225
2026-07-24T19:14:47Z,-11.6443479,166.9362580,9.2,9162.1,7.040,151,96,225
2026-07-24T19:14:48Z,-11.6444110,166.9362800,9.2,9169.8,7.300,150,96,225
2026-07-24T19:14:49Z,-11.6444750,166.9363120,9.4,9177.4,7.400,152,0,0
2026-07-24T19:14:50Z,-11.6445330,166.9363440,9.4,9184.5,7.400,152,0,0
2026-07-24T19:14:51Z,-11.6445929,166.9363759,9.6,9191.8,7.420,150,0,0
2026-07-24T19:14:52Z,-11.6446450,166.9363870,9.6,9198.5,7.280,152,0,0
2026-07-24T19:14:53Z,-11.6446959,166.9364189,9.8,9204.8,7.000,151,0,0
2026-07-24T19:14:54Z,-11.6447450,166.9364509,10.0,9210.9,6.700,153,0,0
2026-07-24T19:14:55Z,-11.6447900,166.9364830,10.2,9216.6,6.420,152,0,0
2026-07-24T19:14:56Z,-11.6448290,166.9364939,10.2,9221.5,5.940,152,0,0
2026-07-24T19:14:57Z,-11.6448610,166.9365160,10.4,9225.6,5.420,152,0,0
2026-07-24T19:14:58Z,-11.6448860,166.9365260,10.6,9228.6,4.760,150,0,0
2026-07-24T19:14:59Z,-11.6449020,166.9365479,10.6,9230.7,3.960,151,0,0
2026-07-24T19:15:00Z,-11.6449099,166.9365479,10.6,9231.8,3.040,152,0,0
2026-07-24T19:15:01Z,-11.6449119,166.9365479,10.6,9232.1,2.120,152,0,0
2026-07-24T19:15:02Z,-11.6449119,166.9365479,10.6,9232.1,1.300,150,0,0
2026-07-24T19:15:12Z,-11.6449140,166.9365479,10.6,9232.1,0.000,150,74,187
2026-07-24T19:15:13Z,-11.6449150,166.9365479,10.6,9232.2,0.009,150,74,187
2026-07-24T19:15:14Z,-11.6449229,166.9365580,10.6,9233.4,0.108,149,73,183
2026-07-24T19:15:15Z,-11.6449389,166.9365580,10.8,9235.5,0.262,148,73,221
2026-07-24T19:15:16Z,-11.6449590,166.9365690,10.8,9238.2,0.436,148,77,193
2026-07-24T19:15:17Z,-11.6449819,166.9365909,11.0,9241.4,1.860,148,83,199
2026-07-24T19:15:18Z,-11.6450089,166.9366010,11.0,9244.8,2.520,147,87,185
2026-07-24T19:15:19Z,-11.6450330,166.9366339,11.2,9248.4,3.000,147,91,184
2026-07-24T19:15:20Z,-11.6450600,166.9366440,11.2,9252.2,3.340,147,94,162
2026-07-24T19:15:21Z,-11.6450870,166.9366769,11.4,9256.0,3.560,147,98,196
2026-07-24T19:15:22Z,-11.6451119,166.9366980,11.6,9260.0,3.720,147,99,167
2026-07-24T19:15:23Z,-11.6451389,166.9367300,11.6,9264.2,3.880,148,99,167
2026-07-24T19:15:24Z,-11.6451640,166.9367519,11.8,9268.4,4.000,147,97,198
2026-07-24T19:15:25Z,-11.6451890,166.9367840,12.0,9272.7,4.100,147,97,197
2026-07-24T19:15:26Z,-11.6452099,166.9368160,12.2,9277.0,4.200,146,98,186
2026-07-24T19:15:27Z,-11.6452300,166.9368480,12.2,9281.4,4.280,146,100,185
2026-07-24T19:15:28Z,-11.6452480,166.9368910,12.4,9285.9,4.340,147,102,176
2026-07-24T19:15:29Z,-11.6452620,166.9369229,12.6,9290.1,4.340,148,102,169
2026-07-24T19:15:30Z,-11.6452760,166.9369659,12.8,9294.5,4.360,146,105,175
2026-07-24T19:15:31Z,-11.6452880,166.9369979,13.0,9298.7,4.340,147,106,184
2026-07-24T19:15:32Z,-11.6452989,166.9370409,13.2,9302.9,4.300,147,107,161
2026-07-24T19:15:33Z,-11.6453090,166.9370730,13.4,9307.1,4.240,146,108,145
2026-07-24T19:15:34Z,-11.6453190,166.9371060,13.6,9311.1,4.200,146,108,202
2026-07-24T19:15:35Z,-11.6453289,166.9371490,13.8,9315.2,4.140,146,107,203
2026-07-24T19:15:36Z,-11.6453389,166.9371809,14.0,9319.5,4.160,148,104,208
2026-07-24T19:15:37Z,-11.6453510,166.9372340,14.0,9323.7,4.160,147,99,291
2026-07-24T19:15:38Z,-11.6453660,166.9372559,14.2,9328.5,4.280,146,96,276
2026-07-24T19:15:39Z,-11.6453819,166.9373099,14.4,9333.2,4.420,148,95,238
2026-07-24T19:15:40Z,-11.6454030,166.9373520,14.4,9338.5,4.660,147,95,206
2026-07-24T19:15:41Z,-11.6454269,166.9373849,14.4,9343.8,4.860,147,95,182
2026-07-24T19:15:42Z,-11.6454579,166.9374279,14.4,9349.5,5.160,147,94,195
2026-07-24T19:15:43Z,-11.6454940,166.9374699,14.2,9355.6,5.420,147,95,187
2026-07-24T19:15:44Z,-11.6455370,166.9375240,14.0,9362.2,5.800,148,96,199
2026-07-24T19:15:45Z,-11.6455830,166.9375460,13.6,9369.1,6.120,147,97,195
2026-07-24T19:15:46Z,-11.6456380,166.9375989,13.4,9377.0,6.640,147,97,198
2026-07-24T19:15:47Z,-11.6456970,166.9376419,12.8,9385.3,7.160,146,97,224
2026-07-24T19:15:48Z,-11.6457609,166.9377060,12.4,9394.2,7.720,146,97,224
2026-07-24T19:15:49Z,-11.6458270,166.9377490,12.0,9403.5,8.260,146,97,224
2026-07-24T19:15:50Z,-11.6458930,166.9378139,11.8,9413.1,8.800,148,97,224
2026-07-24T19:15:51Z,-11.6459599,166.9378670,11.6,9423.2,9.240,149,97,224
2026-07-24T19:15:52Z,-11.6460210,166.9379319,11.6,9433.4,9.620,146,0,0
2026-07-24T19:15:53Z,-11.6460820,166.9380070,11.8,9443.3,9.820,148,0,0
2026-07-24T19:15:54Z,-11.6461410,166.9380710,12.2,9452.7,9.840,148,0,0
2026-07-24T19:15:55Z,-11.6461980,166.9381250,12.4,9461.7,9.720,147,0,0
2026-07-24T19:15:56Z,-11.6462479,166.9381790,12.8,9469.9,9.340,148,0,0
2026-07-24T19:15:57Z,-11.6462950,166.9382319,13.2,9477.9,8.900,147,0,0
2026-07-24T19:15:58Z,-11.6463329,166.9382970,13.6,9485.0,8.340,146,0,0
2026-07-24T19:15:59Z,-11.6463649,166.9383390,14.0,9491.6,7.780,148,0,0
2026-07-24T19:16:00Z,-11.6463889,166.9383929,14.2,9497.3,7.120,147,0,0
2026-07-24T19:16:01Z,-11.6464079,166.9384359,14.6,9502.5,6.520,145,0,0
2026-07-24T19:16:02Z,-11.6464209,166.9384680,14.8,9506.5,5.720,147,0,0
2026-07-24T19:16:03Z,-11.6464300,166.9385000,14.8,9509.3,4.860,147,0,0
2026-07-24T19:16:04Z,-11.6464359,166.9385110,15.0,9511.0,3.880,146,0,0
2026-07-24T19:16:05Z,-11.6464369,166.9385110,15.0,9511.6,2.860,148,0,0
2026-07-24T19:16:06Z,-11.6464390,166.9385110,15.0,9511.6,1.820,147,0,0
2026-07-24T19:16:07Z,-11.6464400,166.9385219,15.0,9512.7,1.240,147,91,246
2026-07-24T19:16:08Z,-11.6464450,166.9385430,15.2,9514.8,1.100,149,90,233
2026-07-24T19:16:09Z,-11.6464520,166.9385540,15.2,9517.7,1.340,150,91,228
2026-07-24T19:16:10Z,-11.6464570,166.9385860,15.4,9520.8,1.840,148,95,218
2026-07-24T19:16:11Z,-11.6464639,166.9386179,15.6,9524.0,2.480,149,97,206
2026-07-24T19:16:12Z,-11.6464690,166.9386509,15.8,9527.5,2.960,148,98,225
2026-07-24T19:16:13Z,-11.6464749,166.9386830,16.0,9531.2,3.280,148,98,224
2026-07-24T19:16:14Z,-11.6464769,166.9387260,16.2,9535.0,3.460,148,97,225
2026-07-24T19:16:15Z,-11.6464810,166.9387580,16.2,9539.0,3.640,149,97,225
2026-07-24T19:16:16Z,-11.6464840,166.9387900,16.4,9543.0,3.800,148,97,224
2026-07-24T19:16:17Z,-11.6464870,166.9388330,16.6,9547.1,3.920,150,98,225
2026-07-24T19:16:18Z,-11.6464880,166.9388649,16.8,9551.1,3.980,149,98,225
2026-07-24T19:16:19Z,-11.6464880,166.9389079,17.0,9555.4,4.080,150,98,225
2026-07-24T19:16:20Z,-11.6464909,166.9389400,17.2,9559.7,4.140,149,98,224
2026-07-24T19:16:21Z,-11.6464909,166.9389830,17.4,9564.0,4.200,151,99,225
2026-07-24T19:16:22Z,-11.6464909,166.9390259,17.8,9568.3,4.240,150,99,224
2026-07-24T19:16:23Z,-11.6464899,166.9390580,18.0,9572.8,4.340,150,100,225
2026-07-24T19:16:24Z,-11.6464870,166.9391010,18.2,9577.1,4.340,150,100,225
2026-07-24T19:16:25Z,-11.6464840,166.9391549,18.4,9581.6,4.380,150,101,224
2026-07-24T19:16:26Z,-11.6464799,166.9391870,18.6,9585.9,4.380,151,101,224
2026-07-24T19:16:27Z,-11.6464759,166.9392300,18.8,9590.4,4.420,151,101,224
2026-07-24T19:16:28Z,-11.6464710,166.9392620,19.0,9594.8,4.400,150,101,224
2026-07-24T19:16:29Z,-11.6464649,166.9393050,19.2,9599.2,4.420,151,101,224
2026-07-24T19:16:30Z,-11.6464590,166.9393480,19.4,9603.7,4.420,149,101,224
2026-07-24T19:16:31Z,-11.6464520,166.9393799,19.6,9608.3,4.480,149,101,224
2026-07-24T19:16:32Z,-11.6464450,166.9394229,19.8,9612.7,4.460,151,102,224
2026-07-24T19:16:33Z,-11.6464390,166.9394770,20.0,9617.2,4.480,151,101,225
2026-07-24T19:16:34Z,-11.6464280,166.9394979,20.2,9621.7,4.500,151,101,224
2026-07-24T19:16:35Z,-11.6464179,166.9395520,20.4,9626.2,4.500,151,101,224
2026-07-24T19:16:36Z,-11.6464049,166.9395950,20.8,9630.8,4.500,151,101,224
2026-07-24T19:16:37Z,-11.6463919,166.9396269,21.0,9635.3,4.520,151,100,224
2026-07-24T19:16:38Z,-11.6463759,166.9396699,21.2,9639.8,4.520,152,101,224
2026-07-24T19:16:39Z,-11.6463580,166.9397020,21.4,9644.3,4.520,150,100,225
2026-07-24T19:16:40Z,-11.6463370,166.9397340,21.6,9648.9,4.540,151,100,224
2026-07-24T19:16:41Z,-11.6463160,166.9397770,21.8,9653.3,4.500,150,100,225
2026-07-24T19:16:42Z,-11.6462919,166.9398090,22.0,9658.2,4.580,150,101,225
2026-07-24T19:16:43Z,-11.6462680,166.9398419,22.2,9662.6,4.560,152,100,225
2026-07-24T19:16:44Z,-11.6462400,166.9398739,22.4,9667.3,4.600,150,100,224
2026-07-24T19:16:45Z,-11.6462110,166.9398950,22.6,9672.0,4.620,150,99,224
2026-07-24T19:16:46Z,-11.6461810,166.9399269,22.8,9676.8,4.700,149,99,224
2026-07-24T19:16:47Z,-11.6461560,166.9399810,23.0,9681.3,4.620,150,99,224
2026-07-24T19:16:48Z,-11.6461270,166.9400019,23.2,9686.2,4.720,151,99,224
2026-07-24T19:16:49Z,-11.6461019,166.9400350,23.4,9690.9,4.720,151,99,224
2026-07-24T19:16:50Z,-11.6460749,166.9400670,23.8,9695.5,4.700,152,99,225
2026-07-24T19:16:51Z,-11.6460510,166.9400989,24.0,9700.1,4.660,152,100,224
2026-07-24T19:16:52Z,-11.6460250,166.9401419,24.2,9704.9,4.720,152,99,225
2026-07-24T19:16:53Z,-11.6460029,166.9401739,24.4,9709.6,4.680,151,101,225
2026-07-24T19:16:54Z,-11.6459790,166.9402169,24.6,9714.5,4.720,150,101,224
2026-07-24T19:16:55Z,-11.6459579,166.9402490,24.8,9719.0,4.700,151,102,224
2026-07-24T19:16:56Z,-11.6459400,166.9402810,25.0,9723.6,4.700,152,101,224
2026-07-24T19:16:57Z,-11.6459210,166.9403240,25.2,9728.5,4.720,150,102,224
2026-07-24T19:16:58Z,-11.6459049,166.9403780,25.4,9733.0,4.680,152,101,224
2026-07-24T19:16:59Z,-11.6458889,166.9403990,25.6,9737.8,4.660,151,100,224
2026-07-24T19:17:00Z,-11.6458739,166.9404530,25.8,9742.6,4.720,152,100,224
2026-07-24T19:17:01Z,-11.6458589,166.9404960,26.0,9747.3,4.740,152,99,224
2026-07-24T19:17:02Z,-11.6458439,166.9405280,26.2,9752.2,4.740,151,97,225
2026-07-24T19:17:03Z,-11.6458309,166.9405710,26.4,9756.8,4.760,152,98,225
2026-07-24T19:17:04Z,-11.6458179,166.9406140,26.6,9761.8,4.800,152,99,224
2026-07-24T19:17:05Z,-11.6458029,166.9406680,26.8,9766.7,4.820,152,99,224
2026-07-24T19:17:06Z,-11.6457910,166.9406889,27.0,9771.4,4.820,153,99,224
2026-07-24T19:17:07Z,-11.6457749,166.9407430,27.2,9776.5,4.860,151,98,224
2026-07-24T19:17:08Z,-11.6457609,166.9407860,27.4,9781.3,4.900,152,98,225
2026-07-24T19:17:09Z,-11.6457469,166.9408290,27.6,9786.2,4.880,152,98,224
2026-07-24T19:17:10Z,-11.6457319,166.9408710,27.8,9791.3,4.920,151,98,225
2026-07-24T19:17:11Z,-11.6457159,166.9409040,28.0,9796.0,4.920,152,98,225
2026-07-24T19:17:12Z,-11.6456980,166.9409570,28.4,9801.1,4.920,152,99,225
2026-07-24T19:17:13Z,-11.6456790,166.9410000,28.6,9806.1,4.960,152,97,225
2026-07-24T19:17:14Z,-11.6456620,166.9410320,28.8,9810.9,4.940,151,97,224
2026-07-24T19:17:15Z,-11.6456419,166.9410750,29.0,9816.0,4.940,153,97,225
2026-07-24T19:17:16Z,-11.6456220,166.9411180,29.2,9820.7,4.940,153,98,225
2026-07-24T19:17:17Z,-11.6455989,166.9411499,29.4,9825.8,4.940,152,98,224
2026-07-24T19:17:18Z,-11.6455760,166.9411929,29.6,9830.6,4.900,151,98,225
2026-07-24T19:17:19Z,-11.6455520,166.9412259,29.8,9835.4,4.900,152,98,225
2026-07-24T19:17:20Z,-11.6455269,166.9412679,30.0,9840.4,4.880,151,98,225
2026-07-24T19:17:21Z,-11.6454979,166.9413010,30.2,9845.1,4.880,152,98,224
2026-07-24T19:17:22Z,-11.6454699,166.9413330,30.6,9849.9,4.820,151,98,225
2026-07-24T19:17:23Z,-11.6454390,166.9413649,30.8,9854.7,4.820,153,98,225
2026-07-24T19:17:24Z,-11.6454090,166.9413969,31.0,9859.4,4.800,152,98,225
2026-07-24T19:17:25Z,-11.6453750,166.9414290,31.2,9864.1,4.740,151,99,225
2026-07-24T19:17:26Z,-11.6453419,166.9414399,31.4,9868.8,4.740,152,98,224
2026-07-24T19:17:27Z,-11.6453070,166.9414720,31.6,9873.5,4.720,151,97,224
2026-07-24T19:17:28Z,-11.6452699,166.9415040,31.8,9878.3,4.720,152,98,225
2026-07-24T19:17:29Z,-11.6452360,166.9415150,32.2,9882.8,4.680,152,98,225
2026-07-24T19:17:30Z,-11.6451979,166.9415369,32.4,9887.5,4.680,151,98,225
2026-07-24T19:17:31Z,-11.6451620,166.9415580,32.6,9892.1,4.660,151,99,225
2026-07-24T19:17:32Z,-11.6451239,166.9415800,32.8,9896.7,4.640,151,99,225
2026-07-24T19:17:33Z,-11.6450880,166.9415900,33.0,9901.3,4.600,152,99,224
2026-07-24T19:17:34Z,-11.6450490,166.9416119,33.2,9906.0,4.640,151,99,224
2026-07-24T19:17:35Z,-11.6450119,166.9416220,33.4,9910.5,4.600,152,99,225
2026-07-24T19:17:36Z,-11.6449730,166.9416440,33.6,9915.2,4.620,152,99,225
2026-07-24T19:17:37Z,-11.6449350,166.9416650,33.8,9919.7,4.600,152,100,225
2026-07-24T19:17:38Z,-11.6448959,166.9416870,34.0,9924.3,4.600,151,100,224
2026-07-24T19:17:39Z,-11.6448570,166.9416870,34.4,9929.0,4.600,152,100,224
2026-07-24T19:17:40Z,-11.6448170,166.9416979,34.6,9933.6,4.620,152,99,224
2026-07-24T19:17:41Z,-11.6447770,166.9417190,34.8,9938.3,4.620,151,98,224
2026-07-24T19:17:42Z,-11.6447379,166.9417300,35.0,9942.9,4.640,150,96,224
2026-07-24T19:17:43Z,-11.6446990,166.9417510,35.2,9947.5,4.640,150,96,224
2026-07-24T19:17:44Z,-11.6446590,166.9417620,35.4,9952.2,4.640,150,95,224
2026-07-24T19:17:45Z,-11.6446190,166.9417730,35.6,9956.8,4.640,151,94,223
2026-07-24T19:17:46Z,-11.6445799,166.9417940,35.8,9961.4,4.620,149,91,186
2026-07-24T19:17:47Z,-11.6445410,166.9417940,36.0,9965.8,4.580,150,90,125
2026-07-24T19:17:48Z,-11.6445030,166.9418050,36.2,9970.0,4.500,149,89,124
2026-07-24T19:17:49Z,-11.6444680,166.9418259,36.4,9974.1,4.380,151,89,124
2026-07-24T19:17:50Z,-11.6444339,166.9418259,36.6,9978.0,4.240,150,89,125
2026-07-24T19:17:51Z,-11.6444010,166.9418370,36.8,9981.7,4.059,149,89,124
2026-07-24T19:17:52Z,-11.6443710,166.9418480,37.0,9985.3,3.900,148,90,125
2026-07-24T19:17:53Z,-11.6443400,166.9418480,37.0,9988.8,3.760,148,91,124
2026-07-24T19:17:54Z,-11.6443100,166.9418689,37.2,9992.2,3.620,148,91,124
2026-07-24T19:17:55Z,-11.6442810,166.9418689,37.4,9995.5,3.500,147,91,124
2026-07-24T19:17:56Z,-11.6442530,166.9418689,37.6,9998.7,3.400,147,90,124
2026-07-24T19:17:57Z,-11.6442260,166.9418800,37.6,10001.8,3.300,148,90,125
2026-07-24T19:17:58Z,-11.6441990,166.9418800,37.8,10004.9,3.220,147,90,125
2026-07-24T19:17:59Z,-11.6441710,166.9419009,38.0,10008.0,3.160,147,90,124
2026-07-24T19:18:00Z,-11.6441450,166.9419009,38.0,10011.0,3.100,148,89,125
2026-07-24T19:18:01Z,-11.6441179,166.9419119,38.2,10013.9,3.040,147,90,124
2026-07-24T19:18:02Z,-11.6440929,166.9419119,38.4,10016.9,3.020,148,90,124
2026-07-24T19:18:03Z,-11.6440670,166.9419119,38.4,10019.8,2.980,147,90,124
2026-07-24T19:18:04Z,-11.6440420,166.9419340,38.6,10022.7,2.940,147,90,124
2026-07-24T19:18:05Z,-11.6440150,166.9419340,38.8,10025.5,2.900,147,90,124
2026-07-24T19:18:06Z,-11.6439909,166.9419340,38.8,10028.4,2.900,146,91,124
2026-07-24T19:18:07Z,-11.6439660,166.9419439,39.0,10031.3,2.880,146,90,124
2026-07-24T19:18:08Z,-11.6439390,166.9419439,39.2,10034.2,2.880,146,90,125
2026-07-24T19:18:09Z,-11.6439150,166.9419439,39.2,10037.0,2.860,145,90,124
2026-07-24T19:18:10Z,-11.6438889,166.9419549,39.4,10039.8,2.860,144,90,125
2026-07-24T19:18:11Z,-11.6438640,166.9419549,39.6,10042.7,2.860,144,91,124
2026-07-24T19:18:12Z,-11.6438380,166.9419549,39.6,10045.5,2.840,144,91,124
2026-07-24T19:18:13Z,-11.6438140,166.9419549,39.8,10048.3,2.820,144,91,124
2026-07-24T19:18:14Z,-11.6437869,166.9419549,39.8,10051.2,2.840,144,91,124
2026-07-24T19:18:15Z,-11.6437599,166.9419549,40.0,10054.1,2.860,144,91,125
2026-07-24T19:18:16Z,-11.6437350,166.9419770,40.2,10057.0,2.860,143,91,124
2026-07-24T19:18:17Z,-11.6437080,166.9419770,40.2,10059.8,2.860,143,91,124
2026-07-24T19:18:18Z,-11.6436830,166.9419770,40.4,10062.7,2.880,142,91,125
2026-07-24T19:18:19Z,-11.6436560,166.9419770,40.4,10065.6,2.880,142,91,124
2026-07-24T19:18:20Z,-11.6436289,166.9419770,40.6,10068.7,2.920,142,90,125
2026-07-24T19:18:21Z,-11.6436019,166.9419770,40.8,10071.6,2.920,142,89,125
2026-07-24T19:18:22Z,-11.6435749,166.9419549,40.8,10074.6,2.960,141,90,125
2026-07-24T19:18:23Z,-11.6435480,166.9419549,41.0,10077.6,2.980,141,90,125
2026-07-24T19:18:24Z,-11.6435200,166.9419549,41.0,10080.7,3.020,141,90,124
2026-07-24T19:18:25Z,-11.6434930,166.9419549,41.2,10083.7,3.000,141,90,125
2026-07-24T19:18:26Z,-11.6434670,166.9419549,41.4,10086.8,3.040,141,90,124
2026-07-24T19:18:27Z,-11.6434380,166.9419549,41.4,10089.9,3.060,140,90,125
2026-07-24T19:18:28Z,-11.6434100,166.9419439,41.6,10093.0,3.080,140,90,124
2026-07-24T19:18:29Z,-11.6433820,166.9419439,41.6,10096.2,3.100,140,90,125
2026-07-24T19:18:30Z,-11.6433540,166.9419439,41.8,10099.3,3.120,140,90,125
2026-07-24T19:18:31Z,-11.6433240,166.9419340,42.0,10102.5,3.140,140,90,124
2026-07-24T19:18:32Z,-11.6432979,166.9419340,42.0,10105.6,3.140,140,90,125
2026-07-24T19:18:33Z,-11.6432699,166.9419340,42.2,10108.8,3.160,138,91,125
2026-07-24T19:18:34Z,-11.6432399,166.9419119,42.2,10112.1,3.180,137,91,125
2026-07-24T19:18:35Z,-11.6432129,166.9419119,42.4,10115.2,3.180,138,91,125
2026-07-24T19:18:36Z,-11.6431839,166.9419119,42.6,10118.4,3.180,138,91,125
2026-07-24T19:18:37Z,-11.6431539,166.9419009,42.6,10121.7,3.220,138,91,124
2026-07-24T19:18:38Z,-11.6431259,166.9419009,42.8,10124.9,3.220,137,91,125
2026-07-24T19:18:39Z,-11.6430979,166.9419009,42.8,10128.2,3.220,138,90,124
2026-07-24T19:18:40Z,-11.6430679,166.9418800,43.0,10131.3,3.220,137,90,125
2026-07-24T19:18:41Z,-11.6430419,166.9418800,43.2,10134.5,3.220,137,91,124
2026-07-24T19:18:42Z,-11.6430129,166.9418800,43.2,10137.5,3.160,137,92,124
2026-07-24T19:18:43Z,-11.6429849,166.9418800,43.4,10140.7,3.160,136,92,125
2026-07-24T19:18:44Z,-11.6429569,166.9418689,43.6,10143.8,3.120,137,92,124
2026-07-24T19:18:45Z,-11.6429290,166.9418689,43.6,10146.9,3.120,137,92,124
2026-07-24T19:18:46Z,-11.6429010,166.9418689,43.8,10150.0,3.100,136,92,124
2026-07-24T19:18:47Z,-11.6428750,166.9418689,44.0,10152.9,3.080,136,93,125
2026-07-24T19:18:48Z,-11.6428470,166.9418689,44.0,10156.0,3.060,136,93,124
2026-07-24T19:18:49Z,-11.6428200,166.9418480,44.2,10159.0,3.040,136,93,125
2026-07-24T19:18:50Z,-11.6427930,166.9418480,44.4,10161.9,3.000,136,93,125
2026-07-24T19:18:51Z,-11.6427679,166.9418480,44.4,10164.8,2.960,136,93,124
2026-07-24T19:18:52Z,-11.6427409,166.9418480,44.6,10167.8,2.980,136,93,125
2026-07-24T19:18:53Z,-11.6427160,166.9418480,44.8,10170.6,2.920,136,93,125
2026-07-24T19:18:54Z,-11.6426910,166.9418480,44.8,10173.4,2.880,136,93,124
2026-07-24T19:18:55Z,-11.6426659,166.9418370,45.0,10176.2,2.860,136,94,125
2026-07-24T19:18:56Z,-11.6426389,166.9418370,45.2,10179.1,2.860,136,93,125
2026-07-24T19:18:57Z,-11.6426150,166.9418370,45.2,10181.8,2.800,135,93,124
2026-07-24T19:18:58Z,-11.6425900,166.9418370,45.4,10184.6,2.800,135,93,124
2026-07-24T19:18:59Z,-11.6425649,166.9418370,45.6,10187.4,2.800,135,93,124
2026-07-24T19:19:00Z,-11.6425410,166.9418259,45.6,10190.1,2.780,135,93,124
2026-07-24T19:19:01Z,-11.6425160,166.9418259,45.8,10192.8,2.740,135,93,124
2026-07-24T19:19:02Z,-11.6424929,166.9418259,46.0,10195.5,2.740,135,93,125
2026-07-24T19:19:03Z,-11.6424659,166.9418259,46.0,10198.3,2.740,135,93,124
2026-07-24T19:19:04Z,-11.6424430,166.9418259,46.2,10201.0,2.720,135,93,124
2026-07-24T19:19:05Z,-11.6424180,166.9418259,46.2,10203.7,2.720,135,93,125
2026-07-24T19:19:06Z,-11.6423919,166.9418050,46.4,10206.6,2.760,135,94,124
2026-07-24T19:19:07Z,-11.6423680,166.9418050,46.6,10209.4,2.780,134,94,125
2026-07-24T19:19:08Z,-11.6423440,166.9418050,46.6,10212.1,2.760,135,94,125
2026-07-24T19:19:09Z,-11.6423189,166.9418050,46.8,10214.9,2.780,135,95,125
2026-07-24T19:19:10Z,-11.6422919,166.9417940,47.0,10217.8,2.820,135,95,125
2026-07-24T19:19:11Z,-11.6422680,166.9417940,47.0,10220.5,2.780,135,95,125
2026-07-24T19:19:12Z,-11.6422420,166.9417940,47.2,10223.4,2.800,135,96,125
2026-07-24T19:19:13Z,-11.6422150,166.9417940,47.2,10226.3,2.840,135,95,125
2026-07-24T19:19:14Z,-11.6421899,166.9417730,47.4,10229.3,2.880,135,94,124
2026-07-24T19:19:15Z,-11.6421629,166.9417730,47.4,10232.2,2.880,135,95,125
2026-07-24T19:19:16Z,-11.6421380,166.9417730,47.6,10235.1,2.920,135,95,124
2026-07-24T19:19:17Z,-11.6421110,166.9417620,47.8,10238.2,2.960,135,96,124
2026-07-24T19:19:18Z,-11.6420840,166.9417620,47.8,10241.3,3.000,135,95,124
2026-07-24T19:19:19Z,-11.6420540,166.9417620,48.0,10244.5,3.040,135,94,124
2026-07-24T19:19:20Z,-11.6420260,166.9417510,48.0,10247.7,3.100,135,97,124
2026-07-24T19:19:21Z,-11.6419980,166.9417510,48.2,10251.0,3.180,135,97,124
2026-07-24T19:19:22Z,-11.6419690,166.9417300,48.2,10254.3,3.220,136,97,124
2026-07-24T19:19:23Z,-11.6419380,166.9417300,48.2,10257.8,3.300,135,98,124
2026-07-24T19:19:24Z,-11.6419069,166.9417190,48.4,10261.3,3.360,135,98,124
2026-07-24T19:19:25Z,-11.6418749,166.9417190,48.4,10265.1,3.480,135,98,124
2026-07-24T19:19:26Z,-11.6418410,166.9416979,48.4,10268.9,3.580,136,98,124
2026-07-24T19:19:27Z,-11.6418049,166.9416870,48.4,10273.1,3.760,135,97,124
2026-07-24T19:19:28Z,-11.6417670,166.9416870,48.4,10277.4,3.920,135,98,124
2026-07-24T19:19:29Z,-11.6417290,166.9416650,48.4,10282.1,4.160,135,97,125
2026-07-24T19:19:30Z,-11.6416869,166.9416549,48.4,10286.9,4.360,135,97,124
2026-07-24T19:19:31Z,-11.6416429,166.9416220,48.2,10292.3,4.680,135,97,110
2026-07-24T19:19:32Z,-11.6415980,166.9416119,48.0,10297.7,4.920,134,97,37
2026-07-24T19:19:33Z,-11.6415500,166.9415900,48.0,10303.6,5.240,134,97,45
2026-07-24T19:19:34Z,-11.6415029,166.9415580,47.8,10309.5,5.480,134,62,121
2026-07-24T19:19:35Z,-11.6414510,166.9415369,47.6,10316.0,5.820,134,93,124
2026-07-24T19:19:36Z,-11.6413970,166.9415040,47.4,10323.0,6.140,134,93,124
2026-07-24T19:19:37Z,-11.6413439,166.9414509,47.2,10330.3,6.520,133,94,125
2026-07-24T19:19:38Z,-11.6412910,166.9414290,47.2,10337.4,6.760,133,95,124
2026-07-24T19:19:39Z,-11.6412390,166.9413760,47.2,10345.0,7.100,133,95,125
2026-07-24T19:19:40Z,-11.6411950,166.9413330,47.4,10352.4,7.280,133,94,124
2026-07-24T19:19:41Z,-11.6411589,166.9412679,47.6,10359.5,7.300,133,94,124
2026-07-24T19:19:42Z,-11.6411279,166.9412150,47.8,10366.4,7.220,132,94,125
2026-07-24T19:19:43Z,-11.6411040,166.9411610,48.2,10372.9,7.100,132,95,124
2026-07-24T19:19:44Z,-11.6410820,166.9411079,48.4,10379.0,6.800,132,95,125
2026-07-24T19:19:45Z,-11.6410610,166.9410649,48.8,10384.9,6.500,134,96,124
2026-07-24T19:19:46Z,-11.6410429,166.9410110,49.0,10390.0,6.100,133,97,125
2026-07-24T19:19:47Z,-11.6410220,166.9409789,49.4,10395.0,5.720,135,97,124
2026-07-24T19:19:48Z,-11.6409999,166.9409359,49.6,10399.8,5.380,134,97,124
2026-07-24T19:19:49Z,-11.6409780,166.9409040,49.8,10404.3,5.060,134,96,124
2026-07-24T19:19:50Z,-11.6409529,166.9408710,50.0,10408.6,4.740,135,97,125
2026-07-24T19:19:51Z,-11.6409279,166.9408499,50.0,10412.9,4.580,134,97,125
2026-07-24T19:19:52Z,-11.6409020,166.9408179,50.2,10416.8,4.360,134,94,124
2026-07-24T19:19:53Z,-11.6408760,166.9407960,50.4,10421.0,4.240,134,94,125
2026-07-24T19:19:54Z,-11.6408490,166.9407639,50.6,10424.8,4.100,133,94,125
2026-07-24T19:19:55Z,-11.6408230,166.9407530,50.6,10428.8,4.040,133,94,125
2026-07-24T19:19:56Z,-11.6407969,166.9407209,50.8,10432.7,3.960,133,94,125
2026-07-24T19:19:57Z,-11.6407709,166.9406889,50.8,10436.4,3.920,133,94,125
2026-07-24T19:19:58Z,-11.6407440,166.9406779,51.0,10440.3,3.860,132,94,125
2026-07-24T19:19:59Z,-11.6407190,166.9406459,51.2,10444.0,3.840,133,94,125
2026-07-24T19:20:00Z,-11.6406930,166.9406349,51.2,10447.9,3.820,133,94,124
2026-07-24T19:20:01Z,-11.6406689,166.9406029,51.4,10451.5,3.760,133,95,124
2026-07-24T19:20:02Z,-11.6406450,166.9405820,51.6,10455.4,3.800,132,95,125
2026-07-24T19:20:03Z,-11.6406210,166.9405599,51.6,10459.2,3.780,133,95,125
2026-07-24T19:20:04Z,-11.6405979,166.9405390,51.8,10462.8,3.760,132,95,125
2026-07-24T19:20:05Z,-11.6405750,166.9405069,51.8,10466.5,3.720,132,95,125
2026-07-24T19:20:06Z,-11.6405549,166.9404749,52.0,10470.2,3.740,132,95,124
2026-07-24T19:20:07Z,-11.6405340,166.9404530,52.2,10473.9,3.700,132,95,125
2026-07-24T19:20:08Z,-11.6405150,166.9404319,52.2,10477.6,3.680,132,95,124
2026-07-24T19:20:09Z,-11.6404990,166.9403990,52.4,10481.2,3.680,132,96,124
2026-07-24T19:20:10Z,-11.6404850,166.9403780,52.4,10484.9,3.680,132,96,125
2026-07-24T19:20:11Z,-11.6404760,166.9403459,52.6,10488.4,3.640,131,96,125
2026-07-24T19:20:12Z,-11.6404689,166.9403140,52.8,10492.2,3.660,131,96,124
2026-07-24T19:20:13Z,-11.6404649,166.9402710,52.8,10495.7,3.620,129,97,124
2026-07-24T19:20:14Z,-11.6404639,166.9402380,53.0,10499.3,3.620,129,97,125
2026-07-24T19:20:15Z,-11.6404639,166.9402060,53.2,10502.8,3.580,129,97,125
2026-07-24T19:20:16Z,-11.6404669,166.9401739,53.2,10506.3,3.580,129,97,124
2026-07-24T19:20:17Z,-11.6404720,166.9401419,53.4,10509.7,3.500,129,98,125
2026-07-24T19:20:18Z,-11.6404789,166.9401100,53.6,10513.2,3.500,129,98,125
2026-07-24T19:20:19Z,-11.6404850,166.9400780,53.6,10516.5,3.440,129,98,125
2026-07-24T19:20:20Z,-11.6404929,166.9400559,53.8,10519.9,3.420,129,98,125
2026-07-24T19:20:21Z,-11.6405030,166.9400240,54.0,10523.2,3.380,129,98,125
2026-07-24T19:20:22Z,-11.6405119,166.9399920,54.0,10526.5,3.360,129,98,125
2026-07-24T19:20:23Z,-11.6405229,166.9399810,54.2,10529.8,3.320,129,98,125
2026-07-24T19:20:24Z,-11.6405350,166.9399490,54.4,10533.0,3.300,130,97,125
2026-07-24T19:20:25Z,-11.6405460,166.9399169,54.4,10536.3,3.280,130,98,125
2026-07-24T19:20:26Z,-11.6405580,166.9398839,54.6,10539.5,3.260,129,98,124
2026-07-24T19:20:27Z,-11.6405689,166.9398520,54.6,10542.7,3.240,129,98,124
2026-07-24T19:20:28Z,-11.6405819,166.9398419,54.8,10546.1,3.260,129,98,124
2026-07-24T19:20:29Z,-11.6405949,166.9398090,55.0,10549.4,3.280,129,96,124
2026-07-24T19:20:30Z,-11.6406089,166.9397770,55.0,10552.8,3.300,129,97,124
2026-07-24T19:20:31Z,-11.6406210,166.9397449,55.2,10556.1,3.320,128,98,125
2026-07-24T19:20:32Z,-11.6406340,166.9397129,55.2,10559.7,3.400,128,98,125
2026-07-24T19:20:33Z,-11.6406490,166.9396910,55.4,10563.2,3.420,127,97,125
2026-07-24T19:20:34Z,-11.6406640,166.9396590,55.4,10566.8,3.480,127,97,124
2026-07-24T19:20:35Z,-11.6406780,166.9396269,55.4,10570.6,3.560,126,96,124
2026-07-24T19:20:36Z,-11.6406920,166.9395950,55.6,10574.3,3.640,126,95,124
2026-07-24T19:20:37Z,-11.6407070,166.9395630,55.6,10578.2,3.700,126,94,124
2026-07-24T19:20:38Z,-11.6407200,166.9395300,55.6,10582.3,3.820,126,93,124
2026-07-24T19:20:39Z,-11.6407330,166.9394979,55.6,10586.5,3.940,126,94,124
2026-07-24T19:20:40Z,-11.6407460,166.9394549,55.6,10591.0,4.080,127,94,124
2026-07-24T19:20:41Z,-11.6407559,166.9394119,55.6,10595.5,4.240,127,94,125
2026-07-24T19:20:42Z,-11.6407669,166.9393689,55.6,10600.7,4.500,127,94,124
2026-07-24T19:20:43Z,-11.6407780,166.9393160,55.4,10605.9,4.720,127,94,124
2026-07-24T19:20:44Z,-11.6407870,166.9392730,55.2,10612.0,5.100,128,94,125
2026-07-24T19:20:45Z,-11.6407979,166.9392089,54.8,10618.3,5.460,128,91,124
2026-07-24T19:20:46Z,-11.6408089,166.9391549,54.4,10625.2,5.940,128,93,124
2026-07-24T19:20:47Z,-11.6408190,166.9390799,54.0,10632.9,6.440,127,93,124
2026-07-24T19:20:48Z,-11.6408300,166.9390050,53.4,10641.2,7.060,127,93,125
2026-07-24T19:20:49Z,-11.6408419,166.9389190,52.8,10650.0,7.600,127,93,125
2026-07-24T19:20:50Z,-11.6408600,166.9388440,52.4,10659.5,8.240,127,92,124
2026-07-24T19:20:51Z,-11.6408780,166.9387580,52.0,10669.2,8.800,127,92,124
2026-07-24T19:20:52Z,-11.6408999,166.9386609,51.8,10679.3,9.280,127,92,125
2026-07-24T19:20:53Z,-11.6409230,166.9385759,51.6,10689.3,9.620,127,92,125
2026-07-24T19:20:54Z,-11.6409490,166.9385000,51.6,10699.4,9.880,127,92,124
2026-07-24T19:20:55Z,-11.6409819,166.9384039,51.8,10709.1,9.920,127,93,125
2026-07-24T19:20:56Z,-11.6410190,166.9383290,52.0,10718.5,9.860,127,92,124
2026-07-24T19:20:57Z,-11.6410589,166.9382540,52.4,10727.6,9.660,127,93,125
2026-07-24T19:20:58Z,-11.6411009,166.9381889,52.8,10736.5,9.440,127,94,125
2026-07-24T19:20:59Z,-11.6411439,166.9381250,53.4,10744.8,9.080,127,94,124
2026-07-24T19:21:00Z,-11.6411849,166.9380710,53.8,10752.3,8.640,128,94,124
2026-07-24T19:21:01Z,-11.6412279,166.9380179,54.2,10759.4,8.180,128,94,124
2026-07-24T19:21:02Z,-11.6412709,166.9379749,54.6,10765.9,7.660,128,94,124
2026-07-24T19:21:03Z,-11.6413139,166.9379429,55.0,10771.9,7.080,128,94,124
2026-07-24T19:21:04Z,-11.6413579,166.9379210,55.2,10777.6,6.560,128,94,124
2026-07-24T19:21:05Z,-11.6414039,166.9378999,55.4,10783.1,6.160,128,92,124
2026-07-24T19:21:06Z,-11.6414500,166.9378889,55.4,10788.5,5.820,129,92,124
2026-07-24T19:21:07Z,-11.6414970,166.9378670,55.4,10793.9,5.600,129,92,124
2026-07-24T19:21:08Z,-11.6415459,166.9378569,55.4,10799.5,5.520,129,92,124
2026-07-24T19:21:09Z,-11.6415960,166.9378569,55.4,10805.1,5.500,129,92,124
2026-07-24T19:21:10Z,-11.6416479,166.9378350,55.4,10811.0,5.580,128,91,124
2026-07-24T19:21:11Z,-11.6417039,166.9378350,55.4,10817.0,5.700,128,92,125
2026-07-24T19:21:12Z,-11.6417589,166.9378350,55.4,10823.2,5.860,129,91,125
2026-07-24T19:21:13Z,-11.6418159,166.9378569,55.2,10829.6,6.020,128,92,124
2026-07-24T19:21:14Z,-11.6418720,166.9378670,55.2,10836.1,6.200,128,92,125
2026-07-24T19:21:15Z,-11.6419280,166.9378889,55.2,10842.7,6.340,129,92,125
2026-07-24T19:21:16Z,-11.6419749,166.9379319,55.2,10849.5,6.500,129,93,124
2026-07-24T19:21:17Z,-11.6420090,166.9379749,55.2,10856.3,6.620,129,92,125
2026-07-24T19:21:18Z,-11.6420300,166.9380390,55.2,10863.2,6.720,129,94,124
2026-07-24T19:21:19Z,-11.6420420,166.9381029,55.2,10870.1,6.800,129,94,125
2026-07-24T19:21:20Z,-11.6420530,166.9381570,55.2,10877.1,6.880,129,95,124
2026-07-24T19:21:21Z,-11.6420710,166.9382319,55.2,10884.2,6.940,129,95,125
2026-07-24T19:21:22Z,-11.6421000,166.9382860,55.2,10891.3,7.000,129,95,124
2026-07-24T19:21:23Z,-11.6421400,166.9383390,55.2,10898.5,7.060,129,95,125
2026-07-24T19:21:24Z,-11.6421899,166.9383929,55.2,10905.7,7.120,129,94,124
2026-07-24T19:21:25Z,-11.6422450,166.9384150,55.2,10912.9,7.160,129,94,124
2026-07-24T19:21:26Z,-11.6423069,166.9384359,55.2,10920.2,7.200,129,94,124
2026-07-24T19:21:27Z,-11.6423710,166.9384680,55.2,10927.6,7.260,129,94,124
2026-07-24T19:21:28Z,-11.6424310,166.9384789,55.2,10934.7,7.240,129,94,124
2026-07-24T19:21:29Z,-11.6424980,166.9385000,55.2,10942.4,7.340,129,95,125
2026-07-24T19:21:30Z,-11.6425600,166.9385110,55.2,10949.5,7.320,129,95,124
2026-07-24T19:21:31Z,-11.6426270,166.9385430,55.2,10957.3,7.420,129,95,124
2026-07-24T19:21:32Z,-11.6426910,166.9385540,55.2,10964.6,7.400,129,95,124
2026-07-24T19:21:33Z,-11.6427570,166.9385759,55.2,10972.3,7.520,129,95,125
2026-07-24T19:21:34Z,-11.6428200,166.9386079,55.2,10979.6,7.440,129,94,124
2026-07-24T19:21:35Z,-11.6428860,166.9386179,55.2,10987.2,7.540,129,93,124
2026-07-24T19:21:36Z,-11.6429529,166.9386290,55.2,10995.0,7.540,129,94,125
2026-07-24T19:21:37Z,-11.6430190,166.9386609,55.2,11002.5,7.580,129,93,125
2026-07-24T19:21:38Z,-11.6430839,166.9386830,55.2,11010.0,7.540,129,94,124
2026-07-24T19:21:39Z,-11.6431500,166.9386939,55.2,11017.7,7.620,129,94,124
2026-07-24T19:21:40Z,-11.6432190,166.9387039,55.2,11025.5,7.660,129,94,124
2026-07-24T19:21:41Z,-11.6432839,166.9387359,55.2,11033.2,7.640,129,93,124
2026-07-24T19:21:42Z,-11.6433500,166.9387580,55.2,11040.8,7.660,129,93,124
2026-07-24T19:21:43Z,-11.6434169,166.9387900,55.2,11048.6,7.720,129,93,124
2026-07-24T19:21:44Z,-11.6434839,166.9388010,55.2,11056.3,7.720,129,93,125
2026-07-24T19:21:45Z,-11.6435510,166.9388120,55.2,11064.1,7.720,128,92,124
2026-07-24T19:21:46Z,-11.6436179,166.9388440,55.2,11071.9,7.740,128,92,124
2026-07-24T19:21:47Z,-11.6436849,166.9388649,55.2,11079.6,7.760,128,92,124
2026-07-24T19:21:48Z,-11.6437540,166.9388760,55.2,11087.5,7.780,128,92,125
2026-07-24T19:21:49Z,-11.6438230,166.9389079,55.2,11095.4,7.820,128,93,125
2026-07-24T19:21:50Z,-11.6438919,166.9388970,55.4,11103.1,7.800,128,93,125
2026-07-24T19:21:51Z,-11.6439550,166.9388760,55.4,11110.7,7.760,128,93,124
2026-07-24T19:21:52Z,-11.6440019,166.9388120,55.8,11118.2,7.720,128,93,125
2026-07-24T19:21:53Z,-11.6440309,166.9387690,56.0,11125.3,7.560,128,93,124
2026-07-24T19:21:54Z,-11.6440510,166.9387039,56.2,11132.2,7.360,128,93,124
2026-07-24T19:21:55Z,-11.6440670,166.9386509,56.4,11139.0,7.180,128,93,124
2026-07-24T19:21:56Z,-11.6440820,166.9385860,56.6,11145.5,6.960,129,93,124
2026-07-24T19:21:57Z,-11.6440970,166.9385219,56.8,11151.7,6.700,128,93,124
2026-07-24T19:21:58Z,-11.6441179,166.9384789,57.0,11157.8,6.500,128,93,124
2026-07-24T19:21:59Z,-11.6441450,166.9384359,57.2,11163.7,6.300,128,93,110
2026-07-24T19:22:00Z,-11.6441789,166.9383929,57.2,11169.4,6.080,128,93,124
2026-07-24T19:22:01Z,-11.6442179,166.9383609,57.4,11175.0,5.900,128,93,125
2026-07-24T19:22:02Z,-11.6442609,166.9383390,57.6,11180.4,5.740,128,93,124
2026-07-24T19:22:03Z,-11.6443039,166.9383179,57.8,11185.7,5.580,128,93,124
2026-07-24T19:22:04Z,-11.6443479,166.9382970,57.8,11190.9,5.440,128,93,125
2026-07-24T19:22:05Z,-11.6443919,166.9382860,58.0,11196.1,5.340,128,93,125
2026-07-24T19:22:06Z,-11.6444379,166.9382640,58.0,11201.4,5.280,128,93,125
2026-07-24T19:22:07Z,-11.6444809,166.9382540,58.2,11206.4,5.200,128,93,124
2026-07-24T19:22:08Z,-11.6445229,166.9382319,58.2,11211.5,5.160,127,92,124
2026-07-24T19:22:09Z,-11.6445690,166.9382210,58.4,11216.7,5.160,128,92,124
2026-07-24T19:22:10Z,-11.6446120,166.9382110,58.4,11221.7,5.120,128,94,124
2026-07-24T19:22:11Z,-11.6446560,166.9382110,58.6,11226.7,5.060,127,93,124
2026-07-24T19:22:12Z,-11.6447000,166.9381889,58.6,11231.8,5.080,127,93,125
2026-07-24T19:22:13Z,-11.6447450,166.9381790,58.8,11236.8,5.060,127,93,124
2026-07-24T19:22:14Z,-11.6447890,166.9381790,58.8,11241.8,5.020,126,93,124
2026-07-24T19:22:15Z,-11.6448330,166.9381570,59.0,11246.8,5.020,127,91,124
2026-07-24T19:22:16Z,-11.6448799,166.9381570,59.0,11251.9,5.040,126,90,125
2026-07-24T19:22:17Z,-11.6449239,166.9381570,59.2,11256.9,5.020,126,90,125
2026-07-24T19:22:18Z,-11.6449669,166.9381459,59.4,11261.7,4.980,126,90,124
2026-07-24T19:22:19Z,-11.6450119,166.9381459,59.4,11266.6,4.960,126,90,125
2026-07-24T19:22:20Z,-11.6450569,166.9381459,59.6,11271.5,4.940,126,90,124
2026-07-24T19:22:21Z,-11.6451010,166.9381570,59.6,11276.4,4.900,127,92,124
2026-07-24T19:22:22Z,-11.6451429,166.9381570,59.8,11281.1,4.840,127,91,124
2026-07-24T19:22:23Z,-11.6451829,166.9381790,60.0,11285.7,4.800,127,91,124
2026-07-24T19:22:24Z,-11.6452210,166.9381889,60.2,11290.2,4.720,127,92,124
2026-07-24T19:22:25Z,-11.6452579,166.9382110,60.2,11294.8,4.660,127,92,125
2026-07-24T19:22:26Z,-11.6452890,166.9382319,60.4,11299.1,4.540,128,93,124
2026-07-24T19:22:27Z,-11.6453170,166.9382540,60.6,11303.3,4.440,129,93,124
2026-07-24T19:22:28Z,-11.6453419,166.9382860,60.8,11307.7,4.400,129,94,125
2026-07-24T19:22:29Z,-11.6453620,166.9383179,60.8,11311.6,4.280,130,94,125
2026-07-24T19:22:30Z,-11.6453800,166.9383390,61.0,11315.6,4.160,130,94,125
2026-07-24T19:22:31Z,-11.6453969,166.9383929,61.2,11319.7,4.120,130,94,124
2026-07-24T19:22:32Z,-11.6454109,166.9384150,61.2,11323.5,4.040,130,94,125
2026-07-24T19:22:33Z,-11.6454230,166.9384469,61.4,11327.3,3.920,130,95,125
2026-07-24T19:22:34Z,-11.6454340,166.9384789,61.6,11331.2,3.920,131,95,125
2026-07-24T19:22:35Z,-11.6454449,166.9385110,61.6,11335.0,3.880,130,95,125
2026-07-24T19:22:36Z,-11.6454530,166.9385430,61.8,11338.7,3.800,130,95,125
2026-07-24T19:22:37Z,-11.6454610,166.9385759,62.0,11342.4,3.780,130,95,125
2026-07-24T19:22:38Z,-11.6454689,166.9386179,62.0,11346.2,3.780,130,95,125
2026-07-24T19:22:39Z,-11.6454760,166.9386509,62.2,11349.9,3.740,130,95,124
2026-07-24T19:22:40Z,-11.6454820,166.9386830,62.2,11353.7,3.740,129,95,124
2026-07-24T19:22:41Z,-11.6454879,166.9387039,62.4,11357.4,3.740,129,96,125
2026-07-24T19:22:42Z,-11.6454930,166.9387359,62.4,11361.1,3.740,129,96,125
2026-07-24T19:22:43Z,-11.6454970,166.9387900,62.6,11364.9,3.740,130,96,124
2026-07-24T19:22:44Z,-11.6455009,166.9388120,62.8,11368.6,3.740,130,95,124
2026-07-24T19:22:45Z,-11.6455040,166.9388440,62.8,11372.3,3.720,129,96,125
2026-07-24T19:22:46Z,-11.6455060,166.9388760,63.0,11376.2,3.760,129,97,160
2026-07-24T19:22:47Z,-11.6455100,166.9389190,63.0,11380.1,3.800,128,97,229
2026-07-24T19:22:48Z,-11.6455119,166.9389509,63.2,11384.3,3.880,128,99,229
2026-07-24T19:22:49Z,-11.6455129,166.9390050,63.4,11388.7,4.019,128,101,230
2026-07-24T19:22:50Z,-11.6455149,166.9390480,63.6,11393.3,4.200,128,100,230
2026-07-24T19:22:51Z,-11.6455149,166.9390799,63.6,11398.0,4.360,128,100,230
2026-07-24T19:22:52Z,-11.6455129,166.9391229,63.8,11402.8,4.540,128,101,229
2026-07-24T19:22:53Z,-11.6455129,166.9391659,64.0,11407.7,4.680,129,101,229
2026-07-24T19:22:54Z,-11.6455100,166.9392089,64.2,11412.7,4.800,129,101,230
2026-07-24T19:22:55Z,-11.6455060,166.9392620,64.4,11417.8,4.900,130,101,229
2026-07-24T19:22:56Z,-11.6455009,166.9393050,64.6,11422.8,4.960,130,101,229
2026-07-24T19:22:57Z,-11.6454930,166.9393480,64.8,11427.8,5.000,130,101,230
2026-07-24T19:22:58Z,-11.6454810,166.9393910,65.0,11432.8,5.020,132,102,229
2026-07-24T19:22:59Z,-11.6454650,166.9394450,65.4,11437.9,5.040,132,102,229
2026-07-24T19:23:00Z,-11.6454470,166.9394870,65.6,11442.9,5.020,133,101,229
2026-07-24T19:23:01Z,-11.6454269,166.9395200,65.8,11447.8,5.000,133,101,229
2026-07-24T19:23:02Z,-11.6454050,166.9395630,66.0,11452.8,5.000,134,101,230
2026-07-24T19:23:03Z,-11.6453819,166.9396050,66.2,11457.8,5.000,135,100,229
2026-07-24T19:23:04Z,-11.6453579,166.9396380,66.4,11462.7,4.960,135,99,229
2026-07-24T19:23:05Z,-11.6453320,166.9396699,66.6,11467.6,4.940,135,100,229
2026-07-24T19:23:06Z,-11.6453050,166.9397129,66.8,11472.5,4.940,136,100,230
2026-07-24T19:23:07Z,-11.6452800,166.9397449,67.2,11477.4,4.920,136,99,229
2026-07-24T19:23:08Z,-11.6452529,166.9397770,67.4,11482.3,4.900,136,99,229
2026-07-24T19:23:09Z,-11.6452259,166.9398200,67.6,11487.0,4.860,136,100,229
2026-07-24T19:23:10Z,-11.6452010,166.9398520,67.8,11491.9,4.860,138,99,230
2026-07-24T19:23:11Z,-11.6451780,166.9398950,68.0,11496.6,4.820,137,98,229
2026-07-24T19:23:12Z,-11.6451549,166.9399269,68.2,11501.5,4.820,137,98,230
2026-07-24T19:23:13Z,-11.6451360,166.9399810,68.6,11506.2,4.780,138,98,229
2026-07-24T19:23:14Z,-11.6451180,166.9400019,68.8,11510.9,4.780,138,98,230
2026-07-24T19:23:15Z,-11.6451010,166.9400559,69.0,11515.7,4.760,138,97,229
2026-07-24T19:23:16Z,-11.6450870,166.9400780,69.2,11520.2,4.720,138,98,229
2026-07-24T19:23:17Z,-11.6450720,166.9401309,69.4,11525.1,4.720,139,98,230
2026-07-24T19:23:18Z,-11.6450559,166.9401739,69.6,11529.9,4.740,141,98,230
2026-07-24T19:23:19Z,-11.6450409,166.9402060,69.8,11534.6,4.740,140,99,230
2026-07-24T19:23:20Z,-11.6450249,166.9402490,70.0,11539.5,4.760,140,99,230
2026-07-24T19:23:21Z,-11.6450080,166.9402920,70.2,11544.2,4.800,140,101,229
2026-07-24T19:23:22Z,-11.6449870,166.9403240,70.4,11549.0,4.780,141,102,229
2026-07-24T19:23:23Z,-11.6449649,166.9403780,70.6,11553.9,4.800,141,101,229
2026-07-24T19:23:24Z,-11.6449409,166.9403990,71.0,11558.6,4.800,141,101,229
2026-07-24T19:23:25Z,-11.6449150,166.9404319,71.2,11563.3,4.760,141,99,229
2026-07-24T19:23:26Z,-11.6448860,166.9404749,71.4,11568.3,4.820,142,99,230
2026-07-24T19:23:27Z,-11.6448560,166.9405069,71.6,11573.0,4.800,142,99,230
2026-07-24T19:23:28Z,-11.6448249,166.9405390,71.8,11577.6,4.740,142,99,230
2026-07-24T19:23:29Z,-11.6447929,166.9405599,72.0,11582.4,4.760,142,99,230
2026-07-24T19:23:30Z,-11.6447610,166.9405820,72.4,11587.0,4.740,142,98,229
2026-07-24T19:23:31Z,-11.6447290,166.9406140,72.6,11591.7,4.680,144,98,229
2026-07-24T19:23:32Z,-11.6446949,166.9406459,72.8,11596.2,4.640,142,97,229
2026-07-24T19:23:33Z,-11.6446620,166.9406680,73.0,11600.8,4.640,145,97,229
2026-07-24T19:23:34Z,-11.6446280,166.9406889,73.2,11605.5,4.620,143,97,230
2026-07-24T19:23:35Z,-11.6445949,166.9407110,73.4,11610.1,4.620,143,97,229
2026-07-24T19:23:36Z,-11.6445600,166.9407430,73.6,11614.5,4.560,144,97,229
2026-07-24T19:23:37Z,-11.6445260,166.9407530,74.0,11619.0,4.560,145,97,230
2026-07-24T19:23:38Z,-11.6444900,166.9407860,74.2,11623.9,4.620,143,97,230
2026-07-24T19:23:39Z,-11.6444560,166.9407960,74.4,11628.2,4.540,144,98,230
2026-07-24T19:23:40Z,-11.6444219,166.9408290,74.6,11632.8,4.540,144,96,229
2026-07-24T19:23:41Z,-11.6443850,166.9408499,74.8,11637.5,4.600,143,96,230
2026-07-24T19:23:42Z,-11.6443499,166.9408710,75.0,11641.8,4.560,146,96,229
2026-07-24T19:23:43Z,-11.6443140,166.9408929,75.2,11646.3,4.480,145,96,229
2026-07-24T19:23:44Z,-11.6442779,166.9409040,75.6,11650.8,4.520,143,96,229
2026-07-24T19:23:45Z,-11.6442390,166.9409250,75.8,11655.6,4.560,143,96,229
2026-07-24T19:23:46Z,-11.6442029,166.9409359,76.0,11660.1,4.520,144,95,230
2026-07-24T19:23:47Z,-11.6441670,166.9409680,76.2,11664.6,4.560,146,95,230
2026-07-24T19:23:48Z,-11.6441280,166.9409789,76.4,11669.2,4.580,145,95,230
2026-07-24T19:23:49Z,-11.6440899,166.9410000,76.6,11673.5,4.540,146,95,230
2026-07-24T19:23:50Z,-11.6440540,166.9410110,76.8,11678.0,4.480,145,94,229
2026-07-24T19:23:51Z,-11.6440140,166.9410110,77.0,11682.6,4.500,147,94,229
2026-07-24T19:23:52Z,-11.6439739,166.9410320,77.2,11687.2,4.520,145,94,229
2026-07-24T19:23:53Z,-11.6439329,166.9410430,77.6,11691.9,4.540,144,94,230
2026-07-24T19:23:54Z,-11.6438940,166.9410649,77.8,11696.3,4.560,146,94,230
2026-07-24T19:23:55Z,-11.6438530,166.9410649,78.0,11701.0,4.600,146,94,229
2026-07-24T19:23:56Z,-11.6438110,166.9410750,78.2,11705.7,4.620,145,95,229
2026-07-24T19:23:57Z,-11.6437710,166.9410750,78.4,11710.2,4.600,145,96,230
2026-07-24T19:23:58Z,-11.6437280,166.9410750,78.6,11715.1,4.640,145,96,229
2026-07-24T19:23:59Z,-11.6436849,166.9410860,78.8,11719.8,4.700,145,96,229
2026-07-24T19:24:00Z,-11.6436449,166.9410860,79.0,11724.3,4.660,146,95,230
2026-07-24T19:24:01Z,-11.6436009,166.9410860,79.2,11729.2,4.700,146,95,229
2026-07-24T19:24:02Z,-11.6435579,166.9411079,79.4,11733.9,4.740,146,95,229
2026-07-24T19:24:03Z,-11.6435139,166.9411079,79.6,11738.8,4.740,147,95,229
2026-07-24T19:24:04Z,-11.6434719,166.9411079,79.8,11743.4,4.720,146,95,230
2026-07-24T19:24:05Z,-11.6434279,166.9411079,80.0,11748.3,4.800,147,95,229
2026-07-24T19:24:06Z,-11.6433820,166.9411079,80.2,11753.3,4.820,146,96,229
2026-07-24T19:24:07Z,-11.6433390,166.9411079,80.4,11758.1,4.840,145,95,230
2026-07-24T19:24:08Z,-11.6432960,166.9411079,80.6,11762.9,4.820,147,95,230
2026-07-24T19:24:09Z,-11.6432520,166.9411079,81.0,11767.8,4.880,146,94,230
2026-07-24T19:24:10Z,-11.6432060,166.9411079,81.2,11772.8,4.900,145,94,229
2026-07-24T19:24:11Z,-11.6431640,166.9411079,81.4,11777.7,4.880,145,95,229
2026-07-24T19:24:12Z,-11.6431210,166.9410860,81.6,11782.5,4.880,146,95,230
2026-07-24T19:24:13Z,-11.6430780,166.9410860,81.8,11787.2,4.860,146,96,230
2026-07-24T19:24:14Z,-11.6430330,166.9410860,82.0,11792.1,4.860,146,97,230
2026-07-24T19:24:15Z,-11.6429890,166.9410750,82.4,11796.9,4.820,146,98,229
2026-07-24T19:24:16Z,-11.6429490,166.9410750,82.6,11801.6,4.780,146,98,229
2026-07-24T19:24:17Z,-11.6429070,166.9410649,82.8,11806.2,4.740,146,99,229
2026-07-24T19:24:18Z,-11.6428659,166.9410649,83.0,11810.9,4.740,148,97,230
2026-07-24T19:24:19Z,-11.6428269,166.9410430,83.2,11815.4,4.660,146,96,229
2026-07-24T19:24:20Z,-11.6427870,166.9410320,83.4,11820.0,4.620,147,96,229
2026-07-24T19:24:21Z,-11.6427480,166.9410110,83.8,11824.7,4.620,147,97,229
2026-07-24T19:24:22Z,-11.6427089,166.9410000,84.0,11829.1,4.580,148,98,230
2026-07-24T19:24:23Z,-11.6426710,166.9409789,84.2,11833.6,4.540,148,98,229
2026-07-24T19:24:24Z,-11.6426350,166.9409680,84.4,11838.1,4.540,149,98,230
2026-07-24T19:24:25Z,-11.6425980,166.9409570,84.8,11842.6,4.520,148,97,230
2026-07-24T19:24:26Z,-11.6425610,166.9409359,85.0,11847.0,4.460,147,97,230
2026-07-24T19:24:27Z,-11.6425270,166.9409250,85.2,11851.4,4.460,149,98,230
2026-07-24T19:24:28Z,-11.6424900,166.9408929,85.4,11855.8,4.440,147,99,229
2026-07-24T19:24:29Z,-11.6424570,166.9408710,85.6,11860.1,4.400,148,99,230
2026-07-24T19:24:30Z,-11.6424219,166.9408610,85.8,11864.5,4.380,148,99,229
2026-07-24T19:24:31Z,-11.6423880,166.9408499,86.2,11868.8,4.360,147,98,229
2026-07-24T19:24:32Z,-11.6423560,166.9408179,86.4,11873.0,4.320,148,99,229
2026-07-24T19:24:33Z,-11.6423229,166.9407960,86.6,11877.4,4.320,147,98,230
2026-07-24T19:24:34Z,-11.6422919,166.9407639,86.8,11881.6,4.300,148,98,229
2026-07-24T19:24:35Z,-11.6422619,166.9407530,87.0,11885.8,4.260,147,98,229
2026-07-24T19:24:36Z,-11.6422339,166.9407209,87.4,11889.9,4.220,148,98,230
2026-07-24T19:24:37Z,-11.6422059,166.9407110,87.6,11894.2,4.240,147,99,229
2026-07-24T19:24:38Z,-11.6421789,166.9406779,87.8,11898.3,4.180,147,98,229
2026-07-24T19:24:39Z,-11.6421540,166.9406459,88.0,11902.3,4.140,147,98,229
2026-07-24T19:24:40Z,-11.6421280,166.9406140,88.2,11906.4,4.120,147,98,229
2026-07-24T19:24:41Z,-11.6421010,166.9406029,88.6,11910.6,4.140,148,98,229
2026-07-24T19:24:42Z,-11.6420769,166.9405710,88.8,11914.7,4.100,147,99,229
2026-07-24T19:24:43Z,-11.6420499,166.9405390,89.0,11918.8,4.100,149,97,229
2026-07-24T19:24:44Z,-11.6420219,166.9405069,89.2,11923.3,4.200,149,97,229
2026-07-24T19:24:45Z,-11.6419950,166.9404749,89.2,11927.4,4.200,148,97,230
2026-07-24T19:24:46Z,-11.6419649,166.9404530,89.4,11932.2,4.320,148,97,230
2026-07-24T19:24:47Z,-11.6419339,166.9404209,89.4,11936.8,4.420,147,97,229
2026-07-24T19:24:48Z,-11.6418990,166.9403889,89.4,11942.0,4.640,148,97,230
2026-07-24T19:24:49Z,-11.6418589,166.9403560,89.4,11947.7,4.880,147,97,229
2026-07-24T19:24:50Z,-11.6418199,166.9403240,89.4,11953.5,5.220,150,97,229
2026-07-24T19:24:51Z,-11.6417800,166.9402810,89.2,11959.9,5.540,148,98,229
2026-07-24T19:24:52Z,-11.6417390,166.9402380,89.2,11966.7,5.980,149,97,229
2026-07-24T19:24:53Z,-11.6417019,166.9401850,89.2,11973.9,6.380,149,97,230
2026-07-24T19:24:54Z,-11.6416710,166.9401309,89.4,11980.8,6.620,148,96,229
2026-07-24T19:24:55Z,-11.6416439,166.9400670,89.6,11987.9,6.880,149,96,229
2026-07-24T19:24:56Z,-11.6416210,166.9400019,89.8,11995.1,7.040,150,98,229
2026-07-24T19:24:57Z,-11.6416009,166.9399490,90.0,12002.2,7.100,149,97,230
2026-07-24T19:24:58Z,-11.6415850,166.9398839,90.2,12009.1,7.040,149,97,230
2026-07-24T19:24:59Z,-11.6415739,166.9398200,90.4,12016.0,7.040,149,98,230
2026-07-24T19:25:00Z,-11.6415660,166.9397660,90.6,12022.8,6.980,148,98,230
2026-07-24T19:25:01Z,-11.6415619,166.9397020,90.8,12029.3,6.840,145,98,230
2026-07-24T19:25:02Z,-11.6415599,166.9396380,91.0,12035.8,6.720,145,98,229
2026-07-24T19:25:03Z,-11.6415579,166.9395839,91.0,12042.7,6.720,145,98,229
2026-07-24T19:25:04Z,-11.6415609,166.9395200,91.2,12049.3,6.660,145,97,229
2026-07-24T19:25:05Z,-11.6415650,166.9394549,91.4,12056.2,6.680,145,97,229
2026-07-24T19:25:06Z,-11.6415729,166.9393910,91.4,12062.8,6.700,148,97,229
2026-07-24T19:25:07Z,-11.6415820,166.9393369,91.6,12069.5,6.740,147,97,229
2026-07-24T19:25:08Z,-11.6415960,166.9392730,91.8,12076.2,6.700,149,97,229
2026-07-24T19:25:09Z,-11.6416110,166.9392089,92.0,12083.1,6.760,149,96,230
2026-07-24T19:25:10Z,-11.6416280,166.9391549,92.2,12089.5,6.660,149,96,229
2026-07-24T19:25:11Z,-11.6416449,166.9391010,92.4,12096.2,6.680,149,96,230
2026-07-24T19:25:12Z,-11.6416660,166.9390480,92.6,12102.7,6.640,148,96,230
2026-07-24T19:25:13Z,-11.6416840,166.9389830,92.8,12109.0,6.560,148,97,229
2026-07-24T19:25:14Z,-11.6417039,166.9389400,93.0,12115.4,6.460,149,98,230
2026-07-24T19:25:15Z,-11.6417270,166.9388760,93.2,12122.0,6.500,149,98,229
2026-07-24T19:25:16Z,-11.6417469,166.9388120,93.4,12128.6,6.480,150,98,230
2026-07-24T19:25:17Z,-11.6417690,166.9387690,93.6,12134.6,6.380,148,99,230
2026-07-24T19:25:18Z,-11.6417930,166.9387260,93.8,12141.1,6.420,148,99,230
2026-07-24T19:25:19Z,-11.6418169,166.9386609,94.2,12147.5,6.420,148,100,230
2026-07-24T19:25:20Z,-11.6418410,166.9386179,94.4,12153.8,6.360,148,99,230
2026-07-24T19:25:21Z,-11.6418670,166.9385540,94.6,12160.1,6.300,148,99,230
2026-07-24T19:25:22Z,-11.6418919,166.9385110,94.8,12166.2,6.320,149,99,230
2026-07-24T19:25:23Z,-11.6419189,166.9384680,95.0,12172.6,6.300,150,99,230
2026-07-24T19:25:24Z,-11.6419469,166.9384150,95.2,12178.6,6.220,148,100,230
2026-07-24T19:25:25Z,-11.6419749,166.9383609,95.6,12184.7,6.180,150,101,229
2026-07-24T19:25:26Z,-11.6420059,166.9383179,95.8,12190.6,6.100,148,102,229
2026-07-24T19:25:27Z,-11.6420370,166.9382860,96.0,12196.5,6.060,149,103,229
2026-07-24T19:25:28Z,-11.6420730,166.9382319,96.2,12202.5,5.980,150,103,229
2026-07-24T19:25:29Z,-11.6421069,166.9381889,96.4,12208.2,5.920,150,103,229
2026-07-24T19:25:30Z,-11.6421460,166.9381570,96.8,12214.0,5.860,152,104,229
2026-07-24T19:25:31Z,-11.6421830,166.9381250,97.0,12219.6,5.800,151,103,229
2026-07-24T19:25:32Z,-11.6422219,166.9381029,97.2,12225.1,5.720,151,102,229
2026-07-24T19:25:33Z,-11.6422610,166.9380710,97.4,12230.5,5.600,152,102,229
2026-07-24T19:25:34Z,-11.6423000,166.9380390,97.8,12235.8,5.520,151,102,230
2026-07-24T19:25:35Z,-11.6423400,166.9380070,98.0,12241.2,5.440,150,102,229
2026-07-24T19:25:36Z,-11.6423799,166.9379749,98.2,12246.4,5.360,151,101,230
2026-07-24T19:25:37Z,-11.6424190,166.9379640,98.4,12251.4,5.260,149,101,230
2026-07-24T19:25:38Z,-11.6424590,166.9379319,98.6,12256.6,5.220,150,101,230
2026-07-24T19:25:39Z,-11.6425000,166.9379210,98.8,12261.5,5.140,150,101,230
2026-07-24T19:25:40Z,-11.6425410,166.9378999,99.2,12266.6,5.080,150,100,230
2026-07-24T19:25:41Z,-11.6425829,166.9378670,99.4,12271.7,5.060,149,100,229
2026-07-24T19:25:42Z,-11.6426229,166.9378569,99.6,12276.8,5.080,150,100,229
2026-07-24T19:25:43Z,-11.6426630,166.9378350,99.8,12281.7,5.020,151,100,229
2026-07-24T19:25:44Z,-11.6427050,166.9378139,99.8,12286.8,5.060,151,101,229
2026-07-24T19:25:45Z,-11.6427460,166.9377920,100.0,12291.9,5.060,150,100,229
2026-07-24T19:25:46Z,-11.6427890,166.9377820,100.2,12297.2,5.100,149,100,229
2026-07-24T19:25:47Z,-11.6428340,166.9377490,100.4,12302.4,5.120,150,99,230
2026-07-24T19:25:48Z,-11.6428790,166.9377279,100.6,12307.8,5.220,152,99,229
2026-07-24T19:25:49Z,-11.6429239,166.9377169,100.8,12313.1,5.260,150,101,230
2026-07-24T19:25:50Z,-11.6429699,166.9377060,101.0,12318.6,5.340,149,100,229
2026-07-24T19:25:51Z,-11.6430170,166.9376849,101.0,12324.1,5.380,151,101,230
2026-07-24T19:25:52Z,-11.6430640,166.9376739,101.2,12329.5,5.420,151,101,230
2026-07-24T19:25:53Z,-11.6431139,166.9376530,101.4,12335.2,5.480,150,100,229
2026-07-24T19:25:54Z,-11.6431640,166.9376530,101.6,12340.5,5.480,151,101,229
2026-07-24T19:25:55Z,-11.6432149,166.9376530,101.8,12346.3,5.540,149,99,229
2026-07-24T19:25:56Z,-11.6432640,166.9376419,102.0,12351.8,5.540,149,98,229
2026-07-24T19:25:57Z,-11.6433139,166.9376419,102.2,12357.3,5.560,149,98,229
2026-07-24T19:25:58Z,-11.6433630,166.9376530,102.4,12362.8,5.520,149,98,229
2026-07-24T19:25:59Z,-11.6434139,166.9376530,102.8,12368.3,5.560,149,98,229
2026-07-24T19:26:00Z,-11.6434630,166.9376530,103.0,12373.8,5.500,150,96,229
2026-07-24T19:26:01Z,-11.6435100,166.9376739,103.2,12379.2,5.480,150,97,230
2026-07-24T19:26:02Z,-11.6435579,166.9376739,103.4,12384.6,5.460,150,98,229
2026-07-24T19:26:03Z,-11.6436060,166.9376849,103.6,12390.0,5.440,149,98,229
2026-07-24T19:26:04Z,-11.6436520,166.9377060,103.8,12395.3,5.400,150,97,229
2026-07-24T19:26:05Z,-11.6436990,166.9377169,104.0,12400.7,5.380,150,97,229
2026-07-24T19:26:06Z,-11.6437439,166.9377279,104.2,12406.0,5.360,150,97,230
2026-07-24T19:26:07Z,-11.6437889,166.9377490,104.4,12411.3,5.340,150,97,229
2026-07-24T19:26:08Z,-11.6438329,166.9377599,104.6,12416.5,5.300,151,97,230
2026-07-24T19:26:09Z,-11.6438729,166.9377920,105.0,12421.7,5.280,151,97,229
2026-07-24T19:26:10Z,-11.6439159,166.9378139,105.2,12427.0,5.260,150,97,230
2026-07-24T19:26:11Z,-11.6439550,166.9378350,105.4,12432.2,5.240,149,97,229
2026-07-24T19:26:12Z,-11.6439919,166.9378670,105.6,12437.3,5.200,149,97,230
2026-07-24T19:26:13Z,-11.6440270,166.9378999,105.8,12442.5,5.200,150,98,230
2026-07-24T19:26:14Z,-11.6440589,166.9379319,106.0,12447.5,5.160,149,98,229
2026-07-24T19:26:15Z,-11.6440899,166.9379640,106.4,12452.5,5.100,149,97,229
2026-07-24T19:26:16Z,-11.6441199,166.9380070,106.6,12457.6,5.080,149,98,229
2026-07-24T19:26:17Z,-11.6441469,166.9380390,106.8,12462.5,5.040,149,98,230
2026-07-24T19:26:18Z,-11.6441730,166.9380710,107.0,12467.5,5.000,151,98,229
2026-07-24T19:26:19Z,-11.6441990,166.9381140,107.2,12472.3,4.960,150,98,230
2026-07-24T19:26:20Z,-11.6442230,166.9381459,107.4,12477.2,4.940,149,98,230
2026-07-24T19:26:21Z,-11.6442489,166.9381889,107.6,12482.3,4.940,148,98,229
2026-07-24T19:26:22Z,-11.6442730,166.9382210,107.8,12487.3,4.960,149,97,230
2026-07-24T19:26:23Z,-11.6442950,166.9382640,108.0,12492.4,4.980,148,97,229
2026-07-24T19:26:24Z,-11.6443179,166.9382970,108.2,12497.4,5.020,149,98,229
2026-07-24T19:26:25Z,-11.6443440,166.9383390,108.2,12502.7,5.100,150,97,229
2026-07-24T19:26:26Z,-11.6443710,166.9383929,108.4,12508.1,5.160,150,98,229
2026-07-24T19:26:27Z,-11.6444000,166.9384359,108.4,12513.9,5.320,150,97,229
2026-07-24T19:26:28Z,-11.6444300,166.9384789,108.6,12519.7,5.460,148,97,230
2026-07-24T19:26:29Z,-11.6444580,166.9385219,108.6,12525.6,5.640,148,98,229
2026-07-24T19:26:30Z,-11.6444890,166.9385759,108.6,12532.1,5.880,149,97,230
2026-07-24T19:26:31Z,-11.6445170,166.9386179,108.6,12538.7,6.120,149,97,229
2026-07-24T19:26:32Z,-11.6445410,166.9386830,108.6,12545.5,6.320,151,97,229
2026-07-24T19:26:33Z,-11.6445610,166.9387359,108.6,12552.5,6.560,148,97,229
2026-07-24T19:26:34Z,-11.6445760,166.9388010,108.8,12559.6,6.800,148,97,229
2026-07-24T19:26:35Z,-11.6445819,166.9388649,108.8,12566.7,6.920,147,96,229
2026-07-24T19:26:36Z,-11.6445840,166.9389400,109.0,12573.9,7.040,148,97,230
2026-07-24T19:26:37Z,-11.6445799,166.9390050,109.2,12581.1,7.120,148,97,229
2026-07-24T19:26:38Z,-11.6445720,166.9390799,109.4,12588.6,7.220,148,97,229
2026-07-24T19:26:39Z,-11.6445620,166.9391330,109.6,12595.8,7.240,147,97,230
2026-07-24T19:26:40Z,-11.6445499,166.9391979,109.6,12602.9,7.240,147,97,230
2026-07-24T19:26:41Z,-11.6445369,166.9392620,109.8,12609.9,7.200,149,97,229
2026-07-24T19:26:42Z,-11.6445190,166.9393160,110.0,12616.9,7.160,150,97,229
2026-07-24T19:26:43Z,-11.6445010,166.9393799,110.2,12624.2,7.120,149,97,230
2026-07-24T19:26:44Z,-11.6444820,166.9394450,110.4,12631.2,7.080,149,97,229
2026-07-24T19:26:45Z,-11.6444600,166.9394979,110.6,12638.1,7.040,148,97,229
2026-07-24T19:26:46Z,-11.6444379,166.9395630,110.8,12645.1,7.040,149,97,230
2026-07-24T19:26:47Z,-11.6444150,166.9396269,111.0,12652.0,7.020,149,97,230
2026-07-24T19:26:48Z,-11.6443880,166.9396910,111.2,12658.7,6.900,149,97,230
2026-07-24T19:26:49Z,-11.6443600,166.9397340,111.4,12665.5,6.860,148,97,230
2026-07-24T19:26:50Z,-11.6443290,166.9397879,111.8,12672.5,6.880,148,96,229
2026-07-24T19:26:51Z,-11.6442950,166.9398419,112.0,12678.9,6.760,150,96,230
2026-07-24T19:26:52Z,-11.6442590,166.9398839,112.2,12685.3,6.660,150,96,230
2026-07-24T19:26:53Z,-11.6442230,166.9399269,112.4,12691.8,6.620,149,97,229
2026-07-24T19:26:54Z,-11.6441840,166.9399810,112.6,12697.8,6.460,147,97,230
2026-07-24T19:26:55Z,-11.6441440,166.9400019,113.0,12704.1,6.320,147,98,230
2026-07-24T19:26:56Z,-11.6441039,166.9400559,113.2,12710.0,6.220,147,97,229
2026-07-24T19:26:57Z,-11.6440609,166.9400780,113.4,12716.0,6.140,149,98,230
2026-07-24T19:26:58Z,-11.6440169,166.9401100,113.8,12722.0,6.040,150,99,229
2026-07-24T19:26:59Z,-11.6439720,166.9401419,114.0,12727.6,5.960,148,99,229
2026-07-24T19:27:00Z,-11.6439270,166.9401630,114.2,12733.5,5.880,149,100,229
2026-07-24T19:27:01Z,-11.6438850,166.9401850,114.6,12738.8,5.760,148,100,229
2026-07-24T19:27:02Z,-11.6438380,166.9402060,114.8,12744.4,5.680,148,100,229
2026-07-24T19:27:03Z,-11.6437930,166.9402169,115.0,12749.8,5.560,149,100,229
2026-07-24T19:27:04Z,-11.6437469,166.9402380,115.2,12755.0,5.480,148,100,230
2026-07-24T19:27:05Z,-11.6437039,166.9402490,115.6,12760.0,5.300,149,100,230
2026-07-24T19:27:06Z,-11.6436579,166.9402710,115.8,12765.2,5.280,148,100,230
2026-07-24T19:27:07Z,-11.6436130,166.9402710,116.0,12770.3,5.180,149,100,229
2026-07-24T19:27:08Z,-11.6435670,166.9402810,116.2,12775.3,5.100,149,100,229
2026-07-24T19:27:09Z,-11.6435240,166.9402810,116.6,12780.0,5.000,149,100,230
2026-07-24T19:27:10Z,-11.6434790,166.9402810,116.8,12785.1,5.020,149,101,229
2026-07-24T19:27:11Z,-11.6434360,166.9402810,117.0,12789.9,4.940,149,100,229
2026-07-24T19:27:12Z,-11.6433890,166.9402810,117.2,12795.0,4.940,149,100,229
2026-07-24T19:27:13Z,-11.6433429,166.9402810,117.4,12800.1,4.960,148,101,230
2026-07-24T19:27:14Z,-11.6432979,166.9402810,117.6,12805.2,5.040,148,102,230
2026-07-24T19:27:15Z,-11.6432520,166.9402710,117.8,12810.2,5.020,150,101,230
2026-07-24T19:27:16Z,-11.6432040,166.9402710,118.0,12815.5,5.120,148,103,230
2026-07-24T19:27:17Z,-11.6431579,166.9402490,118.2,12820.7,5.140,149,102,229
2026-07-24T19:27:18Z,-11.6431129,166.9402490,118.4,12825.9,5.160,149,101,228
2026-07-24T19:27:19Z,-11.6430669,166.9402380,118.6,12831.1,5.180,149,100,229
2026-07-24T19:27:20Z,-11.6430210,166.9402169,118.8,12836.2,5.200,149,101,229
2026-07-24T19:27:21Z,-11.6429780,166.9402060,119.0,12841.3,5.160,151,99,230
2026-07-24T19:27:22Z,-11.6429360,166.9401850,119.4,12846.2,5.100,152,98,229
2026-07-24T19:27:23Z,-11.6428940,166.9401739,119.6,12851.1,5.040,151,98,229
2026-07-24T19:27:24Z,-11.6428539,166.9401630,119.8,12856.0,4.980,150,98,229
2026-07-24T19:27:25Z,-11.6428150,166.9401419,120.2,12860.8,4.920,151,98,230
2026-07-24T19:27:26Z,-11.6427799,166.9401309,120.4,12865.3,4.800,151,98,229
2026-07-24T19:27:27Z,-11.6427460,166.9400989,120.8,12869.8,4.720,150,98,229
2026-07-24T19:27:28Z,-11.6427170,166.9400780,121.0,12873.9,4.560,151,98,229
2026-07-24T19:27:29Z,-11.6426900,166.9400559,121.4,12878.0,4.400,150,98,230
2026-07-24T19:27:30Z,-11.6426669,166.9400240,121.8,12881.8,4.200,150,99,229
2026-07-24T19:27:31Z,-11.6426450,166.9400019,122.0,12885.4,4.019,150,98,229
2026-07-24T19:27:32Z,-11.6426270,166.9399810,122.4,12888.7,3.780,150,98,230
2026-07-24T19:27:33Z,-11.6426099,166.9399490,122.8,12891.8,3.580,152,98,230
2026-07-24T19:27:34Z,-11.6425949,166.9399269,123.0,12894.9,3.380,150,98,229
2026-07-24T19:27:35Z,-11.6425799,166.9398950,123.4,12897.8,3.200,151,99,229
2026-07-24T19:27:36Z,-11.6425679,166.9398839,123.6,12900.6,3.040,150,97,229
2026-07-24T19:27:37Z,-11.6425560,166.9398739,123.8,12903.3,2.920,150,97,229
2026-07-24T19:27:38Z,-11.6425450,166.9398419,124.2,12905.9,2.820,152,97,229
2026-07-24T19:27:39Z,-11.6425349,166.9398200,124.4,12908.5,2.720,151,98,230
2026-07-24T19:27:40Z,-11.6425239,166.9397879,124.6,12911.1,2.660,150,99,230
2026-07-24T19:27:41Z,-11.6425140,166.9397770,125.0,12913.7,2.620,151,99,229
2026-07-24T19:27:42Z,-11.6425050,166.9397660,125.2,12916.2,2.580,150,99,230
2026-07-24T19:27:43Z,-11.6424969,166.9397340,125.4,12918.7,2.560,151,98,229
2026-07-24T19:27:44Z,-11.6424880,166.9397129,125.8,12921.2,2.540,150,97,229
2026-07-24T19:27:45Z,-11.6424799,166.9396910,126.0,12923.7,2.520,152,97,230
2026-07-24T19:27:46Z,-11.6424730,166.9396699,126.2,12926.2,2.500,151,96,230
2026-07-24T19:27:47Z,-11.6424649,166.9396590,126.4,12928.8,2.520,150,97,229
2026-07-24T19:27:48Z,-11.6424580,166.9396269,126.8,12931.3,2.520,151,98,230
2026-07-24T19:27:49Z,-11.6424509,166.9396050,127.0,12933.8,2.520,150,99,230
2026-07-24T19:27:50Z,-11.6424450,166.9395839,127.2,12936.4,2.540,152,100,229
2026-07-24T19:27:51Z,-11.6424379,166.9395630,127.6,12939.0,2.560,150,100,230
2026-07-24T19:27:52Z,-11.6424330,166.9395300,127.8,12941.6,2.560,152,100,229
2026-07-24T19:27:53Z,-11.6424270,166.9395200,128.0,12944.2,2.580,152,100,229
2026-07-24T19:27:54Z,-11.6424219,166.9394870,128.2,12946.8,2.600,152,99,230
2026-07-24T19:27:55Z,-11.6424170,166.9394770,128.6,12949.5,2.620,151,100,230
2026-07-24T19:27:56Z,-11.6424130,166.9394450,128.8,12952.2,2.640,151,99,229
2026-07-24T19:27:57Z,-11.6424089,166.9394119,129.0,12954.9,2.660,152,99,229
2026-07-24T19:27:58Z,-11.6424040,166.9393910,129.2,12957.7,2.700,151,99,230
2026-07-24T19:27:59Z,-11.6424020,166.9393689,129.4,12960.5,2.740,151,99,229
2026-07-24T19:28:00Z,-11.6423990,166.9393369,129.8,12963.3,2.760,152,99,230
2026-07-24T19:28:01Z,-11.6423959,166.9393160,130.0,12966.2,2.800,152,99,230
2026-07-24T19:28:02Z,-11.6423949,166.9392939,130.2,12969.1,2.840,152,99,230
2026-07-24T19:28:03Z,-11.6423939,166.9392620,130.4,12972.2,2.900,150,99,230
2026-07-24T19:28:04Z,-11.6423939,166.9392300,130.6,12975.3,2.960,150,99,230
2026-07-24T19:28:05Z,-11.6423939,166.9391979,130.8,12978.6,3.060,151,99,229
2026-07-24T19:28:06Z,-11.6423959,166.9391659,131.0,12982.0,3.160,150,100,230
2026-07-24T19:28:07Z,-11.6424000,166.9391330,131.2,12985.6,3.300,152,99,230
2026-07-24T19:28:08Z,-11.6424059,166.9391010,131.4,12989.3,3.420,151,98,229
2026-07-24T19:28:09Z,-11.6424140,166.9390799,131.4,12993.3,3.600,152,98,229
2026-07-24T19:28:10Z,-11.6424229,166.9390259,131.6,12997.6,3.800,150,98,229
2026-07-24T19:28:11Z,-11.6424349,166.9389830,131.6,13002.1,4.019,149,99,229
2026-07-24T19:28:12Z,-11.6424499,166.9389509,131.6,13006.8,4.240,149,98,230
2026-07-24T19:28:13Z,-11.6424679,166.9389079,131.8,13012.1,4.560,149,98,230
2026-07-24T19:28:14Z,-11.6424880,166.9388649,131.8,13017.6,4.860,149,98,230
2026-07-24T19:28:15Z,-11.6425130,166.9388120,131.8,13023.4,5.160,150,98,229
2026-07-24T19:28:16Z,-11.6425399,166.9387690,131.6,13029.5,5.480,151,98,229
2026-07-24T19:28:17Z,-11.6425689,166.9387039,131.6,13035.9,5.820,149,98,229
2026-07-24T19:28:18Z,-11.6426060,166.9386609,131.6,13043.1,6.200,149,97,230
2026-07-24T19:28:19Z,-11.6426420,166.9386079,131.4,13050.1,6.500,149,97,230
2026-07-24T19:28:20Z,-11.6426850,166.9385540,131.4,13057.8,6.880,150,97,230
2026-07-24T19:28:21Z,-11.6427290,166.9385000,131.2,13065.5,7.200,150,97,230
2026-07-24T19:28:22Z,-11.6427760,166.9384359,131.2,13073.6,7.540,150,99,229
2026-07-24T19:28:23Z,-11.6428300,166.9383929,131.0,13082.2,7.820,150,99,230
2026-07-24T19:28:24Z,-11.6428890,166.9383290,131.0,13090.8,8.140,150,98,230
2026-07-24T19:28:25Z,-11.6429569,166.9382970,131.0,13099.7,8.380,152,98,229
2026-07-24T19:28:26Z,-11.6430310,166.9382640,131.0,13108.6,8.620,150,99,229
2026-07-24T19:28:27Z,-11.6431090,166.9382319,131.0,13117.4,8.760,150,98,229
2026-07-24T19:28:28Z,-11.6431920,166.9382210,131.0,13126.7,8.900,150,97,229
2026-07-24T19:28:29Z,-11.6432719,166.9382210,131.0,13135.6,8.960,151,97,229
2026-07-24T19:28:30Z,-11.6433569,166.9382210,131.0,13145.0,9.060,151,98,230
2026-07-24T19:28:31Z,-11.6434370,166.9382319,131.0,13154.0,9.080,150,99,230
2026-07-24T19:28:32Z,-11.6435220,166.9382640,131.0,13163.6,9.240,150,98,229
2026-07-24T19:28:33Z,-11.6435989,166.9382860,131.0,13172.8,9.220,149,98,229
2026-07-24T19:28:34Z,-11.6436790,166.9383290,131.0,13182.4,9.360,150,97,229
2026-07-24T19:28:35Z,-11.6437510,166.9383720,131.0,13191.7,9.340,151,97,229
2026-07-24T19:28:36Z,-11.6438210,166.9384150,131.0,13201.5,9.500,150,96,229
2026-07-24T19:28:37Z,-11.6438840,166.9384789,131.0,13210.9,9.460,149,96,229
2026-07-24T19:28:38Z,-11.6439390,166.9385430,131.0,13220.5,9.540,151,95,230
2026-07-24T19:28:39Z,-11.6439870,166.9386179,131.0,13230.1,9.540,151,95,230
2026-07-24T19:28:40Z,-11.6440260,166.9386939,131.0,13239.9,9.640,152,95,229
2026-07-24T19:28:41Z,-11.6440580,166.9387900,131.0,13249.6,9.620,151,95,230
2026-07-24T19:28:42Z,-11.6440850,166.9388649,131.0,13259.3,9.680,151,95,229
2026-07-24T19:28:43Z,-11.6441049,166.9389509,131.0,13268.8,9.660,151,95,230
2026-07-24T19:28:44Z,-11.6441209,166.9390480,131.0,13278.7,9.720,150,95,230
2026-07-24T19:28:45Z,-11.6441319,166.9391330,131.0,13288.5,9.720,151,95,230
2026-07-24T19:28:46Z,-11.6441329,166.9392089,131.0,13298.2,9.720,150,96,230
2026-07-24T19:28:47Z,-11.6441240,166.9393050,131.0,13308.2,9.780,151,96,229
2026-07-24T19:28:48Z,-11.6440970,166.9393910,131.0,13317.9,9.820,151,96,229
2026-07-24T19:28:49Z,-11.6440510,166.9394770,131.0,13327.9,9.840,150,96,229
2026-07-24T19:28:50Z,-11.6439950,166.9395520,131.0,13337.8,9.860,150,96,230
2026-07-24T19:28:51Z,-11.6439290,166.9396050,131.0,13347.7,9.900,152,96,229
2026-07-24T19:28:52Z,-11.6438570,166.9396590,131.0,13357.6,9.880,151,97,230
2026-07-24T19:28:53Z,-11.6437830,166.9397020,131.0,13367.3,9.880,152,98,230
2026-07-24T19:28:54Z,-11.6437039,166.9397449,131.0,13377.3,9.880,152,98,230
2026-07-24T19:28:55Z,-11.6436240,166.9397879,131.0,13387.3,9.900,152,99,229
2026-07-24T19:28:56Z,-11.6435400,166.9398200,131.0,13397.2,9.900,151,99,230
2026-07-24T19:28:57Z,-11.6434530,166.9398520,131.0,13407.2,9.920,152,99,229
2026-07-24T19:28:58Z,-11.6433650,166.9398739,131.0,13417.2,9.980,152,99,230
2026-07-24T19:28:59Z,-11.6432750,166.9398739,131.0,13427.1,9.960,151,99,229
2026-07-24T19:29:00Z,-11.6431859,166.9398739,131.0,13437.1,9.960,151,100,229
2026-07-24T19:29:01Z,-11.6430969,166.9398739,131.0,13447.1,9.980,150,99,230
2026-07-24T19:29:02Z,-11.6430109,166.9398419,131.0,13457.1,9.980,151,99,230
2026-07-24T19:29:03Z,-11.6429370,166.9397770,131.0,13467.2,10.000,152,100,229
2026-07-24T19:29:04Z,-11.6428770,166.9397129,130.8,13477.3,10.040,153,100,229
2026-07-24T19:29:05Z,-11.6428229,166.9396380,130.8,13487.7,10.120,149,100,229
2026-07-24T19:29:06Z,-11.6427669,166.9395630,130.6,13498.0,10.180,149,100,230
2026-07-24T19:29:07Z,-11.6427060,166.9394870,130.4,13508.3,10.240,150,100,230
2026-07-24T19:29:08Z,-11.6426420,166.9394119,130.0,13518.9,10.340,149,100,229
2026-07-24T19:29:09Z,-11.6425489,166.9393799,129.4,13530.0,10.540,149,100,229
2026-07-24T19:29:10Z,-11.6424769,166.9394549,128.6,13541.6,10.780,150,99,230
2026-07-24T19:29:11Z,-11.6424860,166.9395630,127.2,13553.7,11.140,152,99,230
2026-07-24T19:29:12Z,-11.6425249,166.9396699,126.0,13566.8,11.700,150,99,229
2026-07-24T19:29:13Z,-11.6425730,166.9397879,124.4,13580.4,12.300,151,99,230
2026-07-24T19:29:14Z,-11.6426379,166.9399169,122.8,13595.2,13.040,150,100,230
2026-07-24T19:29:15Z,-11.6427239,166.9400240,121.4,13610.4,13.760,151,100,229
2026-07-24T19:29:16Z,-11.6428360,166.9400989,120.2,13625.8,14.420,151,100,229
2026-07-24T19:29:17Z,-11.6429720,166.9401630,119.2,13642.3,15.100,150,100,229
2026-07-24T19:29:18Z,-11.6431070,166.9402060,118.4,13657.8,15.480,150,100,229
2026-07-24T19:29:19Z,-11.6432510,166.9402169,117.8,13673.9,15.740,151,101,230
2026-07-24T19:29:20Z,-11.6433979,166.9402380,117.0,13690.3,15.980,151,102,230
2026-07-24T19:29:21Z,-11.6435429,166.9402380,116.4,13706.2,16.079,150,102,229
2026-07-24T19:29:22Z,-11.6436920,166.9402060,115.6,13723.0,16.140,149,102,229
2026-07-24T19:29:23Z,-11.6438270,166.9401630,114.8,13738.8,16.200,151,102,230
2026-07-24T19:29:24Z,-11.6439560,166.9400989,114.0,13754.8,16.180,151,102,229
2026-07-24T19:29:25Z,-11.6440779,166.9400019,113.2,13771.4,16.219,150,101,229
2026-07-24T19:29:26Z,-11.6441840,166.9398950,112.4,13787.7,16.300,150,101,229
2026-07-24T19:29:27Z,-11.6442740,166.9397879,111.8,13803.6,16.120,151,100,229
2026-07-24T19:29:28Z,-11.6443479,166.9396590,111.2,13819.8,16.200,151,100,229
2026-07-24T19:29:29Z,-11.6444069,166.9395300,110.8,13836.0,16.239,150,101,229
2026-07-24T19:29:30Z,-11.6444550,166.9393799,110.2,13852.2,16.160,150,101,230
2026-07-24T19:29:31Z,-11.6444939,166.9392409,109.8,13868.2,16.100,151,102,229
2026-07-24T19:29:32Z,-11.6445229,166.9391010,109.4,13883.7,16.020,152,101,230
2026-07-24T19:29:33Z,-11.6445400,166.9389720,109.0,13899.4,15.920,150,101,229
2026-07-24T19:29:34Z,-11.6445339,166.9388330,108.8,13914.7,15.740,150,101,230
2026-07-24T19:29:35Z,-11.6444970,166.9386939,108.6,13930.0,15.560,152,100,229
2026-07-24T19:29:36Z,-11.6444349,166.9385759,108.6,13945.1,15.380,151,101,229
2026-07-24T19:29:37Z,-11.6443639,166.9384469,108.4,13959.7,15.200,149,100,230
2026-07-24T19:29:38Z,-11.6442929,166.9383390,108.2,13973.9,14.900,149,101,230
2026-07-24T19:29:39Z,-11.6442230,166.9382319,107.8,13988.5,14.760,150,100,230
2026-07-24T19:29:40Z,-11.6441530,166.9381140,107.2,14003.0,14.600,151,100,229
2026-07-24T19:29:41Z,-11.6440739,166.9380179,106.4,14017.4,14.460,151,102,230
2026-07-24T19:29:42Z,-11.6439800,166.9379210,105.8,14032.2,14.500,152,101,229
2026-07-24T19:29:43Z,-11.6438729,166.9378350,105.0,14046.9,14.600,152,102,229
2026-07-24T19:29:44Z,-11.6437510,166.9377820,104.4,14061.9,14.680,151,102,229
2026-07-24T19:29:45Z,-11.6436210,166.9377279,103.6,14077.0,14.800,151,101,229
2026-07-24T19:29:46Z,-11.6434869,166.9377060,103.0,14092.1,14.940,152,101,229
2026-07-24T19:29:47Z,-11.6433510,166.9377060,102.4,14107.3,15.020,151,101,229
2026-07-24T19:29:48Z,-11.6432109,166.9377060,101.8,14122.8,15.180,151,100,229
2026-07-24T19:29:49Z,-11.6430780,166.9377169,101.2,14137.8,15.180,152,100,230
2026-07-24T19:29:50Z,-11.6429450,166.9377599,100.8,14153.1,15.220,151,100,229
2026-07-24T19:29:51Z,-11.6428150,166.9378139,100.2,14168.5,15.280,152,101,229
2026-07-24T19:29:52Z,-11.6426939,166.9378670,99.8,14183.4,15.220,152,100,229
2026-07-24T19:29:53Z,-11.6425710,166.9379319,99.2,14198.5,15.140,151,100,230
2026-07-24T19:29:54Z,-11.6424499,166.9379960,98.4,14213.7,15.180,151,100,230
2026-07-24T19:29:55Z,-11.6423320,166.9380710,97.8,14228.9,15.160,150,101,230
2026-07-24T19:29:56Z,-11.6422189,166.9381570,97.0,14244.4,15.180,150,102,230
2026-07-24T19:29:57Z,-11.6421189,166.9382540,96.2,14259.8,15.280,151,102,229
2026-07-24T19:29:58Z,-11.6420319,166.9383609,95.6,14275.2,15.340,150,102,229
2026-07-24T19:29:59Z,-11.6419590,166.9384789,95.0,14290.4,15.340,151,102,229
2026-07-24T19:30:00Z,-11.6418940,166.9386079,94.4,14305.8,15.380,151,101,230
2026-07-24T19:30:01Z,-11.6418349,166.9387260,94.0,14321.2,15.360,151,102,229
2026-07-24T19:30:02Z,-11.6417800,166.9388649,93.4,14336.6,15.360,152,102,230
2026-07-24T19:30:03Z,-11.6417290,166.9390050,92.8,14352.1,15.380,152,102,229
2026-07-24T19:30:04Z,-11.6416820,166.9391229,92.4,14367.8,15.480,151,102,229
2026-07-24T19:30:05Z,-11.6416429,166.9392620,91.8,14383.1,15.460,151,103,230
2026-07-24T19:30:06Z,-11.6416149,166.9393910,91.4,14398.6,15.480,150,105,229
2026-07-24T19:30:07Z,-11.6416009,166.9395520,91.2,14414.2,15.520,151,105,229
2026-07-24T19:30:08Z,-11.6415980,166.9396910,90.8,14430.0,15.580,151,105,230
2026-07-24T19:30:09Z,-11.6416130,166.9398200,90.4,14445.5,15.540,151,104,229
2026-07-24T19:30:10Z,-11.6416469,166.9399599,89.8,14460.5,15.480,150,104,230
2026-07-24T19:30:11Z,-11.6417000,166.9400989,89.4,14475.9,15.460,150,105,230
2026-07-24T19:30:12Z,-11.6417700,166.9402060,89.2,14490.8,15.320,152,107,230
2026-07-24T19:30:13Z,-11.6418639,166.9403140,89.4,14505.6,15.120,153,107,229
2026-07-24T19:30:14Z,-11.6419590,166.9403889,89.4,14519.6,14.820,152,106,230
2026-07-24T19:30:15Z,-11.6420560,166.9404749,89.2,14534.0,14.700,151,105,229
2026-07-24T19:30:16Z,-11.6421430,166.9405710,88.4,14548.0,14.420,151,104,229
2026-07-24T19:30:17Z,-11.6422369,166.9406680,87.6,14562.7,14.380,152,103,229
2026-07-24T19:30:18Z,-11.6423359,166.9407530,86.8,14577.0,14.280,151,103,230
2026-07-24T19:30:19Z,-11.6424499,166.9408290,85.8,14592.0,14.480,152,104,230
2026-07-24T19:30:20Z,-11.6425689,166.9408929,85.0,14607.0,14.600,152,102,229
2026-07-24T19:30:21Z,-11.6426979,166.9409570,84.2,14622.7,14.940,154,102,229
2026-07-24T19:30:22Z,-11.6428300,166.9410000,83.2,14638.1,15.080,154,102,229
2026-07-24T19:30:23Z,-11.6429640,166.9410320,82.4,14653.4,15.280,152,101,229
2026-07-24T19:30:24Z,-11.6431060,166.9410430,81.6,14669.3,15.460,153,102,230
2026-07-24T19:30:25Z,-11.6432510,166.9410649,81.0,14685.3,15.660,152,100,229
2026-07-24T19:30:26Z,-11.6433930,166.9410649,80.2,14701.0,15.660,151,99,229
2026-07-24T19:30:27Z,-11.6435340,166.9410649,79.4,14716.7,15.720,151,98,229
2026-07-24T19:30:28Z,-11.6436790,166.9410430,78.8,14732.8,15.880,152,97,229
2026-07-24T19:30:29Z,-11.6438250,166.9410110,78.0,14749.1,15.960,152,96,229
2026-07-24T19:30:30Z,-11.6439619,166.9409789,77.2,14764.8,15.900,151,93,228
2026-07-24T19:30:31Z,-11.6441000,166.9409359,76.4,14780.8,15.960,152,92,229
2026-07-24T19:30:32Z,-11.6442319,166.9408710,75.6,14797.0,16.059,151,92,229
2026-07-24T19:30:33Z,-11.6443629,166.9407960,74.8,14813.4,16.120,151,93,230
2026-07-24T19:30:34Z,-11.6444900,166.9407209,74.0,14829.7,16.120,151,93,88
2026-07-24T19:30:35Z,-11.6446109,166.9406459,73.2,14845.9,16.219,151,93,116
2026-07-24T19:30:36Z,-11.6447270,166.9405599,72.4,14862.1,16.260,151,89,230
2026-07-24T19:30:37Z,-11.6448330,166.9404530,71.4,14878.0,16.200,151,92,231
2026-07-24T19:30:38Z,-11.6449259,166.9403459,70.6,14894.3,16.180,151,95,230
2026-07-24T19:30:39Z,-11.6449939,166.9402060,69.8,14911.2,16.300,151,97,229
2026-07-24T19:30:40Z,-11.6450450,166.9400670,69.2,14927.3,16.280,150,98,230
2026-07-24T19:30:41Z,-11.6451070,166.9399169,68.4,14944.2,16.420,150,98,229
2026-07-24T19:30:42Z,-11.6451829,166.9397879,67.6,14960.2,16.440,151,99,230
2026-07-24T19:30:43Z,-11.6452760,166.9396699,66.8,14977.3,16.600,151,98,230
2026-07-24T19:30:44Z,-11.6453589,166.9395630,66.0,14992.8,16.320,149,98,229
2026-07-24T19:30:45Z,-11.6454259,166.9394229,65.2,15009.3,16.400,150,98,229
2026-07-24T19:30:46Z,-11.6454610,166.9392730,64.4,15026.3,16.420,151,97,230
2026-07-24T19:30:47Z,-11.6454689,166.9391229,63.8,15042.2,16.400,151,97,230
2026-07-24T19:30:48Z,-11.6454660,166.9389720,63.2,15058.7,16.280,150,98,229
2026-07-24T19:30:49Z,-11.6454539,166.9388330,62.8,15075.1,16.460,151,98,229
2026-07-24T19:30:50Z,-11.6454330,166.9386830,62.2,15091.8,16.500,150,98,229
2026-07-24T19:30:51Z,-11.6454019,166.9385430,61.6,15107.5,16.239,150,99,229
2026-07-24T19:30:52Z,-11.6453520,166.9383929,61.2,15123.5,16.260,151,98,230
2026-07-24T19:30:53Z,-11.6452699,166.9382860,60.4,15139.2,16.100,152,98,230
2026-07-24T19:30:54Z,-11.6451470,166.9382210,59.8,15154.8,15.940,151,98,230
2026-07-24T19:30:55Z,-11.6450050,166.9382110,59.4,15170.5,15.740,150,98,229
2026-07-24T19:30:56Z,-11.6448640,166.9382110,59.0,15186.2,15.740,152,98,230
2026-07-24T19:30:57Z,-11.6447229,166.9382319,58.8,15202.0,15.700,152,99,229
2026-07-24T19:30:58Z,-11.6445880,166.9382640,58.4,15217.4,15.640,152,99,230
2026-07-24T19:30:59Z,-11.6444519,166.9383179,58.0,15233.1,15.660,151,99,230
2026-07-24T19:31:00Z,-11.6443260,166.9383609,57.8,15248.0,15.500,153,99,230
2026-07-24T19:31:01Z,-11.6442140,166.9384359,57.2,15262.9,15.340,153,99,230
2026-07-24T19:31:02Z,-11.6441440,166.9385430,56.8,15278.0,15.200,153,101,229
2026-07-24T19:31:03Z,-11.6441049,166.9386830,56.2,15292.8,15.080,152,99,229
2026-07-24T19:31:04Z,-11.6440629,166.9388010,55.8,15307.3,14.840,152,99,230
2026-07-24T19:31:05Z,-11.6439790,166.9389079,55.4,15322.0,14.800,152,98,230
2026-07-24T19:31:06Z,-11.6438459,166.9389400,55.2,15337.4,14.900,153,99,229
2026-07-24T19:31:07Z,-11.6437169,166.9389079,55.2,15351.9,14.780,152,100,229
2026-07-24T19:31:08Z,-11.6435940,166.9388760,55.2,15366.2,14.680,153,99,229
2026-07-24T19:31:09Z,-11.6434770,166.9388440,55.2,15379.7,14.480,154,99,229
2026-07-24T19:31:10Z,-11.6433579,166.9388010,55.2,15393.5,14.300,152,98,229
2026-07-24T19:31:11Z,-11.6432390,166.9387690,55.2,15407.4,14.000,153,98,229
2026-07-24T19:31:12Z,-11.6431230,166.9387359,55.2,15420.6,13.740,152,98,228
2026-07-24T19:31:13Z,-11.6430109,166.9386939,55.2,15433.6,13.480,152,96,229
2026-07-24T19:31:14Z,-11.6428989,166.9386609,55.2,15446.5,13.360,152,94,229
2026-07-24T19:31:15Z,-11.6427920,166.9386290,55.2,15458.8,13.060,151,94,229
2026-07-24T19:31:16Z,-11.6426819,166.9386079,55.2,15471.5,12.820,152,93,229
2026-07-24T19:31:17Z,-11.6425770,166.9385759,55.2,15483.6,12.600,153,92,230
2026-07-24T19:31:18Z,-11.6424720,166.9385430,55.2,15495.8,12.440,153,92,229
2026-07-24T19:31:19Z,-11.6423669,166.9385110,55.2,15507.9,12.280,153,91,230
2026-07-24T19:31:20Z,-11.6422610,166.9384680,55.2,15520.1,12.260,151,92,229
2026-07-24T19:31:21Z,-11.6421659,166.9384150,55.2,15532.0,12.100,153,92,230
2026-07-24T19:31:22Z,-11.6420889,166.9383390,55.2,15543.6,12.000,153,91,229
2026-07-24T19:31:23Z,-11.6420339,166.9382540,55.2,15555.4,11.920,151,90,229
2026-07-24T19:31:24Z,-11.6420039,166.9381570,55.2,15566.9,11.800,150,90,229
2026-07-24T19:31:25Z,-11.6419860,166.9380500,55.2,15578.0,11.580,150,90,229
2026-07-24T19:31:26Z,-11.6419420,166.9379640,55.2,15589.6,11.520,152,89,230
2026-07-24T19:31:27Z,-11.6418530,166.9379210,55.2,15600.9,11.460,151,89,231
2026-07-24T19:31:28Z,-11.6417570,166.9378999,55.4,15611.7,11.260,151,90,230
2026-07-24T19:31:29Z,-11.6416550,166.9378999,55.4,15622.9,11.200,150,91,230
2026-07-24T19:31:30Z,-11.6415579,166.9378999,55.4,15633.6,11.120,152,91,228
2026-07-24T19:31:31Z,-11.6414640,166.9379319,55.4,15644.4,10.960,152,90,228
2026-07-24T19:31:32Z,-11.6413719,166.9379640,55.0,15655.5,10.920,152,88,229
2026-07-24T19:31:33Z,-11.6412889,166.9380179,54.4,15666.9,11.040,152,87,229
2026-07-24T19:31:34Z,-11.6412180,166.9381140,53.6,15678.6,11.140,152,87,230
2026-07-24T19:31:35Z,-11.6411530,166.9381889,53.0,15690.5,11.380,151,87,229
2026-07-24T19:31:36Z,-11.6410920,166.9382970,52.2,15703.1,11.740,151,87,229
2026-07-24T19:31:37Z,-11.6410340,166.9384039,51.8,15716.4,12.180,151,87,229
2026-07-24T19:31:38Z,-11.6409880,166.9385110,51.6,15729.4,12.500,150,86,229
2026-07-24T19:31:39Z,-11.6409549,166.9386179,51.6,15742.4,12.760,151,86,230
2026-07-24T19:31:40Z,-11.6409279,166.9387260,51.8,15754.3,12.760,151,87,230
2026-07-24T19:31:41Z,-11.6409020,166.9388440,52.2,15767.2,12.820,152,88,230
2026-07-24T19:31:42Z,-11.6408839,166.9389400,53.0,15778.6,12.440,152,90,230
2026-07-24T19:31:43Z,-11.6408689,166.9390480,53.6,15789.6,12.040,152,92,230
2026-07-24T19:31:44Z,-11.6408559,166.9391330,54.4,15799.7,11.460,151,93,230
2026-07-24T19:31:45Z,-11.6408419,166.9392300,54.8,15809.5,11.040,151,93,230
2026-07-24T19:31:46Z,-11.6408269,166.9393160,55.4,15819.0,10.360,152,93,229
2026-07-24T19:31:47Z,-11.6408109,166.9393910,55.6,15828.2,9.920,152,93,230
2026-07-24T19:31:48Z,-11.6407920,166.9394770,55.6,15836.9,9.460,152,94,230
2026-07-24T19:31:49Z,-11.6407669,166.9395520,55.6,15845.9,9.240,152,95,230
2026-07-24T19:31:50Z,-11.6407379,166.9396269,55.6,15854.7,9.040,153,95,229
2026-07-24T19:31:51Z,-11.6407040,166.9397020,55.4,15863.8,8.960,153,95,229
2026-07-24T19:31:52Z,-11.6406649,166.9397770,55.0,15873.9,9.140,153,96,230
2026-07-24T19:31:53Z,-11.6406280,166.9398739,54.8,15883.5,9.320,153,96,229
2026-07-24T19:31:54Z,-11.6405900,166.9399490,54.4,15893.9,9.600,151,96,229
2026-07-24T19:31:55Z,-11.6405549,166.9400350,54.0,15904.5,9.960,153,96,230
2026-07-24T19:31:56Z,-11.6405270,166.9401419,53.4,15915.6,10.360,153,96,229
2026-07-24T19:31:57Z,-11.6405160,166.9402380,53.0,15926.6,10.540,152,98,230
2026-07-24T19:31:58Z,-11.6405340,166.9403459,52.6,15938.0,10.900,152,97,229
2026-07-24T19:31:59Z,-11.6405829,166.9404319,52.0,15950.0,11.220,153,97,229
2026-07-24T19:32:00Z,-11.6406519,166.9405280,51.6,15962.0,11.500,152,97,229
2026-07-24T19:32:01Z,-11.6407290,166.9406029,51.2,15974.0,11.680,153,96,230
2026-07-24T19:32:02Z,-11.6408170,166.9406779,50.8,15986.8,12.040,151,97,230
2026-07-24T19:32:03Z,-11.6409020,166.9407530,50.4,15999.6,12.320,153,97,230
2026-07-24T19:32:04Z,-11.6409800,166.9408290,50.0,16012.0,12.400,152,98,230
2026-07-24T19:32:05Z,-11.6410490,166.9409359,49.4,16025.2,12.640,152,98,229
2026-07-24T19:32:06Z,-11.6411040,166.9410430,48.8,16038.5,12.900,151,98,230
2026-07-24T19:32:07Z,-11.6411490,166.9411499,48.0,16051.9,13.020,151,99,229
2026-07-24T19:32:08Z,-11.6412060,166.9412679,47.4,16065.5,13.180,151,99,229
2026-07-24T19:32:09Z,-11.6412889,166.9413649,47.2,16079.5,13.500,151,99,229
2026-07-24T19:32:10Z,-11.6413869,166.9414399,47.2,16093.2,13.600,151,99,229
2026-07-24T19:32:11Z,-11.6414930,166.9415040,47.6,16106.8,13.660,150,100,230
2026-07-24T19:32:12Z,-11.6415920,166.9415470,48.0,16119.1,13.440,152,100,229
2026-07-24T19:32:13Z,-11.6416950,166.9415900,48.4,16131.5,13.200,151,100,230
2026-07-24T19:32:14Z,-11.6418010,166.9416440,48.4,16144.0,12.900,152,100,229
2026-07-24T19:32:15Z,-11.6419019,166.9416650,48.4,16155.6,12.480,151,100,229
2026-07-24T19:32:16Z,-11.6420079,166.9416979,48.2,16167.6,12.160,150,99,229
2026-07-24T19:32:17Z,-11.6421130,166.9417190,47.8,16179.5,12.080,151,99,230
2026-07-24T19:32:18Z,-11.6422219,166.9417300,47.2,16191.8,12.060,153,100,230
2026-07-24T19:32:19Z,-11.6423310,166.9417510,46.8,16203.9,11.980,152,100,229
2026-07-24T19:32:20Z,-11.6424450,166.9417620,46.2,16216.6,12.200,153,100,229
2026-07-24T19:32:21Z,-11.6425630,166.9417730,45.6,16229.7,12.420,152,100,229
2026-07-24T19:32:22Z,-11.6426850,166.9417940,45.0,16243.3,12.760,152,100,229
2026-07-24T19:32:23Z,-11.6428040,166.9418050,44.2,16256.7,12.980,153,100,229
2026-07-24T19:32:24Z,-11.6429279,166.9418259,43.6,16270.5,13.320,152,0,0
2026-07-24T19:32:25Z,-11.6430460,166.9418370,43.2,16283.6,13.400,153,0,0
2026-07-24T19:32:26Z,-11.6431689,166.9418480,42.6,16297.3,13.520,152,0,0
2026-07-24T19:32:27Z,-11.6432879,166.9418689,42.0,16310.8,13.500,151,0,0
2026-07-24T19:32:28Z,-11.6434090,166.9419009,41.6,16324.4,13.540,151,0,0
2026-07-24T19:32:29Z,-11.6435299,166.9419119,41.0,16337.7,13.440,151,0,0
2026-07-24T19:32:30Z,-11.6436490,166.9419119,40.6,16351.1,13.500,150,0,0
2026-07-24T19:32:31Z,-11.6437670,166.9419119,40.0,16364.2,13.380,150,0,0
2026-07-24T19:32:32Z,-11.6438899,166.9419009,39.4,16377.9,13.420,150,0,0
2026-07-24T19:32:33Z,-11.6440100,166.9418800,38.8,16391.3,13.380,150,0,0
2026-07-24T19:32:34Z,-11.6441290,166.9418480,38.0,16404.8,13.420,151,0,0
2026-07-24T19:32:35Z,-11.6442459,166.9418259,37.4,16418.1,13.400,150,0,0
2026-07-24T19:32:36Z,-11.6443680,166.9417940,36.8,16432.0,13.560,150,0,0
2026-07-24T19:32:37Z,-11.6444830,166.9417620,36.2,16445.3,13.480,149,0,0
2026-07-24T19:32:38Z,-11.6446050,166.9417300,35.6,16459.2,13.580,149,0,0
2026-07-24T19:32:39Z,-11.6447219,166.9416870,35.0,16472.7,13.580,149,0,0
2026-07-24T19:32:40Z,-11.6448399,166.9416549,34.2,16486.6,13.700,149,0,0
2026-07-24T19:32:41Z,-11.6449529,166.9416119,33.6,16500.1,13.620,149,0,0
2026-07-24T19:32:42Z,-11.6450689,166.9415470,33.0,16514.1,13.760,148,0,0
2026-07-24T19:32:43Z,-11.6451790,166.9414829,32.2,16527.8,13.720,148,0,0
2026-07-24T19:32:44Z,-11.6452890,166.9414290,31.6,16542.0,13.860,147,0,0
2026-07-24T19:32:45Z,-11.6453880,166.9413539,30.8,16556.0,13.880,147,0,0
2026-07-24T19:32:46Z,-11.6454760,166.9412580,30.2,16570.2,14.020,146,0,0
2026-07-24T19:32:47Z,-11.6455490,166.9411499,29.4,16584.1,14.000,146,0,0
2026-07-24T19:32:48Z,-11.6456110,166.9410320,28.8,16598.4,14.120,146,0,0
2026-07-24T19:32:49Z,-11.6456620,166.9409250,28.2,16612.3,14.060,146,0,0
2026-07-24T19:32:50Z,-11.6457080,166.9407960,27.6,16626.4,14.080,145,0,0
2026-07-24T19:32:51Z,-11.6457510,166.9406779,27.0,16640.8,14.120,146,0,0
2026-07-24T19:32:52Z,-11.6457910,166.9405599,26.4,16654.8,14.140,146,0,0
2026-07-24T19:32:53Z,-11.6458309,166.9404319,25.8,16668.8,14.080,144,0,0
2026-07-24T19:32:54Z,-11.6458770,166.9403140,25.2,16682.8,14.100,144,0,0
2026-07-24T19:32:55Z,-11.6459360,166.9401850,24.6,16697.1,14.140,143,0,0
2026-07-24T19:32:56Z,-11.6460039,166.9400780,24.0,16710.8,14.000,144,65,240
2026-07-24T19:32:57Z,-11.6460840,166.9399920,23.4,16725.4,14.120,143,65,65
2026-07-24T19:32:58Z,-11.6461680,166.9398839,22.6,16739.7,14.180,143,65,0
2026-07-24T19:32:59Z,-11.6462489,166.9397770,22.0,16753.9,14.220,143,0,0
2026-07-24T19:33:00Z,-11.6463160,166.9396699,21.4,16768.0,14.180,143,71,149
2026-07-24T19:33:01Z,-11.6463660,166.9395520,20.6,16782.7,14.380,143,72,303
2026-07-24T19:33:02Z,-11.6463980,166.9394229,19.8,16797.2,14.360,143,65,249
2026-07-24T19:33:03Z,-11.6464209,166.9392939,19.0,16812.6,14.580,143,70,232
2026-07-24T19:33:04Z,-11.6464390,166.9391549,18.4,16827.6,14.740,142,74,230
2026-07-24T19:33:05Z,-11.6464450,166.9390150,17.6,16842.6,14.920,142,77,306
2026-07-24T19:33:06Z,-11.6464469,166.9388649,16.8,16858.3,15.120,142,81,298
2026-07-24T19:33:07Z,-11.6464390,166.9387260,16.0,16873.9,15.340,143,85,230
2026-07-24T19:33:08Z,-11.6464140,166.9385860,15.2,16889.6,15.400,143,88,229
2026-07-24T19:33:09Z,-11.6463690,166.9384469,14.4,16905.4,15.560,144,87,229
2026-07-24T19:33:10Z,-11.6463000,166.9383290,13.6,16921.0,15.680,142,87,230
2026-07-24T19:33:11Z,-11.6462130,166.9382110,12.8,16937.0,15.740,142,88,230
2026-07-24T19:33:12Z,-11.6461169,166.9381029,12.2,16953.1,15.840,144,89,230
2026-07-24T19:33:13Z,-11.6460159,166.9379960,11.6,16969.2,15.920,142,90,229
2026-07-24T19:33:14Z,-11.6459169,166.9378889,11.6,16985.0,15.920,144,90,230
2026-07-24T19:33:15Z,-11.6458139,166.9377920,12.0,17000.3,15.860,144,90,230
2026-07-24T19:33:16Z,-11.6457090,166.9377060,12.6,17015.0,15.600,144,90,229
2026-07-24T19:33:17Z,-11.6456070,166.9376309,13.4,17029.0,15.180,145,92,229
2026-07-24T19:33:18Z,-11.6455129,166.9375460,14.0,17042.3,14.620,143,92,230
2026-07-24T19:33:19Z,-11.6454330,166.9374699,14.4,17054.9,13.980,144,92,229
2026-07-24T19:33:20Z,-11.6453670,166.9373849,14.4,17067.3,13.400,144,92,230
2026-07-24T19:33:21Z,-11.6453170,166.9372770,14.2,17079.6,12.920,145,91,229
2026-07-24T19:33:22Z,-11.6452829,166.9371809,13.8,17091.7,12.540,144,91,230
2026-07-24T19:33:23Z,-11.6452520,166.9370630,13.2,17104.1,12.360,144,91,230
2026-07-24T19:33:24Z,-11.6452170,166.9369549,12.6,17117.1,12.440,144,92,229
2026-07-24T19:33:25Z,-11.6451640,166.9368480,12.0,17130.1,12.560,143,92,229
2026-07-24T19:33:26Z,-11.6450910,166.9367519,11.6,17143.3,12.740,143,93,230
2026-07-24T19:33:27Z,-11.6450010,166.9366659,11.2,17156.6,12.980,144,93,230
2026-07-24T19:33:28Z,-11.6449030,166.9366010,10.6,17170.1,13.200,144,93,229
2026-07-24T19:33:29Z,-11.6448010,166.9365260,10.2,17183.4,13.260,145,92,229
2026-07-24T19:33:30Z,-11.6446939,166.9364619,9.8,17197.0,13.380,146,93,229
2026-07-24T19:33:31Z,-11.6445819,166.9364189,9.6,17210.9,13.520,146,93,230
2026-07-24T19:33:32Z,-11.6444740,166.9363550,9.4,17224.3,13.540,146,93,230
2026-07-24T19:33:33Z,-11.6443609,166.9363120,9.2,17237.9,13.560,146,93,230
2026-07-24T19:33:34Z,-11.6442489,166.9362690,9.2,17251.3,13.580,147,92,230
2026-07-24T19:33:35Z,-11.6441370,166.9362260,9.2,17264.2,13.440,146,93,230
2026-07-24T19:33:36Z,-11.6440260,166.9361940,9.2,17277.1,13.240,146,93,229
2026-07-24T19:33:37Z,-11.6439159,166.9361619,9.2,17289.9,13.120,146,93,230
2026-07-24T19:33:38Z,-11.6438090,166.9361189,9.0,17302.5,12.920,146,92,230
2026-07-24T19:33:39Z,-11.6436999,166.9360650,8.4,17315.4,12.820,147,93,229
2026-07-24T19:33:40Z,-11.6435859,166.9360540,8.0,17328.3,12.820,147,92,229
2026-07-24T19:33:41Z,-11.6434670,166.9360439,7.4,17341.5,12.880,148,92,230
2026-07-24T19:33:42Z,-11.6433490,166.9360220,6.8,17354.7,12.960,147,92,229
2026-07-24T19:33:43Z,-11.6432269,166.9360110,6.2,17368.4,13.180,147,92,229
2026-07-24T19:33:44Z,-11.6431060,166.9359790,5.6,17382.1,13.340,147,92,230
2026-07-24T19:33:45Z,-11.6429890,166.9359360,4.8,17396.1,13.560,148,92,229
2026-07-24T19:33:46Z,-11.6428770,166.9358719,4.0,17410.3,13.760,148,92,229
2026-07-24T19:33:47Z,-11.6427770,166.9357970,3.4,17424.4,13.940,147,92,229
2026-07-24T19:33:48Z,-11.6427710,166.9356569,2.6,17439.1,14.140,147,92,230
2026-07-24T19:33:49Z,-11.6428770,166.9355820,2.2,17454.3,14.440,149,92,229
2026-07-24T19:33:50Z,-11.6430030,166.9355930,2.2,17468.6,14.500,148,92,230
2026-07-24T19:33:51Z,-11.6431220,166.9356569,2.2,17482.9,14.520,148,93,230
2026-07-24T19:33:52Z,-11.6432439,166.9356680,2.2,17496.6,14.440,149,94,230
2026-07-24T19:33:53Z,-11.6433699,166.9356569,2.2,17510.6,14.300,149,95,230
2026-07-24T19:33:54Z,-11.6434889,166.9356470,2.2,17523.9,13.920,149,95,229
2026-07-24T19:33:55Z,-11.6436060,166.9356250,2.2,17537.0,13.680,148,96,230
2026-07-24T19:33:56Z,-11.6437210,166.9355930,2.2,17549.9,13.400,149,97,230
2026-07-24T19:33:57Z,-11.6438370,166.9355820,2.2,17563.1,13.300,149,98,230
2026-07-24T19:33:58Z,-11.6439510,166.9355500,2.2,17575.7,13.020,149,98,230
2026-07-24T19:33:59Z,-11.6440619,166.9355500,2.2,17588.2,12.860,149,97,229
2026-07-24T19:34:00Z,-11.6441730,166.9355500,2.2,17600.4,12.680,148,96,230
2026-07-24T19:34:01Z,-11.6442820,166.9355709,2.2,17612.6,12.540,148,98,231
2026-07-24T19:34:02Z,-11.6443890,166.9355930,2.2,17624.8,12.340,149,99,230
2026-07-24T19:34:03Z,-11.6444909,166.9356250,2.2,17636.5,12.160,149,99,229
2026-07-24T19:34:04Z,-11.6445990,166.9356470,2.2,17648.6,12.080,149,100,229
2026-07-24T19:34:05Z,-11.6447030,166.9356569,2.2,17660.3,11.980,148,99,229
2026-07-24T19:34:06Z,-11.6448089,166.9356569,2.2,17672.0,11.880,149,100,229
2026-07-24T19:34:07Z,-11.6449109,166.9356470,2.2,17683.3,11.700,150,100,230
2026-07-24T19:34:08Z,-11.6450129,166.9356250,2.2,17695.0,11.700,149,100,229
2026-07-24T19:34:09Z,-11.6451040,166.9355820,2.2,17706.0,11.480,149,99,228
2026-07-24T19:34:10Z,-11.6451870,166.9355180,2.2,17717.5,11.440,148,96,228
2026-07-24T19:34:11Z,-11.6452520,166.9354429,2.2,17728.9,11.380,149,93,171
2026-07-24T19:34:12Z,-11.6453080,166.9353569,2.2,17740.0,11.340,149,93,229
2026-07-24T19:34:13Z,-11.6453640,166.9352709,2.2,17751.1,11.220,150,91,230
2026-07-24T19:34:14Z,-11.6454190,166.9351849,2.2,17762.0,11.200,148,90,229
2026-07-24T19:34:15Z,-11.6454739,166.9351099,2.2,17772.9,11.080,148,87,230
2026-07-24T19:34:16Z,-11.6455320,166.9350140,2.2,17784.0,11.020,150,88,230
2026-07-24T19:34:17Z,-11.6455869,166.9349379,2.2,17794.7,10.940,149,88,230
2026-07-24T19:34:18Z,-11.6456419,166.9348630,2.2,17805.4,10.860,149,89,230
2026-07-24T19:34:19Z,-11.6456970,166.9347770,2.2,17816.0,10.800,149,89,229
2026-07-24T19:34:20Z,-11.6457520,166.9346919,2.2,17826.8,10.780,149,88,229
2026-07-24T19:34:21Z,-11.6458070,166.9346170,2.2,17837.8,10.760,149,88,230
2026-07-24T19:34:22Z,-11.6458560,166.9345310,2.2,17848.0,10.660,148,87,230
2026-07-24T19:34:23Z,-11.6459110,166.9344560,2.2,17858.6,10.640,149,87,230
2026-07-24T19:34:24Z,-11.6459619,166.9343810,2.2,17869.5,10.700,148,87,230
2026-07-24T19:34:25Z,-11.6459950,166.9342840,2.2,17879.7,10.580,148,87,229
2026-07-24T19:34:26Z,-11.6460070,166.9341980,2.2,17890.1,10.460,148,87,230
2026-07-24T19:34:27Z,-11.6459909,166.9340909,2.2,17901.0,10.600,148,88,230
2026-07-24T19:34:28Z,-11.6459540,166.9340049,2.2,17911.4,10.560,148,88,229
2026-07-24T19:34:29Z,-11.6459049,166.9339189,2.2,17921.8,10.460,149,89,231
2026-07-24T19:34:30Z,-11.6458520,166.9338439,2.2,17932.1,10.480,149,91,231
2026-07-24T19:34:31Z,-11.6458039,166.9337690,2.2,17942.4,10.460,148,94,230
2026-07-24T19:34:32Z,-11.6457599,166.9336719,2.2,17953.0,10.400,147,98,230
2026-07-24T19:34:33Z,-11.6457240,166.9335970,2.2,17963.2,10.360,149,101,229
2026-07-24T19:34:34Z,-11.6456940,166.9335110,2.2,17973.4,10.320,148,102,230
2026-07-24T19:34:35Z,-11.6456690,166.9334149,2.2,17984.0,10.380,149,102,230
2026-07-24T19:34:36Z,-11.6456490,166.9333080,2.2,17994.7,10.460,149,102,229
2026-07-24T19:34:37Z,-11.6456370,166.9332109,2.2,18004.8,10.360,148,104,230
2026-07-24T19:34:38Z,-11.6456309,166.9331249,2.2,18015.3,10.420,149,105,230
2026-07-24T19:34:39Z,-11.6456330,166.9330289,2.2,18025.7,10.460,149,105,229
2026-07-24T19:34:40Z,-11.6456380,166.9329430,2.2,18035.4,10.280,149,105,229
2026-07-24T19:34:41Z,-11.6456490,166.9328460,2.2,18046.2,10.300,148,104,229
2026-07-24T19:34:42Z,-11.6456660,166.9327600,2.2,18056.4,10.320,149,103,228
2026-07-24T19:34:43Z,-11.6456830,166.9326639,2.2,18066.0,10.140,148,100,228
2026-07-24T19:34:44Z,-11.6457080,166.9325779,2.2,18076.5,10.160,150,97,229
2026-07-24T19:34:45Z,-11.6457340,166.9324819,2.2,18086.9,10.300,150,94,200
2026-07-24T19:34:46Z,-11.6457609,166.9323959,2.2,18096.9,10.140,149,94,89
2026-07-24T19:34:47Z,-11.6457910,166.9323209,2.2,18106.9,10.100,149,94,115
2026-07-24T19:34:48Z,-11.6458220,166.9322240,2.2,18117.1,10.220,150,84,124
2026-07-24T19:34:49Z,-11.6458520,166.9321380,2.2,18126.6,10.020,148,82,124
2026-07-24T19:34:50Z,-11.6458889,166.9320520,2.2,18136.6,9.940,148,81,124
2026-07-24T19:34:51Z,-11.6459250,166.9319769,2.2,18146.1,9.840,148,81,124
2026-07-24T19:34:52Z,-11.6459619,166.9319019,2.2,18155.2,9.660,148,80,124
2026-07-24T19:34:53Z,-11.6460029,166.9318270,2.2,18164.7,9.520,147,80,124
2026-07-24T19:34:54Z,-11.6460459,166.9317520,2.2,18174.2,9.520,147,79,124
2026-07-24T19:34:55Z,-11.6460869,166.9316769,2.2,18183.3,9.340,148,76,124
2026-07-24T19:34:56Z,-11.6461290,166.9316120,2.2,18192.3,9.240,148,76,107
2026-07-24T19:34:57Z,-11.6461729,166.9315370,2.2,18201.5,9.260,146,76,107
2026-07-24T19:34:58Z,-11.6462169,166.9314620,2.2,18210.6,9.180,146,78,124
2026-07-24T19:34:59Z,-11.6462599,166.9313980,2.2,18219.4,9.040,146,78,56
2026-07-24T19:35:00Z,-11.6463039,166.9313230,2.2,18228.5,9.040,146,78,71
2026-07-24T19:35:01Z,-11.6463489,166.9312579,2.2,18237.5,9.040,146,76,124
2026-07-24T19:35:02Z,-11.6463939,166.9312050,2.2,18246.1,8.920,146,76,125
2026-07-24T19:35:03Z,-11.6464400,166.9311299,2.2,18254.8,8.840,145,77,124
2026-07-24T19:35:04Z,-11.6464870,166.9310650,2.2,18263.5,8.820,145,78,125
2026-07-24T19:35:05Z,-11.6465339,166.9310009,2.2,18272.1,8.720,145,78,125
2026-07-24T19:35:06Z,-11.6465789,166.9309470,2.2,18280.6,8.620,146,79,125
2026-07-24T19:35:07Z,-11.6466280,166.9308829,2.2,18289.2,8.620,146,80,124
2026-07-24T19:35:08Z,-11.6466760,166.9308190,2.2,18297.7,8.580,146,83,124
2026-07-24T19:35:09Z,-11.6467219,166.9307650,2.2,18306.1,8.520,145,83,124
2026-07-24T19:35:10Z,-11.6467679,166.9307010,2.2,18314.3,8.440,145,83,125
2026-07-24T19:35:11Z,-11.6468150,166.9306360,2.2,18322.9,8.460,144,83,125
2026-07-24T19:35:12Z,-11.6468620,166.9305720,2.2,18331.4,8.440,143,83,125
2026-07-24T19:35:13Z,-11.6469109,166.9305180,2.2,18340.0,8.460,143,84,125
2026-07-24T19:35:14Z,-11.6469590,166.9304539,2.2,18348.2,8.420,142,84,125
2026-07-24T19:35:15Z,-11.6470089,166.9303890,2.2,18356.5,8.440,142,84,124
2026-07-24T19:35:16Z,-11.6470549,166.9303460,2.2,18364.4,8.300,141,84,125
2026-07-24T19:35:17Z,-11.6471060,166.9302819,2.4,18372.9,8.300,140,84,125
2026-07-24T19:35:18Z,-11.6471549,166.9302280,2.4,18380.9,8.180,139,84,125
2026-07-24T19:35:19Z,-11.6472030,166.9301750,2.4,18389.1,8.180,140,84,124
2026-07-24T19:35:20Z,-11.6472470,166.9301209,2.4,18396.9,8.080,139,84,124
2026-07-24T19:35:21Z,-11.6472930,166.9300570,2.4,18405.2,8.160,139,84,124
2026-07-24T19:35:22Z,-11.6473360,166.9299919,2.4,18413.1,8.039,138,85,124
2026-07-24T19:35:23Z,-11.6473790,166.9299390,2.6,18421.1,8.039,137,85,124
2026-07-24T19:35:24Z,-11.6474149,166.9298850,2.6,18428.7,7.920,137,85,125
2026-07-24T19:35:25Z,-11.6474520,166.9298100,2.6,18436.7,7.960,138,86,125
2026-07-24T19:35:26Z,-11.6474849,166.9297560,2.6,18444.4,7.840,137,86,125
2026-07-24T19:35:27Z,-11.6475170,166.9296919,2.6,18452.2,7.820,136,87,125
2026-07-24T19:35:28Z,-11.6475480,166.9296280,2.6,18460.4,7.860,135,87,125
2026-07-24T19:35:29Z,-11.6475729,166.9295739,2.6,18468.0,7.860,135,88,125
2026-07-24T19:35:30Z,-11.6475999,166.9294879,2.6,18476.1,7.880,135,88,124
2026-07-24T19:35:31Z,-11.6476250,166.9294350,2.4,18484.0,7.920,134,89,124
2026-07-24T19:35:32Z,-11.6476500,166.9293589,2.4,18492.1,7.980,134,89,125
2026-07-24T19:35:33Z,-11.6476709,166.9292950,2.4,18499.9,7.900,134,90,125
2026-07-24T19:35:34Z,-11.6476920,166.9292200,2.4,18508.2,8.039,134,90,124
2026-07-24T19:35:35Z,-11.6477129,166.9291449,2.4,18516.0,7.980,133,90,124
2026-07-24T19:35:36Z,-11.6477330,166.9290699,2.4,18524.3,8.060,134,91,125
2026-07-24T19:35:37Z,-11.6477500,166.9290050,2.4,18532.0,7.980,133,91,125
2026-07-24T19:35:38Z,-11.6477690,166.9289299,2.4,18540.1,8.039,133,91,125
2026-07-24T19:35:39Z,-11.6477849,166.9288660,2.6,18548.1,7.980,133,91,124
2026-07-24T19:35:40Z,-11.6477999,166.9287910,2.6,18556.1,8.020,132,91,125
2026-07-24T19:35:41Z,-11.6478120,166.9287160,2.6,18564.1,7.960,132,92,125
2026-07-24T19:35:42Z,-11.6478200,166.9286510,2.8,18571.5,7.900,132,92,125
2026-07-24T19:35:43Z,-11.6478250,166.9285760,2.8,18579.3,7.840,131,92,124
2026-07-24T19:35:44Z,-11.6478309,166.9285119,3.0,18586.7,7.720,131,92,124
2026-07-24T19:35:45Z,-11.6478350,166.9284369,3.0,18594.4,7.660,131,92,125
2026-07-24T19:35:46Z,-11.6478410,166.9283829,3.2,18602.1,7.600,131,92,124
2026-07-24T19:35:47Z,-11.6478439,166.9283079,3.4,18609.3,7.560,131,92,125
2026-07-24T19:35:48Z,-11.6478480,166.9282440,3.4,18616.5,7.440,131,92,125
2026-07-24T19:35:49Z,-11.6478520,166.9281789,3.6,18623.6,7.380,131,92,125
2026-07-24T19:35:50Z,-11.6478589,166.9281150,3.8,18630.3,7.180,131,92,124
2026-07-24T19:35:51Z,-11.6478680,166.9280400,4.0,18637.3,7.040,131,92,124
2026-07-24T19:35:52Z,-11.6478800,166.9279970,4.2,18643.7,6.880,131,93,124
2026-07-24T19:35:53Z,-11.6478950,166.9279329,4.2,18650.0,6.700,131,93,124
2026-07-24T19:35:54Z,-11.6479139,166.9278789,4.4,18656.4,6.560,131,93,124
2026-07-24T19:35:55Z,-11.6479340,166.9278250,4.6,18662.3,6.400,131,93,125
2026-07-24T19:35:56Z,-11.6479569,166.9277820,4.8,18668.2,6.180,130,94,124
2026-07-24T19:35:57Z,-11.6479780,166.9277390,5.0,18673.5,5.960,130,94,124
2026-07-24T19:35:58Z,-11.6480019,166.9276960,5.4,18679.0,5.800,130,94,124
2026-07-24T19:35:59Z,-11.6480260,166.9276639,5.6,18683.9,5.500,130,95,124
2026-07-24T19:36:00Z,-11.6480520,166.9276209,5.8,18689.0,5.340,130,95,125
2026-07-24T19:36:01Z,-11.6480749,166.9275889,6.0,18693.5,5.060,130,95,125
2026-07-24T19:36:02Z,-11.6480990,166.9275570,6.2,18698.0,4.900,130,96,125
2026-07-24T19:36:03Z,-11.6481220,166.9275250,6.4,18702.0,4.600,130,96,125
2026-07-24T19:36:04Z,-11.6481439,166.9274930,6.6,18706.0,4.420,130,96,125
2026-07-24T19:36:05Z,-11.6481670,166.9274599,6.8,18709.8,4.160,131,96,124
2026-07-24T19:36:06Z,-11.6481889,166.9274500,7.0,18713.5,4.000,131,95,125
2026-07-24T19:36:07Z,-11.6482090,166.9274179,7.2,18716.8,3.760,131,94,124
2026-07-24T19:36:08Z,-11.6482299,166.9274070,7.4,18720.2,3.640,131,93,124
2026-07-24T19:36:09Z,-11.6482489,166.9273749,7.4,18723.4,3.480,131,93,124
2026-07-24T19:36:10Z,-11.6482660,166.9273530,7.6,18726.4,3.320,131,92,124
2026-07-24T19:36:11Z,-11.6482850,166.9273420,7.8,18729.4,3.180,132,92,125
2026-07-24T19:36:12Z,-11.6483039,166.9273100,8.0,18732.4,3.120,132,91,124
2026-07-24T19:36:13Z,-11.6483230,166.9272990,8.0,18735.3,3.020,133,91,124
2026-07-24T19:36:14Z,-11.6483390,166.9272780,8.2,18738.1,2.940,134,91,125
2026-07-24T19:36:15Z,-11.6483580,166.9272670,8.4,18741.0,2.920,135,90,125
2026-07-24T19:36:16Z,-11.6483749,166.9272350,8.4,18743.8,2.880,135,90,124
2026-07-24T19:36:17Z,-11.6483929,166.9272240,8.6,18746.6,2.840,133,90,124
2026-07-24T19:36:18Z,-11.6484100,166.9272029,8.6,18749.4,2.820,134,89,125
2026-07-24T19:36:19Z,-11.6484260,166.9271920,8.8,18752.1,2.800,134,89,61
2026-07-24T19:36:20Z,-11.6484420,166.9271599,9.0,18754.7,2.740,135,89,112
2026-07-24T19:36:21Z,-11.6484580,166.9271390,9.0,18757.3,2.700,136,87,125
2026-07-24T19:36:22Z,-11.6484739,166.9271279,9.2,18760.0,2.680,136,88,125
2026-07-24T19:36:23Z,-11.6484929,166.9271169,9.2,18762.8,2.680,136,89,125
2026-07-24T19:36:24Z,-11.6485120,166.9270960,9.4,18765.7,2.720,136,89,125
2026-07-24T19:36:25Z,-11.6485319,166.9270849,9.4,18768.6,2.780,135,89,124
2026-07-24T19:36:26Z,-11.6485530,166.9270530,9.6,18771.7,2.880,135,89,124
2026-07-24T19:36:27Z,-11.6485779,166.9270309,9.6,18775.0,3.000,135,89,125
2026-07-24T19:36:28Z,-11.6486000,166.9270210,9.6,18778.3,3.100,135,88,124
2026-07-24T19:36:29Z,-11.6486270,166.9270100,9.8,18781.8,3.220,135,90,124
2026-07-24T19:36:30Z,-11.6486530,166.9269879,9.8,18785.4,3.360,134,90,125
2026-07-24T19:36:31Z,-11.6486820,166.9269559,9.8,18789.1,3.480,134,91,124
2026-07-24T19:36:32Z,-11.6487120,166.9269449,10.0,18793.1,3.620,134,90,125
2026-07-24T19:36:33Z,-11.6487410,166.9269350,10.0,18797.0,3.740,134,90,124
2026-07-24T19:36:34Z,-11.6487720,166.9269030,10.0,18801.1,3.860,134,91,125
2026-07-24T19:36:35Z,-11.6488020,166.9268810,10.0,18805.3,3.980,134,91,124
2026-07-24T19:36:36Z,-11.6488339,166.9268490,10.2,18809.9,4.160,134,91,125
2026-07-24T19:36:37Z,-11.6488620,166.9268269,10.2,18814.2,4.220,133,92,124
2026-07-24T19:36:38Z,-11.6488909,166.9268060,10.2,18818.6,4.320,133,90,125
2026-07-24T19:36:39Z,-11.6489249,166.9267740,10.4,18823.6,4.500,133,90,124
2026-07-24T19:36:40Z,-11.6489539,166.9267419,10.4,18828.0,4.540,133,90,125
2026-07-24T19:36:41Z,-11.6489870,166.9267200,10.4,18832.9,4.600,133,90,124
2026-07-24T19:36:42Z,-11.6490219,166.9266880,10.6,18838.1,4.780,133,90,125
2026-07-24T19:36:43Z,-11.6490519,166.9266559,10.6,18842.9,4.860,133,90,124
2026-07-24T19:36:44Z,-11.6490860,166.9266239,10.6,18848.0,4.880,133,91,124
2026-07-24T19:36:45Z,-11.6491180,166.9265910,10.6,18852.9,4.980,133,91,124
2026-07-24T19:36:46Z,-11.6491519,166.9265480,10.8,18858.3,5.080,133,91,124
2026-07-24T19:36:47Z,-11.6491860,166.9265160,10.8,18863.5,5.080,133,92,124
2026-07-24T19:36:48Z,-11.6492210,166.9264839,10.8,18868.9,5.200,134,91,125
2026-07-24T19:36:49Z,-11.6492580,166.9264519,10.8,18874.5,5.300,134,91,125
2026-07-24T19:36:50Z,-11.6492910,166.9264089,11.0,18879.7,5.360,133,91,125
2026-07-24T19:36:51Z,-11.6493269,166.9263770,11.0,18885.3,5.400,133,94,124
2026-07-24T19:36:52Z,-11.6493630,166.9263450,11.0,18890.8,5.460,133,92,125
2026-07-24T19:36:53Z,-11.6493999,166.9263020,11.2,18896.4,5.500,133,94,124
2026-07-24T19:36:54Z,-11.6494370,166.9262700,11.2,18902.3,5.560,132,93,125
2026-07-24T19:36:55Z,-11.6494750,166.9262480,11.2,18907.9,5.640,132,93,125
2026-07-24T19:36:56Z,-11.6495099,166.9261939,11.2,18913.4,5.620,132,94,125
2026-07-24T19:36:57Z,-11.6495470,166.9261620,11.4,18919.3,5.700,132,92,124
2026-07-24T19:36:58Z,-11.6495859,166.9261190,11.4,18925.2,5.760,132,92,125
2026-07-24T19:36:59Z,-11.6496210,166.9260870,11.4,18930.8,5.700,131,92,125
2026-07-24T19:37:00Z,-11.6496559,166.9260440,11.6,18936.6,5.740,131,92,124
2026-07-24T19:37:01Z,-11.6496920,166.9260120,11.6,18942.8,5.880,131,92,124
2026-07-24T19:37:02Z,-11.6497259,166.9259690,11.6,18948.7,5.880,131,92,124
2026-07-24T19:37:03Z,-11.6497600,166.9259260,11.6,18954.6,5.880,131,93,125
2026-07-24T19:37:04Z,-11.6497950,166.9258730,11.6,18960.6,5.960,131,92,125
2026-07-24T19:37:05Z,-11.6498360,166.9258509,11.8,18966.9,6.060,131,95,125
2026-07-24T19:37:06Z,-11.6498719,166.9257970,11.8,18972.7,5.980,131,93,124
2026-07-24T19:37:07Z,-11.6499149,166.9257649,12.0,18978.9,6.040,131,93,124
2026-07-24T19:37:08Z,-11.6499550,166.9257440,12.0,18984.8,6.040,131,93,124
2026-07-24T19:37:09Z,-11.6500009,166.9257120,12.2,18990.7,6.020,131,93,124
2026-07-24T19:37:10Z,-11.6500449,166.9256789,12.4,18996.4,5.900,131,92,125
2026-07-24T19:37:11Z,-11.6500930,166.9256580,12.6,19002.2,5.900,131,92,124
2026-07-24T19:37:12Z,-11.6501390,166.9256369,12.8,19007.6,5.740,131,92,124
2026-07-24T19:37:13Z,-11.6501820,166.9256150,13.0,19012.7,5.580,131,92,124
2026-07-24T19:37:14Z,-11.6502230,166.9256039,13.2,19017.6,5.380,131,92,124
2026-07-24T19:37:15Z,-11.6502629,166.9255830,13.4,19022.2,5.160,131,92,124
2026-07-24T19:37:16Z,-11.6503039,166.9255830,13.6,19026.7,4.900,131,92,124
2026-07-24T19:37:17Z,-11.6503400,166.9255720,13.8,19030.8,4.640,131,92,124
2026-07-24T19:37:18Z,-11.6503769,166.9255720,14.0,19035.0,4.460,131,92,125
2026-07-24T19:37:19Z,-11.6504120,166.9255720,14.2,19038.8,4.240,130,95,125
2026-07-24T19:37:20Z,-11.6504430,166.9255720,14.4,19042.3,4.019,130,95,124
2026-07-24T19:37:21Z,-11.6504739,166.9255609,14.6,19045.7,3.800,130,95,124
2026-07-24T19:37:22Z,-11.6505029,166.9255609,14.8,19049.0,3.640,130,95,124
2026-07-24T19:37:23Z,-11.6505319,166.9255609,15.0,19052.1,3.420,130,94,124
2026-07-24T19:37:24Z,-11.6505580,166.9255720,15.2,19055.1,3.260,130,94,124
2026-07-24T19:37:25Z,-11.6505840,166.9255720,15.2,19057.9,3.120,130,94,124
2026-07-24T19:37:26Z,-11.6506110,166.9255720,15.4,19060.7,3.000,130,94,125
2026-07-24T19:37:27Z,-11.6506349,166.9255720,15.6,19063.6,2.920,130,94,124
2026-07-24T19:37:28Z,-11.6506590,166.9255720,15.8,19066.2,2.820,130,93,125
2026-07-24T19:37:29Z,-11.6506830,166.9255830,15.8,19068.9,2.760,130,93,125
2026-07-24T19:37:30Z,-11.6507059,166.9255830,16.0,19071.6,2.740,129,93,125
2026-07-24T19:37:31Z,-11.6507300,166.9255830,16.2,19074.1,2.680,129,93,125
2026-07-24T19:37:32Z,-11.6507520,166.9256039,16.2,19076.7,2.620,129,93,124
2026-07-24T19:37:33Z,-11.6507740,166.9256039,16.4,19079.2,2.600,129,93,125
2026-07-24T19:37:34Z,-11.6507960,166.9256039,16.6,19081.7,2.560,129,93,125
2026-07-24T19:37:35Z,-11.6508170,166.9256150,16.6,19084.2,2.520,129,93,125
2026-07-24T19:37:36Z,-11.6508369,166.9256150,16.8,19086.5,2.480,129,93,125
2026-07-24T19:37:37Z,-11.6508590,166.9256150,17.0,19089.0,2.460,129,93,124
2026-07-24T19:37:38Z,-11.6508799,166.9256369,17.0,19091.5,2.460,129,93,124
2026-07-24T19:37:39Z,-11.6509020,166.9256369,17.2,19093.8,2.420,129,93,125
2026-07-24T19:37:40Z,-11.6509209,166.9256469,17.4,19096.2,2.400,129,90,124
2026-07-24T19:37:41Z,-11.6509410,166.9256469,17.4,19098.5,2.400,129,91,124
2026-07-24T19:37:42Z,-11.6509610,166.9256580,17.6,19100.8,2.360,129,91,124
2026-07-24T19:37:43Z,-11.6509809,166.9256580,17.8,19103.2,2.340,129,91,124
2026-07-24T19:37:44Z,-11.6510000,166.9256789,17.8,19105.6,2.360,130,91,124
2026-07-24T19:37:45Z,-11.6510199,166.9256789,18.0,19107.9,2.340,130,91,124
2026-07-24T19:37:46Z,-11.6510400,166.9256899,18.2,19110.2,2.340,130,91,124
2026-07-24T19:37:47Z,-11.6510590,166.9256899,18.2,19112.5,2.340,130,91,124
2026-07-24T19:37:48Z,-11.6510769,166.9257120,18.4,19114.8,2.320,130,91,125
2026-07-24T19:37:49Z,-11.6510980,166.9257120,18.6,19117.2,2.320,130,91,124
2026-07-24T19:37:50Z,-11.6511160,166.9257219,18.6,19119.4,2.300,130,91,124
2026-07-24T19:37:51Z,-11.6511349,166.9257440,18.8,19121.8,2.320,130,91,124
2026-07-24T19:37:52Z,-11.6511550,166.9257440,19.0,19124.1,2.320,130,91,125
2026-07-24T19:37:53Z,-11.6511740,166.9257550,19.0,19126.5,2.340,130,93,125
2026-07-24T19:37:54Z,-11.6511939,166.9257550,19.2,19128.9,2.340,130,93,124
2026-07-24T19:37:55Z,-11.6512130,166.9257649,19.4,19131.3,2.380,130,93,125
2026-07-24T19:37:56Z,-11.6512320,166.9257870,19.4,19133.7,2.380,130,93,125
2026-07-24T19:37:57Z,-11.6512519,166.9257870,19.6,19136.1,2.400,130,94,124
2026-07-24T19:37:58Z,-11.6512720,166.9257970,19.6,19138.5,2.400,130,94,124
2026-07-24T19:37:59Z,-11.6512920,166.9258189,19.8,19141.0,2.420,130,94,124
2026-07-24T19:38:00Z,-11.6513119,166.9258189,20.0,19143.5,2.440,130,93,125
2026-07-24T19:38:01Z,-11.6513320,166.9258300,20.0,19146.0,2.460,130,93,124
2026-07-24T19:38:02Z,-11.6513539,166.9258509,20.2,19148.6,2.500,130,94,124
2026-07-24T19:38:03Z,-11.6513740,166.9258509,20.2,19151.2,2.540,130,92,124
2026-07-24T19:38:04Z,-11.6513939,166.9258619,20.4,19153.8,2.560,130,92,124
2026-07-24T19:38:05Z,-11.6514150,166.9258730,20.6,19156.4,2.580,130,93,124
2026-07-24T19:38:06Z,-11.6514350,166.9258939,20.6,19159.1,2.620,130,92,125
2026-07-24T19:38:07Z,-11.6514580,166.9258939,20.8,19161.8,2.640,130,92,125
2026-07-24T19:38:08Z,-11.6514809,166.9259049,20.8,19164.6,2.680,129,92,124
2026-07-24T19:38:09Z,-11.6515030,166.9259260,21.0,19167.4,2.720,129,93,124
2026-07-24T19:38:10Z,-11.6515279,166.9259369,21.0,19170.4,2.800,129,93,124
2026-07-24T19:38:11Z,-11.6515510,166.9259580,21.2,19173.4,2.860,129,93,125
2026-07-24T19:38:12Z,-11.6515750,166.9259580,21.2,19176.5,2.940,129,93,125
2026-07-24T19:38:13Z,-11.6515989,166.9259690,21.4,19179.5,2.980,130,92,125
2026-07-24T19:38:14Z,-11.6516249,166.9259799,21.4,19182.8,3.080,130,92,124
2026-07-24T19:38:15Z,-11.6516500,166.9260010,21.6,19186.2,3.160,129,92,125
2026-07-24T19:38:16Z,-11.6516770,166.9260330,21.6,19189.7,3.260,129,92,124
2026-07-24T19:38:17Z,-11.6517040,166.9260440,21.6,19193.3,3.360,129,91,124
2026-07-24T19:38:18Z,-11.6517320,166.9260550,21.8,19197.2,3.540,129,92,125
2026-07-24T19:38:19Z,-11.6517600,166.9260870,21.8,19201.0,3.640,129,92,125
2026-07-24T19:38:20Z,-11.6517900,166.9261089,21.8,19205.2,3.800,129,92,124
2026-07-24T19:38:21Z,-11.6518190,166.9261410,21.8,19209.3,3.920,129,92,124
2026-07-24T19:38:22Z,-11.6518510,166.9261519,21.8,19213.8,4.100,129,92,125
2026-07-24T19:38:23Z,-11.6518849,166.9261840,21.8,19218.5,4.260,129,92,125
2026-07-24T19:38:24Z,-11.6519180,166.9262160,22.0,19223.3,4.460,129,93,124
2026-07-24T19:38:25Z,-11.6519549,166.9262270,22.0,19228.1,4.580,129,93,124
2026-07-24T19:38:26Z,-11.6519910,166.9262590,22.0,19233.2,4.780,128,92,125
2026-07-24T19:38:27Z,-11.6520309,166.9262910,22.0,19238.5,4.940,128,92,124
2026-07-24T19:38:28Z,-11.6520729,166.9263229,22.0,19243.9,5.080,128,92,124
2026-07-24T19:38:29Z,-11.6521149,166.9263340,22.0,19249.4,5.220,128,92,124
2026-07-24T19:38:30Z,-11.6521620,166.9263659,22.0,19255.0,5.380,128,92,124
2026-07-24T19:38:31Z,-11.6522120,166.9263770,22.0,19260.7,5.500,129,92,124
2026-07-24T19:38:32Z,-11.6522620,166.9263659,22.0,19266.3,5.560,131,92,124
2026-07-24T19:38:33Z,-11.6523179,166.9263659,22.0,19272.6,5.740,131,92,125
2026-07-24T19:38:34Z,-11.6523640,166.9263340,22.0,19278.6,5.840,130,92,124
2026-07-24T19:38:35Z,-11.6523999,166.9262910,22.2,19284.8,5.960,129,91,125
2026-07-24T19:38:36Z,-11.6524270,166.9262480,22.6,19290.6,5.980,128,91,125
2026-07-24T19:38:37Z,-11.6524479,166.9261939,22.8,19296.3,6.000,128,92,125
2026-07-24T19:38:38Z,-11.6524670,166.9261519,23.0,19301.5,5.780,128,92,125
2026-07-24T19:38:39Z,-11.6524830,166.9261089,23.2,19306.4,5.560,128,92,125
2026-07-24T19:38:40Z,-11.6524990,166.9260760,23.6,19311.1,5.260,128,90,124
2026-07-24T19:38:41Z,-11.6525110,166.9260330,23.8,19315.4,4.960,128,91,125
2026-07-24T19:38:42Z,-11.6525220,166.9260010,24.0,19319.5,4.640,128,92,125
2026-07-24T19:38:43Z,-11.6525329,166.9259690,24.2,19323.3,4.360,128,93,125
2026-07-24T19:38:44Z,-11.6525420,166.9259260,24.4,19326.9,4.100,129,93,125
2026-07-24T19:38:45Z,-11.6525510,166.9259049,24.6,19330.3,3.840,129,92,124
2026-07-24T19:38:46Z,-11.6525609,166.9258730,24.8,19333.6,3.640,129,95,125
2026-07-24T19:38:47Z,-11.6525690,166.9258509,25.0,19336.7,3.440,129,91,125
2026-07-24T19:38:48Z,-11.6525749,166.9258189,25.0,19339.6,3.260,129,91,124
2026-07-24T19:38:49Z,-11.6525820,166.9257970,25.2,19342.5,3.120,129,91,124
2026-07-24T19:38:50Z,-11.6525889,166.9257649,25.4,19345.3,3.000,129,91,124
2026-07-24T19:38:51Z,-11.6525960,166.9257440,25.6,19348.0,2.880,128,91,125
2026-07-24T19:38:52Z,-11.6526010,166.9257219,25.6,19350.8,2.820,128,91,124
2026-07-24T19:38:53Z,-11.6526080,166.9256899,25.8,19353.4,2.760,128,91,124
2026-07-24T19:38:54Z,-11.6526140,166.9256789,26.0,19356.0,2.700,129,91,124
2026-07-24T19:38:55Z,-11.6526209,166.9256469,26.0,19358.6,2.660,129,90,125
2026-07-24T19:38:56Z,-11.6526260,166.9256369,26.2,19361.2,2.640,128,89,124
2026-07-24T19:38:57Z,-11.6526329,166.9256039,26.4,19363.8,2.600,128,89,125
2026-07-24T19:38:58Z,-11.6526380,166.9255830,26.4,19366.4,2.600,128,90,124
2026-07-24T19:38:59Z,-11.6526449,166.9255609,26.6,19369.0,2.600,128,90,124
2026-07-24T19:39:00Z,-11.6526520,166.9255400,26.6,19371.8,2.640,128,90,124
2026-07-24T19:39:01Z,-11.6526589,166.9255080,26.8,19374.4,2.640,128,90,124
2026-07-24T19:39:02Z,-11.6526650,166.9254759,27.0,19377.2,2.680,128,90,124
2026-07-24T19:39:03Z,-11.6526730,166.9254650,27.0,19379.9,2.700,128,90,125
2026-07-24T19:39:04Z,-11.6526800,166.9254329,27.2,19382.7,2.740,128,90,124
2026-07-24T19:39:05Z,-11.6526879,166.9254220,27.2,19385.6,2.760,128,90,124
2026-07-24T19:39:06Z,-11.6526970,166.9253899,27.4,19388.6,2.840,128,90,124
2026-07-24T19:39:07Z,-11.6527059,166.9253580,27.4,19391.6,2.880,128,90,124
2026-07-24T19:39:08Z,-11.6527140,166.9253469,27.6,19394.5,2.920,128,90,125
2026-07-24T19:39:09Z,-11.6527230,166.9253149,27.6,19397.6,2.980,128,91,125
2026-07-24T19:39:10Z,-11.6527319,166.9252820,27.8,19400.8,3.040,128,92,124
2026-07-24T19:39:11Z,-11.6527400,166.9252500,27.8,19404.1,3.100,128,91,124
2026-07-24T19:39:12Z,-11.6527499,166.9252179,28.0,19407.4,3.160,128,91,125
2026-07-24T19:39:13Z,-11.6527590,166.9251859,28.0,19410.7,3.240,128,91,125
2026-07-24T19:39:14Z,-11.6527700,166.9251640,28.2,19414.3,3.340,128,91,125
2026-07-24T19:39:15Z,-11.6527789,166.9251319,28.2,19417.8,3.400,128,91,124
2026-07-24T19:39:16Z,-11.6527899,166.9250999,28.4,19421.6,3.500,127,91,125
2026-07-24T19:39:17Z,-11.6528010,166.9250680,28.4,19425.2,3.560,128,91,124
2026-07-24T19:39:18Z,-11.6528110,166.9250360,28.4,19429.0,3.660,128,91,125
2026-07-24T19:39:19Z,-11.6528219,166.9250039,28.6,19433.0,3.740,128,91,124
2026-07-24T19:39:20Z,-11.6528329,166.9249609,28.6,19437.0,3.840,128,91,125
2026-07-24T19:39:21Z,-11.6528420,166.9249279,28.8,19441.1,3.900,128,90,125
2026-07-24T19:39:22Z,-11.6528520,166.9248960,28.8,19445.2,4.000,129,90,62
2026-07-24T19:39:23Z,-11.6528619,166.9248530,28.8,19449.2,4.040,129,90,39
2026-07-24T19:39:24Z,-11.6528759,166.9248210,29.0,19453.0,4.000,128,90,102
2026-07-24T19:39:25Z,-11.6528880,166.9247890,29.0,19456.9,3.980,128,88,125
2026-07-24T19:39:26Z,-11.6529000,166.9247670,29.2,19461.0,3.980,128,90,125
2026-07-24T19:39:27Z,-11.6529150,166.9247139,29.2,19465.2,4.000,127,91,125
2026-07-24T19:39:28Z,-11.6529270,166.9246820,29.2,19469.4,4.040,127,92,125
2026-07-24T19:39:29Z,-11.6529400,166.9246600,29.4,19473.6,4.120,127,93,124
2026-07-24T19:39:30Z,-11.6529540,166.9246070,29.4,19477.9,4.200,127,93,124
2026-07-24T19:39:31Z,-11.6529670,166.9245849,29.6,19482.1,4.220,127,92,124
2026-07-24T19:39:32Z,-11.6529799,166.9245310,29.6,19486.6,4.280,126,92,125
2026-07-24T19:39:33Z,-11.6529939,166.9244989,29.8,19490.8,4.280,126,92,124
2026-07-24T19:39:34Z,-11.6530100,166.9244780,30.0,19495.1,4.300,126,92,125
2026-07-24T19:39:35Z,-11.6530229,166.9244239,30.0,19499.1,4.240,126,92,125
2026-07-24T19:39:36Z,-11.6530390,166.9243920,30.2,19503.4,4.260,127,92,124
2026-07-24T19:39:37Z,-11.6530560,166.9243709,30.4,19507.6,4.200,127,92,125
2026-07-24T19:39:38Z,-11.6530700,166.9243379,30.4,19511.6,4.160,127,92,124
2026-07-24T19:39:39Z,-11.6530840,166.9242849,30.6,19515.4,4.059,127,92,125
2026-07-24T19:39:40Z,-11.6530980,166.9242630,30.8,19519.3,4.040,127,92,125
2026-07-24T19:39:41Z,-11.6531130,166.9242310,30.8,19523.3,3.980,127,92,124
2026-07-24T19:39:42Z,-11.6531270,166.9241989,31.0,19526.9,3.860,127,92,124
2026-07-24T19:39:43Z,-11.6531400,166.9241669,31.2,19530.7,3.820,127,92,125
2026-07-24T19:39:44Z,-11.6531550,166.9241340,31.4,19534.5,3.820,127,93,125
2026-07-24T19:39:45Z,-11.6531679,166.9241020,31.4,19538.0,3.740,127,94,125
2026-07-24T19:39:46Z,-11.6531830,166.9240809,31.6,19541.5,3.640,128,95,138
2026-07-24T19:39:47Z,-11.6531959,166.9240490,31.8,19545.1,3.640,128,97,216
2026-07-24T19:39:48Z,-11.6532109,166.9240160,31.8,19548.9,3.640,128,97,239
2026-07-24T19:39:49Z,-11.6532270,166.9239840,32.0,19552.9,3.680,128,97,240
2026-07-24T19:39:50Z,-11.6532450,166.9239519,32.2,19557.2,3.840,129,97,239
2026-07-24T19:39:51Z,-11.6532629,166.9239089,32.4,19561.7,4.040,129,96,239
2026-07-24T19:39:52Z,-11.6532819,166.9238769,32.6,19566.3,4.240,130,95,239
2026-07-24T19:39:53Z,-11.6533010,166.9238450,32.8,19570.8,4.380,130,95,239
2026-07-24T19:39:54Z,-11.6533239,166.9238020,33.0,19575.7,4.560,130,94,240
2026-07-24T19:39:55Z,-11.6533440,166.9237590,33.2,19580.5,4.660,130,94,239
2026-07-24T19:39:56Z,-11.6533669,166.9237270,33.2,19585.4,4.740,130,95,240
2026-07-24T19:39:57Z,-11.6533910,166.9236840,33.4,19590.5,4.840,131,95,239
2026-07-24T19:39:58Z,-11.6534150,166.9236519,33.6,19595.7,4.980,131,95,239
2026-07-24T19:39:59Z,-11.6534399,166.9235980,33.8,19601.1,5.080,132,95,240
2026-07-24T19:40:00Z,-11.6534699,166.9235550,34.0,19606.8,5.260,132,95,239
2026-07-24T19:40:01Z,-11.6534949,166.9235120,34.0,19612.1,5.340,132,95,240
2026-07-24T19:40:02Z,-11.6535249,166.9234800,34.2,19617.8,5.460,133,95,240
2026-07-24T19:40:03Z,-11.6535559,166.9234370,34.4,19623.7,5.600,133,96,240
2026-07-24T19:40:04Z,-11.6535849,166.9233940,34.4,19629.5,5.680,133,97,240
2026-07-24T19:40:05Z,-11.6536160,166.9233410,34.6,19635.5,5.740,133,98,239
2026-07-24T19:40:06Z,-11.6536500,166.9232980,34.6,19642.0,5.980,134,98,240
2026-07-24T19:40:07Z,-11.6536829,166.9232550,34.8,19648.1,6.060,134,98,239
2026-07-24T19:40:08Z,-11.6537190,166.9232120,34.8,19654.7,6.200,134,97,239
2026-07-24T19:40:09Z,-11.6537559,166.9231579,35.0,19661.3,6.360,136,97,240
2026-07-24T19:40:10Z,-11.6537940,166.9231049,35.0,19668.1,6.520,136,97,240
2026-07-24T19:40:11Z,-11.6538360,166.9230510,35.0,19675.2,6.640,136,97,240
2026-07-24T19:40:12Z,-11.6538760,166.9230080,35.2,19682.1,6.800,137,97,240
2026-07-24T19:40:13Z,-11.6539220,166.9229650,35.2,19689.3,6.920,136,97,240
2026-07-24T19:40:14Z,-11.6539670,166.9229110,35.4,19696.7,7.080,136,98,239
2026-07-24T19:40:15Z,-11.6540170,166.9228680,35.4,19704.2,7.220,136,98,240
2026-07-24T19:40:16Z,-11.6540650,166.9228260,35.6,19711.5,7.260,137,99,240
2026-07-24T19:40:17Z,-11.6541190,166.9227830,35.8,19719.1,7.400,138,100,239
2026-07-24T19:40:18Z,-11.6541699,166.9227289,35.8,19726.4,7.420,138,99,239
2026-07-24T19:40:19Z,-11.6542260,166.9226859,36.0,19734.1,7.480,138,99,239
2026-07-24T19:40:20Z,-11.6542830,166.9226540,36.2,19741.6,7.480,138,98,240
2026-07-24T19:40:21Z,-11.6543380,166.9226110,36.4,19748.8,7.460,140,98,239
2026-07-24T19:40:22Z,-11.6543950,166.9225790,36.4,19756.3,7.440,139,97,239
2026-07-24T19:40:23Z,-11.6544560,166.9225470,36.6,19763.9,7.500,140,96,239
2026-07-24T19:40:24Z,-11.6545159,166.9225250,36.8,19771.5,7.480,140,96,239
2026-07-24T19:40:25Z,-11.6545739,166.9224930,37.0,19778.6,7.400,140,96,239
2026-07-24T19:40:26Z,-11.6546370,166.9224610,37.2,19786.1,7.460,141,95,239
2026-07-24T19:40:27Z,-11.6547000,166.9224289,37.2,19793.7,7.480,140,95,240
2026-07-24T19:40:28Z,-11.6547650,166.9224180,37.4,19801.4,7.500,141,97,240
2026-07-24T19:40:29Z,-11.6548260,166.9223959,37.6,19808.5,7.400,142,98,240
2026-07-24T19:40:30Z,-11.6548929,166.9223640,37.8,19816.1,7.500,143,99,239
2026-07-24T19:40:31Z,-11.6549609,166.9223539,38.0,19823.8,7.540,142,100,240
2026-07-24T19:40:32Z,-11.6550240,166.9223539,38.0,19830.9,7.440,141,101,240
2026-07-24T19:40:33Z,-11.6550909,166.9223320,38.2,19838.4,7.400,141,103,240
2026-07-24T19:40:34Z,-11.6551600,166.9223320,38.4,19845.9,7.480,143,101,240
2026-07-24T19:40:35Z,-11.6552250,166.9223539,38.6,19853.2,7.420,143,100,239
2026-07-24T19:40:36Z,-11.6552909,166.9223539,38.8,19860.6,7.360,144,99,239
2026-07-24T19:40:37Z,-11.6553580,166.9223640,39.0,19868.1,7.440,143,98,240
2026-07-24T19:40:38Z,-11.6554200,166.9223859,39.0,19875.0,7.320,143,99,239
2026-07-24T19:40:39Z,-11.6554829,166.9223959,39.2,19882.5,7.320,143,97,239
2026-07-24T19:40:40Z,-11.6555460,166.9224289,39.2,19889.9,7.340,144,97,239
2026-07-24T19:40:41Z,-11.6556119,166.9224610,39.4,19897.8,7.440,144,97,240
2026-07-24T19:40:42Z,-11.6556720,166.9224930,39.4,19905.4,7.460,145,97,240
2026-07-24T19:40:43Z,-11.6557310,166.9225250,39.4,19913.0,7.600,145,97,239
2026-07-24T19:40:44Z,-11.6557939,166.9225680,39.2,19921.4,7.780,145,95,239
2026-07-24T19:40:45Z,-11.6558529,166.9226110,39.2,19929.7,7.960,146,95,239
2026-07-24T19:40:46Z,-11.6559160,166.9226540,39.2,19938.4,8.119,145,94,239
2026-07-24T19:40:47Z,-11.6559750,166.9227180,39.0,19947.2,8.360,145,94,239
2026-07-24T19:40:48Z,-11.6560370,166.9227830,38.8,19956.5,8.700,146,94,240
2026-07-24T19:40:49Z,-11.6560969,166.9228260,38.8,19965.9,8.900,146,94,239
2026-07-24T19:40:50Z,-11.6561600,166.9229009,38.6,19975.8,9.220,146,94,239
2026-07-24T19:40:51Z,-11.6562259,166.9229650,38.4,19986.0,9.520,146,94,239
2026-07-24T19:40:52Z,-11.6562920,166.9230189,38.2,19996.3,9.820,147,93,240
2026-07-24T19:40:53Z,-11.6563569,166.9231049,38.0,20006.4,9.980,147,93,240
2026-07-24T19:40:54Z,-11.6564269,166.9231800,37.8,20017.8,10.380,147,93,240
2026-07-24T19:40:55Z,-11.6564889,166.9232329,37.6,20028.2,10.480,147,94,240
2026-07-24T19:40:56Z,-11.6565530,166.9233080,37.4,20039.4,10.680,147,94,239
2026-07-24T19:40:57Z,-11.6566130,166.9233940,37.2,20049.9,10.720,146,93,240
2026-07-24T19:40:58Z,-11.6566810,166.9234800,36.8,20061.7,11.060,147,93,240
2026-07-24T19:40:59Z,-11.6567459,166.9235550,36.6,20073.0,11.040,147,93,240
2026-07-24T19:41:00Z,-11.6568130,166.9236300,36.4,20084.7,11.300,148,93,240
2026-07-24T19:41:01Z,-11.6568800,166.9237049,36.0,20095.5,11.220,148,94,240
2026-07-24T19:41:02Z,-11.6569580,166.9237909,35.8,20107.7,11.560,147,95,239
2026-07-24T19:41:03Z,-11.6570390,166.9238659,35.6,20119.6,11.580,147,95,239
2026-07-24T19:41:04Z,-11.6571219,166.9239410,35.2,20131.6,11.720,147,95,239
2026-07-24T19:41:05Z,-11.6572039,166.9239949,35.0,20143.2,11.700,147,94,240
2026-07-24T19:41:06Z,-11.6572919,166.9240590,34.8,20155.4,11.980,147,94,239
2026-07-24T19:41:07Z,-11.6573820,166.9241340,34.4,20167.5,11.960,148,95,240
2026-07-24T19:41:08Z,-11.6574659,166.9241989,34.2,20179.2,11.920,149,95,239
2026-07-24T19:41:09Z,-11.6575600,166.9242630,34.0,20191.8,12.040,150,95,240
2026-07-24T19:41:10Z,-11.6576490,166.9243170,33.8,20204.1,12.180,149,95,239
2026-07-24T19:41:11Z,-11.6577369,166.9243920,33.8,20216.4,12.200,148,95,240
2026-07-24T19:41:12Z,-11.6578200,166.9244559,33.6,20228.1,12.120,148,95,240
2026-07-24T19:41:13Z,-11.6579089,166.9245310,33.6,20240.2,12.200,150,95,240
2026-07-24T19:41:14Z,-11.6579930,166.9245959,33.8,20251.7,11.980,149,97,239
2026-07-24T19:41:15Z,-11.6580819,166.9246600,33.8,20263.8,11.940,149,97,240
2026-07-24T19:41:16Z,-11.6581660,166.9247139,33.8,20275.6,11.840,149,97,239
2026-07-24T19:41:17Z,-11.6582460,166.9247780,33.8,20286.8,11.740,148,96,239
2026-07-24T19:41:18Z,-11.6583210,166.9248530,34.0,20297.9,11.540,149,95,239
2026-07-24T19:41:19Z,-11.6583900,166.9249179,34.0,20308.8,11.420,148,96,240
2026-07-24T19:41:20Z,-11.6584579,166.9249930,34.0,20319.9,11.220,148,96,239
2026-07-24T19:41:21Z,-11.6585210,166.9250790,34.0,20331.0,11.080,150,96,239
2026-07-24T19:41:22Z,-11.6585800,166.9251640,33.8,20341.9,11.020,150,97,239
2026-07-24T19:41:23Z,-11.6586370,166.9252400,33.8,20353.0,11.020,150,97,239
2026-07-24T19:41:24Z,-11.6586910,166.9253250,33.6,20364.0,11.040,148,96,240
2026-07-24T19:41:25Z,-11.6587420,166.9254220,33.6,20375.0,11.020,150,94,239
2026-07-24T19:41:26Z,-11.6587899,166.9254970,33.4,20386.2,11.040,148,95,239
2026-07-24T19:41:27Z,-11.6588339,166.9255830,33.4,20397.1,11.040,147,94,239
2026-07-24T19:41:28Z,-11.6588759,166.9256789,33.4,20408.0,11.000,149,94,239
2026-07-24T19:41:29Z,-11.6589149,166.9257649,33.6,20419.2,11.040,149,94,240
2026-07-24T19:41:30Z,-11.6589479,166.9258619,33.8,20430.0,11.000,148,93,240
2026-07-24T19:41:31Z,-11.6589769,166.9259580,33.8,20440.5,10.860,148,93,239
2026-07-24T19:41:32Z,-11.6590009,166.9260440,34.0,20450.9,10.760,148,93,239
2026-07-24T19:41:33Z,-11.6590220,166.9261410,34.2,20461.0,10.600,149,92,239
2026-07-24T19:41:34Z,-11.6590410,166.9262270,34.6,20471.0,10.360,148,91,239
2026-07-24T19:41:35Z,-11.6590580,166.9263229,34.8,20481.2,10.240,147,91,239
2026-07-24T19:41:36Z,-11.6590759,166.9264089,35.0,20490.8,10.060,147,92,240
2026-07-24T19:41:37Z,-11.6590919,166.9264839,35.2,20499.8,9.780,147,92,239
2026-07-24T19:41:38Z,-11.6591080,166.9265809,35.6,20508.8,9.560,147,91,239
2026-07-24T19:41:39Z,-11.6591270,166.9266559,35.8,20518.2,9.440,147,91,240
2026-07-24T19:41:40Z,-11.6591469,166.9267310,36.2,20527.1,9.180,148,93,240
2026-07-24T19:41:41Z,-11.6591660,166.9268060,36.4,20535.2,8.880,148,93,240
2026-07-24T19:41:42Z,-11.6591860,166.9268810,36.8,20543.3,8.700,148,94,239
2026-07-24T19:41:43Z,-11.6592029,166.9269449,37.2,20551.4,8.520,148,95,239
2026-07-24T19:41:44Z,-11.6592209,166.9270210,37.6,20558.7,8.100,147,94,239
2026-07-24T19:41:45Z,-11.6592380,166.9270849,38.0,20566.1,7.800,149,95,240
2026-07-24T19:41:46Z,-11.6592530,166.9271390,38.2,20572.9,7.540,148,94,240
2026-07-24T19:41:47Z,-11.6592700,166.9272029,38.6,20579.6,7.260,148,94,239
2026-07-24T19:41:48Z,-11.6592860,166.9272670,39.0,20586.3,6.980,147,93,239
2026-07-24T19:41:49Z,-11.6593020,166.9273100,39.2,20592.6,6.780,147,93,239
2026-07-24T19:41:50Z,-11.6593199,166.9273749,39.6,20598.6,6.500,147,96,239
2026-07-24T19:41:51Z,-11.6593349,166.9274179,39.8,20604.3,6.280,148,97,239
2026-07-24T19:41:52Z,-11.6593520,166.9274599,40.2,20610.3,6.140,147,96,240
2026-07-24T19:41:53Z,-11.6593680,166.9275140,40.4,20615.9,5.920,149,95,240
2026-07-24T19:41:54Z,-11.6593860,166.9275680,40.6,20621.7,5.820,148,95,239
2026-07-24T19:41:55Z,-11.6594030,166.9276209,40.8,20627.0,5.680,147,95,239
2026-07-24T19:41:56Z,-11.6594219,166.9276639,41.0,20632.8,5.700,147,95,240
2026-07-24T19:41:57Z,-11.6594420,166.9277069,41.2,20638.1,5.560,147,94,239
2026-07-24T19:41:58Z,-11.6594619,166.9277499,41.4,20643.8,5.580,147,93,239
2026-07-24T19:41:59Z,-11.6594860,166.9278039,41.4,20649.9,5.640,149,93,240
2026-07-24T19:42:00Z,-11.6595079,166.9278469,41.6,20655.4,5.680,147,95,241
2026-07-24T19:42:01Z,-11.6595330,166.9278899,41.8,20661.2,5.680,147,97,240
2026-07-24T19:42:02Z,-11.6595590,166.9279540,42.0,20667.5,5.880,147,97,239
2026-07-24T19:42:03Z,-11.6595840,166.9279970,42.0,20673.4,5.920,147,97,239
2026-07-24T19:42:04Z,-11.6596110,166.9280400,42.2,20679.7,5.960,147,98,240
2026-07-24T19:42:05Z,-11.6596359,166.9280929,42.4,20685.9,6.100,147,99,239
2026-07-24T19:42:06Z,-11.6596629,166.9281470,42.4,20692.2,6.200,148,99,240
2026-07-24T19:42:07Z,-11.6596910,166.9282010,42.6,20698.9,6.280,148,99,239
2026-07-24T19:42:08Z,-11.6597170,166.9282539,42.6,20705.4,6.400,148,99,240
2026-07-24T19:42:09Z,-11.6597410,166.9283079,42.8,20711.9,6.440,149,99,239
2026-07-24T19:42:10Z,-11.6597649,166.9283620,42.8,20719.0,6.620,149,100,241
2026-07-24T19:42:11Z,-11.6597880,166.9284259,43.0,20725.9,6.740,147,101,240
2026-07-24T19:42:12Z,-11.6598109,166.9284900,43.0,20733.3,6.880,147,101,239
2026-07-24T19:42:13Z,-11.6598310,166.9285440,43.0,20740.3,6.980,147,101,240
2026-07-24T19:42:14Z,-11.6598509,166.9286080,43.2,20747.6,7.140,150,101,239
2026-07-24T19:42:15Z,-11.6598720,166.9286839,43.2,20755.1,7.220,148,101,240
2026-07-24T19:42:16Z,-11.6598939,166.9287480,43.2,20762.8,7.380,148,102,240
2026-07-24T19:42:17Z,-11.6599140,166.9288230,43.4,20770.8,7.500,149,102,239
2026-07-24T19:42:18Z,-11.6599310,166.9288869,43.4,20778.8,7.700,149,102,239
2026-07-24T19:42:19Z,-11.6599470,166.9289620,43.4,20786.4,7.760,149,101,240
2026-07-24T19:42:20Z,-11.6599640,166.9290380,43.2,20794.7,7.920,148,101,239
2026-07-24T19:42:21Z,-11.6599760,166.9291129,43.2,20803.1,8.060,149,101,239
2026-07-24T19:42:22Z,-11.6599850,166.9291879,43.2,20812.0,8.240,148,99,240
2026-07-24T19:42:23Z,-11.6599900,166.9292630,43.0,20820.7,8.380,149,99,239
2026-07-24T19:42:24Z,-11.6599920,166.9293380,42.8,20829.5,8.620,150,98,239
2026-07-24T19:42:25Z,-11.6599860,166.9294350,42.4,20839.1,8.880,150,98,240
2026-07-24T19:42:26Z,-11.6599730,166.9295199,42.0,20848.9,9.160,151,98,240
2026-07-24T19:42:27Z,-11.6599500,166.9296169,41.4,20859.2,9.440,149,99,240
2026-07-24T19:42:28Z,-11.6599150,166.9297029,40.6,20870.8,10.020,149,100,240
2026-07-24T19:42:29Z,-11.6598700,166.9298100,39.8,20882.3,10.560,150,101,239
2026-07-24T19:42:30Z,-11.6598119,166.9298850,39.0,20894.0,10.980,150,101,240
2026-07-24T19:42:31Z,-11.6597340,166.9299919,37.8,20907.4,11.700,150,101,239
2026-07-24T19:42:32Z,-11.6596519,166.9300779,36.6,20920.2,12.200,151,100,240
2026-07-24T19:42:33Z,-11.6595529,166.9301639,35.0,20935.2,12.880,150,100,240
2026-07-24T19:42:34Z,-11.6594509,166.9302610,33.6,20949.7,13.480,150,100,240
2026-07-24T19:42:35Z,-11.6593410,166.9303359,32.0,20964.9,14.180,149,100,240
2026-07-24T19:42:36Z,-11.6592230,166.9304109,30.6,20980.3,14.580,150,100,240
2026-07-24T19:42:37Z,-11.6590889,166.9304860,29.2,20997.4,15.440,149,100,240
2026-07-24T19:42:38Z,-11.6589589,166.9305499,28.4,21013.3,15.620,152,101,240
2026-07-24T19:42:39Z,-11.6588140,166.9306040,27.6,21030.5,16.160,150,102,240
2026-07-24T19:42:40Z,-11.6586749,166.9306580,27.2,21046.8,16.379,151,102,240
2026-07-24T19:42:41Z,-11.6585289,166.9306790,27.0,21063.5,16.640,150,101,238
2026-07-24T19:42:42Z,-11.6583890,166.9307109,27.0,21079.2,16.360,151,97,238
2026-07-24T19:42:43Z,-11.6582500,166.9307430,26.8,21095.0,16.340,150,96,239
2026-07-24T19:42:44Z,-11.6581180,166.9307650,26.8,21109.7,15.840,150,94,239
2026-07-24T19:42:45Z,-11.6579799,166.9307860,26.6,21125.1,15.660,151,94,240
2026-07-24T19:42:46Z,-11.6578470,166.9308080,26.2,21139.8,15.260,150,94,240
2026-07-24T19:42:47Z,-11.6577160,166.9308190,26.2,21154.5,15.060,150,95,240
2026-07-24T19:42:48Z,-11.6575799,166.9308190,26.0,21169.4,14.880,151,96,239
2026-07-24T19:42:49Z,-11.6574540,166.9308190,25.8,21183.4,14.740,149,94,239
2026-07-24T19:42:50Z,-11.6573219,166.9308399,25.6,21198.0,14.580,149,93,240
2026-07-24T19:42:51Z,-11.6571980,166.9308399,25.4,21211.8,14.400,149,93,239
2026-07-24T19:42:52Z,-11.6570649,166.9308190,25.0,21226.4,14.380,149,94,239
2026-07-24T19:42:53Z,-11.6569390,166.9308190,24.8,21240.3,14.180,149,95,240
2026-07-24T19:42:54Z,-11.6568210,166.9308190,24.4,21253.4,14.000,149,95,239
2026-07-24T19:42:55Z,-11.6566990,166.9308080,24.2,21267.0,13.800,149,95,239
2026-07-24T19:42:56Z,-11.6565690,166.9308080,23.6,21281.4,13.920,150,97,239
2026-07-24T19:42:57Z,-11.6564470,166.9307860,23.4,21295.0,13.720,150,96,240
2026-07-24T19:42:58Z,-11.6563169,166.9307760,22.8,21309.5,13.840,150,97,240
2026-07-24T19:42:59Z,-11.6561879,166.9307650,22.6,21323.8,14.080,149,96,239
2026-07-24T19:43:00Z,-11.6560699,166.9307430,22.4,21336.9,13.980,149,95,239
2026-07-24T19:43:01Z,-11.6559379,166.9307330,22.2,21351.7,14.060,149,95,240
2026-07-24T19:43:02Z,-11.6558210,166.9307109,22.2,21364.6,13.920,149,96,239
2026-07-24T19:43:03Z,-11.6557040,166.9307010,22.2,21377.8,13.660,150,97,241
2026-07-24T19:43:04Z,-11.6555819,166.9306790,22.4,21391.5,13.540,151,98,240
2026-07-24T19:43:05Z,-11.6554639,166.9306679,22.6,21404.6,13.540,150,98,240
2026-07-24T19:43:06Z,-11.6553529,166.9306679,22.8,21416.9,13.040,150,99,240
2026-07-24T19:43:07Z,-11.6552479,166.9306679,22.8,21428.6,12.800,150,99,239
2026-07-24T19:43:08Z,-11.6551479,166.9307109,22.8,21440.9,12.620,150,99,239
2026-07-24T19:43:09Z,-11.6550769,166.9308080,22.6,21453.2,12.340,150,99,239
2026-07-24T19:43:10Z,-11.6550469,166.9309149,22.0,21465.0,12.080,150,100,239
2026-07-24T19:43:11Z,-11.6550499,166.9310220,21.0,21477.6,12.140,150,99,239
2026-07-24T19:43:12Z,-11.6550710,166.9311399,20.0,21490.8,12.440,150,99,239
2026-07-24T19:43:13Z,-11.6551020,166.9312579,18.8,21504.6,12.740,149,99,240
2026-07-24T19:43:14Z,-11.6551400,166.9313869,17.6,21518.8,13.120,149,99,240
2026-07-24T19:43:15Z,-11.6551799,166.9315270,16.4,21534.2,13.840,149,98,240
2026-07-24T19:43:16Z,-11.6552120,166.9316550,15.4,21549.0,14.280,149,99,239
2026-07-24T19:43:17Z,-11.6552320,166.9317950,14.2,21565.2,14.880,150,99,239
2026-07-24T19:43:18Z,-11.6552390,166.9319449,13.4,21581.0,15.280,150,98,239
2026-07-24T19:43:19Z,-11.6552379,166.9320850,12.8,21596.0,15.440,150,98,239
2026-07-24T19:43:20Z,-11.6552290,166.9322240,12.2,21612.2,15.600,150,98,240
2026-07-24T19:43:21Z,-11.6552160,166.9323740,11.6,21627.6,15.720,150,97,240
2026-07-24T19:43:22Z,-11.6551919,166.9325239,11.2,21645.2,16.000,150,97,240
2026-07-24T19:43:23Z,-11.6551649,166.9326529,10.6,21659.4,15.680,151,97,239
2026-07-24T19:43:24Z,-11.6551250,166.9327930,10.0,21674.5,15.700,149,97,239
2026-07-24T19:43:25Z,-11.6550580,166.9329109,9.6,21690.3,15.620,149,98,240
2026-07-24T19:43:26Z,-11.6549649,166.9330289,9.0,21706.3,15.740,149,98,240
2026-07-24T19:43:27Z,-11.6548530,166.9331149,8.6,21721.8,15.320,149,98,240
2026-07-24T19:43:28Z,-11.6547329,166.9331679,8.2,21736.6,15.440,149,98,239
2026-07-24T19:43:29Z,-11.6546029,166.9332330,7.8,21752.2,15.540,151,98,240
2026-07-24T19:43:30Z,-11.6544719,166.9332750,7.4,21767.6,15.460,150,100,239
2026-07-24T19:43:31Z,-11.6543469,166.9333180,7.0,21782.1,15.160,149,99,240
2026-07-24T19:43:32Z,-11.6542120,166.9333719,6.6,21797.9,15.220,149,100,240
2026-07-24T19:43:33Z,-11.6540869,166.9334040,6.2,21812.6,15.200,149,100,239
2026-07-24T19:43:34Z,-11.6539650,166.9334579,6.0,21827.0,14.960,149,100,239
2026-07-24T19:43:35Z,-11.6538409,166.9335220,5.6,21842.2,14.920,149,100,240
2026-07-24T19:43:36Z,-11.6537269,166.9335650,5.2,21856.4,14.860,150,101,240
2026-07-24T19:43:37Z,-11.6536040,166.9336400,5.0,21871.7,14.760,150,101,239
2026-07-24T19:43:38Z,-11.6534929,166.9337049,4.8,21885.5,14.580,150,99,239
2026-07-24T19:43:39Z,-11.6533760,166.9337690,4.4,21900.1,14.620,150,99,239
2026-07-24T19:43:40Z,-11.6532580,166.9338120,4.2,21914.7,14.500,150,99,240
2026-07-24T19:43:41Z,-11.6531430,166.9338759,4.0,21928.5,14.420,150,99,239
2026-07-24T19:43:42Z,-11.6530250,166.9339189,3.8,21942.7,14.200,152,99,240
2026-07-24T19:43:43Z,-11.6529120,166.9339619,3.6,21956.2,14.140,151,99,240
2026-07-24T19:43:44Z,-11.6527970,166.9340260,3.4,21970.2,14.020,152,101,240
2026-07-24T19:43:45Z,-11.6526830,166.9340690,3.4,21984.1,13.880,152,101,240
2026-07-24T19:43:46Z,-11.6525710,166.9341120,3.2,21997.3,13.760,151,99,240
2026-07-24T19:43:47Z,-11.6524550,166.9341660,3.0,22011.0,13.660,153,100,239
2026-07-24T19:43:48Z,-11.6523370,166.9341980,3.0,22024.4,13.640,153,100,240
2026-07-24T19:43:49Z,-11.6522230,166.9342090,2.8,22037.3,13.420,151,99,240
2026-07-24T19:43:50Z,-11.6521060,166.9342199,2.8,22050.4,13.260,152,99,240
2026-07-24T19:43:51Z,-11.6519890,166.9342199,2.8,22063.2,13.180,153,98,239
2026-07-24T19:43:52Z,-11.6518770,166.9342090,2.6,22075.8,12.960,151,99,240
2026-07-24T19:43:53Z,-11.6517670,166.9341769,2.6,22088.3,12.780,152,99,240
2026-07-24T19:43:54Z,-11.6516549,166.9341440,2.6,22101.2,12.780,151,99,240
2026-07-24T19:43:55Z,-11.6515549,166.9341019,2.8,22113.0,12.520,151,99,239
2026-07-24T19:43:56Z,-11.6514490,166.9340690,2.8,22125.3,12.420,152,97,240
2026-07-24T19:43:57Z,-11.6513430,166.9340260,2.8,22137.8,12.400,152,98,240
2026-07-24T19:43:58Z,-11.6512440,166.9340049,2.8,22149.2,12.180,152,99,240
2026-07-24T19:43:59Z,-11.6511379,166.9339840,2.8,22161.4,12.040,152,100,239
2026-07-24T19:44:00Z,-11.6510389,166.9339510,2.8,22172.7,11.940,152,100,239
2026-07-24T19:44:01Z,-11.6509339,166.9339189,2.8,22184.5,11.840,152,99,240
2026-07-24T19:44:02Z,-11.6508390,166.9338980,2.6,22195.6,11.560,152,99,239
2026-07-24T19:44:03Z,-11.6507369,166.9338759,2.6,22207.2,11.600,151,98,240
2026-07-24T19:44:04Z,-11.6506339,166.9338439,2.6,22218.8,11.480,152,98,239
2026-07-24T19:44:05Z,-11.6505329,166.9338230,2.6,22230.1,11.480,151,98,239
2026-07-24T19:44:06Z,-11.6504299,166.9338230,2.6,22241.5,11.400,150,97,240
2026-07-24T19:44:07Z,-11.6503299,166.9338230,2.6,22252.6,11.400,152,98,240
2026-07-24T19:44:08Z,-11.6502270,166.9338439,2.6,22263.9,11.340,150,98,240
2026-07-24T19:44:09Z,-11.6501279,166.9338550,2.6,22275.2,11.280,150,101,240
2026-07-24T19:44:10Z,-11.6500270,166.9338759,2.4,22286.5,11.280,150,102,240
2026-07-24T19:44:11Z,-11.6499289,166.9338869,2.4,22297.7,11.240,150,102,239
2026-07-24T19:44:12Z,-11.6498360,166.9339189,2.4,22308.4,11.160,150,103,240
2026-07-24T19:44:13Z,-11.6497380,166.9339510,2.4,22319.6,11.140,150,103,239
2026-07-24T19:44:14Z,-11.6496409,166.9339840,2.4,22330.8,11.120,150,103,239
2026-07-24T19:44:15Z,-11.6495510,166.9340049,2.4,22341.3,10.960,151,101,240
2026-07-24T19:44:16Z,-11.6494559,166.9340370,2.4,22352.2,10.900,151,99,238
2026-07-24T19:44:17Z,-11.6493570,166.9340589,2.4,22363.6,11.040,152,98,239
2026-07-24T19:44:18Z,-11.6492620,166.9340909,2.4,22374.5,10.980,151,97,239
2026-07-24T19:44:19Z,-11.6491679,166.9341120,2.4,22385.2,10.880,151,97,240
2026-07-24T19:44:20Z,-11.6490760,166.9341339,2.4,22395.7,10.880,151,98,240
2026-07-24T19:44:21Z,-11.6489809,166.9341660,2.2,22406.7,10.900,150,98,240
2026-07-24T19:44:22Z,-11.6488890,166.9341980,2.2,22417.4,10.760,153,99,239
2026-07-24T19:44:23Z,-11.6487919,166.9342199,2.2,22428.5,10.800,151,97,239
2026-07-24T19:44:24Z,-11.6487010,166.9342520,2.2,22439.1,10.780,151,96,239
2026-07-24T19:44:25Z,-11.6486059,166.9342840,2.2,22450.0,10.860,151,95,239
2026-07-24T19:44:26Z,-11.6485110,166.9342950,2.2,22460.9,10.840,152,95,240
2026-07-24T19:44:27Z,-11.6484169,166.9343270,2.2,22471.5,10.820,151,96,239
2026-07-24T19:44:28Z,-11.6483230,166.9343479,2.2,22482.1,10.720,151,95,239
2026-07-24T19:44:29Z,-11.6482280,166.9343590,2.2,22492.7,10.720,150,96,240
2026-07-24T19:44:30Z,-11.6481339,166.9343810,2.2,22503.3,10.660,150,97,240
2026-07-24T19:44:31Z,-11.6480380,166.9343909,2.2,22514.0,10.620,152,97,239
2026-07-24T19:44:32Z,-11.6479429,166.9344020,2.2,22524.6,10.620,152,97,240
2026-07-24T19:44:33Z,-11.6478480,166.9344229,2.2,22535.4,10.660,151,98,239
2026-07-24T19:44:34Z,-11.6477540,166.9344339,2.2,22545.8,10.620,151,97,240
2026-07-24T19:44:35Z,-11.6476579,166.9344339,2.2,22556.4,10.620,151,98,240
2026-07-24T19:44:36Z,-11.6475640,166.9344560,2.2,22566.9,10.580,151,98,239
2026-07-24T19:44:37Z,-11.6474670,166.9344560,2.2,22577.6,10.600,154,97,239
2026-07-24T19:44:38Z,-11.6473709,166.9344560,2.2,22588.2,10.560,152,96,239
2026-07-24T19:44:39Z,-11.6472790,166.9344560,2.2,22598.4,10.520,151,95,239
2026-07-24T19:44:40Z,-11.6471839,166.9344339,2.2,22608.9,10.500,151,95,240
2026-07-24T19:44:41Z,-11.6470900,166.9344339,2.2,22619.3,10.480,152,92,239
2026-07-24T19:44:42Z,-11.6469979,166.9344229,2.2,22629.7,10.420,152,92,239
2026-07-24T19:44:43Z,-11.6469040,166.9344020,2.2,22640.3,10.420,151,92,239
2026-07-24T19:44:44Z,-11.6468089,166.9343909,2.2,22650.8,10.480,154,91,239
2026-07-24T19:44:45Z,-11.6467160,166.9343810,2.2,22661.3,10.480,152,90,239
2026-07-24T19:44:46Z,-11.6466260,166.9343479,2.2,22671.5,10.440,152,90,239
2026-07-24T19:44:47Z,-11.6465359,166.9343160,2.2,22681.9,10.440,154,89,239
2026-07-24T19:44:48Z,-11.6464450,166.9342840,2.2,22692.5,10.440,153,88,239
2026-07-24T19:44:49Z,-11.6463580,166.9342730,2.2,22702.6,10.360,152,88,240
2026-07-24T19:44:50Z,-11.6462639,166.9342520,2.2,22713.0,10.340,153,88,239
2026-07-24T19:44:51Z,-11.6461729,166.9342730,2.2,22723.3,10.360,152,88,238
2026-07-24T19:44:52Z,-11.6460899,166.9343160,2.2,22733.7,10.360,150,87,239
2026-07-24T19:44:53Z,-11.6460189,166.9343909,2.2,22744.3,10.360,153,86,239
2026-07-24T19:44:54Z,-11.6459619,166.9344560,2.2,22754.3,10.340,151,86,240
2026-07-24T19:44:55Z,-11.6459100,166.9345410,2.2,22764.9,10.380,151,87,240
2026-07-24T19:44:56Z,-11.6458560,166.9346170,2.2,22775.2,10.380,151,85,239
2026-07-24T19:44:57Z,-11.6458060,166.9346919,2.2,22785.5,10.360,152,85,239
2026-07-24T19:44:58Z,-11.6457550,166.9347770,2.2,22795.7,10.280,152,85,239
2026-07-24T19:44:59Z,-11.6457019,166.9348529,2.2,22806.2,10.380,151,84,239
2026-07-24T19:45:00Z,-11.6456490,166.9349280,2.2,22816.5,10.320,153,84,239
2026-07-24T19:45:01Z,-11.6455940,166.9350030,2.2,22826.8,10.320,153,83,239
2026-07-24T19:45:02Z,-11.6455409,166.9350780,2.2,22837.2,10.340,151,83,240
2026-07-24T19:45:03Z,-11.6454890,166.9351529,2.2,22847.3,10.320,152,84,240
2026-07-24T19:45:04Z,-11.6454350,166.9352500,2.2,22857.8,10.320,151,85,240
2026-07-24T19:45:05Z,-11.6453819,166.9353249,2.2,22868.1,10.320,151,85,240
2026-07-24T19:45:06Z,-11.6453310,166.9353999,2.2,22878.2,10.280,151,86,240
2026-07-24T19:45:07Z,-11.6452800,166.9354750,2.2,22888.5,10.260,152,86,239
2026-07-24T19:45:08Z,-11.6452320,166.9355500,2.2,22898.9,10.320,151,87,238
2026-07-24T19:45:09Z,-11.6452010,166.9356470,2.2,22909.3,10.300,151,86,239
2026-07-24T19:45:10Z,-11.6451930,166.9357319,2.2,22919.5,10.280,151,89,239
2026-07-24T19:45:11Z,-11.6452060,166.9358289,2.2,22929.5,10.260,151,88,239
2026-07-24T19:45:12Z,-11.6452370,166.9359149,2.2,22940.0,10.300,151,88,241
2026-07-24T19:45:13Z,-11.6452800,166.9359899,2.2,22950.3,10.280,150,89,240
2026-07-24T19:45:14Z,-11.6453279,166.9360860,2.2,22960.4,10.220,151,90,239
2026-07-24T19:45:15Z,-11.6453819,166.9361619,2.2,22970.7,10.240,154,90,240
2026-07-24T19:45:16Z,-11.6454380,166.9362260,2.2,22980.9,10.280,152,91,241
2026-07-24T19:45:17Z,-11.6454979,166.9363010,2.2,22991.4,10.280,152,92,240
2026-07-24T19:45:18Z,-11.6455480,166.9363759,2.2,23001.7,10.280,152,92,239
2026-07-24T19:45:19Z,-11.6455879,166.9364619,2.2,23011.9,10.300,152,93,239
2026-07-24T19:45:20Z,-11.6456200,166.9365580,2.2,23022.2,10.300,152,93,239
2026-07-24T19:45:21Z,-11.6456490,166.9366440,2.2,23032.5,10.320,152,92,239
2026-07-24T19:45:22Z,-11.6456729,166.9367410,2.2,23043.1,10.340,154,91,239
2026-07-24T19:45:23Z,-11.6456940,166.9368369,2.2,23053.2,10.300,153,92,239
2026-07-24T19:45:24Z,-11.6457159,166.9369229,2.2,23063.7,10.360,154,93,238
2026-07-24T19:45:25Z,-11.6457370,166.9370200,2.2,23074.0,10.360,152,91,239
2026-07-24T19:45:26Z,-11.6457599,166.9371060,2.2,23084.2,10.340,151,90,240
2026-07-24T19:45:27Z,-11.6457879,166.9372020,2.2,23094.4,10.260,151,90,241
2026-07-24T19:45:28Z,-11.6458270,166.9372770,2.2,23105.0,10.360,151,92,240
2026-07-24T19:45:29Z,-11.6458770,166.9373520,2.2,23115.1,10.280,151,91,240
2026-07-24T19:45:30Z,-11.6459400,166.9374279,2.2,23125.7,10.340,154,92,240
2026-07-24T19:45:31Z,-11.6460120,166.9374920,2.2,23135.8,10.320,154,92,239
2026-07-24T19:45:32Z,-11.6460889,166.9375350,2.2,23146.0,10.320,153,92,238
2026-07-24T19:45:33Z,-11.6461680,166.9375780,2.4,23156.2,10.240,154,89,237
2026-07-24T19:45:34Z,-11.6462449,166.9376419,2.4,23166.7,10.320,154,86,237
2026-07-24T19:45:35Z,-11.6463120,166.9377060,2.4,23176.8,10.220,154,83,238
2026-07-24T19:45:36Z,-11.6463710,166.9377820,2.4,23186.8,10.200,155,82,238
2026-07-24T19:45:37Z,-11.6464300,166.9378569,2.4,23197.6,10.320,154,80,238
2026-07-24T19:45:38Z,-11.6464810,166.9379319,2.4,23207.5,10.260,154,79,239
2026-07-24T19:45:39Z,-11.6465310,166.9380070,2.4,23217.7,10.200,154,78,238
2026-07-24T19:45:40Z,-11.6465779,166.9380820,2.4,23227.7,10.180,153,77,239
2026-07-24T19:45:41Z,-11.6466280,166.9381790,2.4,23238.3,10.300,153,77,239
2026-07-24T19:45:42Z,-11.6466760,166.9382540,2.4,23248.8,10.240,153,75,239
2026-07-24T19:45:43Z,-11.6467219,166.9383290,2.4,23258.6,10.220,152,74,239
2026-07-24T19:45:44Z,-11.6467720,166.9384039,2.4,23268.9,10.240,152,69,240
2026-07-24T19:45:45Z,-11.6468219,166.9384789,2.4,23279.1,10.280,155,71,240
2026-07-24T19:45:46Z,-11.6468730,166.9385759,2.4,23289.4,10.220,153,71,240
2026-07-24T19:45:47Z,-11.6469200,166.9386509,2.4,23299.4,10.120,153,72,239
2026-07-24T19:45:48Z,-11.6469710,166.9387260,2.4,23310.1,10.300,153,72,240
2026-07-24T19:45:49Z,-11.6470170,166.9388010,2.4,23319.8,10.180,154,72,239
2026-07-24T19:45:50Z,-11.6470659,166.9388760,2.4,23330.2,10.220,153,72,240
2026-07-24T19:45:51Z,-11.6471140,166.9389720,2.4,23340.4,10.200,153,73,241
2026-07-24T19:45:52Z,-11.6471640,166.9390480,2.4,23350.7,10.260,153,82,240
2026-07-24T19:45:53Z,-11.6472030,166.9391229,2.4,23361.0,10.180,153,80,240
2026-07-24T19:45:54Z,-11.6472340,166.9392089,2.4,23371.7,10.380,153,80,240
2026-07-24T19:45:55Z,-11.6472500,166.9393050,2.4,23381.8,10.320,154,81,240
2026-07-24T19:45:56Z,-11.6472500,166.9393910,2.4,23392.0,10.320,155,82,240
2026-07-24T19:45:57Z,-11.6472409,166.9394979,2.2,23402.6,10.380,152,82,239
2026-07-24T19:45:58Z,-11.6472200,166.9395950,2.2,23413.2,10.440,153,83,240
2026-07-24T19:45:59Z,-11.6471910,166.9396910,2.2,23423.0,10.260,153,82,240
2026-07-24T19:46:00Z,-11.6471440,166.9397660,2.2,23433.5,10.340,152,84,240
2026-07-24T19:46:01Z,-11.6470860,166.9398419,2.4,23443.9,10.380,153,85,239
2026-07-24T19:46:02Z,-11.6470259,166.9398950,2.8,23453.6,10.200,152,85,239
2026-07-24T19:46:03Z,-11.6469590,166.9399599,3.0,23463.9,10.140,152,82,240
2026-07-24T19:46:04Z,-11.6468959,166.9400240,3.4,23473.1,10.020,151,82,240
2026-07-24T19:46:05Z,-11.6468270,166.9400780,3.6,23483.0,9.900,151,84,241
2026-07-24T19:46:06Z,-11.6467679,166.9401309,4.0,23491.8,9.580,153,86,240
2026-07-24T19:46:07Z,-11.6467089,166.9401850,4.2,23500.3,9.340,153,86,239
2026-07-24T19:46:08Z,-11.6466529,166.9402380,4.6,23509.0,9.020,152,86,240
2026-07-24T19:46:09Z,-11.6465990,166.9402920,4.8,23517.5,8.880,153,87,239
2026-07-24T19:46:10Z,-11.6465550,166.9403560,5.2,23525.3,8.460,152,85,239
2026-07-24T19:46:11Z,-11.6465140,166.9404209,5.6,23533.1,8.260,152,85,240
2026-07-24T19:46:12Z,-11.6464799,166.9404749,6.0,23540.9,8.119,152,86,240
2026-07-24T19:46:13Z,-11.6464560,166.9405390,6.4,23548.1,7.820,153,86,240
2026-07-24T19:46:14Z,-11.6464390,166.9406029,6.8,23555.2,7.540,153,86,240
2026-07-24T19:46:15Z,-11.6464219,166.9406680,7.2,23561.9,7.320,154,86,240
2026-07-24T19:46:16Z,-11.6464090,166.9407110,7.6,23568.3,7.040,153,86,239
2026-07-24T19:46:17Z,-11.6463980,166.9407639,8.0,23574.7,6.760,153,86,239
2026-07-24T19:46:18Z,-11.6463860,166.9408290,8.2,23580.7,6.520,153,86,240
2026-07-24T19:46:19Z,-11.6463759,166.9408710,8.6,23586.3,6.220,153,86,239
2026-07-24T19:46:20Z,-11.6463649,166.9409250,9.0,23591.9,6.000,152,85,240
2026-07-24T19:46:21Z,-11.6463550,166.9409680,9.2,23597.3,5.800,152,85,239
2026-07-24T19:46:22Z,-11.6463420,166.9410320,9.6,23602.7,5.600,154,84,240
2026-07-24T19:46:23Z,-11.6463260,166.9410649,9.8,23607.7,5.400,155,84,240
2026-07-24T19:46:24Z,-11.6463039,166.9411079,10.0,23612.9,5.320,154,84,239
2026-07-24T19:46:25Z,-11.6462789,166.9411499,10.2,23618.0,5.220,153,84,240
2026-07-24T19:46:26Z,-11.6462479,166.9411829,10.4,23623.4,5.220,153,84,239
2026-07-24T19:46:27Z,-11.6462130,166.9412150,10.4,23628.6,5.180,155,84,239
2026-07-24T19:46:28Z,-11.6461739,166.9412580,10.6,23634.3,5.320,156,85,238
2026-07-24T19:46:29Z,-11.6461329,166.9412900,10.6,23640.0,5.420,154,83,239
2026-07-24T19:46:30Z,-11.6460860,166.9413010,10.6,23646.1,5.620,154,82,239
2026-07-24T19:46:31Z,-11.6460360,166.9413330,10.6,23652.4,5.800,154,82,240
2026-07-24T19:46:32Z,-11.6459840,166.9413649,10.6,23658.9,6.060,154,83,240
2026-07-24T19:46:33Z,-11.6459250,166.9413969,10.6,23666.0,6.340,154,84,240
2026-07-24T19:46:34Z,-11.6458619,166.9414079,10.6,23673.2,6.640,153,84,239
2026-07-24T19:46:35Z,-11.6457960,166.9414290,10.4,23680.8,6.940,153,83,239
2026-07-24T19:46:36Z,-11.6457250,166.9414290,10.4,23688.6,7.240,153,83,240
2026-07-24T19:46:37Z,-11.6456569,166.9414290,10.4,23696.2,7.460,154,82,240
2026-07-24T19:46:38Z,-11.6455820,166.9414079,10.4,23705.0,7.800,153,83,240
2026-07-24T19:46:39Z,-11.6455200,166.9413649,10.4,23713.3,8.020,155,83,239
2026-07-24T19:46:40Z,-11.6454719,166.9413010,10.4,23721.8,8.200,154,83,239
2026-07-24T19:46:41Z,-11.6454330,166.9412259,10.4,23730.4,8.360,155,84,241
2026-07-24T19:46:42Z,-11.6454019,166.9411610,10.4,23739.2,8.600,153,86,241
2026-07-24T19:46:43Z,-11.6453719,166.9410860,10.4,23748.2,8.640,154,89,240
2026-07-24T19:46:44Z,-11.6453460,166.9410110,10.4,23756.8,8.700,153,91,240
2026-07-24T19:46:45Z,-11.6453190,166.9409250,10.4,23766.2,8.880,153,93,240
2026-07-24T19:46:46Z,-11.6452920,166.9408499,10.4,23775.2,8.960,154,94,240
2026-07-24T19:46:47Z,-11.6452610,166.9407639,10.4,23784.3,9.020,154,95,240
2026-07-24T19:46:48Z,-11.6452210,166.9406889,10.4,23793.8,9.120,154,95,240
2026-07-24T19:46:49Z,-11.6451770,166.9406349,10.4,23803.1,9.260,153,95,239
2026-07-24T19:46:50Z,-11.6451279,166.9405599,10.4,23812.5,9.260,153,95,240
2026-07-24T19:46:51Z,-11.6450770,166.9404749,10.4,23822.0,9.360,154,95,240
2026-07-24T19:46:52Z,-11.6450220,166.9404209,10.4,23831.7,9.480,154,95,239
2026-07-24T19:46:53Z,-11.6449649,166.9403459,10.4,23841.4,9.520,153,96,240
2026-07-24T19:46:54Z,-11.6449070,166.9402810,10.4,23850.8,9.540,155,95,240
2026-07-24T19:46:55Z,-11.6448490,166.9402169,10.4,23860.5,9.600,154,95,240
2026-07-24T19:46:56Z,-11.6447959,166.9401630,10.4,23869.9,9.580,154,96,240
2026-07-24T19:46:57Z,-11.6447389,166.9400780,10.4,23880.0,9.660,154,97,240
2026-07-24T19:46:58Z,-11.6446760,166.9400019,10.4,23890.1,9.740,154,97,240
2026-07-24T19:46:59Z,-11.6446079,166.9399599,10.4,23899.5,9.740,153,97,239
2026-07-24T19:47:00Z,-11.6445250,166.9399269,10.4,23909.3,9.760,153,97,239
2026-07-24T19:47:01Z,-11.6444379,166.9399269,10.2,23919.0,9.820,153,97,239
2026-07-24T19:47:02Z,-11.6443499,166.9399599,10.2,23929.3,9.860,153,97,240
2026-07-24T19:47:03Z,-11.6442690,166.9400019,10.2,23939.3,9.840,153,98,239
2026-07-24T19:47:04Z,-11.6441870,166.9400559,10.2,23949.7,10.040,154,98,239
2026-07-24T19:47:05Z,-11.6441059,166.9400780,10.0,23959.7,10.080,154,98,239
2026-07-24T19:47:06Z,-11.6440179,166.9401309,10.2,23970.1,10.220,154,98,239
2026-07-24T19:47:07Z,-11.6439329,166.9401419,10.2,23979.7,10.080,155,99,239
2026-07-24T19:47:08Z,-11.6438390,166.9401309,10.4,23990.2,10.180,153,99,240
2026-07-24T19:47:09Z,-11.6437630,166.9400989,10.6,23999.6,9.980,153,99,239
2026-07-24T19:47:10Z,-11.6436950,166.9400350,11.0,24009.1,9.880,153,99,239
2026-07-24T19:47:11Z,-11.6436360,166.9399810,11.4,24018.3,9.640,154,97,239
2026-07-24T19:47:12Z,-11.6435810,166.9399169,11.8,24027.3,9.520,153,98,239
2026-07-24T19:47:13Z,-11.6435299,166.9398520,12.2,24035.8,9.120,155,99,241
2026-07-24T19:47:14Z,-11.6434800,166.9398090,12.6,24044.3,8.940,153,100,240
2026-07-24T19:47:15Z,-11.6434279,166.9397449,12.8,24052.0,8.580,153,100,239
2026-07-24T19:47:16Z,-11.6433650,166.9397129,13.2,24060.1,8.360,153,100,240
2026-07-24T19:47:17Z,-11.6432989,166.9397020,13.4,24067.6,8.060,153,101,239
2026-07-24T19:47:18Z,-11.6432320,166.9397020,13.4,24075.1,7.860,154,100,240
2026-07-24T19:47:19Z,-11.6431600,166.9397020,13.4,24083.2,7.780,156,99,240
2026-07-24T19:47:20Z,-11.6430910,166.9397340,13.2,24091.3,7.860,154,99,239
2026-07-24T19:47:21Z,-11.6430239,166.9397660,13.2,24099.8,7.940,155,99,239
2026-07-24T19:47:22Z,-11.6429620,166.9398090,13.2,24108.1,8.100,155,99,240
2026-07-24T19:47:23Z,-11.6429060,166.9398739,13.4,24116.7,8.320,156,98,239
2026-07-24T19:47:24Z,-11.6428580,166.9399269,13.6,24125.3,8.420,156,98,240
2026-07-24T19:47:25Z,-11.6428160,166.9399920,13.8,24133.7,8.480,157,98,240
2026-07-24T19:47:26Z,-11.6427789,166.9400559,14.0,24141.9,8.420,154,98,240
2026-07-24T19:47:27Z,-11.6427420,166.9401309,14.4,24150.1,8.400,153,99,240
2026-07-24T19:47:28Z,-11.6427130,166.9401850,14.6,24158.1,8.280,153,100,239
2026-07-24T19:47:29Z,-11.6426850,166.9402710,14.6,24166.3,8.200,153,100,240
2026-07-24T19:47:30Z,-11.6426620,166.9403240,14.8,24174.1,8.080,153,100,239
2026-07-24T19:47:31Z,-11.6426379,166.9403990,14.8,24182.3,8.080,154,102,240
2026-07-24T19:47:32Z,-11.6426160,166.9404749,14.6,24190.8,8.140,154,101,239
2026-07-24T19:47:33Z,-11.6425990,166.9405599,14.2,24199.6,8.300,154,100,239
2026-07-24T19:47:34Z,-11.6425880,166.9406349,13.8,24208.8,8.500,156,99,239
2026-07-24T19:47:35Z,-11.6425870,166.9407209,13.4,24218.5,8.880,154,97,239
2026-07-24T19:47:36Z,-11.6425980,166.9408179,13.2,24228.4,9.220,156,97,239
2026-07-24T19:47:37Z,-11.6426229,166.9409040,13.2,24238.7,9.580,154,97,240
2026-07-24T19:47:38Z,-11.6426610,166.9410000,13.2,24249.1,9.900,155,97,239
2026-07-24T19:47:39Z,-11.6427050,166.9410750,13.2,24259.5,10.140,154,98,240
2026-07-24T19:47:40Z,-11.6427509,166.9411499,13.2,24269.8,10.260,154,98,240
2026-07-24T19:47:41Z,-11.6427969,166.9412470,13.2,24279.8,10.280,154,99,240
2026-07-24T19:47:42Z,-11.6428460,166.9413219,13.2,24290.2,10.300,155,98,239
2026-07-24T19:47:43Z,-11.6428930,166.9413969,13.2,24300.3,10.240,154,98,239
2026-07-24T19:47:44Z,-11.6429440,166.9414720,13.2,24310.3,10.160,154,97,239
2026-07-24T19:47:45Z,-11.6430080,166.9415470,13.2,24320.7,10.180,155,97,239
2026-07-24T19:47:46Z,-11.6430800,166.9415900,13.2,24331.1,10.260,154,96,239
2026-07-24T19:47:47Z,-11.6431600,166.9416549,13.2,24341.1,10.180,155,96,240
2026-07-24T19:47:48Z,-11.6432409,166.9416870,13.2,24351.3,10.200,156,96,239
2026-07-24T19:47:49Z,-11.6433269,166.9417300,13.2,24361.7,10.280,156,95,239
2026-07-24T19:47:50Z,-11.6434119,166.9417620,13.2,24371.8,10.220,155,95,239
2026-07-24T19:47:51Z,-11.6434970,166.9417940,13.2,24382.1,10.200,154,94,239
2026-07-24T19:47:52Z,-11.6435820,166.9418370,13.2,24392.3,10.240,154,94,239
2026-07-24T19:47:53Z,-11.6436650,166.9418689,13.4,24402.3,10.200,154,93,240
2026-07-24T19:47:54Z,-11.6437510,166.9419009,13.4,24412.4,10.140,155,93,240
2026-07-24T19:47:55Z,-11.6438390,166.9419119,13.2,24422.4,10.120,156,93,240
2026-07-24T19:47:56Z,-11.6439349,166.9419119,12.8,24433.0,10.180,153,94,240
2026-07-24T19:47:57Z,-11.6440270,166.9418800,12.2,24443.6,10.260,156,95,240
2026-07-24T19:47:58Z,-11.6441240,166.9418480,11.6,24454.9,10.520,154,95,240
2026-07-24T19:47:59Z,-11.6442260,166.9418259,11.0,24466.9,10.900,153,96,240
2026-07-24T19:48:00Z,-11.6443380,166.9418050,10.4,24479.3,11.380,156,96,239
2026-07-24T19:48:01Z,-11.6444379,166.9418480,10.0,24491.3,11.660,155,97,240
2026-07-24T19:48:02Z,-11.6445150,166.9419340,10.2,24503.9,12.060,154,98,239
2026-07-24T19:48:03Z,-11.6445819,166.9420190,10.2,24515.8,12.180,154,98,239
2026-07-24T19:48:04Z,-11.6446590,166.9420950,10.4,24527.8,12.180,154,97,240
2026-07-24T19:48:05Z,-11.6447379,166.9421699,10.4,24539.7,12.080,154,97,240
2026-07-24T19:48:06Z,-11.6448180,166.9422449,10.4,24551.8,12.100,155,96,240
2026-07-24T19:48:07Z,-11.6448910,166.9423309,10.4,24563.4,11.900,156,97,239
2026-07-24T19:48:08Z,-11.6449490,166.9424060,10.4,24574.7,11.780,154,97,239
2026-07-24T19:48:09Z,-11.6449699,166.9425130,10.4,24586.4,11.720,156,97,239
2026-07-24T19:48:10Z,-11.6449490,166.9426199,10.4,24597.7,11.600,156,97,239
2026-07-24T19:48:11Z,-11.6448949,166.9427059,10.4,24609.4,11.520,155,97,239
2026-07-24T19:48:12Z,-11.6448310,166.9427810,10.4,24620.9,11.500,154,97,240
2026-07-24T19:48:13Z,-11.6447649,166.9428779,10.4,24632.6,11.580,155,97,240
2026-07-24T19:48:14Z,-11.6447089,166.9429530,10.4,24643.6,11.440,154,98,240
2026-07-24T19:48:15Z,-11.6446550,166.9430390,10.4,24655.1,11.480,154,97,240
2026-07-24T19:48:16Z,-11.6446000,166.9431349,10.4,24666.4,11.400,153,98,239
2026-07-24T19:48:17Z,-11.6445300,166.9432099,10.4,24677.7,11.360,154,98,239
2026-07-24T19:48:18Z,-11.6444460,166.9432529,10.4,24688.4,11.160,153,96,238
2026-07-24T19:48:19Z,-11.6443479,166.9432850,10.4,24699.6,11.200,154,95,239
2026-07-24T19:48:20Z,-11.6442459,166.9432850,10.4,24710.9,11.160,155,94,239
2026-07-24T19:48:21Z,-11.6441510,166.9432850,10.4,24721.5,11.020,155,94,239
2026-07-24T19:48:22Z,-11.6440489,166.9432750,10.4,24732.8,11.020,154,93,239
2026-07-24T19:48:23Z,-11.6439560,166.9432529,10.4,24743.4,11.000,154,93,239
2026-07-24T19:48:24Z,-11.6438599,166.9432209,10.4,24754.4,10.960,154,93,239
2026-07-24T19:48:25Z,-11.6437680,166.9432000,10.4,24765.2,10.860,154,92,239
2026-07-24T19:48:26Z,-11.6436849,166.9431460,10.4,24775.8,10.860,153,92,239
2026-07-24T19:48:27Z,-11.6436050,166.9430919,10.4,24786.7,10.780,154,91,239
2026-07-24T19:48:28Z,-11.6435299,166.9430280,10.4,24797.3,10.780,155,90,239
2026-07-24T19:48:29Z,-11.6434569,166.9429639,10.4,24807.9,10.700,156,89,240
2026-07-24T19:48:30Z,-11.6433849,166.9429100,10.4,24818.3,10.620,156,89,240
2026-07-24T19:48:31Z,-11.6433060,166.9428459,10.4,24829.1,10.660,155,89,239
2026-07-24T19:48:32Z,-11.6432269,166.9428029,10.4,24839.3,10.520,155,89,238
2026-07-24T19:48:33Z,-11.6431340,166.9427700,10.2,24850.3,10.600,154,87,239
2026-07-24T19:48:34Z,-11.6430429,166.9427380,10.0,24860.6,10.540,155,86,239
2026-07-24T19:48:35Z,-11.6429450,166.9427280,9.6,24871.6,10.660,154,86,239
2026-07-24T19:48:36Z,-11.6428419,166.9427280,9.2,24883.1,10.800,153,86,240
2026-07-24T19:48:37Z,-11.6427340,166.9427280,8.8,24894.9,11.120,155,86,239
2026-07-24T19:48:38Z,-11.6426350,166.9427280,8.4,24906.1,11.160,156,85,239
2026-07-24T19:48:39Z,-11.6425229,166.9427380,8.2,24918.4,11.560,155,85,239
2026-07-24T19:48:40Z,-11.6424209,166.9427489,8.4,24929.9,11.660,155,86,240
2026-07-24T19:48:41Z,-11.6423209,166.9427810,8.6,24941.4,11.660,154,87,241
2026-07-24T19:48:42Z,-11.6422219,166.9428240,8.8,24953.1,11.640,154,88,240
2026-07-24T19:48:43Z,-11.6421270,166.9428560,9.2,24964.4,11.660,152,88,240
2026-07-24T19:48:44Z,-11.6420380,166.9429100,9.6,24974.8,11.280,152,90,239
2026-07-24T19:48:45Z,-11.6419510,166.9429310,9.8,24985.1,11.040,154,90,240
2026-07-24T19:48:46Z,-11.6418599,166.9429530,10.0,24995.5,10.820,155,90,239
2026-07-24T19:48:47Z,-11.6417729,166.9429639,10.2,25005.3,10.440,155,90,240
2026-07-24T19:48:48Z,-11.6416869,166.9429639,10.4,25014.7,10.060,155,91,240
2026-07-24T19:48:49Z,-11.6415960,166.9429639,10.4,25024.9,10.020,155,92,240
2026-07-24T19:48:50Z,-11.6415130,166.9429639,10.4,25034.1,9.800,155,92,239
2026-07-24T19:48:51Z,-11.6414200,166.9429530,10.4,25044.3,9.760,153,92,241
2026-07-24T19:48:52Z,-11.6413370,166.9429310,10.4,25053.9,9.720,153,93,240
2026-07-24T19:48:53Z,-11.6412500,166.9429100,10.4,25063.6,9.780,152,93,239
2026-07-24T19:48:54Z,-11.6411600,166.9428880,10.4,25073.9,9.800,153,93,239
2026-07-24T19:48:55Z,-11.6410729,166.9428779,10.4,25083.8,9.940,153,93,240
2026-07-24T19:48:56Z,-11.6409839,166.9428459,10.4,25093.9,9.920,153,94,239
2026-07-24T19:48:57Z,-11.6408969,166.9428130,10.4,25104.0,10.020,153,94,240
2026-07-24T19:48:58Z,-11.6408139,166.9427810,10.4,25113.8,10.040,153,95,240
2026-07-24T19:48:59Z,-11.6407360,166.9427489,10.4,25123.6,9.940,154,95,239
2026-07-24T19:49:00Z,-11.6406539,166.9426950,10.4,25134.1,10.060,155,94,239
2026-07-24T19:49:01Z,-11.6405780,166.9426420,10.4,25143.9,10.000,154,93,239
2026-07-24T19:49:02Z,-11.6404949,166.9426199,10.4,25153.9,9.980,153,93,239
2026-07-24T19:49:03Z,-11.6404010,166.9425879,10.4,25164.5,10.140,154,92,239
2026-07-24T19:49:04Z,-11.6403140,166.9426199,10.4,25174.6,10.200,153,92,240
2026-07-24T19:49:05Z,-11.6402400,166.9426629,10.4,25184.8,10.140,154,93,239
2026-07-24T19:49:06Z,-11.6401799,166.9427380,10.4,25194.6,10.140,154,93,239
2026-07-24T19:49:07Z,-11.6401219,166.9428029,10.4,25204.9,10.200,155,93,240
2026-07-24T19:49:08Z,-11.6400680,166.9428779,10.4,25215.1,10.120,154,93,240
2026-07-24T19:49:09Z,-11.6400229,166.9429639,10.4,25225.0,10.080,153,93,240
2026-07-24T19:49:10Z,-11.6399810,166.9430390,10.4,25235.4,10.120,153,94,239
2026-07-24T19:49:11Z,-11.6399440,166.9431349,10.4,25245.4,10.160,155,94,239
2026-07-24T19:49:12Z,-11.6399020,166.9432099,10.4,25256.0,10.220,155,94,240
2026-07-24T19:49:13Z,-11.6398619,166.9433069,10.4,25266.1,10.200,154,93,240
2026-07-24T19:49:14Z,-11.6398230,166.9433819,10.4,25275.9,10.180,153,94,240
2026-07-24T19:49:15Z,-11.6397810,166.9434679,10.4,25286.7,10.260,155,95,239
2026-07-24T19:49:16Z,-11.6397420,166.9435430,10.4,25296.9,10.300,154,95,239
2026-07-24T19:49:17Z,-11.6397010,166.9436399,10.4,25307.8,10.360,154,95,239
2026-07-24T19:49:18Z,-11.6396629,166.9437249,10.4,25317.6,10.300,154,95,240
2026-07-24T19:49:19Z,-11.6396240,166.9438109,10.4,25327.7,10.360,154,95,240
2026-07-24T19:49:20Z,-11.6395850,166.9438969,10.4,25337.8,10.220,153,96,239
2026-07-24T19:49:21Z,-11.6395479,166.9439719,10.4,25347.9,10.200,155,96,239
2026-07-24T19:49:22Z,-11.6395090,166.9440689,10.4,25358.3,10.100,155,96,240
2026-07-24T19:49:23Z,-11.6394719,166.9441439,10.4,25368.2,10.120,154,97,240
2026-07-24T19:49:24Z,-11.6394329,166.9442299,10.4,25378.8,10.220,154,98,239
2026-07-24T19:49:25Z,-11.6393960,166.9443050,10.4,25388.5,10.140,154,97,239
2026-07-24T19:49:26Z,-11.6393579,166.9444009,10.4,25399.2,10.260,154,96,239
2026-07-24T19:49:27Z,-11.6393210,166.9444980,10.4,25409.3,10.200,155,94,238
2026-07-24T19:49:28Z,-11.6392840,166.9445729,10.4,25419.5,10.260,154,92,239
2026-07-24T19:49:29Z,-11.6392480,166.9446589,10.4,25429.9,10.220,154,91,240
2026-07-24T19:49:30Z,-11.6392110,166.9447550,10.4,25439.9,10.280,155,92,239
2026-07-24T19:49:31Z,-11.6391760,166.9448300,10.4,25450.1,10.180,155,92,239
2026-07-24T19:49:32Z,-11.6391390,166.9449160,10.4,25460.7,10.280,155,92,240
2026-07-24T19:49:33Z,-11.6391070,166.9450130,10.4,25470.6,10.220,154,92,239
2026-07-24T19:49:34Z,-11.6390709,166.9450880,10.4,25481.0,10.220,154,92,239
2026-07-24T19:49:35Z,-11.6390370,166.9451840,10.4,25491.1,10.240,155,92,239
2026-07-24T19:49:36Z,-11.6390019,166.9452700,10.4,25501.6,10.300,154,93,239
2026-07-24T19:49:37Z,-11.6389670,166.9453669,10.4,25511.8,10.220,154,93,240
2026-07-24T19:49:38Z,-11.6389320,166.9454420,10.4,25521.9,10.260,154,93,240
2026-07-24T19:49:39Z,-11.6388979,166.9455280,10.4,25532.3,10.260,155,93,239
2026-07-24T19:49:40Z,-11.6388650,166.9456239,10.4,25542.6,10.300,154,94,240
2026-07-24T19:49:41Z,-11.6388360,166.9457099,10.4,25553.1,10.300,154,93,240
2026-07-24T19:49:42Z,-11.6388119,166.9458070,10.4,25563.4,10.320,155,93,238
2026-07-24T19:49:43Z,-11.6387920,166.9458930,10.4,25573.4,10.300,155,93,239
2026-07-24T19:49:44Z,-11.6387730,166.9459890,10.4,25583.6,10.260,153,93,240
2026-07-24T19:49:45Z,-11.6387660,166.9460750,10.4,25594.0,10.280,154,93,239
2026-07-24T19:49:46Z,-11.6387750,166.9461719,10.4,25604.1,10.200,154,94,241
2026-07-24T19:49:47Z,-11.6388050,166.9462569,10.2,25614.5,10.220,155,95,240
2026-07-24T19:49:48Z,-11.6388510,166.9463429,10.2,25624.9,10.300,155,96,239
2026-07-24T19:49:49Z,-11.6389080,166.9464180,10.2,25635.6,10.400,154,95,239
2026-07-24T19:49:50Z,-11.6389750,166.9464930,10.2,25646.4,10.480,153,95,239
2026-07-24T19:49:51Z,-11.6390480,166.9465579,10.4,25656.4,10.460,155,94,239
2026-07-24T19:49:52Z,-11.6391309,166.9465790,10.6,25666.7,10.440,155,94,239
2026-07-24T19:49:53Z,-11.6392210,166.9466110,10.8,25677.1,10.440,154,94,239
2026-07-24T19:49:54Z,-11.6393070,166.9466329,11.0,25686.7,10.220,155,93,240
2026-07-24T19:49:55Z,-11.6393960,166.9466329,11.2,25696.7,10.060,155,94,241
2026-07-24T19:49:56Z,-11.6394810,166.9466329,11.4,25706.2,9.960,154,95,241
2026-07-24T19:49:57Z,-11.6395629,166.9466009,11.8,25715.6,9.780,154,97,240
2026-07-24T19:49:58Z,-11.6396390,166.9465680,12.0,25724.7,9.520,153,98,239
2026-07-24T19:49:59Z,-11.6397090,166.9465260,12.2,25733.5,9.360,153,98,240
2026-07-24T19:50:00Z,-11.6397759,166.9464719,12.2,25742.4,9.140,154,98,239
2026-07-24T19:50:01Z,-11.6398400,166.9464289,12.4,25751.6,9.080,154,98,240
2026-07-24T19:50:02Z,-11.6398950,166.9463650,12.4,25760.4,8.960,154,97,240
2026-07-24T19:50:03Z,-11.6399479,166.9463110,12.4,25769.3,8.920,156,98,239
2026-07-24T19:50:04Z,-11.6400000,166.9462470,12.6,25778.2,8.940,157,98,239
2026-07-24T19:50:05Z,-11.6400519,166.9461820,12.6,25787.3,8.980,155,96,239
2026-07-24T19:50:06Z,-11.6401059,166.9461289,12.6,25796.1,8.900,155,95,240
2026-07-24T19:50:07Z,-11.6401680,166.9460640,12.6,25805.3,8.980,154,95,239
2026-07-24T19:50:08Z,-11.6402349,166.9460210,12.6,25814.5,9.040,154,95,239
2026-07-24T19:50:09Z,-11.6403120,166.9459890,12.8,25823.8,9.120,156,95,239
2026-07-24T19:50:10Z,-11.6403939,166.9459679,12.8,25833.1,9.160,156,95,239
2026-07-24T19:50:11Z,-11.6404770,166.9459679,12.8,25842.3,9.240,155,95,240
2026-07-24T19:50:12Z,-11.6405590,166.9459679,12.8,25851.3,9.200,154,95,240
2026-07-24T19:50:13Z,-11.6406420,166.9459890,13.0,25860.8,9.260,157,95,239
2026-07-24T19:50:14Z,-11.6407229,166.9459999,13.0,25869.8,9.200,157,94,239
2026-07-24T19:50:15Z,-11.6408089,166.9460210,13.2,25879.3,9.240,155,95,240
2026-07-24T19:50:16Z,-11.6408890,166.9460320,13.2,25888.4,9.220,156,96,239
2026-07-24T19:50:17Z,-11.6409669,166.9460539,13.4,25897.3,9.200,156,96,239
2026-07-24T19:50:18Z,-11.6410450,166.9460750,13.6,25906.2,9.080,156,96,239
2026-07-24T19:50:19Z,-11.6411250,166.9460959,13.8,25915.4,9.120,156,96,240
2026-07-24T19:50:20Z,-11.6411989,166.9461070,14.0,25923.9,8.920,156,96,240
2026-07-24T19:50:21Z,-11.6412770,166.9461389,14.2,25932.8,8.880,156,95,239
2026-07-24T19:50:22Z,-11.6413480,166.9461610,14.4,25941.1,8.760,157,96,239
2026-07-24T19:50:23Z,-11.6414230,166.9461820,14.6,25949.9,8.740,156,97,240
2026-07-24T19:50:24Z,-11.6414899,166.9462139,14.8,25958.1,8.540,156,98,240
2026-07-24T19:50:25Z,-11.6415569,166.9462569,15.0,25966.6,8.540,155,98,239
2026-07-24T19:50:26Z,-11.6416120,166.9463110,15.2,25974.8,8.400,156,98,240
2026-07-24T19:50:27Z,-11.6416319,166.9463859,15.2,25982.8,8.340,156,98,240
2026-07-24T19:50:28Z,-11.6416230,166.9464500,15.4,25991.0,8.220,156,99,240
2026-07-24T19:50:29Z,-11.6415960,166.9465260,15.4,25999.1,8.200,156,99,239
2026-07-24T19:50:30Z,-11.6415680,166.9466009,15.6,26007.5,8.180,157,100,240
2026-07-24T19:50:31Z,-11.6415850,166.9466540,15.6,26015.9,8.220,156,100,239
2026-07-24T19:50:32Z,-11.6416410,166.9467189,15.4,26024.1,8.260,157,100,239
2026-07-24T19:50:33Z,-11.6417080,166.9467510,15.4,26033.1,8.420,157,101,239
2026-07-24T19:50:34Z,-11.6417779,166.9467940,15.2,26041.9,8.560,156,101,239
2026-07-24T19:50:35Z,-11.6418430,166.9468579,15.2,26051.1,8.720,158,101,240
2026-07-24T19:50:36Z,-11.6418810,166.9469230,15.2,26060.3,8.880,156,101,239
2026-07-24T19:50:37Z,-11.6418790,166.9470080,15.2,26069.9,9.160,155,100,240
2026-07-24T19:50:38Z,-11.6418360,166.9470830,15.2,26079.3,9.240,155,100,239
2026-07-24T19:50:39Z,-11.6417759,166.9471369,15.2,26088.3,9.280,155,99,240
2026-07-24T19:50:40Z,-11.6416960,166.9471799,15.0,26098.3,9.440,157,99,239
2026-07-24T19:50:41Z,-11.6416159,166.9472120,15.0,26107.8,9.500,158,100,239
2026-07-24T19:50:42Z,-11.6415329,166.9472440,14.8,26117.7,9.560,156,100,240
2026-07-24T19:50:43Z,-11.6414510,166.9472659,14.6,26127.3,9.600,156,101,239
2026-07-24T19:50:44Z,-11.6413660,166.9473199,14.4,26137.6,9.860,157,101,239
2026-07-24T19:50:45Z,-11.6412889,166.9473730,14.2,26148.5,10.040,156,102,240
2026-07-24T19:50:46Z,-11.6412480,166.9474700,13.6,26159.3,10.300,156,102,239
2026-07-24T19:50:47Z,-11.6412520,166.9475560,13.0,26169.9,10.440,156,102,239
2026-07-24T19:50:48Z,-11.6412750,166.9476630,12.2,26182.2,10.980,155,101,239
2026-07-24T19:50:49Z,-11.6412950,166.9477700,11.8,26193.4,11.160,155,100,239
2026-07-24T19:50:50Z,-11.6412859,166.9478989,11.4,26206.4,11.580,155,100,240
2026-07-24T19:50:51Z,-11.6412259,166.9479740,11.6,26218.3,11.800,155,100,240
2026-07-24T19:50:52Z,-11.6411360,166.9480490,12.2,26230.5,12.120,156,100,239
2026-07-24T19:50:53Z,-11.6410409,166.9480920,12.8,26242.4,12.040,156,101,239
2026-07-24T19:50:54Z,-11.6409549,166.9481350,13.4,26252.7,11.860,156,101,240
2026-07-24T19:50:55Z,-11.6408719,166.9481890,14.2,26263.3,11.380,155,101,240
2026-07-24T19:50:56Z,-11.6408170,166.9482419,14.8,26272.7,10.880,155,101,240
2026-07-24T19:50:57Z,-11.6408060,166.9483170,15.2,26281.6,10.220,155,101,240
2026-07-24T19:50:58Z,-11.6408180,166.9484030,15.2,26290.5,9.620,155,101,240
2026-07-24T19:50:59Z,-11.6408450,166.9484890,15.4,26300.0,9.460,156,102,239
2026-07-24T19:51:00Z,-11.6408819,166.9485640,15.2,26309.1,9.160,156,101,240
2026-07-24T19:51:01Z,-11.6409279,166.9486390,15.2,26318.9,9.240,156,101,239
2026-07-24T19:51:02Z,-11.6409819,166.9487039,15.0,26328.6,9.400,156,101,240
2026-07-24T19:51:03Z,-11.6410490,166.9487680,14.6,26338.5,9.600,156,101,239
2026-07-24T19:51:04Z,-11.6411330,166.9488110,13.8,26349.3,9.860,156,100,240
2026-07-24T19:51:05Z,-11.6412279,166.9488429,13.0,26360.3,10.240,157,101,240
2026-07-24T19:51:06Z,-11.6413360,166.9488540,12.0,26372.3,10.680,156,101,240
2026-07-24T19:51:07Z,-11.6414469,166.9488429,11.6,26385.0,11.280,155,102,239
2026-07-24T19:51:08Z,-11.6415459,166.9487790,12.0,26397.9,11.880,155,102,239
2026-07-24T19:51:09Z,-11.6416210,166.9487039,12.6,26409.8,12.100,157,103,239
2026-07-24T19:51:10Z,-11.6416860,166.9486179,13.2,26421.3,12.200,157,103,240
2026-07-24T19:51:11Z,-11.6417410,166.9485319,13.6,26431.7,11.880,156,103,240
2026-07-24T19:51:12Z,-11.6417899,166.9484569,14.0,26442.5,11.500,156,103,240
2026-07-24T19:51:13Z,-11.6418260,166.9483709,14.4,26452.3,10.880,156,103,239
2026-07-24T19:51:14Z,-11.6418469,166.9482740,14.6,26461.9,10.420,157,102,240
2026-07-24T19:51:15Z,-11.6418629,166.9481989,14.6,26472.0,10.140,156,103,240
2026-07-24T19:51:16Z,-11.6418790,166.9481129,14.8,26481.5,9.960,156,103,239
2026-07-24T19:51:17Z,-11.6419110,166.9480279,14.8,26491.1,9.720,157,103,239
2026-07-24T19:51:18Z,-11.6419710,166.9479740,14.8,26500.7,9.680,157,103,240
2026-07-24T19:51:19Z,-11.6420520,166.9479419,14.8,26510.0,9.620,157,103,240
2026-07-24T19:51:20Z,-11.6421400,166.9479310,14.8,26519.8,9.560,156,103,239
2026-07-24T19:51:21Z,-11.6422260,166.9479099,14.8,26529.8,9.660,157,102,239
2026-07-24T19:51:22Z,-11.6422990,166.9478450,14.8,26539.7,9.720,156,103,239
2026-07-24T19:51:23Z,-11.6423580,166.9477920,15.0,26549.2,9.700,158,102,239
2026-07-24T19:51:24Z,-11.6424140,166.9477270,15.2,26558.8,9.760,158,102,239
2026-07-24T19:51:25Z,-11.6424690,166.9476519,15.2,26568.4,9.720,157,102,239
2026-07-24T19:51:26Z,-11.6425270,166.9475880,15.4,26577.9,9.620,158,101,239
2026-07-24T19:51:27Z,-11.6425980,166.9475450,15.4,26587.5,9.560,157,101,239
2026-07-24T19:51:28Z,-11.6426809,166.9475450,15.0,26596.9,9.540,157,101,240
2026-07-24T19:51:29Z,-11.6427600,166.9475770,14.4,26606.8,9.600,156,101,239
2026-07-24T19:51:30Z,-11.6428340,166.9476519,13.8,26617.6,9.840,157,101,239
2026-07-24T19:51:31Z,-11.6429190,166.9476949,14.2,26628.7,10.160,158,101,239
2026-07-24T19:51:32Z,-11.6430010,166.9477379,15.4,26638.9,10.280,157,101,239
2026-07-24T19:51:33Z,-11.6430699,166.9477920,15.8,26648.3,10.280,157,101,240
2026-07-24T19:51:34Z,-11.6431300,166.9478450,15.8,26657.3,10.100,157,100,239
2026-07-24T19:51:35Z,-11.6431930,166.9478989,15.8,26666.5,9.780,156,100,240
2026-07-24T19:51:36Z,-11.6432569,166.9479529,15.6,26676.1,9.480,157,100,240
2026-07-24T19:51:37Z,-11.6433230,166.9480170,15.4,26685.8,9.380,157,100,240
2026-07-24T19:51:38Z,-11.6433859,166.9480809,15.2,26695.8,9.500,157,101,239
2026-07-24T19:51:39Z,-11.6434439,166.9481559,14.8,26706.0,9.740,157,101,239
2026-07-24T19:51:40Z,-11.6434869,166.9482419,14.6,26716.5,10.000,157,99,239
2026-07-24T19:51:41Z,-11.6434930,166.9483390,14.2,26727.1,10.200,157,98,238
2026-07-24T19:51:42Z,-11.6434470,166.9484250,14.0,26737.9,10.420,157,96,239
2026-07-24T19:51:43Z,-11.6433689,166.9484890,13.8,26749.4,10.720,157,97,241
2026-07-24T19:51:44Z,-11.6432820,166.9485530,13.4,26760.8,10.960,157,98,239
2026-07-24T19:51:45Z,-11.6431930,166.9485960,13.2,26771.8,11.060,157,98,209
2026-07-24T19:51:46Z,-11.6431020,166.9486390,13.0,26783.3,11.240,156,98,61
2026-07-24T19:51:47Z,-11.6430090,166.9486930,12.8,26795.0,11.420,156,68,31
2026-07-24T19:51:48Z,-11.6429290,166.9487459,12.8,26806.0,11.320,157,68,59
2026-07-24T19:51:49Z,-11.6428559,166.9488220,12.8,26817.0,11.240,156,67,124
2026-07-24T19:51:50Z,-11.6428050,166.9489070,13.2,26827.6,11.160,156,83,124
2026-07-24T19:51:51Z,-11.6427649,166.9489930,13.4,26837.9,10.920,156,86,124
2026-07-24T19:51:52Z,-11.6427320,166.9490680,13.8,26847.7,10.540,156,86,125
2026-07-24T19:51:53Z,-11.6427050,166.9491650,14.4,26857.1,10.220,155,85,124
2026-07-24T19:51:54Z,-11.6426819,166.9492400,14.8,26866.0,9.800,155,84,124
2026-07-24T19:51:55Z,-11.6426659,166.9493150,15.2,26874.3,9.340,155,83,124
2026-07-24T19:51:56Z,-11.6426549,166.9493789,15.8,26882.0,8.820,155,83,124
2026-07-24T19:51:57Z,-11.6426509,166.9494329,16.2,26889.0,8.260,155,80,125
2026-07-24T19:51:58Z,-11.6426529,166.9494970,16.6,26895.6,7.700,155,79,124
2026-07-24T19:51:59Z,-11.6426610,166.9495619,17.0,26901.6,7.120,155,79,124
2026-07-24T19:52:00Z,-11.6426750,166.9496049,17.4,26906.9,6.520,154,78,124
2026-07-24T19:52:01Z,-11.6426979,166.9496479,17.8,26911.9,5.980,154,78,124
2026-07-24T19:52:02Z,-11.6427239,166.9496690,18.2,26916.1,5.420,154,77,125
2026-07-24T19:52:03Z,-11.6427509,166.9496910,18.4,26920.0,4.880,154,77,125
2026-07-24T19:52:04Z,-11.6427789,166.9497120,18.6,26923.6,4.400,154,77,125
2026-07-24T19:52:05Z,-11.6428050,166.9497229,18.8,26926.8,3.980,153,78,125
2026-07-24T19:52:06Z,-11.6428310,166.9497440,19.0,26930.0,3.620,153,79,125
2026-07-24T19:52:07Z,-11.6428559,166.9497440,19.2,26933.0,3.380,153,79,125
2026-07-24T19:52:08Z,-11.6428809,166.9497550,19.4,26935.9,3.180,153,78,124
2026-07-24T19:52:09Z,-11.6429050,166.9497760,19.6,26938.7,3.020,153,79,125
2026-07-24T19:52:10Z,-11.6429279,166.9497760,19.6,26941.3,2.900,153,79,124
2026-07-24T19:52:11Z,-11.6429500,166.9497870,19.8,26944.1,2.820,152,79,125
2026-07-24T19:52:12Z,-11.6429730,166.9497870,20.0,26946.7,2.740,151,80,125
2026-07-24T19:52:13Z,-11.6429959,166.9497870,20.0,26949.3,2.680,151,80,125
2026-07-24T19:52:14Z,-11.6430190,166.9497980,20.2,26952.0,2.660,151,80,125
2026-07-24T19:52:15Z,-11.6430419,166.9497980,20.4,26954.5,2.640,151,81,124
2026-07-24T19:52:16Z,-11.6430660,166.9498190,20.4,26957.2,2.620,151,82,125
2026-07-24T19:52:17Z,-11.6430880,166.9498190,20.6,26959.9,2.640,150,82,125
2026-07-24T19:52:18Z,-11.6431129,166.9498190,20.8,26962.6,2.660,150,82,125
2026-07-24T19:52:19Z,-11.6431370,166.9498300,20.8,26965.2,2.640,149,82,125
2026-07-24T19:52:20Z,-11.6431610,166.9498300,21.0,26968.0,2.700,149,82,125
2026-07-24T19:52:21Z,-11.6431849,166.9498300,21.0,26970.7,2.700,149,83,125
2026-07-24T19:52:22Z,-11.6432109,166.9498300,21.2,26973.5,2.720,148,83,125
2026-07-24T19:52:23Z,-11.6432360,166.9498519,21.2,26976.4,2.760,148,84,124
2026-07-24T19:52:24Z,-11.6432610,166.9498519,21.4,26979.3,2.820,148,84,125
2026-07-24T19:52:25Z,-11.6432879,166.9498519,21.6,26982.2,2.840,148,84,124
2026-07-24T19:52:26Z,-11.6433149,166.9498519,21.6,26985.2,2.900,148,84,125
2026-07-24T19:52:27Z,-11.6433419,166.9498519,21.8,26988.1,2.920,148,84,125
2026-07-24T19:52:28Z,-11.6433670,166.9498620,21.8,26991.1,2.940,147,85,124
2026-07-24T19:52:29Z,-11.6433960,166.9498620,22.0,26994.2,2.980,148,85,124
2026-07-24T19:52:30Z,-11.6434240,166.9498620,22.0,26997.4,3.040,147,85,125
2026-07-24T19:52:31Z,-11.6434530,166.9498620,22.2,27000.6,3.080,147,86,125
2026-07-24T19:52:32Z,-11.6434839,166.9498620,22.2,27003.9,3.160,146,86,125
2026-07-24T19:52:33Z,-11.6435139,166.9498620,22.4,27007.2,3.220,146,86,124
2026-07-24T19:52:34Z,-11.6435439,166.9498620,22.4,27010.7,3.300,146,87,125
2026-07-24T19:52:35Z,-11.6435749,166.9498620,22.6,27014.1,3.340,146,87,124
2026-07-24T19:52:36Z,-11.6436090,166.9498519,22.6,27017.7,3.420,145,87,124
2026-07-24T19:52:37Z,-11.6436419,166.9498519,22.6,27021.6,3.540,145,87,125
2026-07-24T19:52:38Z,-11.6436759,166.9498519,22.8,27025.3,3.620,145,87,125
2026-07-24T19:52:39Z,-11.6437090,166.9498300,22.8,27029.1,3.680,145,88,125
2026-07-24T19:52:40Z,-11.6437469,166.9498300,22.8,27033.3,3.840,144,89,125
2026-07-24T19:52:41Z,-11.6437830,166.9498190,23.0,27037.5,3.960,144,90,124
2026-07-24T19:52:42Z,-11.6438189,166.9497980,23.0,27041.8,4.040,144,90,125
2026-07-24T19:52:43Z,-11.6438579,166.9497870,23.0,27046.4,4.220,144,90,124
2026-07-24T19:52:44Z,-11.6439000,166.9497760,23.0,27051.3,4.440,143,91,125
2026-07-24T19:52:45Z,-11.6439390,166.9497550,23.0,27056.1,4.560,143,92,124
2026-07-24T19:52:46Z,-11.6439790,166.9497229,22.8,27061.3,4.760,143,92,124
2026-07-24T19:52:47Z,-11.6440209,166.9496910,22.8,27067.0,5.040,143,91,124
2026-07-24T19:52:48Z,-11.6440609,166.9496690,22.6,27072.8,5.280,143,91,125
2026-07-24T19:52:49Z,-11.6441049,166.9496369,22.4,27079.2,5.580,143,91,125
2026-07-24T19:52:50Z,-11.6441479,166.9495939,22.2,27086.1,6.000,143,92,125
2026-07-24T19:52:51Z,-11.6441899,166.9495400,21.8,27093.2,6.380,144,93,125
2026-07-24T19:52:52Z,-11.6442319,166.9494870,21.6,27100.7,6.740,142,93,125
2026-07-24T19:52:53Z,-11.6442740,166.9494219,21.2,27108.5,7.140,142,92,124
2026-07-24T19:52:54Z,-11.6443170,166.9493580,20.8,27116.8,7.520,142,91,124
2026-07-24T19:52:55Z,-11.6443609,166.9493039,20.4,27125.9,7.960,142,91,125
2026-07-24T19:52:56Z,-11.6444069,166.9492189,20.0,27135.2,8.400,142,90,124
2026-07-24T19:52:57Z,-11.6444499,166.9491430,19.4,27144.7,8.800,142,90,125
2026-07-24T19:52:58Z,-11.6444939,166.9490680,19.0,27154.7,9.240,141,90,124
2026-07-24T19:52:59Z,-11.6445379,166.9489820,18.4,27165.3,9.700,141,91,125
2026-07-24T19:53:00Z,-11.6445819,166.9488859,17.8,27176.1,10.040,142,92,124
2026-07-24T19:53:01Z,-11.6446290,166.9487999,17.2,27187.8,10.520,142,92,125
2026-07-24T19:53:02Z,-11.6446740,166.9487039,16.6,27198.9,10.840,142,93,124
2026-07-24T19:53:03Z,-11.6447229,166.9486179,15.8,27211.2,11.300,141,93,125
2026-07-24T19:53:04Z,-11.6447689,166.9485100,15.2,27222.6,11.460,141,93,124
2026-07-24T19:53:05Z,-11.6448200,166.9484139,14.6,27234.9,11.760,141,93,124
2026-07-24T19:53:06Z,-11.6448760,166.9483070,13.8,27248.1,12.060,141,93,124
2026-07-24T19:53:07Z,-11.6449300,166.9481989,13.0,27260.9,12.400,141,93,125
2026-07-24T19:53:08Z,-11.6449900,166.9480920,12.4,27274.4,12.640,140,93,125
2026-07-24T19:53:09Z,-11.6450519,166.9479849,11.6,27287.8,13.040,140,94,124
2026-07-24T19:53:10Z,-11.6451239,166.9478989,10.8,27301.4,13.300,141,95,124
2026-07-24T19:53:11Z,-11.6452180,166.9478020,10.2,27315.6,13.500,141,95,125
2026-07-24T19:53:12Z,-11.6453419,166.9477700,9.6,27329.7,13.760,140,95,124
2026-07-24T19:53:13Z,-11.6454419,166.9478450,9.6,27343.1,13.740,140,95,125
2026-07-24T19:53:14Z,-11.6455100,166.9479419,9.8,27356.2,13.680,140,95,125
2026-07-24T19:53:15Z,-11.6455719,166.9480490,10.2,27369.5,13.620,141,96,124
2026-07-24T19:53:16Z,-11.6456589,166.9481239,10.2,27382.6,13.400,140,96,124
2026-07-24T19:53:17Z,-11.6457480,166.9481890,10.2,27394.6,12.980,139,96,125
2026-07-24T19:53:18Z,-11.6458390,166.9482419,10.4,27406.8,12.740,139,96,124
2026-07-24T19:53:19Z,-11.6459240,166.9483070,10.4,27418.0,12.360,139,97,125
2026-07-24T19:53:20Z,-11.6460130,166.9483709,10.4,27429.9,12.080,138,97,125
2026-07-24T19:53:21Z,-11.6460980,166.9484250,10.4,27441.1,11.700,138,97,125
2026-07-24T19:53:22Z,-11.6461800,166.9484780,10.4,27451.9,11.460,137,97,125
2026-07-24T19:53:23Z,-11.6462619,166.9485319,10.4,27462.9,11.220,137,98,125
2026-07-24T19:53:24Z,-11.6463420,166.9485960,10.4,27473.6,11.120,136,98,124
2026-07-24T19:53:25Z,-11.6464199,166.9486390,10.4,27484.0,10.820,136,99,124
2026-07-24T19:53:26Z,-11.6465000,166.9487039,10.4,27494.7,10.720,136,100,125
2026-07-24T19:53:27Z,-11.6465769,166.9487459,10.4,27504.9,10.600,135,99,125
2026-07-24T19:53:28Z,-11.6466519,166.9488110,10.4,27514.9,10.400,135,99,125
2026-07-24T19:53:29Z,-11.6467270,166.9488540,10.4,27524.9,10.260,135,99,125
2026-07-24T19:53:30Z,-11.6468020,166.9489070,10.4,27534.9,10.180,135,99,125
2026-07-24T19:53:31Z,-11.6468760,166.9489500,10.4,27544.7,10.000,134,99,124
2026-07-24T19:53:32Z,-11.6469470,166.9490039,10.4,27554.1,9.840,134,99,124
2026-07-24T19:53:33Z,-11.6470150,166.9490580,10.4,27563.4,9.700,134,99,125
2026-07-24T19:53:34Z,-11.6470880,166.9491000,10.4,27573.0,9.620,134,98,124
2026-07-24T19:53:35Z,-11.6471590,166.9491430,10.4,27582.5,9.520,133,98,124
2026-07-24T19:53:36Z,-11.6472300,166.9491970,10.4,27592.0,9.460,133,98,51
2026-07-24T19:53:37Z,-11.6472940,166.9492509,10.4,27600.8,9.340,133,98,15
2026-07-24T19:53:38Z,-11.6473559,166.9493039,10.4,27610.0,9.320,132,0,2
2026-07-24T19:53:39Z,-11.6474109,166.9493469,10.6,27618.1,9.020,132,65,32
2026-07-24T19:53:40Z,-11.6474709,166.9494010,10.6,27626.7,8.840,131,0,0
2026-07-24T19:53:41Z,-11.6475370,166.9494329,10.8,27634.7,8.540,130,0,0
2026-07-24T19:53:42Z,-11.6476070,166.9494219,10.8,27642.6,8.360,130,0,0
2026-07-24T19:53:43Z,-11.6476719,166.9493899,10.8,27650.5,8.100,129,0,0
2026-07-24T19:53:44Z,-11.6477250,166.9493469,10.8,27657.8,7.940,129,0,5
2026-07-24T19:53:45Z,-11.6477680,166.9493039,10.8,27664.8,7.620,129,0,1
2026-07-24T19:53:46Z,-11.6478159,166.9492400,10.6,27673.7,7.800,128,0,0
2026-07-24T19:53:47Z,-11.6478439,166.9491970,10.6,27679.3,7.340,127,0,0
2026-07-24T19:53:48Z,-11.6478800,166.9491430,10.6,27686.5,7.200,126,0,0
2026-07-24T19:53:49Z,-11.6479120,166.9490899,10.6,27693.3,7.100,126,0,4
2026-07-24T19:53:50Z,-11.6479459,166.9490250,10.4,27700.7,7.180,126,0,0
2026-07-24T19:53:51Z,-11.6479770,166.9489820,10.4,27707.4,6.740,125,0,0
2026-07-24T19:53:52Z,-11.6480090,166.9489179,10.4,27714.4,7.020,125,0,0
2026-07-24T19:53:53Z,-11.6480400,166.9488749,10.4,27721.1,6.920,125,0,0
2026-07-24T19:53:54Z,-11.6480719,166.9488110,10.2,27727.9,6.920,125,0,0
2026-07-24T19:53:55Z,-11.6481029,166.9487680,10.2,27735.0,6.860,125,0,0
2026-07-24T19:53:56Z,-11.6481299,166.9487139,10.2,27740.9,6.700,125,0,0
2026-07-24T19:53:57Z,-11.6481609,166.9486609,10.2,27747.5,6.620,125,0,0
2026-07-24T19:53:58Z,-11.6481930,166.9486179,10.0,27754.2,6.620,124,0,0
2026-07-24T19:53:59Z,-11.6482250,166.9485530,10.0,27760.8,6.580,124,0,0
