timestamp,lat,lon,altitude_m,distance_m,speed_ms,heart_rate_bpm,cadence_rpm,power_w
2026-07-25T12:54:08Z,35.1673239,-106.7111999,1618.4,4.6,0.000,91,54,112
2026-07-25T12:54:09Z,35.1673389,-106.7111530,1620.0,9.2,0.000,93,57,103
2026-07-25T12:54:10Z,35.1673539,-106.7111029,1621.6,14.0,0.000,93,57,124
2026-07-25T12:54:11Z,35.1673689,-106.7110530,1621.8,18.9,4.767,94,57,124
2026-07-25T12:54:12Z,35.1673839,-106.7110009,1622.0,24.1,4.875,95,64,124
2026-07-25T12:54:13Z,35.1674050,-106.7109480,1622.0,29.4,4.960,96,67,127
2026-07-25T12:54:14Z,35.1674300,-106.7108969,1622.0,34.7,5.100,96,69,133
2026-07-25T12:54:15Z,35.1674600,-106.7108470,1622.2,40.2,5.240,97,70,136
2026-07-25T12:54:16Z,35.1674900,-106.7107999,1622.2,45.8,5.380,97,72,123
2026-07-25T12:54:17Z,35.1675249,-106.7107559,1622.2,51.4,5.460,97,72,115
2026-07-25T12:54:18Z,35.1675630,-106.7107149,1622.2,56.9,5.500,98,72,111
2026-07-25T12:54:19Z,35.1676060,-106.7106800,1622.2,62.5,5.560,98,72,124
2026-07-25T12:54:20Z,35.1676510,-106.7106510,1622.2,68.0,5.560,98,72,109
2026-07-25T12:54:21Z,35.1676970,-106.7106259,1622.2,73.7,5.580,99,72,115
2026-07-25T12:54:22Z,35.1677439,-106.7106060,1622.2,79.2,5.560,99,72,121
2026-07-25T12:54:23Z,35.1677930,-106.7105930,1622.2,84.8,5.580,99,72,121
2026-07-25T12:54:24Z,35.1678429,-106.7105829,1622.2,90.4,5.580,100,72,137
2026-07-25T12:54:25Z,35.1678920,-106.7105750,1622.2,96.1,5.620,101,73,139
2026-07-25T12:54:26Z,35.1679429,-106.7105699,1622.2,101.7,5.600,101,74,130
2026-07-25T12:54:27Z,35.1679940,-106.7105669,1622.2,107.4,5.640,102,74,128
2026-07-25T12:54:28Z,35.1680459,-106.7105640,1622.2,113.1,5.660,102,74,132
2026-07-25T12:54:29Z,35.1680970,-106.7105590,1622.2,118.8,5.680,102,74,122
2026-07-25T12:54:30Z,35.1681479,-106.7105529,1622.4,124.5,5.680,102,74,120
2026-07-25T12:54:31Z,35.1681990,-106.7105470,1622.4,130.1,5.680,103,73,135
2026-07-25T12:54:32Z,35.1682489,-106.7105409,1622.4,135.8,5.680,107,73,147
2026-07-25T12:54:33Z,35.1683010,-106.7105369,1622.6,141.5,5.680,109,73,143
2026-07-25T12:54:34Z,35.1683510,-106.7105320,1622.6,147.1,5.660,109,73,143
2026-07-25T12:54:35Z,35.1684020,-106.7105290,1622.6,152.6,5.620,110,72,147
2026-07-25T12:54:36Z,35.1684520,-106.7105239,1622.6,158.2,5.620,111,71,151
2026-07-25T12:54:37Z,35.1684990,-106.7105170,1622.6,163.7,5.580,111,71,168
2026-07-25T12:54:38Z,35.1685489,-106.7105119,1622.6,169.2,5.540,112,71,171
2026-07-25T12:54:39Z,35.1685990,-106.7105070,1622.4,174.7,5.520,113,71,156
2026-07-25T12:54:40Z,35.1686479,-106.7105020,1622.4,180.2,5.520,113,71,164
2026-07-25T12:54:41Z,35.1686980,-106.7104949,1622.4,185.6,5.480,113,71,157
2026-07-25T12:54:42Z,35.1687479,-106.7104910,1622.4,191.1,5.480,113,71,157
2026-07-25T12:54:43Z,35.1687990,-106.7104880,1622.4,196.6,5.480,113,72,168
2026-07-25T12:54:44Z,35.1688499,-106.7104839,1622.4,202.1,5.480,113,72,163
2026-07-25T12:54:45Z,35.1689010,-106.7104799,1622.4,207.7,5.500,113,72,148
2026-07-25T12:54:46Z,35.1689519,-106.7104750,1622.4,213.1,5.500,113,72,143
2026-07-25T12:54:47Z,35.1690020,-106.7104710,1622.4,218.7,5.520,113,71,158
2026-07-25T12:54:48Z,35.1690509,-106.7104669,1622.6,224.2,5.520,113,71,164
2026-07-25T12:54:49Z,35.1691000,-106.7104649,1622.6,229.7,5.520,114,71,152
2026-07-25T12:54:50Z,35.1691499,-106.7104640,1622.6,235.1,5.480,114,71,151
2026-07-25T12:54:51Z,35.1692000,-106.7104590,1622.8,240.7,5.520,114,71,145
2026-07-25T12:54:52Z,35.1692509,-106.7104559,1622.8,246.3,5.520,114,72,137
2026-07-25T12:54:53Z,35.1693010,-106.7104590,1622.8,252.1,5.580,115,72,140
2026-07-25T12:54:54Z,35.1693510,-106.7104669,1622.8,257.7,5.600,115,74,124
2026-07-25T12:54:55Z,35.1694010,-106.7104799,1622.8,263.2,5.620,116,74,140
2026-07-25T12:54:56Z,35.1694510,-106.7104989,1622.8,269.1,5.680,116,75,139
2026-07-25T12:54:57Z,35.1694979,-106.7105229,1623.0,274.9,5.720,117,75,123
2026-07-25T12:54:58Z,35.1695450,-106.7105470,1623.0,280.7,5.720,117,76,111
2026-07-25T12:54:59Z,35.1695940,-106.7105709,1623.0,286.6,5.780,117,76,110
2026-07-25T12:55:00Z,35.1696429,-106.7105949,1623.0,292.6,5.880,117,77,102
2026-07-25T12:55:01Z,35.1696900,-106.7106200,1623.0,298.6,5.900,118,77,99
2026-07-25T12:55:02Z,35.1697399,-106.7106460,1623.0,304.5,5.920,118,77,95
2026-07-25T12:55:03Z,35.1697890,-106.7106720,1623.0,310.5,5.960,118,77,92
2026-07-25T12:55:04Z,35.1698470,-106.7107030,1622.8,316.5,5.980,118,77,100
2026-07-25T12:55:05Z,35.1698970,-106.7107310,1622.8,322.6,6.000,118,78,110
2026-07-25T12:55:06Z,35.1699490,-106.7107569,1622.8,328.7,6.020,118,78,102
2026-07-25T12:55:07Z,35.1699999,-106.7107839,1622.8,334.8,6.060,118,78,100
2026-07-25T12:55:08Z,35.1700500,-106.7108090,1622.8,340.9,6.080,118,79,94
2026-07-25T12:55:09Z,35.1700899,-106.7108289,1622.8,346.9,6.080,118,79,100
2026-07-25T12:55:10Z,35.1701500,-106.7108600,1622.8,353.0,6.080,118,79,101
2026-07-25T12:55:11Z,35.1701999,-106.7108869,1622.8,359.0,6.060,118,79,93
2026-07-25T12:55:12Z,35.1702490,-106.7109139,1622.6,365.1,6.060,118,79,105
2026-07-25T12:55:13Z,35.1702899,-106.7109360,1622.6,371.2,6.060,118,79,114
2026-07-25T12:55:14Z,35.1703400,-106.7109620,1622.6,377.6,6.140,117,80,119
2026-07-25T12:55:15Z,35.1704019,-106.7109969,1622.6,384.2,6.240,117,83,105
2026-07-25T12:55:16Z,35.1704550,-106.7110259,1622.6,390.9,6.380,117,85,79
2026-07-25T12:55:17Z,35.1705090,-106.7110549,1622.4,397.8,6.540,117,87,64
2026-07-25T12:55:18Z,35.1705520,-106.7110780,1622.4,404.9,6.740,116,89,68
2026-07-25T12:55:19Z,35.1706059,-106.7111070,1622.4,412.2,6.920,116,92,75
2026-07-25T12:55:20Z,35.1706660,-106.7111360,1622.2,419.5,7.060,116,94,82
2026-07-25T12:55:21Z,35.1707369,-106.7111739,1622.0,426.9,7.200,116,94,98
2026-07-25T12:55:22Z,35.1707840,-106.7112029,1622.0,433.9,7.220,116,93,105
2026-07-25T12:55:23Z,35.1708420,-106.7112360,1622.0,440.9,7.200,116,90,122
2026-07-25T12:55:24Z,35.1708990,-106.7112690,1621.8,447.8,7.120,115,89,127
2026-07-25T12:55:25Z,35.1709560,-106.7113009,1621.4,454.6,7.020,115,88,123
2026-07-25T12:55:26Z,35.1710110,-106.7113319,1621.4,461.4,6.900,114,88,125
2026-07-25T12:55:27Z,35.1710659,-106.7113630,1621.4,468.2,6.860,114,87,141
2026-07-25T12:55:28Z,35.1711229,-106.7113930,1621.2,474.9,6.800,113,88,158
2026-07-25T12:55:29Z,35.1711799,-106.7114200,1621.2,481.7,6.780,113,88,163
2026-07-25T12:55:30Z,35.1712379,-106.7114459,1621.2,488.5,6.780,113,88,168
2026-07-25T12:55:31Z,35.1712959,-106.7114719,1621.2,495.2,6.760,113,87,158
2026-07-25T12:55:32Z,35.1713519,-106.7115000,1621.2,501.9,6.740,114,86,151
2026-07-25T12:55:33Z,35.1714060,-106.7115290,1621.2,508.5,6.720,114,86,167
2026-07-25T12:55:34Z,35.1714620,-106.7115579,1621.2,515.3,6.720,114,85,185
2026-07-25T12:55:35Z,35.1715170,-106.7115869,1621.2,521.9,6.680,114,85,177
2026-07-25T12:55:36Z,35.1715720,-106.7116140,1621.2,528.3,6.620,115,84,199
2026-07-25T12:55:37Z,35.1716289,-106.7116410,1621.2,534.7,6.560,115,84,191
2026-07-25T12:55:38Z,35.1716819,-106.7116700,1621.2,541.0,6.500,115,82,195
2026-07-25T12:55:39Z,35.1717330,-106.7116980,1621.4,547.0,6.340,115,81,171
2026-07-25T12:55:40Z,35.1717810,-106.7117300,1621.4,553.1,6.240,115,80,195
2026-07-25T12:55:41Z,35.1718299,-106.7117609,1621.6,559.0,6.140,115,79,205
2026-07-25T12:55:42Z,35.1718800,-106.7117870,1621.6,565.0,6.060,115,78,198
2026-07-25T12:55:43Z,35.1719299,-106.7118110,1621.6,571.2,6.040,116,78,208
2026-07-25T12:55:44Z,35.1719800,-106.7118329,1621.8,577.4,6.080,116,80,197
2026-07-25T12:55:45Z,35.1720330,-106.7118570,1621.8,583.9,6.160,116,81,206
2026-07-25T12:55:46Z,35.1720859,-106.7118820,1622.0,590.6,6.320,116,83,175
2026-07-25T12:55:47Z,35.1721419,-106.7119100,1622.0,597.5,6.500,116,87,119
2026-07-25T12:55:48Z,35.1721999,-106.7119369,1622.0,604.7,6.700,117,90,92
2026-07-25T12:55:49Z,35.1722589,-106.7119680,1622.0,612.2,6.960,116,93,79
2026-07-25T12:55:51Z,35.1723189,-106.7120000,1622.0,619.9,5.860,116,97,66
2026-07-25T12:55:52Z,35.1723810,-106.7120310,1622.0,627.7,6.040,117,99,70
2026-07-25T12:55:53Z,35.1724439,-106.7120619,1622.0,635.5,6.160,117,100,75
2026-07-25T12:55:54Z,35.1725059,-106.7120929,1621.8,643.2,6.200,116,100,66
2026-07-25T12:55:55Z,35.1725710,-106.7121260,1621.8,650.8,6.433,116,98,68
2026-07-25T12:55:56Z,35.1726329,-106.7121610,1621.6,658.3,7.680,116,98,68
2026-07-25T12:55:57Z,35.1726929,-106.7121980,1621.6,665.9,7.640,116,97,54
2026-07-25T12:55:58Z,35.1727520,-106.7122310,1621.4,673.3,7.560,116,97,0
2026-07-25T12:55:59Z,35.1728150,-106.7122560,1621.2,681.1,7.580,116,97,0
2026-07-25T12:56:00Z,35.1728820,-106.7122600,1621.2,688.9,7.620,118,0,0
2026-07-25T12:56:01Z,35.1729410,-106.7122310,1620.8,696.8,7.700,118,27,42
2026-07-25T12:56:02Z,35.1729809,-106.7121669,1620.8,705.0,7.820,118,103,97
2026-07-25T12:56:03Z,35.1730100,-106.7120840,1621.0,713.6,8.060,118,101,114
2026-07-25T12:56:04Z,35.1730379,-106.7119949,1621.0,722.4,8.260,113,101,101
2026-07-25T12:56:05Z,35.1730730,-106.7118880,1620.4,731.0,8.420,112,103,99
2026-07-25T12:56:06Z,35.1730959,-106.7118130,1620.4,739.9,8.620,112,103,96
2026-07-25T12:56:07Z,35.1731260,-106.7117220,1620.0,748.7,8.740,112,105,100
2026-07-25T12:56:08Z,35.1731570,-106.7116309,1619.8,757.5,8.780,112,105,90
2026-07-25T12:56:09Z,35.1731910,-106.7115400,1619.6,766.4,8.800,113,105,90
2026-07-25T12:56:10Z,35.1732249,-106.7114510,1619.4,775.0,8.800,113,104,110
2026-07-25T12:56:11Z,35.1732580,-106.7113619,1619.2,783.6,8.740,113,98,129
2026-07-25T12:56:12Z,35.1732910,-106.7112719,1619.0,792.5,8.760,114,93,150
2026-07-25T12:56:13Z,35.1733219,-106.7111810,1619.0,801.2,8.740,114,94,147
2026-07-25T12:56:14Z,35.1733539,-106.7110900,1618.6,810.1,8.740,114,94,125
2026-07-25T12:56:15Z,35.1733850,-106.7109979,1618.6,819.0,8.800,114,94,147
2026-07-25T12:56:16Z,35.1734160,-106.7109040,1618.4,828.0,8.880,114,95,147
2026-07-25T12:56:17Z,35.1734490,-106.7108139,1618.4,836.8,8.860,114,95,139
2026-07-25T12:56:18Z,35.1734829,-106.7107239,1618.4,845.4,8.840,114,95,152
2026-07-25T12:56:19Z,35.1735229,-106.7106170,1618.2,854.5,8.880,115,95,155
2026-07-25T12:56:20Z,35.1735509,-106.7105450,1618.2,863.3,8.860,115,96,127
2026-07-25T12:56:21Z,35.1735880,-106.7104570,1618.0,872.4,8.880,115,96,123
2026-07-25T12:56:22Z,35.1736239,-106.7103679,1618.0,881.4,8.920,115,96,125
2026-07-25T12:56:23Z,35.1736630,-106.7102809,1617.8,890.2,8.960,116,96,138
2026-07-25T12:56:24Z,35.1737109,-106.7101760,1617.6,899.1,8.920,116,96,138
2026-07-25T12:56:25Z,35.1737440,-106.7101059,1617.4,908.0,8.940,117,96,133
2026-07-25T12:56:26Z,35.1737849,-106.7100219,1617.4,917.2,8.960,116,96,150
2026-07-25T12:56:27Z,35.1738279,-106.7099379,1617.2,926.0,8.920,116,96,153
2026-07-25T12:56:28Z,35.1738699,-106.7098530,1617.2,935.0,8.960,116,96,165
2026-07-25T12:56:29Z,35.1739129,-106.7097700,1617.2,944.0,8.980,116,95,171
2026-07-25T12:56:30Z,35.1739559,-106.7096899,1617.0,953.0,9.000,116,95,167
2026-07-25T12:56:31Z,35.1739989,-106.7096069,1617.0,961.7,8.900,117,95,161
2026-07-25T12:56:32Z,35.1740399,-106.7095240,1616.8,970.4,8.880,117,94,185
2026-07-25T12:56:33Z,35.1740820,-106.7094420,1616.8,979.1,8.820,117,93,190
2026-07-25T12:56:34Z,35.1741240,-106.7093609,1616.8,987.8,8.760,117,93,163
2026-07-25T12:56:35Z,35.1741650,-106.7092790,1616.8,996.2,8.640,118,93,168
2026-07-25T12:56:36Z,35.1742070,-106.7091980,1616.8,1004.8,8.620,117,92,170
2026-07-25T12:56:37Z,35.1742579,-106.7091050,1616.6,1013.2,8.560,118,91,178
2026-07-25T12:56:38Z,35.1742999,-106.7090289,1616.6,1021.6,8.500,118,90,213
2026-07-25T12:56:39Z,35.1743340,-106.7089680,1616.6,1030.0,8.440,118,90,217
2026-07-25T12:56:40Z,35.1743759,-106.7088920,1616.6,1038.3,8.420,118,89,215
2026-07-25T12:56:41Z,35.1744159,-106.7088139,1616.8,1046.5,8.340,118,89,233
2026-07-25T12:56:42Z,35.1744650,-106.7087230,1616.8,1054.7,8.300,118,88,235
2026-07-25T12:56:43Z,35.1745060,-106.7086500,1616.8,1062.7,8.220,119,87,264
2026-07-25T12:56:44Z,35.1745429,-106.7085920,1617.0,1070.7,8.140,119,86,274
2026-07-25T12:56:45Z,35.1745889,-106.7085269,1617.0,1078.5,8.039,120,84,302
2026-07-25T12:56:46Z,35.1746449,-106.7084529,1617.4,1086.0,7.900,120,84,296
2026-07-25T12:56:47Z,35.1746919,-106.7083920,1617.4,1093.6,7.780,120,82,296
2026-07-25T12:56:48Z,35.1747290,-106.7083440,1617.6,1101.1,7.680,121,81,263
2026-07-25T12:56:49Z,35.1747800,-106.7082870,1618.0,1108.8,7.620,121,81,263
2026-07-25T12:56:50Z,35.1748440,-106.7082229,1618.6,1116.3,7.560,122,81,259
2026-07-25T12:56:51Z,35.1748870,-106.7081809,1618.8,1123.8,7.560,122,81,259
2026-07-25T12:56:52Z,35.1749509,-106.7081190,1619.0,1131.4,7.560,122,81,247
2026-07-25T12:56:53Z,35.1749939,-106.7080799,1619.2,1139.0,7.580,122,81,260
2026-07-25T12:56:54Z,35.1750509,-106.7080340,1619.2,1146.5,7.540,124,81,245
2026-07-25T12:56:55Z,35.1751089,-106.7079919,1619.4,1154.1,7.560,124,81,251
2026-07-25T12:56:56Z,35.1751680,-106.7079499,1619.6,1161.7,7.580,124,81,251
2026-07-25T12:56:57Z,35.1752250,-106.7079099,1619.8,1169.1,7.540,124,81,243
2026-07-25T12:56:58Z,35.1752840,-106.7078710,1620.0,1176.6,7.520,124,81,242
2026-07-25T12:56:59Z,35.1753460,-106.7078369,1620.0,1184.1,7.520,125,81,279
2026-07-25T12:57:00Z,35.1754079,-106.7078020,1620.0,1191.7,7.520,126,81,236
2026-07-25T12:57:01Z,35.1754840,-106.7077639,1620.0,1199.2,7.500,126,81,231
2026-07-25T12:57:02Z,35.1755359,-106.7077440,1620.0,1206.5,7.480,126,80,233
2026-07-25T12:57:03Z,35.1756010,-106.7077189,1620.2,1213.8,7.440,127,80,225
2026-07-25T12:57:04Z,35.1756789,-106.7076899,1620.2,1220.9,7.360,127,79,210
2026-07-25T12:57:05Z,35.1757419,-106.7076690,1620.2,1228.1,7.280,128,79,195
2026-07-25T12:57:06Z,35.1758070,-106.7076499,1620.2,1235.2,7.200,128,78,195
2026-07-25T12:57:07Z,35.1758590,-106.7076349,1620.2,1242.4,7.180,128,76,189
2026-07-25T12:57:08Z,35.1759230,-106.7076189,1620.2,1249.4,7.120,129,76,185
2026-07-25T12:57:09Z,35.1759880,-106.7076069,1620.4,1256.5,7.120,129,75,195
2026-07-25T12:57:10Z,35.1760620,-106.7075899,1620.6,1263.5,7.080,129,75,214
2026-07-25T12:57:11Z,35.1761240,-106.7075710,1620.8,1270.5,7.060,129,75,198
2026-07-25T12:57:12Z,35.1761729,-106.7075560,1620.8,1277.3,6.980,129,74,177
2026-07-25T12:57:13Z,35.1762309,-106.7075370,1621.0,1284.3,6.980,130,74,174
2026-07-25T12:57:14Z,35.1763029,-106.7075189,1621.2,1291.0,6.900,130,73,187
2026-07-25T12:57:15Z,35.1763620,-106.7075069,1621.2,1297.6,6.820,130,72,205
2026-07-25T12:57:16Z,35.1764080,-106.7074960,1621.4,1304.2,6.740,129,71,175
2026-07-25T12:57:17Z,35.1764670,-106.7074810,1621.4,1310.5,6.640,129,69,186
2026-07-25T12:57:18Z,35.1765329,-106.7074609,1621.4,1316.8,6.500,129,68,209
2026-07-25T12:57:19Z,35.1765719,-106.7074489,1621.4,1322.9,6.380,129,70,194
2026-07-25T12:57:20Z,35.1766340,-106.7074329,1621.4,1329.0,6.280,129,79,196
2026-07-25T12:57:21Z,35.1766749,-106.7074220,1621.4,1334.9,6.140,129,79,185
2026-07-25T12:57:22Z,35.1767260,-106.7074080,1621.6,1340.8,6.060,129,76,185
2026-07-25T12:57:23Z,35.1767869,-106.7073929,1621.6,1346.3,5.900,129,74,183
2026-07-25T12:57:24Z,35.1768360,-106.7073800,1621.8,1351.8,5.780,129,72,183
2026-07-25T12:57:25Z,35.1768739,-106.7073680,1622.0,1357.0,5.600,129,74,185
2026-07-25T12:57:26Z,35.1769199,-106.7073550,1622.2,1362.3,5.480,128,80,221
2026-07-25T12:57:27Z,35.1769650,-106.7073430,1622.4,1367.8,5.400,128,81,206
2026-07-25T12:57:28Z,35.1770110,-106.7073309,1622.4,1373.2,5.380,129,82,219
2026-07-25T12:57:29Z,35.1770660,-106.7073179,1622.6,1378.5,5.340,129,81,197
2026-07-25T12:57:30Z,35.1771039,-106.7073110,1622.6,1383.4,5.280,130,79,181
2026-07-25T12:57:31Z,35.1771489,-106.7073019,1622.8,1388.3,5.200,130,76,194
2026-07-25T12:57:32Z,35.1772010,-106.7072930,1623.2,1393.2,5.080,130,74,219
2026-07-25T12:57:33Z,35.1772430,-106.7072850,1623.2,1398.0,4.960,130,74,200
2026-07-25T12:57:34Z,35.1772830,-106.7072759,1623.6,1402.9,4.880,130,73,204
2026-07-25T12:57:35Z,35.1773170,-106.7072700,1623.6,1407.8,4.880,131,73,225
2026-07-25T12:57:36Z,35.1773600,-106.7072609,1624.0,1412.5,4.840,131,73,211
2026-07-25T12:57:37Z,35.1774020,-106.7072530,1624.0,1417.2,4.800,131,72,192
2026-07-25T12:57:38Z,35.1774430,-106.7072469,1624.4,1422.0,4.800,132,71,203
2026-07-25T12:57:39Z,35.1774830,-106.7072420,1624.6,1426.5,4.720,131,70,216
2026-07-25T12:57:40Z,35.1775249,-106.7072370,1624.8,1431.0,4.640,131,70,205
2026-07-25T12:57:41Z,35.1775659,-106.7072319,1624.8,1435.5,4.600,131,70,212
2026-07-25T12:57:42Z,35.1776079,-106.7072270,1625.0,1440.1,4.580,132,70,199
2026-07-25T12:57:43Z,35.1776480,-106.7072220,1625.2,1444.7,4.540,131,69,196
2026-07-25T12:57:44Z,35.1776900,-106.7072199,1625.2,1449.3,4.560,132,70,204
2026-07-25T12:57:45Z,35.1777330,-106.7072179,1625.4,1453.8,4.560,132,70,196
2026-07-25T12:57:46Z,35.1777750,-106.7072140,1625.6,1458.3,4.560,132,69,187
2026-07-25T12:57:47Z,35.1778160,-106.7072100,1625.8,1462.7,4.520,132,69,211
2026-07-25T12:57:48Z,35.1778559,-106.7072049,1626.0,1467.2,4.500,132,68,182
2026-07-25T12:57:49Z,35.1778959,-106.7072029,1626.2,1471.7,4.480,132,68,202
2026-07-25T12:57:50Z,35.1779360,-106.7072019,1626.4,1476.2,4.480,132,68,214
2026-07-25T12:57:51Z,35.1779770,-106.7072019,1626.4,1480.7,4.480,132,68,209
2026-07-25T12:57:52Z,35.1780190,-106.7072019,1626.6,1485.1,4.480,132,68,209
2026-07-25T12:57:53Z,35.1780590,-106.7072019,1626.6,1489.5,4.460,132,68,208
2026-07-25T12:57:54Z,35.1780979,-106.7072000,1626.8,1493.9,4.440,132,67,204
2026-07-25T12:57:55Z,35.1781370,-106.7071980,1626.8,1498.4,4.440,131,67,250
2026-07-25T12:57:56Z,35.1781770,-106.7071970,1627.0,1503.0,4.460,132,67,219
2026-07-25T12:57:57Z,35.1782180,-106.7071970,1627.2,1507.4,4.460,132,68,219
2026-07-25T12:57:58Z,35.1782569,-106.7071980,1627.4,1512.0,4.500,132,68,199
2026-07-25T12:57:59Z,35.1782989,-106.7071980,1627.6,1516.7,4.560,132,70,199
2026-07-25T12:58:00Z,35.1783390,-106.7071859,1627.6,1521.5,4.620,132,70,207
2026-07-25T12:58:01Z,35.1783699,-106.7071530,1627.8,1526.4,4.680,132,71,207
2026-07-25T12:58:02Z,35.1783869,-106.7071049,1628.0,1531.3,4.780,131,73,163
2026-07-25T12:58:03Z,35.1783920,-106.7070500,1628.2,1536.7,4.940,132,73,116
2026-07-25T12:58:04Z,35.1783910,-106.7069940,1628.4,1542.3,5.120,132,80,116
2026-07-25T12:58:05Z,35.1783890,-106.7069250,1628.6,1547.9,5.280,132,88,89
2026-07-25T12:58:06Z,35.1783910,-106.7068620,1628.6,1554.1,5.540,131,90,79
2026-07-25T12:58:07Z,35.1783910,-106.7068090,1628.6,1560.1,5.760,131,90,53
2026-07-25T12:58:08Z,35.1783920,-106.7067409,1628.6,1566.4,5.940,131,94,53
2026-07-25T12:58:09Z,35.1783910,-106.7066709,1628.8,1573.0,6.140,131,90,76
2026-07-25T12:58:10Z,35.1783920,-106.7065839,1628.8,1579.9,6.400,131,92,66
2026-07-25T12:58:11Z,35.1783930,-106.7065240,1628.8,1586.9,6.560,131,95,63
2026-07-25T12:58:12Z,35.1783950,-106.7064470,1628.6,1594.0,6.780,130,95,23
2026-07-25T12:58:13Z,35.1783950,-106.7063699,1628.6,1601.2,6.960,130,91,23
2026-07-25T12:58:14Z,35.1783920,-106.7062930,1628.6,1608.4,7.080,130,93,22
2026-07-25T12:58:15Z,35.1783900,-106.7062150,1628.6,1615.9,7.200,130,88,39
2026-07-25T12:58:16Z,35.1783910,-106.7061330,1628.4,1623.6,7.340,129,89,40
2026-07-25T12:58:17Z,35.1783920,-106.7060499,1628.4,1631.3,7.460,128,91,46
2026-07-25T12:58:18Z,35.1783930,-106.7059639,1628.2,1639.1,7.580,127,92,42
2026-07-25T12:58:19Z,35.1783940,-106.7058760,1628.0,1646.9,7.700,127,93,44
2026-07-25T12:58:20Z,35.1783950,-106.7057890,1627.8,1655.0,7.820,126,94,43
2026-07-25T12:58:21Z,35.1783970,-106.7057010,1627.8,1663.1,7.900,125,94,22
2026-07-25T12:58:22Z,35.1783979,-106.7056110,1627.4,1671.2,7.980,125,91,22
2026-07-25T12:58:23Z,35.1783979,-106.7055209,1627.4,1679.5,8.080,124,91,0
2026-07-25T12:58:24Z,35.1783979,-106.7054329,1627.2,1687.4,8.100,123,22,0
2026-07-25T12:58:25Z,35.1783989,-106.7053440,1627.0,1695.4,8.080,122,22,0
2026-07-25T12:58:26Z,35.1783989,-106.7052560,1626.8,1703.3,8.039,122,87,53
2026-07-25T12:58:27Z,35.1783979,-106.7051680,1626.6,1711.2,8.000,121,85,40
2026-07-25T12:58:28Z,35.1783970,-106.7050800,1626.6,1719.1,7.920,120,84,38
2026-07-25T12:58:29Z,35.1783970,-106.7049930,1626.4,1726.9,7.900,121,85,42
2026-07-25T12:58:30Z,35.1783960,-106.7049070,1626.4,1734.9,7.900,120,84,49
2026-07-25T12:58:31Z,35.1783930,-106.7048190,1626.2,1742.9,7.920,118,84,52
2026-07-25T12:58:32Z,35.1783930,-106.7047330,1626.0,1750.8,7.920,118,84,56
2026-07-25T12:58:33Z,35.1783910,-106.7046459,1625.8,1758.6,7.900,116,84,59
2026-07-25T12:58:34Z,35.1783910,-106.7045600,1625.8,1766.4,7.900,116,84,62
2026-07-25T12:58:35Z,35.1783920,-106.7044569,1625.6,1774.2,7.860,113,84,55
2026-07-25T12:58:36Z,35.1783920,-106.7043880,1625.6,1782.1,7.840,113,84,59
2026-07-25T12:58:37Z,35.1783910,-106.7043020,1625.6,1790.0,7.840,111,84,61
2026-07-25T12:58:38Z,35.1783910,-106.7041979,1625.4,1797.9,7.860,111,84,61
2026-07-25T12:58:39Z,35.1783930,-106.7041279,1625.4,1805.7,7.860,111,83,63
2026-07-25T12:58:40Z,35.1783940,-106.7040239,1625.2,1813.7,7.900,111,83,60
2026-07-25T12:58:41Z,35.1783960,-106.7039549,1625.2,1821.5,7.880,111,84,71
2026-07-25T12:58:42Z,35.1783960,-106.7038700,1625.0,1829.6,7.920,111,85,119
2026-07-25T12:58:43Z,35.1783950,-106.7037659,1625.0,1837.8,7.980,111,86,106
2026-07-25T12:58:44Z,35.1783950,-106.7036750,1624.8,1846.1,8.080,111,88,194
2026-07-25T12:58:45Z,35.1783950,-106.7035819,1624.8,1854.4,8.140,111,89,133
2026-07-25T12:58:46Z,35.1783940,-106.7035089,1624.6,1862.8,8.260,111,89,47
2026-07-25T12:58:47Z,35.1783940,-106.7034170,1624.6,1871.2,8.320,111,90,53
2026-07-25T12:58:48Z,35.1783950,-106.7033240,1624.4,1879.6,8.360,111,90,60
2026-07-25T12:58:49Z,35.1783940,-106.7032110,1624.4,1888.2,8.420,111,91,66
2026-07-25T12:58:50Z,35.1783940,-106.7031359,1624.4,1896.7,8.460,111,91,62
2026-07-25T12:58:51Z,35.1783940,-106.7030420,1624.2,1905.2,8.480,111,91,68
2026-07-25T12:58:52Z,35.1783960,-106.7029280,1623.8,1914.0,8.560,111,92,48
2026-07-25T12:58:53Z,35.1783970,-106.7028299,1623.8,1923.2,8.720,110,77,7
2026-07-25T12:58:54Z,35.1783979,-106.7027510,1623.6,1932.7,8.900,110,77,0
2026-07-25T12:58:55Z,35.1783979,-106.7026480,1623.4,1942.2,9.100,109,77,0
2026-07-25T12:58:56Z,35.1783950,-106.7025449,1623.4,1951.6,9.280,108,0,0
2026-07-25T12:58:57Z,35.1783920,-106.7024419,1623.2,1960.9,9.380,106,0,0
2026-07-25T12:58:58Z,35.1783910,-106.7023409,1623.0,1969.2,9.200,105,0,0
2026-07-25T12:58:59Z,35.1783920,-106.7022450,1622.6,1976.5,8.760,101,0,0
2026-07-25T12:59:00Z,35.1783940,-106.7021600,1622.6,1982.7,8.100,99,0,0
2026-07-25T12:59:01Z,35.1784009,-106.7020740,1622.0,1988.1,7.300,97,0,0
2026-07-25T12:59:02Z,35.1784139,-106.7020300,1621.8,1993.1,6.440,96,0,0
2026-07-25T12:59:03Z,35.1784390,-106.7019870,1621.4,1997.4,5.640,96,0,0
2026-07-25T12:59:04Z,35.1784709,-106.7019650,1621.0,2001.8,5.060,97,0,0
2026-07-25T12:59:05Z,35.1785110,-106.7019559,1620.4,2006.7,4.800,97,0,0
2026-07-25T12:59:06Z,35.1785640,-106.7019529,1620.2,2012.2,4.820,97,50,287
2026-07-25T12:59:07Z,35.1786039,-106.7019549,1619.8,2018.1,5.000,99,58,250
2026-07-25T12:59:08Z,35.1786559,-106.7019549,1619.8,2024.2,5.360,101,63,197
2026-07-25T12:59:09Z,35.1787100,-106.7019529,1619.6,2030.4,5.720,105,63,161
2026-07-25T12:59:10Z,35.1787670,-106.7019510,1619.4,2036.8,6.020,107,67,161
2026-07-25T12:59:11Z,35.1788250,-106.7019539,1619.2,2043.6,6.280,109,69,134
2026-07-25T12:59:12Z,35.1788940,-106.7019669,1619.2,2050.4,6.460,111,70,162
2026-07-25T12:59:13Z,35.1789410,-106.7019799,1619.0,2057.4,6.640,112,73,122
2026-07-25T12:59:14Z,35.1790010,-106.7019989,1618.8,2064.7,6.860,112,75,120
2026-07-25T12:59:15Z,35.1790629,-106.7020220,1618.6,2072.2,7.080,112,77,78
2026-07-25T12:59:16Z,35.1791260,-106.7020460,1618.4,2079.8,7.240,112,77,0
2026-07-25T12:59:17Z,35.1792039,-106.7020740,1618.2,2087.4,7.400,112,77,0
2026-07-25T12:59:18Z,35.1792580,-106.7020900,1618.2,2095.0,7.520,112,0,0
2026-07-25T12:59:19Z,35.1793229,-106.7021050,1617.8,2101.6,7.380,111,0,0
2026-07-25T12:59:20Z,35.1793840,-106.7021180,1617.6,2107.8,7.120,111,0,0
2026-07-25T12:59:21Z,35.1794460,-106.7021360,1617.4,2112.2,6.480,109,0,0
2026-07-25T12:59:22Z,35.1794750,-106.7021450,1617.2,2116.1,5.740,109,0,0
2026-07-25T12:59:23Z,35.1795069,-106.7021549,1617.0,2120.0,5.000,108,0,0
2026-07-25T12:59:24Z,35.1795390,-106.7021610,1616.6,2124.5,4.580,107,0,0
2026-07-25T12:59:25Z,35.1795740,-106.7021500,1616.6,2129.8,4.400,106,0,0
2026-07-25T12:59:26Z,35.1796150,-106.7021119,1616.4,2135.7,4.700,106,53,160
2026-07-25T12:59:27Z,35.1796320,-106.7020689,1616.4,2143.0,5.380,106,65,159
2026-07-25T12:59:28Z,35.1796379,-106.7019989,1616.4,2150.8,6.160,107,74,151
2026-07-25T12:59:29Z,35.1796270,-106.7019000,1616.4,2159.1,6.920,108,74,111
2026-07-25T12:59:30Z,35.1796150,-106.7018269,1616.2,2168.0,7.640,108,86,111
2026-07-25T12:59:31Z,35.1796020,-106.7017310,1616.0,2178.1,8.480,109,92,54
2026-07-25T12:59:32Z,35.1795880,-106.7016310,1615.8,2187.7,8.940,110,92,0
2026-07-25T12:59:33Z,35.1795690,-106.7015280,1615.2,2197.8,9.400,110,92,0
2026-07-25T12:59:34Z,35.1795470,-106.7014209,1615.2,2208.1,9.800,111,0,0
2026-07-25T12:59:35Z,35.1795189,-106.7012890,1614.6,2218.9,10.180,111,0,0
2026-07-25T12:59:36Z,35.1794939,-106.7011990,1614.2,2229.7,10.320,109,0,0
2026-07-25T12:59:37Z,35.1794530,-106.7010899,1613.8,2239.8,10.420,108,0,0
2026-07-25T12:59:38Z,35.1794049,-106.7009680,1613.6,2249.1,10.260,107,0,0
2026-07-25T12:59:39Z,35.1793850,-106.7008860,1613.0,2258.4,10.060,105,0,0
2026-07-25T12:59:40Z,35.1793550,-106.7007670,1612.2,2268.3,9.880,105,73,154
2026-07-25T12:59:41Z,35.1793260,-106.7006909,1612.0,2278.7,9.800,106,73,30
2026-07-25T12:59:42Z,35.1792860,-106.7005889,1611.0,2289.3,9.900,108,100,30
2026-07-25T12:59:43Z,35.1792509,-106.7004830,1610.8,2300.0,10.180,109,92,4
2026-07-25T12:59:44Z,35.1792079,-106.7003510,1609.6,2310.4,10.400,109,92,0
2026-07-25T12:59:45Z,35.1791759,-106.7002600,1609.4,2321.4,10.620,110,92,0
2026-07-25T12:59:46Z,35.1791430,-106.7001450,1608.6,2332.8,10.820,110,0,0
2026-07-25T12:59:47Z,35.1791100,-106.7000269,1608.2,2344.2,10.980,110,27,20
2026-07-25T12:59:48Z,35.1790700,-106.6999109,1607.6,2356.0,11.200,109,39,30
2026-07-25T12:59:49Z,35.1790339,-106.6997920,1607.0,2368.2,11.560,108,90,31
2026-07-25T12:59:50Z,35.1790019,-106.6996659,1606.6,2380.9,11.900,106,90,71
2026-07-25T12:59:51Z,35.1789720,-106.6995369,1605.8,2393.8,12.200,106,92,59
2026-07-25T12:59:52Z,35.1789439,-106.6994030,1605.6,2407.1,12.580,106,94,52
2026-07-25T12:59:53Z,35.1789210,-106.6992649,1605.0,2420.4,12.880,105,96,56
2026-07-25T12:59:54Z,35.1788980,-106.6991219,1604.4,2434.0,13.160,105,97,33
2026-07-25T12:59:55Z,35.1788749,-106.6989749,1604.0,2447.9,13.400,106,99,39
2026-07-25T12:59:56Z,35.1788560,-106.6988240,1602.8,2462.1,13.660,107,99,41
2026-07-25T12:59:57Z,35.1788410,-106.6986729,1602.4,2476.3,13.840,107,97,15
2026-07-25T12:59:58Z,35.1788270,-106.6984889,1601.6,2490.7,14.060,107,83,5
2026-07-25T12:59:59Z,35.1788179,-106.6983299,1601.2,2505.2,14.240,107,83,5
2026-07-25T13:00:00Z,35.1788130,-106.6982009,1600.0,2520.1,14.440,107,73,5
2026-07-25T13:00:01Z,35.1788110,-106.6980390,1599.4,2535.1,14.600,106,50,7
2026-07-25T13:00:02Z,35.1788169,-106.6978450,1598.2,2549.9,14.720,105,50,0
2026-07-25T13:00:03Z,35.1788250,-106.6976829,1597.6,2564.8,14.820,104,50,0
2026-07-25T13:00:04Z,35.1788350,-106.6975200,1596.4,2579.9,14.940,104,16,0
2026-07-25T13:00:05Z,35.1788449,-106.6973880,1595.2,2595.1,15.000,103,79,0
2026-07-25T13:00:06Z,35.1788640,-106.6972219,1594.8,2610.6,15.100,102,83,7
2026-07-25T13:00:07Z,35.1788899,-106.6970550,1593.6,2626.2,15.260,102,82,6
2026-07-25T13:00:08Z,35.1789189,-106.6968860,1593.0,2641.8,15.400,103,90,23
2026-07-25T13:00:09Z,35.1789520,-106.6967169,1591.8,2657.6,15.540,104,97,37
2026-07-25T13:00:10Z,35.1789800,-106.6965479,1591.0,2673.6,15.700,104,94,26
2026-07-25T13:00:11Z,35.1790110,-106.6963790,1590.0,2689.8,15.840,104,94,60
2026-07-25T13:00:12Z,35.1790530,-106.6961729,1589.2,2706.2,16.000,105,100,60
2026-07-25T13:00:13Z,35.1790850,-106.6959979,1588.4,2722.7,16.180,105,100,53
2026-07-25T13:00:14Z,35.1791189,-106.6958230,1587.2,2739.3,16.340,105,100,51
2026-07-25T13:00:15Z,35.1791449,-106.6956819,1586.8,2755.9,16.460,106,101,51
2026-07-25T13:00:16Z,35.1791779,-106.6955070,1585.2,2772.4,16.520,106,102,47
2026-07-25T13:00:17Z,35.1792110,-106.6953310,1584.4,2789.1,16.580,106,102,51
2026-07-25T13:00:18Z,35.1792499,-106.6951190,1583.2,2805.9,16.640,106,41,13
2026-07-25T13:00:19Z,35.1792710,-106.6949750,1582.6,2822.9,16.720,106,54,8
2026-07-25T13:00:20Z,35.1792939,-106.6947929,1581.6,2839.8,16.780,106,92,8
2026-07-25T13:00:21Z,35.1793179,-106.6945730,1580.4,2856.8,16.880,106,97,12
2026-07-25T13:00:22Z,35.1793380,-106.6943909,1579.8,2873.9,16.960,106,97,11
2026-07-25T13:00:23Z,35.1793509,-106.6942429,1578.4,2890.9,17.000,106,98,11
2026-07-25T13:00:24Z,35.1793659,-106.6940559,1577.6,2908.0,17.020,106,70,10
2026-07-25T13:00:25Z,35.1793769,-106.6938680,1576.6,2924.9,17.020,106,59,2
2026-07-25T13:00:26Z,35.1793860,-106.6936439,1576.0,2941.8,17.000,106,59,2
2026-07-25T13:00:27Z,35.1793909,-106.6934950,1574.6,2958.8,16.980,105,79,2
2026-07-25T13:00:28Z,35.1793949,-106.6933080,1573.4,2975.8,16.980,105,102,48
2026-07-25T13:00:29Z,35.1793970,-106.6931210,1573.2,2992.6,16.920,105,104,187
2026-07-25T13:00:30Z,35.1793990,-106.6929379,1571.6,3009.4,16.900,105,103,205
2026-07-25T13:00:31Z,35.1794010,-106.6927189,1571.2,3026.2,16.880,105,103,270
2026-07-25T13:00:32Z,35.1794030,-106.6925380,1570.2,3042.4,16.720,106,101,274
2026-07-25T13:00:33Z,35.1794049,-106.6923950,1569.8,3058.5,16.540,106,99,257
2026-07-25T13:00:34Z,35.1794059,-106.6922189,1568.6,3074.0,16.280,107,97,249
2026-07-25T13:00:35Z,35.1794079,-106.6920130,1568.2,3089.3,15.980,109,97,240
2026-07-25T13:00:36Z,35.1794110,-106.6918790,1567.2,3104.3,15.620,110,94,240
2026-07-25T13:00:37Z,35.1794160,-106.6916820,1566.6,3119.2,15.360,111,92,225
2026-07-25T13:00:38Z,35.1794240,-106.6915530,1566.4,3133.8,15.060,112,91,220
2026-07-25T13:00:39Z,35.1794359,-106.6913940,1566.0,3148.0,14.800,113,89,205
2026-07-25T13:00:40Z,35.1794489,-106.6912379,1566.0,3162.1,14.560,114,88,189
2026-07-25T13:00:41Z,35.1794639,-106.6910519,1565.6,3176.2,14.380,115,87,196
2026-07-25T13:00:42Z,35.1794779,-106.6908990,1565.6,3189.9,14.140,116,86,203
2026-07-25T13:00:43Z,35.1794919,-106.6907789,1565.6,3203.4,13.920,116,85,199
2026-07-25T13:00:44Z,35.1795099,-106.6906310,1565.4,3216.9,13.780,117,84,198
2026-07-25T13:00:45Z,35.1795339,-106.6904560,1565.4,3230.1,13.600,117,82,195
2026-07-25T13:00:46Z,35.1795550,-106.6903150,1565.2,3243.1,13.380,117,82,175
2026-07-25T13:00:47Z,35.1795720,-106.6902049,1565.2,3256.0,13.220,118,80,175
2026-07-25T13:00:48Z,35.1795959,-106.6900670,1565.2,3268.9,13.100,119,80,177
2026-07-25T13:00:49Z,35.1796180,-106.6899280,1565.2,3281.9,13.000,119,80,160
2026-07-25T13:00:50Z,35.1796369,-106.6897899,1565.2,3294.7,12.920,120,80,164
2026-07-25T13:00:51Z,35.1796540,-106.6896250,1565.0,3307.6,12.900,120,79,164
2026-07-25T13:00:52Z,35.1796620,-106.6895159,1565.0,3319.8,12.760,121,77,131
2026-07-25T13:00:53Z,35.1796700,-106.6893810,1564.8,3331.9,12.600,122,75,114
2026-07-25T13:00:54Z,35.1796750,-106.6892220,1564.8,3343.6,12.340,122,75,64
2026-07-25T13:00:55Z,35.1796760,-106.6891190,1564.6,3355.2,12.100,123,83,64
2026-07-25T13:00:56Z,35.1796760,-106.6889659,1564.6,3366.4,11.760,124,83,0
2026-07-25T13:00:57Z,35.1796779,-106.6888699,1564.6,3377.2,11.480,124,83,0
2026-07-25T13:00:58Z,35.1796779,-106.6887480,1564.4,3387.6,11.140,124,0,0
2026-07-25T13:00:59Z,35.1796789,-106.6886340,1564.4,3397.0,10.680,124,17,2
2026-07-25T13:01:00Z,35.1796779,-106.6885040,1564.2,3406.3,10.220,124,64,5
2026-07-25T13:01:01Z,35.1796769,-106.6884049,1564.2,3414.9,9.700,124,70,5
2026-07-25T13:01:02Z,35.1796779,-106.6883320,1564.2,3421.7,8.900,124,70,0
2026-07-25T13:01:03Z,35.1796760,-106.6882530,1564.2,3427.1,7.900,123,70,0
2026-07-25T13:01:04Z,35.1796740,-106.6881860,1564.2,3432.0,7.000,123,0,0
2026-07-25T13:01:05Z,35.1796720,-106.6881189,1564.2,3436.3,6.000,122,0,0
2026-07-25T13:01:06Z,35.1796690,-106.6880810,1564.0,3439.9,5.000,121,0,0
2026-07-25T13:01:07Z,35.1796659,-106.6880390,1564.0,3442.9,4.240,120,0,0
2026-07-25T13:01:08Z,35.1796649,-106.6880000,1564.0,3445.1,3.600,119,0,0
2026-07-25T13:01:09Z,35.1796659,-106.6879830,1564.0,3445.1,2.620,119,0,0
2026-07-25T13:01:10Z,35.1796659,-106.6879790,1564.0,3445.1,1.760,118,0,0
2026-07-25T13:01:11Z,35.1796659,-106.6879790,1564.0,3445.1,1.040,117,0,0
2026-07-25T13:01:12Z,35.1796659,-106.6879790,1564.0,3445.1,0.440,117,0,0
2026-07-25T13:01:13Z,35.1796659,-106.6879790,1564.2,3445.5,0.080,116,0,0
2026-07-25T13:01:14Z,35.1796659,-106.6879790,1564.2,3445.9,0.160,115,0,0
2026-07-25T13:01:15Z,35.1796659,-106.6879790,1564.2,3445.9,0.160,115,0,0
2026-07-25T13:01:16Z,35.1796659,-106.6879790,1564.2,3445.9,0.160,112,0,0
2026-07-25T13:01:17Z,35.1796659,-106.6879790,1564.2,3445.9,0.160,111,0,0
2026-07-25T13:01:18Z,35.1796659,-106.6879790,1564.4,3445.9,0.080,109,0,0
2026-07-25T13:01:19Z,35.1796659,-106.6879790,1564.4,3445.9,0.000,108,0,0
2026-07-25T13:01:20Z,35.1796659,-106.6879790,1564.4,3445.9,0.000,108,0,0
2026-07-25T13:01:21Z,35.1796659,-106.6879790,1564.4,3445.9,0.000,106,0,0
2026-07-25T13:01:22Z,35.1796659,-106.6879790,1564.4,3445.9,0.000,106,0,0
2026-07-25T13:01:23Z,35.1796659,-106.6879790,1564.4,3445.9,0.000,105,0,0
2026-07-25T13:01:24Z,35.1796659,-106.6879790,1564.4,3445.9,0.000,105,0,0
2026-07-25T13:01:25Z,35.1796659,-106.6879790,1564.4,3445.9,0.000,103,0,0
2026-07-25T13:01:26Z,35.1796659,-106.6879790,1564.4,3445.9,0.000,102,0,0
2026-07-25T13:01:27Z,35.1796659,-106.6879790,1564.4,3445.9,0.000,98,0,0
2026-07-25T13:01:28Z,35.1796659,-106.6879790,1564.4,3445.9,0.000,98,0,0
2026-07-25T13:01:29Z,35.1796659,-106.6879790,1564.4,3445.9,0.000,98,0,0
2026-07-25T13:01:30Z,35.1796659,-106.6879790,1564.4,3445.9,0.000,98,0,0
2026-07-25T13:01:31Z,35.1796659,-106.6879790,1564.4,3445.9,0.000,98,0,0
2026-07-25T13:01:32Z,35.1796649,-106.6879749,1564.2,3448.9,0.600,96,0,0
2026-07-25T13:01:33Z,35.1796580,-106.6879430,1564.2,3451.3,1.080,97,0,0
2026-07-25T13:01:34Z,35.1796540,-106.6879120,1564.2,3454.4,1.700,97,16,0
2026-07-25T13:01:35Z,35.1796540,-106.6878769,1564.2,3457.6,2.340,99,45,186
2026-07-25T13:01:36Z,35.1796529,-106.6878370,1564.2,3461.4,3.100,100,45,101
2026-07-25T13:01:37Z,35.1796540,-106.6877859,1564.2,3465.5,3.320,102,30,101
2026-07-25T13:01:38Z,35.1796550,-106.6877469,1564.2,3470.5,3.840,103,30,355
2026-07-25T13:01:39Z,35.1796580,-106.6876830,1564.2,3475.9,4.300,104,74,355
2026-07-25T13:01:40Z,35.1796590,-106.6876329,1564.2,3481.6,4.800,105,83,283
2026-07-25T13:01:41Z,35.1796590,-106.6875680,1564.2,3487.5,5.220,106,87,252
2026-07-25T13:01:42Z,35.1796600,-106.6875060,1564.0,3493.4,5.580,107,89,238
2026-07-25T13:01:43Z,35.1796610,-106.6874289,1564.0,3499.4,5.780,109,91,224
2026-07-25T13:01:44Z,35.1796610,-106.6873780,1564.0,3505.4,5.900,110,91,216
2026-07-25T13:01:45Z,35.1796600,-106.6873139,1564.0,3511.4,5.960,112,90,209
2026-07-25T13:01:46Z,35.1796580,-106.6872480,1564.0,3517.4,5.980,112,90,205
2026-07-25T13:01:47Z,35.1796590,-106.6871829,1564.0,3523.4,6.000,113,90,212
2026-07-25T13:01:48Z,35.1796610,-106.6871050,1564.0,3529.3,5.980,114,90,206
2026-07-25T13:01:49Z,35.1796610,-106.6870529,1564.0,3535.3,5.980,114,91,216
2026-07-25T13:01:50Z,35.1796610,-106.6869880,1564.0,3541.6,6.040,115,92,225
2026-07-25T13:01:51Z,35.1796620,-106.6869239,1564.0,3547.8,6.080,116,93,205
2026-07-25T13:01:52Z,35.1796659,-106.6868559,1564.0,3554.0,6.120,116,93,202
2026-07-25T13:01:53Z,35.1796720,-106.6867880,1564.0,3560.2,6.180,117,94,228
2026-07-25T13:01:54Z,35.1796779,-106.6867210,1564.2,3566.5,6.240,118,95,207
2026-07-25T13:01:55Z,35.1796799,-106.6866549,1564.2,3572.8,6.240,119,95,209
2026-07-25T13:01:56Z,35.1796840,-106.6865740,1564.6,3579.1,6.260,119,95,196
2026-07-25T13:01:57Z,35.1796890,-106.6865200,1565.0,3585.5,6.300,119,95,203
2026-07-25T13:01:58Z,35.1796949,-106.6864509,1565.0,3591.6,6.280,121,95,195
2026-07-25T13:01:59Z,35.1797030,-106.6863819,1565.2,3597.9,6.280,122,95,204
2026-07-25T13:02:00Z,35.1797120,-106.6863140,1565.2,3604.2,6.280,122,95,204
2026-07-25T13:02:01Z,35.1797219,-106.6862320,1565.4,3610.5,6.280,123,95,195
2026-07-25T13:02:02Z,35.1797320,-106.6861649,1565.6,3616.9,6.280,123,95,202
2026-07-25T13:02:03Z,35.1797410,-106.6861110,1565.4,3623.2,6.320,124,96,231
2026-07-25T13:02:04Z,35.1797529,-106.6860420,1565.6,3629.6,6.340,124,97,223
2026-07-25T13:02:05Z,35.1797679,-106.6859599,1565.6,3636.0,6.360,124,97,211
2026-07-25T13:02:06Z,35.1797819,-106.6858899,1566.0,3642.3,6.360,124,97,198
2026-07-25T13:02:07Z,35.1797969,-106.6858240,1566.0,3648.6,6.340,124,96,192
2026-07-25T13:02:08Z,35.1798109,-106.6857710,1566.4,3655.0,6.360,125,96,194
2026-07-25T13:02:09Z,35.1798280,-106.6857049,1566.2,3661.3,6.340,125,96,198
2026-07-25T13:02:10Z,35.1798430,-106.6856380,1566.4,3667.6,6.320,125,95,204
2026-07-25T13:02:11Z,35.1798620,-106.6855589,1566.6,3673.8,6.300,125,94,212
2026-07-25T13:02:12Z,35.1798770,-106.6855090,1566.8,3679.9,6.260,125,94,215
2026-07-25T13:02:13Z,35.1798959,-106.6854469,1567.0,3686.0,6.200,125,93,202
2026-07-25T13:02:14Z,35.1799160,-106.6853849,1567.0,3692.1,6.160,125,92,222
2026-07-25T13:02:15Z,35.1799350,-106.6853240,1567.0,3698.3,6.140,126,92,230
2026-07-25T13:02:16Z,35.1799570,-106.6852640,1567.2,3704.4,6.120,126,91,249
2026-07-25T13:02:17Z,35.1799770,-106.6852019,1567.4,3710.5,6.120,126,91,193
2026-07-25T13:02:18Z,35.1799969,-106.6851390,1567.6,3716.4,6.080,127,91,207
2026-07-25T13:02:19Z,35.1800180,-106.6850780,1567.8,3722.4,6.060,127,90,207
2026-07-25T13:02:20Z,35.1800389,-106.6850200,1567.8,3728.3,6.000,126,90,210
2026-07-25T13:02:21Z,35.1800640,-106.6849490,1568.0,3734.3,5.980,127,90,202
2026-07-25T13:02:22Z,35.1800849,-106.6848900,1568.2,3740.3,5.960,127,89,192
2026-07-25T13:02:23Z,35.1801020,-106.6848429,1568.2,3746.2,5.960,127,89,183
2026-07-25T13:02:24Z,35.1801290,-106.6847720,1568.4,3752.0,5.920,128,89,157
2026-07-25T13:02:25Z,35.1801510,-106.6847119,1568.6,3757.9,5.920,128,89,161
2026-07-25T13:02:26Z,35.1801709,-106.6846519,1568.8,3763.8,5.900,128,89,157
2026-07-25T13:02:27Z,35.1801859,-106.6846040,1569.0,3769.8,5.900,128,90,142
2026-07-25T13:02:28Z,35.1802080,-106.6845470,1569.0,3775.6,5.880,128,100,74
2026-07-25T13:02:29Z,35.1802340,-106.6844789,1569.2,3781.4,5.880,128,110,97
2026-07-25T13:02:30Z,35.1802549,-106.6844219,1569.2,3787.1,5.840,128,109,80
2026-07-25T13:02:31Z,35.1802750,-106.6843639,1569.4,3792.6,5.760,128,107,66
2026-07-25T13:02:32Z,35.1802920,-106.6843199,1569.4,3798.1,5.660,127,107,59
2026-07-25T13:02:33Z,35.1803109,-106.6842659,1569.6,3803.7,5.620,127,106,59
2026-07-25T13:02:34Z,35.1803310,-106.6842110,1569.6,3809.3,5.580,128,105,109
2026-07-25T13:02:35Z,35.1803549,-106.6841450,1569.8,3814.9,5.560,127,106,97
2026-07-25T13:02:36Z,35.1803709,-106.6841000,1570.0,3820.5,5.580,127,106,84
2026-07-25T13:02:37Z,35.1803930,-106.6840440,1570.0,3826.3,5.640,127,109,84
2026-07-25T13:02:38Z,35.1804170,-106.6839740,1570.0,3832.1,5.680,127,109,60
2026-07-25T13:02:39Z,35.1804380,-106.6839160,1570.0,3837.8,5.700,127,110,64
2026-07-25T13:02:40Z,35.1804589,-106.6838590,1570.0,3843.8,5.780,127,110,45
2026-07-25T13:02:41Z,35.1804750,-106.6838110,1570.0,3849.9,5.880,127,105,87
2026-07-25T13:02:42Z,35.1804950,-106.6837499,1570.0,3856.1,5.960,127,102,134
2026-07-25T13:02:43Z,35.1805190,-106.6836739,1570.0,3862.5,6.080,126,105,84
2026-07-25T13:02:44Z,35.1805399,-106.6836090,1570.0,3868.9,6.220,126,108,54
2026-07-25T13:02:45Z,35.1805599,-106.6835430,1569.8,3875.4,6.320,125,109,19
2026-07-25T13:02:46Z,35.1805770,-106.6834899,1569.8,3882.2,6.460,125,103,51
2026-07-25T13:02:47Z,35.1805989,-106.6834230,1569.6,3889.3,6.640,125,102,40
2026-07-25T13:02:48Z,35.1806240,-106.6833390,1569.6,3896.2,6.740,125,106,28
2026-07-25T13:02:49Z,35.1806449,-106.6832690,1569.4,3903.4,6.900,124,106,4
2026-07-25T13:02:50Z,35.1806610,-106.6832100,1569.4,3910.9,7.100,124,106,4
2026-07-25T13:02:51Z,35.1806820,-106.6831350,1569.4,3918.3,7.220,124,45,4
2026-07-25T13:02:52Z,35.1807080,-106.6830419,1569.2,3926.0,7.340,123,90,9
2026-07-25T13:02:53Z,35.1807309,-106.6829640,1569.0,3933.8,7.520,122,86,1
2026-07-25T13:02:54Z,35.1807520,-106.6828810,1568.8,3942.1,7.740,122,84,1
2026-07-25T13:02:55Z,35.1807690,-106.6828129,1568.6,3950.6,7.940,121,76,0
2026-07-25T13:02:56Z,35.1807910,-106.6827269,1568.4,3959.3,8.200,121,76,0
2026-07-25T13:02:57Z,35.1808120,-106.6826370,1568.4,3968.2,8.440,120,80,0
2026-07-25T13:02:58Z,35.1808319,-106.6825450,1568.0,3977.4,8.720,119,83,2
2026-07-25T13:02:59Z,35.1808510,-106.6824490,1567.8,3986.9,8.960,119,82,1
2026-07-25T13:03:00Z,35.1808680,-106.6823509,1567.6,3996.5,9.180,119,82,1
2026-07-25T13:03:01Z,35.1808820,-106.6822509,1567.2,4006.1,9.360,116,79,1
2026-07-25T13:03:02Z,35.1809009,-106.6821290,1567.0,4015.5,9.460,114,79,0
2026-07-25T13:03:03Z,35.1809169,-106.6820489,1566.4,4024.8,9.480,113,78,0
2026-07-25T13:03:04Z,35.1809380,-106.6819489,1566.2,4034.4,9.500,111,78,0
2026-07-25T13:03:05Z,35.1809640,-106.6818519,1565.8,4042.9,9.280,110,72,0
2026-07-25T13:03:06Z,35.1809889,-106.6817540,1565.6,4051.8,9.140,109,72,0
2026-07-25T13:03:07Z,35.1810090,-106.6816570,1565.0,4060.4,8.980,108,0,0
2026-07-25T13:03:08Z,35.1810199,-106.6815420,1564.8,4068.8,8.800,106,0,0
2026-07-25T13:03:09Z,35.1810060,-106.6814739,1564.8,4076.8,8.480,104,0,0
2026-07-25T13:03:10Z,35.1809680,-106.6814009,1564.4,4084.9,8.400,104,0,0
2026-07-25T13:03:11Z,35.1808999,-106.6813380,1564.2,4093.3,8.300,102,0,0
2026-07-25T13:03:12Z,35.1808309,-106.6813159,1564.0,4101.3,8.180,101,0,0
2026-07-25T13:03:13Z,35.1807729,-106.6813060,1564.0,4109.1,8.060,101,93,31
2026-07-25T13:03:14Z,35.1807029,-106.6812909,1563.8,4117.1,8.060,101,102,37
2026-07-25T13:03:15Z,35.1806350,-106.6812710,1563.8,4125.0,8.020,102,102,84
2026-07-25T13:03:16Z,35.1805650,-106.6812490,1563.6,4133.1,7.960,102,103,74
2026-07-25T13:03:17Z,35.1804800,-106.6812220,1563.4,4141.2,7.980,103,104,59
2026-07-25T13:03:18Z,35.1804240,-106.6811999,1563.4,4149.6,8.100,105,105,59
2026-07-25T13:03:19Z,35.1803549,-106.6811640,1563.2,4158.2,8.220,106,106,58
2026-07-25T13:03:20Z,35.1802849,-106.6811260,1563.0,4166.6,8.320,107,102,8
2026-07-25T13:03:21Z,35.1802050,-106.6810719,1562.8,4175.1,8.400,107,102,0
2026-07-25T13:03:22Z,35.1801450,-106.6810169,1562.8,4183.7,8.500,107,102,0
2026-07-25T13:03:23Z,35.1800989,-106.6809660,1562.6,4192.4,8.560,106,17,0
2026-07-25T13:03:24Z,35.1800450,-106.6809009,1562.4,4200.9,8.540,105,101,21
2026-07-25T13:03:25Z,35.1799809,-106.6808200,1562.4,4209.5,8.580,106,101,42
2026-07-25T13:03:26Z,35.1799379,-106.6807640,1562.2,4218.5,8.680,105,97,24
2026-07-25T13:03:27Z,35.1798829,-106.6806920,1562.0,4227.2,8.700,105,94,9
2026-07-25T13:03:28Z,35.1798290,-106.6806200,1561.8,4236.3,8.780,104,84,2
2026-07-25T13:03:29Z,35.1797740,-106.6805490,1561.6,4245.4,8.900,104,79,4
2026-07-25T13:03:30Z,35.1797089,-106.6804630,1561.4,4254.5,9.000,105,79,0
2026-07-25T13:03:31Z,35.1796519,-106.6803920,1561.4,4263.5,9.000,104,69,0
2026-07-25T13:03:32Z,35.1795900,-106.6803259,1561.0,4272.1,8.980,104,69,0
2026-07-25T13:03:33Z,35.1795390,-106.6802789,1560.8,4279.8,8.700,104,69,0
2026-07-25T13:03:34Z,35.1794659,-106.6802150,1560.8,4287.7,8.460,102,0,0
2026-07-25T13:03:35Z,35.1794219,-106.6801519,1560.6,4295.7,8.240,100,0,0
2026-07-25T13:03:36Z,35.1794010,-106.6800740,1560.4,4303.3,7.960,98,19,11
2026-07-25T13:03:37Z,35.1794059,-106.6800099,1560.2,4310.6,7.700,97,32,195
2026-07-25T13:03:38Z,35.1794250,-106.6799339,1560.0,4318.0,7.640,98,80,188
2026-07-25T13:03:39Z,35.1794479,-106.6798580,1559.6,4325.3,7.520,99,87,276
2026-07-25T13:03:40Z,35.1794769,-106.6797870,1559.4,4332.9,7.440,101,88,258
2026-07-25T13:03:41Z,35.1795059,-106.6797110,1559.2,4340.5,7.440,102,88,213
2026-07-25T13:03:42Z,35.1795330,-106.6796339,1559.0,4348.2,7.520,103,90,256
2026-07-25T13:03:43Z,35.1795610,-106.6795560,1559.0,4356.0,7.600,105,92,178
2026-07-25T13:03:44Z,35.1795900,-106.6794580,1559.0,4364.1,7.760,106,93,189
2026-07-25T13:03:45Z,35.1796099,-106.6793739,1559.0,4372.3,7.880,108,93,162
2026-07-25T13:03:46Z,35.1796270,-106.6792879,1558.8,4380.6,8.020,110,93,162
2026-07-25T13:03:47Z,35.1796389,-106.6792169,1558.8,4389.0,8.160,110,91,120
2026-07-25T13:03:48Z,35.1796529,-106.6791260,1558.8,4397.7,8.340,112,94,70
2026-07-25T13:03:49Z,35.1796669,-106.6790149,1558.6,4406.5,8.480,112,95,55
2026-07-25T13:03:50Z,35.1796740,-106.6789200,1558.6,4415.4,8.620,113,102,69
2026-07-25T13:03:51Z,35.1796779,-106.6788250,1558.4,4424.5,8.780,114,96,26
2026-07-25T13:03:52Z,35.1796769,-106.6787460,1558.4,4433.8,8.960,114,96,18
2026-07-25T13:03:53Z,35.1796740,-106.6786449,1558.0,4443.1,9.080,115,98,18
2026-07-25T13:03:54Z,35.1796679,-106.6785450,1558.0,4452.5,9.200,115,95,6
2026-07-25T13:03:55Z,35.1796529,-106.6784230,1557.8,4462.1,9.340,116,94,2
2026-07-25T13:03:56Z,35.1796389,-106.6783409,1557.6,4472.4,9.580,116,83,2
2026-07-25T13:03:57Z,35.1796170,-106.6782389,1557.2,4482.4,9.720,116,103,7
2026-07-25T13:03:58Z,35.1795900,-106.6781379,1556.8,4492.3,9.840,116,94,6
2026-07-25T13:03:59Z,35.1795600,-106.6780379,1556.6,4502.3,9.960,116,78,7
2026-07-25T13:04:00Z,35.1795209,-106.6779209,1556.2,4512.4,10.060,116,80,11
2026-07-25T13:04:01Z,35.1794899,-106.6778430,1556.0,4523.2,10.160,115,80,0
2026-07-25T13:04:02Z,35.1794489,-106.6777460,1555.6,4533.9,10.300,115,68,0
2026-07-25T13:04:03Z,35.1794020,-106.6776530,1555.4,4544.7,10.480,114,70,0
2026-07-25T13:04:04Z,35.1793390,-106.6775450,1554.8,4555.0,10.540,112,71,6
2026-07-25T13:04:05Z,35.1792919,-106.6774759,1554.6,4565.7,10.660,111,71,0
2026-07-25T13:04:06Z,35.1792310,-106.6773909,1554.4,4576.3,10.620,110,77,0
2026-07-25T13:04:07Z,35.1791670,-106.6773080,1553.8,4586.9,10.600,110,77,0
2026-07-25T13:04:08Z,35.1790870,-106.6772100,1553.4,4597.5,10.560,108,66,6
2026-07-25T13:04:09Z,35.1790199,-106.6771290,1553.0,4608.2,10.640,107,84,2
2026-07-25T13:04:10Z,35.1789530,-106.6770469,1552.6,4618.9,10.640,107,78,3
2026-07-25T13:04:11Z,35.1789000,-106.6769830,1552.0,4629.5,10.640,106,53,13
2026-07-25T13:04:12Z,35.1788309,-106.6768999,1551.8,4640.2,10.660,106,77,6
2026-07-25T13:04:13Z,35.1787480,-106.6767989,1551.6,4651.2,10.740,106,62,11
2026-07-25T13:04:14Z,35.1786780,-106.6767159,1550.8,4661.9,10.740,105,62,6
2026-07-25T13:04:15Z,35.1786220,-106.6766480,1550.4,4672.7,10.760,104,47,6
2026-07-25T13:04:16Z,35.1785510,-106.6765630,1550.2,4683.7,10.840,104,71,1
2026-07-25T13:04:17Z,35.1784670,-106.6764620,1550.0,4695.2,11.000,103,75,1
2026-07-25T13:04:18Z,35.1783979,-106.6763770,1549.2,4706.2,11.000,102,54,1
2026-07-25T13:04:19Z,35.1783419,-106.6763070,1549.2,4717.3,11.080,102,54,5
2026-07-25T13:04:20Z,35.1782740,-106.6762210,1548.6,4728.1,11.080,102,68,2
2026-07-25T13:04:21Z,35.1782090,-106.6761320,1548.0,4738.8,11.020,102,57,6
2026-07-25T13:04:22Z,35.1781500,-106.6760399,1547.6,4749.3,10.820,102,57,0
2026-07-25T13:04:23Z,35.1780950,-106.6759420,1547.0,4759.6,10.680,101,57,0
2026-07-25T13:04:24Z,35.1780460,-106.6758480,1546.8,4769.8,10.500,101,0,0
2026-07-25T13:04:25Z,35.1779999,-106.6757519,1546.6,4779.8,10.340,99,0,0
2026-07-25T13:04:26Z,35.1779580,-106.6756540,1546.4,4789.5,10.140,98,0,0
2026-07-25T13:04:27Z,35.1779140,-106.6755359,1546.2,4799.3,10.000,97,0,0
2026-07-25T13:04:28Z,35.1778829,-106.6754369,1546.0,4808.6,9.800,96,0,0
2026-07-25T13:04:29Z,35.1778590,-106.6753390,1546.0,4816.9,9.420,93,0,0
2026-07-25T13:04:30Z,35.1778430,-106.6752660,1546.0,4824.4,8.920,93,0,0
2026-07-25T13:04:31Z,35.1778249,-106.6751820,1546.0,4830.9,8.280,92,0,0
2026-07-25T13:04:32Z,35.1777969,-106.6750970,1546.0,4836.7,7.480,92,0,0
2026-07-25T13:04:33Z,35.1777620,-106.6750449,1546.0,4843.0,6.880,92,0,0
2026-07-25T13:04:34Z,35.1777239,-106.6750159,1545.8,4849.8,6.580,93,0,0
2026-07-25T13:04:35Z,35.1776689,-106.6749990,1545.6,4856.7,6.460,93,0,0
2026-07-25T13:04:36Z,35.1776099,-106.6750130,1545.6,4864.3,6.680,94,69,188
2026-07-25T13:04:37Z,35.1775480,-106.6750390,1545.2,4872.2,7.100,95,90,77
2026-07-25T13:04:38Z,35.1774700,-106.6750700,1545.4,4880.7,7.540,96,96,74
2026-07-25T13:04:39Z,35.1774140,-106.6750919,1545.2,4889.6,7.960,98,78,46
2026-07-25T13:04:40Z,35.1773390,-106.6751230,1545.0,4898.9,8.440,99,73,16
2026-07-25T13:04:41Z,35.1772469,-106.6751609,1544.8,4908.6,8.860,100,74,1
2026-07-25T13:04:42Z,35.1771659,-106.6751929,1544.6,4918.6,9.280,100,81,1
2026-07-25T13:04:43Z,35.1770810,-106.6752240,1544.2,4928.5,9.560,100,88,4
2026-07-25T13:04:44Z,35.1770120,-106.6752509,1543.4,4939.0,9.880,100,77,6
2026-07-25T13:04:45Z,35.1769230,-106.6752840,1543.0,4949.3,10.080,100,77,0
2026-07-25T13:04:46Z,35.1768150,-106.6753229,1542.4,4959.8,10.240,99,77,0
2026-07-25T13:04:47Z,35.1767240,-106.6753520,1542.2,4970.4,10.360,98,0,0
2026-07-25T13:04:48Z,35.1766299,-106.6753730,1541.6,4981.0,10.500,97,25,5
2026-07-25T13:04:49Z,35.1765540,-106.6753789,1541.4,4991.7,10.540,95,25,9
2026-07-25T13:04:50Z,35.1764589,-106.6753789,1540.8,5002.2,10.580,95,77,9
2026-07-25T13:04:51Z,35.1763630,-106.6753710,1540.4,5012.8,10.600,94,91,11
2026-07-25T13:04:52Z,35.1762500,-106.6753520,1539.8,5023.6,10.640,95,91,73
2026-07-25T13:04:53Z,35.1761760,-106.6753339,1539.4,5034.1,10.620,95,100,73
2026-07-25T13:04:54Z,35.1760829,-106.6753069,1539.4,5044.4,10.540,96,100,74
2026-07-25T13:04:55Z,35.1759740,-106.6752700,1539.0,5054.8,10.520,97,99,61
2026-07-25T13:04:56Z,35.1758849,-106.6752370,1538.8,5065.3,10.500,97,99,54
2026-07-25T13:04:57Z,35.1758150,-106.6752100,1538.4,5075.6,10.400,98,96,47
2026-07-25T13:04:58Z,35.1757249,-106.6751769,1538.0,5085.7,10.320,98,96,44
2026-07-25T13:04:59Z,35.1756369,-106.6751440,1537.6,5095.8,10.280,99,97,44
2026-07-25T13:05:00Z,35.1755300,-106.6751029,1537.2,5106.0,10.240,98,96,50
2026-07-25T13:05:01Z,35.1754420,-106.6750680,1537.0,5116.2,10.180,98,97,52
2026-07-25T13:05:02Z,35.1753730,-106.6750380,1536.8,5126.5,10.180,99,97,27
2026-07-25T13:05:03Z,35.1752880,-106.6749970,1536.8,5136.6,10.180,99,96,27
2026-07-25T13:05:04Z,35.1752049,-106.6749510,1536.6,5146.8,10.200,99,96,0
2026-07-25T13:05:05Z,35.1751240,-106.6749000,1536.4,5157.0,10.200,99,96,0
2026-07-25T13:05:06Z,35.1750460,-106.6748429,1536.2,5167.2,10.200,99,0,0
2026-07-25T13:05:07Z,35.1749680,-106.6747850,1536.0,5177.5,10.200,100,15,0
2026-07-25T13:05:08Z,35.1748899,-106.6747270,1535.8,5188.0,10.280,100,87,6
2026-07-25T13:05:09Z,35.1748150,-106.6746670,1535.8,5197.8,10.200,100,57,9
2026-07-25T13:05:10Z,35.1747430,-106.6745999,1535.6,5207.4,10.080,100,44,10
2026-07-25T13:05:11Z,35.1746660,-106.6745139,1535.2,5216.9,9.940,101,44,20
2026-07-25T13:05:12Z,35.1746159,-106.6744340,1535.0,5226.0,9.700,101,40,20
2026-07-25T13:05:13Z,35.1745860,-106.6743670,1534.8,5233.2,9.040,101,40,0
2026-07-25T13:05:14Z,35.1745550,-106.6742880,1534.8,5239.7,8.380,102,40,0
2026-07-25T13:05:15Z,35.1745240,-106.6742060,1534.4,5245.6,7.640,102,0,0
2026-07-25T13:05:16Z,35.1745049,-106.6741440,1534.0,5250.8,6.780,101,0,0
2026-07-25T13:05:17Z,35.1744940,-106.6740969,1533.8,5255.2,5.840,101,0,0
2026-07-25T13:05:18Z,35.1744830,-106.6740490,1533.6,5258.6,5.080,100,0,0
2026-07-25T13:05:19Z,35.1744709,-106.6740040,1533.4,5261.3,4.320,100,0,0
2026-07-25T13:05:20Z,35.1744619,-106.6739790,1533.2,5264.0,3.680,100,0,0
2026-07-25T13:05:21Z,35.1744589,-106.6739630,1533.2,5264.0,2.640,99,0,0
2026-07-25T13:05:22Z,35.1744589,-106.6739590,1533.2,5264.0,1.760,99,0,0
2026-07-25T13:05:23Z,35.1744589,-106.6739590,1533.2,5264.0,1.080,99,0,0
2026-07-25T13:05:24Z,35.1744589,-106.6739590,1533.2,5264.0,0.540,99,0,0
2026-07-25T13:05:25Z,35.1744589,-106.6739590,1533.2,5264.0,0.000,100,0,0
2026-07-25T13:05:26Z,35.1744589,-106.6739590,1533.2,5264.0,0.000,99,0,0
2026-07-25T13:05:27Z,35.1744589,-106.6739590,1533.2,5264.0,0.000,100,0,0
2026-07-25T13:05:28Z,35.1744589,-106.6739590,1533.2,5264.0,0.000,100,0,0
2026-07-25T13:05:29Z,35.1744589,-106.6739590,1533.2,5264.0,0.000,100,0,0
2026-07-25T13:05:30Z,35.1744589,-106.6739590,1533.4,5264.0,0.000,100,0,0
2026-07-25T13:05:31Z,35.1744589,-106.6739590,1533.4,5264.0,0.000,100,0,0
2026-07-25T13:05:32Z,35.1744589,-106.6739590,1533.4,5264.0,0.000,100,0,0
2026-07-25T13:05:33Z,35.1744589,-106.6739590,1533.4,5264.0,0.000,99,0,0
2026-07-25T13:05:34Z,35.1744589,-106.6739590,1533.4,5264.0,0.000,99,0,0
2026-07-25T13:05:35Z,35.1744589,-106.6739590,1533.4,5264.0,0.000,98,0,0
2026-07-25T13:05:36Z,35.1744589,-106.6739590,1533.4,5264.0,0.000,96,0,0
2026-07-25T13:05:37Z,35.1744589,-106.6739590,1533.4,5264.0,0.000,95,0,0
2026-07-25T13:05:38Z,35.1744589,-106.6739590,1533.4,5264.0,0.000,94,0,0
2026-07-25T13:05:39Z,35.1744589,-106.6739590,1533.4,5264.0,0.000,94,0,0
2026-07-25T13:05:40Z,35.1744589,-106.6739590,1533.2,5264.0,0.000,93,0,0
2026-07-25T13:05:41Z,35.1744589,-106.6739590,1533.2,5264.0,0.000,92,0,0
2026-07-25T13:05:42Z,35.1744589,-106.6739590,1533.2,5264.0,0.000,91,0,0
2026-07-25T13:05:43Z,35.1744589,-106.6739590,1533.2,5264.0,0.000,91,0,0
2026-07-25T13:05:44Z,35.1744589,-106.6739590,1533.2,5264.0,0.000,90,0,0
2026-07-25T13:05:45Z,35.1744589,-106.6739590,1533.2,5264.0,0.000,89,0,0
2026-07-25T13:05:46Z,35.1744589,-106.6739590,1533.2,5264.0,0.000,89,0,0
2026-07-25T13:05:47Z,35.1744589,-106.6739590,1533.2,5264.0,0.000,89,0,0
2026-07-25T13:05:48Z,35.1744589,-106.6739590,1533.2,5264.0,0.000,87,0,0
2026-07-25T13:05:49Z,35.1744589,-106.6739590,1533.2,5264.0,0.000,87,0,0
2026-07-25T13:05:50Z,35.1744589,-106.6739590,1533.2,5264.0,0.000,87,0,0
2026-07-25T13:05:51Z,35.1744589,-106.6739590,1533.2,5264.0,0.000,86,0,0
2026-07-25T13:05:52Z,35.1744589,-106.6739590,1533.2,5264.0,0.000,86,0,0
2026-07-25T13:05:53Z,35.1744589,-106.6739590,1533.2,5264.0,0.000,87,0,0
2026-07-25T13:05:54Z,35.1744589,-106.6739590,1533.2,5264.0,0.000,87,0,0
2026-07-25T13:05:55Z,35.1744589,-106.6739590,1533.2,5264.0,0.000,88,0,0
2026-07-25T13:05:56Z,35.1744589,-106.6739590,1533.2,5264.0,0.000,88,0,0
2026-07-25T13:05:57Z,35.1744589,-106.6739590,1533.2,5264.0,0.000,89,0,0
2026-07-25T13:05:58Z,35.1744589,-106.6739590,1533.2,5264.0,0.000,89,0,0
2026-07-25T13:05:59Z,35.1744589,-106.6739590,1533.2,5264.0,0.000,89,0,0
2026-07-25T13:06:00Z,35.1744589,-106.6739590,1533.2,5264.0,0.000,88,0,0
2026-07-25T13:06:01Z,35.1744589,-106.6739590,1533.2,5264.0,0.000,88,0,0
2026-07-25T13:06:02Z,35.1744589,-106.6739590,1533.2,5264.0,0.000,88,0,0
2026-07-25T13:06:03Z,35.1744589,-106.6739590,1533.2,5264.0,0.000,88,0,0
2026-07-25T13:06:04Z,35.1744589,-106.6739590,1533.2,5264.0,0.000,87,0,0
2026-07-25T13:06:05Z,35.1744589,-106.6739590,1533.2,5264.0,0.000,87,0,0
2026-07-25T13:06:06Z,35.1744589,-106.6739590,1533.2,5264.0,0.000,87,0,0
2026-07-25T13:06:07Z,35.1744589,-106.6739590,1533.2,5264.0,0.000,87,0,0
2026-07-25T13:06:08Z,35.1744589,-106.6739590,1533.2,5264.0,0.000,86,0,0
2026-07-25T13:06:09Z,35.1744589,-106.6739590,1533.2,5264.0,0.000,86,0,0
2026-07-25T13:06:10Z,35.1744589,-106.6739590,1533.2,5264.0,0.000,87,0,0
2026-07-25T13:06:11Z,35.1744589,-106.6739590,1533.2,5264.0,0.000,87,0,0
2026-07-25T13:06:12Z,35.1744589,-106.6739590,1533.2,5264.0,0.000,88,0,0
2026-07-25T13:06:13Z,35.1744589,-106.6739590,1533.2,5264.0,0.000,88,0,0
2026-07-25T13:06:14Z,35.1744589,-106.6739590,1533.0,5264.0,0.000,88,0,0
2026-07-25T13:06:15Z,35.1744589,-106.6739590,1533.0,5264.0,0.000,87,0,0
2026-07-25T13:06:16Z,35.1744589,-106.6739590,1533.0,5264.0,0.000,86,0,0
2026-07-25T13:06:17Z,35.1744589,-106.6739590,1533.0,5264.0,0.000,86,0,0
2026-07-25T13:06:18Z,35.1744589,-106.6739590,1533.0,5264.0,0.000,86,0,0
2026-07-25T13:06:19Z,35.1744589,-106.6739590,1533.0,5264.0,0.000,87,0,0
2026-07-25T13:06:20Z,35.1744589,-106.6739590,1533.0,5264.0,0.000,88,0,0
2026-07-25T13:06:21Z,35.1744589,-106.6739590,1533.0,5264.0,0.000,88,0,0
2026-07-25T13:06:22Z,35.1744589,-106.6739590,1533.0,5264.0,0.000,90,0,0
2026-07-25T13:06:23Z,35.1744579,-106.6739559,1533.0,5264.0,0.000,91,0,0
2026-07-25T13:06:24Z,35.1744510,-106.6739369,1533.0,5264.0,0.000,94,0,0
2026-07-25T13:06:25Z,35.1744449,-106.6739109,1533.0,5266.6,0.520,95,0,0
2026-07-25T13:06:26Z,35.1744380,-106.6738689,1533.0,5270.8,1.360,99,0,0
2026-07-25T13:06:27Z,35.1744299,-106.6738330,1533.0,5275.4,2.280,100,51,402
2026-07-25T13:06:28Z,35.1744149,-106.6737710,1533.0,5280.9,3.380,101,63,433
2026-07-25T13:06:29Z,35.1744039,-106.6737229,1533.0,5287.3,4.660,101,73,310
2026-07-25T13:06:30Z,35.1743889,-106.6736580,1533.0,5293.9,5.460,101,82,230
2026-07-25T13:06:31Z,35.1743690,-106.6735750,1533.0,5301.0,6.040,108,87,199
2026-07-25T13:06:32Z,35.1743500,-106.6735020,1533.0,5308.5,6.620,110,90,182
2026-07-25T13:06:33Z,35.1743380,-106.6734489,1533.0,5316.1,7.040,112,95,135
2026-07-25T13:06:34Z,35.1743179,-106.6733730,1533.0,5323.9,7.320,114,99,101
2026-07-25T13:06:35Z,35.1742910,-106.6732769,1532.8,5331.7,7.560,117,100,75
2026-07-25T13:06:36Z,35.1742680,-106.6731960,1532.8,5339.7,7.740,117,102,76
2026-07-25T13:06:37Z,35.1742419,-106.6731179,1532.6,5347.9,7.880,119,104,53
2026-07-25T13:06:38Z,35.1742149,-106.6730560,1532.6,5356.4,8.060,120,103,19
2026-07-25T13:06:39Z,35.1741780,-106.6729800,1532.4,5365.0,8.220,120,87,3
2026-07-25T13:06:40Z,35.1741370,-106.6729049,1532.2,5373.4,8.340,120,91,3
2026-07-25T13:06:41Z,35.1740849,-106.6728130,1532.2,5383.2,8.700,120,103,7
2026-07-25T13:06:42Z,35.1740409,-106.6727350,1532.0,5390.5,8.520,119,103,7
2026-07-25T13:06:43Z,35.1740040,-106.6726719,1531.4,5398.9,8.500,119,109,49
2026-07-25T13:06:44Z,35.1739510,-106.6725810,1531.2,5407.4,8.480,118,97,14
2026-07-25T13:06:45Z,35.1739090,-106.6725070,1530.8,5415.8,8.480,118,99,14
2026-07-25T13:06:46Z,35.1738660,-106.6724330,1530.8,5423.9,8.140,117,102,17
2026-07-25T13:06:47Z,35.1738350,-106.6723729,1530.6,5431.8,8.260,117,105,38
2026-07-25T13:06:48Z,35.1737950,-106.6722989,1530.4,5439.9,8.200,117,104,31
2026-07-25T13:06:49Z,35.1737470,-106.6722100,1530.2,5447.7,8.060,117,101,39
2026-07-25T13:06:50Z,35.1737080,-106.6721380,1530.0,5455.3,7.900,117,83,8
2026-07-25T13:06:51Z,35.1736669,-106.6720719,1530.0,5462.4,7.700,118,83,0
2026-07-25T13:06:52Z,35.1736269,-106.6720090,1529.8,5468.8,7.400,117,83,0
2026-07-25T13:06:53Z,35.1735910,-106.6719520,1529.8,5474.9,7.000,116,0,0
2026-07-25T13:06:54Z,35.1735549,-106.6719030,1529.8,5480.6,6.580,115,0,0
2026-07-25T13:06:55Z,35.1735200,-106.6718559,1529.8,5486.3,6.200,115,0,0
2026-07-25T13:06:56Z,35.1734900,-106.6718050,1529.6,5492.0,5.920,112,0,0
2026-07-25T13:06:57Z,35.1734730,-106.6717600,1529.6,5497.5,5.740,112,0,0
2026-07-25T13:06:58Z,35.1734620,-106.6716890,1529.6,5503.2,5.660,109,0,0
2026-07-25T13:06:59Z,35.1734710,-106.6716290,1529.6,5508.1,5.500,107,0,0
2026-07-25T13:07:00Z,35.1734920,-106.6715819,1529.4,5512.6,5.260,105,0,0
2026-07-25T13:07:01Z,35.1735200,-106.6715490,1529.4,5518.2,5.240,105,0,0
2026-07-25T13:07:02Z,35.1735509,-106.6715219,1529.4,5524.3,5.360,105,60,473
2026-07-25T13:07:03Z,35.1736020,-106.6714760,1529.4,5530.8,5.520,106,81,444
2026-07-25T13:07:04Z,35.1736470,-106.6714280,1529.4,5537.9,5.960,107,90,285
2026-07-25T13:07:05Z,35.1736949,-106.6713789,1529.4,5545.3,6.540,108,93,212
2026-07-25T13:07:06Z,35.1737340,-106.6713389,1529.4,5552.6,6.880,109,93,200
2026-07-25T13:07:07Z,35.1737849,-106.6712900,1529.4,5560.2,7.180,110,96,200
2026-07-25T13:07:08Z,35.1738480,-106.6712300,1529.2,5567.9,7.420,111,98,189
2026-07-25T13:07:09Z,35.1739030,-106.6711789,1529.2,5575.7,7.560,112,99,177
2026-07-25T13:07:10Z,35.1739470,-106.6711390,1529.0,5583.6,7.660,113,100,169
2026-07-25T13:07:11Z,35.1740040,-106.6710899,1529.0,5591.7,7.820,115,101,158
2026-07-25T13:07:12Z,35.1740610,-106.6710390,1528.8,5599.4,7.840,115,102,136
2026-07-25T13:07:13Z,35.1741289,-106.6709769,1528.8,5607.2,7.860,116,102,137
2026-07-25T13:07:14Z,35.1741849,-106.6709250,1528.6,5615.1,7.880,117,101,137
2026-07-25T13:07:15Z,35.1742409,-106.6708739,1528.6,5623.0,7.880,117,100,137
2026-07-25T13:07:16Z,35.1742849,-106.6708329,1528.6,5630.6,7.780,119,100,148
2026-07-25T13:07:17Z,35.1743419,-106.6707830,1528.4,5638.4,7.800,119,100,141
2026-07-25T13:07:18Z,35.1744100,-106.6707230,1528.4,5646.1,7.780,120,100,155
2026-07-25T13:07:19Z,35.1744670,-106.6706749,1528.4,5653.6,7.700,120,99,152
2026-07-25T13:07:20Z,35.1745230,-106.6706280,1528.4,5661.2,7.640,120,98,157
2026-07-25T13:07:21Z,35.1745680,-106.6705930,1528.6,5668.8,7.640,121,97,156
2026-07-25T13:07:22Z,35.1746410,-106.6705490,1528.6,5676.3,7.580,121,97,155
2026-07-25T13:07:23Z,35.1747029,-106.6705210,1528.6,5683.7,7.520,121,96,164
2026-07-25T13:07:24Z,35.1747670,-106.6704970,1528.6,5691.1,7.500,121,96,159
2026-07-25T13:07:25Z,35.1748189,-106.6704780,1528.6,5698.6,7.480,122,96,159
2026-07-25T13:07:26Z,35.1748950,-106.6704500,1528.6,5706.0,7.440,122,96,159
2026-07-25T13:07:27Z,35.1749609,-106.6704329,1528.6,5713.5,7.440,122,96,167
2026-07-25T13:07:28Z,35.1750270,-106.6704179,1528.6,5720.9,7.440,122,96,184
2026-07-25T13:07:29Z,35.1750799,-106.6704090,1528.6,5728.4,7.460,122,96,177
2026-07-25T13:07:30Z,35.1751460,-106.6703989,1528.8,5735.8,7.440,122,97,159
2026-07-25T13:07:31Z,35.1752260,-106.6703930,1528.8,5743.2,7.440,122,97,168
2026-07-25T13:07:32Z,35.1752929,-106.6703889,1528.8,5750.9,7.480,122,97,165
2026-07-25T13:07:33Z,35.1753600,-106.6703849,1528.8,5758.3,7.480,121,98,165
2026-07-25T13:07:34Z,35.1754140,-106.6703830,1528.8,5765.9,7.500,121,97,150
2026-07-25T13:07:35Z,35.1754809,-106.6703830,1528.8,5773.3,7.500,121,97,170
2026-07-25T13:07:36Z,35.1755630,-106.6703820,1528.8,5781.0,7.560,121,97,167
2026-07-25T13:07:37Z,35.1756300,-106.6703800,1528.8,5788.8,7.580,122,98,181
2026-07-25T13:07:38Z,35.1756979,-106.6703790,1529.0,5796.4,7.620,122,99,172
2026-07-25T13:07:39Z,35.1757669,-106.6703780,1529.0,5804.1,7.640,123,99,147
2026-07-25T13:07:40Z,35.1758220,-106.6703780,1529.0,5811.8,7.700,123,99,140
2026-07-25T13:07:41Z,35.1759050,-106.6703790,1529.0,5819.3,7.660,123,99,140
2026-07-25T13:07:42Z,35.1759730,-106.6703770,1529.0,5827.0,7.640,124,99,149
2026-07-25T13:07:43Z,35.1760419,-106.6703760,1529.0,5834.8,7.680,124,99,143
2026-07-25T13:07:44Z,35.1760979,-106.6703760,1529.0,5842.5,7.680,124,99,153
2026-07-25T13:07:45Z,35.1761820,-106.6703760,1529.0,5850.2,7.680,124,100,153
2026-07-25T13:07:46Z,35.1762540,-106.6703780,1529.0,5857.9,7.720,124,100,147
2026-07-25T13:07:47Z,35.1763240,-106.6703780,1528.8,5865.8,7.760,124,100,147
2026-07-25T13:07:48Z,35.1763950,-106.6703760,1528.8,5873.5,7.740,124,101,144
2026-07-25T13:07:49Z,35.1764500,-106.6703749,1528.8,5881.4,7.780,124,101,142
2026-07-25T13:07:50Z,35.1765350,-106.6703760,1528.8,5889.5,7.860,123,101,153
2026-07-25T13:07:51Z,35.1766039,-106.6703770,1528.8,5897.4,7.900,123,101,136
2026-07-25T13:07:52Z,35.1766729,-106.6703760,1528.8,5905.1,7.860,123,101,139
2026-07-25T13:07:53Z,35.1767289,-106.6703749,1528.8,5912.9,7.880,123,101,146
2026-07-25T13:07:54Z,35.1768140,-106.6703749,1528.8,5920.7,7.860,123,100,146
2026-07-25T13:07:55Z,35.1768830,-106.6703760,1528.8,5928.4,7.780,123,100,156
2026-07-25T13:07:56Z,35.1769530,-106.6703749,1528.8,5936.3,7.780,122,100,172
2026-07-25T13:07:57Z,35.1770240,-106.6703739,1528.8,5944.2,7.820,122,100,228
2026-07-25T13:07:58Z,35.1770939,-106.6703749,1528.8,5951.9,7.800,122,100,169
2026-07-25T13:07:59Z,35.1771639,-106.6703780,1528.8,5959.8,7.820,122,100,170
2026-07-25T13:08:00Z,35.1772339,-106.6703790,1528.8,5967.5,7.820,122,100,170
2026-07-25T13:08:01Z,35.1773030,-106.6703790,1528.8,5975.4,7.820,122,100,166
2026-07-25T13:08:02Z,35.1773580,-106.6703790,1528.8,5983.2,7.800,122,100,164
2026-07-25T13:08:03Z,35.1774280,-106.6703760,1528.8,5991.1,7.840,122,100,162
2026-07-25T13:08:04Z,35.1775099,-106.6703609,1528.8,5999.0,7.840,123,101,199
2026-07-25T13:08:05Z,35.1775750,-106.6703250,1528.8,6007.1,7.920,123,101,181
2026-07-25T13:08:06Z,35.1776219,-106.6702830,1528.8,6014.8,7.880,123,101,157
2026-07-25T13:08:07Z,35.1776850,-106.6702129,1528.8,6022.5,7.860,123,100,156
2026-07-25T13:08:08Z,35.1777350,-106.6701520,1528.8,6030.2,7.820,123,100,112
2026-07-25T13:08:09Z,35.1777839,-106.6700930,1528.8,6037.9,7.780,123,99,95
2026-07-25T13:08:10Z,35.1778330,-106.6700340,1528.8,6045.3,7.640,123,99,0
2026-07-25T13:08:11Z,35.1778710,-106.6699880,1528.8,6052.4,7.520,123,99,0
2026-07-25T13:08:12Z,35.1779150,-106.6699299,1528.8,6059.2,7.340,123,0,0
2026-07-25T13:08:13Z,35.1779669,-106.6698630,1528.8,6066.2,7.200,122,0,0
2026-07-25T13:08:14Z,35.1780129,-106.6698160,1528.8,6072.8,6.980,122,16,4
2026-07-25T13:08:15Z,35.1780679,-106.6697849,1528.8,6079.7,6.880,121,86,171
2026-07-25T13:08:16Z,35.1781259,-106.6697620,1528.8,6086.8,6.880,121,88,236
2026-07-25T13:08:17Z,35.1781839,-106.6697379,1528.8,6094.0,6.960,120,91,261
2026-07-25T13:08:18Z,35.1782419,-106.6697060,1528.8,6101.4,7.040,120,93,244
2026-07-25T13:08:19Z,35.1782979,-106.6696669,1528.8,6108.7,7.180,120,94,233
2026-07-25T13:08:20Z,35.1783530,-106.6696210,1528.8,6116.0,7.260,120,95,217
2026-07-25T13:08:21Z,35.1783960,-106.6695809,1528.8,6123.6,7.360,121,95,211
2026-07-25T13:08:22Z,35.1784490,-106.6695310,1528.8,6131.1,7.420,121,97,211
2026-07-25T13:08:23Z,35.1785149,-106.6694720,1528.8,6138.7,7.460,121,97,191
2026-07-25T13:08:24Z,35.1785690,-106.6694229,1528.8,6146.5,7.560,122,98,191
2026-07-25T13:08:25Z,35.1786110,-106.6693840,1528.8,6154.3,7.660,122,99,166
2026-07-25T13:08:26Z,35.1786780,-106.6693229,1528.8,6162.1,7.700,122,99,141
2026-07-25T13:08:27Z,35.1787319,-106.6692710,1528.8,6169.8,7.740,123,99,131
2026-07-25T13:08:28Z,35.1787869,-106.6692199,1528.8,6177.5,7.760,123,99,128
2026-07-25T13:08:29Z,35.1788410,-106.6691700,1528.8,6185.1,7.720,123,98,113
2026-07-25T13:08:30Z,35.1788960,-106.6691189,1528.8,6192.6,7.660,123,98,131
2026-07-25T13:08:31Z,35.1789410,-106.6690830,1528.8,6200.2,7.620,124,98,141
2026-07-25T13:08:32Z,35.1790070,-106.6690239,1528.8,6207.6,7.560,124,98,143
2026-07-25T13:08:33Z,35.1790609,-106.6689750,1528.8,6215.3,7.560,124,97,137
2026-07-25T13:08:34Z,35.1791130,-106.6689229,1528.8,6222.8,7.540,123,98,148
2026-07-25T13:08:35Z,35.1791560,-106.6688810,1528.8,6230.5,7.580,123,98,152
2026-07-25T13:08:36Z,35.1792100,-106.6688310,1528.8,6238.1,7.580,123,98,151
2026-07-25T13:08:37Z,35.1792749,-106.6687749,1528.8,6245.7,7.620,123,98,154
2026-07-25T13:08:38Z,35.1793290,-106.6687250,1528.8,6253.3,7.600,122,98,153
2026-07-25T13:08:39Z,35.1793810,-106.6686769,1528.8,6261.0,7.640,123,98,161
2026-07-25T13:08:40Z,35.1794260,-106.6686400,1528.8,6268.7,7.640,123,98,156
2026-07-25T13:08:41Z,35.1794799,-106.6685919,1528.8,6276.3,7.640,123,98,142
2026-07-25T13:08:42Z,35.1795460,-106.6685329,1528.8,6284.0,7.660,122,98,131
2026-07-25T13:08:43Z,35.1796010,-106.6684850,1528.8,6291.7,7.680,122,98,144
2026-07-25T13:08:44Z,35.1796560,-106.6684360,1528.8,6299.2,7.640,122,98,130
2026-07-25T13:08:45Z,35.1797000,-106.6683970,1528.8,6306.8,7.620,121,98,137
2026-07-25T13:08:46Z,35.1797620,-106.6683329,1528.8,6314.5,7.640,121,98,170
2026-07-25T13:08:47Z,35.1798020,-106.6682680,1528.8,6322.3,7.660,121,98,178
2026-07-25T13:08:48Z,35.1798270,-106.6681920,1528.8,6329.8,7.620,121,98,180
2026-07-25T13:08:49Z,35.1798369,-106.6681100,1529.0,6337.3,7.620,121,98,182
2026-07-25T13:08:50Z,35.1798379,-106.6680439,1529.0,6344.8,7.600,121,97,166
2026-07-25T13:08:51Z,35.1798359,-106.6679460,1529.0,6352.4,7.580,121,97,184
2026-07-25T13:08:52Z,35.1798330,-106.6678640,1529.0,6360.0,7.540,120,98,181
2026-07-25T13:08:53Z,35.1798330,-106.6677810,1529.0,6367.7,7.580,120,99,160
2026-07-25T13:08:54Z,35.1798320,-106.6677139,1529.0,6375.4,7.620,121,99,169
2026-07-25T13:08:55Z,35.1798310,-106.6676300,1529.0,6383.0,7.640,120,99,210
2026-07-25T13:08:56Z,35.1798330,-106.6675300,1529.0,6390.3,7.580,120,98,217
2026-07-25T13:08:57Z,35.1798330,-106.6674470,1529.0,6397.7,7.540,121,98,222
2026-07-25T13:08:58Z,35.1798340,-106.6673630,1529.0,6405.0,7.460,121,97,211
2026-07-25T13:08:59Z,35.1798359,-106.6672979,1529.0,6412.5,7.420,121,96,207
2026-07-25T13:09:00Z,35.1798369,-106.6672160,1529.0,6419.8,7.360,121,96,212
2026-07-25T13:09:01Z,35.1798379,-106.6671180,1529.0,6427.1,7.360,122,95,248
2026-07-25T13:09:02Z,35.1798369,-106.6670379,1529.2,6434.7,7.400,122,95,254
2026-07-25T13:09:03Z,35.1798350,-106.6669740,1529.2,6442.1,7.420,122,96,246
2026-07-25T13:09:04Z,35.1798359,-106.6668789,1529.2,6449.7,7.440,123,97,259
2026-07-25T13:09:05Z,35.1798369,-106.6667980,1529.4,6457.2,7.480,123,97,274
2026-07-25T13:09:06Z,35.1798379,-106.6667160,1529.4,6464.7,7.520,124,97,253
2026-07-25T13:09:07Z,35.1798389,-106.6666309,1529.4,6472.2,7.500,124,97,249
2026-07-25T13:09:08Z,35.1798379,-106.6665459,1529.4,6479.8,7.540,124,97,264
2026-07-25T13:09:09Z,35.1798369,-106.6664790,1529.6,6487.6,7.580,125,98,252
2026-07-25T13:09:10Z,35.1798369,-106.6663790,1529.6,6495.4,7.640,125,98,240
2026-07-25T13:09:11Z,35.1798369,-106.6662950,1529.8,6503.0,7.660,125,99,240
2026-07-25T13:09:12Z,35.1798369,-106.6662120,1529.8,6510.8,7.720,125,100,211
2026-07-25T13:09:13Z,35.1798350,-106.6661429,1529.8,6518.6,7.760,126,100,213
2026-07-25T13:09:14Z,35.1798330,-106.6660419,1530.0,6526.5,7.780,126,100,215
2026-07-25T13:09:15Z,35.1798340,-106.6659569,1530.0,6534.2,7.760,126,100,200
2026-07-25T13:09:16Z,35.1798340,-106.6658709,1530.0,6542.0,7.800,126,101,200
2026-07-25T13:09:17Z,35.1798340,-106.6657859,1530.0,6549.9,7.820,127,101,179
2026-07-25T13:09:18Z,35.1798359,-106.6657009,1530.0,6557.8,7.840,127,102,179
2026-07-25T13:09:19Z,35.1798379,-106.6656139,1530.0,6565.6,7.820,128,102,165
2026-07-25T13:09:20Z,35.1798379,-106.6655279,1530.0,6573.3,7.820,127,102,165
2026-07-25T13:09:21Z,35.1798379,-106.6654419,1530.0,6581.3,7.860,127,103,151
2026-07-25T13:09:22Z,35.1798369,-106.6653720,1530.0,6589.4,7.900,127,103,153
2026-07-25T13:09:23Z,35.1798369,-106.6652669,1530.0,6597.3,7.900,127,103,119
2026-07-25T13:09:24Z,35.1798369,-106.6651799,1530.0,6605.3,7.940,128,103,127
2026-07-25T13:09:25Z,35.1798369,-106.6650929,1530.0,6613.5,8.039,128,104,127
2026-07-25T13:09:26Z,35.1798369,-106.6650030,1530.0,6621.7,8.080,128,105,128
2026-07-25T13:09:27Z,35.1798350,-106.6649300,1530.0,6630.1,8.140,128,107,98
2026-07-25T13:09:28Z,35.1798340,-106.6648199,1530.0,6638.7,8.280,128,104,61
2026-07-25T13:09:29Z,35.1798340,-106.6647280,1530.0,6647.2,8.380,128,109,29
2026-07-25T13:09:30Z,35.1798350,-106.6646349,1529.8,6655.7,8.440,128,109,0
2026-07-25T13:09:31Z,35.1798369,-106.6645410,1529.8,6664.4,8.540,128,109,0
2026-07-25T13:09:32Z,35.1798369,-106.6644430,1529.6,6673.1,8.600,128,0,0
2026-07-25T13:09:33Z,35.1798350,-106.6643459,1529.4,6682.0,8.660,128,31,2
2026-07-25T13:09:34Z,35.1798330,-106.6642469,1529.4,6690.6,8.680,128,71,11
2026-07-25T13:09:35Z,35.1798320,-106.6641479,1529.4,6699.6,8.780,128,67,9
2026-07-25T13:09:36Z,35.1798330,-106.6640700,1529.2,6708.5,8.820,128,66,8
2026-07-25T13:09:37Z,35.1798340,-106.6639719,1529.0,6717.0,8.780,127,87,9
2026-07-25T13:09:38Z,35.1798359,-106.6638550,1529.0,6725.6,8.720,127,87,20
2026-07-25T13:09:39Z,35.1798330,-106.6637569,1528.8,6734.4,8.760,127,40,20
2026-07-25T13:09:40Z,35.1798330,-106.6636589,1528.6,6742.9,8.660,128,60,45
2026-07-25T13:09:41Z,35.1798320,-106.6635839,1528.4,6751.4,8.580,128,111,91
2026-07-25T13:09:42Z,35.1798300,-106.6634719,1528.4,6759.9,8.580,127,110,74
2026-07-25T13:09:43Z,35.1798280,-106.6633790,1528.0,6768.2,8.520,127,109,78
2026-07-25T13:09:44Z,35.1798270,-106.6632890,1527.8,6776.4,8.400,126,108,81
2026-07-25T13:09:45Z,35.1798259,-106.6632180,1527.8,6784.6,8.340,125,107,83
2026-07-25T13:09:46Z,35.1798249,-106.6631280,1527.6,6792.6,8.240,125,106,78
2026-07-25T13:09:47Z,35.1798249,-106.6630190,1527.6,6800.5,8.119,124,104,75
2026-07-25T13:09:48Z,35.1798229,-106.6629330,1527.6,6808.7,8.100,123,104,83
2026-07-25T13:09:49Z,35.1798229,-106.6628440,1527.6,6816.5,8.020,123,103,101
2026-07-25T13:09:50Z,35.1798239,-106.6627550,1527.6,6824.3,7.940,122,102,99
2026-07-25T13:09:51Z,35.1798229,-106.6626690,1527.6,6832.2,7.920,122,102,101
2026-07-25T13:09:52Z,35.1798219,-106.6625820,1527.6,6840.1,7.920,121,101,113
2026-07-25T13:09:53Z,35.1798219,-106.6624970,1527.6,6848.0,7.860,121,101,183
2026-07-25T13:09:54Z,35.1798219,-106.6624290,1527.6,6856.0,7.900,120,103,167
2026-07-25T13:09:55Z,35.1798239,-106.6623430,1527.6,6863.8,7.900,120,103,148
2026-07-25T13:09:56Z,35.1798270,-106.6622390,1527.6,6871.5,7.860,120,103,129
2026-07-25T13:09:57Z,35.1798290,-106.6621520,1527.4,6879.6,7.900,119,102,129
2026-07-25T13:09:58Z,35.1798330,-106.6620660,1527.4,6887.5,7.900,119,102,139
2026-07-25T13:09:59Z,35.1798379,-106.6619960,1527.2,6895.4,7.880,120,102,142
2026-07-25T13:10:00Z,35.1798430,-106.6619090,1527.2,6903.4,7.920,120,102,138
2026-07-25T13:10:01Z,35.1798460,-106.6618060,1527.2,6911.3,7.960,120,102,134
2026-07-25T13:10:02Z,35.1798490,-106.6617179,1527.2,6919.0,7.880,120,102,135
2026-07-25T13:10:03Z,35.1798610,-106.6616319,1527.2,6927.0,7.900,120,102,132
2026-07-25T13:10:04Z,35.1798870,-106.6615689,1527.0,6934.9,7.900,120,100,177
2026-07-25T13:10:05Z,35.1799290,-106.6615019,1527.0,6943.0,7.920,121,101,188
2026-07-25T13:10:06Z,35.1799930,-106.6614380,1527.0,6951.0,7.940,121,103,194
2026-07-25T13:10:07Z,35.1800570,-106.6613979,1527.0,6959.0,8.000,122,104,196
2026-07-25T13:10:08Z,35.1801239,-106.6613660,1527.0,6967.1,8.020,122,105,166
2026-07-25T13:10:09Z,35.1801780,-106.6613419,1527.0,6975.4,8.100,122,106,156
2026-07-25T13:10:10Z,35.1802600,-106.6613040,1526.8,6983.6,8.119,122,106,143
2026-07-25T13:10:11Z,35.1803279,-106.6612709,1526.8,6991.6,8.119,123,105,150
2026-07-25T13:10:12Z,35.1803960,-106.6612380,1526.8,6999.5,8.100,123,105,154
2026-07-25T13:10:13Z,35.1804490,-106.6612099,1526.8,7007.4,8.060,123,103,159
2026-07-25T13:10:14Z,35.1805139,-106.6611740,1526.8,7015.0,7.920,123,101,173
2026-07-25T13:10:15Z,35.1805869,-106.6611220,1526.8,7022.8,7.840,123,101,145
2026-07-25T13:10:16Z,35.1806470,-106.6610760,1527.0,7030.6,7.800,123,100,144
2026-07-25T13:10:17Z,35.1807090,-106.6610330,1527.0,7039.0,7.900,123,101,141
2026-07-25T13:10:18Z,35.1807530,-106.6609890,1527.0,7046.9,7.900,123,103,182
2026-07-25T13:10:19Z,35.1807889,-106.6609180,1527.0,7055.0,8.000,123,102,222
2026-07-25T13:10:20Z,35.1808090,-106.6608200,1527.0,7062.9,8.020,123,102,201
2026-07-25T13:10:21Z,35.1808159,-106.6607340,1527.0,7070.9,8.060,123,102,197
2026-07-25T13:10:22Z,35.1808240,-106.6606499,1527.0,7078.9,7.980,123,103,174
2026-07-25T13:10:23Z,35.1808340,-106.6605900,1527.0,7086.8,7.980,123,104,166
2026-07-25T13:10:24Z,35.1808480,-106.6604970,1527.0,7094.8,7.960,123,104,177
2026-07-25T13:10:25Z,35.1808560,-106.6604110,1527.0,7102.7,7.960,124,104,154
2026-07-25T13:10:26Z,35.1808660,-106.6603240,1527.0,7110.6,7.940,124,104,174
2026-07-25T13:10:27Z,35.1808790,-106.6602359,1527.0,7118.9,8.000,124,105,166
2026-07-25T13:10:28Z,35.1808889,-106.6601629,1527.0,7127.0,8.039,124,105,157
2026-07-25T13:10:29Z,35.1809049,-106.6600550,1526.8,7135.1,8.060,124,105,161
2026-07-25T13:10:30Z,35.1809189,-106.6599650,1526.8,7143.2,8.100,124,105,168
2026-07-25T13:10:31Z,35.1809299,-106.6598759,1526.8,7151.3,8.140,124,105,155
2026-07-25T13:10:32Z,35.1809390,-106.6598049,1526.6,7159.3,8.080,124,105,150
2026-07-25T13:10:33Z,35.1809530,-106.6596980,1526.6,7167.4,8.080,124,104,166
2026-07-25T13:10:34Z,35.1809650,-106.6596100,1526.6,7175.4,8.060,124,104,154
2026-07-25T13:10:35Z,35.1809759,-106.6595220,1526.6,7183.5,8.060,124,103,160
2026-07-25T13:10:36Z,35.1809879,-106.6594370,1526.6,7191.6,8.060,124,103,161
2026-07-25T13:10:37Z,35.1809990,-106.6593670,1526.6,7199.6,8.060,124,103,173
2026-07-25T13:10:38Z,35.1810149,-106.6592630,1526.6,7207.6,8.039,125,104,153
2026-07-25T13:10:39Z,35.1810280,-106.6591760,1526.6,7215.7,8.060,124,104,137
2026-07-25T13:10:40Z,35.1810390,-106.6590870,1526.6,7223.6,8.020,125,104,144
2026-07-25T13:10:41Z,35.1810490,-106.6590160,1526.6,7231.5,7.980,125,104,150
2026-07-25T13:10:42Z,35.1810619,-106.6589320,1526.6,7239.4,7.960,124,103,163
2026-07-25T13:10:43Z,35.1810759,-106.6588280,1526.6,7247.4,7.960,124,104,164
2026-07-25T13:10:44Z,35.1810879,-106.6587389,1526.6,7255.5,7.960,124,104,160
2026-07-25T13:10:45Z,35.1811000,-106.6586499,1526.6,7263.5,7.980,124,104,151
2026-07-25T13:10:46Z,35.1811100,-106.6585799,1526.6,7271.3,7.960,124,103,141
2026-07-25T13:10:47Z,35.1811240,-106.6584760,1526.4,7279.1,7.940,124,102,148
2026-07-25T13:10:48Z,35.1811370,-106.6583890,1526.6,7287.0,7.920,124,101,165
2026-07-25T13:10:49Z,35.1811500,-106.6583030,1526.6,7294.9,7.880,124,101,171
2026-07-25T13:10:50Z,35.1811639,-106.6582189,1526.6,7302.6,7.820,124,101,171
2026-07-25T13:10:51Z,35.1811739,-106.6581509,1526.6,7310.5,7.840,124,102,169
2026-07-25T13:10:52Z,35.1811889,-106.6580489,1526.6,7318.6,7.900,124,102,172
2026-07-25T13:10:53Z,35.1812019,-106.6579639,1526.6,7326.4,7.880,124,103,183
2026-07-25T13:10:54Z,35.1812140,-106.6578779,1526.6,7334.3,7.880,124,103,210
2026-07-25T13:10:55Z,35.1812240,-106.6578080,1526.6,7342.1,7.900,124,103,202
2026-07-25T13:10:56Z,35.1812380,-106.6577039,1526.6,7350.2,7.940,124,103,195
2026-07-25T13:10:57Z,35.1812489,-106.6576169,1526.8,7358.1,7.900,124,103,195
2026-07-25T13:10:58Z,35.1812619,-106.6575319,1526.8,7365.9,7.900,124,102,192
2026-07-25T13:10:59Z,35.1812739,-106.6574459,1527.0,7373.7,7.880,124,102,185
2026-07-25T13:11:00Z,35.1812840,-106.6573780,1527.0,7381.5,7.880,124,102,188
2026-07-25T13:11:01Z,35.1813000,-106.6572770,1527.0,7389.3,7.820,124,101,213
2026-07-25T13:11:02Z,35.1813150,-106.6571940,1527.0,7396.7,7.720,124,99,258
2026-07-25T13:11:03Z,35.1813290,-106.6571119,1527.0,7404.3,7.680,125,98,269
2026-07-25T13:11:04Z,35.1813400,-106.6570470,1527.0,7411.7,7.600,125,97,242
2026-07-25T13:11:05Z,35.1813540,-106.6569660,1527.0,7419.3,7.560,126,98,235
2026-07-25T13:11:06Z,35.1813680,-106.6568689,1527.0,7426.9,7.520,126,98,230
2026-07-25T13:11:07Z,35.1813810,-106.6567870,1527.2,7434.4,7.540,127,98,230
2026-07-25T13:11:08Z,35.1813929,-106.6567050,1527.2,7441.9,7.520,127,98,250
2026-07-25T13:11:09Z,35.1814039,-106.6566239,1527.2,7449.6,7.580,128,99,221
2026-07-25T13:11:10Z,35.1814140,-106.6565600,1527.4,7457.2,7.580,129,99,217
2026-07-25T13:11:11Z,35.1814310,-106.6564620,1527.6,7464.9,7.600,129,99,234
2026-07-25T13:11:12Z,35.1814440,-106.6563779,1527.6,7472.7,7.660,129,99,216
2026-07-25T13:11:13Z,35.1814550,-106.6563099,1527.8,7480.5,7.720,129,99,213
2026-07-25T13:11:14Z,35.1814659,-106.6562270,1527.8,7488.0,7.680,129,99,198
2026-07-25T13:11:15Z,35.1814789,-106.6561300,1527.8,7495.6,7.680,130,98,226
2026-07-25T13:11:16Z,35.1814899,-106.6560489,1528.0,7503.2,7.660,130,99,217
2026-07-25T13:11:17Z,35.1815020,-106.6559680,1528.0,7510.8,7.620,130,98,230
2026-07-25T13:11:18Z,35.1815140,-106.6558870,1528.0,7518.3,7.560,130,98,206
2026-07-25T13:11:19Z,35.1815219,-106.6558219,1528.2,7525.7,7.540,130,97,214
2026-07-25T13:11:20Z,35.1815349,-106.6557240,1528.2,7533.3,7.540,131,96,255
2026-07-25T13:11:21Z,35.1815460,-106.6556430,1528.2,7540.6,7.480,131,96,234
2026-07-25T13:11:22Z,35.1815570,-106.6555640,1528.4,7548.0,7.440,131,95,242
2026-07-25T13:11:23Z,35.1815639,-106.6554999,1528.4,7555.3,7.400,131,95,252
2026-07-25T13:11:24Z,35.1815759,-106.6554049,1528.4,7562.5,7.360,132,94,252
2026-07-25T13:11:25Z,35.1815860,-106.6553260,1528.6,7569.6,7.260,132,94,273
2026-07-25T13:11:26Z,35.1815949,-106.6552480,1528.8,7576.9,7.260,132,93,273
2026-07-25T13:11:27Z,35.1816059,-106.6551709,1529.0,7584.2,7.240,132,94,282
2026-07-25T13:11:28Z,35.1816170,-106.6550930,1529.2,7591.2,7.180,133,93,248
2026-07-25T13:11:29Z,35.1816300,-106.6550149,1529.2,7598.5,7.200,132,93,241
2026-07-25T13:11:30Z,35.1816430,-106.6549380,1529.2,7605.7,7.220,133,93,236
2026-07-25T13:11:31Z,35.1816540,-106.6548610,1529.4,7612.9,7.200,133,92,225
2026-07-25T13:11:32Z,35.1816669,-106.6547859,1529.4,7619.9,7.140,133,92,230
2026-07-25T13:11:33Z,35.1816779,-106.6547089,1529.6,7627.0,7.160,134,92,230
2026-07-25T13:11:34Z,35.1816880,-106.6546310,1529.8,7634.0,7.100,133,91,246
2026-07-25T13:11:35Z,35.1816959,-106.6545689,1530.0,7641.1,7.080,134,92,247
2026-07-25T13:11:36Z,35.1817089,-106.6544920,1530.2,7648.4,7.100,134,92,229
2026-07-25T13:11:37Z,35.1817219,-106.6544170,1530.2,7655.5,7.120,134,92,230
2026-07-25T13:11:38Z,35.1817349,-106.6543420,1530.2,7662.5,7.100,134,93,241
2026-07-25T13:11:39Z,35.1817460,-106.6542649,1530.2,7669.5,7.100,134,93,233
2026-07-25T13:11:40Z,35.1817580,-106.6541880,1530.6,7676.9,7.160,134,93,239
2026-07-25T13:11:41Z,35.1817700,-106.6541110,1530.8,7684.0,7.120,134,93,218
2026-07-25T13:11:42Z,35.1817830,-106.6540330,1530.8,7691.3,7.160,135,93,206
2026-07-25T13:11:43Z,35.1817970,-106.6539560,1531.0,7698.2,7.140,135,92,212
2026-07-25T13:11:44Z,35.1818089,-106.6538799,1531.0,7705.3,7.160,135,92,215
2026-07-25T13:11:45Z,35.1818209,-106.6538010,1531.0,7712.4,7.100,135,92,191
2026-07-25T13:11:46Z,35.1818300,-106.6537219,1531.0,7719.5,7.100,136,93,190
2026-07-25T13:11:47Z,35.1818400,-106.6536449,1531.2,7726.4,7.020,136,93,190
2026-07-25T13:11:48Z,35.1818499,-106.6535670,1531.4,7733.7,7.100,135,93,189
2026-07-25T13:11:49Z,35.1818620,-106.6534909,1531.4,7741.2,7.180,135,93,198
2026-07-25T13:11:50Z,35.1818730,-106.6534149,1531.6,7749.3,7.380,136,93,190
2026-07-25T13:11:51Z,35.1818840,-106.6533360,1531.6,7756.5,7.400,136,93,188
2026-07-25T13:11:52Z,35.1818969,-106.6532619,1531.8,7763.7,7.460,136,93,188
2026-07-25T13:11:53Z,35.1819069,-106.6531840,1531.8,7771.1,7.480,136,94,188
2026-07-25T13:11:54Z,35.1819180,-106.6530869,1531.8,7778.3,7.420,136,95,187
2026-07-25T13:11:55Z,35.1819259,-106.6530240,1531.8,7785.6,7.260,136,95,181
2026-07-25T13:11:56Z,35.1819359,-106.6529449,1532.0,7792.9,7.280,136,96,168
2026-07-25T13:11:57Z,35.1819470,-106.6528660,1532.0,7800.7,7.400,136,96,167
2026-07-25T13:11:58Z,35.1819580,-106.6527859,1532.0,7807.9,7.360,136,96,168
2026-07-25T13:11:59Z,35.1819689,-106.6527070,1532.0,7815.6,7.460,136,96,170
2026-07-25T13:12:00Z,35.1819799,-106.6526259,1532.0,7822.9,7.460,136,96,168
2026-07-25T13:12:01Z,35.1819910,-106.6525470,1532.2,7830.6,7.540,136,96,168
2026-07-25T13:12:02Z,35.1820020,-106.6524659,1532.2,7838.0,7.460,136,96,172
2026-07-25T13:12:03Z,35.1820130,-106.6523849,1532.4,7840.6,6.540,135,96,172
2026-07-25T13:12:04Z,35.1820249,-106.6523040,1532.4,7844.1,5.700,136,97,171
2026-07-25T13:12:05Z,35.1820369,-106.6522219,1532.4,7851.5,5.720,135,97,177
2026-07-25T13:12:06Z,35.1820480,-106.6521399,1532.4,7859.2,5.720,135,97,164
2026-07-25T13:12:07Z,35.1820610,-106.6520420,1532.4,7866.5,5.700,135,98,162
2026-07-25T13:12:08Z,35.1820710,-106.6519600,1532.6,7874.0,6.680,134,98,162
2026-07-25T13:12:09Z,35.1820829,-106.6518779,1532.6,7881.7,7.520,134,98,162
2026-07-25T13:12:10Z,35.1820949,-106.6517960,1532.6,7889.3,7.560,134,99,159
2026-07-25T13:12:11Z,35.1821040,-106.6517300,1532.6,7897.1,7.580,134,99,174
2026-07-25T13:12:12Z,35.1821170,-106.6516300,1532.6,7904.9,7.680,133,100,156
2026-07-25T13:12:13Z,35.1821269,-106.6515469,1532.4,7912.3,7.660,133,100,174
2026-07-25T13:12:14Z,35.1821360,-106.6514619,1532.4,7920.5,7.760,133,100,160
2026-07-25T13:12:15Z,35.1821440,-106.6513960,1532.4,7928.1,7.760,133,100,137
2026-07-25T13:12:16Z,35.1821559,-106.6513110,1532.4,7936.0,7.780,132,100,149
2026-07-25T13:12:17Z,35.1821689,-106.6512100,1532.4,7943.7,7.760,132,100,149
2026-07-25T13:12:18Z,35.1821799,-106.6511250,1532.4,7951.7,7.880,132,101,145
2026-07-25T13:12:19Z,35.1821910,-106.6510410,1532.4,7959.5,7.800,132,101,142
2026-07-25T13:12:20Z,35.1822020,-106.6509739,1532.4,7967.3,7.840,132,101,129
2026-07-25T13:12:21Z,35.1822180,-106.6508729,1532.4,7975.5,7.900,131,101,144
2026-07-25T13:12:22Z,35.1822320,-106.6507890,1532.4,7983.3,7.920,131,102,144
2026-07-25T13:12:23Z,35.1822440,-106.6507019,1532.4,7991.3,7.920,131,102,147
2026-07-25T13:12:24Z,35.1822549,-106.6506149,1532.4,7999.3,7.960,131,103,148
2026-07-25T13:12:25Z,35.1822640,-106.6505460,1532.4,8007.4,8.020,131,103,143
2026-07-25T13:12:26Z,35.1822780,-106.6504429,1532.4,8015.5,8.000,131,104,148
2026-07-25T13:12:27Z,35.1822900,-106.6503559,1532.4,8023.8,8.100,131,104,133
2026-07-25T13:12:28Z,35.1823020,-106.6502699,1532.4,8032.1,8.160,131,104,148
2026-07-25T13:12:29Z,35.1823139,-106.6501819,1532.4,8040.0,8.140,131,105,131
2026-07-25T13:12:30Z,35.1823259,-106.6500939,1532.4,8047.8,8.080,130,105,124
2026-07-25T13:12:31Z,35.1823379,-106.6500050,1532.4,8056.3,8.160,130,106,124
2026-07-25T13:12:32Z,35.1823490,-106.6499160,1532.2,8066.2,8.480,130,106,110
2026-07-25T13:12:33Z,35.1823580,-106.6498440,1532.2,8073.9,8.360,129,107,99
2026-07-25T13:12:34Z,35.1823709,-106.6497550,1532.2,8082.4,8.480,129,106,97
2026-07-25T13:12:35Z,35.1823859,-106.6496489,1532.2,8090.6,8.560,129,106,93
2026-07-25T13:12:36Z,35.1823999,-106.6495600,1532.0,8098.6,8.460,128,106,85
2026-07-25T13:12:37Z,35.1824119,-106.6494710,1532.0,8106.9,8.140,128,106,70
2026-07-25T13:12:38Z,35.1824230,-106.6493820,1532.0,8115.1,8.240,128,105,87
2026-07-25T13:12:39Z,35.1824330,-106.6493100,1532.0,8123.2,8.160,128,105,70
2026-07-25T13:12:40Z,35.1824440,-106.6492039,1532.0,8131.1,8.100,127,78,70
2026-07-25T13:12:41Z,35.1824490,-106.6491169,1532.0,8138.8,8.039,126,69,30
2026-07-25T13:12:42Z,35.1824549,-106.6490289,1531.8,8146.8,7.980,126,69,23
2026-07-25T13:12:43Z,35.1824630,-106.6489599,1531.8,8154.8,7.940,126,92,2
2026-07-25T13:12:44Z,35.1824770,-106.6488550,1531.8,8162.7,7.900,125,78,0
2026-07-25T13:12:45Z,35.1824890,-106.6487699,1531.6,8170.9,7.960,125,78,0
2026-07-25T13:12:46Z,35.1824999,-106.6486839,1531.6,8178.8,8.000,124,78,0
2026-07-25T13:12:47Z,35.1825100,-106.6486169,1531.6,8185.7,7.780,124,23,0
2026-07-25T13:12:48Z,35.1825259,-106.6485380,1531.4,8191.8,7.400,122,23,0
2026-07-25T13:12:49Z,35.1825389,-106.6484549,1531.2,8197.4,6.940,122,23,0
2026-07-25T13:12:50Z,35.1825389,-106.6483999,1531.2,8203.2,6.460,120,0,0
2026-07-25T13:12:51Z,35.1825090,-106.6483699,1531.2,8209.2,6.080,120,42,154
2026-07-25T13:12:52Z,35.1824660,-106.6483660,1531.0,8215.9,6.040,118,84,158
2026-07-25T13:12:53Z,35.1824099,-106.6483689,1531.0,8222.8,6.200,118,87,187
2026-07-25T13:12:54Z,35.1823330,-106.6483750,1531.0,8230.0,6.520,118,89,177
2026-07-25T13:12:55Z,35.1822659,-106.6483819,1531.0,8237.2,6.800,118,91,163
2026-07-25T13:12:56Z,35.1821979,-106.6483930,1530.8,8244.4,7.040,119,93,106
2026-07-25T13:12:57Z,35.1821440,-106.6484060,1530.8,8251.2,7.060,119,93,0
2026-07-25T13:12:58Z,35.1820799,-106.6484190,1530.6,8257.5,6.940,119,93,0
2026-07-25T13:12:59Z,35.1820109,-106.6484269,1530.4,8263.4,6.680,119,0,0
2026-07-25T13:13:00Z,35.1819590,-106.6484330,1530.2,8268.4,6.240,119,0,0
2026-07-25T13:13:01Z,35.1819160,-106.6484299,1530.0,8272.3,5.580,117,0,0
2026-07-25T13:13:02Z,35.1818949,-106.6484080,1530.0,8276.5,5.060,115,84,22
2026-07-25T13:13:03Z,35.1819010,-106.6483719,1530.0,8280.9,4.680,114,84,134
2026-07-25T13:13:04Z,35.1819330,-106.6483510,1530.0,8285.8,4.480,114,84,134
2026-07-25T13:13:05Z,35.1819710,-106.6483360,1530.0,8291.3,4.580,115,81,134
2026-07-25T13:13:06Z,35.1820170,-106.6483220,1529.8,8297.7,5.080,115,100,117
2026-07-25T13:13:07Z,35.1820580,-106.6483090,1529.8,8304.3,5.560,116,109,90
2026-07-25T13:13:08Z,35.1821229,-106.6482880,1529.8,8311.4,6.100,116,109,24
2026-07-25T13:13:09Z,35.1821819,-106.6482660,1529.8,8318.8,6.600,117,97,24
2026-07-25T13:13:10Z,35.1822419,-106.6482409,1529.8,8326.6,7.060,117,103,14
2026-07-25T13:13:11Z,35.1822940,-106.6482220,1529.8,8334.5,7.360,118,103,0
2026-07-25T13:13:12Z,35.1823610,-106.6481999,1529.6,8342.3,7.600,117,103,0
2026-07-25T13:13:13Z,35.1824429,-106.6481799,1529.4,8350.3,7.780,117,0,0
2026-07-25T13:13:14Z,35.1825139,-106.6481780,1529.2,8358.7,7.980,116,0,0
2026-07-25T13:13:15Z,35.1825790,-106.6481790,1528.8,8366.3,7.940,115,0,0
2026-07-25T13:13:16Z,35.1826380,-106.6481750,1528.6,8374.0,7.900,113,10,0
2026-07-25T13:13:17Z,35.1826960,-106.6481699,1528.4,8381.2,7.780,112,83,43
2026-07-25T13:13:18Z,35.1827540,-106.6481659,1528.4,8388.4,7.620,111,101,144
2026-07-25T13:13:19Z,35.1828159,-106.6481610,1527.8,8395.0,7.260,111,101,165
2026-07-25T13:13:20Z,35.1828830,-106.6481559,1527.8,8402.1,7.160,111,101,256
2026-07-25T13:13:21Z,35.1829469,-106.6481510,1527.4,8409.0,7.000,112,99,380
2026-07-25T13:13:22Z,35.1830110,-106.6481470,1527.2,8415.8,6.920,113,97,364
2026-07-25T13:13:23Z,35.1830729,-106.6481419,1527.0,8422.4,6.800,113,97,375
2026-07-25T13:13:24Z,35.1831270,-106.6481310,1527.0,8429.2,6.840,114,96,375
2026-07-25T13:13:25Z,35.1831859,-106.6481379,1526.8,8436.1,6.800,116,96,401
2026-07-25T13:13:26Z,35.1832489,-106.6481450,1527.0,8442.9,6.780,117,96,424
2026-07-25T13:13:27Z,35.1833080,-106.6481480,1527.0,8449.8,6.800,118,95,459
2026-07-25T13:13:28Z,35.1833769,-106.6481549,1527.2,8456.5,6.820,119,95,470
2026-07-25T13:13:29Z,35.1834530,-106.6481669,1527.2,8463.3,6.820,121,95,475
2026-07-25T13:13:30Z,35.1835039,-106.6481740,1527.4,8470.0,6.780,123,96,461
2026-07-25T13:13:31Z,35.1835629,-106.6481799,1527.4,8476.8,6.780,123,96,428
2026-07-25T13:13:32Z,35.1836219,-106.6481880,1527.6,8483.5,6.740,125,95,405
2026-07-25T13:13:33Z,35.1836939,-106.6482050,1528.0,8490.2,6.740,126,95,375
2026-07-25T13:13:34Z,35.1837540,-106.6482249,1528.0,8497.2,6.780,128,95,280
2026-07-25T13:13:35Z,35.1838130,-106.6482460,1528.4,8504.1,6.820,129,95,218
2026-07-25T13:13:36Z,35.1838619,-106.6482580,1528.6,8511.2,6.880,129,97,218
2026-07-25T13:13:37Z,35.1839270,-106.6482640,1529.0,8518.2,6.940,131,98,171
2026-07-25T13:13:38Z,35.1840030,-106.6482590,1529.4,8525.2,7.000,131,99,175
2026-07-25T13:13:39Z,35.1840659,-106.6482519,1529.6,8532.2,7.000,132,99,158
2026-07-25T13:13:40Z,35.1841290,-106.6482450,1529.8,8539.5,7.080,132,100,153
2026-07-25T13:13:41Z,35.1841920,-106.6482389,1530.0,8546.8,7.120,132,101,147
2026-07-25T13:13:42Z,35.1842440,-106.6482320,1530.2,8554.0,7.160,132,101,141
2026-07-25T13:13:43Z,35.1843229,-106.6482230,1530.2,8561.3,7.220,132,101,140
2026-07-25T13:13:44Z,35.1843880,-106.6482170,1530.2,8568.6,7.280,132,102,140
2026-07-25T13:13:45Z,35.1844529,-106.6482109,1530.4,8575.7,7.240,131,102,126
2026-07-25T13:13:46Z,35.1845150,-106.6482050,1530.4,8583.1,7.260,131,102,131
2026-07-25T13:13:47Z,35.1845809,-106.6481999,1530.6,8590.4,7.280,131,102,154
2026-07-25T13:13:48Z,35.1846480,-106.6481920,1530.6,8597.7,7.280,131,103,141
2026-07-25T13:13:49Z,35.1847139,-106.6481849,1530.6,8605.2,7.320,131,103,139
2026-07-25T13:13:50Z,35.1847790,-106.6481770,1530.6,8612.7,7.400,130,103,128
2026-07-25T13:13:51Z,35.1848309,-106.6481720,1530.8,8620.0,7.380,130,103,136
2026-07-25T13:13:52Z,35.1849090,-106.6481640,1530.8,8627.2,7.360,130,103,148
2026-07-25T13:13:53Z,35.1849749,-106.6481559,1530.8,8634.6,7.380,130,103,133
2026-07-25T13:13:54Z,35.1850419,-106.6481470,1530.8,8642.0,7.360,130,103,133
2026-07-25T13:13:55Z,35.1851080,-106.6481379,1530.8,8649.5,7.360,130,103,137
2026-07-25T13:13:56Z,35.1851739,-106.6481269,1530.8,8656.8,7.360,130,103,137
2026-07-25T13:13:57Z,35.1852400,-106.6481140,1530.8,8664.2,7.400,130,103,137
2026-07-25T13:13:58Z,35.1853039,-106.6480989,1530.8,8671.6,7.400,130,104,140
2026-07-25T13:13:59Z,35.1853650,-106.6480799,1530.8,8678.9,7.380,130,103,140
2026-07-25T13:14:00Z,35.1854159,-106.6480649,1530.8,8686.4,7.380,130,103,132
2026-07-25T13:14:01Z,35.1854930,-106.6480430,1530.8,8693.8,7.400,130,104,145
2026-07-25T13:14:02Z,35.1855560,-106.6480219,1530.8,8701.2,7.400,130,103,138
2026-07-25T13:14:03Z,35.1856199,-106.6480010,1530.8,8708.5,7.380,131,103,146
2026-07-25T13:14:04Z,35.1856830,-106.6479770,1530.8,8715.8,7.380,131,103,145
2026-07-25T13:14:05Z,35.1857329,-106.6479590,1530.8,8723.1,7.340,131,104,144
2026-07-25T13:14:06Z,35.1858079,-106.6479290,1530.8,8730.5,7.340,131,103,133
2026-07-25T13:14:07Z,35.1858700,-106.6479000,1531.0,8738.0,7.360,131,104,149
2026-07-25T13:14:08Z,35.1859320,-106.6478700,1531.0,8745.3,7.360,130,104,131
2026-07-25T13:14:09Z,35.1859919,-106.6478379,1531.0,8752.6,7.360,130,104,135
2026-07-25T13:14:10Z,35.1860529,-106.6478040,1531.0,8760.0,7.380,130,104,127
2026-07-25T13:14:11Z,35.1861120,-106.6477679,1531.0,8767.3,7.360,130,104,132
2026-07-25T13:14:12Z,35.1861710,-106.6477310,1531.0,8774.6,7.320,130,103,132
2026-07-25T13:14:13Z,35.1862180,-106.6477000,1531.0,8782.0,7.340,130,103,142
2026-07-25T13:14:14Z,35.1862760,-106.6476620,1531.0,8789.4,7.360,130,104,142
2026-07-25T13:14:15Z,35.1863470,-106.6476160,1531.0,8796.9,7.380,129,105,137
2026-07-25T13:14:16Z,35.1864060,-106.6475769,1531.0,8804.6,7.460,129,105,136
2026-07-25T13:14:17Z,35.1864640,-106.6475359,1531.2,8811.9,7.460,129,105,124
2026-07-25T13:14:18Z,35.1865220,-106.6474929,1531.2,8819.3,7.460,129,105,129
2026-07-25T13:14:19Z,35.1865659,-106.6474570,1531.2,8826.7,7.460,129,104,136
2026-07-25T13:14:20Z,35.1866320,-106.6474010,1531.2,8834.1,7.440,129,104,112
2026-07-25T13:14:21Z,35.1866890,-106.6473540,1531.2,8841.6,7.400,129,104,120
2026-07-25T13:14:22Z,35.1867429,-106.6473090,1531.2,8848.8,7.380,129,104,120
2026-07-25T13:14:23Z,35.1867979,-106.6472609,1531.2,8856.2,7.380,129,103,132
2026-07-25T13:14:24Z,35.1868530,-106.6472130,1531.2,8863.5,7.360,128,103,140
2026-07-25T13:14:25Z,35.1869080,-106.6471690,1531.2,8870.8,7.340,129,103,138
2026-07-25T13:14:26Z,35.1869620,-106.6471230,1531.2,8878.2,7.320,128,103,142
2026-07-25T13:14:27Z,35.1870050,-106.6470850,1531.2,8885.5,7.340,128,104,157
2026-07-25T13:14:28Z,35.1870589,-106.6470390,1531.2,8892.9,7.340,128,104,163
2026-07-25T13:14:29Z,35.1871240,-106.6469830,1531.2,8900.4,7.380,128,104,161
2026-07-25T13:14:30Z,35.1871790,-106.6469370,1531.2,8907.8,7.400,128,104,149
2026-07-25T13:14:31Z,35.1872330,-106.6468920,1531.0,8915.3,7.420,128,104,152
2026-07-25T13:14:32Z,35.1872869,-106.6468479,1531.0,8922.7,7.440,128,104,143
2026-07-25T13:14:33Z,35.1873319,-106.6468100,1531.0,8930.3,7.480,127,104,143
2026-07-25T13:14:34Z,35.1873970,-106.6467540,1531.0,8937.8,7.480,127,105,153
2026-07-25T13:14:35Z,35.1874520,-106.6467100,1531.0,8945.3,7.500,127,105,153
2026-07-25T13:14:36Z,35.1875070,-106.6466640,1531.0,8952.6,7.460,127,104,141
2026-07-25T13:14:37Z,35.1875609,-106.6466200,1531.0,8960.0,7.460,127,104,133
2026-07-25T13:14:38Z,35.1876169,-106.6465760,1531.0,8967.5,7.440,126,104,152
2026-07-25T13:14:39Z,35.1876720,-106.6465299,1531.0,8974.9,7.420,126,104,139
2026-07-25T13:14:40Z,35.1877270,-106.6464849,1531.0,8982.3,7.400,126,104,144
2026-07-25T13:14:41Z,35.1877800,-106.6464399,1531.0,8989.8,7.440,126,104,144
2026-07-25T13:14:42Z,35.1878250,-106.6464030,1531.0,8997.3,7.460,126,104,140
2026-07-25T13:14:43Z,35.1878909,-106.6463500,1531.0,9004.8,7.460,126,104,142
2026-07-25T13:14:44Z,35.1879469,-106.6463030,1531.0,9012.2,7.460,125,104,135
2026-07-25T13:14:45Z,35.1880010,-106.6462549,1531.0,9019.6,7.460,126,105,143
2026-07-25T13:14:46Z,35.1880550,-106.6462080,1531.0,9026.9,7.420,126,105,130
2026-07-25T13:14:47Z,35.1881089,-106.6461640,1531.0,9034.3,7.400,126,105,135
2026-07-25T13:14:48Z,35.1881659,-106.6461190,1531.0,9041.8,7.400,125,104,150
2026-07-25T13:14:49Z,35.1882199,-106.6460720,1531.0,9049.1,7.380,125,104,130
2026-07-25T13:14:50Z,35.1882659,-106.6460350,1531.0,9056.5,7.380,125,104,132
2026-07-25T13:14:51Z,35.1883229,-106.6459900,1531.0,9064.1,7.440,125,104,138
2026-07-25T13:14:52Z,35.1883919,-106.6459369,1531.0,9071.4,7.420,125,104,142
2026-07-25T13:14:53Z,35.1884470,-106.6458920,1531.0,9078.9,7.420,125,104,145
2026-07-25T13:14:54Z,35.1885000,-106.6458450,1531.0,9086.3,7.440,125,104,145
2026-07-25T13:14:55Z,35.1885430,-106.6458089,1531.0,9093.6,7.420,125,104,159
2026-07-25T13:14:56Z,35.1886000,-106.6457630,1531.0,9101.1,7.400,125,104,147
2026-07-25T13:14:57Z,35.1886669,-106.6457069,1531.0,9108.5,7.420,125,104,144
2026-07-25T13:14:58Z,35.1887239,-106.6456610,1531.0,9116.0,7.420,125,105,157
2026-07-25T13:14:59Z,35.1887800,-106.6456140,1531.0,9123.5,7.440,125,105,153
2026-07-25T13:15:00Z,35.1888360,-106.6455669,1531.0,9130.9,7.460,124,105,147
2026-07-25T13:15:01Z,35.1888809,-106.6455310,1531.0,9138.3,7.440,124,105,130
2026-07-25T13:15:02Z,35.1889480,-106.6454730,1531.0,9145.7,7.440,124,105,124
2026-07-25T13:15:03Z,35.1890040,-106.6454260,1531.0,9153.1,7.420,124,105,151
2026-07-25T13:15:04Z,35.1890589,-106.6453799,1531.0,9160.6,7.420,124,105,142
2026-07-25T13:15:05Z,35.1891040,-106.6453430,1531.0,9168.1,7.440,124,105,138
2026-07-25T13:15:06Z,35.1891719,-106.6452890,1531.0,9175.7,7.480,124,105,137
2026-07-25T13:15:07Z,35.1892279,-106.6452460,1531.0,9183.1,7.480,124,105,140
2026-07-25T13:15:08Z,35.1892849,-106.6452010,1531.0,9190.5,7.480,123,104,127
2026-07-25T13:15:09Z,35.1893400,-106.6451550,1531.0,9197.8,7.440,123,104,124
2026-07-25T13:15:10Z,35.1893960,-106.6451069,1531.0,9205.3,7.440,123,104,131
2026-07-25T13:15:11Z,35.1894510,-106.6450599,1531.0,9212.7,7.400,123,104,122
2026-07-25T13:15:12Z,35.1895049,-106.6450130,1531.2,9220.0,7.380,122,104,139
2026-07-25T13:15:13Z,35.1895589,-106.6449670,1531.2,9227.3,7.360,122,104,139
2026-07-25T13:15:14Z,35.1896029,-106.6449309,1531.2,9234.6,7.360,122,103,136
2026-07-25T13:15:15Z,35.1896560,-106.6448860,1531.2,9242.0,7.340,122,102,153
2026-07-25T13:15:16Z,35.1897220,-106.6448319,1531.2,9249.2,7.300,122,102,154
2026-07-25T13:15:17Z,35.1897749,-106.6447859,1531.2,9256.3,7.260,121,102,151
2026-07-25T13:15:18Z,35.1898280,-106.6447390,1531.2,9263.5,7.240,122,102,147
2026-07-25T13:15:19Z,35.1898810,-106.6446930,1531.2,9270.7,7.220,122,102,139
2026-07-25T13:15:20Z,35.1899329,-106.6446469,1531.2,9277.9,7.180,122,102,155
2026-07-25T13:15:21Z,35.1899870,-106.6446029,1531.2,9285.2,7.200,122,102,149
2026-07-25T13:15:22Z,35.1900410,-106.6445579,1531.2,9292.6,7.260,122,103,153
2026-07-25T13:15:23Z,35.1900950,-106.6445129,1531.2,9299.9,7.280,122,103,145
2026-07-25T13:15:24Z,35.1901369,-106.6444760,1531.2,9307.1,7.280,122,102,145
2026-07-25T13:15:25Z,35.1902020,-106.6444230,1531.2,9314.4,7.300,122,102,131
2026-07-25T13:15:26Z,35.1902560,-106.6443770,1531.2,9321.7,7.300,122,102,150
2026-07-25T13:15:27Z,35.1903110,-106.6443330,1531.2,9329.2,7.320,121,102,136
2026-07-25T13:15:28Z,35.1903560,-106.6442989,1531.2,9336.4,7.300,121,103,140
2026-07-25T13:15:29Z,35.1904209,-106.6442449,1531.2,9343.6,7.300,121,102,136
2026-07-25T13:15:30Z,35.1904730,-106.6441989,1531.2,9350.9,7.300,122,102,129
2026-07-25T13:15:31Z,35.1905259,-106.6441539,1531.4,9358.2,7.300,122,102,152
2026-07-25T13:15:32Z,35.1905809,-106.6441109,1531.4,9365.4,7.240,122,102,152
2026-07-25T13:15:33Z,35.1906369,-106.6440699,1531.6,9372.5,7.220,121,102,152
2026-07-25T13:15:34Z,35.1906929,-106.6440279,1531.4,9379.7,7.220,121,102,143
2026-07-25T13:15:35Z,35.1907480,-106.6439849,1531.4,9387.0,7.220,121,101,138
2026-07-25T13:15:36Z,35.1908040,-106.6439440,1531.2,9394.3,7.220,121,102,143
2026-07-25T13:15:37Z,35.1908490,-106.6439129,1531.2,9401.5,7.220,122,102,144
2026-07-25T13:15:38Z,35.1909040,-106.6438750,1531.2,9408.6,7.220,121,101,146
2026-07-25T13:15:39Z,35.1909709,-106.6438290,1531.2,9415.9,7.240,121,101,141
2026-07-25T13:15:40Z,35.1910279,-106.6437900,1531.2,9423.1,7.220,121,102,159
2026-07-25T13:15:41Z,35.1910859,-106.6437519,1531.2,9430.3,7.200,121,102,155
2026-07-25T13:15:42Z,35.1911429,-106.6437160,1531.2,9437.6,7.220,121,102,156
2026-07-25T13:15:43Z,35.1911890,-106.6436880,1531.2,9445.0,7.280,120,102,166
2026-07-25T13:15:44Z,35.1912569,-106.6436470,1531.2,9452.3,7.280,120,103,150
2026-07-25T13:15:45Z,35.1913169,-106.6436130,1531.4,9459.6,7.300,121,103,148
2026-07-25T13:15:46Z,35.1913760,-106.6435789,1531.4,9467.0,7.340,121,104,140
2026-07-25T13:15:47Z,35.1914240,-106.6435519,1531.4,9474.4,7.360,121,104,153
2026-07-25T13:15:48Z,35.1914960,-106.6435099,1531.4,9481.8,7.360,121,104,147
2026-07-25T13:15:49Z,35.1915559,-106.6434740,1531.4,9489.1,7.360,121,104,147
2026-07-25T13:15:50Z,35.1916139,-106.6434389,1531.4,9496.4,7.360,121,104,142
2026-07-25T13:15:51Z,35.1916739,-106.6434020,1531.6,9503.6,7.320,121,103,149
2026-07-25T13:15:52Z,35.1917179,-106.6433730,1531.6,9511.0,7.320,121,103,155
2026-07-25T13:15:53Z,35.1917909,-106.6433300,1531.6,9518.3,7.300,121,104,140
2026-07-25T13:15:54Z,35.1918500,-106.6432939,1531.6,9525.6,7.300,121,103,149
2026-07-25T13:15:55Z,35.1919090,-106.6432590,1531.6,9533.0,7.320,122,104,158
2026-07-25T13:15:56Z,35.1919570,-106.6432300,1531.6,9540.3,7.340,122,104,139
2026-07-25T13:15:57Z,35.1920280,-106.6431880,1531.6,9547.7,7.340,122,104,152
2026-07-25T13:15:58Z,35.1920870,-106.6431519,1531.6,9555.1,7.360,122,104,166
2026-07-25T13:15:59Z,35.1921459,-106.6431179,1531.6,9562.5,7.380,122,103,166
2026-07-25T13:16:00Z,35.1921929,-106.6430909,1531.6,9569.7,7.340,123,103,150
2026-07-25T13:16:01Z,35.1922639,-106.6430499,1531.8,9577.1,7.360,123,103,138
2026-07-25T13:16:02Z,35.1923240,-106.6430150,1531.8,9584.4,7.340,123,103,147
2026-07-25T13:16:03Z,35.1923840,-106.6429779,1531.6,9591.8,7.340,123,103,135
2026-07-25T13:16:04Z,35.1924440,-106.6429400,1531.6,9599.0,7.300,123,103,142
2026-07-25T13:16:05Z,35.1925030,-106.6429049,1531.6,9606.4,7.340,123,103,134
2026-07-25T13:16:06Z,35.1925639,-106.6428710,1531.6,9613.8,7.340,123,103,142
2026-07-25T13:16:07Z,35.1926239,-106.6428380,1531.8,9621.0,7.320,123,102,137
2026-07-25T13:16:08Z,35.1926829,-106.6428019,1531.8,9628.3,7.300,123,102,149
2026-07-25T13:16:09Z,35.1927420,-106.6427660,1531.8,9635.6,7.320,123,102,149
2026-07-25T13:16:10Z,35.1928030,-106.6427309,1531.8,9642.9,7.300,123,103,154
2026-07-25T13:16:11Z,35.1928630,-106.6426960,1531.8,9650.1,7.260,123,103,166
2026-07-25T13:16:12Z,35.1929210,-106.6426609,1531.8,9657.5,7.300,123,104,148
2026-07-25T13:16:13Z,35.1929799,-106.6426260,1531.8,9664.9,7.320,123,104,132
2026-07-25T13:16:14Z,35.1930409,-106.6425909,1531.8,9672.3,7.340,123,104,140
2026-07-25T13:16:15Z,35.1930890,-106.6425619,1531.8,9679.6,7.340,123,103,138
2026-07-25T13:16:16Z,35.1931590,-106.6425179,1531.8,9686.8,7.340,123,103,135
2026-07-25T13:16:17Z,35.1932190,-106.6424830,1531.8,9694.2,7.340,123,104,127
2026-07-25T13:16:18Z,35.1932790,-106.6424480,1531.8,9701.6,7.340,122,104,127
2026-07-25T13:16:19Z,35.1933269,-106.6424200,1531.8,9709.2,7.380,122,103,122
2026-07-25T13:16:20Z,35.1933950,-106.6423699,1531.8,9716.7,7.420,122,104,129
2026-07-25T13:16:21Z,35.1934419,-106.6423149,1531.6,9724.2,7.480,122,104,113
2026-07-25T13:16:22Z,35.1934879,-106.6422579,1531.6,9731.6,7.480,122,104,92
2026-07-25T13:16:23Z,35.1935380,-106.6422050,1531.6,9739.3,7.540,122,103,99
2026-07-25T13:16:24Z,35.1935910,-106.6421569,1531.6,9747.2,7.600,122,105,85
2026-07-25T13:16:25Z,35.1936449,-106.6421110,1531.6,9755.1,7.680,121,105,69
2026-07-25T13:16:26Z,35.1937050,-106.6420630,1531.6,9763.5,7.860,121,93,19
2026-07-25T13:16:27Z,35.1937660,-106.6420159,1531.6,9772.0,8.080,120,93,0
2026-07-25T13:16:28Z,35.1938299,-106.6419679,1531.6,9780.6,8.260,120,93,0
2026-07-25T13:16:29Z,35.1938830,-106.6419320,1531.6,9788.9,8.340,120,0,0
2026-07-25T13:16:30Z,35.1939629,-106.6418790,1531.2,9796.6,8.300,119,0,0
2026-07-25T13:16:31Z,35.1940179,-106.6418249,1531.2,9804.2,8.140,117,20,0
2026-07-25T13:16:32Z,35.1940540,-106.6417559,1531.0,9811.7,7.940,116,20,0
2026-07-25T13:16:33Z,35.1940589,-106.6416940,1530.8,9819.0,7.680,115,20,0
2026-07-25T13:16:34Z,35.1940489,-106.6416010,1530.4,9826.7,7.560,114,104,88
2026-07-25T13:16:35Z,35.1940329,-106.6415229,1530.2,9834.6,7.600,114,70,46
2026-07-25T13:16:36Z,35.1940220,-106.6414570,1530.2,9842.3,7.620,115,73,172
2026-07-25T13:16:37Z,35.1940179,-106.6413740,1530.0,9849.5,7.560,115,104,169
2026-07-25T13:16:38Z,35.1940290,-106.6412939,1529.8,9856.9,7.580,115,103,175
2026-07-25T13:16:39Z,35.1940550,-106.6412199,1529.4,9864.0,7.460,116,102,149
2026-07-25T13:16:40Z,35.1940909,-106.6411550,1529.2,9871.2,7.320,116,101,141
2026-07-25T13:16:41Z,35.1941380,-106.6411020,1529.0,9878.3,7.200,117,100,154
2026-07-25T13:16:42Z,35.1941919,-106.6410619,1529.0,9885.3,7.160,117,100,143
2026-07-25T13:16:43Z,35.1942469,-106.6410250,1528.8,9892.5,7.120,117,100,133
2026-07-25T13:16:44Z,35.1943029,-106.6409880,1528.8,9899.6,7.120,118,100,133
2026-07-25T13:16:45Z,35.1943600,-106.6409509,1528.8,9906.8,7.120,118,100,125
2026-07-25T13:16:46Z,35.1944160,-106.6409150,1528.8,9913.8,7.100,118,99,125
2026-07-25T13:16:47Z,35.1944720,-106.6408799,1528.8,9920.9,7.120,118,99,121
2026-07-25T13:16:48Z,35.1945280,-106.6408459,1528.8,9927.8,7.060,118,99,70
2026-07-25T13:16:49Z,35.1945840,-106.6408120,1528.8,9934.8,7.040,118,95,70
2026-07-25T13:16:50Z,35.1946400,-106.6407810,1528.8,9940.8,6.800,118,95,0
2026-07-25T13:16:51Z,35.1946929,-106.6407489,1529.0,9946.6,6.560,118,95,0
2026-07-25T13:16:52Z,35.1947340,-106.6407090,1529.0,9952.1,6.240,118,0,0
2026-07-25T13:16:53Z,35.1947560,-106.6406619,1529.0,9957.8,6.000,117,0,0
2026-07-25T13:16:54Z,35.1947610,-106.6406110,1529.0,9963.1,5.660,116,14,0
2026-07-25T13:16:55Z,35.1947600,-106.6405530,1529.0,9968.2,5.480,116,14,0
2026-07-25T13:16:56Z,35.1947610,-106.6404990,1529.2,9972.4,5.160,115,0,0
2026-07-25T13:16:57Z,35.1947690,-106.6404510,1529.2,9976.0,4.780,114,0,0
2026-07-25T13:16:58Z,35.1947829,-106.6404159,1529.2,9979.4,4.320,114,0,0
2026-07-25T13:16:59Z,35.1948059,-106.6403950,1529.2,9982.6,3.900,113,11,2
2026-07-25T13:17:00Z,35.1948330,-106.6403790,1529.2,9986.6,3.680,112,11,130
2026-07-25T13:17:01Z,35.1948560,-106.6403579,1529.2,9990.1,3.540,112,11,130
2026-07-25T13:17:02Z,35.1948730,-106.6403289,1529.2,9994.1,3.620,112,37,130
2026-07-25T13:17:03Z,35.1948779,-106.6402950,1529.2,9998.5,3.820,112,62,235
2026-07-25T13:17:04Z,35.1948689,-106.6402559,1529.4,10003.1,4.100,112,86,161
2026-07-25T13:17:05Z,35.1948529,-106.6402120,1529.4,10008.0,4.280,112,90,115
2026-07-25T13:17:06Z,35.1948349,-106.6401620,1529.4,10012.8,4.540,113,93,79
2026-07-25T13:17:07Z,35.1948180,-106.6401110,1529.4,10018.0,4.780,113,94,74
2026-07-25T13:17:08Z,35.1947990,-106.6400589,1529.4,10023.0,4.900,113,96,63
2026-07-25T13:17:09Z,35.1947770,-106.6400050,1529.4,10028.5,5.080,113,97,44
2026-07-25T13:17:10Z,35.1947639,-106.6399510,1529.4,10034.0,5.200,113,100,82
2026-07-25T13:17:11Z,35.1947789,-106.6398979,1529.2,10039.1,5.260,113,98,100
2026-07-25T13:17:12Z,35.1947949,-106.6398439,1529.2,10044.3,5.260,113,99,107
2026-07-25T13:17:13Z,35.1948300,-106.6398090,1529.2,10049.6,5.320,113,99,103
2026-07-25T13:17:14Z,35.1948710,-106.6397819,1529.2,10055.0,5.300,113,99,111
2026-07-25T13:17:15Z,35.1949140,-106.6397600,1529.2,10060.5,5.300,113,100,111
2026-07-25T13:17:16Z,35.1949570,-106.6397370,1529.2,10066.1,5.400,113,100,115
2026-07-25T13:17:17Z,35.1950020,-106.6397139,1529.2,10071.6,5.460,113,103,115
2026-07-25T13:17:18Z,35.1950460,-106.6396880,1529.0,10077.3,5.540,114,107,81
2026-07-25T13:17:19Z,35.1950920,-106.6396620,1529.0,10082.9,5.580,114,107,63
2026-07-25T13:17:20Z,35.1951389,-106.6396360,1528.8,10088.6,5.620,114,108,42
2026-07-25T13:17:21Z,35.1951819,-106.6396060,1528.8,10094.3,5.640,114,108,45
2026-07-25T13:17:22Z,35.1952170,-106.6395659,1528.8,10099.7,5.620,114,108,131
2026-07-25T13:17:23Z,35.1952389,-106.6395150,1528.8,10105.6,5.660,114,96,131
2026-07-25T13:17:24Z,35.1952470,-106.6394529,1528.8,10111.3,5.680,114,98,114
2026-07-25T13:17:25Z,35.1952460,-106.6393870,1528.8,10117.2,5.720,114,99,129
2026-07-25T13:17:26Z,35.1952360,-106.6393210,1528.8,10123.1,5.760,115,98,161
2026-07-25T13:17:27Z,35.1952200,-106.6392560,1528.8,10128.8,5.820,115,98,152
2026-07-25T13:17:28Z,35.1951999,-106.6391949,1528.8,10134.6,5.800,115,98,143
2026-07-25T13:17:29Z,35.1951770,-106.6391369,1528.8,10140.7,5.880,115,98,143
2026-07-25T13:17:30Z,35.1951549,-106.6390769,1528.8,10146.4,5.840,116,98,151
2026-07-25T13:17:31Z,35.1951379,-106.6390150,1528.8,10152.2,5.820,116,96,166
2026-07-25T13:17:32Z,35.1951310,-106.6389519,1528.8,10158.0,5.840,116,95,172
2026-07-25T13:17:33Z,35.1951389,-106.6388909,1528.8,10163.6,5.800,117,95,168
2026-07-25T13:17:34Z,35.1951580,-106.6388339,1528.8,10169.0,5.660,117,81,93
2026-07-25T13:17:35Z,35.1951890,-106.6387870,1528.8,10174.1,5.540,117,73,169
2026-07-25T13:17:36Z,35.1952220,-106.6387469,1529.0,10179.4,5.440,118,86,238
2026-07-25T13:17:37Z,35.1952519,-106.6386889,1529.0,10184.7,5.340,118,89,209
2026-07-25T13:17:38Z,35.1952580,-106.6386339,1529.0,10190.4,5.360,118,93,212
2026-07-25T13:17:39Z,35.1952450,-106.6385749,1529.2,10196.2,5.440,118,99,163
2026-07-25T13:17:40Z,35.1952279,-106.6385260,1529.2,10202.4,5.660,118,103,141
2026-07-25T13:17:41Z,35.1952089,-106.6384619,1529.6,10208.8,5.880,118,106,100
2026-07-25T13:17:42Z,35.1951880,-106.6383960,1529.4,10215.5,6.160,118,109,87
2026-07-25T13:17:43Z,35.1951610,-106.6383140,1529.4,10222.3,6.380,118,109,84
2026-07-25T13:17:44Z,35.1951419,-106.6382569,1529.6,10229.5,6.660,119,103,114
2026-07-25T13:17:45Z,35.1951220,-106.6381910,1529.6,10236.5,6.820,119,106,77
2026-07-25T13:17:46Z,35.1951000,-106.6381200,1529.6,10243.8,7.000,119,106,91
2026-07-25T13:17:47Z,35.1950760,-106.6380459,1529.6,10251.1,7.120,119,102,85
2026-07-25T13:17:48Z,35.1950539,-106.6379709,1529.6,10258.7,7.280,119,104,97
2026-07-25T13:17:49Z,35.1950310,-106.6378950,1529.6,10266.3,7.360,119,105,105
2026-07-25T13:17:50Z,35.1950089,-106.6378170,1529.4,10273.9,7.480,119,106,101
2026-07-25T13:17:51Z,35.1949870,-106.6377399,1529.4,10281.7,7.580,119,108,124
2026-07-25T13:17:52Z,35.1949620,-106.6376610,1529.2,10289.7,7.720,119,109,96
2026-07-25T13:17:53Z,35.1949310,-106.6375660,1529.2,10297.7,7.800,119,102,122
2026-07-25T13:17:54Z,35.1949130,-106.6374979,1529.2,10305.7,7.880,120,103,123
2026-07-25T13:17:55Z,35.1948890,-106.6374139,1529.0,10313.7,7.960,119,103,114
2026-07-25T13:17:56Z,35.1948600,-106.6373129,1529.0,10321.6,7.980,119,103,130
2026-07-25T13:17:57Z,35.1948369,-106.6372280,1529.0,10329.9,8.039,119,104,130
2026-07-25T13:17:58Z,35.1948180,-106.6371600,1528.8,10338.1,8.080,119,104,144
2026-07-25T13:17:59Z,35.1947939,-106.6370770,1528.6,10346.0,8.060,119,104,144
2026-07-25T13:18:00Z,35.1947700,-106.6369919,1528.6,10354.0,8.060,119,104,146
2026-07-25T13:18:01Z,35.1947420,-106.6368909,1528.6,10362.1,8.100,120,104,146
2026-07-25T13:18:02Z,35.1947239,-106.6368250,1528.4,10370.0,8.020,120,104,142
2026-07-25T13:18:03Z,35.1947010,-106.6367420,1528.4,10377.8,7.940,120,103,142
2026-07-25T13:18:04Z,35.1946779,-106.6366609,1528.2,10385.7,7.940,120,102,149
2026-07-25T13:18:05Z,35.1946519,-106.6365810,1528.2,10393.7,7.940,121,102,154
2026-07-25T13:18:06Z,35.1946260,-106.6365000,1528.2,10401.4,7.860,121,102,147
2026-07-25T13:18:07Z,35.1946030,-106.6364179,1528.2,10409.3,7.860,121,102,148
2026-07-25T13:18:08Z,35.1945799,-106.6363370,1528.4,10417.1,7.860,121,102,133
2026-07-25T13:18:09Z,35.1945580,-106.6362550,1528.4,10424.8,7.820,121,102,136
2026-07-25T13:18:10Z,35.1945310,-106.6361570,1528.4,10432.7,7.800,121,102,140
2026-07-25T13:18:11Z,35.1945110,-106.6360920,1528.4,10440.5,7.820,121,102,140
2026-07-25T13:18:12Z,35.1944840,-106.6359930,1528.2,10448.2,7.780,121,101,157
2026-07-25T13:18:13Z,35.1944649,-106.6359270,1528.4,10456.0,7.780,121,101,145
2026-07-25T13:18:14Z,35.1944420,-106.6358449,1528.4,10463.8,7.800,121,101,172
2026-07-25T13:18:15Z,35.1944120,-106.6357449,1528.4,10471.5,7.760,121,93,198
2026-07-25T13:18:16Z,35.1943950,-106.6356810,1528.4,10479.2,7.740,121,93,185
2026-07-25T13:18:17Z,35.1943730,-106.6355999,1528.4,10487.3,7.820,121,93,166
2026-07-25T13:18:18Z,35.1943509,-106.6355180,1528.4,10495.2,7.840,121,93,178
2026-07-25T13:18:19Z,35.1943280,-106.6354350,1528.4,10503.2,7.880,121,93,169
2026-07-25T13:18:20Z,35.1943049,-106.6353519,1528.2,10511.3,7.960,121,94,161
2026-07-25T13:18:21Z,35.1942779,-106.6352529,1528.2,10519.4,8.039,121,94,158
2026-07-25T13:18:22Z,35.1942609,-106.6351860,1528.2,10527.3,8.000,121,94,174
2026-07-25T13:18:23Z,35.1942400,-106.6351020,1528.2,10535.4,8.039,121,95,162
2026-07-25T13:18:24Z,35.1942100,-106.6350030,1528.2,10543.5,8.060,121,95,159
2026-07-25T13:18:25Z,35.1941889,-106.6349359,1528.4,10551.3,8.000,121,95,162
2026-07-25T13:18:26Z,35.1941639,-106.6348519,1528.2,10559.3,7.980,121,96,161
2026-07-25T13:18:27Z,35.1941390,-106.6347669,1528.4,10567.5,8.039,122,96,150
2026-07-25T13:18:28Z,35.1941140,-106.6346809,1528.6,10575.9,8.100,122,97,157
2026-07-25T13:18:29Z,35.1940840,-106.6345779,1528.6,10584.0,8.100,123,97,156
2026-07-25T13:18:30Z,35.1940629,-106.6345089,1528.6,10592.3,8.200,123,98,148
2026-07-25T13:18:31Z,35.1940319,-106.6344029,1528.6,10600.7,8.280,123,99,143
2026-07-25T13:18:32Z,35.1940120,-106.6343319,1528.6,10609.0,8.300,124,99,136
2026-07-25T13:18:33Z,35.1939860,-106.6342430,1528.6,10617.3,8.280,124,99,137
2026-07-25T13:18:34Z,35.1939609,-106.6341570,1528.6,10625.7,8.340,124,99,138
2026-07-25T13:18:35Z,35.1939289,-106.6340510,1528.4,10634.2,8.380,124,100,125
2026-07-25T13:18:36Z,35.1939060,-106.6339820,1528.4,10642.6,8.380,124,100,134
2026-07-25T13:18:37Z,35.1938780,-106.6338960,1528.2,10651.0,8.400,124,100,135
2026-07-25T13:18:38Z,35.1938449,-106.6337899,1528.2,10659.5,8.440,124,100,146
2026-07-25T13:18:39Z,35.1938169,-106.6337029,1528.2,10668.1,8.480,124,101,135
2026-07-25T13:18:40Z,35.1937950,-106.6336350,1528.2,10676.7,8.500,124,102,132
2026-07-25T13:18:41Z,35.1937680,-106.6335449,1528.2,10685.2,8.520,124,102,131
2026-07-25T13:18:42Z,35.1937439,-106.6334539,1528.2,10693.5,8.500,124,102,144
2026-07-25T13:18:43Z,35.1937129,-106.6333439,1528.0,10702.1,8.520,124,102,140
2026-07-25T13:18:44Z,35.1936869,-106.6332539,1528.0,10710.6,8.500,124,101,137
2026-07-25T13:18:45Z,35.1936670,-106.6331809,1528.0,10719.0,8.460,123,101,131
2026-07-25T13:18:46Z,35.1936419,-106.6330910,1527.8,10727.2,8.400,123,100,142
2026-07-25T13:18:47Z,35.1936190,-106.6330070,1527.8,10735.7,8.440,123,99,144
2026-07-25T13:18:48Z,35.1935940,-106.6329200,1527.8,10743.9,8.360,123,99,180
2026-07-25T13:18:49Z,35.1935680,-106.6328340,1527.8,10752.1,8.300,123,98,174
2026-07-25T13:18:50Z,35.1935409,-106.6327489,1527.6,10760.2,8.240,123,98,193
2026-07-25T13:18:51Z,35.1935149,-106.6326629,1527.6,10768.4,8.240,123,97,193
2026-07-25T13:18:52Z,35.1934910,-106.6325789,1527.6,10776.5,8.160,123,96,182
2026-07-25T13:18:53Z,35.1934589,-106.6324779,1527.6,10784.5,8.119,123,96,185
2026-07-25T13:18:54Z,35.1934350,-106.6323929,1527.6,10792.6,8.100,123,96,200
2026-07-25T13:18:55Z,35.1934149,-106.6323250,1527.6,10800.5,8.060,123,95,200
2026-07-25T13:18:56Z,35.1933900,-106.6322440,1527.6,10808.5,8.020,124,95,214
2026-07-25T13:18:57Z,35.1933600,-106.6321449,1527.6,10816.4,7.980,124,94,209
2026-07-25T13:18:58Z,35.1933370,-106.6320619,1527.6,10824.3,7.960,124,94,204
2026-07-25T13:18:59Z,35.1933170,-106.6319950,1527.6,10832.1,7.900,124,94,205
2026-07-25T13:19:00Z,35.1932940,-106.6319140,1527.6,10840.0,7.900,125,93,212
2026-07-25T13:19:01Z,35.1932660,-106.6318159,1527.8,10848.0,7.900,125,93,219
2026-07-25T13:19:02Z,35.1932480,-106.6317520,1527.8,10855.8,7.880,125,93,226
2026-07-25T13:19:03Z,35.1932230,-106.6316700,1527.8,10863.6,7.860,126,93,210
2026-07-25T13:19:04Z,35.1931989,-106.6315900,1528.0,10871.5,7.880,126,93,219
2026-07-25T13:19:05Z,35.1931760,-106.6315100,1528.0,10879.2,7.840,127,92,219
2026-07-25T13:19:06Z,35.1931510,-106.6314299,1528.2,10887.0,7.800,127,92,222
2026-07-25T13:19:07Z,35.1931200,-106.6313340,1528.2,10894.7,7.780,127,92,228
2026-07-25T13:19:08Z,35.1931020,-106.6312670,1528.4,10902.6,7.800,127,93,225
2026-07-25T13:19:09Z,35.1930790,-106.6311880,1528.4,10910.4,7.780,127,93,229
2026-07-25T13:19:10Z,35.1930559,-106.6311090,1528.4,10918.5,7.860,127,93,226
2026-07-25T13:19:11Z,35.1930310,-106.6310269,1528.4,10926.6,7.920,127,94,226
2026-07-25T13:19:12Z,35.1930080,-106.6309460,1528.6,10934.5,7.960,128,94,193
2026-07-25T13:19:13Z,35.1929849,-106.6308640,1528.6,10942.4,7.960,128,94,191
2026-07-25T13:19:14Z,35.1929610,-106.6307819,1528.6,10950.4,8.000,128,94,187
2026-07-25T13:19:15Z,35.1929360,-106.6307000,1528.6,10958.2,7.940,128,94,187
2026-07-25T13:19:16Z,35.1929119,-106.6306200,1528.6,10966.0,7.880,128,94,182
2026-07-25T13:19:17Z,35.1928890,-106.6305379,1528.8,10973.8,7.860,128,94,197
2026-07-25T13:19:18Z,35.1928600,-106.6304410,1528.8,10981.8,7.880,128,94,193
2026-07-25T13:19:19Z,35.1928389,-106.6303760,1528.8,10989.7,7.860,128,94,180
2026-07-25T13:19:20Z,35.1928150,-106.6302939,1528.8,10997.7,7.900,128,94,188
2026-07-25T13:19:21Z,35.1927910,-106.6302110,1528.8,11005.7,7.940,128,94,182
2026-07-25T13:19:22Z,35.1927669,-106.6301270,1528.8,11013.8,8.000,128,95,182
2026-07-25T13:19:23Z,35.1927440,-106.6300450,1528.8,11021.8,8.000,128,95,200
2026-07-25T13:19:24Z,35.1927209,-106.6299599,1528.8,11030.0,8.060,128,96,190
2026-07-25T13:19:25Z,35.1926910,-106.6298599,1529.0,11038.3,8.119,128,97,184
2026-07-25T13:19:26Z,35.1926720,-106.6297930,1529.0,11046.5,8.160,128,97,182
2026-07-25T13:19:27Z,35.1926440,-106.6296899,1529.0,11054.8,8.200,128,97,170
2026-07-25T13:19:28Z,35.1926249,-106.6296210,1529.2,11063.2,8.280,129,98,150
2026-07-25T13:19:29Z,35.1926010,-106.6295360,1529.0,11071.3,8.260,129,98,155
2026-07-25T13:19:30Z,35.1925750,-106.6294500,1529.0,11079.7,8.280,128,98,155
2026-07-25T13:19:31Z,35.1925489,-106.6293650,1529.0,11088.1,8.320,129,98,164
2026-07-25T13:19:32Z,35.1925219,-106.6292790,1529.0,11096.4,8.320,129,99,162
2026-07-25T13:19:33Z,35.1924959,-106.6291920,1529.2,11104.7,8.300,129,99,170
2026-07-25T13:19:34Z,35.1924720,-106.6291040,1529.2,11113.1,8.360,129,99,148
2026-07-25T13:19:35Z,35.1924420,-106.6289979,1529.2,11121.8,8.420,130,99,150
2026-07-25T13:19:36Z,35.1924170,-106.6289129,1529.0,11130.3,8.440,130,100,152
2026-07-25T13:19:37Z,35.1923970,-106.6288440,1529.0,11138.6,8.440,129,100,146
2026-07-25T13:19:38Z,35.1923690,-106.6287580,1529.0,11147.1,8.480,129,100,142
2026-07-25T13:19:39Z,35.1923369,-106.6286529,1529.0,11155.8,8.540,129,100,144
2026-07-25T13:19:40Z,35.1923160,-106.6285819,1528.8,11164.3,8.500,129,101,140
2026-07-25T13:19:41Z,35.1922899,-106.6284929,1528.8,11172.8,8.500,129,101,154
2026-07-25T13:19:42Z,35.1922649,-106.6284059,1528.8,11181.4,8.560,129,101,153
2026-07-25T13:19:43Z,35.1922400,-106.6283180,1528.8,11190.0,8.580,129,101,151
2026-07-25T13:19:44Z,35.1922170,-106.6282290,1528.8,11198.6,8.560,128,101,162
2026-07-25T13:19:45Z,35.1921860,-106.6281209,1528.6,11207.0,8.540,128,101,149
2026-07-25T13:19:46Z,35.1921599,-106.6280310,1528.6,11215.6,8.560,128,100,143
2026-07-25T13:19:47Z,35.1921380,-106.6279609,1528.6,11224.2,8.560,128,101,164
2026-07-25T13:19:48Z,35.1921110,-106.6278739,1528.4,11232.8,8.560,128,101,143
2026-07-25T13:19:49Z,35.1920860,-106.6277840,1528.4,11241.4,8.560,128,101,142
2026-07-25T13:19:50Z,35.1920580,-106.6276960,1528.2,11250.0,8.600,127,101,139
2026-07-25T13:19:51Z,35.1920309,-106.6276080,1528.2,11258.6,8.600,127,102,161
2026-07-25T13:19:52Z,35.1920049,-106.6275210,1528.2,11267.2,8.600,127,102,143
2026-07-25T13:19:53Z,35.1919820,-106.6274370,1528.0,11275.8,8.600,127,102,139
2026-07-25T13:19:54Z,35.1919570,-106.6273500,1528.0,11284.3,8.580,127,101,155
2026-07-25T13:19:55Z,35.1919270,-106.6272419,1528.0,11292.9,8.580,127,101,159
2026-07-25T13:19:56Z,35.1919059,-106.6271709,1527.8,11301.8,8.640,127,101,166
2026-07-25T13:19:57Z,35.1918800,-106.6270810,1527.8,11310.3,8.620,127,101,136
2026-07-25T13:19:58Z,35.1918550,-106.6269920,1527.8,11318.9,8.620,127,101,137
2026-07-25T13:19:59Z,35.1918280,-106.6269020,1527.8,11327.5,8.640,127,101,142
2026-07-25T13:20:00Z,35.1917960,-106.6267959,1527.8,11336.2,8.660,127,101,153
2026-07-25T13:20:01Z,35.1917729,-106.6267269,1527.8,11344.7,8.580,127,101,161
2026-07-25T13:20:02Z,35.1917459,-106.6266399,1527.8,11353.3,8.600,127,101,168
2026-07-25T13:20:03Z,35.1917159,-106.6265330,1527.6,11361.7,8.560,127,101,158
2026-07-25T13:20:04Z,35.1916889,-106.6264440,1527.6,11370.5,8.600,126,101,161
2026-07-25T13:20:05Z,35.1916670,-106.6263710,1527.4,11378.9,8.540,126,101,165
2026-07-25T13:20:06Z,35.1916400,-106.6262829,1527.4,11387.4,8.540,126,101,171
2026-07-25T13:20:07Z,35.1916139,-106.6261970,1527.4,11396.2,8.580,126,101,171
2026-07-25T13:20:08Z,35.1915810,-106.6260919,1527.4,11404.8,8.620,126,101,171
2026-07-25T13:20:09Z,35.1915550,-106.6260040,1527.4,11413.1,8.520,126,100,171
2026-07-25T13:20:10Z,35.1915340,-106.6259339,1527.2,11421.6,8.540,126,100,173
2026-07-25T13:20:11Z,35.1915070,-106.6258469,1527.2,11430.0,8.520,126,100,156
2026-07-25T13:20:12Z,35.1914800,-106.6257619,1527.2,11438.4,8.440,126,100,179
2026-07-25T13:20:13Z,35.1914540,-106.6256759,1527.2,11446.9,8.420,126,100,191
2026-07-25T13:20:14Z,35.1914269,-106.6255899,1527.2,11455.3,8.440,126,100,193
2026-07-25T13:20:15Z,35.1914029,-106.6255070,1527.2,11463.5,8.380,126,99,184
2026-07-25T13:20:16Z,35.1913770,-106.6254199,1527.4,11471.9,8.380,126,99,170
2026-07-25T13:20:17Z,35.1913460,-106.6253179,1527.4,11480.2,8.360,127,99,175
2026-07-25T13:20:18Z,35.1913269,-106.6252490,1527.4,11488.7,8.360,127,98,167
2026-07-25T13:20:19Z,35.1912960,-106.6251449,1527.4,11496.9,8.320,127,98,167
2026-07-25T13:20:20Z,35.1912740,-106.6250770,1527.4,11505.4,8.380,127,98,186
2026-07-25T13:20:21Z,35.1912490,-106.6249940,1527.4,11513.6,8.340,127,98,199
2026-07-25T13:20:22Z,35.1912240,-106.6249090,1527.6,11521.9,8.340,127,98,193
2026-07-25T13:20:23Z,35.1911910,-106.6248070,1527.6,11530.3,8.320,127,98,201
2026-07-25T13:20:24Z,35.1911709,-106.6247380,1527.6,11538.7,8.360,127,98,203
2026-07-25T13:20:25Z,35.1911470,-106.6246510,1527.6,11547.0,8.320,128,98,199
2026-07-25T13:20:26Z,35.1911180,-106.6245500,1527.8,11555.2,8.320,128,98,198
2026-07-25T13:20:27Z,35.1910979,-106.6244809,1527.8,11563.5,8.320,128,98,191
2026-07-25T13:20:28Z,35.1910669,-106.6243790,1527.8,11571.7,8.280,128,98,191
2026-07-25T13:20:29Z,35.1910470,-106.6243099,1528.0,11579.8,8.220,128,98,191
2026-07-25T13:20:30Z,35.1910200,-106.6242239,1528.0,11588.0,8.200,129,97,173
2026-07-25T13:20:31Z,35.1909940,-106.6241399,1528.0,11596.1,8.180,129,97,180
2026-07-25T13:20:32Z,35.1909620,-106.6240379,1528.0,11604.2,8.140,129,97,180
2026-07-25T13:20:33Z,35.1909399,-106.6239700,1528.0,11612.4,8.140,129,97,186
2026-07-25T13:20:34Z,35.1909139,-106.6238850,1528.0,11620.5,8.140,129,96,188
2026-07-25T13:20:35Z,35.1908890,-106.6237990,1528.2,11628.7,8.140,129,96,183
2026-07-25T13:20:36Z,35.1908650,-106.6237140,1528.2,11636.6,8.100,129,96,183
2026-07-25T13:20:37Z,35.1908409,-106.6236300,1528.2,11644.9,8.140,129,96,187
2026-07-25T13:20:38Z,35.1908150,-106.6235469,1528.2,11652.9,8.100,129,96,177
2026-07-25T13:20:39Z,35.1907900,-106.6234650,1528.4,11660.9,8.080,129,95,182
2026-07-25T13:20:40Z,35.1907649,-106.6233840,1528.4,11668.9,8.039,129,95,171
2026-07-25T13:20:41Z,35.1907350,-106.6232850,1528.4,11677.0,8.080,129,95,172
2026-07-25T13:20:42Z,35.1907099,-106.6232019,1528.4,11684.9,8.000,130,94,174
2026-07-25T13:20:43Z,35.1906839,-106.6231200,1528.4,11693.0,8.020,130,94,175
2026-07-25T13:20:44Z,35.1906630,-106.6230550,1528.6,11700.8,7.980,130,94,172
2026-07-25T13:20:45Z,35.1906359,-106.6229739,1528.6,11708.7,7.960,130,94,172
2026-07-25T13:20:46Z,35.1906050,-106.6228770,1528.6,11716.6,7.920,130,94,181
2026-07-25T13:20:47Z,35.1905799,-106.6227950,1528.6,11724.5,7.920,130,94,171
2026-07-25T13:20:48Z,35.1905590,-106.6227299,1528.6,11732.4,7.880,131,94,176
2026-07-25T13:20:49Z,35.1905340,-106.6226470,1528.6,11740.3,7.900,131,94,179
2026-07-25T13:20:50Z,35.1905099,-106.6225650,1528.6,11748.1,7.880,131,94,184
2026-07-25T13:20:51Z,35.1904870,-106.6224829,1528.6,11756.1,7.900,131,94,179
2026-07-25T13:20:52Z,35.1904580,-106.6223860,1528.6,11764.0,7.900,131,94,177
2026-07-25T13:20:53Z,35.1904369,-106.6223239,1528.6,11771.9,7.900,131,94,179
2026-07-25T13:20:54Z,35.1904109,-106.6222419,1528.8,11780.0,7.940,130,95,185
2026-07-25T13:20:55Z,35.1903860,-106.6221610,1528.8,11788.0,7.980,131,95,182
2026-07-25T13:20:56Z,35.1903629,-106.6220780,1528.8,11796.1,8.000,130,96,182
2026-07-25T13:20:57Z,35.1903389,-106.6219939,1528.8,11804.1,8.020,130,96,183
2026-07-25T13:20:58Z,35.1903150,-106.6219079,1528.8,11812.4,8.100,130,96,172
2026-07-25T13:20:59Z,35.1902900,-106.6218239,1528.8,11820.4,8.080,130,96,160
2026-07-25T13:21:00Z,35.1902629,-106.6217410,1528.8,11828.5,8.100,130,96,174
2026-07-25T13:21:01Z,35.1902329,-106.6216430,1528.8,11836.8,8.140,129,97,173
2026-07-25T13:21:02Z,35.1902130,-106.6215769,1528.8,11845.0,8.180,129,97,154
2026-07-25T13:21:03Z,35.1901870,-106.6214919,1528.8,11853.1,8.140,129,98,148
2026-07-25T13:21:04Z,35.1901530,-106.6213899,1528.8,11861.4,8.200,129,98,150
2026-07-25T13:21:05Z,35.1901250,-106.6213049,1528.8,11869.7,8.240,129,98,150
2026-07-25T13:21:06Z,35.1901030,-106.6212390,1528.8,11878.2,8.280,128,99,139
2026-07-25T13:21:07Z,35.1900749,-106.6211540,1528.8,11886.7,8.340,128,99,149
2026-07-25T13:21:08Z,35.1900450,-106.6210670,1528.8,11895.1,8.400,128,100,142
2026-07-25T13:21:09Z,35.1900100,-106.6209650,1528.8,11903.8,8.480,128,100,143
2026-07-25T13:21:10Z,35.1899860,-106.6208960,1528.8,11912.2,8.500,127,101,136
2026-07-25T13:21:11Z,35.1899550,-106.6208090,1528.8,11920.7,8.500,127,101,127
2026-07-25T13:21:12Z,35.1899250,-106.6207230,1528.8,11929.2,8.500,127,101,126
2026-07-25T13:21:13Z,35.1898899,-106.6206170,1528.8,11937.8,8.540,127,101,135
2026-07-25T13:21:14Z,35.1898670,-106.6205470,1528.8,11946.4,8.520,127,102,138
2026-07-25T13:21:15Z,35.1898360,-106.6204600,1528.6,11955.0,8.560,126,102,129
2026-07-25T13:21:16Z,35.1898080,-106.6203719,1528.6,11963.6,8.580,126,102,133
2026-07-25T13:21:17Z,35.1897790,-106.6202870,1528.6,11972.2,8.600,127,102,144
2026-07-25T13:21:18Z,35.1897479,-106.6201989,1528.6,11980.8,8.600,127,102,135
2026-07-25T13:21:19Z,35.1897169,-106.6201119,1528.6,11989.5,8.620,127,102,137
2026-07-25T13:21:20Z,35.1896810,-106.6200070,1528.6,11998.0,8.600,126,102,142
2026-07-25T13:21:21Z,35.1896579,-106.6199379,1528.4,12006.4,8.560,126,102,142
2026-07-25T13:21:22Z,35.1896319,-106.6198499,1528.4,12015.2,8.600,126,102,188
2026-07-25T13:21:23Z,35.1896019,-106.6197420,1528.4,12023.8,8.600,126,102,228
2026-07-25T13:21:24Z,35.1895820,-106.6196479,1528.4,12032.4,8.580,127,103,195
2026-07-25T13:21:25Z,35.1895710,-106.6195710,1528.2,12041.1,8.620,127,102,170
2026-07-25T13:21:26Z,35.1895569,-106.6194769,1528.2,12049.7,8.660,127,102,177
2026-07-25T13:21:27Z,35.1895390,-106.6193660,1528.2,12058.1,8.580,127,101,182
2026-07-25T13:21:28Z,35.1895220,-106.6192749,1528.2,12066.6,8.560,127,101,178
2026-07-25T13:21:29Z,35.1895039,-106.6192029,1528.2,12074.9,8.500,127,101,196
2026-07-25T13:21:30Z,35.1894790,-106.6191140,1528.2,12083.5,8.480,128,101,191
2026-07-25T13:21:31Z,35.1894550,-106.6190270,1528.2,12092.0,8.460,128,100,196
2026-07-25T13:21:32Z,35.1894319,-106.6189350,1528.2,12100.5,8.480,129,101,219
2026-07-25T13:21:33Z,35.1894080,-106.6188459,1528.4,12109.0,8.480,129,101,183
2026-07-25T13:21:34Z,35.1893790,-106.6187390,1528.4,12117.6,8.540,129,101,183
2026-07-25T13:21:35Z,35.1893599,-106.6186670,1528.4,12126.0,8.500,130,100,198
2026-07-25T13:21:36Z,35.1893350,-106.6185790,1528.4,12134.5,8.500,130,100,206
2026-07-25T13:21:37Z,35.1893110,-106.6184859,1528.6,12143.0,8.500,130,101,180
2026-07-25T13:21:38Z,35.1892879,-106.6183960,1528.6,12151.4,8.480,130,100,157
2026-07-25T13:21:39Z,35.1892640,-106.6183070,1528.6,12159.8,8.440,130,100,155
2026-07-25T13:21:40Z,35.1892459,-106.6182190,1528.6,12168.4,8.480,130,100,141
2026-07-25T13:21:41Z,35.1892299,-106.6181289,1528.6,12176.6,8.420,130,99,110
2026-07-25T13:21:42Z,35.1892159,-106.6180379,1528.6,12184.8,8.360,130,99,88
2026-07-25T13:21:43Z,35.1891999,-106.6179490,1528.6,12193.0,8.320,130,98,88
2026-07-25T13:21:44Z,35.1891820,-106.6178630,1528.6,12201.2,8.280,129,97,129
2026-07-25T13:21:45Z,35.1891640,-106.6177770,1528.4,12209.5,8.220,129,97,130
2026-07-25T13:21:46Z,35.1891439,-106.6176910,1528.4,12217.6,8.200,129,97,135
2026-07-25T13:21:47Z,35.1891230,-106.6176050,1528.4,12225.5,8.140,129,96,124
2026-07-25T13:21:48Z,35.1890989,-106.6175030,1528.4,12234.0,8.200,129,96,124
2026-07-25T13:21:49Z,35.1890879,-106.6174359,1528.4,12242.1,8.180,128,50,38
2026-07-25T13:21:50Z,35.1890890,-106.6173479,1528.4,12250.4,8.180,128,95,194
2026-07-25T13:21:51Z,35.1891149,-106.6172670,1528.2,12258.4,8.160,128,95,220
2026-07-25T13:21:52Z,35.1891719,-106.6171889,1528.2,12266.5,8.200,127,96,232
2026-07-25T13:21:53Z,35.1892220,-106.6171520,1528.2,12274.6,8.119,127,97,217
2026-07-25T13:21:54Z,35.1892900,-106.6171169,1528.2,12282.8,8.140,127,97,212
2026-07-25T13:21:55Z,35.1893739,-106.6170899,1528.2,12290.8,8.080,127,96,210
2026-07-25T13:21:56Z,35.1894329,-106.6170779,1528.2,12298.7,8.060,127,96,219
2026-07-25T13:21:57Z,35.1895210,-106.6170599,1528.2,12307.0,8.100,127,97,212
2026-07-25T13:21:58Z,35.1895810,-106.6170479,1528.2,12315.0,8.080,127,98,195
2026-07-25T13:21:59Z,35.1896540,-106.6170319,1528.2,12323.2,8.080,127,98,181
2026-07-25T13:22:00Z,35.1897290,-106.6170150,1528.2,12331.4,8.119,127,98,194
2026-07-25T13:22:01Z,35.1898039,-106.6169980,1528.2,12339.7,8.200,127,98,173
2026-07-25T13:22:02Z,35.1898769,-106.6169790,1528.2,12347.8,8.160,127,98,178
2026-07-25T13:22:03Z,35.1899489,-106.6169570,1528.2,12356.2,8.240,127,99,170
2026-07-25T13:22:04Z,35.1900219,-106.6169370,1528.2,12364.5,8.260,127,99,181
2026-07-25T13:22:05Z,35.1900960,-106.6169209,1528.2,12372.9,8.300,127,99,210
2026-07-25T13:22:06Z,35.1901690,-106.6169070,1528.2,12381.2,8.300,127,99,211
2026-07-25T13:22:07Z,35.1902580,-106.6168860,1528.2,12389.6,8.360,127,100,192
2026-07-25T13:22:08Z,35.1903190,-106.6168700,1528.2,12398.0,8.360,127,100,166
2026-07-25T13:22:09Z,35.1903919,-106.6168510,1528.0,12406.4,8.380,128,100,154
2026-07-25T13:22:10Z,35.1904679,-106.6168350,1528.0,12414.8,8.380,127,100,160
2026-07-25T13:22:11Z,35.1905580,-106.6168130,1528.0,12423.0,8.360,128,100,171
2026-07-25T13:22:12Z,35.1906190,-106.6168000,1528.0,12431.2,8.320,128,99,172
2026-07-25T13:22:13Z,35.1906939,-106.6167850,1528.0,12439.6,8.320,128,99,169
2026-07-25T13:22:14Z,35.1907669,-106.6167680,1528.0,12447.9,8.300,128,99,172
2026-07-25T13:22:15Z,35.1908549,-106.6167510,1528.0,12456.2,8.280,128,98,175
2026-07-25T13:22:16Z,35.1909290,-106.6167370,1528.0,12464.3,8.260,128,97,176
2026-07-25T13:22:17Z,35.1909890,-106.6167260,1528.0,12472.4,8.240,128,97,166
2026-07-25T13:22:18Z,35.1910630,-106.6167100,1528.0,12480.5,8.180,128,97,178
2026-07-25T13:22:19Z,35.1911360,-106.6166940,1528.2,12488.5,8.119,127,96,193
2026-07-25T13:22:20Z,35.1912090,-106.6166770,1528.2,12496.6,8.080,127,96,174
2026-07-25T13:22:21Z,35.1912810,-106.6166589,1528.2,12504.6,8.060,127,95,193
2026-07-25T13:22:22Z,35.1913520,-106.6166400,1528.2,12512.6,8.039,126,95,198
2026-07-25T13:22:23Z,35.1914240,-106.6166230,1528.2,12520.8,8.060,127,95,190
2026-07-25T13:22:24Z,35.1914960,-106.6166070,1528.2,12528.7,8.039,127,95,171
2026-07-25T13:22:25Z,35.1915680,-106.6165940,1528.2,12536.5,7.980,127,94,156
2026-07-25T13:22:26Z,35.1916530,-106.6165760,1528.2,12544.4,7.960,127,94,181
2026-07-25T13:22:27Z,35.1917090,-106.6165630,1528.2,12552.3,7.940,127,94,194
2026-07-25T13:22:28Z,35.1917800,-106.6165469,1528.2,12560.1,7.860,127,94,187
2026-07-25T13:22:29Z,35.1918510,-106.6165319,1528.2,12568.0,7.860,127,94,189
2026-07-25T13:22:30Z,35.1919349,-106.6165139,1528.4,12575.9,7.880,127,94,189
2026-07-25T13:22:31Z,35.1920039,-106.6164980,1528.4,12583.7,7.860,127,93,198
2026-07-25T13:22:32Z,35.1920599,-106.6164830,1528.4,12591.6,7.860,127,93,200
2026-07-25T13:22:33Z,35.1921319,-106.6164680,1528.4,12599.5,7.880,127,94,200
2026-07-25T13:22:34Z,35.1922039,-106.6164550,1528.4,12607.4,7.880,127,94,197
2026-07-25T13:22:35Z,35.1922890,-106.6164390,1528.6,12615.3,7.880,128,94,193
2026-07-25T13:22:36Z,35.1923430,-106.6164269,1528.6,12623.3,7.920,128,94,180
2026-07-25T13:22:37Z,35.1924130,-106.6164090,1528.6,12631.3,7.940,128,94,171
2026-07-25T13:22:38Z,35.1924970,-106.6163869,1528.6,12639.3,7.960,129,95,185
2026-07-25T13:22:39Z,35.1925540,-106.6163739,1528.6,12647.3,7.980,129,95,186
2026-07-25T13:22:40Z,35.1926260,-106.6163599,1528.8,12655.5,8.039,129,96,187
2026-07-25T13:22:41Z,35.1926990,-106.6163460,1528.8,12663.6,8.060,128,96,190
2026-07-25T13:22:42Z,35.1927720,-106.6163320,1528.6,12671.7,8.080,129,97,190
2026-07-25T13:22:43Z,35.1928440,-106.6163169,1528.6,12680.0,8.140,128,97,176
2026-07-25T13:22:44Z,35.1929160,-106.6162999,1528.6,12688.0,8.140,128,97,168
2026-07-25T13:22:45Z,35.1930030,-106.6162790,1528.6,12696.2,8.140,129,97,169
2026-07-25T13:22:46Z,35.1930620,-106.6162660,1528.6,12704.2,8.119,129,98,163
2026-07-25T13:22:47Z,35.1931360,-106.6162500,1528.6,12712.5,8.160,129,98,176
2026-07-25T13:22:48Z,35.1932109,-106.6162360,1528.6,12720.5,8.100,130,98,175
2026-07-25T13:22:49Z,35.1932849,-106.6162210,1528.4,12728.8,8.160,130,98,164
2026-07-25T13:22:50Z,35.1933729,-106.6161999,1528.2,12736.9,8.140,130,98,160
2026-07-25T13:22:51Z,35.1934330,-106.6161849,1528.2,12745.2,8.200,130,98,154
2026-07-25T13:22:52Z,35.1935060,-106.6161679,1528.2,12753.3,8.160,131,98,157
2026-07-25T13:22:53Z,35.1935940,-106.6161470,1528.2,12761.6,8.220,131,98,160
2026-07-25T13:22:54Z,35.1936670,-106.6161299,1528.2,12769.9,8.220,131,98,179
2026-07-25T13:22:55Z,35.1937270,-106.6161170,1528.2,12778.4,8.300,131,98,184
2026-07-25T13:22:56Z,35.1938019,-106.6161020,1528.2,12786.7,8.300,131,99,189
2026-07-25T13:22:57Z,35.1938920,-106.6160819,1528.2,12795.0,8.340,130,99,187
2026-07-25T13:22:58Z,35.1939520,-106.6160689,1528.2,12803.5,8.380,130,99,174
2026-07-25T13:22:59Z,35.1940410,-106.6160490,1528.2,12812.0,8.420,130,100,172
2026-07-25T13:23:00Z,35.1941019,-106.6160360,1528.2,12820.2,8.360,130,99,168
2026-07-25T13:23:01Z,35.1941759,-106.6160200,1528.2,12828.7,8.400,130,99,168
2026-07-25T13:23:02Z,35.1942499,-106.6160020,1528.2,12836.9,8.380,129,99,185
2026-07-25T13:23:03Z,35.1943260,-106.6159870,1528.2,12845.4,8.380,129,99,182
2026-07-25T13:23:04Z,35.1944000,-106.6159720,1528.4,12853.7,8.340,129,99,169
2026-07-25T13:23:05Z,35.1944720,-106.6159559,1528.2,12862.2,8.400,129,99,175
2026-07-25T13:23:06Z,35.1945470,-106.6159409,1528.2,12870.5,8.360,129,99,178
2026-07-25T13:23:07Z,35.1946219,-106.6159259,1528.0,12878.7,8.360,129,98,180
2026-07-25T13:23:08Z,35.1947089,-106.6159050,1528.0,12887.0,8.320,129,98,177
2026-07-25T13:23:09Z,35.1947659,-106.6158920,1528.0,12895.2,8.300,129,97,177
2026-07-25T13:23:10Z,35.1948369,-106.6158740,1528.0,12903.4,8.240,129,97,178
2026-07-25T13:23:11Z,35.1949099,-106.6158559,1528.0,12911.5,8.200,129,97,171
2026-07-25T13:23:12Z,35.1949990,-106.6158360,1528.0,12919.8,8.220,129,97,182
2026-07-25T13:23:13Z,35.1950559,-106.6158249,1528.2,12927.9,8.180,129,96,183
2026-07-25T13:23:14Z,35.1951290,-106.6158109,1528.2,12936.0,8.160,129,96,183
2026-07-25T13:23:15Z,35.1952010,-106.6157979,1528.2,12944.1,8.140,129,96,188
2026-07-25T13:23:16Z,35.1952730,-106.6157799,1528.2,12952.3,8.160,129,96,183
2026-07-25T13:23:17Z,35.1953590,-106.6157580,1528.2,12960.3,8.100,129,96,183
2026-07-25T13:23:18Z,35.1954299,-106.6157389,1528.2,12968.4,8.100,129,96,190
2026-07-25T13:23:19Z,35.1954890,-106.6157259,1528.2,12976.3,8.060,129,96,184
2026-07-25T13:23:20Z,35.1955620,-106.6157119,1528.2,12984.4,8.060,129,96,175
2026-07-25T13:23:21Z,35.1956330,-106.6156949,1528.4,12992.6,8.060,129,96,171
2026-07-25T13:23:22Z,35.1957060,-106.6156799,1528.4,13000.6,8.060,129,96,170
2026-07-25T13:23:23Z,35.1957790,-106.6156640,1528.4,13008.6,8.039,129,96,174
2026-07-25T13:23:24Z,35.1958490,-106.6156460,1528.4,13016.7,8.080,129,96,171
2026-07-25T13:23:25Z,35.1959210,-106.6156300,1528.4,13024.7,8.060,129,95,181
2026-07-25T13:23:26Z,35.1959930,-106.6156150,1528.4,13032.6,8.000,129,95,174
2026-07-25T13:23:27Z,35.1960780,-106.6155980,1528.4,13040.4,7.960,129,95,175
2026-07-25T13:23:28Z,35.1961350,-106.6155860,1528.4,13048.5,7.980,129,95,180
2026-07-25T13:23:29Z,35.1962039,-106.6155700,1528.4,13056.5,7.960,129,95,181
2026-07-25T13:23:30Z,35.1962739,-106.6155550,1528.6,13064.6,7.980,129,95,176
2026-07-25T13:23:31Z,35.1963449,-106.6155389,1528.6,13072.7,8.020,129,95,180
2026-07-25T13:23:32Z,35.1964169,-106.6155249,1528.6,13080.6,8.039,129,95,187
2026-07-25T13:23:33Z,35.1964889,-106.6155099,1528.6,13088.7,8.039,129,95,195
2026-07-25T13:23:34Z,35.1965619,-106.6154929,1528.6,13096.9,8.080,129,96,206
2026-07-25T13:23:35Z,35.1966339,-106.6154770,1528.6,13104.8,8.039,129,96,192
2026-07-25T13:23:36Z,35.1967069,-106.6154610,1528.4,13112.9,8.039,129,96,198
2026-07-25T13:23:37Z,35.1967799,-106.6154440,1528.4,13121.0,8.080,130,97,201
2026-07-25T13:23:38Z,35.1968509,-106.6154270,1528.4,13129.2,8.100,129,97,187
2026-07-25T13:23:39Z,35.1969219,-106.6154089,1528.6,13137.3,8.080,129,97,192
2026-07-25T13:23:40Z,35.1969939,-106.6153919,1528.6,13145.5,8.140,129,97,184
2026-07-25T13:23:41Z,35.1970809,-106.6153710,1528.6,13153.6,8.140,129,97,170
2026-07-25T13:23:42Z,35.1971389,-106.6153550,1528.4,13161.8,8.160,129,97,196
2026-07-25T13:23:43Z,35.1972109,-106.6153389,1528.4,13169.9,8.140,130,97,202
2026-07-25T13:23:44Z,35.1972829,-106.6153239,1528.4,13178.0,8.140,130,97,159
2026-07-25T13:23:45Z,35.1973539,-106.6153069,1528.4,13186.2,8.140,131,96,146
2026-07-25T13:23:46Z,35.1974259,-106.6152890,1528.4,13194.1,8.100,131,96,146
2026-07-25T13:23:47Z,35.1974979,-106.6152720,1528.4,13202.1,8.060,132,96,155
2026-07-25T13:23:48Z,35.1975699,-106.6152560,1528.6,13210.1,8.039,131,96,155
2026-07-25T13:23:49Z,35.1976419,-106.6152400,1528.6,13218.3,8.060,132,96,175
2026-07-25T13:23:50Z,35.1977149,-106.6152229,1528.6,13226.3,8.020,132,96,169
2026-07-25T13:23:51Z,35.1977879,-106.6152069,1528.6,13234.3,8.039,132,96,160
2026-07-25T13:23:52Z,35.1978599,-106.6151909,1528.6,13242.4,8.060,132,96,162
2026-07-25T13:23:53Z,35.1979330,-106.6151750,1528.6,13250.5,8.080,132,95,157
2026-07-25T13:23:54Z,35.1980039,-106.6151580,1528.6,13258.6,8.060,132,95,167
2026-07-25T13:23:55Z,35.1980739,-106.6151410,1528.8,13266.6,8.060,131,96,179
2026-07-25T13:23:56Z,35.1981459,-106.6151229,1528.8,13274.8,8.100,131,95,175
2026-07-25T13:23:57Z,35.1982159,-106.6151059,1528.8,13282.9,8.100,131,96,178
2026-07-25T13:23:58Z,35.1982879,-106.6150909,1528.8,13291.0,8.100,131,95,173
2026-07-25T13:23:59Z,35.1983619,-106.6150749,1528.8,13299.3,8.140,131,96,169
2026-07-25T13:24:00Z,35.1984339,-106.6150590,1528.8,13307.4,8.160,131,96,168
2026-07-25T13:24:01Z,35.1985059,-106.6150440,1528.8,13315.3,8.100,131,96,166
2026-07-25T13:24:02Z,35.1985779,-106.6150290,1528.8,13323.2,8.060,131,95,167
2026-07-25T13:24:03Z,35.1986489,-106.6150110,1528.8,13331.4,8.080,130,95,172
2026-07-25T13:24:04Z,35.1987189,-106.6149940,1528.8,13339.5,8.039,131,95,183
2026-07-25T13:24:05Z,35.1987899,-106.6149759,1528.8,13347.6,8.039,130,96,180
2026-07-25T13:24:06Z,35.1988610,-106.6149570,1528.8,13355.8,8.100,131,96,184
2026-07-25T13:24:07Z,35.1989330,-106.6149430,1528.8,13363.7,8.100,130,96,189
2026-07-25T13:24:08Z,35.1990050,-106.6149290,1528.8,13371.8,8.080,129,96,203
2026-07-25T13:24:09Z,35.1990770,-106.6149150,1528.8,13380.0,8.100,130,96,199
2026-07-25T13:24:10Z,35.1991490,-106.6149000,1528.8,13388.1,8.100,130,96,219
2026-07-25T13:24:11Z,35.1992229,-106.6148840,1528.8,13396.3,8.100,129,97,191
2026-07-25T13:24:12Z,35.1992949,-106.6148680,1528.8,13404.5,8.160,129,97,166
2026-07-25T13:24:13Z,35.1993679,-106.6148520,1528.8,13412.7,8.180,129,97,170
2026-07-25T13:24:14Z,35.1994399,-106.6148370,1528.8,13420.9,8.180,129,97,178
2026-07-25T13:24:15Z,35.1995139,-106.6148199,1529.0,13429.1,8.200,129,97,169
2026-07-25T13:24:16Z,35.1995880,-106.6148049,1529.0,13437.2,8.180,129,97,175
2026-07-25T13:24:17Z,35.1996610,-106.6147909,1529.0,13445.5,8.200,129,97,191
2026-07-25T13:24:18Z,35.1997340,-106.6147739,1529.0,13453.7,8.200,129,97,188
2026-07-25T13:24:19Z,35.1998060,-106.6147540,1529.0,13461.9,8.200,129,97,189
2026-07-25T13:24:20Z,35.1998790,-106.6147370,1529.0,13470.4,8.260,129,97,183
2026-07-25T13:24:21Z,35.1999500,-106.6147199,1529.0,13478.7,8.300,129,97,193
2026-07-25T13:24:22Z,35.2000230,-106.6147039,1529.0,13486.9,8.280,129,97,193
2026-07-25T13:24:23Z,35.2000960,-106.6146879,1529.0,13495.0,8.260,129,97,171
2026-07-25T13:24:24Z,35.2001830,-106.6146680,1529.0,13503.4,8.300,128,98,171
2026-07-25T13:24:25Z,35.2002400,-106.6146560,1529.0,13511.6,8.240,128,97,168
2026-07-25T13:24:26Z,35.2003139,-106.6146420,1529.0,13519.7,8.200,128,97,167
2026-07-25T13:24:27Z,35.2003869,-106.6146280,1529.0,13528.0,8.220,128,97,193
2026-07-25T13:24:28Z,35.2004599,-106.6146130,1529.0,13536.4,8.280,128,97,168
2026-07-25T13:24:29Z,35.2005319,-106.6145950,1529.0,13544.6,8.240,128,97,196
2026-07-25T13:24:30Z,35.2006039,-106.6145780,1529.0,13552.8,8.240,128,97,189
2026-07-25T13:24:31Z,35.2006759,-106.6145609,1529.0,13561.1,8.280,128,97,181
2026-07-25T13:24:32Z,35.2007499,-106.6145449,1529.0,13569.5,8.300,129,97,172
2026-07-25T13:24:33Z,35.2008219,-106.6145279,1529.0,13577.7,8.260,129,97,176
2026-07-25T13:24:34Z,35.2008949,-106.6145090,1529.0,13585.9,8.260,129,97,193
2026-07-25T13:24:35Z,35.2009690,-106.6144910,1529.0,13594.2,8.280,129,97,177
2026-07-25T13:24:36Z,35.2010420,-106.6144749,1529.0,13602.4,8.260,129,97,175
2026-07-25T13:24:37Z,35.2011140,-106.6144579,1529.0,13610.7,8.240,129,97,187
2026-07-25T13:24:38Z,35.2011880,-106.6144410,1529.0,13619.1,8.280,129,98,174
2026-07-25T13:24:39Z,35.2012620,-106.6144250,1529.0,13627.5,8.320,129,98,177
2026-07-25T13:24:40Z,35.2013359,-106.6144100,1529.0,13635.7,8.300,129,98,166
2026-07-25T13:24:41Z,35.2014109,-106.6143960,1529.0,13644.0,8.320,129,98,181
2026-07-25T13:24:42Z,35.2014839,-106.6143800,1529.0,13652.2,8.300,129,97,176
2026-07-25T13:24:43Z,35.2015580,-106.6143640,1529.0,13660.4,8.260,129,97,183
2026-07-25T13:24:44Z,35.2016310,-106.6143490,1529.2,13668.7,8.240,129,97,183
2026-07-25T13:24:45Z,35.2017040,-106.6143319,1529.2,13677.0,8.260,129,97,175
2026-07-25T13:24:46Z,35.2017770,-106.6143149,1529.2,13685.4,8.280,129,97,175
2026-07-25T13:24:47Z,35.2018490,-106.6142979,1529.2,13693.8,8.320,129,99,203
2026-07-25T13:24:48Z,35.2019220,-106.6142800,1529.2,13702.2,8.360,129,99,170
2026-07-25T13:24:49Z,35.2019950,-106.6142630,1529.2,13710.7,8.400,129,99,162
2026-07-25T13:24:50Z,35.2020709,-106.6142459,1529.2,13719.2,8.440,129,99,155
2026-07-25T13:24:51Z,35.2021439,-106.6142309,1529.2,13727.5,8.420,129,99,159
2026-07-25T13:24:52Z,35.2022159,-106.6142149,1529.2,13735.9,8.420,129,99,172
2026-07-25T13:24:53Z,35.2022889,-106.6141970,1529.2,13744.2,8.400,129,98,165
2026-07-25T13:24:54Z,35.2023609,-106.6141780,1529.2,13752.6,8.380,130,98,173
2026-07-25T13:24:55Z,35.2024329,-106.6141610,1529.2,13760.9,8.340,130,98,173
2026-07-25T13:24:56Z,35.2025060,-106.6141449,1529.2,13769.4,8.380,130,98,187
2026-07-25T13:24:57Z,35.2025800,-106.6141269,1529.2,13777.6,8.340,130,99,175
2026-07-25T13:24:58Z,35.2026540,-106.6141109,1529.2,13785.9,8.340,130,98,167
2026-07-25T13:24:59Z,35.2027260,-106.6140960,1529.2,13794.0,8.280,130,98,171
2026-07-25T13:25:00Z,35.2027990,-106.6140810,1529.2,13802.3,8.280,130,97,167
2026-07-25T13:25:01Z,35.2028710,-106.6140650,1529.2,13810.7,8.260,130,97,159
2026-07-25T13:25:02Z,35.2029430,-106.6140470,1529.2,13818.8,8.240,130,97,155
2026-07-25T13:25:03Z,35.2030170,-106.6140320,1529.2,13826.8,8.180,130,97,161
2026-07-25T13:25:04Z,35.2030909,-106.6140180,1529.2,13835.0,8.200,130,97,161
2026-07-25T13:25:05Z,35.2031639,-106.6140030,1529.2,13843.1,8.160,130,97,163
2026-07-25T13:25:06Z,35.2032359,-106.6139859,1529.2,13851.2,8.100,130,97,160
2026-07-25T13:25:07Z,35.2033239,-106.6139699,1529.2,13859.3,8.100,130,97,175
2026-07-25T13:25:08Z,35.2033809,-106.6139590,1529.2,13867.6,8.160,130,97,216
2026-07-25T13:25:09Z,35.2034509,-106.6139429,1529.2,13875.9,8.180,129,97,185
2026-07-25T13:25:10Z,35.2035239,-106.6139230,1529.2,13884.2,8.220,130,98,185
2026-07-25T13:25:11Z,35.2035979,-106.6139060,1529.2,13892.3,8.220,130,98,182
2026-07-25T13:25:12Z,35.2036750,-106.6138910,1529.2,13900.7,8.280,129,97,165
2026-07-25T13:25:13Z,35.2037490,-106.6138740,1529.2,13908.9,8.260,129,97,162
2026-07-25T13:25:14Z,35.2038220,-106.6138559,1529.2,13917.0,8.220,129,97,162
2026-07-25T13:25:15Z,35.2038949,-106.6138399,1529.2,13925.1,8.180,129,97,175
2026-07-25T13:25:16Z,35.2039679,-106.6138249,1529.2,13933.3,8.200,129,97,160
2026-07-25T13:25:17Z,35.2040419,-106.6138089,1529.2,13941.5,8.160,129,97,173
2026-07-25T13:25:18Z,35.2041139,-106.6137930,1529.2,13949.8,8.180,129,97,164
2026-07-25T13:25:19Z,35.2041869,-106.6137790,1529.2,13958.1,8.220,129,97,178
2026-07-25T13:25:20Z,35.2042599,-106.6137630,1529.2,13966.3,8.240,129,97,184
2026-07-25T13:25:21Z,35.2043330,-106.6137500,1529.2,13974.4,8.220,129,97,191
2026-07-25T13:25:22Z,35.2044050,-106.6137360,1529.2,13982.8,8.260,130,97,183
2026-07-25T13:25:23Z,35.2044780,-106.6137200,1529.2,13991.2,8.280,130,97,179
2026-07-25T13:25:24Z,35.2045500,-106.6136989,1529.2,13999.3,8.240,131,97,155
2026-07-25T13:25:25Z,35.2046220,-106.6136809,1529.2,14007.6,8.260,130,97,167
2026-07-25T13:25:26Z,35.2046950,-106.6136650,1529.2,14015.8,8.280,131,97,169
2026-07-25T13:25:27Z,35.2047660,-106.6136490,1529.2,14023.9,8.220,131,97,151
2026-07-25T13:25:28Z,35.2048390,-106.6136330,1529.2,14031.9,8.140,131,97,173
2026-07-25T13:25:29Z,35.2049120,-106.6136160,1529.2,14039.9,8.119,131,96,171
2026-07-25T13:25:30Z,35.2049820,-106.6135979,1529.2,14048.1,8.100,132,95,156
2026-07-25T13:25:31Z,35.2050520,-106.6135780,1529.2,14056.0,8.039,132,94,175
2026-07-25T13:25:32Z,35.2051240,-106.6135590,1529.2,14063.9,8.000,132,94,172
2026-07-25T13:25:33Z,35.2051950,-106.6135420,1529.2,14071.9,8.000,132,93,185
2026-07-25T13:25:34Z,35.2052670,-106.6135269,1529.2,14079.7,7.960,131,94,192
2026-07-25T13:25:35Z,35.2053359,-106.6135050,1529.2,14087.7,7.920,131,93,206
2026-07-25T13:25:36Z,35.2054049,-106.6134819,1529.4,14095.5,7.900,131,93,207
2026-07-25T13:25:37Z,35.2054720,-106.6134560,1529.4,14103.5,7.920,131,93,209
2026-07-25T13:25:38Z,35.2055379,-106.6134280,1529.4,14111.3,7.880,131,93,186
2026-07-25T13:25:39Z,35.2056060,-106.6134020,1529.4,14119.2,7.900,131,93,182
2026-07-25T13:25:40Z,35.2056750,-106.6133770,1529.4,14126.9,7.840,131,92,183
2026-07-25T13:25:41Z,35.2057430,-106.6133509,1529.6,14134.8,7.860,131,92,185
2026-07-25T13:25:42Z,35.2058070,-106.6133229,1529.6,14142.6,7.820,131,92,197
2026-07-25T13:25:43Z,35.2058699,-106.6132910,1529.6,14150.4,7.820,131,92,190
2026-07-25T13:25:44Z,35.2059300,-106.6132529,1529.6,14158.2,7.800,131,93,184
2026-07-25T13:25:45Z,35.2059920,-106.6132099,1529.6,14166.1,7.840,131,94,177
2026-07-25T13:25:46Z,35.2060539,-106.6131680,1529.8,14174.2,7.880,132,94,183
2026-07-25T13:25:47Z,35.2061170,-106.6131260,1529.8,14182.2,7.920,132,95,177
2026-07-25T13:25:48Z,35.2061810,-106.6130820,1530.0,14190.2,7.960,131,95,199
2026-07-25T13:25:49Z,35.2062419,-106.6130359,1530.0,14198.0,7.960,131,94,190
2026-07-25T13:25:50Z,35.2063030,-106.6129890,1530.0,14205.9,7.960,131,94,193
2026-07-25T13:25:51Z,35.2063640,-106.6129410,1530.0,14213.8,7.920,130,94,186
2026-07-25T13:25:52Z,35.2064230,-106.6128889,1530.0,14221.8,7.920,130,94,176
2026-07-25T13:25:53Z,35.2064810,-106.6128339,1530.0,14230.1,7.980,130,95,174
2026-07-25T13:25:54Z,35.2065370,-106.6127759,1530.0,14238.2,8.039,129,96,166
2026-07-25T13:25:55Z,35.2066060,-106.6127069,1530.0,14246.4,8.100,130,96,170
2026-07-25T13:25:56Z,35.2066490,-106.6126609,1530.0,14254.4,8.119,130,96,171
2026-07-25T13:25:57Z,35.2067019,-106.6126019,1530.0,14262.7,8.180,129,96,170
2026-07-25T13:25:58Z,35.2067540,-106.6125400,1530.2,14270.9,8.160,129,96,165
2026-07-25T13:25:59Z,35.2068049,-106.6124759,1530.2,14279.0,8.160,129,97,159
2026-07-25T13:26:00Z,35.2068550,-106.6124120,1530.2,14287.3,8.180,129,96,172
2026-07-25T13:26:01Z,35.2069049,-106.6123480,1530.2,14295.3,8.180,129,96,179
2026-07-25T13:26:02Z,35.2069520,-106.6122840,1530.2,14303.3,8.119,129,95,161
2026-07-25T13:26:03Z,35.2069980,-106.6122190,1530.2,14311.2,8.060,129,95,163
2026-07-25T13:26:04Z,35.2070430,-106.6121540,1530.2,14319.3,8.060,128,95,160
2026-07-25T13:26:05Z,35.2070889,-106.6120839,1530.2,14327.2,7.980,128,94,175
2026-07-25T13:26:06Z,35.2071349,-106.6120129,1530.2,14335.0,7.940,129,94,183
2026-07-25T13:26:07Z,35.2071840,-106.6119240,1530.2,14343.1,7.960,129,95,182
2026-07-25T13:26:08Z,35.2072150,-106.6118630,1530.2,14351.1,7.980,129,95,175
2026-07-25T13:26:09Z,35.2072540,-106.6117870,1530.2,14359.1,7.960,128,95,167
2026-07-25T13:26:10Z,35.2072889,-106.6117109,1530.2,14367.2,8.000,128,95,178
2026-07-25T13:26:11Z,35.2073229,-106.6116320,1530.2,14375.3,8.060,129,95,173
2026-07-25T13:26:12Z,35.2073540,-106.6115510,1530.2,14383.2,8.020,129,95,173
2026-07-25T13:26:13Z,35.2073870,-106.6114699,1530.2,14391.3,8.039,129,95,165
2026-07-25T13:26:14Z,35.2074170,-106.6113900,1530.2,14399.4,8.060,129,95,159
2026-07-25T13:26:15Z,35.2074460,-106.6113099,1530.2,14407.4,8.039,129,95,171
2026-07-25T13:26:16Z,35.2074740,-106.6112300,1530.2,14415.3,8.000,128,95,176
2026-07-25T13:26:17Z,35.2075030,-106.6111470,1530.2,14423.4,8.039,128,95,164
2026-07-25T13:26:18Z,35.2075359,-106.6110470,1530.2,14431.4,8.020,128,95,155
2026-07-25T13:26:19Z,35.2075570,-106.6109799,1530.2,14439.4,8.000,128,95,159
2026-07-25T13:26:20Z,35.2075830,-106.6108970,1530.2,14447.5,8.020,127,95,160
2026-07-25T13:26:21Z,35.2076079,-106.6108140,1530.2,14455.6,8.060,127,96,160
2026-07-25T13:26:22Z,35.2076320,-106.6107300,1530.4,14463.8,8.080,127,96,165
2026-07-25T13:26:23Z,35.2076620,-106.6106290,1530.4,14471.9,8.100,126,97,162
2026-07-25T13:26:24Z,35.2076809,-106.6105599,1530.4,14480.1,8.140,126,97,172
2026-07-25T13:26:25Z,35.2077059,-106.6104720,1530.4,14488.4,8.180,126,97,158
2026-07-25T13:26:26Z,35.2077300,-106.6103869,1530.4,14496.6,8.200,126,97,173
2026-07-25T13:26:27Z,35.2077539,-106.6103009,1530.4,14504.7,8.180,126,97,168
2026-07-25T13:26:28Z,35.2077789,-106.6102169,1530.4,14513.0,8.220,126,97,176
2026-07-25T13:26:29Z,35.2078030,-106.6101329,1530.4,14521.0,8.180,125,97,178
2026-07-25T13:26:30Z,35.2078290,-106.6100490,1530.4,14529.1,8.140,126,96,179
2026-07-25T13:26:31Z,35.2078539,-106.6099650,1530.4,14537.1,8.100,126,96,185
2026-07-25T13:26:32Z,35.2078770,-106.6098810,1530.4,14545.3,8.119,126,96,209
2026-07-25T13:26:33Z,35.2078990,-106.6097969,1530.4,14553.4,8.080,126,95,212
2026-07-25T13:26:34Z,35.2079229,-106.6097119,1530.4,14561.5,8.100,127,95,208
2026-07-25T13:26:35Z,35.2079460,-106.6096310,1530.4,14569.5,8.080,127,94,173
2026-07-25T13:26:36Z,35.2079710,-106.6095470,1530.4,14577.2,8.020,127,93,202
2026-07-25T13:26:37Z,35.2079959,-106.6094630,1530.4,14585.0,7.940,127,92,290
2026-07-25T13:26:38Z,35.2080190,-106.6093839,1530.6,14592.9,7.900,127,92,311
2026-07-25T13:26:39Z,35.2080430,-106.6093020,1530.6,14600.7,7.840,128,92,314
2026-07-25T13:26:40Z,35.2080679,-106.6092180,1530.8,14608.4,7.780,128,92,338
2026-07-25T13:26:41Z,35.2080910,-106.6091369,1530.8,14616.2,7.800,128,93,343
2026-07-25T13:26:42Z,35.2081150,-106.6090580,1530.8,14623.9,7.780,128,92,323
2026-07-25T13:26:43Z,35.2081389,-106.6089750,1531.0,14631.5,7.720,129,96,324
2026-07-25T13:26:44Z,35.2081600,-106.6088949,1531.0,14639.0,7.660,129,108,242
2026-07-25T13:26:45Z,35.2081790,-106.6088130,1531.2,14646.3,7.580,129,107,258
2026-07-25T13:26:46Z,35.2082040,-106.6087179,1531.2,14653.4,7.440,129,105,229
2026-07-25T13:26:47Z,35.2082210,-106.6086570,1531.4,14660.5,7.320,130,102,219
2026-07-25T13:26:48Z,35.2082409,-106.6085820,1531.6,14667.5,7.200,130,100,239
2026-07-25T13:26:49Z,35.2082590,-106.6085100,1531.8,14674.4,7.080,130,98,259
2026-07-25T13:26:50Z,35.2082800,-106.6084370,1532.0,14681.2,6.980,132,97,262
2026-07-25T13:26:51Z,35.2083030,-106.6083510,1532.0,14687.9,6.900,132,96,270
2026-07-25T13:26:52Z,35.2083160,-106.6082930,1532.2,14694.7,6.840,133,96,307
2026-07-25T13:26:53Z,35.2083289,-106.6082189,1532.4,14701.5,6.800,133,96,296
2026-07-25T13:26:54Z,35.2083370,-106.6081449,1532.8,14708.5,6.820,134,96,295
2026-07-25T13:26:55Z,35.2083480,-106.6080709,1532.8,14715.4,6.840,134,96,254
2026-07-25T13:26:56Z,35.2083679,-106.6080009,1533.2,14722.1,6.840,134,96,254
2026-07-25T13:26:57Z,35.2083920,-106.6079340,1533.8,14728.7,6.800,134,94,251
2026-07-25T13:26:58Z,35.2084180,-106.6078690,1533.8,14735.2,6.740,135,93,249
2026-07-25T13:26:59Z,35.2084439,-106.6078040,1534.0,14741.7,6.640,135,93,236
2026-07-25T13:27:00Z,35.2084689,-106.6077390,1534.2,14748.3,6.580,136,93,257
2026-07-25T13:27:01Z,35.2085009,-106.6076630,1534.2,14754.9,6.560,136,93,244
2026-07-25T13:27:02Z,35.2085230,-106.6076109,1534.2,14761.6,6.580,137,93,230
2026-07-25T13:27:03Z,35.2085490,-106.6075450,1534.6,14768.2,6.600,137,93,214
2026-07-25T13:27:04Z,35.2085790,-106.6074660,1534.8,14774.8,6.620,137,94,213
2026-07-25T13:27:05Z,35.2086029,-106.6073979,1534.8,14781.5,6.640,138,95,230
2026-07-25T13:27:06Z,35.2086190,-106.6073440,1535.0,14788.4,6.700,138,96,214
2026-07-25T13:27:07Z,35.2086409,-106.6072760,1535.0,14795.4,6.760,138,96,199
2026-07-25T13:27:08Z,35.2086620,-106.6072060,1535.2,14802.2,6.800,138,97,199
2026-07-25T13:27:09Z,35.2086879,-106.6071190,1535.2,14809.4,6.920,138,100,188
2026-07-25T13:27:10Z,35.2087100,-106.6070430,1535.4,14816.4,6.980,138,102,187
2026-07-25T13:27:11Z,35.2087279,-106.6069840,1535.6,14823.9,7.100,138,102,182
2026-07-25T13:27:12Z,35.2087520,-106.6069120,1535.6,14831.1,7.140,138,103,178
2026-07-25T13:27:13Z,35.2087780,-106.6068249,1535.6,14838.4,7.240,138,103,170
2026-07-25T13:27:14Z,35.2087950,-106.6067639,1535.6,14845.8,7.280,139,103,170
2026-07-25T13:27:15Z,35.2088169,-106.6066880,1535.6,14853.3,7.380,139,104,177
2026-07-25T13:27:16Z,35.2088410,-106.6066140,1535.6,14860.8,7.380,139,105,168
2026-07-25T13:27:17Z,35.2088650,-106.6065380,1535.6,14869.4,7.660,139,105,166
2026-07-25T13:27:18Z,35.2088920,-106.6064459,1535.6,14876.5,7.620,139,105,184
2026-07-25T13:27:19Z,35.2089110,-106.6063850,1535.6,14884.1,7.660,139,106,184
2026-07-25T13:27:20Z,35.2089390,-106.6062929,1535.8,14891.9,7.720,138,106,173
2026-07-25T13:27:21Z,35.2089570,-106.6062309,1535.8,14899.5,7.740,138,106,181
2026-07-25T13:27:22Z,35.2089810,-106.6061520,1535.6,14907.3,7.580,138,107,170
2026-07-25T13:27:23Z,35.2090039,-106.6060749,1535.6,14914.9,7.680,138,107,170
2026-07-25T13:27:24Z,35.2090270,-106.6059960,1535.6,14923.1,7.800,138,107,145
2026-07-25T13:27:25Z,35.2090560,-106.6059009,1535.6,14931.2,7.860,138,107,173
2026-07-25T13:27:26Z,35.2090749,-106.6058390,1535.8,14938.8,7.860,138,108,162
2026-07-25T13:27:27Z,35.2090990,-106.6057599,1535.8,14949.8,8.500,138,108,159
2026-07-25T13:27:28Z,35.2091270,-106.6056650,1536.0,14957.4,8.500,138,108,152
2026-07-25T13:27:29Z,35.2091520,-106.6055869,1536.0,14964.8,8.340,138,108,150
2026-07-25T13:27:30Z,35.2091700,-106.6055230,1536.0,14972.7,8.300,138,108,141
2026-07-25T13:27:31Z,35.2091930,-106.6054429,1536.0,14980.2,8.280,138,108,154
2026-07-25T13:27:32Z,35.2092199,-106.6053470,1536.0,14986.2,7.280,138,101,179
2026-07-25T13:27:33Z,35.2092440,-106.6052679,1536.0,14994.0,7.320,138,100,180
2026-07-25T13:27:34Z,35.2092639,-106.6052040,1536.0,15001.8,7.400,138,100,159
2026-07-25T13:27:35Z,35.2092879,-106.6051229,1536.0,15009.5,7.360,138,100,161
2026-07-25T13:27:36Z,35.2093110,-106.6050440,1536.0,15017.5,7.460,137,101,153
2026-07-25T13:27:37Z,35.2093349,-106.6049640,1536.0,15025.5,7.860,137,102,148
2026-07-25T13:27:38Z,35.2093609,-106.6048789,1536.0,15033.5,7.900,137,103,136
2026-07-25T13:27:39Z,35.2093860,-106.6047980,1536.0,15041.6,7.960,136,104,128
2026-07-25T13:27:40Z,35.2094100,-106.6047140,1535.8,15050.0,8.100,137,106,121
2026-07-25T13:27:41Z,35.2094339,-106.6046280,1535.8,15058.4,8.180,136,108,123
2026-07-25T13:27:42Z,35.2094570,-106.6045400,1535.8,15067.0,8.300,136,106,99
2026-07-25T13:27:43Z,35.2094820,-106.6044499,1535.8,15075.9,8.480,136,103,109
2026-07-25T13:27:44Z,35.2095079,-106.6043590,1535.8,15084.8,8.640,136,105,98
2026-07-25T13:27:45Z,35.2095339,-106.6042690,1535.6,15093.8,8.760,135,106,93
2026-07-25T13:27:46Z,35.2095610,-106.6041759,1535.6,15103.0,8.920,135,107,89
2026-07-25T13:27:47Z,35.2095939,-106.6040629,1535.4,15112.4,9.080,135,109,68
2026-07-25T13:27:48Z,35.2096160,-106.6039850,1535.4,15121.7,9.160,135,103,43
2026-07-25T13:27:49Z,35.2096499,-106.6038670,1535.4,15131.1,9.260,135,100,75
2026-07-25T13:27:50Z,35.2096730,-106.6037879,1535.0,15140.5,9.340,134,102,75
2026-07-25T13:27:51Z,35.2097020,-106.6036889,1534.8,15150.2,9.440,133,103,79
2026-07-25T13:27:52Z,35.2097290,-106.6035869,1534.6,15160.2,9.560,132,104,91
2026-07-25T13:27:53Z,35.2097580,-106.6034859,1534.4,15170.3,9.720,132,104,80
2026-07-25T13:27:54Z,35.2097929,-106.6033650,1534.0,15180.1,9.800,131,105,82
2026-07-25T13:27:55Z,35.2098170,-106.6032829,1534.0,15190.0,9.900,130,105,87
2026-07-25T13:27:56Z,35.2098470,-106.6031810,1533.6,15199.7,9.900,130,105,90
2026-07-25T13:27:57Z,35.2098770,-106.6030790,1533.4,15209.4,9.840,129,104,104
2026-07-25T13:27:58Z,35.2099050,-106.6029770,1533.0,15219.0,9.740,128,103,122
2026-07-25T13:27:59Z,35.2099330,-106.6028750,1532.6,15228.5,9.680,128,103,159
2026-07-25T13:28:00Z,35.2099600,-106.6027740,1532.4,15238.0,9.600,127,102,171
2026-07-25T13:28:01Z,35.2099880,-106.6026740,1532.2,15247.4,9.540,127,101,218
2026-07-25T13:28:02Z,35.2100180,-106.6025539,1532.2,15256.9,9.500,128,101,274
2026-07-25T13:28:03Z,35.2100340,-106.6024730,1532.0,15266.2,9.440,128,100,247
2026-07-25T13:28:04Z,35.2100539,-106.6023720,1532.0,15275.5,9.400,129,100,270
2026-07-25T13:28:05Z,35.2100710,-106.6022720,1532.0,15284.9,9.380,129,100,239
2026-07-25T13:28:06Z,35.2100890,-106.6021710,1532.0,15294.1,9.340,130,99,197
2026-07-25T13:28:07Z,35.2101129,-106.6020520,1531.8,15303.2,9.260,130,98,180
2026-07-25T13:28:08Z,35.2101269,-106.6019530,1531.8,15312.4,9.240,131,98,240
2026-07-25T13:28:09Z,35.2101280,-106.6018720,1531.8,15321.5,9.200,132,98,329
2026-07-25T13:28:10Z,35.2101180,-106.6017729,1531.8,15330.5,9.120,132,97,322
2026-07-25T13:28:11Z,35.2100949,-106.6016780,1531.8,15339.6,9.100,133,97,395
2026-07-25T13:28:12Z,35.2100649,-106.6015630,1531.8,15349.2,9.200,133,97,368
2026-07-25T13:28:13Z,35.2100500,-106.6014640,1531.8,15358.7,9.260,134,99,385
2026-07-25T13:28:14Z,35.2100529,-106.6013849,1531.8,15368.1,9.320,135,101,326
2026-07-25T13:28:15Z,35.2100770,-106.6012879,1531.8,15377.8,9.460,136,102,278
2026-07-25T13:28:16Z,35.2101200,-106.6011979,1531.8,15387.4,9.560,136,102,264
2026-07-25T13:28:17Z,35.2101930,-106.6011109,1531.8,15397.0,9.560,137,102,276
2026-07-25T13:28:18Z,35.2102539,-106.6010699,1531.8,15406.7,9.600,138,103,276
2026-07-25T13:28:19Z,35.2103269,-106.6010109,1532.0,15416.4,9.660,138,104,260
2026-07-25T13:28:20Z,35.2103920,-106.6009389,1532.0,15426.3,9.700,139,105,250
2026-07-25T13:28:21Z,35.2104579,-106.6008370,1532.0,15436.0,9.720,139,105,218
2026-07-25T13:28:22Z,35.2105070,-106.6007450,1532.0,15446.0,9.800,140,106,218
2026-07-25T13:28:23Z,35.2105439,-106.6006710,1531.8,15455.9,9.840,140,106,209
2026-07-25T13:28:24Z,35.2105859,-106.6005750,1531.8,15465.9,9.900,140,106,216
2026-07-25T13:28:25Z,35.2106299,-106.6004539,1531.8,15476.1,9.960,140,107,221
2026-07-25T13:28:26Z,35.2106549,-106.6003720,1531.8,15486.3,10.060,140,108,192
2026-07-25T13:28:27Z,35.2106940,-106.6002479,1531.8,15496.5,10.100,140,108,183
2026-07-25T13:28:28Z,35.2107200,-106.6001659,1531.6,15506.6,10.140,140,109,177
2026-07-25T13:28:29Z,35.2107520,-106.6000609,1531.6,15516.9,10.200,140,109,177
2026-07-25T13:28:30Z,35.2107839,-106.5999560,1531.4,15527.2,10.220,140,110,194
2026-07-25T13:28:31Z,35.2108230,-106.5998309,1531.4,15537.5,10.240,139,110,179
2026-07-25T13:28:32Z,35.2108559,-106.5997260,1531.2,15547.8,10.260,140,110,179
2026-07-25T13:28:33Z,35.2108830,-106.5996420,1531.0,15558.2,10.320,139,110,171
2026-07-25T13:28:34Z,35.2109179,-106.5995380,1531.0,15568.4,10.300,139,110,171
2026-07-25T13:28:35Z,35.2109579,-106.5994130,1530.8,15578.4,10.240,139,109,166
2026-07-25T13:28:36Z,35.2109879,-106.5993090,1530.8,15588.1,10.120,139,108,179
2026-07-25T13:28:37Z,35.2110130,-106.5992279,1530.6,15598.0,10.040,139,106,198
2026-07-25T13:28:38Z,35.2110459,-106.5991299,1530.4,15607.5,9.860,139,105,222
2026-07-25T13:28:39Z,35.2110770,-106.5990299,1530.4,15617.2,9.760,139,104,218
2026-07-25T13:28:40Z,35.2111070,-106.5989299,1530.4,15626.7,9.660,139,103,228
2026-07-25T13:28:41Z,35.2111339,-106.5988310,1530.4,15636.0,9.580,139,101,226
2026-07-25T13:28:42Z,35.2111629,-106.5987340,1530.2,15645.2,9.440,138,100,232
2026-07-25T13:28:43Z,35.2111940,-106.5986389,1530.2,15654.2,9.340,139,100,221
2026-07-25T13:28:44Z,35.2112260,-106.5985460,1530.2,15663.3,9.220,138,99,216
2026-07-25T13:28:45Z,35.2112640,-106.5984330,1530.2,15672.5,9.160,138,98,220
2026-07-25T13:28:46Z,35.2112950,-106.5983399,1530.2,15681.4,9.080,138,98,214
2026-07-25T13:28:47Z,35.2113209,-106.5982669,1530.2,15690.5,9.060,138,97,211
2026-07-25T13:28:48Z,35.2113540,-106.5981750,1530.2,15699.5,9.060,138,97,220
2026-07-25T13:28:49Z,35.2113889,-106.5980860,1530.2,15708.5,9.040,138,97,214
2026-07-25T13:28:50Z,35.2114349,-106.5979779,1530.2,15717.5,9.000,138,97,226
2026-07-25T13:28:51Z,35.2114649,-106.5979079,1530.2,15726.6,9.040,138,96,225
2026-07-25T13:28:52Z,35.2115049,-106.5978230,1530.2,15735.6,9.020,138,96,205
2026-07-25T13:28:53Z,35.2115489,-106.5977430,1530.2,15744.4,8.980,138,96,208
2026-07-25T13:28:54Z,35.2115950,-106.5976639,1530.4,15753.3,8.960,138,96,218
2026-07-25T13:28:55Z,35.2116489,-106.5975680,1530.4,15762.2,8.940,138,95,227
2026-07-25T13:28:56Z,35.2116880,-106.5975070,1530.4,15771.0,8.880,137,95,214
2026-07-25T13:28:57Z,35.2117379,-106.5974309,1530.4,15779.7,8.820,139,95,197
2026-07-25T13:28:58Z,35.2117870,-106.5973569,1530.4,15788.4,8.800,138,94,197
2026-07-25T13:28:59Z,35.2118509,-106.5972729,1530.4,15797.1,8.760,139,93,181
2026-07-25T13:29:00Z,35.2118949,-106.5972220,1530.4,15805.8,8.720,138,93,204
2026-07-25T13:29:01Z,35.2119529,-106.5971579,1530.6,15814.5,8.700,138,92,219
2026-07-25T13:29:02Z,35.2120120,-106.5970960,1530.6,15823.3,8.720,138,93,258
2026-07-25T13:29:03Z,35.2120850,-106.5970200,1530.8,15831.9,8.700,138,93,205
2026-07-25T13:29:04Z,35.2121340,-106.5969680,1530.8,15840.6,8.700,138,92,187
2026-07-25T13:29:05Z,35.2121920,-106.5969060,1531.0,15849.1,8.660,138,92,173
2026-07-25T13:29:06Z,35.2122519,-106.5968450,1531.0,15857.5,8.600,138,91,181
2026-07-25T13:29:07Z,35.2123119,-106.5967890,1531.0,15865.9,8.520,138,90,183
2026-07-25T13:29:08Z,35.2123750,-106.5967330,1531.2,15874.3,8.480,138,90,173
2026-07-25T13:29:09Z,35.2124500,-106.5966679,1531.2,15882.7,8.420,137,90,189
2026-07-25T13:29:10Z,35.2125010,-106.5966249,1531.2,15891.0,8.380,138,89,202
2026-07-25T13:29:11Z,35.2125650,-106.5965730,1531.2,15899.3,8.360,138,89,216
2026-07-25T13:29:12Z,35.2126299,-106.5965239,1531.2,15907.5,8.320,138,89,202
2026-07-25T13:29:13Z,35.2127070,-106.5964679,1531.2,15915.9,8.320,137,89,200
2026-07-25T13:29:14Z,35.2127699,-106.5964239,1531.2,15924.2,8.300,138,89,171
2026-07-25T13:29:15Z,35.2128220,-106.5963920,1531.4,15932.2,8.240,138,89,198
2026-07-25T13:29:16Z,35.2128890,-106.5963549,1531.4,15940.5,8.240,138,89,180
2026-07-25T13:29:17Z,35.2129569,-106.5963200,1531.4,15948.9,8.280,138,90,175
2026-07-25T13:29:18Z,35.2130279,-106.5962850,1531.4,15957.5,8.320,138,91,173
2026-07-25T13:29:19Z,35.2131110,-106.5962379,1531.6,15966.1,8.380,137,92,169
2026-07-25T13:29:20Z,35.2131660,-106.5962050,1531.6,15975.0,8.560,137,93,165
2026-07-25T13:29:21Z,35.2132380,-106.5961630,1531.6,15983.8,8.660,137,95,163
2026-07-25T13:29:22Z,35.2133120,-106.5961229,1531.6,15992.8,8.780,137,95,167
2026-07-25T13:29:23Z,35.2133840,-106.5960819,1531.6,16001.8,8.860,137,96,167
2026-07-25T13:29:24Z,35.2134589,-106.5960410,1531.6,16010.9,8.960,136,97,185
2026-07-25T13:29:25Z,35.2135329,-106.5959980,1531.6,16019.8,8.960,136,97,180
2026-07-25T13:29:26Z,35.2136069,-106.5959560,1531.4,16028.8,9.000,136,97,177
2026-07-25T13:29:27Z,35.2136810,-106.5959130,1531.4,16037.7,8.980,135,97,197
2026-07-25T13:29:28Z,35.2137680,-106.5958619,1531.4,16046.5,8.940,136,97,189
2026-07-25T13:29:29Z,35.2138260,-106.5958290,1531.4,16055.4,8.900,135,96,189
2026-07-25T13:29:30Z,35.2139000,-106.5957880,1531.2,16064.3,8.900,135,96,193
2026-07-25T13:29:31Z,35.2139880,-106.5957390,1531.2,16073.2,8.880,135,96,189
2026-07-25T13:29:32Z,35.2140470,-106.5957049,1531.2,16082.0,8.860,134,95,198
2026-07-25T13:29:33Z,35.2141190,-106.5956619,1531.0,16090.8,8.860,134,95,199
2026-07-25T13:29:34Z,35.2141919,-106.5956209,1531.0,16099.8,8.880,135,95,204
2026-07-25T13:29:35Z,35.2142659,-106.5955800,1530.8,16108.6,8.860,135,95,199
2026-07-25T13:29:36Z,35.2143379,-106.5955390,1530.8,16117.3,8.820,134,95,196
2026-07-25T13:29:37Z,35.2144249,-106.5954899,1530.8,16126.0,8.800,133,95,194
2026-07-25T13:29:38Z,35.2144969,-106.5954479,1530.8,16134.8,8.800,134,94,196
2026-07-25T13:29:39Z,35.2145529,-106.5954159,1530.8,16143.4,8.720,134,94,194
2026-07-25T13:29:40Z,35.2146249,-106.5953769,1530.8,16152.3,8.740,134,94,194
2026-07-25T13:29:41Z,35.2146969,-106.5953380,1530.8,16161.3,8.800,134,94,202
2026-07-25T13:29:42Z,35.2147670,-106.5952950,1530.8,16170.0,8.800,134,94,201
2026-07-25T13:29:43Z,35.2148389,-106.5952540,1530.8,16178.7,8.780,134,94,204
2026-07-25T13:29:44Z,35.2149109,-106.5952149,1530.8,16187.5,8.820,134,94,209
2026-07-25T13:29:45Z,35.2149820,-106.5951739,1530.8,16196.3,8.800,133,94,268
2026-07-25T13:29:46Z,35.2150540,-106.5951329,1530.6,16205.0,8.740,134,94,198
2026-07-25T13:29:47Z,35.2151260,-106.5950920,1530.6,16213.8,8.760,134,94,188
2026-07-25T13:29:48Z,35.2151970,-106.5950500,1530.6,16222.6,8.780,134,94,192
2026-07-25T13:29:49Z,35.2152680,-106.5950080,1530.6,16231.3,8.760,133,94,186
2026-07-25T13:29:50Z,35.2153400,-106.5949680,1530.4,16240.2,8.780,134,94,187
2026-07-25T13:29:51Z,35.2154130,-106.5949289,1530.6,16249.0,8.800,133,94,201
2026-07-25T13:29:52Z,35.2154980,-106.5948800,1530.6,16257.7,8.780,134,94,196
2026-07-25T13:29:53Z,35.2155550,-106.5948460,1530.6,16266.5,8.780,134,94,195
2026-07-25T13:29:54Z,35.2156260,-106.5948060,1530.6,16275.3,8.800,133,94,194
2026-07-25T13:29:55Z,35.2156970,-106.5947650,1530.6,16284.0,8.760,133,94,197
2026-07-25T13:29:56Z,35.2157690,-106.5947240,1530.6,16292.7,8.740,133,94,195
2026-07-25T13:29:57Z,35.2158530,-106.5946729,1530.8,16301.4,8.740,133,94,194
2026-07-25T13:29:58Z,35.2159100,-106.5946389,1530.8,16310.3,8.760,133,94,193
2026-07-25T13:29:59Z,35.2159820,-106.5945989,1530.8,16319.0,8.740,133,94,188
2026-07-25T13:30:00Z,35.2160690,-106.5945539,1530.8,16327.7,8.740,133,94,189
2026-07-25T13:30:01Z,35.2161400,-106.5945129,1530.8,16336.4,8.740,132,93,203
2026-07-25T13:30:02Z,35.2161959,-106.5944809,1530.8,16345.1,8.740,132,93,200
2026-07-25T13:30:03Z,35.2162649,-106.5944389,1530.8,16353.7,8.680,132,93,203
2026-07-25T13:30:04Z,35.2163330,-106.5943969,1530.6,16362.4,8.680,132,93,205
2026-07-25T13:30:05Z,35.2164170,-106.5943440,1530.6,16371.3,8.720,132,94,200
2026-07-25T13:30:06Z,35.2164740,-106.5943109,1530.6,16379.9,8.700,132,94,192
2026-07-25T13:30:07Z,35.2165610,-106.5942649,1530.4,16388.5,8.680,132,94,192
2026-07-25T13:30:08Z,35.2166190,-106.5942360,1530.4,16397.3,8.720,132,93,207
2026-07-25T13:30:09Z,35.2166930,-106.5941990,1530.4,16406.1,8.740,132,93,195
2026-07-25T13:30:10Z,35.2167660,-106.5941610,1530.4,16414.6,8.660,132,93,199
2026-07-25T13:30:11Z,35.2168520,-106.5941130,1530.4,16423.5,8.720,132,93,198
2026-07-25T13:30:12Z,35.2169090,-106.5940809,1530.4,16432.1,8.720,132,93,186
2026-07-25T13:30:13Z,35.2169790,-106.5940410,1530.4,16440.7,8.680,132,93,182
2026-07-25T13:30:14Z,35.2170510,-106.5940000,1530.4,16449.5,8.680,132,93,188
2026-07-25T13:30:15Z,35.2171360,-106.5939489,1530.4,16458.3,8.740,132,93,189
2026-07-25T13:30:16Z,35.2171930,-106.5939160,1530.4,16467.0,8.700,132,94,201
2026-07-25T13:30:17Z,35.2172640,-106.5938750,1530.4,16475.8,8.740,132,94,188
2026-07-25T13:30:18Z,35.2173350,-106.5938349,1530.4,16484.5,8.760,133,93,189
2026-07-25T13:30:19Z,35.2174210,-106.5937870,1530.4,16493.1,8.720,133,92,185
2026-07-25T13:30:20Z,35.2174930,-106.5937479,1530.2,16501.6,8.660,133,92,199
2026-07-25T13:30:21Z,35.2175630,-106.5937089,1530.2,16510.3,8.660,133,92,203
2026-07-25T13:30:22Z,35.2176189,-106.5936789,1530.2,16518.8,8.600,133,91,204
2026-07-25T13:30:23Z,35.2176879,-106.5936390,1530.2,16527.2,8.540,133,91,194
2026-07-25T13:30:24Z,35.2177589,-106.5936000,1530.2,16535.9,8.560,132,91,201
2026-07-25T13:30:25Z,35.2178290,-106.5935600,1530.2,16544.3,8.540,133,91,202
2026-07-25T13:30:26Z,35.2178980,-106.5935179,1530.2,16552.5,8.440,132,91,207
2026-07-25T13:30:27Z,35.2179670,-106.5934769,1530.2,16561.1,8.460,133,91,216
2026-07-25T13:30:28Z,35.2180349,-106.5934359,1530.2,16569.6,8.480,132,91,216
2026-07-25T13:30:29Z,35.2181030,-106.5933960,1530.2,16578.1,8.440,132,92,214
2026-07-25T13:30:30Z,35.2181860,-106.5933449,1530.2,16586.7,8.480,132,92,202
2026-07-25T13:30:31Z,35.2182420,-106.5933130,1530.2,16595.1,8.520,133,91,210
2026-07-25T13:30:32Z,35.2183120,-106.5932739,1530.2,16603.5,8.480,132,91,201
2026-07-25T13:30:33Z,35.2183949,-106.5932280,1530.2,16612.0,8.480,132,90,198
2026-07-25T13:30:34Z,35.2184509,-106.5931970,1530.2,16620.2,8.420,132,90,212
2026-07-25T13:30:35Z,35.2185330,-106.5931510,1530.2,16628.7,8.400,132,89,186
2026-07-25T13:30:36Z,35.2185880,-106.5931179,1530.2,16637.1,8.400,132,89,193
2026-07-25T13:30:37Z,35.2186560,-106.5930780,1530.2,16645.5,8.400,132,89,208
2026-07-25T13:30:38Z,35.2187379,-106.5930299,1530.2,16653.8,8.360,132,89,207
2026-07-25T13:30:39Z,35.2188050,-106.5929889,1530.2,16662.3,8.420,132,89,209
2026-07-25T13:30:40Z,35.2188610,-106.5929569,1530.2,16670.7,8.400,132,89,217
2026-07-25T13:30:41Z,35.2189300,-106.5929190,1530.2,16678.7,8.320,132,89,223
2026-07-25T13:30:42Z,35.2189979,-106.5928800,1530.2,16687.1,8.320,132,89,221
2026-07-25T13:30:43Z,35.2190660,-106.5928419,1530.2,16695.2,8.280,132,89,116
2026-07-25T13:30:44Z,35.2191450,-106.5927950,1530.2,16703.2,8.180,131,112,116
2026-07-25T13:30:45Z,35.2191969,-106.5927660,1530.2,16711.0,8.060,132,106,10
2026-07-25T13:30:46Z,35.2192610,-106.5927289,1530.2,16718.4,7.940,131,106,10
2026-07-25T13:30:47Z,35.2193220,-106.5926920,1530.2,16726.0,7.780,131,106,98
2026-07-25T13:30:48Z,35.2193810,-106.5926559,1530.4,16733.3,7.620,131,105,138
2026-07-25T13:30:49Z,35.2194520,-106.5926129,1530.4,16740.8,7.520,131,105,149
2026-07-25T13:30:50Z,35.2194989,-106.5925829,1530.4,16748.2,7.440,131,104,140
2026-07-25T13:30:51Z,35.2195589,-106.5925490,1530.4,16755.6,7.440,130,104,144
2026-07-25T13:30:52Z,35.2196179,-106.5925139,1530.6,16762.9,7.380,131,103,148
2026-07-25T13:30:53Z,35.2196790,-106.5924790,1530.6,16770.2,7.380,130,103,149
2026-07-25T13:30:54Z,35.2197510,-106.5924389,1530.8,16777.3,7.300,130,103,147
2026-07-25T13:30:55Z,35.2197980,-106.5924119,1530.8,16784.7,7.300,130,103,147
2026-07-25T13:30:56Z,35.2198570,-106.5923770,1530.8,16792.0,7.280,130,103,153
2026-07-25T13:30:57Z,35.2199159,-106.5923440,1530.8,16799.2,7.260,130,102,152
2026-07-25T13:30:58Z,35.2199749,-106.5923090,1530.8,16806.5,7.260,129,102,158
2026-07-25T13:30:59Z,35.2200449,-106.5922679,1530.8,16813.9,7.320,129,103,165
2026-07-25T13:31:00Z,35.2200929,-106.5922409,1531.0,16821.2,7.300,129,102,160
2026-07-25T13:31:01Z,35.2201520,-106.5922080,1531.0,16828.5,7.300,129,102,158
2026-07-25T13:31:02Z,35.2202110,-106.5921710,1531.0,16835.8,7.320,129,103,158
2026-07-25T13:31:03Z,35.2202820,-106.5921310,1531.0,16843.0,7.300,129,103,152
2026-07-25T13:31:04Z,35.2203290,-106.5921030,1531.0,16850.4,7.300,129,102,152
2026-07-25T13:31:05Z,35.2203890,-106.5920689,1531.0,16857.9,7.340,129,103,160
2026-07-25T13:31:06Z,35.2204489,-106.5920350,1531.0,16865.2,7.340,129,103,165
2026-07-25T13:31:07Z,35.2205089,-106.5919990,1531.0,16872.5,7.340,129,103,163
2026-07-25T13:31:08Z,35.2205679,-106.5919649,1531.0,16879.8,7.360,129,103,159
2026-07-25T13:31:09Z,35.2206280,-106.5919300,1531.2,16887.1,7.340,130,103,164
2026-07-25T13:31:10Z,35.2206880,-106.5918949,1531.2,16894.4,7.300,129,103,176
2026-07-25T13:31:11Z,35.2207480,-106.5918610,1531.2,16901.7,7.300,129,103,148
2026-07-25T13:31:12Z,35.2208099,-106.5918290,1531.0,16909.0,7.300,129,103,148
2026-07-25T13:31:13Z,35.2208699,-106.5917969,1531.0,16916.2,7.280,129,103,155
2026-07-25T13:31:14Z,35.2209279,-106.5917610,1531.0,16923.4,7.260,129,103,145
2026-07-25T13:31:15Z,35.2209860,-106.5917239,1531.2,16930.8,7.280,129,103,134
2026-07-25T13:31:16Z,35.2210450,-106.5916870,1531.2,16938.0,7.260,129,103,152
2026-07-25T13:31:17Z,35.2211160,-106.5916450,1531.2,16945.3,7.260,129,103,150
2026-07-25T13:31:18Z,35.2211750,-106.5916099,1531.2,16952.5,7.260,129,103,165
2026-07-25T13:31:19Z,35.2212220,-106.5915830,1531.2,16959.9,7.300,129,103,160
2026-07-25T13:31:20Z,35.2212829,-106.5915499,1531.2,16967.3,7.300,129,103,147
2026-07-25T13:31:21Z,35.2213549,-106.5915100,1531.2,16974.7,7.340,129,103,157
2026-07-25T13:31:22Z,35.2214019,-106.5914830,1531.2,16982.0,7.340,128,103,150
2026-07-25T13:31:23Z,35.2214750,-106.5914430,1531.2,16989.3,7.360,129,103,147
2026-07-25T13:31:24Z,35.2215230,-106.5914150,1531.2,16996.7,7.360,129,103,150
2026-07-25T13:31:25Z,35.2215830,-106.5913789,1531.2,17004.1,7.360,128,103,154
2026-07-25T13:31:26Z,35.2216419,-106.5913450,1531.2,17011.5,7.360,128,103,144
2026-07-25T13:31:27Z,35.2217139,-106.5913029,1531.2,17018.8,7.360,128,103,145
2026-07-25T13:31:28Z,35.2217619,-106.5912759,1531.2,17026.1,7.360,128,103,140
2026-07-25T13:31:29Z,35.2218210,-106.5912410,1531.2,17033.2,7.300,128,102,142
2026-07-25T13:31:30Z,35.2218820,-106.5912069,1531.2,17040.4,7.260,128,102,147
2026-07-25T13:31:31Z,35.2219400,-106.5911729,1531.2,17047.8,7.260,128,102,145
2026-07-25T13:31:32Z,35.2220110,-106.5911309,1531.2,17055.0,7.240,128,103,162
2026-07-25T13:31:33Z,35.2220570,-106.5911029,1531.2,17062.3,7.240,128,103,148
2026-07-25T13:31:34Z,35.2221159,-106.5910710,1531.2,17069.7,7.300,128,103,148
2026-07-25T13:31:35Z,35.2221879,-106.5910339,1531.2,17077.2,7.360,127,102,163
2026-07-25T13:31:36Z,35.2222349,-106.5910080,1531.2,17084.5,7.340,127,102,167
2026-07-25T13:31:37Z,35.2223059,-106.5909670,1531.2,17091.8,7.360,127,102,160
2026-07-25T13:31:38Z,35.2223520,-106.5909380,1531.2,17099.2,7.380,127,102,161
2026-07-25T13:31:39Z,35.2224100,-106.5909019,1531.2,17106.3,7.320,127,102,179
2026-07-25T13:31:40Z,35.2224789,-106.5908599,1531.2,17113.5,7.260,127,102,162
2026-07-25T13:31:41Z,35.2225379,-106.5908240,1531.4,17120.8,7.260,127,102,155
2026-07-25T13:31:42Z,35.2225850,-106.5907940,1531.4,17128.3,7.300,127,103,155
2026-07-25T13:31:43Z,35.2226440,-106.5907569,1531.4,17135.7,7.300,127,103,156
2026-07-25T13:31:44Z,35.2227020,-106.5907220,1531.4,17143.0,7.340,127,103,149
2026-07-25T13:31:45Z,35.2227610,-106.5906879,1531.4,17150.3,7.360,127,103,145
2026-07-25T13:31:46Z,35.2228330,-106.5906449,1531.4,17157.7,7.380,127,103,140
2026-07-25T13:31:47Z,35.2228799,-106.5906190,1531.4,17165.1,7.360,128,103,148
2026-07-25T13:31:48Z,35.2229379,-106.5905830,1531.4,17172.3,7.320,128,103,148
2026-07-25T13:31:49Z,35.2229969,-106.5905470,1531.4,17179.7,7.340,128,103,154
2026-07-25T13:31:50Z,35.2230559,-106.5905129,1531.4,17187.0,7.340,127,103,154
2026-07-25T13:31:51Z,35.2231269,-106.5904699,1531.4,17194.3,7.320,127,103,167
2026-07-25T13:31:52Z,35.2231750,-106.5904419,1531.4,17201.7,7.320,127,103,152
2026-07-25T13:31:53Z,35.2232350,-106.5904080,1531.4,17209.0,7.340,127,103,131
2026-07-25T13:31:54Z,35.2232950,-106.5903750,1531.4,17216.2,7.300,127,102,129
2026-07-25T13:31:55Z,35.2233529,-106.5903439,1531.2,17223.5,7.300,128,102,125
2026-07-25T13:31:56Z,35.2234119,-106.5903139,1531.2,17230.8,7.300,128,102,130
2026-07-25T13:31:57Z,35.2234829,-106.5902780,1531.2,17237.9,7.240,128,101,149
2026-07-25T13:31:58Z,35.2235299,-106.5902529,1531.2,17245.2,7.240,128,101,159
2026-07-25T13:31:59Z,35.2235900,-106.5902230,1531.2,17252.5,7.260,128,101,155
2026-07-25T13:32:00Z,35.2236490,-106.5901910,1531.2,17259.8,7.260,128,101,146
2026-07-25T13:32:01Z,35.2237200,-106.5901510,1531.4,17267.0,7.240,128,102,157
2026-07-25T13:32:02Z,35.2237680,-106.5901259,1532.2,17274.1,7.240,128,101,158
2026-07-25T13:32:03Z,35.2238260,-106.5900930,1532.6,17281.4,7.240,129,101,149
2026-07-25T13:32:04Z,35.2238859,-106.5900600,1533.0,17288.7,7.240,130,101,171
2026-07-25T13:32:05Z,35.2239449,-106.5900279,1533.0,17295.8,7.200,129,101,171
2026-07-25T13:32:06Z,35.2240039,-106.5899949,1533.2,17303.0,7.200,128,101,148
2026-07-25T13:32:07Z,35.2240609,-106.5899610,1533.2,17310.3,7.240,129,101,147
2026-07-25T13:32:08Z,35.2241199,-106.5899249,1533.2,17317.4,7.200,129,102,159
2026-07-25T13:32:09Z,35.2241790,-106.5898900,1533.2,17324.7,7.200,129,102,150
2026-07-25T13:32:10Z,35.2242380,-106.5898549,1533.0,17331.8,7.200,129,102,143
2026-07-25T13:32:11Z,35.2242980,-106.5898210,1532.8,17339.1,7.220,129,102,156
2026-07-25T13:32:12Z,35.2243570,-106.5897860,1532.6,17346.5,7.240,128,102,156
2026-07-25T13:32:13Z,35.2244160,-106.5897509,1532.4,17353.6,7.240,128,102,153
2026-07-25T13:32:14Z,35.2244749,-106.5897170,1532.2,17360.8,7.220,129,102,145
2026-07-25T13:32:15Z,35.2245349,-106.5896829,1532.2,17368.1,7.260,128,102,156
2026-07-25T13:32:16Z,35.2246059,-106.5896420,1532.0,17375.3,7.240,128,102,150
2026-07-25T13:32:17Z,35.2246530,-106.5896150,1532.0,17382.7,7.240,129,102,150
2026-07-25T13:32:18Z,35.2247110,-106.5895830,1532.0,17390.0,7.280,128,102,156
2026-07-25T13:32:19Z,35.2247720,-106.5895519,1532.0,17397.3,7.300,129,102,156
2026-07-25T13:32:20Z,35.2248440,-106.5895110,1532.0,17404.6,7.300,128,102,168
2026-07-25T13:32:21Z,35.2248919,-106.5894830,1532.0,17412.0,7.340,128,102,168
2026-07-25T13:32:22Z,35.2249509,-106.5894479,1532.0,17419.3,7.320,128,103,157
2026-07-25T13:32:23Z,35.2250209,-106.5894079,1532.0,17426.7,7.340,128,103,159
2026-07-25T13:32:24Z,35.2250700,-106.5893830,1531.8,17433.9,7.320,128,103,136
2026-07-25T13:32:25Z,35.2251290,-106.5893509,1531.8,17441.3,7.340,128,103,155
2026-07-25T13:32:26Z,35.2251870,-106.5893189,1531.4,17448.7,7.340,128,103,161
2026-07-25T13:32:27Z,35.2252470,-106.5892860,1531.4,17456.0,7.340,128,103,157
2026-07-25T13:32:28Z,35.2253050,-106.5892509,1531.4,17463.3,7.320,128,103,150
2026-07-25T13:32:29Z,35.2253620,-106.5892140,1531.4,17470.6,7.340,128,103,143
2026-07-25T13:32:30Z,35.2254330,-106.5891710,1531.4,17477.6,7.260,129,102,159
2026-07-25T13:32:31Z,35.2254819,-106.5891459,1531.4,17484.7,7.200,129,102,168
2026-07-25T13:32:32Z,35.2255409,-106.5891140,1531.4,17491.7,7.140,129,99,168
2026-07-25T13:32:33Z,35.2255979,-106.5890800,1531.6,17498.8,7.100,130,98,172
2026-07-25T13:32:34Z,35.2256559,-106.5890469,1531.6,17505.6,7.000,129,97,166
2026-07-25T13:32:35Z,35.2257110,-106.5890140,1531.6,17512.5,6.980,129,97,181
2026-07-25T13:32:36Z,35.2257680,-106.5889810,1531.6,17519.4,6.940,130,97,184
2026-07-25T13:32:37Z,35.2258230,-106.5889449,1531.6,17526.3,6.920,130,97,194
2026-07-25T13:32:38Z,35.2258910,-106.5889059,1531.6,17533.2,6.880,130,96,189
2026-07-25T13:32:39Z,35.2259340,-106.5888800,1531.8,17540.0,6.880,131,96,192
2026-07-25T13:32:40Z,35.2259899,-106.5888490,1531.8,17546.8,6.860,131,96,217
2026-07-25T13:32:41Z,35.2260439,-106.5888179,1531.8,17553.6,6.840,130,95,206
2026-07-25T13:32:42Z,35.2260999,-106.5887869,1532.0,17560.3,6.800,131,95,194
2026-07-25T13:32:43Z,35.2261520,-106.5887550,1532.0,17567.1,6.780,131,94,193
2026-07-25T13:32:44Z,35.2262149,-106.5887159,1532.0,17573.8,6.760,131,95,211
2026-07-25T13:32:45Z,35.2262579,-106.5886910,1532.0,17580.6,6.760,130,95,226
2026-07-25T13:32:46Z,35.2263140,-106.5886609,1532.2,17587.3,6.740,131,95,196
2026-07-25T13:32:47Z,35.2263790,-106.5886230,1532.2,17594.2,6.780,131,95,196
2026-07-25T13:32:48Z,35.2264240,-106.5885980,1532.4,17600.9,6.760,131,94,207
2026-07-25T13:32:49Z,35.2264779,-106.5885660,1532.4,17607.7,6.780,132,95,232
2026-07-25T13:32:50Z,35.2265329,-106.5885350,1532.6,17614.4,6.760,132,96,205
2026-07-25T13:32:51Z,35.2265889,-106.5885050,1532.6,17621.3,6.800,132,96,209
2026-07-25T13:32:52Z,35.2266450,-106.5884739,1532.6,17628.0,6.760,132,96,199
2026-07-25T13:32:53Z,35.2267010,-106.5884419,1532.6,17634.9,6.800,133,96,200
2026-07-25T13:32:54Z,35.2267550,-106.5884080,1532.6,17641.7,6.800,133,95,192
2026-07-25T13:32:55Z,35.2268100,-106.5883750,1532.8,17648.5,6.820,133,95,187
2026-07-25T13:32:56Z,35.2268639,-106.5883419,1532.8,17655.2,6.780,134,95,198
2026-07-25T13:32:57Z,35.2269190,-106.5883100,1532.8,17662.0,6.800,135,95,197
2026-07-25T13:32:58Z,35.2269720,-106.5882790,1533.0,17668.7,6.760,135,94,215
2026-07-25T13:32:59Z,35.2270379,-106.5882429,1533.0,17675.4,6.740,136,94,222
2026-07-25T13:33:00Z,35.2270840,-106.5882190,1533.0,17682.1,6.720,136,94,222
2026-07-25T13:33:01Z,35.2271420,-106.5881890,1533.0,17688.8,6.720,136,94,193
2026-07-25T13:33:02Z,35.2271959,-106.5881539,1533.2,17695.4,6.680,137,94,186
2026-07-25T13:33:03Z,35.2272610,-106.5881160,1533.2,17702.1,6.680,137,94,170
2026-07-25T13:33:04Z,35.2273050,-106.5880910,1533.4,17708.8,6.680,137,94,172
2026-07-25T13:33:05Z,35.2273600,-106.5880600,1533.4,17715.4,6.660,137,94,182
2026-07-25T13:33:06Z,35.2274249,-106.5880230,1533.6,17722.2,6.680,137,95,177
2026-07-25T13:33:07Z,35.2274689,-106.5879989,1533.6,17729.1,6.740,137,95,167
2026-07-25T13:33:08Z,35.2275239,-106.5879659,1533.8,17735.9,6.760,138,96,163
2026-07-25T13:33:09Z,35.2275790,-106.5879320,1534.0,17742.8,6.800,137,97,171
2026-07-25T13:33:10Z,35.2276350,-106.5879000,1534.0,17749.6,6.840,137,97,166
2026-07-25T13:33:11Z,35.2276930,-106.5878689,1534.2,17756.7,6.900,137,98,172
2026-07-25T13:33:12Z,35.2277510,-106.5878379,1534.2,17763.8,6.940,137,98,166
2026-07-25T13:33:13Z,35.2278080,-106.5878050,1534.2,17770.7,6.960,137,99,175
2026-07-25T13:33:14Z,35.2278680,-106.5877699,1534.2,17778.0,7.040,137,100,165
2026-07-25T13:33:15Z,35.2279259,-106.5877359,1534.2,17785.3,7.140,137,101,154
2026-07-25T13:33:16Z,35.2279839,-106.5877010,1534.2,17792.6,7.180,136,101,136
2026-07-25T13:33:17Z,35.2280429,-106.5876669,1534.2,17799.9,7.220,136,102,136
2026-07-25T13:33:18Z,35.2281029,-106.5876330,1534.2,17807.4,7.340,136,104,134
2026-07-25T13:33:19Z,35.2281640,-106.5875980,1534.2,17815.1,7.420,136,104,131
2026-07-25T13:33:20Z,35.2282250,-106.5875620,1534.0,17822.8,7.500,136,106,131
2026-07-25T13:33:21Z,35.2282869,-106.5875270,1534.0,17830.2,7.520,136,108,122
2026-07-25T13:33:22Z,35.2283500,-106.5874910,1534.0,17837.9,7.600,136,109,118
2026-07-25T13:33:23Z,35.2284250,-106.5874470,1534.0,17845.7,7.660,136,109,86
2026-07-25T13:33:24Z,35.2284749,-106.5874180,1534.0,17853.4,7.660,136,103,134
2026-07-25T13:33:25Z,35.2285390,-106.5873799,1533.8,17861.6,7.760,135,102,152
2026-07-25T13:33:26Z,35.2286039,-106.5873410,1533.8,17869.6,7.880,134,103,149
2026-07-25T13:33:27Z,35.2286680,-106.5873049,1533.8,17877.8,7.980,134,104,145
2026-07-25T13:33:28Z,35.2287339,-106.5872669,1533.6,17885.8,8.020,134,104,144
2026-07-25T13:33:29Z,35.2288000,-106.5872290,1533.6,17894.1,8.140,133,106,144
2026-07-25T13:33:30Z,35.2288680,-106.5871909,1533.6,17902.4,8.160,133,106,144
2026-07-25T13:33:31Z,35.2289359,-106.5871530,1533.4,17910.7,8.220,133,107,129
2026-07-25T13:33:32Z,35.2290170,-106.5871059,1533.2,17919.0,8.240,132,107,139
2026-07-25T13:33:33Z,35.2290700,-106.5870740,1533.2,17927.3,8.300,132,107,113
2026-07-25T13:33:34Z,35.2291379,-106.5870349,1532.8,17935.8,8.340,132,107,113
2026-07-25T13:33:35Z,35.2292050,-106.5869950,1532.8,17944.1,8.340,132,99,165
2026-07-25T13:33:36Z,35.2292730,-106.5869560,1532.6,17952.5,8.360,132,99,177
2026-07-25T13:33:37Z,35.2293420,-106.5869169,1532.6,17961.0,8.400,132,99,161
2026-07-25T13:33:38Z,35.2294119,-106.5868779,1532.4,17969.8,8.500,131,100,161
2026-07-25T13:33:39Z,35.2294809,-106.5868370,1532.4,17978.2,8.480,131,100,162
2026-07-25T13:33:40Z,35.2295500,-106.5867970,1532.2,17986.7,8.520,131,100,159
2026-07-25T13:33:41Z,35.2296190,-106.5867570,1532.2,17995.3,8.560,131,100,150
2026-07-25T13:33:42Z,35.2297020,-106.5867090,1532.2,18004.0,8.600,131,100,159
2026-07-25T13:33:43Z,35.2297579,-106.5866780,1532.0,18012.5,8.540,130,100,158
2026-07-25T13:33:44Z,35.2298269,-106.5866370,1532.0,18021.0,8.560,130,100,160
2026-07-25T13:33:45Z,35.2298950,-106.5865950,1532.0,18029.5,8.560,130,100,162
2026-07-25T13:33:46Z,35.2299640,-106.5865540,1532.0,18037.8,8.500,130,100,168
2026-07-25T13:33:47Z,35.2300460,-106.5865039,1531.8,18046.2,8.440,130,100,179
2026-07-25T13:33:48Z,35.2300989,-106.5864700,1531.8,18054.5,8.400,130,99,197
2026-07-25T13:33:49Z,35.2301680,-106.5864289,1531.8,18062.8,8.360,130,99,185
2026-07-25T13:33:50Z,35.2302370,-106.5863910,1531.8,18071.1,8.320,130,99,187
2026-07-25T13:33:51Z,35.2303190,-106.5863439,1531.8,18079.4,8.320,130,98,187
2026-07-25T13:33:52Z,35.2303729,-106.5863120,1531.8,18087.6,8.280,131,98,206
2026-07-25T13:33:53Z,35.2304400,-106.5862729,1531.8,18095.9,8.280,131,98,226
2026-07-25T13:33:54Z,35.2305070,-106.5862340,1531.8,18104.4,8.320,132,98,222
2026-07-25T13:33:55Z,35.2305759,-106.5861960,1531.6,18112.6,8.300,131,98,224
2026-07-25T13:33:56Z,35.2306449,-106.5861569,1531.6,18120.8,8.280,132,98,218
2026-07-25T13:33:57Z,35.2307130,-106.5861159,1531.6,18129.3,8.340,132,98,206
2026-07-25T13:33:58Z,35.2307810,-106.5860760,1531.6,18137.5,8.320,132,98,221
2026-07-25T13:33:59Z,35.2308479,-106.5860350,1531.8,18145.9,8.300,132,98,211
2026-07-25T13:34:00Z,35.2309160,-106.5859950,1531.6,18154.2,8.320,132,99,222
2026-07-25T13:34:01Z,35.2309980,-106.5859480,1531.6,18162.6,8.360,132,98,206
2026-07-25T13:34:02Z,35.2310519,-106.5859180,1531.6,18170.8,8.300,132,98,219
2026-07-25T13:34:03Z,35.2311199,-106.5858819,1531.8,18179.1,8.320,132,98,219
2026-07-25T13:34:04Z,35.2311870,-106.5858440,1531.8,18187.5,8.320,132,99,238
2026-07-25T13:34:05Z,35.2312679,-106.5857949,1532.0,18195.7,8.300,132,99,201
2026-07-25T13:34:06Z,35.2313349,-106.5857539,1532.0,18204.1,8.300,133,98,193
2026-07-25T13:34:07Z,35.2313880,-106.5857220,1532.0,18212.3,8.300,133,98,192
2026-07-25T13:34:08Z,35.2314549,-106.5856819,1532.0,18220.6,8.300,133,98,187
2026-07-25T13:34:09Z,35.2315350,-106.5856340,1532.0,18228.8,8.260,133,98,194
2026-07-25T13:34:10Z,35.2315880,-106.5856000,1532.0,18237.1,8.280,133,98,189
2026-07-25T13:34:11Z,35.2316559,-106.5855600,1532.0,18245.2,8.220,133,97,199
2026-07-25T13:34:12Z,35.2317220,-106.5855190,1532.2,18253.3,8.200,134,97,185
2026-07-25T13:34:13Z,35.2317890,-106.5854789,1532.2,18261.6,8.200,134,97,186
2026-07-25T13:34:14Z,35.2318689,-106.5854320,1532.2,18269.8,8.200,134,97,199
2026-07-25T13:34:15Z,35.2319360,-106.5853949,1532.2,18278.0,8.180,134,97,193
2026-07-25T13:34:16Z,35.2319900,-106.5853659,1532.2,18286.2,8.200,133,97,199
2026-07-25T13:34:17Z,35.2320579,-106.5853290,1532.2,18294.3,8.200,133,97,207
2026-07-25T13:34:18Z,35.2321240,-106.5852900,1532.2,18302.5,8.180,133,97,202
2026-07-25T13:34:19Z,35.2321890,-106.5852519,1532.2,18310.8,8.200,134,97,197
2026-07-25T13:34:20Z,35.2322699,-106.5852059,1532.2,18318.9,8.180,133,96,192
2026-07-25T13:34:21Z,35.2323240,-106.5851750,1532.2,18327.1,8.180,133,96,196
2026-07-25T13:34:22Z,35.2323889,-106.5851359,1532.2,18335.2,8.180,133,96,193
2026-07-25T13:34:23Z,35.2324680,-106.5850899,1532.2,18343.5,8.200,133,96,177
2026-07-25T13:34:24Z,35.2325329,-106.5850519,1532.2,18351.5,8.140,133,95,181
2026-07-25T13:34:25Z,35.2325859,-106.5850229,1532.2,18359.5,8.119,133,95,191
2026-07-25T13:34:26Z,35.2326520,-106.5849880,1532.2,18367.6,8.100,133,95,187
2026-07-25T13:34:27Z,35.2327189,-106.5849520,1532.2,18375.5,8.060,133,95,207
2026-07-25T13:34:28Z,35.2327840,-106.5849140,1532.2,18383.6,8.020,133,95,199
2026-07-25T13:34:29Z,35.2328489,-106.5848779,1532.4,18391.7,8.039,133,96,205
2026-07-25T13:34:30Z,35.2329140,-106.5848420,1532.4,18399.8,8.060,133,96,206
2026-07-25T13:34:31Z,35.2329800,-106.5848039,1532.4,18407.8,8.039,134,96,202
2026-07-25T13:34:32Z,35.2330469,-106.5847660,1532.4,18416.1,8.119,134,96,194
2026-07-25T13:34:33Z,35.2331260,-106.5847189,1532.4,18424.4,8.160,135,96,200
2026-07-25T13:34:34Z,35.2331919,-106.5846779,1532.4,18432.6,8.180,135,96,204
2026-07-25T13:34:35Z,35.2332440,-106.5846449,1532.4,18440.8,8.200,135,97,208
2026-07-25T13:34:36Z,35.2333089,-106.5846049,1532.4,18449.0,8.240,135,97,207
2026-07-25T13:34:37Z,35.2333760,-106.5845670,1532.4,18457.2,8.220,136,97,201
2026-07-25T13:34:38Z,35.2334440,-106.5845299,1532.4,18465.3,8.180,136,97,205
2026-07-25T13:34:39Z,35.2335239,-106.5844840,1532.4,18473.6,8.200,136,97,190
2026-07-25T13:34:40Z,35.2335770,-106.5844530,1532.4,18482.0,8.240,136,97,188
2026-07-25T13:34:41Z,35.2336440,-106.5844149,1532.4,18490.4,8.280,136,97,194
2026-07-25T13:34:42Z,35.2337249,-106.5843670,1532.6,18498.6,8.280,136,97,203
2026-07-25T13:34:43Z,35.2337780,-106.5843340,1532.6,18506.8,8.300,136,97,204
2026-07-25T13:34:44Z,35.2338559,-106.5842859,1532.6,18515.0,8.280,136,97,204
2026-07-25T13:34:45Z,35.2339089,-106.5842540,1532.6,18523.2,8.240,136,97,204
2026-07-25T13:34:46Z,35.2339750,-106.5842149,1532.6,18531.5,8.220,136,97,214
2026-07-25T13:34:47Z,35.2340409,-106.5841760,1532.6,18539.8,8.240,136,98,202
2026-07-25T13:34:48Z,35.2341230,-106.5841309,1532.6,18548.3,8.300,136,98,216
2026-07-25T13:34:49Z,35.2341900,-106.5840910,1532.6,18556.7,8.340,136,98,203
2026-07-25T13:34:50Z,35.2342419,-106.5840589,1532.6,18565.1,8.380,136,99,212
2026-07-25T13:34:51Z,35.2343110,-106.5840210,1532.6,18573.5,8.400,136,99,194
2026-07-25T13:34:52Z,35.2343800,-106.5839820,1532.6,18581.7,8.380,136,99,187
2026-07-25T13:34:53Z,35.2344599,-106.5839370,1532.6,18589.8,8.300,136,98,194
2026-07-25T13:34:54Z,35.2345139,-106.5839070,1532.6,18598.1,8.280,136,97,202
2026-07-25T13:34:55Z,35.2345820,-106.5838670,1532.6,18606.5,8.280,136,97,200
2026-07-25T13:34:56Z,35.2346619,-106.5838200,1532.6,18614.7,8.240,136,97,196
2026-07-25T13:34:57Z,35.2347289,-106.5837819,1532.6,18623.0,8.260,136,97,195
2026-07-25T13:34:58Z,35.2347830,-106.5837510,1532.6,18631.3,8.300,136,97,179
2026-07-25T13:34:59Z,35.2348490,-106.5837139,1532.6,18639.5,8.280,136,97,179
2026-07-25T13:35:00Z,35.2349150,-106.5836750,1532.6,18647.6,8.220,135,97,189
2026-07-25T13:35:01Z,35.2349930,-106.5836269,1532.6,18655.8,8.220,136,97,191
2026-07-25T13:35:02Z,35.2350459,-106.5835940,1532.6,18664.2,8.240,135,97,195
2026-07-25T13:35:03Z,35.2351120,-106.5835549,1532.6,18672.4,8.220,135,97,189
2026-07-25T13:35:04Z,35.2351789,-106.5835170,1532.8,18680.7,8.240,135,97,188
2026-07-25T13:35:05Z,35.2352440,-106.5834789,1532.8,18688.8,8.240,134,97,188
2026-07-25T13:35:06Z,35.2353240,-106.5834330,1532.8,18697.1,8.260,134,97,193
2026-07-25T13:35:07Z,35.2353909,-106.5833949,1532.8,18705.2,8.200,133,97,192
2026-07-25T13:35:08Z,35.2354440,-106.5833639,1533.0,18713.5,8.220,133,97,185
2026-07-25T13:35:09Z,35.2355099,-106.5833239,1533.0,18721.7,8.200,133,97,180
2026-07-25T13:35:10Z,35.2355900,-106.5832750,1533.0,18730.1,8.260,132,97,180
2026-07-25T13:35:11Z,35.2356570,-106.5832349,1533.0,18738.4,8.260,132,97,175
2026-07-25T13:35:12Z,35.2357099,-106.5832020,1533.0,18746.8,8.320,132,98,175
2026-07-25T13:35:13Z,35.2357770,-106.5831629,1533.0,18755.1,8.320,132,97,176
2026-07-25T13:35:14Z,35.2358440,-106.5831229,1533.0,18763.4,8.340,133,97,194
2026-07-25T13:35:15Z,35.2359269,-106.5830789,1533.0,18771.6,8.300,133,97,201
2026-07-25T13:35:16Z,35.2359819,-106.5830509,1533.2,18779.9,8.300,132,97,188
2026-07-25T13:35:17Z,35.2360500,-106.5830150,1533.2,18788.1,8.260,132,97,183
2026-07-25T13:35:18Z,35.2361160,-106.5829769,1533.2,18796.3,8.240,132,97,177
2026-07-25T13:35:19Z,35.2361829,-106.5829390,1533.2,18804.4,8.200,133,97,180
2026-07-25T13:35:20Z,35.2362470,-106.5829000,1533.2,18812.8,8.240,132,97,180
2026-07-25T13:35:21Z,35.2363259,-106.5828530,1533.2,18820.8,8.180,132,96,156
2026-07-25T13:35:22Z,35.2363800,-106.5828219,1533.2,18829.1,8.200,132,96,171
2026-07-25T13:35:23Z,35.2364460,-106.5827810,1533.2,18837.3,8.200,132,96,171
2026-07-25T13:35:24Z,35.2365119,-106.5827430,1533.2,18845.4,8.200,132,96,186
2026-07-25T13:35:25Z,35.2365920,-106.5826990,1533.2,18853.7,8.180,132,96,193
2026-07-25T13:35:26Z,35.2366589,-106.5826639,1533.2,18861.8,8.200,132,96,199
2026-07-25T13:35:27Z,35.2367120,-106.5826329,1533.2,18869.9,8.160,132,96,194
2026-07-25T13:35:28Z,35.2367780,-106.5825950,1533.2,18878.3,8.200,132,96,228
2026-07-25T13:35:29Z,35.2368579,-106.5825489,1533.2,18886.6,8.240,132,97,208
2026-07-25T13:35:30Z,35.2369120,-106.5825199,1533.2,18894.8,8.220,132,97,175
2026-07-25T13:35:31Z,35.2369780,-106.5824840,1533.4,18903.1,8.260,132,96,186
2026-07-25T13:35:32Z,35.2370439,-106.5824469,1533.4,18911.2,8.260,132,96,180
2026-07-25T13:35:33Z,35.2371110,-106.5824100,1533.4,18919.3,8.200,132,96,197
2026-07-25T13:35:34Z,35.2371790,-106.5823729,1533.4,18927.5,8.180,132,97,189
2026-07-25T13:35:35Z,35.2372609,-106.5823280,1533.4,18935.8,8.200,133,97,196
2026-07-25T13:35:36Z,35.2373169,-106.5822999,1533.4,18944.1,8.200,133,97,187
2026-07-25T13:35:37Z,35.2373840,-106.5822650,1533.4,18952.3,8.220,133,96,177
2026-07-25T13:35:38Z,35.2374649,-106.5822240,1533.4,18960.3,8.200,134,96,179
2026-07-25T13:35:39Z,35.2375329,-106.5821899,1533.4,18968.6,8.220,134,96,175
2026-07-25T13:35:40Z,35.2375860,-106.5821630,1533.4,18976.7,8.180,134,96,200
2026-07-25T13:35:41Z,35.2376529,-106.5821289,1533.4,18984.9,8.160,133,96,200
2026-07-25T13:35:42Z,35.2377209,-106.5820950,1533.4,18993.0,8.140,133,95,227
2026-07-25T13:35:43Z,35.2377900,-106.5820640,1533.4,19001.0,8.140,133,95,205
2026-07-25T13:35:44Z,35.2378689,-106.5820269,1533.4,19009.0,8.080,132,94,190
2026-07-25T13:35:45Z,35.2379350,-106.5819950,1533.2,19017.2,8.100,132,94,175
2026-07-25T13:35:46Z,35.2379890,-106.5819680,1533.2,19025.1,8.039,132,94,162
2026-07-25T13:35:47Z,35.2380570,-106.5819370,1533.0,19033.0,8.000,132,94,169
2026-07-25T13:35:48Z,35.2381239,-106.5819060,1533.0,19041.0,8.000,131,94,187
2026-07-25T13:35:49Z,35.2382030,-106.5818680,1533.0,19048.9,7.980,131,94,175
2026-07-25T13:35:50Z,35.2382559,-106.5818429,1533.0,19056.8,7.920,131,94,173
2026-07-25T13:35:51Z,35.2383220,-106.5818149,1533.0,19064.7,7.920,131,93,189
2026-07-25T13:35:52Z,35.2383900,-106.5817869,1533.2,19072.8,7.960,131,93,189
2026-07-25T13:35:53Z,35.2384579,-106.5817589,1533.0,19080.7,7.940,131,93,183
2026-07-25T13:35:54Z,35.2385399,-106.5817240,1533.2,19088.7,7.960,130,94,187
2026-07-25T13:35:55Z,35.2385930,-106.5817030,1533.2,19096.5,7.940,130,94,191
2026-07-25T13:35:56Z,35.2386620,-106.5816790,1533.2,19104.5,7.960,130,94,191
2026-07-25T13:35:57Z,35.2387449,-106.5816510,1533.4,19112.4,7.920,130,94,195
2026-07-25T13:35:58Z,35.2388139,-106.5816279,1533.4,19120.3,7.920,130,93,184
2026-07-25T13:35:59Z,35.2388690,-106.5816090,1533.4,19128.3,7.920,130,93,177
2026-07-25T13:36:00Z,35.2389360,-106.5815829,1533.4,19136.0,7.900,130,93,190
2026-07-25T13:36:01Z,35.2390039,-106.5815549,1533.4,19143.8,7.860,130,93,191
2026-07-25T13:36:02Z,35.2390710,-106.5815279,1533.0,19151.9,7.900,130,93,210
2026-07-25T13:36:03Z,35.2391390,-106.5815030,1533.0,19159.7,7.880,130,93,210
2026-07-25T13:36:04Z,35.2392090,-106.5814809,1533.0,19167.7,7.880,130,94,205
2026-07-25T13:36:05Z,35.2392769,-106.5814600,1533.0,19175.6,7.920,130,93,203
2026-07-25T13:36:06Z,35.2393449,-106.5814399,1533.0,19183.6,7.960,130,93,204
2026-07-25T13:36:07Z,35.2394140,-106.5814210,1533.0,19191.5,7.920,130,93,201
2026-07-25T13:36:08Z,35.2394810,-106.5813989,1533.0,19199.5,7.960,130,93,198
2026-07-25T13:36:09Z,35.2395629,-106.5813649,1533.0,19207.6,7.980,130,94,205
2026-07-25T13:36:10Z,35.2396170,-106.5813440,1533.0,19215.5,7.980,130,95,203
2026-07-25T13:36:11Z,35.2396870,-106.5813200,1533.0,19223.7,8.020,131,95,196
2026-07-25T13:36:12Z,35.2397560,-106.5812990,1533.0,19231.6,8.020,131,94,210
2026-07-25T13:36:13Z,35.2398400,-106.5812740,1533.0,19239.6,8.020,131,94,194
2026-07-25T13:36:14Z,35.2399089,-106.5812519,1533.0,19247.5,7.980,131,94,191
2026-07-25T13:36:15Z,35.2399639,-106.5812320,1533.0,19255.7,8.039,132,94,203
2026-07-25T13:36:16Z,35.2400330,-106.5812089,1533.0,19263.5,7.960,132,94,200
2026-07-25T13:36:17Z,35.2401030,-106.5811860,1533.0,19271.6,8.000,132,94,201
2026-07-25T13:36:18Z,35.2401860,-106.5811580,1533.0,19279.6,8.000,133,95,201
2026-07-25T13:36:19Z,35.2402399,-106.5811389,1533.0,19287.6,8.020,132,95,200
2026-07-25T13:36:20Z,35.2403089,-106.5811160,1533.0,19295.7,8.000,133,95,199
2026-07-25T13:36:21Z,35.2403920,-106.5810900,1533.0,19303.8,8.060,133,95,220
2026-07-25T13:36:22Z,35.2404620,-106.5810679,1533.0,19311.9,8.060,133,95,220
2026-07-25T13:36:23Z,35.2405180,-106.5810480,1533.0,19319.8,8.039,133,96,221
2026-07-25T13:36:24Z,35.2405880,-106.5810219,1533.0,19327.9,8.060,133,96,227
2026-07-25T13:36:25Z,35.2406579,-106.5809929,1533.0,19336.1,8.080,133,96,227
2026-07-25T13:36:26Z,35.2407409,-106.5809560,1533.0,19344.4,8.119,133,97,215
2026-07-25T13:36:27Z,35.2407960,-106.5809310,1533.0,19352.7,8.160,133,97,223
2026-07-25T13:36:28Z,35.2408660,-106.5809049,1533.0,19361.0,8.240,134,97,223
2026-07-25T13:36:29Z,35.2409370,-106.5808830,1533.0,19369.3,8.280,134,97,231
2026-07-25T13:36:30Z,35.2410080,-106.5808639,1533.0,19377.4,8.260,134,97,205
2026-07-25T13:36:31Z,35.2410940,-106.5808379,1532.8,19385.6,8.240,134,97,205
2026-07-25T13:36:32Z,35.2411660,-106.5808160,1532.8,19393.8,8.220,134,97,190
2026-07-25T13:36:33Z,35.2412240,-106.5807980,1532.8,19401.9,8.180,134,96,180
2026-07-25T13:36:34Z,35.2412950,-106.5807769,1532.8,19410.1,8.160,134,96,185
2026-07-25T13:36:35Z,35.2413810,-106.5807489,1532.8,19418.1,8.140,134,95,199
2026-07-25T13:36:36Z,35.2414500,-106.5807260,1532.8,19426.3,8.140,134,95,189
2026-07-25T13:36:37Z,35.2415179,-106.5807020,1532.8,19434.3,8.100,134,95,198
2026-07-25T13:36:38Z,35.2415730,-106.5806820,1532.8,19442.3,8.080,134,95,194
2026-07-25T13:36:39Z,35.2416430,-106.5806570,1532.8,19450.4,8.060,134,95,178
2026-07-25T13:36:40Z,35.2417120,-106.5806310,1532.8,19458.3,8.039,134,95,195
2026-07-25T13:36:41Z,35.2417949,-106.5806000,1532.8,19466.3,8.000,133,95,195
2026-07-25T13:36:42Z,35.2418499,-106.5805810,1532.6,19474.1,7.960,134,95,186
2026-07-25T13:36:43Z,35.2419199,-106.5805570,1532.6,19482.2,7.980,133,94,185
2026-07-25T13:36:44Z,35.2419890,-106.5805329,1532.6,19490.1,7.940,133,94,184
2026-07-25T13:36:45Z,35.2420710,-106.5805069,1532.6,19498.1,7.960,133,94,184
2026-07-25T13:36:46Z,35.2421270,-106.5804860,1532.6,19506.1,7.960,133,93,193
2026-07-25T13:36:47Z,35.2421959,-106.5804619,1532.6,19514.0,7.980,133,93,188
2026-07-25T13:36:48Z,35.2422649,-106.5804380,1532.6,19522.0,7.960,133,93,189
2026-07-25T13:36:49Z,35.2423359,-106.5804140,1532.6,19529.9,7.960,132,93,189
2026-07-25T13:36:50Z,35.2424200,-106.5803870,1532.6,19537.9,7.960,133,93,186
2026-07-25T13:36:51Z,35.2424880,-106.5803639,1532.6,19545.8,7.940,133,93,186
2026-07-25T13:36:52Z,35.2425440,-106.5803469,1532.6,19553.7,7.940,132,93,196
2026-07-25T13:36:53Z,35.2426139,-106.5803240,1532.6,19561.6,7.920,132,93,197
2026-07-25T13:36:54Z,35.2426959,-106.5802970,1532.6,19569.4,7.900,132,93,203
2026-07-25T13:36:55Z,35.2427640,-106.5802739,1532.6,19577.3,7.880,133,94,199
2026-07-25T13:36:56Z,35.2428330,-106.5802520,1532.6,19585.3,7.900,132,94,205
2026-07-25T13:36:57Z,35.2428900,-106.5802360,1532.6,19593.3,7.920,132,94,205
2026-07-25T13:36:58Z,35.2429600,-106.5802159,1532.6,19601.5,7.980,133,95,227
2026-07-25T13:36:59Z,35.2430429,-106.5801909,1532.6,19609.7,8.060,133,95,229
2026-07-25T13:37:00Z,35.2431139,-106.5801680,1532.6,19617.9,8.119,134,95,199
2026-07-25T13:37:01Z,35.2431709,-106.5801510,1532.6,19625.9,8.119,133,95,202
2026-07-25T13:37:02Z,35.2432410,-106.5801280,1532.8,19634.1,8.160,133,95,191
2026-07-25T13:37:03Z,35.2433240,-106.5801009,1532.8,19642.3,8.160,133,95,186
2026-07-25T13:37:04Z,35.2433940,-106.5800780,1532.8,19650.4,8.140,133,95,182
2026-07-25T13:37:05Z,35.2434650,-106.5800540,1532.8,19658.4,8.100,133,95,194
2026-07-25T13:37:06Z,35.2435220,-106.5800350,1532.8,19666.6,8.140,133,95,196
2026-07-25T13:37:07Z,35.2435919,-106.5800130,1532.8,19674.5,8.080,133,95,195
2026-07-25T13:37:08Z,35.2436749,-106.5799859,1532.8,19682.6,8.060,134,95,218
2026-07-25T13:37:09Z,35.2437440,-106.5799640,1532.8,19690.7,8.060,133,95,218
2026-07-25T13:37:10Z,35.2438140,-106.5799400,1532.8,19698.9,8.100,134,96,207
2026-07-25T13:37:11Z,35.2438700,-106.5799200,1533.0,19707.1,8.100,134,96,201
2026-07-25T13:37:12Z,35.2439400,-106.5798960,1533.0,19715.2,8.140,134,96,213
2026-07-25T13:37:13Z,35.2440250,-106.5798709,1533.0,19723.3,8.140,134,96,203
2026-07-25T13:37:14Z,35.2440959,-106.5798490,1533.0,19731.4,8.140,134,96,178
2026-07-25T13:37:15Z,35.2441529,-106.5798309,1533.0,19739.6,8.140,134,96,204
2026-07-25T13:37:16Z,35.2442229,-106.5798080,1533.0,19747.6,8.100,134,96,200
2026-07-25T13:37:17Z,35.2443069,-106.5797800,1533.0,19755.7,8.100,134,96,202
2026-07-25T13:37:18Z,35.2443770,-106.5797559,1533.0,19763.8,8.100,134,96,191
2026-07-25T13:37:19Z,35.2444490,-106.5797330,1533.0,19771.9,8.100,134,96,193
2026-07-25T13:37:20Z,35.2445040,-106.5797139,1533.0,19780.0,8.080,134,96,196
2026-07-25T13:37:21Z,35.2445730,-106.5796920,1533.0,19788.2,8.119,134,96,203
2026-07-25T13:37:22Z,35.2446430,-106.5796709,1533.0,19796.3,8.119,134,96,206
2026-07-25T13:37:23Z,35.2447269,-106.5796460,1532.8,19804.5,8.140,134,95,181
2026-07-25T13:37:24Z,35.2447819,-106.5796279,1532.8,19812.7,8.160,134,95,200
2026-07-25T13:37:25Z,35.2448529,-106.5796060,1532.8,19820.8,8.160,133,95,202
2026-07-25T13:37:26Z,35.2449370,-106.5795790,1532.8,19828.8,8.119,134,95,198
2026-07-25T13:37:27Z,35.2450070,-106.5795559,1532.8,19837.0,8.140,133,95,207
2026-07-25T13:37:28Z,35.2450630,-106.5795409,1532.8,19845.0,8.100,133,95,198
2026-07-25T13:37:29Z,35.2451340,-106.5795200,1532.8,19853.1,8.080,133,95,219
2026-07-25T13:37:30Z,35.2452029,-106.5794989,1532.8,19861.1,8.060,133,95,212
2026-07-25T13:37:31Z,35.2452729,-106.5794800,1532.8,19869.1,8.060,134,96,218
2026-07-25T13:37:32Z,35.2453429,-106.5794600,1533.0,19877.2,8.039,133,96,213
2026-07-25T13:37:33Z,35.2454279,-106.5794350,1533.0,19885.3,8.060,133,96,194
2026-07-25T13:37:34Z,35.2454850,-106.5794180,1533.0,19893.4,8.060,133,96,199
2026-07-25T13:37:35Z,35.2455560,-106.5793949,1533.0,19901.5,8.080,133,96,206
2026-07-25T13:37:36Z,35.2456420,-106.5793699,1533.0,19909.6,8.100,132,96,208
2026-07-25T13:37:37Z,35.2457120,-106.5793480,1533.2,19917.9,8.140,132,96,257
2026-07-25T13:37:38Z,35.2457820,-106.5793259,1533.2,19926.2,8.180,132,96,233
2026-07-25T13:37:39Z,35.2458390,-106.5793080,1533.2,19934.3,8.180,132,97,211
2026-07-25T13:37:40Z,35.2459110,-106.5792880,1533.2,19942.6,8.220,132,97,201
2026-07-25T13:37:41Z,35.2459970,-106.5792650,1533.2,19950.6,8.200,132,96,198
2026-07-25T13:37:42Z,35.2460680,-106.5792440,1533.2,19958.8,8.180,133,96,206
2026-07-25T13:37:43Z,35.2461390,-106.5792210,1533.2,19966.9,8.140,133,96,194
2026-07-25T13:37:44Z,35.2461970,-106.5792020,1533.2,19975.1,8.160,133,96,200
2026-07-25T13:37:45Z,35.2462680,-106.5791799,1533.0,19983.3,8.140,133,96,200
2026-07-25T13:37:46Z,35.2463540,-106.5791559,1533.2,19991.6,8.200,134,96,198
2026-07-25T13:37:47Z,35.2464260,-106.5791359,1533.2,19999.8,8.200,133,96,199
2026-07-25T13:37:48Z,35.2464829,-106.5791190,1533.2,20007.8,8.180,134,96,199
2026-07-25T13:37:49Z,35.2465539,-106.5790979,1533.2,20016.1,8.200,134,96,201
2026-07-25T13:37:50Z,35.2466379,-106.5790700,1533.2,20024.2,8.180,134,95,204
2026-07-25T13:37:51Z,35.2467070,-106.5790460,1533.2,20032.2,8.119,134,96,222
2026-07-25T13:37:52Z,35.2467760,-106.5790219,1533.2,20040.4,8.119,134,96,206
2026-07-25T13:37:53Z,35.2468330,-106.5790040,1533.0,20048.4,8.119,134,96,201
2026-07-25T13:37:54Z,35.2469040,-106.5789829,1533.0,20056.5,8.080,134,96,211
2026-07-25T13:37:55Z,35.2469900,-106.5789570,1533.2,20064.7,8.100,134,96,210
2026-07-25T13:37:56Z,35.2470610,-106.5789340,1533.0,20072.8,8.119,134,96,200
2026-07-25T13:37:57Z,35.2471310,-106.5789099,1533.2,20080.9,8.100,135,96,207
2026-07-25T13:37:58Z,35.2471869,-106.5788919,1533.0,20088.9,8.100,135,96,216
2026-07-25T13:37:59Z,35.2472589,-106.5788700,1533.0,20097.2,8.140,135,96,217
2026-07-25T13:38:00Z,35.2473449,-106.5788470,1533.0,20105.2,8.100,135,96,202
2026-07-25T13:38:01Z,35.2474179,-106.5788310,1533.0,20113.5,8.140,135,96,210
2026-07-25T13:38:02Z,35.2474749,-106.5788140,1533.0,20121.7,8.160,135,96,197
2026-07-25T13:38:03Z,35.2475459,-106.5787909,1533.0,20129.8,8.180,135,96,225
2026-07-25T13:38:04Z,35.2476149,-106.5787680,1533.0,20137.9,8.140,135,96,210
2026-07-25T13:38:05Z,35.2476850,-106.5787440,1533.0,20146.1,8.180,135,96,206
2026-07-25T13:38:06Z,35.2477550,-106.5787239,1533.2,20154.4,8.180,134,96,206
2026-07-25T13:38:07Z,35.2478260,-106.5787010,1533.2,20162.4,8.140,135,96,202
2026-07-25T13:38:08Z,35.2478980,-106.5786769,1533.2,20170.5,8.140,135,96,212
2026-07-25T13:38:09Z,35.2479680,-106.5786560,1533.2,20178.8,8.180,135,96,201
2026-07-25T13:38:10Z,35.2480390,-106.5786310,1533.2,20186.9,8.160,134,96,207
2026-07-25T13:38:11Z,35.2481079,-106.5786049,1533.2,20195.0,8.119,135,96,218
2026-07-25T13:38:12Z,35.2481769,-106.5785749,1533.2,20203.1,8.140,134,96,199
2026-07-25T13:38:13Z,35.2482450,-106.5785450,1533.2,20211.2,8.140,135,96,210
2026-07-25T13:38:14Z,35.2483150,-106.5785179,1533.2,20219.2,8.080,134,96,223
2026-07-25T13:38:15Z,35.2483840,-106.5784929,1533.2,20227.3,8.080,135,96,223
2026-07-25T13:38:16Z,35.2484540,-106.5784670,1533.2,20235.3,8.060,135,96,214
2026-07-25T13:38:17Z,35.2485239,-106.5784400,1533.2,20243.6,8.100,134,95,199
2026-07-25T13:38:18Z,35.2485939,-106.5784150,1533.2,20251.7,8.100,134,95,195
2026-07-25T13:38:19Z,35.2486630,-106.5783929,1533.2,20259.6,8.080,135,95,191
2026-07-25T13:38:20Z,35.2487330,-106.5783690,1533.2,20267.8,8.100,135,96,192
2026-07-25T13:38:21Z,35.2488050,-106.5783459,1533.2,20275.7,8.080,134,95,189
2026-07-25T13:38:22Z,35.2488750,-106.5783209,1533.2,20283.8,8.039,134,95,195
2026-07-25T13:38:23Z,35.2489440,-106.5782960,1533.2,20291.8,8.020,134,95,202
2026-07-25T13:38:24Z,35.2490150,-106.5782710,1533.2,20299.8,8.039,135,95,201
2026-07-25T13:38:25Z,35.2490849,-106.5782469,1533.2,20307.9,8.020,135,95,204
2026-07-25T13:38:26Z,35.2491539,-106.5782230,1533.2,20316.1,8.080,134,95,207
2026-07-25T13:38:27Z,35.2492240,-106.5781970,1533.4,20324.2,8.080,134,95,201
2026-07-25T13:38:28Z,35.2492930,-106.5781700,1533.4,20332.2,8.080,134,96,198
2026-07-25T13:38:29Z,35.2493630,-106.5781400,1533.4,20340.4,8.119,134,96,192
2026-07-25T13:38:30Z,35.2494330,-106.5781110,1533.4,20348.6,8.140,134,96,182
2026-07-25T13:38:31Z,35.2495019,-106.5780810,1533.4,20356.6,8.100,134,96,182
2026-07-25T13:38:32Z,35.2495699,-106.5780510,1533.4,20364.7,8.100,134,96,168
2026-07-25T13:38:33Z,35.2496390,-106.5780240,1533.4,20372.5,8.060,134,95,179
2026-07-25T13:38:34Z,35.2497110,-106.5780039,1533.4,20380.4,8.000,134,94,204
2026-07-25T13:38:35Z,35.2497960,-106.5779830,1533.4,20388.4,7.960,133,94,203
2026-07-25T13:38:36Z,35.2498520,-106.5779690,1533.4,20396.2,7.920,134,93,175
2026-07-25T13:38:37Z,35.2499199,-106.5779500,1533.4,20404.1,7.880,133,93,185
2026-07-25T13:38:38Z,35.2499889,-106.5779270,1533.4,20411.9,7.880,133,93,185
2026-07-25T13:38:39Z,35.2500690,-106.5778980,1533.4,20419.7,7.860,133,92,185
2026-07-25T13:38:40Z,35.2501380,-106.5778729,1533.4,20427.6,7.840,133,92,190
2026-07-25T13:38:41Z,35.2501909,-106.5778550,1533.4,20435.5,7.860,134,92,203
2026-07-25T13:38:42Z,35.2502590,-106.5778340,1533.4,20443.3,7.840,133,92,205
2026-07-25T13:38:43Z,35.2503420,-106.5778120,1533.6,20451.2,7.860,133,92,214
2026-07-25T13:38:44Z,35.2504100,-106.5777910,1533.6,20458.9,7.840,133,92,198
2026-07-25T13:38:45Z,35.2504649,-106.5777729,1533.6,20466.8,7.840,133,93,188
2026-07-25T13:38:46Z,35.2505320,-106.5777500,1533.6,20474.6,7.820,133,93,201
2026-07-25T13:38:47Z,35.2506140,-106.5777250,1533.6,20482.4,7.820,133,93,187
2026-07-25T13:38:48Z,35.2506819,-106.5777019,1533.6,20490.3,7.820,133,93,217
2026-07-25T13:38:49Z,35.2507509,-106.5776790,1533.6,20498.4,7.900,133,93,217
2026-07-25T13:38:50Z,35.2508079,-106.5776610,1533.6,20506.4,7.920,133,93,204
2026-07-25T13:38:51Z,35.2508770,-106.5776390,1533.6,20514.4,7.960,133,93,195
2026-07-25T13:38:52Z,35.2509460,-106.5776169,1533.6,20522.4,8.000,133,93,203
2026-07-25T13:38:53Z,35.2510140,-106.5775960,1533.6,20530.3,8.000,133,93,202
2026-07-25T13:38:54Z,35.2510819,-106.5775729,1533.6,20538.3,7.980,133,93,208
2026-07-25T13:38:55Z,35.2511500,-106.5775500,1533.6,20546.2,7.960,133,93,203
2026-07-25T13:38:56Z,35.2512180,-106.5775259,1533.6,20554.2,7.960,133,93,207
2026-07-25T13:38:57Z,35.2512989,-106.5774979,1533.6,20562.1,7.940,133,93,206
2026-07-25T13:38:58Z,35.2513670,-106.5774770,1533.6,20569.9,7.920,133,93,220
2026-07-25T13:38:59Z,35.2514360,-106.5774610,1533.6,20577.6,7.860,133,92,238
2026-07-25T13:39:00Z,35.2514920,-106.5774500,1533.6,20585.4,7.840,133,91,257
2026-07-25T13:39:01Z,35.2515610,-106.5774340,1533.6,20593.5,7.860,133,94,216
2026-07-25T13:39:02Z,35.2516309,-106.5774149,1533.6,20601.7,7.920,133,95,200
2026-07-25T13:39:03Z,35.2517159,-106.5773930,1533.8,20609.8,7.980,132,95,188
2026-07-25T13:39:04Z,35.2517729,-106.5773760,1533.8,20617.8,8.039,133,94,187
2026-07-25T13:39:05Z,35.2518429,-106.5773569,1533.8,20625.9,8.100,133,94,203
2026-07-25T13:39:06Z,35.2519280,-106.5773330,1533.8,20633.9,8.080,133,94,195
2026-07-25T13:39:07Z,35.2519970,-106.5773099,1533.8,20641.9,8.039,133,94,196
2026-07-25T13:39:08Z,35.2520530,-106.5772910,1534.0,20649.9,8.020,134,94,183
2026-07-25T13:39:09Z,35.2521220,-106.5772679,1534.0,20657.9,8.020,134,94,181
2026-07-25T13:39:10Z,35.2521919,-106.5772460,1534.0,20666.0,8.020,133,93,186
2026-07-25T13:39:11Z,35.2522749,-106.5772190,1534.0,20673.9,8.000,134,93,188
2026-07-25T13:39:12Z,35.2523430,-106.5771969,1534.0,20681.8,7.980,134,93,186
2026-07-25T13:39:13Z,35.2523990,-106.5771809,1534.0,20689.9,8.000,134,93,186
2026-07-25T13:39:14Z,35.2524660,-106.5771569,1534.0,20697.7,7.960,134,93,187
2026-07-25T13:39:15Z,35.2525349,-106.5771340,1534.0,20705.6,7.920,134,93,180
2026-07-25T13:39:16Z,35.2526170,-106.5771089,1534.0,20713.6,7.940,134,93,185
2026-07-25T13:39:17Z,35.2526870,-106.5770900,1534.0,20721.4,7.920,134,93,187
2026-07-25T13:39:18Z,35.2527420,-106.5770730,1534.0,20729.2,7.860,134,93,191
2026-07-25T13:39:19Z,35.2528089,-106.5770509,1534.0,20737.2,7.900,134,93,201
2026-07-25T13:39:20Z,35.2528910,-106.5770210,1534.0,20745.2,7.920,134,93,185
2026-07-25T13:39:21Z,35.2529580,-106.5769969,1534.0,20753.0,7.880,133,93,189
2026-07-25T13:39:22Z,35.2530270,-106.5769730,1534.0,20760.9,7.900,133,93,184
2026-07-25T13:39:23Z,35.2530809,-106.5769519,1534.2,20768.8,7.920,133,93,225
2026-07-25T13:39:24Z,35.2531490,-106.5769280,1534.2,20776.9,7.940,133,94,225
2026-07-25T13:39:25Z,35.2532210,-106.5769050,1534.2,20785.0,7.960,133,95,225
2026-07-25T13:39:26Z,35.2533040,-106.5768770,1534.2,20793.4,8.080,133,96,236
2026-07-25T13:39:27Z,35.2533730,-106.5768560,1534.2,20801.6,8.140,134,96,226
2026-07-25T13:39:28Z,35.2534300,-106.5768399,1534.2,20809.8,8.200,134,96,214
2026-07-25T13:39:29Z,35.2535009,-106.5768200,1534.2,20818.1,8.240,133,97,214
2026-07-25T13:39:30Z,35.2535859,-106.5767939,1534.2,20826.4,8.280,133,97,209
2026-07-25T13:39:31Z,35.2536569,-106.5767710,1534.2,20834.6,8.240,133,97,198
2026-07-25T13:39:32Z,35.2537149,-106.5767529,1534.2,20842.9,8.260,133,97,229
2026-07-25T13:39:33Z,35.2537879,-106.5767310,1534.2,20851.1,8.260,134,98,234
2026-07-25T13:39:34Z,35.2538599,-106.5767099,1534.2,20859.6,8.300,134,98,205
2026-07-25T13:39:35Z,35.2539319,-106.5766860,1534.2,20867.9,8.300,134,99,205
2026-07-25T13:39:36Z,35.2540050,-106.5766610,1534.2,20876.4,8.360,135,99,217
2026-07-25T13:39:37Z,35.2540780,-106.5766389,1534.2,20884.8,8.380,135,100,204
2026-07-25T13:39:38Z,35.2541520,-106.5766180,1534.2,20893.6,8.500,136,100,223
2026-07-25T13:39:39Z,35.2542280,-106.5765990,1534.2,20901.9,8.460,137,100,181
2026-07-25T13:39:40Z,35.2543029,-106.5765799,1534.2,20910.4,8.500,136,100,161
2026-07-25T13:39:41Z,35.2543929,-106.5765529,1534.2,20918.8,8.480,137,100,173
2026-07-25T13:39:42Z,35.2544520,-106.5765359,1534.2,20927.3,8.500,138,100,165
2026-07-25T13:39:43Z,35.2545250,-106.5765130,1534.2,20935.8,8.440,138,100,179
2026-07-25T13:39:44Z,35.2545980,-106.5764909,1534.2,20944.2,8.460,138,100,179
2026-07-25T13:39:45Z,35.2546710,-106.5764680,1534.0,20952.6,8.440,138,99,175
2026-07-25T13:39:46Z,35.2547430,-106.5764450,1534.0,20960.9,8.420,138,98,182
2026-07-25T13:39:47Z,35.2548150,-106.5764229,1534.0,20969.2,8.380,138,98,189
2026-07-25T13:39:48Z,35.2548870,-106.5764010,1534.0,20977.5,8.340,138,98,191
2026-07-25T13:39:49Z,35.2549590,-106.5763799,1534.0,20985.9,8.340,139,99,193
2026-07-25T13:39:50Z,35.2550340,-106.5763600,1534.0,20994.3,8.340,139,99,181
2026-07-25T13:39:51Z,35.2551219,-106.5763359,1534.0,21002.8,8.380,138,99,217
2026-07-25T13:39:52Z,35.2551819,-106.5763199,1534.0,21011.3,8.420,139,99,199
2026-07-25T13:39:53Z,35.2552549,-106.5762990,1534.0,21019.6,8.420,139,99,169
2026-07-25T13:39:54Z,35.2553269,-106.5762779,1534.0,21028.0,8.420,138,99,181
2026-07-25T13:39:55Z,35.2553989,-106.5762570,1534.0,21036.3,8.400,138,98,176
2026-07-25T13:39:56Z,35.2554720,-106.5762390,1534.0,21044.6,8.360,138,97,178
2026-07-25T13:39:57Z,35.2555460,-106.5762169,1534.0,21052.7,8.280,138,97,185
2026-07-25T13:39:58Z,35.2556160,-106.5761919,1534.0,21060.9,8.260,139,96,185
2026-07-25T13:39:59Z,35.2556859,-106.5761629,1534.0,21069.0,8.200,138,96,190
2026-07-25T13:40:00Z,35.2557679,-106.5761319,1534.0,21077.1,8.160,138,95,196
2026-07-25T13:40:01Z,35.2558230,-106.5761140,1534.0,21085.2,8.119,138,95,201
2026-07-25T13:40:02Z,35.2558920,-106.5760950,1534.0,21093.4,8.140,138,95,204
2026-07-25T13:40:03Z,35.2559770,-106.5760720,1534.0,21101.4,8.100,137,95,195
2026-07-25T13:40:04Z,35.2560340,-106.5760530,1534.2,21109.3,8.060,137,94,207
2026-07-25T13:40:05Z,35.2561029,-106.5760280,1534.2,21117.3,8.039,137,94,212
2026-07-25T13:40:06Z,35.2561709,-106.5760029,1534.2,21125.1,7.980,137,94,212
2026-07-25T13:40:07Z,35.2562410,-106.5759810,1534.2,21133.3,7.980,137,94,213
2026-07-25T13:40:08Z,35.2563110,-106.5759589,1534.2,21141.2,7.960,137,94,207
2026-07-25T13:40:09Z,35.2563800,-106.5759380,1534.4,21148.9,7.920,136,94,207
2026-07-25T13:40:10Z,35.2564489,-106.5759159,1534.4,21156.8,7.900,137,93,207
2026-07-25T13:40:11Z,35.2565159,-106.5758930,1534.4,21164.7,7.920,136,93,253
2026-07-25T13:40:12Z,35.2565830,-106.5758690,1534.4,21172.7,7.880,136,93,234
2026-07-25T13:40:13Z,35.2566499,-106.5758439,1534.4,21180.7,7.900,136,93,193
2026-07-25T13:40:14Z,35.2567169,-106.5758189,1534.4,21188.8,7.980,136,94,201
2026-07-25T13:40:15Z,35.2567850,-106.5757950,1534.6,21196.8,8.000,136,94,200
2026-07-25T13:40:16Z,35.2568550,-106.5757739,1534.6,21204.8,8.020,136,94,200
2026-07-25T13:40:17Z,35.2569260,-106.5757530,1534.6,21212.8,8.020,136,94,196
2026-07-25T13:40:18Z,35.2569959,-106.5757309,1534.6,21220.9,8.039,136,95,202
2026-07-25T13:40:19Z,35.2570799,-106.5757029,1534.6,21228.9,8.020,136,95,197
2026-07-25T13:40:20Z,35.2571369,-106.5756830,1534.6,21237.2,8.080,136,96,212
2026-07-25T13:40:21Z,35.2572079,-106.5756599,1534.8,21245.2,8.080,137,96,192
2026-07-25T13:40:22Z,35.2572789,-106.5756390,1534.8,21253.3,8.100,137,96,197
2026-07-25T13:40:23Z,35.2573649,-106.5756149,1534.8,21261.3,8.080,137,96,191
2026-07-25T13:40:24Z,35.2574360,-106.5755920,1534.8,21269.5,8.119,136,96,196
2026-07-25T13:40:25Z,35.2574920,-106.5755739,1534.8,21277.6,8.080,137,96,196
2026-07-25T13:40:26Z,35.2575630,-106.5755500,1534.8,21285.8,8.119,136,97,203
2026-07-25T13:40:27Z,35.2576350,-106.5755260,1534.8,21294.2,8.180,137,97,192
2026-07-25T13:40:28Z,35.2577070,-106.5755029,1534.8,21302.4,8.220,136,98,192
2026-07-25T13:40:29Z,35.2577950,-106.5754760,1534.8,21310.7,8.240,136,98,197
2026-07-25T13:40:30Z,35.2578510,-106.5754579,1534.8,21318.8,8.240,135,98,197
2026-07-25T13:40:31Z,35.2579230,-106.5754340,1534.8,21327.4,8.320,135,98,199
2026-07-25T13:40:32Z,35.2579950,-106.5754100,1535.0,21335.7,8.300,135,98,199
2026-07-25T13:40:33Z,35.2580689,-106.5753859,1535.0,21344.1,8.340,135,99,199
2026-07-25T13:40:34Z,35.2581419,-106.5753620,1535.0,21352.4,8.340,135,99,186
2026-07-25T13:40:35Z,35.2582149,-106.5753370,1535.0,21360.8,8.400,134,99,189
2026-07-25T13:40:36Z,35.2582869,-106.5753149,1535.0,21368.9,8.300,134,98,195
2026-07-25T13:40:37Z,35.2583599,-106.5752940,1535.0,21377.1,8.280,134,98,189
2026-07-25T13:40:38Z,35.2584319,-106.5752719,1535.0,21385.3,8.240,134,97,199
2026-07-25T13:40:39Z,35.2585029,-106.5752500,1535.0,21393.5,8.220,134,97,212
2026-07-25T13:40:40Z,35.2585739,-106.5752259,1535.0,21401.6,8.160,134,96,212
2026-07-25T13:40:41Z,35.2586580,-106.5751989,1535.0,21409.7,8.160,134,95,206
2026-07-25T13:40:42Z,35.2587150,-106.5751810,1535.2,21417.8,8.140,134,95,198
2026-07-25T13:40:43Z,35.2587850,-106.5751590,1535.2,21425.8,8.100,134,95,206
2026-07-25T13:40:44Z,35.2588540,-106.5751379,1535.2,21433.7,8.039,134,95,222
2026-07-25T13:40:45Z,35.2589240,-106.5751150,1535.2,21441.8,8.039,135,94,228
2026-07-25T13:40:46Z,35.2589929,-106.5750930,1535.2,21449.6,7.980,134,94,229
2026-07-25T13:40:47Z,35.2590610,-106.5750709,1535.2,21457.4,7.920,134,93,254
2026-07-25T13:40:48Z,35.2591290,-106.5750500,1535.2,21465.5,7.940,134,93,248
2026-07-25T13:40:49Z,35.2591980,-106.5750279,1535.2,21473.4,7.940,134,93,218
2026-07-25T13:40:50Z,35.2592679,-106.5750080,1535.2,21481.3,7.900,134,93,195
2026-07-25T13:40:51Z,35.2593379,-106.5749880,1535.4,21489.2,7.920,134,93,203
2026-07-25T13:40:52Z,35.2594079,-106.5749679,1535.4,21497.1,7.940,134,93,200
2026-07-25T13:40:53Z,35.2594760,-106.5749460,1535.4,21504.9,7.880,134,93,191
2026-07-25T13:40:54Z,35.2595450,-106.5749229,1535.6,21512.8,7.880,134,93,206
2026-07-25T13:40:55Z,35.2596269,-106.5748959,1535.8,21520.7,7.880,134,93,209
2026-07-25T13:40:56Z,35.2596819,-106.5748780,1535.8,21528.6,7.880,134,93,198
2026-07-25T13:40:57Z,35.2597640,-106.5748509,1536.0,21536.3,7.840,134,92,177
2026-07-25T13:40:58Z,35.2598180,-106.5748310,1536.0,21544.1,7.840,134,92,199
2026-07-25T13:40:59Z,35.2598849,-106.5748099,1536.0,21551.9,7.820,134,91,216
2026-07-25T13:41:00Z,35.2599520,-106.5747900,1536.2,21559.6,7.780,134,91,219
2026-07-25T13:41:01Z,35.2600190,-106.5747689,1536.4,21567.1,7.700,134,90,198
2026-07-25T13:41:02Z,35.2600859,-106.5747460,1536.4,21574.7,7.680,134,90,201
2026-07-25T13:41:03Z,35.2601500,-106.5747219,1536.6,21582.3,7.640,135,90,197
2026-07-25T13:41:04Z,35.2602149,-106.5747010,1536.6,21589.9,7.600,135,90,205
2026-07-25T13:41:05Z,35.2602940,-106.5746760,1536.6,21597.6,7.600,135,90,187
2026-07-25T13:41:06Z,35.2603470,-106.5746610,1536.8,21605.1,7.600,135,89,178
2026-07-25T13:41:07Z,35.2604120,-106.5746410,1536.8,21612.7,7.600,135,89,194
2026-07-25T13:41:08Z,35.2604780,-106.5746200,1537.0,21620.1,7.560,135,89,188
2026-07-25T13:41:09Z,35.2605439,-106.5746010,1537.0,21627.5,7.520,135,88,198
2026-07-25T13:41:10Z,35.2606090,-106.5745789,1537.0,21635.1,7.500,136,88,189
2026-07-25T13:41:11Z,35.2606739,-106.5745580,1537.2,21642.5,7.480,136,88,197
2026-07-25T13:41:12Z,35.2607390,-106.5745379,1537.2,21650.1,7.480,136,88,204
2026-07-25T13:41:13Z,35.2608039,-106.5745180,1537.2,21657.6,7.500,136,88,208
2026-07-25T13:41:14Z,35.2608690,-106.5744980,1537.4,21665.1,7.520,135,87,188
2026-07-25T13:41:15Z,35.2609329,-106.5744769,1537.4,21672.4,7.460,136,87,205
2026-07-25T13:41:16Z,35.2609970,-106.5744570,1537.4,21679.9,7.480,136,87,199
2026-07-25T13:41:17Z,35.2610619,-106.5744379,1537.4,21687.3,7.440,137,87,199
2026-07-25T13:41:18Z,35.2611250,-106.5744180,1537.4,21694.7,7.420,136,87,195
2026-07-25T13:41:19Z,35.2611899,-106.5744000,1537.6,21702.3,7.440,136,88,200
2026-07-25T13:41:20Z,35.2612540,-106.5743830,1537.6,21709.7,7.460,136,88,187
2026-07-25T13:41:21Z,35.2613189,-106.5743610,1537.6,21717.2,7.460,136,88,188
2026-07-25T13:41:22Z,35.2613830,-106.5743369,1537.6,21724.7,7.480,136,89,185
2026-07-25T13:41:23Z,35.2614470,-106.5743150,1537.6,21732.3,7.520,136,89,188
2026-07-25T13:41:24Z,35.2615099,-106.5742939,1537.6,21739.9,7.520,136,89,188
2026-07-25T13:41:25Z,35.2615770,-106.5742759,1537.6,21747.7,7.600,136,90,185
2026-07-25T13:41:26Z,35.2616440,-106.5742570,1537.8,21755.1,7.580,135,90,183
2026-07-25T13:41:27Z,35.2617089,-106.5742349,1537.8,21762.7,7.600,136,90,175
2026-07-25T13:41:28Z,35.2617760,-106.5742110,1537.8,21770.4,7.620,135,90,184
2026-07-25T13:41:29Z,35.2618419,-106.5741889,1537.8,21778.1,7.640,135,91,245
2026-07-25T13:41:30Z,35.2619099,-106.5741670,1537.8,21785.9,7.640,135,92,226
2026-07-25T13:41:31Z,35.2619780,-106.5741440,1537.8,21793.8,7.740,134,93,240
2026-07-25T13:41:32Z,35.2620450,-106.5741209,1537.8,21801.5,7.760,135,93,241
2026-07-25T13:41:33Z,35.2621129,-106.5741000,1537.8,21809.5,7.820,135,93,241
2026-07-25T13:41:34Z,35.2621829,-106.5740789,1537.8,21817.7,7.920,135,94,211
2026-07-25T13:41:35Z,35.2622520,-106.5740580,1538.0,21825.5,7.920,134,94,188
2026-07-25T13:41:36Z,35.2623210,-106.5740349,1538.0,21833.5,7.940,135,94,188
2026-07-25T13:41:37Z,35.2623900,-106.5740120,1538.0,21841.3,7.960,134,94,206
2026-07-25T13:41:38Z,35.2624620,-106.5739889,1538.0,21849.6,8.020,135,95,196
2026-07-25T13:41:39Z,35.2625319,-106.5739660,1538.0,21857.6,7.980,134,96,200
2026-07-25T13:41:40Z,35.2626019,-106.5739430,1538.0,21865.6,8.020,135,96,184
2026-07-25T13:41:41Z,35.2626719,-106.5739199,1538.0,21873.8,8.060,135,96,185
2026-07-25T13:41:42Z,35.2627439,-106.5738950,1538.0,21881.9,8.119,135,96,200
2026-07-25T13:41:43Z,35.2628140,-106.5738700,1538.0,21890.2,8.119,134,97,193
2026-07-25T13:41:44Z,35.2628840,-106.5738420,1538.0,21898.5,8.180,134,98,183
2026-07-25T13:41:45Z,35.2629550,-106.5738169,1538.0,21906.8,8.240,134,98,183
2026-07-25T13:41:46Z,35.2630280,-106.5737889,1538.0,21915.0,8.240,134,99,170
2026-07-25T13:41:47Z,35.2631000,-106.5737589,1538.0,21923.4,8.300,133,99,166
2026-07-25T13:41:48Z,35.2631720,-106.5737309,1538.0,21931.6,8.280,133,99,185
2026-07-25T13:41:49Z,35.2632440,-106.5737029,1538.0,21940.0,8.300,133,99,162
2026-07-25T13:41:50Z,35.2633150,-106.5736749,1537.8,21948.3,8.300,132,99,168
2026-07-25T13:41:51Z,35.2633870,-106.5736459,1537.8,21956.7,8.340,132,100,173
2026-07-25T13:41:52Z,35.2634590,-106.5736169,1537.8,21965.1,8.340,132,100,168
2026-07-25T13:41:53Z,35.2635460,-106.5735800,1537.8,21973.8,8.440,132,100,178
2026-07-25T13:41:54Z,35.2636050,-106.5735559,1537.6,21982.1,8.420,132,100,167
2026-07-25T13:41:55Z,35.2636789,-106.5735250,1537.6,21990.6,8.460,132,100,171
2026-07-25T13:41:56Z,35.2637519,-106.5734960,1537.6,21998.9,8.440,132,100,170
2026-07-25T13:41:57Z,35.2638259,-106.5734690,1537.4,22007.5,8.480,132,100,170
2026-07-25T13:41:58Z,35.2638990,-106.5734400,1537.4,22016.0,8.440,133,101,170
2026-07-25T13:41:59Z,35.2639710,-106.5734120,1537.4,22024.6,8.500,133,101,167
2026-07-25T13:42:00Z,35.2640440,-106.5733810,1537.4,22033.1,8.500,133,101,162
2026-07-25T13:42:01Z,35.2641170,-106.5733500,1537.2,22041.7,8.560,133,101,162
2026-07-25T13:42:02Z,35.2641890,-106.5733190,1537.2,22050.2,8.540,133,101,162
2026-07-25T13:42:03Z,35.2642620,-106.5732890,1537.2,22058.7,8.540,133,101,164
2026-07-25T13:42:04Z,35.2643350,-106.5732579,1537.2,22067.2,8.520,133,101,154
2026-07-25T13:42:05Z,35.2644070,-106.5732250,1537.0,22075.8,8.540,133,102,161
2026-07-25T13:42:06Z,35.2644810,-106.5731930,1537.0,22084.4,8.540,132,102,151
2026-07-25T13:42:07Z,35.2645540,-106.5731620,1537.0,22093.0,8.560,132,102,152
2026-07-25T13:42:08Z,35.2646269,-106.5731289,1537.0,22101.5,8.560,132,102,159
2026-07-25T13:42:09Z,35.2646999,-106.5730969,1537.0,22110.2,8.600,132,102,147
2026-07-25T13:42:10Z,35.2647729,-106.5730669,1536.8,22118.8,8.600,132,102,144
2026-07-25T13:42:11Z,35.2648609,-106.5730269,1536.8,22127.4,8.600,132,101,143
2026-07-25T13:42:12Z,35.2649179,-106.5729979,1536.8,22136.0,8.600,131,101,138
2026-07-25T13:42:13Z,35.2649889,-106.5729620,1536.8,22144.6,8.620,131,102,148
2026-07-25T13:42:14Z,35.2650599,-106.5729239,1536.6,22153.4,8.640,131,102,144
2026-07-25T13:42:15Z,35.2651319,-106.5728870,1536.6,22161.9,8.620,131,102,150
2026-07-25T13:42:16Z,35.2652059,-106.5728549,1536.6,22170.2,8.560,131,102,139
2026-07-25T13:42:17Z,35.2652810,-106.5728239,1536.4,22178.6,8.520,131,101,154
2026-07-25T13:42:18Z,35.2653530,-106.5727910,1536.4,22187.3,8.540,130,100,152
2026-07-25T13:42:19Z,35.2654250,-106.5727600,1536.2,22195.7,8.460,130,100,166
2026-07-25T13:42:20Z,35.2654960,-106.5727280,1536.2,22204.1,8.440,130,100,171
2026-07-25T13:42:21Z,35.2655659,-106.5726939,1536.2,22212.5,8.460,130,100,160
2026-07-25T13:42:22Z,35.2656509,-106.5726529,1536.2,22221.1,8.500,130,100,155
2026-07-25T13:42:23Z,35.2657069,-106.5726249,1536.0,22229.5,8.440,129,99,155
2026-07-25T13:42:24Z,35.2657760,-106.5725890,1536.0,22237.9,8.440,129,99,156
2026-07-25T13:42:25Z,35.2658470,-106.5725519,1536.0,22246.4,8.460,129,99,164
2026-07-25T13:42:26Z,35.2659150,-106.5725160,1535.8,22254.7,8.440,129,99,161
2026-07-25T13:42:27Z,35.2659839,-106.5724809,1535.8,22263.0,8.380,129,98,162
2026-07-25T13:42:28Z,35.2660539,-106.5724480,1535.8,22271.1,8.320,129,98,164
2026-07-25T13:42:29Z,35.2661239,-106.5724150,1535.8,22279.3,8.280,129,98,165
2026-07-25T13:42:30Z,35.2661920,-106.5723809,1535.8,22287.4,8.200,129,96,165
2026-07-25T13:42:31Z,35.2662590,-106.5723460,1535.8,22295.7,8.200,129,96,161
2026-07-25T13:42:32Z,35.2663269,-106.5723099,1535.8,22303.9,8.180,129,96,168
2026-07-25T13:42:33Z,35.2663940,-106.5722750,1535.8,22311.9,8.160,129,95,169
2026-07-25T13:42:34Z,35.2664610,-106.5722410,1535.8,22320.1,8.160,129,95,223
2026-07-25T13:42:35Z,35.2665269,-106.5722059,1535.8,22328.3,8.180,128,96,221
2026-07-25T13:42:36Z,35.2665930,-106.5721680,1535.8,22336.7,8.200,128,96,198
2026-07-25T13:42:37Z,35.2666589,-106.5721300,1535.8,22344.8,8.180,128,97,172
2026-07-25T13:42:38Z,35.2667269,-106.5720939,1535.8,22353.0,8.220,128,97,162
2026-07-25T13:42:39Z,35.2667950,-106.5720580,1535.8,22361.2,8.220,128,96,169
2026-07-25T13:42:40Z,35.2668620,-106.5720209,1535.8,22369.3,8.200,128,96,165
2026-07-25T13:42:41Z,35.2669289,-106.5719860,1536.0,22377.4,8.140,128,96,165
2026-07-25T13:42:42Z,35.2669960,-106.5719509,1536.0,22385.3,8.100,129,96,169
2026-07-25T13:42:43Z,35.2670630,-106.5719130,1536.0,22393.6,8.119,129,96,178
2026-07-25T13:42:44Z,35.2671280,-106.5718739,1536.0,22401.5,8.060,129,96,173
2026-07-25T13:42:45Z,35.2671930,-106.5718339,1536.0,22409.6,8.060,128,95,171
2026-07-25T13:42:46Z,35.2672729,-106.5717899,1536.0,22417.6,8.039,128,95,177
2026-07-25T13:42:47Z,35.2673250,-106.5717609,1536.0,22425.6,8.060,128,95,182
2026-07-25T13:42:48Z,35.2673919,-106.5717260,1535.8,22433.7,8.020,128,95,173
2026-07-25T13:42:49Z,35.2674710,-106.5716820,1535.8,22441.6,8.020,128,95,175
2026-07-25T13:42:50Z,35.2675229,-106.5716510,1536.0,22449.6,8.000,128,95,184
2026-07-25T13:42:51Z,35.2675980,-106.5716039,1536.0,22457.6,8.000,128,94,183
2026-07-25T13:42:52Z,35.2676479,-106.5715710,1536.0,22465.6,8.000,127,94,194
2026-07-25T13:42:53Z,35.2677130,-106.5715319,1536.0,22473.4,7.940,127,93,207
2026-07-25T13:42:54Z,35.2677779,-106.5714970,1536.0,22481.2,7.920,127,93,202
2026-07-25T13:42:55Z,35.2678420,-106.5714640,1535.8,22488.8,7.840,127,92,220
2026-07-25T13:42:56Z,35.2679050,-106.5714289,1535.8,22496.8,7.840,128,92,232
2026-07-25T13:42:57Z,35.2679669,-106.5713889,1535.8,22504.4,7.760,128,92,228
2026-07-25T13:42:58Z,35.2680290,-106.5713510,1535.8,22512.2,7.760,128,92,222
2026-07-25T13:42:59Z,35.2680910,-106.5713139,1536.0,22519.9,7.740,128,92,191
2026-07-25T13:43:00Z,35.2681659,-106.5712690,1536.0,22527.6,7.760,128,92,201
2026-07-25T13:43:01Z,35.2682150,-106.5712360,1536.0,22535.4,7.720,128,92,185
2026-07-25T13:43:02Z,35.2682780,-106.5711970,1536.0,22543.1,7.740,128,91,185
2026-07-25T13:43:03Z,35.2683529,-106.5711540,1536.2,22550.8,7.720,128,90,175
2026-07-25T13:43:04Z,35.2684020,-106.5711240,1536.2,22558.2,7.660,128,89,175
2026-07-25T13:43:05Z,35.2684640,-106.5710859,1536.2,22565.8,7.640,128,89,172
2026-07-25T13:43:06Z,35.2685230,-106.5710460,1536.4,22573.3,7.580,128,88,173
2026-07-25T13:43:07Z,35.2685819,-106.5710060,1536.4,22580.6,7.500,129,88,169
2026-07-25T13:43:08Z,35.2686399,-106.5709670,1536.6,22587.8,7.400,129,87,168
2026-07-25T13:43:09Z,35.2686989,-106.5709300,1536.6,22594.9,7.340,129,86,181
2026-07-25T13:43:10Z,35.2687579,-106.5708940,1536.6,22602.0,7.240,128,86,181
2026-07-25T13:43:11Z,35.2688169,-106.5708569,1536.8,22609.4,7.220,128,85,181
2026-07-25T13:43:12Z,35.2688739,-106.5708190,1536.8,22616.6,7.200,129,85,174
2026-07-25T13:43:13Z,35.2689409,-106.5707709,1537.0,22623.8,7.200,128,85,174
2026-07-25T13:43:14Z,35.2689869,-106.5707399,1537.0,22631.0,7.220,129,85,170
2026-07-25T13:43:15Z,35.2690540,-106.5706930,1537.2,22638.2,7.240,129,85,179
2026-07-25T13:43:16Z,35.2690990,-106.5706620,1537.2,22645.5,7.220,129,85,280
2026-07-25T13:43:17Z,35.2691560,-106.5706239,1537.2,22652.7,7.220,129,86,159
2026-07-25T13:43:18Z,35.2692140,-106.5705860,1537.2,22660.1,7.260,129,86,182
2026-07-25T13:43:19Z,35.2692820,-106.5705409,1537.2,22667.5,7.300,130,86,192
2026-07-25T13:43:20Z,35.2693280,-106.5705109,1537.4,22674.9,7.340,130,87,192
2026-07-25T13:43:21Z,35.2693860,-106.5704740,1537.4,22682.3,7.360,129,87,163
2026-07-25T13:43:22Z,35.2694440,-106.5704359,1537.4,22689.7,7.400,129,86,166
2026-07-25T13:43:23Z,35.2695000,-106.5703969,1537.4,22696.9,7.360,129,86,153
2026-07-25T13:43:24Z,35.2695570,-106.5703550,1537.4,22704.3,7.360,129,86,162
2026-07-25T13:43:25Z,35.2696130,-106.5703140,1537.4,22711.7,7.360,129,86,159
2026-07-25T13:43:26Z,35.2696710,-106.5702730,1537.4,22718.9,7.320,129,86,176
2026-07-25T13:43:27Z,35.2697390,-106.5702260,1537.6,22726.2,7.300,130,86,173
2026-07-25T13:43:28Z,35.2697970,-106.5701860,1537.6,22733.7,7.360,130,86,186
2026-07-25T13:43:29Z,35.2698540,-106.5701470,1537.6,22740.9,7.320,130,85,176
2026-07-25T13:43:30Z,35.2698980,-106.5701160,1537.6,22748.1,7.280,130,86,190
2026-07-25T13:43:31Z,35.2699540,-106.5700750,1537.6,22755.4,7.300,130,86,187
2026-07-25T13:43:32Z,35.2700099,-106.5700349,1537.6,22762.5,7.260,130,87,164
2026-07-25T13:43:33Z,35.2700809,-106.5699890,1537.6,22769.9,7.240,130,87,178
2026-07-25T13:43:34Z,35.2701280,-106.5699590,1537.8,22777.4,7.300,130,87,178
2026-07-25T13:43:35Z,35.2701870,-106.5699209,1537.8,22784.6,7.300,130,87,163
2026-07-25T13:43:36Z,35.2702549,-106.5698740,1538.0,22791.8,7.280,129,87,169
2026-07-25T13:43:37Z,35.2703119,-106.5698319,1538.0,22799.1,7.320,129,87,172
2026-07-25T13:43:38Z,35.2703669,-106.5697889,1538.0,22806.4,7.300,129,87,177
2026-07-25T13:43:39Z,35.2704109,-106.5697530,1538.0,22814.0,7.320,129,87,177
2026-07-25T13:43:40Z,35.2704699,-106.5697130,1538.0,22821.7,7.420,129,87,156
2026-07-25T13:43:41Z,35.2705419,-106.5696680,1538.0,22829.3,7.500,129,87,156
2026-07-25T13:43:42Z,35.2706040,-106.5696319,1538.0,22837.4,7.660,129,90,156
2026-07-25T13:43:43Z,35.2706539,-106.5696010,1538.0,22845.4,7.800,129,94,150
2026-07-25T13:43:44Z,35.2707160,-106.5695579,1538.2,22853.3,7.860,129,95,151
2026-07-25T13:43:45Z,35.2707920,-106.5695070,1538.0,22861.1,7.880,129,94,159
2026-07-25T13:43:46Z,35.2708530,-106.5694619,1538.0,22869.0,7.940,129,92,169
2026-07-25T13:43:47Z,35.2709139,-106.5694179,1538.0,22876.8,7.880,129,91,192
2026-07-25T13:43:48Z,35.2709620,-106.5693850,1538.0,22884.3,7.780,129,91,183
2026-07-25T13:43:49Z,35.2710230,-106.5693449,1537.8,22892.2,7.780,128,91,171
2026-07-25T13:43:50Z,35.2710950,-106.5692960,1537.8,22899.8,7.740,129,91,169
2026-07-25T13:43:51Z,35.2711540,-106.5692540,1537.8,22907.8,7.760,128,92,158
2026-07-25T13:43:52Z,35.2712149,-106.5692120,1537.8,22915.8,7.800,128,93,154
2026-07-25T13:43:53Z,35.2712630,-106.5691770,1537.6,22923.7,7.880,128,93,154
2026-07-25T13:43:54Z,35.2713230,-106.5691340,1537.6,22931.5,7.860,128,93,154
2026-07-25T13:43:55Z,35.2713990,-106.5690830,1537.6,22939.7,7.980,128,94,158
2026-07-25T13:43:56Z,35.2714619,-106.5690439,1537.6,22947.6,7.960,127,94,151
2026-07-25T13:43:57Z,35.2715240,-106.5690009,1537.6,22955.4,7.920,127,94,154
2026-07-25T13:43:58Z,35.2715749,-106.5689670,1537.6,22963.3,7.920,127,94,162
2026-07-25T13:43:59Z,35.2716499,-106.5689159,1537.6,22971.3,7.960,127,94,163
2026-07-25T13:44:00Z,35.2717110,-106.5688729,1537.6,22979.2,7.900,127,94,157
2026-07-25T13:44:01Z,35.2717749,-106.5688330,1537.6,22987.2,7.920,126,94,151
2026-07-25T13:44:02Z,35.2718250,-106.5688009,1537.6,22995.2,7.960,126,94,156
2026-07-25T13:44:03Z,35.2718890,-106.5687579,1537.6,23003.2,7.980,126,94,147
2026-07-25T13:44:04Z,35.2719629,-106.5687050,1537.6,23011.2,7.980,126,94,154
2026-07-25T13:44:05Z,35.2720239,-106.5686590,1537.6,23019.2,8.000,126,94,154
2026-07-25T13:44:06Z,35.2720870,-106.5686160,1537.4,23027.2,8.000,126,94,163
2026-07-25T13:44:07Z,35.2721379,-106.5685839,1537.4,23035.2,8.000,126,93,171
2026-07-25T13:44:08Z,35.2722010,-106.5685440,1537.4,23043.2,8.000,125,93,170
2026-07-25T13:44:09Z,35.2722630,-106.5685030,1537.4,23051.1,7.980,125,93,155
2026-07-25T13:44:10Z,35.2723369,-106.5684509,1537.6,23059.0,7.960,125,93,152
2026-07-25T13:44:11Z,35.2723860,-106.5684150,1537.6,23066.8,7.920,125,93,155
2026-07-25T13:44:12Z,35.2724460,-106.5683710,1537.6,23075.0,7.960,126,93,164
2026-07-25T13:44:13Z,35.2725180,-106.5683180,1537.6,23082.7,7.900,126,93,154
2026-07-25T13:44:14Z,35.2725799,-106.5682760,1537.4,23090.5,7.880,126,93,161
2026-07-25T13:44:15Z,35.2726419,-106.5682359,1537.4,23098.4,7.880,125,93,160
2026-07-25T13:44:16Z,35.2726910,-106.5682020,1537.4,23106.2,7.880,125,93,156
2026-07-25T13:44:17Z,35.2727510,-106.5681580,1537.4,23114.0,7.800,125,92,164
2026-07-25T13:44:18Z,35.2728249,-106.5681069,1537.4,23121.9,7.840,125,92,168
2026-07-25T13:44:19Z,35.2728869,-106.5680659,1537.4,23129.8,7.860,125,93,167
2026-07-25T13:44:20Z,35.2729370,-106.5680330,1537.4,23137.6,7.840,124,92,166
2026-07-25T13:44:21Z,35.2729989,-106.5679919,1537.2,23145.4,7.840,124,92,170
2026-07-25T13:44:22Z,35.2730729,-106.5679410,1537.2,23153.3,7.860,124,92,160
2026-07-25T13:44:23Z,35.2731340,-106.5678990,1537.2,23161.0,7.820,124,93,171
2026-07-25T13:44:24Z,35.2731960,-106.5678580,1537.2,23168.8,7.800,124,93,181
2026-07-25T13:44:25Z,35.2732449,-106.5678260,1537.2,23176.9,7.860,124,93,181
2026-07-25T13:44:26Z,35.2733070,-106.5677840,1537.2,23184.7,7.860,124,93,167
2026-07-25T13:44:27Z,35.2733820,-106.5677329,1537.2,23192.6,7.860,124,93,178
2026-07-25T13:44:28Z,35.2734439,-106.5676919,1537.0,23200.6,7.920,124,93,176
2026-07-25T13:44:29Z,35.2734930,-106.5676590,1537.0,23208.4,7.920,124,93,191
2026-07-25T13:44:30Z,35.2735550,-106.5676179,1537.0,23216.3,7.880,124,93,182
2026-07-25T13:44:31Z,35.2736290,-106.5675700,1537.0,23224.3,7.920,125,93,177
2026-07-25T13:44:32Z,35.2736919,-106.5675290,1537.0,23232.1,7.900,125,93,227
2026-07-25T13:44:33Z,35.2737530,-106.5674870,1537.0,23240.1,7.900,124,94,199
2026-07-25T13:44:34Z,35.2738039,-106.5674510,1537.0,23248.1,7.940,124,93,170
2026-07-25T13:44:35Z,35.2738670,-106.5674090,1537.0,23256.0,7.940,125,93,163
2026-07-25T13:44:36Z,35.2739420,-106.5673599,1537.0,23263.8,7.900,125,93,156
2026-07-25T13:44:37Z,35.2740049,-106.5673189,1537.0,23271.6,7.900,125,93,156
2026-07-25T13:44:38Z,35.2740659,-106.5672780,1537.0,23279.6,7.900,125,92,163
2026-07-25T13:44:39Z,35.2741150,-106.5672439,1537.0,23287.4,7.860,125,92,174
2026-07-25T13:44:40Z,35.2741750,-106.5671999,1537.2,23295.1,7.820,125,92,163
2026-07-25T13:44:41Z,35.2742479,-106.5671469,1537.2,23303.0,7.840,126,92,160
2026-07-25T13:44:42Z,35.2743089,-106.5671039,1537.2,23310.8,7.840,126,92,156
2026-07-25T13:44:43Z,35.2743570,-106.5670690,1537.2,23318.8,7.840,126,92,169
2026-07-25T13:44:44Z,35.2744180,-106.5670279,1537.2,23326.6,7.840,126,91,176
2026-07-25T13:44:45Z,35.2744910,-106.5669790,1537.2,23334.4,7.860,126,91,200
2026-07-25T13:44:46Z,35.2745529,-106.5669380,1537.2,23342.1,7.820,126,92,182
2026-07-25T13:44:47Z,35.2746130,-106.5668970,1537.2,23349.9,7.820,126,91,180
2026-07-25T13:44:48Z,35.2746630,-106.5668640,1537.2,23357.7,7.780,126,91,175
2026-07-25T13:44:49Z,35.2747239,-106.5668240,1537.2,23365.3,7.740,126,91,172
2026-07-25T13:44:50Z,35.2747959,-106.5667750,1537.2,23373.2,7.760,126,91,165
2026-07-25T13:44:51Z,35.2748569,-106.5667350,1537.2,23380.9,7.760,126,91,161
2026-07-25T13:44:52Z,35.2749180,-106.5666930,1537.2,23388.7,7.760,126,91,166
2026-07-25T13:44:53Z,35.2749660,-106.5666579,1537.2,23396.6,7.780,126,91,171
2026-07-25T13:44:54Z,35.2750249,-106.5666139,1537.2,23404.5,7.840,126,91,163
2026-07-25T13:44:55Z,35.2750969,-106.5665620,1537.2,23412.1,7.780,126,91,177
2026-07-25T13:44:56Z,35.2751589,-106.5665230,1537.2,23420.0,7.820,126,91,185
2026-07-25T13:44:57Z,35.2752080,-106.5664890,1537.2,23427.8,7.820,126,92,186
2026-07-25T13:44:58Z,35.2752680,-106.5664450,1537.2,23435.5,7.780,126,92,184
2026-07-25T13:44:59Z,35.2753400,-106.5663930,1537.2,23443.2,7.740,126,92,181
2026-07-25T13:45:00Z,35.2753999,-106.5663500,1537.2,23451.2,7.820,126,92,171
2026-07-25T13:45:01Z,35.2754620,-106.5663079,1537.2,23458.9,7.780,126,92,191
2026-07-25T13:45:02Z,35.2755110,-106.5662730,1537.2,23466.6,7.760,126,93,172
2026-07-25T13:45:03Z,35.2755729,-106.5662320,1537.2,23474.5,7.800,126,93,188
2026-07-25T13:45:04Z,35.2756360,-106.5661920,1537.2,23482.3,7.820,126,93,186
2026-07-25T13:45:05Z,35.2757090,-106.5661409,1537.2,23490.1,7.780,126,93,186
2026-07-25T13:45:06Z,35.2757579,-106.5661079,1537.2,23497.9,7.800,127,93,171
2026-07-25T13:45:07Z,35.2758210,-106.5660659,1537.0,23505.7,7.820,127,92,171
2026-07-25T13:45:08Z,35.2758940,-106.5660140,1537.0,23513.4,7.780,127,92,174
2026-07-25T13:45:09Z,35.2759560,-106.5659730,1537.0,23521.3,7.800,127,92,188
2026-07-25T13:45:10Z,35.2760179,-106.5659330,1536.8,23529.2,7.820,127,92,182
2026-07-25T13:45:11Z,35.2760660,-106.5658990,1536.8,23536.9,7.800,127,91,179
2026-07-25T13:45:12Z,35.2761270,-106.5658580,1536.8,23544.8,7.820,127,91,201
2026-07-25T13:45:13Z,35.2762000,-106.5658110,1536.8,23552.7,7.860,127,91,201
2026-07-25T13:45:14Z,35.2762469,-106.5657779,1536.8,23560.4,7.820,127,91,193
2026-07-25T13:45:15Z,35.2763199,-106.5657270,1536.6,23568.2,7.800,127,91,186
2026-07-25T13:45:16Z,35.2763690,-106.5656949,1536.6,23576.1,7.840,127,91,203
2026-07-25T13:45:17Z,35.2764300,-106.5656530,1536.6,23583.8,7.800,127,92,193
2026-07-25T13:45:18Z,35.2764910,-106.5656110,1536.6,23591.7,7.800,127,92,190
2026-07-25T13:45:19Z,35.2765649,-106.5655599,1536.6,23599.5,7.820,127,92,190
2026-07-25T13:45:20Z,35.2766259,-106.5655179,1536.6,23607.4,7.840,127,92,195
2026-07-25T13:45:21Z,35.2766750,-106.5654840,1536.6,23615.2,7.820,127,92,195
2026-07-25T13:45:22Z,35.2767359,-106.5654410,1536.6,23623.1,7.860,128,92,198
2026-07-25T13:45:23Z,35.2768089,-106.5653919,1536.6,23630.9,7.840,128,92,184
2026-07-25T13:45:24Z,35.2768710,-106.5653499,1536.6,23638.7,7.840,128,92,204
2026-07-25T13:45:25Z,35.2769200,-106.5653179,1536.4,23646.7,7.860,128,92,194
2026-07-25T13:45:26Z,35.2769819,-106.5652769,1536.4,23654.7,7.900,128,93,187
2026-07-25T13:45:27Z,35.2770559,-106.5652270,1536.4,23662.8,7.940,128,93,181
2026-07-25T13:45:28Z,35.2771190,-106.5651860,1536.4,23670.5,7.920,128,93,179
2026-07-25T13:45:29Z,35.2771819,-106.5651449,1536.4,23678.4,7.940,129,94,174
2026-07-25T13:45:30Z,35.2772320,-106.5651110,1536.4,23686.5,7.960,129,94,189
2026-07-25T13:45:31Z,35.2772940,-106.5650690,1536.4,23694.5,7.960,129,94,189
2026-07-25T13:45:32Z,35.2773689,-106.5650189,1536.4,23702.5,7.940,129,94,202
2026-07-25T13:45:33Z,35.2774320,-106.5649770,1536.4,23710.5,8.000,129,94,179
2026-07-25T13:45:34Z,35.2774950,-106.5649360,1536.2,23718.4,8.000,129,93,199
2026-07-25T13:45:35Z,35.2775449,-106.5649050,1536.2,23726.3,7.960,129,93,184
2026-07-25T13:45:36Z,35.2776090,-106.5648650,1536.2,23734.4,7.980,129,93,213
2026-07-25T13:45:37Z,35.2776830,-106.5648159,1536.2,23742.1,7.920,130,93,219
2026-07-25T13:45:38Z,35.2777439,-106.5647719,1536.2,23749.8,7.860,129,93,189
2026-07-25T13:45:39Z,35.2778060,-106.5647299,1536.2,23757.6,7.840,129,93,166
2026-07-25T13:45:40Z,35.2778560,-106.5646960,1536.2,23765.3,7.800,130,92,157
2026-07-25T13:45:41Z,35.2779290,-106.5646470,1536.0,23773.0,7.720,130,92,184
2026-07-25T13:45:42Z,35.2779909,-106.5646050,1536.2,23780.8,7.740,130,92,204
2026-07-25T13:45:43Z,35.2780499,-106.5645620,1536.0,23788.7,7.780,130,92,196
2026-07-25T13:45:44Z,35.2780980,-106.5645279,1536.2,23796.5,7.780,129,92,196
2026-07-25T13:45:45Z,35.2781599,-106.5644849,1536.2,23804.4,7.820,129,93,196
2026-07-25T13:45:46Z,35.2782329,-106.5644330,1536.2,23812.2,7.840,129,93,202
2026-07-25T13:45:47Z,35.2782950,-106.5643910,1536.2,23820.0,7.840,130,93,194
2026-07-25T13:45:48Z,35.2783450,-106.5643569,1536.2,23828.1,7.880,129,93,197
2026-07-25T13:45:49Z,35.2784059,-106.5643139,1536.4,23835.9,7.880,129,93,210
2026-07-25T13:45:50Z,35.2784809,-106.5642650,1536.4,23843.8,7.880,129,93,204
2026-07-25T13:45:51Z,35.2785430,-106.5642249,1536.4,23851.5,7.860,130,93,193
2026-07-25T13:45:52Z,35.2786059,-106.5641829,1536.4,23859.6,7.920,130,93,195
2026-07-25T13:45:53Z,35.2786690,-106.5641409,1536.4,23867.4,7.860,130,93,189
2026-07-25T13:45:54Z,35.2787190,-106.5641070,1536.4,23875.1,7.840,130,93,192
2026-07-25T13:45:55Z,35.2787929,-106.5640549,1536.4,23883.0,7.840,130,93,180
2026-07-25T13:45:56Z,35.2788529,-106.5640119,1536.4,23890.8,7.860,130,93,202
2026-07-25T13:45:57Z,35.2789030,-106.5639770,1536.4,23898.7,7.820,130,93,190
2026-07-25T13:45:58Z,35.2789649,-106.5639369,1536.4,23906.5,7.820,131,92,193
2026-07-25T13:45:59Z,35.2790259,-106.5638949,1536.4,23914.3,7.840,131,92,185
2026-07-25T13:46:00Z,35.2790979,-106.5638460,1536.2,23922.0,7.800,131,92,191
2026-07-25T13:46:01Z,35.2791600,-106.5638050,1536.2,23929.7,7.780,131,92,194
2026-07-25T13:46:02Z,35.2792200,-106.5637639,1536.2,23937.3,7.720,131,92,197
2026-07-25T13:46:03Z,35.2792679,-106.5637300,1536.2,23945.0,7.700,131,92,206
2026-07-25T13:46:04Z,35.2793269,-106.5636870,1536.2,23952.7,7.680,131,92,199
2026-07-25T13:46:05Z,35.2793989,-106.5636349,1536.2,23960.3,7.660,131,92,188
2026-07-25T13:46:06Z,35.2794600,-106.5635939,1536.2,23968.1,7.680,131,92,178
2026-07-25T13:46:07Z,35.2795090,-106.5635619,1536.2,23975.8,7.700,131,91,179
2026-07-25T13:46:08Z,35.2795709,-106.5635209,1536.4,23983.7,7.740,131,91,193
2026-07-25T13:46:09Z,35.2796439,-106.5634690,1536.4,23991.5,7.760,131,92,193
2026-07-25T13:46:10Z,35.2797040,-106.5634250,1536.4,23999.3,7.800,131,92,188
2026-07-25T13:46:11Z,35.2797650,-106.5633840,1536.4,24007.0,7.780,131,92,196
2026-07-25T13:46:12Z,35.2798139,-106.5633509,1536.4,24014.7,7.780,131,92,196
2026-07-25T13:46:13Z,35.2798739,-106.5633090,1536.4,24022.3,7.720,131,91,184
2026-07-25T13:46:14Z,35.2799469,-106.5632580,1536.4,24029.9,7.680,131,91,195
2026-07-25T13:46:15Z,35.2800090,-106.5632179,1536.4,24037.5,7.640,131,91,191
2026-07-25T13:46:16Z,35.2800710,-106.5631779,1536.4,24045.0,7.600,131,91,183
2026-07-25T13:46:17Z,35.2801199,-106.5631449,1536.4,24052.7,7.600,131,90,187
2026-07-25T13:46:18Z,35.2801790,-106.5631039,1536.6,24060.2,7.580,131,90,192
2026-07-25T13:46:19Z,35.2802390,-106.5630650,1536.6,24067.9,7.600,131,90,241
2026-07-25T13:46:20Z,35.2803120,-106.5630179,1536.6,24075.7,7.640,131,91,226
2026-07-25T13:46:21Z,35.2803619,-106.5629859,1536.6,24083.4,7.680,131,91,219
2026-07-25T13:46:22Z,35.2804230,-106.5629479,1536.6,24091.0,7.660,131,91,169
2026-07-25T13:46:23Z,35.2804929,-106.5628980,1536.6,24098.7,7.700,131,90,171
2026-07-25T13:46:24Z,35.2805509,-106.5628550,1536.6,24106.1,7.640,131,90,166
2026-07-25T13:46:25Z,35.2806100,-106.5628130,1536.6,24113.7,7.600,131,90,173
2026-07-25T13:46:26Z,35.2806570,-106.5627790,1536.6,24121.2,7.560,131,89,173
2026-07-25T13:46:27Z,35.2807170,-106.5627390,1536.6,24128.7,7.540,131,89,189
2026-07-25T13:46:28Z,35.2807890,-106.5626920,1536.6,24136.2,7.500,131,89,190
2026-07-25T13:46:29Z,35.2808480,-106.5626510,1536.6,24143.8,7.540,131,89,193
2026-07-25T13:46:30Z,35.2809060,-106.5626100,1536.6,24151.3,7.520,131,89,193
2026-07-25T13:46:31Z,35.2809539,-106.5625770,1536.8,24158.8,7.520,131,89,198
2026-07-25T13:46:32Z,35.2810259,-106.5625320,1536.8,24166.5,7.560,131,89,209
2026-07-25T13:46:33Z,35.2810860,-106.5624930,1536.8,24173.9,7.540,131,89,207
2026-07-25T13:46:34Z,35.2811450,-106.5624510,1536.8,24181.4,7.520,131,90,215
2026-07-25T13:46:35Z,35.2811930,-106.5624170,1536.8,24189.2,7.580,131,90,220
2026-07-25T13:46:36Z,35.2812519,-106.5623760,1536.8,24196.8,7.600,131,91,219
2026-07-25T13:46:37Z,35.2813249,-106.5623259,1537.0,24204.6,7.620,131,91,178
2026-07-25T13:46:38Z,35.2813730,-106.5622940,1537.0,24212.4,7.700,131,91,160
2026-07-25T13:46:39Z,35.2814330,-106.5622510,1537.0,24220.1,7.740,131,91,174
2026-07-25T13:46:40Z,35.2814930,-106.5622099,1537.0,24227.8,7.720,131,91,181
2026-07-25T13:46:41Z,35.2815539,-106.5621679,1537.0,24235.5,7.740,131,91,188
2026-07-25T13:46:42Z,35.2816269,-106.5621180,1537.0,24243.2,7.720,131,91,192
2026-07-25T13:46:43Z,35.2816879,-106.5620780,1537.0,24250.8,7.680,131,90,192
2026-07-25T13:46:44Z,35.2817480,-106.5620389,1537.0,24258.4,7.660,131,90,199
2026-07-25T13:46:45Z,35.2817960,-106.5620079,1537.0,24266.1,7.660,131,91,194
2026-07-25T13:46:46Z,35.2818569,-106.5619679,1537.0,24273.7,7.640,131,91,184
2026-07-25T13:46:47Z,35.2819299,-106.5619170,1536.8,24281.4,7.640,131,91,194
2026-07-25T13:46:48Z,35.2819899,-106.5618730,1536.8,24289.2,7.680,131,92,210
2026-07-25T13:46:49Z,35.2820380,-106.5618389,1536.8,24297.0,7.720,131,92,197
2026-07-25T13:46:50Z,35.2820980,-106.5617980,1536.8,24304.9,7.760,130,91,191
2026-07-25T13:46:51Z,35.2821710,-106.5617489,1536.8,24312.5,7.760,130,92,207
2026-07-25T13:46:52Z,35.2822339,-106.5617089,1536.8,24320.3,7.780,130,92,205
2026-07-25T13:46:53Z,35.2822970,-106.5616690,1536.8,24328.1,7.780,131,92,182
2026-07-25T13:46:54Z,35.2823459,-106.5616359,1536.8,24336.2,7.840,131,93,181
2026-07-25T13:46:55Z,35.2824059,-106.5615919,1536.8,24343.9,7.800,131,93,175
2026-07-25T13:46:56Z,35.2824800,-106.5615400,1536.8,24351.7,7.840,131,93,180
2026-07-25T13:46:57Z,35.2825410,-106.5614980,1537.0,24359.7,7.880,131,92,187
2026-07-25T13:46:58Z,35.2826030,-106.5614560,1537.0,24367.4,7.860,131,93,199
2026-07-25T13:46:59Z,35.2826530,-106.5614239,1537.0,24375.3,7.820,131,93,198
2026-07-25T13:47:00Z,35.2827140,-106.5613810,1537.2,24383.1,7.840,131,93,194
2026-07-25T13:47:01Z,35.2827890,-106.5613300,1537.2,24391.0,7.860,131,93,194
2026-07-25T13:47:02Z,35.2828499,-106.5612880,1537.2,24398.8,7.820,131,93,195
2026-07-25T13:47:03Z,35.2829000,-106.5612550,1537.2,24406.8,7.880,132,93,193
2026-07-25T13:47:04Z,35.2829610,-106.5612130,1537.2,24414.6,7.860,132,93,196
2026-07-25T13:47:05Z,35.2830359,-106.5611629,1537.4,24422.4,7.860,132,93,188
2026-07-25T13:47:06Z,35.2830969,-106.5611209,1537.4,24430.2,7.840,132,93,197
2026-07-25T13:47:07Z,35.2831590,-106.5610790,1537.4,24438.0,7.840,132,93,221
2026-07-25T13:47:08Z,35.2832079,-106.5610449,1537.4,24445.8,7.800,132,93,205
2026-07-25T13:47:09Z,35.2832710,-106.5610029,1537.4,24453.8,7.840,132,94,190
2026-07-25T13:47:10Z,35.2833450,-106.5609520,1537.4,24461.5,7.820,132,94,178
2026-07-25T13:47:11Z,35.2834070,-106.5609100,1537.4,24469.4,7.840,131,94,182
2026-07-25T13:47:12Z,35.2834699,-106.5608680,1537.4,24477.4,7.880,131,94,183
2026-07-25T13:47:13Z,35.2835190,-106.5608339,1537.4,24485.1,7.860,131,94,186
2026-07-25T13:47:14Z,35.2835940,-106.5607830,1537.4,24493.1,7.860,131,94,183
2026-07-25T13:47:15Z,35.2836569,-106.5607420,1537.4,24501.1,7.920,131,93,186
2026-07-25T13:47:16Z,35.2837210,-106.5607019,1537.4,24508.9,7.900,130,93,183
2026-07-25T13:47:17Z,35.2837719,-106.5606709,1537.2,24516.7,7.860,130,93,179
2026-07-25T13:47:18Z,35.2838350,-106.5606309,1537.2,24524.5,7.880,130,92,176
2026-07-25T13:47:19Z,35.2839090,-106.5605810,1537.2,24532.3,7.840,130,92,174
2026-07-25T13:47:20Z,35.2839579,-106.5605470,1537.2,24540.1,7.800,130,92,161
2026-07-25T13:47:21Z,35.2840299,-106.5604930,1537.2,24547.7,7.760,130,92,211
2026-07-25T13:47:22Z,35.2840780,-106.5604579,1537.2,24555.4,7.740,130,91,171
2026-07-25T13:47:23Z,35.2841390,-106.5604159,1537.2,24563.2,7.740,130,91,197
2026-07-25T13:47:24Z,35.2841999,-106.5603770,1537.2,24570.8,7.700,130,91,198
2026-07-25T13:47:25Z,35.2842729,-106.5603309,1537.2,24578.4,7.660,130,91,198
2026-07-25T13:47:26Z,35.2843329,-106.5602920,1537.2,24586.1,7.680,130,91,203
2026-07-25T13:47:27Z,35.2843820,-106.5602600,1537.2,24593.7,7.660,129,91,206
2026-07-25T13:47:28Z,35.2844420,-106.5602210,1537.2,24601.3,7.620,130,90,206
2026-07-25T13:47:29Z,35.2845150,-106.5601730,1537.2,24608.9,7.620,130,90,210
2026-07-25T13:47:30Z,35.2845739,-106.5601320,1537.2,24616.5,7.620,129,90,201
2026-07-25T13:47:31Z,35.2846339,-106.5600910,1537.2,24624.1,7.600,130,89,198
2026-07-25T13:47:32Z,35.2846820,-106.5600580,1537.2,24631.7,7.600,130,89,210
2026-07-25T13:47:33Z,35.2847420,-106.5600190,1537.2,24639.0,7.540,130,88,178
2026-07-25T13:47:34Z,35.2848130,-106.5599730,1537.2,24646.5,7.520,130,88,215
2026-07-25T13:47:35Z,35.2848720,-106.5599320,1537.2,24654.0,7.500,130,88,215
2026-07-25T13:47:36Z,35.2849300,-106.5598910,1537.2,24661.5,7.480,131,88,235
2026-07-25T13:47:37Z,35.2849769,-106.5598570,1537.2,24668.8,7.420,131,88,194
2026-07-25T13:47:38Z,35.2850460,-106.5598070,1537.2,24676.3,7.460,131,88,175
2026-07-25T13:47:39Z,35.2851050,-106.5597679,1537.2,24683.4,7.380,131,87,175
2026-07-25T13:47:40Z,35.2851519,-106.5597379,1537.4,24690.6,7.320,131,86,175
2026-07-25T13:47:41Z,35.2852099,-106.5597010,1537.4,24697.9,7.280,131,85,177
2026-07-25T13:47:42Z,35.2852679,-106.5596639,1537.4,24705.1,7.260,131,86,187
2026-07-25T13:47:43Z,35.2853340,-106.5596160,1537.6,24712.5,7.240,131,86,185
2026-07-25T13:47:44Z,35.2853910,-106.5595730,1537.6,24719.9,7.300,131,86,191
2026-07-25T13:47:45Z,35.2854470,-106.5595300,1537.8,24727.3,7.340,131,87,209
2026-07-25T13:47:46Z,35.2854939,-106.5594970,1537.8,24734.6,7.340,131,87,203
2026-07-25T13:47:47Z,35.2855519,-106.5594580,1538.0,24742.0,7.380,132,87,191
2026-07-25T13:47:48Z,35.2856220,-106.5594099,1538.0,24749.3,7.360,132,87,183
2026-07-25T13:47:49Z,35.2856790,-106.5593700,1538.0,24756.8,7.380,132,87,172
2026-07-25T13:47:50Z,35.2857360,-106.5593300,1538.0,24764.2,7.380,132,87,196
2026-07-25T13:47:51Z,35.2857829,-106.5592990,1538.2,24771.6,7.400,131,87,190
2026-07-25T13:47:52Z,35.2858530,-106.5592519,1538.2,24779.1,7.420,132,88,192
2026-07-25T13:47:53Z,35.2859119,-106.5592150,1538.2,24786.4,7.420,131,88,199
2026-07-25T13:47:54Z,35.2859719,-106.5591769,1538.4,24793.9,7.420,131,88,200
2026-07-25T13:47:55Z,35.2860190,-106.5591459,1538.4,24801.3,7.420,131,89,181
2026-07-25T13:47:56Z,35.2860760,-106.5591049,1538.4,24808.8,7.440,131,89,177
2026-07-25T13:47:57Z,35.2861459,-106.5590560,1538.4,24816.4,7.460,131,89,184
2026-07-25T13:47:58Z,35.2862019,-106.5590140,1538.4,24823.9,7.500,131,89,180
2026-07-25T13:47:59Z,35.2862609,-106.5589730,1538.6,24831.5,7.520,131,89,179
2026-07-25T13:48:00Z,35.2863080,-106.5589410,1538.6,24839.1,7.560,131,90,178
2026-07-25T13:48:01Z,35.2863800,-106.5588940,1538.6,24846.7,7.580,131,90,179
2026-07-25T13:48:02Z,35.2864410,-106.5588530,1538.6,24854.3,7.580,130,90,183
2026-07-25T13:48:03Z,35.2865019,-106.5588130,1538.6,24861.9,7.600,130,90,188
2026-07-25T13:48:04Z,35.2865500,-106.5587820,1538.6,24869.4,7.580,130,91,188
2026-07-25T13:48:05Z,35.2866120,-106.5587430,1538.6,24876.9,7.560,130,91,173
2026-07-25T13:48:06Z,35.2866840,-106.5586930,1538.6,24884.8,7.620,130,91,230
2026-07-25T13:48:07Z,35.2867449,-106.5586510,1538.6,24892.6,7.660,130,92,212
2026-07-25T13:48:08Z,35.2868059,-106.5586090,1538.6,24900.5,7.720,130,92,168
2026-07-25T13:48:09Z,35.2868550,-106.5585759,1538.6,24908.2,7.760,130,92,163
2026-07-25T13:48:10Z,35.2869179,-106.5585360,1538.6,24916.0,7.820,130,93,158
2026-07-25T13:48:11Z,35.2869939,-106.5584879,1538.6,24923.9,7.820,129,93,167
2026-07-25T13:48:12Z,35.2870570,-106.5584459,1538.6,24931.6,7.800,129,92,161
2026-07-25T13:48:13Z,35.2871180,-106.5584040,1538.6,24939.4,7.780,129,92,166
2026-07-25T13:48:14Z,35.2871680,-106.5583699,1538.4,24947.2,7.800,129,92,156
2026-07-25T13:48:15Z,35.2872280,-106.5583269,1538.4,24954.7,7.740,129,92,172
2026-07-25T13:48:16Z,35.2872880,-106.5582849,1538.4,24962.2,7.660,129,91,172
2026-07-25T13:48:17Z,35.2873630,-106.5582370,1538.2,24969.9,7.660,129,90,192
2026-07-25T13:48:18Z,35.2874109,-106.5582050,1538.2,24977.4,7.600,129,90,185
2026-07-25T13:48:19Z,35.2874689,-106.5581650,1538.2,24985.0,7.560,129,90,168
2026-07-25T13:48:20Z,35.2875369,-106.5581149,1538.0,24992.4,7.540,129,89,169
2026-07-25T13:48:21Z,35.2875969,-106.5580729,1538.0,24999.9,7.540,129,89,184
2026-07-25T13:48:22Z,35.2876549,-106.5580320,1538.0,25007.4,7.500,129,88,190
2026-07-25T13:48:23Z,35.2877020,-106.5580009,1538.0,25015.0,7.520,129,88,187
2026-07-25T13:48:24Z,35.2877610,-106.5579620,1537.8,25022.4,7.480,129,88,174
2026-07-25T13:48:25Z,35.2878330,-106.5579149,1537.8,25029.8,7.480,129,88,174
2026-07-25T13:48:26Z,35.2878920,-106.5578720,1537.8,25037.4,7.500,129,88,174
2026-07-25T13:48:27Z,35.2879510,-106.5578300,1537.8,25044.7,7.460,130,88,178
2026-07-25T13:48:28Z,35.2879989,-106.5577989,1537.8,25052.2,7.440,130,88,176
2026-07-25T13:48:29Z,35.2880579,-106.5577620,1537.8,25059.7,7.460,130,88,177
2026-07-25T13:48:30Z,35.2881170,-106.5577239,1538.0,25067.1,7.460,130,88,185
2026-07-25T13:48:31Z,35.2881890,-106.5576799,1538.0,25074.4,7.400,130,88,182
2026-07-25T13:48:32Z,35.2882350,-106.5576480,1538.2,25082.0,7.460,130,88,178
2026-07-25T13:48:33Z,35.2882930,-106.5576060,1538.2,25089.4,7.440,130,88,192
2026-07-25T13:48:34Z,35.2883640,-106.5575580,1538.2,25096.7,7.400,129,88,178
2026-07-25T13:48:35Z,35.2884220,-106.5575180,1538.2,25104.2,7.420,130,88,187
2026-07-25T13:48:36Z,35.2884800,-106.5574779,1538.2,25111.6,7.440,130,88,188
2026-07-25T13:48:37Z,35.2885260,-106.5574450,1538.2,25119.1,7.420,129,88,189
2026-07-25T13:48:38Z,35.2885830,-106.5574040,1538.0,25126.7,7.460,129,88,194
2026-07-25T13:48:39Z,35.2886520,-106.5573560,1538.0,25134.0,7.460,129,88,189
2026-07-25T13:48:40Z,35.2887100,-106.5573170,1538.0,25141.4,7.440,129,88,207
2026-07-25T13:48:41Z,35.2887580,-106.5572860,1537.8,25148.7,7.420,129,87,215
2026-07-25T13:48:42Z,35.2888159,-106.5572479,1537.8,25156.2,7.420,129,87,209
2026-07-25T13:48:43Z,35.2888860,-106.5572040,1537.8,25163.5,7.360,129,86,192
2026-07-25T13:48:44Z,35.2889440,-106.5571659,1537.8,25170.8,7.360,129,86,186
2026-07-25T13:48:45Z,35.2890000,-106.5571270,1537.8,25178.0,7.320,129,86,189
2026-07-25T13:48:46Z,35.2890440,-106.5570929,1537.8,25185.5,7.360,129,86,187
2026-07-25T13:48:47Z,35.2890990,-106.5570499,1537.8,25193.0,7.360,129,86,201
2026-07-25T13:48:48Z,35.2891649,-106.5570010,1537.8,25200.3,7.360,129,86,200
2026-07-25T13:48:49Z,35.2892219,-106.5569619,1537.8,25207.5,7.340,130,86,185
2026-07-25T13:48:50Z,35.2892799,-106.5569240,1537.8,25214.5,7.300,129,85,180
2026-07-25T13:48:51Z,35.2893369,-106.5568870,1537.8,25221.7,7.240,129,84,186
2026-07-25T13:48:52Z,35.2893819,-106.5568570,1537.8,25228.6,7.120,129,83,183
2026-07-25T13:48:53Z,35.2894480,-106.5568110,1537.8,25235.6,7.060,129,83,194
2026-07-25T13:48:54Z,35.2895020,-106.5567739,1537.8,25242.6,7.020,129,83,194
2026-07-25T13:48:55Z,35.2895460,-106.5567459,1537.6,25249.5,7.000,129,83,194
2026-07-25T13:48:56Z,35.2896010,-106.5567080,1537.6,25256.5,6.960,129,95,191
2026-07-25T13:48:57Z,35.2896659,-106.5566619,1537.6,25263.6,7.000,129,98,195
2026-07-25T13:48:58Z,35.2897210,-106.5566250,1537.6,25270.4,6.960,129,98,185
2026-07-25T13:48:59Z,35.2897760,-106.5565899,1537.6,25277.3,6.940,129,97,181
2026-07-25T13:49:00Z,35.2898200,-106.5565609,1537.6,25284.1,6.920,129,96,166
2026-07-25T13:49:01Z,35.2898730,-106.5565230,1537.6,25291.0,6.900,129,96,166
2026-07-25T13:49:02Z,35.2899360,-106.5564780,1537.8,25297.8,6.840,129,97,171
2026-07-25T13:49:03Z,35.2899910,-106.5564420,1537.8,25304.7,6.860,129,97,172
2026-07-25T13:49:04Z,35.2900450,-106.5564050,1537.8,25311.5,6.840,129,97,159
2026-07-25T13:49:05Z,35.2900890,-106.5563770,1538.0,25318.3,6.840,128,96,169
2026-07-25T13:49:06Z,35.2901429,-106.5563410,1538.0,25325.2,6.840,128,96,169
2026-07-25T13:49:07Z,35.2902070,-106.5562980,1538.0,25331.8,6.800,128,96,180
2026-07-25T13:49:08Z,35.2902610,-106.5562599,1538.0,25338.5,6.760,128,96,179
2026-07-25T13:49:09Z,35.2903149,-106.5562260,1538.2,25345.2,6.740,129,96,184
2026-07-25T13:49:10Z,35.2903579,-106.5561970,1538.2,25351.9,6.720,129,96,168
2026-07-25T13:49:11Z,35.2904240,-106.5561559,1538.2,25358.6,6.680,129,96,181
2026-07-25T13:49:12Z,35.2904780,-106.5561210,1538.2,25365.5,6.740,129,97,173
2026-07-25T13:49:13Z,35.2905330,-106.5560839,1538.2,25372.3,6.760,129,96,166
2026-07-25T13:49:14Z,35.2905770,-106.5560559,1538.4,25379.2,6.800,128,97,179
2026-07-25T13:49:15Z,35.2906309,-106.5560180,1538.4,25386.1,6.840,128,97,175
2026-07-25T13:49:16Z,35.2906960,-106.5559719,1538.4,25393.1,6.900,128,97,177
2026-07-25T13:49:17Z,35.2907500,-106.5559330,1538.4,25400.0,6.900,128,97,181
2026-07-25T13:49:18Z,35.2908029,-106.5558940,1538.4,25406.9,6.920,128,97,174
2026-07-25T13:49:19Z,35.2908459,-106.5558650,1538.6,25413.8,6.920,128,96,173
2026-07-25T13:49:20Z,35.2909000,-106.5558279,1538.6,25420.6,6.900,128,96,172
2026-07-25T13:49:21Z,35.2909650,-106.5557859,1538.6,25427.4,6.860,128,96,178
2026-07-25T13:49:22Z,35.2910199,-106.5557520,1538.6,25434.3,6.860,128,96,169
2026-07-25T13:49:23Z,35.2910639,-106.5557259,1538.6,25441.0,6.820,128,95,176
2026-07-25T13:49:24Z,35.2911179,-106.5556910,1538.6,25447.7,6.780,128,95,170
2026-07-25T13:49:25Z,35.2911710,-106.5556529,1538.6,25454.4,6.760,128,94,168
2026-07-25T13:49:26Z,35.2912250,-106.5556190,1538.6,25461.0,6.720,128,93,166
2026-07-25T13:49:27Z,35.2912779,-106.5555880,1538.6,25467.5,6.640,128,93,146
2026-07-25T13:49:28Z,35.2913300,-106.5555570,1538.6,25473.9,6.580,128,92,178
2026-07-25T13:49:29Z,35.2913840,-106.5555259,1538.6,25480.4,6.540,128,92,159
2026-07-25T13:49:30Z,35.2914369,-106.5554939,1538.6,25486.7,6.460,127,91,147
2026-07-25T13:49:31Z,35.2914890,-106.5554630,1538.6,25492.8,6.360,128,89,137
2026-07-25T13:49:32Z,35.2915369,-106.5554310,1538.6,25498.7,6.240,127,73,159
2026-07-25T13:49:33Z,35.2915860,-106.5554010,1538.6,25505.0,6.220,127,73,235
2026-07-25T13:49:34Z,35.2916349,-106.5553700,1538.6,25511.3,6.180,127,67,235
2026-07-25T13:49:35Z,35.2916840,-106.5553399,1538.6,25517.9,6.240,127,69,249
2026-07-25T13:49:36Z,35.2917359,-106.5553109,1538.6,25524.3,6.300,127,69,222
2026-07-25T13:49:37Z,35.2917990,-106.5552760,1538.6,25530.8,6.420,127,70,254
2026-07-25T13:49:38Z,35.2918420,-106.5552509,1538.6,25537.4,6.480,127,71,306
2026-07-25T13:49:39Z,35.2918959,-106.5552180,1538.8,25544.1,6.560,127,71,279
2026-07-25T13:49:40Z,35.2919620,-106.5551830,1538.8,25550.8,6.580,127,72,257
2026-07-25T13:49:41Z,35.2920070,-106.5551610,1538.8,25557.6,6.660,127,72,226
2026-07-25T13:49:42Z,35.2920740,-106.5551249,1538.8,25564.4,6.720,128,73,226
2026-07-25T13:49:43Z,35.2921170,-106.5550980,1538.8,25571.3,6.780,128,73,259
2026-07-25T13:49:44Z,35.2921730,-106.5550659,1538.8,25578.1,6.800,128,73,190
2026-07-25T13:49:45Z,35.2922409,-106.5550300,1538.8,25584.5,6.740,128,73,0
2026-07-25T13:49:46Z,35.2922960,-106.5550020,1538.8,25590.8,6.640,129,0,0
2026-07-25T13:49:47Z,35.2923500,-106.5549779,1538.8,25596.7,6.460,128,0,0
2026-07-25T13:49:48Z,35.2923920,-106.5549600,1538.8,25602.3,6.200,129,0,0
2026-07-25T13:49:49Z,35.2924500,-106.5549300,1538.8,25607.9,5.960,128,0,0
2026-07-25T13:49:50Z,35.2924970,-106.5549079,1538.8,25613.6,5.820,128,10,10
2026-07-25T13:49:51Z,35.2925459,-106.5548860,1538.8,25619.8,5.800,128,61,336
2026-07-25T13:49:52Z,35.2925869,-106.5548680,1538.8,25626.1,5.880,129,63,344
2026-07-25T13:49:53Z,35.2926390,-106.5548440,1538.8,25632.3,6.000,129,66,329
2026-07-25T13:49:54Z,35.2927050,-106.5548160,1538.8,25638.9,6.200,128,69,317
2026-07-25T13:49:55Z,35.2927609,-106.5547919,1538.8,25645.6,6.400,128,70,298
2026-07-25T13:49:56Z,35.2928159,-106.5547649,1538.8,25652.1,6.460,128,71,323
2026-07-25T13:49:57Z,35.2928719,-106.5547380,1538.8,25658.9,6.560,128,72,283
2026-07-25T13:49:58Z,35.2929169,-106.5547160,1538.8,25665.9,6.720,129,72,271
2026-07-25T13:49:59Z,35.2929850,-106.5546830,1538.8,25672.9,6.800,130,74,291
2026-07-25T13:50:00Z,35.2930439,-106.5546550,1538.6,25679.9,6.860,130,75,278
2026-07-25T13:50:01Z,35.2931019,-106.5546270,1538.6,25687.0,6.980,130,75,251
2026-07-25T13:50:02Z,35.2931489,-106.5546049,1538.4,25694.1,7.040,130,75,233
2026-07-25T13:50:03Z,35.2932189,-106.5545670,1538.6,25701.2,7.060,132,75,215
2026-07-25T13:50:04Z,35.2932759,-106.5545349,1538.6,25708.2,7.060,132,75,196
2026-07-25T13:50:05Z,35.2933339,-106.5545039,1538.6,25715.2,7.060,132,75,188
2026-07-25T13:50:06Z,35.2933820,-106.5544810,1538.6,25722.3,7.060,132,75,184
2026-07-25T13:50:07Z,35.2934420,-106.5544550,1538.6,25729.1,7.000,133,75,185
2026-07-25T13:50:08Z,35.2935130,-106.5544240,1538.6,25735.9,6.940,133,74,187
2026-07-25T13:50:09Z,35.2935710,-106.5543970,1538.8,25742.7,6.900,133,74,188
2026-07-25T13:50:10Z,35.2936180,-106.5543780,1538.8,25749.5,6.860,133,91,179
2026-07-25T13:50:11Z,35.2936779,-106.5543540,1539.0,25756.4,6.820,133,96,169
2026-07-25T13:50:12Z,35.2937359,-106.5543299,1539.0,25763.0,6.780,133,95,164
2026-07-25T13:50:13Z,35.2937949,-106.5543070,1539.0,25769.7,6.760,133,94,160
2026-07-25T13:50:14Z,35.2938630,-106.5542800,1539.2,25776.4,6.740,133,93,178
2026-07-25T13:50:15Z,35.2939200,-106.5542540,1539.2,25783.1,6.720,133,93,179
2026-07-25T13:50:16Z,35.2939649,-106.5542329,1539.2,25789.7,6.660,133,93,170
2026-07-25T13:50:17Z,35.2940210,-106.5542070,1539.2,25796.2,6.640,133,93,176
2026-07-25T13:50:18Z,35.2940890,-106.5541760,1539.2,25802.6,6.580,132,92,171
2026-07-25T13:50:19Z,35.2941440,-106.5541490,1539.2,25809.3,6.580,133,92,174
2026-07-25T13:50:20Z,35.2941979,-106.5541210,1539.2,25815.6,6.500,133,92,174
2026-07-25T13:50:21Z,35.2942419,-106.5540980,1539.2,25822.1,6.480,133,91,181
2026-07-25T13:50:22Z,35.2942940,-106.5540699,1539.2,25828.6,6.480,132,91,182
2026-07-25T13:50:23Z,35.2943590,-106.5540380,1539.2,25835.1,6.500,132,91,193
2026-07-25T13:50:24Z,35.2944139,-106.5540139,1539.2,25841.6,6.460,132,92,200
2026-07-25T13:50:25Z,35.2944579,-106.5539920,1539.2,25848.3,6.540,132,92,181
2026-07-25T13:50:26Z,35.2945139,-106.5539670,1539.2,25854.7,6.520,132,93,177
2026-07-25T13:50:27Z,35.2945800,-106.5539350,1539.4,25861.3,6.540,133,92,182
2026-07-25T13:50:28Z,35.2946350,-106.5539110,1539.4,25867.8,6.540,132,92,187
2026-07-25T13:50:29Z,35.2946910,-106.5538869,1539.4,25874.3,6.540,133,92,188
2026-07-25T13:50:30Z,35.2947360,-106.5538680,1539.4,25880.6,6.460,133,92,185
2026-07-25T13:50:31Z,35.2947930,-106.5538449,1539.2,25887.2,6.500,133,91,165
2026-07-25T13:50:32Z,35.2948589,-106.5538159,1539.2,25893.6,6.460,133,91,181
2026-07-25T13:50:33Z,35.2949130,-106.5537910,1539.2,25900.1,6.460,133,91,181
2026-07-25T13:50:34Z,35.2949680,-106.5537640,1539.2,25906.4,6.420,133,91,171
2026-07-25T13:50:35Z,35.2950110,-106.5537409,1539.2,25912.9,6.460,132,92,179
2026-07-25T13:50:36Z,35.2950650,-106.5537119,1539.2,25919.4,6.440,132,92,169
2026-07-25T13:50:37Z,35.2951299,-106.5536790,1539.2,25925.9,6.460,132,92,169
2026-07-25T13:50:38Z,35.2951850,-106.5536510,1539.2,25932.3,6.440,132,92,166
2026-07-25T13:50:39Z,35.2952299,-106.5536300,1539.2,25938.9,6.500,132,92,171
2026-07-25T13:50:40Z,35.2952840,-106.5536040,1539.2,25945.5,6.520,131,93,177
2026-07-25T13:50:41Z,35.2953520,-106.5535760,1539.2,25952.1,6.540,131,93,180
2026-07-25T13:50:42Z,35.2954079,-106.5535519,1539.2,25958.8,6.580,131,93,179
2026-07-25T13:50:43Z,35.2954649,-106.5535279,1539.2,25965.4,6.620,130,94,182
2026-07-25T13:50:44Z,35.2955090,-106.5535060,1539.2,25972.2,6.660,130,95,167
2026-07-25T13:50:45Z,35.2955659,-106.5534790,1539.2,25979.0,6.700,130,96,177
2026-07-25T13:50:46Z,35.2956240,-106.5534519,1539.2,25985.8,6.740,130,96,166
2026-07-25T13:50:47Z,35.2956939,-106.5534210,1539.2,25992.9,6.820,130,97,160
2026-07-25T13:50:48Z,35.2957410,-106.5534000,1539.2,25999.8,6.880,130,97,187
2026-07-25T13:50:49Z,35.2957990,-106.5533760,1539.2,26006.7,6.900,130,98,187
2026-07-25T13:50:50Z,35.2958690,-106.5533470,1539.0,26013.7,6.940,130,99,153
2026-07-25T13:50:51Z,35.2959290,-106.5533219,1539.0,26020.6,6.960,131,98,182
2026-07-25T13:50:52Z,35.2959760,-106.5533020,1539.0,26027.4,6.900,130,97,156
2026-07-25T13:50:53Z,35.2960350,-106.5532780,1539.0,26034.4,6.920,130,97,145
2026-07-25T13:50:54Z,35.2960949,-106.5532529,1539.0,26041.4,6.940,130,97,161
2026-07-25T13:50:55Z,35.2961669,-106.5532249,1539.0,26048.2,6.900,131,96,156
2026-07-25T13:50:56Z,35.2962140,-106.5532069,1539.0,26055.0,6.880,130,96,167
2026-07-25T13:50:57Z,35.2962829,-106.5531799,1539.0,26061.7,6.860,131,96,168
2026-07-25T13:50:58Z,35.2963279,-106.5531610,1539.0,26068.6,6.840,131,96,164
2026-07-25T13:50:59Z,35.2963859,-106.5531359,1539.0,26075.3,6.780,130,96,170
2026-07-25T13:51:00Z,35.2964559,-106.5531079,1539.0,26082.0,6.760,130,95,180
2026-07-25T13:51:01Z,35.2965129,-106.5530819,1539.0,26088.6,6.720,130,94,178
2026-07-25T13:51:02Z,35.2965699,-106.5530590,1539.0,26095.3,6.720,130,93,160
2026-07-25T13:51:03Z,35.2966149,-106.5530379,1539.0,26102.0,6.680,130,94,151
2026-07-25T13:51:04Z,35.2966709,-106.5530120,1539.0,26108.8,6.700,130,95,142
2026-07-25T13:51:05Z,35.2967380,-106.5529799,1539.0,26115.6,6.720,130,95,148
2026-07-25T13:51:06Z,35.2967950,-106.5529519,1539.0,26122.4,6.760,130,96,148
2026-07-25T13:51:07Z,35.2968510,-106.5529239,1539.0,26129.2,6.780,129,96,146
2026-07-25T13:51:08Z,35.2968950,-106.5529030,1539.0,26136.0,6.800,129,96,151
2026-07-25T13:51:09Z,35.2969520,-106.5528750,1539.0,26142.9,6.820,129,97,161
2026-07-25T13:51:10Z,35.2970200,-106.5528400,1539.0,26149.8,6.840,128,97,155
2026-07-25T13:51:11Z,35.2970780,-106.5528110,1539.0,26156.8,6.880,128,97,151
2026-07-25T13:51:12Z,35.2971240,-106.5527860,1539.0,26163.6,6.880,128,97,152
2026-07-25T13:51:13Z,35.2971800,-106.5527550,1539.0,26170.5,6.900,128,97,148
2026-07-25T13:51:14Z,35.2972459,-106.5527179,1539.0,26177.3,6.880,128,97,157
2026-07-25T13:51:15Z,35.2973039,-106.5526889,1539.0,26184.2,6.880,128,97,167
2026-07-25T13:51:16Z,35.2973609,-106.5526590,1539.0,26191.1,6.860,128,97,159
2026-07-25T13:51:17Z,35.2974069,-106.5526359,1539.0,26198.1,6.900,128,97,159
2026-07-25T13:51:18Z,35.2974639,-106.5526049,1539.2,26205.0,6.900,127,98,160
2026-07-25T13:51:19Z,35.2975329,-106.5525680,1539.2,26212.0,6.940,128,98,175
2026-07-25T13:51:20Z,35.2975909,-106.5525370,1539.2,26219.2,7.000,128,98,173
2026-07-25T13:51:21Z,35.2976509,-106.5525080,1539.2,26226.2,7.020,127,99,166
2026-07-25T13:51:22Z,35.2976970,-106.5524820,1539.2,26233.2,7.020,127,99,172
2026-07-25T13:51:23Z,35.2977560,-106.5524499,1539.2,26240.1,7.020,126,99,180
2026-07-25T13:51:24Z,35.2978140,-106.5524169,1539.2,26247.1,7.020,127,99,167
2026-07-25T13:51:25Z,35.2978820,-106.5523769,1539.2,26254.1,6.980,126,99,171
2026-07-25T13:51:26Z,35.2979280,-106.5523520,1539.2,26261.0,6.960,127,99,168
2026-07-25T13:51:27Z,35.2979850,-106.5523210,1539.2,26268.2,7.000,127,99,168
2026-07-25T13:51:28Z,35.2980550,-106.5522860,1539.4,26275.1,7.000,127,99,166
2026-07-25T13:51:29Z,35.2981140,-106.5522550,1539.4,26282.1,7.000,127,98,186
2026-07-25T13:51:30Z,35.2981720,-106.5522230,1539.4,26289.1,7.000,127,98,171
2026-07-25T13:51:31Z,35.2982300,-106.5521909,1539.4,26296.1,7.020,126,98,168
2026-07-25T13:51:32Z,35.2982750,-106.5521630,1539.4,26302.9,6.940,127,98,187
2026-07-25T13:51:33Z,35.2983310,-106.5521299,1539.4,26309.9,6.960,127,98,180
2026-07-25T13:51:34Z,35.2983989,-106.5520940,1539.4,26316.9,6.960,127,98,180
2026-07-25T13:51:35Z,35.2984450,-106.5520690,1539.4,26323.8,6.940,127,98,175
2026-07-25T13:51:36Z,35.2985030,-106.5520380,1539.2,26330.8,6.940,127,97,184
2026-07-25T13:51:37Z,35.2985620,-106.5520080,1539.2,26337.5,6.920,127,97,196
2026-07-25T13:51:38Z,35.2986300,-106.5519709,1539.2,26344.3,6.880,126,97,199
2026-07-25T13:51:39Z,35.2986849,-106.5519370,1539.2,26351.0,6.820,126,96,179
2026-07-25T13:51:40Z,35.2987279,-106.5519100,1539.2,26357.7,6.780,126,97,205
2026-07-25T13:51:41Z,35.2987819,-106.5518770,1539.2,26364.6,6.760,126,97,180
2026-07-25T13:51:42Z,35.2988500,-106.5518400,1539.2,26371.5,6.800,126,97,180
2026-07-25T13:51:43Z,35.2989080,-106.5518060,1539.2,26378.3,6.800,126,97,182
2026-07-25T13:51:44Z,35.2989630,-106.5517709,1539.2,26385.2,6.840,126,98,180
2026-07-25T13:51:45Z,35.2990080,-106.5517419,1539.2,26392.2,6.900,126,98,185
2026-07-25T13:51:46Z,35.2990620,-106.5517060,1539.2,26399.2,6.920,126,97,185
2026-07-25T13:51:47Z,35.2991270,-106.5516630,1539.2,26405.9,6.880,126,97,190
2026-07-25T13:51:48Z,35.2991810,-106.5516289,1539.2,26412.8,6.900,126,97,189
2026-07-25T13:51:49Z,35.2992370,-106.5515959,1539.2,26419.6,6.880,126,97,176
2026-07-25T13:51:50Z,35.2992790,-106.5515670,1539.4,26426.5,6.860,126,97,182
2026-07-25T13:51:51Z,35.2993439,-106.5515239,1539.4,26433.3,6.820,126,97,178
2026-07-25T13:51:52Z,35.2993980,-106.5514890,1539.4,26440.0,6.820,126,97,183
2026-07-25T13:51:53Z,35.2994540,-106.5514559,1539.4,26447.0,6.840,126,97,173
2026-07-25T13:51:54Z,35.2994990,-106.5514289,1539.4,26453.8,6.840,126,97,194
2026-07-25T13:51:55Z,35.2995560,-106.5513940,1539.4,26460.8,6.860,126,97,185
2026-07-25T13:51:56Z,35.2996240,-106.5513539,1539.4,26467.6,6.860,126,97,181
2026-07-25T13:51:57Z,35.2996789,-106.5513200,1539.4,26474.4,6.880,126,97,188
2026-07-25T13:51:58Z,35.2997349,-106.5512849,1539.4,26481.3,6.860,126,97,188
2026-07-25T13:51:59Z,35.2997799,-106.5512570,1539.6,26488.3,6.900,126,97,191
2026-07-25T13:52:00Z,35.2998359,-106.5512219,1539.6,26495.2,6.880,126,98,192
2026-07-25T13:52:01Z,35.2999020,-106.5511780,1539.6,26502.3,6.940,126,99,204
2026-07-25T13:52:02Z,35.2999580,-106.5511409,1539.6,26509.3,6.980,126,100,207
2026-07-25T13:52:03Z,35.3000049,-106.5511130,1539.6,26516.4,7.020,127,101,208
2026-07-25T13:52:04Z,35.3000619,-106.5510809,1539.6,26523.5,7.040,126,100,195
2026-07-25T13:52:05Z,35.3001330,-106.5510450,1539.6,26530.7,7.100,127,101,193
2026-07-25T13:52:06Z,35.3001929,-106.5510180,1539.6,26537.8,7.100,127,100,195
2026-07-25T13:52:07Z,35.3002550,-106.5509890,1539.8,26544.9,7.120,127,100,208
2026-07-25T13:52:08Z,35.3003040,-106.5509669,1539.8,26552.1,7.140,127,100,203
2026-07-25T13:52:09Z,35.3003649,-106.5509379,1539.8,26559.4,7.180,128,101,193
2026-07-25T13:52:10Z,35.3004359,-106.5509030,1540.0,26566.4,7.140,128,100,178
2026-07-25T13:52:11Z,35.3004949,-106.5508779,1540.0,26573.4,7.120,128,100,167
2026-07-25T13:52:12Z,35.3005549,-106.5508509,1540.0,26580.5,7.120,128,99,163
2026-07-25T13:52:13Z,35.3006030,-106.5508300,1540.0,26587.4,7.060,128,98,166
2026-07-25T13:52:14Z,35.3006720,-106.5507980,1540.2,26594.4,7.000,128,98,174
2026-07-25T13:52:15Z,35.3007300,-106.5507710,1540.2,26601.3,6.980,128,98,164
2026-07-25T13:52:16Z,35.3007870,-106.5507430,1540.2,26608.1,6.940,128,97,164
2026-07-25T13:52:17Z,35.3008340,-106.5507219,1540.2,26614.9,6.880,128,96,184
2026-07-25T13:52:18Z,35.3008920,-106.5506949,1540.2,26621.5,6.820,128,96,165
2026-07-25T13:52:19Z,35.3009500,-106.5506680,1540.2,26628.4,6.800,128,95,161
2026-07-25T13:52:20Z,35.3010190,-106.5506359,1540.0,26635.0,6.740,128,95,168
2026-07-25T13:52:21Z,35.3010770,-106.5506100,1540.0,26641.8,6.740,128,95,181
2026-07-25T13:52:22Z,35.3011230,-106.5505899,1540.0,26648.5,6.720,128,95,174
2026-07-25T13:52:23Z,35.3011790,-106.5505629,1540.0,26655.0,6.700,128,95,165
2026-07-25T13:52:24Z,35.3012459,-106.5505310,1540.0,26661.6,6.640,128,94,165
2026-07-25T13:52:25Z,35.3013019,-106.5505059,1540.0,26668.4,6.680,128,93,157
2026-07-25T13:52:26Z,35.3013589,-106.5504810,1540.0,26674.8,6.600,127,93,162
2026-07-25T13:52:27Z,35.3014039,-106.5504629,1540.0,26681.4,6.580,127,94,177
2026-07-25T13:52:28Z,35.3014589,-106.5504390,1540.0,26688.1,6.620,127,94,169
2026-07-25T13:52:29Z,35.3015280,-106.5504090,1540.2,26694.7,6.620,127,94,177
2026-07-25T13:52:30Z,35.3015860,-106.5503810,1540.2,26701.3,6.580,127,94,168
2026-07-25T13:52:31Z,35.3016309,-106.5503609,1540.2,26707.9,6.620,127,94,157
2026-07-25T13:52:32Z,35.3016889,-106.5503380,1540.2,26714.6,6.640,127,94,160
2026-07-25T13:52:33Z,35.3017560,-106.5503080,1540.6,26721.2,6.620,127,93,161
2026-07-25T13:52:34Z,35.3018120,-106.5502790,1541.0,26727.9,6.640,127,93,176
2026-07-25T13:52:35Z,35.3018660,-106.5502510,1541.2,26734.4,6.620,127,94,183
2026-07-25T13:52:36Z,35.3019120,-106.5502290,1541.4,26741.1,6.640,127,94,173
2026-07-25T13:52:37Z,35.3019649,-106.5502009,1541.4,26747.6,6.600,127,94,170
2026-07-25T13:52:38Z,35.3020290,-106.5501670,1541.4,26754.2,6.600,127,93,176
2026-07-25T13:52:39Z,35.3020860,-106.5501410,1541.4,26760.9,6.600,127,93,173
2026-07-25T13:52:40Z,35.3021450,-106.5501159,1541.4,26767.6,6.640,126,94,173
2026-07-25T13:52:41Z,35.3021909,-106.5500950,1541.4,26774.2,6.620,127,95,178
2026-07-25T13:52:42Z,35.3022470,-106.5500710,1541.4,26780.9,6.660,126,95,169
2026-07-25T13:52:43Z,35.3023160,-106.5500410,1541.4,26787.5,6.660,126,94,191
2026-07-25T13:52:44Z,35.3023740,-106.5500139,1541.4,26794.0,6.620,126,94,176
2026-07-25T13:52:45Z,35.3024200,-106.5499950,1541.4,26800.6,6.600,126,93,160
2026-07-25T13:52:46Z,35.3024760,-106.5499709,1541.4,26807.3,6.620,127,94,179
2026-07-25T13:52:47Z,35.3025450,-106.5499410,1541.2,26813.8,6.580,127,94,170
2026-07-25T13:52:48Z,35.3026030,-106.5499179,1541.2,26820.4,6.580,127,94,167
2026-07-25T13:52:49Z,35.3026610,-106.5498940,1541.4,26827.1,6.620,126,93,166
2026-07-25T13:52:50Z,35.3027060,-106.5498749,1541.4,26833.4,6.560,127,93,173
2026-07-25T13:52:51Z,35.3027620,-106.5498550,1541.6,26839.9,6.520,126,92,173
2026-07-25T13:52:52Z,35.3028290,-106.5498269,1541.6,26846.5,6.540,127,92,185
2026-07-25T13:52:53Z,35.3028859,-106.5498060,1541.6,26852.9,6.500,127,92,188
2026-07-25T13:52:54Z,35.3029320,-106.5497869,1541.4,26859.4,6.460,126,92,187
2026-07-25T13:52:55Z,35.3029869,-106.5497630,1541.2,26866.1,6.540,126,92,185
2026-07-25T13:52:56Z,35.3030530,-106.5497360,1541.0,26872.5,6.520,126,93,181
2026-07-25T13:52:57Z,35.3031080,-106.5497139,1541.0,26879.1,6.520,126,93,178
2026-07-25T13:52:58Z,35.3031650,-106.5496910,1540.8,26885.7,6.560,127,93,178
2026-07-25T13:52:59Z,35.3032100,-106.5496739,1540.6,26892.2,6.560,126,93,165
2026-07-25T13:53:00Z,35.3032660,-106.5496540,1540.6,26898.9,6.560,127,93,173
2026-07-25T13:53:01Z,35.3033340,-106.5496269,1540.6,26905.4,6.580,126,93,168
2026-07-25T13:53:02Z,35.3033889,-106.5496050,1540.6,26911.9,6.560,126,93,176
2026-07-25T13:53:03Z,35.3034439,-106.5495810,1540.6,26918.6,6.580,126,93,174
2026-07-25T13:53:04Z,35.3034869,-106.5495620,1540.6,26925.2,6.600,126,93,167
2026-07-25T13:53:05Z,35.3035429,-106.5495390,1540.4,26931.9,6.600,126,93,178
2026-07-25T13:53:06Z,35.3036110,-106.5495119,1540.4,26938.5,6.620,126,93,164
2026-07-25T13:53:07Z,35.3036680,-106.5494880,1540.4,26945.2,6.660,127,94,168
2026-07-25T13:53:08Z,35.3037260,-106.5494660,1540.4,26951.7,6.620,127,94,171
2026-07-25T13:53:09Z,35.3037720,-106.5494480,1540.4,26958.4,6.640,126,94,175
2026-07-25T13:53:10Z,35.3038400,-106.5494200,1540.4,26965.1,6.640,126,95,173
2026-07-25T13:53:11Z,35.3038960,-106.5493950,1540.4,26971.8,6.660,126,95,169
2026-07-25T13:53:12Z,35.3039530,-106.5493689,1540.4,26978.7,6.700,129,95,181
2026-07-25T13:53:13Z,35.3039990,-106.5493490,1540.4,26985.4,6.740,129,96,185
2026-07-25T13:53:14Z,35.3040570,-106.5493230,1540.4,26992.3,6.780,129,96,184
2026-07-25T13:53:15Z,35.3041260,-106.5492900,1540.4,26999.1,6.800,127,97,184
2026-07-25T13:53:16Z,35.3041820,-106.5492630,1540.4,27005.9,6.820,126,96,205
2026-07-25T13:53:17Z,35.3042390,-106.5492360,1540.4,27012.7,6.800,126,96,215
2026-07-25T13:53:18Z,35.3042840,-106.5492129,1540.4,27019.6,6.840,126,97,189
2026-07-25T13:53:19Z,35.3043390,-106.5491839,1540.4,27026.6,6.860,126,97,179
2026-07-25T13:53:20Z,35.3044079,-106.5491490,1540.4,27033.6,6.900,126,98,210
2026-07-25T13:53:21Z,35.3044669,-106.5491160,1540.4,27040.6,6.940,126,99,183
2026-07-25T13:53:22Z,35.3045150,-106.5490910,1540.4,27047.6,6.980,126,100,164
2026-07-25T13:53:23Z,35.3045740,-106.5490570,1540.4,27054.7,7.020,127,100,150
2026-07-25T13:53:24Z,35.3046440,-106.5490180,1540.4,27061.7,7.020,127,99,169
2026-07-25T13:53:25Z,35.3046900,-106.5489929,1540.4,27068.8,7.040,127,100,162
2026-07-25T13:53:26Z,35.3047570,-106.5489529,1540.2,27075.8,7.040,127,99,162
2026-07-25T13:53:27Z,35.3048030,-106.5489280,1540.2,27082.9,7.060,127,99,165
2026-07-25T13:53:28Z,35.3048610,-106.5488959,1540.2,27090.0,7.060,127,99,157
2026-07-25T13:53:29Z,35.3049310,-106.5488550,1540.2,27097.0,7.060,127,99,166
2026-07-25T13:53:30Z,35.3049890,-106.5488190,1540.2,27104.0,7.040,128,99,155
2026-07-25T13:53:31Z,35.3050330,-106.5487900,1540.2,27111.1,7.060,127,99,172
2026-07-25T13:53:32Z,35.3050900,-106.5487560,1540.2,27118.1,7.040,127,100,147
2026-07-25T13:53:33Z,35.3051480,-106.5487229,1540.2,27124.9,6.980,127,100,142
2026-07-25T13:53:34Z,35.3052050,-106.5486890,1540.2,27131.8,6.960,127,99,152
2026-07-25T13:53:35Z,35.3052740,-106.5486470,1540.0,27138.8,6.960,127,98,156
2026-07-25T13:53:36Z,35.3053190,-106.5486180,1540.2,27145.5,6.880,126,98,175
2026-07-25T13:53:37Z,35.3053760,-106.5485830,1540.2,27152.4,6.860,126,98,175
2026-07-25T13:53:38Z,35.3054419,-106.5485420,1540.2,27159.3,6.880,126,97,169
2026-07-25T13:53:39Z,35.3054979,-106.5485120,1540.2,27166.0,6.840,126,97,183
2026-07-25T13:53:40Z,35.3055429,-106.5484890,1540.0,27172.8,6.800,126,96,183
2026-07-25T13:53:41Z,35.3055989,-106.5484580,1539.8,27179.5,6.800,126,96,201
2026-07-25T13:53:42Z,35.3056540,-106.5484260,1539.8,27186.3,6.780,125,96,185
2026-07-25T13:53:43Z,35.3057100,-106.5483919,1539.8,27192.9,6.720,126,96,177
2026-07-25T13:53:44Z,35.3057650,-106.5483600,1539.8,27199.5,6.700,125,95,177
2026-07-25T13:53:45Z,35.3058199,-106.5483290,1539.8,27206.3,6.700,125,95,188
2026-07-25T13:53:46Z,35.3058739,-106.5482950,1539.8,27213.0,6.700,125,95,184
2026-07-25T13:53:47Z,35.3059250,-106.5482570,1539.8,27219.6,6.660,125,94,195
2026-07-25T13:53:48Z,35.3059889,-106.5482140,1539.8,27226.2,6.660,125,94,199
2026-07-25T13:53:49Z,35.3060430,-106.5481810,1539.8,27232.6,6.620,125,93,199
2026-07-25T13:53:50Z,35.3060860,-106.5481560,1539.8,27239.2,6.580,125,94,201
2026-07-25T13:53:51Z,35.3061390,-106.5481220,1539.8,27245.8,6.560,125,94,198
2026-07-25T13:53:52Z,35.3061929,-106.5480930,1539.8,27252.4,6.560,125,94,191
2026-07-25T13:53:53Z,35.3062580,-106.5480560,1539.8,27259.1,6.580,125,94,179
2026-07-25T13:53:54Z,35.3063120,-106.5480230,1539.8,27265.8,6.640,125,95,186
2026-07-25T13:53:55Z,35.3063659,-106.5479899,1539.8,27272.5,6.660,125,95,181
2026-07-25T13:53:56Z,35.3064110,-106.5479650,1539.8,27279.3,6.700,125,96,185
2026-07-25T13:53:57Z,35.3064680,-106.5479339,1539.8,27286.1,6.740,125,96,186
2026-07-25T13:53:58Z,35.3065239,-106.5479029,1539.8,27292.9,6.760,125,96,182
2026-07-25T13:53:59Z,35.3065909,-106.5478650,1539.8,27299.8,6.800,125,97,170
2026-07-25T13:54:00Z,35.3066359,-106.5478390,1539.8,27306.5,6.800,125,97,184
2026-07-25T13:54:01Z,35.3066919,-106.5478060,1539.8,27313.3,6.800,125,97,189
2026-07-25T13:54:02Z,35.3067460,-106.5477709,1539.8,27320.0,6.780,125,97,184
2026-07-25T13:54:03Z,35.3068119,-106.5477309,1539.8,27326.7,6.760,125,96,185
2026-07-25T13:54:04Z,35.3068689,-106.5476989,1539.8,27333.4,6.720,125,96,176
2026-07-25T13:54:05Z,35.3069150,-106.5476729,1539.8,27340.2,6.740,125,96,185
2026-07-25T13:54:06Z,35.3069699,-106.5476410,1539.8,27346.8,6.700,125,95,182
2026-07-25T13:54:07Z,35.3070340,-106.5476029,1540.0,27353.6,6.720,125,95,183
2026-07-25T13:54:08Z,35.3070740,-106.5475780,1540.0,27360.3,6.720,125,96,198
2026-07-25T13:54:09Z,35.3071379,-106.5475370,1540.0,27367.0,6.720,125,96,188
2026-07-25T13:54:10Z,35.3071809,-106.5475110,1540.0,27373.8,6.720,125,96,198
2026-07-25T13:54:11Z,35.3072370,-106.5474780,1540.2,27380.6,6.760,126,96,193
2026-07-25T13:54:12Z,35.3072930,-106.5474439,1540.2,27387.3,6.740,126,96,186
2026-07-25T13:54:13Z,35.3073590,-106.5474060,1540.2,27394.1,6.760,126,95,187
2026-07-25T13:54:14Z,35.3074149,-106.5473760,1540.2,27400.8,6.760,126,95,176
2026-07-25T13:54:15Z,35.3074579,-106.5473480,1540.0,27407.5,6.740,127,95,212
2026-07-25T13:54:16Z,35.3075119,-106.5473129,1540.2,27414.3,6.740,127,95,230
2026-07-25T13:54:17Z,35.3075790,-106.5472780,1540.0,27420.9,6.720,127,95,220
2026-07-25T13:54:18Z,35.3076240,-106.5472539,1540.0,27427.6,6.700,127,95,216
2026-07-25T13:54:19Z,35.3076820,-106.5472230,1540.2,27434.4,6.720,127,95,198
2026-07-25T13:54:20Z,35.3077370,-106.5471920,1540.2,27441.1,6.720,127,96,198
2026-07-25T13:54:21Z,35.3078029,-106.5471549,1540.2,27447.9,6.720,128,96,188
2026-07-25T13:54:22Z,35.3078480,-106.5471340,1540.2,27454.7,6.760,128,96,180
2026-07-25T13:54:23Z,35.3079060,-106.5471080,1540.2,27461.4,6.760,128,97,188
2026-07-25T13:54:24Z,35.3079650,-106.5470839,1540.2,27468.3,6.780,128,97,174
2026-07-25T13:54:25Z,35.3080250,-106.5470610,1540.2,27475.1,6.800,129,98,175
2026-07-25T13:54:26Z,35.3080850,-106.5470399,1540.4,27482.0,6.820,129,98,168
2026-07-25T13:54:27Z,35.3081580,-106.5470150,1540.4,27488.9,6.840,129,98,179
2026-07-25T13:54:28Z,35.3082189,-106.5469959,1540.4,27495.8,6.880,129,98,177
2026-07-25T13:54:29Z,35.3082670,-106.5469819,1540.4,27502.7,6.880,129,98,166
2026-07-25T13:54:30Z,35.3083280,-106.5469640,1540.6,27509.6,6.900,130,98,167
2026-07-25T13:54:31Z,35.3083880,-106.5469470,1540.6,27516.6,6.920,130,98,167
2026-07-25T13:54:32Z,35.3084619,-106.5469320,1540.6,27523.4,6.900,130,98,164
2026-07-25T13:54:33Z,35.3085240,-106.5469239,1540.8,27530.3,6.900,130,98,189
2026-07-25T13:54:34Z,35.3085740,-106.5469180,1540.8,27537.1,6.880,130,98,201
2026-07-25T13:54:35Z,35.3086369,-106.5469119,1541.0,27544.1,6.900,130,99,199
2026-07-25T13:54:36Z,35.3087130,-106.5469060,1541.0,27551.2,6.920,130,99,178
2026-07-25T13:54:37Z,35.3087769,-106.5469030,1541.2,27558.0,6.920,130,99,178
2026-07-25T13:54:38Z,35.3088270,-106.5469020,1541.2,27565.1,6.960,130,100,186
2026-07-25T13:54:39Z,35.3088910,-106.5469030,1541.2,27572.1,7.000,130,99,178
2026-07-25T13:54:40Z,35.3089549,-106.5469060,1541.2,27578.9,6.960,130,99,174
2026-07-25T13:54:41Z,35.3090190,-106.5469089,1541.2,27585.8,6.920,129,98,168
2026-07-25T13:54:42Z,35.3090959,-106.5469119,1541.0,27592.7,6.940,129,98,166
2026-07-25T13:54:43Z,35.3091460,-106.5469160,1541.0,27599.5,6.880,128,97,166
2026-07-25T13:54:44Z,35.3092099,-106.5469219,1541.0,27606.3,6.840,129,97,163
2026-07-25T13:54:45Z,35.3092720,-106.5469310,1541.0,27613.2,6.860,129,97,158
2026-07-25T13:54:46Z,35.3093340,-106.5469419,1541.0,27620.2,6.880,130,97,161
2026-07-25T13:54:47Z,35.3094080,-106.5469539,1541.0,27626.9,6.840,130,97,134
2026-07-25T13:54:48Z,35.3094569,-106.5469620,1541.0,27633.5,6.800,130,96,138
2026-07-25T13:54:49Z,35.3095180,-106.5469740,1541.0,27640.3,6.800,130,96,162
2026-07-25T13:54:50Z,35.3095800,-106.5469829,1541.0,27647.0,6.760,131,95,157
2026-07-25T13:54:51Z,35.3096520,-106.5469930,1541.0,27653.7,6.700,131,96,159
2026-07-25T13:54:52Z,35.3096989,-106.5469989,1541.0,27660.7,6.760,131,97,158
2026-07-25T13:54:53Z,35.3097610,-106.5470080,1541.2,27667.6,6.820,131,98,150
2026-07-25T13:54:54Z,35.3098240,-106.5470190,1541.2,27674.7,6.880,131,98,156
2026-07-25T13:54:55Z,35.3098849,-106.5470290,1541.2,27681.5,6.900,131,98,161
2026-07-25T13:54:56Z,35.3099589,-106.5470409,1541.2,27688.4,6.940,130,98,158
2026-07-25T13:54:57Z,35.3100090,-106.5470480,1541.2,27695.3,6.920,130,98,145
2026-07-25T13:54:58Z,35.3100700,-106.5470590,1541.2,27702.3,6.940,130,98,145
2026-07-25T13:54:59Z,35.3101439,-106.5470730,1541.2,27709.2,6.900,130,97,148
2026-07-25T13:55:00Z,35.3102049,-106.5470839,1541.2,27716.0,6.900,130,97,161
2026-07-25T13:55:01Z,35.3102550,-106.5470930,1541.2,27722.9,6.900,130,97,170
2026-07-25T13:55:02Z,35.3103159,-106.5471030,1541.2,27729.6,6.860,129,97,157
2026-07-25T13:55:03Z,35.3103769,-106.5471119,1541.2,27736.4,6.820,130,97,163
2026-07-25T13:55:04Z,35.3104390,-106.5471210,1541.2,27743.3,6.820,129,97,170
2026-07-25T13:55:05Z,35.3105000,-106.5471310,1541.2,27750.3,6.860,129,98,163
2026-07-25T13:55:06Z,35.3105609,-106.5471399,1541.4,27757.1,6.840,129,98,164
2026-07-25T13:55:07Z,35.3106209,-106.5471480,1541.4,27764.1,6.900,129,98,167
2026-07-25T13:55:08Z,35.3106830,-106.5471569,1541.4,27771.2,6.960,129,97,158
2026-07-25T13:55:09Z,35.3107580,-106.5471709,1541.4,27778.0,6.940,129,97,156
2026-07-25T13:55:10Z,35.3108189,-106.5471859,1541.4,27784.8,6.900,129,97,162
2026-07-25T13:55:11Z,35.3108690,-106.5471969,1541.4,27791.7,6.920,129,97,150
2026-07-25T13:55:12Z,35.3109300,-106.5472099,1541.4,27798.7,6.920,128,97,147
2026-07-25T13:55:13Z,35.3109910,-106.5472190,1541.4,27805.6,6.880,128,97,148
2026-07-25T13:55:14Z,35.3110659,-106.5472249,1541.4,27812.4,6.880,128,97,157
2026-07-25T13:55:15Z,35.3111290,-106.5472300,1541.4,27819.3,6.900,128,97,158
2026-07-25T13:55:16Z,35.3111799,-106.5472350,1541.4,27826.3,6.920,128,97,161
2026-07-25T13:55:17Z,35.3112399,-106.5472439,1541.4,27833.1,6.880,128,97,156
2026-07-25T13:55:18Z,35.3113010,-106.5472510,1541.4,27839.9,6.860,127,97,167
2026-07-25T13:55:19Z,35.3113750,-106.5472569,1541.4,27846.8,6.880,127,97,157
2026-07-25T13:55:20Z,35.3114370,-106.5472610,1541.4,27853.5,6.840,128,97,153
2026-07-25T13:55:21Z,35.3114859,-106.5472610,1541.4,27860.2,6.780,127,97,155
2026-07-25T13:55:22Z,35.3115480,-106.5472610,1541.4,27866.9,6.760,127,96,157
2026-07-25T13:55:23Z,35.3116220,-106.5472590,1541.4,27873.8,6.780,127,96,166
2026-07-25T13:55:24Z,35.3116829,-106.5472579,1541.4,27880.6,6.760,127,96,165
2026-07-25T13:55:25Z,35.3117330,-106.5472579,1541.4,27887.2,6.740,127,95,178
2026-07-25T13:55:26Z,35.3117940,-106.5472579,1541.4,27894.1,6.780,127,95,187
2026-07-25T13:55:27Z,35.3118549,-106.5472549,1541.6,27900.7,6.760,127,95,180
2026-07-25T13:55:28Z,35.3119159,-106.5472510,1541.6,27907.3,6.700,127,95,174
2026-07-25T13:55:29Z,35.3119879,-106.5472490,1541.6,27914.0,6.680,127,95,166
2026-07-25T13:55:30Z,35.3120370,-106.5472470,1541.6,27920.8,6.720,126,95,183
2026-07-25T13:55:31Z,35.3120980,-106.5472439,1541.6,27927.5,6.680,126,95,177
2026-07-25T13:55:32Z,35.3121579,-106.5472419,1541.8,27934.3,6.720,126,96,196
2026-07-25T13:55:33Z,35.3122309,-106.5472380,1541.6,27941.2,6.780,126,96,179
2026-07-25T13:55:34Z,35.3122930,-106.5472300,1541.6,27948.0,6.800,126,97,215
2026-07-25T13:55:35Z,35.3123430,-106.5472200,1541.4,27954.8,6.800,126,97,173
2026-07-25T13:55:36Z,35.3124039,-106.5472060,1541.4,27961.7,6.840,126,97,153
2026-07-25T13:55:37Z,35.3124670,-106.5471969,1541.6,27968.6,6.860,126,97,164
2026-07-25T13:55:38Z,35.3125410,-106.5471829,1541.6,27975.4,6.840,125,97,152
2026-07-25T13:55:39Z,35.3125909,-106.5471730,1541.6,27982.2,6.840,126,97,155
2026-07-25T13:55:40Z,35.3126520,-106.5471600,1541.6,27988.9,6.820,126,97,159
2026-07-25T13:55:41Z,35.3127130,-106.5471429,1541.6,27995.8,6.820,125,97,159
2026-07-25T13:55:42Z,35.3127720,-106.5471220,1541.4,28002.5,6.780,126,96,149
2026-07-25T13:55:43Z,35.3128420,-106.5470940,1541.6,28009.4,6.800,126,96,167
2026-07-25T13:55:44Z,35.3128880,-106.5470740,1541.8,28016.3,6.820,125,96,169
2026-07-25T13:55:45Z,35.3129440,-106.5470500,1541.8,28022.9,6.800,126,96,158
2026-07-25T13:55:46Z,35.3130030,-106.5470279,1541.8,28029.6,6.760,125,96,183
2026-07-25T13:55:47Z,35.3130730,-106.5470000,1542.0,28036.5,6.800,125,96,208
2026-07-25T13:55:48Z,35.3131190,-106.5469809,1541.8,28043.4,6.800,125,97,179
2026-07-25T13:55:49Z,35.3131779,-106.5469570,1541.8,28050.2,6.780,125,97,165
2026-07-25T13:55:50Z,35.3132379,-106.5469340,1542.0,28057.0,6.820,125,97,153
2026-07-25T13:55:51Z,35.3132979,-106.5469109,1542.0,28063.9,6.860,125,97,147
2026-07-25T13:55:52Z,35.3133570,-106.5468850,1542.0,28070.8,6.860,125,98,159
2026-07-25T13:55:53Z,35.3134269,-106.5468529,1542.0,28077.7,6.860,124,99,164
2026-07-25T13:55:54Z,35.3134740,-106.5468300,1541.8,28084.8,6.920,125,100,165
2026-07-25T13:55:55Z,35.3135350,-106.5468030,1541.8,28092.1,7.020,125,100,168
2026-07-25T13:55:56Z,35.3135969,-106.5467780,1541.8,28099.2,7.060,125,101,152
2026-07-25T13:55:57Z,35.3136699,-106.5467509,1541.8,28106.4,7.120,125,102,154
2026-07-25T13:55:58Z,35.3137200,-106.5467320,1541.8,28113.6,7.180,124,102,164
2026-07-25T13:55:59Z,35.3137829,-106.5467079,1541.8,28120.8,7.200,124,102,150
2026-07-25T13:56:00Z,35.3138559,-106.5466779,1541.8,28128.1,7.200,124,103,158
2026-07-25T13:56:01Z,35.3139170,-106.5466509,1541.8,28135.3,7.220,124,103,147
2026-07-25T13:56:02Z,35.3139680,-106.5466310,1541.8,28142.6,7.240,125,103,146
2026-07-25T13:56:03Z,35.3140309,-106.5466050,1541.8,28149.8,7.240,124,102,153
2026-07-25T13:56:04Z,35.3140940,-106.5465819,1541.8,28156.9,7.220,124,102,138
2026-07-25T13:56:05Z,35.3141670,-106.5465499,1541.8,28164.1,7.200,124,101,142
2026-07-25T13:56:06Z,35.3142279,-106.5465239,1541.8,28171.3,7.200,125,101,142
2026-07-25T13:56:07Z,35.3142759,-106.5465020,1541.8,28178.6,7.200,124,101,151
2026-07-25T13:56:08Z,35.3143380,-106.5464750,1541.6,28185.6,7.160,125,101,160
2026-07-25T13:56:09Z,35.3143990,-106.5464489,1541.6,28192.8,7.180,125,101,144
2026-07-25T13:56:10Z,35.3144619,-106.5464260,1541.6,28199.8,7.140,125,102,132
2026-07-25T13:56:11Z,35.3145349,-106.5463960,1541.6,28206.8,7.100,125,101,137
2026-07-25T13:56:12Z,35.3145850,-106.5463769,1541.6,28214.0,7.080,126,101,148
2026-07-25T13:56:13Z,35.3146469,-106.5463560,1541.6,28220.9,7.060,125,100,152
2026-07-25T13:56:14Z,35.3147110,-106.5463329,1541.4,28227.9,7.020,125,99,156
2026-07-25T13:56:15Z,35.3147720,-106.5463079,1541.4,28234.9,7.020,125,99,158
2026-07-25T13:56:16Z,35.3148329,-106.5462830,1541.4,28241.8,7.000,125,98,159
2026-07-25T13:56:17Z,35.3148919,-106.5462580,1541.4,28248.6,6.920,125,97,167
2026-07-25T13:56:18Z,35.3149509,-106.5462300,1541.4,28255.3,6.880,125,96,159
2026-07-25T13:56:19Z,35.3150209,-106.5461970,1541.4,28262.2,6.860,125,96,166
2026-07-25T13:56:20Z,35.3150789,-106.5461730,1541.4,28268.9,6.800,125,96,174
2026-07-25T13:56:21Z,35.3151379,-106.5461499,1541.4,28275.7,6.780,126,96,167
2026-07-25T13:56:22Z,35.3151840,-106.5461329,1541.4,28282.5,6.780,126,96,176
2026-07-25T13:56:23Z,35.3152430,-106.5461130,1541.4,28289.2,6.780,125,96,182
2026-07-25T13:56:24Z,35.3153000,-106.5460889,1541.4,28295.9,6.740,126,96,182
2026-07-25T13:56:25Z,35.3153679,-106.5460570,1541.6,28302.7,6.760,126,96,182
2026-07-25T13:56:26Z,35.3154130,-106.5460329,1541.6,28309.4,6.740,126,96,182
2026-07-25T13:56:27Z,35.3154700,-106.5460029,1541.6,28316.2,6.740,126,96,179
2026-07-25T13:56:28Z,35.3155259,-106.5459739,1541.6,28323.0,6.760,125,97,182
2026-07-25T13:56:29Z,35.3155839,-106.5459479,1541.6,28329.9,6.800,125,97,187
2026-07-25T13:56:30Z,35.3156409,-106.5459189,1541.6,28336.7,6.800,125,97,187
2026-07-25T13:56:31Z,35.3156979,-106.5458869,1541.8,28343.5,6.820,125,97,177
2026-07-25T13:56:32Z,35.3157549,-106.5458579,1541.8,28350.3,6.820,125,96,177
2026-07-25T13:56:33Z,35.3158119,-106.5458270,1541.8,28357.1,6.820,125,96,177
2026-07-25T13:56:34Z,35.3158669,-106.5457960,1541.8,28363.9,6.800,125,96,175
2026-07-25T13:56:35Z,35.3159340,-106.5457579,1541.8,28370.5,6.760,125,96,169
2026-07-25T13:56:36Z,35.3159800,-106.5457329,1541.8,28377.3,6.760,125,96,169
2026-07-25T13:56:37Z,35.3160350,-106.5457029,1541.8,28384.1,6.760,125,96,172
2026-07-25T13:56:38Z,35.3160920,-106.5456719,1541.8,28390.8,6.740,125,96,172
2026-07-25T13:56:39Z,35.3161470,-106.5456370,1541.8,28397.5,6.720,125,95,180
2026-07-25T13:56:40Z,35.3161979,-106.5455980,1541.8,28404.1,6.720,124,95,197
2026-07-25T13:56:41Z,35.3162500,-106.5455609,1541.8,28410.6,6.660,124,95,197
2026-07-25T13:56:42Z,35.3163039,-106.5455270,1541.8,28417.3,6.640,124,95,199
2026-07-25T13:56:43Z,35.3163569,-106.5454950,1541.8,28424.0,6.640,124,95,189
2026-07-25T13:56:44Z,35.3164130,-106.5454640,1541.8,28430.7,6.640,124,94,202
2026-07-25T13:56:45Z,35.3164670,-106.5454319,1541.8,28437.3,6.640,124,94,200
2026-07-25T13:56:46Z,35.3165210,-106.5454009,1541.8,28443.8,6.640,124,93,200
2026-07-25T13:56:47Z,35.3165759,-106.5453689,1541.8,28450.4,6.620,124,94,213
2026-07-25T13:56:48Z,35.3166280,-106.5453390,1541.8,28457.1,6.620,124,95,205
2026-07-25T13:56:49Z,35.3166840,-106.5453090,1541.8,28463.8,6.620,125,95,195
2026-07-25T13:56:50Z,35.3167390,-106.5452760,1542.0,28470.5,6.640,125,95,182
2026-07-25T13:56:51Z,35.3167940,-106.5452470,1542.0,28477.1,6.660,125,94,187
2026-07-25T13:56:52Z,35.3168479,-106.5452170,1542.0,28483.8,6.680,125,94,183
2026-07-25T13:56:53Z,35.3169029,-106.5451869,1542.0,28490.4,6.660,125,94,199
2026-07-25T13:56:54Z,35.3169609,-106.5451590,1542.0,28497.0,6.640,125,95,192
2026-07-25T13:56:55Z,35.3170189,-106.5451330,1542.0,28503.7,6.640,125,95,263
2026-07-25T13:56:56Z,35.3170779,-106.5451099,1542.0,28510.5,6.680,126,95,194
2026-07-25T13:56:57Z,35.3171359,-106.5450900,1542.0,28516.8,6.600,126,95,37
2026-07-25T13:56:58Z,35.3171949,-106.5450790,1542.0,28522.7,6.460,127,82,37
2026-07-25T13:56:59Z,35.3172509,-106.5450750,1542.0,28528.5,6.300,127,82,5
2026-07-25T13:57:00Z,35.3173049,-106.5450719,1542.0,28534.0,6.060,127,74,5
2026-07-25T13:57:01Z,35.3173560,-106.5450660,1542.0,28539.4,5.780,126,70,6
2026-07-25T13:57:02Z,35.3174040,-106.5450559,1542.0,28544.7,5.580,126,75,79
2026-07-25T13:57:03Z,35.3174509,-106.5450429,1542.2,28549.7,5.400,126,73,59
2026-07-25T13:57:04Z,35.3174949,-106.5450310,1542.2,28554.4,5.180,126,73,17
2026-07-25T13:57:05Z,35.3175389,-106.5450249,1542.2,28559.3,5.060,126,73,17
2026-07-25T13:57:06Z,35.3175789,-106.5450350,1542.2,28563.9,4.900,125,29,17
2026-07-25T13:57:07Z,35.3176000,-106.5450740,1542.2,28568.9,4.840,124,28,53
2026-07-25T13:57:08Z,35.3175910,-106.5451249,1542.4,28574.2,4.900,122,69,178
2026-07-25T13:57:09Z,35.3175720,-106.5451719,1542.6,28579.8,5.080,122,74,188
2026-07-25T13:57:10Z,35.3175379,-106.5451999,1542.6,28585.3,5.200,121,79,158
2026-07-25T13:57:11Z,35.3174880,-106.5452170,1542.8,28591.1,5.440,121,79,146
2026-07-25T13:57:12Z,35.3174320,-106.5452320,1543.0,28597.1,5.640,121,82,146
2026-07-25T13:57:13Z,35.3173779,-106.5452480,1543.0,28603.3,5.820,120,87,126
2026-07-25T13:57:14Z,35.3173199,-106.5452630,1543.0,28609.7,5.980,121,87,111
2026-07-25T13:57:15Z,35.3172619,-106.5452790,1543.2,28616.3,6.200,120,90,111
2026-07-25T13:57:16Z,35.3172040,-106.5452999,1543.2,28622.9,6.360,120,91,91
2026-07-25T13:57:17Z,35.3171440,-106.5453220,1543.2,28629.4,6.460,120,92,96
2026-07-25T13:57:18Z,35.3170840,-106.5453470,1543.2,28636.0,6.540,119,93,113
2026-07-25T13:57:19Z,35.3170270,-106.5453729,1543.2,28642.6,6.580,119,94,80
2026-07-25T13:57:20Z,35.3169710,-106.5453999,1543.2,28649.1,6.560,119,94,74
2026-07-25T13:57:21Z,35.3169130,-106.5454289,1543.2,28655.9,6.600,119,95,57
2026-07-25T13:57:22Z,35.3168560,-106.5454579,1543.2,28662.7,6.660,118,95,62
2026-07-25T13:57:23Z,35.3167970,-106.5454879,1543.0,28669.3,6.660,118,95,56
2026-07-25T13:57:24Z,35.3167410,-106.5455179,1543.0,28676.0,6.680,118,95,39
2026-07-25T13:57:25Z,35.3166850,-106.5455490,1543.0,28682.7,6.720,117,95,53
2026-07-25T13:57:26Z,35.3166289,-106.5455800,1543.0,28689.4,6.700,116,95,72
2026-07-25T13:57:27Z,35.3165719,-106.5456110,1543.0,28696.0,6.660,116,95,65
2026-07-25T13:57:28Z,35.3165149,-106.5456429,1543.0,28702.8,6.700,116,95,103
2026-07-25T13:57:29Z,35.3164599,-106.5456749,1543.0,28709.4,6.680,115,91,103
2026-07-25T13:57:30Z,35.3164039,-106.5457060,1543.0,28716.4,6.740,115,89,105
2026-07-25T13:57:31Z,35.3163500,-106.5457360,1543.0,28723.3,6.780,114,90,96
2026-07-25T13:57:32Z,35.3162960,-106.5457660,1542.8,28730.4,6.880,114,91,93
2026-07-25T13:57:33Z,35.3162370,-106.5457990,1542.8,28737.4,6.920,114,92,96
2026-07-25T13:57:34Z,35.3161780,-106.5458319,1542.8,28744.3,6.980,113,92,100
2026-07-25T13:57:35Z,35.3161180,-106.5458670,1542.8,28751.8,7.080,113,93,100
2026-07-25T13:57:36Z,35.3160579,-106.5459019,1542.8,28759.1,7.160,113,94,94
2026-07-25T13:57:37Z,35.3159989,-106.5459360,1542.8,28766.2,7.160,113,94,101
2026-07-25T13:57:38Z,35.3159370,-106.5459670,1542.8,28773.5,7.220,112,95,98
2026-07-25T13:57:39Z,35.3158770,-106.5459990,1542.6,28780.8,7.300,112,95,102
2026-07-25T13:57:40Z,35.3158160,-106.5460329,1542.6,28788.2,7.280,112,96,113
2026-07-25T13:57:41Z,35.3157539,-106.5460670,1542.4,28795.8,7.340,112,96,132
2026-07-25T13:57:42Z,35.3156910,-106.5460990,1542.4,28803.6,7.480,113,98,130
2026-07-25T13:57:43Z,35.3156269,-106.5461290,1542.4,28811.2,7.540,113,98,120
2026-07-25T13:57:44Z,35.3155620,-106.5461550,1542.4,28818.8,7.600,113,98,121
2026-07-25T13:57:45Z,35.3154959,-106.5461800,1542.4,28826.6,7.680,113,99,121
2026-07-25T13:57:46Z,35.3154310,-106.5462090,1542.4,28834.5,7.740,113,101,133
2026-07-25T13:57:47Z,35.3153659,-106.5462400,1542.4,28842.3,7.740,114,97,129
2026-07-25T13:57:48Z,35.3152980,-106.5462690,1542.4,28850.5,7.860,114,96,163
2026-07-25T13:57:49Z,35.3152300,-106.5462990,1542.2,28858.7,7.980,114,97,131
2026-07-25T13:57:50Z,35.3151610,-106.5463300,1542.2,28867.0,8.080,115,98,114
2026-07-25T13:57:51Z,35.3150900,-106.5463610,1542.2,28875.2,8.140,115,98,112
2026-07-25T13:57:52Z,35.3150180,-106.5463890,1542.2,28883.7,8.280,116,99,112
2026-07-25T13:57:53Z,35.3149469,-106.5464189,1542.2,28892.1,8.320,116,100,108
2026-07-25T13:57:54Z,35.3148740,-106.5464499,1542.0,28900.7,8.400,117,100,111
2026-07-25T13:57:55Z,35.3148000,-106.5464799,1542.0,28909.0,8.400,116,100,90
2026-07-25T13:57:56Z,35.3147260,-106.5465110,1542.0,28917.4,8.440,116,100,87
2026-07-25T13:57:57Z,35.3146530,-106.5465400,1541.8,28926.0,8.460,116,100,90
2026-07-25T13:57:58Z,35.3145800,-106.5465679,1541.8,28934.3,8.440,116,100,94
2026-07-25T13:57:59Z,35.3145059,-106.5465969,1541.8,28942.7,8.400,117,100,99
2026-07-25T13:58:00Z,35.3144350,-106.5466280,1541.8,28951.0,8.400,118,91,136
2026-07-25T13:58:01Z,35.3143630,-106.5466580,1541.8,28959.4,8.400,118,90,131
2026-07-25T13:58:02Z,35.3142899,-106.5466870,1541.8,28967.8,8.360,118,90,132
2026-07-25T13:58:03Z,35.3142179,-106.5467160,1541.8,28976.3,8.400,118,90,125
2026-07-25T13:58:04Z,35.3141459,-106.5467450,1541.8,28984.7,8.400,118,90,130
2026-07-25T13:58:05Z,35.3140739,-106.5467750,1541.6,28993.0,8.400,117,90,130
2026-07-25T13:58:06Z,35.3140029,-106.5468060,1541.6,29001.4,8.400,116,90,133
2026-07-25T13:58:07Z,35.3139320,-106.5468359,1541.6,29009.8,8.400,116,90,157
2026-07-25T13:58:08Z,35.3138589,-106.5468659,1541.8,29018.1,8.360,116,90,148
2026-07-25T13:58:09Z,35.3137869,-106.5468949,1541.8,29026.4,8.340,116,89,136
2026-07-25T13:58:10Z,35.3137129,-106.5469239,1541.8,29034.6,8.320,116,89,144
2026-07-25T13:58:11Z,35.3136429,-106.5469529,1541.8,29042.9,8.300,116,89,160
2026-07-25T13:58:12Z,35.3135709,-106.5469799,1541.8,29051.3,8.300,117,90,153
2026-07-25T13:58:13Z,35.3134989,-106.5470089,1541.8,29059.8,8.340,117,90,149
2026-07-25T13:58:14Z,35.3134269,-106.5470399,1541.8,29068.2,8.360,117,90,166
2026-07-25T13:58:15Z,35.3133549,-106.5470699,1541.8,29076.7,8.420,117,91,156
2026-07-25T13:58:16Z,35.3132829,-106.5470999,1541.8,29085.3,8.480,117,91,157
2026-07-25T13:58:17Z,35.3132109,-106.5471289,1541.8,29093.8,8.500,118,92,133
2026-07-25T13:58:18Z,35.3131379,-106.5471610,1541.8,29102.4,8.520,118,92,122
2026-07-25T13:58:19Z,35.3130629,-106.5471920,1541.8,29111.0,8.560,118,93,128
2026-07-25T13:58:20Z,35.3129890,-106.5472230,1541.8,29119.7,8.600,118,93,134
2026-07-25T13:58:21Z,35.3129150,-106.5472520,1541.8,29128.4,8.620,119,93,126
2026-07-25T13:58:22Z,35.3128390,-106.5472790,1541.8,29137.3,8.700,119,93,124
2026-07-25T13:58:23Z,35.3127619,-106.5473050,1541.8,29146.0,8.720,119,94,127
2026-07-25T13:58:24Z,35.3126850,-106.5473299,1541.8,29154.7,8.740,119,94,111
2026-07-25T13:58:25Z,35.3126079,-106.5473510,1541.8,29163.4,8.740,120,95,113
2026-07-25T13:58:26Z,35.3125290,-106.5473679,1541.6,29172.1,8.740,119,95,106
2026-07-25T13:58:27Z,35.3124510,-106.5473859,1541.6,29180.9,8.720,120,95,112
2026-07-25T13:58:28Z,35.3123739,-106.5474040,1541.6,29189.7,8.740,120,96,105
2026-07-25T13:58:29Z,35.3122970,-106.5474200,1541.6,29198.7,8.800,120,96,105
2026-07-25T13:58:30Z,35.3122189,-106.5474299,1541.6,29207.6,8.840,120,96,94
2026-07-25T13:58:31Z,35.3121380,-106.5474350,1541.4,29216.4,8.860,120,95,99
2026-07-25T13:58:32Z,35.3120579,-106.5474409,1541.4,29225.3,8.880,120,95,112
2026-07-25T13:58:33Z,35.3119780,-106.5474449,1541.4,29234.2,8.900,120,95,118
2026-07-25T13:58:34Z,35.3118979,-106.5474490,1541.4,29242.9,8.840,120,95,134
2026-07-25T13:58:35Z,35.3118159,-106.5474510,1541.4,29251.8,8.840,120,95,134
2026-07-25T13:58:36Z,35.3117340,-106.5474549,1541.4,29260.7,8.860,120,95,114
2026-07-25T13:58:37Z,35.3116530,-106.5474579,1541.4,29269.6,8.860,119,95,121
2026-07-25T13:58:38Z,35.3115709,-106.5474600,1541.2,29278.4,8.840,120,96,124
2026-07-25T13:58:39Z,35.3114900,-106.5474559,1541.2,29287.5,8.920,121,96,116
2026-07-25T13:58:40Z,35.3114109,-106.5474540,1541.2,29296.3,8.900,121,96,107
2026-07-25T13:58:41Z,35.3113310,-106.5474480,1541.2,29305.2,8.900,120,95,123
2026-07-25T13:58:42Z,35.3112519,-106.5474399,1541.2,29313.9,8.860,121,95,122
2026-07-25T13:58:43Z,35.3111730,-106.5474289,1541.2,29322.8,8.880,121,96,122
2026-07-25T13:58:44Z,35.3110920,-106.5474170,1541.2,29331.7,8.840,121,96,110
2026-07-25T13:58:45Z,35.3110099,-106.5474060,1541.2,29340.7,8.880,121,96,137
2026-07-25T13:58:46Z,35.3109290,-106.5473940,1541.2,29349.8,8.920,121,96,149
2026-07-25T13:58:47Z,35.3108489,-106.5473770,1541.2,29358.7,8.960,122,97,145
2026-07-25T13:58:48Z,35.3107710,-106.5473670,1541.2,29367.7,8.980,122,96,149
2026-07-25T13:58:49Z,35.3106919,-106.5473579,1541.2,29376.6,8.980,123,96,129
2026-07-25T13:58:50Z,35.3106120,-106.5473480,1541.0,29385.7,9.000,123,96,129
2026-07-25T13:58:51Z,35.3105300,-106.5473340,1541.0,29394.7,8.980,124,96,124
2026-07-25T13:58:52Z,35.3104489,-106.5473190,1541.0,29403.6,8.980,124,96,131
2026-07-25T13:58:53Z,35.3103690,-106.5473060,1541.0,29412.5,8.960,124,96,133
2026-07-25T13:58:54Z,35.3102889,-106.5472940,1540.8,29421.6,9.000,124,96,129
2026-07-25T13:58:55Z,35.3102070,-106.5472829,1540.8,29430.5,8.960,124,96,130
2026-07-25T13:58:56Z,35.3101260,-106.5472699,1540.6,29439.3,8.920,124,96,134
2026-07-25T13:58:57Z,35.3100459,-106.5472559,1540.6,29448.3,8.940,124,95,141
2026-07-25T13:58:58Z,35.3099640,-106.5472419,1540.6,29457.1,8.920,123,95,140
2026-07-25T13:58:59Z,35.3098849,-106.5472279,1540.6,29465.8,8.840,124,94,135
2026-07-25T13:59:00Z,35.3098060,-106.5472149,1540.6,29474.6,8.820,124,94,140
2026-07-25T13:59:01Z,35.3097269,-106.5472040,1540.6,29483.2,8.780,123,94,142
2026-07-25T13:59:02Z,35.3096470,-106.5471940,1540.4,29491.8,8.700,123,94,142
2026-07-25T13:59:03Z,35.3095689,-106.5471829,1540.4,29500.5,8.680,123,94,152
2026-07-25T13:59:04Z,35.3094890,-106.5471699,1540.4,29509.2,8.680,123,94,154
2026-07-25T13:59:05Z,35.3094099,-106.5471569,1540.4,29518.0,8.680,123,94,159
2026-07-25T13:59:06Z,35.3093320,-106.5471440,1540.4,29526.7,8.700,123,94,153
2026-07-25T13:59:07Z,35.3092529,-106.5471330,1540.2,29535.6,8.760,123,94,163
2026-07-25T13:59:08Z,35.3091750,-106.5471210,1540.2,29544.4,8.780,122,95,165
2026-07-25T13:59:09Z,35.3090939,-106.5471099,1540.2,29553.3,8.820,122,95,175
2026-07-25T13:59:10Z,35.3090140,-106.5471040,1540.2,29562.3,8.860,122,95,160
2026-07-25T13:59:11Z,35.3089340,-106.5470999,1540.4,29571.2,8.900,122,95,147
2026-07-25T13:59:12Z,35.3088509,-106.5470969,1540.4,29580.0,8.880,122,95,151
2026-07-25T13:59:13Z,35.3087690,-106.5470949,1540.4,29589.0,8.920,122,95,163
2026-07-25T13:59:14Z,35.3086900,-106.5470979,1540.4,29598.2,8.980,123,96,157
2026-07-25T13:59:15Z,35.3086110,-106.5471060,1540.6,29607.1,8.960,123,96,155
2026-07-25T13:59:16Z,35.3085310,-106.5471180,1540.6,29616.2,9.000,123,96,154
2026-07-25T13:59:17Z,35.3084520,-106.5471320,1540.6,29625.2,9.040,123,96,153
2026-07-25T13:59:18Z,35.3083710,-106.5471490,1540.6,29634.1,9.020,123,96,164
2026-07-25T13:59:19Z,35.3082909,-106.5471669,1540.8,29643.1,8.980,123,96,174
2026-07-25T13:59:20Z,35.3082110,-106.5471859,1540.8,29652.1,9.000,123,97,158
2026-07-25T13:59:21Z,35.3081319,-106.5472070,1540.8,29661.0,8.960,123,97,146
2026-07-25T13:59:22Z,35.3080530,-106.5472340,1540.8,29670.2,9.000,123,97,146
2026-07-25T13:59:23Z,35.3079749,-106.5472679,1540.8,29679.2,9.020,123,97,169
2026-07-25T13:59:24Z,35.3078999,-106.5473080,1540.8,29688.3,9.040,123,97,163
2026-07-25T13:59:25Z,35.3078260,-106.5473480,1540.8,29697.3,9.040,123,97,181
2026-07-25T13:59:26Z,35.3077540,-106.5473890,1540.8,29706.4,9.080,124,97,160
2026-07-25T13:59:27Z,35.3076800,-106.5474330,1540.8,29715.5,9.060,124,97,146
2026-07-25T13:59:28Z,35.3076070,-106.5474750,1540.8,29724.5,9.060,124,97,151
2026-07-25T13:59:29Z,35.3075340,-106.5475169,1540.6,29733.7,9.080,125,97,165
2026-07-25T13:59:30Z,35.3074600,-106.5475610,1540.6,29742.9,9.120,126,98,150
2026-07-25T13:59:31Z,35.3073849,-106.5476040,1540.6,29752.0,9.120,126,98,139
2026-07-25T13:59:32Z,35.3073109,-106.5476459,1540.6,29761.2,9.140,125,98,142
2026-07-25T13:59:33Z,35.3072370,-106.5476900,1540.4,29770.4,9.180,124,98,154
2026-07-25T13:59:34Z,35.3071620,-106.5477340,1540.4,29779.8,9.220,124,98,160
2026-07-25T13:59:35Z,35.3070730,-106.5477869,1540.4,29788.9,9.200,124,99,139
2026-07-25T13:59:36Z,35.3070140,-106.5478220,1540.4,29798.3,9.260,124,98,120
2026-07-25T13:59:37Z,35.3069399,-106.5478660,1540.0,29807.3,9.220,125,98,130
2026-07-25T13:59:38Z,35.3068649,-106.5479100,1540.0,29816.4,9.200,125,98,133
2026-07-25T13:59:39Z,35.3067920,-106.5479540,1540.0,29825.6,9.160,125,98,134
2026-07-25T13:59:40Z,35.3067180,-106.5479980,1540.0,29834.7,9.160,126,97,134
2026-07-25T13:59:41Z,35.3066450,-106.5480420,1540.0,29843.6,9.060,126,97,141
2026-07-25T13:59:42Z,35.3065710,-106.5480879,1540.0,29852.7,9.080,126,96,150
2026-07-25T13:59:43Z,35.3064970,-106.5481319,1540.0,29861.6,9.040,126,96,145
2026-07-25T13:59:44Z,35.3064239,-106.5481739,1540.2,29870.4,8.960,126,95,133
2026-07-25T13:59:45Z,35.3063519,-106.5482169,1540.2,29879.3,8.920,126,95,154
2026-07-25T13:59:46Z,35.3062799,-106.5482590,1540.2,29888.0,8.880,126,95,143
2026-07-25T13:59:47Z,35.3062079,-106.5483020,1540.2,29896.9,8.840,126,94,143
2026-07-25T13:59:48Z,35.3061370,-106.5483459,1540.2,29905.8,8.840,125,94,142
2026-07-25T13:59:49Z,35.3060650,-106.5483889,1540.2,29914.5,8.820,125,94,148
2026-07-25T13:59:50Z,35.3059919,-106.5484300,1540.2,29923.6,8.860,125,94,146
2026-07-25T13:59:51Z,35.3059189,-106.5484710,1540.0,29932.3,8.860,125,94,142
2026-07-25T13:59:52Z,35.3058479,-106.5485120,1540.0,29940.9,8.800,125,94,142
2026-07-25T13:59:53Z,35.3057759,-106.5485530,1540.0,29949.9,8.820,125,94,140
2026-07-25T13:59:54Z,35.3057029,-106.5485929,1539.8,29958.7,8.840,124,94,153
2026-07-25T13:59:55Z,35.3056340,-106.5486379,1539.8,29967.5,8.780,124,94,158
2026-07-25T13:59:56Z,35.3055640,-106.5486840,1539.8,29976.4,8.820,124,94,148
2026-07-25T13:59:57Z,35.3054940,-106.5487290,1539.8,29985.3,8.880,124,94,145
2026-07-25T13:59:58Z,35.3054240,-106.5487720,1539.6,29994.1,8.840,124,94,142
2026-07-25T13:59:59Z,35.3053530,-106.5488140,1539.6,30002.8,8.820,124,94,150
2026-07-25T14:00:00Z,35.3052820,-106.5488550,1539.6,30011.6,8.820,124,93,142
2026-07-25T14:00:01Z,35.3052109,-106.5488969,1539.4,30020.2,8.760,123,93,148
2026-07-25T14:00:02Z,35.3051409,-106.5489399,1539.4,30028.6,8.660,123,92,150
2026-07-25T14:00:03Z,35.3050709,-106.5489809,1539.4,30037.5,8.680,123,92,152
2026-07-25T14:00:04Z,35.3050020,-106.5490229,1539.4,30046.4,8.720,122,92,161
2026-07-25T14:00:05Z,35.3049320,-106.5490630,1539.4,30054.8,8.640,122,92,162
2026-07-25T14:00:06Z,35.3048630,-106.5491050,1539.4,30063.4,8.640,122,91,189
2026-07-25T14:00:07Z,35.3047949,-106.5491470,1539.6,30071.8,8.640,122,91,189
2026-07-25T14:00:08Z,35.3047239,-106.5491860,1539.6,30080.3,8.560,122,91,186
2026-07-25T14:00:09Z,35.3046529,-106.5492229,1539.6,30089.1,8.540,122,91,193
2026-07-25T14:00:10Z,35.3045819,-106.5492559,1539.6,30097.7,8.580,122,91,193
2026-07-25T14:00:11Z,35.3045089,-106.5492890,1539.6,30106.3,8.580,122,92,193
2026-07-25T14:00:12Z,35.3044369,-106.5493239,1539.6,30114.9,8.620,122,92,191
2026-07-25T14:00:13Z,35.3043639,-106.5493600,1539.8,30123.8,8.700,123,93,194
2026-07-25T14:00:14Z,35.3042909,-106.5493940,1539.8,30132.4,8.660,122,93,198
2026-07-25T14:00:15Z,35.3042180,-106.5494279,1539.8,30141.0,8.660,123,93,198
2026-07-25T14:00:16Z,35.3041460,-106.5494650,1539.8,30149.9,8.720,123,94,185
2026-07-25T14:00:17Z,35.3040769,-106.5495050,1539.8,30158.8,8.780,123,94,166
2026-07-25T14:00:18Z,35.3040029,-106.5495409,1539.8,30167.4,8.720,123,94,166
2026-07-25T14:00:19Z,35.3039280,-106.5495740,1539.8,30176.4,8.800,123,94,169
2026-07-25T14:00:20Z,35.3038530,-106.5496060,1539.8,30185.3,8.860,124,94,170
2026-07-25T14:00:21Z,35.3037790,-106.5496350,1540.0,30194.0,8.820,124,94,174
2026-07-25T14:00:22Z,35.3037039,-106.5496640,1540.0,30202.8,8.800,125,94,175
2026-07-25T14:00:23Z,35.3036270,-106.5496920,1540.0,30211.7,8.860,125,94,165
2026-07-25T14:00:24Z,35.3035520,-106.5497210,1540.0,30220.6,8.840,125,94,172
2026-07-25T14:00:25Z,35.3034759,-106.5497500,1540.0,30229.2,8.780,125,94,176
2026-07-25T14:00:26Z,35.3033999,-106.5497770,1540.0,30237.9,8.780,125,94,176
2026-07-25T14:00:27Z,35.3033230,-106.5498009,1540.0,30246.8,8.800,126,95,177
2026-07-25T14:00:28Z,35.3032449,-106.5498260,1540.0,30255.7,8.800,126,95,178
2026-07-25T14:00:29Z,35.3031680,-106.5498530,1540.0,30264.8,8.840,126,96,168
2026-07-25T14:00:30Z,35.3030910,-106.5498820,1540.0,30273.7,8.900,127,96,156
2026-07-25T14:00:31Z,35.3030129,-106.5499120,1540.0,30282.8,8.980,126,96,162
2026-07-25T14:00:32Z,35.3029340,-106.5499429,1540.0,30292.1,9.060,126,97,154
2026-07-25T14:00:33Z,35.3028559,-106.5499719,1540.0,30301.4,9.140,126,97,151
2026-07-25T14:00:34Z,35.3027780,-106.5500019,1540.0,30310.4,9.120,126,98,155
2026-07-25T14:00:35Z,35.3026989,-106.5500299,1539.8,30319.6,9.180,126,98,148
2026-07-25T14:00:36Z,35.3026219,-106.5500630,1539.8,30328.9,9.220,126,98,155
2026-07-25T14:00:37Z,35.3025450,-106.5500980,1539.8,30338.1,9.200,125,98,176
2026-07-25T14:00:38Z,35.3024679,-106.5501350,1539.8,30347.5,9.220,126,98,159
2026-07-25T14:00:39Z,35.3023900,-106.5501720,1539.8,30356.8,9.280,125,99,159
2026-07-25T14:00:40Z,35.3023120,-106.5502100,1539.8,30366.2,9.320,126,100,133
2026-07-25T14:00:41Z,35.3022330,-106.5502469,1539.8,30375.6,9.340,126,100,188
2026-07-25T14:00:42Z,35.3021530,-106.5502820,1539.6,30384.9,9.360,126,100,188
2026-07-25T14:00:43Z,35.3020730,-106.5503169,1539.6,30394.5,9.400,126,100,214
2026-07-25T14:00:44Z,35.3019929,-106.5503520,1539.6,30403.9,9.420,126,100,241
2026-07-25T14:00:45Z,35.3019150,-106.5503899,1539.6,30413.6,9.480,127,101,191
2026-07-25T14:00:46Z,35.3018370,-106.5504300,1539.4,30423.2,9.520,127,102,164
2026-07-25T14:00:47Z,35.3017589,-106.5504680,1539.4,30432.7,9.560,127,102,167
2026-07-25T14:00:48Z,35.3016779,-106.5505049,1539.2,30442.2,9.540,127,102,160
2026-07-25T14:00:49Z,35.3015980,-106.5505420,1539.2,30451.8,9.580,127,102,157
2026-07-25T14:00:50Z,35.3015169,-106.5505810,1539.2,30461.3,9.540,128,102,188
2026-07-25T14:00:51Z,35.3014380,-106.5506199,1539.0,30470.9,9.540,128,103,169
2026-07-25T14:00:52Z,35.3013560,-106.5506590,1539.0,30480.3,9.520,128,103,169
2026-07-25T14:00:53Z,35.3012749,-106.5506970,1539.0,30490.0,9.560,128,103,158
2026-07-25T14:00:54Z,35.3011940,-106.5507339,1539.0,30499.6,9.560,128,103,133
2026-07-25T14:00:55Z,35.3011129,-106.5507690,1539.0,30509.1,9.560,128,102,125
2026-07-25T14:00:56Z,35.3010320,-106.5508030,1539.0,30518.3,9.480,127,96,85
2026-07-25T14:00:57Z,35.3009510,-106.5508369,1539.0,30527.6,9.460,127,96,0
2026-07-25T14:00:58Z,35.3008709,-106.5508690,1539.0,30536.6,9.320,127,96,0
2026-07-25T14:00:59Z,35.3007910,-106.5509010,1539.0,30545.5,9.180,127,0,0
2026-07-25T14:01:00Z,35.3007129,-106.5509300,1538.8,30554.2,9.020,126,0,0
2026-07-25T14:01:01Z,35.3006370,-106.5509560,1538.8,30562.8,8.900,125,0,0
2026-07-25T14:01:02Z,35.3005620,-106.5509860,1538.8,30571.1,8.700,124,0,0
2026-07-25T14:01:03Z,35.3004890,-106.5510180,1538.6,30578.2,8.320,123,0,0
2026-07-25T14:01:04Z,35.3004219,-106.5510509,1538.6,30584.5,7.800,123,0,0
2026-07-25T14:01:05Z,35.3003639,-106.5510789,1538.6,30590.0,7.160,123,0,0
2026-07-25T14:01:06Z,35.3003170,-106.5511050,1538.6,30594.0,6.240,122,0,0
2026-07-25T14:01:07Z,35.3002789,-106.5511249,1538.8,30599.0,5.580,122,36,184
2026-07-25T14:01:08Z,35.3002420,-106.5511420,1538.8,30604.0,5.160,122,72,302
2026-07-25T14:01:09Z,35.3001980,-106.5511590,1538.8,30609.9,5.080,122,83,300
2026-07-25T14:01:10Z,35.3001509,-106.5511770,1538.8,30616.0,5.200,122,91,217
2026-07-25T14:01:11Z,35.3001010,-106.5511969,1538.8,30622.4,5.680,122,95,186
2026-07-25T14:01:12Z,35.3000499,-106.5512200,1538.8,30629.1,6.020,122,98,219
2026-07-25T14:01:13Z,35.2999990,-106.5512490,1538.8,30635.8,6.360,123,95,217
2026-07-25T14:01:14Z,35.2999440,-106.5512829,1538.6,30642.7,6.560,123,95,210
2026-07-25T14:01:15Z,35.2998909,-106.5513180,1538.6,30649.8,6.760,123,97,210
2026-07-25T14:01:16Z,35.2998390,-106.5513580,1538.6,30656.9,6.900,123,101,217
2026-07-25T14:01:17Z,35.2997840,-106.5513989,1538.6,30664.3,7.040,123,103,171
2026-07-25T14:01:18Z,35.2997280,-106.5514379,1538.6,30671.9,7.220,123,99,203
2026-07-25T14:01:19Z,35.2996690,-106.5514760,1538.4,30679.7,7.400,122,98,173
2026-07-25T14:01:20Z,35.2996069,-106.5515119,1538.4,30687.3,7.500,123,99,169
2026-07-25T14:01:21Z,35.2995440,-106.5515490,1538.4,30695.2,7.660,123,100,162
2026-07-25T14:01:22Z,35.2994800,-106.5515869,1538.4,30703.2,7.780,123,102,158
2026-07-25T14:01:23Z,35.2994159,-106.5516259,1538.4,30711.2,7.860,123,103,148
2026-07-25T14:01:24Z,35.2993510,-106.5516640,1538.4,30719.2,7.900,123,103,162
2026-07-25T14:01:25Z,35.2992850,-106.5517009,1538.4,30727.3,8.000,124,99,162
2026-07-25T14:01:26Z,35.2992200,-106.5517409,1538.4,30735.6,8.080,124,96,179
2026-07-25T14:01:27Z,35.2991540,-106.5517790,1538.4,30743.8,8.119,124,97,147
2026-07-25T14:01:28Z,35.2990869,-106.5518169,1538.2,30752.1,8.180,124,98,149
2026-07-25T14:01:29Z,35.2990210,-106.5518549,1538.2,30760.6,8.280,125,98,154
2026-07-25T14:01:30Z,35.2989530,-106.5518940,1538.2,30769.1,8.360,125,99,162
2026-07-25T14:01:31Z,35.2988879,-106.5519350,1538.2,30777.3,8.340,125,99,150
2026-07-25T14:01:32Z,35.2988210,-106.5519760,1538.0,30785.9,8.420,124,99,156
2026-07-25T14:01:33Z,35.2987539,-106.5520179,1538.0,30794.5,8.480,125,100,143
2026-07-25T14:01:34Z,35.2986849,-106.5520589,1538.0,30803.0,8.480,124,100,138
2026-07-25T14:01:35Z,35.2986170,-106.5520990,1538.0,30811.6,8.500,124,101,137
2026-07-25T14:01:36Z,35.2985480,-106.5521390,1538.0,30820.2,8.580,124,102,132
2026-07-25T14:01:37Z,35.2984770,-106.5521780,1538.0,30828.8,8.580,123,102,135
2026-07-25T14:01:38Z,35.2984070,-106.5522189,1538.0,30837.5,8.600,124,102,133
2026-07-25T14:01:39Z,35.2983239,-106.5522680,1538.0,30846.0,8.600,123,102,133
2026-07-25T14:01:40Z,35.2982679,-106.5523009,1538.0,30854.6,8.600,124,102,131
2026-07-25T14:01:41Z,35.2981969,-106.5523430,1537.8,30863.2,8.600,123,103,125
2026-07-25T14:01:42Z,35.2981259,-106.5523830,1537.8,30871.9,8.620,122,103,130
2026-07-25T14:01:43Z,35.2980550,-106.5524240,1537.8,30880.6,8.620,122,103,124
2026-07-25T14:01:44Z,35.2979850,-106.5524670,1537.8,30889.2,8.640,123,103,119
2026-07-25T14:01:45Z,35.2979140,-106.5525069,1537.8,30897.7,8.620,122,103,119
2026-07-25T14:01:46Z,35.2978590,-106.5525390,1537.6,30906.3,8.620,122,102,120
2026-07-25T14:01:47Z,35.2977880,-106.5525789,1537.6,30915.0,8.620,122,102,124
2026-07-25T14:01:48Z,35.2977030,-106.5526270,1537.6,30923.6,8.600,122,102,112
2026-07-25T14:01:49Z,35.2976319,-106.5526670,1537.6,30932.1,8.580,122,101,105
2026-07-25T14:01:50Z,35.2975759,-106.5526960,1537.6,30940.5,8.560,121,101,116
2026-07-25T14:01:51Z,35.2975069,-106.5527359,1537.6,30949.0,8.540,121,101,112
2026-07-25T14:01:52Z,35.2974370,-106.5527740,1537.6,30957.4,8.480,120,101,120
2026-07-25T14:01:53Z,35.2973520,-106.5528180,1537.6,30965.8,8.440,120,100,135
2026-07-25T14:01:54Z,35.2972820,-106.5528509,1537.6,30974.2,8.420,120,100,147
2026-07-25T14:01:55Z,35.2972130,-106.5528850,1537.6,30982.7,8.440,120,100,142
2026-07-25T14:01:56Z,35.2971569,-106.5529130,1537.6,30991.0,8.400,120,99,137
2026-07-25T14:01:57Z,35.2970869,-106.5529499,1537.6,30999.4,8.400,120,99,140
2026-07-25T14:01:58Z,35.2970169,-106.5529850,1537.6,31007.9,8.420,120,99,135
2026-07-25T14:01:59Z,35.2969330,-106.5530270,1537.6,31016.3,8.420,120,99,145
2026-07-25T14:02:00Z,35.2968630,-106.5530639,1537.6,31024.7,8.400,120,99,145
2026-07-25T14:02:01Z,35.2968080,-106.5530929,1537.4,31033.1,8.420,120,99,150
2026-07-25T14:02:02Z,35.2967370,-106.5531259,1537.4,31041.6,8.440,120,99,154
2026-07-25T14:02:03Z,35.2966640,-106.5531570,1537.4,31050.1,8.440,120,100,193
2026-07-25T14:02:04Z,35.2965760,-106.5531939,1537.4,31058.5,8.440,120,100,154
2026-07-25T14:02:05Z,35.2965050,-106.5532259,1537.4,31066.9,8.440,120,100,137
2026-07-25T14:02:06Z,35.2964470,-106.5532519,1537.2,31075.4,8.460,120,99,141
2026-07-25T14:02:07Z,35.2963760,-106.5532829,1537.2,31083.7,8.420,120,98,142
2026-07-25T14:02:08Z,35.2963050,-106.5533129,1537.2,31092.0,8.380,120,98,143
2026-07-25T14:02:09Z,35.2962340,-106.5533409,1537.2,31100.3,8.360,120,98,142
2026-07-25T14:02:10Z,35.2961500,-106.5533740,1537.2,31108.8,8.380,120,98,147
2026-07-25T14:02:11Z,35.2960770,-106.5533989,1537.2,31117.2,8.360,120,98,147
2026-07-25T14:02:12Z,35.2960180,-106.5534190,1537.2,31125.7,8.400,120,99,155
2026-07-25T14:02:13Z,35.2959470,-106.5534480,1537.2,31134.2,8.440,120,99,146
2026-07-25T14:02:14Z,35.2958750,-106.5534760,1537.2,31142.8,8.500,120,99,157
2026-07-25T14:02:15Z,35.2957890,-106.5535099,1537.2,31151.3,8.500,120,100,149
2026-07-25T14:02:16Z,35.2957160,-106.5535360,1537.2,31159.8,8.520,120,100,153
2026-07-25T14:02:17Z,35.2956570,-106.5535580,1537.2,31168.6,8.580,120,100,150
2026-07-25T14:02:18Z,35.2955830,-106.5535839,1537.2,31177.0,8.560,120,100,157
2026-07-25T14:02:19Z,35.2955110,-106.5536109,1537.0,31185.3,8.500,120,100,153
2026-07-25T14:02:20Z,35.2954219,-106.5536450,1537.0,31193.9,8.520,120,100,150
2026-07-25T14:02:21Z,35.2953499,-106.5536740,1537.0,31202.4,8.520,120,100,158
2026-07-25T14:02:22Z,35.2952929,-106.5537020,1536.8,31210.9,8.460,121,100,157
2026-07-25T14:02:23Z,35.2952230,-106.5537399,1536.8,31219.3,8.460,120,100,157
2026-07-25T14:02:24Z,35.2951530,-106.5537760,1536.8,31227.7,8.480,120,100,154
2026-07-25T14:02:25Z,35.2950680,-106.5538180,1536.6,31236.2,8.460,120,99,162
2026-07-25T14:02:26Z,35.2949970,-106.5538510,1536.6,31244.6,8.440,121,99,164
2026-07-25T14:02:27Z,35.2949270,-106.5538869,1536.6,31253.1,8.440,121,99,154
2026-07-25T14:02:28Z,35.2948709,-106.5539159,1536.6,31261.6,8.460,121,99,152
2026-07-25T14:02:29Z,35.2948009,-106.5539510,1536.6,31269.9,8.440,121,99,148
2026-07-25T14:02:30Z,35.2947309,-106.5539830,1536.6,31278.4,8.440,121,99,152
2026-07-25T14:02:31Z,35.2946470,-106.5540220,1536.6,31286.6,8.400,122,99,152
2026-07-25T14:02:32Z,35.2945770,-106.5540540,1536.6,31294.8,8.340,122,98,152
2026-07-25T14:02:33Z,35.2945200,-106.5540800,1536.6,31303.2,8.320,122,97,154
2026-07-25T14:02:34Z,35.2944500,-106.5541129,1536.6,31311.4,8.300,123,98,167
2026-07-25T14:02:35Z,35.2943800,-106.5541469,1536.6,31319.5,8.220,123,98,168
2026-07-25T14:02:36Z,35.2942969,-106.5541859,1536.4,31328.0,8.280,123,97,153
2026-07-25T14:02:37Z,35.2942279,-106.5542179,1536.4,31336.3,8.300,123,97,183
2026-07-25T14:02:38Z,35.2941610,-106.5542520,1536.4,31344.7,8.300,123,97,194
2026-07-25T14:02:39Z,35.2941070,-106.5542780,1536.4,31353.1,8.340,123,98,200
2026-07-25T14:02:40Z,35.2940379,-106.5543100,1536.4,31361.4,8.380,123,98,185
2026-07-25T14:02:41Z,35.2939549,-106.5543469,1536.2,31369.8,8.360,123,98,164
2026-07-25T14:02:42Z,35.2938850,-106.5543800,1536.2,31378.4,8.420,123,98,158
2026-07-25T14:02:43Z,35.2938150,-106.5544149,1536.2,31387.0,8.460,123,99,152
2026-07-25T14:02:44Z,35.2937440,-106.5544489,1536.2,31395.6,8.500,124,99,149
2026-07-25T14:02:45Z,35.2936740,-106.5544820,1536.2,31404.2,8.560,124,99,138
2026-07-25T14:02:46Z,35.2936040,-106.5545150,1536.2,31412.6,8.560,124,99,151
2026-07-25T14:02:47Z,35.2935349,-106.5545489,1536.2,31421.1,8.540,125,99,130
2026-07-25T14:02:48Z,35.2934649,-106.5545810,1536.2,31429.6,8.520,125,99,136
2026-07-25T14:02:49Z,35.2933939,-106.5546140,1536.2,31438.0,8.480,125,99,136
2026-07-25T14:02:50Z,35.2933240,-106.5546499,1536.2,31446.4,8.440,125,99,134
2026-07-25T14:02:51Z,35.2932540,-106.5546840,1536.2,31454.9,8.460,124,99,150
2026-07-25T14:02:52Z,35.2931840,-106.5547189,1536.2,31463.6,8.500,125,99,160
2026-07-25T14:02:53Z,35.2931140,-106.5547530,1536.2,31472.0,8.480,125,100,145
2026-07-25T14:02:54Z,35.2930430,-106.5547870,1536.0,31480.6,8.520,125,99,151
2026-07-25T14:02:55Z,35.2929729,-106.5548219,1536.0,31488.9,8.500,124,99,138
2026-07-25T14:02:56Z,35.2929009,-106.5548550,1536.0,31497.5,8.520,125,99,135
2026-07-25T14:02:57Z,35.2928289,-106.5548850,1535.8,31505.8,8.440,124,99,140
2026-07-25T14:02:58Z,35.2927579,-106.5549170,1535.8,31514.1,8.420,124,99,146
2026-07-25T14:02:59Z,35.2926879,-106.5549509,1535.8,31522.6,8.400,124,99,139
2026-07-25T14:03:00Z,35.2926179,-106.5549830,1535.8,31531.0,8.420,123,99,149
2026-07-25T14:03:01Z,35.2925470,-106.5550170,1535.6,31539.2,8.340,124,99,149
2026-07-25T14:03:02Z,35.2924780,-106.5550540,1535.4,31547.7,8.380,123,99,147
2026-07-25T14:03:03Z,35.2924110,-106.5550909,1535.2,31556.0,8.380,124,98,143
2026-07-25T14:03:04Z,35.2923419,-106.5551260,1535.2,31564.4,8.360,123,98,144
2026-07-25T14:03:05Z,35.2922719,-106.5551580,1535.2,31572.7,8.340,124,98,144
2026-07-25T14:03:06Z,35.2922030,-106.5551939,1535.0,31580.9,8.340,123,98,142
2026-07-25T14:03:07Z,35.2921340,-106.5552300,1535.0,31589.2,8.300,123,97,151
2026-07-25T14:03:08Z,35.2920650,-106.5552639,1535.0,31597.5,8.300,124,97,159
2026-07-25T14:03:09Z,35.2919979,-106.5552990,1534.8,31605.9,8.300,123,98,156
2026-07-25T14:03:10Z,35.2919310,-106.5553359,1534.8,31614.3,8.320,123,98,151
2026-07-25T14:03:11Z,35.2918630,-106.5553750,1534.8,31622.6,8.340,123,97,145
2026-07-25T14:03:12Z,35.2917959,-106.5554160,1534.8,31630.7,8.300,123,98,160
2026-07-25T14:03:13Z,35.2917259,-106.5554500,1534.8,31638.8,8.260,123,97,150
2026-07-25T14:03:14Z,35.2916560,-106.5554770,1534.8,31647.3,8.280,123,97,162
2026-07-25T14:03:15Z,35.2915870,-106.5555099,1534.6,31655.6,8.260,123,98,160
2026-07-25T14:03:16Z,35.2915209,-106.5555519,1534.6,31663.8,8.240,123,98,159
2026-07-25T14:03:17Z,35.2914550,-106.5555959,1534.6,31672.1,8.280,122,99,170
2026-07-25T14:03:18Z,35.2913880,-106.5556399,1534.4,31680.6,8.360,122,99,172
2026-07-25T14:03:19Z,35.2913199,-106.5556819,1534.4,31688.9,8.320,123,99,170
2026-07-25T14:03:20Z,35.2912530,-106.5557210,1534.4,31697.5,8.380,122,99,171
2026-07-25T14:03:21Z,35.2911860,-106.5557620,1534.4,31705.9,8.420,123,99,165
2026-07-25T14:03:22Z,35.2911199,-106.5558040,1534.4,31714.5,8.480,123,99,173
2026-07-25T14:03:23Z,35.2910530,-106.5558490,1534.4,31722.9,8.460,123,99,151
2026-07-25T14:03:24Z,35.2909860,-106.5558920,1534.4,31731.5,8.520,123,99,162
2026-07-25T14:03:25Z,35.2909179,-106.5559360,1534.2,31739.9,8.480,123,100,168
2026-07-25T14:03:26Z,35.2908530,-106.5559800,1534.2,31748.6,8.540,123,100,160
2026-07-25T14:03:27Z,35.2907869,-106.5560240,1534.2,31757.1,8.520,124,100,161
2026-07-25T14:03:28Z,35.2907200,-106.5560680,1534.2,31765.5,8.520,124,100,162
2026-07-25T14:03:29Z,35.2906530,-106.5561149,1534.2,31774.2,8.540,124,100,170
2026-07-25T14:03:30Z,35.2905859,-106.5561610,1534.2,31782.6,8.540,124,100,178
2026-07-25T14:03:31Z,35.2905190,-106.5562050,1534.2,31791.1,8.500,124,99,178
2026-07-25T14:03:32Z,35.2904520,-106.5562470,1534.2,31799.3,8.440,124,99,157
2026-07-25T14:03:33Z,35.2903869,-106.5562910,1534.2,31807.8,8.460,124,99,156
2026-07-25T14:03:34Z,35.2903220,-106.5563350,1534.2,31816.2,8.400,125,99,164
2026-07-25T14:03:35Z,35.2902559,-106.5563800,1534.2,31824.5,8.380,125,98,159
2026-07-25T14:03:36Z,35.2901900,-106.5564250,1534.2,31833.0,8.380,125,99,160
2026-07-25T14:03:37Z,35.2901230,-106.5564690,1534.2,31841.5,8.440,125,99,166
2026-07-25T14:03:38Z,35.2900579,-106.5565140,1534.2,31849.9,8.420,125,99,148
2026-07-25T14:03:39Z,35.2899910,-106.5565589,1534.2,31858.4,8.440,126,99,147
2026-07-25T14:03:40Z,35.2899259,-106.5566039,1534.2,31866.8,8.460,125,99,154
2026-07-25T14:03:41Z,35.2898620,-106.5566489,1534.2,31875.2,8.440,125,99,155
2026-07-25T14:03:42Z,35.2897969,-106.5566940,1534.2,31883.7,8.440,125,100,148
2026-07-25T14:03:43Z,35.2897300,-106.5567390,1534.2,31892.4,8.500,125,100,161
2026-07-25T14:03:44Z,35.2896640,-106.5567820,1534.2,31901.0,8.520,125,100,161
2026-07-25T14:03:45Z,35.2895969,-106.5568280,1534.2,31909.6,8.560,125,100,154
2026-07-25T14:03:46Z,35.2895310,-106.5568749,1534.2,31918.1,8.580,125,100,150
2026-07-25T14:03:47Z,35.2894649,-106.5569199,1534.2,31926.6,8.580,125,100,161
2026-07-25T14:03:48Z,35.2893990,-106.5569639,1534.0,31935.2,8.560,125,100,148
2026-07-25T14:03:49Z,35.2893320,-106.5570079,1534.0,31943.9,8.580,125,100,145
2026-07-25T14:03:50Z,35.2892649,-106.5570499,1534.0,31952.4,8.560,125,100,144
2026-07-25T14:03:51Z,35.2891990,-106.5570949,1534.0,31961.2,8.620,125,100,152
2026-07-25T14:03:52Z,35.2891329,-106.5571420,1533.8,31969.6,8.600,125,100,162
2026-07-25T14:03:53Z,35.2890670,-106.5571850,1533.8,31978.2,8.600,125,100,149
2026-07-25T14:03:54Z,35.2890000,-106.5572290,1533.8,31986.7,8.560,125,100,163
2026-07-25T14:03:55Z,35.2889329,-106.5572730,1533.8,31995.1,8.540,125,99,161
2026-07-25T14:03:56Z,35.2888660,-106.5573180,1533.6,32003.7,8.500,124,100,155
2026-07-25T14:03:57Z,35.2888000,-106.5573639,1533.4,32012.3,8.540,124,100,171
2026-07-25T14:03:58Z,35.2887329,-106.5574089,1533.4,32020.8,8.520,124,100,154
2026-07-25T14:03:59Z,35.2886660,-106.5574539,1533.2,32029.3,8.520,124,100,154
2026-07-25T14:04:00Z,35.2886000,-106.5574990,1533.2,32037.8,8.540,123,100,154
2026-07-25T14:04:01Z,35.2885340,-106.5575440,1533.0,32046.4,8.540,123,100,161
2026-07-25T14:04:02Z,35.2884680,-106.5575910,1533.0,32055.0,8.540,123,101,164
2026-07-25T14:04:03Z,35.2884009,-106.5576389,1533.0,32063.5,8.540,123,101,162
2026-07-25T14:04:04Z,35.2883350,-106.5576860,1533.0,32072.0,8.540,124,101,158
2026-07-25T14:04:05Z,35.2882670,-106.5577290,1533.0,32080.8,8.600,123,101,166
2026-07-25T14:04:06Z,35.2881989,-106.5577720,1532.8,32089.3,8.580,124,101,163
2026-07-25T14:04:07Z,35.2881350,-106.5578190,1532.8,32097.8,8.560,124,100,163
2026-07-25T14:04:08Z,35.2880689,-106.5578660,1532.8,32106.3,8.560,124,100,175
2026-07-25T14:04:09Z,35.2880030,-106.5579119,1532.8,32114.9,8.580,124,100,160
2026-07-25T14:04:10Z,35.2879370,-106.5579569,1532.8,32123.3,8.500,124,100,172
2026-07-25T14:04:11Z,35.2878709,-106.5580030,1532.8,32131.8,8.500,124,100,165
2026-07-25T14:04:12Z,35.2878040,-106.5580480,1532.8,32140.3,8.500,125,100,173
2026-07-25T14:04:13Z,35.2877370,-106.5580920,1532.8,32148.9,8.520,125,100,182
2026-07-25T14:04:14Z,35.2876699,-106.5581380,1532.8,32157.5,8.520,125,101,178
2026-07-25T14:04:15Z,35.2876040,-106.5581849,1532.8,32166.0,8.540,125,101,225
2026-07-25T14:04:16Z,35.2875369,-106.5582289,1532.8,32174.4,8.520,125,100,165
2026-07-25T14:04:17Z,35.2874710,-106.5582729,1532.8,32183.0,8.540,125,100,165
2026-07-25T14:04:18Z,35.2874040,-106.5583169,1532.6,32191.4,8.500,125,100,148
2026-07-25T14:04:19Z,35.2873369,-106.5583610,1532.6,32199.9,8.480,126,100,156
2026-07-25T14:04:20Z,35.2872700,-106.5584060,1532.6,32208.6,8.520,125,100,169
2026-07-25T14:04:21Z,35.2872040,-106.5584520,1532.6,32217.3,8.580,126,99,164
2026-07-25T14:04:22Z,35.2871400,-106.5584989,1532.6,32225.8,8.560,126,99,155
2026-07-25T14:04:23Z,35.2870759,-106.5585469,1532.6,32234.2,8.560,126,99,158
2026-07-25T14:04:24Z,35.2870110,-106.5585940,1532.6,32242.9,8.600,126,99,192
2026-07-25T14:04:25Z,35.2869440,-106.5586380,1532.8,32251.3,8.540,126,99,195
2026-07-25T14:04:26Z,35.2868769,-106.5586810,1532.8,32259.5,8.440,126,99,180
2026-07-25T14:04:27Z,35.2868100,-106.5587240,1532.8,32267.9,8.420,126,99,161
2026-07-25T14:04:28Z,35.2867440,-106.5587690,1532.8,32276.3,8.420,126,99,161
2026-07-25T14:04:29Z,35.2866779,-106.5588150,1533.0,32284.8,8.380,126,99,175
2026-07-25T14:04:30Z,35.2866130,-106.5588589,1533.0,32293.4,8.420,126,99,176
2026-07-25T14:04:31Z,35.2865459,-106.5589029,1533.0,32301.9,8.480,125,99,167
2026-07-25T14:04:32Z,35.2864810,-106.5589459,1533.0,32310.4,8.500,125,99,170
2026-07-25T14:04:33Z,35.2864149,-106.5589889,1533.2,32318.8,8.500,125,99,168
2026-07-25T14:04:34Z,35.2863490,-106.5590319,1533.2,32327.3,8.500,125,99,178
2026-07-25T14:04:35Z,35.2862840,-106.5590759,1533.2,32335.9,8.500,125,99,175
2026-07-25T14:04:36Z,35.2862179,-106.5591209,1533.2,32344.4,8.500,124,100,175
2026-07-25T14:04:37Z,35.2861490,-106.5591649,1533.2,32352.9,8.500,125,100,164
2026-07-25T14:04:38Z,35.2860820,-106.5592079,1533.2,32361.6,8.560,124,100,164
2026-07-25T14:04:39Z,35.2860149,-106.5592509,1533.2,32370.3,8.600,124,101,164
2026-07-25T14:04:40Z,35.2859490,-106.5592960,1533.2,32378.9,8.600,125,102,187
2026-07-25T14:04:41Z,35.2858810,-106.5593430,1533.2,32387.7,8.660,125,102,176
2026-07-25T14:04:42Z,35.2858139,-106.5593919,1533.2,32396.4,8.700,125,103,138
2026-07-25T14:04:43Z,35.2857460,-106.5594389,1533.2,32405.2,8.720,125,103,137
2026-07-25T14:04:44Z,35.2856770,-106.5594850,1533.2,32413.9,8.720,125,103,135
2026-07-25T14:04:45Z,35.2856080,-106.5595300,1533.0,32422.7,8.760,126,103,126
2026-07-25T14:04:46Z,35.2855399,-106.5595770,1533.0,32431.5,8.760,125,103,133
2026-07-25T14:04:47Z,35.2854720,-106.5596259,1533.0,32440.3,8.780,126,103,129
2026-07-25T14:04:48Z,35.2854020,-106.5596730,1533.0,32449.2,8.800,126,103,131
2026-07-25T14:04:49Z,35.2853330,-106.5597210,1533.0,32458.1,8.840,125,103,139
2026-07-25T14:04:50Z,35.2852630,-106.5597689,1533.0,32466.8,8.820,126,103,139
2026-07-25T14:04:51Z,35.2851939,-106.5598170,1533.0,32475.5,8.800,125,103,136
2026-07-25T14:04:52Z,35.2851239,-106.5598640,1533.0,32484.3,8.800,125,103,136
2026-07-25T14:04:53Z,35.2850540,-106.5599099,1533.0,32493.2,8.800,125,103,139
2026-07-25T14:04:54Z,35.2849860,-106.5599569,1532.8,32501.9,8.760,125,103,129
2026-07-25T14:04:55Z,35.2849189,-106.5600040,1532.8,32510.7,8.780,124,104,132
2026-07-25T14:04:56Z,35.2848499,-106.5600500,1533.0,32519.6,8.820,124,104,136
2026-07-25T14:04:57Z,35.2847810,-106.5600979,1533.0,32528.5,8.840,124,104,143
2026-07-25T14:04:58Z,35.2847130,-106.5601450,1533.0,32537.3,8.820,124,104,153
2026-07-25T14:04:59Z,35.2846440,-106.5601920,1532.8,32546.2,8.860,124,104,166
2026-07-25T14:05:00Z,35.2845720,-106.5602370,1532.8,32554.8,8.820,124,104,149
2026-07-25T14:05:01Z,35.2845029,-106.5602839,1532.6,32563.7,8.820,124,104,142
2026-07-25T14:05:02Z,35.2844339,-106.5603320,1532.6,32572.5,8.800,124,100,201
2026-07-25T14:05:03Z,35.2843660,-106.5603780,1532.8,32581.4,8.820,124,94,213
2026-07-25T14:05:04Z,35.2842990,-106.5604250,1532.8,32590.3,8.820,124,95,189
2026-07-25T14:05:05Z,35.2842289,-106.5604709,1532.6,32599.3,8.900,124,95,177
2026-07-25T14:05:06Z,35.2841589,-106.5605190,1532.6,32608.2,8.900,124,96,151
2026-07-25T14:05:07Z,35.2840889,-106.5605670,1532.8,32617.1,8.920,124,96,154
2026-07-25T14:05:08Z,35.2840179,-106.5606159,1532.6,32626.2,8.960,124,96,161
2026-07-25T14:05:09Z,35.2839480,-106.5606650,1532.6,32635.1,8.960,125,96,142
2026-07-25T14:05:10Z,35.2838760,-106.5607130,1532.6,32644.1,8.960,125,96,144
2026-07-25T14:05:11Z,35.2838050,-106.5607599,1532.6,32653.2,9.000,125,97,144
2026-07-25T14:05:12Z,35.2837350,-106.5608080,1532.6,32662.3,9.040,125,97,146
2026-07-25T14:05:13Z,35.2836640,-106.5608560,1532.6,32671.4,9.040,124,97,147
2026-07-25T14:05:14Z,35.2835920,-106.5609039,1532.8,32680.4,9.060,124,98,148
2026-07-25T14:05:15Z,35.2835210,-106.5609550,1532.8,32689.7,9.120,125,98,148
2026-07-25T14:05:16Z,35.2834500,-106.5610039,1532.8,32698.8,9.120,125,97,139
2026-07-25T14:05:17Z,35.2833790,-106.5610520,1532.8,32707.8,9.100,124,98,147
2026-07-25T14:05:18Z,35.2833050,-106.5611019,1532.8,32716.9,9.100,124,98,148
2026-07-25T14:05:19Z,35.2832340,-106.5611510,1532.8,32726.0,9.120,124,98,138
2026-07-25T14:05:20Z,35.2831639,-106.5612000,1532.8,32735.3,9.120,124,98,138
2026-07-25T14:05:21Z,35.2830939,-106.5612520,1532.8,32744.3,9.100,124,98,160
2026-07-25T14:05:22Z,35.2830239,-106.5613030,1532.8,32753.6,9.160,124,99,147
2026-07-25T14:05:23Z,35.2829509,-106.5613530,1532.8,32762.9,9.200,124,99,138
2026-07-25T14:05:24Z,35.2828779,-106.5614010,1532.8,32772.1,9.220,123,99,147
2026-07-25T14:05:25Z,35.2828030,-106.5614489,1532.6,32781.2,9.180,124,99,141
2026-07-25T14:05:26Z,35.2827280,-106.5614990,1532.6,32790.4,9.220,123,99,147
2026-07-25T14:05:27Z,35.2826560,-106.5615479,1532.6,32799.7,9.220,123,99,140
2026-07-25T14:05:28Z,35.2825820,-106.5615970,1532.6,32808.9,9.200,123,99,135
2026-07-25T14:05:29Z,35.2825090,-106.5616470,1532.6,32818.1,9.200,123,99,137
2026-07-25T14:05:30Z,35.2824359,-106.5616959,1532.6,32827.2,9.200,123,99,140
2026-07-25T14:05:31Z,35.2823619,-106.5617450,1532.6,32836.5,9.220,123,99,143
2026-07-25T14:05:32Z,35.2822879,-106.5617959,1532.6,32845.7,9.200,123,99,133
2026-07-25T14:05:33Z,35.2822140,-106.5618470,1532.6,32854.9,9.200,123,99,133
2026-07-25T14:05:34Z,35.2821420,-106.5618969,1532.6,32864.2,9.220,123,99,151
2026-07-25T14:05:35Z,35.2820700,-106.5619480,1532.6,32873.4,9.240,122,99,151
2026-07-25T14:05:36Z,35.2819970,-106.5619979,1532.6,32882.6,9.220,123,99,139
2026-07-25T14:05:37Z,35.2819250,-106.5620480,1532.6,32891.9,9.240,123,98,142
2026-07-25T14:05:38Z,35.2818520,-106.5620969,1532.6,32901.3,9.280,123,99,150
2026-07-25T14:05:39Z,35.2817780,-106.5621460,1532.6,32910.6,9.280,122,99,155
2026-07-25T14:05:40Z,35.2817060,-106.5621969,1532.8,32919.8,9.280,123,99,145
2026-07-25T14:05:41Z,35.2816340,-106.5622460,1532.8,32929.0,9.280,123,99,151
2026-07-25T14:05:42Z,35.2815630,-106.5622959,1532.8,32938.3,9.280,122,100,146
2026-07-25T14:05:43Z,35.2814900,-106.5623439,1532.8,32947.5,9.240,122,99,142
2026-07-25T14:05:44Z,35.2814160,-106.5623930,1532.8,32956.8,9.240,122,99,146
2026-07-25T14:05:45Z,35.2813440,-106.5624390,1532.8,32965.9,9.220,122,99,138
2026-07-25T14:05:46Z,35.2812720,-106.5624890,1532.8,32975.4,9.280,122,99,151
2026-07-25T14:05:47Z,35.2812000,-106.5625390,1532.6,32984.7,9.280,122,99,153
2026-07-25T14:05:48Z,35.2811290,-106.5625920,1532.6,32993.8,9.260,122,99,163
2026-07-25T14:05:49Z,35.2810590,-106.5626429,1532.6,33003.3,9.300,122,100,151
2026-07-25T14:05:50Z,35.2809860,-106.5626930,1532.6,33012.6,9.340,122,100,148
2026-07-25T14:05:51Z,35.2809120,-106.5627429,1532.6,33021.9,9.300,123,100,148
2026-07-25T14:05:52Z,35.2808369,-106.5627920,1532.6,33031.3,9.320,122,100,155
2026-07-25T14:05:53Z,35.2807620,-106.5628410,1532.6,33040.6,9.360,122,100,154
2026-07-25T14:05:54Z,35.2806850,-106.5628869,1532.4,33050.1,9.360,122,100,154
2026-07-25T14:05:55Z,35.2806100,-106.5629350,1532.4,33059.4,9.360,122,100,154
2026-07-25T14:05:56Z,35.2805349,-106.5629830,1532.4,33068.7,9.360,122,100,153
2026-07-25T14:05:57Z,35.2804590,-106.5630339,1532.4,33078.1,9.360,123,100,152
2026-07-25T14:05:58Z,35.2803860,-106.5630850,1532.4,33087.4,9.360,123,100,141
2026-07-25T14:05:59Z,35.2803130,-106.5631380,1532.4,33096.7,9.320,123,100,140
2026-07-25T14:06:00Z,35.2802400,-106.5631889,1532.4,33106.2,9.360,124,100,149
2026-07-25T14:06:01Z,35.2801680,-106.5632400,1532.4,33115.7,9.400,124,100,145
2026-07-25T14:06:02Z,35.2800950,-106.5632899,1532.4,33125.1,9.400,124,100,150
2026-07-25T14:06:03Z,35.2800199,-106.5633400,1532.2,33134.3,9.380,124,100,150
2026-07-25T14:06:04Z,35.2799469,-106.5633919,1532.2,33143.5,9.360,125,99,150
2026-07-25T14:06:05Z,35.2798739,-106.5634430,1532.2,33152.6,9.280,124,99,146
2026-07-25T14:06:06Z,35.2798019,-106.5634939,1532.0,33161.9,9.240,125,98,148
2026-07-25T14:06:07Z,35.2797319,-106.5635430,1532.0,33171.1,9.200,124,98,159
2026-07-25T14:06:08Z,35.2796599,-106.5635919,1532.0,33180.3,9.200,125,98,191
2026-07-25T14:06:09Z,35.2795869,-106.5636379,1531.8,33189.4,9.180,125,98,159
2026-07-25T14:06:10Z,35.2795139,-106.5636860,1531.8,33198.5,9.180,125,98,141
2026-07-25T14:06:11Z,35.2794419,-106.5637339,1531.8,33207.6,9.140,124,98,161
2026-07-25T14:06:12Z,35.2793699,-106.5637830,1531.8,33216.8,9.140,125,98,159
2026-07-25T14:06:13Z,35.2792979,-106.5638320,1531.8,33226.0,9.140,125,97,159
2026-07-25T14:06:14Z,35.2792239,-106.5638789,1531.8,33235.0,9.120,124,97,144
2026-07-25T14:06:15Z,35.2791519,-106.5639249,1531.8,33244.0,9.100,125,97,150
2026-07-25T14:06:16Z,35.2790809,-106.5639730,1531.8,33253.1,9.100,124,97,152
2026-07-25T14:06:17Z,35.2790089,-106.5640210,1531.8,33262.4,9.120,124,97,149
2026-07-25T14:06:18Z,35.2789379,-106.5640720,1531.8,33271.5,9.100,124,97,147
2026-07-25T14:06:19Z,35.2788679,-106.5641229,1531.8,33280.4,9.080,123,97,149
2026-07-25T14:06:20Z,35.2787959,-106.5641730,1532.0,33289.6,9.120,123,97,150
2026-07-25T14:06:21Z,35.2787229,-106.5642229,1532.0,33298.8,9.140,124,98,163
2026-07-25T14:06:22Z,35.2786509,-106.5642699,1532.0,33307.9,9.100,123,98,146
2026-07-25T14:06:23Z,35.2785779,-106.5643180,1532.0,33317.2,9.140,123,98,148
2026-07-25T14:06:24Z,35.2785059,-106.5643660,1532.0,33326.4,9.200,124,99,153
2026-07-25T14:06:25Z,35.2784320,-106.5644139,1532.2,33335.6,9.200,123,99,158
2026-07-25T14:06:26Z,35.2783590,-106.5644640,1532.2,33344.9,9.220,124,100,170
2026-07-25T14:06:27Z,35.2782860,-106.5645119,1532.2,33354.1,9.240,124,100,151
2026-07-25T14:06:28Z,35.2782120,-106.5645610,1532.2,33363.6,9.280,123,100,148
2026-07-25T14:06:29Z,35.2781380,-106.5646100,1532.2,33373.0,9.320,123,100,148
2026-07-25T14:06:30Z,35.2780619,-106.5646600,1532.2,33382.5,9.380,123,101,156
2026-07-25T14:06:31Z,35.2779889,-106.5647110,1532.2,33391.7,9.360,124,101,139
2026-07-25T14:06:32Z,35.2779149,-106.5647620,1532.2,33401.2,9.420,123,101,147
2026-07-25T14:06:33Z,35.2778400,-106.5648120,1532.2,33410.6,9.400,123,100,141
2026-07-25T14:06:34Z,35.2777640,-106.5648620,1532.2,33419.9,9.380,124,101,144
2026-07-25T14:06:35Z,35.2776889,-106.5649120,1532.2,33429.2,9.340,124,100,146
2026-07-25T14:06:36Z,35.2776149,-106.5649640,1532.2,33438.9,9.440,124,101,149
2026-07-25T14:06:37Z,35.2775419,-106.5650159,1532.2,33448.4,9.440,125,101,136
2026-07-25T14:06:38Z,35.2774699,-106.5650710,1532.2,33457.7,9.420,125,101,140
2026-07-25T14:06:39Z,35.2773979,-106.5651260,1532.2,33467.2,9.460,125,101,142
2026-07-25T14:06:40Z,35.2773269,-106.5651800,1532.2,33476.8,9.520,125,100,147
2026-07-25T14:06:41Z,35.2772539,-106.5652339,1532.2,33486.0,9.420,125,100,170
2026-07-25T14:06:42Z,35.2771790,-106.5652850,1532.2,33495.3,9.380,125,100,177
2026-07-25T14:06:43Z,35.2771040,-106.5653339,1532.2,33504.7,9.400,125,99,171
2026-07-25T14:06:44Z,35.2770300,-106.5653820,1532.4,33514.0,9.360,125,99,166
2026-07-25T14:06:45Z,35.2769569,-106.5654280,1532.4,33523.3,9.300,125,99,158
2026-07-25T14:06:46Z,35.2768839,-106.5654749,1532.4,33532.7,9.340,125,99,160
2026-07-25T14:06:47Z,35.2768119,-106.5655240,1532.4,33542.0,9.340,125,99,161
2026-07-25T14:06:48Z,35.2767379,-106.5655740,1532.4,33551.4,9.340,125,99,161
2026-07-25T14:06:49Z,35.2766620,-106.5656229,1532.4,33560.7,9.340,125,100,161
2026-07-25T14:06:50Z,35.2765880,-106.5656740,1532.4,33570.2,9.380,125,100,155
2026-07-25T14:06:51Z,35.2765150,-106.5657229,1532.4,33579.6,9.380,125,99,150
2026-07-25T14:06:52Z,35.2764420,-106.5657730,1532.4,33588.9,9.380,125,99,148
2026-07-25T14:06:53Z,35.2763700,-106.5658219,1532.6,33598.2,9.360,125,99,147
2026-07-25T14:06:54Z,35.2762970,-106.5658740,1532.6,33607.4,9.340,125,99,148
2026-07-25T14:06:55Z,35.2762229,-106.5659249,1532.6,33616.9,9.340,124,100,146
2026-07-25T14:06:56Z,35.2761509,-106.5659750,1532.6,33626.1,9.300,124,100,136
2026-07-25T14:06:57Z,35.2760769,-106.5660239,1532.6,33635.5,9.320,124,99,144
2026-07-25T14:06:58Z,35.2760039,-106.5660720,1532.6,33644.8,9.320,124,99,161
2026-07-25T14:06:59Z,35.2759309,-106.5661219,1532.6,33654.1,9.340,124,99,163
2026-07-25T14:07:00Z,35.2758580,-106.5661730,1532.6,33663.4,9.300,124,99,168
2026-07-25T14:07:01Z,35.2757850,-106.5662210,1532.6,33672.6,9.300,123,99,165
2026-07-25T14:07:02Z,35.2757140,-106.5662720,1532.6,33681.7,9.240,123,99,173
2026-07-25T14:07:03Z,35.2756429,-106.5663229,1532.6,33691.2,9.280,123,99,174
2026-07-25T14:07:04Z,35.2755709,-106.5663740,1532.4,33700.4,9.260,123,99,162
2026-07-25T14:07:05Z,35.2754999,-106.5664239,1532.2,33709.5,9.220,123,99,165
2026-07-25T14:07:06Z,35.2754410,-106.5664650,1532.2,33718.9,9.260,123,99,171
2026-07-25T14:07:07Z,35.2753530,-106.5665239,1532.2,33728.0,9.260,122,99,177
2026-07-25T14:07:08Z,35.2752800,-106.5665709,1532.2,33737.2,9.200,122,99,165
2026-07-25T14:07:09Z,35.2752080,-106.5666160,1532.2,33746.3,9.180,122,99,165
2026-07-25T14:07:10Z,35.2751340,-106.5666630,1532.2,33755.7,9.240,122,99,174
2026-07-25T14:07:11Z,35.2750600,-106.5667109,1532.2,33765.0,9.220,122,99,174
2026-07-25T14:07:12Z,35.2750020,-106.5667510,1532.2,33774.2,9.240,122,99,166
2026-07-25T14:07:13Z,35.2749139,-106.5668100,1532.2,33783.6,9.280,122,99,174
2026-07-25T14:07:14Z,35.2748399,-106.5668599,1532.4,33793.2,9.380,122,99,169
2026-07-25T14:07:15Z,35.2747679,-106.5669090,1532.4,33802.6,9.380,122,99,163
2026-07-25T14:07:16Z,35.2746979,-106.5669620,1532.4,33811.9,9.380,122,100,161
2026-07-25T14:07:17Z,35.2746249,-106.5670139,1532.4,33821.4,9.440,122,100,158
2026-07-25T14:07:18Z,35.2745529,-106.5670640,1532.6,33831.1,9.500,122,100,148
2026-07-25T14:07:19Z,35.2744789,-106.5671139,1532.6,33840.5,9.460,122,101,148
2026-07-25T14:07:20Z,35.2744040,-106.5671640,1532.6,33849.9,9.460,123,101,150
2026-07-25T14:07:21Z,35.2743280,-106.5672139,1532.6,33859.3,9.480,123,101,163
2026-07-25T14:07:22Z,35.2742540,-106.5672660,1532.6,33868.8,9.480,122,101,150
2026-07-25T14:07:23Z,35.2741809,-106.5673179,1532.6,33878.2,9.420,123,100,161
2026-07-25T14:07:24Z,35.2741049,-106.5673670,1532.6,33887.6,9.420,123,100,158
2026-07-25T14:07:25Z,35.2740450,-106.5674090,1532.6,33897.0,9.420,123,100,164
2026-07-25T14:07:26Z,35.2739570,-106.5674690,1532.6,33906.5,9.440,123,100,177
2026-07-25T14:07:27Z,35.2738830,-106.5675169,1532.4,33915.8,9.400,124,100,163
2026-07-25T14:07:28Z,35.2738080,-106.5675650,1532.4,33925.1,9.380,123,100,161
2026-07-25T14:07:29Z,35.2737360,-106.5676150,1532.4,33934.5,9.380,124,100,169
2026-07-25T14:07:30Z,35.2736650,-106.5676660,1532.4,33943.9,9.380,124,100,172
2026-07-25T14:07:31Z,35.2736059,-106.5677059,1532.4,33953.2,9.340,124,100,160
2026-07-25T14:07:32Z,35.2735179,-106.5677670,1532.2,33962.4,9.320,125,99,162
2026-07-25T14:07:33Z,35.2734429,-106.5678170,1532.2,33971.8,9.340,125,99,164
2026-07-25T14:07:34Z,35.2733690,-106.5678670,1532.2,33981.1,9.320,125,99,183
2026-07-25T14:07:35Z,35.2732970,-106.5679180,1532.2,33990.3,9.280,126,99,186
2026-07-25T14:07:36Z,35.2732250,-106.5679690,1532.2,33999.6,9.280,126,99,178
2026-07-25T14:07:37Z,35.2731530,-106.5680190,1532.2,34008.8,9.280,126,99,175
2026-07-25T14:07:38Z,35.2730800,-106.5680679,1532.2,34018.2,9.280,126,99,170
2026-07-25T14:07:39Z,35.2730070,-106.5681170,1532.2,34027.4,9.260,126,100,172
2026-07-25T14:07:40Z,35.2729340,-106.5681639,1532.2,34036.6,9.260,127,100,185
2026-07-25T14:07:41Z,35.2728640,-106.5682120,1532.2,34046.0,9.280,127,99,150
2026-07-25T14:07:42Z,35.2727920,-106.5682610,1532.2,34055.4,9.320,127,99,146
2026-07-25T14:07:43Z,35.2727190,-106.5683130,1532.2,34064.6,9.280,127,99,144
2026-07-25T14:07:44Z,35.2726460,-106.5683630,1532.2,34073.7,9.260,127,99,136
2026-07-25T14:07:45Z,35.2725720,-106.5684119,1532.2,34083.1,9.300,127,99,141
2026-07-25T14:07:46Z,35.2725000,-106.5684600,1532.2,34092.4,9.280,126,99,144
2026-07-25T14:07:47Z,35.2724269,-106.5685109,1532.2,34101.8,9.280,126,99,147
2026-07-25T14:07:48Z,35.2723549,-106.5685620,1532.2,34111.1,9.300,126,99,150
2026-07-25T14:07:49Z,35.2722829,-106.5686119,1532.2,34120.4,9.340,126,99,144
2026-07-25T14:07:50Z,35.2722089,-106.5686610,1532.4,34129.7,9.320,126,98,147
2026-07-25T14:07:51Z,35.2721349,-106.5687090,1532.4,34138.8,9.280,126,98,165
2026-07-25T14:07:52Z,35.2720629,-106.5687559,1532.4,34147.7,9.180,126,98,178
2026-07-25T14:07:53Z,35.2719759,-106.5688129,1532.6,34156.8,9.140,126,97,179
2026-07-25T14:07:54Z,35.2719189,-106.5688530,1532.6,34165.9,9.100,126,97,166
2026-07-25T14:07:55Z,35.2718489,-106.5689040,1532.6,34174.8,9.020,126,97,166
2026-07-25T14:07:56Z,35.2717789,-106.5689530,1532.6,34183.9,9.020,126,96,171
2026-07-25T14:07:57Z,35.2717080,-106.5689989,1532.6,34192.8,9.020,126,96,179
2026-07-25T14:07:58Z,35.2716359,-106.5690449,1532.6,34201.7,8.980,126,96,181
2026-07-25T14:07:59Z,35.2715650,-106.5690920,1532.6,34210.7,8.960,126,96,181
2026-07-25T14:08:00Z,35.2714950,-106.5691400,1532.6,34219.7,8.980,126,95,176
2026-07-25T14:08:01Z,35.2714270,-106.5691889,1532.6,34228.6,8.940,126,95,169
2026-07-25T14:08:02Z,35.2713589,-106.5692400,1532.6,34237.6,8.960,126,95,169
2026-07-25T14:08:03Z,35.2712889,-106.5692899,1532.6,34246.5,8.960,126,95,192
2026-07-25T14:08:04Z,35.2712179,-106.5693360,1532.8,34255.4,8.940,126,95,201
2026-07-25T14:08:05Z,35.2711449,-106.5693810,1532.8,34264.1,8.880,126,95,175
2026-07-25T14:08:06Z,35.2710739,-106.5694250,1532.8,34272.9,8.860,126,95,180
2026-07-25T14:08:07Z,35.2709910,-106.5694790,1532.8,34282.0,8.880,126,95,156
2026-07-25T14:08:08Z,35.2709360,-106.5695159,1532.8,34290.9,8.880,127,95,161
2026-07-25T14:08:09Z,35.2708670,-106.5695650,1532.8,34300.0,8.920,126,96,161
2026-07-25T14:08:10Z,35.2707960,-106.5696150,1532.8,34309.1,9.000,126,96,176
2026-07-25T14:08:11Z,35.2707269,-106.5696639,1533.0,34317.9,9.000,126,95,200
2026-07-25T14:08:12Z,35.2706569,-106.5697100,1533.0,34326.6,8.920,126,94,204
2026-07-25T14:08:13Z,35.2705870,-106.5697550,1533.0,34335.3,8.880,126,93,188
2026-07-25T14:08:14Z,35.2705160,-106.5698010,1533.0,34344.0,8.800,126,92,172
2026-07-25T14:08:15Z,35.2704490,-106.5698479,1533.0,34352.8,8.740,126,93,171
2026-07-25T14:08:16Z,35.2703829,-106.5698960,1533.0,34361.5,8.720,126,94,171
2026-07-25T14:08:17Z,35.2703119,-106.5699450,1533.0,34370.6,8.800,125,94,168
2026-07-25T14:08:18Z,35.2702420,-106.5699939,1533.0,34379.4,8.820,125,95,179
2026-07-25T14:08:19Z,35.2701740,-106.5700420,1533.0,34388.2,8.840,125,96,176
2026-07-25T14:08:20Z,35.2701030,-106.5700909,1533.2,34397.2,8.880,125,96,154
2026-07-25T14:08:21Z,35.2700310,-106.5701389,1533.2,34406.3,8.960,125,97,166
2026-07-25T14:08:22Z,35.2699580,-106.5701870,1533.2,34415.4,8.960,125,97,163
2026-07-25T14:08:23Z,35.2698870,-106.5702320,1533.2,34424.3,8.980,125,97,172
2026-07-25T14:08:24Z,35.2698150,-106.5702750,1533.0,34433.6,9.080,124,97,162
2026-07-25T14:08:25Z,35.2697420,-106.5703190,1533.2,34442.9,9.140,124,98,166
2026-07-25T14:08:26Z,35.2696700,-106.5703659,1533.2,34452.0,9.140,124,98,166
2026-07-25T14:08:27Z,35.2695990,-106.5704150,1533.0,34461.2,9.160,123,98,161
2026-07-25T14:08:28Z,35.2695270,-106.5704649,1533.0,34470.4,9.220,124,98,155
2026-07-25T14:08:29Z,35.2694560,-106.5705150,1533.0,34479.5,9.180,124,98,163
2026-07-25T14:08:30Z,35.2693840,-106.5705620,1533.0,34488.6,9.140,123,98,155
2026-07-25T14:08:31Z,35.2693110,-106.5706099,1532.8,34497.9,9.180,123,98,153
2026-07-25T14:08:32Z,35.2692390,-106.5706580,1532.8,34507.1,9.180,123,98,153
2026-07-25T14:08:33Z,35.2691680,-106.5707060,1532.8,34516.4,9.200,123,99,155
2026-07-25T14:08:34Z,35.2690960,-106.5707549,1532.6,34525.8,9.260,123,99,153
2026-07-25T14:08:35Z,35.2690090,-106.5708129,1532.6,34535.3,9.340,123,99,141
2026-07-25T14:08:36Z,35.2689500,-106.5708520,1532.6,34544.8,9.380,123,99,133
2026-07-25T14:08:37Z,35.2688780,-106.5709020,1532.4,34554.0,9.380,123,99,126
2026-07-25T14:08:38Z,35.2688060,-106.5709529,1532.4,34563.3,9.380,122,99,135
2026-07-25T14:08:39Z,35.2687320,-106.5710020,1532.4,34572.7,9.380,122,99,136
2026-07-25T14:08:40Z,35.2686579,-106.5710530,1532.2,34582.0,9.340,122,99,122
2026-07-25T14:08:41Z,35.2685829,-106.5711009,1532.0,34591.3,9.300,122,99,117
2026-07-25T14:08:42Z,35.2685099,-106.5711500,1532.0,34600.8,9.360,123,99,135
2026-07-25T14:08:43Z,35.2684379,-106.5712009,1532.0,34610.3,9.400,122,100,138
2026-07-25T14:08:44Z,35.2683640,-106.5712490,1531.8,34619.6,9.380,123,100,136
2026-07-25T14:08:45Z,35.2682900,-106.5712960,1531.8,34629.0,9.400,122,100,123
2026-07-25T14:08:46Z,35.2682150,-106.5713410,1531.6,34638.3,9.400,122,100,123
2026-07-25T14:08:47Z,35.2681409,-106.5713869,1531.6,34647.7,9.380,122,100,135
2026-07-25T14:08:48Z,35.2680659,-106.5714309,1531.4,34657.1,9.360,122,100,125
2026-07-25T14:08:49Z,35.2679760,-106.5714850,1531.4,34666.4,9.360,123,100,143
2026-07-25T14:08:50Z,35.2679150,-106.5715230,1531.4,34676.0,9.400,122,100,139
2026-07-25T14:08:51Z,35.2678400,-106.5715710,1531.4,34685.5,9.440,122,101,140
2026-07-25T14:08:52Z,35.2677669,-106.5716189,1531.2,34694.9,9.440,122,101,141
2026-07-25T14:08:53Z,35.2676919,-106.5716660,1531.2,34704.3,9.440,122,101,147
2026-07-25T14:08:54Z,35.2676140,-106.5717100,1531.2,34713.7,9.460,122,101,144
2026-07-25T14:08:55Z,35.2675359,-106.5717530,1531.2,34723.1,9.420,122,101,159
2026-07-25T14:08:56Z,35.2674590,-106.5717960,1531.0,34732.4,9.380,122,101,156
2026-07-25T14:08:57Z,35.2673820,-106.5718400,1531.0,34741.7,9.360,122,100,143
2026-07-25T14:08:58Z,35.2673080,-106.5718840,1531.0,34750.9,9.320,122,100,146
2026-07-25T14:08:59Z,35.2672319,-106.5719309,1531.0,34760.3,9.320,122,100,155
2026-07-25T14:09:00Z,35.2671550,-106.5719769,1531.0,34769.5,9.280,122,100,183
2026-07-25T14:09:01Z,35.2670769,-106.5720199,1531.0,34778.8,9.280,122,100,183
2026-07-25T14:09:02Z,35.2670009,-106.5720629,1531.0,34788.1,9.280,122,100,183
2026-07-25T14:09:03Z,35.2669090,-106.5721160,1531.0,34797.2,9.260,122,100,160
2026-07-25T14:09:04Z,35.2668469,-106.5721499,1531.0,34806.5,9.240,122,100,164
2026-07-25T14:09:05Z,35.2667690,-106.5721899,1531.0,34815.9,9.280,122,100,170
2026-07-25T14:09:06Z,35.2666910,-106.5722300,1531.0,34825.2,9.280,122,99,174
2026-07-25T14:09:07Z,35.2666129,-106.5722710,1530.8,34834.3,9.240,122,99,188
2026-07-25T14:09:08Z,35.2665370,-106.5723130,1530.8,34843.3,9.220,123,98,187
2026-07-25T14:09:09Z,35.2664620,-106.5723550,1530.8,34852.2,9.140,123,98,177
2026-07-25T14:09:10Z,35.2663859,-106.5723949,1530.8,34861.3,9.080,124,97,179
2026-07-25T14:09:11Z,35.2663090,-106.5724340,1530.6,34870.3,9.020,124,96,191
2026-07-25T14:09:12Z,35.2662340,-106.5724740,1530.6,34879.2,8.980,124,96,188
2026-07-25T14:09:13Z,35.2661610,-106.5725109,1530.6,34888.0,8.940,124,96,172
2026-07-25T14:09:14Z,35.2660880,-106.5725499,1530.4,34897.0,8.960,124,95,169
2026-07-25T14:09:15Z,35.2660140,-106.5725890,1530.4,34905.8,8.900,124,95,197
2026-07-25T14:09:16Z,35.2659389,-106.5726280,1530.4,34914.6,8.860,124,95,223
2026-07-25T14:09:17Z,35.2658649,-106.5726630,1530.4,34923.5,8.860,125,94,193
2026-07-25T14:09:18Z,35.2657929,-106.5726990,1530.2,34932.2,8.840,126,94,187
2026-07-25T14:09:19Z,35.2657190,-106.5727350,1530.2,34940.8,8.760,126,93,173
2026-07-25T14:09:20Z,35.2656460,-106.5727699,1530.2,34949.4,8.720,126,92,150
2026-07-25T14:09:21Z,35.2655740,-106.5728060,1530.2,34958.0,8.680,126,91,161
2026-07-25T14:09:22Z,35.2655030,-106.5728419,1530.2,34966.4,8.580,127,91,163
2026-07-25T14:09:23Z,35.2654329,-106.5728760,1530.2,34974.9,8.540,127,91,176
2026-07-25T14:09:24Z,35.2653619,-106.5729080,1530.4,34983.5,8.540,127,91,178
2026-07-25T14:09:25Z,35.2652899,-106.5729389,1530.4,34991.9,8.500,127,91,187
2026-07-25T14:09:26Z,35.2652179,-106.5729709,1530.6,35000.3,8.460,127,91,182
2026-07-25T14:09:27Z,35.2651459,-106.5730050,1530.6,35008.7,8.460,127,91,189
2026-07-25T14:09:28Z,35.2650739,-106.5730380,1530.6,35017.1,8.440,128,91,184
2026-07-25T14:09:29Z,35.2650009,-106.5730719,1530.8,35025.6,8.420,127,90,184
2026-07-25T14:09:30Z,35.2649289,-106.5731030,1530.8,35034.1,8.440,128,90,194
2026-07-25T14:09:31Z,35.2648550,-106.5731330,1531.0,35042.4,8.420,128,90,178
2026-07-25T14:09:32Z,35.2647840,-106.5731630,1531.0,35050.8,8.420,128,90,189
2026-07-25T14:09:33Z,35.2647129,-106.5731950,1531.0,35059.1,8.400,128,90,182
2026-07-25T14:09:34Z,35.2646419,-106.5732250,1531.2,35067.4,8.360,128,89,191
2026-07-25T14:09:35Z,35.2645719,-106.5732569,1531.2,35075.7,8.320,128,89,177
2026-07-25T14:09:36Z,35.2644869,-106.5732950,1531.2,35084.0,8.320,128,89,199
2026-07-25T14:09:37Z,35.2644289,-106.5733190,1531.2,35092.2,8.280,128,89,187
2026-07-25T14:09:38Z,35.2643579,-106.5733500,1531.2,35100.4,8.260,128,89,187
2026-07-25T14:09:39Z,35.2642890,-106.5733810,1531.2,35108.6,8.240,128,88,170
2026-07-25T14:09:40Z,35.2642180,-106.5734100,1531.2,35116.6,8.180,128,88,176
2026-07-25T14:09:41Z,35.2641490,-106.5734380,1531.2,35124.6,8.119,128,88,183
2026-07-25T14:09:42Z,35.2640809,-106.5734690,1531.2,35132.8,8.119,128,87,192
2026-07-25T14:09:43Z,35.2640099,-106.5734970,1531.2,35140.9,8.100,128,87,204
2026-07-25T14:09:44Z,35.2639399,-106.5735250,1531.4,35149.1,8.100,128,87,188
2026-07-25T14:09:45Z,35.2638730,-106.5735530,1531.4,35157.4,8.160,128,88,231
2026-07-25T14:09:46Z,35.2638030,-106.5735810,1531.4,35165.6,8.200,128,88,151
2026-07-25T14:09:47Z,35.2637330,-106.5736090,1531.6,35173.9,8.220,128,88,151
2026-07-25T14:09:48Z,35.2636620,-106.5736360,1531.6,35182.1,8.240,128,88,150
2026-07-25T14:09:49Z,35.2635919,-106.5736660,1531.6,35190.2,8.220,128,88,156
2026-07-25T14:09:50Z,35.2635219,-106.5736960,1531.6,35198.5,8.220,128,88,168
2026-07-25T14:09:51Z,35.2634509,-106.5737260,1531.6,35206.6,8.200,129,87,176
2026-07-25T14:09:52Z,35.2633799,-106.5737540,1531.8,35214.7,8.160,128,87,189
2026-07-25T14:09:53Z,35.2633110,-106.5737800,1531.8,35222.9,8.160,128,87,213
2026-07-25T14:09:54Z,35.2632400,-106.5738059,1531.8,35231.1,8.180,128,87,197
2026-07-25T14:09:55Z,35.2631700,-106.5738329,1531.8,35239.0,8.100,128,87,184
2026-07-25T14:09:56Z,35.2631010,-106.5738619,1531.8,35247.5,8.180,128,88,194
2026-07-25T14:09:57Z,35.2630300,-106.5738879,1531.8,35255.6,8.180,128,88,183
2026-07-25T14:09:58Z,35.2629580,-106.5739110,1532.0,35263.9,8.200,128,88,173
2026-07-25T14:09:59Z,35.2628860,-106.5739339,1532.0,35272.4,8.260,128,88,173
2026-07-25T14:10:00Z,35.2628149,-106.5739599,1532.0,35280.6,8.320,128,88,163
2026-07-25T14:10:01Z,35.2627439,-106.5739860,1532.0,35288.9,8.280,128,89,169
2026-07-25T14:10:02Z,35.2626719,-106.5740100,1532.2,35297.0,8.280,128,88,171
2026-07-25T14:10:03Z,35.2625989,-106.5740329,1532.2,35305.3,8.280,128,88,172
2026-07-25T14:10:04Z,35.2625279,-106.5740580,1532.2,35313.6,8.240,128,88,166
2026-07-25T14:10:05Z,35.2624569,-106.5740820,1532.4,35321.8,8.240,128,88,158
2026-07-25T14:10:06Z,35.2623890,-106.5741090,1532.4,35329.9,8.200,128,88,160
2026-07-25T14:10:07Z,35.2623200,-106.5741319,1532.4,35338.0,8.200,128,88,161
2026-07-25T14:10:08Z,35.2622480,-106.5741550,1532.4,35346.4,8.220,128,88,152
2026-07-25T14:10:09Z,35.2621760,-106.5741789,1532.4,35354.6,8.200,128,89,159
2026-07-25T14:10:10Z,35.2621020,-106.5742030,1532.6,35363.0,8.240,128,89,169
2026-07-25T14:10:11Z,35.2620279,-106.5742240,1532.4,35371.4,8.300,128,90,163
2026-07-25T14:10:12Z,35.2619519,-106.5742460,1532.4,35379.7,8.340,127,90,160
2026-07-25T14:10:13Z,35.2618780,-106.5742680,1532.4,35388.2,8.360,127,90,149
2026-07-25T14:10:14Z,35.2618050,-106.5742919,1532.4,35396.7,8.420,127,90,148
2026-07-25T14:10:15Z,35.2617310,-106.5743160,1532.4,35405.2,8.440,127,90,154
2026-07-25T14:10:16Z,35.2616570,-106.5743379,1532.4,35413.6,8.440,127,91,150
2026-07-25T14:10:17Z,35.2615840,-106.5743619,1532.4,35422.2,8.500,126,91,159
2026-07-25T14:10:18Z,35.2615099,-106.5743870,1532.4,35430.7,8.500,126,91,159
2026-07-25T14:10:19Z,35.2614359,-106.5744130,1532.4,35439.3,8.520,126,91,149
2026-07-25T14:10:20Z,35.2613610,-106.5744369,1532.4,35448.0,8.560,126,91,155
2026-07-25T14:10:21Z,35.2612870,-106.5744619,1532.4,35456.5,8.580,126,92,151
2026-07-25T14:10:22Z,35.2612130,-106.5744880,1532.4,35465.1,8.580,126,93,225
2026-07-25T14:10:23Z,35.2611380,-106.5745150,1532.4,35474.1,8.680,125,93,144
2026-07-25T14:10:24Z,35.2610619,-106.5745420,1532.2,35482.7,8.680,125,93,86
2026-07-25T14:10:25Z,35.2609870,-106.5745669,1532.2,35491.2,8.640,125,93,0
2026-07-25T14:10:26Z,35.2609100,-106.5745910,1532.0,35499.5,8.600,125,93,0
2026-07-25T14:10:27Z,35.2608339,-106.5746140,1532.0,35507.7,8.520,124,0,0
2026-07-25T14:10:28Z,35.2607609,-106.5746340,1532.0,35515.7,8.320,124,0,0
2026-07-25T14:10:29Z,35.2606899,-106.5746539,1532.0,35523.6,8.180,124,0,0
2026-07-25T14:10:30Z,35.2606189,-106.5746770,1531.8,35531.4,8.039,124,0,0
2026-07-25T14:10:31Z,35.2605510,-106.5747010,1531.6,35539.3,7.960,123,0,0
2026-07-25T14:10:32Z,35.2604840,-106.5747259,1531.6,35547.3,7.920,123,40,154
2026-07-25T14:10:33Z,35.2604169,-106.5747480,1531.4,35555.7,8.000,122,40,191
2026-07-25T14:10:34Z,35.2603480,-106.5747700,1531.4,35564.3,8.140,122,88,191
2026-07-25T14:10:35Z,35.2602770,-106.5747929,1531.4,35572.7,8.260,122,90,166
2026-07-25T14:10:36Z,35.2602029,-106.5748170,1531.2,35581.3,8.400,121,91,152
2026-07-25T14:10:37Z,35.2601289,-106.5748420,1531.2,35589.9,8.520,121,92,150
2026-07-25T14:10:38Z,35.2600549,-106.5748669,1531.2,35598.6,8.580,121,92,137
2026-07-25T14:10:39Z,35.2599810,-106.5748910,1531.2,35607.3,8.600,121,93,135
2026-07-25T14:10:40Z,35.2599050,-106.5749150,1531.0,35616.2,8.700,121,93,136
2026-07-25T14:10:41Z,35.2598279,-106.5749379,1531.0,35625.1,8.760,121,94,136
2026-07-25T14:10:42Z,35.2597500,-106.5749620,1531.0,35634.0,8.820,121,94,136
2026-07-25T14:10:43Z,35.2596740,-106.5749870,1530.8,35642.9,8.860,120,95,140
2026-07-25T14:10:44Z,35.2595979,-106.5750129,1530.8,35652.0,8.940,121,95,138
2026-07-25T14:10:45Z,35.2595210,-106.5750399,1530.8,35661.0,8.960,120,96,147
2026-07-25T14:10:46Z,35.2594430,-106.5750669,1530.8,35669.9,8.960,121,96,143
2026-07-25T14:10:47Z,35.2593649,-106.5750910,1530.8,35679.1,9.020,121,97,129
2026-07-25T14:10:48Z,35.2592860,-106.5751160,1530.6,35688.1,9.040,121,97,131
2026-07-25T14:10:49Z,35.2592089,-106.5751419,1530.6,35697.2,9.040,121,97,130
2026-07-25T14:10:50Z,35.2591300,-106.5751699,1530.6,35706.3,9.060,121,98,131
2026-07-25T14:10:51Z,35.2590509,-106.5751979,1530.4,35715.6,9.140,121,98,127
2026-07-25T14:10:52Z,35.2589710,-106.5752249,1530.4,35724.8,9.140,121,99,128
2026-07-25T14:10:53Z,35.2588899,-106.5752500,1530.4,35734.2,9.220,121,100,128
2026-07-25T14:10:54Z,35.2588079,-106.5752770,1530.4,35743.6,9.280,121,101,121
2026-07-25T14:10:55Z,35.2587270,-106.5753030,1530.2,35753.2,9.380,121,101,114
2026-07-25T14:10:56Z,35.2586449,-106.5753289,1530.0,35762.5,9.380,120,101,115
2026-07-25T14:10:57Z,35.2585629,-106.5753549,1530.0,35771.9,9.420,121,101,119
2026-07-25T14:10:58Z,35.2584810,-106.5753839,1529.8,35781.6,9.480,121,101,108
2026-07-25T14:10:59Z,35.2583990,-106.5754110,1529.8,35791.1,9.500,120,101,121
2026-07-25T14:11:00Z,35.2583159,-106.5754380,1529.6,35800.6,9.480,120,100,126
2026-07-25T14:11:01Z,35.2582330,-106.5754610,1529.6,35809.8,9.460,120,100,129
2026-07-25T14:11:02Z,35.2581520,-106.5754839,1529.4,35819.1,9.440,120,100,137
2026-07-25T14:11:03Z,35.2580699,-106.5755090,1529.4,35828.4,9.360,119,100,131
2026-07-25T14:11:04Z,35.2579890,-106.5755350,1529.4,35837.5,9.280,120,99,133
2026-07-25T14:11:05Z,35.2579080,-106.5755610,1529.4,35846.6,9.200,120,99,136
2026-07-25T14:11:06Z,35.2578279,-106.5755879,1529.4,35855.8,9.200,120,99,136
2026-07-25T14:11:07Z,35.2577490,-106.5756169,1529.4,35865.1,9.200,120,98,124
2026-07-25T14:11:08Z,35.2576689,-106.5756459,1529.4,35874.3,9.180,121,98,132
2026-07-25T14:11:09Z,35.2575880,-106.5756719,1529.2,35883.2,9.140,121,98,133
2026-07-25T14:11:10Z,35.2575070,-106.5756960,1529.2,35892.2,9.120,121,97,134
2026-07-25T14:11:11Z,35.2574259,-106.5757190,1529.2,35901.4,9.120,121,97,147
2026-07-25T14:11:12Z,35.2573460,-106.5757439,1529.2,35910.3,9.040,121,97,149
2026-07-25T14:11:13Z,35.2572679,-106.5757680,1529.2,35919.4,9.020,121,97,145
2026-07-25T14:11:14Z,35.2571890,-106.5757940,1529.2,35928.4,9.040,120,97,145
2026-07-25T14:11:15Z,35.2571109,-106.5758189,1529.2,35937.3,9.020,121,97,159
2026-07-25T14:11:16Z,35.2570330,-106.5758400,1529.2,35946.5,9.020,120,96,167
2026-07-25T14:11:17Z,35.2569550,-106.5758609,1529.2,35955.5,9.040,120,96,163
2026-07-25T14:11:18Z,35.2568769,-106.5758869,1529.2,35964.7,9.060,120,97,194
2026-07-25T14:11:19Z,35.2568000,-106.5759149,1529.2,35973.9,9.100,121,98,197
2026-07-25T14:11:20Z,35.2567219,-106.5759420,1529.2,35982.9,9.120,120,98,169
2026-07-25T14:11:21Z,35.2566410,-106.5759670,1529.4,35992.2,9.140,120,98,187
2026-07-25T14:11:22Z,35.2565589,-106.5759899,1529.4,36001.4,9.180,120,98,155
2026-07-25T14:11:23Z,35.2564790,-106.5760100,1529.4,36010.7,9.200,120,99,193
2026-07-25T14:11:24Z,35.2563990,-106.5760329,1529.2,36019.9,9.200,120,100,162
2026-07-25T14:11:25Z,35.2563199,-106.5760599,1529.2,36029.5,9.320,122,100,127
2026-07-25T14:11:26Z,35.2562390,-106.5760879,1529.0,36038.8,9.320,121,101,138
2026-07-25T14:11:27Z,35.2561589,-106.5761150,1529.0,36048.2,9.360,122,101,133
2026-07-25T14:11:28Z,35.2560760,-106.5761430,1529.0,36057.4,9.340,122,101,122
2026-07-25T14:11:29Z,35.2559940,-106.5761690,1528.8,36066.9,9.400,122,100,122
2026-07-25T14:11:30Z,35.2559119,-106.5761940,1528.8,36076.2,9.340,122,100,135
2026-07-25T14:11:31Z,35.2558299,-106.5762169,1528.8,36085.6,9.360,122,101,131
2026-07-25T14:11:32Z,35.2557480,-106.5762440,1528.6,36094.9,9.340,121,100,115
2026-07-25T14:11:33Z,35.2556660,-106.5762730,1528.6,36104.3,9.380,122,100,127
2026-07-25T14:11:34Z,35.2555829,-106.5762990,1528.6,36113.6,9.340,122,100,118
2026-07-25T14:11:35Z,35.2555010,-106.5763240,1528.6,36122.8,9.320,121,100,132
2026-07-25T14:11:36Z,35.2554190,-106.5763509,1528.6,36132.2,9.320,122,100,142
2026-07-25T14:11:37Z,35.2553379,-106.5763779,1528.6,36141.7,9.360,122,99,142
2026-07-25T14:11:38Z,35.2552560,-106.5764039,1528.6,36150.8,9.300,122,99,132
2026-07-25T14:11:39Z,35.2551750,-106.5764290,1528.4,36159.9,9.260,122,99,150
2026-07-25T14:11:40Z,35.2550939,-106.5764550,1528.4,36169.0,9.240,121,99,162
2026-07-25T14:11:41Z,35.2550130,-106.5764809,1528.2,36178.3,9.220,122,99,143
2026-07-25T14:11:42Z,35.2549330,-106.5765069,1528.2,36187.4,9.140,122,98,134
2026-07-25T14:11:43Z,35.2548529,-106.5765310,1528.2,36196.6,9.160,122,98,144
2026-07-25T14:11:44Z,35.2547740,-106.5765570,1528.2,36205.8,9.180,122,98,144
2026-07-25T14:11:45Z,35.2546939,-106.5765809,1528.2,36214.7,9.140,122,96,145
2026-07-25T14:11:46Z,35.2546150,-106.5766040,1528.0,36223.6,9.060,122,95,140
2026-07-25T14:11:47Z,35.2545370,-106.5766310,1528.0,36232.3,8.980,122,95,138
2026-07-25T14:11:48Z,35.2544599,-106.5766600,1528.0,36241.2,8.920,122,94,148
2026-07-25T14:11:49Z,35.2543840,-106.5766890,1528.0,36250.0,8.840,122,94,153
2026-07-25T14:11:50Z,35.2543090,-106.5767190,1528.0,36258.5,8.760,122,94,145
2026-07-25T14:11:51Z,35.2542339,-106.5767470,1528.0,36267.4,8.760,122,93,171
2026-07-25T14:11:52Z,35.2541589,-106.5767720,1527.8,36275.9,8.720,121,93,179
2026-07-25T14:11:53Z,35.2540840,-106.5767969,1527.8,36284.6,8.680,121,93,183
2026-07-25T14:11:54Z,35.2540080,-106.5768229,1527.8,36293.2,8.640,122,93,168
2026-07-25T14:11:55Z,35.2539330,-106.5768509,1527.8,36302.0,8.700,122,93,168
2026-07-25T14:11:56Z,35.2538589,-106.5768779,1527.8,36310.6,8.640,122,93,169
2026-07-25T14:11:57Z,35.2537859,-106.5769060,1527.8,36319.3,8.680,122,93,166
2026-07-25T14:11:58Z,35.2537119,-106.5769350,1527.8,36328.0,8.680,122,93,176
2026-07-25T14:11:59Z,35.2536200,-106.5769649,1527.8,36336.7,8.700,122,93,196
2026-07-25T14:12:00Z,35.2535590,-106.5769819,1527.8,36345.4,8.680,122,93,205
2026-07-25T14:12:01Z,35.2534810,-106.5770060,1527.8,36354.3,8.740,122,93,217
2026-07-25T14:12:02Z,35.2534050,-106.5770300,1528.0,36363.0,8.740,123,93,193
2026-07-25T14:12:03Z,35.2533290,-106.5770529,1528.0,36371.6,8.720,123,94,180
2026-07-25T14:12:04Z,35.2532519,-106.5770760,1528.0,36380.5,8.760,123,94,179
2026-07-25T14:12:05Z,35.2531740,-106.5771020,1528.0,36389.3,8.780,123,94,173
2026-07-25T14:12:06Z,35.2530969,-106.5771269,1528.0,36398.1,8.760,123,95,164
2026-07-25T14:12:07Z,35.2530190,-106.5771529,1528.0,36407.1,8.820,122,95,170
2026-07-25T14:12:08Z,35.2529410,-106.5771790,1528.0,36416.1,8.900,123,95,156
2026-07-25T14:12:09Z,35.2528629,-106.5772050,1528.0,36425.0,8.900,123,95,157
2026-07-25T14:12:10Z,35.2527860,-106.5772300,1528.0,36434.0,8.940,122,96,146
2026-07-25T14:12:11Z,35.2527079,-106.5772539,1528.0,36443.1,9.000,123,96,146
2026-07-25T14:12:12Z,35.2526310,-106.5772790,1528.0,36452.0,8.980,123,96,154
2026-07-25T14:12:13Z,35.2525530,-106.5773060,1528.0,36460.9,8.960,123,96,151
2026-07-25T14:12:14Z,35.2524740,-106.5773300,1528.0,36469.8,8.960,123,96,148
2026-07-25T14:12:15Z,35.2523950,-106.5773539,1528.0,36478.7,8.940,124,96,140
2026-07-25T14:12:16Z,35.2523179,-106.5773790,1528.0,36487.6,8.900,123,96,147
2026-07-25T14:12:17Z,35.2522410,-106.5774070,1528.0,36496.5,8.900,124,96,142
2026-07-25T14:12:18Z,35.2521469,-106.5774370,1528.0,36505.6,8.940,124,95,147
2026-07-25T14:12:19Z,35.2520850,-106.5774589,1528.0,36514.5,8.940,124,96,148
2026-07-25T14:12:20Z,35.2520070,-106.5774849,1528.0,36523.4,8.940,124,95,150
2026-07-25T14:12:21Z,35.2519299,-106.5775109,1528.0,36532.3,8.940,124,96,163
2026-07-25T14:12:22Z,35.2518500,-106.5775370,1528.0,36541.3,8.960,125,96,164
2026-07-25T14:12:23Z,35.2517709,-106.5775610,1528.0,36550.2,8.920,124,96,164
2026-07-25T14:12:24Z,35.2516930,-106.5775839,1528.0,36559.3,8.960,125,96,180
2026-07-25T14:12:25Z,35.2516159,-106.5776090,1527.8,36568.4,9.000,125,96,192
2026-07-25T14:12:26Z,35.2515399,-106.5776350,1527.8,36577.4,9.020,125,96,183
2026-07-25T14:12:27Z,35.2514630,-106.5776579,1527.8,36586.4,9.020,124,96,148
2026-07-25T14:12:28Z,35.2513829,-106.5776800,1527.8,36595.2,9.000,125,96,149
2026-07-25T14:12:29Z,35.2513050,-106.5777060,1527.8,36604.3,9.000,124,96,148
2026-07-25T14:12:30Z,35.2512279,-106.5777330,1527.6,36613.2,8.960,125,96,153
2026-07-25T14:12:31Z,35.2511519,-106.5777569,1527.6,36622.0,8.920,125,96,145
2026-07-25T14:12:32Z,35.2510600,-106.5777859,1527.4,36630.9,8.900,125,95,158
2026-07-25T14:12:33Z,35.2510000,-106.5778080,1527.4,36639.8,8.920,124,95,156
2026-07-25T14:12:34Z,35.2509239,-106.5778350,1527.4,36648.6,8.860,124,95,171
2026-07-25T14:12:35Z,35.2508470,-106.5778599,1527.4,36657.6,8.880,124,95,169
2026-07-25T14:12:36Z,35.2507690,-106.5778820,1527.4,36666.4,8.880,124,95,166
2026-07-25T14:12:37Z,35.2506919,-106.5779029,1527.4,36675.3,8.880,124,95,187
2026-07-25T14:12:38Z,35.2506150,-106.5779240,1527.4,36684.0,8.840,124,95,186
2026-07-25T14:12:39Z,35.2505379,-106.5779459,1527.4,36693.0,8.880,124,95,170
2026-07-25T14:12:40Z,35.2504600,-106.5779690,1527.4,36701.8,8.840,124,95,170
2026-07-25T14:12:41Z,35.2503830,-106.5779920,1527.4,36710.5,8.820,124,95,176
2026-07-25T14:12:42Z,35.2503059,-106.5780140,1527.4,36719.4,8.820,124,95,189
2026-07-25T14:12:43Z,35.2502270,-106.5780370,1527.4,36728.2,8.840,124,95,189
2026-07-25T14:12:44Z,35.2501499,-106.5780609,1527.4,36737.0,8.800,124,95,168
2026-07-25T14:12:45Z,35.2500729,-106.5780850,1527.4,36746.0,8.840,125,96,164
2026-07-25T14:12:46Z,35.2499960,-106.5781120,1527.4,36754.8,8.860,124,96,170
2026-07-25T14:12:47Z,35.2499189,-106.5781410,1527.2,36763.6,8.840,124,96,170
2026-07-25T14:12:48Z,35.2498410,-106.5781680,1527.2,36772.5,8.860,124,95,161
2026-07-25T14:12:49Z,35.2497630,-106.5781940,1527.2,36781.4,8.880,124,95,161
2026-07-25T14:12:50Z,35.2496869,-106.5782199,1527.2,36790.6,8.920,124,96,252
2026-07-25T14:12:51Z,35.2496080,-106.5782469,1527.2,36799.6,8.960,125,96,190
2026-07-25T14:12:52Z,35.2495269,-106.5782710,1527.2,36808.4,8.960,125,96,190
2026-07-25T14:12:53Z,35.2494480,-106.5782909,1527.2,36817.2,8.940,124,95,164
2026-07-25T14:12:54Z,35.2493699,-106.5783110,1527.2,36825.8,8.880,125,94,182
2026-07-25T14:12:55Z,35.2492910,-106.5783329,1527.2,36834.6,8.800,125,93,183
2026-07-25T14:12:56Z,35.2492149,-106.5783550,1526.8,36843.3,8.740,126,93,188
2026-07-25T14:12:57Z,35.2491389,-106.5783810,1526.8,36851.7,8.660,125,92,187
2026-07-25T14:12:58Z,35.2490630,-106.5784039,1526.8,36860.2,8.600,125,92,184
2026-07-25T14:12:59Z,35.2489870,-106.5784270,1526.8,36869.0,8.640,125,92,244
2026-07-25T14:13:00Z,35.2489119,-106.5784509,1526.8,36877.6,8.600,125,92,220
2026-07-25T14:13:01Z,35.2488389,-106.5784759,1526.8,36886.2,8.580,127,93,220
2026-07-25T14:13:02Z,35.2487640,-106.5784990,1526.8,36894.9,8.640,128,93,187
2026-07-25T14:13:03Z,35.2486880,-106.5785240,1526.8,36903.6,8.680,128,93,208
2026-07-25T14:13:04Z,35.2486109,-106.5785499,1526.8,36912.5,8.700,129,94,213
2026-07-25T14:13:05Z,35.2485349,-106.5785740,1526.8,36921.1,8.700,128,94,215
2026-07-25T14:13:06Z,35.2484570,-106.5785980,1526.8,36930.1,8.780,129,94,188
2026-07-25T14:13:07Z,35.2483799,-106.5786209,1526.8,36938.8,8.780,129,94,172
2026-07-25T14:13:08Z,35.2483030,-106.5786460,1526.8,36947.5,8.780,130,94,177
2026-07-25T14:13:09Z,35.2482270,-106.5786730,1526.8,36956.4,8.780,129,94,198
2026-07-25T14:13:10Z,35.2481520,-106.5787010,1526.8,36965.2,8.820,129,94,229
2026-07-25T14:13:11Z,35.2480769,-106.5787260,1526.8,36974.1,8.800,129,95,221
2026-07-25T14:13:12Z,35.2479990,-106.5787509,1526.8,36983.1,8.860,129,95,223
2026-07-25T14:13:13Z,35.2479230,-106.5787769,1526.8,36992.0,8.900,129,95,218
2026-07-25T14:13:14Z,35.2478449,-106.5788020,1526.8,37000.9,8.900,129,96,204
2026-07-25T14:13:15Z,35.2477670,-106.5788270,1526.8,37009.9,8.940,129,96,200
2026-07-25T14:13:16Z,35.2476889,-106.5788509,1526.8,37019.1,9.000,129,96,198
2026-07-25T14:13:17Z,35.2476090,-106.5788779,1527.0,37028.1,9.000,129,96,198
2026-07-25T14:13:18Z,35.2475299,-106.5789030,1527.0,37037.2,9.040,129,97,191
2026-07-25T14:13:19Z,35.2474500,-106.5789270,1527.0,37045.9,9.000,130,96,196
2026-07-25T14:13:20Z,35.2473709,-106.5789509,1527.0,37055.2,9.060,130,96,204
2026-07-25T14:13:21Z,35.2472930,-106.5789760,1527.0,37064.1,9.000,130,96,205
2026-07-25T14:13:22Z,35.2472170,-106.5790020,1527.0,37073.1,9.000,130,96,205
2026-07-25T14:13:23Z,35.2471380,-106.5790280,1527.0,37082.1,8.980,130,97,212
2026-07-25T14:13:24Z,35.2470590,-106.5790539,1527.0,37091.3,9.080,130,97,221
2026-07-25T14:13:25Z,35.2469819,-106.5790750,1527.0,37100.3,9.020,130,98,211
2026-07-25T14:13:26Z,35.2469030,-106.5791000,1527.0,37109.4,9.060,130,98,178
2026-07-25T14:13:27Z,35.2468239,-106.5791249,1527.2,37118.6,9.100,130,98,153
2026-07-25T14:13:28Z,35.2467450,-106.5791500,1527.2,37127.7,9.120,130,97,174
2026-07-25T14:13:29Z,35.2466659,-106.5791770,1527.2,37136.7,9.080,130,97,168
2026-07-25T14:13:30Z,35.2465870,-106.5792030,1527.2,37145.8,9.100,130,97,150
2026-07-25T14:13:31Z,35.2465089,-106.5792310,1527.2,37154.7,9.060,130,97,165
2026-07-25T14:13:32Z,35.2464310,-106.5792610,1527.2,37163.7,9.020,129,97,164
2026-07-25T14:13:33Z,35.2463529,-106.5792900,1527.2,37172.7,9.000,129,96,177
2026-07-25T14:13:34Z,35.2462769,-106.5793190,1527.2,37181.8,9.020,129,96,168
2026-07-25T14:13:35Z,35.2461990,-106.5793470,1527.2,37190.7,8.980,129,96,175
2026-07-25T14:13:36Z,35.2461209,-106.5793730,1527.0,37199.6,8.980,129,96,171
2026-07-25T14:13:37Z,35.2460420,-106.5793989,1527.0,37208.4,8.940,129,96,165
2026-07-25T14:13:38Z,35.2459639,-106.5794249,1527.0,37217.4,8.940,129,96,161
2026-07-25T14:13:39Z,35.2458860,-106.5794490,1527.0,37226.3,8.900,129,96,180
2026-07-25T14:13:40Z,35.2458059,-106.5794730,1527.0,37235.5,8.960,129,96,181
2026-07-25T14:13:41Z,35.2457270,-106.5794959,1527.0,37244.4,8.960,129,96,186
2026-07-25T14:13:42Z,35.2456489,-106.5795200,1527.0,37253.3,8.980,129,96,181
2026-07-25T14:13:43Z,35.2455710,-106.5795470,1527.0,37262.3,8.980,129,96,158
2026-07-25T14:13:44Z,35.2454930,-106.5795729,1527.0,37271.1,8.960,129,96,161
2026-07-25T14:13:45Z,35.2454139,-106.5795969,1527.0,37280.1,8.920,128,96,168
2026-07-25T14:13:46Z,35.2453370,-106.5796220,1527.0,37289.1,8.940,129,96,173
2026-07-25T14:13:47Z,35.2452589,-106.5796460,1527.0,37298.1,8.960,128,95,151
2026-07-25T14:13:48Z,35.2451800,-106.5796699,1527.0,37306.8,8.900,128,94,157
2026-07-25T14:13:49Z,35.2450879,-106.5796999,1527.0,37315.6,8.900,128,94,165
2026-07-25T14:13:50Z,35.2450119,-106.5797269,1527.0,37324.4,8.860,128,94,167
2026-07-25T14:13:51Z,35.2449520,-106.5797480,1527.0,37333.2,8.820,128,94,174
2026-07-25T14:13:52Z,35.2448760,-106.5797719,1527.0,37342.0,8.780,128,94,189
2026-07-25T14:13:53Z,35.2447839,-106.5797989,1527.0,37350.8,8.800,128,94,171
2026-07-25T14:13:54Z,35.2447070,-106.5798210,1527.2,37359.6,8.800,128,94,172
2026-07-25T14:13:55Z,35.2446450,-106.5798400,1527.2,37368.5,8.820,128,94,176
2026-07-25T14:13:56Z,35.2445699,-106.5798670,1527.2,37377.4,8.840,128,95,190
2026-07-25T14:13:57Z,35.2444780,-106.5798960,1527.2,37386.2,8.840,128,95,190
2026-07-25T14:13:58Z,35.2444150,-106.5799139,1527.2,37395.1,8.860,128,95,201
2026-07-25T14:13:59Z,35.2443359,-106.5799380,1527.2,37403.9,8.860,128,95,191
2026-07-25T14:14:00Z,35.2442580,-106.5799620,1527.2,37412.8,8.860,128,95,191
2026-07-25T14:14:01Z,35.2441809,-106.5799830,1527.0,37421.5,8.820,128,95,198
2026-07-25T14:14:02Z,35.2441049,-106.5800110,1527.0,37430.4,8.840,128,95,200
2026-07-25T14:14:03Z,35.2440280,-106.5800370,1527.0,37439.3,8.840,128,95,205
2026-07-25T14:14:04Z,35.2439339,-106.5800670,1527.0,37448.3,8.880,128,95,190
2026-07-25T14:14:05Z,35.2438720,-106.5800869,1526.8,37457.3,8.900,128,95,186
2026-07-25T14:14:06Z,35.2437950,-106.5801120,1526.8,37466.1,8.920,128,95,186
2026-07-25T14:14:07Z,35.2437189,-106.5801370,1526.8,37474.9,8.900,128,95,184
2026-07-25T14:14:08Z,35.2436260,-106.5801690,1526.8,37483.8,8.900,128,95,194
2026-07-25T14:14:09Z,35.2435479,-106.5801940,1526.8,37492.7,8.880,128,95,176
2026-07-25T14:14:10Z,35.2434860,-106.5802140,1526.8,37501.5,8.840,128,95,189
2026-07-25T14:14:11Z,35.2434080,-106.5802400,1526.8,37510.2,8.820,128,95,195
2026-07-25T14:14:12Z,35.2433309,-106.5802670,1526.8,37519.3,8.880,128,95,191
2026-07-25T14:14:13Z,35.2432400,-106.5802990,1526.8,37528.3,8.900,128,95,208
2026-07-25T14:14:14Z,35.2431780,-106.5803199,1526.8,37537.0,8.860,128,95,208
2026-07-25T14:14:15Z,35.2431009,-106.5803439,1526.8,37546.0,8.900,127,95,202
2026-07-25T14:14:16Z,35.2430070,-106.5803739,1526.8,37554.9,8.940,127,96,194
2026-07-25T14:14:17Z,35.2429299,-106.5804010,1526.8,37563.7,8.880,127,96,196
2026-07-25T14:14:18Z,35.2428679,-106.5804209,1526.8,37572.7,8.880,127,96,210
2026-07-25T14:14:19Z,35.2427900,-106.5804440,1526.8,37581.7,8.940,127,96,220
2026-07-25T14:14:20Z,35.2427109,-106.5804680,1526.8,37590.7,8.940,127,96,218
2026-07-25T14:14:21Z,35.2426160,-106.5804970,1526.8,37599.5,8.920,127,96,194
2026-07-25T14:14:22Z,35.2425519,-106.5805169,1526.8,37608.6,8.980,127,96,193
2026-07-25T14:14:23Z,35.2424730,-106.5805410,1526.8,37617.5,8.960,127,96,190
2026-07-25T14:14:24Z,35.2423959,-106.5805649,1526.8,37626.3,8.920,127,96,202
2026-07-25T14:14:25Z,35.2423190,-106.5805889,1526.8,37635.1,8.880,127,96,183
2026-07-25T14:14:26Z,35.2422239,-106.5806179,1526.8,37644.0,8.900,127,96,188
2026-07-25T14:14:27Z,35.2421450,-106.5806410,1526.8,37653.0,8.880,127,95,195
2026-07-25T14:14:28Z,35.2420840,-106.5806609,1526.8,37661.8,8.860,127,95,196
2026-07-25T14:14:29Z,35.2420059,-106.5806850,1526.8,37670.9,8.920,127,95,192
2026-07-25T14:14:30Z,35.2419280,-106.5807089,1527.0,37679.9,8.960,127,96,183
2026-07-25T14:14:31Z,35.2418479,-106.5807329,1527.0,37688.7,8.940,127,96,175
2026-07-25T14:14:32Z,35.2417570,-106.5807690,1527.0,37697.7,8.940,127,96,177
2026-07-25T14:14:33Z,35.2416970,-106.5807919,1527.0,37706.6,8.960,127,95,181
2026-07-25T14:14:34Z,35.2416189,-106.5808160,1527.0,37715.6,8.940,126,95,184
2026-07-25T14:14:35Z,35.2415410,-106.5808400,1527.0,37724.6,8.940,127,95,196
2026-07-25T14:14:36Z,35.2414479,-106.5808690,1527.0,37733.4,8.940,126,95,188
2026-07-25T14:14:37Z,35.2413850,-106.5808870,1527.0,37742.4,8.940,126,95,195
2026-07-25T14:14:38Z,35.2413059,-106.5809099,1527.0,37751.2,8.920,126,95,187
2026-07-25T14:14:39Z,35.2412280,-106.5809359,1526.8,37759.9,8.860,126,95,190
2026-07-25T14:14:40Z,35.2411510,-106.5809610,1526.8,37768.9,8.860,127,95,192
2026-07-25T14:14:41Z,35.2410579,-106.5809910,1526.8,37777.6,8.840,126,94,184
2026-07-25T14:14:42Z,35.2409960,-106.5810089,1526.8,37786.4,8.800,127,94,184
2026-07-25T14:14:43Z,35.2409180,-106.5810330,1526.8,37795.3,8.820,127,94,180
2026-07-25T14:14:44Z,35.2408400,-106.5810570,1526.8,37804.3,8.880,127,94,190
2026-07-25T14:14:45Z,35.2407630,-106.5810789,1526.8,37813.1,8.840,127,94,238
2026-07-25T14:14:46Z,35.2406849,-106.5811010,1526.8,37821.9,8.860,127,95,226
2026-07-25T14:14:47Z,35.2406070,-106.5811259,1526.8,37830.9,8.900,127,95,194
2026-07-25T14:14:48Z,35.2405300,-106.5811519,1526.8,37839.8,8.900,127,95,178
2026-07-25T14:14:49Z,35.2404370,-106.5811819,1526.8,37848.7,8.880,127,95,161
2026-07-25T14:14:50Z,35.2403740,-106.5812020,1526.8,37857.6,8.900,128,95,167
2026-07-25T14:14:51Z,35.2402979,-106.5812280,1526.8,37866.6,8.940,127,95,181
2026-07-25T14:14:52Z,35.2402219,-106.5812549,1526.8,37875.5,8.920,127,95,183
2026-07-25T14:14:53Z,35.2401470,-106.5812819,1526.6,37884.4,8.920,128,95,177
2026-07-25T14:14:54Z,35.2400689,-106.5813070,1526.6,37893.3,8.920,127,95,177
2026-07-25T14:14:55Z,35.2399760,-106.5813360,1526.6,37902.1,8.900,127,95,181
2026-07-25T14:14:56Z,35.2398990,-106.5813600,1526.6,37911.0,8.880,127,95,180
2026-07-25T14:14:57Z,35.2398369,-106.5813799,1526.6,37919.6,8.820,127,94,176
2026-07-25T14:14:58Z,35.2397600,-106.5814060,1526.6,37928.4,8.800,127,94,166
2026-07-25T14:14:59Z,35.2396840,-106.5814330,1526.6,37937.1,8.760,127,94,174
2026-07-25T14:15:00Z,35.2395929,-106.5814640,1526.6,37946.0,8.780,126,94,175
2026-07-25T14:15:01Z,35.2395310,-106.5814829,1526.6,37954.7,8.740,127,93,183
2026-07-25T14:15:02Z,35.2394550,-106.5815070,1526.6,37963.4,8.760,126,93,188
2026-07-25T14:15:03Z,35.2393800,-106.5815290,1526.6,37972.3,8.780,126,93,175
2026-07-25T14:15:04Z,35.2393049,-106.5815539,1526.4,37981.1,8.800,126,93,191
2026-07-25T14:15:05Z,35.2392150,-106.5815880,1526.4,37989.8,8.760,126,93,177
2026-07-25T14:15:06Z,35.2391560,-106.5816099,1526.4,37998.5,8.760,126,93,187
2026-07-25T14:15:07Z,35.2390790,-106.5816360,1526.4,38007.3,8.780,126,93,186
2026-07-25T14:15:08Z,35.2389879,-106.5816660,1526.4,38016.1,8.760,126,93,159
2026-07-25T14:15:09Z,35.2389120,-106.5816920,1526.4,38024.5,8.680,126,93,185
2026-07-25T14:15:10Z,35.2388370,-106.5817210,1526.4,38033.5,8.740,127,93,180
2026-07-25T14:15:11Z,35.2387780,-106.5817450,1526.4,38042.2,8.740,126,93,190
2026-07-25T14:15:12Z,35.2387040,-106.5817740,1526.4,38050.9,8.720,127,93,185
2026-07-25T14:15:13Z,35.2386149,-106.5818080,1526.4,38059.6,8.700,126,92,155
2026-07-25T14:15:14Z,35.2385399,-106.5818380,1526.4,38068.1,8.720,127,92,169
2026-07-25T14:15:15Z,35.2384810,-106.5818610,1526.6,38076.7,8.640,126,92,171
2026-07-25T14:15:16Z,35.2384090,-106.5818900,1526.6,38085.5,8.660,126,92,177
2026-07-25T14:15:17Z,35.2383200,-106.5819259,1526.6,38094.3,8.680,127,93,167
2026-07-25T14:15:18Z,35.2382460,-106.5819579,1526.6,38103.0,8.680,127,93,166
2026-07-25T14:15:19Z,35.2381880,-106.5819849,1526.6,38111.7,8.720,127,93,165
2026-07-25T14:15:20Z,35.2381150,-106.5820200,1526.6,38120.5,8.760,127,93,177
2026-07-25T14:15:21Z,35.2380409,-106.5820540,1526.6,38129.0,8.700,127,93,179
2026-07-25T14:15:22Z,35.2379529,-106.5820950,1526.6,38138.0,8.740,126,93,167
2026-07-25T14:15:23Z,35.2378789,-106.5821279,1526.6,38146.7,8.740,126,94,174
2026-07-25T14:15:24Z,35.2378190,-106.5821559,1526.6,38155.4,8.740,126,94,165
2026-07-25T14:15:25Z,35.2377460,-106.5821899,1526.6,38164.0,8.700,126,93,171
2026-07-25T14:15:26Z,35.2376730,-106.5822240,1526.6,38172.9,8.780,126,93,167
2026-07-25T14:15:27Z,35.2376000,-106.5822599,1526.6,38181.6,8.720,125,93,163
2026-07-25T14:15:28Z,35.2375280,-106.5822980,1526.6,38190.3,8.720,126,93,156
2026-07-25T14:15:29Z,35.2374560,-106.5823339,1526.6,38199.1,8.740,125,93,159
2026-07-25T14:15:30Z,35.2373830,-106.5823700,1526.6,38207.9,8.780,126,93,165
2026-07-25T14:15:31Z,35.2373120,-106.5824070,1526.6,38216.6,8.740,125,93,155
2026-07-25T14:15:32Z,35.2372410,-106.5824459,1526.6,38225.2,8.720,125,93,166
2026-07-25T14:15:33Z,35.2371560,-106.5824950,1526.6,38233.8,8.700,125,93,162
2026-07-25T14:15:34Z,35.2370850,-106.5825339,1526.6,38242.4,8.660,125,93,164
2026-07-25T14:15:35Z,35.2370290,-106.5825629,1526.6,38250.9,8.600,125,92,165
2026-07-25T14:15:36Z,35.2369570,-106.5826019,1526.6,38259.6,8.600,125,92,178
2026-07-25T14:15:37Z,35.2368869,-106.5826410,1526.6,38268.0,8.560,125,91,157
2026-07-25T14:15:38Z,35.2368029,-106.5826889,1526.6,38276.4,8.520,125,90,167
2026-07-25T14:15:39Z,35.2367469,-106.5827209,1526.6,38285.0,8.520,125,90,186
2026-07-25T14:15:40Z,35.2366770,-106.5827590,1526.6,38293.5,8.520,125,90,182
2026-07-25T14:15:41Z,35.2365950,-106.5828049,1526.6,38301.9,8.460,125,91,169
2026-07-25T14:15:42Z,35.2365400,-106.5828369,1526.4,38310.6,8.520,125,91,174
2026-07-25T14:15:43Z,35.2364589,-106.5828870,1526.4,38319.1,8.540,125,91,173
2026-07-25T14:15:44Z,35.2364050,-106.5829199,1526.4,38327.7,8.540,125,92,193
2026-07-25T14:15:45Z,35.2363350,-106.5829590,1526.4,38336.5,8.600,125,92,210
2026-07-25T14:15:46Z,35.2362630,-106.5829980,1526.4,38345.2,8.660,125,92,187
2026-07-25T14:15:47Z,35.2361920,-106.5830369,1526.4,38353.8,8.640,125,92,186
2026-07-25T14:15:48Z,35.2361220,-106.5830779,1526.4,38362.6,8.700,125,93,186
2026-07-25T14:15:49Z,35.2360519,-106.5831199,1526.4,38371.4,8.740,125,93,178
2026-07-25T14:15:50Z,35.2359829,-106.5831629,1526.4,38380.1,8.720,125,93,178
2026-07-25T14:15:51Z,35.2359119,-106.5832050,1526.4,38388.8,8.720,125,93,166
2026-07-25T14:15:52Z,35.2358280,-106.5832519,1526.4,38397.4,8.720,125,92,166
2026-07-25T14:15:53Z,35.2357730,-106.5832829,1526.4,38406.0,8.680,125,92,172
2026-07-25T14:15:54Z,35.2357030,-106.5833239,1526.4,38414.6,8.640,125,93,250
2026-07-25T14:15:55Z,35.2356180,-106.5833720,1526.4,38423.1,8.600,125,92,176
2026-07-25T14:15:56Z,35.2355610,-106.5834040,1526.4,38431.6,8.560,125,49,49
2026-07-25T14:15:57Z,35.2354769,-106.5834509,1526.4,38440.0,8.520,125,55,181
2026-07-25T14:15:58Z,35.2354219,-106.5834819,1526.4,38448.6,8.520,125,90,220
2026-07-25T14:15:59Z,35.2353540,-106.5835229,1526.4,38457.3,8.540,124,90,171
2026-07-25T14:16:00Z,35.2352740,-106.5835730,1526.2,38465.6,8.500,125,91,171
2026-07-25T14:16:01Z,35.2352039,-106.5836119,1526.2,38474.1,8.500,124,91,161
2026-07-25T14:16:02Z,35.2351489,-106.5836440,1526.2,38482.7,8.540,125,91,161
2026-07-25T14:16:03Z,35.2350789,-106.5836829,1526.2,38491.2,8.520,125,91,146
2026-07-25T14:16:04Z,35.2349950,-106.5837300,1526.2,38499.7,8.480,124,91,163
2026-07-25T14:16:05Z,35.2349240,-106.5837699,1526.2,38508.3,8.540,125,90,161
2026-07-25T14:16:06Z,35.2348690,-106.5838030,1526.2,38516.7,8.520,125,90,156
2026-07-25T14:16:07Z,35.2348019,-106.5838450,1526.2,38525.1,8.480,125,90,160
2026-07-25T14:16:08Z,35.2347350,-106.5838849,1526.2,38533.8,8.520,125,90,164
2026-07-25T14:16:09Z,35.2346520,-106.5839340,1526.2,38542.3,8.520,124,91,154
2026-07-25T14:16:10Z,35.2345970,-106.5839670,1526.2,38550.7,8.480,125,90,155
2026-07-25T14:16:11Z,35.2345289,-106.5840090,1526.2,38559.2,8.500,124,90,168
2026-07-25T14:16:12Z,35.2344599,-106.5840480,1526.2,38567.6,8.500,125,90,163
2026-07-25T14:16:13Z,35.2343920,-106.5840849,1526.2,38576.0,8.440,124,90,163
2026-07-25T14:16:14Z,35.2343100,-106.5841299,1526.2,38584.5,8.440,124,90,156
2026-07-25T14:16:15Z,35.2342419,-106.5841699,1526.2,38593.1,8.480,124,90,164
2026-07-25T14:16:16Z,35.2341869,-106.5842040,1526.2,38601.6,8.480,124,91,172
2026-07-25T14:16:17Z,35.2341190,-106.5842459,1526.2,38610.4,8.560,124,91,166
2026-07-25T14:16:18Z,35.2340340,-106.5842970,1526.0,38619.1,8.620,124,91,173
2026-07-25T14:16:19Z,35.2339640,-106.5843360,1526.0,38627.5,8.600,124,91,162
2026-07-25T14:16:20Z,35.2339080,-106.5843640,1526.0,38636.1,8.600,124,91,165
2026-07-25T14:16:21Z,35.2338379,-106.5844019,1526.0,38644.7,8.620,124,91,173
2026-07-25T14:16:22Z,35.2337689,-106.5844380,1526.0,38653.1,8.540,124,91,164
2026-07-25T14:16:23Z,35.2336839,-106.5844850,1526.0,38661.9,8.560,124,91,169
2026-07-25T14:16:24Z,35.2336170,-106.5845280,1526.0,38670.6,8.620,125,92,151
2026-07-25T14:16:25Z,35.2335480,-106.5845719,1525.8,38679.3,8.640,124,92,158
2026-07-25T14:16:26Z,35.2334939,-106.5846070,1525.8,38687.8,8.620,125,92,166
2026-07-25T14:16:27Z,35.2334099,-106.5846570,1525.8,38696.6,8.700,124,92,174
2026-07-25T14:16:28Z,35.2333529,-106.5846889,1525.8,38705.2,8.660,125,92,170
2026-07-25T14:16:29Z,35.2332830,-106.5847280,1525.8,38713.9,8.660,125,92,161
2026-07-25T14:16:30Z,35.2332130,-106.5847670,1525.8,38722.8,8.700,125,92,164
2026-07-25T14:16:31Z,35.2331440,-106.5848090,1525.8,38731.3,8.700,125,92,164
2026-07-25T14:16:32Z,35.2330619,-106.5848599,1525.8,38739.9,8.660,125,92,162
2026-07-25T14:16:33Z,35.2329909,-106.5849020,1525.8,38748.7,8.700,126,92,171
2026-07-25T14:16:34Z,35.2329199,-106.5849420,1525.8,38757.4,8.700,125,92,164
2026-07-25T14:16:35Z,35.2328639,-106.5849740,1525.8,38765.9,8.620,125,91,156
2026-07-25T14:16:36Z,35.2327950,-106.5850130,1525.6,38774.6,8.660,126,91,167
2026-07-25T14:16:37Z,35.2327250,-106.5850530,1525.6,38783.0,8.620,125,91,162
2026-07-25T14:16:38Z,35.2326420,-106.5851010,1525.6,38791.5,8.560,125,91,157
2026-07-25T14:16:39Z,35.2325859,-106.5851320,1525.6,38800.0,8.520,125,90,172
2026-07-25T14:16:40Z,35.2325149,-106.5851710,1525.6,38808.5,8.520,125,90,163
2026-07-25T14:16:41Z,35.2324449,-106.5852089,1525.6,38817.1,8.500,124,90,163
2026-07-25T14:16:42Z,35.2323760,-106.5852479,1525.6,38825.6,8.520,125,91,161
2026-07-25T14:16:43Z,35.2322930,-106.5852990,1525.6,38834.1,8.520,124,91,164
2026-07-25T14:16:44Z,35.2322380,-106.5853330,1525.6,38842.5,8.500,124,91,164
2026-07-25T14:16:45Z,35.2321680,-106.5853740,1525.6,38851.1,8.520,124,91,166
2026-07-25T14:16:46Z,35.2320979,-106.5854130,1525.6,38859.5,8.480,124,90,159
2026-07-25T14:16:47Z,35.2320129,-106.5854590,1525.6,38867.9,8.460,123,90,157
2026-07-25T14:16:48Z,35.2319450,-106.5854969,1525.6,38876.3,8.440,123,90,163
2026-07-25T14:16:49Z,35.2318900,-106.5855290,1525.6,38884.8,8.460,123,90,161
2026-07-25T14:16:50Z,35.2318220,-106.5855699,1525.6,38893.1,8.400,123,89,166
2026-07-25T14:16:51Z,35.2317549,-106.5856099,1525.6,38901.4,8.380,123,89,169
2026-07-25T14:16:52Z,35.2316880,-106.5856480,1525.6,38909.8,8.380,123,89,162
2026-07-25T14:16:53Z,35.2316070,-106.5856949,1525.6,38918.2,8.380,123,89,159
2026-07-25T14:16:54Z,35.2315529,-106.5857249,1525.4,38926.4,8.320,123,89,168
2026-07-25T14:16:55Z,35.2314860,-106.5857630,1525.4,38934.9,8.360,123,89,165
2026-07-25T14:16:56Z,35.2314190,-106.5858030,1525.6,38943.2,8.360,123,89,175
2026-07-25T14:16:57Z,35.2313379,-106.5858510,1525.4,38951.4,8.320,123,89,168
2026-07-25T14:16:58Z,35.2312840,-106.5858829,1525.4,38959.8,8.320,123,89,188
2026-07-25T14:16:59Z,35.2312170,-106.5859200,1525.4,38968.1,8.340,123,89,178
2026-07-25T14:17:00Z,35.2311349,-106.5859640,1525.4,38976.7,8.360,123,89,173
2026-07-25T14:17:01Z,35.2310659,-106.5859999,1525.2,38985.1,8.380,123,89,174
2026-07-25T14:17:02Z,35.2310110,-106.5860289,1525.2,38993.4,8.400,123,90,167
2026-07-25T14:17:03Z,35.2309440,-106.5860689,1525.4,39001.8,8.400,123,90,179
2026-07-25T14:17:04Z,35.2308779,-106.5861119,1525.4,39010.1,8.400,123,90,184
2026-07-25T14:17:05Z,35.2307990,-106.5861630,1525.2,39018.5,8.360,123,90,179
2026-07-25T14:17:06Z,35.2307309,-106.5862030,1525.2,39027.0,8.380,123,91,186
2026-07-25T14:17:07Z,35.2306759,-106.5862350,1525.2,39035.6,8.440,123,91,195
2026-07-25T14:17:08Z,35.2306059,-106.5862750,1525.4,39044.2,8.480,123,91,185
2026-07-25T14:17:09Z,35.2305230,-106.5863240,1525.6,39052.8,8.540,123,92,176
2026-07-25T14:17:10Z,35.2304690,-106.5863559,1525.6,39061.5,8.600,123,92,168
2026-07-25T14:17:11Z,35.2303999,-106.5863960,1525.4,39070.0,8.600,123,92,176
2026-07-25T14:17:12Z,35.2303309,-106.5864360,1525.4,39078.6,8.600,124,92,172
2026-07-25T14:17:13Z,35.2302609,-106.5864759,1525.2,39087.4,8.640,123,92,175
2026-07-25T14:17:14Z,35.2301760,-106.5865240,1525.2,39095.9,8.620,124,91,175
2026-07-25T14:17:15Z,35.2301050,-106.5865650,1525.2,39104.3,8.560,124,91,170
2026-07-25T14:17:16Z,35.2300490,-106.5865970,1525.2,39112.9,8.580,123,91,170
2026-07-25T14:17:17Z,35.2299780,-106.5866360,1525.2,39121.3,8.540,124,91,181
2026-07-25T14:17:18Z,35.2299100,-106.5866749,1525.2,39129.6,8.440,123,91,181
2026-07-25T14:17:19Z,35.2298279,-106.5867250,1525.2,39138.0,8.420,124,90,179
2026-07-25T14:17:20Z,35.2297579,-106.5867680,1525.2,39146.4,8.420,124,90,200
2026-07-25T14:17:21Z,35.2297030,-106.5868010,1525.2,39154.8,8.380,124,90,195
2026-07-25T14:17:22Z,35.2296360,-106.5868410,1525.2,39163.3,8.400,124,89,186
2026-07-25T14:17:23Z,35.2295549,-106.5868889,1525.2,39171.6,8.400,124,89,199
2026-07-25T14:17:24Z,35.2294860,-106.5869260,1525.2,39179.7,8.340,125,88,188
2026-07-25T14:17:25Z,35.2294310,-106.5869570,1525.2,39188.0,8.320,124,87,152
2026-07-25T14:17:26Z,35.2293630,-106.5869960,1525.2,39196.1,8.260,124,87,164
2026-07-25T14:17:27Z,35.2292980,-106.5870349,1525.2,39204.0,8.140,124,87,164
2026-07-25T14:17:28Z,35.2292340,-106.5870720,1525.2,39212.0,8.080,124,86,164
2026-07-25T14:17:29Z,35.2291590,-106.5871160,1525.2,39219.7,8.000,124,84,179
2026-07-25T14:17:30Z,35.2290970,-106.5871550,1525.2,39227.4,7.880,124,83,184
2026-07-25T14:17:31Z,35.2290460,-106.5871840,1525.4,39235.3,7.840,124,83,224
2026-07-25T14:17:32Z,35.2289820,-106.5872199,1525.4,39242.9,7.780,124,83,220
2026-07-25T14:17:33Z,35.2289180,-106.5872550,1525.4,39250.7,7.740,125,83,210
2026-07-25T14:17:34Z,35.2288540,-106.5872899,1525.4,39258.2,7.700,124,82,189
2026-07-25T14:17:35Z,35.2287919,-106.5873250,1525.4,39266.0,7.720,125,81,179
2026-07-25T14:17:36Z,35.2287319,-106.5873619,1525.6,39273.6,7.660,124,81,191
2026-07-25T14:17:37Z,35.2286700,-106.5873990,1525.6,39281.0,7.620,125,80,209
2026-07-25T14:17:38Z,35.2286069,-106.5874330,1525.8,39288.5,7.560,125,80,213
2026-07-25T14:17:39Z,35.2285449,-106.5874690,1525.8,39296.0,7.560,125,81,236
2026-07-25T14:17:40Z,35.2284840,-106.5875040,1525.8,39303.6,7.520,125,81,233
2026-07-25T14:17:41Z,35.2284220,-106.5875389,1526.0,39311.1,7.500,125,80,216
2026-07-25T14:17:42Z,35.2283599,-106.5875770,1526.0,39318.6,7.520,125,80,218
2026-07-25T14:17:43Z,35.2282889,-106.5876219,1526.0,39326.2,7.540,125,80,223
2026-07-25T14:17:44Z,35.2282289,-106.5876560,1526.2,39333.7,7.540,125,80,199
2026-07-25T14:17:45Z,35.2281680,-106.5876890,1526.4,39341.2,7.520,125,80,197
2026-07-25T14:17:46Z,35.2281190,-106.5877150,1526.4,39348.6,7.500,125,80,196
2026-07-25T14:17:47Z,35.2280559,-106.5877480,1526.6,39356.1,7.500,125,80,196
2026-07-25T14:17:48Z,35.2279810,-106.5877880,1526.6,39363.7,7.500,125,80,191
2026-07-25T14:17:49Z,35.2279210,-106.5878239,1526.8,39371.1,7.480,126,80,184
2026-07-25T14:17:50Z,35.2278739,-106.5878529,1526.8,39378.6,7.480,126,80,180
2026-07-25T14:17:51Z,35.2278139,-106.5878880,1527.0,39386.2,7.520,125,81,195
2026-07-25T14:17:52Z,35.2277520,-106.5879249,1527.0,39393.8,7.540,126,81,179
2026-07-25T14:17:53Z,35.2276910,-106.5879600,1527.0,39401.5,7.560,126,82,170
2026-07-25T14:17:54Z,35.2276289,-106.5879969,1527.0,39409.2,7.620,126,82,174
2026-07-25T14:17:55Z,35.2275679,-106.5880350,1527.2,39417.2,7.720,127,82,174
2026-07-25T14:17:56Z,35.2275060,-106.5880730,1527.2,39425.2,7.800,127,83,163
2026-07-25T14:17:57Z,35.2274419,-106.5881090,1527.2,39433.2,7.880,127,85,180
2026-07-25T14:17:58Z,35.2273760,-106.5881429,1527.2,39441.4,7.980,127,86,201
2026-07-25T14:17:59Z,35.2272949,-106.5881839,1527.2,39449.6,8.080,127,87,208
2026-07-25T14:18:00Z,35.2272420,-106.5882129,1527.2,39457.9,8.140,127,89,165
2026-07-25T14:18:01Z,35.2271750,-106.5882510,1527.4,39466.5,8.260,128,90,152
2026-07-25T14:18:02Z,35.2271050,-106.5882890,1527.4,39475.2,8.400,128,91,146
2026-07-25T14:18:03Z,35.2270209,-106.5883370,1527.4,39483.7,8.460,128,91,139
2026-07-25T14:18:04Z,35.2269659,-106.5883699,1527.4,39492.2,8.520,128,91,131
2026-07-25T14:18:05Z,35.2268980,-106.5884110,1527.2,39500.9,8.600,128,92,134
2026-07-25T14:18:06Z,35.2268150,-106.5884599,1527.2,39509.5,8.600,127,92,140
2026-07-25T14:18:07Z,35.2267450,-106.5884989,1527.0,39518.1,8.580,128,93,144
2026-07-25T14:18:08Z,35.2266860,-106.5885330,1527.0,39526.9,8.640,127,93,135
2026-07-25T14:18:09Z,35.2266140,-106.5885739,1526.8,39535.8,8.720,128,94,127
2026-07-25T14:18:10Z,35.2265420,-106.5886139,1526.6,39544.5,8.720,128,94,130
2026-07-25T14:18:11Z,35.2264570,-106.5886650,1526.6,39553.5,8.800,127,94,130
2026-07-25T14:18:12Z,35.2263860,-106.5887080,1526.4,39562.4,8.860,127,95,134
2026-07-25T14:18:13Z,35.2263140,-106.5887520,1526.4,39571.4,8.900,127,95,129
2026-07-25T14:18:14Z,35.2262570,-106.5887889,1526.2,39580.4,8.920,127,96,133
2026-07-25T14:18:15Z,35.2261850,-106.5888339,1526.2,39589.8,9.060,126,96,127
2026-07-25T14:18:16Z,35.2261090,-106.5888749,1526.2,39598.9,9.080,126,97,127
2026-07-25T14:18:17Z,35.2260169,-106.5889230,1526.0,39608.1,9.140,125,98,139
2026-07-25T14:18:18Z,35.2259559,-106.5889580,1526.0,39617.4,9.200,125,99,137
2026-07-25T14:18:19Z,35.2258800,-106.5890019,1526.0,39626.7,9.260,124,99,124
2026-07-25T14:18:20Z,35.2257890,-106.5890550,1525.8,39636.0,9.240,124,100,126
2026-07-25T14:18:21Z,35.2257129,-106.5891010,1525.8,39645.3,9.280,124,100,114
2026-07-25T14:18:22Z,35.2256510,-106.5891370,1525.8,39654.7,9.320,123,101,144
2026-07-25T14:18:23Z,35.2255750,-106.5891800,1525.6,39664.3,9.380,123,101,138
2026-07-25T14:18:24Z,35.2254969,-106.5892189,1525.4,39673.7,9.400,123,101,138
2026-07-25T14:18:25Z,35.2254040,-106.5892700,1525.4,39683.1,9.420,123,101,135
2026-07-25T14:18:26Z,35.2253269,-106.5893130,1525.2,39692.5,9.440,122,101,128
2026-07-25T14:18:27Z,35.2252640,-106.5893479,1525.2,39701.9,9.440,122,101,142
2026-07-25T14:18:28Z,35.2251890,-106.5893939,1525.2,39711.2,9.380,123,100,131
2026-07-25T14:18:29Z,35.2251140,-106.5894410,1525.2,39720.4,9.340,123,100,136
2026-07-25T14:18:30Z,35.2250389,-106.5894880,1525.0,39729.8,9.340,122,99,133
2026-07-25T14:18:31Z,35.2249499,-106.5895410,1525.0,39739.0,9.300,122,99,140
2026-07-25T14:18:32Z,35.2248900,-106.5895750,1525.0,39748.0,9.220,122,98,144
2026-07-25T14:18:33Z,35.2248130,-106.5896160,1524.8,39757.1,9.180,122,98,149
2026-07-25T14:18:34Z,35.2247389,-106.5896570,1524.8,39766.3,9.180,122,97,176
2026-07-25T14:18:35Z,35.2246639,-106.5896990,1524.6,39775.3,9.100,121,97,192
2026-07-25T14:18:36Z,35.2245899,-106.5897430,1524.6,39784.2,9.040,122,97,181
2026-07-25T14:18:37Z,35.2245189,-106.5897870,1524.6,39793.1,9.020,122,97,186
2026-07-25T14:18:38Z,35.2244469,-106.5898300,1524.6,39802.1,9.000,123,96,186
2026-07-25T14:18:39Z,35.2243730,-106.5898720,1524.6,39810.9,8.920,122,95,194
2026-07-25T14:18:40Z,35.2242990,-106.5899109,1524.6,39819.5,8.840,123,95,176
2026-07-25T14:18:41Z,35.2242250,-106.5899529,1524.6,39828.1,8.780,123,94,176
2026-07-25T14:18:42Z,35.2241540,-106.5899920,1524.6,39836.6,8.700,123,93,175
2026-07-25T14:18:43Z,35.2240830,-106.5900330,1524.6,39845.2,8.620,123,92,179
2026-07-25T14:18:44Z,35.2239990,-106.5900849,1524.6,39853.8,8.580,123,91,187
2026-07-25T14:18:45Z,35.2239319,-106.5901239,1524.8,39862.1,8.520,123,91,183
2026-07-25T14:18:46Z,35.2238780,-106.5901539,1524.8,39870.6,8.500,123,90,191
2026-07-25T14:18:47Z,35.2238090,-106.5901930,1525.0,39879.1,8.500,123,90,179
2026-07-25T14:18:48Z,35.2237409,-106.5902310,1525.0,39887.4,8.440,123,90,183
2026-07-25T14:18:49Z,35.2236709,-106.5902679,1525.2,39895.8,8.400,123,90,183
2026-07-25T14:18:50Z,35.2235869,-106.5903149,1525.2,39904.1,8.400,123,89,188
2026-07-25T14:18:51Z,35.2235340,-106.5903480,1525.2,39912.5,8.380,123,89,185
2026-07-25T14:18:52Z,35.2234660,-106.5903890,1525.2,39920.9,8.360,123,89,231
2026-07-25T14:18:53Z,35.2233849,-106.5904370,1525.0,39929.4,8.400,123,90,231
2026-07-25T14:18:54Z,35.2233170,-106.5904780,1524.8,39937.7,8.380,123,89,184
2026-07-25T14:18:55Z,35.2232630,-106.5905100,1524.6,39945.9,8.360,124,89,180
2026-07-25T14:18:56Z,35.2231959,-106.5905500,1524.6,39954.3,8.360,124,88,173
2026-07-25T14:18:57Z,35.2231290,-106.5905900,1524.6,39962.6,8.340,124,88,186
2026-07-25T14:18:58Z,35.2230500,-106.5906400,1524.4,39970.7,8.260,124,89,177
2026-07-25T14:18:59Z,35.2229819,-106.5906780,1524.4,39979.1,8.280,124,89,192
2026-07-25T14:19:00Z,35.2229259,-106.5907080,1524.4,39987.4,8.300,124,89,184
2026-07-25T14:19:01Z,35.2228570,-106.5907449,1524.4,39995.8,8.300,124,89,171
2026-07-25T14:19:02Z,35.2227880,-106.5907840,1524.4,40004.2,8.320,124,89,175
2026-07-25T14:19:03Z,35.2227069,-106.5908329,1524.4,40012.6,8.380,124,90,183
2026-07-25T14:19:04Z,35.2226389,-106.5908739,1524.4,40020.9,8.360,124,90,183
2026-07-25T14:19:05Z,35.2225840,-106.5909070,1524.4,40029.5,8.420,124,90,193
2026-07-25T14:19:06Z,35.2225150,-106.5909469,1524.6,40037.8,8.400,124,91,215
2026-07-25T14:19:07Z,35.2224469,-106.5909850,1524.6,40046.4,8.440,124,91,203
2026-07-25T14:19:08Z,35.2223769,-106.5910240,1524.6,40055.0,8.480,124,91,204
2026-07-25T14:19:09Z,35.2222929,-106.5910700,1524.6,40063.6,8.540,125,92,186
2026-07-25T14:19:10Z,35.2222380,-106.5911019,1524.6,40072.1,8.520,124,92,182
2026-07-25T14:19:11Z,35.2221690,-106.5911420,1524.6,40080.8,8.600,124,92,176
2026-07-25T14:19:12Z,35.2220990,-106.5911800,1524.6,40089.2,8.560,125,92,180
2026-07-25T14:19:13Z,35.2220290,-106.5912209,1524.6,40097.5,8.500,125,91,173
2026-07-25T14:19:14Z,35.2219469,-106.5912720,1524.6,40106.1,8.500,125,91,159
2026-07-25T14:19:15Z,35.2218920,-106.5913049,1524.6,40114.6,8.500,125,92,145
2026-07-25T14:19:16Z,35.2218240,-106.5913469,1524.6,40123.3,8.500,125,92,177
2026-07-25T14:19:17Z,35.2217540,-106.5913870,1524.4,40131.7,8.500,125,92,170
2026-07-25T14:19:18Z,35.2216840,-106.5914260,1524.4,40140.3,8.560,125,92,160
2026-07-25T14:19:19Z,35.2216139,-106.5914629,1524.4,40148.8,8.540,125,92,135
2026-07-25T14:19:20Z,35.2215439,-106.5915020,1524.4,40157.5,8.580,126,91,164
2026-07-25T14:19:21Z,35.2214750,-106.5915400,1524.4,40166.1,8.560,126,91,158
2026-07-25T14:19:22Z,35.2214060,-106.5915799,1524.4,40174.5,8.560,125,91,162
2026-07-25T14:19:23Z,35.2213220,-106.5916300,1524.4,40183.0,8.540,126,91,167
2026-07-25T14:19:24Z,35.2212679,-106.5916590,1524.2,40191.6,8.560,126,90,170
2026-07-25T14:19:25Z,35.2211979,-106.5916970,1524.2,40199.9,8.480,126,90,164
2026-07-25T14:19:26Z,35.2211300,-106.5917359,1524.2,40208.1,8.400,126,90,178
2026-07-25T14:19:27Z,35.2210610,-106.5917750,1524.2,40216.6,8.420,126,89,173
2026-07-25T14:19:28Z,35.2209920,-106.5918109,1524.2,40224.8,8.360,126,89,163
2026-07-25T14:19:29Z,35.2209239,-106.5918499,1524.2,40233.0,8.280,126,89,171
2026-07-25T14:19:30Z,35.2208549,-106.5918900,1524.2,40241.4,8.300,126,89,181
2026-07-25T14:19:31Z,35.2207860,-106.5919290,1524.2,40249.8,8.340,125,89,214
2026-07-25T14:19:32Z,35.2207170,-106.5919669,1524.2,40258.0,8.280,125,90,186
2026-07-25T14:19:33Z,35.2206480,-106.5920050,1524.2,40266.3,8.300,125,90,175
2026-07-25T14:19:34Z,35.2205799,-106.5920440,1524.2,40274.7,8.340,126,90,164
2026-07-25T14:19:35Z,35.2205120,-106.5920839,1524.2,40283.1,8.340,125,90,182
2026-07-25T14:19:36Z,35.2204430,-106.5921239,1524.2,40291.7,8.380,126,90,180
2026-07-25T14:19:37Z,35.2203740,-106.5921650,1524.2,40300.1,8.420,125,90,183
2026-07-25T14:19:38Z,35.2203049,-106.5922030,1524.2,40308.5,8.440,126,90,170
2026-07-25T14:19:39Z,35.2202359,-106.5922399,1524.2,40317.0,8.460,126,90,165
2026-07-25T14:19:40Z,35.2201660,-106.5922780,1524.2,40325.3,8.440,126,90,167
2026-07-25T14:19:41Z,35.2200960,-106.5923160,1524.2,40333.6,8.380,126,90,163
2026-07-25T14:19:42Z,35.2200290,-106.5923529,1524.2,40342.0,8.380,126,90,173
2026-07-25T14:19:43Z,35.2199609,-106.5923920,1524.2,40350.3,8.360,127,90,170
2026-07-25T14:19:44Z,35.2198800,-106.5924409,1524.0,40358.6,8.320,127,90,173
2026-07-25T14:19:45Z,35.2198280,-106.5924719,1524.0,40367.1,8.360,127,90,173
2026-07-25T14:19:46Z,35.2197589,-106.5925139,1524.0,40375.6,8.400,127,91,206
2026-07-25T14:19:47Z,35.2196899,-106.5925559,1524.0,40384.1,8.420,127,91,186
2026-07-25T14:19:48Z,35.2196220,-106.5925979,1523.8,40392.6,8.460,127,91,151
2026-07-25T14:19:49Z,35.2195400,-106.5926480,1523.8,40401.0,8.480,127,91,148
2026-07-25T14:19:50Z,35.2194729,-106.5926930,1523.8,40409.4,8.460,128,90,131
2026-07-25T14:19:51Z,35.2194190,-106.5927279,1524.0,40417.8,8.440,128,90,154
2026-07-25T14:19:52Z,35.2193500,-106.5927690,1523.8,40426.2,8.420,128,90,168
2026-07-25T14:19:53Z,35.2192810,-106.5928080,1523.8,40434.5,8.380,128,90,167
2026-07-25T14:19:54Z,35.2191979,-106.5928540,1523.8,40443.1,8.420,127,90,175
2026-07-25T14:19:55Z,35.2191439,-106.5928849,1523.8,40451.5,8.420,127,90,163
2026-07-25T14:19:56Z,35.2190730,-106.5929240,1523.8,40459.9,8.420,128,90,166
2026-07-25T14:19:57Z,35.2189890,-106.5929719,1523.8,40468.4,8.440,127,90,157
2026-07-25T14:19:58Z,35.2189220,-106.5930130,1523.8,40476.8,8.460,127,91,174
2026-07-25T14:19:59Z,35.2188679,-106.5930439,1523.8,40485.3,8.440,127,91,183
2026-07-25T14:20:00Z,35.2188000,-106.5930840,1524.0,40493.6,8.420,127,91,183
2026-07-25T14:20:01Z,35.2187320,-106.5931260,1523.8,40502.4,8.500,127,91,178
2026-07-25T14:20:02Z,35.2186640,-106.5931660,1523.8,40510.7,8.460,127,91,188
2026-07-25T14:20:03Z,35.2185809,-106.5932130,1523.8,40519.3,8.500,127,91,181
2026-07-25T14:20:04Z,35.2185109,-106.5932520,1523.8,40527.8,8.500,127,91,166
2026-07-25T14:20:05Z,35.2184550,-106.5932820,1523.8,40536.2,8.520,127,91,163
2026-07-25T14:20:06Z,35.2183860,-106.5933220,1523.6,40544.6,8.440,128,91,150
2026-07-25T14:20:07Z,35.2183180,-106.5933629,1523.6,40553.2,8.500,127,91,143
2026-07-25T14:20:08Z,35.2182320,-106.5934130,1523.6,40561.5,8.440,127,90,147
2026-07-25T14:20:09Z,35.2181759,-106.5934440,1523.4,40569.7,8.380,127,90,173
2026-07-25T14:20:10Z,35.2181059,-106.5934820,1523.4,40578.1,8.380,127,89,181
2026-07-25T14:20:11Z,35.2180240,-106.5935290,1523.4,40586.3,8.340,127,89,178
2026-07-25T14:20:12Z,35.2179560,-106.5935710,1523.4,40594.6,8.280,127,89,203
2026-07-25T14:20:13Z,35.2179010,-106.5936039,1523.4,40603.0,8.300,127,89,182
2026-07-25T14:20:14Z,35.2178319,-106.5936450,1523.4,40611.3,8.320,127,89,200
2026-07-25T14:20:15Z,35.2177619,-106.5936860,1523.4,40619.4,8.260,127,89,200
2026-07-25T14:20:16Z,35.2176919,-106.5937250,1523.4,40627.8,8.300,127,89,174
2026-07-25T14:20:17Z,35.2176080,-106.5937669,1523.4,40635.9,8.260,126,88,166
2026-07-25T14:20:18Z,35.2175410,-106.5938040,1523.4,40643.9,8.180,127,88,170
2026-07-25T14:20:19Z,35.2174859,-106.5938320,1523.4,40652.2,8.180,127,88,170
2026-07-25T14:20:20Z,35.2174169,-106.5938680,1523.4,40660.5,8.220,128,89,215
2026-07-25T14:20:21Z,35.2173500,-106.5939059,1523.4,40669.0,8.240,128,90,252
2026-07-25T14:20:22Z,35.2172670,-106.5939519,1523.4,40677.4,8.300,128,91,202
2026-07-25T14:20:23Z,35.2172139,-106.5939829,1523.4,40685.9,8.400,129,91,224
2026-07-25T14:20:24Z,35.2171449,-106.5940249,1523.4,40694.3,8.420,129,91,219
2026-07-25T14:20:25Z,35.2170770,-106.5940659,1523.4,40702.8,8.460,130,91,224
2026-07-25T14:20:26Z,35.2170090,-106.5941069,1523.4,40711.2,8.440,131,91,211
2026-07-25T14:20:27Z,35.2169279,-106.5941600,1523.4,40719.8,8.480,130,91,217
2026-07-25T14:20:28Z,35.2168740,-106.5941939,1523.4,40728.4,8.500,130,92,216
2026-07-25T14:20:29Z,35.2168040,-106.5942340,1523.4,40736.9,8.520,131,92,198
2026-07-25T14:20:30Z,35.2167340,-106.5942720,1523.4,40745.5,8.540,131,92,184
2026-07-25T14:20:31Z,35.2166500,-106.5943200,1523.2,40754.2,8.600,131,92,170
2026-07-25T14:20:32Z,35.2165239,-106.5943920,1523.2,40762.7,8.580,131,91,160
2026-07-25T14:20:33Z,35.2164900,-106.5944119,1523.2,40771.0,8.520,131,91,173
2026-07-25T14:20:34Z,35.2164539,-106.5944330,1523.2,40779.6,8.540,131,91,173
2026-07-25T14:20:35Z,35.2163720,-106.5944829,1523.2,40787.9,8.480,131,90,174
2026-07-25T14:20:36Z,35.2163059,-106.5945230,1523.2,40796.4,8.440,131,90,169
2026-07-25T14:20:37Z,35.2162529,-106.5945559,1523.2,40804.8,8.420,131,90,175
2026-07-25T14:20:38Z,35.2161860,-106.5945979,1523.2,40813.2,8.440,131,90,170
2026-07-25T14:20:39Z,35.2161049,-106.5946470,1523.2,40821.5,8.380,131,90,172
2026-07-25T14:20:40Z,35.2160359,-106.5946849,1523.2,40830.0,8.420,130,90,171
2026-07-25T14:20:41Z,35.2159820,-106.5947139,1523.2,40838.4,8.400,131,90,165
2026-07-25T14:20:42Z,35.2159160,-106.5947549,1523.4,40846.6,8.360,130,90,153
2026-07-25T14:20:43Z,35.2158489,-106.5947999,1523.4,40854.9,8.340,130,86,125
2026-07-25T14:20:44Z,35.2157700,-106.5948500,1523.4,40863.1,8.320,130,70,210
2026-07-25T14:20:45Z,35.2157039,-106.5948910,1523.4,40871.6,8.320,129,71,224
2026-07-25T14:20:46Z,35.2156380,-106.5949319,1523.6,40880.1,8.340,129,71,264
2026-07-25T14:20:47Z,35.2155830,-106.5949650,1523.6,40888.5,8.380,129,72,284
2026-07-25T14:20:48Z,35.2155140,-106.5950029,1523.6,40897.1,8.440,128,72,251
2026-07-25T14:20:49Z,35.2154439,-106.5950419,1523.8,40905.5,8.480,129,72,282
2026-07-25T14:20:50Z,35.2153599,-106.5950889,1523.8,40914.1,8.500,129,72,302
2026-07-25T14:20:51Z,35.2153060,-106.5951200,1523.8,40922.6,8.500,129,72,274
2026-07-25T14:20:52Z,35.2152380,-106.5951619,1523.4,40931.3,8.560,129,73,303
2026-07-25T14:20:53Z,35.2151589,-106.5952130,1523.4,40939.9,8.560,130,73,285
2026-07-25T14:20:54Z,35.2150330,-106.5952909,1523.4,40948.8,8.660,130,73,285
2026-07-25T14:20:55Z,35.2149960,-106.5953120,1523.4,40957.5,8.680,130,74,285
2026-07-25T14:20:56Z,35.2149589,-106.5953319,1523.4,40966.2,8.720,130,74,282
2026-07-25T14:20:57Z,35.2148869,-106.5953690,1523.4,40975.2,8.780,131,74,264
2026-07-25T14:20:58Z,35.2147959,-106.5954150,1523.4,40983.7,8.760,131,74,53
2026-07-25T14:20:59Z,35.2147239,-106.5954550,1523.4,40992.4,8.720,132,32,53
2026-07-25T14:21:00Z,35.2146669,-106.5954870,1523.4,41001.0,8.700,132,73,268
2026-07-25T14:21:01Z,35.2145969,-106.5955280,1523.4,41009.4,8.640,132,88,214
2026-07-25T14:21:02Z,35.2145249,-106.5955670,1523.4,41018.0,8.560,133,102,160
2026-07-25T14:21:03Z,35.2144549,-106.5956039,1523.4,41026.5,8.560,133,102,152
2026-07-25T14:21:04Z,35.2143839,-106.5956430,1523.4,41035.0,8.520,133,101,152
2026-07-25T14:21:05Z,35.2143119,-106.5956830,1523.4,41043.5,8.500,133,100,139
2026-07-25T14:21:06Z,35.2142410,-106.5957240,1523.4,41051.8,8.480,133,100,139
2026-07-25T14:21:07Z,35.2141700,-106.5957649,1523.4,41060.2,8.440,133,99,139
2026-07-25T14:21:08Z,35.2141020,-106.5958030,1523.6,41068.4,8.380,134,99,142
2026-07-25T14:21:09Z,35.2140219,-106.5958499,1523.6,41076.9,8.380,134,98,153
2026-07-25T14:21:10Z,35.2139000,-106.5959209,1523.6,41085.3,8.360,134,98,150
2026-07-25T14:21:11Z,35.2138649,-106.5959400,1523.8,41093.7,8.380,134,98,166
2026-07-25T14:21:12Z,35.2138300,-106.5959590,1523.8,41101.9,8.340,134,98,173
2026-07-25T14:21:13Z,35.2137479,-106.5960030,1524.0,41110.1,8.340,133,98,166
2026-07-25T14:21:14Z,35.2136789,-106.5960410,1524.0,41118.4,8.300,133,98,174
2026-07-25T14:21:15Z,35.2136240,-106.5960730,1524.0,41126.8,8.300,133,98,181
2026-07-25T14:21:16Z,35.2135560,-106.5961120,1524.0,41134.9,8.240,132,98,179
2026-07-25T14:21:17Z,35.2134749,-106.5961570,1524.0,41143.3,8.280,132,97,180
2026-07-25T14:21:18Z,35.2134209,-106.5961890,1524.0,41151.4,8.260,132,97,185
2026-07-25T14:21:19Z,35.2133410,-106.5962340,1524.0,41159.5,8.220,132,96,177
2026-07-25T14:21:20Z,35.2132889,-106.5962639,1524.0,41167.5,8.140,132,95,193
2026-07-25T14:21:21Z,35.2132230,-106.5963000,1524.0,41175.4,8.100,132,95,190
2026-07-25T14:21:22Z,35.2131569,-106.5963399,1524.0,41183.4,8.020,132,94,194
2026-07-25T14:21:23Z,35.2130910,-106.5963789,1524.0,41191.3,7.980,132,95,183
2026-07-25T14:21:24Z,35.2130260,-106.5964160,1524.0,41199.3,7.960,132,95,189
2026-07-25T14:21:25Z,35.2129599,-106.5964549,1524.0,41207.5,8.000,132,95,185
2026-07-25T14:21:26Z,35.2128960,-106.5964939,1524.0,41215.5,8.020,132,95,185
2026-07-25T14:21:27Z,35.2128210,-106.5965450,1524.0,41223.6,8.039,131,96,182
2026-07-25T14:21:28Z,35.2127589,-106.5965880,1524.0,41231.9,8.119,131,96,180
2026-07-25T14:21:29Z,35.2127090,-106.5966239,1524.0,41240.0,8.140,131,97,173
2026-07-25T14:21:30Z,35.2126480,-106.5966689,1524.0,41248.2,8.140,131,97,162
2026-07-25T14:21:31Z,35.2125750,-106.5967230,1524.0,41256.4,8.180,131,97,160
2026-07-25T14:21:32Z,35.2125109,-106.5967719,1524.0,41264.7,8.220,131,98,169
2026-07-25T14:21:33Z,35.2124610,-106.5968129,1524.0,41273.1,8.240,130,99,160
2026-07-25T14:21:34Z,35.2123979,-106.5968689,1524.0,41281.7,8.340,130,99,162
2026-07-25T14:21:35Z,35.2123360,-106.5969250,1524.0,41290.1,8.380,130,100,162
2026-07-25T14:21:36Z,35.2122020,-106.5970520,1524.0,41298.8,8.480,130,101,157
2026-07-25T14:21:37Z,35.2121580,-106.5971019,1524.0,41307.2,8.500,130,101,160
2026-07-25T14:21:38Z,35.2121310,-106.5971340,1524.0,41316.0,8.580,131,101,160
2026-07-25T14:21:39Z,35.2121040,-106.5971660,1524.0,41324.9,8.640,130,102,152
2026-07-25T14:21:40Z,35.2120490,-106.5972360,1524.0,41333.6,8.700,130,103,128
2026-07-25T14:21:41Z,35.2119939,-106.5973080,1524.0,41342.2,8.680,130,103,155
2026-07-25T14:21:42Z,35.2119280,-106.5973930,1524.0,41350.8,8.720,130,103,139
2026-07-25T14:21:43Z,35.2118339,-106.5975220,1524.0,41359.6,8.720,130,103,141
2026-07-25T14:21:44Z,35.2117840,-106.5975950,1523.8,41368.3,8.680,130,102,143
2026-07-25T14:21:45Z,35.2117600,-106.5976319,1523.8,41376.8,8.640,130,102,143
2026-07-25T14:21:46Z,35.2117359,-106.5976700,1523.6,41385.4,8.640,130,102,153
2026-07-25T14:21:47Z,35.2116820,-106.5977629,1523.6,41393.9,8.620,130,102,146
2026-07-25T14:21:48Z,35.2116079,-106.5979069,1523.6,41402.6,8.600,130,102,152
2026-07-25T14:21:49Z,35.2115670,-106.5979990,1523.4,41411.3,8.600,130,101,163
2026-07-25T14:21:50Z,35.2115260,-106.5980900,1523.4,41420.0,8.640,130,102,166
2026-07-25T14:21:51Z,35.2114970,-106.5981590,1523.2,41428.5,8.620,130,102,163
2026-07-25T14:21:52Z,35.2114619,-106.5982440,1523.2,41437.1,8.640,130,102,154
2026-07-25T14:21:53Z,35.2114260,-106.5983410,1523.2,41445.9,8.660,130,102,150
2026-07-25T14:21:54Z,35.2113909,-106.5984350,1523.2,41454.4,8.620,129,102,149
2026-07-25T14:21:55Z,35.2113609,-106.5985229,1523.2,41463.0,8.600,130,102,168
2026-07-25T14:21:56Z,35.2113400,-106.5985949,1523.2,41471.7,8.640,129,102,153
2026-07-25T14:21:57Z,35.2113140,-106.5986959,1523.2,41480.4,8.660,129,102,152
2026-07-25T14:21:58Z,35.2112879,-106.5987930,1523.2,41488.8,8.580,129,102,154
2026-07-25T14:21:59Z,35.2112690,-106.5988630,1523.2,41497.4,8.600,129,102,160
2026-07-25T14:22:00Z,35.2112439,-106.5989530,1523.2,41506.0,8.600,128,102,167
2026-07-25T14:22:01Z,35.2112199,-106.5990419,1523.2,41514.6,8.580,129,101,166
2026-07-25T14:22:02Z,35.2111930,-106.5991299,1523.2,41523.1,8.540,128,101,162
2026-07-25T14:22:03Z,35.2111670,-106.5992180,1523.2,41531.5,8.540,128,100,174
2026-07-25T14:22:04Z,35.2111400,-106.5993050,1523.2,41540.0,8.520,128,100,171
2026-07-25T14:22:05Z,35.2111130,-106.5993920,1523.2,41548.2,8.440,128,99,174
2026-07-25T14:22:06Z,35.2110879,-106.5994790,1523.2,41556.4,8.360,127,98,172
2026-07-25T14:22:07Z,35.2110660,-106.5995640,1523.2,41564.5,8.280,127,97,183
2026-07-25T14:22:08Z,35.2110459,-106.5996510,1523.2,41572.8,8.260,127,97,187
2026-07-25T14:22:09Z,35.2110289,-106.5997370,1523.2,41580.8,8.160,127,96,186
2026-07-25T14:22:10Z,35.2110060,-106.5998400,1523.2,41588.7,8.100,127,95,190
2026-07-25T14:22:11Z,35.2109889,-106.5999059,1523.2,41596.7,8.060,127,94,220
2026-07-25T14:22:12Z,35.2109660,-106.5999880,1523.2,41604.4,7.980,127,93,259
2026-07-25T14:22:13Z,35.2109429,-106.6000690,1523.2,41612.1,7.860,128,93,244
2026-07-25T14:22:14Z,35.2109179,-106.6001659,1523.2,41620.0,7.840,127,93,230
2026-07-25T14:22:15Z,35.2109019,-106.6002290,1523.2,41627.9,7.840,128,92,222
2026-07-25T14:22:16Z,35.2108790,-106.6003089,1523.4,41635.6,7.780,128,92,233
2026-07-25T14:22:17Z,35.2108559,-106.6003900,1523.6,41643.3,7.780,128,91,251
2026-07-25T14:22:18Z,35.2108330,-106.6004700,1523.6,41651.1,7.800,128,91,246
2026-07-25T14:22:19Z,35.2108050,-106.6005639,1523.8,41658.8,7.760,128,91,248
2026-07-25T14:22:20Z,35.2107820,-106.6006269,1524.0,41666.7,7.760,128,92,245
2026-07-25T14:22:21Z,35.2107490,-106.6007030,1524.2,41674.8,7.840,129,93,261
2026-07-25T14:22:22Z,35.2107129,-106.6007770,1524.4,41682.6,7.860,129,93,240
2026-07-25T14:22:23Z,35.2106729,-106.6008500,1524.4,41690.4,7.860,129,93,211
2026-07-25T14:22:24Z,35.2106309,-106.6009190,1524.6,41698.3,7.900,129,93,209
2026-07-25T14:22:25Z,35.2105880,-106.6009880,1524.6,41706.2,7.900,129,93,206
2026-07-25T14:22:26Z,35.2105539,-106.6010630,1524.6,41714.2,7.880,129,94,245
2026-07-25T14:22:27Z,35.2105200,-106.6011370,1524.6,41722.2,7.920,129,94,258
2026-07-25T14:22:28Z,35.2104959,-106.6012390,1524.8,41730.2,7.960,130,95,243
2026-07-25T14:22:29Z,35.2104880,-106.6013100,1524.8,41738.2,7.980,130,95,256
2026-07-25T14:22:30Z,35.2104810,-106.6013979,1524.8,41746.2,8.000,130,95,229
2026-07-25T14:22:31Z,35.2104689,-106.6014849,1525.0,41754.5,8.060,130,95,229
2026-07-25T14:22:32Z,35.2104450,-106.6015680,1525.0,41762.5,8.060,130,96,212
2026-07-25T14:22:33Z,35.2103910,-106.6016490,1525.0,41770.8,8.119,131,97,229
2026-07-25T14:22:34Z,35.2103379,-106.6016840,1525.0,41779.3,8.220,131,98,225
2026-07-25T14:22:35Z,35.2102650,-106.6017049,1525.2,41787.8,8.320,132,99,237
2026-07-25T14:22:36Z,35.2101780,-106.6016930,1525.2,41796.4,8.380,132,100,257
2026-07-25T14:22:37Z,35.2101249,-106.6016469,1525.2,41805.2,8.540,133,102,287
2026-07-25T14:22:38Z,35.2100710,-106.6015999,1525.2,41814.0,8.640,133,103,328
2026-07-25T14:22:39Z,35.2100190,-106.6015240,1525.2,41822.9,8.720,134,104,283
2026-07-25T14:22:40Z,35.2099689,-106.6014459,1525.2,41831.9,8.820,134,106,247
2026-07-25T14:22:41Z,35.2099170,-106.6013660,1525.2,41841.1,8.940,135,107,221
2026-07-25T14:22:42Z,35.2098499,-106.6012750,1525.2,41850.3,9.020,134,108,217
2026-07-25T14:22:43Z,35.2098010,-106.6012170,1525.2,41859.3,9.060,135,109,206
2026-07-25T14:22:44Z,35.2097389,-106.6011460,1524.8,41868.3,9.080,135,107,192
2026-07-25T14:22:45Z,35.2096799,-106.6010760,1524.8,41877.2,9.060,136,107,195
2026-07-25T14:22:46Z,35.2096140,-106.6009900,1524.8,41885.8,8.940,136,105,186
2026-07-25T14:22:47Z,35.2095759,-106.6009279,1525.0,41894.3,8.800,136,103,200
2026-07-25T14:22:48Z,35.2095349,-106.6008480,1525.0,41902.2,8.580,136,101,208
2026-07-25T14:22:49Z,35.2095010,-106.6007580,1525.0,41910.2,8.380,136,98,231
2026-07-25T14:22:50Z,35.2094700,-106.6006750,1525.0,41917.6,8.080,136,115,148
2026-07-25T14:22:51Z,35.2094460,-106.6006089,1525.0,41924.5,7.740,135,110,156
2026-07-25T14:22:52Z,35.2094229,-106.6005470,1525.2,41930.9,7.320,136,110,103
2026-07-25T14:22:53Z,35.2093980,-106.6004809,1525.4,41937.2,7.000,135,106,103
2026-07-25T14:22:54Z,35.2093769,-106.6004229,1525.4,41942.7,6.500,135,106,152
2026-07-25T14:22:55Z,35.2093560,-106.6003679,1525.4,41948.0,6.080,135,105,152
2026-07-25T14:22:56Z,35.2093359,-106.6003079,1525.6,41952.7,5.640,135,96,214
2026-07-25T14:22:57Z,35.2093230,-106.6002700,1525.8,41957.3,5.280,134,91,241
2026-07-25T14:22:58Z,35.2093069,-106.6002250,1526.2,41961.7,4.900,135,86,272
2026-07-25T14:22:59Z,35.2092870,-106.6001730,1526.4,41966.2,4.700,135,83,330
2026-07-25T14:23:00Z,35.2092720,-106.6001290,1526.6,41970.6,4.520,134,83,332
2026-07-25T14:23:01Z,35.2092609,-106.6000939,1527.0,41975.0,4.460,135,83,290
2026-07-25T14:23:02Z,35.2092479,-106.6000520,1527.6,41979.4,4.420,135,82,290
2026-07-25T14:23:03Z,35.2092349,-106.6000079,1527.8,41983.8,4.420,134,83,322
2026-07-25T14:23:04Z,35.2092150,-106.5999560,1528.0,41988.1,4.380,134,84,306
2026-07-25T14:23:05Z,35.2092010,-106.5999219,1528.6,41992.6,4.400,135,84,277
2026-07-25T14:23:06Z,35.2091860,-106.5998769,1528.8,41997.1,4.420,135,85,260
2026-07-25T14:23:07Z,35.2091710,-106.5998300,1529.0,42001.6,4.440,135,86,291
2026-07-25T14:23:08Z,35.2091560,-106.5997850,1529.4,42006.2,4.480,135,87,285
2026-07-25T14:23:09Z,35.2091400,-106.5997390,1529.8,42010.8,4.540,135,88,260
2026-07-25T14:23:10Z,35.2091209,-106.5996830,1530.0,42015.4,4.560,135,87,262
2026-07-25T14:23:11Z,35.2091039,-106.5996360,1530.2,42020.1,4.600,136,88,251
2026-07-25T14:23:12Z,35.2090889,-106.5995980,1530.6,42024.7,4.620,136,88,249
2026-07-25T14:23:13Z,35.2090710,-106.5995490,1530.6,42029.2,4.600,136,88,249
2026-07-25T14:23:14Z,35.2090510,-106.5994970,1530.8,42034.0,4.640,136,88,215
2026-07-25T14:23:15Z,35.2090360,-106.5994490,1531.0,42038.6,4.640,136,89,216
2026-07-25T14:23:16Z,35.2090199,-106.5994139,1531.2,42043.5,4.680,137,90,241
2026-07-25T14:23:17Z,35.2090009,-106.5993680,1531.4,42048.0,4.660,137,91,222
2026-07-25T14:23:18Z,35.2089780,-106.5993100,1531.6,42053.0,4.760,138,92,194
2026-07-25T14:23:19Z,35.2089599,-106.5992709,1531.8,42057.6,4.720,137,92,191
2026-07-25T14:23:20Z,35.2089370,-106.5992139,1532.0,42062.6,4.800,137,92,191
2026-07-25T14:23:21Z,35.2089220,-106.5991739,1532.0,42067.5,4.800,136,93,191
2026-07-25T14:23:22Z,35.2089019,-106.5991240,1532.2,42072.4,4.880,137,95,173
2026-07-25T14:23:23Z,35.2088840,-106.5990750,1532.4,42077.5,4.900,137,95,166
2026-07-25T14:23:24Z,35.2088650,-106.5990259,1532.4,42082.4,4.960,136,96,160
2026-07-25T14:23:25Z,35.2088459,-106.5989770,1532.6,42087.6,5.000,137,97,164
2026-07-25T14:23:26Z,35.2088260,-106.5989259,1532.8,42092.9,5.080,137,99,146
2026-07-25T14:23:27Z,35.2088070,-106.5988790,1533.0,42097.9,5.100,137,100,144
2026-07-25T14:23:28Z,35.2087859,-106.5988269,1533.0,42103.5,5.200,137,102,144
2026-07-25T14:23:29Z,35.2087660,-106.5987740,1533.0,42108.8,5.280,136,102,112
2026-07-25T14:23:30Z,35.2087439,-106.5987180,1533.2,42114.3,5.340,136,102,112
2026-07-25T14:23:31Z,35.2087179,-106.5986580,1533.2,42119.9,5.400,136,92,185
2026-07-25T14:23:32Z,35.2086930,-106.5985989,1533.2,42125.4,5.500,136,93,156
2026-07-25T14:23:33Z,35.2086770,-106.5985539,1533.2,42131.1,5.520,135,94,147
2026-07-25T14:23:34Z,35.2086550,-106.5984969,1533.4,42136.8,5.600,136,95,156
2026-07-25T14:23:35Z,35.2086309,-106.5984399,1533.4,42142.1,5.560,136,96,162
2026-07-25T14:23:36Z,35.2086080,-106.5983840,1533.6,42147.7,5.560,136,97,154
2026-07-25T14:23:37Z,35.2085859,-106.5983270,1533.6,42153.5,5.620,135,98,150
2026-07-25T14:23:38Z,35.2085640,-106.5982690,1533.6,42159.0,5.580,135,99,143
2026-07-25T14:23:39Z,35.2085360,-106.5981959,1533.8,42165.2,5.680,135,100,148
2026-07-25T14:23:40Z,35.2085169,-106.5981499,1533.8,42171.3,5.840,135,101,153
2026-07-25T14:23:41Z,35.2084940,-106.5980900,1533.8,42177.4,5.940,135,102,147
2026-07-25T14:23:42Z,35.2084709,-106.5980310,1533.8,42183.3,5.960,135,102,131
2026-07-25T14:23:43Z,35.2084399,-106.5979600,1533.8,42189.3,6.060,135,102,141
2026-07-25T14:23:44Z,35.2084190,-106.5979130,1533.8,42195.5,6.060,134,102,131
2026-07-25T14:23:45Z,35.2083940,-106.5978540,1533.8,42201.7,6.080,134,102,131
2026-07-25T14:23:46Z,35.2083709,-106.5977929,1533.8,42207.9,6.100,133,103,124
2026-07-25T14:23:47Z,35.2083470,-106.5977309,1533.8,42214.2,6.180,133,103,120
2026-07-25T14:23:48Z,35.2083190,-106.5976609,1533.8,42220.3,6.200,133,102,128
2026-07-25T14:23:49Z,35.2083009,-106.5976140,1533.8,42226.6,6.220,132,101,124
2026-07-25T14:23:50Z,35.2082800,-106.5975530,1534.0,42232.5,6.160,132,102,126
2026-07-25T14:23:51Z,35.2082590,-106.5974919,1534.0,42238.3,6.080,132,102,127
2026-07-25T14:23:52Z,35.2082370,-106.5974309,1534.0,42244.4,6.040,131,102,127
2026-07-25T14:23:53Z,35.2082099,-106.5973589,1534.0,42250.3,6.000,131,102,145
2026-07-25T14:23:54Z,35.2081940,-106.5973110,1534.0,42256.4,5.960,131,102,153
2026-07-25T14:23:55Z,35.2081740,-106.5972469,1534.2,42262.4,5.980,131,103,143
2026-07-25T14:23:56Z,35.2081539,-106.5971840,1534.2,42268.5,6.040,130,103,131
2026-07-25T14:23:57Z,35.2081330,-106.5971230,1534.2,42274.7,6.060,129,103,136
2026-07-25T14:23:58Z,35.2081119,-106.5970610,1534.2,42281.0,6.140,129,103,136
2026-07-25T14:23:59Z,35.2080920,-106.5969999,1534.2,42286.9,6.100,129,103,119
2026-07-25T14:24:00Z,35.2080730,-106.5969340,1534.2,42293.2,6.160,129,103,137
2026-07-25T14:24:01Z,35.2080559,-106.5968740,1534.2,42299.0,6.100,128,103,158
2026-07-25T14:24:02Z,35.2080320,-106.5967979,1534.2,42305.2,6.100,128,104,152
2026-07-25T14:24:03Z,35.2080150,-106.5967419,1534.2,42311.3,6.060,128,104,149
2026-07-25T14:24:04Z,35.2079969,-106.5966849,1534.2,42317.5,6.120,128,104,145
2026-07-25T14:24:05Z,35.2079740,-106.5966099,1534.2,42323.7,6.100,127,104,123
2026-07-25T14:24:06Z,35.2079600,-106.5965590,1534.2,42329.9,6.180,127,104,123
2026-07-25T14:24:07Z,35.2079440,-106.5964939,1534.4,42335.9,6.140,128,103,133
2026-07-25T14:24:08Z,35.2079269,-106.5964310,1534.4,42342.7,6.280,128,103,137
2026-07-25T14:24:09Z,35.2079070,-106.5963590,1534.4,42349.1,6.320,127,103,124
2026-07-25T14:24:10Z,35.2078880,-106.5962880,1534.4,42355.4,6.340,128,104,125
2026-07-25T14:24:11Z,35.2078730,-106.5962219,1534.6,42361.5,6.320,127,103,121
2026-07-25T14:24:12Z,35.2078610,-106.5961690,1534.6,42367.9,6.400,127,102,127
2026-07-25T14:24:13Z,35.2078440,-106.5961059,1534.6,42374.1,6.280,127,102,119
2026-07-25T14:24:14Z,35.2078259,-106.5960410,1534.6,42380.3,6.240,127,102,119
2026-07-25T14:24:15Z,35.2078099,-106.5959819,1534.8,42386.0,6.120,126,101,137
2026-07-25T14:24:16Z,35.2077929,-106.5959059,1534.8,42391.8,6.060,126,100,155
2026-07-25T14:24:17Z,35.2077799,-106.5958570,1534.8,42397.4,5.900,126,100,162
2026-07-25T14:24:18Z,35.2077639,-106.5957949,1534.8,42403.4,5.860,126,100,151
2026-07-25T14:24:19Z,35.2077480,-106.5957199,1534.8,42409.2,5.780,126,99,152
2026-07-25T14:24:20Z,35.2077369,-106.5956720,1535.0,42414.9,5.780,125,97,179
2026-07-25T14:24:21Z,35.2077229,-106.5956120,1535.0,42420.5,5.740,127,96,190
2026-07-25T14:24:22Z,35.2077109,-106.5955520,1535.0,42426.0,5.720,127,95,178
2026-07-25T14:24:23Z,35.2076990,-106.5954940,1535.0,42431.4,5.600,126,93,186
2026-07-25T14:24:24Z,35.2076880,-106.5954380,1535.0,42436.7,5.500,126,91,197
2026-07-25T14:24:25Z,35.2076740,-106.5953690,1535.0,42442.2,5.460,125,90,213
2026-07-25T14:24:26Z,35.2076639,-106.5953240,1535.0,42447.6,5.420,126,88,224
2026-07-25T14:24:27Z,35.2076519,-106.5952680,1535.2,42452.7,5.340,126,88,207
2026-07-25T14:24:28Z,35.2076410,-106.5952149,1535.2,42457.5,5.220,127,86,207
2026-07-25T14:24:29Z,35.2076300,-106.5951619,1535.6,42462.1,5.080,127,83,209
2026-07-25T14:24:30Z,35.2076190,-106.5951009,1535.8,42466.8,4.920,128,81,212
2026-07-25T14:24:31Z,35.2076130,-106.5950609,1536.0,42471.4,4.760,128,82,230
2026-07-25T14:24:32Z,35.2076059,-106.5950120,1536.2,42476.0,4.660,129,87,177
2026-07-25T14:24:33Z,35.2075980,-106.5949650,1536.4,42480.4,4.580,129,85,225
2026-07-25T14:24:34Z,35.2075900,-106.5949169,1536.6,42484.9,4.560,129,83,237
2026-07-25T14:24:35Z,35.2075819,-106.5948719,1536.8,42489.2,4.480,130,82,249
2026-07-25T14:24:36Z,35.2075740,-106.5948269,1537.2,42493.4,4.400,130,82,240
2026-07-25T14:24:37Z,35.2075649,-106.5947820,1537.4,42497.6,4.320,130,80,240
2026-07-25T14:24:38Z,35.2075570,-106.5947390,1537.6,42501.7,4.260,130,78,209
2026-07-25T14:24:39Z,35.2075489,-106.5946950,1537.8,42505.6,4.140,130,77,219
2026-07-25T14:24:40Z,35.2075440,-106.5946530,1538.0,42509.6,4.080,130,76,221
2026-07-25T14:24:41Z,35.2075379,-106.5946129,1538.2,42513.3,3.980,130,72,178
2026-07-25T14:24:42Z,35.2075320,-106.5945719,1538.4,42516.9,3.860,129,82,214
2026-07-25T14:24:43Z,35.2075250,-106.5945269,1538.8,42520.7,3.800,129,82,0
2026-07-25T14:24:44Z,35.2075180,-106.5944959,1539.0,42524.4,3.760,130,82,0
2026-07-25T14:24:45Z,35.2075099,-106.5944480,1539.2,42528.0,3.680,129,0,0
2026-07-25T14:24:46Z,35.2075059,-106.5944170,1539.4,42531.8,3.700,129,83,220
2026-07-25T14:24:47Z,35.2075020,-106.5943799,1539.4,42535.5,3.720,129,83,219
2026-07-25T14:24:48Z,35.2074970,-106.5943379,1539.6,42539.6,3.780,129,85,230
2026-07-25T14:24:49Z,35.2074919,-106.5942860,1539.6,42543.6,3.840,130,88,209
2026-07-25T14:24:50Z,35.2074900,-106.5942519,1539.8,42547.5,3.900,129,89,183
2026-07-25T14:24:51Z,35.2074870,-106.5942089,1540.0,42551.6,3.960,130,89,181
2026-07-25T14:24:52Z,35.2074830,-106.5941649,1540.4,42555.6,4.019,129,89,164
2026-07-25T14:24:53Z,35.2074779,-106.5941219,1540.4,42559.6,4.000,129,88,164
2026-07-25T14:24:54Z,35.2074730,-106.5940789,1540.6,42563.4,3.960,129,87,183
2026-07-25T14:24:55Z,35.2074690,-106.5940349,1540.8,42567.4,3.980,130,87,170
2026-07-25T14:24:56Z,35.2074680,-106.5939929,1541.0,42571.2,3.920,129,87,181
2026-07-25T14:24:57Z,35.2074659,-106.5939489,1541.2,42575.1,3.900,130,87,177
2026-07-25T14:24:58Z,35.2074629,-106.5939059,1541.2,42579.1,3.900,130,88,177
2026-07-25T14:24:59Z,35.2074600,-106.5938639,1541.4,42583.3,3.980,130,89,192
2026-07-25T14:25:00Z,35.2074600,-106.5938229,1541.6,42587.3,3.980,130,89,180
2026-07-25T14:25:01Z,35.2074590,-106.5937799,1541.6,42591.3,4.019,130,90,175
2026-07-25T14:25:02Z,35.2074560,-106.5937270,1541.8,42595.4,4.059,130,90,167
2026-07-25T14:25:03Z,35.2074540,-106.5936830,1541.8,42599.5,4.080,131,91,168
2026-07-25T14:25:04Z,35.2074509,-106.5936469,1542.0,42603.6,4.059,131,91,158
2026-07-25T14:25:05Z,35.2074509,-106.5936030,1542.0,42607.5,4.040,131,90,158
2026-07-25T14:25:06Z,35.2074489,-106.5935509,1542.2,42611.3,4.000,131,89,169
2026-07-25T14:25:07Z,35.2074450,-106.5935150,1542.2,42615.4,4.000,131,90,170
2026-07-25T14:25:08Z,35.2074410,-106.5934619,1542.4,42619.3,3.960,130,90,161
2026-07-25T14:25:09Z,35.2074400,-106.5934270,1542.8,42623.2,3.920,130,89,160
2026-07-25T14:25:10Z,35.2074379,-106.5933830,1542.8,42627.1,3.920,130,89,166
2026-07-25T14:25:11Z,35.2074369,-106.5933410,1543.0,42631.2,3.980,130,89,179
2026-07-25T14:25:12Z,35.2074349,-106.5932970,1543.0,42635.3,3.980,130,89,185
2026-07-25T14:25:13Z,35.2074300,-106.5932439,1543.2,42639.3,4.000,130,90,175
2026-07-25T14:25:14Z,35.2074290,-106.5932090,1543.4,42643.2,4.000,130,90,171
2026-07-25T14:25:15Z,35.2074260,-106.5931650,1543.6,42647.3,4.040,130,90,171
2026-07-25T14:25:16Z,35.2074239,-106.5931240,1543.6,42651.2,4.000,130,90,157
2026-07-25T14:25:17Z,35.2074199,-106.5930800,1543.8,42655.4,4.019,129,90,168
2026-07-25T14:25:18Z,35.2074170,-106.5930360,1544.0,42659.4,4.019,130,90,172
2026-07-25T14:25:19Z,35.2074160,-106.5929920,1544.0,42663.5,4.059,130,90,176
2026-07-25T14:25:20Z,35.2074140,-106.5929469,1544.2,42667.6,4.059,130,90,171
2026-07-25T14:25:21Z,35.2074120,-106.5929039,1544.4,42671.6,4.080,129,91,177
2026-07-25T14:25:22Z,35.2074100,-106.5928500,1544.4,42675.8,4.080,129,92,161
2026-07-25T14:25:23Z,35.2074069,-106.5928090,1544.6,42679.9,4.100,130,92,165
2026-07-25T14:25:24Z,35.2074039,-106.5927680,1544.8,42684.1,4.120,129,94,165
2026-07-25T14:25:25Z,35.2074010,-106.5927220,1545.0,42688.4,4.160,129,95,150
2026-07-25T14:25:26Z,35.2073970,-106.5926660,1545.0,42692.6,4.200,129,95,145
2026-07-25T14:25:27Z,35.2073949,-106.5926279,1545.2,42696.8,4.200,129,94,145
2026-07-25T14:25:28Z,35.2073939,-106.5925810,1545.2,42701.0,4.220,129,94,153
2026-07-25T14:25:29Z,35.2073919,-106.5925350,1545.4,42705.4,4.260,129,95,147
2026-07-25T14:25:30Z,35.2073890,-106.5924790,1545.4,42709.6,4.240,129,96,148
2026-07-25T14:25:31Z,35.2073870,-106.5924419,1545.6,42714.0,4.280,129,96,142
2026-07-25T14:25:32Z,35.2073820,-106.5923940,1545.6,42718.3,4.300,128,96,142
2026-07-25T14:25:33Z,35.2073779,-106.5923470,1545.8,42722.6,4.320,128,97,135
2026-07-25T14:25:34Z,35.2073759,-106.5922999,1545.8,42727.0,4.320,128,98,144
2026-07-25T14:25:35Z,35.2073740,-106.5922519,1545.8,42731.3,4.340,128,97,144
2026-07-25T14:25:36Z,35.2073710,-106.5922050,1546.0,42735.8,4.360,127,98,144
2026-07-25T14:25:37Z,35.2073680,-106.5921559,1546.0,42740.3,4.400,127,98,159
2026-07-25T14:25:38Z,35.2073659,-106.5921060,1546.2,42744.8,4.440,127,98,174
2026-07-25T14:25:39Z,35.2073629,-106.5920570,1546.4,42749.3,4.460,127,95,174
2026-07-25T14:25:40Z,35.2073600,-106.5920079,1546.6,42753.9,4.520,126,94,141
2026-07-25T14:25:41Z,35.2073570,-106.5919580,1546.6,42758.5,4.540,126,94,146
2026-07-25T14:25:42Z,35.2073519,-106.5919079,1546.8,42762.9,4.520,126,94,141
2026-07-25T14:25:43Z,35.2073499,-106.5918600,1546.8,42767.4,4.520,126,94,148
2026-07-25T14:25:44Z,35.2073469,-106.5918099,1547.0,42772.1,4.560,126,94,151
2026-07-25T14:25:45Z,35.2073410,-106.5917499,1547.0,42776.7,4.560,126,95,142
2026-07-25T14:25:46Z,35.2073380,-106.5917089,1547.0,42781.3,4.560,126,95,136
2026-07-25T14:25:47Z,35.2073359,-106.5916590,1547.2,42785.9,4.600,126,95,139
2026-07-25T14:25:48Z,35.2073329,-106.5916069,1547.2,42790.5,4.620,126,95,147
2026-07-25T14:25:49Z,35.2073280,-106.5915570,1547.2,42795.1,4.600,126,95,159
2026-07-25T14:25:50Z,35.2073229,-106.5915069,1547.2,42799.6,4.580,126,95,159
2026-07-25T14:25:51Z,35.2073189,-106.5914560,1547.4,42804.2,4.580,126,95,156
2026-07-25T14:25:52Z,35.2073170,-106.5914059,1547.4,42808.9,4.600,126,96,155
2026-07-25T14:25:53Z,35.2073140,-106.5913550,1547.6,42813.6,4.620,125,95,157
2026-07-25T14:25:54Z,35.2073100,-106.5913049,1547.6,42818.2,4.620,125,95,158
2026-07-25T14:25:55Z,35.2073069,-106.5912550,1547.6,42822.8,4.640,125,96,158
2026-07-25T14:25:56Z,35.2073030,-106.5912049,1547.6,42827.5,4.660,125,96,156
2026-07-25T14:25:57Z,35.2072990,-106.5911550,1547.8,42832.1,4.640,125,96,151
2026-07-25T14:25:58Z,35.2072939,-106.5911039,1547.8,42836.7,4.620,125,96,154
2026-07-25T14:25:59Z,35.2072889,-106.5910530,1548.0,42841.4,4.640,125,96,163
2026-07-25T14:26:00Z,35.2072850,-106.5910029,1548.0,42846.1,4.660,124,97,155
2026-07-25T14:26:01Z,35.2072810,-106.5909510,1548.0,42850.9,4.680,124,98,147
2026-07-25T14:26:02Z,35.2072759,-106.5908990,1548.0,42855.5,4.680,124,98,158
2026-07-25T14:26:03Z,35.2072710,-106.5908469,1548.2,42860.4,4.740,124,98,148
2026-07-25T14:26:04Z,35.2072639,-106.5907970,1548.2,42865.1,4.740,124,98,150
2026-07-25T14:26:05Z,35.2072580,-106.5907459,1548.2,42869.9,4.760,124,98,156
2026-07-25T14:26:06Z,35.2072530,-106.5906920,1548.4,42874.5,4.720,124,98,152
2026-07-25T14:26:07Z,35.2072479,-106.5906400,1548.4,42879.4,4.780,124,98,149
2026-07-25T14:26:08Z,35.2072440,-106.5905910,1548.6,42884.1,4.740,124,98,143
2026-07-25T14:26:09Z,35.2072390,-106.5905400,1548.6,42888.9,4.760,124,97,141
2026-07-25T14:26:10Z,35.2072349,-106.5904910,1548.8,42893.5,4.720,124,97,144
2026-07-25T14:26:11Z,35.2072310,-106.5904399,1548.8,42898.3,4.760,124,98,144
2026-07-25T14:26:12Z,35.2072270,-106.5903900,1549.0,42903.0,4.720,123,98,143
2026-07-25T14:26:13Z,35.2072199,-106.5903389,1549.2,42907.8,4.740,124,98,146
2026-07-25T14:26:14Z,35.2072100,-106.5902770,1549.4,42912.5,4.720,124,99,137
2026-07-25T14:26:15Z,35.2072059,-106.5902350,1549.6,42917.3,4.760,124,99,147
2026-07-25T14:26:16Z,35.2071990,-106.5901809,1549.6,42922.1,4.760,124,98,141
2026-07-25T14:26:17Z,35.2071929,-106.5901300,1549.6,42926.7,4.740,124,97,149
2026-07-25T14:26:18Z,35.2071880,-106.5900699,1549.8,42931.2,4.680,124,96,157
2026-07-25T14:26:19Z,35.2071820,-106.5900300,1549.8,42935.8,4.660,125,95,152
2026-07-25T14:26:20Z,35.2071759,-106.5899809,1549.8,42940.5,4.640,125,96,153
2026-07-25T14:26:21Z,35.2071690,-106.5899290,1549.8,42945.1,4.600,125,96,153
2026-07-25T14:26:22Z,35.2071619,-106.5898789,1550.0,42949.6,4.580,124,96,150
2026-07-25T14:26:23Z,35.2071530,-106.5898290,1550.0,42954.2,4.600,125,95,153
2026-07-25T14:26:24Z,35.2071430,-106.5897779,1550.2,42958.9,4.620,125,95,151
2026-07-25T14:26:25Z,35.2071390,-106.5897300,1550.2,42963.6,4.620,124,95,158
2026-07-25T14:26:26Z,35.2071339,-106.5896809,1550.2,42968.1,4.600,125,95,158
2026-07-25T14:26:27Z,35.2071290,-106.5896310,1550.4,42972.9,4.660,125,96,153
2026-07-25T14:26:28Z,35.2071219,-106.5895799,1550.6,42977.5,4.660,125,96,152
2026-07-25T14:26:29Z,35.2071140,-106.5895300,1550.6,42982.3,4.680,125,96,161
2026-07-25T14:26:30Z,35.2071069,-106.5894820,1550.8,42986.8,4.640,125,96,153
2026-07-25T14:26:31Z,35.2071000,-106.5894300,1550.8,42991.6,4.700,125,96,147
2026-07-25T14:26:32Z,35.2070919,-106.5893710,1551.0,42996.3,4.680,124,96,151
2026-07-25T14:26:33Z,35.2070840,-106.5893320,1551.0,43000.9,4.680,124,96,167
2026-07-25T14:26:34Z,35.2070759,-106.5892810,1551.2,43005.6,4.660,124,97,175
2026-07-25T14:26:35Z,35.2070670,-106.5892310,1551.4,43010.4,4.720,124,97,165
2026-07-25T14:26:36Z,35.2070580,-106.5891810,1551.6,43015.1,4.700,124,97,157
2026-07-25T14:26:37Z,35.2070499,-106.5891319,1551.6,43019.7,4.680,124,97,155
2026-07-25T14:26:38Z,35.2070400,-106.5890830,1551.8,43024.4,4.700,124,97,163
2026-07-25T14:26:39Z,35.2070299,-106.5890329,1551.8,43029.2,4.720,124,97,160
2026-07-25T14:26:40Z,35.2070179,-106.5889830,1552.0,43033.9,4.700,124,97,153
2026-07-25T14:26:41Z,35.2070069,-106.5889329,1552.0,43038.5,4.680,124,97,148
2026-07-25T14:26:42Z,35.2069970,-106.5888820,1552.0,43043.1,4.680,124,97,150
2026-07-25T14:26:43Z,35.2069879,-106.5888319,1552.2,43047.8,4.680,124,97,160
2026-07-25T14:26:44Z,35.2069800,-106.5887810,1552.2,43052.5,4.660,124,97,168
2026-07-25T14:26:45Z,35.2069710,-106.5887309,1552.4,43057.1,4.640,124,96,158
2026-07-25T14:26:46Z,35.2069619,-106.5886800,1552.4,43061.6,4.620,124,96,161
2026-07-25T14:26:47Z,35.2069520,-106.5886309,1552.6,43066.3,4.640,124,96,163
2026-07-25T14:26:48Z,35.2069410,-106.5885820,1552.8,43071.0,4.640,125,97,154
2026-07-25T14:26:49Z,35.2069309,-106.5885319,1552.8,43075.6,4.620,124,97,159
2026-07-25T14:26:50Z,35.2069220,-106.5884820,1553.0,43080.3,4.640,124,97,161
2026-07-25T14:26:51Z,35.2069120,-106.5884320,1553.0,43084.9,4.660,124,97,162
2026-07-25T14:26:52Z,35.2069019,-106.5883810,1553.2,43089.6,4.660,124,97,162
2026-07-25T14:26:53Z,35.2068920,-106.5883309,1553.2,43094.2,4.640,124,97,163
2026-07-25T14:26:54Z,35.2068810,-106.5882810,1553.2,43098.9,4.660,125,96,148
2026-07-25T14:26:55Z,35.2068680,-106.5882320,1553.2,43103.6,4.660,125,96,147
2026-07-25T14:26:56Z,35.2068550,-106.5881829,1553.4,43108.4,4.700,124,97,174
2026-07-25T14:26:57Z,35.2068439,-106.5881330,1553.6,43113.0,4.680,124,98,164
2026-07-25T14:26:58Z,35.2068319,-106.5880829,1553.8,43117.8,4.720,124,97,146
2026-07-25T14:26:59Z,35.2068220,-106.5880320,1553.8,43122.6,4.740,124,97,151
2026-07-25T14:27:00Z,35.2068130,-106.5879829,1553.8,43127.2,4.720,124,97,151
2026-07-25T14:27:01Z,35.2068039,-106.5879350,1554.0,43131.8,4.680,124,96,157
2026-07-25T14:27:02Z,35.2067930,-106.5878870,1554.0,43136.4,4.680,124,95,160
2026-07-25T14:27:03Z,35.2067820,-106.5878389,1554.2,43140.9,4.620,124,95,159
2026-07-25T14:27:04Z,35.2067729,-106.5877910,1554.2,43145.4,4.560,124,93,161
2026-07-25T14:27:05Z,35.2067650,-106.5877450,1554.2,43149.8,4.520,124,93,157
2026-07-25T14:27:06Z,35.2067500,-106.5876890,1554.4,43154.4,4.520,123,92,166
2026-07-25T14:27:07Z,35.2067400,-106.5876519,1554.4,43158.8,4.480,123,92,159
2026-07-25T14:27:08Z,35.2067270,-106.5876069,1554.4,43163.2,4.460,124,92,165
2026-07-25T14:27:09Z,35.2067139,-106.5875600,1554.6,43167.6,4.440,124,92,176
2026-07-25T14:27:10Z,35.2067009,-106.5875130,1554.8,43172.0,4.440,124,91,184
2026-07-25T14:27:11Z,35.2066879,-106.5874570,1554.8,43176.4,4.400,123,92,194
2026-07-25T14:27:12Z,35.2066780,-106.5874199,1555.0,43180.8,4.400,124,92,188
2026-07-25T14:27:13Z,35.2066640,-106.5873710,1555.2,43185.4,4.440,123,92,170
2026-07-25T14:27:14Z,35.2066520,-106.5873239,1555.2,43189.9,4.460,124,93,186
2026-07-25T14:27:15Z,35.2066400,-106.5872769,1555.2,43194.3,4.460,123,93,164
2026-07-25T14:27:16Z,35.2066260,-106.5872280,1555.4,43198.9,4.500,123,93,160
2026-07-25T14:27:17Z,35.2066149,-106.5871820,1555.6,43203.4,4.520,123,93,164
2026-07-25T14:27:18Z,35.2066019,-106.5871359,1555.6,43207.9,4.500,124,93,167
2026-07-25T14:27:19Z,35.2065889,-106.5870889,1555.6,43212.4,4.500,123,93,167
2026-07-25T14:27:20Z,35.2065749,-106.5870319,1555.8,43217.0,4.540,124,94,176
2026-07-25T14:27:21Z,35.2065650,-106.5869950,1555.8,43221.6,4.540,123,94,170
2026-07-25T14:27:22Z,35.2065520,-106.5869459,1556.0,43226.1,4.540,124,94,181
2026-07-25T14:27:23Z,35.2065380,-106.5868980,1556.0,43230.7,4.560,124,94,173
2026-07-25T14:27:24Z,35.2065240,-106.5868530,1556.2,43235.2,4.560,125,94,153
2026-07-25T14:27:25Z,35.2065110,-106.5868090,1556.4,43239.7,4.540,125,93,146
2026-07-25T14:27:26Z,35.2064970,-106.5867629,1556.4,43244.1,4.500,124,93,148
2026-07-25T14:27:27Z,35.2064830,-106.5867189,1556.4,43248.7,4.520,125,93,160
2026-07-25T14:27:28Z,35.2064690,-106.5866719,1556.4,43253.2,4.500,125,92,160
2026-07-25T14:27:29Z,35.2064559,-106.5866270,1556.6,43257.6,4.480,125,92,153
2026-07-25T14:27:30Z,35.2064429,-106.5865840,1556.8,43261.9,4.440,125,91,162
2026-07-25T14:27:31Z,35.2064299,-106.5865400,1557.0,43266.4,4.460,125,91,156
2026-07-25T14:27:32Z,35.2064149,-106.5864960,1557.0,43270.8,4.420,125,91,173
2026-07-25T14:27:33Z,35.2064029,-106.5864510,1557.2,43275.0,4.360,125,91,173
2026-07-25T14:27:34Z,35.2063910,-106.5864070,1557.2,43279.3,4.340,125,90,171
2026-07-25T14:27:35Z,35.2063750,-106.5863540,1557.2,43283.6,4.340,125,89,169
2026-07-25T14:27:36Z,35.2063640,-106.5863190,1557.4,43288.0,4.320,125,89,175
2026-07-25T14:27:37Z,35.2063500,-106.5862739,1557.6,43292.4,4.320,125,90,188
2026-07-25T14:27:38Z,35.2063370,-106.5862299,1557.8,43296.9,4.380,125,90,177
2026-07-25T14:27:39Z,35.2063220,-106.5861839,1557.8,43301.3,4.400,125,90,176
2026-07-25T14:27:40Z,35.2063050,-106.5861310,1558.0,43305.7,4.420,125,90,189
2026-07-25T14:27:41Z,35.2062940,-106.5860950,1558.0,43310.1,4.420,125,91,184
2026-07-25T14:27:42Z,35.2062790,-106.5860480,1558.2,43314.6,4.440,125,91,179
2026-07-25T14:27:43Z,35.2062650,-106.5860040,1558.2,43318.9,4.400,125,91,176
2026-07-25T14:27:44Z,35.2062500,-106.5859590,1558.4,43323.4,4.420,125,92,171
2026-07-25T14:27:45Z,35.2062360,-106.5859139,1558.6,43327.9,4.440,125,92,170
2026-07-25T14:27:46Z,35.2062210,-106.5858669,1558.6,43332.2,4.420,124,92,172
2026-07-25T14:27:47Z,35.2062050,-106.5858119,1558.8,43336.7,4.420,124,92,156
2026-07-25T14:27:48Z,35.2061930,-106.5857750,1558.8,43341.2,4.460,125,92,175
2026-07-25T14:27:49Z,35.2061780,-106.5857310,1559.0,43345.6,4.440,124,92,172
2026-07-25T14:27:50Z,35.2061650,-106.5856860,1559.2,43350.1,4.440,125,92,172
2026-07-25T14:27:51Z,35.2061510,-106.5856389,1559.2,43354.7,4.500,125,93,172
2026-07-25T14:27:52Z,35.2061370,-106.5855949,1559.2,43359.1,4.480,124,93,167
2026-07-25T14:27:53Z,35.2061180,-106.5855409,1559.4,43363.6,4.480,124,93,157
2026-07-25T14:27:54Z,35.2061070,-106.5855040,1559.6,43367.9,4.460,124,93,156
2026-07-25T14:27:55Z,35.2060950,-106.5854580,1559.6,43372.5,4.480,124,93,165
2026-07-25T14:27:56Z,35.2060809,-106.5854120,1559.8,43376.9,4.440,124,92,165
2026-07-25T14:27:57Z,35.2060660,-106.5853659,1559.8,43381.4,4.460,125,93,176
2026-07-25T14:27:58Z,35.2060520,-106.5853190,1560.0,43385.9,4.460,124,93,181
2026-07-25T14:27:59Z,35.2060389,-106.5852730,1560.0,43390.3,4.480,124,93,174
2026-07-25T14:28:00Z,35.2060259,-106.5852270,1560.2,43394.8,4.460,124,93,174
2026-07-25T14:28:01Z,35.2060060,-106.5851730,1560.2,43399.4,4.500,124,94,172
2026-07-25T14:28:02Z,35.2059900,-106.5851270,1560.2,43403.9,4.500,125,94,160
2026-07-25T14:28:03Z,35.2059760,-106.5850909,1560.4,43408.4,4.500,124,94,168
2026-07-25T14:28:04Z,35.2059620,-106.5850450,1560.4,43412.9,4.520,125,94,165
2026-07-25T14:28:05Z,35.2059480,-106.5850000,1560.6,43417.4,4.520,125,93,165
2026-07-25T14:28:06Z,35.2059330,-106.5849530,1560.6,43422.0,4.520,124,93,167
2026-07-25T14:28:07Z,35.2059200,-106.5849079,1560.8,43426.4,4.500,125,93,164
2026-07-25T14:28:08Z,35.2059060,-106.5848639,1560.8,43431.0,4.520,125,92,173
2026-07-25T14:28:09Z,35.2058910,-106.5848199,1561.0,43435.5,4.520,125,92,163
2026-07-25T14:28:10Z,35.2058750,-106.5847759,1561.2,43439.9,4.500,125,92,166
2026-07-25T14:28:11Z,35.2058580,-106.5847309,1561.2,43444.2,4.440,125,92,166
2026-07-25T14:28:12Z,35.2058409,-106.5846759,1561.4,43448.9,4.500,125,92,175
2026-07-25T14:28:13Z,35.2058290,-106.5846380,1561.4,43453.4,4.480,124,93,172
2026-07-25T14:28:14Z,35.2058150,-106.5845899,1561.6,43457.8,4.460,125,93,172
2026-07-25T14:28:15Z,35.2057979,-106.5845350,1561.8,43462.3,4.480,125,93,167
2026-07-25T14:28:16Z,35.2057850,-106.5844950,1562.0,43466.8,4.520,124,93,158
2026-07-25T14:28:17Z,35.2057720,-106.5844540,1562.2,43471.3,4.480,124,93,158
2026-07-25T14:28:18Z,35.2057590,-106.5844080,1562.2,43475.7,4.460,124,93,155
2026-07-25T14:28:19Z,35.2057430,-106.5843609,1562.6,43480.4,4.520,124,93,156
2026-07-25T14:28:20Z,35.2057290,-106.5843179,1562.6,43484.7,4.480,124,93,156
2026-07-25T14:28:21Z,35.2057119,-106.5842630,1562.8,43489.2,4.480,125,92,158
2026-07-25T14:28:22Z,35.2057000,-106.5842269,1562.8,43493.7,4.480,125,91,161
2026-07-25T14:28:23Z,35.2056840,-106.5841830,1563.0,43498.0,4.460,125,92,168
2026-07-25T14:28:24Z,35.2056649,-106.5841289,1563.0,43502.4,4.400,124,92,169
2026-07-25T14:28:25Z,35.2056529,-106.5840930,1563.2,43506.9,4.440,124,92,161
2026-07-25T14:28:26Z,35.2056379,-106.5840490,1563.2,43511.4,4.440,124,92,163
2026-07-25T14:28:27Z,35.2056219,-106.5840050,1563.2,43515.7,4.400,124,92,161
2026-07-25T14:28:28Z,35.2056060,-106.5839610,1563.4,43520.1,4.420,124,92,162
2026-07-25T14:28:29Z,35.2055890,-106.5839060,1563.4,43524.6,4.440,124,92,172
2026-07-25T14:28:30Z,35.2055760,-106.5838640,1563.6,43529.1,4.440,124,92,168
2026-07-25T14:28:31Z,35.2055620,-106.5838220,1563.6,43533.6,4.440,124,92,182
2026-07-25T14:28:32Z,35.2055480,-106.5837760,1563.8,43538.0,4.460,124,93,208
2026-07-25T14:28:33Z,35.2055330,-106.5837279,1564.0,43542.6,4.500,125,93,163
2026-07-25T14:28:34Z,35.2055180,-106.5836819,1564.0,43547.1,4.500,124,94,154
2026-07-25T14:28:35Z,35.2054990,-106.5836279,1564.0,43551.5,4.480,125,93,148
2026-07-25T14:28:36Z,35.2054870,-106.5835910,1564.0,43556.0,4.480,125,93,156
2026-07-25T14:28:37Z,35.2054679,-106.5835450,1564.0,43560.6,4.520,125,94,158
2026-07-25T14:28:38Z,35.2054489,-106.5834989,1564.0,43565.1,4.500,125,94,158
2026-07-25T14:28:39Z,35.2054280,-106.5834549,1564.2,43569.7,4.520,125,94,156
2026-07-25T14:28:40Z,35.2054079,-106.5834109,1564.2,43574.3,4.560,125,94,157
2026-07-25T14:28:41Z,35.2053900,-106.5833669,1564.4,43579.0,4.600,125,94,157
2026-07-25T14:28:42Z,35.2053740,-106.5833219,1564.4,43583.6,4.600,125,95,157
2026-07-25T14:28:43Z,35.2053580,-106.5832750,1564.4,43588.1,4.600,125,94,162
2026-07-25T14:28:44Z,35.2053420,-106.5832280,1564.4,43592.6,4.580,125,94,158
2026-07-25T14:28:45Z,35.2053280,-106.5831830,1564.6,43597.0,4.540,125,94,160
2026-07-25T14:28:46Z,35.2053110,-106.5831389,1564.6,43601.5,4.500,125,94,167
2026-07-25T14:28:47Z,35.2052949,-106.5830929,1564.8,43606.1,4.500,125,94,158
2026-07-25T14:28:48Z,35.2052809,-106.5830470,1564.8,43610.6,4.500,124,94,159
2026-07-25T14:28:49Z,35.2052680,-106.5830000,1565.0,43615.1,4.500,125,94,163
2026-07-25T14:28:50Z,35.2052530,-106.5829530,1565.0,43619.6,4.520,124,94,165
2026-07-25T14:28:51Z,35.2052379,-106.5829069,1565.2,43624.2,4.540,124,94,157
2026-07-25T14:28:52Z,35.2052219,-106.5828609,1565.2,43628.7,4.520,124,94,166
2026-07-25T14:28:53Z,35.2052049,-106.5828150,1565.4,43633.3,4.540,124,94,171
2026-07-25T14:28:54Z,35.2051890,-106.5827690,1565.4,43637.9,4.560,124,94,163
2026-07-25T14:28:55Z,35.2051740,-106.5827240,1565.6,43642.5,4.580,124,94,164
2026-07-25T14:28:56Z,35.2051600,-106.5826779,1565.8,43646.9,4.540,124,94,159
2026-07-25T14:28:57Z,35.2051460,-106.5826329,1565.8,43651.4,4.540,124,94,178
2026-07-25T14:28:58Z,35.2051310,-106.5825850,1566.0,43656.1,4.560,124,94,191
2026-07-25T14:28:59Z,35.2051150,-106.5825370,1566.0,43660.7,4.560,124,95,192
2026-07-25T14:29:00Z,35.2050990,-106.5824899,1566.2,43665.2,4.540,124,95,172
2026-07-25T14:29:01Z,35.2050820,-106.5824420,1566.2,43669.8,4.580,124,95,183
2026-07-25T14:29:02Z,35.2050680,-106.5823940,1566.2,43674.4,4.600,124,95,188
2026-07-25T14:29:03Z,35.2050530,-106.5823469,1566.4,43679.1,4.600,124,96,188
2026-07-25T14:29:04Z,35.2050380,-106.5822999,1566.6,43683.8,4.620,124,96,186
2026-07-25T14:29:05Z,35.2050240,-106.5822520,1566.6,43688.6,4.680,124,96,174
2026-07-25T14:29:06Z,35.2050120,-106.5822050,1566.6,43693.1,4.660,124,96,169
2026-07-25T14:29:07Z,35.2049990,-106.5821550,1566.8,43697.9,4.700,124,96,200
2026-07-25T14:29:08Z,35.2049830,-106.5820970,1567.0,43702.5,4.680,125,97,198
2026-07-25T14:29:09Z,35.2049710,-106.5820599,1567.0,43707.3,4.700,124,97,202
2026-07-25T14:29:10Z,35.2049540,-106.5820129,1567.2,43712.0,4.680,125,98,183
2026-07-25T14:29:11Z,35.2049449,-106.5819889,1567.4,43716.7,4.720,125,98,164
2026-07-25T14:29:12Z,35.2049359,-106.5819660,1567.4,43721.2,4.660,125,97,164
2026-07-25T14:29:13Z,35.2049019,-106.5818729,1567.6,43726.0,4.700,125,96,174
2026-07-25T14:29:14Z,35.2048879,-106.5818240,1567.8,43730.6,4.660,125,96,173
2026-07-25T14:29:15Z,35.2048749,-106.5817760,1567.8,43735.2,4.640,125,96,178
2026-07-25T14:29:16Z,35.2048580,-106.5817190,1568.0,43739.8,4.620,125,96,168
2026-07-25T14:29:17Z,35.2048440,-106.5816760,1568.0,43744.5,4.660,126,96,164
2026-07-25T14:29:18Z,35.2048299,-106.5816340,1568.2,43749.1,4.620,126,96,166
2026-07-25T14:29:19Z,35.2048150,-106.5815880,1568.2,43753.6,4.600,126,95,178
2026-07-25T14:29:20Z,35.2048000,-106.5815409,1568.4,43758.1,4.580,126,95,180
2026-07-25T14:29:21Z,35.2047879,-106.5814940,1568.6,43762.7,4.580,126,95,166
2026-07-25T14:29:22Z,35.2047729,-106.5814369,1568.6,43767.1,4.520,126,94,168
2026-07-25T14:29:23Z,35.2047589,-106.5814000,1568.8,43771.6,4.500,126,93,171
2026-07-25T14:29:24Z,35.2047430,-106.5813539,1568.8,43776.0,4.480,126,94,179
2026-07-25T14:29:25Z,35.2047250,-106.5812969,1569.0,43780.7,4.520,126,95,182
2026-07-25T14:29:26Z,35.2047140,-106.5812590,1569.2,43785.2,4.500,126,96,175
2026-07-25T14:29:27Z,35.2047000,-106.5812099,1569.2,43789.8,4.540,126,96,185
2026-07-25T14:29:28Z,35.2046850,-106.5811620,1569.4,43794.6,4.600,126,96,185
2026-07-25T14:29:29Z,35.2046690,-106.5811150,1569.4,43799.4,4.680,126,97,184
2026-07-25T14:29:30Z,35.2046520,-106.5810679,1569.6,43804.1,4.680,126,97,169
2026-07-25T14:29:31Z,35.2046380,-106.5810190,1569.6,43808.8,4.720,126,97,193
2026-07-25T14:29:32Z,35.2046270,-106.5809669,1569.6,43813.7,4.780,126,98,193
2026-07-25T14:29:33Z,35.2046159,-106.5809160,1569.8,43818.5,4.780,126,99,181
2026-07-25T14:29:34Z,35.2046060,-106.5808629,1569.8,43823.4,4.800,126,100,177
2026-07-25T14:29:35Z,35.2045960,-106.5808130,1570.0,43828.1,4.800,126,100,175
2026-07-25T14:29:36Z,35.2045810,-106.5807519,1570.0,43833.0,4.840,127,100,167
2026-07-25T14:29:37Z,35.2045680,-106.5807069,1570.0,43837.9,4.840,126,100,166
2026-07-25T14:29:38Z,35.2045560,-106.5806629,1570.2,43842.7,4.840,126,100,166
2026-07-25T14:29:39Z,35.2045429,-106.5806110,1570.2,43847.5,4.820,127,101,152
2026-07-25T14:29:40Z,35.2045319,-106.5805590,1570.4,43852.4,4.860,126,101,147
2026-07-25T14:29:41Z,35.2045179,-106.5804970,1570.6,43857.3,4.860,127,101,147
2026-07-25T14:29:42Z,35.2045090,-106.5804550,1570.6,43862.2,4.860,127,101,149
2026-07-25T14:29:43Z,35.2044989,-106.5804029,1570.8,43866.9,4.840,127,101,133
2026-07-25T14:29:44Z,35.2044879,-106.5803430,1571.0,43871.8,4.860,127,100,127
2026-07-25T14:29:45Z,35.2044790,-106.5802919,1571.0,43876.6,4.840,127,101,132
2026-07-25T14:29:46Z,35.2044680,-106.5802439,1571.0,43881.6,4.860,128,101,127
2026-07-25T14:29:47Z,35.2044569,-106.5801980,1571.2,43886.4,4.840,127,101,142
2026-07-25T14:29:48Z,35.2044480,-106.5801439,1571.2,43891.4,4.900,127,102,136
2026-07-25T14:29:49Z,35.2044390,-106.5800879,1571.2,43896.4,4.920,127,102,137
2026-07-25T14:29:50Z,35.2044319,-106.5800340,1571.4,43901.3,4.940,127,102,0
2026-07-25T14:29:51Z,35.2044240,-106.5799830,1571.4,43906.1,4.900,127,102,0
2026-07-25T14:29:52Z,35.2044120,-106.5799309,1571.4,43910.9,4.900,127,0,0
2026-07-25T14:29:53Z,35.2043999,-106.5798800,1571.4,43915.8,4.880,126,40,67
2026-07-25T14:29:54Z,35.2043920,-106.5798269,1571.4,43920.9,4.900,125,96,164
2026-07-25T14:29:55Z,35.2043830,-106.5797729,1571.6,43926.2,4.980,125,99,149
2026-07-25T14:29:56Z,35.2043739,-106.5797170,1571.6,43931.5,5.080,126,101,127
2026-07-25T14:29:57Z,35.2043620,-106.5796589,1571.6,43936.9,5.200,126,102,107
2026-07-25T14:29:58Z,35.2043490,-106.5796020,1571.6,43942.3,5.300,125,103,99
2026-07-25T14:29:59Z,35.2043330,-106.5795320,1571.6,43947.9,5.400,126,98,119
2026-07-25T14:30:00Z,35.2043240,-106.5794870,1571.6,43953.4,5.440,124,97,110
2026-07-25T14:30:01Z,35.2043119,-106.5794269,1571.6,43959.1,5.520,125,98,105
2026-07-25T14:30:02Z,35.2042999,-106.5793529,1571.8,43964.7,5.560,124,99,100
2026-07-25T14:30:03Z,35.2042910,-106.5793040,1571.8,43970.4,5.620,124,99,97
2026-07-25T14:30:04Z,35.2042770,-106.5792320,1571.8,43976.1,5.640,124,99,106
2026-07-25T14:30:05Z,35.2042670,-106.5791839,1571.8,43981.8,5.680,124,98,96
2026-07-25T14:30:06Z,35.2042559,-106.5791239,1571.8,43987.4,5.660,123,98,93
2026-07-25T14:30:07Z,35.2042429,-106.5790649,1571.6,43992.9,5.640,123,98,90
2026-07-25T14:30:08Z,35.2042299,-106.5789929,1571.6,43998.5,5.620,123,98,90
2026-07-25T14:30:09Z,35.2042210,-106.5789440,1571.6,44004.0,5.580,122,97,90
2026-07-25T14:30:10Z,35.2042149,-106.5789140,1571.6,44009.6,5.560,122,96,110
2026-07-25T14:30:11Z,35.2042090,-106.5788840,1571.6,44015.2,5.560,123,96,106
2026-07-25T14:30:12Z,35.2041839,-106.5787669,1571.6,44020.7,5.560,122,95,106
2026-07-25T14:30:13Z,35.2041729,-106.5787069,1571.8,44026.1,5.520,123,95,112
2026-07-25T14:30:14Z,35.2041610,-106.5786499,1571.8,44031.6,5.520,123,95,102
2026-07-25T14:30:15Z,35.2041490,-106.5785909,1571.8,44036.9,5.460,123,95,103
2026-07-25T14:30:16Z,35.2041370,-106.5785219,1571.8,44042.2,5.400,123,94,79
2026-07-25T14:30:17Z,35.2041310,-106.5784789,1571.8,44047.0,5.260,123,82,15
2026-07-25T14:30:18Z,35.2041200,-106.5784169,1571.8,44051.5,5.080,123,65,0
2026-07-25T14:30:19Z,35.2041129,-106.5783810,1571.8,44055.2,4.720,122,65,0
2026-07-25T14:30:20Z,35.2041070,-106.5783440,1571.8,44058.6,4.340,120,65,0
2026-07-25T14:30:21Z,35.2041009,-106.5783130,1572.0,44061.3,3.820,120,0,0
2026-07-25T14:30:22Z,35.2040969,-106.5782870,1572.2,44063.6,3.320,119,0,0
2026-07-25T14:30:23Z,35.2040969,-106.5782820,1572.2,44063.6,2.420,118,0,0
2026-07-25T14:30:24Z,35.2040969,-106.5782820,1572.2,44063.6,1.680,116,0,0
2026-07-25T14:30:25Z,35.2040969,-106.5782820,1572.4,44063.6,1.000,116,0,0
2026-07-25T14:30:26Z,35.2040969,-106.5782820,1572.4,44063.6,0.460,116,0,0
2026-07-25T14:30:27Z,35.2040969,-106.5782820,1572.6,44063.6,0.000,116,0,0
2026-07-25T14:30:28Z,35.2040969,-106.5782820,1572.6,44063.6,0.000,115,10,0
2026-07-25T14:30:29Z,35.2040969,-106.5782820,1572.6,44063.6,0.000,115,10,0
2026-07-25T14:30:30Z,35.2040969,-106.5782820,1572.6,44063.6,0.000,116,10,0
2026-07-25T14:30:31Z,35.2040969,-106.5782820,1572.6,44063.6,0.000,116,10,0
2026-07-25T14:30:32Z,35.2040969,-106.5782820,1572.6,44063.6,0.000,116,10,0
2026-07-25T14:30:33Z,35.2040969,-106.5782820,1572.8,44063.6,0.000,116,10,0
2026-07-25T14:30:34Z,35.2040969,-106.5782820,1572.8,44063.6,0.000,116,10,0
2026-07-25T14:30:35Z,35.2040969,-106.5782820,1572.8,44063.6,0.000,115,10,0
2026-07-25T14:30:36Z,35.2040969,-106.5782820,1572.8,44063.6,0.000,114,10,0
2026-07-25T14:30:37Z,35.2040969,-106.5782820,1572.6,44063.6,0.000,112,0,0
2026-07-25T14:30:38Z,35.2040969,-106.5782820,1572.6,44063.6,0.000,112,0,0
2026-07-25T14:30:39Z,35.2040969,-106.5782800,1572.6,44063.7,0.020,112,0,0
2026-07-25T14:30:40Z,35.2040910,-106.5782599,1572.6,44066.4,0.560,112,0,0
2026-07-25T14:30:41Z,35.2040839,-106.5782329,1572.6,44068.8,1.040,112,0,0
2026-07-25T14:30:42Z,35.2040770,-106.5782110,1572.6,44071.0,1.480,111,0,0
2026-07-25T14:30:43Z,35.2040679,-106.5781840,1572.4,44073.8,2.040,111,0,0
2026-07-25T14:30:44Z,35.2040610,-106.5781459,1572.4,44076.6,2.580,112,14,0
2026-07-25T14:30:45Z,35.2040569,-106.5781159,1572.4,44079.6,2.640,112,52,0
2026-07-25T14:30:46Z,35.2040530,-106.5780790,1572.4,44083.3,2.900,112,46,201
2026-07-25T14:30:47Z,35.2040480,-106.5780360,1572.4,44087.2,3.240,111,85,180
2026-07-25T14:30:48Z,35.2040439,-106.5779909,1572.4,44091.3,3.500,113,90,133
2026-07-25T14:30:49Z,35.2040399,-106.5779439,1572.4,44095.6,3.800,112,94,131
2026-07-25T14:30:50Z,35.2040340,-106.5778859,1572.4,44100.1,4.100,113,98,119
2026-07-25T14:30:51Z,35.2040279,-106.5778459,1572.4,44104.7,4.280,113,101,113
2026-07-25T14:30:52Z,35.2040210,-106.5777950,1572.4,44109.3,4.420,113,102,126
2026-07-25T14:30:53Z,35.2040129,-106.5777449,1572.4,44114.2,4.580,114,104,113
2026-07-25T14:30:54Z,35.2040060,-106.5776930,1572.4,44119.0,4.680,114,107,114
2026-07-25T14:30:55Z,35.2039969,-106.5776390,1572.4,44123.8,4.740,114,107,80
2026-07-25T14:30:56Z,35.2039890,-106.5775869,1572.4,44128.7,4.800,115,108,80
2026-07-25T14:30:57Z,35.2039819,-106.5775350,1572.4,44133.5,4.840,115,108,83
2026-07-25T14:30:58Z,35.2039719,-106.5774679,1572.4,44138.4,4.840,116,103,124
2026-07-25T14:30:59Z,35.2039640,-106.5774190,1572.4,44143.3,4.860,116,104,106
2026-07-25T14:31:00Z,35.2039559,-106.5773669,1572.4,44148.4,4.920,116,104,94
2026-07-25T14:31:01Z,35.2039450,-106.5773139,1572.6,44153.4,4.940,117,104,89
2026-07-25T14:31:02Z,35.2039360,-106.5772630,1572.6,44158.6,5.020,117,105,100
2026-07-25T14:31:03Z,35.2039269,-106.5772119,1572.6,44163.6,5.040,118,103,110
2026-07-25T14:31:04Z,35.2039060,-106.5771569,1572.6,44168.4,5.020,118,102,116
2026-07-25T14:31:05Z,35.2038890,-106.5771259,1572.6,44173.1,4.940,119,100,132
2026-07-25T14:31:06Z,35.2038819,-106.5770860,1572.6,44178.0,4.920,120,100,134
2026-07-25T14:31:07Z,35.2038760,-106.5770360,1572.6,44182.8,4.840,119,99,136
2026-07-25T14:31:08Z,35.2038679,-106.5769850,1572.8,44187.6,4.800,120,98,142
2026-07-25T14:31:09Z,35.2038559,-106.5769320,1572.8,44192.3,4.780,121,98,152
2026-07-25T14:31:10Z,35.2038490,-106.5768799,1572.8,44197.1,4.800,121,98,153
2026-07-25T14:31:11Z,35.2038440,-106.5768280,1573.0,44201.7,4.740,121,96,150
2026-07-25T14:31:12Z,35.2038379,-106.5767760,1573.0,44206.4,4.720,121,97,179
2026-07-25T14:31:13Z,35.2038300,-106.5767239,1573.0,44211.1,4.700,121,97,180
2026-07-25T14:31:14Z,35.2038239,-106.5766690,1573.0,44215.7,4.680,121,97,184
2026-07-25T14:31:15Z,35.2038180,-106.5766180,1573.0,44220.4,4.660,121,97,184
2026-07-25T14:31:16Z,35.2038119,-106.5765659,1573.2,44225.1,4.680,121,96,206
2026-07-25T14:31:17Z,35.2038080,-106.5765160,1573.2,44229.5,4.620,122,95,206
2026-07-25T14:31:18Z,35.2038030,-106.5764649,1573.4,44234.0,4.580,122,94,208
2026-07-25T14:31:19Z,35.2037969,-106.5764160,1573.4,44238.5,4.560,122,92,219
2026-07-25T14:31:20Z,35.2037880,-106.5763680,1574.0,44242.8,4.480,122,91,274
2026-07-25T14:31:21Z,35.2037809,-106.5763179,1574.4,44247.2,4.420,122,92,285
2026-07-25T14:31:22Z,35.2037740,-106.5762680,1575.0,44251.6,4.420,122,92,260
2026-07-25T14:31:23Z,35.2037669,-106.5762199,1575.4,44256.0,4.400,123,92,266
2026-07-25T14:31:24Z,35.2037620,-106.5761710,1575.6,44260.5,4.400,123,92,266
2026-07-25T14:31:25Z,35.2037559,-106.5761209,1575.8,44265.0,4.440,124,93,266
2026-07-25T14:31:26Z,35.2037490,-106.5760680,1575.8,44269.0,4.360,124,93,101
2026-07-25T14:31:27Z,35.2037440,-106.5760390,1575.8,44272.1,4.100,124,46,101
2026-07-25T14:31:28Z,35.2037389,-106.5760169,1575.6,44274.6,3.720,124,46,0
2026-07-25T14:31:29Z,35.2037369,-106.5760070,1575.8,44277.1,3.320,124,0,0
2026-07-25T14:31:30Z,35.2037369,-106.5760070,1575.8,44277.1,2.420,124,0,0
2026-07-25T14:31:31Z,35.2037369,-106.5760070,1576.0,44277.1,1.620,124,0,0
2026-07-25T14:31:32Z,35.2037369,-106.5760070,1575.8,44277.1,1.000,124,0,0
2026-07-25T14:31:33Z,35.2037369,-106.5760070,1575.8,44277.1,0.500,124,0,0
2026-07-25T14:31:34Z,35.2037369,-106.5760070,1575.8,44277.1,0.000,123,0,0
2026-07-25T14:31:35Z,35.2037369,-106.5760070,1575.8,44277.1,0.000,123,0,0
2026-07-25T14:31:36Z,35.2037369,-106.5760070,1575.8,44277.1,0.000,123,0,0
2026-07-25T14:31:37Z,35.2037369,-106.5760070,1575.8,44277.1,0.000,122,0,0
2026-07-25T14:31:38Z,35.2037369,-106.5760070,1576.0,44277.1,0.000,122,0,0
2026-07-25T14:31:39Z,35.2037350,-106.5760000,1576.2,44277.1,0.000,121,0,0
2026-07-25T14:31:40Z,35.2037279,-106.5759790,1576.4,44279.0,0.380,121,0,0
2026-07-25T14:31:41Z,35.2037249,-106.5759589,1576.6,44280.9,0.760,121,0,0
2026-07-25T14:31:42Z,35.2037229,-106.5759410,1576.6,44282.6,1.100,121,0,0
2026-07-25T14:31:43Z,35.2037180,-106.5759159,1576.8,44285.1,1.600,121,13,0
2026-07-25T14:31:44Z,35.2037099,-106.5758859,1576.8,44288.3,2.240,121,57,0
2026-07-25T14:31:45Z,35.2037010,-106.5758510,1576.8,44292.0,2.600,121,64,302
2026-07-25T14:31:46Z,35.2036949,-106.5758090,1576.8,44296.0,3.020,121,77,280
2026-07-25T14:31:47Z,35.2036939,-106.5757640,1576.8,44300.1,3.500,122,85,237
2026-07-25T14:31:48Z,35.2036930,-106.5757179,1576.8,44304.3,3.840,122,88,204
2026-07-25T14:31:49Z,35.2036890,-106.5756709,1576.8,44308.5,4.040,122,88,195
2026-07-25T14:31:50Z,35.2036839,-106.5756240,1577.0,44312.7,4.140,123,88,192
2026-07-25T14:31:51Z,35.2036780,-106.5755780,1577.0,44316.9,4.180,123,87,207
2026-07-25T14:31:52Z,35.2036720,-106.5755320,1577.0,44321.0,4.180,123,86,227
2026-07-25T14:31:53Z,35.2036659,-106.5754869,1577.0,44325.2,4.180,124,85,244
2026-07-25T14:31:54Z,35.2036590,-106.5754449,1577.2,44329.2,4.140,124,85,261
2026-07-25T14:31:55Z,35.2036509,-106.5753999,1577.2,44333.5,4.160,125,85,269
2026-07-25T14:31:56Z,35.2036450,-106.5753530,1577.2,44337.7,4.160,125,87,248
2026-07-25T14:31:57Z,35.2036399,-106.5753070,1577.4,44341.9,4.180,126,88,238
2026-07-25T14:31:58Z,35.2036350,-106.5752620,1577.4,44346.1,4.180,126,88,240
2026-07-25T14:31:59Z,35.2036300,-106.5752149,1577.6,44350.3,4.220,125,88,251
2026-07-25T14:32:00Z,35.2036259,-106.5751679,1577.6,44354.4,4.180,126,88,251
2026-07-25T14:32:01Z,35.2036200,-106.5751220,1577.6,44358.8,4.220,126,88,247
2026-07-25T14:32:02Z,35.2036099,-106.5750770,1577.8,44363.0,4.220,126,87,241
2026-07-25T14:32:03Z,35.2036010,-106.5750310,1578.0,44367.1,4.200,126,86,206
2026-07-25T14:32:04Z,35.2035959,-106.5749870,1578.0,44371.1,4.160,127,86,207
2026-07-25T14:32:05Z,35.2035929,-106.5749440,1578.2,44374.9,4.100,127,82,207
2026-07-25T14:32:06Z,35.2035860,-106.5749040,1578.4,44378.5,3.940,127,91,164
2026-07-25T14:32:07Z,35.2035780,-106.5748669,1578.6,44381.9,3.780,127,87,173
2026-07-25T14:32:08Z,35.2035740,-106.5748300,1579.0,44385.3,3.640,128,84,194
2026-07-25T14:32:09Z,35.2035700,-106.5747939,1579.2,44388.7,3.520,128,81,198
2026-07-25T14:32:10Z,35.2035659,-106.5747600,1579.6,44391.9,3.400,128,80,204
2026-07-25T14:32:11Z,35.2035610,-106.5747249,1579.8,44395.2,3.340,128,81,190
2026-07-25T14:32:12Z,35.2035580,-106.5746910,1580.0,44398.4,3.300,128,80,193
2026-07-25T14:32:13Z,35.2035539,-106.5746560,1580.2,44401.6,3.260,128,80,190
2026-07-25T14:32:14Z,35.2035499,-106.5746219,1580.4,44404.7,3.200,128,78,190
2026-07-25T14:32:15Z,35.2035440,-106.5745799,1580.6,44407.8,3.180,128,78,177
2026-07-25T14:32:16Z,35.2035399,-106.5745519,1580.8,44410.9,3.140,128,77,182
2026-07-25T14:32:17Z,35.2035350,-106.5745170,1581.2,44414.0,3.120,128,78,206
2026-07-25T14:32:18Z,35.2035300,-106.5744850,1581.2,44417.3,3.140,128,78,192
2026-07-25T14:32:19Z,35.2035270,-106.5744519,1581.4,44420.4,3.140,128,79,192
2026-07-25T14:32:20Z,35.2035239,-106.5744170,1581.4,44423.6,3.160,128,79,194
2026-07-25T14:32:21Z,35.2035219,-106.5743830,1581.8,44426.6,3.140,128,78,197
2026-07-25T14:32:22Z,35.2035200,-106.5743489,1582.0,44429.7,3.140,128,78,201
2026-07-25T14:32:23Z,35.2035140,-106.5743150,1582.2,44432.7,3.080,128,78,192
2026-07-25T14:32:24Z,35.2035060,-106.5742810,1582.2,44435.8,3.080,128,78,206
2026-07-25T14:32:25Z,35.2034979,-106.5742400,1582.2,44439.0,3.080,128,78,190
2026-07-25T14:32:26Z,35.2034959,-106.5742140,1582.4,44442.1,3.100,128,78,196
2026-07-25T14:32:27Z,35.2034920,-106.5741810,1582.6,44445.4,3.140,128,78,204
2026-07-25T14:32:28Z,35.2034880,-106.5741479,1582.8,44448.5,3.160,128,79,195
2026-07-25T14:32:29Z,35.2034850,-106.5741150,1583.0,44451.7,3.180,128,80,206
2026-07-25T14:32:30Z,35.2034829,-106.5740800,1583.0,44454.9,3.180,128,81,216
2026-07-25T14:32:31Z,35.2034799,-106.5740430,1583.2,44458.1,3.200,129,81,203
2026-07-25T14:32:32Z,35.2034750,-106.5740080,1583.2,44461.4,3.200,129,81,203
2026-07-25T14:32:33Z,35.2034700,-106.5739729,1583.4,44464.6,3.220,129,81,203
2026-07-25T14:32:34Z,35.2034649,-106.5739380,1583.4,44467.8,3.220,129,81,206
2026-07-25T14:32:35Z,35.2034560,-106.5739039,1583.8,44471.1,3.240,130,81,215
2026-07-25T14:32:36Z,35.2034480,-106.5738700,1583.8,44474.3,3.240,130,81,211
2026-07-25T14:32:37Z,35.2034410,-106.5738350,1584.0,44477.5,3.220,130,81,202
2026-07-25T14:32:38Z,35.2034369,-106.5738009,1584.2,44480.7,3.220,130,81,209
2026-07-25T14:32:39Z,35.2034330,-106.5737640,1584.4,44484.0,3.240,130,81,205
2026-07-25T14:32:40Z,35.2034300,-106.5737280,1584.6,44487.2,3.220,130,81,207
2026-07-25T14:32:41Z,35.2034249,-106.5736930,1584.8,44490.4,3.220,130,81,207
2026-07-25T14:32:42Z,35.2034190,-106.5736579,1585.0,44493.7,3.240,131,81,199
2026-07-25T14:32:43Z,35.2034120,-106.5736230,1585.0,44497.1,3.280,131,82,216
2026-07-25T14:32:44Z,35.2034059,-106.5735879,1585.2,44500.5,3.300,131,83,215
2026-07-25T14:32:45Z,35.2034020,-106.5735500,1585.4,44503.9,3.340,131,83,210
2026-07-25T14:32:46Z,35.2033980,-106.5735149,1585.4,44507.0,3.320,131,83,219
2026-07-25T14:32:47Z,35.2033919,-106.5734800,1586.0,44510.4,3.340,131,83,211
2026-07-25T14:32:48Z,35.2033850,-106.5734449,1586.2,44513.6,3.300,131,83,211
2026-07-25T14:32:49Z,35.2033770,-106.5734100,1586.4,44517.0,3.300,131,83,223
2026-07-25T14:32:50Z,35.2033730,-106.5733739,1586.4,44520.4,3.300,131,83,230
2026-07-25T14:32:51Z,35.2033700,-106.5733390,1586.6,44523.6,3.320,131,81,245
2026-07-25T14:32:52Z,35.2033649,-106.5733030,1586.4,44527.0,3.320,131,82,249
2026-07-25T14:32:53Z,35.2033610,-106.5732670,1586.6,44530.4,3.360,131,84,239
2026-07-25T14:32:54Z,35.2033560,-106.5732310,1586.8,44533.8,3.360,131,85,236
2026-07-25T14:32:55Z,35.2033499,-106.5731940,1587.0,44537.1,3.340,131,85,252
2026-07-25T14:32:56Z,35.2033430,-106.5731569,1587.4,44540.6,3.400,131,85,252
2026-07-25T14:32:57Z,35.2033389,-106.5731210,1587.4,44543.8,3.360,132,84,265
2026-07-25T14:32:58Z,35.2033359,-106.5730849,1587.6,44547.4,3.400,132,84,242
2026-07-25T14:32:59Z,35.2033320,-106.5730490,1587.8,44550.6,3.360,132,83,222
2026-07-25T14:33:00Z,35.2033249,-106.5730139,1588.0,44553.8,3.340,132,82,236
2026-07-25T14:33:01Z,35.2033199,-106.5729780,1588.4,44557.2,3.320,132,82,254
2026-07-25T14:33:02Z,35.2033140,-106.5729429,1588.4,44560.4,3.320,132,82,242
2026-07-25T14:33:03Z,35.2033109,-106.5729070,1588.6,44563.6,3.240,132,82,238
2026-07-25T14:33:04Z,35.2033059,-106.5728709,1588.8,44566.9,3.260,133,82,213
2026-07-25T14:33:05Z,35.2033010,-106.5728360,1589.0,44570.2,3.280,132,81,227
2026-07-25T14:33:06Z,35.2032929,-106.5728010,1589.2,44573.5,3.260,132,81,239
2026-07-25T14:33:07Z,35.2032860,-106.5727649,1589.4,44576.8,3.280,132,82,247
2026-07-25T14:33:08Z,35.2032809,-106.5727290,1589.8,44580.1,3.300,133,83,228
2026-07-25T14:33:09Z,35.2032769,-106.5726920,1589.8,44583.5,3.320,133,83,213
2026-07-25T14:33:10Z,35.2032720,-106.5726539,1590.2,44586.9,3.340,133,83,215
2026-07-25T14:33:11Z,35.2032649,-106.5726180,1590.2,44590.3,3.360,133,83,209
2026-07-25T14:33:12Z,35.2032580,-106.5725809,1590.6,44593.6,3.360,133,83,236
2026-07-25T14:33:13Z,35.2032509,-106.5725460,1590.6,44596.9,3.360,133,84,212
2026-07-25T14:33:14Z,35.2032450,-106.5725089,1590.8,44600.3,3.360,133,84,208
2026-07-25T14:33:15Z,35.2032400,-106.5724720,1591.0,44603.6,3.340,133,84,187
2026-07-25T14:33:16Z,35.2032359,-106.5724340,1591.2,44607.0,3.340,133,83,197
2026-07-25T14:33:17Z,35.2032320,-106.5723980,1591.4,44610.4,3.360,133,84,200
2026-07-25T14:33:18Z,35.2032280,-106.5723610,1591.4,44613.7,3.360,133,84,199
2026-07-25T14:33:19Z,35.2032219,-106.5723239,1591.8,44617.1,3.360,133,84,226
2026-07-25T14:33:20Z,35.2032160,-106.5722860,1591.8,44620.6,3.400,133,85,207
2026-07-25T14:33:21Z,35.2032120,-106.5722509,1592.0,44624.1,3.420,133,86,217
2026-07-25T14:33:22Z,35.2032069,-106.5722130,1592.2,44627.7,3.460,133,84,164
2026-07-25T14:33:23Z,35.2032040,-106.5721759,1592.4,44631.3,3.520,133,79,194
2026-07-25T14:33:24Z,35.2032000,-106.5721400,1592.6,44634.9,3.560,133,80,199
2026-07-25T14:33:25Z,35.2031980,-106.5721000,1592.6,44638.5,3.580,133,80,180
2026-07-25T14:33:26Z,35.2031949,-106.5720600,1592.8,44642.1,3.600,133,81,180
2026-07-25T14:33:27Z,35.2031919,-106.5720199,1593.0,44645.8,3.620,132,82,172
2026-07-25T14:33:28Z,35.2031870,-106.5719810,1593.2,44649.4,3.620,133,82,181
2026-07-25T14:33:29Z,35.2031820,-106.5719420,1593.2,44653.1,3.640,132,82,177
2026-07-25T14:33:30Z,35.2031750,-106.5719020,1593.4,44656.7,3.640,132,82,177
2026-07-25T14:33:31Z,35.2031700,-106.5718619,1593.4,44660.5,3.680,132,82,199
2026-07-25T14:33:32Z,35.2031659,-106.5718199,1593.6,44664.2,3.680,132,83,182
2026-07-25T14:33:33Z,35.2031639,-106.5717800,1593.8,44668.0,3.720,132,84,178
2026-07-25T14:33:34Z,35.2031600,-106.5717390,1593.8,44671.8,3.740,132,85,176
2026-07-25T14:33:35Z,35.2031590,-106.5716980,1594.0,44675.6,3.780,132,86,167
2026-07-25T14:33:36Z,35.2031580,-106.5716560,1594.0,44679.5,3.800,132,86,176
2026-07-25T14:33:37Z,35.2031570,-106.5716140,1594.2,44683.4,3.840,131,87,172
2026-07-25T14:33:38Z,35.2031550,-106.5715700,1594.2,44687.4,3.880,132,87,173
2026-07-25T14:33:39Z,35.2031509,-106.5715280,1594.4,44691.3,3.900,132,88,173
2026-07-25T14:33:40Z,35.2031470,-106.5714759,1594.6,44695.1,3.900,132,88,172
2026-07-25T14:33:41Z,35.2031420,-106.5714410,1594.6,44699.0,3.900,131,88,165
2026-07-25T14:33:42Z,35.2031359,-106.5713980,1594.8,44703.0,3.920,131,88,173
2026-07-25T14:33:43Z,35.2031310,-106.5713550,1594.8,44707.1,3.940,131,89,162
2026-07-25T14:33:44Z,35.2031300,-106.5713110,1595.0,44711.1,3.960,131,89,164
2026-07-25T14:33:45Z,35.2031280,-106.5712660,1595.0,44715.3,4.040,131,91,147
2026-07-25T14:33:46Z,35.2031270,-106.5712190,1595.2,44719.6,4.120,131,93,136
2026-07-25T14:33:47Z,35.2031250,-106.5711709,1595.4,44723.9,4.180,131,95,116
2026-07-25T14:33:48Z,35.2031209,-106.5711220,1595.6,44728.5,4.280,131,93,176
2026-07-25T14:33:49Z,35.2031199,-106.5710719,1595.8,44733.1,4.400,130,93,136
2026-07-25T14:33:50Z,35.2031189,-106.5710109,1595.8,44737.7,4.480,130,95,123
2026-07-25T14:33:51Z,35.2031180,-106.5709689,1595.8,44742.5,4.580,130,97,117
2026-07-25T14:33:52Z,35.2031160,-106.5709170,1595.8,44747.2,4.660,130,98,122
2026-07-25T14:33:53Z,35.2031120,-106.5708539,1595.8,44751.8,4.660,130,97,104
2026-07-25T14:33:54Z,35.2031100,-106.5708020,1595.8,44756.7,4.720,129,92,127
2026-07-25T14:33:55Z,35.2031089,-106.5707590,1595.8,44761.6,4.780,129,92,121
2026-07-25T14:33:56Z,35.2031079,-106.5707060,1595.8,44766.3,4.760,128,92,127
2026-07-25T14:33:57Z,35.2031069,-106.5706529,1595.8,44771.2,4.800,129,92,124
2026-07-25T14:33:58Z,35.2031030,-106.5706000,1595.8,44776.0,4.840,128,92,115
2026-07-25T14:33:59Z,35.2030980,-106.5705490,1595.8,44781.1,4.880,128,93,114
2026-07-25T14:34:00Z,35.2030970,-106.5704939,1595.8,44785.9,4.860,127,94,123
2026-07-25T14:34:01Z,35.2030960,-106.5704389,1596.0,44790.9,4.920,127,95,125
2026-07-25T14:34:02Z,35.2030949,-106.5703720,1596.0,44795.9,4.940,126,96,149
2026-07-25T14:34:03Z,35.2030949,-106.5703270,1596.2,44801.1,5.020,126,96,143
2026-07-25T14:34:04Z,35.2030929,-106.5702700,1596.2,44806.3,5.040,125,98,143
2026-07-25T14:34:05Z,35.2030909,-106.5702120,1596.2,44811.6,5.140,125,100,157
2026-07-25T14:34:06Z,35.2030890,-106.5701540,1596.2,44816.9,5.200,125,101,153
2026-07-25T14:34:07Z,35.2030830,-106.5700960,1596.2,44822.1,5.240,124,100,151
2026-07-25T14:34:08Z,35.2030769,-106.5700280,1596.4,44827.2,5.220,125,99,161
2026-07-25T14:34:09Z,35.2030710,-106.5699830,1596.4,44832.3,5.200,125,99,159
2026-07-25T14:34:10Z,35.2030639,-106.5699280,1596.4,44837.4,5.160,125,98,156
2026-07-25T14:34:11Z,35.2030580,-106.5698720,1596.4,44842.5,5.120,124,97,164
2026-07-25T14:34:12Z,35.2030519,-106.5698169,1596.4,44847.4,5.060,125,97,180
2026-07-25T14:34:13Z,35.2030430,-106.5697629,1596.6,44852.4,5.040,125,96,175
2026-07-25T14:34:14Z,35.2030339,-106.5697090,1596.6,44857.5,5.040,124,96,184
2026-07-25T14:34:15Z,35.2030260,-106.5696550,1596.6,44862.6,5.040,124,97,195
2026-07-25T14:34:16Z,35.2030189,-106.5696000,1596.8,44867.5,5.000,125,96,194
2026-07-25T14:34:17Z,35.2030089,-106.5695469,1596.8,44872.5,5.020,125,96,183
2026-07-25T14:34:18Z,35.2029980,-106.5694920,1597.0,44877.6,5.040,125,96,183
2026-07-25T14:34:19Z,35.2029860,-106.5694380,1597.2,44882.7,5.040,125,97,183
2026-07-25T14:34:20Z,35.2029749,-106.5693810,1597.4,44887.8,5.040,126,97,191
2026-07-25T14:34:21Z,35.2029639,-106.5693250,1597.6,44892.7,5.040,125,97,190
2026-07-25T14:34:22Z,35.2029509,-106.5692609,1597.6,44897.6,5.020,126,96,199
2026-07-25T14:34:23Z,35.2029400,-106.5692179,1597.8,44902.7,5.020,126,96,210
2026-07-25T14:34:24Z,35.2029250,-106.5691650,1598.0,44907.9,5.040,127,98,209
2026-07-25T14:34:25Z,35.2029100,-106.5691120,1598.2,44913.0,5.040,126,98,175
2026-07-25T14:34:26Z,35.2028950,-106.5690620,1598.2,44918.1,5.080,126,98,175
2026-07-25T14:34:27Z,35.2028789,-106.5690100,1598.4,44923.1,5.100,126,98,177
2026-07-25T14:34:28Z,35.2028629,-106.5689600,1598.4,44928.1,5.080,126,97,173
2026-07-25T14:34:29Z,35.2028459,-106.5689080,1598.4,44932.9,5.000,129,95,152
2026-07-25T14:34:30Z,35.2028300,-106.5688569,1598.6,44937.7,4.940,129,93,143
2026-07-25T14:34:31Z,35.2028140,-106.5688090,1598.6,44942.3,4.840,129,91,127
2026-07-25T14:34:32Z,35.2027980,-106.5687529,1598.8,44946.9,4.760,128,87,131
2026-07-25T14:34:33Z,35.2027850,-106.5687160,1598.8,44951.2,4.620,126,84,242
2026-07-25T14:34:34Z,35.2027700,-106.5686689,1599.0,44956.1,4.640,126,89,361
2026-07-25T14:34:35Z,35.2027550,-106.5686180,1599.2,44961.1,4.680,126,93,281
2026-07-25T14:34:36Z,35.2027370,-106.5685679,1599.4,44965.9,4.720,126,94,267
2026-07-25T14:34:37Z,35.2027159,-106.5685190,1599.6,44971.0,4.820,126,95,250
2026-07-25T14:34:38Z,35.2026950,-106.5684689,1599.6,44975.9,4.940,127,96,238
2026-07-25T14:34:39Z,35.2026759,-106.5684200,1599.6,44980.9,4.960,127,95,224
2026-07-25T14:34:40Z,35.2026589,-106.5683699,1599.6,44985.8,4.940,126,94,235
2026-07-25T14:34:41Z,35.2026420,-106.5683190,1599.8,44990.7,4.960,127,93,252
2026-07-25T14:34:42Z,35.2026240,-106.5682700,1600.0,44995.5,4.900,127,94,256
2026-07-25T14:34:43Z,35.2026049,-106.5682219,1600.2,45000.4,4.900,127,94,266
2026-07-25T14:34:44Z,35.2025860,-106.5681760,1600.6,45005.2,4.860,127,94,246
2026-07-25T14:34:45Z,35.2025670,-106.5681290,1600.6,45010.1,4.860,127,93,253
2026-07-25T14:34:46Z,35.2025500,-106.5680809,1600.8,45014.8,4.820,127,92,268
2026-07-25T14:34:47Z,35.2025319,-106.5680349,1601.0,45019.7,4.840,129,90,264
2026-07-25T14:34:48Z,35.2025159,-106.5679900,1601.2,45024.3,4.780,129,89,236
2026-07-25T14:34:49Z,35.2024999,-106.5679440,1601.2,45028.9,4.740,130,87,215
2026-07-25T14:34:50Z,35.2024850,-106.5678970,1601.4,45033.4,4.660,130,87,227
2026-07-25T14:34:51Z,35.2024690,-106.5678499,1601.6,45037.9,4.620,130,87,239
2026-07-25T14:34:52Z,35.2024530,-106.5678049,1601.8,45042.4,4.540,130,86,239
2026-07-25T14:34:53Z,35.2024370,-106.5677609,1602.0,45046.9,4.520,130,86,249
2026-07-25T14:34:54Z,35.2024210,-106.5677140,1602.2,45051.5,4.520,130,86,246
2026-07-25T14:34:55Z,35.2024049,-106.5676680,1602.4,45055.8,4.480,130,86,207
2026-07-25T14:34:56Z,35.2023879,-106.5676230,1602.6,45060.1,4.440,130,94,207
2026-07-25T14:34:57Z,35.2023719,-106.5675810,1603.0,45064.3,4.380,130,96,216
2026-07-25T14:34:58Z,35.2023560,-106.5675390,1603.0,45068.6,4.340,130,95,204
2026-07-25T14:34:59Z,35.2023400,-106.5674960,1603.2,45072.9,4.280,131,94,207
2026-07-25T14:35:00Z,35.2023220,-106.5674449,1603.4,45077.1,4.260,131,93,218
2026-07-25T14:35:01Z,35.2023090,-106.5674110,1603.4,45081.3,4.240,131,93,219
2026-07-25T14:35:02Z,35.2022940,-106.5673710,1603.6,45085.4,4.220,131,92,212
2026-07-25T14:35:03Z,35.2022790,-106.5673299,1603.8,45089.3,4.140,131,91,212
2026-07-25T14:35:04Z,35.2022660,-106.5672889,1604.0,45093.4,4.100,131,91,206
2026-07-25T14:35:05Z,35.2022510,-106.5672490,1604.2,45097.4,4.059,131,89,206
2026-07-25T14:35:06Z,35.2022380,-106.5672090,1604.2,45101.5,4.040,131,89,202
2026-07-25T14:35:07Z,35.2022250,-106.5671690,1604.4,45105.4,4.000,131,90,202
2026-07-25T14:35:08Z,35.2022129,-106.5671279,1604.6,45109.4,4.019,131,91,185
2026-07-25T14:35:09Z,35.2021999,-106.5670859,1604.6,45113.4,4.000,131,91,200
2026-07-25T14:35:10Z,35.2021869,-106.5670429,1604.8,45117.3,3.980,131,91,189
2026-07-25T14:35:11Z,35.2021750,-106.5670009,1605.0,45121.5,4.000,131,92,196
2026-07-25T14:35:12Z,35.2021630,-106.5669589,1605.0,45125.6,4.040,131,92,190
2026-07-25T14:35:13Z,35.2021500,-106.5669159,1605.2,45129.7,4.059,131,92,213
2026-07-25T14:35:14Z,35.2021400,-106.5668729,1605.6,45133.8,4.080,131,93,185
2026-07-25T14:35:15Z,35.2021330,-106.5668279,1605.8,45138.1,4.160,131,95,195
2026-07-25T14:35:16Z,35.2021250,-106.5667820,1606.0,45142.4,4.180,132,96,167
2026-07-25T14:35:17Z,35.2021149,-106.5667360,1606.2,45146.6,4.200,132,95,178
2026-07-25T14:35:18Z,35.2021060,-106.5666910,1606.2,45150.8,4.220,132,95,172
2026-07-25T14:35:19Z,35.2020940,-106.5666370,1606.2,45155.1,4.260,133,96,177
2026-07-25T14:35:20Z,35.2020869,-106.5665989,1606.4,45159.2,4.220,133,96,177
2026-07-25T14:35:21Z,35.2020790,-106.5665520,1606.6,45163.6,4.240,133,96,182
2026-07-25T14:35:22Z,35.2020709,-106.5665060,1606.8,45167.9,4.260,133,96,174
2026-07-25T14:35:23Z,35.2020640,-106.5664590,1607.0,45172.4,4.320,133,97,167
2026-07-25T14:35:24Z,35.2020530,-106.5664030,1607.0,45176.7,4.320,133,97,173
2026-07-25T14:35:25Z,35.2020460,-106.5663659,1607.2,45181.1,4.380,133,97,166
2026-07-25T14:35:26Z,35.2020390,-106.5663170,1607.4,45185.4,4.360,133,97,169
2026-07-25T14:35:27Z,35.2020320,-106.5662699,1607.4,45189.6,4.340,133,96,161
2026-07-25T14:35:28Z,35.2020250,-106.5662150,1607.6,45194.1,4.340,133,97,160
2026-07-25T14:35:29Z,35.2020210,-106.5661770,1607.8,45198.3,4.320,132,97,145
2026-07-25T14:35:30Z,35.2020149,-106.5661290,1607.8,45202.6,4.300,132,98,145
2026-07-25T14:35:31Z,35.2020080,-106.5660809,1608.0,45207.1,4.340,132,98,153
2026-07-25T14:35:32Z,35.2020030,-106.5660340,1608.2,45211.4,4.360,132,99,151
2026-07-25T14:35:33Z,35.2019969,-106.5659850,1608.2,45215.9,4.360,132,99,141
2026-07-25T14:35:34Z,35.2019920,-106.5659369,1608.4,45220.3,4.400,132,98,153
2026-07-25T14:35:35Z,35.2019859,-106.5658890,1608.4,45224.7,4.420,131,99,165
2026-07-25T14:35:36Z,35.2019820,-106.5658400,1608.6,45229.3,4.440,131,100,166
2026-07-25T14:35:37Z,35.2019810,-106.5657900,1608.6,45233.7,4.460,131,102,150
2026-07-25T14:35:38Z,35.2019790,-106.5657379,1608.6,45238.3,4.480,131,102,135
2026-07-25T14:35:39Z,35.2019790,-106.5656860,1608.6,45242.8,4.500,131,104,141
2026-07-25T14:35:40Z,35.2019770,-106.5656339,1608.6,45247.5,4.560,131,104,134
2026-07-25T14:35:41Z,35.2019750,-106.5655830,1608.8,45251.9,4.520,130,104,115
2026-07-25T14:35:42Z,35.2019719,-106.5655230,1608.6,45256.6,4.580,130,103,109
2026-07-25T14:35:43Z,35.2019709,-106.5654830,1608.8,45261.2,4.580,130,103,113
2026-07-25T14:35:44Z,35.2019719,-106.5654319,1608.8,45265.8,4.600,130,103,108
2026-07-25T14:35:45Z,35.2019740,-106.5653730,1609.0,45270.5,4.600,130,103,106
2026-07-25T14:35:46Z,35.2019740,-106.5653329,1609.0,45275.1,4.640,129,103,112
2026-07-25T14:35:47Z,35.2019740,-106.5652830,1609.0,45279.7,4.620,129,102,106
2026-07-25T14:35:48Z,35.2019750,-106.5652309,1609.2,45284.2,4.600,129,102,117
2026-07-25T14:35:49Z,35.2019770,-106.5651820,1609.2,45288.8,4.600,129,102,113
2026-07-25T14:35:50Z,35.2019790,-106.5651319,1609.2,45293.2,4.540,129,103,110
2026-07-25T14:35:51Z,35.2019820,-106.5650830,1609.2,45297.8,4.540,128,102,118
2026-07-25T14:35:52Z,35.2019859,-106.5650329,1609.2,45302.2,4.500,128,102,114
2026-07-25T14:35:53Z,35.2019890,-106.5649849,1609.4,45306.8,4.520,127,101,114
2026-07-25T14:35:54Z,35.2019910,-106.5649380,1609.4,45311.1,4.460,127,99,119
2026-07-25T14:35:55Z,35.2019950,-106.5648889,1609.4,45315.6,4.480,126,101,115
2026-07-25T14:35:56Z,35.2020019,-106.5648380,1609.6,45320.2,4.480,126,104,99
2026-07-25T14:35:57Z,35.2020080,-106.5647869,1609.6,45325.0,4.560,125,105,101
2026-07-25T14:35:58Z,35.2020129,-106.5647320,1609.6,45329.9,4.620,126,107,106
2026-07-25T14:35:59Z,35.2020190,-106.5646780,1609.8,45334.8,4.740,124,106,113
2026-07-25T14:36:00Z,35.2020250,-106.5646240,1609.8,45339.8,4.840,125,102,132
2026-07-25T14:36:01Z,35.2020299,-106.5645689,1609.8,45344.8,4.920,124,104,113
2026-07-25T14:36:02Z,35.2020380,-106.5645139,1609.8,45349.9,4.980,124,106,107
2026-07-25T14:36:03Z,35.2020460,-106.5644569,1609.8,45355.0,5.020,124,107,100
2026-07-25T14:36:04Z,35.2020540,-106.5643999,1609.8,45360.2,5.080,124,107,106
2026-07-25T14:36:05Z,35.2020610,-106.5643429,1609.8,45365.3,5.100,124,107,102
2026-07-25T14:36:06Z,35.2020680,-106.5642880,1609.8,45370.5,5.140,123,106,109
2026-07-25T14:36:07Z,35.2020729,-106.5642320,1609.8,45375.6,5.140,123,106,104
2026-07-25T14:36:08Z,35.2020800,-106.5641750,1609.8,45380.7,5.140,123,106,101
2026-07-25T14:36:09Z,35.2020879,-106.5641180,1609.8,45385.8,5.120,122,106,111
2026-07-25T14:36:10Z,35.2020970,-106.5640640,1610.0,45390.8,5.100,123,106,111
2026-07-25T14:36:11Z,35.2021060,-106.5640079,1610.0,45395.9,5.080,122,106,113
2026-07-25T14:36:12Z,35.2021129,-106.5639539,1610.0,45400.9,5.060,122,105,122
2026-07-25T14:36:13Z,35.2021200,-106.5638990,1610.0,45405.7,5.000,122,103,138
2026-07-25T14:36:14Z,35.2021279,-106.5638460,1610.0,45410.5,4.940,123,102,138
2026-07-25T14:36:15Z,35.2021350,-106.5637929,1610.2,45415.4,4.920,122,101,150
2026-07-25T14:36:16Z,35.2021400,-106.5637420,1610.2,45420.2,4.860,122,100,178
2026-07-25T14:36:17Z,35.2021470,-106.5636909,1610.2,45425.1,4.840,123,100,182
2026-07-25T14:36:18Z,35.2021549,-106.5636400,1610.4,45429.8,4.820,123,99,203
2026-07-25T14:36:19Z,35.2021640,-106.5635870,1610.4,45434.7,4.840,123,99,188
2026-07-25T14:36:20Z,35.2021729,-106.5635260,1610.4,45439.5,4.820,125,99,196
2026-07-25T14:36:21Z,35.2021790,-106.5634860,1610.6,45444.1,4.780,124,99,205
2026-07-25T14:36:22Z,35.2021859,-106.5634349,1610.6,45448.8,4.740,125,99,208
2026-07-25T14:36:23Z,35.2021900,-106.5633840,1610.6,45453.7,4.780,125,99,213
2026-07-25T14:36:24Z,35.2021970,-106.5633319,1610.8,45458.7,4.800,125,100,209
2026-07-25T14:36:25Z,35.2022060,-106.5632810,1611.0,45463.6,4.820,125,99,208
2026-07-25T14:36:26Z,35.2022120,-106.5632270,1611.0,45468.2,4.820,125,99,214
2026-07-25T14:36:27Z,35.2022169,-106.5631739,1611.2,45473.0,4.840,125,98,212
2026-07-25T14:36:28Z,35.2022220,-106.5631210,1611.2,45477.7,4.800,126,98,211
2026-07-25T14:36:29Z,35.2022279,-106.5630710,1611.6,45482.4,4.740,125,97,215
2026-07-25T14:36:30Z,35.2022330,-106.5630220,1611.4,45487.0,4.680,125,97,225
2026-07-25T14:36:31Z,35.2022370,-106.5629710,1611.6,45491.8,4.720,126,98,243
2026-07-25T14:36:32Z,35.2022429,-106.5629179,1611.6,45496.6,4.720,125,98,232
2026-07-25T14:36:33Z,35.2022480,-106.5628670,1611.8,45501.3,4.720,126,98,222
2026-07-25T14:36:34Z,35.2022530,-106.5628070,1612.0,45505.9,4.700,126,97,224
2026-07-25T14:36:35Z,35.2022569,-106.5627660,1612.2,45510.6,4.720,126,97,216
2026-07-25T14:36:36Z,35.2022609,-106.5627159,1612.4,45515.3,4.700,126,97,220
2026-07-25T14:36:37Z,35.2022640,-106.5626650,1612.6,45519.9,4.660,127,97,214
2026-07-25T14:36:38Z,35.2022650,-106.5626129,1612.8,45524.4,4.620,126,96,171
2026-07-25T14:36:39Z,35.2022660,-106.5625630,1613.0,45529.0,4.620,127,95,189
2026-07-25T14:36:40Z,35.2022680,-106.5625139,1613.2,45533.5,4.580,127,93,200
2026-07-25T14:36:41Z,35.2022709,-106.5624640,1613.2,45538.0,4.540,127,93,206
2026-07-25T14:36:42Z,35.2022739,-106.5624149,1613.4,45542.4,4.500,127,93,202
2026-07-25T14:36:43Z,35.2022770,-106.5623660,1613.6,45546.9,4.500,128,92,195
2026-07-25T14:36:44Z,35.2022820,-106.5623080,1613.8,45551.4,4.480,128,92,237
2026-07-25T14:36:45Z,35.2022840,-106.5622689,1614.0,45555.8,4.460,128,93,215
2026-07-25T14:36:46Z,35.2022849,-106.5622200,1614.2,45560.3,4.460,128,92,180
2026-07-25T14:36:47Z,35.2022840,-106.5621709,1614.4,45564.7,4.460,129,91,183
2026-07-25T14:36:48Z,35.2022830,-106.5621229,1614.4,45569.1,4.440,129,92,191
2026-07-25T14:36:49Z,35.2022840,-106.5620750,1614.8,45573.5,4.420,129,91,211
2026-07-25T14:36:50Z,35.2022849,-106.5620249,1615.0,45578.0,4.440,129,91,220
2026-07-25T14:36:51Z,35.2022849,-106.5619770,1615.2,45582.6,4.460,129,93,221
2026-07-25T14:36:52Z,35.2022869,-106.5619269,1615.4,45587.1,4.480,129,93,220
2026-07-25T14:36:53Z,35.2022869,-106.5618770,1615.4,45591.5,4.480,130,93,230
2026-07-25T14:36:54Z,35.2022869,-106.5618270,1615.6,45596.0,4.500,130,93,228
2026-07-25T14:36:55Z,35.2022859,-106.5617789,1615.6,45600.4,4.480,130,94,215
2026-07-25T14:36:56Z,35.2022849,-106.5617290,1615.8,45604.8,4.440,131,93,192
2026-07-25T14:36:57Z,35.2022830,-106.5616789,1615.8,45609.3,4.440,131,93,189
2026-07-25T14:36:58Z,35.2022820,-106.5616310,1616.0,45613.6,4.420,131,91,187
2026-07-25T14:36:59Z,35.2022800,-106.5615819,1616.2,45617.9,4.380,131,91,199
2026-07-25T14:37:00Z,35.2022790,-106.5615349,1616.4,45622.2,4.360,132,90,204
2026-07-25T14:37:01Z,35.2022749,-106.5614860,1616.6,45626.6,4.360,132,89,223
2026-07-25T14:37:02Z,35.2022729,-106.5614400,1616.6,45630.8,4.300,132,90,211
2026-07-25T14:37:03Z,35.2022729,-106.5613939,1616.8,45635.1,4.300,132,89,211
2026-07-25T14:37:04Z,35.2022709,-106.5613479,1617.0,45639.3,4.280,132,89,205
2026-07-25T14:37:05Z,35.2022680,-106.5613010,1617.0,45643.6,4.280,132,89,221
2026-07-25T14:37:06Z,35.2022640,-106.5612550,1617.2,45647.9,4.260,132,90,221
2026-07-25T14:37:07Z,35.2022609,-106.5612059,1617.2,45652.5,4.340,132,91,218
2026-07-25T14:37:08Z,35.2022579,-106.5611590,1617.4,45656.8,4.340,132,91,214
2026-07-25T14:37:09Z,35.2022540,-106.5611100,1617.6,45661.2,4.380,132,90,221
2026-07-25T14:37:10Z,35.2022480,-106.5610609,1617.6,45665.6,4.400,132,90,212
2026-07-25T14:37:11Z,35.2022429,-106.5610159,1617.8,45669.7,4.360,132,89,229
2026-07-25T14:37:12Z,35.2022350,-106.5609599,1618.0,45674.0,4.300,132,90,227
2026-07-25T14:37:13Z,35.2022340,-106.5609210,1618.0,45678.3,4.300,132,89,222
2026-07-25T14:37:14Z,35.2022309,-106.5608739,1618.2,45682.5,4.260,132,89,209
2026-07-25T14:37:15Z,35.2022260,-106.5608289,1618.4,45686.7,4.220,132,88,221
2026-07-25T14:37:16Z,35.2022210,-106.5607820,1618.6,45691.0,4.260,132,89,234
2026-07-25T14:37:17Z,35.2022149,-106.5607350,1618.6,45695.4,4.280,132,89,241
2026-07-25T14:37:18Z,35.2022100,-106.5606889,1618.8,45699.6,4.260,132,90,227
2026-07-25T14:37:19Z,35.2022070,-106.5606439,1619.0,45703.8,4.260,132,90,231
2026-07-25T14:37:20Z,35.2022029,-106.5605970,1619.0,45708.1,4.280,133,90,211
2026-07-25T14:37:21Z,35.2021960,-106.5605520,1619.2,45712.4,4.280,133,89,213
2026-07-25T14:37:22Z,35.2021910,-106.5604970,1619.2,45716.6,4.240,133,88,219
2026-07-25T14:37:23Z,35.2021889,-106.5604579,1619.6,45720.9,4.260,133,89,217
2026-07-25T14:37:24Z,35.2021820,-106.5604110,1620.0,45725.1,4.260,133,89,215
2026-07-25T14:37:25Z,35.2021750,-106.5603640,1620.2,45729.5,4.280,133,88,200
2026-07-25T14:37:26Z,35.2021709,-106.5603090,1620.2,45733.7,4.260,134,88,202
2026-07-25T14:37:27Z,35.2021680,-106.5602719,1620.4,45737.9,4.260,134,88,208
2026-07-25T14:37:28Z,35.2021650,-106.5602249,1620.6,45742.3,4.280,134,89,208
2026-07-25T14:37:29Z,35.2021610,-106.5601699,1620.8,45746.6,4.300,134,88,197
2026-07-25T14:37:30Z,35.2021589,-106.5601340,1621.0,45750.8,4.260,134,88,188
2026-07-25T14:37:31Z,35.2021540,-106.5600880,1621.0,45754.9,4.240,134,88,207
2026-07-25T14:37:32Z,35.2021480,-106.5600409,1621.2,45759.3,4.280,134,88,194
2026-07-25T14:37:33Z,35.2021409,-106.5599959,1621.4,45763.5,4.240,134,88,200
2026-07-25T14:37:34Z,35.2021380,-106.5599480,1621.4,45767.8,4.240,134,88,206
2026-07-25T14:37:35Z,35.2021340,-106.5598920,1621.6,45772.0,4.240,134,88,225
2026-07-25T14:37:36Z,35.2021320,-106.5598549,1621.6,45776.3,4.280,134,88,228
2026-07-25T14:37:37Z,35.2021259,-106.5598099,1621.8,45780.3,4.200,134,87,205
2026-07-25T14:37:38Z,35.2021230,-106.5597630,1622.0,45784.5,4.200,134,87,233
2026-07-25T14:37:39Z,35.2021190,-106.5597180,1622.2,45788.6,4.160,134,86,233
2026-07-25T14:37:40Z,35.2021159,-106.5596730,1622.4,45792.7,4.140,133,86,232
2026-07-25T14:37:41Z,35.2021119,-106.5596290,1622.6,45796.8,4.100,133,85,201
2026-07-25T14:37:42Z,35.2021080,-106.5595840,1622.8,45800.9,4.120,133,84,215
2026-07-25T14:37:43Z,35.2021019,-106.5595320,1622.8,45804.9,4.080,134,84,219
2026-07-25T14:37:44Z,35.2020999,-106.5594990,1623.0,45808.9,4.059,134,83,211
2026-07-25T14:37:45Z,35.2020979,-106.5594560,1623.0,45812.9,4.040,134,83,246
2026-07-25T14:37:46Z,35.2020960,-106.5594140,1623.2,45816.9,4.019,134,84,216
2026-07-25T14:37:47Z,35.2020920,-106.5593700,1623.2,45820.9,4.000,134,83,223
2026-07-25T14:37:48Z,35.2020890,-106.5593260,1623.4,45824.9,4.000,134,83,224
2026-07-25T14:37:49Z,35.2020849,-106.5592750,1623.6,45828.7,3.960,134,82,199
2026-07-25T14:37:50Z,35.2020820,-106.5592390,1623.8,45832.8,3.980,134,82,241
2026-07-25T14:37:51Z,35.2020810,-106.5591939,1624.0,45836.9,4.000,134,83,226
2026-07-25T14:37:52Z,35.2020790,-106.5591410,1624.2,45840.9,4.000,134,83,218
2026-07-25T14:37:53Z,35.2020760,-106.5591049,1624.4,45844.9,4.000,134,83,208
2026-07-25T14:37:54Z,35.2020719,-106.5590609,1624.4,45848.8,4.019,134,82,208
2026-07-25T14:37:55Z,35.2020699,-106.5590179,1624.8,45852.8,4.000,134,82,215
2026-07-25T14:37:56Z,35.2020670,-106.5589739,1625.0,45856.8,3.980,134,83,212
2026-07-25T14:37:57Z,35.2020650,-106.5589290,1625.0,45860.9,4.000,134,84,226
2026-07-25T14:37:58Z,35.2020650,-106.5588840,1625.2,45865.1,4.040,135,87,205
2026-07-25T14:37:59Z,35.2020630,-106.5588380,1625.4,45869.3,4.100,134,87,219
2026-07-25T14:38:00Z,35.2020620,-106.5587919,1625.6,45873.5,4.140,134,89,197
2026-07-25T14:38:01Z,35.2020620,-106.5587449,1625.8,45877.7,4.180,134,89,199
2026-07-25T14:38:02Z,35.2020610,-106.5586980,1626.0,45882.0,4.220,134,88,182
2026-07-25T14:38:03Z,35.2020620,-106.5586510,1626.0,45886.2,4.220,134,88,198
2026-07-25T14:38:04Z,35.2020640,-106.5586029,1626.2,45890.5,4.240,134,89,194
2026-07-25T14:38:05Z,35.2020650,-106.5585550,1626.4,45894.8,4.260,133,90,196
2026-07-25T14:38:06Z,35.2020660,-106.5585060,1626.4,45899.1,4.280,133,90,198
2026-07-25T14:38:07Z,35.2020689,-106.5584579,1626.6,45903.5,4.300,134,91,201
2026-07-25T14:38:08Z,35.2020729,-106.5584090,1626.8,45908.0,4.360,133,92,184
2026-07-25T14:38:09Z,35.2020770,-106.5583610,1627.2,45912.4,4.380,134,92,167
2026-07-25T14:38:10Z,35.2020790,-106.5583119,1627.2,45916.7,4.380,134,91,166
2026-07-25T14:38:11Z,35.2020810,-106.5582530,1627.4,45921.1,4.400,133,91,186
2026-07-25T14:38:12Z,35.2020829,-106.5582050,1627.8,45925.5,4.400,133,90,198
2026-07-25T14:38:13Z,35.2020869,-106.5581660,1627.8,45929.9,4.380,134,91,185
2026-07-25T14:38:14Z,35.2020920,-106.5581180,1628.0,45934.3,4.380,134,91,167
2026-07-25T14:38:15Z,35.2020970,-106.5580699,1628.0,45938.7,4.400,133,91,163
2026-07-25T14:38:16Z,35.2020999,-106.5580220,1628.2,45942.9,4.360,133,89,173
2026-07-25T14:38:17Z,35.2021040,-106.5579669,1628.2,45947.3,4.360,133,89,190
2026-07-25T14:38:18Z,35.2021100,-106.5579289,1628.4,45951.7,4.360,133,89,204
2026-07-25T14:38:19Z,35.2021159,-106.5578829,1628.6,45955.9,4.320,133,91,178
2026-07-25T14:38:20Z,35.2021210,-106.5578360,1628.6,45960.2,4.300,133,90,185
2026-07-25T14:38:21Z,35.2021279,-106.5577900,1628.8,45964.5,4.320,133,90,187
2026-07-25T14:38:22Z,35.2021340,-106.5577430,1629.0,45968.9,4.320,134,91,166
2026-07-25T14:38:23Z,35.2021380,-106.5576949,1629.2,45973.1,4.280,134,90,150
2026-07-25T14:38:24Z,35.2021429,-106.5576480,1629.4,45977.7,4.360,135,90,152
2026-07-25T14:38:25Z,35.2021510,-106.5575990,1629.6,45982.2,4.400,135,92,150
2026-07-25T14:38:26Z,35.2021589,-106.5575409,1629.6,45986.6,4.420,135,93,138
2026-07-25T14:38:27Z,35.2021640,-106.5575030,1629.6,45991.1,4.440,135,93,121
2026-07-25T14:38:28Z,35.2021699,-106.5574539,1629.8,45995.5,4.480,136,93,121
2026-07-25T14:38:29Z,35.2021750,-106.5574050,1629.8,46000.0,4.460,135,93,132
2026-07-25T14:38:30Z,35.2021820,-106.5573570,1629.8,46004.5,4.460,135,93,131
2026-07-25T14:38:31Z,35.2021920,-106.5573110,1630.0,46008.9,4.460,135,92,137
2026-07-25T14:38:32Z,35.2022040,-106.5572649,1630.0,46013.4,4.460,135,92,140
2026-07-25T14:38:33Z,35.2022149,-106.5572170,1630.0,46017.7,4.440,135,92,132
2026-07-25T14:38:34Z,35.2022240,-106.5571590,1630.2,46022.1,4.420,135,91,139
2026-07-25T14:38:35Z,35.2022289,-106.5571120,1630.2,46026.5,4.400,135,91,139
2026-07-25T14:38:36Z,35.2022350,-106.5570730,1630.2,46030.9,4.400,135,92,147
2026-07-25T14:38:37Z,35.2022449,-106.5570260,1630.4,46035.1,4.340,134,91,159
2026-07-25T14:38:38Z,35.2022550,-106.5569799,1630.4,46039.5,4.360,134,90,153
2026-07-25T14:38:39Z,35.2022599,-106.5569329,1630.6,46043.8,4.340,134,89,150
2026-07-25T14:38:40Z,35.2022650,-106.5568860,1630.6,46048.0,4.300,133,89,151
2026-07-25T14:38:41Z,35.2022709,-106.5568380,1630.8,46052.4,4.300,133,90,168
2026-07-25T14:38:42Z,35.2022770,-106.5567929,1631.0,46056.8,4.340,133,90,159
2026-07-25T14:38:43Z,35.2022849,-106.5567370,1631.0,46061.0,4.300,133,89,164
2026-07-25T14:38:44Z,35.2022910,-106.5566990,1631.0,46065.3,4.300,132,89,191
2026-07-25T14:38:45Z,35.2022970,-106.5566520,1631.2,46069.6,4.320,133,90,191
2026-07-25T14:38:46Z,35.2023050,-106.5566049,1631.2,46073.9,4.300,133,89,212
2026-07-25T14:38:47Z,35.2023110,-106.5565560,1631.2,46078.3,4.300,133,90,216
2026-07-25T14:38:48Z,35.2023179,-106.5565070,1631.4,46082.7,4.340,133,91,188
2026-07-25T14:38:49Z,35.2023230,-106.5564490,1631.4,46087.1,4.360,133,92,188
2026-07-25T14:38:50Z,35.2023270,-106.5564090,1631.6,46091.6,4.400,133,93,182
2026-07-25T14:38:51Z,35.2023340,-106.5563599,1631.8,46096.1,4.440,134,94,186
2026-07-25T14:38:52Z,35.2023419,-106.5563110,1631.8,46100.6,4.460,134,94,192
2026-07-25T14:38:53Z,35.2023490,-106.5562620,1632.0,46105.1,4.480,133,93,185
2026-07-25T14:38:54Z,35.2023500,-106.5562139,1632.0,46109.5,4.480,133,93,189
2026-07-25T14:38:55Z,35.2023510,-106.5561630,1632.2,46113.9,4.460,133,93,179
2026-07-25T14:38:56Z,35.2023530,-106.5561139,1632.4,46118.3,4.440,134,92,176
2026-07-25T14:38:57Z,35.2023550,-106.5560660,1632.6,46122.5,4.380,133,90,170
2026-07-25T14:38:58Z,35.2023589,-106.5560210,1632.6,46126.9,4.360,134,90,170
2026-07-25T14:38:59Z,35.2023620,-106.5559760,1632.8,46131.0,4.300,134,88,177
2026-07-25T14:39:00Z,35.2023630,-106.5559320,1633.0,46135.1,4.240,135,86,175
2026-07-25T14:39:01Z,35.2023630,-106.5558869,1633.2,46139.3,4.200,135,86,201
2026-07-25T14:39:02Z,35.2023640,-106.5558419,1633.2,46143.5,4.200,136,86,201
2026-07-25T14:39:03Z,35.2023670,-106.5557880,1633.4,46147.5,4.120,135,85,200
2026-07-25T14:39:04Z,35.2023670,-106.5557529,1633.2,46151.6,4.120,136,85,203
2026-07-25T14:39:05Z,35.2023680,-106.5557080,1633.4,46155.8,4.140,136,86,213
2026-07-25T14:39:06Z,35.2023690,-106.5556630,1633.6,46159.9,4.120,136,86,189
2026-07-25T14:39:07Z,35.2023670,-106.5556180,1633.6,46164.1,4.120,136,86,179
2026-07-25T14:39:08Z,35.2023660,-106.5555630,1633.8,46168.1,4.120,135,86,179
2026-07-25T14:39:09Z,35.2023640,-106.5555249,1634.0,46172.3,4.140,135,87,182
2026-07-25T14:39:10Z,35.2023620,-106.5554789,1634.0,46176.6,4.160,135,87,171
2026-07-25T14:39:11Z,35.2023599,-106.5554330,1634.2,46180.6,4.140,136,87,189
2026-07-25T14:39:12Z,35.2023579,-106.5553789,1634.2,46184.8,4.140,135,85,197
2026-07-25T14:39:13Z,35.2023579,-106.5553430,1634.4,46188.8,4.140,135,85,194
2026-07-25T14:39:14Z,35.2023550,-106.5553000,1634.6,46192.8,4.100,133,84,186
2026-07-25T14:39:15Z,35.2023500,-106.5552570,1634.8,46196.9,4.059,132,84,176
2026-07-25T14:39:16Z,35.2023469,-106.5552120,1634.8,46200.8,4.040,132,83,207
2026-07-25T14:39:17Z,35.2023380,-106.5551590,1635.2,46205.0,4.040,132,84,244
2026-07-25T14:39:18Z,35.2023309,-106.5551199,1635.2,46209.1,4.059,132,87,231
2026-07-25T14:39:19Z,35.2023240,-106.5550789,1635.4,46213.4,4.120,132,87,200
2026-07-25T14:39:20Z,35.2023200,-106.5550250,1635.6,46217.7,4.160,132,87,243
2026-07-25T14:39:21Z,35.2023169,-106.5549880,1635.8,46222.0,4.240,132,88,243
2026-07-25T14:39:22Z,35.2023120,-106.5549420,1636.0,46226.4,4.280,132,88,238
2026-07-25T14:39:23Z,35.2023050,-106.5548960,1636.2,46230.7,4.320,132,90,238
2026-07-25T14:39:24Z,35.2022989,-106.5548489,1636.2,46235.0,4.320,133,91,208
2026-07-25T14:39:25Z,35.2022889,-106.5547960,1636.6,46239.3,4.320,133,90,192
2026-07-25T14:39:26Z,35.2022810,-106.5547489,1636.6,46243.6,4.320,133,90,212
2026-07-25T14:39:27Z,35.2022729,-106.5547120,1636.8,46247.9,4.300,134,91,208
2026-07-25T14:39:28Z,35.2022599,-106.5546680,1637.0,46252.4,4.340,134,91,205
2026-07-25T14:39:29Z,35.2022520,-106.5546209,1637.2,46256.8,4.360,135,92,216
2026-07-25T14:39:30Z,35.2022439,-106.5545739,1637.4,46261.3,4.400,135,91,234
2026-07-25T14:39:31Z,35.2022350,-106.5545270,1637.6,46265.6,4.400,135,91,226
2026-07-25T14:39:32Z,35.2022250,-106.5544810,1637.6,46270.0,4.420,135,91,231
2026-07-25T14:39:33Z,35.2022139,-106.5544350,1637.8,46274.6,4.440,136,92,258
2026-07-25T14:39:34Z,35.2021999,-106.5543790,1637.8,46279.0,4.440,136,93,248
2026-07-25T14:39:35Z,35.2021930,-106.5543420,1638.0,46283.5,4.440,136,92,255
2026-07-25T14:39:36Z,35.2021849,-106.5542940,1638.0,46287.8,4.440,136,91,247
2026-07-25T14:39:37Z,35.2021760,-106.5542459,1638.2,46292.0,4.400,136,90,232
2026-07-25T14:39:38Z,35.2021670,-106.5541980,1638.4,46296.3,4.340,136,90,210
2026-07-25T14:39:39Z,35.2021589,-106.5541500,1638.6,46300.8,4.360,137,90,230
2026-07-25T14:39:40Z,35.2021470,-106.5540940,1638.8,46305.2,4.340,136,91,230
2026-07-25T14:39:41Z,35.2021380,-106.5540540,1639.2,46309.6,4.360,136,93,225
2026-07-25T14:39:42Z,35.2021299,-106.5540050,1639.4,46314.2,4.440,136,94,221
2026-07-25T14:39:43Z,35.2021210,-106.5539549,1639.4,46318.8,4.500,136,94,230
2026-07-25T14:39:44Z,35.2021100,-106.5539070,1639.6,46323.3,4.500,136,95,222
2026-07-25T14:39:45Z,35.2021009,-106.5538569,1639.8,46327.8,4.520,136,95,213
2026-07-25T14:39:46Z,35.2020940,-106.5538080,1640.0,46332.4,4.560,136,95,209
2026-07-25T14:39:47Z,35.2020839,-106.5537620,1640.2,46337.0,4.560,136,95,232
2026-07-25T14:39:48Z,35.2020709,-106.5537139,1640.2,46341.6,4.560,136,95,203
2026-07-25T14:39:49Z,35.2020589,-106.5536650,1640.4,46346.0,4.540,136,94,206
2026-07-25T14:39:50Z,35.2020460,-106.5536080,1640.4,46350.6,4.560,137,94,206
2026-07-25T14:39:51Z,35.2020399,-106.5535689,1640.4,46355.0,4.520,137,93,222
2026-07-25T14:39:52Z,35.2020320,-106.5535200,1640.6,46359.4,4.480,136,93,241
2026-07-25T14:39:53Z,35.2020230,-106.5534730,1640.8,46364.1,4.500,137,94,241
2026-07-25T14:39:54Z,35.2020090,-106.5534150,1641.0,46368.8,4.560,137,95,225
2026-07-25T14:39:55Z,35.2019999,-106.5533760,1641.0,46373.5,4.580,137,95,221
2026-07-25T14:39:56Z,35.2019910,-106.5533259,1641.2,46378.1,4.620,137,96,227
2026-07-25T14:39:57Z,35.2019810,-106.5532750,1641.4,46382.9,4.700,137,96,224
2026-07-25T14:39:58Z,35.2019709,-106.5532239,1641.6,46387.5,4.680,137,96,214
2026-07-25T14:39:59Z,35.2019569,-106.5531639,1641.8,46392.1,4.660,137,96,231
2026-07-25T14:40:00Z,35.2019460,-106.5531239,1641.8,46396.7,4.640,136,97,231
2026-07-25T14:40:01Z,35.2019340,-106.5530740,1642.0,46401.6,4.700,137,98,253
2026-07-25T14:40:02Z,35.2019249,-106.5530239,1642.2,46406.3,4.680,137,98,231
2026-07-25T14:40:03Z,35.2019159,-106.5529740,1642.2,46410.9,4.680,136,98,202
2026-07-25T14:40:04Z,35.2019080,-106.5529229,1642.4,46415.6,4.700,137,98,213
2026-07-25T14:40:05Z,35.2018999,-106.5528730,1642.6,46420.3,4.720,137,97,215
2026-07-25T14:40:06Z,35.2018920,-106.5528239,1642.8,46425.1,4.700,137,97,229
2026-07-25T14:40:07Z,35.2018849,-106.5527740,1642.8,46429.7,4.680,136,97,234
2026-07-25T14:40:08Z,35.2018760,-106.5527140,1643.0,46434.3,4.680,137,97,232
2026-07-25T14:40:09Z,35.2018699,-106.5526740,1643.2,46439.0,4.680,137,97,199
2026-07-25T14:40:10Z,35.2018600,-106.5526219,1643.2,46443.7,4.680,137,98,229
2026-07-25T14:40:11Z,35.2018500,-106.5525710,1643.4,46448.4,4.660,137,97,225
2026-07-25T14:40:12Z,35.2018370,-106.5525209,1643.6,46452.9,4.640,137,97,215
2026-07-25T14:40:13Z,35.2018259,-106.5524710,1643.6,46457.6,4.660,137,97,236
2026-07-25T14:40:14Z,35.2018149,-106.5524220,1643.8,46462.5,4.700,137,97,234
2026-07-25T14:40:15Z,35.2018070,-106.5523729,1644.4,46467.1,4.680,138,98,195
2026-07-25T14:40:16Z,35.2017989,-106.5523240,1644.6,46471.7,4.660,137,97,200
2026-07-25T14:40:17Z,35.2017900,-106.5522719,1644.8,46476.3,4.680,137,97,205
2026-07-25T14:40:18Z,35.2017809,-106.5522220,1645.0,46480.9,4.660,137,96,201
2026-07-25T14:40:19Z,35.2017719,-106.5521729,1645.2,46485.6,4.620,137,96,209
2026-07-25T14:40:20Z,35.2017590,-106.5521240,1645.2,46490.1,4.600,137,95,201
2026-07-25T14:40:21Z,35.2017480,-106.5520749,1645.4,46494.7,4.600,138,95,208
2026-07-25T14:40:22Z,35.2017360,-106.5520159,1645.4,46499.2,4.580,138,95,205
2026-07-25T14:40:23Z,35.2017279,-106.5519780,1645.4,46503.7,4.560,138,95,202
2026-07-25T14:40:24Z,35.2017180,-106.5519289,1645.6,46508.4,4.560,137,95,209
2026-07-25T14:40:25Z,35.2017109,-106.5518790,1645.8,46513.0,4.580,138,95,208
2026-07-25T14:40:26Z,35.2017030,-106.5518289,1645.8,46517.5,4.560,138,95,216
2026-07-25T14:40:27Z,35.2016940,-106.5517800,1646.0,46522.0,4.560,138,95,205
2026-07-25T14:40:28Z,35.2016849,-106.5517320,1646.2,46526.6,4.580,138,94,208
2026-07-25T14:40:29Z,35.2016740,-106.5516849,1646.2,46531.1,4.540,138,95,214
2026-07-25T14:40:30Z,35.2016630,-106.5516380,1646.6,46535.7,4.540,138,96,230
2026-07-25T14:40:31Z,35.2016519,-106.5515910,1646.6,46540.2,4.540,138,95,212
2026-07-25T14:40:32Z,35.2016419,-106.5515409,1646.6,46544.9,4.580,138,95,218
2026-07-25T14:40:33Z,35.2016340,-106.5514930,1646.8,46549.4,4.560,138,94,221
2026-07-25T14:40:34Z,35.2016259,-106.5514450,1647.0,46553.9,4.560,138,94,219
2026-07-25T14:40:35Z,35.2016170,-106.5513989,1647.2,46558.2,4.500,138,94,227
2026-07-25T14:40:36Z,35.2016070,-106.5513490,1647.4,46562.9,4.540,138,93,227
2026-07-25T14:40:37Z,35.2015959,-106.5513010,1647.6,46567.4,4.500,138,94,221
2026-07-25T14:40:38Z,35.2015870,-106.5512549,1647.8,46571.9,4.500,138,94,225
2026-07-25T14:40:39Z,35.2015780,-106.5512089,1648.0,46576.4,4.500,138,95,224
2026-07-25T14:40:40Z,35.2015669,-106.5511620,1648.2,46581.1,4.580,138,95,224
2026-07-25T14:40:41Z,35.2015559,-106.5511140,1648.2,46585.7,4.560,138,95,221
2026-07-25T14:40:42Z,35.2015460,-106.5510659,1648.4,46590.1,4.540,138,95,218
2026-07-25T14:40:43Z,35.2015369,-106.5510170,1648.4,46594.8,4.580,138,95,215
2026-07-25T14:40:44Z,35.2015280,-106.5509679,1648.6,46599.3,4.580,138,95,215
2026-07-25T14:40:45Z,35.2015210,-106.5509190,1648.6,46603.8,4.540,138,95,221
2026-07-25T14:40:46Z,35.2015119,-106.5508690,1648.8,46608.2,4.500,138,95,221
2026-07-25T14:40:47Z,35.2015030,-106.5508190,1648.8,46612.7,4.520,138,95,225
2026-07-25T14:40:48Z,35.2014939,-106.5507710,1648.8,46617.4,4.520,138,95,225
2026-07-25T14:40:49Z,35.2014839,-106.5507229,1649.0,46621.9,4.520,139,95,225
2026-07-25T14:40:50Z,35.2014760,-106.5506750,1649.2,46626.5,4.540,138,95,227
2026-07-25T14:40:51Z,35.2014679,-106.5506270,1649.4,46631.1,4.580,138,95,208
2026-07-25T14:40:52Z,35.2014580,-106.5505779,1649.6,46635.6,4.580,138,94,213
2026-07-25T14:40:53Z,35.2014460,-106.5505290,1649.8,46640.1,4.540,138,94,223
2026-07-25T14:40:54Z,35.2014359,-106.5504789,1650.0,46644.7,4.560,138,94,223
2026-07-25T14:40:55Z,35.2014269,-106.5504319,1650.0,46649.1,4.520,138,95,217
2026-07-25T14:40:56Z,35.2014200,-106.5503840,1650.2,46653.6,4.500,139,95,199
2026-07-25T14:40:57Z,35.2014119,-106.5503339,1650.4,46658.2,4.520,139,95,201
2026-07-25T14:40:58Z,35.2014060,-106.5502940,1650.6,46662.8,4.540,139,95,199
2026-07-25T14:40:59Z,35.2013979,-106.5502329,1650.8,46667.2,4.500,139,94,216
2026-07-25T14:41:00Z,35.2013900,-106.5501840,1651.0,46671.8,4.540,139,95,232
2026-07-25T14:41:01Z,35.2013829,-106.5501350,1651.0,46676.4,4.560,138,96,228
2026-07-25T14:41:02Z,35.2013750,-106.5500840,1651.2,46681.2,4.600,139,96,224
2026-07-25T14:41:03Z,35.2013679,-106.5500339,1651.4,46685.8,4.600,139,97,215
2026-07-25T14:41:04Z,35.2013600,-106.5499840,1651.6,46690.3,4.620,139,96,201
2026-07-25T14:41:05Z,35.2013519,-106.5499329,1651.8,46694.9,4.620,139,96,206
2026-07-25T14:41:06Z,35.2013440,-106.5498830,1651.8,46699.5,4.620,139,96,224
2026-07-25T14:41:07Z,35.2013340,-106.5498340,1652.0,46704.2,4.600,139,96,232
2026-07-25T14:41:08Z,35.2013259,-106.5497830,1652.2,46708.7,4.580,138,97,214
2026-07-25T14:41:09Z,35.2013209,-106.5497330,1652.4,46713.4,4.620,138,96,218
2026-07-25T14:41:10Z,35.2013160,-106.5496930,1652.8,46718.1,4.640,138,97,238
2026-07-25T14:41:11Z,35.2013079,-106.5496320,1653.0,46722.7,4.640,139,97,226
2026-07-25T14:41:12Z,35.2013010,-106.5495810,1653.2,46727.4,4.640,139,98,244
2026-07-25T14:41:13Z,35.2012939,-106.5495279,1653.2,46732.1,4.680,139,98,224
2026-07-25T14:41:14Z,35.2012870,-106.5494760,1653.2,46736.8,4.680,139,98,216
2026-07-25T14:41:15Z,35.2012799,-106.5494249,1653.2,46741.6,4.700,139,98,218
2026-07-25T14:41:16Z,35.2012730,-106.5493730,1653.4,46746.1,4.680,138,98,200
2026-07-25T14:41:17Z,35.2012659,-106.5493220,1653.4,46750.9,4.700,139,98,213
2026-07-25T14:41:18Z,35.2012580,-106.5492709,1653.6,46755.5,4.680,139,97,217
2026-07-25T14:41:19Z,35.2012509,-106.5492210,1653.6,46760.2,4.680,139,97,216
2026-07-25T14:41:20Z,35.2012440,-106.5491709,1653.8,46764.9,4.660,139,97,220
2026-07-25T14:41:21Z,35.2012389,-106.5491200,1654.0,46769.7,4.720,139,97,223
2026-07-25T14:41:22Z,35.2012340,-106.5490679,1654.0,46774.4,4.700,139,97,227
2026-07-25T14:41:23Z,35.2012280,-106.5490170,1654.2,46779.0,4.700,140,97,213
2026-07-25T14:41:24Z,35.2012249,-106.5489649,1654.2,46783.7,4.700,138,97,221
2026-07-25T14:41:25Z,35.2012199,-106.5489119,1654.6,46788.3,4.680,139,97,221
2026-07-25T14:41:26Z,35.2012150,-106.5488620,1654.8,46793.0,4.660,139,97,234
2026-07-25T14:41:27Z,35.2012089,-106.5488109,1654.8,46797.6,4.640,139,97,227
2026-07-25T14:41:28Z,35.2012040,-106.5487590,1655.2,46802.3,4.660,139,97,224
2026-07-25T14:41:29Z,35.2012000,-106.5487199,1655.2,46807.0,4.660,139,97,224
2026-07-25T14:41:30Z,35.2011980,-106.5486570,1655.4,46811.6,4.660,139,97,219
2026-07-25T14:41:31Z,35.2011939,-106.5486049,1655.6,46816.4,4.680,139,97,230
2026-07-25T14:41:32Z,35.2011929,-106.5485540,1655.8,46821.2,4.720,139,98,240
2026-07-25T14:41:33Z,35.2011919,-106.5485030,1655.8,46825.8,4.700,140,99,219
2026-07-25T14:41:34Z,35.2011860,-106.5484509,1656.0,46830.5,4.700,140,98,211
2026-07-25T14:41:35Z,35.2011799,-106.5483990,1656.4,46835.2,4.720,140,98,214
2026-07-25T14:41:36Z,35.2011750,-106.5483489,1656.4,46839.8,4.680,140,98,204
2026-07-25T14:41:37Z,35.2011690,-106.5482970,1656.8,46844.5,4.660,139,97,204
2026-07-25T14:41:38Z,35.2011639,-106.5482459,1656.8,46849.1,4.660,140,97,203
2026-07-25T14:41:39Z,35.2011590,-106.5481950,1657.0,46853.8,4.660,140,96,203
2026-07-25T14:41:40Z,35.2011529,-106.5481449,1657.2,46858.6,4.680,140,96,203
2026-07-25T14:41:41Z,35.2011489,-106.5480940,1657.2,46863.2,4.680,140,96,216
2026-07-25T14:41:42Z,35.2011470,-106.5480459,1657.2,46867.8,4.660,140,95,209
2026-07-25T14:41:43Z,35.2011440,-106.5479970,1657.4,46872.4,4.660,140,96,224
2026-07-25T14:41:44Z,35.2011420,-106.5479439,1657.6,46877.1,4.660,140,96,225
2026-07-25T14:41:45Z,35.2011400,-106.5478940,1657.6,46881.7,4.620,140,97,228
2026-07-25T14:41:46Z,35.2011379,-106.5478410,1657.8,46886.6,4.680,140,97,247
2026-07-25T14:41:47Z,35.2011359,-106.5477889,1658.0,46891.3,4.700,140,99,257
2026-07-25T14:41:48Z,35.2011330,-106.5477350,1658.2,46896.2,4.760,140,100,210
2026-07-25T14:41:49Z,35.2011290,-106.5476830,1658.4,46900.9,4.760,139,99,203
2026-07-25T14:41:50Z,35.2011239,-106.5476330,1658.4,46905.6,4.780,140,98,200
2026-07-25T14:41:51Z,35.2011209,-106.5475830,1658.6,46910.2,4.720,139,97,211
2026-07-25T14:41:52Z,35.2011190,-106.5475330,1658.6,46914.9,4.720,139,97,215
2026-07-25T14:41:53Z,35.2011190,-106.5474820,1658.8,46919.6,4.680,139,97,221
2026-07-25T14:41:54Z,35.2011190,-106.5474289,1658.8,46924.3,4.680,139,97,225
2026-07-25T14:41:55Z,35.2011180,-106.5473770,1659.0,46929.0,4.680,140,97,226
2026-07-25T14:41:56Z,35.2011170,-106.5473249,1659.2,46933.7,4.700,139,97,216
2026-07-25T14:41:57Z,35.2011130,-106.5472740,1659.4,46938.4,4.700,139,97,216
2026-07-25T14:41:58Z,35.2011099,-106.5472200,1659.8,46943.2,4.720,139,97,199
2026-07-25T14:41:59Z,35.2011089,-106.5471679,1659.8,46947.8,4.700,139,97,222
2026-07-25T14:42:00Z,35.2011079,-106.5471150,1660.0,46952.5,4.700,139,97,207
2026-07-25T14:42:01Z,35.2011079,-106.5470659,1660.0,46957.1,4.680,139,96,204
2026-07-25T14:42:02Z,35.2011069,-106.5470170,1660.2,46961.7,4.660,139,95,209
2026-07-25T14:42:03Z,35.2011030,-106.5469650,1660.2,46966.4,4.640,139,95,223
2026-07-25T14:42:04Z,35.2011000,-106.5469129,1660.6,46971.0,4.640,139,96,236
2026-07-25T14:42:05Z,35.2010980,-106.5468630,1660.8,46975.7,4.640,139,97,252
2026-07-25T14:42:06Z,35.2010970,-106.5468099,1660.8,46980.4,4.660,139,98,239
2026-07-25T14:42:07Z,35.2010970,-106.5467590,1661.0,46985.2,4.700,139,98,215
2026-07-25T14:42:08Z,35.2010970,-106.5467060,1661.2,46989.9,4.700,139,98,217
2026-07-25T14:42:09Z,35.2010959,-106.5466550,1661.4,46994.6,4.720,139,98,204
2026-07-25T14:42:10Z,35.2010939,-106.5466030,1661.6,46999.3,4.720,139,98,207
2026-07-25T14:42:11Z,35.2010929,-106.5465519,1661.8,47003.8,4.680,139,98,207
2026-07-25T14:42:12Z,35.2010919,-106.5465020,1661.8,47008.5,4.660,139,97,201
2026-07-25T14:42:13Z,35.2010949,-106.5464509,1662.0,47013.1,4.640,139,97,204
2026-07-25T14:42:14Z,35.2010980,-106.5463990,1662.2,47017.8,4.640,139,97,197
2026-07-25T14:42:15Z,35.2011020,-106.5463469,1662.2,47022.3,4.600,139,97,200
2026-07-25T14:42:16Z,35.2011030,-106.5462939,1662.6,47027.0,4.640,139,97,201
2026-07-25T14:42:17Z,35.2011020,-106.5462430,1662.6,47031.7,4.640,139,97,200
2026-07-25T14:42:18Z,35.2011010,-106.5461929,1663.0,47036.4,4.660,140,97,195
2026-07-25T14:42:19Z,35.2011010,-106.5461430,1663.0,47041.1,4.660,139,97,186
2026-07-25T14:42:20Z,35.2011010,-106.5460929,1663.2,47045.6,4.660,140,97,190
2026-07-25T14:42:21Z,35.2011000,-106.5460430,1663.4,47050.3,4.660,140,97,199
2026-07-25T14:42:22Z,35.2011010,-106.5459929,1663.4,47054.9,4.640,140,97,194
2026-07-25T14:42:23Z,35.2011000,-106.5459440,1663.4,47059.6,4.640,139,97,195
2026-07-25T14:42:24Z,35.2011010,-106.5458919,1663.6,47064.2,4.620,139,97,193
2026-07-25T14:42:25Z,35.2011000,-106.5458420,1663.6,47068.8,4.640,139,97,201
2026-07-25T14:42:26Z,35.2011010,-106.5457899,1663.8,47073.5,4.640,140,97,202
2026-07-25T14:42:27Z,35.2011040,-106.5457380,1664.0,47078.1,4.640,140,97,190
2026-07-25T14:42:28Z,35.2011059,-106.5456879,1664.0,47082.5,4.580,140,96,189
2026-07-25T14:42:29Z,35.2011059,-106.5456380,1664.0,47087.1,4.580,139,95,198
2026-07-25T14:42:30Z,35.2011049,-106.5455859,1664.2,47091.5,4.540,139,95,197
2026-07-25T14:42:31Z,35.2011040,-106.5455390,1664.2,47096.0,4.500,139,95,196
2026-07-25T14:42:32Z,35.2011049,-106.5454889,1664.4,47100.5,4.480,139,95,233
2026-07-25T14:42:33Z,35.2011069,-106.5454390,1664.6,47105.0,4.500,139,95,206
2026-07-25T14:42:34Z,35.2011069,-106.5453900,1664.8,47109.5,4.480,139,94,194
2026-07-25T14:42:35Z,35.2011089,-106.5453400,1664.8,47113.9,4.480,139,94,184
2026-07-25T14:42:36Z,35.2011110,-106.5452890,1665.2,47118.4,4.480,138,94,202
2026-07-25T14:42:37Z,35.2011120,-106.5452289,1665.4,47123.0,4.500,138,94,217
2026-07-25T14:42:38Z,35.2011120,-106.5451890,1665.6,47127.4,4.480,138,94,206
2026-07-25T14:42:39Z,35.2011150,-106.5451399,1665.6,47132.0,4.500,138,94,195
2026-07-25T14:42:40Z,35.2011180,-106.5450910,1665.8,47136.5,4.520,138,93,194
2026-07-25T14:42:41Z,35.2011180,-106.5450399,1666.2,47141.1,4.540,138,93,229
2026-07-25T14:42:42Z,35.2011160,-106.5449880,1666.2,47145.6,4.520,138,94,222
2026-07-25T14:42:43Z,35.2011140,-106.5449370,1666.6,47150.2,4.560,138,95,227
2026-07-25T14:42:44Z,35.2011160,-106.5448860,1666.6,47154.9,4.580,138,96,228
2026-07-25T14:42:45Z,35.2011180,-106.5448350,1666.8,47159.4,4.580,138,96,221
2026-07-25T14:42:46Z,35.2011199,-106.5447850,1667.0,47164.0,4.580,138,96,222
2026-07-25T14:42:47Z,35.2011199,-106.5447350,1667.0,47168.6,4.600,138,96,208
2026-07-25T14:42:48Z,35.2011190,-106.5446850,1667.2,47173.2,4.600,138,96,223
2026-07-25T14:42:49Z,35.2011209,-106.5446320,1667.4,47177.8,4.580,138,96,230
2026-07-25T14:42:50Z,35.2011209,-106.5445809,1667.6,47182.4,4.600,138,97,210
2026-07-25T14:42:51Z,35.2011249,-106.5445310,1667.6,47187.0,4.600,138,97,207
2026-07-25T14:42:52Z,35.2011290,-106.5444799,1667.6,47191.6,4.600,138,96,207
2026-07-25T14:42:53Z,35.2011330,-106.5444300,1667.8,47196.1,4.580,138,95,204
2026-07-25T14:42:54Z,35.2011349,-106.5443789,1668.0,47200.7,4.580,138,95,221
2026-07-25T14:42:55Z,35.2011349,-106.5443290,1668.2,47205.3,4.580,138,95,213
2026-07-25T14:42:56Z,35.2011349,-106.5442779,1668.2,47209.9,4.580,139,96,223
2026-07-25T14:42:57Z,35.2011349,-106.5442260,1668.4,47214.6,4.600,139,96,226
2026-07-25T14:42:58Z,35.2011359,-106.5441740,1668.6,47219.1,4.600,139,97,209
2026-07-25T14:42:59Z,35.2011369,-106.5441229,1668.8,47223.8,4.620,139,97,206
2026-07-25T14:43:00Z,35.2011349,-106.5440710,1668.8,47228.4,4.620,139,97,215
2026-07-25T14:43:01Z,35.2011359,-106.5440199,1669.0,47233.0,4.620,139,96,213
2026-07-25T14:43:02Z,35.2011359,-106.5439690,1669.0,47237.6,4.600,139,97,218
2026-07-25T14:43:03Z,35.2011369,-106.5439189,1669.2,47242.3,4.640,139,97,224
2026-07-25T14:43:04Z,35.2011389,-106.5438670,1669.6,47247.0,4.640,139,97,219
2026-07-25T14:43:05Z,35.2011410,-106.5438159,1669.6,47251.6,4.640,139,98,220
2026-07-25T14:43:06Z,35.2011420,-106.5437640,1669.8,47256.4,4.680,139,97,209
2026-07-25T14:43:07Z,35.2011420,-106.5437130,1670.0,47261.1,4.700,139,98,213
2026-07-25T14:43:08Z,35.2011440,-106.5436609,1670.2,47265.8,4.700,140,98,215
2026-07-25T14:43:09Z,35.2011470,-106.5436080,1670.4,47270.5,4.700,140,98,215
2026-07-25T14:43:10Z,35.2011499,-106.5435569,1670.6,47275.3,4.740,140,99,215
2026-07-25T14:43:11Z,35.2011519,-106.5434940,1670.8,47280.0,4.720,140,99,207
2026-07-25T14:43:12Z,35.2011509,-106.5434520,1670.8,47284.8,4.740,140,98,213
2026-07-25T14:43:13Z,35.2011499,-106.5433999,1671.0,47289.4,4.720,140,98,208
2026-07-25T14:43:14Z,35.2011489,-106.5433490,1671.2,47294.1,4.720,140,98,197
2026-07-25T14:43:15Z,35.2011489,-106.5432979,1671.4,47298.8,4.700,139,98,204
2026-07-25T14:43:16Z,35.2011499,-106.5432459,1671.6,47303.6,4.720,139,98,190
2026-07-25T14:43:17Z,35.2011550,-106.5431930,1671.6,47308.1,4.660,140,97,196
2026-07-25T14:43:18Z,35.2011570,-106.5431419,1671.8,47312.7,4.660,139,96,193
2026-07-25T14:43:19Z,35.2011570,-106.5430940,1671.8,47317.3,4.640,140,95,198
2026-07-25T14:43:20Z,35.2011580,-106.5430439,1672.0,47321.9,4.620,139,94,210
2026-07-25T14:43:21Z,35.2011580,-106.5429950,1672.2,47326.5,4.580,139,94,217
2026-07-25T14:43:22Z,35.2011570,-106.5429439,1672.4,47331.0,4.580,139,95,217
2026-07-25T14:43:23Z,35.2011580,-106.5428940,1672.6,47335.7,4.600,139,95,212
2026-07-25T14:43:24Z,35.2011600,-106.5428429,1672.8,47340.4,4.620,139,96,230
2026-07-25T14:43:25Z,35.2011629,-106.5427920,1673.0,47345.0,4.620,139,97,211
2026-07-25T14:43:26Z,35.2011669,-106.5427399,1673.0,47349.7,4.640,139,97,214
2026-07-25T14:43:27Z,35.2011679,-106.5426870,1673.2,47354.4,4.680,139,97,222
2026-07-25T14:43:28Z,35.2011659,-106.5426360,1673.2,47359.2,4.700,139,98,221
2026-07-25T14:43:29Z,35.2011620,-106.5425850,1673.4,47363.9,4.700,138,98,220
2026-07-25T14:43:30Z,35.2011610,-106.5425320,1673.4,47368.8,4.760,139,99,220
2026-07-25T14:43:31Z,35.2011620,-106.5424789,1673.6,47373.6,4.780,139,99,217
2026-07-25T14:43:32Z,35.2011629,-106.5424259,1673.8,47378.3,4.780,139,99,219
2026-07-25T14:43:33Z,35.2011639,-106.5423740,1673.6,47383.0,4.760,138,99,211
2026-07-25T14:43:34Z,35.2011669,-106.5423209,1673.8,47387.9,4.800,138,99,223
2026-07-25T14:43:35Z,35.2011679,-106.5422690,1673.8,47392.6,4.760,138,98,219
2026-07-25T14:43:36Z,35.2011669,-106.5422180,1674.2,47397.5,4.780,138,98,218
2026-07-25T14:43:37Z,35.2011649,-106.5421659,1674.2,47402.1,4.760,138,98,218
2026-07-25T14:43:38Z,35.2011629,-106.5421140,1674.4,47406.6,4.720,138,97,217
2026-07-25T14:43:39Z,35.2011639,-106.5420619,1674.6,47411.3,4.680,138,97,224
2026-07-25T14:43:40Z,35.2011659,-106.5420110,1674.8,47415.8,4.640,138,96,232
2026-07-25T14:43:41Z,35.2011679,-106.5419609,1674.8,47420.3,4.560,138,96,231
2026-07-25T14:43:42Z,35.2011700,-106.5419120,1674.8,47424.9,4.560,139,96,222
2026-07-25T14:43:43Z,35.2011710,-106.5418599,1675.2,47429.6,4.600,139,96,244
2026-07-25T14:43:44Z,35.2011720,-106.5418079,1675.2,47434.3,4.600,139,97,225
2026-07-25T14:43:45Z,35.2011730,-106.5417560,1675.4,47438.9,4.620,140,97,216
2026-07-25T14:43:46Z,35.2011769,-106.5417059,1675.6,47443.6,4.660,140,96,212
2026-07-25T14:43:47Z,35.2011799,-106.5416550,1675.6,47448.2,4.660,140,96,230
2026-07-25T14:43:48Z,35.2011830,-106.5416039,1676.0,47452.9,4.660,140,97,250
2026-07-25T14:43:49Z,35.2011850,-106.5415530,1676.0,47457.5,4.640,140,97,224
2026-07-25T14:43:50Z,35.2011840,-106.5415009,1676.4,47462.4,4.700,140,98,261
2026-07-25T14:43:51Z,35.2011830,-106.5414490,1676.4,47467.1,4.700,140,100,255
2026-07-25T14:43:52Z,35.2011819,-106.5413950,1676.6,47472.1,4.780,140,101,245
2026-07-25T14:43:53Z,35.2011819,-106.5413420,1676.6,47477.0,4.820,140,101,213
2026-07-25T14:43:54Z,35.2011819,-106.5412889,1677.0,47481.8,4.860,140,101,226
2026-07-25T14:43:55Z,35.2011819,-106.5412350,1677.0,47486.5,4.820,140,100,213
2026-07-25T14:43:56Z,35.2011819,-106.5411839,1677.2,47491.3,4.840,140,99,208
2026-07-25T14:43:57Z,35.2011840,-106.5411319,1677.4,47496.0,4.780,140,99,214
2026-07-25T14:43:58Z,35.2011860,-106.5410810,1677.6,47500.7,4.740,140,98,214
2026-07-25T14:43:59Z,35.2011880,-106.5410289,1677.6,47505.4,4.720,140,97,220
2026-07-25T14:44:00Z,35.2011880,-106.5409770,1677.8,47510.2,4.740,140,97,214
2026-07-25T14:44:01Z,35.2011890,-106.5409250,1678.0,47514.8,4.700,141,97,215
2026-07-25T14:44:02Z,35.2011890,-106.5408740,1678.0,47519.4,4.680,141,97,222
2026-07-25T14:44:03Z,35.2011880,-106.5408220,1678.2,47524.0,4.660,141,97,222
2026-07-25T14:44:04Z,35.2011890,-106.5407719,1678.4,47528.7,4.660,141,97,223
2026-07-25T14:44:05Z,35.2011910,-106.5407220,1678.4,47533.3,4.620,141,96,215
2026-07-25T14:44:06Z,35.2011919,-106.5406709,1678.8,47537.7,4.580,141,96,217
2026-07-25T14:44:07Z,35.2011919,-106.5406200,1678.8,47542.3,4.580,140,95,205
2026-07-25T14:44:08Z,35.2011900,-106.5405699,1679.0,47546.8,4.560,140,95,205
2026-07-25T14:44:09Z,35.2011880,-106.5405190,1679.0,47551.4,4.540,140,96,227
2026-07-25T14:44:10Z,35.2011910,-106.5404679,1679.4,47555.9,4.520,140,96,224
2026-07-25T14:44:11Z,35.2011939,-106.5404180,1679.4,47560.6,4.580,140,97,226
2026-07-25T14:44:12Z,35.2011969,-106.5403669,1679.6,47565.3,4.600,140,96,214
2026-07-25T14:44:13Z,35.2011980,-106.5403150,1679.8,47569.9,4.620,140,95,234
2026-07-25T14:44:14Z,35.2011969,-106.5402529,1679.8,47574.4,4.600,140,96,251
2026-07-25T14:44:15Z,35.2011980,-106.5402120,1679.8,47579.1,4.640,140,96,229
2026-07-25T14:44:16Z,35.2012000,-106.5401620,1680.0,47583.6,4.600,140,95,214
2026-07-25T14:44:17Z,35.2012040,-106.5401120,1680.4,47588.1,4.560,140,94,232
2026-07-25T14:44:18Z,35.2012079,-106.5400629,1680.6,47592.7,4.560,140,95,222
2026-07-25T14:44:19Z,35.2012079,-106.5400130,1680.8,47597.2,4.560,140,95,220
2026-07-25T14:44:20Z,35.2012069,-106.5399629,1681.2,47601.8,4.540,139,95,220
2026-07-25T14:44:21Z,35.2012040,-106.5399130,1681.2,47606.4,4.560,140,95,220
2026-07-25T14:44:22Z,35.2012030,-106.5398619,1681.4,47611.0,4.580,139,97,220
2026-07-25T14:44:23Z,35.2012040,-106.5398110,1681.6,47615.8,4.620,140,97,236
2026-07-25T14:44:24Z,35.2012069,-106.5397600,1681.8,47620.4,4.640,140,97,221
2026-07-25T14:44:25Z,35.2012089,-106.5397079,1682.0,47625.1,4.660,140,97,217
2026-07-25T14:44:26Z,35.2012099,-106.5396570,1682.2,47629.8,4.680,141,97,220
2026-07-25T14:44:27Z,35.2012089,-106.5396059,1682.2,47634.3,4.660,141,96,212
2026-07-25T14:44:28Z,35.2012099,-106.5395540,1682.2,47638.9,4.620,141,96,219
2026-07-25T14:44:29Z,35.2012140,-106.5395049,1682.8,47643.4,4.600,141,95,211
2026-07-25T14:44:30Z,35.2012190,-106.5394570,1682.8,47648.0,4.580,141,94,232
2026-07-25T14:44:31Z,35.2012239,-106.5394080,1683.0,47652.3,4.500,141,94,249
2026-07-25T14:44:32Z,35.2012239,-106.5393589,1683.0,47656.9,4.520,142,94,205
2026-07-25T14:44:33Z,35.2012209,-106.5393090,1683.2,47661.4,4.500,142,94,209
2026-07-25T14:44:34Z,35.2012180,-106.5392579,1683.2,47665.9,4.500,142,95,209
2026-07-25T14:44:35Z,35.2012150,-106.5392070,1683.4,47670.5,4.500,142,95,218
2026-07-25T14:44:36Z,35.2012160,-106.5391569,1683.8,47674.9,4.520,142,95,228
2026-07-25T14:44:37Z,35.2012160,-106.5391070,1683.8,47679.5,4.520,142,94,226
2026-07-25T14:44:38Z,35.2012160,-106.5390569,1684.0,47684.0,4.520,143,94,226
2026-07-25T14:44:39Z,35.2012160,-106.5390060,1684.0,47688.6,4.540,142,94,215
2026-07-25T14:44:40Z,35.2012170,-106.5389559,1684.0,47693.0,4.500,142,94,220
2026-07-25T14:44:41Z,35.2012180,-106.5389060,1684.4,47697.5,4.520,142,95,208
2026-07-25T14:44:42Z,35.2012190,-106.5388559,1684.4,47702.1,4.520,142,95,194
2026-07-25T14:44:43Z,35.2012199,-106.5388080,1684.6,47706.6,4.520,142,94,204
2026-07-25T14:44:44Z,35.2012199,-106.5387579,1684.6,47711.0,4.480,143,95,219
2026-07-25T14:44:45Z,35.2012229,-106.5387070,1684.8,47715.6,4.520,143,95,227
2026-07-25T14:44:46Z,35.2012260,-106.5386579,1684.8,47720.1,4.520,143,94,211
2026-07-25T14:44:47Z,35.2012260,-106.5386080,1685.0,47724.5,4.480,142,94,220
2026-07-25T14:44:48Z,35.2012270,-106.5385590,1685.2,47729.1,4.500,143,94,242
2026-07-25T14:44:49Z,35.2012270,-106.5385089,1685.4,47733.6,4.520,142,95,231
2026-07-25T14:44:50Z,35.2012300,-106.5384580,1685.6,47738.2,4.520,142,95,219
2026-07-25T14:44:51Z,35.2012310,-106.5384089,1685.8,47742.6,4.500,142,94,209
2026-07-25T14:44:52Z,35.2012330,-106.5383590,1686.2,47747.1,4.520,142,93,211
2026-07-25T14:44:53Z,35.2012340,-106.5383109,1686.2,47751.4,4.460,142,92,214
2026-07-25T14:44:54Z,35.2012349,-106.5382649,1686.6,47755.8,4.440,141,91,218
2026-07-25T14:44:55Z,35.2012359,-106.5382170,1686.6,47760.2,4.400,141,91,214
2026-07-25T14:44:56Z,35.2012379,-106.5381679,1686.8,47764.5,4.380,141,91,213
2026-07-25T14:44:57Z,35.2012399,-106.5381200,1687.0,47768.7,4.320,141,89,213
2026-07-25T14:44:58Z,35.2012410,-106.5380720,1687.2,47773.1,4.340,141,89,223
2026-07-25T14:44:59Z,35.2012410,-106.5380249,1687.4,47777.3,4.300,141,88,197
2026-07-25T14:45:00Z,35.2012379,-106.5379789,1687.4,47781.6,4.280,141,89,235
2026-07-25T14:45:01Z,35.2012349,-106.5379330,1687.6,47786.0,4.300,141,89,239
2026-07-25T14:45:02Z,35.2012369,-106.5378870,1687.6,47790.3,4.320,141,89,239
2026-07-25T14:45:03Z,35.2012389,-106.5378390,1688.0,47794.6,4.300,141,89,238
2026-07-25T14:45:04Z,35.2012410,-106.5377929,1688.2,47798.8,4.300,141,89,228
2026-07-25T14:45:05Z,35.2012450,-106.5377469,1688.4,47803.1,4.300,141,88,231
2026-07-25T14:45:06Z,35.2012499,-106.5376990,1688.4,47807.4,4.280,141,88,217
2026-07-25T14:45:07Z,35.2012539,-106.5376430,1688.4,47811.6,4.260,141,89,210
2026-07-25T14:45:08Z,35.2012560,-106.5376069,1688.6,47815.8,4.240,141,88,217
2026-07-25T14:45:09Z,35.2012580,-106.5375609,1688.6,47820.1,4.260,141,88,232
2026-07-25T14:45:10Z,35.2012600,-106.5375130,1689.0,47824.2,4.220,141,89,233
2026-07-25T14:45:11Z,35.2012610,-106.5374670,1689.0,47828.5,4.220,141,89,227
2026-07-25T14:45:12Z,35.2012659,-106.5374199,1689.2,47833.0,4.280,141,89,242
2026-07-25T14:45:13Z,35.2012700,-106.5373729,1689.4,47837.3,4.300,141,91,242
2026-07-25T14:45:14Z,35.2012710,-106.5373250,1689.4,47841.8,4.340,141,91,228
2026-07-25T14:45:15Z,35.2012730,-106.5372749,1689.6,47846.2,4.400,141,92,228
2026-07-25T14:45:16Z,35.2012760,-106.5372260,1689.8,47850.6,4.420,141,92,232
2026-07-25T14:45:17Z,35.2012799,-106.5371780,1690.0,47855.0,4.400,140,92,216
2026-07-25T14:45:18Z,35.2012860,-106.5371299,1690.2,47859.5,4.440,140,93,216
2026-07-25T14:45:19Z,35.2012939,-106.5370810,1690.4,47863.9,4.420,140,93,187
2026-07-25T14:45:20Z,35.2013020,-106.5370309,1690.4,47868.3,4.420,141,92,196
2026-07-25T14:45:21Z,35.2013060,-106.5369830,1690.6,47872.7,4.420,141,93,221
2026-07-25T14:45:22Z,35.2013109,-106.5369350,1690.8,47877.2,4.440,140,93,212
2026-07-25T14:45:23Z,35.2013180,-106.5368869,1691.0,47881.7,4.440,140,93,194
2026-07-25T14:45:24Z,35.2013239,-106.5368380,1691.2,47886.1,4.440,140,93,183
2026-07-25T14:45:25Z,35.2013310,-106.5367889,1691.4,47890.6,4.460,139,93,194
2026-07-25T14:45:26Z,35.2013399,-106.5367320,1691.6,47895.0,4.460,139,93,197
2026-07-25T14:45:27Z,35.2013470,-106.5366930,1691.8,47899.5,4.460,139,92,205
2026-07-25T14:45:28Z,35.2013590,-106.5366449,1692.0,47903.9,4.440,139,93,199
2026-07-25T14:45:29Z,35.2013700,-106.5365960,1692.0,47908.5,4.480,139,93,229
2026-07-25T14:45:30Z,35.2013789,-106.5365480,1692.2,47912.9,4.460,138,94,186
2026-07-25T14:45:31Z,35.2013850,-106.5364999,1692.6,47917.3,4.460,138,93,207
2026-07-25T14:45:32Z,35.2013910,-106.5364520,1692.6,47921.7,4.440,138,91,206
2026-07-25T14:45:33Z,35.2013990,-106.5364050,1692.8,47926.1,4.440,139,91,222
2026-07-25T14:45:34Z,35.2014099,-106.5363580,1692.8,47930.6,4.420,138,92,204
2026-07-25T14:45:35Z,35.2014190,-106.5363109,1693.0,47935.1,4.440,139,93,181
2026-07-25T14:45:36Z,35.2014290,-106.5362630,1693.2,47939.6,4.460,139,94,201
2026-07-25T14:45:37Z,35.2014379,-106.5362160,1693.4,47944.1,4.480,139,94,190
2026-07-25T14:45:38Z,35.2014490,-106.5361689,1693.4,47948.7,4.520,139,95,183
2026-07-25T14:45:39Z,35.2014610,-106.5361190,1693.6,47953.2,4.520,139,95,183
2026-07-25T14:45:40Z,35.2014740,-106.5360720,1693.8,47957.8,4.540,139,95,190
2026-07-25T14:45:41Z,35.2014850,-106.5360229,1693.8,47962.4,4.560,139,95,183
2026-07-25T14:45:42Z,35.2014979,-106.5359750,1694.0,47966.9,4.560,139,97,198
2026-07-25T14:45:43Z,35.2015099,-106.5359259,1694.0,47971.7,4.600,139,99,213
2026-07-25T14:45:44Z,35.2015229,-106.5358760,1694.4,47976.5,4.660,139,99,199
2026-07-25T14:45:45Z,35.2015330,-106.5358249,1694.4,47981.3,4.700,139,100,217
2026-07-25T14:45:46Z,35.2015460,-106.5357750,1694.4,47986.0,4.720,139,100,214
2026-07-25T14:45:47Z,35.2015590,-106.5357250,1694.6,47990.7,4.760,139,100,188
2026-07-25T14:45:48Z,35.2015689,-106.5356750,1694.8,47995.6,4.780,138,100,182
2026-07-25T14:45:49Z,35.2015839,-106.5356260,1694.8,48000.3,4.760,138,99,185
2026-07-25T14:45:50Z,35.2015989,-106.5355769,1694.8,48004.9,4.720,138,97,172
2026-07-25T14:45:51Z,35.2016109,-106.5355290,1695.0,48009.3,4.660,138,95,173
2026-07-25T14:45:52Z,35.2016220,-106.5354810,1695.0,48013.9,4.640,139,95,204
2026-07-25T14:45:53Z,35.2016300,-106.5354310,1695.2,48018.4,4.560,139,94,155
2026-07-25T14:45:54Z,35.2016370,-106.5353830,1695.2,48022.9,4.520,139,93,169
2026-07-25T14:45:55Z,35.2016470,-106.5353349,1695.4,48027.3,4.480,139,94,204
2026-07-25T14:45:56Z,35.2016569,-106.5352879,1695.6,48031.8,4.500,139,93,198
2026-07-25T14:45:57Z,35.2016669,-106.5352400,1695.6,48036.2,4.460,139,93,191
2026-07-25T14:45:58Z,35.2016760,-106.5351919,1695.8,48040.8,4.480,139,93,202
2026-07-25T14:45:59Z,35.2016880,-106.5351449,1695.8,48045.2,4.460,140,93,226
2026-07-25T14:46:00Z,35.2016989,-106.5350960,1696.0,48049.7,4.480,140,93,213
2026-07-25T14:46:01Z,35.2017080,-106.5350479,1696.2,48054.1,4.460,140,93,188
2026-07-25T14:46:02Z,35.2017160,-106.5350009,1696.4,48058.6,4.480,140,93,177
2026-07-25T14:46:03Z,35.2017269,-106.5349540,1696.6,48063.0,4.440,140,92,190
2026-07-25T14:46:04Z,35.2017389,-106.5349070,1696.8,48067.2,4.400,140,91,209
2026-07-25T14:46:05Z,35.2017470,-106.5348700,1697.0,48071.4,4.340,140,89,199
2026-07-25T14:46:06Z,35.2017549,-106.5348149,1697.0,48075.6,4.300,140,88,193
2026-07-25T14:46:07Z,35.2017600,-106.5347670,1697.2,48079.9,4.260,141,89,186
2026-07-25T14:46:08Z,35.2017660,-106.5347210,1697.2,48084.3,4.260,140,90,203
2026-07-25T14:46:09Z,35.2017750,-106.5346739,1697.4,48088.6,4.280,140,90,250
2026-07-25T14:46:10Z,35.2017839,-106.5346279,1697.6,48093.0,4.320,140,92,256
2026-07-25T14:46:11Z,35.2017930,-106.5345810,1697.6,48097.4,4.360,140,91,233
2026-07-25T14:46:12Z,35.2017989,-106.5345340,1698.0,48101.7,4.360,140,91,223
2026-07-25T14:46:13Z,35.2018020,-106.5344869,1697.8,48106.3,4.400,140,91,202
2026-07-25T14:46:14Z,35.2018040,-106.5344390,1698.2,48110.6,4.400,140,93,200
2026-07-25T14:46:15Z,35.2018090,-106.5343910,1698.2,48115.1,4.420,140,93,207
2026-07-25T14:46:16Z,35.2018090,-106.5343910,1698.2,48119.5,4.420,139,93,207
2026-07-25T14:46:17Z,35.2018129,-106.5343510,1698.2,48123.9,4.440,140,92,207
2026-07-25T14:46:18Z,35.2018249,-106.5342470,1698.4,48128.1,4.360,140,92,217
2026-07-25T14:46:19Z,35.2018279,-106.5341989,1698.8,48132.5,4.380,140,92,219
2026-07-25T14:46:20Z,35.2018310,-106.5341490,1698.8,48137.0,4.380,140,92,230
2026-07-25T14:46:21Z,35.2018350,-106.5341099,1699.0,48141.6,4.420,140,94,242
2026-07-25T14:46:22Z,35.2018419,-106.5340559,1699.4,48146.1,4.440,140,93,246
2026-07-25T14:46:23Z,35.2018490,-106.5340020,1699.4,48150.6,4.500,140,92,252
2026-07-25T14:46:24Z,35.2018539,-106.5339529,1699.6,48155.1,4.520,140,93,241
2026-07-25T14:46:25Z,35.2018549,-106.5339040,1699.8,48159.5,4.500,140,94,228
2026-07-25T14:46:26Z,35.2018569,-106.5338549,1700.0,48164.1,4.500,140,95,224
2026-07-25T14:46:27Z,35.2018569,-106.5338069,1700.0,48168.7,4.520,140,95,243
2026-07-25T14:46:28Z,35.2018569,-106.5337560,1700.4,48173.3,4.540,140,95,230
2026-07-25T14:46:29Z,35.2018590,-106.5337059,1700.4,48177.8,4.540,139,95,217
2026-07-25T14:46:30Z,35.2018579,-106.5336560,1700.6,48182.4,4.580,140,95,221
2026-07-25T14:46:31Z,35.2018590,-106.5336069,1700.6,48186.9,4.560,140,95,221
2026-07-25T14:46:32Z,35.2018620,-106.5335570,1700.8,48191.3,4.520,140,93,224
2026-07-25T14:46:33Z,35.2018640,-106.5335079,1701.0,48195.8,4.500,139,93,234
2026-07-25T14:46:34Z,35.2018650,-106.5334469,1701.2,48200.4,4.520,140,94,244
2026-07-25T14:46:35Z,35.2018630,-106.5334079,1701.4,48204.9,4.500,140,95,257
2026-07-25T14:46:36Z,35.2018590,-106.5333590,1701.6,48209.6,4.540,139,97,214
2026-07-25T14:46:37Z,35.2018559,-106.5333079,1701.8,48214.2,4.580,140,97,235
2026-07-25T14:46:38Z,35.2018569,-106.5332560,1701.8,48218.9,4.620,139,97,240
2026-07-25T14:46:39Z,35.2018559,-106.5332049,1702.0,48223.3,4.580,139,96,240
2026-07-25T14:46:40Z,35.2018520,-106.5331550,1702.2,48227.8,4.580,139,95,228
2026-07-25T14:46:41Z,35.2018480,-106.5331059,1702.4,48232.4,4.560,139,95,235
2026-07-25T14:46:42Z,35.2018429,-106.5330550,1702.6,48237.2,4.600,139,95,230
2026-07-25T14:46:43Z,35.2018370,-106.5330039,1702.6,48241.8,4.580,139,96,230
2026-07-25T14:46:44Z,35.2018320,-106.5329530,1702.6,48246.4,4.620,140,96,239
2026-07-25T14:46:45Z,35.2018259,-106.5329029,1702.8,48251.2,4.680,139,98,225
2026-07-25T14:46:46Z,35.2018220,-106.5328500,1703.0,48255.8,4.680,139,98,223
2026-07-25T14:46:47Z,35.2018180,-106.5327980,1703.0,48260.6,4.680,140,97,226
2026-07-25T14:46:48Z,35.2018139,-106.5327469,1703.2,48265.1,4.660,140,97,228
2026-07-25T14:46:49Z,35.2018099,-106.5326970,1703.2,48269.7,4.660,140,95,230
2026-07-25T14:46:50Z,35.2018060,-106.5326469,1703.4,48274.3,4.620,140,94,248
2026-07-25T14:46:51Z,35.2017999,-106.5325989,1703.6,48278.8,4.600,140,94,230
2026-07-25T14:46:52Z,35.2017940,-106.5325500,1703.6,48283.3,4.540,140,94,239
2026-07-25T14:46:53Z,35.2017809,-106.5324920,1704.0,48287.9,4.560,140,94,235
2026-07-25T14:46:54Z,35.2017730,-106.5324530,1704.2,48292.4,4.540,141,94,222
2026-07-25T14:46:55Z,35.2017650,-106.5324050,1704.4,48296.8,4.500,140,95,231
2026-07-25T14:46:56Z,35.2017580,-106.5323569,1704.6,48301.4,4.520,140,95,259
2026-07-25T14:46:57Z,35.2017520,-106.5323100,1704.6,48305.9,4.520,140,94,235
2026-07-25T14:46:58Z,35.2017460,-106.5322610,1704.8,48310.2,4.460,140,94,208
2026-07-25T14:46:59Z,35.2017399,-106.5322119,1704.8,48314.6,4.440,140,91,208
2026-07-25T14:47:00Z,35.2017320,-106.5321650,1705.2,48318.9,4.420,140,90,217
2026-07-25T14:47:01Z,35.2017230,-106.5321180,1705.2,48323.1,4.340,140,88,191
2026-07-25T14:47:02Z,35.2017160,-106.5320709,1705.4,48327.2,4.260,140,87,209
2026-07-25T14:47:03Z,35.2017099,-106.5320259,1705.6,48331.4,4.240,140,87,202
2026-07-25T14:47:04Z,35.2017030,-106.5319809,1705.8,48335.4,4.160,140,87,202
2026-07-25T14:47:05Z,35.2016949,-106.5319360,1706.2,48339.5,4.120,140,87,200
2026-07-25T14:47:06Z,35.2016849,-106.5318910,1706.2,48343.7,4.120,140,86,200
2026-07-25T14:47:07Z,35.2016780,-106.5318460,1706.4,48347.8,4.120,140,86,195
2026-07-25T14:47:08Z,35.2016720,-106.5318000,1706.6,48351.9,4.100,139,85,223
2026-07-25T14:47:09Z,35.2016669,-106.5317529,1706.8,48356.2,4.160,140,87,215
2026-07-25T14:47:10Z,35.2016640,-106.5317069,1706.8,48360.2,4.140,140,86,204
2026-07-25T14:47:11Z,35.2016590,-106.5316630,1707.0,48364.4,4.140,140,86,196
2026-07-25T14:47:12Z,35.2016529,-106.5316190,1707.2,48368.5,4.140,140,85,198
2026-07-25T14:47:13Z,35.2016460,-106.5315659,1707.4,48372.6,4.140,140,85,199
2026-07-25T14:47:14Z,35.2016409,-106.5315300,1707.6,48376.6,4.080,140,85,213
2026-07-25T14:47:15Z,35.2016330,-106.5314860,1707.8,48380.8,4.120,139,85,216
2026-07-25T14:47:16Z,35.2016229,-106.5314410,1708.0,48384.9,4.100,140,86,218
2026-07-25T14:47:17Z,35.2016129,-106.5313959,1708.2,48389.1,4.120,140,87,215
2026-07-25T14:47:18Z,35.2016030,-106.5313499,1708.2,48393.3,4.140,140,88,225
2026-07-25T14:47:19Z,35.2015949,-106.5313049,1708.4,48397.6,4.200,140,89,217
2026-07-25T14:47:20Z,35.2015890,-106.5312590,1708.4,48401.9,4.220,140,89,239
2026-07-25T14:47:21Z,35.2015860,-106.5312120,1708.6,48406.1,4.240,140,88,230
2026-07-25T14:47:22Z,35.2015839,-106.5311660,1708.8,48410.3,4.240,140,88,220
2026-07-25T14:47:23Z,35.2015790,-106.5311209,1709.0,48414.2,4.180,140,87,213
2026-07-25T14:47:24Z,35.2015699,-106.5310779,1709.2,48418.3,4.140,140,86,204
2026-07-25T14:47:25Z,35.2015590,-106.5310349,1709.4,48422.4,4.100,140,85,211
2026-07-25T14:47:26Z,35.2015500,-106.5309909,1709.4,48426.5,4.080,141,85,218
2026-07-25T14:47:27Z,35.2015419,-106.5309469,1709.6,48430.6,4.059,140,85,216
2026-07-25T14:47:28Z,35.2015350,-106.5309010,1709.8,48434.6,4.080,141,85,217
2026-07-25T14:47:29Z,35.2015269,-106.5308580,1710.0,48438.7,4.080,140,85,226
2026-07-25T14:47:30Z,35.2015210,-106.5308130,1710.2,48443.0,4.120,140,86,219
2026-07-25T14:47:31Z,35.2015129,-106.5307690,1710.2,48447.1,4.120,141,86,196
2026-07-25T14:47:32Z,35.2015060,-106.5307250,1710.6,48451.0,4.080,140,85,215
2026-07-25T14:47:33Z,35.2014979,-106.5306800,1710.6,48455.2,4.120,140,85,216
2026-07-25T14:47:34Z,35.2014890,-106.5306340,1711.0,48459.3,4.120,140,85,220
2026-07-25T14:47:35Z,35.2014809,-106.5305889,1711.2,48463.4,4.080,140,86,217
2026-07-25T14:47:36Z,35.2014750,-106.5305449,1711.2,48467.6,4.100,140,86,228
2026-07-25T14:47:37Z,35.2014689,-106.5304999,1711.6,48471.9,4.180,140,87,243
2026-07-25T14:47:38Z,35.2014620,-106.5304540,1711.6,48476.1,4.180,140,88,236
2026-07-25T14:47:39Z,35.2014539,-106.5304070,1711.8,48480.3,4.200,140,88,215
2026-07-25T14:47:40Z,35.2014460,-106.5303610,1711.8,48484.8,4.280,141,90,225
2026-07-25T14:47:41Z,35.2014399,-106.5303149,1712.0,48488.9,4.260,140,90,237
2026-07-25T14:47:42Z,35.2014350,-106.5302689,1712.0,48493.4,4.300,141,90,273
2026-07-25T14:47:43Z,35.2014300,-106.5302220,1712.2,48497.6,4.300,140,90,232
2026-07-25T14:47:44Z,35.2014229,-106.5301760,1712.2,48501.8,4.300,140,90,221
2026-07-25T14:47:45Z,35.2014130,-106.5301299,1712.4,48506.1,4.260,140,90,223
2026-07-25T14:47:46Z,35.2014050,-106.5300839,1712.4,48510.4,4.300,140,89,207
2026-07-25T14:47:47Z,35.2013969,-106.5300389,1712.6,48514.6,4.240,140,89,226
2026-07-25T14:47:48Z,35.2013870,-106.5299940,1712.8,48518.8,4.240,140,88,228
2026-07-25T14:47:49Z,35.2013809,-106.5299490,1713.0,48523.1,4.260,140,88,240
2026-07-25T14:47:50Z,35.2013770,-106.5299040,1713.2,48527.2,4.220,140,88,242
2026-07-25T14:47:51Z,35.2013730,-106.5298580,1713.4,48531.5,4.220,140,87,230
2026-07-25T14:47:52Z,35.2013669,-106.5298139,1713.6,48535.7,4.220,141,87,230
2026-07-25T14:47:53Z,35.2013590,-106.5297689,1713.8,48539.9,4.220,140,88,230
2026-07-25T14:47:54Z,35.2013509,-106.5297229,1713.8,48544.0,4.180,140,88,224
2026-07-25T14:47:55Z,35.2013430,-106.5296770,1714.0,48548.4,4.240,140,89,234
2026-07-25T14:47:56Z,35.2013359,-106.5296320,1714.2,48552.5,4.200,141,89,219
2026-07-25T14:47:57Z,35.2013280,-106.5295860,1714.4,48556.9,4.240,141,90,227
2026-07-25T14:47:58Z,35.2013219,-106.5295379,1714.6,48561.3,4.280,141,90,234
2026-07-25T14:47:59Z,35.2013170,-106.5294900,1714.8,48565.6,4.320,141,91,231
2026-07-25T14:48:00Z,35.2013119,-106.5294420,1715.0,48570.0,4.320,141,91,217
2026-07-25T14:48:01Z,35.2013040,-106.5293949,1715.0,48574.3,4.360,141,90,212
2026-07-25T14:48:02Z,35.2012959,-106.5293480,1715.4,48578.6,4.340,141,90,237
2026-07-25T14:48:03Z,35.2012829,-106.5293030,1715.4,48582.9,4.320,141,90,237
2026-07-25T14:48:04Z,35.2012720,-106.5292580,1715.6,48587.3,4.340,141,91,234
2026-07-25T14:48:05Z,35.2012649,-106.5292110,1715.8,48591.7,4.340,141,91,230
2026-07-25T14:48:06Z,35.2012600,-106.5291629,1716.0,48596.0,4.340,141,91,236
2026-07-25T14:48:07Z,35.2012539,-106.5291160,1716.0,48600.3,4.340,141,90,239
2026-07-25T14:48:08Z,35.2012480,-106.5290690,1716.4,48604.6,4.340,141,90,228
2026-07-25T14:48:09Z,35.2012410,-106.5290219,1716.4,48608.9,4.320,141,90,229
2026-07-25T14:48:10Z,35.2012320,-106.5289759,1716.2,48613.1,4.280,141,89,221
2026-07-25T14:48:11Z,35.2012239,-106.5289300,1716.6,48617.5,4.300,141,90,238
2026-07-25T14:48:12Z,35.2012160,-106.5288830,1716.8,48621.8,4.300,141,91,237
2026-07-25T14:48:13Z,35.2012089,-106.5288359,1717.2,48626.2,4.320,141,91,230
2026-07-25T14:48:14Z,35.2012010,-106.5287879,1717.4,48630.6,4.340,142,91,220
2026-07-25T14:48:15Z,35.2011929,-106.5287410,1717.6,48635.0,4.380,142,91,243
2026-07-25T14:48:16Z,35.2011870,-106.5286940,1717.8,48639.3,4.360,142,91,243
2026-07-25T14:48:17Z,35.2011819,-106.5286469,1717.8,48643.6,4.360,142,90,243
2026-07-25T14:48:18Z,35.2011740,-106.5286000,1718.0,48647.9,4.340,141,89,221
2026-07-25T14:48:19Z,35.2011669,-106.5285530,1718.2,48652.1,4.300,141,90,217
2026-07-25T14:48:20Z,35.2011600,-106.5285060,1718.4,48656.4,4.280,142,89,222
2026-07-25T14:48:21Z,35.2011519,-106.5284510,1718.4,48660.7,4.280,142,89,216
2026-07-25T14:48:22Z,35.2011460,-106.5284139,1718.6,48664.9,4.260,141,88,215
2026-07-25T14:48:23Z,35.2011369,-106.5283680,1718.8,48669.1,4.240,141,88,220
2026-07-25T14:48:24Z,35.2011290,-106.5283220,1719.0,48673.4,4.260,142,88,225
2026-07-25T14:48:25Z,35.2011209,-106.5282760,1719.4,48677.6,4.240,142,88,227
2026-07-25T14:48:26Z,35.2011140,-106.5282289,1719.4,48681.9,4.240,142,89,227
2026-07-25T14:48:27Z,35.2011049,-106.5281839,1719.6,48686.1,4.240,142,89,207
2026-07-25T14:48:28Z,35.2010970,-106.5281370,1719.8,48690.4,4.260,142,89,212
2026-07-25T14:48:29Z,35.2010929,-106.5280920,1720.0,48694.6,4.240,142,88,225
2026-07-25T14:48:30Z,35.2010900,-106.5280460,1720.0,48698.9,4.260,142,89,224
2026-07-25T14:48:31Z,35.2010850,-106.5279999,1720.2,48703.0,4.220,142,88,214
2026-07-25T14:48:32Z,35.2010769,-106.5279549,1720.4,48707.1,4.200,143,87,208
2026-07-25T14:48:33Z,35.2010659,-106.5279109,1720.4,48711.4,4.200,142,86,199
2026-07-25T14:48:34Z,35.2010570,-106.5278660,1720.6,48715.5,4.180,142,86,185
2026-07-25T14:48:35Z,35.2010479,-106.5278230,1720.8,48719.5,4.120,142,86,185
2026-07-25T14:48:36Z,35.2010410,-106.5277800,1721.0,48723.6,4.120,142,85,202
2026-07-25T14:48:37Z,35.2010359,-106.5277350,1721.2,48727.7,4.120,142,85,240
2026-07-25T14:48:38Z,35.2010300,-106.5276910,1721.4,48731.7,4.059,142,85,216
2026-07-25T14:48:39Z,35.2010219,-106.5276470,1721.6,48735.7,4.040,142,84,216
2026-07-25T14:48:40Z,35.2010140,-106.5276030,1721.8,48739.8,4.059,142,85,242
2026-07-25T14:48:41Z,35.2010089,-106.5275600,1722.0,48743.9,4.059,142,86,255
2026-07-25T14:48:42Z,35.2010059,-106.5275140,1722.0,48748.1,4.080,142,86,213
2026-07-25T14:48:43Z,35.2010010,-106.5274679,1722.2,48752.2,4.100,142,87,245
2026-07-25T14:48:44Z,35.2009939,-106.5274229,1722.2,48756.4,4.140,142,88,250
2026-07-25T14:48:45Z,35.2009850,-106.5273760,1722.4,48760.9,4.220,142,90,239
2026-07-25T14:48:46Z,35.2009789,-106.5273290,1722.6,48765.2,4.260,141,89,226
2026-07-25T14:48:47Z,35.2009730,-106.5272840,1722.8,48769.4,4.260,141,89,224
2026-07-25T14:48:48Z,35.2009700,-106.5272369,1723.0,48773.5,4.260,141,88,213
2026-07-25T14:48:49Z,35.2009649,-106.5271919,1723.2,48777.6,4.240,142,88,214
2026-07-25T14:48:50Z,35.2009570,-106.5271470,1723.4,48781.7,4.160,142,87,215
2026-07-25T14:48:51Z,35.2009450,-106.5271020,1723.4,48786.0,4.160,142,87,203
2026-07-25T14:48:52Z,35.2009369,-106.5270580,1723.6,48790.2,4.160,141,87,208
2026-07-25T14:48:53Z,35.2009300,-106.5270120,1723.8,48794.2,4.140,141,87,208
2026-07-25T14:48:54Z,35.2009240,-106.5269680,1724.0,48798.4,4.160,142,86,265
2026-07-25T14:48:55Z,35.2009209,-106.5269240,1724.2,48802.6,4.180,142,87,236
2026-07-25T14:48:56Z,35.2009160,-106.5268789,1724.4,48806.7,4.140,142,87,207
2026-07-25T14:48:57Z,35.2009100,-106.5268329,1724.6,48810.9,4.140,141,87,245
2026-07-25T14:48:58Z,35.2009010,-106.5267870,1724.6,48815.2,4.200,142,87,230
2026-07-25T14:48:59Z,35.2008899,-106.5267410,1724.8,48819.5,4.220,141,89,230
2026-07-25T14:49:00Z,35.2008799,-106.5266940,1724.8,48823.8,4.240,142,89,238
2026-07-25T14:49:01Z,35.2008720,-106.5266469,1725.2,48828.1,4.280,142,89,229
2026-07-25T14:49:02Z,35.2008639,-106.5266010,1725.4,48832.3,4.280,142,89,236
2026-07-25T14:49:03Z,35.2008570,-106.5265560,1725.6,48836.4,4.240,142,88,236
2026-07-25T14:49:04Z,35.2008520,-106.5265090,1725.8,48840.6,4.220,142,87,237
2026-07-25T14:49:05Z,35.2008509,-106.5264629,1725.8,48844.7,4.180,142,87,227
2026-07-25T14:49:06Z,35.2008479,-106.5264199,1726.0,48848.8,4.140,142,86,227
2026-07-25T14:49:07Z,35.2008400,-106.5263769,1726.0,48852.9,4.120,143,85,217
2026-07-25T14:49:08Z,35.2008290,-106.5263350,1726.2,48856.9,4.100,142,85,215
2026-07-25T14:49:09Z,35.2008160,-106.5262940,1726.2,48861.0,4.080,142,84,215
2026-07-25T14:49:10Z,35.2008059,-106.5262490,1726.4,48865.1,4.080,142,85,215
2026-07-25T14:49:11Z,35.2007990,-106.5262039,1726.8,48869.1,4.059,142,85,223
2026-07-25T14:49:12Z,35.2007939,-106.5261589,1726.8,48873.2,4.059,142,85,233
2026-07-25T14:49:13Z,35.2007880,-106.5261159,1727.0,48877.2,4.059,142,85,220
2026-07-25T14:49:14Z,35.2007820,-106.5260719,1727.2,48881.1,4.019,142,83,219
2026-07-25T14:49:15Z,35.2007749,-106.5260289,1727.2,48884.9,3.960,141,82,204
2026-07-25T14:49:16Z,35.2007670,-106.5259869,1727.4,48889.0,3.980,142,82,189
2026-07-25T14:49:17Z,35.2007599,-106.5259449,1727.6,48892.9,3.940,141,82,184
2026-07-25T14:49:18Z,35.2007550,-106.5259040,1727.6,48896.8,3.920,141,82,225
2026-07-25T14:49:19Z,35.2007509,-106.5258610,1727.8,48900.8,3.940,142,82,246
2026-07-25T14:49:20Z,35.2007469,-106.5258170,1728.0,48904.7,3.960,142,83,238
2026-07-25T14:49:21Z,35.2007380,-106.5257760,1728.2,48908.8,3.960,141,83,220
2026-07-25T14:49:22Z,35.2007290,-106.5257340,1728.4,48912.7,3.960,141,83,244
2026-07-25T14:49:23Z,35.2007230,-106.5256910,1728.4,48916.7,3.980,142,83,244
2026-07-25T14:49:24Z,35.2007169,-106.5256480,1728.8,48920.8,4.000,141,85,256
2026-07-25T14:49:25Z,35.2007110,-106.5256030,1729.0,48924.6,3.980,142,84,171
2026-07-25T14:49:26Z,35.2007039,-106.5255610,1729.2,48928.5,3.940,142,84,140
2026-07-25T14:49:27Z,35.2006950,-106.5255210,1729.2,48932.2,3.900,141,79,140
2026-07-25T14:49:28Z,35.2006879,-106.5254809,1729.2,48935.8,3.820,141,77,163
2026-07-25T14:49:29Z,35.2006810,-106.5254419,1729.6,48939.4,3.720,141,77,159
2026-07-25T14:49:30Z,35.2006749,-106.5254040,1729.6,48942.7,3.620,141,84,131
2026-07-25T14:49:31Z,35.2006680,-106.5253699,1730.0,48945.9,3.480,141,83,138
2026-07-25T14:49:32Z,35.2006629,-106.5253359,1730.0,48949.0,3.360,140,79,140
2026-07-25T14:49:33Z,35.2006570,-106.5253020,1730.2,48952.0,3.240,140,77,158
2026-07-25T14:49:34Z,35.2006530,-106.5252689,1730.4,48955.0,3.120,139,77,156
2026-07-25T14:49:35Z,35.2006489,-106.5252359,1730.4,48958.1,3.080,140,78,150
2026-07-25T14:49:36Z,35.2006440,-106.5252030,1730.6,48961.1,3.040,139,76,147
2026-07-25T14:49:37Z,35.2006400,-106.5251710,1730.8,48964.1,3.020,139,76,144
2026-07-25T14:49:38Z,35.2006339,-106.5251379,1731.0,48967.1,3.020,139,76,157
2026-07-25T14:49:39Z,35.2006280,-106.5251059,1731.0,48970.2,3.040,138,76,157
2026-07-25T14:49:40Z,35.2006220,-106.5250750,1731.4,48973.3,3.040,137,76,155
2026-07-25T14:49:41Z,35.2006179,-106.5250430,1731.6,48976.3,3.040,137,76,153
2026-07-25T14:49:42Z,35.2006140,-106.5250099,1731.6,48979.2,3.020,137,76,159
2026-07-25T14:49:43Z,35.2006110,-106.5249769,1731.8,48982.2,3.020,136,74,159
2026-07-25T14:49:44Z,35.2006069,-106.5249450,1731.8,48985.1,2.980,136,72,135
2026-07-25T14:49:45Z,35.2006019,-106.5249140,1732.0,48987.9,2.920,136,71,165
2026-07-25T14:49:46Z,35.2005950,-106.5248830,1732.0,48991.0,2.940,136,71,181
2026-07-25T14:49:47Z,35.2005899,-106.5248509,1732.2,48994.0,2.960,136,75,181
2026-07-25T14:49:48Z,35.2005850,-106.5248199,1732.2,48997.0,2.960,135,76,168
2026-07-25T14:49:49Z,35.2005810,-106.5247870,1732.4,49000.1,3.000,135,76,181
2026-07-25T14:49:50Z,35.2005779,-106.5247530,1732.6,49003.2,3.060,135,76,176
2026-07-25T14:49:51Z,35.2005739,-106.5247199,1732.6,49006.2,3.040,135,76,171
2026-07-25T14:49:52Z,35.2005700,-106.5246860,1732.6,49009.4,3.080,135,77,171
2026-07-25T14:49:53Z,35.2005660,-106.5246520,1732.6,49012.5,3.100,135,77,174
2026-07-25T14:49:54Z,35.2005619,-106.5246179,1732.8,49015.7,3.120,135,78,179
2026-07-25T14:49:55Z,35.2005550,-106.5245840,1733.0,49018.9,3.140,135,79,175
2026-07-25T14:49:56Z,35.2005489,-106.5245499,1733.2,49022.0,3.160,135,79,180
2026-07-25T14:49:57Z,35.2005440,-106.5245140,1733.2,49025.3,3.180,134,79,171
2026-07-25T14:49:58Z,35.2005400,-106.5244810,1733.2,49028.5,3.200,134,80,171
2026-07-25T14:49:59Z,35.2005360,-106.5244449,1733.4,49031.6,3.180,134,80,186
2026-07-25T14:50:00Z,35.2005309,-106.5244100,1733.6,49035.0,3.220,134,80,188
2026-07-25T14:50:01Z,35.2005250,-106.5243729,1733.8,49038.2,3.240,134,83,188
2026-07-25T14:50:02Z,35.2005179,-106.5243360,1733.8,49041.4,3.220,134,84,171
2026-07-25T14:50:03Z,35.2005090,-106.5243019,1734.0,49044.7,3.240,134,84,168
2026-07-25T14:50:04Z,35.2005009,-106.5242670,1734.2,49048.0,3.280,134,84,183
2026-07-25T14:50:05Z,35.2004960,-106.5242299,1734.4,49051.4,3.280,134,83,179
2026-07-25T14:50:06Z,35.2004919,-106.5241940,1734.6,49054.6,3.280,134,83,193
2026-07-25T14:50:07Z,35.2004879,-106.5241589,1734.6,49058.0,3.320,134,83,175
2026-07-25T14:50:08Z,35.2004850,-106.5241159,1735.0,49061.2,3.300,134,82,175
2026-07-25T14:50:09Z,35.2004830,-106.5240869,1735.0,49064.4,3.280,134,81,183
2026-07-25T14:50:10Z,35.2004749,-106.5240530,1735.2,49067.7,3.260,134,81,189
2026-07-25T14:50:11Z,35.2004650,-106.5240190,1735.4,49071.1,3.300,134,82,192
2026-07-25T14:50:12Z,35.2004579,-106.5239839,1735.6,49074.5,3.300,134,84,190
2026-07-25T14:50:13Z,35.2004540,-106.5239490,1735.6,49077.9,3.340,134,84,204
2026-07-25T14:50:14Z,35.2004500,-106.5239120,1735.8,49081.3,3.380,134,84,195
2026-07-25T14:50:15Z,35.2004430,-106.5238760,1736.0,49084.6,3.380,134,84,180
2026-07-25T14:50:16Z,35.2004350,-106.5238419,1736.0,49088.0,3.380,135,84,188
2026-07-25T14:50:17Z,35.2004290,-106.5238070,1736.0,49091.4,3.380,134,85,188
2026-07-25T14:50:18Z,35.2004230,-106.5237689,1736.0,49094.8,3.380,135,86,190
2026-07-25T14:50:19Z,35.2004179,-106.5237310,1736.4,49098.3,3.400,135,86,202
2026-07-25T14:50:20Z,35.2004140,-106.5236940,1736.4,49101.7,3.420,134,86,203
2026-07-25T14:50:21Z,35.2004100,-106.5236559,1736.6,49105.2,3.440,134,86,202
2026-07-25T14:50:22Z,35.2004059,-106.5236190,1736.8,49108.6,3.440,134,86,202
2026-07-25T14:50:23Z,35.2003990,-106.5235819,1736.8,49112.0,3.440,134,86,188
2026-07-25T14:50:24Z,35.2003899,-106.5235450,1737.0,49115.5,3.440,134,86,184
2026-07-25T14:50:25Z,35.2003830,-106.5235080,1737.0,49118.8,3.420,134,85,184
2026-07-25T14:50:26Z,35.2003780,-106.5234709,1737.2,49122.2,3.400,134,86,196
2026-07-25T14:50:27Z,35.2003719,-106.5234340,1737.2,49125.6,3.400,134,86,182
2026-07-25T14:50:28Z,35.2003670,-106.5233969,1737.4,49129.0,3.400,134,86,190
2026-07-25T14:50:29Z,35.2003630,-106.5233590,1737.6,49132.5,3.400,134,86,184
2026-07-25T14:50:30Z,35.2003579,-106.5233210,1737.8,49135.9,3.420,134,85,184
2026-07-25T14:50:31Z,35.2003550,-106.5232829,1738.0,49139.2,3.400,134,86,184
2026-07-25T14:50:32Z,35.2003500,-106.5232460,1738.0,49142.6,3.400,134,85,183
2026-07-25T14:50:33Z,35.2003459,-106.5232099,1738.2,49146.0,3.400,134,85,192
2026-07-25T14:50:34Z,35.2003400,-106.5231730,1738.4,49149.4,3.380,134,88,212
2026-07-25T14:50:35Z,35.2003339,-106.5231340,1738.6,49153.1,3.440,134,89,216
2026-07-25T14:50:36Z,35.2003299,-106.5230949,1738.8,49156.5,3.460,134,89,223
2026-07-25T14:50:37Z,35.2003250,-106.5230549,1739.0,49160.0,3.480,134,89,174
2026-07-25T14:50:38Z,35.2003189,-106.5230180,1739.2,49163.5,3.500,134,89,170
2026-07-25T14:50:39Z,35.2003110,-106.5229809,1739.2,49166.9,3.500,134,87,170
2026-07-25T14:50:40Z,35.2003049,-106.5229440,1739.4,49170.4,3.460,134,85,172
2026-07-25T14:50:41Z,35.2003009,-106.5229059,1739.4,49173.9,3.480,133,86,195
2026-07-25T14:50:42Z,35.2002960,-106.5228690,1739.6,49177.3,3.460,134,87,175
2026-07-25T14:50:43Z,35.2002899,-106.5228320,1740.0,49180.8,3.460,134,87,177
2026-07-25T14:50:44Z,35.2002859,-106.5227939,1740.0,49184.4,3.500,134,87,189
2026-07-25T14:50:45Z,35.2002830,-106.5227550,1740.0,49187.8,3.480,135,88,193
2026-07-25T14:50:46Z,35.2002770,-106.5227170,1740.2,49191.2,3.460,134,88,176
2026-07-25T14:50:47Z,35.2002719,-106.5226789,1740.4,49194.8,3.500,134,88,187
2026-07-25T14:50:48Z,35.2002660,-106.5226410,1740.6,49198.4,3.520,135,88,196
2026-07-25T14:50:49Z,35.2002619,-106.5226039,1740.8,49201.9,3.500,135,89,206
2026-07-25T14:50:50Z,35.2002569,-106.5225639,1740.8,49205.6,3.560,136,89,195
2026-07-25T14:50:51Z,35.2002530,-106.5225240,1741.0,49209.2,3.600,136,89,191
2026-07-25T14:50:52Z,35.2002490,-106.5224850,1741.2,49212.8,3.600,136,89,190
2026-07-25T14:50:53Z,35.2002449,-106.5224459,1741.2,49216.3,3.580,136,89,192
2026-07-25T14:50:54Z,35.2002400,-106.5224069,1741.4,49219.9,3.600,136,89,197
2026-07-25T14:50:55Z,35.2002350,-106.5223680,1741.6,49223.5,3.580,136,90,202
2026-07-25T14:50:56Z,35.2002319,-106.5223290,1742.0,49227.0,3.560,136,90,196
2026-07-25T14:50:57Z,35.2002270,-106.5222909,1742.0,49230.6,3.560,135,90,193
2026-07-25T14:50:58Z,35.2002240,-106.5222510,1742.2,49234.3,3.600,135,91,193
2026-07-25T14:50:59Z,35.2002220,-106.5222100,1742.4,49237.8,3.580,135,91,192
2026-07-25T14:51:00Z,35.2002189,-106.5221700,1742.4,49241.5,3.600,136,91,188
2026-07-25T14:51:01Z,35.2002159,-106.5221309,1742.6,49245.1,3.620,135,91,208
2026-07-25T14:51:02Z,35.2002100,-106.5220830,1742.6,49248.7,3.620,135,91,192
2026-07-25T14:51:03Z,35.2002080,-106.5220510,1742.6,49252.2,3.580,136,90,197
2026-07-25T14:51:04Z,35.2002060,-106.5220100,1742.8,49255.9,3.620,135,91,200
2026-07-25T14:51:05Z,35.2002029,-106.5219680,1743.0,49259.5,3.600,135,90,183
2026-07-25T14:51:06Z,35.2002009,-106.5219309,1743.2,49262.5,3.480,135,90,99
2026-07-25T14:51:07Z,35.2001970,-106.5218999,1743.4,49265.8,3.420,135,53,99
2026-07-25T14:51:08Z,35.2001950,-106.5218670,1743.6,49269.1,3.380,134,48,125
2026-07-25T14:51:09Z,35.2001940,-106.5218350,1743.8,49272.4,3.300,134,70,219
2026-07-25T14:51:10Z,35.2001940,-106.5217989,1743.8,49275.6,3.220,134,73,203
2026-07-25T14:51:11Z,35.2001910,-106.5217610,1744.0,49278.8,3.260,134,75,226
2026-07-25T14:51:12Z,35.2001879,-106.5217250,1744.2,49282.2,3.280,134,76,224
2026-07-25T14:51:13Z,35.2001859,-106.5216869,1744.2,49285.6,3.300,134,76,212
2026-07-25T14:51:14Z,35.2001810,-106.5216480,1744.4,49289.2,3.360,134,78,212
2026-07-25T14:51:15Z,35.2001770,-106.5216090,1744.6,49292.9,3.460,135,81,243
2026-07-25T14:51:16Z,35.2001739,-106.5215670,1744.6,49296.7,3.580,135,83,221
2026-07-25T14:51:17Z,35.2001719,-106.5215230,1744.8,49300.6,3.680,136,86,253
2026-07-25T14:51:18Z,35.2001700,-106.5214790,1744.8,49304.5,3.780,135,88,234
2026-07-25T14:51:19Z,35.2001690,-106.5214360,1745.0,49308.5,3.860,136,88,239
2026-07-25T14:51:20Z,35.2001660,-106.5213920,1745.2,49312.5,3.920,136,88,203
2026-07-25T14:51:21Z,35.2001620,-106.5213480,1745.4,49316.3,3.920,136,88,183
2026-07-25T14:51:22Z,35.2001589,-106.5213050,1745.6,49320.2,3.920,137,87,185
2026-07-25T14:51:23Z,35.2001550,-106.5212630,1745.6,49324.0,3.900,137,86,182
2026-07-25T14:51:24Z,35.2001500,-106.5212220,1745.8,49327.8,3.860,137,85,179
2026-07-25T14:51:25Z,35.2001469,-106.5211819,1745.8,49331.5,3.800,137,84,193
2026-07-25T14:51:26Z,35.2001459,-106.5211419,1746.0,49335.2,3.780,138,84,198
2026-07-25T14:51:27Z,35.2001449,-106.5211010,1746.2,49338.9,3.740,138,83,198
2026-07-25T14:51:28Z,35.2001469,-106.5210600,1746.4,49342.7,3.740,138,84,199
2026-07-25T14:51:29Z,35.2001469,-106.5210190,1746.6,49346.4,3.720,138,84,195
2026-07-25T14:51:30Z,35.2001459,-106.5209789,1746.6,49350.1,3.720,138,83,181
2026-07-25T14:51:31Z,35.2001439,-106.5209399,1746.8,49353.9,3.740,138,83,202
2026-07-25T14:51:32Z,35.2001410,-106.5209000,1747.0,49357.5,3.720,138,83,197
2026-07-25T14:51:33Z,35.2001380,-106.5208600,1747.2,49361.2,3.700,137,83,203
2026-07-25T14:51:34Z,35.2001370,-106.5208209,1747.4,49364.9,3.700,137,83,208
2026-07-25T14:51:35Z,35.2001319,-106.5207809,1747.6,49368.7,3.720,138,82,208
2026-07-25T14:51:36Z,35.2001279,-106.5207400,1747.6,49372.3,3.680,137,82,223
2026-07-25T14:51:37Z,35.2001260,-106.5206980,1747.6,49376.1,3.720,137,83,223
2026-07-25T14:51:38Z,35.2001250,-106.5206570,1748.0,49379.8,3.720,137,83,208
2026-07-25T14:51:39Z,35.2001250,-106.5206160,1748.0,49383.4,3.700,138,83,224
2026-07-25T14:51:40Z,35.2001230,-106.5205759,1748.2,49387.1,3.680,138,83,219
2026-07-25T14:51:41Z,35.2001200,-106.5205359,1748.4,49390.7,3.680,138,82,215
2026-07-25T14:51:42Z,35.2001190,-106.5204970,1748.8,49394.6,3.700,138,91,233
2026-07-25T14:51:43Z,35.2001200,-106.5204570,1748.8,49398.1,3.660,138,102,224
2026-07-25T14:51:44Z,35.2001200,-106.5204170,1749.2,49401.7,3.660,138,101,191
2026-07-25T14:51:45Z,35.2001200,-106.5203799,1749.2,49405.2,3.620,138,98,200
2026-07-25T14:51:46Z,35.2001200,-106.5203430,1749.4,49408.5,3.560,138,96,187
2026-07-25T14:51:47Z,35.2001210,-106.5203069,1749.6,49411.7,3.420,138,93,172
2026-07-25T14:51:48Z,35.2001200,-106.5202720,1749.8,49414.8,3.340,138,93,176
2026-07-25T14:51:49Z,35.2001159,-106.5202390,1749.8,49417.9,3.240,138,87,176
2026-07-25T14:51:50Z,35.2001129,-106.5202059,1749.8,49420.8,3.120,138,85,185
2026-07-25T14:51:51Z,35.2001120,-106.5201720,1750.0,49423.9,3.080,138,86,215
2026-07-25T14:51:52Z,35.2001139,-106.5201370,1750.2,49427.0,3.060,138,87,209
2026-07-25T14:51:53Z,35.2001159,-106.5201039,1750.4,49430.0,3.040,138,86,191
2026-07-25T14:51:54Z,35.2001169,-106.5200720,1750.6,49433.0,3.020,138,86,204
2026-07-25T14:51:55Z,35.2001149,-106.5200390,1750.8,49436.1,3.060,137,86,204
2026-07-25T14:51:56Z,35.2001139,-106.5200049,1751.0,49439.1,3.040,137,86,204
2026-07-25T14:51:57Z,35.2001129,-106.5199719,1751.2,49442.2,3.040,137,86,184
2026-07-25T14:51:58Z,35.2001110,-106.5199380,1751.8,49445.3,3.060,137,87,196
2026-07-25T14:51:59Z,35.2001110,-106.5199039,1752.0,49448.3,3.060,137,87,195
2026-07-25T14:52:00Z,35.2001120,-106.5198709,1752.2,49451.4,3.060,136,87,189
2026-07-25T14:52:01Z,35.2001129,-106.5198380,1752.4,49454.5,3.080,136,86,189
2026-07-25T14:52:02Z,35.2001139,-106.5198060,1752.6,49457.4,3.040,136,86,181
2026-07-25T14:52:03Z,35.2001129,-106.5197739,1752.8,49460.4,3.020,136,85,184
2026-07-25T14:52:04Z,35.2001169,-106.5197429,1753.0,49463.5,3.040,136,84,195
2026-07-25T14:52:05Z,35.2001210,-106.5197110,1753.2,49466.4,3.000,136,84,189
2026-07-25T14:52:06Z,35.2001200,-106.5196790,1753.2,49469.2,2.940,136,83,183
2026-07-25T14:52:07Z,35.2001179,-106.5196470,1753.4,49472.1,2.940,136,82,199
2026-07-25T14:52:08Z,35.2001149,-106.5196149,1753.4,49475.1,2.940,136,83,208
2026-07-25T14:52:09Z,35.2001100,-106.5195820,1753.4,49478.1,2.920,136,84,211
2026-07-25T14:52:10Z,35.2001110,-106.5195480,1753.6,49481.1,2.940,136,84,193
2026-07-25T14:52:11Z,35.2001129,-106.5195149,1753.8,49484.1,2.980,136,84,193
2026-07-25T14:52:12Z,35.2001159,-106.5194829,1754.0,49487.0,2.980,136,84,205
2026-07-25T14:52:13Z,35.2001190,-106.5194510,1754.0,49490.0,2.980,136,84,205
2026-07-25T14:52:14Z,35.2001200,-106.5194190,1754.0,49492.9,2.960,137,84,196
2026-07-25T14:52:15Z,35.2001220,-106.5193869,1754.2,49495.9,2.960,137,84,196
2026-07-25T14:52:16Z,35.2001250,-106.5193539,1754.4,49498.9,2.960,137,84,191
2026-07-25T14:52:17Z,35.2001270,-106.5193200,1754.2,49501.8,2.960,137,85,203
2026-07-25T14:52:18Z,35.2001279,-106.5192880,1754.4,49504.8,2.960,137,84,189
2026-07-25T14:52:19Z,35.2001270,-106.5192539,1754.6,49507.9,3.000,137,84,195
2026-07-25T14:52:20Z,35.2001240,-106.5192220,1754.6,49510.9,3.000,137,85,198
2026-07-25T14:52:21Z,35.2001230,-106.5191890,1754.8,49513.9,3.000,137,84,197
2026-07-25T14:52:22Z,35.2001240,-106.5191569,1754.8,49516.9,3.020,137,85,205
2026-07-25T14:52:23Z,35.2001299,-106.5191259,1755.0,49519.9,3.020,137,85,193
2026-07-25T14:52:24Z,35.2001340,-106.5190920,1755.2,49522.9,3.000,137,84,193
2026-07-25T14:52:25Z,35.2001360,-106.5190590,1755.4,49525.8,2.980,137,85,209
2026-07-25T14:52:26Z,35.2001340,-106.5190269,1755.6,49528.7,2.960,137,84,200
2026-07-25T14:52:27Z,35.2001319,-106.5189949,1755.8,49531.8,2.980,137,84,205
2026-07-25T14:52:28Z,35.2001309,-106.5189620,1756.0,49534.8,2.980,137,84,212
2026-07-25T14:52:29Z,35.2001330,-106.5189300,1756.0,49537.7,2.960,137,85,209
2026-07-25T14:52:30Z,35.2001370,-106.5188979,1756.2,49540.7,2.980,137,85,199
2026-07-25T14:52:31Z,35.2001419,-106.5188659,1756.4,49543.8,3.020,137,85,206
2026-07-25T14:52:32Z,35.2001459,-106.5188330,1756.6,49546.8,3.000,137,86,206
2026-07-25T14:52:33Z,35.2001490,-106.5188000,1757.2,49549.8,3.000,137,86,197
2026-07-25T14:52:34Z,35.2001500,-106.5187679,1757.2,49552.7,3.000,136,85,202
2026-07-25T14:52:35Z,35.2001500,-106.5187290,1757.6,49555.7,3.000,137,84,182
2026-07-25T14:52:36Z,35.2001490,-106.5187040,1757.6,49558.5,2.940,137,81,150
2026-07-25T14:52:37Z,35.2001480,-106.5186730,1757.8,49561.3,2.900,136,79,189
2026-07-25T14:52:38Z,35.2001490,-106.5186410,1758.0,49564.1,2.860,136,80,203
2026-07-25T14:52:39Z,35.2001490,-106.5186089,1758.0,49566.9,2.840,136,81,189
2026-07-25T14:52:40Z,35.2001510,-106.5185769,1758.0,49569.8,2.820,136,80,184
2026-07-25T14:52:41Z,35.2001530,-106.5185450,1758.4,49572.7,2.840,136,81,201
2026-07-25T14:52:42Z,35.2001550,-106.5185150,1758.6,49575.5,2.840,135,82,196
2026-07-25T14:52:43Z,35.2001579,-106.5184830,1758.6,49578.3,2.840,135,81,191
2026-07-25T14:52:44Z,35.2001620,-106.5184519,1759.0,49581.3,2.880,135,81,190
2026-07-25T14:52:45Z,35.2001660,-106.5184209,1759.0,49584.1,2.860,135,81,192
2026-07-25T14:52:46Z,35.2001690,-106.5183899,1759.0,49586.9,2.840,134,80,195
2026-07-25T14:52:47Z,35.2001700,-106.5183600,1759.0,49589.7,2.840,134,81,195
2026-07-25T14:52:48Z,35.2001700,-106.5183280,1759.4,49592.7,2.880,134,81,189
2026-07-25T14:52:49Z,35.2001700,-106.5182960,1759.6,49595.5,2.840,134,81,192
2026-07-25T14:52:50Z,35.2001739,-106.5182639,1759.6,49598.4,2.860,134,82,201
2026-07-25T14:52:51Z,35.2001780,-106.5182329,1759.8,49601.3,2.880,134,82,203
2026-07-25T14:52:52Z,35.2001820,-106.5182010,1759.8,49604.3,2.920,134,83,203
2026-07-25T14:52:53Z,35.2001830,-106.5181690,1760.0,49607.2,2.900,134,83,192
2026-07-25T14:52:54Z,35.2001869,-106.5181370,1760.0,49610.1,2.920,134,84,213
2026-07-25T14:52:55Z,35.2001899,-106.5181029,1760.4,49613.1,2.940,134,84,204
2026-07-25T14:52:56Z,35.2001930,-106.5180700,1760.6,49616.1,2.960,134,84,199
2026-07-25T14:52:57Z,35.2001940,-106.5180370,1760.6,49619.1,2.960,133,85,198
2026-07-25T14:52:58Z,35.2001940,-106.5180039,1760.8,49622.1,2.980,133,84,196
2026-07-25T14:52:59Z,35.2001960,-106.5179660,1761.0,49625.3,3.040,133,85,209
2026-07-25T14:53:00Z,35.2001999,-106.5179390,1761.2,49628.2,3.020,133,85,198
2026-07-25T14:53:01Z,35.2002060,-106.5179080,1761.2,49631.1,3.000,134,84,201
2026-07-25T14:53:02Z,35.2002110,-106.5178759,1761.4,49634.1,3.000,134,84,211
2026-07-25T14:53:03Z,35.2002159,-106.5178439,1761.6,49637.0,2.980,135,85,195
2026-07-25T14:53:04Z,35.2002210,-106.5178120,1761.6,49640.1,2.960,134,85,194
2026-07-25T14:53:05Z,35.2002230,-106.5177790,1761.6,49643.1,2.980,134,84,201
2026-07-25T14:53:06Z,35.2002220,-106.5177459,1761.8,49646.0,2.980,134,85,213
2026-07-25T14:53:07Z,35.2002210,-106.5177130,1762.0,49649.0,2.980,134,85,199
2026-07-25T14:53:08Z,35.2002250,-106.5176800,1762.2,49652.0,3.000,134,86,198
2026-07-25T14:53:09Z,35.2002299,-106.5176469,1762.4,49655.0,2.980,135,86,192
2026-07-25T14:53:10Z,35.2002340,-106.5176130,1762.4,49658.0,2.980,134,85,192
2026-07-25T14:53:11Z,35.2002350,-106.5175810,1762.6,49661.0,3.000,134,85,180
2026-07-25T14:53:12Z,35.2002380,-106.5175469,1762.8,49664.0,3.000,134,83,189
2026-07-25T14:53:13Z,35.2002410,-106.5175149,1763.0,49666.9,2.980,134,83,184
2026-07-25T14:53:14Z,35.2002429,-106.5174810,1763.2,49669.8,2.960,134,83,184
2026-07-25T14:53:15Z,35.2002459,-106.5174510,1763.2,49672.8,2.960,134,83,190
2026-07-25T14:53:16Z,35.2002500,-106.5174210,1763.4,49675.7,2.940,134,83,192
2026-07-25T14:53:17Z,35.2002520,-106.5173890,1763.8,49678.7,2.940,134,82,182
2026-07-25T14:53:18Z,35.2002569,-106.5173520,1764.6,49681.6,2.940,134,81,198
2026-07-25T14:53:19Z,35.2002609,-106.5173279,1765.0,49684.5,2.940,134,83,208
2026-07-25T14:53:20Z,35.2002680,-106.5172960,1765.0,49687.5,2.940,134,85,197
2026-07-25T14:53:21Z,35.2002749,-106.5172640,1765.2,49690.5,2.960,134,84,184
2026-07-25T14:53:22Z,35.2002800,-106.5172320,1765.2,49693.3,2.920,134,83,192
2026-07-25T14:53:23Z,35.2002820,-106.5172009,1765.4,49696.3,2.940,134,83,190
2026-07-25T14:53:24Z,35.2002840,-106.5171689,1765.4,49699.3,2.960,134,83,187
2026-07-25T14:53:25Z,35.2002850,-106.5171370,1765.6,49702.2,2.940,134,83,196
2026-07-25T14:53:26Z,35.2002879,-106.5171060,1765.6,49705.1,2.920,134,83,185
2026-07-25T14:53:27Z,35.2002930,-106.5170740,1765.8,49708.1,2.960,134,84,185
2026-07-25T14:53:28Z,35.2002960,-106.5170419,1765.8,49711.0,2.940,134,84,189
2026-07-25T14:53:29Z,35.2002990,-106.5170099,1766.0,49713.9,2.920,134,83,185
2026-07-25T14:53:30Z,35.2003019,-106.5169780,1766.2,49716.9,2.940,135,83,207
2026-07-25T14:53:31Z,35.2003070,-106.5169450,1766.2,49719.9,2.960,135,84,219
2026-07-25T14:53:32Z,35.2003130,-106.5169119,1766.6,49723.0,2.980,135,87,219
2026-07-25T14:53:33Z,35.2003210,-106.5168780,1766.6,49726.1,3.020,135,89,217
2026-07-25T14:53:34Z,35.2003270,-106.5168430,1767.0,49729.2,3.060,135,89,204
2026-07-25T14:53:35Z,35.2003309,-106.5168089,1767.0,49732.3,3.080,136,89,199
2026-07-25T14:53:36Z,35.2003339,-106.5167750,1767.0,49735.4,3.100,135,88,198
2026-07-25T14:53:37Z,35.2003380,-106.5167340,1767.2,49738.5,3.100,135,88,200
2026-07-25T14:53:38Z,35.2003420,-106.5167079,1767.2,49741.5,3.080,135,87,200
2026-07-25T14:53:39Z,35.2003469,-106.5166740,1767.4,49744.5,3.060,135,87,212
2026-07-25T14:53:40Z,35.2003520,-106.5166409,1767.4,49747.7,3.080,136,87,204
2026-07-25T14:53:41Z,35.2003599,-106.5165939,1767.6,49750.8,3.080,136,87,204
2026-07-25T14:53:42Z,35.2003640,-106.5165740,1768.0,49753.7,3.040,136,86,189
2026-07-25T14:53:43Z,35.2003700,-106.5165410,1768.0,49756.7,3.040,136,85,192
2026-07-25T14:53:44Z,35.2003759,-106.5165089,1768.2,49759.8,3.060,136,85,191
2026-07-25T14:53:45Z,35.2003830,-106.5164770,1768.4,49762.6,2.980,137,85,191
2026-07-25T14:53:46Z,35.2003899,-106.5164460,1768.8,49765.6,2.960,135,84,185
2026-07-25T14:53:47Z,35.2003970,-106.5164150,1768.8,49768.6,2.980,135,83,203
2026-07-25T14:53:48Z,35.2004039,-106.5163830,1769.0,49771.6,2.980,135,84,222
2026-07-25T14:53:49Z,35.2004090,-106.5163479,1769.2,49774.5,2.940,135,84,209
2026-07-25T14:53:50Z,35.2004100,-106.5163150,1769.2,49777.4,2.960,135,84,209
2026-07-25T14:53:51Z,35.2004130,-106.5162769,1769.6,49780.5,2.980,135,86,205
2026-07-25T14:53:52Z,35.2004199,-106.5162519,1769.6,49783.5,2.980,135,85,181
2026-07-25T14:53:53Z,35.2004280,-106.5162199,1769.8,49786.4,2.960,135,85,190
2026-07-25T14:53:54Z,35.2004309,-106.5161880,1770.0,49789.4,2.980,135,85,202
2026-07-25T14:53:55Z,35.2004309,-106.5161550,1770.0,49792.3,2.980,135,84,205
2026-07-25T14:53:56Z,35.2004339,-106.5161240,1770.2,49795.3,2.960,136,83,210
2026-07-25T14:53:57Z,35.2004390,-106.5160929,1770.4,49798.1,2.920,136,83,222
2026-07-25T14:53:58Z,35.2004420,-106.5160619,1770.6,49801.2,2.960,136,84,222
2026-07-25T14:53:59Z,35.2004479,-106.5160290,1770.6,49804.3,2.980,136,85,219
2026-07-25T14:54:00Z,35.2004540,-106.5159960,1770.8,49807.4,3.020,136,87,204
2026-07-25T14:54:01Z,35.2004619,-106.5159629,1770.8,49810.5,3.040,136,87,197
2026-07-25T14:54:02Z,35.2004700,-106.5159309,1771.0,49813.4,3.060,137,87,185
2026-07-25T14:54:03Z,35.2004769,-106.5158990,1771.2,49816.4,3.040,136,87,191
2026-07-25T14:54:04Z,35.2004830,-106.5158670,1771.4,49819.6,3.060,136,86,197
2026-07-25T14:54:05Z,35.2004879,-106.5158360,1771.6,49822.6,3.040,136,86,211
2026-07-25T14:54:06Z,35.2004930,-106.5158029,1771.8,49825.6,3.020,136,87,212
2026-07-25T14:54:07Z,35.2004960,-106.5157700,1771.8,49828.8,3.080,136,87,207
2026-07-25T14:54:08Z,35.2005019,-106.5157360,1772.0,49831.8,3.080,136,87,202
2026-07-25T14:54:09Z,35.2005100,-106.5157029,1772.2,49834.9,3.060,137,87,202
2026-07-25T14:54:10Z,35.2005179,-106.5156640,1772.2,49837.9,3.060,137,88,208
2026-07-25T14:54:11Z,35.2005209,-106.5156370,1772.6,49841.1,3.100,137,88,211
2026-07-25T14:54:12Z,35.2005270,-106.5156029,1772.8,49844.3,3.100,137,92,251
2026-07-25T14:54:13Z,35.2005329,-106.5155680,1773.0,49847.9,3.220,137,85,302
2026-07-25T14:54:14Z,35.2005390,-106.5155309,1773.0,49851.4,3.300,137,88,262
2026-07-25T14:54:15Z,35.2005440,-106.5154920,1773.2,49855.0,3.420,137,90,258
2026-07-25T14:54:16Z,35.2005520,-106.5154520,1773.4,49858.6,3.500,138,91,254
2026-07-25T14:54:17Z,35.2005609,-106.5154129,1773.4,49862.5,3.640,138,92,248
2026-07-25T14:54:18Z,35.2005690,-106.5153739,1773.6,49866.2,3.660,138,93,262
2026-07-25T14:54:19Z,35.2005769,-106.5153330,1773.6,49870.1,3.740,138,94,257
2026-07-25T14:54:20Z,35.2005850,-106.5152920,1773.8,49873.9,3.780,138,96,267
2026-07-25T14:54:21Z,35.2005919,-106.5152510,1774.2,49877.6,3.800,138,97,280
2026-07-25T14:54:22Z,35.2006010,-106.5152090,1774.4,49881.7,3.840,138,97,250
2026-07-25T14:54:23Z,35.2006110,-106.5151670,1774.6,49885.6,3.880,139,98,250
2026-07-25T14:54:24Z,35.2006199,-106.5151240,1774.8,49889.5,3.880,139,98,245
2026-07-25T14:54:25Z,35.2006280,-106.5150829,1774.8,49893.3,3.880,139,98,236
2026-07-25T14:54:26Z,35.2006359,-106.5150419,1775.0,49897.1,3.900,140,98,248
2026-07-25T14:54:27Z,35.2006430,-106.5150009,1775.2,49900.9,3.840,139,98,248
2026-07-25T14:54:28Z,35.2006489,-106.5149600,1775.4,49904.7,3.820,139,96,248
2026-07-25T14:54:29Z,35.2006570,-106.5149190,1775.6,49908.5,3.800,140,95,259
2026-07-25T14:54:30Z,35.2006660,-106.5148780,1775.8,49912.4,3.820,140,95,250
2026-07-25T14:54:31Z,35.2006749,-106.5148379,1775.8,49916.2,3.820,140,95,266
2026-07-25T14:54:32Z,35.2006850,-106.5147969,1776.0,49920.2,3.860,140,97,284
2026-07-25T14:54:33Z,35.2006950,-106.5147549,1776.2,49924.2,3.900,141,98,273
2026-07-25T14:54:34Z,35.2007020,-106.5147129,1776.4,49928.1,3.920,141,98,257
2026-07-25T14:54:35Z,35.2007090,-106.5146710,1776.6,49932.0,3.920,141,98,257
2026-07-25T14:54:36Z,35.2007160,-106.5146290,1777.0,49936.0,3.960,141,98,257
2026-07-25T14:54:37Z,35.2007250,-106.5145880,1777.2,49939.9,3.940,142,98,266
2026-07-25T14:54:38Z,35.2007349,-106.5145480,1777.4,49943.9,3.940,142,97,248
2026-07-25T14:54:39Z,35.2007440,-106.5145099,1777.8,49947.5,3.880,142,96,238
2026-07-25T14:54:40Z,35.2007520,-106.5144689,1777.8,49951.2,3.840,142,94,248
2026-07-25T14:54:41Z,35.2007590,-106.5144280,1778.0,49954.9,3.780,142,94,262
2026-07-25T14:54:42Z,35.2007660,-106.5143870,1778.2,49958.7,3.760,142,94,259
2026-07-25T14:54:43Z,35.2007730,-106.5143379,1778.4,49962.6,3.740,142,94,267
2026-07-25T14:54:44Z,35.2007789,-106.5143040,1778.6,49966.5,3.800,142,96,266
2026-07-25T14:54:45Z,35.2007889,-106.5142620,1778.8,49970.4,3.840,142,97,275
2026-07-25T14:54:46Z,35.2007990,-106.5142199,1779.0,49974.2,3.860,143,96,260
2026-07-25T14:54:47Z,35.2008090,-106.5141789,1779.2,49978.1,3.880,143,95,279
2026-07-25T14:54:48Z,35.2008189,-106.5141390,1779.2,49981.8,3.840,143,96,274
2026-07-25T14:54:49Z,35.2008290,-106.5140990,1779.4,49985.5,3.800,143,95,266
2026-07-25T14:54:50Z,35.2008400,-106.5140590,1779.6,49989.4,3.800,143,96,285
2026-07-25T14:54:51Z,35.2008499,-106.5140179,1779.6,49993.2,3.800,144,97,267
2026-07-25T14:54:52Z,35.2008600,-106.5139779,1780.0,49997.1,3.800,144,98,247
2026-07-25T14:54:53Z,35.2008680,-106.5139369,1780.2,50001.0,3.840,144,98,246
2026-07-25T14:54:54Z,35.2008769,-106.5138960,1780.4,50005.0,3.900,145,99,256
2026-07-25T14:54:55Z,35.2008850,-106.5138530,1780.8,50009.1,3.940,144,100,262
2026-07-25T14:54:56Z,35.2008909,-106.5138100,1781.0,50013.3,4.019,145,101,260
2026-07-25T14:54:57Z,35.2008980,-106.5137670,1781.2,50017.2,4.019,145,101,248
2026-07-25T14:54:58Z,35.2009039,-106.5137230,1781.4,50021.2,4.040,146,101,239
2026-07-25T14:54:59Z,35.2009100,-106.5136790,1781.6,50025.2,4.040,146,101,235
2026-07-25T14:55:00Z,35.2009160,-106.5136339,1781.8,50029.2,4.019,145,101,237
2026-07-25T14:55:01Z,35.2009219,-106.5135899,1781.8,50033.0,3.940,146,99,220
2026-07-25T14:55:02Z,35.2009300,-106.5135390,1782.0,50037.1,3.980,145,99,251
2026-07-25T14:55:03Z,35.2009379,-106.5135039,1782.2,50041.0,3.960,145,98,241
2026-07-25T14:55:04Z,35.2009479,-106.5134630,1782.4,50044.9,3.940,145,97,223
2026-07-25T14:55:05Z,35.2009600,-106.5134230,1782.6,50048.7,3.900,145,97,236
2026-07-25T14:55:06Z,35.2009690,-106.5133830,1782.8,50052.5,3.900,144,94,236
2026-07-25T14:55:07Z,35.2009759,-106.5133419,1783.0,50056.1,3.800,145,94,237
2026-07-25T14:55:08Z,35.2009799,-106.5133009,1783.2,50059.9,3.780,145,94,220
2026-07-25T14:55:09Z,35.2009860,-106.5132599,1783.4,50063.7,3.760,145,94,242
2026-07-25T14:55:10Z,35.2009929,-106.5132190,1783.6,50067.7,3.800,145,95,249
2026-07-25T14:55:11Z,35.2010020,-106.5131780,1783.8,50071.5,3.800,145,96,239
2026-07-25T14:55:12Z,35.2010120,-106.5131370,1783.8,50075.3,3.840,145,96,237
2026-07-25T14:55:13Z,35.2010219,-106.5130960,1784.0,50079.1,3.840,145,96,246
2026-07-25T14:55:14Z,35.2010310,-106.5130559,1784.2,50083.0,3.860,145,96,229
2026-07-25T14:55:15Z,35.2010410,-106.5130149,1784.4,50086.8,3.820,145,96,232
2026-07-25T14:55:16Z,35.2010470,-106.5129719,1784.6,50090.5,3.800,145,95,223
2026-07-25T14:55:17Z,35.2010540,-106.5129310,1784.6,50094.3,3.800,145,95,241
2026-07-25T14:55:18Z,35.2010610,-106.5128910,1784.8,50098.1,3.800,146,96,243
2026-07-25T14:55:19Z,35.2010700,-106.5128520,1785.0,50102.0,3.800,146,96,253
2026-07-25T14:55:20Z,35.2010799,-106.5128119,1785.2,50105.9,3.820,146,94,250
2026-07-25T14:55:21Z,35.2010870,-106.5127719,1785.4,50109.6,3.820,145,94,253
2026-07-25T14:55:22Z,35.2010939,-106.5127320,1785.8,50113.4,3.820,146,94,223
2026-07-25T14:55:23Z,35.2011000,-106.5126910,1786.2,50117.3,3.840,146,94,223
2026-07-25T14:55:24Z,35.2011089,-106.5126519,1786.2,50121.1,3.820,146,93,236
2026-07-25T14:55:25Z,35.2011160,-106.5126129,1786.6,50124.8,3.780,146,92,213
2026-07-25T14:55:26Z,35.2011219,-106.5125730,1786.6,50128.5,3.780,145,91,212
2026-07-25T14:55:27Z,35.2011290,-106.5125340,1786.8,50132.2,3.760,146,91,229
2026-07-25T14:55:28Z,35.2011359,-106.5124939,1786.8,50135.8,3.700,146,92,232
2026-07-25T14:55:29Z,35.2011430,-106.5124549,1787.2,50139.5,3.680,146,92,231
2026-07-25T14:55:30Z,35.2011519,-106.5124160,1787.4,50143.3,3.700,147,93,250
2026-07-25T14:55:31Z,35.2011620,-106.5123760,1787.6,50146.9,3.680,146,94,253
2026-07-25T14:55:32Z,35.2011710,-106.5123359,1787.8,50150.8,3.720,146,94,241
2026-07-25T14:55:33Z,35.2011789,-106.5122959,1788.0,50154.7,3.780,147,94,235
2026-07-25T14:55:34Z,35.2011880,-106.5122560,1788.4,50158.5,3.800,146,95,235
2026-07-25T14:55:35Z,35.2011949,-106.5122170,1788.4,50162.3,3.800,146,95,219
2026-07-25T14:55:36Z,35.2012040,-106.5121760,1788.4,50166.1,3.840,146,96,235
2026-07-25T14:55:37Z,35.2012120,-106.5121349,1788.6,50170.0,3.840,146,95,230
2026-07-25T14:55:38Z,35.2012190,-106.5120949,1788.8,50173.8,3.820,146,96,216
2026-07-25T14:55:39Z,35.2012270,-106.5120550,1789.0,50177.6,3.820,146,96,224
2026-07-25T14:55:40Z,35.2012359,-106.5120140,1789.2,50181.4,3.820,147,96,219
2026-07-25T14:55:41Z,35.2012430,-106.5119720,1789.4,50185.1,3.800,146,96,214
2026-07-25T14:55:42Z,35.2012489,-106.5119300,1789.4,50188.9,3.780,146,95,224
2026-07-25T14:55:43Z,35.2012550,-106.5118870,1789.8,50192.7,3.780,146,97,217
2026-07-25T14:55:44Z,35.2012639,-106.5118450,1790.0,50196.6,3.800,146,98,231
2026-07-25T14:55:45Z,35.2012740,-106.5118039,1790.2,50200.5,3.820,146,97,237
2026-07-25T14:55:46Z,35.2012809,-106.5117619,1790.4,50204.5,3.880,146,98,236
2026-07-25T14:55:47Z,35.2012890,-106.5117209,1790.4,50208.3,3.880,146,97,233
2026-07-25T14:55:48Z,35.2012990,-106.5116789,1790.6,50212.2,3.900,146,96,230
2026-07-25T14:55:49Z,35.2013060,-106.5116380,1790.6,50215.8,3.840,146,95,207
2026-07-25T14:55:50Z,35.2013109,-106.5115960,1790.8,50219.8,3.860,146,96,212
2026-07-25T14:55:51Z,35.2013180,-106.5115550,1791.0,50223.4,3.780,146,96,236
2026-07-25T14:55:52Z,35.2013239,-106.5115140,1791.2,50227.1,3.760,146,93,236
2026-07-25T14:55:53Z,35.2013300,-106.5114739,1791.2,50230.9,3.740,146,93,228
2026-07-25T14:55:54Z,35.2013369,-106.5114329,1791.4,50234.5,3.740,146,92,228
2026-07-25T14:55:55Z,35.2013420,-106.5113940,1791.6,50238.1,3.660,146,91,195
2026-07-25T14:55:56Z,35.2013470,-106.5113550,1791.8,50241.9,3.700,146,92,239
2026-07-25T14:55:57Z,35.2013529,-106.5113140,1792.0,50245.6,3.700,146,93,228
2026-07-25T14:55:58Z,35.2013580,-106.5112749,1792.0,50249.4,3.700,146,93,243
2026-07-25T14:55:59Z,35.2013649,-106.5112270,1792.4,50253.2,3.740,146,93,260
2026-07-25T14:56:00Z,35.2013669,-106.5111940,1792.4,50257.0,3.780,146,94,218
2026-07-25T14:56:01Z,35.2013689,-106.5111520,1792.8,50260.7,3.760,146,94,225
2026-07-25T14:56:02Z,35.2013720,-106.5111110,1793.0,50264.6,3.800,146,95,241
2026-07-25T14:56:03Z,35.2013760,-106.5110699,1793.0,50268.4,3.800,146,94,252
2026-07-25T14:56:04Z,35.2013789,-106.5110299,1793.4,50272.0,3.760,146,94,273
2026-07-25T14:56:05Z,35.2013809,-106.5109889,1793.4,50275.7,3.740,146,94,250
2026-07-25T14:56:06Z,35.2013840,-106.5109490,1793.4,50279.4,3.740,145,92,223
2026-07-25T14:56:07Z,35.2013860,-106.5109060,1793.6,50283.3,3.740,146,93,244
2026-07-25T14:56:08Z,35.2013890,-106.5108569,1794.0,50287.0,3.720,146,94,239
2026-07-25T14:56:09Z,35.2013900,-106.5108240,1794.2,50290.8,3.760,146,95,253
2026-07-25T14:56:10Z,35.2013939,-106.5107810,1794.4,50294.6,3.780,145,96,243
2026-07-25T14:56:11Z,35.2013959,-106.5107389,1794.8,50298.4,3.800,145,96,211
2026-07-25T14:56:12Z,35.2013979,-106.5106969,1794.8,50302.3,3.800,146,96,211
2026-07-25T14:56:13Z,35.2013979,-106.5106480,1795.2,50306.1,3.820,145,94,227
2026-07-25T14:56:14Z,35.2013979,-106.5106149,1795.2,50309.9,3.820,145,95,220
2026-07-25T14:56:15Z,35.2014000,-106.5105730,1795.4,50313.6,3.800,145,93,219
2026-07-25T14:56:16Z,35.2014030,-106.5105330,1795.6,50317.5,3.820,145,94,242
2026-07-25T14:56:17Z,35.2014050,-106.5104910,1795.8,50321.1,3.760,145,94,235
2026-07-25T14:56:18Z,35.2014050,-106.5104510,1795.8,50324.7,3.720,144,92,234
2026-07-25T14:56:19Z,35.2014030,-106.5104099,1796.0,50328.4,3.700,144,92,218
2026-07-25T14:56:20Z,35.2014010,-106.5103699,1796.4,50332.1,3.700,145,92,213
2026-07-25T14:56:21Z,35.2014020,-106.5103290,1796.6,50335.9,3.680,145,93,252
2026-07-25T14:56:22Z,35.2014020,-106.5102890,1796.8,50339.6,3.700,144,93,264
2026-07-25T14:56:23Z,35.2014020,-106.5102480,1796.6,50343.4,3.740,144,93,248
2026-07-25T14:56:24Z,35.2014030,-106.5102079,1796.8,50347.1,3.740,145,93,255
2026-07-25T14:56:25Z,35.2014040,-106.5101669,1796.8,50350.6,3.700,144,91,251
2026-07-25T14:56:26Z,35.2014020,-106.5101270,1797.0,50354.3,3.680,144,91,225
2026-07-25T14:56:27Z,35.2013990,-106.5100860,1797.4,50358.1,3.700,145,92,208
2026-07-25T14:56:28Z,35.2013959,-106.5100440,1797.6,50361.7,3.660,145,94,223
2026-07-25T14:56:29Z,35.2013949,-106.5100040,1797.8,50365.4,3.660,145,94,251
2026-07-25T14:56:30Z,35.2013939,-106.5099629,1797.8,50369.3,3.740,144,93,241
2026-07-25T14:56:31Z,35.2013939,-106.5099209,1798.2,50372.9,3.720,145,94,255
2026-07-25T14:56:32Z,35.2013920,-106.5098799,1798.2,50376.6,3.700,145,94,257
2026-07-25T14:56:33Z,35.2013900,-106.5098390,1798.6,50380.4,3.740,145,94,251
2026-07-25T14:56:34Z,35.2013880,-106.5097990,1798.8,50384.1,3.740,145,93,261
2026-07-25T14:56:35Z,35.2013829,-106.5097590,1798.8,50387.9,3.720,145,94,257
2026-07-25T14:56:36Z,35.2013780,-106.5097179,1799.0,50391.9,3.800,145,96,260
2026-07-25T14:56:37Z,35.2013750,-106.5096759,1799.2,50395.7,3.820,145,96,247
2026-07-25T14:56:38Z,35.2013720,-106.5096339,1799.4,50399.5,3.820,146,96,255
2026-07-25T14:56:39Z,35.2013720,-106.5095929,1799.4,50403.3,3.840,145,95,255
2026-07-25T14:56:40Z,35.2013689,-106.5095509,1799.6,50407.2,3.860,145,96,259
2026-07-25T14:56:41Z,35.2013620,-106.5095010,1800.0,50411.1,3.840,145,97,257
2026-07-25T14:56:42Z,35.2013570,-106.5094670,1800.0,50415.0,3.860,145,98,253
2026-07-25T14:56:43Z,35.2013519,-106.5094250,1800.4,50419.0,3.900,145,98,281
2026-07-25T14:56:44Z,35.2013470,-106.5093820,1800.4,50422.8,3.900,145,99,262
2026-07-25T14:56:45Z,35.2013389,-106.5093390,1800.6,50426.8,3.920,145,101,233
2026-07-25T14:56:46Z,35.2013320,-106.5092960,1800.6,50431.0,3.980,145,100,241
2026-07-25T14:56:47Z,35.2013270,-106.5092520,1800.8,50434.9,3.980,146,98,253
2026-07-25T14:56:48Z,35.2013219,-106.5092090,1801.2,50438.6,3.920,145,98,266
2026-07-25T14:56:49Z,35.2013160,-106.5091660,1801.4,50442.4,3.920,146,96,266
2026-07-25T14:56:50Z,35.2013119,-106.5091240,1801.6,50446.2,3.880,146,96,271
2026-07-25T14:56:51Z,35.2013069,-106.5090820,1801.6,50450.1,3.820,146,95,263
2026-07-25T14:56:52Z,35.2013000,-106.5090400,1801.8,50454.0,3.820,146,96,247
2026-07-25T14:56:53Z,35.2012939,-106.5089989,1802.0,50457.9,3.860,146,96,262
2026-07-25T14:56:54Z,35.2012880,-106.5089569,1802.2,50462.0,3.920,146,97,249
2026-07-25T14:56:55Z,35.2012789,-106.5089139,1802.4,50465.9,3.940,146,97,254
2026-07-25T14:56:56Z,35.2012690,-106.5088729,1802.6,50469.8,3.940,146,98,267
2026-07-25T14:56:57Z,35.2012580,-106.5088309,1802.8,50473.7,3.940,146,100,240
2026-07-25T14:56:58Z,35.2012480,-106.5087890,1802.8,50477.9,4.000,146,100,222
2026-07-25T14:56:59Z,35.2012399,-106.5087470,1803.2,50481.9,3.980,146,101,251
2026-07-25T14:57:00Z,35.2012320,-106.5087040,1803.2,50485.7,3.960,146,99,246
2026-07-25T14:57:01Z,35.2012229,-106.5086620,1803.4,50489.7,3.980,146,99,231
2026-07-25T14:57:02Z,35.2012130,-106.5086210,1803.6,50493.8,4.019,145,99,223
2026-07-25T14:57:03Z,35.2012010,-106.5085790,1803.8,50497.8,3.980,146,100,226
2026-07-25T14:57:04Z,35.2011900,-106.5085370,1804.2,50501.7,3.960,146,100,230
2026-07-25T14:57:05Z,35.2011799,-106.5084950,1804.4,50505.7,4.000,146,99,238
2026-07-25T14:57:06Z,35.2011700,-106.5084529,1804.6,50509.6,3.980,147,98,221
2026-07-25T14:57:07Z,35.2011600,-106.5084129,1804.8,50513.5,3.940,147,97,232
2026-07-25T14:57:08Z,35.2011509,-106.5083720,1805.0,50517.4,3.920,146,97,229
2026-07-25T14:57:09Z,35.2011410,-106.5083310,1805.0,50521.4,3.940,146,97,225
2026-07-25T14:57:10Z,35.2011270,-106.5082910,1805.2,50525.6,3.980,146,101,203
2026-07-25T14:57:11Z,35.2011120,-106.5082500,1805.6,50529.6,4.000,146,103,198
2026-07-25T14:57:12Z,35.2010990,-106.5082079,1805.6,50533.7,4.040,146,103,189
2026-07-25T14:57:13Z,35.2010850,-106.5081640,1806.2,50537.8,4.080,146,101,191
2026-07-25T14:57:14Z,35.2010710,-106.5081219,1806.4,50541.9,4.100,146,101,205
2026-07-25T14:57:15Z,35.2010600,-106.5080799,1806.6,50545.8,4.040,145,100,205
2026-07-25T14:57:16Z,35.2010489,-106.5080389,1806.6,50549.7,4.019,145,99,192
2026-07-25T14:57:17Z,35.2010339,-106.5079969,1806.8,50553.8,4.019,146,99,181
2026-07-25T14:57:18Z,35.2010189,-106.5079580,1807.0,50557.9,4.019,146,101,179
2026-07-25T14:57:19Z,35.2010040,-106.5079190,1807.0,50562.1,4.040,146,102,184
2026-07-25T14:57:20Z,35.2009899,-106.5078799,1807.2,50566.1,4.059,146,101,186
2026-07-25T14:57:21Z,35.2009740,-106.5078379,1807.2,50570.2,4.100,146,102,198
2026-07-25T14:57:22Z,35.2009590,-106.5077980,1807.4,50574.4,4.120,145,102,195
2026-07-25T14:57:23Z,35.2009440,-106.5077570,1807.6,50578.3,4.080,145,102,171
2026-07-25T14:57:24Z,35.2009290,-106.5077160,1807.6,50582.3,4.040,145,101,177
2026-07-25T14:57:25Z,35.2009150,-106.5076759,1807.8,50586.5,4.080,145,100,185
2026-07-25T14:57:26Z,35.2008970,-106.5076379,1808.0,50590.4,4.040,145,101,163
2026-07-25T14:57:27Z,35.2008799,-106.5075980,1808.0,50594.5,4.019,145,101,171
2026-07-25T14:57:28Z,35.2008639,-106.5075560,1808.2,50598.5,4.040,145,102,187
2026-07-25T14:57:29Z,35.2008479,-106.5075160,1808.4,50602.7,4.080,144,104,168
2026-07-25T14:57:30Z,35.2008290,-106.5074769,1808.4,50607.0,4.100,143,105,159
2026-07-25T14:57:31Z,35.2008079,-106.5074369,1808.4,50611.4,4.200,144,98,182
2026-07-25T14:57:32Z,35.2007870,-106.5073950,1808.6,50615.9,4.280,144,95,184
2026-07-25T14:57:33Z,35.2007660,-106.5073540,1808.8,50620.6,4.420,144,94,178
2026-07-25T14:57:34Z,35.2007450,-106.5073090,1808.8,50625.4,4.540,144,96,181
2026-07-25T14:57:35Z,35.2007240,-106.5072650,1808.8,50630.0,4.600,143,96,200
2026-07-25T14:57:36Z,35.2007020,-106.5072179,1808.8,50634.8,4.680,144,98,245
2026-07-25T14:57:37Z,35.2006810,-106.5071710,1808.8,50639.6,4.740,143,100,202
2026-07-25T14:57:38Z,35.2006560,-106.5071260,1809.0,50644.5,4.780,143,103,191
2026-07-25T14:57:39Z,35.2006300,-106.5070800,1809.0,50649.6,4.840,143,102,186
2026-07-25T14:57:40Z,35.2006049,-106.5070329,1809.2,50654.6,4.920,143,97,197
2026-07-25T14:57:41Z,35.2005800,-106.5069869,1809.2,50659.7,4.980,143,97,200
2026-07-25T14:57:42Z,35.2005550,-106.5069390,1809.2,50664.7,5.020,143,99,111
2026-07-25T14:57:43Z,35.2005290,-106.5068930,1809.4,50669.9,5.080,143,86,209
2026-07-25T14:57:44Z,35.2005009,-106.5068469,1809.4,50675.2,5.120,143,89,270
2026-07-25T14:57:45Z,35.2004729,-106.5067970,1809.4,50680.6,5.200,143,92,230
2026-07-25T14:57:46Z,35.2004439,-106.5067470,1809.6,50686.3,5.320,143,95,223
2026-07-25T14:57:47Z,35.2004090,-106.5066849,1809.6,50691.8,5.420,143,97,218
2026-07-25T14:57:48Z,35.2003869,-106.5066419,1809.6,50697.6,5.540,143,98,203
2026-07-25T14:57:49Z,35.2003560,-106.5065910,1809.6,50703.4,5.640,143,99,193
2026-07-25T14:57:50Z,35.2003240,-106.5065409,1809.6,50709.2,5.720,141,99,190
2026-07-25T14:57:51Z,35.2002899,-106.5064910,1809.8,50715.3,5.800,142,101,204
2026-07-25T14:57:52Z,35.2002560,-106.5064389,1809.8,50721.6,5.960,142,102,185
2026-07-25T14:57:53Z,35.2002210,-106.5063859,1809.8,50727.8,6.040,142,104,189
2026-07-25T14:57:54Z,35.2001859,-106.5063330,1810.0,50733.9,6.100,142,105,174
2026-07-25T14:57:55Z,35.2001500,-106.5062800,1810.0,50740.2,6.200,142,106,194
2026-07-25T14:57:56Z,35.2001110,-106.5062269,1810.0,50746.5,6.240,141,106,159
2026-07-25T14:57:57Z,35.2000719,-106.5061760,1810.0,50752.9,6.260,141,107,159
2026-07-25T14:57:58Z,35.2000340,-106.5061239,1810.0,50759.1,6.260,141,102,181
2026-07-25T14:57:59Z,35.1999940,-106.5060730,1810.2,50765.6,6.340,141,97,197
2026-07-25T14:58:00Z,35.1999530,-106.5060219,1810.2,50772.1,6.380,142,98,176
2026-07-25T14:58:01Z,35.1999110,-106.5059699,1810.2,50778.5,6.400,141,99,168
2026-07-25T14:58:02Z,35.1998719,-106.5059170,1810.2,50785.1,6.440,141,99,216
2026-07-25T14:58:03Z,35.1998310,-106.5058659,1810.2,50791.4,6.460,141,99,216
2026-07-25T14:58:04Z,35.1997880,-106.5058160,1810.2,50798.0,6.480,141,101,228
2026-07-25T14:58:05Z,35.1997450,-106.5057659,1810.2,50804.8,6.540,141,102,233
2026-07-25T14:58:06Z,35.1996920,-106.5057050,1810.4,50811.7,6.640,141,102,233
2026-07-25T14:58:07Z,35.1996549,-106.5056649,1810.4,50818.7,6.720,141,99,255
2026-07-25T14:58:08Z,35.1996080,-106.5056130,1810.4,50825.8,6.880,142,100,258
2026-07-25T14:58:09Z,35.1995600,-106.5055610,1810.4,50833.1,7.020,142,101,232
2026-07-25T14:58:10Z,35.1995109,-106.5055089,1810.6,50840.3,7.100,142,102,233
2026-07-25T14:58:11Z,35.1994500,-106.5054450,1810.6,50847.5,7.160,142,102,224
2026-07-25T14:58:12Z,35.1994089,-106.5054059,1810.6,50854.7,7.200,142,102,224
2026-07-25T14:58:13Z,35.1993590,-106.5053560,1810.6,50861.7,7.180,142,102,223
2026-07-25T14:58:14Z,35.1993079,-106.5053059,1810.8,50868.8,7.140,142,102,217
2026-07-25T14:58:15Z,35.1992580,-106.5052560,1810.8,50876.1,7.160,142,102,212
2026-07-25T14:58:16Z,35.1992069,-106.5052080,1811.0,50883.4,7.180,143,102,194
2026-07-25T14:58:17Z,35.1991560,-106.5051599,1811.0,50890.6,7.180,142,102,193
2026-07-25T14:58:18Z,35.1991040,-106.5051130,1811.0,50897.8,7.220,143,102,199
2026-07-25T14:58:19Z,35.1990519,-106.5050639,1811.0,50905.4,7.320,142,102,209
2026-07-25T14:58:20Z,35.1989990,-106.5050159,1811.0,50912.5,7.280,142,103,199
2026-07-25T14:58:21Z,35.1989460,-106.5049680,1811.0,50919.7,7.260,142,103,195
2026-07-25T14:58:22Z,35.1988939,-106.5049199,1811.0,50927.0,7.280,143,103,201
2026-07-25T14:58:23Z,35.1988400,-106.5048719,1811.2,50934.5,7.340,142,104,210
2026-07-25T14:58:24Z,35.1987850,-106.5048230,1811.2,50941.8,7.280,142,104,214
2026-07-25T14:58:25Z,35.1987310,-106.5047719,1811.4,50949.1,7.320,142,104,199
2026-07-25T14:58:26Z,35.1986779,-106.5047250,1811.4,50956.4,7.340,142,104,204
2026-07-25T14:58:27Z,35.1986250,-106.5046760,1811.4,50963.8,7.360,142,103,203
2026-07-25T14:58:28Z,35.1985730,-106.5046269,1811.4,50971.1,7.320,142,103,220
2026-07-25T14:58:29Z,35.1985209,-106.5045770,1811.6,50978.5,7.340,142,103,211
2026-07-25T14:58:30Z,35.1984690,-106.5045269,1811.6,50985.9,7.360,142,103,192
2026-07-25T14:58:31Z,35.1984169,-106.5044770,1811.6,50993.0,7.320,142,103,193
2026-07-25T14:58:32Z,35.1983660,-106.5044279,1811.6,51000.4,7.320,142,102,203
2026-07-25T14:58:33Z,35.1983130,-106.5043800,1811.6,51007.6,7.300,142,103,210
2026-07-25T14:58:34Z,35.1982619,-106.5043320,1811.6,51014.9,7.280,142,103,197
2026-07-25T14:58:35Z,35.1981980,-106.5042729,1811.6,51022.3,7.280,142,104,197
2026-07-25T14:58:36Z,35.1981560,-106.5042330,1811.6,51029.4,7.280,142,104,194
2026-07-25T14:58:37Z,35.1981019,-106.5041829,1811.8,51036.8,7.280,142,103,196
2026-07-25T14:58:38Z,35.1980510,-106.5041350,1811.8,51044.0,7.280,142,102,186
2026-07-25T14:58:39Z,35.1979980,-106.5040870,1811.8,51051.0,7.220,142,101,195
2026-07-25T14:58:40Z,35.1979449,-106.5040409,1811.8,51057.9,7.120,142,100,202
2026-07-25T14:58:41Z,35.1978930,-106.5039949,1811.8,51065.0,7.120,142,100,204
2026-07-25T14:58:42Z,35.1978409,-106.5039500,1811.8,51072.1,7.060,142,99,225
2026-07-25T14:58:43Z,35.1977900,-106.5039040,1811.8,51079.2,7.040,142,100,239
2026-07-25T14:58:44Z,35.1977409,-106.5038559,1811.8,51086.3,7.060,142,100,192
2026-07-25T14:58:45Z,35.1976910,-106.5038099,1811.8,51093.4,7.100,142,99,185
2026-07-25T14:58:46Z,35.1976399,-106.5037620,1811.8,51100.4,7.080,142,99,188
2026-07-25T14:58:47Z,35.1975900,-106.5037140,1811.6,51107.3,7.040,141,99,191
2026-07-25T14:58:48Z,35.1975380,-106.5036689,1811.6,51114.3,7.020,141,100,196
2026-07-25T14:58:49Z,35.1974750,-106.5036150,1811.6,51121.2,6.980,141,99,208
2026-07-25T14:58:50Z,35.1974360,-106.5035770,1811.6,51128.1,6.940,141,98,250
2026-07-25T14:58:51Z,35.1973870,-106.5035300,1811.6,51135.0,6.920,141,98,247
2026-07-25T14:58:52Z,35.1973290,-106.5034750,1811.6,51141.8,6.900,142,98,0
2026-07-25T14:58:53Z,35.1972900,-106.5034410,1811.8,51148.6,6.860,141,98,0
2026-07-25T14:58:54Z,35.1972399,-106.5033960,1811.8,51155.3,6.820,141,0,0
2026-07-25T14:58:55Z,35.1971910,-106.5033530,1811.8,51161.9,6.760,141,96,264
2026-07-25T14:58:56Z,35.1971409,-106.5033100,1812.0,51168.5,6.700,141,95,228
2026-07-25T14:58:57Z,35.1970929,-106.5032659,1812.0,51174.9,6.620,141,94,227
2026-07-25T14:58:58Z,35.1970470,-106.5032189,1812.2,51181.6,6.600,141,93,252
2026-07-25T14:58:59Z,35.1970030,-106.5031720,1812.4,51187.9,6.520,141,92,245
2026-07-25T14:59:00Z,35.1969590,-106.5031260,1812.6,51194.3,6.480,141,91,271
2026-07-25T14:59:01Z,35.1969140,-106.5030840,1812.8,51200.5,6.400,141,90,270
2026-07-25T14:59:02Z,35.1968690,-106.5030420,1813.0,51206.9,6.400,141,97,303
2026-07-25T14:59:03Z,35.1968219,-106.5030019,1813.0,51213.1,6.300,141,97,221
2026-07-25T14:59:04Z,35.1967769,-106.5029599,1813.2,51219.2,6.260,140,105,221
2026-07-25T14:59:05Z,35.1967349,-106.5029189,1813.6,51225.1,6.160,140,103,214
2026-07-25T14:59:06Z,35.1966949,-106.5028779,1813.8,51230.9,6.080,140,100,218
2026-07-25T14:59:07Z,35.1966560,-106.5028349,1814.2,51236.9,6.000,141,99,221
2026-07-25T14:59:08Z,35.1966170,-106.5027889,1814.4,51242.5,5.880,141,98,230
2026-07-25T14:59:09Z,35.1965799,-106.5027449,1814.6,51248.2,5.800,141,96,207
2026-07-25T14:59:10Z,35.1965430,-106.5026999,1815.0,51253.7,5.720,141,96,244
2026-07-25T14:59:11Z,35.1964990,-106.5026500,1815.2,51259.2,5.660,141,94,244
2026-07-25T14:59:12Z,35.1964680,-106.5026179,1815.4,51264.7,5.560,141,93,257
2026-07-25T14:59:13Z,35.1964319,-106.5025780,1815.4,51270.2,5.540,141,92,253
2026-07-25T14:59:14Z,35.1963980,-106.5025370,1815.8,51275.5,5.460,141,91,269
2026-07-25T14:59:15Z,35.1963650,-106.5024940,1815.8,51281.1,5.480,141,92,347
2026-07-25T14:59:16Z,35.1963300,-106.5024510,1816.0,51286.6,5.480,141,93,328
2026-07-25T14:59:17Z,35.1962889,-106.5023989,1816.2,51292.2,5.500,141,94,296
2026-07-25T14:59:18Z,35.1962639,-106.5023610,1816.4,51297.8,5.520,142,95,292
2026-07-25T14:59:19Z,35.1962309,-106.5023129,1816.6,51303.4,5.580,142,95,284
2026-07-25T14:59:20Z,35.1961919,-106.5022589,1816.8,51309.1,5.600,143,95,273
2026-07-25T14:59:21Z,35.1961629,-106.5022210,1816.8,51314.6,5.600,142,94,283
2026-07-25T14:59:22Z,35.1961280,-106.5021750,1817.0,51320.2,5.600,142,94,278
2026-07-25T14:59:23Z,35.1960930,-106.5021269,1817.2,51325.7,5.580,142,93,267
2026-07-25T14:59:24Z,35.1960630,-106.5020819,1817.4,51331.1,5.540,143,92,285
2026-07-25T14:59:25Z,35.1960350,-106.5020350,1817.4,51336.6,5.500,143,92,225
2026-07-25T14:59:26Z,35.1960070,-106.5019870,1817.8,51341.8,5.440,143,91,218
2026-07-25T14:59:27Z,35.1959780,-106.5019409,1817.8,51347.2,5.400,143,90,238
2026-07-25T14:59:28Z,35.1959490,-106.5018969,1818.2,51352.4,5.340,143,89,226
2026-07-25T14:59:29Z,35.1959179,-106.5018529,1818.4,51357.5,5.280,144,88,236
2026-07-25T14:59:30Z,35.1958889,-106.5018099,1818.4,51362.7,5.220,144,87,278
2026-07-25T14:59:31Z,35.1958540,-106.5017570,1818.6,51368.0,5.240,144,87,266
2026-07-25T14:59:32Z,35.1958330,-106.5017190,1818.8,51373.1,5.180,144,87,246
2026-07-25T14:59:33Z,35.1958070,-106.5016710,1819.2,51378.3,5.180,144,88,252
2026-07-25T14:59:34Z,35.1957830,-106.5016229,1819.2,51383.5,5.200,145,93,202
2026-07-25T14:59:35Z,35.1957579,-106.5015760,1819.6,51388.6,5.180,145,97,194
2026-07-25T14:59:36Z,35.1957340,-106.5015300,1819.8,51393.5,5.100,145,96,197
2026-07-25T14:59:37Z,35.1957080,-106.5014870,1820.0,51398.4,5.060,145,94,192
2026-07-25T14:59:38Z,35.1956820,-106.5014440,1820.0,51403.1,4.960,145,92,225
2026-07-25T14:59:39Z,35.1956530,-106.5013919,1820.2,51407.9,4.880,145,92,246
2026-07-25T14:59:40Z,35.1956330,-106.5013560,1820.6,51412.6,4.800,146,86,268
2026-07-25T14:59:41Z,35.1956110,-106.5013079,1820.6,51417.5,4.800,145,86,263
2026-07-25T14:59:42Z,35.1955890,-106.5012590,1820.8,51422.4,4.800,145,74,263
2026-07-25T14:59:43Z,35.1955680,-106.5012120,1821.0,51427.4,4.860,145,74,202
2026-07-25T14:59:44Z,35.1955480,-106.5011649,1821.0,51432.2,4.860,145,92,202
2026-07-25T14:59:45Z,35.1955259,-106.5011199,1821.2,51437.1,4.900,145,98,199
2026-07-25T14:59:46Z,35.1955070,-106.5010759,1821.4,51441.7,4.840,145,97,204
2026-07-25T14:59:47Z,35.1954880,-106.5010300,1821.6,51446.3,4.780,145,96,188
2026-07-25T14:59:48Z,35.1954699,-106.5009850,1821.6,51451.0,4.720,144,96,207
2026-07-25T14:59:49Z,35.1954500,-106.5009410,1822.0,51455.6,4.680,145,96,202
2026-07-25T14:59:50Z,35.1954299,-106.5008970,1822.0,51460.1,4.600,145,96,223
2026-07-25T14:59:51Z,35.1954099,-106.5008530,1822.2,51464.7,4.600,145,95,221
2026-07-25T14:59:52Z,35.1953910,-106.5008080,1822.4,51469.4,4.620,145,95,211
2026-07-25T14:59:53Z,35.1953730,-106.5007629,1822.6,51474.0,4.600,145,95,225
2026-07-25T14:59:54Z,35.1953579,-106.5007150,1822.8,51478.6,4.600,146,96,201
2026-07-25T14:59:55Z,35.1953419,-106.5006690,1822.8,51483.3,4.640,146,96,206
2026-07-25T14:59:56Z,35.1953249,-106.5006240,1823.0,51487.9,4.640,146,97,203
2026-07-25T14:59:57Z,35.1953050,-106.5005790,1823.2,51492.7,4.660,146,97,217
2026-07-25T14:59:58Z,35.1952880,-106.5005319,1823.4,51497.3,4.660,146,97,212
2026-07-25T14:59:59Z,35.1952720,-106.5004850,1823.4,51502.1,4.700,146,98,226
2026-07-25T15:00:00Z,35.1952569,-106.5004360,1823.6,51506.9,4.720,146,99,226
2026-07-25T15:00:01Z,35.1952409,-106.5003879,1823.6,51511.8,4.780,146,100,232
2026-07-25T15:00:02Z,35.1952230,-106.5003410,1823.8,51516.6,4.780,146,100,214
2026-07-25T15:00:03Z,35.1952050,-106.5002920,1824.0,51521.3,4.800,146,99,227
2026-07-25T15:00:04Z,35.1951900,-106.5002449,1824.2,51526.1,4.800,146,100,228
2026-07-25T15:00:05Z,35.1951750,-106.5001960,1824.2,51530.8,4.780,146,100,213
2026-07-25T15:00:06Z,35.1951580,-106.5001470,1824.2,51535.5,4.740,146,99,211
2026-07-25T15:00:07Z,35.1951430,-106.5000989,1824.4,51540.2,4.720,146,99,225
2026-07-25T15:00:08Z,35.1951269,-106.5000510,1824.6,51544.9,4.720,146,99,214
2026-07-25T15:00:09Z,35.1951109,-106.5000030,1824.8,51549.8,4.740,146,98,218
2026-07-25T15:00:10Z,35.1950949,-106.4999559,1825.0,51554.5,4.740,146,98,238
2026-07-25T15:00:11Z,35.1950790,-106.4999070,1825.0,51559.3,4.760,146,99,242
2026-07-25T15:00:12Z,35.1950620,-106.4998590,1825.2,51564.1,4.780,146,99,230
2026-07-25T15:00:13Z,35.1950470,-106.4998099,1825.4,51569.0,4.820,146,100,228
2026-07-25T15:00:14Z,35.1950310,-106.4997610,1825.4,51573.8,4.800,146,100,215
2026-07-25T15:00:15Z,35.1950119,-106.4997139,1825.6,51578.6,4.820,146,100,203
2026-07-25T15:00:16Z,35.1949949,-106.4996669,1825.8,51583.4,4.820,146,99,203
2026-07-25T15:00:17Z,35.1949780,-106.4996180,1825.8,51588.4,4.860,146,99,205
2026-07-25T15:00:18Z,35.1949610,-106.4995710,1826.0,51593.1,4.820,146,99,188
2026-07-25T15:00:19Z,35.1949440,-106.4995219,1826.2,51597.8,4.800,147,99,194
2026-07-25T15:00:20Z,35.1949290,-106.4994740,1826.2,51602.5,4.780,146,99,193
2026-07-25T15:00:21Z,35.1949150,-106.4994249,1826.4,51607.3,4.780,146,98,200
2026-07-25T15:00:22Z,35.1948990,-106.4993760,1826.4,51612.1,4.740,146,98,187
2026-07-25T15:00:23Z,35.1948819,-106.4993280,1826.8,51616.8,4.740,145,98,190
2026-07-25T15:00:24Z,35.1948630,-106.4992819,1826.8,51621.5,4.740,145,98,182
2026-07-25T15:00:25Z,35.1948450,-106.4992339,1827.0,51626.3,4.760,145,98,188
2026-07-25T15:00:26Z,35.1948280,-106.4991870,1827.0,51631.1,4.760,145,98,193
2026-07-25T15:00:27Z,35.1948099,-106.4991379,1827.2,51635.8,4.740,144,99,184
2026-07-25T15:00:28Z,35.1947929,-106.4990890,1827.4,51640.6,4.760,144,99,185
2026-07-25T15:00:29Z,35.1947750,-106.4990420,1827.4,51645.4,4.780,144,100,175
2026-07-25T15:00:30Z,35.1947570,-106.4989960,1827.4,51650.4,4.820,144,101,183
2026-07-25T15:00:31Z,35.1947400,-106.4989469,1827.4,51655.4,4.860,143,102,205
2026-07-25T15:00:32Z,35.1947219,-106.4988970,1827.4,51660.2,4.880,144,102,177
2026-07-25T15:00:33Z,35.1947010,-106.4988479,1827.4,51665.3,4.940,144,103,163
2026-07-25T15:00:34Z,35.1946760,-106.4987909,1827.6,51670.3,4.980,144,103,169
2026-07-25T15:00:35Z,35.1946590,-106.4987520,1827.6,51675.3,4.980,143,103,166
2026-07-25T15:00:36Z,35.1946389,-106.4987029,1827.6,51680.1,4.940,142,103,166
2026-07-25T15:00:37Z,35.1946199,-106.4986540,1827.8,51685.1,4.980,143,102,169
2026-07-25T15:00:38Z,35.1945980,-106.4986080,1827.8,51690.0,4.940,142,102,166
2026-07-25T15:00:39Z,35.1945750,-106.4985599,1828.0,51695.3,5.000,142,102,160
2026-07-25T15:00:40Z,35.1945560,-106.4985120,1828.0,51700.3,5.000,142,105,160
2026-07-25T15:00:41Z,35.1945349,-106.4984619,1828.2,51705.1,5.000,141,104,160
2026-07-25T15:00:42Z,35.1945140,-106.4984149,1828.4,51710.1,5.000,141,103,157
2026-07-25T15:00:43Z,35.1944890,-106.4983690,1828.6,51715.1,5.020,141,104,155
2026-07-25T15:00:44Z,35.1944629,-106.4983230,1828.8,51720.2,4.980,141,103,169
2026-07-25T15:00:45Z,35.1944369,-106.4982780,1828.8,51725.3,5.000,141,99,184
2026-07-25T15:00:46Z,35.1944100,-106.4982309,1829.0,51730.4,5.060,140,98,178
2026-07-25T15:00:47Z,35.1943840,-106.4981820,1829.0,51735.4,5.060,140,98,175
2026-07-25T15:00:48Z,35.1943560,-106.4981350,1829.2,51740.7,5.120,140,98,187
2026-07-25T15:00:49Z,35.1943260,-106.4980879,1829.2,51746.0,5.160,140,101,186
2026-07-25T15:00:50Z,35.1942970,-106.4980400,1829.2,51751.3,5.200,140,101,178
2026-07-25T15:00:51Z,35.1942680,-106.4979930,1829.2,51756.7,5.260,140,102,171
2026-07-25T15:00:52Z,35.1942380,-106.4979470,1829.4,51762.0,5.320,140,105,158
2026-07-25T15:00:53Z,35.1942029,-106.4978890,1829.4,51767.5,5.360,140,105,153
2026-07-25T15:00:54Z,35.1941790,-106.4978510,1829.2,51773.1,5.420,140,106,153
2026-07-25T15:00:55Z,35.1941469,-106.4978020,1829.4,51778.6,5.460,140,102,153
2026-07-25T15:00:56Z,35.1941090,-106.4977480,1829.4,51784.1,5.480,140,96,145
2026-07-25T15:00:57Z,35.1940830,-106.4977119,1829.6,51789.7,5.540,139,95,144
2026-07-25T15:00:58Z,35.1940489,-106.4976679,1829.6,51795.3,5.560,139,96,172
2026-07-25T15:00:59Z,35.1940120,-106.4976259,1829.6,51800.8,5.540,139,96,172
2026-07-25T15:01:00Z,35.1939759,-106.4975829,1829.8,51806.5,5.580,138,97,174
2026-07-25T15:01:01Z,35.1939410,-106.4975399,1829.8,51812.1,5.600,139,97,175
2026-07-25T15:01:02Z,35.1938970,-106.4974880,1829.8,51817.7,5.600,139,98,186
2026-07-25T15:01:03Z,35.1938680,-106.4974539,1829.8,51823.4,5.620,139,99,180
2026-07-25T15:01:04Z,35.1938299,-106.4974119,1829.6,51829.1,5.660,139,99,189
2026-07-25T15:01:05Z,35.1937910,-106.4973699,1829.8,51834.7,5.640,139,100,181
2026-07-25T15:01:06Z,35.1937520,-106.4973290,1829.8,51840.5,5.680,139,101,181
2026-07-25T15:01:07Z,35.1937120,-106.4972900,1829.8,51846.3,5.720,138,101,177
2026-07-25T15:01:08Z,35.1936709,-106.4972499,1829.8,51852.2,5.760,138,102,177
2026-07-25T15:01:09Z,35.1936309,-106.4972079,1829.6,51858.0,5.780,138,102,196
2026-07-25T15:01:10Z,35.1935900,-106.4971659,1829.6,51863.9,5.840,138,102,208
2026-07-25T15:01:11Z,35.1935470,-106.4971270,1829.6,51869.8,5.860,138,103,208
2026-07-25T15:01:12Z,35.1934950,-106.4970799,1829.6,51875.9,5.920,138,104,211
2026-07-25T15:01:13Z,35.1934589,-106.4970480,1829.6,51881.9,5.940,138,105,202
2026-07-25T15:01:14Z,35.1934149,-106.4970089,1829.6,51888.1,6.020,138,105,200
2026-07-25T15:01:15Z,35.1933699,-106.4969750,1829.6,51893.9,6.000,138,98,219
2026-07-25T15:01:16Z,35.1933240,-106.4969420,1829.6,51900.1,6.060,137,95,257
2026-07-25T15:01:17Z,35.1932670,-106.4969000,1829.8,51906.4,6.100,138,99,294
2026-07-25T15:01:18Z,35.1932300,-106.4968690,1829.8,51913.2,6.260,138,102,343
2026-07-25T15:01:19Z,35.1931800,-106.4968290,1829.8,51919.8,6.340,138,105,303
2026-07-25T15:01:20Z,35.1931289,-106.4967939,1829.8,51926.5,6.520,138,105,267
2026-07-25T15:01:21Z,35.1930750,-106.4967619,1829.8,51933.2,6.620,138,106,238
2026-07-25T15:01:22Z,35.1930170,-106.4967260,1829.8,51940.0,6.720,138,106,208
2026-07-25T15:01:23Z,35.1929590,-106.4966889,1829.8,51946.7,6.700,138,107,220
2026-07-25T15:01:24Z,35.1929050,-106.4966560,1830.0,51953.3,6.700,139,105,220
2026-07-25T15:01:25Z,35.1928500,-106.4966219,1830.0,51959.9,6.680,140,105,224
2026-07-25T15:01:26Z,35.1927969,-106.4965909,1830.0,51966.4,6.640,140,104,212
2026-07-25T15:01:27Z,35.1927430,-106.4965599,1830.0,51972.9,6.580,141,104,219
2026-07-25T15:01:28Z,35.1926880,-106.4965329,1830.2,51979.4,6.540,141,104,232
2026-07-25T15:01:29Z,35.1926330,-106.4965059,1830.2,51986.2,6.580,142,104,206
2026-07-25T15:01:30Z,35.1925769,-106.4964820,1830.4,51992.8,6.580,142,104,219
2026-07-25T15:01:31Z,35.1925199,-106.4964599,1830.4,51999.7,6.660,142,105,206
2026-07-25T15:01:32Z,35.1924619,-106.4964380,1830.4,52006.3,6.680,143,106,235
2026-07-25T15:01:33Z,35.1924040,-106.4964140,1830.4,52013.1,6.740,143,106,232
2026-07-25T15:01:34Z,35.1923460,-106.4963899,1830.6,52019.6,6.680,143,105,238
2026-07-25T15:01:35Z,35.1922890,-106.4963660,1830.4,52026.3,6.700,143,105,249
2026-07-25T15:01:36Z,35.1922329,-106.4963439,1830.4,52033.0,6.660,143,105,258
2026-07-25T15:01:37Z,35.1921749,-106.4963250,1830.6,52039.7,6.680,143,106,258
2026-07-25T15:01:38Z,35.1921140,-106.4963070,1830.6,52046.5,6.680,143,107,239
2026-07-25T15:01:39Z,35.1920540,-106.4962920,1830.8,52053.4,6.760,143,108,260
2026-07-25T15:01:40Z,35.1919929,-106.4962749,1830.8,52060.1,6.760,143,108,263
2026-07-25T15:01:41Z,35.1919329,-106.4962589,1831.0,52067.0,6.800,143,107,236
2026-07-25T15:01:42Z,35.1918720,-106.4962449,1831.0,52074.0,6.860,143,108,227
2026-07-25T15:01:43Z,35.1918100,-106.4962339,1831.2,52080.8,6.860,144,109,224
2026-07-25T15:01:44Z,35.1917479,-106.4962230,1831.2,52087.8,6.880,144,110,215
2026-07-25T15:01:45Z,35.1916869,-106.4962130,1831.2,52094.8,6.940,144,109,203
2026-07-25T15:01:46Z,35.1916250,-106.4962019,1831.4,52101.5,6.900,144,109,208
2026-07-25T15:01:47Z,35.1915640,-106.4961920,1831.4,52108.6,6.920,144,110,235
2026-07-25T15:01:48Z,35.1915009,-106.4961869,1831.6,52115.5,6.940,145,111,242
2026-07-25T15:01:49Z,35.1914370,-106.4961830,1831.6,52122.6,6.960,145,112,193
2026-07-25T15:01:50Z,35.1913589,-106.4961820,1831.6,52129.6,6.960,145,112,198
2026-07-25T15:01:51Z,35.1913080,-106.4961850,1831.6,52136.9,7.080,145,112,210
2026-07-25T15:01:52Z,35.1912449,-106.4961910,1832.0,52143.9,7.060,144,112,189
2026-07-25T15:01:53Z,35.1911819,-106.4961980,1832.0,52151.1,7.120,146,111,171
2026-07-25T15:01:54Z,35.1911180,-106.4962090,1832.0,52158.1,7.100,144,111,195
2026-07-25T15:01:55Z,35.1910539,-106.4962189,1832.2,52165.2,7.120,146,102,195
2026-07-25T15:01:56Z,35.1909900,-106.4962270,1832.0,52172.4,7.100,145,102,186
2026-07-25T15:01:57Z,35.1909259,-106.4962329,1832.0,52179.6,7.140,146,102,186
2026-07-25T15:01:58Z,35.1908620,-106.4962390,1832.2,52186.9,7.160,146,102,210
2026-07-25T15:01:59Z,35.1907969,-106.4962429,1832.2,52194.1,7.200,146,103,200
2026-07-25T15:02:00Z,35.1907320,-106.4962439,1832.2,52201.4,7.240,145,104,200
2026-07-25T15:02:01Z,35.1906649,-106.4962469,1832.2,52208.6,7.240,145,104,189
2026-07-25T15:02:02Z,35.1905990,-106.4962530,1832.2,52216.1,7.300,145,105,189
2026-07-25T15:02:03Z,35.1905330,-106.4962609,1832.4,52223.6,7.340,145,105,199
2026-07-25T15:02:04Z,35.1904669,-106.4962670,1832.4,52231.4,7.460,145,105,193
2026-07-25T15:02:05Z,35.1903980,-106.4962729,1832.4,52239.1,7.540,145,107,193
2026-07-25T15:02:06Z,35.1903290,-106.4962759,1832.4,52247.0,7.680,145,109,203
2026-07-25T15:02:07Z,35.1902590,-106.4962790,1832.4,52254.9,7.760,144,110,179
2026-07-25T15:02:08Z,35.1901890,-106.4962820,1832.4,52262.8,7.840,145,111,179
2026-07-25T15:02:09Z,35.1901179,-106.4962879,1832.4,52270.9,7.900,145,111,150
2026-07-25T15:02:10Z,35.1900469,-106.4962940,1832.4,52279.3,8.039,144,100,173
2026-07-25T15:02:11Z,35.1899730,-106.4962980,1832.2,52287.8,8.160,145,102,159
2026-07-25T15:02:12Z,35.1898980,-106.4963009,1832.2,52296.1,8.240,145,102,172
2026-07-25T15:02:13Z,35.1898240,-106.4963029,1832.2,52304.8,8.400,144,103,180
2026-07-25T15:02:14Z,35.1897459,-106.4963039,1832.2,52313.2,8.460,144,104,205
2026-07-25T15:02:15Z,35.1896710,-106.4963070,1832.2,52321.7,8.480,144,105,205
2026-07-25T15:02:16Z,35.1895940,-106.4963090,1832.0,52330.2,8.480,144,106,186
2026-07-25T15:02:17Z,35.1895159,-106.4963120,1832.0,52339.0,8.580,144,107,164
2026-07-25T15:02:18Z,35.1894370,-106.4963159,1831.8,52347.5,8.540,144,107,181
2026-07-25T15:02:19Z,35.1893569,-106.4963210,1831.8,52356.3,8.620,144,108,179
2026-07-25T15:02:20Z,35.1892770,-106.4963250,1831.8,52365.3,8.720,144,110,217
2026-07-25T15:02:21Z,35.1891960,-106.4963270,1831.8,52374.5,8.860,144,112,188
2026-07-25T15:02:22Z,35.1891129,-106.4963299,1831.8,52384.2,9.040,144,100,289
2026-07-25T15:02:23Z,35.1890289,-106.4963329,1831.6,52393.7,9.240,143,100,287
2026-07-25T15:02:24Z,35.1889450,-106.4963360,1831.6,52402.9,9.320,144,101,217
2026-07-25T15:02:25Z,35.1888590,-106.4963390,1831.4,52412.5,9.440,144,103,207
2026-07-25T15:02:26Z,35.1887709,-106.4963430,1831.4,52421.9,9.480,144,103,189
2026-07-25T15:02:27Z,35.1886819,-106.4963469,1831.4,52431.8,9.520,143,105,189
2026-07-25T15:02:28Z,35.1885939,-106.4963500,1831.4,52441.7,9.600,143,105,212
2026-07-25T15:02:29Z,35.1885060,-106.4963530,1831.2,52451.4,9.700,143,106,197
2026-07-25T15:02:30Z,35.1884160,-106.4963570,1831.0,52461.6,9.820,143,107,188
2026-07-25T15:02:31Z,35.1883260,-106.4963619,1831.0,52471.7,9.960,143,108,196
2026-07-25T15:02:32Z,35.1882339,-106.4963680,1830.8,52481.6,9.960,144,108,205
2026-07-25T15:02:33Z,35.1881410,-106.4963759,1830.8,52492.1,10.080,144,108,205
2026-07-25T15:02:34Z,35.1880489,-106.4963840,1830.4,52502.8,10.280,143,111,205
2026-07-25T15:02:35Z,35.1879560,-106.4963909,1830.4,52513.2,10.320,143,96,291
2026-07-25T15:02:36Z,35.1878609,-106.4963980,1829.8,52524.2,10.500,143,96,315
2026-07-25T15:02:37Z,35.1877660,-106.4964039,1829.8,52534.9,10.660,143,97,266
2026-07-25T15:02:38Z,35.1876710,-106.4964080,1829.6,52545.7,10.720,143,97,254
2026-07-25T15:02:39Z,35.1875749,-106.4964140,1829.2,52556.7,10.780,143,98,254
2026-07-25T15:02:40Z,35.1874769,-106.4964199,1829.2,52567.6,10.880,143,99,242
2026-07-25T15:02:41Z,35.1873790,-106.4964250,1829.0,52578.3,10.820,143,99,223
2026-07-25T15:02:42Z,35.1872810,-106.4964309,1828.8,52589.3,10.880,144,99,210
2026-07-25T15:02:43Z,35.1871830,-106.4964370,1828.6,52600.4,10.940,144,100,222
2026-07-25T15:02:44Z,35.1870830,-106.4964440,1828.6,52611.6,10.980,144,100,215
2026-07-25T15:02:45Z,35.1869829,-106.4964489,1828.4,52623.0,11.080,144,100,200
2026-07-25T15:02:46Z,35.1868829,-106.4964550,1828.2,52634.3,11.200,144,101,216
2026-07-25T15:02:47Z,35.1867630,-106.4964599,1828.0,52645.5,11.240,144,101,226
2026-07-25T15:02:48Z,35.1866839,-106.4964639,1827.8,52656.6,11.240,144,101,230
2026-07-25T15:02:49Z,35.1865849,-106.4964660,1827.8,52667.6,11.200,144,101,230
2026-07-25T15:02:50Z,35.1864860,-106.4964660,1827.6,52678.9,11.180,144,101,230
2026-07-25T15:02:51Z,35.1863850,-106.4964690,1827.6,52690.1,11.160,144,101,228
2026-07-25T15:02:52Z,35.1862829,-106.4964710,1827.4,52701.4,11.180,144,101,210
2026-07-25T15:02:53Z,35.1861819,-106.4964720,1827.0,52712.7,11.220,145,102,218
2026-07-25T15:02:54Z,35.1860809,-106.4964710,1827.0,52723.9,11.260,144,102,220
2026-07-25T15:02:55Z,35.1859789,-106.4964710,1826.8,52735.1,11.240,144,102,225
2026-07-25T15:02:56Z,35.1858779,-106.4964710,1826.8,52746.2,11.220,144,103,230
2026-07-25T15:02:57Z,35.1857740,-106.4964710,1826.6,52757.3,11.180,145,103,250
2026-07-25T15:02:58Z,35.1856730,-106.4964729,1826.4,52768.7,11.200,145,103,247
2026-07-25T15:02:59Z,35.1855710,-106.4964720,1826.4,52780.4,11.300,145,104,263
2026-07-25T15:03:00Z,35.1854680,-106.4964700,1826.2,52791.9,11.360,144,104,255
2026-07-25T15:03:01Z,35.1853650,-106.4964710,1826.2,52803.4,11.440,145,105,253
2026-07-25T15:03:02Z,35.1852609,-106.4964729,1826.0,52814.9,11.520,144,105,242
2026-07-25T15:03:03Z,35.1851550,-106.4964759,1826.0,52826.6,11.580,145,105,242
2026-07-25T15:03:04Z,35.1850510,-106.4964769,1825.8,52838.5,11.620,144,106,227
2026-07-25T15:03:05Z,35.1849459,-106.4964779,1825.6,52850.2,11.660,144,106,236
2026-07-25T15:03:06Z,35.1848409,-106.4964790,1825.4,52862.2,11.760,145,106,225
2026-07-25T15:03:07Z,35.1847350,-106.4964790,1825.2,52873.9,11.800,144,106,219
2026-07-25T15:03:08Z,35.1846279,-106.4964790,1825.0,52885.6,11.800,145,107,222
2026-07-25T15:03:09Z,35.1845200,-106.4964779,1824.8,52897.3,11.760,145,107,238
2026-07-25T15:03:10Z,35.1844139,-106.4964759,1824.8,52909.2,11.800,145,107,237
2026-07-25T15:03:11Z,35.1843079,-106.4964720,1824.6,52920.6,11.680,145,107,228
2026-07-25T15:03:12Z,35.1842020,-106.4964690,1824.6,52932.6,11.740,145,107,236
2026-07-25T15:03:13Z,35.1840949,-106.4964670,1824.4,52944.5,11.780,145,108,236
2026-07-25T15:03:14Z,35.1839880,-106.4964660,1824.4,52956.8,11.900,146,108,255
2026-07-25T15:03:15Z,35.1838799,-106.4964639,1824.2,52968.7,11.900,147,109,251
2026-07-25T15:03:16Z,35.1837730,-106.4964619,1823.8,52980.9,12.060,145,109,233
2026-07-25T15:03:17Z,35.1836649,-106.4964599,1823.6,52993.1,12.100,145,109,230
2026-07-25T15:03:18Z,35.1835580,-106.4964589,1823.4,53004.8,12.060,145,108,212
2026-07-25T15:03:19Z,35.1834520,-106.4964589,1823.4,53016.6,11.960,146,108,220
2026-07-25T15:03:20Z,35.1833459,-106.4964609,1823.0,53028.3,11.920,146,108,220
2026-07-25T15:03:21Z,35.1832400,-106.4964650,1823.0,53039.9,11.800,146,107,206
2026-07-25T15:03:22Z,35.1831360,-106.4964670,1822.8,53051.0,11.580,146,105,217
2026-07-25T15:03:23Z,35.1830329,-106.4964690,1822.8,53062.3,11.500,145,104,239
2026-07-25T15:03:24Z,35.1829299,-106.4964720,1822.6,53073.6,11.400,146,104,250
2026-07-25T15:03:25Z,35.1828279,-106.4964729,1822.4,53085.3,11.400,146,103,249
2026-07-25T15:03:26Z,35.1827259,-106.4964720,1822.4,53096.4,11.300,146,103,264
2026-07-25T15:03:27Z,35.1826240,-106.4964710,1822.0,53107.7,11.340,146,103,264
2026-07-25T15:03:28Z,35.1825230,-106.4964720,1822.0,53118.9,11.320,146,103,264
2026-07-25T15:03:29Z,35.1824200,-106.4964739,1821.8,53130.0,11.280,146,103,237
2026-07-25T15:03:30Z,35.1823190,-106.4964749,1821.8,53141.1,11.160,146,103,234
2026-07-25T15:03:31Z,35.1822180,-106.4964749,1821.8,53152.4,11.200,146,102,219
2026-07-25T15:03:32Z,35.1821170,-106.4964749,1821.8,53163.4,11.140,146,102,246
2026-07-25T15:03:33Z,35.1820160,-106.4964729,1821.8,53174.5,11.120,146,101,233
2026-07-25T15:03:34Z,35.1819150,-106.4964710,1821.8,53185.6,11.120,146,101,242
2026-07-25T15:03:35Z,35.1818160,-106.4964710,1821.8,53196.7,11.120,146,101,255
2026-07-25T15:03:36Z,35.1817170,-106.4964690,1821.8,53207.9,11.100,146,101,255
2026-07-25T15:03:37Z,35.1816160,-106.4964700,1821.8,53219.1,11.140,147,101,238
2026-07-25T15:03:38Z,35.1815160,-106.4964690,1821.8,53230.4,11.180,146,100,244
2026-07-25T15:03:39Z,35.1814189,-106.4964660,1821.8,53241.3,11.140,146,100,258
2026-07-25T15:03:40Z,35.1813209,-106.4964650,1821.8,53252.4,11.140,147,100,238
2026-07-25T15:03:41Z,35.1812220,-106.4964660,1821.6,53263.5,11.120,146,100,238
2026-07-25T15:03:42Z,35.1811220,-106.4964660,1821.4,53274.5,11.080,147,100,281
2026-07-25T15:03:43Z,35.1810240,-106.4964660,1821.2,53285.5,11.020,146,100,249
2026-07-25T15:03:44Z,35.1809250,-106.4964660,1821.2,53296.6,11.060,146,100,316
2026-07-25T15:03:45Z,35.1808260,-106.4964670,1821.2,53307.6,11.040,146,100,250
2026-07-25T15:03:46Z,35.1807279,-106.4964660,1821.2,53318.9,11.080,147,100,218
2026-07-25T15:03:47Z,35.1806330,-106.4964660,1821.0,53329.8,11.060,146,99,217
2026-07-25T15:03:48Z,35.1805360,-106.4964650,1820.8,53340.6,11.020,146,98,208
2026-07-25T15:03:49Z,35.1804390,-106.4964629,1820.8,53351.2,10.920,147,98,207
2026-07-25T15:03:50Z,35.1803419,-106.4964619,1820.6,53361.8,10.840,147,96,207
2026-07-25T15:03:51Z,35.1802480,-106.4964619,1820.6,53372.3,10.680,147,95,191
2026-07-25T15:03:52Z,35.1801529,-106.4964609,1820.6,53383.0,10.640,147,95,264
2026-07-25T15:03:53Z,35.1800409,-106.4964599,1820.6,53393.2,10.520,147,95,291
2026-07-25T15:03:54Z,35.1799659,-106.4964599,1820.6,53403.8,10.520,148,95,263
2026-07-25T15:03:55Z,35.1798730,-106.4964599,1820.6,53414.5,10.540,148,95,249
2026-07-25T15:03:56Z,35.1797789,-106.4964580,1820.4,53424.7,10.480,148,94,210
2026-07-25T15:03:57Z,35.1796870,-106.4964560,1820.4,53434.8,10.360,147,93,184
2026-07-25T15:03:58Z,35.1795779,-106.4964560,1820.4,53445.2,10.400,147,93,201
2026-07-25T15:03:59Z,35.1795059,-106.4964560,1820.2,53455.1,10.260,147,92,227
2026-07-25T15:04:00Z,35.1794150,-106.4964570,1820.2,53465.2,10.140,148,92,207
2026-07-25T15:04:01Z,35.1793260,-106.4964570,1820.0,53475.5,10.160,147,91,175
2026-07-25T15:04:02Z,35.1792359,-106.4964560,1819.8,53485.5,10.140,147,90,191
2026-07-25T15:04:03Z,35.1791469,-106.4964520,1819.8,53495.4,10.040,147,90,172
2026-07-25T15:04:04Z,35.1790589,-106.4964479,1819.6,53505.0,9.980,146,89,122
2026-07-25T15:04:05Z,35.1789710,-106.4964469,1819.6,53514.6,9.880,147,88,135
2026-07-25T15:04:06Z,35.1788840,-106.4964479,1819.6,53524.1,9.720,147,88,208
2026-07-25T15:04:07Z,35.1787990,-106.4964500,1819.6,53533.8,9.660,146,88,252
2026-07-25T15:04:08Z,35.1786950,-106.4964510,1819.6,53543.1,9.540,146,88,179
2026-07-25T15:04:09Z,35.1786260,-106.4964510,1819.6,53552.5,9.500,145,88,0
2026-07-25T15:04:10Z,35.1785409,-106.4964420,1819.6,53561.5,9.380,147,88,0
2026-07-25T15:04:11Z,35.1784599,-106.4964189,1819.6,53570.1,9.200,145,0,0
2026-07-25T15:04:12Z,35.1783859,-106.4963909,1819.6,53578.4,8.920,145,0,0
2026-07-25T15:04:13Z,35.1783139,-106.4963670,1819.6,53585.7,8.520,145,0,0
2026-07-25T15:04:14Z,35.1782470,-106.4963560,1819.6,53591.9,7.880,144,0,0
2026-07-25T15:04:15Z,35.1781910,-106.4963550,1819.8,53597.3,7.160,144,0,0
2026-07-25T15:04:16Z,35.1781440,-106.4963570,1819.8,53601.8,6.340,144,0,0
2026-07-25T15:04:17Z,35.1781090,-106.4963589,1819.8,53605.4,5.400,143,0,0
2026-07-25T15:04:18Z,35.1780849,-106.4963589,1819.8,53608.0,4.460,142,0,0
2026-07-25T15:04:19Z,35.1780689,-106.4963560,1820.0,53609.9,3.600,142,0,0
2026-07-25T15:04:20Z,35.1780490,-106.4963479,1820.0,53612.6,3.060,142,0,0
2026-07-25T15:04:21Z,35.1780279,-106.4963309,1820.0,53615.8,2.800,142,32,170
2026-07-25T15:04:22Z,35.1780109,-106.4963019,1820.2,53619.9,2.900,142,32,231
2026-07-25T15:04:23Z,35.1780080,-106.4962630,1820.4,53624.3,3.260,141,54,231
2026-07-25T15:04:24Z,35.1780230,-106.4962260,1820.2,53628.7,3.760,141,67,213
2026-07-25T15:04:25Z,35.1780539,-106.4961999,1820.4,53633.5,4.180,140,67,217
2026-07-25T15:04:26Z,35.1780930,-106.4961950,1820.6,53638.3,4.500,140,71,217
2026-07-25T15:04:27Z,35.1781360,-106.4962009,1820.6,53643.2,4.660,140,75,181
2026-07-25T15:04:28Z,35.1781810,-106.4962080,1820.6,53648.4,4.820,140,94,114
2026-07-25T15:04:29Z,35.1782289,-106.4962090,1820.8,53653.6,4.980,139,97,109
2026-07-25T15:04:30Z,35.1782770,-106.4962080,1820.8,53658.8,5.060,139,97,80
2026-07-25T15:04:31Z,35.1783240,-106.4962100,1821.0,53664.1,5.160,138,99,80
2026-07-25T15:04:32Z,35.1783719,-106.4962090,1821.0,53669.4,5.240,138,101,73
2026-07-25T15:04:33Z,35.1784210,-106.4962060,1821.0,53674.8,5.280,138,101,81
2026-07-25T15:04:34Z,35.1784709,-106.4962060,1821.0,53680.4,5.360,138,102,77
2026-07-25T15:04:35Z,35.1785200,-106.4962060,1821.0,53685.9,5.420,137,104,71
2026-07-25T15:04:36Z,35.1785699,-106.4962060,1821.0,53691.5,5.480,138,105,67
2026-07-25T15:04:37Z,35.1786200,-106.4962060,1821.0,53696.9,5.500,137,106,58
2026-07-25T15:04:38Z,35.1786709,-106.4962039,1821.0,53702.6,5.560,137,106,45
2026-07-25T15:04:39Z,35.1787230,-106.4961990,1821.0,53708.0,5.520,136,102,62
2026-07-25T15:04:40Z,35.1787759,-106.4961990,1821.0,53713.7,5.560,136,97,90
2026-07-25T15:04:41Z,35.1788270,-106.4961970,1821.0,53719.2,5.540,135,97,92
2026-07-25T15:04:42Z,35.1788769,-106.4961940,1821.0,53724.8,5.580,135,96,84
2026-07-25T15:04:43Z,35.1789280,-106.4961910,1821.0,53730.4,5.560,134,96,77
2026-07-25T15:04:44Z,35.1789779,-106.4961910,1821.0,53735.9,5.580,133,96,79
2026-07-25T15:04:45Z,35.1790280,-106.4961910,1821.0,53741.4,5.540,133,96,82
2026-07-25T15:04:46Z,35.1790769,-106.4961920,1821.0,53746.8,5.520,132,82,84
2026-07-25T15:04:47Z,35.1791270,-106.4961920,1820.8,53752.3,5.500,132,82,178
2026-07-25T15:04:48Z,35.1791670,-106.4961910,1820.8,53758.0,5.520,132,60,178
2026-07-25T15:04:49Z,35.1792290,-106.4961920,1820.8,53763.7,5.560,131,61,158
2026-07-25T15:04:50Z,35.1792830,-106.4961950,1820.8,53769.8,5.680,131,63,162
2026-07-25T15:04:51Z,35.1793380,-106.4961950,1820.8,53775.7,5.780,131,63,131
2026-07-25T15:04:52Z,35.1793929,-106.4961970,1820.8,53781.9,5.920,131,78,131
2026-07-25T15:04:53Z,35.1794469,-106.4961980,1820.8,53787.8,5.960,131,78,120
2026-07-25T15:04:54Z,35.1795010,-106.4961980,1820.8,53793.8,6.020,131,78,119
2026-07-25T15:04:55Z,35.1795550,-106.4961970,1821.0,53799.9,6.020,131,78,122
2026-07-25T15:04:56Z,35.1796099,-106.4961980,1821.0,53805.9,6.040,130,78,138
2026-07-25T15:04:57Z,35.1796649,-106.4961990,1821.0,53812.2,6.060,130,79,140
2026-07-25T15:04:58Z,35.1797200,-106.4961990,1821.0,53818.4,6.120,130,79,128
2026-07-25T15:04:59Z,35.1797779,-106.4962009,1821.0,53824.5,6.140,130,80,130
2026-07-25T15:05:00Z,35.1798340,-106.4962009,1821.0,53830.9,6.200,132,81,139
2026-07-25T15:05:01Z,35.1798900,-106.4962009,1821.2,53837.1,6.240,131,81,135
2026-07-25T15:05:02Z,35.1799450,-106.4962019,1821.2,53843.4,6.240,131,81,125
2026-07-25T15:05:03Z,35.1800010,-106.4962019,1821.2,53849.7,6.260,131,81,122
2026-07-25T15:05:04Z,35.1800580,-106.4962049,1821.2,53856.0,6.300,131,81,126
2026-07-25T15:05:05Z,35.1801160,-106.4962060,1821.2,53862.3,6.280,130,81,126
2026-07-25T15:05:06Z,35.1801740,-106.4962049,1821.2,53868.8,6.340,131,81,152
2026-07-25T15:05:07Z,35.1802320,-106.4962039,1821.2,53875.5,6.420,132,83,152
2026-07-25T15:05:08Z,35.1802910,-106.4962019,1821.2,53882.0,6.460,133,85,126
2026-07-25T15:05:09Z,35.1803500,-106.4962009,1821.4,53888.5,6.500,133,85,113
2026-07-25T15:05:10Z,35.1804220,-106.4961999,1821.4,53895.3,6.600,133,85,114
2026-07-25T15:05:11Z,35.1804699,-106.4961990,1821.4,53901.8,6.600,133,85,114
2026-07-25T15:05:12Z,35.1805289,-106.4961980,1821.6,53908.5,6.600,134,85,116
2026-07-25T15:05:13Z,35.1805890,-106.4962009,1821.6,53915.1,6.620,134,85,123
2026-07-25T15:05:14Z,35.1806490,-106.4962029,1821.6,53921.7,6.640,133,85,111
2026-07-25T15:05:15Z,35.1807070,-106.4962039,1821.6,53928.4,6.620,133,85,112
2026-07-25T15:05:16Z,35.1807680,-106.4962049,1821.6,53934.9,6.620,133,85,112
2026-07-25T15:05:17Z,35.1808279,-106.4962039,1821.6,53941.5,6.600,133,85,102
2026-07-25T15:05:18Z,35.1808869,-106.4962039,1821.6,53948.3,6.640,133,85,102
2026-07-25T15:05:19Z,35.1809459,-106.4962029,1821.6,53954.9,6.640,132,85,121
2026-07-25T15:05:20Z,35.1810070,-106.4962029,1821.6,53961.4,6.600,132,86,115
2026-07-25T15:05:21Z,35.1810660,-106.4962019,1821.8,53968.0,6.620,132,86,118
2026-07-25T15:05:22Z,35.1811260,-106.4962039,1821.8,53974.6,6.620,132,85,125
2026-07-25T15:05:23Z,35.1811850,-106.4962070,1822.0,53981.3,6.600,132,85,114
2026-07-25T15:05:24Z,35.1812440,-106.4962070,1822.0,53988.0,6.620,131,85,120
2026-07-25T15:05:25Z,35.1813029,-106.4962039,1822.0,53994.6,6.640,132,86,107
2026-07-25T15:05:26Z,35.1813629,-106.4962019,1822.0,54001.4,6.680,131,86,114
2026-07-25T15:05:27Z,35.1814230,-106.4962029,1822.0,54008.1,6.700,130,86,108
2026-07-25T15:05:28Z,35.1814820,-106.4962039,1822.0,54014.7,6.680,130,85,119
2026-07-25T15:05:29Z,35.1815530,-106.4962029,1822.0,54021.3,6.660,130,85,128
2026-07-25T15:05:30Z,35.1816010,-106.4962049,1822.0,54027.8,6.640,130,85,124
2026-07-25T15:05:31Z,35.1816590,-106.4962070,1822.0,54034.3,6.580,130,85,112
2026-07-25T15:05:32Z,35.1817190,-106.4962070,1822.0,54040.9,6.560,130,85,112
2026-07-25T15:05:33Z,35.1817769,-106.4962060,1822.2,54047.4,6.540,130,84,112
2026-07-25T15:05:34Z,35.1818369,-106.4962039,1822.2,54053.8,6.500,130,84,115
2026-07-25T15:05:35Z,35.1818959,-106.4962039,1822.2,54060.4,6.520,130,84,111
2026-07-25T15:05:36Z,35.1819550,-106.4962019,1822.2,54067.0,6.540,130,85,111
2026-07-25T15:05:37Z,35.1820140,-106.4962019,1822.2,54073.6,6.540,130,85,116
2026-07-25T15:05:38Z,35.1820720,-106.4962049,1822.2,54080.2,6.560,130,85,133
2026-07-25T15:05:39Z,35.1821310,-106.4962139,1822.2,54086.8,6.600,130,85,131
2026-07-25T15:05:40Z,35.1821880,-106.4962210,1822.2,54093.2,6.560,129,85,131
2026-07-25T15:05:41Z,35.1822460,-106.4962210,1822.4,54099.7,6.540,129,84,122
2026-07-25T15:05:42Z,35.1823040,-106.4962210,1822.4,54106.3,6.540,128,84,121
2026-07-25T15:05:43Z,35.1823620,-106.4962200,1822.4,54112.7,6.500,129,84,120
2026-07-25T15:05:44Z,35.1824210,-106.4962200,1822.4,54119.3,6.500,129,84,120
2026-07-25T15:05:45Z,35.1824790,-106.4962210,1822.4,54125.9,6.540,128,84,122
2026-07-25T15:05:46Z,35.1825370,-106.4962210,1822.6,54132.5,6.560,129,84,127
2026-07-25T15:05:47Z,35.1825950,-106.4962230,1822.8,54139.0,6.540,128,85,129
2026-07-25T15:05:48Z,35.1826549,-106.4962250,1822.8,54145.6,6.580,129,85,117
2026-07-25T15:05:49Z,35.1827139,-106.4962240,1822.8,54152.1,6.560,128,85,134
2026-07-25T15:05:50Z,35.1827719,-106.4962250,1822.8,54158.6,6.540,128,84,136
2026-07-25T15:05:51Z,35.1828299,-106.4962270,1822.8,54165.1,6.520,128,84,102
2026-07-25T15:05:52Z,35.1828869,-106.4962260,1822.8,54171.4,6.480,128,83,102
2026-07-25T15:05:53Z,35.1829429,-106.4962270,1822.8,54176.3,6.140,128,83,32
2026-07-25T15:05:54Z,35.1829940,-106.4962280,1822.8,54181.6,5.900,128,82,32
2026-07-25T15:05:55Z,35.1830400,-106.4962260,1823.0,54186.6,5.600,128,82,67
2026-07-25T15:05:56Z,35.1830859,-106.4962220,1823.0,54191.9,5.360,126,36,67
2026-07-25T15:05:57Z,35.1831339,-106.4962230,1823.0,54197.4,5.200,127,81,216
2026-07-25T15:05:58Z,35.1831810,-106.4962260,1823.2,54203.1,5.360,127,83,188
2026-07-25T15:05:59Z,35.1832299,-106.4962270,1823.2,54208.9,5.460,128,85,173
2026-07-25T15:06:00Z,35.1832800,-106.4962280,1823.4,54215.0,5.680,127,88,186
2026-07-25T15:06:01Z,35.1833319,-106.4962270,1823.4,54221.1,5.840,127,92,166
2026-07-25T15:06:02Z,35.1833870,-106.4962250,1823.6,54227.2,5.960,127,93,143
2026-07-25T15:06:03Z,35.1834359,-106.4962189,1823.6,54233.4,6.060,127,93,156
2026-07-25T15:06:04Z,35.1834850,-106.4962130,1823.6,54239.7,6.160,127,93,142
2026-07-25T15:06:05Z,35.1835410,-106.4962139,1823.8,54245.9,6.180,128,94,140
2026-07-25T15:06:06Z,35.1836069,-106.4962200,1823.8,54252.3,6.240,127,95,168
2026-07-25T15:06:07Z,35.1836639,-106.4962210,1823.8,54258.7,6.300,127,97,159
2026-07-25T15:06:08Z,35.1836870,-106.4962210,1823.8,54265.2,6.360,127,97,143
2026-07-25T15:06:09Z,35.1837100,-106.4962210,1823.8,54271.6,6.380,127,98,136
2026-07-25T15:06:10Z,35.1838270,-106.4962210,1823.8,54278.2,6.460,128,99,135
2026-07-25T15:06:11Z,35.1838959,-106.4962210,1824.0,54284.7,6.480,128,99,142
2026-07-25T15:06:12Z,35.1839550,-106.4962210,1824.0,54291.2,6.500,127,99,139
2026-07-25T15:06:13Z,35.1840140,-106.4962200,1824.0,54297.8,6.520,127,99,145
2026-07-25T15:06:14Z,35.1840669,-106.4962210,1824.0,54304.2,6.520,128,98,140
2026-07-25T15:06:15Z,35.1841200,-106.4962210,1824.2,54310.5,6.460,128,97,144
2026-07-25T15:06:16Z,35.1841890,-106.4962220,1824.2,54317.0,6.460,128,96,150
2026-07-25T15:06:17Z,35.1842470,-106.4962200,1824.2,54323.3,6.420,127,96,166
2026-07-25T15:06:18Z,35.1843040,-106.4962169,1824.2,54329.5,6.340,128,96,145
2026-07-25T15:06:19Z,35.1843490,-106.4962139,1824.2,54335.8,6.320,127,95,145
2026-07-25T15:06:20Z,35.1844070,-106.4962130,1824.2,54342.1,6.320,128,95,145
2026-07-25T15:06:21Z,35.1844689,-106.4962159,1824.4,54348.3,6.260,127,94,146
2026-07-25T15:06:22Z,35.1845310,-106.4962189,1824.2,54354.5,6.240,128,94,150
2026-07-25T15:06:23Z,35.1845870,-106.4962210,1824.4,54360.6,6.220,128,93,140
2026-07-25T15:06:24Z,35.1846419,-106.4962200,1824.4,54366.7,6.180,128,92,137
2026-07-25T15:06:25Z,35.1846859,-106.4962179,1824.6,54372.7,6.120,129,92,136
2026-07-25T15:06:26Z,35.1847510,-106.4962130,1824.6,54378.9,6.120,128,92,151
2026-07-25T15:06:27Z,35.1848050,-106.4962080,1824.8,54384.9,6.080,129,92,157
2026-07-25T15:06:28Z,35.1848589,-106.4962080,1824.8,54391.1,6.100,128,92,166
2026-07-25T15:06:29Z,35.1849139,-106.4962120,1825.0,54397.0,6.060,129,91,167
2026-07-25T15:06:30Z,35.1849690,-106.4962169,1825.0,54403.1,6.080,128,91,186
2026-07-25T15:06:31Z,35.1850230,-106.4962179,1825.0,54409.1,6.040,128,91,167
2026-07-25T15:06:32Z,35.1850780,-106.4962189,1825.2,54415.2,6.060,129,92,167
2026-07-25T15:06:33Z,35.1851340,-106.4962189,1825.2,54421.3,6.040,128,92,164
2026-07-25T15:06:34Z,35.1851879,-106.4962179,1825.4,54427.2,6.040,128,92,173
2026-07-25T15:06:35Z,35.1852429,-106.4962179,1825.4,54433.3,6.040,128,92,156
2026-07-25T15:06:36Z,35.1852980,-106.4962210,1825.6,54439.4,6.060,128,92,162
2026-07-25T15:06:37Z,35.1853520,-106.4962240,1825.6,54445.4,6.040,128,92,162
2026-07-25T15:06:38Z,35.1854049,-106.4962250,1825.6,54451.5,6.040,128,92,161
2026-07-25T15:06:39Z,35.1854589,-106.4962240,1825.6,54457.5,6.060,128,91,153
2026-07-25T15:06:40Z,35.1855140,-106.4962220,1825.8,54463.6,6.060,128,91,155
2026-07-25T15:06:41Z,35.1855690,-106.4962210,1825.8,54469.7,6.060,128,92,155
2026-07-25T15:06:42Z,35.1856230,-106.4962210,1825.6,54475.8,6.080,128,92,162
2026-07-25T15:06:43Z,35.1856779,-106.4962230,1825.8,54481.8,6.060,128,91,156
2026-07-25T15:06:44Z,35.1857319,-106.4962250,1825.8,54487.7,6.040,128,91,159
2026-07-25T15:06:45Z,35.1857840,-106.4962250,1825.8,54493.7,6.020,129,90,144
2026-07-25T15:06:46Z,35.1858390,-106.4962260,1826.0,54499.7,6.000,128,90,144
2026-07-25T15:06:47Z,35.1858919,-106.4962230,1826.2,54505.6,5.960,129,90,147
2026-07-25T15:06:48Z,35.1859450,-106.4962220,1826.2,54511.6,5.960,129,90,135
2026-07-25T15:06:49Z,35.1859990,-106.4962220,1826.2,54517.4,5.940,129,91,183
2026-07-25T15:06:50Z,35.1860509,-106.4962220,1826.4,54523.6,5.980,129,90,181
2026-07-25T15:06:51Z,35.1861040,-106.4962189,1826.6,54529.6,5.980,129,91,181
2026-07-25T15:06:52Z,35.1861580,-106.4962159,1826.6,54535.6,6.000,129,92,153
2026-07-25T15:06:53Z,35.1862109,-106.4962139,1826.8,54541.6,6.000,130,91,144
2026-07-25T15:06:54Z,35.1862639,-106.4962149,1826.8,54547.7,6.060,129,91,149
2026-07-25T15:06:55Z,35.1863170,-106.4962179,1827.0,54553.6,6.000,129,90,152
2026-07-25T15:06:56Z,35.1863699,-106.4962189,1827.0,54559.6,6.000,130,90,164
2026-07-25T15:06:57Z,35.1864249,-106.4962149,1827.2,54565.6,6.000,129,90,170
2026-07-25T15:06:58Z,35.1864790,-106.4962130,1827.2,54571.6,6.000,129,91,154
2026-07-25T15:06:59Z,35.1865330,-106.4962120,1827.4,54577.6,5.980,129,91,158
2026-07-25T15:07:00Z,35.1865860,-106.4962120,1827.4,54583.7,6.020,129,90,149
2026-07-25T15:07:01Z,35.1866389,-106.4962120,1827.4,54589.5,5.980,129,90,147
2026-07-25T15:07:02Z,35.1866940,-106.4962130,1827.6,54595.4,5.960,129,90,153
2026-07-25T15:07:03Z,35.1867470,-106.4962149,1827.6,54601.5,5.980,129,90,155
2026-07-25T15:07:04Z,35.1867999,-106.4962130,1827.6,54607.6,6.000,128,90,147
2026-07-25T15:07:05Z,35.1868520,-106.4962100,1827.8,54613.4,5.940,129,90,147
2026-07-25T15:07:06Z,35.1869050,-106.4962049,1827.6,54619.3,5.960,128,90,152
2026-07-25T15:07:07Z,35.1869589,-106.4961999,1827.6,54625.3,5.980,128,90,154
2026-07-25T15:07:08Z,35.1870119,-106.4961970,1827.6,54631.3,5.960,128,91,172
2026-07-25T15:07:09Z,35.1870650,-106.4961980,1827.8,54637.3,5.940,128,91,166
2026-07-25T15:07:10Z,35.1871200,-106.4961990,1828.0,54643.3,5.980,128,91,157
2026-07-25T15:07:11Z,35.1871749,-106.4961980,1828.2,54649.3,6.000,128,91,165
2026-07-25T15:07:12Z,35.1872289,-106.4961950,1828.2,54655.4,6.020,127,91,161
2026-07-25T15:07:13Z,35.1872830,-106.4961910,1828.4,54661.4,6.020,128,91,165
2026-07-25T15:07:14Z,35.1873360,-106.4961869,1828.4,54667.4,6.020,128,91,178
2026-07-25T15:07:15Z,35.1873899,-106.4961859,1828.4,54673.4,6.020,129,91,178
2026-07-25T15:07:16Z,35.1874429,-106.4961840,1828.4,54679.3,6.000,129,91,160
2026-07-25T15:07:17Z,35.1874950,-106.4961800,1828.4,54685.1,5.940,128,90,160
2026-07-25T15:07:18Z,35.1875469,-106.4961770,1828.6,54690.8,5.880,128,88,169
2026-07-25T15:07:19Z,35.1875990,-106.4961739,1828.6,54696.4,5.800,128,87,185
2026-07-25T15:07:20Z,35.1876510,-106.4961709,1828.6,54702.2,5.760,128,87,179
2026-07-25T15:07:21Z,35.1877120,-106.4961690,1828.6,54708.0,5.740,128,87,185
2026-07-25T15:07:22Z,35.1877520,-106.4961660,1828.8,54713.6,5.700,128,87,186
2026-07-25T15:07:23Z,35.1878039,-106.4961640,1829.0,54719.4,5.720,128,87,173
2026-07-25T15:07:24Z,35.1878550,-106.4961599,1829.2,54725.1,5.740,128,87,185
2026-07-25T15:07:25Z,35.1879059,-106.4961560,1829.2,54730.9,5.740,129,87,189
2026-07-25T15:07:26Z,35.1879570,-106.4961550,1829.2,54736.7,5.740,129,87,174
2026-07-25T15:07:27Z,35.1880069,-106.4961520,1829.4,54742.6,5.800,129,88,183
2026-07-25T15:07:28Z,35.1880600,-106.4961520,1829.6,54748.4,5.800,129,89,195
2026-07-25T15:07:29Z,35.1881120,-106.4961480,1829.8,54754.2,5.820,129,90,201
2026-07-25T15:07:30Z,35.1881649,-106.4961439,1830.0,54760.3,5.880,130,91,215
2026-07-25T15:07:31Z,35.1882190,-106.4961410,1830.0,54766.3,5.920,130,92,194
2026-07-25T15:07:32Z,35.1882730,-106.4961390,1830.0,54772.5,5.980,130,93,167
2026-07-25T15:07:33Z,35.1883280,-106.4961370,1830.0,54778.6,6.040,130,93,153
2026-07-25T15:07:34Z,35.1883829,-106.4961340,1830.2,54784.8,6.120,130,93,171
2026-07-25T15:07:35Z,35.1884389,-106.4961289,1830.2,54791.0,6.140,131,95,164
2026-07-25T15:07:36Z,35.1884949,-106.4961250,1830.4,54797.4,6.220,131,96,160
2026-07-25T15:07:37Z,35.1885529,-106.4961240,1830.4,54804.0,6.300,131,98,153
2026-07-25T15:07:38Z,35.1886109,-106.4961220,1830.6,54810.4,6.360,131,99,154
2026-07-25T15:07:39Z,35.1886699,-106.4961200,1830.8,54817.1,6.460,132,100,164
2026-07-25T15:07:40Z,35.1887320,-106.4961169,1830.8,54823.7,6.540,132,101,160
2026-07-25T15:07:41Z,35.1887940,-106.4961149,1830.8,54830.5,6.620,132,101,155
2026-07-25T15:07:42Z,35.1888559,-106.4961110,1830.8,54837.1,6.620,132,102,165
2026-07-25T15:07:43Z,35.1889160,-106.4961070,1830.8,54843.9,6.700,132,102,171
2026-07-25T15:07:44Z,35.1889760,-106.4961029,1830.8,54850.6,6.700,132,102,159
2026-07-25T15:07:45Z,35.1890480,-106.4960999,1831.0,54857.3,6.720,132,102,148
2026-07-25T15:07:46Z,35.1890960,-106.4960970,1831.0,54863.9,6.680,132,101,151
2026-07-25T15:07:47Z,35.1891559,-106.4960920,1831.0,54870.5,6.680,132,101,157
2026-07-25T15:07:48Z,35.1892159,-106.4960899,1831.2,54877.0,6.620,132,101,149
2026-07-25T15:07:49Z,35.1892749,-106.4960869,1831.2,54883.6,6.600,132,100,149
2026-07-25T15:07:50Z,35.1893340,-106.4960840,1831.2,54890.4,6.620,132,100,189
2026-07-25T15:07:51Z,35.1893930,-106.4960840,1831.2,54897.1,6.640,133,101,177
2026-07-25T15:07:52Z,35.1894530,-106.4960920,1831.2,54903.7,6.640,133,100,149
2026-07-25T15:07:53Z,35.1895100,-106.4960980,1831.2,54910.1,6.620,133,100,152
2026-07-25T15:07:54Z,35.1895690,-106.4961019,1831.4,54916.6,6.600,133,99,152
2026-07-25T15:07:55Z,35.1896280,-106.4961060,1831.2,54923.0,6.520,132,99,154
2026-07-25T15:07:56Z,35.1896860,-106.4961080,1831.4,54929.5,6.480,133,99,169
2026-07-25T15:07:57Z,35.1897439,-106.4961060,1831.4,54936.2,6.500,132,99,163
2026-07-25T15:07:58Z,35.1898019,-106.4961039,1831.6,54942.8,6.540,133,100,151
2026-07-25T15:07:59Z,35.1898609,-106.4961029,1831.6,54949.4,6.560,132,99,143
2026-07-25T15:08:00Z,35.1899189,-106.4961019,1831.6,54955.9,6.580,132,99,149
2026-07-25T15:08:01Z,35.1899779,-106.4960999,1831.8,54962.3,6.560,132,99,151
2026-07-25T15:08:02Z,35.1900369,-106.4960970,1831.8,54968.7,6.500,131,99,153
2026-07-25T15:08:03Z,35.1900960,-106.4960950,1831.8,54975.1,6.460,132,98,158
2026-07-25T15:08:04Z,35.1901550,-106.4960930,1832.0,54981.5,6.420,131,99,164
2026-07-25T15:08:05Z,35.1902130,-106.4960899,1832.0,54988.2,6.460,131,99,170
2026-07-25T15:08:06Z,35.1902720,-106.4960879,1832.2,54994.5,6.440,131,99,185
2026-07-25T15:08:07Z,35.1903300,-106.4960859,1832.2,55001.1,6.480,131,99,185
2026-07-25T15:08:08Z,35.1903890,-106.4960830,1832.4,55007.6,6.500,131,99,176
2026-07-25T15:08:09Z,35.1904480,-106.4960810,1832.4,55013.9,6.480,131,98,166
2026-07-25T15:08:10Z,35.1905050,-106.4960770,1832.6,55020.4,6.440,131,97,173
2026-07-25T15:08:11Z,35.1905620,-106.4960729,1832.6,55027.0,6.500,131,100,149
2026-07-25T15:08:12Z,35.1906219,-106.4960700,1832.8,55033.8,6.540,131,102,138
2026-07-25T15:08:13Z,35.1906819,-106.4960670,1832.8,55040.8,6.640,131,103,128
2026-07-25T15:08:14Z,35.1907420,-106.4960640,1832.8,55047.7,6.760,130,104,114
2026-07-25T15:08:15Z,35.1908040,-106.4960599,1832.8,55054.6,6.840,130,105,106
2026-07-25T15:08:16Z,35.1908669,-106.4960540,1832.8,55061.1,6.820,130,105,38
2026-07-25T15:08:17Z,35.1909279,-106.4960490,1833.0,55067.5,6.740,131,51,38
2026-07-25T15:08:18Z,35.1909870,-106.4960469,1833.0,55073.9,6.620,131,98,106
2026-07-25T15:08:19Z,35.1910559,-106.4960429,1833.0,55080.3,6.520,131,97,102
2026-07-25T15:08:20Z,35.1911020,-106.4960429,1833.0,55086.6,6.400,131,97,95
2026-07-25T15:08:21Z,35.1911590,-106.4960439,1833.4,55093.0,6.380,130,97,97
2026-07-25T15:08:22Z,35.1912159,-106.4960449,1833.4,55099.3,6.360,130,97,95
2026-07-25T15:08:23Z,35.1912729,-106.4960490,1833.4,55105.7,6.360,130,97,126
2026-07-25T15:08:24Z,35.1913309,-106.4960520,1833.2,55112.1,6.360,129,99,100
2026-07-25T15:08:25Z,35.1913889,-106.4960569,1833.4,55118.7,6.420,130,99,84
2026-07-25T15:08:26Z,35.1914470,-106.4960650,1833.4,55125.3,6.460,129,100,73
2026-07-25T15:08:27Z,35.1915060,-106.4960729,1833.4,55131.9,6.520,128,101,82
2026-07-25T15:08:28Z,35.1915670,-106.4960800,1833.4,55138.6,6.580,128,102,74
2026-07-25T15:08:29Z,35.1916289,-106.4960899,1833.4,55145.7,6.720,129,103,83
2026-07-25T15:08:30Z,35.1916899,-106.4960999,1833.4,55152.6,6.780,129,105,64
2026-07-25T15:08:31Z,35.1917520,-106.4961130,1833.4,55159.5,6.840,129,101,40
2026-07-25T15:08:32Z,35.1918149,-106.4961270,1833.4,55166.2,6.860,129,105,72
2026-07-25T15:08:33Z,35.1918769,-106.4961410,1833.6,55173.2,6.920,129,105,49
2026-07-25T15:08:34Z,35.1919380,-106.4961530,1833.4,55180.0,6.860,128,91,20
2026-07-25T15:08:35Z,35.1919990,-106.4961690,1833.4,55187.0,6.880,128,102,40
2026-07-25T15:08:36Z,35.1920609,-106.4961859,1833.4,55193.9,6.880,128,103,15
2026-07-25T15:08:37Z,35.1921219,-106.4962019,1833.4,55200.9,6.940,128,104,47
2026-07-25T15:08:38Z,35.1921960,-106.4962210,1833.2,55207.9,6.940,129,102,13
2026-07-25T15:08:39Z,35.1922440,-106.4962370,1833.2,55214.8,6.960,129,93,1
2026-07-25T15:08:40Z,35.1923059,-106.4962599,1833.0,55221.8,6.960,129,97,1
2026-07-25T15:08:41Z,35.1923659,-106.4962820,1833.0,55228.5,6.920,128,97,4
2026-07-25T15:08:42Z,35.1924260,-106.4963039,1832.8,55235.5,6.920,129,94,4
2026-07-25T15:08:43Z,35.1924840,-106.4963240,1832.6,55242.2,6.860,128,94,6
2026-07-25T15:08:44Z,35.1925410,-106.4963500,1832.6,55248.9,6.820,128,96,6
2026-07-25T15:08:45Z,35.1925980,-106.4963790,1832.4,55255.5,6.740,127,96,9
2026-07-25T15:08:46Z,35.1926539,-106.4964080,1832.4,55262.3,6.760,127,95,18
2026-07-25T15:08:47Z,35.1927109,-106.4964349,1832.4,55269.1,6.720,127,87,74
2026-07-25T15:08:48Z,35.1927700,-106.4964609,1832.4,55275.9,6.740,126,88,109
2026-07-25T15:08:49Z,35.1928280,-106.4964860,1832.2,55282.7,6.760,126,89,122
2026-07-25T15:08:50Z,35.1928850,-106.4965150,1832.2,55289.8,6.860,126,90,131
2026-07-25T15:08:51Z,35.1929419,-106.4965479,1832.2,55296.8,6.900,126,92,107
2026-07-25T15:08:52Z,35.1929979,-106.4965840,1832.2,55304.1,7.000,126,92,94
2026-07-25T15:08:53Z,35.1930559,-106.4966189,1832.2,55311.3,7.080,126,94,94
2026-07-25T15:08:54Z,35.1931150,-106.4966560,1832.2,55318.7,7.200,126,94,83
2026-07-25T15:08:55Z,35.1931730,-106.4966939,1832.0,55326.1,7.260,125,95,91
2026-07-25T15:08:56Z,35.1932320,-106.4967349,1832.0,55333.6,7.360,125,96,88
2026-07-25T15:08:57Z,35.1932869,-106.4967779,1831.8,55341.0,7.380,124,97,88
2026-07-25T15:08:58Z,35.1933429,-106.4968229,1831.8,55348.4,7.420,124,97,78
2026-07-25T15:08:59Z,35.1933989,-106.4968710,1831.6,55356.0,7.460,124,98,78
2026-07-25T15:09:00Z,35.1934549,-106.4969199,1831.6,55363.5,7.480,124,99,77
2026-07-25T15:09:01Z,35.1935119,-106.4969690,1831.4,55371.2,7.520,125,99,60
2026-07-25T15:09:02Z,35.1935690,-106.4970190,1831.4,55378.8,7.560,124,99,60
2026-07-25T15:09:03Z,35.1936240,-106.4970690,1831.2,55386.3,7.580,124,98,67
2026-07-25T15:09:04Z,35.1936790,-106.4971209,1831.0,55394.1,7.620,123,99,66
2026-07-25T15:09:05Z,35.1937329,-106.4971720,1831.0,55401.9,7.680,124,99,74
2026-07-25T15:09:06Z,35.1937869,-106.4972249,1831.0,55409.5,7.660,124,100,68
2026-07-25T15:09:07Z,35.1938410,-106.4972799,1831.0,55417.5,7.740,123,99,80
2026-07-25T15:09:08Z,35.1938920,-106.4973359,1830.8,55424.9,7.720,123,99,69
2026-07-25T15:09:09Z,35.1939420,-106.4973949,1830.6,55432.6,7.700,123,0,69
2026-07-25T15:09:10Z,35.1939919,-106.4974539,1830.4,55440.5,7.720,123,36,69
2026-07-25T15:09:11Z,35.1940410,-106.4975160,1830.4,55449.1,7.920,123,104,435
2026-07-25T15:09:12Z,35.1940919,-106.4975809,1830.4,55457.7,8.039,123,110,376
2026-07-25T15:09:13Z,35.1941449,-106.4976520,1830.4,55466.7,8.360,124,115,291
2026-07-25T15:09:14Z,35.1941970,-106.4977279,1830.2,55475.7,8.620,124,113,196
2026-07-25T15:09:15Z,35.1942510,-106.4978060,1830.2,55485.0,8.900,125,99,333
2026-07-25T15:09:16Z,35.1943049,-106.4978849,1830.2,55494.7,9.120,125,101,334
2026-07-25T15:09:17Z,35.1943609,-106.4979680,1830.2,55504.4,9.340,125,103,268
2026-07-25T15:09:18Z,35.1944160,-106.4980530,1830.0,55514.2,9.500,126,105,272
2026-07-25T15:09:19Z,35.1944690,-106.4981419,1830.0,55524.3,9.720,126,107,252
2026-07-25T15:09:20Z,35.1945199,-106.4982329,1829.8,55534.6,9.920,128,108,242
2026-07-25T15:09:21Z,35.1945720,-106.4983279,1829.8,55545.0,10.060,129,110,227
2026-07-25T15:09:22Z,35.1946209,-106.4984240,1829.6,55555.6,10.240,129,112,199
2026-07-25T15:09:23Z,35.1946669,-106.4985250,1829.6,55566.1,10.380,129,112,173
2026-07-25T15:09:24Z,35.1947140,-106.4986290,1829.4,55576.8,10.500,130,114,173
2026-07-25T15:09:25Z,35.1947590,-106.4987349,1829.4,55587.7,10.620,131,115,169
2026-07-25T15:09:26Z,35.1948089,-106.4988660,1829.2,55599.0,10.800,131,117,167
2026-07-25T15:09:27Z,35.1948420,-106.4989540,1829.2,55610.1,10.900,131,111,160
2026-07-25T15:09:28Z,35.1948829,-106.4990669,1829.0,55621.5,11.080,132,99,193
2026-07-25T15:09:29Z,35.1949239,-106.4991830,1829.0,55633.0,11.240,133,96,238
2026-07-25T15:09:30Z,35.1949640,-106.4993010,1828.8,55644.7,11.400,133,98,219
2026-07-25T15:09:31Z,35.1950050,-106.4994209,1828.2,55656.4,11.480,133,99,208
2026-07-25T15:09:32Z,35.1950460,-106.4995420,1828.0,55668.4,11.660,133,101,213
2026-07-25T15:09:33Z,35.1950880,-106.4996650,1827.6,55680.7,11.840,134,103,209
2026-07-25T15:09:34Z,35.1951320,-106.4997890,1827.4,55693.4,12.080,134,105,189
2026-07-25T15:09:35Z,35.1951770,-106.4999160,1826.8,55706.1,12.280,135,107,176
2026-07-25T15:09:36Z,35.1952220,-106.5000439,1826.4,55718.9,12.500,135,108,187
2026-07-25T15:09:37Z,35.1952679,-106.5001750,1826.0,55731.9,12.700,135,109,174
2026-07-25T15:09:38Z,35.1953149,-106.5003070,1825.6,55744.9,12.840,135,111,175
2026-07-25T15:09:39Z,35.1953610,-106.5004400,1825.4,55758.3,12.980,136,112,163
2026-07-25T15:09:40Z,35.1954190,-106.5006049,1824.8,55771.8,13.140,135,105,178
2026-07-25T15:09:41Z,35.1954590,-106.5007150,1824.6,55785.5,13.320,136,99,217
2026-07-25T15:09:42Z,35.1955119,-106.5008489,1824.2,55799.2,13.460,136,100,202
2026-07-25T15:09:43Z,35.1955670,-106.5009830,1823.8,55813.1,13.640,136,100,213
2026-07-25T15:09:44Z,35.1956269,-106.5011170,1823.2,55827.2,13.780,136,101,213
2026-07-25T15:09:45Z,35.1956879,-106.5012499,1822.8,55841.2,13.880,137,102,220
2026-07-25T15:09:46Z,35.1957660,-106.5014089,1822.2,55855.1,13.920,137,102,209
2026-07-25T15:09:47Z,35.1958220,-106.5015140,1821.2,55868.8,13.920,138,103,209
2026-07-25T15:09:48Z,35.1958930,-106.5016430,1820.8,55883.1,14.000,138,103,247
2026-07-25T15:09:49Z,35.1959670,-106.5017689,1820.2,55897.2,14.000,138,104,244
2026-07-25T15:09:50Z,35.1960439,-106.5018949,1819.8,55911.6,14.080,139,104,223
2026-07-25T15:09:51Z,35.1961240,-106.5020200,1819.0,55925.7,14.120,139,105,222
2026-07-25T15:09:52Z,35.1962070,-106.5021409,1818.8,55940.0,14.240,139,105,223
2026-07-25T15:09:53Z,35.1962940,-106.5022610,1818.0,55954.3,14.240,139,106,211
2026-07-25T15:09:54Z,35.1963830,-106.5023800,1817.0,55968.9,14.340,139,107,209
2026-07-25T15:09:55Z,35.1964759,-106.5024960,1816.6,55983.9,14.460,139,108,233
2026-07-25T15:09:56Z,35.1965700,-106.5026090,1816.0,55998.8,14.620,140,108,239
2026-07-25T15:09:57Z,35.1966700,-106.5027179,1815.6,56013.8,14.760,140,109,221
2026-07-25T15:09:58Z,35.1967710,-106.5028260,1815.0,56028.8,14.900,140,109,213
2026-07-25T15:09:59Z,35.1968760,-106.5029299,1814.4,56043.9,15.000,140,109,213
2026-07-25T15:10:00Z,35.1969840,-106.5030319,1813.8,56058.9,15.000,140,110,213
2026-07-25T15:10:01Z,35.1970920,-106.5031300,1813.4,56073.9,15.020,140,110,228
2026-07-25T15:10:02Z,35.1972010,-106.5032290,1813.0,56088.7,14.980,141,109,252
2026-07-25T15:10:03Z,35.1973089,-106.5033290,1812.6,56103.4,14.920,141,109,273
2026-07-25T15:10:04Z,35.1974160,-106.5034280,1812.4,56118.1,14.840,141,108,319
2026-07-25T15:10:05Z,35.1975220,-106.5035249,1812.0,56133.2,14.860,142,108,310
2026-07-25T15:10:06Z,35.1976279,-106.5036229,1811.8,56147.9,14.800,142,107,312
2026-07-25T15:10:07Z,35.1977320,-106.5037200,1811.6,56162.5,14.760,142,107,311
2026-07-25T15:10:08Z,35.1978370,-106.5038160,1811.2,56176.8,14.680,142,106,301
2026-07-25T15:10:09Z,35.1979410,-106.5039109,1810.8,56191.2,14.620,142,106,305
2026-07-25T15:10:10Z,35.1980459,-106.5040050,1810.6,56205.4,14.440,143,105,312
2026-07-25T15:10:11Z,35.1981490,-106.5040969,1810.4,56219.4,14.300,143,104,319
2026-07-25T15:10:12Z,35.1982309,-106.5041709,1810.0,56233.4,14.180,143,103,291
2026-07-25T15:10:13Z,35.1983520,-106.5042829,1810.0,56247.3,14.100,143,102,312
2026-07-25T15:10:14Z,35.1984520,-106.5043750,1809.8,56261.1,13.980,143,102,276
2026-07-25T15:10:15Z,35.1985510,-106.5044670,1809.8,56275.3,13.980,143,101,270
2026-07-25T15:10:16Z,35.1986499,-106.5045569,1809.6,56289.0,13.920,144,100,281
2026-07-25T15:10:17Z,35.1987489,-106.5046469,1809.6,56302.7,13.860,144,99,299
2026-07-25T15:10:18Z,35.1988450,-106.5047360,1809.4,56316.1,13.760,144,99,275
2026-07-25T15:10:19Z,35.1989420,-106.5048230,1809.0,56329.4,13.660,144,99,264
2026-07-25T15:10:20Z,35.1990379,-106.5049100,1809.0,56342.9,13.520,144,97,264
2026-07-25T15:10:21Z,35.1991320,-106.5049990,1809.0,56356.1,13.420,144,96,267
2026-07-25T15:10:22Z,35.1992239,-106.5050860,1808.8,56369.0,13.260,144,96,288
2026-07-25T15:10:23Z,35.1993160,-106.5051749,1808.8,56381.6,13.100,145,95,313
2026-07-25T15:10:24Z,35.1994070,-106.5052639,1808.8,56394.7,13.060,145,95,319
2026-07-25T15:10:25Z,35.1994979,-106.5053520,1808.8,56407.7,12.960,145,95,305
2026-07-25T15:10:26Z,35.1995870,-106.5054390,1808.8,56420.4,12.860,146,94,305
2026-07-25T15:10:27Z,35.1996750,-106.5055290,1808.8,56433.1,12.820,146,93,321
2026-07-25T15:10:28Z,35.1997610,-106.5056229,1808.8,56445.8,12.840,146,93,322
2026-07-25T15:10:29Z,35.1998429,-106.5057190,1808.6,56458.6,12.780,147,93,331
2026-07-25T15:10:30Z,35.1999250,-106.5058170,1808.6,56471.4,12.740,147,93,329
2026-07-25T15:10:31Z,35.2000050,-106.5059160,1808.6,56484.2,12.760,148,93,302
2026-07-25T15:10:32Z,35.2000849,-106.5060160,1808.4,56496.7,12.720,148,93,294
2026-07-25T15:10:33Z,35.2001650,-106.5061150,1808.4,56509.3,12.700,148,92,283
2026-07-25T15:10:34Z,35.2002439,-106.5062139,1808.4,56521.9,12.660,148,92,277
2026-07-25T15:10:35Z,35.2003200,-106.5063160,1808.2,56534.6,12.640,148,92,277
2026-07-25T15:10:36Z,35.2003940,-106.5064190,1808.2,56546.8,12.520,149,91,308
2026-07-25T15:10:37Z,35.2004629,-106.5065240,1808.2,56559.1,12.480,149,90,263
2026-07-25T15:10:38Z,35.2005260,-106.5066340,1808.0,56571.5,12.440,149,90,242
2026-07-25T15:10:39Z,35.2005889,-106.5067459,1808.0,56583.8,12.380,149,90,214
2026-07-25T15:10:40Z,35.2006499,-106.5068620,1808.0,56596.1,12.300,149,90,193
2026-07-25T15:10:41Z,35.2007069,-106.5069759,1807.8,56608.5,12.340,148,90,218
2026-07-25T15:10:42Z,35.2007629,-106.5070930,1808.0,56621.1,12.400,148,90,194
2026-07-25T15:10:43Z,35.2008179,-106.5072110,1807.6,56633.5,12.400,148,90,188
2026-07-25T15:10:44Z,35.2008720,-106.5073309,1807.6,56645.8,12.400,148,90,176
2026-07-25T15:10:45Z,35.2009229,-106.5074540,1807.6,56658.1,12.400,148,91,176
2026-07-25T15:10:46Z,35.2009750,-106.5075769,1807.6,56670.6,12.420,148,91,182
2026-07-25T15:10:47Z,35.2010239,-106.5077010,1807.2,56683.3,12.440,148,92,194
2026-07-25T15:10:48Z,35.2010710,-106.5078290,1807.0,56696.3,12.560,147,93,179
2026-07-25T15:10:49Z,35.2011140,-106.5079580,1807.0,56709.0,12.640,148,94,179
2026-07-25T15:10:50Z,35.2011560,-106.5080910,1806.8,56722.2,12.820,147,94,151
2026-07-25T15:10:51Z,35.2011980,-106.5082269,1806.4,56735.4,12.960,147,96,151
2026-07-25T15:10:52Z,35.2012359,-106.5083640,1806.2,56748.9,13.120,147,97,137
2026-07-25T15:10:53Z,35.2012720,-106.5085040,1805.8,56762.6,13.260,147,99,191
2026-07-25T15:10:54Z,35.2013060,-106.5086480,1805.8,56776.6,13.520,147,101,181
2026-07-25T15:10:55Z,35.2013379,-106.5087950,1805.4,56790.4,13.640,147,102,188
2026-07-25T15:10:56Z,35.2013689,-106.5089459,1805.2,56804.8,13.880,147,99,163
2026-07-25T15:10:57Z,35.2013969,-106.5090999,1804.4,56819.5,14.120,146,89,210
2026-07-25T15:10:58Z,35.2014219,-106.5092570,1804.0,56834.7,14.420,146,91,156
2026-07-25T15:10:59Z,35.2014430,-106.5094179,1803.6,56849.9,14.660,146,92,165
2026-07-25T15:11:00Z,35.2014620,-106.5095810,1802.6,56865.2,14.960,146,93,165
2026-07-25T15:11:01Z,35.2014789,-106.5097479,1802.4,56880.6,15.160,146,94,175
2026-07-25T15:11:02Z,35.2014910,-106.5099170,1801.6,56896.2,15.340,145,95,160
2026-07-25T15:11:03Z,35.2015010,-106.5100880,1801.2,56911.9,15.440,146,96,158
2026-07-25T15:11:04Z,35.2015060,-106.5102600,1800.2,56927.6,15.540,145,98,161
2026-07-25T15:11:05Z,35.2015079,-106.5104340,1799.8,56943.6,15.680,146,99,156
2026-07-25T15:11:06Z,35.2015060,-106.5106109,1799.4,56959.7,15.820,146,99,168
2026-07-25T15:11:07Z,35.2015020,-106.5107890,1798.2,56975.9,15.940,146,100,148
2026-07-25T15:11:08Z,35.2014910,-106.5109660,1797.6,56992.4,16.100,146,101,147
2026-07-25T15:11:09Z,35.2014760,-106.5111449,1796.2,57008.9,16.260,146,102,143
2026-07-25T15:11:10Z,35.2014560,-106.5113250,1795.8,57025.2,16.320,145,102,140
2026-07-25T15:11:11Z,35.2014330,-106.5115049,1794.8,57041.7,16.400,145,103,133
2026-07-25T15:11:12Z,35.2014050,-106.5116850,1794.2,57058.4,16.500,144,103,130
2026-07-25T15:11:13Z,35.2013740,-106.5118639,1793.0,57075.4,16.600,145,103,137
2026-07-25T15:11:14Z,35.2013389,-106.5120430,1792.0,57092.3,16.680,145,103,133
2026-07-25T15:11:15Z,35.2013050,-106.5122229,1791.6,57109.4,16.840,145,105,133
2026-07-25T15:11:16Z,35.2012669,-106.5124050,1790.0,57126.4,16.940,144,105,125
2026-07-25T15:11:17Z,35.2012290,-106.5125890,1789.2,57143.7,17.060,145,106,128
2026-07-25T15:11:18Z,35.2011900,-106.5127719,1788.0,57161.1,17.140,144,106,123
2026-07-25T15:11:19Z,35.2011550,-106.5129559,1787.6,57178.0,17.140,144,106,138
2026-07-25T15:11:20Z,35.2011180,-106.5131400,1786.6,57195.1,17.140,144,106,129
2026-07-25T15:11:21Z,35.2010799,-106.5133220,1785.6,57212.3,17.180,143,106,129
2026-07-25T15:11:22Z,35.2010410,-106.5135060,1784.8,57229.3,17.120,143,106,178
2026-07-25T15:11:23Z,35.2010040,-106.5136879,1783.8,57246.4,17.060,143,106,187
2026-07-25T15:11:24Z,35.2009670,-106.5138720,1783.4,57263.6,17.120,143,107,201
2026-07-25T15:11:25Z,35.2009310,-106.5140570,1782.0,57281.1,17.200,143,108,235
2026-07-25T15:11:26Z,35.2008949,-106.5142440,1781.2,57298.6,17.260,142,108,278
2026-07-25T15:11:27Z,35.2008570,-106.5144320,1780.0,57316.4,17.420,141,109,278
2026-07-25T15:11:28Z,35.2008170,-106.5146200,1779.6,57334.0,17.520,141,110,159
2026-07-25T15:11:29Z,35.2007740,-106.5148099,1778.8,57351.6,17.600,141,109,112
2026-07-25T15:11:30Z,35.2007319,-106.5149989,1777.4,57369.4,17.660,141,109,119
2026-07-25T15:11:31Z,35.2006940,-106.5151869,1776.8,57387.2,17.720,141,109,158
2026-07-25T15:11:32Z,35.2006580,-106.5153749,1775.8,57404.9,17.700,140,110,169
2026-07-25T15:11:33Z,35.2006230,-106.5155630,1775.0,57422.9,17.780,140,110,166
2026-07-25T15:11:34Z,35.2005889,-106.5157540,1773.8,57440.7,17.820,140,110,169
2026-07-25T15:11:35Z,35.2005550,-106.5159469,1773.0,57458.5,17.820,140,111,152
2026-07-25T15:11:36Z,35.2005220,-106.5161390,1771.8,57476.6,17.880,140,111,150
2026-07-25T15:11:37Z,35.2004889,-106.5163320,1771.2,57494.8,17.980,140,112,156
2026-07-25T15:11:38Z,35.2004579,-106.5165260,1770.2,57512.9,18.000,139,112,142
2026-07-25T15:11:39Z,35.2004280,-106.5167219,1769.0,57531.1,18.080,139,112,127
2026-07-25T15:11:40Z,35.2003990,-106.5169170,1768.2,57549.1,18.120,139,112,119
2026-07-25T15:11:41Z,35.2003710,-106.5171129,1766.8,57567.1,18.100,138,112,131
2026-07-25T15:11:42Z,35.2003479,-106.5173090,1766.4,57585.4,18.120,138,112,120
2026-07-25T15:11:43Z,35.2003270,-106.5175080,1765.0,57603.3,18.080,138,113,119
2026-07-25T15:11:44Z,35.2003090,-106.5177060,1764.2,57621.5,18.080,138,112,106
2026-07-25T15:11:45Z,35.2002920,-106.5179029,1763.2,57639.8,18.140,138,112,100
2026-07-25T15:11:46Z,35.2002749,-106.5181010,1762.2,57658.1,18.200,138,109,100
2026-07-25T15:11:47Z,35.2002569,-106.5183000,1761.8,57676.1,18.140,138,112,112
2026-07-25T15:11:48Z,35.2002410,-106.5184980,1760.4,57694.2,18.180,137,112,92
2026-07-25T15:11:49Z,35.2002289,-106.5186939,1759.8,57712.2,18.140,137,111,92
2026-07-25T15:11:50Z,35.2002189,-106.5188910,1758.4,57730.3,18.100,137,111,103
2026-07-25T15:11:51Z,35.2002100,-106.5190870,1757.6,57748.2,18.020,137,111,103
2026-07-25T15:11:52Z,35.2002039,-106.5192829,1756.4,57766.1,18.000,137,111,102
2026-07-25T15:11:53Z,35.2001989,-106.5194790,1755.2,57784.0,17.960,137,111,112
2026-07-25T15:11:54Z,35.2001960,-106.5196749,1754.4,57802.1,17.980,137,111,121
2026-07-25T15:11:55Z,35.2001930,-106.5198729,1753.2,57820.3,18.000,137,111,137
2026-07-25T15:11:56Z,35.2001930,-106.5200710,1752.6,57838.4,18.040,137,111,137
2026-07-25T15:11:57Z,35.2001950,-106.5202680,1751.4,57856.5,18.080,137,111,157
2026-07-25T15:11:58Z,35.2001970,-106.5204649,1750.8,57874.6,18.120,137,111,152
2026-07-25T15:11:59Z,35.2001999,-106.5206610,1749.6,57892.6,18.100,137,111,135
2026-07-25T15:12:00Z,35.2002060,-106.5208570,1749.0,57910.4,18.020,137,110,138
2026-07-25T15:12:01Z,35.2002139,-106.5210519,1747.6,57928.2,17.960,137,110,136
2026-07-25T15:12:02Z,35.2002240,-106.5212490,1746.2,57946.2,17.940,138,110,163
2026-07-25T15:12:03Z,35.2002350,-106.5214439,1745.6,57964.2,17.920,137,110,181
2026-07-25T15:12:04Z,35.2002480,-106.5216390,1744.4,57982.3,17.940,137,110,170
2026-07-25T15:12:05Z,35.2002660,-106.5218319,1744.0,58000.3,17.980,137,110,170
2026-07-25T15:12:06Z,35.2002859,-106.5220250,1743.2,58018.3,18.020,137,110,173
2026-07-25T15:12:07Z,35.2003049,-106.5222179,1742.6,58036.7,18.100,137,110,184
2026-07-25T15:12:08Z,35.2003230,-106.5224100,1741.4,58054.6,18.080,137,110,181
2026-07-25T15:12:09Z,35.2003420,-106.5226039,1740.8,58072.7,18.080,137,110,175
2026-07-25T15:12:10Z,35.2003640,-106.5227959,1740.4,58090.6,18.060,137,110,167
2026-07-25T15:12:11Z,35.2003889,-106.5229870,1739.4,58108.3,18.000,136,110,155
2026-07-25T15:12:12Z,35.2004159,-106.5231770,1739.2,58126.7,18.000,137,110,168
2026-07-25T15:12:13Z,35.2004449,-106.5233689,1738.2,58144.7,18.020,137,110,166
2026-07-25T15:12:14Z,35.2004739,-106.5235620,1738.0,58162.7,18.000,136,110,170
2026-07-25T15:12:15Z,35.2005039,-106.5237549,1736.8,58180.6,18.000,136,110,166
2026-07-25T15:12:16Z,35.2005299,-106.5239459,1736.4,58198.6,18.060,137,110,163
2026-07-25T15:12:17Z,35.2005589,-106.5241370,1735.6,58216.6,17.980,136,109,143
2026-07-25T15:12:18Z,35.2005950,-106.5243260,1735.0,58234.4,17.940,137,109,128
2026-07-25T15:12:19Z,35.2006290,-106.5245140,1734.6,58252.1,17.880,137,108,138
2026-07-25T15:12:20Z,35.2006629,-106.5247010,1733.4,58269.8,17.840,137,108,151
2026-07-25T15:12:21Z,35.2006950,-106.5248899,1733.0,58287.5,17.780,136,108,190
2026-07-25T15:12:22Z,35.2007250,-106.5250799,1731.8,58305.3,17.740,136,108,186
2026-07-25T15:12:23Z,35.2007509,-106.5252700,1731.2,58323.3,17.780,137,109,227
2026-07-25T15:12:24Z,35.2007769,-106.5254600,1730.2,58341.1,17.800,137,109,248
2026-07-25T15:12:25Z,35.2008049,-106.5256500,1729.2,58358.9,17.820,137,109,223
2026-07-25T15:12:26Z,35.2008349,-106.5258399,1728.8,58377.0,17.900,136,109,219
2026-07-25T15:12:27Z,35.2008659,-106.5260299,1728.0,58394.9,17.920,137,109,207
2026-07-25T15:12:28Z,35.2008970,-106.5262210,1727.6,58412.7,17.880,137,110,204
2026-07-25T15:12:29Z,35.2009280,-106.5264120,1726.8,58430.5,17.880,137,110,193
2026-07-25T15:12:30Z,35.2009600,-106.5266029,1726.4,58448.4,17.900,137,110,180
2026-07-25T15:12:31Z,35.2009909,-106.5267950,1725.6,58466.5,17.900,137,110,172
2026-07-25T15:12:32Z,35.2010219,-106.5269899,1724.6,58484.6,17.940,137,111,163
2026-07-25T15:12:33Z,35.2010509,-106.5271850,1724.0,58502.8,18.020,137,111,185
2026-07-25T15:12:34Z,35.2010809,-106.5273799,1723.4,58521.3,18.160,137,112,171
2026-07-25T15:12:35Z,35.2011110,-106.5275770,1723.0,58540.0,18.320,137,114,167
2026-07-25T15:12:36Z,35.2011430,-106.5277760,1722.4,58558.7,18.440,137,115,148
2026-07-25T15:12:37Z,35.2011740,-106.5279770,1722.2,58577.8,18.640,137,116,136
2026-07-25T15:12:38Z,35.2012069,-106.5281790,1721.6,58596.7,18.780,137,116,153
2026-07-25T15:12:39Z,35.2012389,-106.5283810,1721.2,58615.8,18.900,137,116,168
2026-07-25T15:12:40Z,35.2012720,-106.5285850,1720.6,58634.8,18.960,137,116,166
2026-07-25T15:12:41Z,35.2013030,-106.5287889,1719.6,58653.7,19.000,137,117,159
2026-07-25T15:12:42Z,35.2013330,-106.5289929,1719.2,58672.7,18.980,137,117,38
2026-07-25T15:12:43Z,35.2013630,-106.5291970,1718.4,58691.4,18.940,137,43,38
2026-07-25T15:12:44Z,35.2013929,-106.5294000,1718.0,58710.2,18.880,137,43,2
2026-07-25T15:12:45Z,35.2014229,-106.5296020,1717.0,58728.8,18.800,137,76,2
2026-07-25T15:12:46Z,35.2014529,-106.5298020,1716.4,58747.8,18.820,136,76,6
2026-07-25T15:12:47Z,35.2014829,-106.5300040,1715.2,58766.4,18.740,136,76,6
2026-07-25T15:12:48Z,35.2015129,-106.5302050,1714.0,58785.2,18.760,136,35,6
2026-07-25T15:12:49Z,35.2015440,-106.5304040,1713.6,58803.7,18.700,135,109,17
2026-07-25T15:12:50Z,35.2015780,-106.5306039,1712.6,58822.3,18.700,135,114,89
2026-07-25T15:12:51Z,35.2016109,-106.5308019,1712.2,58840.7,18.580,135,114,151
2026-07-25T15:12:52Z,35.2016419,-106.5310020,1711.0,58859.4,18.600,135,115,144
2026-07-25T15:12:53Z,35.2016730,-106.5312020,1710.6,58877.8,18.520,135,115,146
2026-07-25T15:12:54Z,35.2017050,-106.5314030,1709.6,58896.6,18.580,135,114,141
2026-07-25T15:12:55Z,35.2017340,-106.5316020,1708.8,58915.4,18.620,134,114,143
2026-07-25T15:12:56Z,35.2017650,-106.5317990,1707.8,58934.0,18.660,134,114,137
2026-07-25T15:12:57Z,35.2017940,-106.5319969,1707.0,58952.5,18.620,134,113,138
2026-07-25T15:12:58Z,35.2018239,-106.5321930,1706.8,58970.8,18.600,134,112,148
2026-07-25T15:12:59Z,35.2018520,-106.5323900,1705.6,58988.8,18.440,134,112,144
2026-07-25T15:13:00Z,35.2018800,-106.5325839,1705.4,59006.8,18.280,133,111,157
2026-07-25T15:13:01Z,35.2019060,-106.5327790,1704.2,59025.0,18.200,134,111,148
2026-07-25T15:13:02Z,35.2019249,-106.5329720,1703.6,59043.0,18.100,134,110,139
2026-07-25T15:13:03Z,35.2019399,-106.5331660,1702.4,59060.7,17.980,134,109,137
2026-07-25T15:13:04Z,35.2019470,-106.5333580,1701.8,59078.2,17.880,134,108,165
2026-07-25T15:13:05Z,35.2019520,-106.5335489,1701.4,59095.6,17.760,134,108,163
2026-07-25T15:13:06Z,35.2019530,-106.5337379,1700.6,59113.2,17.640,134,107,160
2026-07-25T15:13:07Z,35.2019480,-106.5339269,1700.2,59130.5,17.500,135,107,176
2026-07-25T15:13:08Z,35.2019399,-106.5341150,1699.0,59147.6,17.380,134,106,183
2026-07-25T15:13:09Z,35.2019289,-106.5343009,1698.6,59165.0,17.360,134,106,181
2026-07-25T15:13:10Z,35.2019119,-106.5344859,1697.8,59181.9,17.260,135,105,180
2026-07-25T15:13:11Z,35.2018900,-106.5346690,1697.2,59199.0,17.160,135,104,176
2026-07-25T15:13:12Z,35.2018620,-106.5348490,1696.4,59215.9,17.080,134,104,186
2026-07-25T15:13:13Z,35.2018269,-106.5350280,1695.6,59232.6,17.000,134,103,187
2026-07-25T15:13:14Z,35.2017870,-106.5352069,1695.4,59249.5,16.900,134,103,189
2026-07-25T15:13:15Z,35.2017460,-106.5353820,1694.4,59266.4,16.900,134,103,195
2026-07-25T15:13:16Z,35.2017050,-106.5355550,1694.2,59283.2,16.840,134,103,196
2026-07-25T15:13:17Z,35.2016650,-106.5357310,1693.4,59299.9,16.800,134,103,196
2026-07-25T15:13:18Z,35.2016249,-106.5359079,1693.0,59316.5,16.780,134,103,185
2026-07-25T15:13:19Z,35.2015839,-106.5360839,1692.4,59333.3,16.760,134,103,195
2026-07-25T15:13:20Z,35.2015440,-106.5362580,1691.4,59350.1,16.740,134,102,221
2026-07-25T15:13:21Z,35.2015050,-106.5364330,1691.0,59366.8,16.720,134,103,255
2026-07-25T15:13:22Z,35.2014710,-106.5366090,1690.2,59383.5,16.720,134,102,214
2026-07-25T15:13:23Z,35.2014409,-106.5367849,1689.8,59400.1,16.720,134,102,198
2026-07-25T15:13:24Z,35.2014160,-106.5369599,1689.0,59416.6,16.660,135,101,212
2026-07-25T15:13:25Z,35.2013929,-106.5371360,1688.6,59433.0,16.580,135,101,236
2026-07-25T15:13:26Z,35.2013740,-106.5373090,1688.2,59449.3,16.500,135,100,234
2026-07-25T15:13:27Z,35.2013580,-106.5374850,1687.8,59465.7,16.440,135,100,252
2026-07-25T15:13:28Z,35.2013470,-106.5376629,1686.8,59482.0,16.379,135,100,258
2026-07-25T15:13:29Z,35.2013420,-106.5378410,1686.0,59497.9,16.260,135,100,247
2026-07-25T15:13:30Z,35.2013379,-106.5380180,1685.4,59514.1,16.219,135,100,238
2026-07-25T15:13:31Z,35.2013340,-106.5381949,1684.6,59530.1,16.160,136,99,243
2026-07-25T15:13:32Z,35.2013300,-106.5383699,1684.2,59545.9,16.040,136,99,251
2026-07-25T15:13:33Z,35.2013259,-106.5385450,1683.4,59561.9,15.980,136,99,250
2026-07-25T15:13:34Z,35.2013229,-106.5387200,1683.2,59578.0,16.020,137,99,254
2026-07-25T15:13:35Z,35.2013180,-106.5388960,1682.4,59594.1,16.000,137,99,261
2026-07-25T15:13:36Z,35.2013130,-106.5390709,1682.2,59610.1,16.000,138,99,247
2026-07-25T15:13:37Z,35.2013079,-106.5392459,1682.0,59626.1,16.040,139,99,237
2026-07-25T15:13:38Z,35.2013040,-106.5394210,1681.2,59642.1,16.040,138,99,239
2026-07-25T15:13:39Z,35.2013010,-106.5395960,1680.8,59658.1,16.020,138,99,238
2026-07-25T15:13:40Z,35.2012990,-106.5397710,1680.4,59674.1,16.000,139,99,235
2026-07-25T15:13:41Z,35.2012969,-106.5399460,1680.2,59690.0,15.980,139,99,228
2026-07-25T15:13:42Z,35.2012949,-106.5401219,1679.2,59706.1,16.000,139,99,235
2026-07-25T15:13:43Z,35.2012929,-106.5402990,1678.8,59722.4,16.059,139,100,215
2026-07-25T15:13:44Z,35.2012890,-106.5404760,1678.2,59738.6,16.100,139,100,244
2026-07-25T15:13:45Z,35.2012840,-106.5406539,1677.8,59754.8,16.140,139,100,228
2026-07-25T15:13:46Z,35.2012809,-106.5408340,1677.4,59771.3,16.260,139,101,228
2026-07-25T15:13:47Z,35.2012770,-106.5410139,1677.2,59787.7,16.320,140,102,254
2026-07-25T15:13:48Z,35.2012720,-106.5411950,1677.0,59804.2,16.360,141,102,231
2026-07-25T15:13:49Z,35.2012690,-106.5413759,1676.4,59820.7,16.420,140,102,227
2026-07-25T15:13:50Z,35.2012669,-106.5415570,1676.0,59837.1,16.460,141,102,223
2026-07-25T15:13:51Z,35.2012659,-106.5417380,1675.6,59853.7,16.480,141,102,252
2026-07-25T15:13:52Z,35.2012630,-106.5419189,1675.0,59870.2,16.500,141,103,257
2026-07-25T15:13:53Z,35.2012600,-106.5421010,1674.6,59886.7,16.500,141,103,249
2026-07-25T15:13:54Z,35.2012560,-106.5422850,1673.6,59903.4,16.540,142,103,262
2026-07-25T15:13:55Z,35.2012539,-106.5424689,1673.2,59920.1,16.600,142,104,259
2026-07-25T15:13:56Z,35.2012499,-106.5426519,1672.6,59937.0,16.660,142,104,236
2026-07-25T15:13:57Z,35.2012470,-106.5428370,1672.2,59953.6,16.680,142,104,250
2026-07-25T15:13:58Z,35.2012440,-106.5430220,1671.6,59970.2,16.700,142,104,250
2026-07-25T15:13:59Z,35.2012410,-106.5432080,1671.2,59986.8,16.680,143,104,234
2026-07-25T15:14:00Z,35.2012389,-106.5433940,1670.8,60003.6,16.700,143,104,232
2026-07-25T15:14:01Z,35.2012340,-106.5435800,1670.4,60020.4,16.680,144,104,214
2026-07-25T15:14:02Z,35.2012290,-106.5437650,1669.8,60037.0,16.680,144,104,200
2026-07-25T15:14:03Z,35.2012229,-106.5439489,1669.0,60053.6,16.680,144,104,187
2026-07-25T15:14:04Z,35.2012190,-106.5441339,1668.4,60070.4,16.720,144,103,179
2026-07-25T15:14:05Z,35.2012170,-106.5443170,1667.4,60087.1,16.700,144,103,173
2026-07-25T15:14:06Z,35.2012160,-106.5444990,1667.0,60103.6,16.640,144,103,169
2026-07-25T15:14:07Z,35.2012099,-106.5446819,1665.8,60120.0,16.600,144,103,170
2026-07-25T15:14:08Z,35.2012059,-106.5448640,1665.2,60136.4,16.560,144,103,169
2026-07-25T15:14:09Z,35.2012020,-106.5450460,1664.8,60152.7,16.460,143,102,156
2026-07-25T15:14:10Z,35.2011959,-106.5452259,1664.0,60169.1,16.400,143,101,160
2026-07-25T15:14:11Z,35.2011910,-106.5454050,1663.6,60185.3,16.340,143,101,167
2026-07-25T15:14:12Z,35.2011880,-106.5455820,1663.2,60201.5,16.300,143,100,150
2026-07-25T15:14:13Z,35.2011850,-106.5457570,1662.8,60217.7,16.260,143,100,135
2026-07-25T15:14:14Z,35.2011850,-106.5459319,1662.2,60233.6,16.180,143,99,135
2026-07-25T15:14:15Z,35.2011840,-106.5461069,1661.2,60249.4,16.059,142,98,143
2026-07-25T15:14:16Z,35.2011809,-106.5462810,1660.8,60265.3,16.000,142,98,145
2026-07-25T15:14:17Z,35.2011750,-106.5464540,1660.0,60281.0,15.900,142,97,166
2026-07-25T15:14:18Z,35.2011740,-106.5466249,1659.8,60296.7,15.800,142,97,167
2026-07-25T15:14:19Z,35.2011720,-106.5467969,1659.0,60312.2,15.720,141,97,167
2026-07-25T15:14:20Z,35.2011720,-106.5469669,1658.6,60327.8,15.680,141,96,181
2026-07-25T15:14:21Z,35.2011750,-106.5471370,1658.0,60343.4,15.620,141,96,189
2026-07-25T15:14:22Z,35.2011799,-106.5473080,1657.8,60358.9,15.580,140,96,174
2026-07-25T15:14:23Z,35.2011860,-106.5474770,1657.2,60374.6,15.580,140,96,168
2026-07-25T15:14:24Z,35.2011910,-106.5476470,1656.6,60390.1,15.580,140,96,163
2026-07-25T15:14:25Z,35.2011990,-106.5478179,1656.2,60405.8,15.600,140,97,182
2026-07-25T15:14:26Z,35.2012050,-106.5479889,1655.6,60421.2,15.560,140,97,192
2026-07-25T15:14:27Z,35.2012150,-106.5481619,1655.4,60436.8,15.580,140,97,162
2026-07-25T15:14:28Z,35.2012270,-106.5483329,1655.2,60452.0,15.480,140,97,162
2026-07-25T15:14:29Z,35.2012440,-106.5485039,1655.0,60467.6,15.500,139,96,168
2026-07-25T15:14:30Z,35.2012639,-106.5486720,1654.6,60483.1,15.460,139,96,142
2026-07-25T15:14:31Z,35.2012819,-106.5488389,1653.6,60498.6,15.480,139,96,136
2026-07-25T15:14:32Z,35.2012959,-106.5490070,1653.4,60514.1,15.460,139,95,145
2026-07-25T15:14:33Z,35.2013099,-106.5491740,1652.6,60529.4,15.480,139,95,167
2026-07-25T15:14:34Z,35.2013270,-106.5493409,1652.2,60544.9,15.460,139,95,203
2026-07-25T15:14:35Z,35.2013470,-106.5495070,1651.4,60560.6,15.500,139,95,205
2026-07-25T15:14:36Z,35.2013720,-106.5497060,1651.2,60576.0,15.480,139,95,247
2026-07-25T15:14:37Z,35.2013900,-106.5498390,1650.6,60591.4,15.460,138,95,230
2026-07-25T15:14:38Z,35.2014170,-106.5500360,1650.2,60606.7,15.460,139,95,210
2026-07-25T15:14:39Z,35.2014369,-106.5501670,1649.6,60622.2,15.460,139,95,224
2026-07-25T15:14:40Z,35.2014630,-106.5503329,1648.8,60637.6,15.400,139,95,242
2026-07-25T15:14:41Z,35.2014959,-106.5505319,1648.4,60653.3,15.460,138,95,240
2026-07-25T15:14:42Z,35.2015190,-106.5506639,1647.8,60668.4,15.400,139,95,232
2026-07-25T15:14:43Z,35.2015480,-106.5508300,1647.4,60683.6,15.380,138,95,233
2026-07-25T15:14:44Z,35.2015780,-106.5509939,1646.8,60699.1,15.380,138,95,230
2026-07-25T15:14:45Z,35.2016089,-106.5511580,1646.4,60714.4,15.360,138,95,239
2026-07-25T15:14:46Z,35.2016500,-106.5513539,1646.0,60729.8,15.300,138,95,262
2026-07-25T15:14:47Z,35.2016860,-106.5515160,1645.2,60745.3,15.380,139,95,269
2026-07-25T15:14:48Z,35.2017139,-106.5516470,1645.0,60760.9,15.460,139,96,253
2026-07-25T15:14:49Z,35.2017460,-106.5518100,1644.4,60776.8,15.540,139,96,259
2026-07-25T15:14:50Z,35.2017790,-106.5519749,1644.0,60792.3,15.580,139,96,258
2026-07-25T15:14:51Z,35.2018139,-106.5521410,1643.2,60807.8,15.600,139,96,241
2026-07-25T15:14:52Z,35.2018529,-106.5523390,1643.0,60823.3,15.600,140,96,224
2026-07-25T15:14:53Z,35.2018800,-106.5524710,1642.2,60838.8,15.580,140,96,260
2026-07-25T15:14:54Z,35.2019159,-106.5526349,1642.0,60854.4,15.520,140,96,264
2026-07-25T15:14:55Z,35.2019579,-106.5528339,1641.2,60870.1,15.560,140,96,254
2026-07-25T15:14:56Z,35.2019900,-106.5530010,1640.8,60885.6,15.560,140,96,254
2026-07-25T15:14:57Z,35.2020170,-106.5531340,1640.6,60901.2,15.580,140,96,236
2026-07-25T15:14:58Z,35.2020530,-106.5533010,1640.0,60917.0,15.640,140,96,247
2026-07-25T15:14:59Z,35.2020879,-106.5534679,1639.6,60932.6,15.640,141,96,240
2026-07-25T15:15:00Z,35.2021240,-106.5536330,1639.2,60948.3,15.640,141,96,245
2026-07-25T15:15:01Z,35.2021599,-106.5537989,1638.8,60963.8,15.640,140,97,270
2026-07-25T15:15:02Z,35.2022009,-106.5539979,1638.4,60979.7,15.700,141,96,224
2026-07-25T15:15:03Z,35.2022279,-106.5541309,1637.4,60995.1,15.620,141,96,207
2026-07-25T15:15:04Z,35.2022620,-106.5542960,1637.0,61010.7,15.620,141,96,191
2026-07-25T15:15:05Z,35.2023029,-106.5544940,1636.4,61026.1,15.560,141,96,193
2026-07-25T15:15:06Z,35.2023360,-106.5546580,1636.2,61041.5,15.540,140,95,188
2026-07-25T15:15:07Z,35.2023690,-106.5548219,1635.4,61056.7,15.400,141,95,188
2026-07-25T15:15:08Z,35.2023940,-106.5549530,1635.0,61071.9,15.360,140,94,167
2026-07-25T15:15:09Z,35.2024220,-106.5551150,1634.6,61087.2,15.300,141,93,158
2026-07-25T15:15:10Z,35.2024469,-106.5553089,1634.0,61102.3,15.240,140,93,164
2026-07-25T15:15:11Z,35.2024630,-106.5554710,1633.2,61117.3,15.160,140,93,164
2026-07-25T15:15:12Z,35.2024729,-106.5556020,1632.6,61132.0,15.060,140,92,171
2026-07-25T15:15:13Z,35.2024830,-106.5557660,1632.4,61146.7,14.960,140,91,158
2026-07-25T15:15:14Z,35.2024879,-106.5559269,1631.6,61161.3,14.820,139,91,165
2026-07-25T15:15:15Z,35.2024909,-106.5560859,1631.4,61175.9,14.720,139,90,169
2026-07-25T15:15:16Z,35.2024930,-106.5562449,1630.8,61190.6,14.660,139,90,182
2026-07-25T15:15:17Z,35.2024889,-106.5564029,1630.6,61205.0,14.600,139,89,199
2026-07-25T15:15:18Z,35.2024800,-106.5565619,1630.0,61219.6,14.580,139,89,202
2026-07-25T15:15:19Z,35.2024700,-106.5567209,1629.4,61234.1,14.560,139,90,190
2026-07-25T15:15:20Z,35.2024589,-106.5569120,1629.4,61248.6,14.540,138,90,187
2026-07-25T15:15:21Z,35.2024490,-106.5570720,1628.8,61263.4,14.560,138,91,202
2026-07-25T15:15:22Z,35.2024340,-106.5572310,1628.8,61278.3,14.660,138,91,217
2026-07-25T15:15:23Z,35.2024200,-106.5573600,1628.2,61293.2,14.720,138,92,234
2026-07-25T15:15:24Z,35.2023990,-106.5575539,1628.0,61308.3,14.840,138,92,226
2026-07-25T15:15:25Z,35.2023810,-106.5577170,1627.4,61323.2,14.920,138,92,207
2026-07-25T15:15:26Z,35.2023630,-106.5578790,1627.0,61338.1,14.940,138,92,207
2026-07-25T15:15:27Z,35.2023490,-106.5580070,1626.4,61353.1,14.960,138,92,210
2026-07-25T15:15:28Z,35.2023370,-106.5581660,1625.4,61367.9,14.940,137,92,254
2026-07-25T15:15:29Z,35.2023250,-106.5583589,1625.0,61383.1,14.960,138,91,203
2026-07-25T15:15:30Z,35.2023210,-106.5584899,1624.0,61397.9,14.940,138,91,197
2026-07-25T15:15:31Z,35.2023179,-106.5586520,1623.6,61412.7,14.920,138,91,211
2026-07-25T15:15:32Z,35.2023220,-106.5588140,1622.8,61427.6,14.900,138,91,202
2026-07-25T15:15:33Z,35.2023309,-106.5589739,1622.4,61442.3,14.880,138,91,202
2026-07-25T15:15:34Z,35.2023449,-106.5591670,1621.8,61457.2,14.820,138,91,190
2026-07-25T15:15:35Z,35.2023599,-106.5593280,1621.0,61471.9,14.800,138,91,216
2026-07-25T15:15:36Z,35.2023729,-106.5594860,1620.8,61486.8,14.820,138,91,211
2026-07-25T15:15:37Z,35.2023840,-106.5596130,1620.4,61501.3,14.740,138,90,184
2026-07-25T15:15:38Z,35.2023960,-106.5597720,1620.2,61515.9,14.720,138,90,177
2026-07-25T15:15:39Z,35.2024049,-106.5599320,1619.6,61530.4,14.640,138,89,171
2026-07-25T15:15:40Z,35.2024159,-106.5600900,1619.2,61544.8,14.580,138,89,163
2026-07-25T15:15:41Z,35.2024289,-106.5602470,1618.6,61559.3,14.500,138,89,152
2026-07-25T15:15:42Z,35.2024459,-106.5604040,1618.0,61573.6,14.460,138,88,152
2026-07-25T15:15:43Z,35.2024619,-106.5605620,1617.8,61587.8,14.380,138,88,165
2026-07-25T15:15:44Z,35.2024759,-106.5607159,1617.4,61602.1,14.340,137,88,307
2026-07-25T15:15:45Z,35.2024869,-106.5608700,1617.2,61616.2,14.280,137,87,269
2026-07-25T15:15:46Z,35.2024999,-106.5610230,1616.6,61630.4,14.220,137,87,209
2026-07-25T15:15:47Z,35.2025120,-106.5611749,1616.4,61644.2,14.120,137,86,160
2026-07-25T15:15:48Z,35.2025210,-106.5613270,1616.0,61658.3,14.100,138,86,167
2026-07-25T15:15:49Z,35.2025280,-106.5614789,1616.0,61672.2,14.020,138,86,174
2026-07-25T15:15:50Z,35.2025350,-106.5616320,1615.6,61686.1,13.980,138,86,174
2026-07-25T15:15:51Z,35.2025410,-106.5617840,1615.0,61700.0,13.920,138,86,164
2026-07-25T15:15:52Z,35.2025439,-106.5619379,1614.8,61714.0,13.960,138,86,161
2026-07-25T15:15:53Z,35.2025430,-106.5620890,1613.8,61727.8,13.900,138,86,234
2026-07-25T15:15:54Z,35.2025410,-106.5622409,1613.4,61742.0,13.960,138,86,234
2026-07-25T15:15:55Z,35.2025380,-106.5623930,1612.6,61755.6,13.900,138,86,230
2026-07-25T15:15:56Z,35.2025319,-106.5625460,1612.4,61769.7,13.940,138,87,241
2026-07-25T15:15:57Z,35.2025260,-106.5626999,1612.0,61784.1,14.020,139,87,241
2026-07-25T15:15:58Z,35.2025199,-106.5628550,1611.6,61798.2,14.080,139,87,233
2026-07-25T15:15:59Z,35.2025060,-106.5630420,1611.4,61812.5,14.100,139,88,200
2026-07-25T15:16:00Z,35.2024940,-106.5631660,1610.8,61826.7,14.220,139,88,211
2026-07-25T15:16:01Z,35.2024729,-106.5633209,1610.4,61841.4,14.340,139,89,229
2026-07-25T15:16:02Z,35.2024520,-106.5634759,1610.0,61856.3,14.440,139,89,215
2026-07-25T15:16:03Z,35.2024319,-106.5636349,1609.8,61871.1,14.580,139,89,215
2026-07-25T15:16:04Z,35.2024120,-106.5637949,1609.4,61886.1,14.720,139,90,215
2026-07-25T15:16:05Z,35.2023920,-106.5639570,1609.2,61901.2,14.900,139,93,256
2026-07-25T15:16:06Z,35.2023700,-106.5641200,1608.8,61916.3,14.980,139,92,215
2026-07-25T15:16:07Z,35.2023449,-106.5642829,1608.0,61931.2,14.980,139,92,43
2026-07-25T15:16:08Z,35.2023210,-106.5644419,1607.6,61945.6,14.900,139,36,43
2026-07-25T15:16:09Z,35.2022980,-106.5645999,1607.0,61960.4,14.860,139,91,287
2026-07-25T15:16:10Z,35.2022770,-106.5647589,1606.6,61975.1,14.780,139,90,283
2026-07-25T15:16:11Z,35.2022579,-106.5649159,1605.6,61989.6,14.660,139,90,247
2026-07-25T15:16:12Z,35.2022429,-106.5650729,1605.0,62003.7,14.500,139,89,247
2026-07-25T15:16:13Z,35.2022289,-106.5652619,1604.4,62017.8,14.440,139,88,260
2026-07-25T15:16:14Z,35.2022240,-106.5653889,1603.8,62031.7,14.260,139,87,253
2026-07-25T15:16:15Z,35.2022230,-106.5655430,1603.6,62045.7,14.120,139,86,237
2026-07-25T15:16:16Z,35.2022250,-106.5656929,1603.0,62059.5,13.980,139,85,214
2026-07-25T15:16:17Z,35.2022309,-106.5658430,1602.8,62073.2,13.900,139,85,230
2026-07-25T15:16:18Z,35.2022419,-106.5659919,1602.4,62086.9,13.820,139,84,215
2026-07-25T15:16:19Z,35.2022559,-106.5661389,1602.2,62100.5,13.760,139,84,167
2026-07-25T15:16:20Z,35.2022749,-106.5662860,1602.0,62113.9,13.640,139,84,167
2026-07-25T15:16:21Z,35.2022999,-106.5664320,1601.8,62127.5,13.600,140,84,145
2026-07-25T15:16:22Z,35.2023270,-106.5665750,1601.6,62140.6,13.480,140,84,145
2026-07-25T15:16:23Z,35.2023599,-106.5667149,1601.4,62154.0,13.420,140,46,70
2026-07-25T15:16:24Z,35.2023950,-106.5668540,1601.2,62167.2,13.340,140,46,0
2026-07-25T15:16:25Z,35.2024319,-106.5669910,1601.0,62179.9,13.200,139,46,0
2026-07-25T15:16:26Z,35.2024719,-106.5671220,1600.8,62191.6,12.820,139,0,0
2026-07-25T15:16:27Z,35.2025100,-106.5672469,1600.6,62202.4,12.360,139,0,0
2026-07-25T15:16:28Z,35.2025469,-106.5673589,1600.4,62212.1,11.620,138,0,0
2026-07-25T15:16:29Z,35.2025860,-106.5674560,1600.0,62220.5,10.660,138,0,0
2026-07-25T15:16:30Z,35.2026189,-106.5675410,1599.8,62227.8,9.580,138,0,0
2026-07-25T15:16:31Z,35.2026500,-106.5676150,1599.6,62234.6,8.600,137,0,0
2026-07-25T15:16:32Z,35.2026769,-106.5676810,1599.4,62240.8,7.680,136,0,0
2026-07-25T15:16:33Z,35.2026970,-106.5677410,1599.4,62246.3,6.840,135,0,0
2026-07-25T15:16:34Z,35.2027169,-106.5677950,1599.4,62251.2,6.140,134,0,0
2026-07-25T15:16:35Z,35.2027360,-106.5678440,1599.4,62255.9,5.620,134,0,0
2026-07-25T15:16:36Z,35.2027530,-106.5678909,1599.4,62260.4,5.160,134,0,0
2026-07-25T15:16:37Z,35.2027730,-106.5679400,1599.4,62264.4,4.720,133,0,0
2026-07-25T15:16:38Z,35.2027840,-106.5679680,1599.4,62267.7,4.280,133,0,0
2026-07-25T15:16:39Z,35.2027950,-106.5679990,1599.6,62270.6,3.880,132,0,0
2026-07-25T15:16:40Z,35.2028080,-106.5680300,1599.6,62273.6,3.540,131,0,0
2026-07-25T15:16:41Z,35.2028110,-106.5680379,1599.6,62273.6,2.640,131,0,0
2026-07-25T15:16:42Z,35.2028110,-106.5680379,1599.6,62273.6,1.840,131,0,0
2026-07-25T15:16:43Z,35.2028110,-106.5680379,1599.6,62273.6,1.180,130,0,0
2026-07-25T15:16:44Z,35.2028110,-106.5680379,1599.8,62273.6,0.600,129,0,0
2026-07-25T15:16:45Z,35.2028110,-106.5680379,1599.8,62273.6,0.000,129,0,0
2026-07-25T15:16:46Z,35.2028110,-106.5680379,1599.8,62273.6,0.000,129,0,0
2026-07-25T15:16:47Z,35.2028110,-106.5680379,1599.8,62273.6,0.000,129,0,0
2026-07-25T15:16:48Z,35.2028110,-106.5680379,1599.8,62273.6,0.000,129,0,0
2026-07-25T15:16:49Z,35.2028110,-106.5680379,1599.8,62273.6,0.000,128,0,0
2026-07-25T15:16:50Z,35.2028110,-106.5680379,1599.8,62273.6,0.000,128,0,0
2026-07-25T15:16:51Z,35.2028110,-106.5680379,1599.8,62273.6,0.000,127,0,0
2026-07-25T15:16:52Z,35.2028110,-106.5680379,1599.8,62273.6,0.000,126,0,0
2026-07-25T15:16:53Z,35.2028110,-106.5680379,1599.8,62273.6,0.000,126,0,0
2026-07-25T15:16:54Z,35.2028110,-106.5680379,1599.6,62273.6,0.000,125,0,0
2026-07-25T15:16:55Z,35.2028110,-106.5680379,1599.6,62273.6,0.000,125,0,0
2026-07-25T15:16:56Z,35.2028110,-106.5680379,1599.6,62273.6,0.000,125,0,0
2026-07-25T15:16:57Z,35.2028110,-106.5680379,1599.6,62273.6,0.000,125,0,0
2026-07-25T15:16:58Z,35.2028110,-106.5680379,1599.6,62273.6,0.000,125,0,0
2026-07-25T15:16:59Z,35.2028110,-106.5680379,1599.6,62273.6,0.000,124,0,0
2026-07-25T15:17:00Z,35.2028110,-106.5680379,1599.6,62273.6,0.000,124,0,0
2026-07-25T15:17:01Z,35.2028110,-106.5680379,1599.6,62273.6,0.000,126,0,0
2026-07-25T15:17:02Z,35.2028110,-106.5680379,1599.6,62273.6,0.000,126,0,0
2026-07-25T15:17:03Z,35.2028110,-106.5680379,1599.6,62273.6,0.000,127,0,0
2026-07-25T15:17:04Z,35.2028110,-106.5680379,1599.4,62273.6,0.000,126,0,0
2026-07-25T15:17:05Z,35.2028110,-106.5680379,1599.4,62273.6,0.000,126,0,0
2026-07-25T15:17:06Z,35.2028110,-106.5680379,1599.4,62273.6,0.000,125,0,0
2026-07-25T15:17:07Z,35.2028110,-106.5680379,1599.4,62273.6,0.000,125,0,0
2026-07-25T15:17:08Z,35.2028110,-106.5680379,1599.4,62273.6,0.000,124,0,0
2026-07-25T15:17:09Z,35.2028110,-106.5680379,1599.4,62273.6,0.000,123,0,0
2026-07-25T15:17:10Z,35.2028110,-106.5680379,1599.4,62273.6,0.000,122,0,0
2026-07-25T15:17:11Z,35.2028110,-106.5680379,1599.4,62273.6,0.000,121,0,0
2026-07-25T15:17:12Z,35.2028110,-106.5680379,1599.4,62273.6,0.000,120,0,0
2026-07-25T15:17:13Z,35.2028110,-106.5680379,1599.4,62273.6,0.000,119,0,0
2026-07-25T15:17:14Z,35.2028110,-106.5680379,1599.4,62273.6,0.000,118,0,0
2026-07-25T15:17:15Z,35.2028110,-106.5680379,1599.4,62273.6,0.000,118,0,0
2026-07-25T15:17:16Z,35.2028110,-106.5680379,1599.4,62273.6,0.000,118,0,0
2026-07-25T15:17:17Z,35.2028110,-106.5680379,1599.4,62273.6,0.000,118,0,0
2026-07-25T15:17:18Z,35.2028110,-106.5680379,1599.4,62273.6,0.000,117,0,0
2026-07-25T15:17:19Z,35.2028110,-106.5680379,1599.4,62273.6,0.000,117,0,0
2026-07-25T15:17:20Z,35.2028110,-106.5680379,1599.4,62273.6,0.000,117,0,0
2026-07-25T15:17:21Z,35.2028110,-106.5680379,1599.4,62273.6,0.000,117,0,0
2026-07-25T15:17:22Z,35.2028120,-106.5680410,1599.4,62273.7,0.020,117,0,0
2026-07-25T15:17:23Z,35.2028280,-106.5680659,1599.4,62276.6,0.600,116,0,0
2026-07-25T15:17:24Z,35.2028420,-106.5680949,1599.4,62279.5,1.180,115,0,0
2026-07-25T15:17:25Z,35.2028530,-106.5681270,1599.4,62282.7,1.820,116,0,0
2026-07-25T15:17:26Z,35.2028660,-106.5681639,1599.4,62286.9,2.660,115,0,0
2026-07-25T15:17:27Z,35.2028840,-106.5682089,1599.4,62291.9,3.640,115,2,0
2026-07-25T15:17:28Z,35.2029039,-106.5682590,1599.4,62297.3,4.140,116,65,191
2026-07-25T15:17:29Z,35.2029260,-106.5683170,1599.4,62303.1,4.720,117,70,160
2026-07-25T15:17:30Z,35.2029469,-106.5683780,1599.2,62309.2,5.300,118,76,142
2026-07-25T15:17:31Z,35.2029670,-106.5684430,1599.2,62315.6,5.740,117,82,135
2026-07-25T15:17:32Z,35.2029870,-106.5685060,1599.0,62322.2,6.060,118,84,122
2026-07-25T15:17:33Z,35.2030100,-106.5685720,1599.0,62328.9,6.320,118,86,93
2026-07-25T15:17:34Z,35.2030369,-106.5686389,1598.8,62335.9,6.560,118,81,122
2026-07-25T15:17:35Z,35.2030629,-106.5687090,1598.8,62343.1,6.780,118,81,119
2026-07-25T15:17:36Z,35.2030860,-106.5687819,1598.6,62350.4,6.960,118,84,99
2026-07-25T15:17:37Z,35.2031089,-106.5688559,1598.6,62357.8,7.120,118,82,99
2026-07-25T15:17:38Z,35.2031329,-106.5689320,1598.4,62365.3,7.280,118,82,97
2026-07-25T15:17:39Z,35.2031580,-106.5690080,1598.2,62373.2,7.460,119,81,97
2026-07-25T15:17:40Z,35.2031789,-106.5690889,1598.0,62381.1,7.600,119,83,97
2026-07-25T15:17:41Z,35.2032000,-106.5691739,1597.8,62389.4,7.800,119,85,89
2026-07-25T15:17:42Z,35.2032189,-106.5692609,1597.6,62397.7,7.980,119,87,68
2026-07-25T15:17:43Z,35.2032389,-106.5693490,1597.4,62406.3,8.200,119,82,93
2026-07-25T15:17:44Z,35.2032590,-106.5694380,1597.2,62414.7,8.300,119,80,87
2026-07-25T15:17:45Z,35.2032769,-106.5695290,1596.8,62423.5,8.480,118,81,83
2026-07-25T15:17:46Z,35.2032919,-106.5696209,1596.8,62432.3,8.580,119,82,89
2026-07-25T15:17:47Z,35.2033069,-106.5697140,1596.6,62441.1,8.680,119,82,79
2026-07-25T15:17:48Z,35.2033209,-106.5698079,1596.2,62449.8,8.700,118,83,89
2026-07-25T15:17:49Z,35.2033349,-106.5699030,1596.0,62458.7,8.800,119,85,91
2026-07-25T15:17:50Z,35.2033460,-106.5700000,1595.6,62467.9,8.880,119,86,85
2026-07-25T15:17:51Z,35.2033570,-106.5700990,1595.4,62477.1,8.960,119,86,76
2026-07-25T15:17:52Z,35.2033659,-106.5701990,1595.2,62486.6,9.100,118,78,96
2026-07-25T15:17:53Z,35.2033740,-106.5703020,1595.2,62496.3,9.300,118,78,111
2026-07-25T15:17:54Z,35.2033770,-106.5704069,1595.0,62506.0,9.460,118,80,111
2026-07-25T15:17:55Z,35.2033760,-106.5705119,1594.8,62515.8,9.580,118,82,88
2026-07-25T15:17:56Z,35.2033760,-106.5706210,1594.6,62525.8,9.740,118,84,79
2026-07-25T15:17:57Z,35.2033789,-106.5707320,1594.2,62536.0,9.880,119,85,69
2026-07-25T15:17:58Z,35.2033840,-106.5708450,1594.0,62546.7,10.080,118,87,83
2026-07-25T15:17:59Z,35.2033880,-106.5709600,1593.8,62557.3,10.260,119,88,112
2026-07-25T15:18:00Z,35.2033939,-106.5710750,1593.6,62568.1,10.460,119,90,133
2026-07-25T15:18:01Z,35.2033990,-106.5711920,1593.2,62579.2,10.680,118,92,134
2026-07-25T15:18:02Z,35.2034050,-106.5713120,1593.0,62590.5,10.900,118,92,99
2026-07-25T15:18:03Z,35.2034109,-106.5714350,1592.6,62601.7,11.000,118,95,99
2026-07-25T15:18:04Z,35.2034190,-106.5715599,1592.2,62613.3,11.200,118,91,102
2026-07-25T15:18:05Z,35.2034270,-106.5716850,1591.6,62624.9,11.360,118,84,106
2026-07-25T15:18:06Z,35.2034369,-106.5718110,1591.4,62636.6,11.480,119,85,104
2026-07-25T15:18:07Z,35.2034480,-106.5719380,1591.2,62648.4,11.580,119,85,95
2026-07-25T15:18:08Z,35.2034610,-106.5720659,1590.6,62660.4,11.740,118,86,90
2026-07-25T15:18:09Z,35.2034740,-106.5721949,1590.2,62672.3,11.800,118,87,85
2026-07-25T15:18:10Z,35.2034890,-106.5723250,1589.6,62684.5,11.920,118,88,78
2026-07-25T15:18:11Z,35.2035060,-106.5724539,1589.4,62696.4,11.960,119,89,76
2026-07-25T15:18:12Z,35.2035249,-106.5725870,1588.8,62708.8,12.080,118,89,73
2026-07-25T15:18:13Z,35.2035460,-106.5727210,1588.2,62721.2,12.160,118,90,78
2026-07-25T15:18:14Z,35.2035679,-106.5728569,1588.0,62733.5,12.240,118,92,65
2026-07-25T15:18:15Z,35.2035880,-106.5729940,1587.4,62746.3,12.360,118,80,15
2026-07-25T15:18:16Z,35.2036070,-106.5731330,1587.0,62759.2,12.560,119,80,0
2026-07-25T15:18:17Z,35.2036269,-106.5732729,1586.6,62772.4,12.720,117,80,0
2026-07-25T15:18:18Z,35.2036480,-106.5734129,1586.4,62785.6,12.880,118,0,0
2026-07-25T15:18:19Z,35.2036689,-106.5735530,1585.8,62799.1,13.120,117,0,0
2026-07-25T15:18:20Z,35.2036900,-106.5736950,1585.4,62812.5,13.240,116,0,0
2026-07-25T15:18:21Z,35.2037099,-106.5738410,1584.4,62826.0,13.360,114,0,0
2026-07-25T15:18:22Z,35.2037320,-106.5739870,1583.8,62839.6,13.440,114,0,0
2026-07-25T15:18:23Z,35.2037559,-106.5741349,1583.2,62853.3,13.540,112,0,0
2026-07-25T15:18:24Z,35.2037780,-106.5742830,1582.4,62867.2,13.620,112,0,0
2026-07-25T15:18:25Z,35.2038040,-106.5744290,1582.0,62880.6,13.620,111,0,0
2026-07-25T15:18:26Z,35.2038350,-106.5745730,1581.0,62893.7,13.540,110,0,0
2026-07-25T15:18:27Z,35.2038620,-106.5747170,1581.0,62907.2,13.520,110,0,0
2026-07-25T15:18:28Z,35.2038859,-106.5748620,1579.8,62920.7,13.480,108,76,37
2026-07-25T15:18:29Z,35.2039090,-106.5750089,1579.0,62934.2,13.400,107,85,89
2026-07-25T15:18:30Z,35.2039330,-106.5751569,1578.4,62948.0,13.480,109,85,65
2026-07-25T15:18:31Z,35.2039569,-106.5753060,1577.4,62961.9,13.640,110,85,69
2026-07-25T15:18:32Z,35.2039800,-106.5754549,1577.2,62975.8,13.720,110,85,74
2026-07-25T15:18:33Z,35.2040040,-106.5756060,1576.4,62989.5,13.760,111,85,73
2026-07-25T15:18:34Z,35.2040279,-106.5757550,1575.8,63003.1,13.780,111,86,73
2026-07-25T15:18:35Z,35.2040520,-106.5759029,1574.8,63016.9,13.780,111,85,86
2026-07-25T15:18:36Z,35.2040729,-106.5760520,1574.2,63030.6,13.740,111,85,80
2026-07-25T15:18:37Z,35.2040950,-106.5762010,1573.4,63044.4,13.720,111,86,79
2026-07-25T15:18:38Z,35.2041230,-106.5763820,1572.6,63058.4,13.780,111,86,85
2026-07-25T15:18:39Z,35.2041419,-106.5765030,1572.2,63072.4,13.860,110,87,101
2026-07-25T15:18:40Z,35.2041660,-106.5766540,1571.4,63086.2,13.860,111,87,110
2026-07-25T15:18:41Z,35.2041890,-106.5768020,1571.0,63100.0,13.880,111,86,121
2026-07-25T15:18:42Z,35.2042139,-106.5769539,1570.2,63114.2,13.960,112,86,116
2026-07-25T15:18:43Z,35.2042400,-106.5771070,1570.0,63127.9,13.900,113,86,120
2026-07-25T15:18:44Z,35.2042660,-106.5772650,1569.2,63141.6,13.840,113,85,127
2026-07-25T15:18:45Z,35.2042879,-106.5774230,1568.6,63155.0,13.760,114,85,133
2026-07-25T15:18:46Z,35.2043100,-106.5775729,1568.4,63168.6,13.720,114,83,153
2026-07-25T15:18:47Z,35.2043299,-106.5777159,1568.2,63181.6,13.480,114,82,157
2026-07-25T15:18:48Z,35.2043480,-106.5778550,1568.0,63194.5,13.320,115,80,151
2026-07-25T15:18:49Z,35.2043690,-106.5779920,1567.8,63207.2,13.120,115,79,181
2026-07-25T15:18:50Z,35.2043910,-106.5781270,1567.6,63219.5,12.900,115,79,175
2026-07-25T15:18:51Z,35.2044129,-106.5782619,1567.4,63231.6,12.600,116,78,177
2026-07-25T15:18:52Z,35.2044350,-106.5784209,1567.2,63243.5,12.380,117,77,180
2026-07-25T15:18:53Z,35.2044469,-106.5785260,1567.0,63255.6,12.220,117,75,188
2026-07-25T15:18:54Z,35.2044620,-106.5786580,1566.6,63267.4,12.040,118,75,165
2026-07-25T15:18:55Z,35.2044749,-106.5787880,1566.4,63279.0,11.900,119,85,165
2026-07-25T15:18:56Z,35.2044879,-106.5789160,1566.2,63290.5,11.780,119,99,149
2026-07-25T15:18:57Z,35.2044999,-106.5790420,1566.0,63301.9,11.680,119,97,150
2026-07-25T15:18:58Z,35.2045120,-106.5791649,1565.6,63313.0,11.480,120,96,148
2026-07-25T15:18:59Z,35.2045240,-106.5792880,1565.6,63323.9,11.300,120,95,137
2026-07-25T15:19:00Z,35.2045390,-106.5794090,1565.6,63334.8,11.160,121,94,153
2026-07-25T15:19:01Z,35.2045540,-106.5795289,1565.4,63345.6,11.020,122,93,158
2026-07-25T15:19:02Z,35.2045709,-106.5796470,1565.4,63356.4,10.900,121,93,162
2026-07-25T15:19:03Z,35.2045869,-106.5797419,1565.4,63367.2,10.840,122,93,150
2026-07-25T15:19:04Z,35.2046070,-106.5798589,1565.4,63378.1,10.840,121,93,153
2026-07-25T15:19:05Z,35.2046329,-106.5799999,1565.4,63389.0,10.840,122,93,147
2026-07-25T15:19:06Z,35.2046530,-106.5801159,1565.4,63399.9,10.860,122,93,151
2026-07-25T15:19:07Z,35.2046729,-106.5802350,1565.4,63410.8,10.880,122,93,156
2026-07-25T15:19:08Z,35.2046930,-106.5803400,1565.6,63421.7,10.900,122,93,154
2026-07-25T15:19:09Z,35.2047140,-106.5804459,1565.6,63432.7,10.920,121,93,159
2026-07-25T15:19:10Z,35.2047459,-106.5805840,1565.6,63443.6,10.920,122,93,152
2026-07-25T15:19:11Z,35.2047739,-106.5806990,1565.6,63454.4,10.900,122,92,142
2026-07-25T15:19:12Z,35.2048000,-106.5808130,1565.6,63465.3,10.900,122,92,129
2026-07-25T15:19:13Z,35.2048270,-106.5809290,1565.6,63476.2,10.900,122,92,102
2026-07-25T15:19:14Z,35.2048580,-106.5810430,1565.6,63487.6,10.980,122,89,84
2026-07-25T15:19:15Z,35.2048909,-106.5811549,1565.4,63498.4,10.960,122,89,16
2026-07-25T15:19:16Z,35.2049240,-106.5812669,1565.4,63509.4,11.000,122,34,16
2026-07-25T15:19:17Z,35.2049580,-106.5813799,1565.2,63520.3,11.000,122,93,113
2026-07-25T15:19:18Z,35.2049929,-106.5814930,1565.2,63531.3,11.020,122,93,102
2026-07-25T15:19:19Z,35.2050270,-106.5816060,1565.0,63542.4,10.960,122,94,100
2026-07-25T15:19:20Z,35.2050609,-106.5817200,1565.0,63553.4,11.000,122,94,88
2026-07-25T15:19:21Z,35.2050990,-106.5818310,1565.0,63564.4,11.000,122,94,62
2026-07-25T15:19:22Z,35.2051349,-106.5819449,1564.8,63575.6,11.060,121,94,62
2026-07-25T15:19:23Z,35.2051690,-106.5820589,1564.4,63586.9,11.120,121,93,128
2026-07-25T15:19:24Z,35.2052039,-106.5821719,1564.0,63598.1,11.140,122,94,116
2026-07-25T15:19:25Z,35.2052430,-106.5822850,1563.8,63609.6,11.240,122,94,97
2026-07-25T15:19:26Z,35.2052830,-106.5823980,1563.2,63620.4,11.200,123,46,21
2026-07-25T15:19:27Z,35.2053199,-106.5825130,1562.8,63631.8,11.240,123,46,65
2026-07-25T15:19:28Z,35.2053570,-106.5826260,1562.4,63643.2,11.260,123,77,65
2026-07-25T15:19:29Z,35.2053939,-106.5827400,1562.2,63654.1,11.200,123,94,70
2026-07-25T15:19:30Z,35.2054290,-106.5828550,1562.0,63665.4,11.160,123,95,60
2026-07-25T15:19:31Z,35.2054649,-106.5829710,1561.8,63676.6,11.240,123,95,75
2026-07-25T15:19:32Z,35.2055000,-106.5830860,1561.4,63687.7,11.180,123,95,73
2026-07-25T15:19:33Z,35.2055359,-106.5831990,1561.0,63699.0,11.160,122,94,73
2026-07-25T15:19:34Z,35.2055710,-106.5833130,1560.8,63710.5,11.280,122,94,77
2026-07-25T15:19:35Z,35.2056050,-106.5834269,1560.4,63721.6,11.240,122,94,73
2026-07-25T15:19:36Z,35.2056389,-106.5835399,1560.6,63732.5,11.180,122,94,74
2026-07-25T15:19:37Z,35.2056730,-106.5836559,1560.0,63743.7,11.200,121,94,71
2026-07-25T15:19:38Z,35.2057060,-106.5837709,1559.6,63754.8,11.160,121,94,71
2026-07-25T15:19:39Z,35.2057389,-106.5838880,1559.4,63765.9,11.080,121,95,69
2026-07-25T15:19:40Z,35.2057710,-106.5840040,1559.2,63777.2,11.120,120,95,71
2026-07-25T15:19:41Z,35.2058040,-106.5841210,1559.0,63788.3,11.160,119,95,72
2026-07-25T15:19:42Z,35.2058369,-106.5842390,1558.8,63799.7,11.200,119,96,75
2026-07-25T15:19:43Z,35.2058699,-106.5843569,1558.8,63810.9,11.220,118,96,66
2026-07-25T15:19:44Z,35.2059060,-106.5844749,1558.6,63822.4,11.300,118,96,65
2026-07-25T15:19:45Z,35.2059419,-106.5845930,1558.6,63833.8,11.320,118,96,59
2026-07-25T15:19:46Z,35.2059770,-106.5847110,1558.2,63845.1,11.360,116,97,62
2026-07-25T15:19:47Z,35.2060099,-106.5848300,1558.0,63856.5,11.360,116,96,58
2026-07-25T15:19:48Z,35.2060440,-106.5849489,1558.0,63867.9,11.400,116,96,62
2026-07-25T15:19:49Z,35.2060790,-106.5850670,1557.6,63879.3,11.380,116,97,64
2026-07-25T15:19:50Z,35.2061239,-106.5852079,1557.4,63890.6,11.360,116,97,58
2026-07-25T15:19:51Z,35.2061539,-106.5853020,1557.0,63902.1,11.400,116,97,62
2026-07-25T15:19:52Z,35.2061890,-106.5854209,1556.6,63913.6,11.420,116,97,86
2026-07-25T15:19:53Z,35.2062230,-106.5855389,1556.2,63925.2,11.460,116,97,87
2026-07-25T15:19:54Z,35.2062559,-106.5856590,1556.2,63936.6,11.460,116,97,95
2026-07-25T15:19:55Z,35.2062880,-106.5857780,1555.8,63947.7,11.420,116,96,105
2026-07-25T15:19:56Z,35.2063200,-106.5858969,1555.4,63959.0,11.380,115,96,99
2026-07-25T15:19:57Z,35.2063530,-106.5860160,1555.4,63970.2,11.320,115,96,93
2026-07-25T15:19:58Z,35.2063869,-106.5861350,1555.0,63981.4,11.240,115,96,75
2026-07-25T15:19:59Z,35.2064220,-106.5862510,1554.6,63992.4,11.160,116,96,74
2026-07-25T15:20:00Z,35.2064589,-106.5863650,1554.2,64003.4,11.140,116,95,85
2026-07-25T15:20:01Z,35.2064950,-106.5864810,1554.0,64014.7,11.140,115,95,83
2026-07-25T15:20:02Z,35.2065319,-106.5865980,1553.6,64025.9,11.140,115,96,82
2026-07-25T15:20:03Z,35.2065680,-106.5867149,1553.2,64036.8,11.080,115,96,81
2026-07-25T15:20:04Z,35.2066019,-106.5868319,1553.0,64048.0,11.120,115,96,77
2026-07-25T15:20:05Z,35.2066360,-106.5869479,1552.8,64059.1,11.140,115,95,80
2026-07-25T15:20:06Z,35.2066700,-106.5870639,1552.6,64070.3,11.120,114,95,81
2026-07-25T15:20:07Z,35.2067009,-106.5871820,1552.4,64081.4,11.100,114,95,87
2026-07-25T15:20:08Z,35.2067309,-106.5873000,1552.2,64092.4,11.120,114,95,86
2026-07-25T15:20:09Z,35.2067609,-106.5874170,1551.8,64103.5,11.100,114,95,86
2026-07-25T15:20:10Z,35.2067990,-106.5875590,1551.6,64114.6,11.100,115,95,98
2026-07-25T15:20:11Z,35.2068220,-106.5876519,1551.2,64125.8,11.100,115,95,86
2026-07-25T15:20:12Z,35.2068510,-106.5877720,1550.6,64137.0,11.120,115,95,89
2026-07-25T15:20:13Z,35.2068769,-106.5878920,1550.6,64148.1,11.140,115,96,82
2026-07-25T15:20:14Z,35.2069029,-106.5880119,1550.2,64159.3,11.160,116,95,85
2026-07-25T15:20:15Z,35.2069290,-106.5881320,1550.0,64170.3,11.140,115,95,80
2026-07-25T15:20:16Z,35.2069560,-106.5882510,1549.8,64181.4,11.120,115,95,80
2026-07-25T15:20:17Z,35.2069830,-106.5883699,1549.6,64192.3,11.060,116,95,83
2026-07-25T15:20:18Z,35.2070090,-106.5884910,1549.4,64203.5,11.080,115,95,90
2026-07-25T15:20:19Z,35.2070339,-106.5886110,1549.2,64214.7,11.080,115,95,86
2026-07-25T15:20:20Z,35.2070599,-106.5887319,1549.0,64225.7,11.080,115,95,92
2026-07-25T15:20:21Z,35.2070840,-106.5888520,1548.6,64236.8,11.080,115,95,78
2026-07-25T15:20:22Z,35.2071069,-106.5889720,1548.4,64248.0,11.140,115,95,81
2026-07-25T15:20:23Z,35.2071270,-106.5890919,1548.2,64259.0,11.100,115,94,93
2026-07-25T15:20:24Z,35.2071450,-106.5892120,1548.2,64269.8,11.020,116,93,88
2026-07-25T15:20:25Z,35.2071629,-106.5893310,1547.8,64280.4,10.940,116,93,93
2026-07-25T15:20:26Z,35.2071820,-106.5894489,1547.6,64291.2,10.880,115,92,101
2026-07-25T15:20:27Z,35.2072010,-106.5895669,1547.0,64302.0,10.800,116,92,99
2026-07-25T15:20:28Z,35.2072209,-106.5896850,1546.8,64313.0,10.800,116,93,96
2026-07-25T15:20:29Z,35.2072400,-106.5898050,1546.6,64323.9,10.820,115,93,93
2026-07-25T15:20:30Z,35.2072570,-106.5899249,1546.4,64334.7,10.860,116,94,105
2026-07-25T15:20:31Z,35.2072720,-106.5900460,1546.2,64345.7,10.900,117,94,97
2026-07-25T15:20:32Z,35.2072840,-106.5901660,1546.0,64356.7,10.940,116,94,86
2026-07-25T15:20:33Z,35.2072960,-106.5902869,1546.0,64367.8,10.960,116,94,89
2026-07-25T15:20:34Z,35.2073079,-106.5904080,1546.0,64378.6,10.940,117,94,87
2026-07-25T15:20:35Z,35.2073209,-106.5905289,1546.0,64389.5,10.960,117,93,78
2026-07-25T15:20:36Z,35.2073349,-106.5906490,1545.8,64400.3,10.920,117,93,101
2026-07-25T15:20:37Z,35.2073479,-106.5907680,1545.6,64411.0,10.860,116,93,108
2026-07-25T15:20:38Z,35.2073609,-106.5908879,1545.4,64421.8,10.800,116,93,96
2026-07-25T15:20:39Z,35.2073730,-106.5910070,1545.0,64432.8,10.840,116,92,105
2026-07-25T15:20:40Z,35.2073860,-106.5911260,1544.8,64443.8,10.860,116,92,96
2026-07-25T15:20:41Z,35.2073970,-106.5912449,1544.6,64454.6,10.860,116,92,102
2026-07-25T15:20:42Z,35.2074049,-106.5913660,1544.4,64465.2,10.840,116,92,102
2026-07-25T15:20:43Z,35.2074110,-106.5914860,1544.0,64475.9,10.820,116,91,112
2026-07-25T15:20:44Z,35.2074150,-106.5916030,1543.6,64486.6,10.760,116,91,125
2026-07-25T15:20:45Z,35.2074209,-106.5917209,1543.6,64497.5,10.740,117,91,114
2026-07-25T15:20:46Z,35.2074280,-106.5918389,1543.2,64508.2,10.720,116,92,114
2026-07-25T15:20:47Z,35.2074359,-106.5919580,1542.8,64518.9,10.740,117,92,105
2026-07-25T15:20:48Z,35.2074470,-106.5921020,1542.4,64529.9,10.800,117,92,98
2026-07-25T15:20:49Z,35.2074540,-106.5921979,1542.4,64540.8,10.840,117,93,102
2026-07-25T15:20:50Z,35.2074610,-106.5923190,1542.0,64551.6,10.820,117,93,107
2026-07-25T15:20:51Z,35.2074680,-106.5924389,1541.8,64562.7,10.900,117,93,112
2026-07-25T15:20:52Z,35.2074730,-106.5925600,1541.8,64573.9,11.000,117,94,113
2026-07-25T15:20:53Z,35.2074789,-106.5926820,1541.6,64584.8,10.980,118,94,100
2026-07-25T15:20:54Z,35.2074850,-106.5928040,1541.6,64596.0,11.040,118,94,99
2026-07-25T15:20:55Z,35.2074919,-106.5929270,1541.4,64607.4,11.160,118,95,100
2026-07-25T15:20:56Z,35.2075000,-106.5930510,1541.2,64618.9,11.240,118,96,91
2026-07-25T15:20:57Z,35.2075049,-106.5931769,1541.0,64630.3,11.280,119,97,91
2026-07-25T15:20:58Z,35.2075099,-106.5933019,1540.8,64641.7,11.380,119,97,78
2026-07-25T15:20:59Z,35.2075160,-106.5934169,1540.8,64653.3,11.460,119,97,74
2026-07-25T15:21:00Z,35.2075209,-106.5935319,1540.4,64664.8,11.480,119,98,73
2026-07-25T15:21:01Z,35.2075310,-106.5936840,1540.0,64676.4,11.500,118,98,67
2026-07-25T15:21:02Z,35.2075389,-106.5938110,1539.6,64688.1,11.560,118,98,63
2026-07-25T15:21:03Z,35.2075440,-106.5939120,1539.4,64699.4,11.540,117,96,58
2026-07-25T15:21:04Z,35.2075529,-106.5940669,1538.8,64710.9,11.520,117,96,0
2026-07-25T15:21:05Z,35.2075620,-106.5941939,1538.6,64722.5,11.540,117,96,0
2026-07-25T15:21:06Z,35.2075750,-106.5943220,1538.0,64734.2,11.560,116,0,0
2026-07-25T15:21:07Z,35.2075909,-106.5944500,1537.6,64746.1,11.600,117,0,0
2026-07-25T15:21:08Z,35.2076099,-106.5945780,1537.2,64758.0,11.720,116,0,0
2026-07-25T15:21:09Z,35.2076310,-106.5947060,1536.8,64770.1,11.840,116,0,0
2026-07-25T15:21:10Z,35.2076529,-106.5948370,1536.8,64782.5,12.000,115,0,0
2026-07-25T15:21:11Z,35.2076770,-106.5949699,1536.6,64795.0,12.160,114,0,0
2026-07-25T15:21:12Z,35.2077030,-106.5951050,1536.2,64807.5,12.280,114,0,0
2026-07-25T15:21:13Z,35.2077300,-106.5952400,1535.6,64820.0,12.400,113,0,0
2026-07-25T15:21:14Z,35.2077570,-106.5953769,1535.4,64832.6,12.500,113,0,0
2026-07-25T15:21:15Z,35.2077860,-106.5955130,1534.8,64845.3,12.560,114,0,0
2026-07-25T15:21:16Z,35.2078140,-106.5956489,1534.2,64858.0,12.600,115,74,29
2026-07-25T15:21:17Z,35.2078440,-106.5957840,1533.8,64870.6,12.620,116,101,41
2026-07-25T15:21:18Z,35.2078760,-106.5959180,1533.2,64883.1,12.620,116,93,117
2026-07-25T15:21:19Z,35.2079079,-106.5960519,1533.0,64895.6,12.600,116,92,100
2026-07-25T15:21:20Z,35.2079399,-106.5961840,1532.4,64907.7,12.480,116,91,106
2026-07-25T15:21:21Z,35.2079710,-106.5963130,1532.2,64919.9,12.380,116,90,115
2026-07-25T15:21:22Z,35.2080050,-106.5964409,1531.6,64930.4,11.960,117,89,125
2026-07-25T15:21:23Z,35.2080409,-106.5965650,1531.2,64933.8,10.140,117,87,176
2026-07-25T15:21:24Z,35.2080770,-106.5966870,1531.0,64939.8,8.840,117,86,182
2026-07-25T15:21:25Z,35.2081129,-106.5968080,1530.8,64950.4,8.540,117,85,163
2026-07-25T15:21:26Z,35.2081500,-106.5969279,1530.6,64961.2,8.260,117,85,179
2026-07-25T15:21:27Z,35.2081880,-106.5970439,1530.4,64972.6,8.440,117,84,179
2026-07-25T15:21:28Z,35.2082269,-106.5971599,1530.4,64984.3,10.100,117,83,204
2026-07-25T15:21:29Z,35.2082669,-106.5972749,1530.0,64995.7,11.180,116,83,221
2026-07-25T15:21:30Z,35.2083060,-106.5973899,1530.0,65006.9,11.300,116,82,209
2026-07-25T15:21:31Z,35.2083450,-106.5975029,1529.8,65017.9,11.340,117,82,200
2026-07-25T15:21:32Z,35.2083849,-106.5976130,1529.6,65028.9,11.260,118,81,205
2026-07-25T15:21:33Z,35.2084279,-106.5977219,1529.6,65040.3,11.200,118,81,186
2026-07-25T15:21:34Z,35.2084709,-106.5978300,1529.4,65050.8,11.020,119,81,164
2026-07-25T15:21:35Z,35.2085119,-106.5979380,1529.4,65061.9,11.000,119,80,164
2026-07-25T15:21:36Z,35.2085520,-106.5980450,1529.2,65072.9,11.000,120,79,165
2026-07-25T15:21:37Z,35.2085950,-106.5981519,1529.2,65082.9,10.800,120,79,171
2026-07-25T15:21:38Z,35.2086370,-106.5982580,1529.2,65088.3,9.600,121,78,171
2026-07-25T15:21:39Z,35.2086790,-106.5983639,1529.0,65091.7,8.180,121,77,183
2026-07-25T15:21:40Z,35.2087200,-106.5984689,1529.0,65098.8,7.380,122,77,164
2026-07-25T15:21:41Z,35.2087599,-106.5985699,1529.0,65105.5,6.520,122,76,173
2026-07-25T15:21:42Z,35.2088009,-106.5986730,1529.0,65111.6,5.740,122,76,199
2026-07-25T15:21:43Z,35.2088429,-106.5987730,1529.0,65117.8,5.900,123,75,182
2026-07-25T15:21:44Z,35.2088850,-106.5988709,1529.0,65128.3,7.320,123,75,166
2026-07-25T15:21:45Z,35.2089270,-106.5989699,1529.0,65138.7,7.980,123,75,215
2026-07-25T15:21:46Z,35.2089680,-106.5990699,1529.0,65149.3,8.760,124,75,202
2026-07-25T15:21:47Z,35.2090110,-106.5991709,1529.0,65159.9,9.660,124,75,148
2026-07-25T15:21:48Z,35.2090530,-106.5992719,1528.8,65170.8,10.600,124,76,138
2026-07-25T15:21:49Z,35.2090960,-106.5993739,1528.8,65181.6,10.660,125,76,119
2026-07-25T15:21:50Z,35.2091489,-106.5994950,1528.8,65192.6,10.780,125,76,109
2026-07-25T15:21:51Z,35.2091860,-106.5995769,1528.8,65203.7,10.880,126,78,109
2026-07-25T15:21:52Z,35.2092339,-106.5996810,1528.8,65214.8,10.980,126,80,90
2026-07-25T15:21:53Z,35.2092860,-106.5997840,1528.6,65226.4,11.120,127,82,73
2026-07-25T15:21:54Z,35.2093390,-106.5998909,1528.4,65238.5,11.380,127,82,66
2026-07-25T15:21:55Z,35.2093870,-106.6000049,1528.2,65250.4,11.560,127,85,66
2026-07-25T15:21:56Z,35.2094300,-106.6001229,1528.0,65262.8,11.820,127,87,81
2026-07-25T15:21:57Z,35.2094680,-106.6002479,1527.6,65275.8,12.200,126,90,102
2026-07-25T15:21:58Z,35.2095069,-106.6003760,1527.4,65288.6,12.440,127,92,87
2026-07-25T15:21:59Z,35.2095489,-106.6005050,1527.2,65301.5,12.600,127,92,83
2026-07-25T15:22:00Z,35.2095949,-106.6006320,1526.6,65314.3,12.780,127,93,78
2026-07-25T15:22:01Z,35.2096499,-106.6007549,1525.8,65326.7,12.780,127,91,35
2026-07-25T15:22:02Z,35.2097160,-106.6008689,1525.4,65339.2,12.680,127,91,0
2026-07-25T15:22:03Z,35.2097910,-106.6009689,1524.4,65350.8,12.440,128,0,0
2026-07-25T15:22:04Z,35.2098669,-106.6010510,1523.4,65359.5,11.600,127,0,0
2026-07-25T15:22:05Z,35.2099359,-106.6011129,1523.0,65367.8,10.700,126,0,0
2026-07-25T15:22:06Z,35.2100010,-106.6011549,1522.2,65376.4,9.940,125,19,12
2026-07-25T15:22:07Z,35.2100689,-106.6011820,1522.0,65384.8,9.120,125,19,161
2026-07-25T15:22:08Z,35.2101409,-106.6011969,1521.8,65393.4,8.520,123,84,312
2026-07-25T15:22:09Z,35.2102300,-106.6012119,1521.6,65401.7,8.440,123,88,257
2026-07-25T15:22:10Z,35.2102890,-106.6012259,1521.6,65410.1,8.460,122,89,213
2026-07-25T15:22:11Z,35.2103590,-106.6012569,1521.4,65418.8,8.480,122,89,186
2026-07-25T15:22:12Z,35.2104210,-106.6013029,1521.4,65427.5,8.540,122,90,205
2026-07-25T15:22:13Z,35.2104660,-106.6013709,1521.6,65436.1,8.540,122,90,172
2026-07-25T15:22:14Z,35.2104900,-106.6014510,1521.6,65444.9,8.640,122,91,206
2026-07-25T15:22:15Z,35.2104910,-106.6015380,1521.8,65453.5,8.680,122,90,206
2026-07-25T15:22:16Z,35.2104709,-106.6016250,1521.8,65462.1,8.660,122,91,213
2026-07-25T15:22:17Z,35.2104340,-106.6017070,1521.8,65471.0,8.700,122,92,202
2026-07-25T15:22:18Z,35.2103870,-106.6017840,1521.8,65480.1,8.800,122,93,189
2026-07-25T15:22:19Z,35.2103399,-106.6018629,1521.8,65489.0,8.820,122,94,182
2026-07-25T15:22:20Z,35.2103020,-106.6019499,1521.8,65498.2,8.940,123,94,171
2026-07-25T15:22:21Z,35.2102750,-106.6020420,1521.8,65507.2,9.020,123,94,186
2026-07-25T15:22:22Z,35.2102549,-106.6021380,1522.0,65516.2,9.040,124,95,154
2026-07-25T15:22:23Z,35.2102340,-106.6022540,1521.8,65525.4,9.060,124,95,151
2026-07-25T15:22:24Z,35.2102180,-106.6023300,1521.8,65534.4,9.080,124,94,144
2026-07-25T15:22:25Z,35.2101959,-106.6024239,1521.8,65543.3,9.020,124,94,135
2026-07-25T15:22:26Z,35.2101740,-106.6025160,1521.8,65552.1,8.980,124,94,137
2026-07-25T15:22:27Z,35.2101529,-106.6026069,1521.8,65561.0,8.960,124,94,137
2026-07-25T15:22:28Z,35.2101290,-106.6027000,1521.8,65570.0,8.920,124,94,158
2026-07-25T15:22:29Z,35.2101060,-106.6027939,1522.0,65578.8,8.880,124,94,165
2026-07-25T15:22:30Z,35.2100850,-106.6028860,1522.0,65587.8,8.900,125,94,167
2026-07-25T15:22:31Z,35.2100590,-106.6029770,1522.0,65596.7,8.920,124,93,167
2026-07-25T15:22:32Z,35.2100300,-106.6030689,1522.0,65605.4,8.880,124,92,162
2026-07-25T15:22:33Z,35.2100020,-106.6031579,1522.0,65613.8,8.760,125,91,153
2026-07-25T15:22:34Z,35.2099760,-106.6032460,1522.0,65622.2,8.680,125,90,162
2026-07-25T15:22:35Z,35.2099509,-106.6033299,1522.0,65630.5,8.540,125,88,166
2026-07-25T15:22:36Z,35.2099259,-106.6034139,1522.0,65638.5,8.360,125,86,180
2026-07-25T15:22:37Z,35.2099010,-106.6034970,1522.0,65646.4,8.200,125,84,194
2026-07-25T15:22:38Z,35.2098760,-106.6035790,1522.0,65654.2,8.080,125,83,231
2026-07-25T15:22:39Z,35.2098519,-106.6036569,1521.8,65661.9,7.940,125,82,249
2026-07-25T15:22:40Z,35.2098270,-106.6037370,1521.8,65669.2,7.740,126,92,208
2026-07-25T15:22:41Z,35.2098059,-106.6038130,1522.0,65676.4,7.580,125,94,170
2026-07-25T15:22:42Z,35.2097840,-106.6038869,1522.0,65683.4,7.400,125,92,180
2026-07-25T15:22:43Z,35.2097629,-106.6039570,1522.0,65690.3,7.220,126,90,193
2026-07-25T15:22:44Z,35.2097430,-106.6040280,1522.0,65697.1,7.040,126,88,187
2026-07-25T15:22:45Z,35.2097260,-106.6040990,1522.2,65703.9,6.940,127,86,182
2026-07-25T15:22:46Z,35.2097079,-106.6041680,1522.2,65710.6,6.840,126,86,193
2026-07-25T15:22:47Z,35.2096900,-106.6042339,1522.2,65717.3,6.780,126,85,205
2026-07-25T15:22:48Z,35.2096720,-106.6043000,1522.2,65724.0,6.740,127,84,191
2026-07-25T15:22:49Z,35.2096519,-106.6043649,1522.6,65730.4,6.660,126,83,209
2026-07-25T15:22:50Z,35.2096300,-106.6044280,1522.8,65737.0,6.620,127,83,223
2026-07-25T15:22:51Z,35.2096079,-106.6044919,1523.0,65743.6,6.600,127,82,252
2026-07-25T15:22:52Z,35.2095870,-106.6045570,1523.2,65750.2,6.580,127,83,220
2026-07-25T15:22:53Z,35.2095670,-106.6046219,1523.2,65756.5,6.500,128,82,207
2026-07-25T15:22:54Z,35.2095469,-106.6046870,1523.4,65763.0,6.520,128,82,193
2026-07-25T15:22:55Z,35.2095270,-106.6047519,1523.6,65769.5,6.500,128,82,191
2026-07-25T15:22:56Z,35.2095069,-106.6048160,1523.8,65776.0,6.480,129,81,173
2026-07-25T15:22:57Z,35.2094880,-106.6048809,1523.8,65782.5,6.460,129,81,170
2026-07-25T15:22:58Z,35.2094680,-106.6049450,1524.0,65788.9,6.480,129,81,160
2026-07-25T15:22:59Z,35.2094479,-106.6050099,1524.0,65795.4,6.480,130,81,192
2026-07-25T15:23:00Z,35.2094270,-106.6050740,1524.0,65801.9,6.480,130,82,179
2026-07-25T15:23:01Z,35.2094059,-106.6051389,1524.2,65808.8,6.560,131,82,162
2026-07-25T15:23:02Z,35.2093870,-106.6052050,1524.2,65815.4,6.580,130,83,162
2026-07-25T15:23:03Z,35.2093680,-106.6052719,1524.2,65822.2,6.660,131,84,171
2026-07-25T15:23:04Z,35.2093479,-106.6053389,1524.2,65829.0,6.720,131,85,167
2026-07-25T15:23:05Z,35.2093280,-106.6054080,1524.2,65835.8,6.780,131,87,169
2026-07-25T15:23:06Z,35.2093029,-106.6054930,1524.2,65844.1,7.060,131,89,160
2026-07-25T15:23:07Z,35.2092870,-106.6055500,1524.4,65852.6,7.440,131,89,155
2026-07-25T15:23:08Z,35.2092660,-106.6056210,1524.4,65857.9,7.140,131,90,149
2026-07-25T15:23:09Z,35.2092449,-106.6056930,1524.4,65863.2,6.840,131,91,142
2026-07-25T15:23:10Z,35.2092240,-106.6057670,1524.6,65870.2,6.880,131,92,136
2026-07-25T15:23:11Z,35.2092029,-106.6058410,1524.6,65877.2,6.620,131,92,141
2026-07-25T15:23:12Z,35.2091800,-106.6059149,1524.8,65884.6,6.400,131,93,129
2026-07-25T15:23:13Z,35.2091580,-106.6059879,1524.8,65892.1,6.840,130,93,122
2026-07-25T15:23:14Z,35.2091360,-106.6060619,1524.8,65899.5,7.260,130,93,142
2026-07-25T15:23:15Z,35.2091150,-106.6061349,1524.8,65907.0,7.360,130,93,155
2026-07-25T15:23:16Z,35.2090950,-106.6062110,1524.8,65915.0,7.560,130,93,140
2026-07-25T15:23:17Z,35.2090749,-106.6062860,1524.8,65921.7,7.420,130,94,140
2026-07-25T15:23:18Z,35.2090530,-106.6063599,1524.8,65925.4,6.660,130,94,139
2026-07-25T15:23:19Z,35.2090280,-106.6064339,1524.8,65928.9,5.880,129,95,136
2026-07-25T15:23:20Z,35.2090060,-106.6065079,1524.8,65932.5,5.100,129,95,132
2026-07-25T15:23:21Z,35.2089850,-106.6065850,1524.8,65940.0,5.000,129,94,128
2026-07-25T15:23:22Z,35.2089609,-106.6066619,1524.8,65943.5,4.360,129,94,123
2026-07-25T15:23:23Z,35.2089350,-106.6067389,1524.8,65946.9,4.300,129,94,131
2026-07-25T15:23:24Z,35.2089120,-106.6068140,1524.8,65953.9,5.000,129,94,131
2026-07-25T15:23:25Z,35.2088899,-106.6068870,1524.8,65961.2,5.740,128,93,130
2026-07-25T15:23:26Z,35.2088700,-106.6069649,1524.8,65968.6,5.720,128,94,124
2026-07-25T15:23:27Z,35.2088490,-106.6070409,1524.8,65976.2,6.540,128,94,118
2026-07-25T15:23:28Z,35.2088260,-106.6071150,1524.8,65983.3,7.280,128,94,121
2026-07-25T15:23:29Z,35.2088019,-106.6071890,1524.8,65990.5,7.320,128,94,158
2026-07-25T15:23:30Z,35.2087780,-106.6072620,1524.8,65998.0,7.360,127,94,167
2026-07-25T15:23:31Z,35.2087540,-106.6073360,1524.4,66005.4,7.360,127,93,141
2026-07-25T15:23:32Z,35.2087330,-106.6074119,1524.6,66012.8,7.320,127,93,126
2026-07-25T15:23:33Z,35.2087120,-106.6074859,1524.4,66020.4,7.420,127,93,122
2026-07-25T15:23:34Z,35.2086900,-106.6075620,1524.4,66028.1,7.520,126,94,119
2026-07-25T15:23:35Z,35.2086699,-106.6076390,1524.4,66035.7,7.540,127,95,109
2026-07-25T15:23:36Z,35.2086490,-106.6077169,1524.4,66043.5,7.620,126,96,114
2026-07-25T15:23:37Z,35.2086299,-106.6077960,1524.4,66051.5,7.740,127,98,96
2026-07-25T15:23:38Z,35.2086080,-106.6078760,1524.2,66059.5,7.820,127,100,91
2026-07-25T15:23:39Z,35.2085820,-106.6079729,1524.2,66067.5,7.880,125,101,82
2026-07-25T15:23:40Z,35.2085650,-106.6080410,1524.2,66076.1,8.080,126,101,99
2026-07-25T15:23:41Z,35.2085429,-106.6081250,1524.2,66084.7,8.240,125,99,99
2026-07-25T15:23:42Z,35.2085210,-106.6082100,1524.2,66093.3,8.360,125,97,76
2026-07-25T15:23:43Z,35.2084979,-106.6082970,1524.0,66102.3,8.560,124,99,73
2026-07-25T15:23:44Z,35.2084719,-106.6083860,1524.0,66111.4,8.780,125,101,55
2026-07-25T15:23:45Z,35.2084460,-106.6084749,1523.8,66120.5,8.880,125,103,55
2026-07-25T15:23:46Z,35.2084210,-106.6085649,1523.6,66129.7,9.000,124,104,45
2026-07-25T15:23:47Z,35.2083940,-106.6086570,1523.2,66139.0,9.140,124,104,20
2026-07-25T15:23:48Z,35.2083679,-106.6087479,1523.0,66148.5,9.240,124,98,20
2026-07-25T15:23:49Z,35.2083419,-106.6088420,1522.8,66157.9,9.300,124,63,18
2026-07-25T15:23:50Z,35.2083180,-106.6089270,1522.6,66167.4,9.380,123,100,16
2026-07-25T15:23:51Z,35.2082940,-106.6090130,1522.4,66177.0,9.460,123,89,85
2026-07-25T15:23:52Z,35.2082600,-106.6091290,1522.2,66186.8,9.560,122,90,86
2026-07-25T15:23:53Z,35.2082279,-106.6092259,1522.0,66196.5,9.600,122,90,83
2026-07-25T15:23:54Z,35.2081949,-106.6093229,1521.8,66206.6,9.740,121,91,84
2026-07-25T15:23:55Z,35.2081620,-106.6094190,1521.6,66216.4,9.800,121,91,74
2026-07-25T15:23:56Z,35.2081300,-106.6095170,1521.4,66226.4,9.880,121,92,81
2026-07-25T15:23:57Z,35.2081000,-106.6096149,1521.2,66236.6,9.960,120,92,82
2026-07-25T15:23:58Z,35.2080689,-106.6097149,1520.8,66246.5,10.000,121,92,92
2026-07-25T15:23:59Z,35.2080379,-106.6098129,1520.6,66256.3,9.940,120,92,107
2026-07-25T15:24:00Z,35.2080050,-106.6099110,1520.2,66266.2,9.960,120,91,100
2026-07-25T15:24:01Z,35.2079720,-106.6100080,1520.2,66275.8,9.880,119,91,97
2026-07-25T15:24:02Z,35.2079389,-106.6101060,1520.2,66285.3,9.740,119,90,110
2026-07-25T15:24:03Z,35.2079020,-106.6102189,1519.8,66294.9,9.680,119,89,104
2026-07-25T15:24:04Z,35.2078789,-106.6102950,1519.6,66304.3,9.600,119,88,113
2026-07-25T15:24:05Z,35.2078480,-106.6103879,1519.4,66313.8,9.520,119,87,125
2026-07-25T15:24:06Z,35.2078180,-106.6104790,1519.4,66323.2,9.480,120,86,149
2026-07-25T15:24:07Z,35.2077890,-106.6105700,1519.2,66332.4,9.420,119,86,144
2026-07-25T15:24:08Z,35.2077610,-106.6106619,1519.2,66341.4,9.300,119,85,151
2026-07-25T15:24:09Z,35.2077349,-106.6107530,1519.0,66350.4,9.220,120,84,155
2026-07-25T15:24:10Z,35.2077099,-106.6108440,1519.0,66359.2,9.080,120,83,164
2026-07-25T15:24:11Z,35.2076840,-106.6109310,1518.8,66368.1,8.980,121,82,199
2026-07-25T15:24:12Z,35.2076580,-106.6110189,1518.8,66376.9,8.900,121,82,213
2026-07-25T15:24:13Z,35.2076339,-106.6111059,1518.8,66385.9,8.900,122,81,194
2026-07-25T15:24:14Z,35.2076079,-106.6111929,1518.8,66394.5,8.820,122,80,182
2026-07-25T15:24:15Z,35.2075830,-106.6112789,1518.8,66402.9,8.740,122,79,189
2026-07-25T15:24:16Z,35.2075540,-106.6113620,1518.8,66411.5,8.680,123,79,219
2026-07-25T15:24:17Z,35.2075219,-106.6114420,1518.8,66420.1,8.640,122,78,219
2026-07-25T15:24:18Z,35.2074919,-106.6115229,1519.0,66428.7,8.560,123,79,243
2026-07-25T15:24:19Z,35.2074610,-106.6116040,1519.2,66437.4,8.580,123,89,175
2026-07-25T15:24:20Z,35.2074260,-106.6116870,1519.4,66445.9,8.600,123,97,152
2026-07-25T15:24:21Z,35.2073919,-106.6117669,1519.4,66454.4,8.580,122,97,148
2026-07-25T15:24:22Z,35.2073580,-106.6118450,1519.4,66462.9,8.560,123,96,123
2026-07-25T15:24:23Z,35.2073199,-106.6119200,1519.6,66471.3,8.520,124,96,127
2026-07-25T15:24:24Z,35.2072810,-106.6119950,1519.6,66479.7,8.460,122,95,143
2026-07-25T15:24:25Z,35.2072410,-106.6120689,1519.6,66488.2,8.460,122,95,144
2026-07-25T15:24:26Z,35.2071990,-106.6121409,1519.6,66496.6,8.440,123,95,132
2026-07-25T15:24:27Z,35.2071590,-106.6122090,1519.8,66504.9,8.400,122,95,145
2026-07-25T15:24:28Z,35.2071140,-106.6122780,1519.8,66513.1,8.360,122,95,137
2026-07-25T15:24:29Z,35.2070680,-106.6123459,1519.8,66521.6,8.380,123,95,147
2026-07-25T15:24:30Z,35.2070199,-106.6124130,1519.8,66529.9,8.340,122,94,147
2026-07-25T15:24:31Z,35.2069720,-106.6124780,1519.8,66538.1,8.300,122,94,121
2026-07-25T15:24:32Z,35.2069220,-106.6125410,1519.8,66546.5,8.320,123,94,131
2026-07-25T15:24:33Z,35.2068710,-106.6126019,1519.8,66554.7,8.320,122,93,136
2026-07-25T15:24:34Z,35.2068199,-106.6126629,1519.8,66562.7,8.220,122,93,153
2026-07-25T15:24:35Z,35.2067690,-106.6127230,1519.8,66570.9,8.200,122,93,144
2026-07-25T15:24:36Z,35.2067169,-106.6127820,1519.8,66579.1,8.200,122,93,151
2026-07-25T15:24:37Z,35.2066640,-106.6128380,1519.8,66587.1,8.119,122,92,129
2026-07-25T15:24:38Z,35.2066080,-106.6128899,1519.8,66595.4,8.140,121,92,132
2026-07-25T15:24:39Z,35.2065510,-106.6129400,1519.8,66603.4,8.140,122,92,138
2026-07-25T15:24:40Z,35.2064940,-106.6129899,1519.8,66611.5,8.119,121,92,137
2026-07-25T15:24:41Z,35.2064370,-106.6130390,1519.6,66619.5,8.080,121,92,139
2026-07-25T15:24:42Z,35.2063810,-106.6130870,1519.6,66627.7,8.119,122,92,126
2026-07-25T15:24:43Z,35.2063250,-106.6131369,1519.6,66635.9,8.100,122,92,126
2026-07-25T15:24:44Z,35.2062660,-106.6131830,1519.6,66643.9,8.100,122,91,114
2026-07-25T15:24:45Z,35.2062040,-106.6132249,1519.6,66651.9,8.080,122,91,120
2026-07-25T15:24:46Z,35.2061419,-106.6132649,1519.6,66660.0,8.100,122,91,117
2026-07-25T15:24:47Z,35.2060800,-106.6133030,1519.6,66668.1,8.080,122,92,114
2026-07-25T15:24:48Z,35.2060170,-106.6133420,1519.4,66676.0,8.020,122,92,108
2026-07-25T15:24:49Z,35.2059399,-106.6133860,1519.4,66684.1,8.039,122,91,102
2026-07-25T15:24:50Z,35.2058890,-106.6134130,1519.4,66691.9,8.000,122,91,96
2026-07-25T15:24:51Z,35.2058259,-106.6134470,1519.4,66700.0,8.000,122,90,92
2026-07-25T15:24:52Z,35.2057630,-106.6134799,1519.4,66707.9,7.960,121,90,100
2026-07-25T15:24:53Z,35.2057000,-106.6135109,1519.4,66715.8,7.960,122,90,96
2026-07-25T15:24:54Z,35.2056349,-106.6135399,1519.4,66723.6,7.900,121,90,92
2026-07-25T15:24:55Z,35.2055700,-106.6135649,1519.4,66731.5,7.920,122,89,92
2026-07-25T15:24:56Z,35.2054919,-106.6135920,1519.4,66739.3,7.860,121,89,107
2026-07-25T15:24:57Z,35.2054389,-106.6136070,1519.4,66747.2,7.860,121,90,89
2026-07-25T15:24:58Z,35.2053720,-106.6136280,1519.4,66755.2,7.880,122,90,84
2026-07-25T15:24:59Z,35.2053040,-106.6136470,1519.4,66763.3,7.940,121,91,86
2026-07-25T15:25:00Z,35.2052349,-106.6136630,1519.4,66771.6,8.020,122,92,80
2026-07-25T15:25:01Z,35.2051649,-106.6136760,1519.4,66779.9,8.119,121,92,77
2026-07-25T15:25:02Z,35.2050960,-106.6136910,1519.4,66788.2,8.200,121,93,66
2026-07-25T15:25:03Z,35.2050260,-106.6137080,1519.4,66796.5,8.260,121,92,49
2026-07-25T15:25:04Z,35.2049560,-106.6137249,1519.2,66804.7,8.280,120,87,20
2026-07-25T15:25:05Z,35.2048710,-106.6137409,1519.2,66812.6,8.200,120,88,2
2026-07-25T15:25:06Z,35.2048159,-106.6137510,1519.0,66820.6,8.140,119,85,3
2026-07-25T15:25:07Z,35.2047479,-106.6137659,1518.8,66828.1,7.980,118,85,6
2026-07-25T15:25:08Z,35.2046820,-106.6137809,1518.6,66835.6,7.820,118,87,40
2026-07-25T15:25:09Z,35.2046169,-106.6137959,1518.6,66843.3,7.720,117,86,92
2026-07-25T15:25:10Z,35.2045540,-106.6138119,1518.6,66850.9,7.660,117,85,97
2026-07-25T15:25:11Z,35.2044899,-106.6138249,1518.4,66858.3,7.540,117,85,90
2026-07-25T15:25:12Z,35.2044269,-106.6138379,1518.4,66866.0,7.580,116,85,97
2026-07-25T15:25:13Z,35.2043630,-106.6138510,1518.4,66873.3,7.540,117,84,98
2026-07-25T15:25:14Z,35.2043009,-106.6138660,1518.4,66880.5,7.440,116,84,92
2026-07-25T15:25:15Z,35.2042380,-106.6138809,1518.4,66887.9,7.400,116,83,87
2026-07-25T15:25:16Z,35.2041770,-106.6138950,1518.4,66895.0,7.340,116,83,102
2026-07-25T15:25:17Z,35.2041139,-106.6139070,1518.4,66902.3,7.260,115,83,86
2026-07-25T15:25:18Z,35.2040520,-106.6139249,1518.4,66909.5,7.240,115,83,99
2026-07-25T15:25:19Z,35.2039910,-106.6139450,1518.4,66916.6,7.220,115,82,93
2026-07-25T15:25:20Z,35.2039289,-106.6139600,1518.2,66923.8,7.180,114,82,118
2026-07-25T15:25:21Z,35.2038679,-106.6139719,1518.2,66930.9,7.180,115,82,130
2026-07-25T15:25:22Z,35.2038050,-106.6139819,1518.2,66938.0,7.140,115,82,115
2026-07-25T15:25:23Z,35.2037430,-106.6139940,1518.2,66945.2,7.140,115,82,110
2026-07-25T15:25:24Z,35.2036809,-106.6140080,1518.2,66952.3,7.140,115,83,110
2026-07-25T15:25:25Z,35.2036200,-106.6140230,1518.2,66959.6,7.160,115,83,110
2026-07-25T15:25:26Z,35.2035570,-106.6140389,1518.2,66966.8,7.180,116,82,110
2026-07-25T15:25:27Z,35.2034959,-106.6140520,1518.2,66974.0,7.200,116,82,129
2026-07-25T15:25:28Z,35.2034340,-106.6140640,1518.2,66981.1,7.180,116,82,129
2026-07-25T15:25:29Z,35.2033730,-106.6140790,1518.2,66988.3,7.200,116,83,138
2026-07-25T15:25:30Z,35.2033120,-106.6140940,1518.0,66995.5,7.180,117,83,134
2026-07-25T15:25:31Z,35.2032499,-106.6141080,1518.0,67002.6,7.160,117,83,134
2026-07-25T15:25:32Z,35.2031860,-106.6141200,1518.0,67009.7,7.140,118,83,133
2026-07-25T15:25:33Z,35.2031130,-106.6141340,1518.0,67017.1,7.200,119,82,124
2026-07-25T15:25:34Z,35.2030639,-106.6141449,1517.8,67024.2,7.180,118,82,131
2026-07-25T15:25:35Z,35.2030020,-106.6141589,1517.8,67031.3,7.160,117,82,131
2026-07-25T15:25:36Z,35.2029400,-106.6141750,1518.0,67038.5,7.180,118,83,134
2026-07-25T15:25:37Z,35.2028769,-106.6141930,1517.8,67045.8,7.220,118,83,162
2026-07-25T15:25:38Z,35.2028029,-106.6142110,1517.8,67053.0,7.180,118,83,163
2026-07-25T15:25:39Z,35.2027530,-106.6142240,1517.8,67060.1,7.180,119,83,150
2026-07-25T15:25:40Z,35.2026909,-106.6142360,1517.8,67067.3,7.200,120,84,131
2026-07-25T15:25:41Z,35.2026280,-106.6142470,1517.8,67074.5,7.200,120,84,147
2026-07-25T15:25:42Z,35.2025650,-106.6142589,1517.8,67081.7,7.180,121,84,147
2026-07-25T15:25:43Z,35.2025009,-106.6142709,1518.0,67089.0,7.200,121,84,130
2026-07-25T15:25:44Z,35.2024370,-106.6142839,1518.0,67096.4,7.260,121,85,130
2026-07-25T15:25:45Z,35.2023719,-106.6142960,1517.8,67103.8,7.300,122,86,152
2026-07-25T15:25:46Z,35.2023070,-106.6143080,1517.8,67111.4,7.380,122,86,139
2026-07-25T15:25:47Z,35.2022410,-106.6143250,1517.8,67118.8,7.420,123,86,119
2026-07-25T15:25:48Z,35.2021760,-106.6143429,1517.8,67126.2,7.440,123,86,114
2026-07-25T15:25:49Z,35.2021100,-106.6143589,1517.8,67133.6,7.440,123,86,114
2026-07-25T15:25:50Z,35.2020439,-106.6143749,1517.8,67140.9,7.420,124,86,121
2026-07-25T15:25:51Z,35.2019800,-106.6143879,1517.8,67148.2,7.360,124,86,109
2026-07-25T15:25:52Z,35.2019020,-106.6144019,1517.8,67155.5,7.340,124,85,116
2026-07-25T15:25:53Z,35.2018529,-106.6144159,1517.6,67162.6,7.280,124,85,154
2026-07-25T15:25:54Z,35.2017900,-106.6144329,1517.6,67170.0,7.280,123,85,157
2026-07-25T15:25:55Z,35.2017269,-106.6144469,1517.6,67177.4,7.300,124,85,157
2026-07-25T15:25:56Z,35.2016630,-106.6144599,1517.6,67184.8,7.320,123,85,157
2026-07-25T15:25:57Z,35.2015979,-106.6144729,1517.6,67192.3,7.360,124,86,126
2026-07-25T15:25:58Z,35.2015330,-106.6144869,1517.6,67199.7,7.420,124,86,134
2026-07-25T15:25:59Z,35.2014689,-106.6145019,1517.6,67207.0,7.400,124,86,122
2026-07-25T15:26:00Z,35.2014040,-106.6145159,1517.6,67214.5,7.420,124,86,120
2026-07-25T15:26:01Z,35.2013399,-106.6145299,1517.6,67221.8,7.400,124,86,114
2026-07-25T15:26:02Z,35.2012750,-106.6145439,1517.6,67229.0,7.340,124,86,124
2026-07-25T15:26:03Z,35.2012109,-106.6145599,1517.4,67236.4,7.340,124,86,119
2026-07-25T15:26:04Z,35.2011480,-106.6145770,1517.4,67243.8,7.360,123,86,118
2026-07-25T15:26:05Z,35.2010830,-106.6145920,1517.4,67251.1,7.320,123,86,123
2026-07-25T15:26:06Z,35.2010049,-106.6146110,1517.4,67258.6,7.360,123,87,153
2026-07-25T15:26:07Z,35.2009540,-106.6146230,1517.4,67266.0,7.400,123,87,123
2026-07-25T15:26:08Z,35.2008909,-106.6146400,1517.4,67273.3,7.380,122,87,115
2026-07-25T15:26:09Z,35.2008270,-106.6146550,1517.4,67280.7,7.380,123,86,102
2026-07-25T15:26:10Z,35.2007629,-106.6146700,1517.4,67288.0,7.380,123,86,93
2026-07-25T15:26:11Z,35.2006980,-106.6146820,1517.6,67295.3,7.340,122,86,93
2026-07-25T15:26:12Z,35.2006339,-106.6146950,1517.6,67302.5,7.300,122,85,117
2026-07-25T15:26:13Z,35.2005690,-106.6147100,1517.4,67309.9,7.320,122,85,117
2026-07-25T15:26:14Z,35.2005049,-106.6147240,1517.4,67317.3,7.320,122,85,117
2026-07-25T15:26:15Z,35.2004400,-106.6147390,1517.4,67324.5,7.300,122,85,111
2026-07-25T15:26:16Z,35.2003759,-106.6147530,1517.4,67331.7,7.280,121,85,109
2026-07-25T15:26:17Z,35.2003120,-106.6147660,1517.4,67339.0,7.300,121,85,112
2026-07-25T15:26:18Z,35.2002469,-106.6147790,1517.4,67346.3,7.280,121,85,118
2026-07-25T15:26:19Z,35.2001820,-106.6147940,1517.4,67353.6,7.260,121,85,115
2026-07-25T15:26:20Z,35.2001190,-106.6148080,1517.4,67360.7,7.240,122,85,109
2026-07-25T15:26:21Z,35.2000540,-106.6148220,1517.4,67368.0,7.260,121,85,118
2026-07-25T15:26:22Z,35.1999900,-106.6148400,1517.4,67375.3,7.260,121,85,121
2026-07-25T15:26:23Z,35.1999279,-106.6148570,1517.2,67382.4,7.220,121,84,121
2026-07-25T15:26:24Z,35.1998530,-106.6148759,1517.2,67389.6,7.200,121,84,124
2026-07-25T15:26:25Z,35.1998019,-106.6148860,1517.4,67397.0,7.260,121,85,122
2026-07-25T15:26:26Z,35.1997380,-106.6148960,1517.4,67404.1,7.220,121,85,117
2026-07-25T15:26:27Z,35.1996750,-106.6149090,1517.4,67411.5,7.240,121,84,126
2026-07-25T15:26:28Z,35.1996129,-106.6149260,1517.4,67418.9,7.300,121,84,121
2026-07-25T15:26:29Z,35.1995500,-106.6149430,1517.4,67426.2,7.320,121,85,125
2026-07-25T15:26:30Z,35.1994860,-106.6149580,1517.4,67433.5,7.300,121,85,119
2026-07-25T15:26:31Z,35.1994220,-106.6149700,1517.6,67440.8,7.340,121,85,115
2026-07-25T15:26:32Z,35.1993580,-106.6149830,1517.6,67448.0,7.300,121,84,118
2026-07-25T15:26:33Z,35.1992939,-106.6149950,1517.6,67455.4,7.300,121,84,121
2026-07-25T15:26:34Z,35.1992320,-106.6150110,1517.4,67462.7,7.300,121,84,122
2026-07-25T15:26:35Z,35.1991700,-106.6150290,1517.4,67469.9,7.280,121,84,128
2026-07-25T15:26:36Z,35.1991059,-106.6150450,1517.4,67477.3,7.300,121,85,128
2026-07-25T15:26:37Z,35.1990420,-106.6150590,1517.4,67484.6,7.320,121,85,124
2026-07-25T15:26:38Z,35.1989779,-106.6150710,1517.4,67491.9,7.300,121,85,125
2026-07-25T15:26:39Z,35.1989140,-106.6150820,1517.4,67499.3,7.320,120,85,113
2026-07-25T15:26:40Z,35.1988499,-106.6150960,1517.4,67506.6,7.340,121,85,114
2026-07-25T15:26:41Z,35.1987860,-106.6151079,1517.4,67514.0,7.340,120,86,112
2026-07-25T15:26:42Z,35.1987209,-106.6151219,1517.4,67521.2,7.320,120,85,121
2026-07-25T15:26:43Z,35.1986459,-106.6151400,1517.2,67528.3,7.280,121,85,123
2026-07-25T15:26:44Z,35.1985980,-106.6151540,1517.2,67535.7,7.280,121,85,116
2026-07-25T15:26:45Z,35.1985359,-106.6151670,1517.2,67543.0,7.280,120,86,121
2026-07-25T15:26:46Z,35.1984720,-106.6151799,1517.2,67550.2,7.240,119,86,119
2026-07-25T15:26:47Z,35.1984090,-106.6151980,1517.2,67557.3,7.220,119,85,125
2026-07-25T15:26:48Z,35.1983459,-106.6152160,1517.2,67564.5,7.240,119,85,128
2026-07-25T15:26:49Z,35.1982680,-106.6152320,1517.2,67571.7,7.200,119,85,122
2026-07-25T15:26:50Z,35.1982159,-106.6152400,1517.2,67578.9,7.180,119,85,111
2026-07-25T15:26:51Z,35.1981520,-106.6152519,1517.2,67586.1,7.180,118,84,118
2026-07-25T15:26:52Z,35.1980889,-106.6152639,1517.2,67593.3,7.200,119,84,121
2026-07-25T15:26:53Z,35.1980250,-106.6152779,1517.2,67600.5,7.200,119,84,125
2026-07-25T15:26:54Z,35.1979630,-106.6152929,1517.2,67607.7,7.200,118,84,117
2026-07-25T15:26:55Z,35.1978999,-106.6153099,1517.0,67614.8,7.180,119,84,116
2026-07-25T15:26:56Z,35.1978370,-106.6153250,1517.0,67621.9,7.160,118,84,116
2026-07-25T15:26:57Z,35.1977750,-106.6153410,1517.2,67629.0,7.140,118,84,125
2026-07-25T15:26:58Z,35.1977109,-106.6153540,1517.0,67636.1,7.120,118,84,113
2026-07-25T15:26:59Z,35.1976470,-106.6153649,1517.2,67643.3,7.120,118,84,114
2026-07-25T15:27:00Z,35.1975839,-106.6153760,1517.2,67650.4,7.120,118,83,115
2026-07-25T15:27:01Z,35.1975200,-106.6153870,1517.2,67657.4,7.100,118,82,122
2026-07-25T15:27:02Z,35.1974559,-106.6154010,1517.0,67664.4,7.080,118,83,121
2026-07-25T15:27:03Z,35.1973940,-106.6154190,1517.0,67671.5,7.080,119,83,120
2026-07-25T15:27:04Z,35.1973330,-106.6154369,1517.0,67678.5,7.040,119,83,119
2026-07-25T15:27:05Z,35.1972730,-106.6154550,1517.0,67685.5,7.020,118,83,123
2026-07-25T15:27:06Z,35.1972119,-106.6154710,1517.0,67692.5,7.020,119,83,115
2026-07-25T15:27:07Z,35.1971490,-106.6154840,1517.0,67699.6,7.040,119,83,115
2026-07-25T15:27:08Z,35.1970730,-106.6154990,1517.0,67706.7,7.040,119,83,141
2026-07-25T15:27:09Z,35.1970229,-106.6155079,1517.0,67713.7,7.040,119,84,141
2026-07-25T15:27:10Z,35.1969610,-106.6155219,1517.0,67720.8,7.060,119,84,115
2026-07-25T15:27:11Z,35.1968980,-106.6155359,1517.0,67727.9,7.080,119,83,120
2026-07-25T15:27:12Z,35.1968349,-106.6155490,1517.0,67735.0,7.080,119,83,113
2026-07-25T15:27:13Z,35.1967720,-106.6155610,1517.0,67742.0,7.060,119,83,116
2026-07-25T15:27:14Z,35.1967120,-106.6155760,1517.0,67748.9,7.040,118,83,112
2026-07-25T15:27:15Z,35.1966489,-106.6155900,1517.0,67756.0,7.040,118,83,120
2026-07-25T15:27:16Z,35.1965880,-106.6156030,1517.0,67763.0,7.020,118,82,116
2026-07-25T15:27:17Z,35.1965260,-106.6156150,1517.0,67769.9,6.980,118,82,115
2026-07-25T15:27:18Z,35.1964660,-106.6156290,1517.0,67776.8,6.960,118,82,112
2026-07-25T15:27:19Z,35.1964049,-106.6156430,1517.0,67783.8,6.980,118,82,118
2026-07-25T15:27:20Z,35.1963440,-106.6156580,1517.0,67790.7,6.940,118,82,119
2026-07-25T15:27:21Z,35.1962820,-106.6156730,1516.8,67797.7,6.940,118,82,117
2026-07-25T15:27:22Z,35.1962080,-106.6156890,1516.8,67804.6,6.940,118,82,125
2026-07-25T15:27:23Z,35.1961560,-106.6156969,1516.8,67811.5,6.940,118,82,125
2026-07-25T15:27:24Z,35.1960940,-106.6157079,1516.8,67818.4,6.920,118,82,128
2026-07-25T15:27:25Z,35.1960329,-106.6157219,1516.8,67825.3,6.920,118,82,128
2026-07-25T15:27:26Z,35.1959719,-106.6157369,1516.8,67832.3,6.920,118,82,128
2026-07-25T15:27:27Z,35.1959090,-106.6157519,1516.8,67839.3,6.940,117,82,148
2026-07-25T15:27:28Z,35.1958480,-106.6157659,1516.8,67846.2,6.940,117,82,136
2026-07-25T15:27:29Z,35.1957859,-106.6157809,1516.8,67853.3,6.980,117,83,132
2026-07-25T15:27:30Z,35.1957250,-106.6157959,1516.8,67860.3,7.000,117,82,109
2026-07-25T15:27:31Z,35.1956640,-106.6158119,1516.8,67867.4,7.020,118,82,129
2026-07-25T15:27:32Z,35.1955900,-106.6158330,1516.8,67874.5,7.040,117,83,133
2026-07-25T15:27:33Z,35.1955399,-106.6158460,1516.6,67881.6,7.080,118,83,125
2026-07-25T15:27:34Z,35.1954760,-106.6158590,1516.6,67888.6,7.060,118,83,138
2026-07-25T15:27:35Z,35.1954129,-106.6158709,1516.6,67895.7,7.080,118,84,138
2026-07-25T15:27:36Z,35.1953500,-106.6158849,1516.6,67902.8,7.080,118,84,128
2026-07-25T15:27:37Z,35.1952849,-106.6158989,1516.6,67910.0,7.100,118,85,124
2026-07-25T15:27:38Z,35.1952200,-106.6159150,1516.6,67917.2,7.120,118,85,118
2026-07-25T15:27:39Z,35.1951549,-106.6159279,1516.6,67924.4,7.160,119,85,121
2026-07-25T15:27:40Z,35.1950920,-106.6159429,1516.6,67931.6,7.180,119,85,121
2026-07-25T15:27:41Z,35.1950290,-106.6159600,1516.6,67938.8,7.200,119,85,124
2026-07-25T15:27:42Z,35.1949669,-106.6159750,1516.6,67946.1,7.220,120,86,113
2026-07-25T15:27:43Z,35.1949030,-106.6159859,1516.6,67953.3,7.220,120,86,119
2026-07-25T15:27:44Z,35.1948369,-106.6159979,1516.6,67960.5,7.220,120,86,122
2026-07-25T15:27:45Z,35.1947730,-106.6160119,1516.6,67968.0,7.280,120,86,113
2026-07-25T15:27:46Z,35.1947099,-106.6160289,1516.6,67975.4,7.320,120,86,117
2026-07-25T15:27:47Z,35.1946460,-106.6160429,1516.6,67982.5,7.280,120,86,117
2026-07-25T15:27:48Z,35.1945820,-106.6160569,1516.6,67989.8,7.300,120,86,117
2026-07-25T15:27:49Z,35.1945180,-106.6160699,1516.6,67997.1,7.320,119,86,113
2026-07-25T15:27:50Z,35.1944550,-106.6160849,1516.6,68004.5,7.300,120,86,117
2026-07-25T15:27:51Z,35.1943789,-106.6161060,1516.6,68011.9,7.300,119,87,115
2026-07-25T15:27:52Z,35.1943270,-106.6161180,1516.4,68019.1,7.320,120,87,117
2026-07-25T15:27:53Z,35.1942629,-106.6161310,1516.4,68026.5,7.340,119,86,120
2026-07-25T15:27:54Z,35.1941990,-106.6161439,1516.4,68033.7,7.320,119,86,117
2026-07-25T15:27:55Z,35.1941230,-106.6161630,1516.4,68040.7,7.240,118,85,119
2026-07-25T15:27:56Z,35.1940609,-106.6161810,1516.4,68048.0,7.220,118,85,115
2026-07-25T15:27:57Z,35.1940100,-106.6161950,1516.4,68055.2,7.220,119,85,118
2026-07-25T15:27:58Z,35.1939469,-106.6162080,1516.2,68062.3,7.160,119,85,118
2026-07-25T15:27:59Z,35.1938700,-106.6162230,1516.2,68069.3,7.120,119,84,113
2026-07-25T15:28:00Z,35.1938080,-106.6162370,1516.2,68076.3,7.120,120,83,107
2026-07-25T15:28:01Z,35.1937469,-106.6162549,1516.2,68083.2,7.040,117,83,117
2026-07-25T15:28:02Z,35.1936859,-106.6162719,1516.2,68090.3,7.020,117,83,124
2026-07-25T15:28:03Z,35.1936230,-106.6162859,1516.2,68097.2,6.980,117,82,124
2026-07-25T15:28:04Z,35.1935610,-106.6162969,1516.2,68104.0,6.940,118,82,119
2026-07-25T15:28:05Z,35.1934989,-106.6163080,1516.2,68110.8,6.900,117,81,122
2026-07-25T15:28:06Z,35.1934399,-106.6163210,1516.2,68117.6,6.880,118,80,124
2026-07-25T15:28:07Z,35.1933790,-106.6163350,1516.2,68124.4,6.820,118,80,118
2026-07-25T15:28:08Z,35.1933190,-106.6163510,1516.2,68131.2,6.800,118,80,128
2026-07-25T15:28:09Z,35.1932600,-106.6163650,1516.2,68138.0,6.800,118,80,138
2026-07-25T15:28:10Z,35.1931989,-106.6163750,1516.2,68144.7,6.780,118,80,125
2026-07-25T15:28:11Z,35.1931379,-106.6163839,1516.2,68151.4,6.760,118,79,128
2026-07-25T15:28:12Z,35.1930780,-106.6163930,1516.2,68158.1,6.740,118,79,144
2026-07-25T15:28:13Z,35.1930180,-106.6164070,1516.2,68164.8,6.720,118,79,139
2026-07-25T15:28:14Z,35.1929580,-106.6164220,1516.2,68171.4,6.680,118,79,142
2026-07-25T15:28:15Z,35.1929000,-106.6164370,1516.4,68178.0,6.660,119,79,137
2026-07-25T15:28:16Z,35.1928399,-106.6164490,1516.4,68184.6,6.640,118,79,136
2026-07-25T15:28:17Z,35.1927799,-106.6164579,1516.4,68191.4,6.660,119,79,136
2026-07-25T15:28:18Z,35.1927209,-106.6164699,1516.4,68198.1,6.660,118,79,207
2026-07-25T15:28:19Z,35.1926630,-106.6164830,1516.4,68205.0,6.720,119,80,154
2026-07-25T15:28:20Z,35.1926040,-106.6164960,1516.4,68211.6,6.720,119,79,132
2026-07-25T15:28:21Z,35.1925560,-106.6165060,1516.4,68218.2,6.720,119,79,133
2026-07-25T15:28:22Z,35.1924850,-106.6165210,1516.4,68224.8,6.680,119,79,142
2026-07-25T15:28:23Z,35.1924270,-106.6165350,1516.4,68231.4,6.660,118,79,146
2026-07-25T15:28:24Z,35.1923670,-106.6165469,1516.4,68238.1,6.620,119,79,141
2026-07-25T15:28:25Z,35.1923189,-106.6165559,1516.4,68244.8,6.640,119,79,141
2026-07-25T15:28:26Z,35.1922469,-106.6165719,1516.4,68251.6,6.680,119,80,144
2026-07-25T15:28:27Z,35.1921860,-106.6165869,1516.4,68258.4,6.720,119,80,133
2026-07-25T15:28:28Z,35.1921250,-106.6166019,1516.4,68265.4,6.800,120,81,126
2026-07-25T15:28:29Z,35.1920650,-106.6166149,1516.4,68272.2,6.820,119,81,141
2026-07-25T15:28:30Z,35.1920039,-106.6166289,1516.4,68279.2,6.880,119,82,136
2026-07-25T15:28:31Z,35.1919440,-106.6166449,1516.6,68286.2,6.920,118,82,138
2026-07-25T15:28:32Z,35.1918830,-106.6166609,1516.6,68293.2,6.960,119,83,132
2026-07-25T15:28:33Z,35.1918210,-106.6166759,1516.6,68300.2,6.960,119,84,124
2026-07-25T15:28:34Z,35.1917579,-106.6166889,1516.6,68307.4,7.040,119,84,125
2026-07-25T15:28:35Z,35.1916960,-106.6167039,1516.6,68314.6,7.080,119,84,132
2026-07-25T15:28:36Z,35.1916329,-106.6167179,1516.6,68321.9,7.140,119,84,127
2026-07-25T15:28:37Z,35.1915680,-106.6167309,1516.6,68329.2,7.200,119,85,127
2026-07-25T15:28:38Z,35.1915039,-106.6167429,1516.6,68336.5,7.260,119,86,107
2026-07-25T15:28:39Z,35.1914380,-106.6167530,1516.6,68344.0,7.320,119,87,142
2026-07-25T15:28:40Z,35.1913729,-106.6167670,1516.8,68351.4,7.360,119,87,129
2026-07-25T15:28:41Z,35.1913070,-106.6167820,1516.8,68358.9,7.400,119,87,129
2026-07-25T15:28:42Z,35.1912399,-106.6167950,1516.8,68366.4,7.440,119,88,116
2026-07-25T15:28:43Z,35.1911740,-106.6168060,1516.8,68374.0,7.500,119,88,119
2026-07-25T15:28:44Z,35.1911200,-106.6168169,1516.8,68381.5,7.500,120,89,122
2026-07-25T15:28:45Z,35.1910419,-106.6168360,1516.8,68389.3,7.580,120,89,122
2026-07-25T15:28:46Z,35.1909760,-106.6168550,1516.8,68396.9,7.600,120,90,122
2026-07-25T15:28:47Z,35.1909080,-106.6168729,1516.6,68404.5,7.620,120,90,111
2026-07-25T15:28:48Z,35.1908409,-106.6168899,1516.6,68412.3,7.660,121,90,99
2026-07-25T15:28:49Z,35.1907740,-106.6169049,1516.6,68419.8,7.660,120,89,107
2026-07-25T15:28:50Z,35.1907050,-106.6169189,1516.6,68427.3,7.600,121,89,108
2026-07-25T15:28:51Z,35.1906369,-106.6169319,1516.6,68434.9,7.600,121,89,100
2026-07-25T15:28:52Z,35.1905689,-106.6169449,1516.6,68442.3,7.560,121,88,107
2026-07-25T15:28:53Z,35.1905020,-106.6169599,1516.6,68449.7,7.480,121,88,110
2026-07-25T15:28:54Z,35.1904330,-106.6169720,1516.6,68457.0,7.440,121,87,109
2026-07-25T15:28:55Z,35.1903680,-106.6169860,1516.6,68464.3,7.400,122,86,103
2026-07-25T15:28:56Z,35.1903040,-106.6170029,1516.4,68471.5,7.320,121,86,95
2026-07-25T15:28:57Z,35.1902400,-106.6170189,1516.4,68478.8,7.300,121,85,95
2026-07-25T15:28:58Z,35.1901880,-106.6170319,1516.4,68485.9,7.240,122,85,88
2026-07-25T15:28:59Z,35.1901120,-106.6170489,1516.2,68493.0,7.200,122,84,84
2026-07-25T15:29:00Z,35.1900489,-106.6170629,1516.2,68500.1,7.160,122,84,0
2026-07-25T15:29:01Z,35.1899889,-106.6170810,1516.2,68506.9,7.080,121,84,0
2026-07-25T15:29:02Z,35.1899410,-106.6170909,1516.2,68513.5,6.940,122,0,0
2026-07-25T15:29:03Z,35.1898830,-106.6171049,1516.2,68519.8,6.780,122,0,0
2026-07-25T15:29:04Z,35.1898179,-106.6171240,1516.2,68525.9,6.580,122,0,0
2026-07-25T15:29:05Z,35.1897650,-106.6171410,1516.2,68531.8,6.340,121,0,0
2026-07-25T15:29:06Z,35.1897140,-106.6171599,1516.4,68537.7,6.160,121,0,0
2026-07-25T15:29:07Z,35.1896729,-106.6171740,1516.6,68543.3,5.960,120,0,0
2026-07-25T15:29:08Z,35.1896220,-106.6171899,1516.4,68549.1,5.860,120,0,0
2026-07-25T15:29:09Z,35.1895599,-106.6172069,1516.6,68554.9,5.800,119,62,144
2026-07-25T15:29:10Z,35.1895090,-106.6172199,1516.4,68560.6,5.760,120,50,41
2026-07-25T15:29:11Z,35.1894599,-106.6172319,1516.6,68566.1,5.680,119,50,0
2026-07-25T15:29:12Z,35.1894200,-106.6172410,1516.6,68571.6,5.660,119,50,0
2026-07-25T15:29:13Z,35.1893650,-106.6172530,1516.6,68575.9,5.360,120,0,0
2026-07-25T15:29:14Z,35.1893279,-106.6172629,1516.6,68578.9,4.800,119,0,0
2026-07-25T15:29:15Z,35.1893050,-106.6172700,1516.8,68580.7,4.019,118,0,0
2026-07-25T15:29:16Z,35.1892910,-106.6172740,1516.8,68582.5,3.280,117,0,0
2026-07-25T15:29:17Z,35.1892790,-106.6172810,1517.0,68584.3,2.540,116,0,0
2026-07-25T15:29:18Z,35.1892520,-106.6173039,1517.0,68588.0,2.420,116,0,0
2026-07-25T15:29:19Z,35.1892279,-106.6173359,1517.0,68593.0,2.820,116,0,0
2026-07-25T15:29:20Z,35.1892100,-106.6173820,1517.0,68598.4,3.540,116,53,323
2026-07-25T15:29:21Z,35.1892050,-106.6174390,1517.0,68604.3,4.360,116,61,309
2026-07-25T15:29:22Z,35.1892119,-106.6174990,1517.0,68610.6,5.260,117,67,301
2026-07-25T15:29:23Z,35.1892240,-106.6175629,1517.0,68616.9,5.780,117,71,301
2026-07-25T15:29:24Z,35.1892340,-106.6176330,1517.0,68623.6,6.120,117,74,336
2026-07-25T15:29:25Z,35.1892480,-106.6177060,1517.0,68630.8,6.480,118,79,336
2026-07-25T15:29:26Z,35.1892630,-106.6177649,1517.0,68638.4,6.820,118,84,345
2026-07-25T15:29:27Z,35.1892849,-106.6178560,1517.0,68645.9,7.060,120,87,289
2026-07-25T15:29:28Z,35.1893050,-106.6179340,1517.0,68653.4,7.300,120,88,222
2026-07-25T15:29:29Z,35.1893240,-106.6180140,1517.0,68661.1,7.500,121,90,177
2026-07-25T15:29:30Z,35.1893429,-106.6180949,1517.0,68668.7,7.580,122,90,152
2026-07-25T15:29:31Z,35.1893569,-106.6181600,1517.0,68676.4,7.600,123,90,148
2026-07-25T15:29:32Z,35.1893820,-106.6182569,1517.0,68684.1,7.640,123,91,155
2026-07-25T15:29:33Z,35.1894050,-106.6183370,1517.0,68691.8,7.680,123,91,149
2026-07-25T15:29:34Z,35.1894279,-106.6184180,1517.0,68699.6,7.700,124,92,148
2026-07-25T15:29:35Z,35.1894480,-106.6185019,1517.0,68707.5,7.760,124,93,137
2026-07-25T15:29:36Z,35.1894680,-106.6185849,1517.0,68715.4,7.800,124,93,135
2026-07-25T15:29:37Z,35.1894899,-106.6186680,1517.0,68723.3,7.840,125,93,126
2026-07-25T15:29:38Z,35.1895130,-106.6187530,1517.0,68731.4,7.920,125,93,128
2026-07-25T15:29:39Z,35.1895360,-106.6188370,1517.0,68739.5,7.980,124,94,125
2026-07-25T15:29:40Z,35.1895589,-106.6189210,1516.8,68747.4,7.980,125,94,123
2026-07-25T15:29:41Z,35.1895850,-106.6190049,1516.8,68755.3,7.980,125,95,120
2026-07-25T15:29:42Z,35.1896080,-106.6190889,1516.8,68763.4,8.020,126,95,117
2026-07-25T15:29:43Z,35.1896309,-106.6191749,1516.8,68771.6,8.039,125,95,117
2026-07-25T15:29:44Z,35.1896560,-106.6192590,1516.8,68779.6,8.020,125,96,122
2026-07-25T15:29:45Z,35.1896820,-106.6193430,1516.6,68787.7,8.060,125,96,114
2026-07-25T15:29:46Z,35.1897080,-106.6194260,1516.6,68796.0,8.140,125,97,121
2026-07-25T15:29:47Z,35.1897349,-106.6195100,1516.6,68804.2,8.160,126,97,118
2026-07-25T15:29:48Z,35.1897609,-106.6195960,1516.6,68812.2,8.119,125,97,118
2026-07-25T15:29:49Z,35.1897830,-106.6196639,1516.6,68820.6,8.200,126,97,106
2026-07-25T15:29:50Z,35.1898159,-106.6197639,1516.8,68828.8,8.220,126,97,115
2026-07-25T15:29:51Z,35.1898440,-106.6198480,1516.8,68836.9,8.180,126,96,101
2026-07-25T15:29:52Z,35.1898720,-106.6199310,1516.8,68845.0,8.160,125,96,111
2026-07-25T15:29:53Z,35.1898960,-106.6199990,1516.6,68853.2,8.200,126,96,115
2026-07-25T15:29:54Z,35.1899260,-106.6200799,1516.6,68861.3,8.140,125,96,116
2026-07-25T15:29:55Z,35.1899590,-106.6201760,1516.6,68869.4,8.119,125,95,131
2026-07-25T15:29:56Z,35.1899840,-106.6202580,1516.6,68877.4,8.100,125,94,121
2026-07-25T15:29:57Z,35.1900090,-106.6203370,1516.6,68885.4,8.080,125,94,121
2026-07-25T15:29:58Z,35.1900349,-106.6204170,1516.6,68893.3,8.020,125,94,121
2026-07-25T15:29:59Z,35.1900550,-106.6204760,1516.6,68901.3,8.000,125,94,129
2026-07-25T15:30:00Z,35.1900850,-106.6205640,1516.6,68909.1,7.940,124,93,129
2026-07-25T15:30:01Z,35.1901130,-106.6206419,1516.6,68916.7,7.860,125,92,126
2026-07-25T15:30:02Z,35.1901310,-106.6207060,1516.6,68924.5,7.820,124,91,125
2026-07-25T15:30:03Z,35.1901560,-106.6207820,1516.6,68932.2,7.780,124,91,130
2026-07-25T15:30:04Z,35.1901870,-106.6208729,1516.8,68939.9,7.720,124,90,130
2026-07-25T15:30:05Z,35.1902150,-106.6209490,1516.8,68947.5,7.680,124,90,131
2026-07-25T15:30:06Z,35.1902420,-106.6210260,1516.8,68955.2,7.700,124,89,136
2026-07-25T15:30:07Z,35.1902700,-106.6211039,1516.8,68962.8,7.660,123,89,149
2026-07-25T15:30:08Z,35.1902970,-106.6211830,1516.8,68970.3,7.620,124,89,149
2026-07-25T15:30:09Z,35.1903229,-106.6212609,1516.8,68977.8,7.580,123,89,150
2026-07-25T15:30:10Z,35.1903489,-106.6213380,1516.8,68985.3,7.560,124,89,148
2026-07-25T15:30:11Z,35.1903740,-106.6214160,1517.0,68993.0,7.560,123,89,145
2026-07-25T15:30:12Z,35.1903939,-106.6214769,1517.0,69000.5,7.540,123,89,145
2026-07-25T15:30:13Z,35.1904229,-106.6215700,1517.0,69007.9,7.520,123,89,143
2026-07-25T15:30:14Z,35.1904489,-106.6216460,1517.0,69015.4,7.520,123,89,144
2026-07-25T15:30:15Z,35.1904730,-106.6217260,1517.0,69023.0,7.540,123,89,141
2026-07-25T15:30:16Z,35.1904980,-106.6218049,1517.0,69030.6,7.520,123,89,150
2026-07-25T15:30:17Z,35.1905229,-106.6218850,1517.2,69038.3,7.560,123,89,171
2026-07-25T15:30:18Z,35.1905470,-106.6219649,1517.2,69046.0,7.620,122,90,154
2026-07-25T15:30:19Z,35.1905720,-106.6220450,1517.2,69053.6,7.640,122,90,136
2026-07-25T15:30:20Z,35.1905969,-106.6221249,1517.2,69061.4,7.680,122,90,151
2026-07-25T15:30:21Z,35.1906249,-106.6222030,1517.2,69069.2,7.720,122,91,151
2026-07-25T15:30:22Z,35.1906509,-106.6222819,1517.2,69076.9,7.720,122,91,149
2026-07-25T15:30:23Z,35.1906730,-106.6223650,1517.2,69084.6,7.720,122,92,143
2026-07-25T15:30:24Z,35.1906949,-106.6224450,1517.2,69092.5,7.780,122,92,136
2026-07-25T15:30:25Z,35.1907190,-106.6225239,1517.2,69100.2,7.760,122,92,142
2026-07-25T15:30:26Z,35.1907440,-106.6226040,1517.2,69108.1,7.780,123,92,129
2026-07-25T15:30:27Z,35.1907679,-106.6226839,1517.2,69116.0,7.820,122,92,126
2026-07-25T15:30:28Z,35.1907910,-106.6227640,1517.2,69124.0,7.880,123,93,131
2026-07-25T15:30:29Z,35.1908150,-106.6228449,1517.2,69132.0,7.900,123,93,133
2026-07-25T15:30:30Z,35.1908389,-106.6229269,1517.2,69140.0,7.960,122,94,126
2026-07-25T15:30:31Z,35.1908580,-106.6229930,1517.2,69148.1,8.000,123,94,121
2026-07-25T15:30:32Z,35.1908880,-106.6230910,1517.2,69156.2,8.039,122,94,128
2026-07-25T15:30:33Z,35.1909150,-106.6231729,1517.2,69164.2,8.039,123,95,124
2026-07-25T15:30:34Z,35.1909389,-106.6232570,1517.2,69172.4,8.080,122,95,124
2026-07-25T15:30:35Z,35.1909600,-106.6233250,1517.2,69180.4,8.080,123,96,116
2026-07-25T15:30:36Z,35.1909849,-106.6234090,1517.2,69188.4,8.060,122,96,106
2026-07-25T15:30:37Z,35.1910149,-106.6235110,1517.2,69196.8,8.119,123,96,98
2026-07-25T15:30:38Z,35.1910389,-106.6235970,1517.2,69204.9,8.140,122,96,105
2026-07-25T15:30:39Z,35.1910650,-106.6236810,1517.2,69213.3,8.180,122,96,104
2026-07-25T15:30:40Z,35.1910930,-106.6237639,1517.2,69221.5,8.220,122,96,104
2026-07-25T15:30:41Z,35.1911190,-106.6238479,1517.0,69229.5,8.220,121,96,93
2026-07-25T15:30:42Z,35.1911450,-106.6239330,1517.0,69237.7,8.180,122,96,81
2026-07-25T15:30:43Z,35.1911689,-106.6240190,1517.0,69245.8,8.180,121,96,66
2026-07-25T15:30:44Z,35.1911940,-106.6241040,1517.0,69254.0,8.140,121,96,73
2026-07-25T15:30:45Z,35.1912200,-106.6241890,1517.0,69262.2,8.140,121,96,97
2026-07-25T15:30:46Z,35.1912449,-106.6242720,1517.0,69270.4,8.180,119,96,101
2026-07-25T15:30:47Z,35.1912689,-106.6243549,1517.0,69278.6,8.180,120,96,95
2026-07-25T15:30:48Z,35.1912930,-106.6244389,1517.0,69286.7,8.180,120,96,96
2026-07-25T15:30:49Z,35.1913129,-106.6245040,1516.8,69294.8,8.160,119,96,96
2026-07-25T15:30:50Z,35.1913370,-106.6245880,1516.8,69303.1,8.180,120,96,94
2026-07-25T15:30:51Z,35.1913670,-106.6246880,1516.8,69311.1,8.140,120,96,88
2026-07-25T15:30:52Z,35.1913920,-106.6247719,1516.8,69319.4,8.160,119,96,85
2026-07-25T15:30:53Z,35.1914190,-106.6248549,1516.8,69327.5,8.160,120,96,85
2026-07-25T15:30:54Z,35.1914400,-106.6249230,1516.6,69335.6,8.160,120,96,83
2026-07-25T15:30:55Z,35.1914660,-106.6250060,1516.6,69343.9,8.160,120,95,83
2026-07-25T15:30:56Z,35.1914970,-106.6251070,1516.6,69352.0,8.180,120,95,75
2026-07-25T15:30:57Z,35.1915210,-106.6251910,1516.6,69360.1,8.140,120,95,75
2026-07-25T15:30:58Z,35.1915459,-106.6252749,1516.6,69368.4,8.180,120,95,87
2026-07-25T15:30:59Z,35.1915660,-106.6253410,1516.6,69376.5,8.180,120,95,81
2026-07-25T15:31:00Z,35.1915999,-106.6254390,1516.6,69384.5,8.119,119,95,82
2026-07-25T15:31:01Z,35.1916279,-106.6255210,1516.6,69392.5,8.100,120,94,88
2026-07-25T15:31:02Z,35.1916540,-106.6256029,1516.4,69400.6,8.100,120,94,91
2026-07-25T15:31:03Z,35.1916729,-106.6256700,1516.4,69408.4,8.000,119,94,88
2026-07-25T15:31:04Z,35.1916999,-106.6257670,1516.4,69416.5,8.000,120,94,92
2026-07-25T15:31:05Z,35.1917250,-106.6258469,1516.2,69424.6,8.020,119,94,101
2026-07-25T15:31:06Z,35.1917510,-106.6259270,1516.2,69432.5,8.000,119,93,98
2026-07-25T15:31:07Z,35.1917759,-106.6260069,1516.0,69440.5,7.980,119,93,100
2026-07-25T15:31:08Z,35.1917950,-106.6260730,1516.0,69448.5,8.020,119,92,100
2026-07-25T15:31:09Z,35.1918179,-106.6261529,1516.0,69456.2,7.940,119,92,124
2026-07-25T15:31:10Z,35.1918449,-106.6262509,1515.8,69464.0,7.880,119,92,113
2026-07-25T15:31:11Z,35.1918670,-106.6263320,1515.8,69471.8,7.860,119,91,138
2026-07-25T15:31:12Z,35.1918919,-106.6264119,1515.8,69479.5,7.800,118,91,142
2026-07-25T15:31:13Z,35.1919120,-106.6264750,1515.8,69487.3,7.760,119,91,159
2026-07-25T15:31:14Z,35.1919380,-106.6265730,1516.0,69495.1,7.780,119,92,153
2026-07-25T15:31:15Z,35.1919619,-106.6266529,1516.2,69503.0,7.800,119,91,148
2026-07-25T15:31:16Z,35.1919850,-106.6267350,1516.2,69510.7,7.780,119,91,150
2026-07-25T15:31:17Z,35.1920049,-106.6267999,1516.2,69518.5,7.800,119,91,148
2026-07-25T15:31:18Z,35.1920300,-106.6268790,1516.2,69526.5,7.840,119,91,148
2026-07-25T15:31:19Z,35.1920599,-106.6269740,1516.2,69534.1,7.800,119,91,141
2026-07-25T15:31:20Z,35.1920820,-106.6270539,1516.2,69541.7,7.740,121,90,155
2026-07-25T15:31:21Z,35.1921049,-106.6271320,1516.2,69549.3,7.720,122,90,153
2026-07-25T15:31:22Z,35.1921250,-106.6271950,1516.2,69557.0,7.700,122,90,150
2026-07-25T15:31:23Z,35.1921479,-106.6272729,1516.2,69564.5,7.600,122,90,141
2026-07-25T15:31:24Z,35.1921749,-106.6273650,1516.2,69572.3,7.640,121,89,147
2026-07-25T15:31:25Z,35.1921960,-106.6274420,1516.2,69579.8,7.620,121,89,156
2026-07-25T15:31:26Z,35.1922179,-106.6275149,1516.2,69587.5,7.640,121,89,170
2026-07-25T15:31:27Z,35.1922410,-106.6275909,1516.2,69595.1,7.620,121,89,160
2026-07-25T15:31:28Z,35.1922649,-106.6276680,1516.2,69602.7,7.640,121,89,169
2026-07-25T15:31:29Z,35.1922870,-106.6277459,1516.2,69610.2,7.580,121,90,147
2026-07-25T15:31:30Z,35.1923100,-106.6278240,1516.2,69617.7,7.580,121,90,144
2026-07-25T15:31:31Z,35.1923320,-106.6279029,1516.2,69625.2,7.540,122,90,149
2026-07-25T15:31:32Z,35.1923550,-106.6279810,1516.4,69632.8,7.540,122,90,147
2026-07-25T15:31:33Z,35.1923779,-106.6280600,1516.4,69640.6,7.580,122,90,151
2026-07-25T15:31:34Z,35.1924020,-106.6281379,1516.6,69648.4,7.640,122,91,164
2026-07-25T15:31:35Z,35.1924250,-106.6282160,1516.6,69656.2,7.700,122,91,142
2026-07-25T15:31:36Z,35.1924440,-106.6282789,1516.8,69664.1,7.780,122,91,141
2026-07-25T15:31:37Z,35.1924710,-106.6283740,1516.8,69671.8,7.800,122,91,141
2026-07-25T15:31:38Z,35.1924929,-106.6284550,1516.8,69679.5,7.780,122,91,141
2026-07-25T15:31:39Z,35.1925160,-106.6285350,1516.8,69687.3,7.780,122,91,144
2026-07-25T15:31:40Z,35.1925389,-106.6286140,1516.8,69695.1,7.780,122,91,132
2026-07-25T15:31:41Z,35.1925560,-106.6286780,1516.8,69702.6,7.700,122,91,143
2026-07-25T15:31:42Z,35.1925819,-106.6287750,1516.8,69710.4,7.720,122,91,133
2026-07-25T15:31:43Z,35.1926040,-106.6288549,1516.8,69718.1,7.720,122,91,133
2026-07-25T15:31:44Z,35.1926280,-106.6289330,1516.8,69725.8,7.700,122,90,135
2026-07-25T15:31:45Z,35.1926480,-106.6289959,1517.0,69733.5,7.680,122,91,139
2026-07-25T15:31:46Z,35.1926720,-106.6290770,1517.0,69741.2,7.720,122,91,127
2026-07-25T15:31:47Z,35.1926990,-106.6291719,1517.0,69748.8,7.680,122,91,127
2026-07-25T15:31:48Z,35.1927229,-106.6292510,1517.2,69756.7,7.720,122,91,129
2026-07-25T15:31:49Z,35.1927470,-106.6293320,1517.2,69764.4,7.720,121,91,145
2026-07-25T15:31:50Z,35.1927669,-106.6293960,1517.2,69772.0,7.700,122,91,128
2026-07-25T15:31:51Z,35.1927890,-106.6294760,1517.4,69780.0,7.760,122,92,128
2026-07-25T15:31:52Z,35.1928170,-106.6295719,1517.4,69787.8,7.800,122,92,124
2026-07-25T15:31:53Z,35.1928399,-106.6296530,1517.4,69795.6,7.780,122,92,124
2026-07-25T15:31:54Z,35.1928590,-106.6297179,1517.6,69803.5,7.820,122,93,128
2026-07-25T15:31:55Z,35.1928839,-106.6297990,1517.6,69811.5,7.900,122,93,118
2026-07-25T15:31:56Z,35.1929129,-106.6298970,1517.6,69819.3,7.860,122,93,116
2026-07-25T15:31:57Z,35.1929310,-106.6299639,1517.6,69827.2,7.880,122,94,110
2026-07-25T15:31:58Z,35.1929570,-106.6300450,1517.6,69835.1,7.900,122,93,107
2026-07-25T15:31:59Z,35.1929809,-106.6301280,1517.6,69842.8,7.860,122,93,101
2026-07-25T15:32:00Z,35.1930030,-106.6302089,1517.6,69850.8,7.860,121,93,101
2026-07-25T15:32:01Z,35.1930269,-106.6302890,1517.6,69858.7,7.880,121,93,118
2026-07-25T15:32:02Z,35.1930480,-106.6303750,1517.6,69866.6,7.880,121,93,120
2026-07-25T15:32:03Z,35.1930720,-106.6304570,1517.6,69874.5,7.880,121,94,121
2026-07-25T15:32:04Z,35.1930949,-106.6305410,1517.4,69882.5,7.940,121,94,107
2026-07-25T15:32:05Z,35.1931180,-106.6306239,1517.4,69890.4,7.920,120,95,96
2026-07-25T15:32:06Z,35.1931419,-106.6307079,1517.4,69898.5,7.960,121,95,96
2026-07-25T15:32:07Z,35.1931709,-106.6308079,1517.4,69906.5,7.980,120,95,88
2026-07-25T15:32:08Z,35.1931910,-106.6308750,1517.6,69914.8,8.060,120,96,82
2026-07-25T15:32:09Z,35.1932160,-106.6309580,1517.6,69922.9,8.080,121,96,68
2026-07-25T15:32:10Z,35.1932409,-106.6310419,1517.6,69931.0,8.119,121,96,57
2026-07-25T15:32:11Z,35.1932670,-106.6311249,1517.6,69939.2,8.140,121,96,58
2026-07-25T15:32:12Z,35.1932940,-106.6312080,1517.6,69947.5,8.200,121,96,70
2026-07-25T15:32:13Z,35.1933190,-106.6312930,1517.6,69955.6,8.160,121,96,43
2026-07-25T15:32:14Z,35.1933419,-106.6313780,1517.6,69963.7,8.160,121,96,43
2026-07-25T15:32:15Z,35.1933660,-106.6314630,1517.6,69971.9,8.180,120,96,45
2026-07-25T15:32:16Z,35.1933900,-106.6315449,1517.4,69980.0,8.160,120,95,39
2026-07-25T15:32:17Z,35.1934159,-106.6316289,1517.4,69988.1,8.119,119,95,37
2026-07-25T15:32:18Z,35.1934390,-106.6317130,1517.4,69996.0,8.080,120,95,22
2026-07-25T15:32:19Z,35.1934620,-106.6317970,1517.2,70004.3,8.119,120,93,14
2026-07-25T15:32:20Z,35.1934839,-106.6318820,1517.2,70012.1,8.039,119,83,8
2026-07-25T15:32:21Z,35.1935090,-106.6319650,1517.0,70020.3,8.060,118,83,38
2026-07-25T15:32:22Z,35.1935350,-106.6320479,1517.0,70028.2,8.020,118,85,55
2026-07-25T15:32:23Z,35.1935599,-106.6321309,1517.0,70036.2,8.039,117,86,59
2026-07-25T15:32:24Z,35.1935859,-106.6322130,1516.8,70044.3,8.000,116,86,63
2026-07-25T15:32:25Z,35.1936090,-106.6322990,1516.8,70052.4,8.060,116,87,67
2026-07-25T15:32:26Z,35.1936330,-106.6323830,1516.8,70060.7,8.080,116,87,75
2026-07-25T15:32:27Z,35.1936579,-106.6324669,1516.8,70068.9,8.140,115,88,68
2026-07-25T15:32:28Z,35.1936849,-106.6325519,1516.6,70077.2,8.200,115,88,75
2026-07-25T15:32:29Z,35.1937129,-106.6326369,1516.6,70085.5,8.240,114,89,65
2026-07-25T15:32:30Z,35.1937410,-106.6327209,1516.6,70093.8,8.280,114,88,64
2026-07-25T15:32:31Z,35.1937670,-106.6328069,1516.4,70102.1,8.280,114,88,68
2026-07-25T15:32:32Z,35.1937910,-106.6328920,1516.2,70110.3,8.280,113,88,76
2026-07-25T15:32:33Z,35.1938149,-106.6329780,1516.2,70118.6,8.280,112,88,79
2026-07-25T15:32:34Z,35.1938410,-106.6330630,1516.0,70126.8,8.260,112,88,89
2026-07-25T15:32:35Z,35.1938670,-106.6331470,1516.0,70134.9,8.220,112,88,98
2026-07-25T15:32:36Z,35.1938940,-106.6332330,1515.8,70143.2,8.220,112,88,105
2026-07-25T15:32:37Z,35.1939179,-106.6333180,1516.0,70151.2,8.180,112,87,124
2026-07-25T15:32:38Z,35.1939430,-106.6334030,1515.8,70159.4,8.160,112,87,117
2026-07-25T15:32:39Z,35.1939680,-106.6334859,1515.8,70167.5,8.140,112,87,127
2026-07-25T15:32:40Z,35.1939930,-106.6335680,1515.8,70175.5,8.119,113,87,131
2026-07-25T15:32:41Z,35.1940169,-106.6336520,1515.8,70183.5,8.060,113,86,128
2026-07-25T15:32:42Z,35.1940420,-106.6337330,1515.8,70191.4,8.039,113,86,134
2026-07-25T15:32:43Z,35.1940700,-106.6338149,1515.6,70199.4,8.000,114,86,125
2026-07-25T15:32:44Z,35.1940930,-106.6338970,1515.6,70207.4,7.980,114,86,134
2026-07-25T15:32:45Z,35.1941159,-106.6339800,1515.8,70215.3,7.960,114,86,129
2026-07-25T15:32:46Z,35.1941410,-106.6340629,1515.8,70223.2,7.940,114,86,137
2026-07-25T15:32:47Z,35.1941650,-106.6341459,1515.8,70231.2,7.960,115,86,136
2026-07-25T15:32:48Z,35.1941889,-106.6342290,1515.8,70239.1,7.940,115,85,158
2026-07-25T15:32:49Z,35.1942140,-106.6343130,1515.8,70246.9,7.900,115,85,136
2026-07-25T15:32:50Z,35.1942380,-106.6343960,1515.8,70254.9,7.920,116,85,124
2026-07-25T15:32:51Z,35.1942629,-106.6344769,1515.8,70262.8,7.920,116,85,127
2026-07-25T15:32:52Z,35.1942880,-106.6345590,1515.8,70270.7,7.900,116,84,138
2026-07-25T15:32:53Z,35.1943130,-106.6346400,1515.8,70278.6,7.900,117,84,140
2026-07-25T15:32:54Z,35.1943369,-106.6347219,1515.8,70286.3,7.880,117,84,142
2026-07-25T15:32:55Z,35.1943619,-106.6348030,1515.8,70294.2,7.860,117,84,151
2026-07-25T15:32:56Z,35.1943870,-106.6348829,1515.8,70302.1,7.860,118,84,150
2026-07-25T15:32:57Z,35.1944120,-106.6349630,1516.0,70309.8,7.820,117,84,129
2026-07-25T15:32:58Z,35.1944359,-106.6350440,1516.0,70317.5,7.780,118,84,134
2026-07-25T15:32:59Z,35.1944590,-106.6351249,1516.0,70325.3,7.800,118,84,136
2026-07-25T15:33:00Z,35.1944830,-106.6352060,1516.0,70333.1,7.780,118,84,117
2026-07-25T15:33:01Z,35.1945069,-106.6352870,1516.0,70341.1,7.800,119,84,117
2026-07-25T15:33:02Z,35.1945310,-106.6353699,1516.2,70348.8,7.800,119,84,122
2026-07-25T15:33:03Z,35.1945540,-106.6354520,1516.2,70356.9,7.880,119,84,118
2026-07-25T15:33:04Z,35.1945769,-106.6355340,1516.2,70364.6,7.860,120,84,119
2026-07-25T15:33:05Z,35.1946010,-106.6356149,1516.2,70372.4,7.860,119,84,122
2026-07-25T15:33:06Z,35.1946250,-106.6356970,1516.2,70380.4,7.860,120,85,116
2026-07-25T15:33:07Z,35.1946499,-106.6357790,1516.2,70388.3,7.900,119,85,121
2026-07-25T15:33:08Z,35.1946740,-106.6358620,1516.2,70396.4,7.900,120,85,119
2026-07-25T15:33:09Z,35.1946980,-106.6359439,1516.2,70404.4,7.960,120,86,119
2026-07-25T15:33:10Z,35.1947199,-106.6360279,1516.2,70412.6,8.039,119,87,113
2026-07-25T15:33:11Z,35.1947440,-106.6361130,1516.2,70420.9,8.100,120,87,107
2026-07-25T15:33:12Z,35.1947690,-106.6361960,1516.2,70429.0,8.140,120,87,116
2026-07-25T15:33:13Z,35.1947929,-106.6362810,1516.2,70437.1,8.140,120,87,116
2026-07-25T15:33:14Z,35.1948170,-106.6363639,1516.0,70445.6,8.240,120,88,111
2026-07-25T15:33:15Z,35.1948420,-106.6364479,1516.0,70453.7,8.220,120,88,114
2026-07-25T15:33:16Z,35.1948649,-106.6365349,1516.0,70461.9,8.200,120,89,126
2026-07-25T15:33:17Z,35.1948900,-106.6366219,1516.0,70470.1,8.220,121,89,122
2026-07-25T15:33:18Z,35.1949140,-106.6367069,1516.0,70478.2,8.220,121,89,108
2026-07-25T15:33:19Z,35.1949379,-106.6367949,1516.0,70486.5,8.180,121,89,119
2026-07-25T15:33:20Z,35.1949640,-106.6368840,1515.8,70494.8,8.220,121,89,137
2026-07-25T15:33:21Z,35.1949910,-106.6369700,1515.8,70503.2,8.260,121,89,124
2026-07-25T15:33:22Z,35.1950160,-106.6370550,1515.8,70511.3,8.240,122,90,124
2026-07-25T15:33:23Z,35.1950399,-106.6371410,1515.6,70518.8,8.119,121,90,0
2026-07-25T15:33:24Z,35.1950620,-106.6372140,1515.6,70524.8,7.660,122,90,0
2026-07-25T15:33:25Z,35.1950819,-106.6372770,1515.6,70530.3,7.100,122,0,0
2026-07-25T15:33:26Z,35.1951010,-106.6373350,1515.6,70535.7,6.500,121,0,0
2026-07-25T15:33:27Z,35.1951170,-106.6373900,1515.6,70541.0,5.940,120,0,0
2026-07-25T15:33:28Z,35.1951269,-106.6374450,1515.6,70546.1,5.460,120,0,0
2026-07-25T15:33:29Z,35.1951419,-106.6375090,1515.6,70551.1,5.260,120,0,0
2026-07-25T15:33:30Z,35.1951620,-106.6375569,1515.6,70555.8,5.100,119,0,0
2026-07-25T15:33:31Z,35.1951829,-106.6376009,1515.6,70560.5,4.960,119,0,0
2026-07-25T15:33:32Z,35.1951949,-106.6376389,1515.8,70564.9,4.780,117,0,0
2026-07-25T15:33:33Z,35.1952080,-106.6376839,1515.8,70569.2,4.620,116,0,0
2026-07-25T15:33:34Z,35.1952220,-106.6377360,1516.0,70573.3,4.440,116,0,0
2026-07-25T15:33:35Z,35.1952350,-106.6377770,1515.8,70577.4,4.320,114,0,0
2026-07-25T15:33:36Z,35.1952500,-106.6378200,1516.2,70581.5,4.200,114,56,119
2026-07-25T15:33:37Z,35.1952630,-106.6378540,1516.2,70585.9,4.200,114,56,144
2026-07-25T15:33:38Z,35.1952780,-106.6378989,1516.2,70590.3,4.220,113,61,144
2026-07-25T15:33:39Z,35.1952920,-106.6379419,1516.4,70594.8,4.300,113,62,139
2026-07-25T15:33:40Z,35.1953080,-106.6379960,1516.4,70599.0,4.320,114,58,40
2026-07-25T15:33:41Z,35.1953190,-106.6380289,1516.4,70603.0,4.300,114,58,0
2026-07-25T15:33:42Z,35.1953310,-106.6380699,1516.4,70606.8,4.180,114,58,0
2026-07-25T15:33:43Z,35.1953419,-106.6381200,1516.4,70610.4,4.019,113,0,0
2026-07-25T15:33:44Z,35.1953490,-106.6381569,1516.4,70614.1,3.860,113,0,0
2026-07-25T15:33:45Z,35.1953610,-106.6381910,1516.6,70617.5,3.700,112,20,8
2026-07-25T15:33:46Z,35.1953699,-106.6382200,1516.6,70621.6,3.720,112,20,132
2026-07-25T15:33:47Z,35.1953770,-106.6382609,1516.6,70626.6,3.960,112,58,409
2026-07-25T15:33:48Z,35.1953699,-106.6383240,1516.6,70632.6,4.440,113,71,624
2026-07-25T15:33:49Z,35.1953549,-106.6383820,1516.6,70638.7,4.920,115,71,428
2026-07-25T15:33:50Z,35.1953450,-106.6384349,1516.6,70645.1,5.520,117,84,428
2026-07-25T15:33:51Z,35.1953429,-106.6385039,1516.6,70652.0,6.080,118,92,344
2026-07-25T15:33:52Z,35.1953330,-106.6385749,1516.6,70658.8,6.440,119,95,287
2026-07-25T15:33:53Z,35.1953060,-106.6386410,1516.6,70665.5,6.580,120,96,220
2026-07-25T15:33:54Z,35.1952720,-106.6387069,1516.6,70672.2,6.700,123,98,154
2026-07-25T15:33:55Z,35.1952340,-106.6387690,1516.6,70679.2,6.820,123,57,28
2026-07-25T15:33:56Z,35.1951969,-106.6388339,1516.6,70686.3,6.860,124,57,9
2026-07-25T15:33:57Z,35.1951689,-106.6389059,1516.6,70694.0,7.040,125,57,9
2026-07-25T15:33:58Z,35.1951659,-106.6389870,1516.4,70701.3,7.160,125,25,9
2026-07-25T15:33:59Z,35.1951829,-106.6390669,1516.4,70708.8,7.320,125,96,66
2026-07-25T15:34:00Z,35.1952099,-106.6391430,1516.4,70716.1,7.380,125,95,60
2026-07-25T15:34:01Z,35.1952350,-106.6392190,1516.4,70723.7,7.480,126,96,62
2026-07-25T15:34:02Z,35.1952549,-106.6392969,1516.2,70731.2,7.440,125,97,45
2026-07-25T15:34:03Z,35.1952660,-106.6393760,1516.2,70738.6,7.460,125,96,48
2026-07-25T15:34:04Z,35.1952640,-106.6394720,1516.2,70746.1,7.460,125,95,42
2026-07-25T15:34:05Z,35.1952490,-106.6395330,1516.0,70753.4,7.460,125,94,56
2026-07-25T15:34:06Z,35.1952170,-106.6396030,1516.0,70760.5,7.360,125,94,97
2026-07-25T15:34:07Z,35.1951699,-106.6396569,1516.0,70767.5,7.260,124,92,100
2026-07-25T15:34:08Z,35.1951040,-106.6397040,1515.8,70774.6,7.200,124,90,91
2026-07-25T15:34:09Z,35.1950430,-106.6397289,1515.8,70781.3,7.040,124,90,92
2026-07-25T15:34:10Z,35.1949829,-106.6397500,1515.6,70788.0,6.920,124,88,61
2026-07-25T15:34:11Z,35.1949359,-106.6397660,1515.6,70794.4,6.780,124,80,3
2026-07-25T15:34:12Z,35.1948779,-106.6397880,1515.6,70801.0,6.700,124,71,6
2026-07-25T15:34:13Z,35.1948109,-106.6398149,1515.6,70807.1,6.500,123,65,0
2026-07-25T15:34:14Z,35.1947620,-106.6398360,1515.6,70811.6,6.060,123,65,0
2026-07-25T15:34:15Z,35.1947260,-106.6398520,1515.6,70815.4,5.480,122,65,0
2026-07-25T15:34:16Z,35.1947059,-106.6398630,1515.6,70818.4,4.800,122,0,0
2026-07-25T15:34:17Z,35.1946860,-106.6398810,1515.6,70820.6,3.920,121,0,0
2026-07-25T15:34:18Z,35.1946760,-106.6398979,1515.6,70823.2,3.220,120,0,0
2026-07-25T15:34:19Z,35.1946690,-106.6399220,1515.6,70826.5,2.980,119,20,91
2026-07-25T15:34:20Z,35.1946649,-106.6399569,1515.8,70830.0,2.920,119,62,218
2026-07-25T15:34:21Z,35.1946690,-106.6399879,1515.8,70833.9,3.100,119,71,230
2026-07-25T15:34:22Z,35.1946799,-106.6400380,1515.8,70838.1,3.500,118,80,177
2026-07-25T15:34:23Z,35.1946890,-106.6400839,1515.8,70842.5,3.860,119,84,125
2026-07-25T15:34:24Z,35.1947000,-106.6401319,1516.0,70846.9,4.080,119,86,122
2026-07-25T15:34:25Z,35.1947089,-106.6401709,1516.2,70851.7,4.340,119,88,119
2026-07-25T15:34:26Z,35.1947199,-106.6402200,1516.2,70856.6,4.540,119,90,109
2026-07-25T15:34:27Z,35.1947310,-106.6402810,1516.2,70861.5,4.680,119,92,88
2026-07-25T15:34:28Z,35.1947379,-106.6403340,1516.2,70866.3,4.760,119,92,78
2026-07-25T15:34:29Z,35.1947460,-106.6403859,1516.2,70871.0,4.820,119,93,80
2026-07-25T15:34:30Z,35.1947509,-106.6404270,1516.2,70875.9,4.840,119,92,88
2026-07-25T15:34:31Z,35.1947550,-106.6404899,1516.2,70880.7,4.820,119,93,83
2026-07-25T15:34:32Z,35.1947539,-106.6405430,1516.2,70885.8,4.860,119,91,54
2026-07-25T15:34:33Z,35.1947499,-106.6405960,1516.2,70890.7,4.880,119,85,9
2026-07-25T15:34:34Z,35.1947450,-106.6406479,1516.2,70895.6,4.920,118,85,39
2026-07-25T15:34:35Z,35.1947359,-106.6406970,1516.2,70900.4,4.900,117,85,39
2026-07-25T15:34:36Z,35.1947109,-106.6407400,1516.2,70905.1,4.880,116,48,39
2026-07-25T15:34:37Z,35.1946769,-106.6407730,1516.2,70909.9,4.820,116,90,85
2026-07-25T15:34:38Z,35.1946460,-106.6407919,1516.0,70914.7,4.800,116,92,64
2026-07-25T15:34:39Z,35.1946040,-106.6408150,1516.0,70919.8,4.840,116,85,91
2026-07-25T15:34:40Z,35.1945550,-106.6408459,1516.0,70925.0,4.920,115,84,100
2026-07-25T15:34:41Z,35.1945150,-106.6408730,1515.8,70930.2,5.020,116,85,95
2026-07-25T15:34:42Z,35.1944750,-106.6408990,1515.8,70935.4,5.100,115,86,88
2026-07-25T15:34:43Z,35.1944339,-106.6409250,1515.8,70940.5,5.160,115,87,84
2026-07-25T15:34:44Z,35.1944000,-106.6409450,1515.8,70945.8,5.200,115,88,81
2026-07-25T15:34:45Z,35.1943489,-106.6409759,1515.8,70951.0,5.200,114,88,67
2026-07-25T15:34:46Z,35.1943079,-106.6410010,1515.8,70956.2,5.200,115,88,66
2026-07-25T15:34:47Z,35.1942649,-106.6410270,1515.6,70961.5,5.220,115,88,68
2026-07-25T15:34:48Z,35.1942230,-106.6410550,1515.6,70966.7,5.240,113,88,68
2026-07-25T15:34:49Z,35.1941889,-106.6410769,1515.6,70971.8,5.200,114,89,60
2026-07-25T15:34:50Z,35.1941390,-106.6411130,1515.6,70977.1,5.220,114,89,62
2026-07-25T15:34:51Z,35.1941000,-106.6411470,1515.6,70982.6,5.280,113,90,59
2026-07-25T15:34:52Z,35.1940739,-106.6411819,1515.6,70987.9,5.280,113,91,45
2026-07-25T15:34:53Z,35.1940459,-106.6412310,1515.6,70993.3,5.320,113,90,35
2026-07-25T15:34:54Z,35.1940199,-106.6412949,1515.4,70998.8,5.400,113,90,21
2026-07-25T15:34:55Z,35.1940090,-106.6413550,1515.4,71004.4,5.460,113,85,55
2026-07-25T15:34:56Z,35.1940080,-106.6414170,1515.4,71010.3,5.540,112,86,77
2026-07-25T15:34:57Z,35.1940120,-106.6414659,1515.4,71015.8,5.580,112,86,138
2026-07-25T15:34:58Z,35.1940240,-106.6415259,1515.4,71019.5,5.240,112,85,138
2026-07-25T15:34:59Z,35.1940400,-106.6415949,1515.6,71022.2,4.680,111,83,155
2026-07-25T15:35:00Z,35.1940520,-106.6416509,1515.6,71024.8,4.080,112,82,171
2026-07-25T15:35:01Z,35.1940619,-106.6417060,1515.6,71030.3,4.000,112,81,258
2026-07-25T15:35:02Z,35.1940599,-106.6417510,1515.6,71036.0,4.040,113,83,212
2026-07-25T15:35:03Z,35.1940380,-106.6418160,1515.8,71041.4,4.380,113,86,188
2026-07-25T15:35:04Z,35.1940029,-106.6418580,1515.8,71046.7,4.900,114,61,159
2026-07-25T15:35:05Z,35.1939629,-106.6418900,1515.8,71052.0,5.440,115,61,208
2026-07-25T15:35:06Z,35.1939309,-106.6419160,1516.2,71057.2,5.380,116,94,208
2026-07-25T15:35:07Z,35.1938909,-106.6419470,1516.2,71061.9,5.180,116,97,177
2026-07-25T15:35:08Z,35.1938459,-106.6419839,1516.4,71066.8,5.080,116,94,180
2026-07-25T15:35:09Z,35.1938120,-106.6420170,1516.4,71071.4,4.940,117,91,177
2026-07-25T15:35:10Z,35.1937770,-106.6420470,1516.4,71075.8,4.760,117,89,186
2026-07-25T15:35:11Z,35.1937490,-106.6420689,1516.4,71080.4,4.640,118,87,214
2026-07-25T15:35:12Z,35.1937129,-106.6420950,1516.6,71085.0,4.620,119,87,222
2026-07-25T15:35:13Z,35.1936709,-106.6421259,1516.8,71089.5,4.540,119,87,255
2026-07-25T15:35:14Z,35.1936350,-106.6421500,1516.8,71094.2,4.560,119,87,243
2026-07-25T15:35:15Z,35.1935979,-106.6421750,1517.0,71098.8,4.600,120,87,230
2026-07-25T15:35:16Z,35.1935690,-106.6421950,1517.0,71103.4,4.600,121,87,230
2026-07-25T15:35:17Z,35.1935269,-106.6422279,1517.2,71108.1,4.620,121,88,162
2026-07-25T15:35:18Z,35.1934940,-106.6422620,1517.4,71112.9,4.680,121,92,152
2026-07-25T15:35:19Z,35.1934640,-106.6423029,1517.4,71118.1,4.780,122,95,128
2026-07-25T15:35:20Z,35.1934380,-106.6423480,1517.6,71123.1,4.860,122,96,144
2026-07-25T15:35:21Z,35.1934139,-106.6423830,1517.8,71128.3,4.980,123,99,136
2026-07-25T15:35:22Z,35.1933709,-106.6424260,1518.0,71133.4,5.060,122,99,124
2026-07-25T15:35:23Z,35.1933299,-106.6424500,1518.0,71138.8,5.180,123,98,103
2026-07-25T15:35:24Z,35.1932869,-106.6424739,1518.0,71144.1,5.200,123,91,138
2026-07-25T15:35:25Z,35.1932520,-106.6424930,1518.2,71149.4,5.260,123,91,93
2026-07-25T15:35:26Z,35.1931989,-106.6425230,1518.2,71155.1,5.360,124,92,98
2026-07-25T15:35:27Z,35.1931529,-106.6425479,1518.2,71160.7,5.460,124,92,97
2026-07-25T15:35:28Z,35.1931099,-106.6425749,1518.2,71166.2,5.480,123,93,98
2026-07-25T15:35:29Z,35.1930750,-106.6425960,1518.2,71171.8,5.540,124,94,97
2026-07-25T15:35:30Z,35.1930290,-106.6426220,1518.2,71177.6,5.640,124,95,101
2026-07-25T15:35:31Z,35.1929750,-106.6426530,1518.2,71183.2,5.620,124,95,94
2026-07-25T15:35:32Z,35.1929290,-106.6426800,1518.2,71188.9,5.640,125,96,83
2026-07-25T15:35:33Z,35.1928829,-106.6427080,1518.2,71194.5,5.660,124,96,87
2026-07-25T15:35:34Z,35.1928379,-106.6427360,1518.2,71200.1,5.660,125,97,89
2026-07-25T15:35:35Z,35.1928010,-106.6427570,1518.2,71205.8,5.640,124,96,75
2026-07-25T15:35:36Z,35.1927470,-106.6427899,1518.2,71211.4,5.640,124,96,76
2026-07-25T15:35:37Z,35.1927000,-106.6428179,1518.2,71217.1,5.640,124,97,88
2026-07-25T15:35:38Z,35.1926529,-106.6428459,1518.4,71222.9,5.680,124,97,86
2026-07-25T15:35:39Z,35.1926170,-106.6428680,1518.4,71228.6,5.700,124,97,70
2026-07-25T15:35:40Z,35.1925610,-106.6429020,1518.4,71234.3,5.700,124,97,60
2026-07-25T15:35:41Z,35.1925160,-106.6429300,1518.4,71240.0,5.720,124,97,44
2026-07-25T15:35:42Z,35.1924700,-106.6429570,1518.4,71245.5,5.680,124,93,25
2026-07-25T15:35:43Z,35.1924260,-106.6429840,1518.4,71251.0,5.620,123,93,5
2026-07-25T15:35:44Z,35.1923919,-106.6430059,1518.4,71256.3,5.540,123,93,53
2026-07-25T15:35:45Z,35.1923479,-106.6430319,1518.4,71261.4,5.420,122,89,53
2026-07-25T15:35:46Z,35.1922949,-106.6430619,1518.4,71266.7,5.340,122,89,74
2026-07-25T15:35:47Z,35.1922509,-106.6430860,1518.4,71271.8,5.260,121,89,78
2026-07-25T15:35:48Z,35.1922160,-106.6431049,1518.4,71277.0,5.200,121,89,72
2026-07-25T15:35:49Z,35.1921730,-106.6431300,1518.4,71282.2,5.180,120,90,84
2026-07-25T15:35:50Z,35.1921219,-106.6431590,1518.2,71287.5,5.220,119,91,91
2026-07-25T15:35:51Z,35.1920810,-106.6431830,1518.2,71292.9,5.240,119,92,82
2026-07-25T15:35:52Z,35.1920359,-106.6432079,1518.2,71298.3,5.300,118,92,51
2026-07-25T15:35:53Z,35.1920000,-106.6432290,1518.2,71303.7,5.340,118,91,50
2026-07-25T15:35:54Z,35.1919570,-106.6432560,1518.2,71309.0,5.360,117,89,43
2026-07-25T15:35:55Z,35.1919049,-106.6432860,1518.4,71314.3,5.360,117,89,61
2026-07-25T15:35:56Z,35.1918609,-106.6433110,1518.4,71319.6,5.340,116,81,61
2026-07-25T15:35:57Z,35.1918169,-106.6433379,1518.4,71325.0,5.340,116,81,72
2026-07-25T15:35:58Z,35.1917830,-106.6433600,1518.4,71330.4,5.340,116,82,77
2026-07-25T15:35:59Z,35.1917380,-106.6433870,1518.4,71335.8,5.360,115,82,79
2026-07-25T15:36:00Z,35.1916859,-106.6434209,1518.4,71341.1,5.360,115,83,95
2026-07-25T15:36:01Z,35.1916420,-106.6434460,1518.4,71346.6,5.400,115,84,95
2026-07-25T15:36:02Z,35.1916060,-106.6434679,1518.4,71352.2,5.440,114,84,87
2026-07-25T15:36:03Z,35.1915620,-106.6434939,1518.4,71357.9,5.500,115,84,87
2026-07-25T15:36:04Z,35.1915159,-106.6435219,1518.4,71363.6,5.560,114,86,87
2026-07-25T15:36:05Z,35.1914690,-106.6435499,1518.4,71369.2,5.620,114,87,83
2026-07-25T15:36:06Z,35.1914230,-106.6435760,1518.4,71374.9,5.660,114,87,72
2026-07-25T15:36:07Z,35.1913760,-106.6436030,1518.4,71380.5,5.660,114,87,72
2026-07-25T15:36:08Z,35.1913299,-106.6436300,1518.4,71386.2,5.660,114,87,72
2026-07-25T15:36:09Z,35.1912829,-106.6436590,1518.6,71391.9,5.660,114,87,76
2026-07-25T15:36:10Z,35.1912380,-106.6436880,1518.6,71397.6,5.680,114,87,94
2026-07-25T15:36:11Z,35.1911900,-106.6437160,1518.6,71403.3,5.680,114,87,94
2026-07-25T15:36:12Z,35.1911439,-106.6437450,1518.6,71409.1,5.720,114,88,80
2026-07-25T15:36:13Z,35.1910979,-106.6437750,1518.6,71415.0,5.760,113,88,73
2026-07-25T15:36:14Z,35.1910520,-106.6438040,1518.6,71420.8,5.780,113,89,72
2026-07-25T15:36:15Z,35.1910050,-106.6438340,1518.4,71426.7,5.820,113,89,80
2026-07-25T15:36:16Z,35.1909580,-106.6438640,1518.4,71432.6,5.860,113,89,79
2026-07-25T15:36:17Z,35.1909109,-106.6438949,1518.4,71438.5,5.880,113,90,69
2026-07-25T15:36:18Z,35.1908630,-106.6439269,1518.4,71444.5,5.900,113,91,72
2026-07-25T15:36:19Z,35.1908170,-106.6439610,1518.4,71450.5,5.940,112,91,77
2026-07-25T15:36:20Z,35.1907689,-106.6439940,1518.4,71456.6,5.980,112,91,72
2026-07-25T15:36:21Z,35.1907210,-106.6440269,1518.4,71462.6,6.000,112,91,77
2026-07-25T15:36:22Z,35.1906750,-106.6440610,1518.4,71468.5,6.000,112,91,73
2026-07-25T15:36:23Z,35.1906280,-106.6440950,1518.4,71474.4,5.980,112,91,73
2026-07-25T15:36:24Z,35.1905829,-106.6441310,1518.4,71480.5,6.000,112,91,71
2026-07-25T15:36:25Z,35.1905369,-106.6441679,1518.4,71486.4,5.960,112,91,62
2026-07-25T15:36:26Z,35.1904919,-106.6442040,1518.4,71492.4,5.960,112,91,67
2026-07-25T15:36:27Z,35.1904480,-106.6442399,1518.4,71498.4,5.980,112,91,70
2026-07-25T15:36:28Z,35.1904030,-106.6442760,1518.6,71504.4,6.000,112,91,70
2026-07-25T15:36:29Z,35.1903580,-106.6443149,1518.6,71510.3,5.960,111,92,79
2026-07-25T15:36:30Z,35.1903130,-106.6443530,1518.4,71516.2,5.960,111,92,89
2026-07-25T15:36:31Z,35.1902659,-106.6443869,1518.4,71522.1,5.940,111,91,77
2026-07-25T15:36:32Z,35.1902209,-106.6444220,1518.4,71528.1,5.940,111,91,74
2026-07-25T15:36:33Z,35.1901769,-106.6444589,1518.2,71534.1,5.940,111,91,75
2026-07-25T15:36:34Z,35.1901229,-106.6445039,1518.2,71540.0,5.940,111,92,73
2026-07-25T15:36:35Z,35.1900779,-106.6445410,1518.2,71546.1,5.980,111,92,75
2026-07-25T15:36:36Z,35.1900420,-106.6445719,1518.2,71552.1,6.000,111,91,74
2026-07-25T15:36:37Z,35.1899980,-106.6446110,1518.2,71558.2,6.020,111,91,75
2026-07-25T15:36:38Z,35.1899450,-106.6446589,1518.2,71564.0,5.980,111,91,80
2026-07-25T15:36:39Z,35.1899000,-106.6446950,1518.2,71570.0,6.000,111,91,70
2026-07-25T15:36:40Z,35.1898650,-106.6447240,1518.0,71575.9,5.960,111,91,84
2026-07-25T15:36:41Z,35.1898209,-106.6447619,1518.0,71581.8,5.940,111,91,84
2026-07-25T15:36:42Z,35.1897680,-106.6448070,1518.0,71587.7,5.900,111,91,96
2026-07-25T15:36:43Z,35.1897240,-106.6448449,1518.0,71593.7,5.940,112,91,94
2026-07-25T15:36:44Z,35.1896780,-106.6448800,1518.0,71599.8,5.960,112,92,91
2026-07-25T15:36:45Z,35.1896410,-106.6449090,1518.0,71605.9,6.000,112,93,97
2026-07-25T15:36:46Z,35.1895950,-106.6449469,1518.0,71612.0,6.040,111,93,96
2026-07-25T15:36:47Z,35.1895390,-106.6449919,1517.8,71618.0,6.060,112,93,91
2026-07-25T15:36:48Z,35.1894920,-106.6450290,1517.8,71624.2,6.100,112,93,86
2026-07-25T15:36:49Z,35.1894459,-106.6450680,1517.8,71630.3,6.100,112,93,82
2026-07-25T15:36:50Z,35.1894019,-106.6451069,1517.8,71636.5,6.120,112,93,70
2026-07-25T15:36:51Z,35.1893569,-106.6451450,1517.8,71642.7,6.140,112,92,81
2026-07-25T15:36:52Z,35.1893120,-106.6451840,1517.8,71648.8,6.160,112,93,93
2026-07-25T15:36:53Z,35.1892680,-106.6452219,1517.8,71654.9,6.140,112,93,92
2026-07-25T15:36:54Z,35.1892309,-106.6452520,1518.0,71661.0,6.140,112,93,124
2026-07-25T15:36:55Z,35.1891839,-106.6452890,1518.0,71667.1,6.120,113,89,108
2026-07-25T15:36:56Z,35.1891289,-106.6453339,1518.0,71673.5,6.160,113,88,125
2026-07-25T15:36:57Z,35.1890820,-106.6453730,1518.0,71679.9,6.220,113,89,116
2026-07-25T15:36:58Z,35.1890350,-106.6454130,1518.0,71686.0,6.220,113,89,113
2026-07-25T15:36:59Z,35.1889869,-106.6454509,1518.0,71692.4,6.280,113,88,121
2026-07-25T15:37:00Z,35.1889419,-106.6454900,1518.0,71698.8,6.340,114,83,192
2026-07-25T15:37:01Z,35.1888950,-106.6455300,1518.0,71705.4,6.380,114,83,171
2026-07-25T15:37:02Z,35.1888460,-106.6455690,1518.0,71712.0,6.420,115,85,166
2026-07-25T15:37:03Z,35.1888060,-106.6456020,1518.0,71718.5,6.500,116,86,149
2026-07-25T15:37:04Z,35.1887569,-106.6456430,1517.8,71725.2,6.560,115,86,139
2026-07-25T15:37:05Z,35.1886969,-106.6456929,1517.8,71731.9,6.620,115,86,124
2026-07-25T15:37:06Z,35.1886470,-106.6457340,1517.8,71738.5,6.620,116,87,133
2026-07-25T15:37:07Z,35.1885949,-106.6457740,1517.8,71745.3,6.660,117,87,144
2026-07-25T15:37:08Z,35.1885450,-106.6458150,1517.8,71752.0,6.700,117,87,135
2026-07-25T15:37:09Z,35.1885050,-106.6458509,1517.8,71758.7,6.700,118,88,132
2026-07-25T15:37:10Z,35.1884450,-106.6459040,1517.8,71765.5,6.720,118,88,133
2026-07-25T15:37:11Z,35.1883949,-106.6459490,1517.8,71772.3,6.760,119,89,132
2026-07-25T15:37:12Z,35.1883430,-106.6459920,1517.8,71779.2,6.780,119,89,132
2026-07-25T15:37:13Z,35.1883030,-106.6460269,1517.8,71786.2,6.840,119,89,144
2026-07-25T15:37:14Z,35.1882410,-106.6460790,1517.8,71793.1,6.880,119,90,140
2026-07-25T15:37:15Z,35.1881900,-106.6461230,1517.6,71800.0,6.900,120,90,140
2026-07-25T15:37:16Z,35.1881390,-106.6461660,1517.6,71807.0,6.940,120,90,137
2026-07-25T15:37:17Z,35.1880970,-106.6461999,1517.6,71814.0,6.960,120,91,138
2026-07-25T15:37:18Z,35.1880440,-106.6462419,1517.6,71821.1,6.980,120,92,120
2026-07-25T15:37:19Z,35.1879799,-106.6462940,1517.6,71828.0,6.980,120,92,124
2026-07-25T15:37:20Z,35.1879270,-106.6463370,1517.6,71835.0,7.000,121,91,117
2026-07-25T15:37:21Z,35.1878759,-106.6463820,1517.4,71842.1,7.020,121,91,129
2026-07-25T15:37:22Z,35.1878250,-106.6464269,1517.4,71849.0,7.000,121,91,121
2026-07-25T15:37:23Z,35.1877830,-106.6464620,1517.4,71856.0,6.980,122,91,121
2026-07-25T15:37:24Z,35.1877209,-106.6465139,1517.4,71862.9,6.980,121,90,124
2026-07-25T15:37:25Z,35.1876690,-106.6465569,1517.4,71869.8,6.960,122,90,125
2026-07-25T15:37:26Z,35.1876280,-106.6465900,1517.2,71876.7,6.920,122,90,129
2026-07-25T15:37:27Z,35.1875769,-106.6466330,1517.2,71883.5,6.900,123,90,125
2026-07-25T15:37:28Z,35.1875149,-106.6466840,1517.2,71890.4,6.880,123,89,125
2026-07-25T15:37:29Z,35.1874619,-106.6467250,1517.2,71897.3,6.880,122,89,122
2026-07-25T15:37:30Z,35.1874100,-106.6467680,1517.2,71904.2,6.880,122,89,124
2026-07-25T15:37:31Z,35.1873579,-106.6468130,1517.2,71911.1,6.880,122,90,122
2026-07-25T15:37:32Z,35.1873169,-106.6468490,1517.2,71918.0,6.900,122,90,124
2026-07-25T15:37:33Z,35.1872550,-106.6469009,1517.2,71925.0,6.920,122,90,123
2026-07-25T15:37:34Z,35.1872050,-106.6469439,1517.2,71932.0,6.940,122,90,119
2026-07-25T15:37:35Z,35.1871630,-106.6469780,1517.2,71939.1,6.980,122,91,148
2026-07-25T15:37:36Z,35.1871110,-106.6470220,1517.2,71946.2,7.020,122,92,132
2026-07-25T15:37:37Z,35.1870470,-106.6470769,1517.4,71953.3,7.060,121,92,107
2026-07-25T15:37:38Z,35.1869940,-106.6471209,1517.4,71960.7,7.140,121,93,144
2026-07-25T15:37:39Z,35.1869429,-106.6471650,1517.4,71967.9,7.180,121,94,156
2026-07-25T15:37:40Z,35.1868999,-106.6472000,1517.4,71975.1,7.200,121,94,130
2026-07-25T15:37:41Z,35.1868340,-106.6472520,1517.4,71982.3,7.220,121,94,131
2026-07-25T15:37:42Z,35.1867800,-106.6472970,1517.4,71989.5,7.240,121,94,123
2026-07-25T15:37:43Z,35.1867259,-106.6473420,1517.4,71996.8,7.220,121,94,121
2026-07-25T15:37:44Z,35.1866719,-106.6473870,1517.6,72004.0,7.220,123,94,122
2026-07-25T15:37:45Z,35.1866290,-106.6474229,1517.6,72011.3,7.240,122,94,122
2026-07-25T15:37:46Z,35.1865640,-106.6474779,1517.6,72018.4,7.220,122,94,127
2026-07-25T15:37:47Z,35.1865099,-106.6475209,1517.4,72025.6,7.220,122,94,129
2026-07-25T15:37:48Z,35.1864539,-106.6475610,1517.4,72032.9,7.220,122,94,131
2026-07-25T15:37:49Z,35.1864089,-106.6475929,1517.4,72040.3,7.260,122,94,131
2026-07-25T15:37:50Z,35.1863389,-106.6476410,1517.4,72047.5,7.240,122,95,132
2026-07-25T15:37:51Z,35.1862809,-106.6476799,1517.4,72054.7,7.260,123,95,137
2026-07-25T15:37:52Z,35.1862229,-106.6477180,1517.4,72062.0,7.280,124,95,147
2026-07-25T15:37:53Z,35.1861639,-106.6477539,1517.4,72069.2,7.260,125,94,138
2026-07-25T15:37:54Z,35.1861059,-106.6477870,1517.4,72076.4,7.220,125,93,116
2026-07-25T15:37:55Z,35.1860590,-106.6478140,1517.4,72083.7,7.240,125,94,112
2026-07-25T15:37:56Z,35.1859870,-106.6478539,1517.4,72090.9,7.240,125,94,119
2026-07-25T15:37:57Z,35.1859270,-106.6478840,1517.4,72098.1,7.220,125,93,118
2026-07-25T15:37:58Z,35.1858659,-106.6479119,1517.4,72105.4,7.240,125,93,131
2026-07-25T15:37:59Z,35.1858179,-106.6479320,1517.4,72112.5,7.220,124,93,131
2026-07-25T15:38:00Z,35.1857450,-106.6479649,1517.4,72119.7,7.200,125,93,114
2026-07-25T15:38:01Z,35.1856870,-106.6479920,1517.4,72126.9,7.200,125,93,116
2026-07-25T15:38:02Z,35.1856250,-106.6480150,1517.4,72134.0,7.180,125,93,119
2026-07-25T15:38:03Z,35.1855639,-106.6480360,1517.4,72141.2,7.160,124,93,138
2026-07-25T15:38:04Z,35.1855069,-106.6480549,1517.4,72148.4,7.180,124,93,137
2026-07-25T15:38:05Z,35.1854439,-106.6480730,1517.4,72155.5,7.160,124,93,131
2026-07-25T15:38:06Z,35.1853820,-106.6480900,1517.4,72162.7,7.160,124,92,123
2026-07-25T15:38:07Z,35.1853250,-106.6481080,1517.4,72169.8,7.160,124,92,129
2026-07-25T15:38:08Z,35.1852800,-106.6481220,1517.4,72176.8,7.120,124,92,114
2026-07-25T15:38:09Z,35.1852189,-106.6481369,1517.4,72183.9,7.100,124,92,125
2026-07-25T15:38:10Z,35.1851439,-106.6481510,1517.2,72190.7,7.040,124,91,127
2026-07-25T15:38:11Z,35.1850820,-106.6481610,1517.2,72197.9,7.040,123,91,119
2026-07-25T15:38:12Z,35.1850190,-106.6481699,1517.2,72204.9,7.020,124,91,118
2026-07-25T15:38:13Z,35.1849569,-106.6481780,1517.0,72211.9,7.020,123,91,124
2026-07-25T15:38:14Z,35.1848979,-106.6481870,1517.2,72219.0,7.020,124,91,117
2026-07-25T15:38:15Z,35.1848350,-106.6481910,1517.2,72226.0,7.060,123,91,130
2026-07-25T15:38:16Z,35.1847729,-106.6481959,1517.2,72233.0,7.020,123,91,117
2026-07-25T15:38:17Z,35.1847220,-106.6481999,1517.2,72240.0,7.020,123,91,142
2026-07-25T15:38:18Z,35.1846590,-106.6482070,1517.2,72247.0,7.020,123,91,117
2026-07-25T15:38:19Z,35.1845849,-106.6482160,1517.2,72254.0,7.000,123,90,120
2026-07-25T15:38:20Z,35.1845239,-106.6482249,1517.2,72261.0,7.000,122,91,121
2026-07-25T15:38:21Z,35.1844620,-106.6482320,1517.2,72267.9,6.980,122,91,113
2026-07-25T15:38:22Z,35.1844129,-106.6482379,1517.2,72274.7,6.940,122,90,113
2026-07-25T15:38:23Z,35.1843389,-106.6482460,1517.2,72281.7,6.940,122,90,116
2026-07-25T15:38:24Z,35.1842750,-106.6482500,1517.2,72288.6,6.920,122,90,122
2026-07-25T15:38:25Z,35.1842130,-106.6482529,1517.2,72295.4,6.880,122,89,109
2026-07-25T15:38:26Z,35.1841519,-106.6482569,1517.2,72302.3,6.880,122,89,109
2026-07-25T15:38:27Z,35.1841030,-106.6482620,1517.2,72309.1,6.880,122,88,109
2026-07-25T15:38:28Z,35.1840300,-106.6482709,1517.2,72316.0,6.860,122,88,111
2026-07-25T15:38:29Z,35.1839679,-106.6482770,1517.2,72323.0,6.880,122,89,117
2026-07-25T15:38:30Z,35.1839059,-106.6482750,1517.2,72329.8,6.880,122,89,108
2026-07-25T15:38:31Z,35.1838440,-106.6482630,1517.2,72336.6,6.860,121,89,103
2026-07-25T15:38:32Z,35.1837830,-106.6482429,1517.2,72343.6,6.900,120,89,87
2026-07-25T15:38:33Z,35.1837209,-106.6482210,1517.2,72350.6,6.920,120,89,87
2026-07-25T15:38:34Z,35.1836550,-106.6482020,1517.2,72358.3,7.060,120,91,61
2026-07-25T15:38:35Z,35.1836000,-106.6481920,1517.2,72366.2,7.280,120,91,10
2026-07-25T15:38:36Z,35.1835300,-106.6481829,1517.2,72374.2,7.520,119,0,10
2026-07-25T15:38:37Z,35.1834420,-106.6481730,1517.0,72382.8,7.840,119,36,10
2026-07-25T15:38:38Z,35.1833670,-106.6481610,1517.0,72391.5,8.180,118,36,0
2026-07-25T15:38:39Z,35.1832899,-106.6481510,1517.0,72400.4,8.420,117,36,0
2026-07-25T15:38:40Z,35.1832260,-106.6481430,1516.8,72409.5,8.660,116,0,0
2026-07-25T15:38:41Z,35.1831459,-106.6481330,1516.6,72418.6,8.880,115,0,0
2026-07-25T15:38:42Z,35.1830500,-106.6481369,1516.4,72428.0,9.040,115,0,0
2026-07-25T15:38:43Z,35.1829680,-106.6481490,1516.0,72437.1,9.120,113,0,0
2026-07-25T15:38:44Z,35.1828830,-106.6481630,1515.4,72446.7,9.260,114,0,0
2026-07-25T15:38:45Z,35.1827989,-106.6481740,1515.2,72456.1,9.320,114,0,0
2026-07-25T15:38:46Z,35.1827149,-106.6481849,1514.8,72465.1,9.300,113,0,0
2026-07-25T15:38:47Z,35.1826310,-106.6481949,1514.4,72474.0,9.200,113,0,0
2026-07-25T15:38:48Z,35.1825590,-106.6481999,1514.0,72482.0,8.980,111,0,0
2026-07-25T15:38:49Z,35.1824910,-106.6482050,1513.8,72489.4,8.540,110,0,0
2026-07-25T15:38:50Z,35.1824300,-106.6482089,1513.6,72496.2,8.020,110,75,198
2026-07-25T15:38:51Z,35.1823699,-106.6482129,1513.6,72502.8,7.540,110,89,195
2026-07-25T15:38:52Z,35.1823080,-106.6482429,1513.6,72509.2,7.040,111,86,239
2026-07-25T15:38:53Z,35.1822409,-106.6482620,1513.6,72515.4,6.680,111,83,243
2026-07-25T15:38:54Z,35.1821880,-106.6482880,1513.6,72521.4,6.400,112,83,239
2026-07-25T15:38:55Z,35.1821369,-106.6483090,1513.6,72527.3,6.220,113,79,239
2026-07-25T15:38:56Z,35.1820839,-106.6483239,1514.0,72532.5,5.940,113,79,197
2026-07-25T15:38:57Z,35.1820249,-106.6483409,1514.2,72537.8,5.720,114,90,197
2026-07-25T15:38:58Z,35.1819809,-106.6483529,1514.6,72542.8,5.480,116,86,215
2026-07-25T15:38:59Z,35.1819470,-106.6483660,1514.6,72547.8,5.280,115,83,207
2026-07-25T15:39:00Z,35.1819079,-106.6483819,1515.0,72552.6,5.060,116,82,206
2026-07-25T15:39:01Z,35.1818580,-106.6484060,1515.2,72557.6,5.020,116,83,201
2026-07-25T15:39:02Z,35.1818170,-106.6484320,1515.4,72563.0,5.040,117,87,189
2026-07-25T15:39:03Z,35.1817740,-106.6484590,1515.6,72568.2,5.080,117,88,168
2026-07-25T15:39:04Z,35.1817379,-106.6484729,1516.0,72573.8,5.200,117,91,154
2026-07-25T15:39:05Z,35.1816890,-106.6484829,1516.2,72579.4,5.360,117,93,162
2026-07-25T15:39:06Z,35.1816290,-106.6484890,1516.2,72585.0,5.480,118,95,124
2026-07-25T15:39:07Z,35.1815769,-106.6484930,1516.4,72590.8,5.560,118,96,107
2026-07-25T15:39:08Z,35.1815240,-106.6484969,1516.6,72596.5,5.660,119,97,93
2026-07-25T15:39:09Z,35.1814710,-106.6485019,1516.8,72602.3,5.700,119,97,91
2026-07-25T15:39:10Z,35.1814179,-106.6485070,1516.8,72608.1,5.740,119,90,109
2026-07-25T15:39:11Z,35.1813660,-106.6485109,1517.0,72613.8,5.760,119,88,98
2026-07-25T15:39:12Z,35.1813140,-106.6485170,1517.0,72619.5,5.740,119,89,90
2026-07-25T15:39:13Z,35.1812720,-106.6485220,1517.0,72625.4,5.780,119,90,89
2026-07-25T15:39:14Z,35.1812199,-106.6485289,1517.0,72631.4,5.820,119,90,95
2026-07-25T15:39:15Z,35.1811560,-106.6485360,1517.0,72637.3,5.840,119,90,91
2026-07-25T15:39:16Z,35.1811039,-106.6485419,1517.0,72643.3,5.900,119,90,90
2026-07-25T15:39:17Z,35.1810520,-106.6485470,1517.0,72649.2,5.940,119,90,89
2026-07-25T15:39:18Z,35.1810130,-106.6485520,1517.0,72655.0,5.920,118,90,92
2026-07-25T15:39:19Z,35.1809510,-106.6485579,1516.8,72660.7,5.860,118,89,88
2026-07-25T15:39:20Z,35.1808990,-106.6485640,1516.8,72666.5,5.840,119,89,86
2026-07-25T15:39:21Z,35.1808480,-106.6485689,1516.8,72672.4,5.820,118,89,86
2026-07-25T15:39:22Z,35.1808080,-106.6485709,1516.8,72678.0,5.760,118,89,102
2026-07-25T15:39:23Z,35.1807559,-106.6485739,1516.8,72683.8,5.760,118,89,95
2026-07-25T15:39:24Z,35.1806920,-106.6485790,1516.8,72689.6,5.780,118,89,89
2026-07-25T15:39:25Z,35.1806390,-106.6485849,1516.6,72695.5,5.800,118,90,81
2026-07-25T15:39:26Z,35.1805869,-106.6485900,1516.6,72701.4,5.800,118,90,89
2026-07-25T15:39:27Z,35.1805439,-106.6485950,1516.6,72707.3,5.860,117,90,81
2026-07-25T15:39:28Z,35.1804800,-106.6486030,1516.6,72713.1,5.860,117,89,78
2026-07-25T15:39:29Z,35.1804289,-106.6486080,1516.6,72718.9,5.860,117,89,81
2026-07-25T15:39:30Z,35.1803770,-106.6486139,1516.6,72724.7,5.840,117,89,79
2026-07-25T15:39:31Z,35.1803360,-106.6486190,1516.6,72730.5,5.820,117,89,76
2026-07-25T15:39:32Z,35.1802839,-106.6486259,1516.6,72736.4,5.820,117,89,82
2026-07-25T15:39:33Z,35.1802220,-106.6486340,1516.8,72742.3,5.840,116,89,75
2026-07-25T15:39:34Z,35.1801699,-106.6486409,1516.8,72748.2,5.860,117,89,75
2026-07-25T15:39:35Z,35.1801180,-106.6486480,1516.8,72754.1,5.880,117,89,82
2026-07-25T15:39:36Z,35.1800650,-106.6486520,1516.8,72760.0,5.900,116,89,88
2026-07-25T15:39:37Z,35.1800119,-106.6486549,1516.8,72765.8,5.880,116,89,89
2026-07-25T15:39:38Z,35.1799590,-106.6486589,1516.8,72771.7,5.880,116,89,84
2026-07-25T15:39:39Z,35.1799060,-106.6486640,1516.8,72777.7,5.900,116,90,77
2026-07-25T15:39:40Z,35.1798639,-106.6486689,1516.8,72783.6,5.900,116,90,83
2026-07-25T15:39:41Z,35.1798109,-106.6486760,1516.8,72789.3,5.860,116,89,80
2026-07-25T15:39:42Z,35.1797480,-106.6486820,1516.8,72795.4,5.920,115,89,83
2026-07-25T15:39:43Z,35.1796959,-106.6486869,1516.8,72801.1,5.880,116,89,83
2026-07-25T15:39:44Z,35.1796450,-106.6486930,1516.6,72807.0,5.860,116,89,87
2026-07-25T15:39:45Z,35.1796020,-106.6486970,1516.6,72812.8,5.840,115,90,110
2026-07-25T15:39:46Z,35.1795489,-106.6487029,1516.6,72818.8,5.900,116,90,104
2026-07-25T15:39:47Z,35.1794850,-106.6487120,1516.6,72824.7,5.860,115,90,80
2026-07-25T15:39:48Z,35.1794310,-106.6487180,1516.4,72830.7,5.920,115,90,88
2026-07-25T15:39:49Z,35.1793769,-106.6487230,1516.6,72836.6,5.920,115,90,79
2026-07-25T15:39:50Z,35.1793219,-106.6487279,1516.6,72842.6,5.960,114,90,82
2026-07-25T15:39:51Z,35.1792779,-106.6487309,1516.6,72848.5,5.940,114,90,82
2026-07-25T15:39:52Z,35.1792120,-106.6487340,1516.6,72854.3,5.920,114,89,82
2026-07-25T15:39:53Z,35.1791580,-106.6487390,1516.6,72860.1,5.880,114,89,81
2026-07-25T15:39:54Z,35.1791039,-106.6487459,1516.6,72866.1,5.900,114,90,98
2026-07-25T15:39:55Z,35.1790500,-106.6487510,1516.6,72872.1,5.900,114,90,91
2026-07-25T15:39:56Z,35.1789970,-106.6487530,1516.6,72878.0,5.900,114,91,85
2026-07-25T15:39:57Z,35.1789430,-106.6487550,1516.6,72884.0,5.940,113,91,92
2026-07-25T15:39:58Z,35.1788899,-106.6487599,1516.6,72890.0,5.980,113,91,92
2026-07-25T15:39:59Z,35.1788469,-106.6487650,1516.6,72896.0,5.980,113,91,98
2026-07-25T15:40:00Z,35.1787930,-106.6487729,1516.6,72902.1,6.000,113,92,98
2026-07-25T15:40:01Z,35.1787289,-106.6487830,1516.6,72908.1,6.020,114,92,101
2026-07-25T15:40:02Z,35.1786739,-106.6487889,1516.6,72914.2,6.040,114,92,101
2026-07-25T15:40:03Z,35.1786279,-106.6487920,1516.6,72920.3,6.060,114,92,89
2026-07-25T15:40:04Z,35.1785729,-106.6487960,1516.6,72926.3,6.060,114,92,86
2026-07-25T15:40:05Z,35.1785190,-106.6487989,1516.6,72932.3,6.040,114,92,95
2026-07-25T15:40:06Z,35.1784520,-106.6488029,1516.8,72938.4,6.060,114,89,120
2026-07-25T15:40:07Z,35.1783960,-106.6488100,1516.8,72944.6,6.080,114,87,138
2026-07-25T15:40:08Z,35.1783390,-106.6488149,1516.8,72950.9,6.120,114,88,130
2026-07-25T15:40:09Z,35.1782940,-106.6488210,1516.8,72957.5,6.240,114,84,152
2026-07-25T15:40:10Z,35.1782249,-106.6488319,1516.6,72963.9,6.320,114,84,197
2026-07-25T15:40:11Z,35.1781660,-106.6488410,1516.6,72970.4,6.400,114,84,168
2026-07-25T15:40:12Z,35.1781050,-106.6488490,1516.6,72977.1,6.500,116,85,168
2026-07-25T15:40:13Z,35.1780440,-106.6488599,1516.6,72983.8,6.580,116,87,165
2026-07-25T15:40:14Z,35.1779949,-106.6488709,1516.6,72990.5,6.600,116,88,144
2026-07-25T15:40:15Z,35.1779239,-106.6488879,1516.6,72997.5,6.720,116,88,138
2026-07-25T15:40:16Z,35.1778630,-106.6489039,1516.6,73004.3,6.780,116,89,131
2026-07-25T15:40:17Z,35.1778140,-106.6489200,1516.6,73011.3,6.840,117,89,132
2026-07-25T15:40:18Z,35.1777539,-106.6489400,1516.4,73018.3,6.900,117,89,129
2026-07-25T15:40:19Z,35.1776819,-106.6489640,1516.4,73025.3,6.960,117,89,129
2026-07-25T15:40:20Z,35.1776239,-106.6489869,1516.4,73032.0,6.900,117,90,124
2026-07-25T15:40:21Z,35.1775639,-106.6490110,1516.4,73039.0,6.940,117,90,130
2026-07-25T15:40:22Z,35.1775160,-106.6490319,1516.4,73046.2,6.980,117,91,125
2026-07-25T15:40:23Z,35.1774560,-106.6490579,1516.4,73053.4,7.020,117,92,126
2026-07-25T15:40:24Z,35.1773840,-106.6490920,1516.4,73060.5,7.040,118,92,128
2026-07-25T15:40:25Z,35.1773250,-106.6491220,1516.4,73067.7,7.140,117,92,127
2026-07-25T15:40:26Z,35.1772659,-106.6491520,1516.4,73074.8,7.160,118,93,124
2026-07-25T15:40:27Z,35.1772189,-106.6491800,1516.4,73082.1,7.180,118,93,127
2026-07-25T15:40:28Z,35.1771600,-106.6492150,1516.4,73089.4,7.200,118,93,111
2026-07-25T15:40:29Z,35.1770909,-106.6492580,1516.4,73096.5,7.200,118,93,122
2026-07-25T15:40:30Z,35.1770329,-106.6492950,1516.4,73103.7,7.200,118,93,108
2026-07-25T15:40:31Z,35.1769739,-106.6493319,1516.4,73111.1,7.260,119,94,126
2026-07-25T15:40:32Z,35.1769169,-106.6493710,1516.4,73118.5,7.280,119,94,114
2026-07-25T15:40:33Z,35.1768700,-106.6494020,1516.4,73125.7,7.260,119,94,123
2026-07-25T15:40:34Z,35.1768009,-106.6494489,1516.4,73133.0,7.300,118,94,121
2026-07-25T15:40:35Z,35.1767430,-106.6494860,1516.4,73140.3,7.320,118,95,113
2026-07-25T15:40:36Z,35.1766960,-106.6495160,1516.4,73147.6,7.300,119,95,113
2026-07-25T15:40:37Z,35.1766380,-106.6495560,1516.4,73154.9,7.280,118,94,113
2026-07-25T15:40:38Z,35.1765690,-106.6496030,1516.4,73162.1,7.280,119,94,122
2026-07-25T15:40:39Z,35.1765120,-106.6496410,1516.4,73169.4,7.280,119,93,122
2026-07-25T15:40:40Z,35.1764550,-106.6496799,1516.2,73176.7,7.280,118,94,122
2026-07-25T15:40:41Z,35.1764080,-106.6497099,1516.4,73183.9,7.260,118,94,119
2026-07-25T15:40:42Z,35.1763510,-106.6497470,1516.4,73191.1,7.240,119,93,118
2026-07-25T15:40:43Z,35.1762820,-106.6497909,1516.4,73198.1,7.200,119,93,126
2026-07-25T15:40:44Z,35.1762250,-106.6498270,1516.4,73205.5,7.220,119,93,124
2026-07-25T15:40:45Z,35.1761670,-106.6498649,1516.4,73212.7,7.200,119,93,132
2026-07-25T15:40:46Z,35.1761210,-106.6498949,1516.4,73220.1,7.240,119,94,132
2026-07-25T15:40:47Z,35.1760510,-106.6499410,1516.4,73227.6,7.300,119,95,148
2026-07-25T15:40:48Z,35.1759920,-106.6499789,1516.4,73235.0,7.380,119,95,121
2026-07-25T15:40:49Z,35.1759340,-106.6500190,1516.4,73242.3,7.360,119,95,114
2026-07-25T15:40:50Z,35.1758750,-106.6500570,1516.4,73249.8,7.420,119,95,106
2026-07-25T15:40:51Z,35.1758279,-106.6500860,1516.4,73257.4,7.460,119,95,106
2026-07-25T15:40:52Z,35.1757580,-106.6501320,1516.6,73264.7,7.420,119,95,115
2026-07-25T15:40:53Z,35.1757010,-106.6501720,1516.6,73272.0,7.400,119,95,117
2026-07-25T15:40:54Z,35.1756430,-106.6502109,1516.6,73279.4,7.420,119,95,120
2026-07-25T15:40:55Z,35.1755959,-106.6502430,1516.6,73286.7,7.380,119,95,110
2026-07-25T15:40:56Z,35.1755379,-106.6502819,1516.6,73294.1,7.340,119,95,124
2026-07-25T15:40:57Z,35.1754669,-106.6503259,1516.6,73301.4,7.340,119,94,96
2026-07-25T15:40:58Z,35.1754089,-106.6503640,1516.4,73308.6,7.320,119,94,108
2026-07-25T15:40:59Z,35.1753639,-106.6503940,1516.4,73315.8,7.280,119,93,120
2026-07-25T15:41:00Z,35.1753079,-106.6504310,1516.4,73322.9,7.240,119,93,127
2026-07-25T15:41:01Z,35.1752400,-106.6504770,1516.4,73330.2,7.220,119,93,114
2026-07-25T15:41:02Z,35.1751830,-106.6505149,1516.4,73337.4,7.200,119,92,123
2026-07-25T15:41:03Z,35.1751250,-106.6505510,1516.4,73344.5,7.180,118,92,128
2026-07-25T15:41:04Z,35.1750799,-106.6505810,1516.2,73352.0,7.240,118,93,155
2026-07-25T15:41:05Z,35.1750229,-106.6506200,1516.2,73359.3,7.280,118,94,135
2026-07-25T15:41:06Z,35.1749550,-106.6506650,1516.2,73366.5,7.260,118,94,125
2026-07-25T15:41:07Z,35.1748970,-106.6507019,1516.2,73373.8,7.280,118,94,123
2026-07-25T15:41:08Z,35.1748400,-106.6507409,1516.2,73381.0,7.300,118,94,118
2026-07-25T15:41:09Z,35.1747940,-106.6507719,1516.2,73388.1,7.220,119,94,118
2026-07-25T15:41:10Z,35.1747380,-106.6508110,1516.2,73395.4,7.220,119,94,130
2026-07-25T15:41:11Z,35.1746700,-106.6508589,1516.2,73402.7,7.240,119,93,126
2026-07-25T15:41:12Z,35.1746140,-106.6508950,1516.4,73409.9,7.220,119,93,110
2026-07-25T15:41:13Z,35.1745680,-106.6509240,1516.4,73417.1,7.220,118,93,122
2026-07-25T15:41:14Z,35.1745100,-106.6509599,1516.4,73424.4,7.260,119,93,133
2026-07-25T15:41:15Z,35.1744429,-106.6510050,1516.4,73431.7,7.260,119,93,124
2026-07-25T15:41:16Z,35.1743859,-106.6510439,1516.4,73438.9,7.240,118,93,111
2026-07-25T15:41:17Z,35.1743289,-106.6510810,1516.4,73446.2,7.260,119,93,118
2026-07-25T15:41:18Z,35.1742820,-106.6511120,1516.4,73453.5,7.280,118,94,135
2026-07-25T15:41:19Z,35.1742240,-106.6511500,1516.4,73460.7,7.260,118,94,131
2026-07-25T15:41:20Z,35.1741530,-106.6511920,1516.4,73468.0,7.260,118,95,159
2026-07-25T15:41:21Z,35.1740940,-106.6512270,1516.4,73475.5,7.320,118,95,164
2026-07-25T15:41:22Z,35.1740340,-106.6512629,1516.6,73482.9,7.340,118,96,132
2026-07-25T15:41:23Z,35.1739869,-106.6512950,1516.6,73490.3,7.360,118,96,130
2026-07-25T15:41:24Z,35.1739160,-106.6513420,1516.6,73497.6,7.380,119,96,138
2026-07-25T15:41:25Z,35.1738569,-106.6513800,1516.6,73505.1,7.420,120,96,127
2026-07-25T15:41:26Z,35.1738010,-106.6514189,1516.6,73512.6,7.420,120,96,128
2026-07-25T15:41:27Z,35.1737569,-106.6514520,1516.6,73520.0,7.420,120,96,128
2026-07-25T15:41:28Z,35.1736979,-106.6514929,1516.6,73527.4,7.420,120,96,128
2026-07-25T15:41:29Z,35.1736269,-106.6515390,1516.4,73534.7,7.420,121,96,116
2026-07-25T15:41:30Z,35.1735669,-106.6515759,1516.4,73542.1,7.400,121,96,114
2026-07-25T15:41:31Z,35.1735070,-106.6516110,1516.4,73549.7,7.420,121,96,133
2026-07-25T15:41:32Z,35.1734590,-106.6516400,1516.4,73557.1,7.420,123,96,144
2026-07-25T15:41:33Z,35.1734020,-106.6516820,1516.4,73564.5,7.420,124,96,146
2026-07-25T15:41:34Z,35.1733320,-106.6517300,1516.4,73572.0,7.460,124,96,115
2026-07-25T15:41:35Z,35.1732730,-106.6517680,1516.2,73579.5,7.480,124,96,113
2026-07-25T15:41:36Z,35.1732160,-106.6518059,1516.2,73586.9,7.440,125,96,117
2026-07-25T15:41:37Z,35.1731710,-106.6518359,1516.2,73594.3,7.440,125,96,113
2026-07-25T15:41:38Z,35.1731010,-106.6518809,1516.2,73601.8,7.460,125,96,118
2026-07-25T15:41:39Z,35.1730410,-106.6519180,1516.2,73609.1,7.420,125,95,114
2026-07-25T15:41:40Z,35.1729830,-106.6519570,1516.2,73616.4,7.380,124,95,109
2026-07-25T15:41:41Z,35.1729359,-106.6519880,1516.2,73623.8,7.380,125,95,105
2026-07-25T15:41:42Z,35.1728779,-106.6520270,1516.2,73631.1,7.360,125,95,107
2026-07-25T15:41:43Z,35.1728090,-106.6520730,1516.2,73638.4,7.320,125,94,106
2026-07-25T15:41:44Z,35.1727509,-106.6521099,1516.2,73645.6,7.300,124,94,107
2026-07-25T15:41:45Z,35.1727039,-106.6521410,1516.2,73653.0,7.320,124,95,100
2026-07-25T15:41:46Z,35.1726459,-106.6521799,1516.2,73660.3,7.300,123,94,90
2026-07-25T15:41:47Z,35.1725759,-106.6522259,1516.2,73667.5,7.280,124,95,106
2026-07-25T15:41:48Z,35.1725169,-106.6522640,1516.2,73674.7,7.260,123,95,109
2026-07-25T15:41:49Z,35.1724589,-106.6523020,1516.2,73682.1,7.300,122,95,117
2026-07-25T15:41:50Z,35.1724120,-106.6523330,1516.2,73689.5,7.300,122,95,113
2026-07-25T15:41:51Z,35.1723550,-106.6523730,1516.2,73696.9,7.320,121,95,111
2026-07-25T15:41:52Z,35.1722850,-106.6524200,1516.2,73704.4,7.380,121,95,114
2026-07-25T15:41:53Z,35.1722270,-106.6524580,1516.0,73711.7,7.400,121,95,105
2026-07-25T15:41:54Z,35.1721699,-106.6524969,1516.0,73719.1,7.400,121,95,100
2026-07-25T15:41:55Z,35.1721220,-106.6525290,1516.0,73726.5,7.400,121,95,106
2026-07-25T15:41:56Z,35.1720660,-106.6525689,1516.0,73734.0,7.420,121,96,102
2026-07-25T15:41:57Z,35.1719960,-106.6526170,1516.0,73741.4,7.400,120,96,100
2026-07-25T15:41:58Z,35.1719380,-106.6526559,1516.0,73748.8,7.420,120,96,105
2026-07-25T15:41:59Z,35.1718800,-106.6526950,1516.0,73756.3,7.440,124,96,107
2026-07-25T15:42:00Z,35.1718340,-106.6527269,1516.0,73763.6,7.420,124,96,107
2026-07-25T15:42:01Z,35.1717760,-106.6527679,1516.2,73770.8,7.360,124,95,102
2026-07-25T15:42:02Z,35.1717060,-106.6528149,1516.2,73778.0,7.320,123,94,97
2026-07-25T15:42:03Z,35.1716480,-106.6528530,1516.4,73785.3,7.300,120,94,101
2026-07-25T15:42:04Z,35.1715900,-106.6528910,1516.4,73792.5,7.240,120,94,109
2026-07-25T15:42:05Z,35.1715440,-106.6529220,1516.4,73799.8,7.240,120,94,109
2026-07-25T15:42:06Z,35.1714870,-106.6529610,1516.4,73807.2,7.280,119,93,110
2026-07-25T15:42:07Z,35.1714190,-106.6530080,1516.4,73814.4,7.280,120,94,115
2026-07-25T15:42:08Z,35.1713620,-106.6530470,1516.4,73821.6,7.260,119,94,121
2026-07-25T15:42:09Z,35.1713160,-106.6530770,1516.4,73828.8,7.260,119,93,131
2026-07-25T15:42:10Z,35.1712580,-106.6531149,1516.2,73835.9,7.220,119,93,135
2026-07-25T15:42:11Z,35.1711910,-106.6531609,1516.2,73843.1,7.180,118,93,131
2026-07-25T15:42:12Z,35.1711340,-106.6531980,1516.2,73850.3,7.180,118,93,127
2026-07-25T15:42:13Z,35.1710760,-106.6532370,1516.2,73857.5,7.180,118,93,128
2026-07-25T15:42:14Z,35.1710310,-106.6532690,1516.2,73864.6,7.160,119,93,128
2026-07-25T15:42:15Z,35.1709730,-106.6533060,1516.2,73871.9,7.200,119,93,123
2026-07-25T15:42:16Z,35.1709049,-106.6533510,1516.0,73879.2,7.220,118,93,124
2026-07-25T15:42:17Z,35.1708489,-106.6533909,1516.0,73886.4,7.220,119,93,118
2026-07-25T15:42:18Z,35.1707919,-106.6534290,1516.0,73893.5,7.200,119,93,117
2026-07-25T15:42:19Z,35.1707460,-106.6534599,1516.0,73900.7,7.220,118,93,115
2026-07-25T15:42:20Z,35.1706880,-106.6534960,1515.8,73907.9,7.200,119,93,119
2026-07-25T15:42:21Z,35.1706209,-106.6535410,1515.8,73915.1,7.180,119,93,112
2026-07-25T15:42:22Z,35.1705649,-106.6535769,1515.8,73922.3,7.180,118,92,117
2026-07-25T15:42:23Z,35.1705199,-106.6536080,1515.8,73929.5,7.200,119,92,136
2026-07-25T15:42:24Z,35.1704639,-106.6536449,1515.8,73936.6,7.180,118,92,131
2026-07-25T15:42:25Z,35.1703970,-106.6536879,1515.8,73943.8,7.180,118,92,129
2026-07-25T15:42:26Z,35.1703410,-106.6537240,1515.8,73950.8,7.140,118,92,129
2026-07-25T15:42:27Z,35.1702869,-106.6537629,1515.8,73957.8,7.100,118,91,120
2026-07-25T15:42:28Z,35.1702410,-106.6537929,1515.6,73965.1,7.120,118,91,119
2026-07-25T15:42:29Z,35.1701859,-106.6538310,1515.6,73972.2,7.120,118,91,119
2026-07-25T15:42:30Z,35.1701200,-106.6538769,1515.8,73979.2,7.080,118,92,119
2026-07-25T15:42:31Z,35.1700640,-106.6539150,1515.8,73986.4,7.120,118,91,130
2026-07-25T15:42:32Z,35.1700179,-106.6539440,1515.8,73993.5,7.140,118,92,134
2026-07-25T15:42:33Z,35.1699609,-106.6539809,1515.8,74000.7,7.120,118,92,133
2026-07-25T15:42:34Z,35.1698920,-106.6540239,1515.8,74007.8,7.120,118,92,134
2026-07-25T15:42:35Z,35.1698350,-106.6540610,1516.0,74015.0,7.160,118,92,134
2026-07-25T15:42:36Z,35.1697790,-106.6540990,1515.8,74022.1,7.140,117,92,134
2026-07-25T15:42:37Z,35.1697220,-106.6541379,1515.8,74029.4,7.180,117,93,132
2026-07-25T15:42:38Z,35.1696750,-106.6541690,1515.6,74036.6,7.180,118,93,130
2026-07-25T15:42:39Z,35.1696070,-106.6542120,1515.6,74043.7,7.180,118,93,117
2026-07-25T15:42:40Z,35.1695490,-106.6542499,1515.6,74050.9,7.180,118,93,110
2026-07-25T15:42:41Z,35.1694930,-106.6542860,1515.6,74057.9,7.160,119,93,124
2026-07-25T15:42:42Z,35.1694490,-106.6543140,1515.6,74065.1,7.140,118,92,124
2026-07-25T15:42:43Z,35.1693809,-106.6543580,1515.6,74072.2,7.120,119,92,114
2026-07-25T15:42:44Z,35.1693259,-106.6544000,1515.6,74079.3,7.120,119,92,114
2026-07-25T15:42:45Z,35.1692720,-106.6544430,1515.8,74086.4,7.100,118,92,131
2026-07-25T15:42:46Z,35.1692269,-106.6544740,1515.8,74093.7,7.160,119,92,122
2026-07-25T15:42:47Z,35.1691710,-106.6545129,1515.8,74100.9,7.160,118,92,133
2026-07-25T15:42:48Z,35.1691050,-106.6545630,1515.8,74108.1,7.180,119,92,122
2026-07-25T15:42:49Z,35.1690490,-106.6546030,1515.6,74115.2,7.180,119,92,109
2026-07-25T15:42:50Z,35.1689959,-106.6546450,1515.6,74122.3,7.180,119,92,116
2026-07-25T15:42:51Z,35.1689430,-106.6546890,1515.8,74129.5,7.160,120,92,117
2026-07-25T15:42:52Z,35.1689030,-106.6547269,1515.8,74136.7,7.160,119,92,117
2026-07-25T15:42:53Z,35.1688420,-106.6547849,1515.6,74143.8,7.140,120,92,127
2026-07-25T15:42:54Z,35.1687909,-106.6548350,1515.6,74151.2,7.200,120,93,139
2026-07-25T15:42:55Z,35.1687390,-106.6548849,1515.6,74158.5,7.240,120,94,125
2026-07-25T15:42:56Z,35.1687000,-106.6549269,1515.6,74165.8,7.260,120,93,128
2026-07-25T15:42:57Z,35.1686440,-106.6549930,1515.6,74173.1,7.280,120,93,129
2026-07-25T15:42:58Z,35.1685980,-106.6550490,1515.6,74180.4,7.320,120,93,125
2026-07-25T15:42:59Z,35.1685509,-106.6551040,1515.6,74187.7,7.300,120,94,107
2026-07-25T15:43:00Z,35.1685020,-106.6551589,1515.6,74195.1,7.320,120,95,110
2026-07-25T15:43:01Z,35.1684649,-106.6552070,1515.6,74202.6,7.360,121,95,99
2026-07-25T15:43:02Z,35.1684110,-106.6552780,1515.6,74210.1,7.400,120,95,126
2026-07-25T15:43:03Z,35.1683660,-106.6553400,1515.6,74217.7,7.460,120,88,126
2026-07-25T15:43:04Z,35.1683230,-106.6554019,1515.6,74225.3,7.520,120,89,122
2026-07-25T15:43:05Z,35.1682889,-106.6554540,1515.6,74232.7,7.520,121,89,108
2026-07-25T15:43:06Z,35.1682360,-106.6555309,1515.8,74240.3,7.540,121,89,105
2026-07-25T15:43:07Z,35.1681940,-106.6555970,1515.8,74248.2,7.620,120,90,109
2026-07-25T15:43:08Z,35.1681530,-106.6556629,1515.8,74255.9,7.640,121,90,103
2026-07-25T15:43:09Z,35.1681120,-106.6557300,1515.8,74263.6,7.660,121,90,104
2026-07-25T15:43:10Z,35.1680710,-106.6557960,1515.8,74271.5,7.760,120,91,101
2026-07-25T15:43:11Z,35.1680299,-106.6558649,1515.8,74279.3,7.800,120,91,110
2026-07-25T15:43:12Z,35.1679910,-106.6559359,1515.8,74287.2,7.800,119,92,124
2026-07-25T15:43:13Z,35.1679530,-106.6560079,1515.8,74295.1,7.840,120,92,110
2026-07-25T15:43:14Z,35.1679210,-106.6560649,1515.8,74303.0,7.880,119,92,101
2026-07-25T15:43:15Z,35.1678800,-106.6561349,1515.6,74310.9,7.880,119,92,100
2026-07-25T15:43:16Z,35.1678309,-106.6562199,1515.6,74318.6,7.860,119,92,101
2026-07-25T15:43:17Z,35.1677910,-106.6562890,1515.6,74326.4,7.840,119,92,100
2026-07-25T15:43:18Z,35.1677500,-106.6563580,1515.6,74334.1,7.800,119,92,98
2026-07-25T15:43:19Z,35.1677169,-106.6564140,1515.4,74342.1,7.820,119,92,101
2026-07-25T15:43:20Z,35.1676760,-106.6564829,1515.4,74349.7,7.760,119,91,104
2026-07-25T15:43:21Z,35.1676289,-106.6565669,1515.4,74357.4,7.760,119,91,101
2026-07-25T15:43:22Z,35.1675890,-106.6566350,1515.4,74365.4,7.800,119,91,108
2026-07-25T15:43:23Z,35.1675510,-106.6567060,1515.4,74373.3,7.840,119,91,103
2026-07-25T15:43:24Z,35.1675119,-106.6567770,1515.2,74381.1,7.800,119,92,102
2026-07-25T15:43:25Z,35.1674729,-106.6568460,1515.2,74388.8,7.820,119,91,100
2026-07-25T15:43:26Z,35.1674330,-106.6569160,1515.2,74396.8,7.880,119,92,111
2026-07-25T15:43:27Z,35.1673930,-106.6569859,1515.2,74404.6,7.840,119,92,107
2026-07-25T15:43:28Z,35.1673590,-106.6570419,1515.2,74412.4,7.820,119,92,107
2026-07-25T15:43:29Z,35.1673090,-106.6571259,1515.2,74420.2,7.820,119,93,101
2026-07-25T15:43:30Z,35.1672679,-106.6571960,1515.2,74428.0,7.840,119,93,109
2026-07-25T15:43:31Z,35.1672269,-106.6572660,1515.2,74435.8,7.800,118,92,109
2026-07-25T15:43:32Z,35.1671870,-106.6573350,1515.2,74443.7,7.820,119,91,104
2026-07-25T15:43:33Z,35.1671549,-106.6573900,1515.2,74451.4,7.800,118,91,111
2026-07-25T15:43:34Z,35.1671050,-106.6574719,1515.2,74459.2,7.800,119,91,117
2026-07-25T15:43:35Z,35.1670630,-106.6575400,1515.2,74467.0,7.800,119,91,116
2026-07-25T15:43:36Z,35.1670200,-106.6576080,1515.4,74474.7,7.780,118,92,108
2026-07-25T15:43:37Z,35.1669839,-106.6576609,1515.4,74482.5,7.760,119,91,99
2026-07-25T15:43:38Z,35.1669399,-106.6577260,1515.4,74490.1,7.740,119,91,99
2026-07-25T15:43:39Z,35.1668850,-106.6578029,1515.4,74497.8,7.720,119,90,97
2026-07-25T15:43:40Z,35.1668399,-106.6578660,1515.0,74505.3,7.660,119,89,102
2026-07-25T15:43:41Z,35.1667919,-106.6579240,1515.2,74513.0,7.660,119,89,124
2026-07-25T15:43:42Z,35.1667410,-106.6579779,1515.2,74520.6,7.620,119,89,124
2026-07-25T15:43:43Z,35.1666939,-106.6580329,1515.2,74528.0,7.580,119,88,126
2026-07-25T15:43:44Z,35.1666440,-106.6580880,1515.2,74535.6,7.560,119,88,85
2026-07-25T15:43:45Z,35.1665949,-106.6581410,1515.2,74543.0,7.540,118,88,143
2026-07-25T15:43:46Z,35.1665540,-106.6581789,1515.0,74550.4,7.480,119,88,170
2026-07-25T15:43:47Z,35.1664899,-106.6582359,1515.0,74557.7,7.420,119,88,141
2026-07-25T15:43:48Z,35.1664339,-106.6582820,1515.0,74565.1,7.420,119,88,111
2026-07-25T15:43:49Z,35.1663779,-106.6583250,1515.0,74572.3,7.340,120,87,111
2026-07-25T15:43:50Z,35.1663230,-106.6583700,1515.0,74579.9,7.380,120,87,117
2026-07-25T15:43:51Z,35.1662789,-106.6584040,1515.0,74587.3,7.380,120,87,117
2026-07-25T15:43:52Z,35.1662100,-106.6584499,1515.0,74594.6,7.380,120,87,139
2026-07-25T15:43:53Z,35.1661520,-106.6584870,1515.0,74602.1,7.400,120,86,133
2026-07-25T15:43:54Z,35.1660950,-106.6585229,1514.8,74609.4,7.420,120,86,146
2026-07-25T15:43:55Z,35.1660400,-106.6585600,1514.8,74617.0,7.420,120,86,135
2026-07-25T15:43:56Z,35.1659930,-106.6585880,1514.8,74624.4,7.420,119,86,131
2026-07-25T15:43:57Z,35.1659220,-106.6586300,1514.8,74631.8,7.440,119,87,129
2026-07-25T15:43:58Z,35.1658630,-106.6586649,1514.8,74639.2,7.420,119,86,131
2026-07-25T15:43:59Z,35.1658050,-106.6586979,1514.8,74646.6,7.440,119,86,125
2026-07-25T15:44:00Z,35.1657579,-106.6587259,1514.8,74653.9,7.380,119,86,129
2026-07-25T15:44:01Z,35.1656999,-106.6587600,1514.8,74661.4,7.400,119,87,126
2026-07-25T15:44:02Z,35.1656289,-106.6588000,1514.8,74668.9,7.420,119,87,131
2026-07-25T15:44:03Z,35.1655690,-106.6588340,1514.8,74676.4,7.440,119,87,130
2026-07-25T15:44:04Z,35.1655080,-106.6588689,1514.8,74684.0,7.480,119,87,139
2026-07-25T15:44:05Z,35.1654589,-106.6588939,1514.8,74691.4,7.500,119,87,136
2026-07-25T15:44:06Z,35.1653869,-106.6589300,1514.8,74698.7,7.460,119,87,144
2026-07-25T15:44:07Z,35.1653249,-106.6589580,1514.8,74706.0,7.420,119,87,138
2026-07-25T15:44:08Z,35.1652640,-106.6589880,1514.8,74713.3,7.380,120,87,161
2026-07-25T15:44:09Z,35.1652030,-106.6590230,1514.8,74720.9,7.380,119,88,174
2026-07-25T15:44:10Z,35.1651559,-106.6590529,1514.8,74728.5,7.420,120,88,182
2026-07-25T15:44:11Z,35.1650969,-106.6590930,1514.8,74736.0,7.460,120,88,165
2026-07-25T15:44:12Z,35.1650249,-106.6591399,1514.8,74743.5,7.500,120,89,164
2026-07-25T15:44:13Z,35.1649630,-106.6591750,1514.8,74751.1,7.560,121,89,164
2026-07-25T15:44:14Z,35.1649020,-106.6592090,1514.8,74758.7,7.560,121,89,147
2026-07-25T15:44:15Z,35.1648399,-106.6592419,1514.8,74766.2,7.540,121,89,158
2026-07-25T15:44:16Z,35.1647770,-106.6592719,1514.8,74773.9,7.580,121,89,151
2026-07-25T15:44:17Z,35.1647120,-106.6593019,1514.8,74781.5,7.600,122,90,133
2026-07-25T15:44:18Z,35.1646489,-106.6593340,1514.8,74789.2,7.620,123,90,127
2026-07-25T15:44:19Z,35.1645970,-106.6593610,1515.0,74796.9,7.640,123,91,141
2026-07-25T15:44:20Z,35.1645330,-106.6593950,1515.0,74804.8,7.720,123,91,163
2026-07-25T15:44:21Z,35.1644580,-106.6594409,1515.0,74812.6,7.740,123,92,151
2026-07-25T15:44:22Z,35.1643970,-106.6594839,1515.0,74820.5,7.800,123,92,138
2026-07-25T15:44:23Z,35.1643369,-106.6595260,1515.0,74828.3,7.820,123,91,132
2026-07-25T15:44:24Z,35.1642870,-106.6595589,1515.0,74835.9,7.800,124,91,134
2026-07-25T15:44:25Z,35.1642120,-106.6596070,1515.0,74844.0,7.840,124,91,130
2026-07-25T15:44:26Z,35.1641499,-106.6596490,1515.0,74851.7,7.820,123,91,135
2026-07-25T15:44:27Z,35.1640899,-106.6596920,1515.0,74859.5,7.800,123,91,127
2026-07-25T15:44:28Z,35.1640290,-106.6597350,1515.0,74867.2,7.780,124,91,127
2026-07-25T15:44:29Z,35.1639790,-106.6597690,1515.0,74875.0,7.820,124,92,127
2026-07-25T15:44:30Z,35.1639090,-106.6598220,1515.0,74882.7,7.740,124,92,126
2026-07-25T15:44:31Z,35.1638500,-106.6598690,1515.0,74890.6,7.780,124,91,123
2026-07-25T15:44:32Z,35.1637930,-106.6599189,1515.0,74898.2,7.740,124,90,128
2026-07-25T15:44:33Z,35.1637380,-106.6599700,1515.0,74905.9,7.740,123,90,124
2026-07-25T15:44:34Z,35.1636840,-106.6600230,1515.0,74913.6,7.720,124,90,124
2026-07-25T15:44:35Z,35.1636289,-106.6600759,1514.8,74921.3,7.720,124,91,134
2026-07-25T15:44:36Z,35.1635760,-106.6601290,1514.8,74928.9,7.660,124,91,114
2026-07-25T15:44:37Z,35.1635350,-106.6601749,1514.8,74936.6,7.680,124,91,119
2026-07-25T15:44:38Z,35.1634839,-106.6602319,1514.8,74944.3,7.680,123,91,124
2026-07-25T15:44:39Z,35.1634220,-106.6603010,1514.8,74951.9,7.660,123,91,115
2026-07-25T15:44:40Z,35.1633729,-106.6603609,1514.8,74959.6,7.660,123,90,122
2026-07-25T15:44:41Z,35.1633269,-106.6604219,1514.8,74967.3,7.680,124,90,119
2026-07-25T15:44:42Z,35.1632920,-106.6604710,1514.8,74974.8,7.640,123,90,132
2026-07-25T15:44:43Z,35.1632470,-106.6605339,1514.8,74982.4,7.620,123,90,127
2026-07-25T15:44:44Z,35.1631930,-106.6606089,1514.8,74990.0,7.620,123,89,127
2026-07-25T15:44:45Z,35.1631500,-106.6606720,1514.8,74997.5,7.580,123,89,121
2026-07-25T15:44:46Z,35.1631070,-106.6607369,1514.8,75005.1,7.560,123,88,113
2026-07-25T15:44:47Z,35.1630650,-106.6608010,1514.8,75012.6,7.560,122,88,136
2026-07-25T15:44:48Z,35.1630300,-106.6608519,1514.8,75020.0,7.520,123,88,132
2026-07-25T15:44:49Z,35.1629819,-106.6609310,1514.6,75027.6,7.520,122,88,130
2026-07-25T15:44:50Z,35.1629460,-106.6610010,1514.6,75035.1,7.520,122,88,124
2026-07-25T15:44:51Z,35.1629109,-106.6610730,1514.6,75042.6,7.500,122,89,174
2026-07-25T15:44:52Z,35.1628829,-106.6611290,1514.6,75050.4,7.560,122,89,174
2026-07-25T15:44:53Z,35.1628409,-106.6612149,1514.6,75057.9,7.580,122,89,153
2026-07-25T15:44:54Z,35.1628079,-106.6612870,1514.6,75065.4,7.560,122,89,132
2026-07-25T15:44:55Z,35.1627760,-106.6613610,1514.8,75072.9,7.560,122,88,134
2026-07-25T15:44:56Z,35.1627509,-106.6614210,1514.8,75080.5,7.580,121,89,122
2026-07-25T15:44:57Z,35.1627200,-106.6614950,1514.8,75087.9,7.500,122,88,126
2026-07-25T15:44:58Z,35.1626860,-106.6615839,1514.8,75095.5,7.520,121,88,132
2026-07-25T15:44:59Z,35.1626580,-106.6616589,1514.8,75103.0,7.520,121,88,130
2026-07-25T15:45:00Z,35.1626310,-106.6617340,1514.8,75110.3,7.480,122,88,128
2026-07-25T15:45:01Z,35.1626079,-106.6617930,1514.8,75117.8,7.460,121,88,128
2026-07-25T15:45:02Z,35.1625730,-106.6618810,1515.0,75125.2,7.460,122,87,143
2026-07-25T15:45:03Z,35.1625440,-106.6619540,1515.0,75132.4,7.380,121,87,135
2026-07-25T15:45:04Z,35.1625140,-106.6620250,1515.0,75140.1,7.420,122,87,144
2026-07-25T15:45:05Z,35.1624850,-106.6620960,1515.0,75147.5,7.440,121,87,142
2026-07-25T15:45:06Z,35.1624570,-106.6621660,1515.0,75154.9,7.420,121,87,145
2026-07-25T15:45:07Z,35.1624300,-106.6622390,1515.2,75162.4,7.440,121,87,132
2026-07-25T15:45:08Z,35.1624020,-106.6623130,1515.2,75169.9,7.500,120,87,140
2026-07-25T15:45:09Z,35.1623750,-106.6623870,1515.2,75177.5,7.480,121,88,137
2026-07-25T15:45:10Z,35.1623529,-106.6624460,1515.2,75185.2,7.540,120,89,138
2026-07-25T15:45:11Z,35.1623229,-106.6625209,1515.2,75192.8,7.580,120,89,141
2026-07-25T15:45:12Z,35.1622870,-106.6626099,1515.4,75200.2,7.560,121,90,133
2026-07-25T15:45:13Z,35.1622580,-106.6626860,1515.6,75207.9,7.600,121,90,129
2026-07-25T15:45:14Z,35.1622369,-106.6627460,1515.6,75215.5,7.600,121,90,130
2026-07-25T15:45:15Z,35.1622100,-106.6628229,1515.6,75223.2,7.600,121,90,124
2026-07-25T15:45:16Z,35.1621759,-106.6629150,1515.4,75230.9,7.620,122,90,120
2026-07-25T15:45:17Z,35.1621469,-106.6629910,1515.6,75238.5,7.660,122,90,130
2026-07-25T15:45:18Z,35.1621179,-106.6630679,1515.6,75246.3,7.680,122,90,124
2026-07-25T15:45:19Z,35.1620889,-106.6631450,1515.6,75254.0,7.700,123,90,126
2026-07-25T15:45:20Z,35.1620649,-106.6632060,1515.6,75261.6,7.680,122,90,130
2026-07-25T15:45:21Z,35.1620290,-106.6632969,1515.6,75269.4,7.700,123,90,122
2026-07-25T15:45:22Z,35.1620000,-106.6633719,1515.6,75277.0,7.700,123,90,121
2026-07-25T15:45:23Z,35.1619769,-106.6634340,1515.6,75284.6,7.660,123,90,129
2026-07-25T15:45:24Z,35.1619469,-106.6635090,1515.6,75292.2,7.640,123,90,127
2026-07-25T15:45:25Z,35.1619169,-106.6635839,1515.6,75299.7,7.620,122,90,128
2026-07-25T15:45:26Z,35.1618889,-106.6636600,1515.6,75307.4,7.600,123,90,125
2026-07-25T15:45:27Z,35.1618540,-106.6637520,1515.6,75314.9,7.580,123,90,126
2026-07-25T15:45:28Z,35.1618270,-106.6638279,1515.6,75322.6,7.600,123,89,134
2026-07-25T15:45:29Z,35.1618059,-106.6638900,1515.6,75330.1,7.580,123,89,132
2026-07-25T15:45:30Z,35.1617779,-106.6639650,1515.6,75337.6,7.580,123,90,129
2026-07-25T15:45:31Z,35.1617420,-106.6640550,1515.6,75345.4,7.600,123,90,120
2026-07-25T15:45:32Z,35.1617110,-106.6641299,1515.6,75353.0,7.620,123,90,127
2026-07-25T15:45:33Z,35.1616820,-106.6642059,1515.6,75360.5,7.580,124,90,122
2026-07-25T15:45:34Z,35.1616599,-106.6642670,1515.6,75368.3,7.640,123,90,131
2026-07-25T15:45:35Z,35.1616260,-106.6643589,1515.6,75375.9,7.660,124,90,129
2026-07-25T15:45:36Z,35.1615990,-106.6644349,1515.6,75383.6,7.640,123,90,123
2026-07-25T15:45:37Z,35.1615700,-106.6645100,1515.6,75391.2,7.640,124,90,125
2026-07-25T15:45:38Z,35.1615400,-106.6645870,1515.6,75398.9,7.680,123,89,119
2026-07-25T15:45:39Z,35.1615100,-106.6646629,1515.6,75406.4,7.620,123,90,130
2026-07-25T15:45:40Z,35.1614790,-106.6647369,1515.6,75414.1,7.640,123,89,122
2026-07-25T15:45:41Z,35.1614459,-106.6648110,1515.6,75421.5,7.580,123,89,111
2026-07-25T15:45:42Z,35.1614139,-106.6648819,1515.6,75428.9,7.540,123,88,136
2026-07-25T15:45:43Z,35.1613869,-106.6649389,1515.6,75436.5,7.520,122,88,137
2026-07-25T15:45:44Z,35.1613510,-106.6650059,1515.6,75444.0,7.520,123,88,126
2026-07-25T15:45:45Z,35.1613029,-106.6650850,1515.6,75451.5,7.480,123,89,140
2026-07-25T15:45:46Z,35.1612599,-106.6651490,1515.6,75459.2,7.540,122,89,127
2026-07-25T15:45:47Z,35.1612180,-106.6652119,1515.6,75466.8,7.580,122,89,139
2026-07-25T15:45:48Z,35.1611770,-106.6652740,1515.6,75474.5,7.600,122,89,127
2026-07-25T15:45:49Z,35.1611360,-106.6653389,1515.6,75482.2,7.640,122,89,127
2026-07-25T15:45:50Z,35.1610940,-106.6654040,1515.6,75489.7,7.640,122,89,134
2026-07-25T15:45:51Z,35.1610530,-106.6654689,1515.4,75497.4,7.640,122,90,135
2026-07-25T15:45:52Z,35.1610119,-106.6655360,1515.4,75505.2,7.680,122,90,126
2026-07-25T15:45:53Z,35.1609770,-106.6655870,1515.6,75512.8,7.660,121,90,135
2026-07-25T15:45:54Z,35.1609210,-106.6656600,1515.6,75520.5,7.660,121,90,135
2026-07-25T15:45:55Z,35.1608709,-106.6657180,1515.6,75528.5,7.760,121,91,128
2026-07-25T15:45:56Z,35.1608190,-106.6657750,1515.6,75536.2,7.760,120,91,131
2026-07-25T15:45:57Z,35.1607679,-106.6658320,1515.6,75543.8,7.720,120,91,135
2026-07-25T15:45:58Z,35.1607150,-106.6658879,1515.6,75551.7,7.780,121,91,130
2026-07-25T15:45:59Z,35.1606620,-106.6659429,1515.6,75559.5,7.800,121,91,122
2026-07-25T15:46:00Z,35.1606060,-106.6659950,1515.6,75567.2,7.740,121,91,128
2026-07-25T15:46:01Z,35.1605610,-106.6660360,1515.6,75574.9,7.740,121,91,128
2026-07-25T15:46:02Z,35.1605030,-106.6660859,1515.4,75582.6,7.760,121,91,133
2026-07-25T15:46:03Z,35.1604330,-106.6661439,1515.4,75590.4,7.740,120,91,125
2026-07-25T15:46:04Z,35.1603760,-106.6661930,1515.4,75598.1,7.720,121,92,130
2026-07-25T15:46:05Z,35.1603300,-106.6662299,1515.4,75605.8,7.720,120,92,127
2026-07-25T15:46:06Z,35.1602720,-106.6662719,1515.4,75613.6,7.740,120,92,114
2026-07-25T15:46:07Z,35.1601980,-106.6663199,1515.4,75621.4,7.760,120,92,117
2026-07-25T15:46:08Z,35.1601329,-106.6663560,1515.4,75629.3,7.780,120,92,122
2026-07-25T15:46:09Z,35.1600700,-106.6663909,1515.2,75637.4,7.860,120,92,122
2026-07-25T15:46:10Z,35.1600069,-106.6664280,1515.2,75645.0,7.840,120,92,112
2026-07-25T15:46:11Z,35.1599440,-106.6664629,1515.2,75652.9,7.860,120,92,102
2026-07-25T15:46:12Z,35.1598929,-106.6664899,1515.2,75660.7,7.860,119,92,106
2026-07-25T15:46:13Z,35.1598169,-106.6665290,1515.0,75668.5,7.840,119,92,106
2026-07-25T15:46:14Z,35.1597530,-106.6665619,1515.0,75676.3,7.780,119,92,96
2026-07-25T15:46:15Z,35.1597010,-106.6665899,1515.0,75684.1,7.820,118,92,103
2026-07-25T15:46:16Z,35.1596370,-106.6666230,1515.0,75691.9,7.800,119,91,91
2026-07-25T15:46:17Z,35.1595579,-106.6666609,1515.0,75699.7,7.800,118,91,110
2026-07-25T15:46:18Z,35.1594950,-106.6666919,1515.0,75707.4,7.780,118,91,116
2026-07-25T15:46:19Z,35.1594289,-106.6667219,1515.0,75715.1,7.760,118,91,114
2026-07-25T15:46:20Z,35.1593660,-106.6667540,1515.0,75722.8,7.740,117,91,117
2026-07-25T15:46:21Z,35.1593029,-106.6667830,1515.0,75730.4,7.700,118,91,114
2026-07-25T15:46:22Z,35.1592370,-106.6668130,1515.0,75737.9,7.640,117,90,115
2026-07-25T15:46:23Z,35.1591770,-106.6668440,1515.0,75745.9,7.700,117,90,138
2026-07-25T15:46:24Z,35.1591279,-106.6668720,1515.0,75753.4,7.660,117,91,117
2026-07-25T15:46:25Z,35.1590680,-106.6669049,1515.0,75761.0,7.640,117,91,111
2026-07-25T15:46:26Z,35.1589920,-106.6669390,1514.8,75768.7,7.660,118,91,108
2026-07-25T15:46:27Z,35.1589259,-106.6669669,1514.8,75776.5,7.720,117,91,111
2026-07-25T15:46:28Z,35.1588600,-106.6669990,1514.8,75784.4,7.700,117,91,108
2026-07-25T15:46:29Z,35.1587969,-106.6670310,1514.8,75792.0,7.720,117,91,111
2026-07-25T15:46:30Z,35.1587330,-106.6670620,1514.8,75799.5,7.700,118,91,114
2026-07-25T15:46:31Z,35.1586709,-106.6670919,1514.8,75807.1,7.680,118,84,125
2026-07-25T15:46:32Z,35.1586109,-106.6671229,1514.8,75814.6,7.620,118,44,47
2026-07-25T15:46:33Z,35.1585490,-106.6671519,1514.6,75822.1,7.540,118,89,139
2026-07-25T15:46:34Z,35.1584979,-106.6671770,1514.6,75829.7,7.540,118,89,121
2026-07-25T15:46:35Z,35.1584229,-106.6672140,1514.6,75837.3,7.560,119,89,117
2026-07-25T15:46:36Z,35.1583580,-106.6672450,1514.6,75845.0,7.580,119,90,100
2026-07-25T15:46:37Z,35.1582949,-106.6672750,1514.6,75852.7,7.620,118,90,108
2026-07-25T15:46:38Z,35.1582430,-106.6673000,1514.4,75860.4,7.660,119,90,98
2026-07-25T15:46:39Z,35.1581649,-106.6673389,1514.4,75868.1,7.680,118,91,95
2026-07-25T15:46:40Z,35.1581010,-106.6673710,1514.4,75875.8,7.700,119,90,95
2026-07-25T15:46:41Z,35.1580369,-106.6674030,1514.4,75883.4,7.680,119,90,98
2026-07-25T15:46:42Z,35.1579710,-106.6674330,1514.4,75890.8,7.620,118,90,98
2026-07-25T15:46:43Z,35.1579069,-106.6674610,1514.4,75898.4,7.600,119,89,104
2026-07-25T15:46:44Z,35.1578590,-106.6674860,1514.4,75905.9,7.560,118,89,109
2026-07-25T15:46:45Z,35.1577870,-106.6675259,1514.2,75913.5,7.540,119,89,111
2026-07-25T15:46:46Z,35.1577260,-106.6675580,1514.2,75921.0,7.520,119,88,112
2026-07-25T15:46:47Z,35.1576759,-106.6675829,1514.2,75928.4,7.520,118,88,111
2026-07-25T15:46:48Z,35.1576120,-106.6676109,1514.2,75935.7,7.460,118,88,0
2026-07-25T15:46:49Z,35.1575380,-106.6676399,1514.2,75942.7,7.360,118,88,0
2026-07-25T15:46:50Z,35.1574820,-106.6676669,1514.2,75949.6,7.220,118,0,0
2026-07-25T15:46:51Z,35.1574309,-106.6676979,1514.4,75956.5,7.100,117,0,0
2026-07-25T15:46:52Z,35.1573869,-106.6677230,1514.4,75963.0,6.920,117,0,0
2026-07-25T15:46:53Z,35.1573319,-106.6677490,1514.4,75969.6,6.780,117,0,0
2026-07-25T15:46:54Z,35.1572759,-106.6677770,1514.4,75976.2,6.700,116,0,0
2026-07-25T15:46:55Z,35.1572070,-106.6678100,1514.6,75982.8,6.640,116,26,130
2026-07-25T15:46:56Z,35.1571500,-106.6678370,1514.6,75989.7,6.640,116,80,228
2026-07-25T15:46:57Z,35.1571039,-106.6678610,1514.6,75996.8,6.760,116,80,157
2026-07-25T15:46:58Z,35.1570360,-106.6678969,1514.6,76003.8,6.840,116,83,157
2026-07-25T15:46:59Z,35.1569760,-106.6679240,1514.6,76011.0,6.960,116,83,144
2026-07-25T15:47:00Z,35.1569190,-106.6679530,1514.6,76018.1,7.060,117,83,144
2026-07-25T15:47:01Z,35.1568579,-106.6679829,1514.6,76025.3,7.120,118,83,131
2026-07-25T15:47:02Z,35.1568090,-106.6680040,1514.6,76032.2,7.080,118,83,124
2026-07-25T15:47:03Z,35.1567480,-106.6680289,1514.6,76039.2,7.080,119,83,117
2026-07-25T15:47:04Z,35.1566730,-106.6680599,1514.4,76046.1,7.020,119,83,124
2026-07-25T15:47:05Z,35.1566160,-106.6680869,1514.4,76053.1,7.000,119,83,126
2026-07-25T15:47:06Z,35.1565580,-106.6681169,1514.4,76060.2,6.980,119,83,126
2026-07-25T15:47:07Z,35.1565119,-106.6681400,1514.4,76067.2,7.000,118,83,142
2026-07-25T15:47:08Z,35.1564409,-106.6681719,1514.4,76074.5,7.060,118,84,144
2026-07-25T15:47:09Z,35.1563799,-106.6682009,1514.4,76081.3,7.040,118,84,129
2026-07-25T15:47:10Z,35.1563210,-106.6682319,1514.4,76088.4,7.060,118,84,122
2026-07-25T15:47:11Z,35.1562620,-106.6682609,1514.4,76095.7,7.100,118,84,120
2026-07-25T15:47:12Z,35.1562010,-106.6682869,1514.4,76102.8,7.120,118,85,131
2026-07-25T15:47:13Z,35.1561399,-106.6683159,1514.4,76110.2,7.140,118,85,118
2026-07-25T15:47:14Z,35.1560779,-106.6683469,1514.4,76117.4,7.220,118,86,145
2026-07-25T15:47:15Z,35.1560170,-106.6683780,1514.4,76124.7,7.260,119,86,145
2026-07-25T15:47:16Z,35.1559659,-106.6683999,1514.4,76132.4,7.340,118,87,148
2026-07-25T15:47:17Z,35.1558929,-106.6684360,1514.2,76139.6,7.360,119,87,127
2026-07-25T15:47:18Z,35.1558310,-106.6684680,1514.2,76147.1,7.380,119,88,136
2026-07-25T15:47:19Z,35.1557690,-106.6684990,1514.2,76154.7,7.460,119,88,131
2026-07-25T15:47:20Z,35.1557069,-106.6685309,1514.2,76162.2,7.500,119,89,131
2026-07-25T15:47:21Z,35.1556430,-106.6685599,1514.2,76169.9,7.500,119,89,127
2026-07-25T15:47:22Z,35.1555779,-106.6685909,1514.0,76177.6,7.600,119,89,125
2026-07-25T15:47:23Z,35.1555130,-106.6686220,1514.0,76185.3,7.640,118,89,114
2026-07-25T15:47:24Z,35.1554499,-106.6686530,1514.0,76193.0,7.660,119,89,115
2026-07-25T15:47:25Z,35.1553840,-106.6686820,1514.0,76200.6,7.680,119,89,111
2026-07-25T15:47:26Z,35.1553169,-106.6687130,1514.0,76208.0,7.620,119,89,124
2026-07-25T15:47:27Z,35.1552530,-106.6687410,1514.0,76215.5,7.580,119,89,118
2026-07-25T15:47:28Z,35.1551869,-106.6687680,1514.0,76223.0,7.540,119,89,118
2026-07-25T15:47:29Z,35.1551319,-106.6687899,1514.0,76230.5,7.500,120,89,119
2026-07-25T15:47:30Z,35.1550680,-106.6688179,1514.0,76237.9,7.460,120,89,114
2026-07-25T15:47:31Z,35.1549899,-106.6688509,1514.0,76245.4,7.480,120,89,121
2026-07-25T15:47:32Z,35.1549279,-106.6688810,1514.0,76252.8,7.460,120,89,116
2026-07-25T15:47:33Z,35.1548680,-106.6689140,1514.2,76260.4,7.480,120,88,101
2026-07-25T15:47:34Z,35.1548190,-106.6689390,1514.0,76267.9,7.480,120,88,117
2026-07-25T15:47:35Z,35.1547589,-106.6689710,1514.2,76275.4,7.500,120,88,80
2026-07-25T15:47:36Z,35.1546950,-106.6690020,1514.2,76282.7,7.460,120,88,80
2026-07-25T15:47:37Z,35.1546200,-106.6690359,1514.2,76289.8,7.400,121,67,0
2026-07-25T15:47:38Z,35.1545590,-106.6690649,1514.2,76296.5,7.220,120,59,0
2026-07-25T15:47:39Z,35.1545009,-106.6690939,1514.2,76302.9,7.000,120,59,0
2026-07-25T15:47:40Z,35.1544460,-106.6691199,1514.2,76309.0,6.720,120,65,0
2026-07-25T15:47:41Z,35.1543920,-106.6691460,1514.2,76315.1,6.480,120,61,0
2026-07-25T15:47:42Z,35.1543399,-106.6691710,1514.2,76321.1,6.260,119,55,0
2026-07-25T15:47:43Z,35.1542910,-106.6691949,1514.2,76326.1,5.920,119,55,0
2026-07-25T15:47:44Z,35.1542450,-106.6692160,1514.2,76331.0,5.620,119,55,0
2026-07-25T15:47:45Z,35.1542010,-106.6692349,1514.4,76336.9,5.580,118,44,131
2026-07-25T15:47:46Z,35.1541529,-106.6692519,1514.4,76343.1,5.600,118,44,364
2026-07-25T15:47:47Z,35.1541030,-106.6692700,1514.4,76349.6,5.700,119,82,364
2026-07-25T15:47:48Z,35.1540590,-106.6692890,1514.6,76356.5,6.080,119,82,263
2026-07-25T15:47:49Z,35.1540050,-106.6693180,1514.6,76363.4,6.480,120,91,263
2026-07-25T15:47:50Z,35.1539389,-106.6693600,1514.6,76370.4,6.700,120,96,165
2026-07-25T15:47:51Z,35.1538819,-106.6693920,1514.6,76377.4,6.860,120,97,128
2026-07-25T15:47:52Z,35.1538239,-106.6694190,1514.6,76384.5,6.980,121,98,119
2026-07-25T15:47:53Z,35.1537639,-106.6694450,1514.6,76391.5,7.000,121,99,122
2026-07-25T15:47:54Z,35.1537170,-106.6694669,1514.6,76398.4,7.000,122,99,101
2026-07-25T15:47:55Z,35.1536489,-106.6695000,1514.6,76405.3,6.980,121,98,108
2026-07-25T15:47:56Z,35.1535899,-106.6695300,1514.6,76412.3,6.980,121,98,101
2026-07-25T15:47:57Z,35.1535310,-106.6695600,1514.6,76419.3,6.960,121,98,87
2026-07-25T15:47:58Z,35.1534840,-106.6695829,1514.6,76426.3,6.960,121,98,91
2026-07-25T15:47:59Z,35.1534140,-106.6696180,1514.6,76433.3,6.980,122,97,97
2026-07-25T15:48:00Z,35.1533550,-106.6696460,1514.6,76440.1,6.960,121,96,102
2026-07-25T15:48:01Z,35.1532970,-106.6696720,1514.6,76446.7,6.880,121,96,106
2026-07-25T15:48:02Z,35.1532390,-106.6696989,1514.6,76453.5,6.840,121,95,101
2026-07-25T15:48:03Z,35.1531850,-106.6697279,1514.6,76460.3,6.800,121,95,106
2026-07-25T15:48:04Z,35.1531309,-106.6697549,1514.6,76467.1,6.760,121,95,125
2026-07-25T15:48:05Z,35.1530780,-106.6697819,1514.6,76473.8,6.740,120,95,125
2026-07-25T15:48:06Z,35.1530230,-106.6698090,1514.4,76480.7,6.800,121,96,122
2026-07-25T15:48:07Z,35.1529790,-106.6698310,1514.4,76487.5,6.800,121,95,109
2026-07-25T15:48:08Z,35.1529120,-106.6698650,1514.2,76494.3,6.800,123,96,112
2026-07-25T15:48:09Z,35.1528550,-106.6698930,1514.2,76500.9,6.760,123,95,113
2026-07-25T15:48:10Z,35.1527960,-106.6699160,1514.2,76507.6,6.760,126,95,114
2026-07-25T15:48:11Z,35.1527480,-106.6699340,1514.2,76514.3,6.720,126,95,114
2026-07-25T15:48:12Z,35.1526869,-106.6699569,1514.2,76521.2,6.740,126,95,122
2026-07-25T15:48:13Z,35.1526169,-106.6699829,1514.0,76528.0,6.740,126,96,117
2026-07-25T15:48:14Z,35.1525569,-106.6700080,1514.0,76534.6,6.740,126,96,106
2026-07-25T15:48:15Z,35.1524989,-106.6700340,1514.0,76541.5,6.780,124,97,121
2026-07-25T15:48:16Z,35.1524530,-106.6700559,1514.0,76548.4,6.820,121,97,153
2026-07-25T15:48:17Z,35.1523969,-106.6700849,1514.0,76555.3,6.820,120,98,149
2026-07-25T15:48:18Z,35.1523409,-106.6701190,1514.0,76562.4,6.880,120,99,134
2026-07-25T15:48:19Z,35.1522750,-106.6701610,1514.0,76569.5,6.980,120,99,143
2026-07-25T15:48:20Z,35.1522160,-106.6701920,1514.0,76576.8,7.060,121,99,111
2026-07-25T15:48:21Z,35.1521559,-106.6702190,1514.0,76583.7,7.060,120,99,110
2026-07-25T15:48:22Z,35.1520969,-106.6702449,1514.0,76590.6,7.060,121,99,113
2026-07-25T15:48:23Z,35.1520369,-106.6702739,1514.0,76597.8,7.080,121,99,113
2026-07-25T15:48:24Z,35.1519770,-106.6703050,1514.0,76604.8,7.060,121,100,115
2026-07-25T15:48:25Z,35.1519170,-106.6703340,1514.0,76611.8,7.000,122,100,95
2026-07-25T15:48:26Z,35.1518689,-106.6703579,1514.0,76619.0,7.060,121,99,96
2026-07-25T15:48:27Z,35.1518099,-106.6703869,1514.0,76626.2,7.120,121,100,98
2026-07-25T15:48:28Z,35.1517379,-106.6704200,1514.0,76633.4,7.120,121,100,89
2026-07-25T15:48:29Z,35.1516769,-106.6704480,1514.0,76640.6,7.160,120,100,80
2026-07-25T15:48:30Z,35.1516160,-106.6704749,1514.0,76647.8,7.200,121,97,64
2026-07-25T15:48:31Z,35.1515540,-106.6704999,1514.0,76654.9,7.180,120,92,108
2026-07-25T15:48:32Z,35.1514919,-106.6705319,1514.0,76662.3,7.220,120,85,157
2026-07-25T15:48:33Z,35.1514300,-106.6705640,1514.0,76669.5,7.220,120,85,72
2026-07-25T15:48:34Z,35.1513670,-106.6705909,1514.0,76676.7,7.220,120,50,72
2026-07-25T15:48:35Z,35.1513069,-106.6706189,1514.2,76684.0,7.240,120,58,82
2026-07-25T15:48:36Z,35.1512469,-106.6706479,1514.2,76691.2,7.260,120,86,128
2026-07-25T15:48:37Z,35.1511860,-106.6706759,1514.2,76698.5,7.240,120,86,124
2026-07-25T15:48:38Z,35.1511240,-106.6707070,1514.2,76705.9,7.280,120,87,115
2026-07-25T15:48:39Z,35.1510619,-106.6707380,1514.2,76713.3,7.320,120,87,114
2026-07-25T15:48:40Z,35.1510000,-106.6707680,1514.2,76720.7,7.340,120,88,118
2026-07-25T15:48:41Z,35.1509390,-106.6707980,1514.2,76728.0,7.360,120,88,105
2026-07-25T15:48:42Z,35.1508759,-106.6708290,1514.2,76735.5,7.400,121,88,103
2026-07-25T15:48:43Z,35.1508130,-106.6708590,1514.2,76743.0,7.420,120,88,121
2026-07-25T15:48:44Z,35.1507510,-106.6708889,1514.2,76750.6,7.460,120,89,135
2026-07-25T15:48:45Z,35.1506879,-106.6709169,1514.2,76758.0,7.460,120,89,126
2026-07-25T15:48:46Z,35.1506230,-106.6709450,1514.2,76765.5,7.500,120,89,123
2026-07-25T15:48:47Z,35.1505610,-106.6709759,1514.2,76773.0,7.500,120,89,161
2026-07-25T15:48:48Z,35.1504960,-106.6710069,1514.2,76780.5,7.500,120,90,161
2026-07-25T15:48:49Z,35.1504320,-106.6710369,1514.2,76788.1,7.500,120,90,116
2026-07-25T15:48:50Z,35.1503699,-106.6710659,1514.2,76795.6,7.520,120,89,110
2026-07-25T15:48:51Z,35.1503040,-106.6710929,1514.0,76803.1,7.520,120,89,99
2026-07-25T15:48:52Z,35.1502409,-106.6711240,1513.8,76810.9,7.580,120,89,106
2026-07-25T15:48:53Z,35.1501780,-106.6711570,1513.8,76818.5,7.600,120,89,106
2026-07-25T15:48:54Z,35.1501310,-106.6711840,1513.6,76825.9,7.560,120,89,106
2026-07-25T15:48:55Z,35.1500580,-106.6712219,1513.6,76833.5,7.580,120,89,117
2026-07-25T15:48:56Z,35.1499940,-106.6712529,1513.6,76840.9,7.560,121,88,116
2026-07-25T15:48:57Z,35.1499300,-106.6712840,1513.6,76848.4,7.500,121,88,107
2026-07-25T15:48:58Z,35.1498689,-106.6713150,1513.6,76855.7,7.440,120,87,110
2026-07-25T15:48:59Z,35.1498079,-106.6713450,1513.4,76863.0,7.420,121,87,105
2026-07-25T15:49:00Z,35.1497460,-106.6713740,1513.4,76870.3,7.360,121,87,115
2026-07-25T15:49:01Z,35.1496860,-106.6714040,1513.4,76877.7,7.360,120,86,117
2026-07-25T15:49:02Z,35.1496229,-106.6714340,1513.4,76885.0,7.320,121,86,116
2026-07-25T15:49:03Z,35.1495600,-106.6714639,1513.4,76892.1,7.280,120,86,118
2026-07-25T15:49:04Z,35.1495010,-106.6714949,1513.4,76899.5,7.300,120,86,120
2026-07-25T15:49:05Z,35.1494400,-106.6715259,1513.4,76906.8,7.300,120,86,120
2026-07-25T15:49:06Z,35.1493789,-106.6715539,1513.4,76914.0,7.260,119,86,120
2026-07-25T15:49:07Z,35.1493160,-106.6715829,1513.4,76921.3,7.260,120,86,113
2026-07-25T15:49:08Z,35.1492550,-106.6716130,1513.4,76928.6,7.300,120,86,119
2026-07-25T15:49:09Z,35.1491939,-106.6716460,1513.4,76936.0,7.300,119,87,119
2026-07-25T15:49:10Z,35.1491369,-106.6716819,1513.4,76943.4,7.320,120,87,125
2026-07-25T15:49:11Z,35.1490779,-106.6717150,1513.4,76950.8,7.360,120,87,125
2026-07-25T15:49:12Z,35.1490179,-106.6717490,1513.6,76958.3,7.400,121,87,115
2026-07-25T15:49:13Z,35.1489589,-106.6717819,1513.6,76965.7,7.420,121,87,134
2026-07-25T15:49:14Z,35.1488990,-106.6718139,1513.8,76973.1,7.420,121,87,170
2026-07-25T15:49:15Z,35.1488380,-106.6718490,1513.8,76980.8,7.480,121,88,170
2026-07-25T15:49:16Z,35.1487790,-106.6718880,1513.8,76988.2,7.480,121,88,169
2026-07-25T15:49:17Z,35.1487319,-106.6719200,1514.0,76995.6,7.460,121,88,160
2026-07-25T15:49:18Z,35.1486609,-106.6719669,1514.0,77003.1,7.480,121,88,154
2026-07-25T15:49:19Z,35.1486009,-106.6720070,1514.0,77010.5,7.480,122,88,166
2026-07-25T15:49:20Z,35.1485429,-106.6720490,1513.8,77018.1,7.460,123,89,152
2026-07-25T15:49:21Z,35.1484849,-106.6720910,1513.8,77025.8,7.520,123,89,166
2026-07-25T15:49:22Z,35.1484260,-106.6721330,1513.8,77033.4,7.560,123,89,145
2026-07-25T15:49:23Z,35.1483660,-106.6721750,1513.8,77041.0,7.580,122,90,145
2026-07-25T15:49:24Z,35.1483060,-106.6722149,1513.6,77048.6,7.620,122,89,148
2026-07-25T15:49:25Z,35.1482480,-106.6722579,1513.6,77056.2,7.620,123,90,142
2026-07-25T15:49:26Z,35.1482009,-106.6722920,1513.6,77063.9,7.620,124,90,129
2026-07-25T15:49:27Z,35.1481289,-106.6723439,1513.4,77071.5,7.620,124,90,146
2026-07-25T15:49:28Z,35.1480689,-106.6723879,1513.4,77079.2,7.640,125,91,153
2026-07-25T15:49:29Z,35.1480119,-106.6724340,1513.4,77086.9,7.660,125,91,127
2026-07-25T15:49:30Z,35.1479590,-106.6724840,1513.4,77094.5,7.660,127,91,127
2026-07-25T15:49:31Z,35.1479080,-106.6725350,1513.2,77102.3,7.680,126,91,114
2026-07-25T15:49:32Z,35.1478559,-106.6725869,1513.2,77110.0,7.700,126,91,119
2026-07-25T15:49:33Z,35.1478000,-106.6726370,1513.4,77117.8,7.720,127,91,112
2026-07-25T15:49:34Z,35.1477430,-106.6726859,1513.2,77125.4,7.700,127,91,103
2026-07-25T15:49:35Z,35.1477000,-106.6727260,1513.2,77133.0,7.700,127,90,103
2026-07-25T15:49:36Z,35.1476330,-106.6727850,1513.4,77140.7,7.680,128,90,128
2026-07-25T15:49:37Z,35.1475770,-106.6728339,1513.4,77148.3,7.660,128,90,125
2026-07-25T15:49:38Z,35.1475219,-106.6728840,1513.4,77155.8,7.600,127,90,129
2026-07-25T15:49:39Z,35.1474630,-106.6729319,1513.4,77163.4,7.600,127,90,117
2026-07-25T15:49:40Z,35.1474079,-106.6729810,1513.4,77170.9,7.580,127,89,108
2026-07-25T15:49:41Z,35.1473540,-106.6730290,1513.4,77178.5,7.560,127,89,122
2026-07-25T15:49:42Z,35.1473020,-106.6730769,1513.4,77186.0,7.540,127,89,122
2026-07-25T15:49:43Z,35.1472529,-106.6731260,1513.4,77193.5,7.540,126,89,115
2026-07-25T15:49:44Z,35.1472020,-106.6731759,1513.4,77201.0,7.520,126,89,123
2026-07-25T15:49:45Z,35.1471479,-106.6732260,1513.4,77208.7,7.560,126,89,118
2026-07-25T15:49:46Z,35.1470929,-106.6732730,1513.4,77216.3,7.560,126,89,107
2026-07-25T15:49:47Z,35.1470349,-106.6733219,1513.4,77223.8,7.560,126,89,115
2026-07-25T15:49:48Z,35.1469779,-106.6733710,1513.4,77231.6,7.620,126,90,118
2026-07-25T15:49:49Z,35.1469219,-106.6734189,1513.4,77239.1,7.620,126,90,110
2026-07-25T15:49:50Z,35.1468650,-106.6734669,1513.6,77246.8,7.620,125,90,102
2026-07-25T15:49:51Z,35.1468090,-106.6735150,1513.6,77254.4,7.620,124,90,112
2026-07-25T15:49:52Z,35.1467540,-106.6735649,1513.6,77262.1,7.660,123,90,148
2026-07-25T15:49:53Z,35.1466980,-106.6736140,1513.6,77269.9,7.660,123,90,125
2026-07-25T15:49:54Z,35.1466400,-106.6736620,1513.6,77277.6,7.700,123,91,125
2026-07-25T15:49:55Z,35.1465830,-106.6737099,1513.6,77285.3,7.700,123,91,89
2026-07-25T15:49:56Z,35.1465260,-106.6737590,1513.6,77293.0,7.720,122,91,93
2026-07-25T15:49:57Z,35.1464690,-106.6738089,1513.6,77300.8,7.740,122,91,88
2026-07-25T15:49:58Z,35.1464120,-106.6738590,1513.8,77308.6,7.740,122,91,91
2026-07-25T15:49:59Z,35.1463559,-106.6739070,1513.8,77316.2,7.720,122,90,98
2026-07-25T15:50:00Z,35.1462980,-106.6739519,1513.8,77323.7,7.680,122,90,100
2026-07-25T15:50:01Z,35.1462380,-106.6739969,1513.8,77331.5,7.700,122,90,100
2026-07-25T15:50:02Z,35.1461920,-106.6740320,1513.6,77339.0,7.640,122,89,92
2026-07-25T15:50:03Z,35.1461210,-106.6740839,1513.6,77346.5,7.580,123,89,96
2026-07-25T15:50:04Z,35.1460620,-106.6741269,1513.6,77354.1,7.580,122,90,106
2026-07-25T15:50:05Z,35.1460019,-106.6741699,1513.6,77361.7,7.600,122,90,96
2026-07-25T15:50:06Z,35.1459409,-106.6742119,1513.8,77369.5,7.600,121,90,124
2026-07-25T15:50:07Z,35.1458790,-106.6742530,1513.6,77377.2,7.640,121,91,115
2026-07-25T15:50:08Z,35.1458180,-106.6742910,1513.8,77384.8,7.660,121,91,112
2026-07-25T15:50:09Z,35.1457549,-106.6743269,1513.8,77392.2,7.620,120,89,117
2026-07-25T15:50:10Z,35.1456949,-106.6743610,1513.6,77399.8,7.620,121,89,112
2026-07-25T15:50:11Z,35.1456340,-106.6743950,1513.6,77407.3,7.560,120,90,112
2026-07-25T15:50:12Z,35.1455720,-106.6744320,1513.4,77415.0,7.560,120,90,108
2026-07-25T15:50:13Z,35.1455089,-106.6744689,1513.4,77422.5,7.540,120,90,108
2026-07-25T15:50:14Z,35.1454480,-106.6745040,1513.4,77430.0,7.560,120,89,107
2026-07-25T15:50:15Z,35.1453929,-106.6745419,1513.4,77437.5,7.540,119,88,97
2026-07-25T15:50:16Z,35.1453490,-106.6745760,1513.4,77444.9,7.520,119,88,105
2026-07-25T15:50:17Z,35.1452809,-106.6746269,1513.4,77452.2,7.440,119,88,86
2026-07-25T15:50:18Z,35.1452209,-106.6746640,1513.4,77459.6,7.420,119,88,83
2026-07-25T15:50:19Z,35.1451600,-106.6747009,1513.2,77466.9,7.380,119,87,75
2026-07-25T15:50:20Z,35.1451130,-106.6747289,1513.2,77474.1,7.320,119,86,72
2026-07-25T15:50:21Z,35.1450600,-106.6747630,1513.2,77480.7,7.160,120,86,0
2026-07-25T15:50:22Z,35.1449919,-106.6748029,1513.2,77487.8,7.120,120,86,0
2026-07-25T15:50:23Z,35.1449380,-106.6748390,1513.2,77494.5,6.980,121,0,0
2026-07-25T15:50:24Z,35.1448860,-106.6748680,1513.4,77499.4,6.500,120,0,0
2026-07-25T15:50:25Z,35.1448420,-106.6748899,1513.4,77503.5,5.880,119,0,0
2026-07-25T15:50:26Z,35.1448079,-106.6749060,1513.6,77506.9,5.240,119,0,0
2026-07-25T15:50:27Z,35.1447820,-106.6749220,1513.6,77509.6,4.360,119,0,0
2026-07-25T15:50:28Z,35.1447660,-106.6749329,1513.6,77512.2,3.540,118,0,0
2026-07-25T15:50:29Z,35.1447580,-106.6749360,1513.6,77512.2,2.560,118,0,0
2026-07-25T15:50:30Z,35.1447520,-106.6749489,1513.8,77514.8,2.260,118,0,0
2026-07-25T15:50:31Z,35.1447479,-106.6749759,1514.0,77518.0,2.220,119,5,0
2026-07-25T15:50:32Z,35.1447510,-106.6750059,1514.2,77521.0,2.280,119,5,0
2026-07-25T15:50:33Z,35.1447580,-106.6750380,1514.4,77524.2,2.400,119,5,0
2026-07-25T15:50:34Z,35.1447660,-106.6750729,1514.6,77527.6,3.080,119,19,0
2026-07-25T15:50:35Z,35.1447720,-106.6751110,1514.6,77531.6,3.360,120,19,0
2026-07-25T15:50:36Z,35.1447769,-106.6751510,1514.8,77535.4,3.480,120,30,122
2026-07-25T15:50:37Z,35.1447840,-106.6751919,1515.0,77539.1,3.620,119,39,193
2026-07-25T15:50:38Z,35.1447940,-106.6752349,1515.0,77543.7,3.900,119,53,235
2026-07-25T15:50:39Z,35.1448049,-106.6752810,1515.2,77548.7,4.220,119,53,221
2026-07-25T15:50:40Z,35.1448140,-106.6753160,1515.2,77553.9,4.460,120,57,221
2026-07-25T15:50:41Z,35.1448319,-106.6753710,1515.2,77558.8,4.680,120,60,203
2026-07-25T15:50:42Z,35.1448469,-106.6754229,1515.2,77564.2,5.020,120,62,179
2026-07-25T15:50:43Z,35.1448609,-106.6754779,1515.4,77569.7,5.200,120,63,178
2026-07-25T15:50:44Z,35.1448759,-106.6755339,1515.4,77575.4,5.340,119,65,181
2026-07-25T15:50:45Z,35.1448929,-106.6755900,1515.4,77578.3,4.880,120,65,172
2026-07-25T15:50:46Z,35.1449049,-106.6756509,1515.4,77584.2,5.080,120,69,172
2026-07-25T15:50:47Z,35.1449199,-106.6757130,1515.4,77590.2,5.200,120,70,165
2026-07-25T15:50:48Z,35.1449349,-106.6757770,1515.4,77595.7,5.200,119,71,179
2026-07-25T15:50:49Z,35.1449540,-106.6758399,1515.4,77602.0,5.320,120,72,165
2026-07-25T15:50:50Z,35.1449740,-106.6759050,1515.4,77608.2,5.980,119,72,156
2026-07-25T15:50:51Z,35.1449939,-106.6759710,1515.6,77614.6,6.080,119,74,156
2026-07-25T15:50:52Z,35.1450120,-106.6760399,1515.6,77621.4,6.240,120,76,160
2026-07-25T15:50:53Z,35.1450310,-106.6761070,1515.6,77630.2,6.900,120,76,154
2026-07-25T15:50:54Z,35.1450499,-106.6761760,1515.6,77633.2,6.240,120,77,149
2026-07-25T15:50:55Z,35.1450690,-106.6762440,1515.6,77636.6,5.680,120,77,146
2026-07-25T15:50:56Z,35.1450890,-106.6763129,1515.8,77639.9,5.060,120,78,136
2026-07-25T15:50:57Z,35.1451110,-106.6763819,1515.8,77643.9,4.500,121,79,177
2026-07-25T15:50:58Z,35.1451320,-106.6764539,1515.8,77650.8,4.120,120,80,162
2026-07-25T15:50:59Z,35.1451519,-106.6765250,1515.8,77657.5,4.860,121,80,143
2026-07-25T15:51:00Z,35.1451730,-106.6765970,1516.2,77664.2,5.520,121,81,143
2026-07-25T15:51:01Z,35.1451939,-106.6766690,1516.2,77671.2,6.260,122,82,140
2026-07-25T15:51:02Z,35.1452170,-106.6767409,1516.4,77677.5,6.720,122,82,140
2026-07-25T15:51:03Z,35.1452420,-106.6768110,1516.4,77684.4,6.720,121,82,139
2026-07-25T15:51:04Z,35.1452659,-106.6768820,1516.4,77689.4,6.380,122,82,143
2026-07-25T15:51:05Z,35.1452890,-106.6769530,1516.4,77694.4,6.040,122,83,145
2026-07-25T15:51:06Z,35.1453120,-106.6770240,1516.4,77697.7,5.300,123,83,148
2026-07-25T15:51:07Z,35.1453359,-106.6770960,1516.8,77704.3,5.360,123,83,148
2026-07-25T15:51:08Z,35.1453600,-106.6771690,1516.8,77712.0,5.520,123,84,149
2026-07-25T15:51:09Z,35.1453860,-106.6772410,1517.0,77719.4,6.000,123,84,141
2026-07-25T15:51:10Z,35.1454130,-106.6773140,1517.0,77726.1,6.340,123,85,138
2026-07-25T15:51:11Z,35.1454389,-106.6773860,1517.0,77733.2,7.100,124,83,51
2026-07-25T15:51:12Z,35.1454659,-106.6774560,1517.2,77740.9,7.320,124,83,0
2026-07-25T15:51:13Z,35.1454910,-106.6775250,1517.2,77747.1,7.020,124,83,0
2026-07-25T15:51:14Z,35.1455140,-106.6775890,1517.2,77753.3,6.780,125,0,0
2026-07-25T15:51:15Z,35.1455360,-106.6776489,1517.4,77759.5,6.680,124,23,30
2026-07-25T15:51:16Z,35.1455549,-106.6777099,1517.4,77765.7,6.500,124,23,248
2026-07-25T15:51:17Z,35.1455750,-106.6777760,1517.4,77772.4,6.300,124,72,248
2026-07-25T15:51:18Z,35.1456000,-106.6778430,1517.4,77779.4,6.460,125,78,285
2026-07-25T15:51:19Z,35.1456269,-106.6779120,1517.4,77786.5,6.640,125,82,186
2026-07-25T15:51:20Z,35.1456559,-106.6779809,1517.6,77793.7,6.840,126,83,160
2026-07-25T15:51:21Z,35.1456860,-106.6780509,1517.6,77801.1,7.080,126,84,151
2026-07-25T15:51:22Z,35.1457180,-106.6781200,1517.8,77809.0,7.320,127,85,144
2026-07-25T15:51:23Z,35.1457500,-106.6781890,1517.8,77816.2,7.360,127,86,134
2026-07-25T15:51:24Z,35.1457809,-106.6782600,1517.8,77823.5,7.400,127,87,139
2026-07-25T15:51:25Z,35.1458050,-106.6783170,1517.8,77831.2,7.500,128,87,131
2026-07-25T15:51:26Z,35.1458419,-106.6784040,1517.8,77838.5,7.480,127,88,126
2026-07-25T15:51:27Z,35.1458760,-106.6784770,1518.0,77846.7,7.540,128,89,126
2026-07-25T15:51:28Z,35.1459099,-106.6785500,1518.0,77854.4,7.640,127,89,129
2026-07-25T15:51:29Z,35.1459429,-106.6786240,1518.0,77861.8,7.660,128,89,125
2026-07-25T15:51:30Z,35.1459740,-106.6786969,1518.0,77869.4,7.640,127,90,125
2026-07-25T15:51:31Z,35.1460050,-106.6787689,1518.0,77877.3,7.760,128,91,114
2026-07-25T15:51:32Z,35.1460399,-106.6788400,1518.0,77884.6,7.580,127,91,110
2026-07-25T15:51:33Z,35.1460740,-106.6789129,1518.0,77892.5,7.620,127,91,110
2026-07-25T15:51:34Z,35.1461090,-106.6789889,1518.0,77900.2,7.680,127,92,111
2026-07-25T15:51:35Z,35.1461449,-106.6790630,1518.0,77908.1,7.740,127,93,104
2026-07-25T15:51:36Z,35.1461810,-106.6791350,1518.0,77915.9,7.720,127,93,104
2026-07-25T15:51:37Z,35.1462180,-106.6792080,1518.0,77923.9,7.860,126,93,93
2026-07-25T15:51:38Z,35.1462550,-106.6792820,1518.0,77931.9,7.880,126,93,93
2026-07-25T15:51:39Z,35.1462930,-106.6793570,1518.0,77936.4,7.240,126,94,100
2026-07-25T15:51:40Z,35.1463299,-106.6794319,1518.0,77944.0,7.180,126,87,108
2026-07-25T15:51:41Z,35.1463660,-106.6795069,1517.8,77951.9,7.200,125,85,133
2026-07-25T15:51:42Z,35.1463999,-106.6795830,1518.0,77960.2,7.260,126,86,139
2026-07-25T15:51:43Z,35.1464380,-106.6796590,1518.0,77968.0,7.220,126,86,139
2026-07-25T15:51:44Z,35.1464700,-106.6797199,1518.0,77976.4,8.000,126,86,125
2026-07-25T15:51:45Z,35.1465169,-106.6798110,1517.8,77984.7,8.140,126,87,116
2026-07-25T15:51:46Z,35.1465540,-106.6798890,1517.6,77993.0,8.220,125,88,121
2026-07-25T15:51:47Z,35.1465909,-106.6799649,1517.6,78001.5,8.260,126,88,115
2026-07-25T15:51:48Z,35.1466280,-106.6800399,1517.4,78009.9,8.380,125,88,118
2026-07-25T15:51:49Z,35.1466660,-106.6801180,1517.4,78017.9,8.300,126,88,112
2026-07-25T15:51:50Z,35.1467019,-106.6801969,1517.2,78026.1,8.280,125,87,123
2026-07-25T15:51:51Z,35.1467390,-106.6802750,1517.2,78034.2,8.240,125,87,141
2026-07-25T15:51:52Z,35.1467779,-106.6803519,1517.2,78042.5,8.200,125,87,133
2026-07-25T15:51:53Z,35.1468150,-106.6804300,1517.2,78050.5,8.119,125,87,134
2026-07-25T15:51:54Z,35.1468520,-106.6805070,1517.0,78058.9,8.200,125,87,134
2026-07-25T15:51:55Z,35.1468879,-106.6805859,1517.0,78067.2,8.220,124,87,139
2026-07-25T15:51:56Z,35.1469240,-106.6806650,1517.0,78075.8,8.320,125,87,158
2026-07-25T15:51:57Z,35.1469530,-106.6807279,1517.0,78084.3,8.360,125,88,158
2026-07-25T15:51:58Z,35.1469980,-106.6808240,1516.8,78093.5,8.600,125,89,141
2026-07-25T15:51:59Z,35.1470339,-106.6809050,1516.8,78101.7,8.560,126,89,135
2026-07-25T15:52:00Z,35.1470700,-106.6809839,1516.8,78110.1,8.580,126,89,128
2026-07-25T15:52:01Z,35.1471010,-106.6810480,1516.8,78119.0,8.640,126,90,130
2026-07-25T15:52:02Z,35.1471410,-106.6811279,1516.6,78127.8,8.700,126,91,137
2026-07-25T15:52:03Z,35.1471890,-106.6812240,1516.6,78136.7,8.640,127,91,157
2026-07-25T15:52:04Z,35.1472260,-106.6813060,1516.6,78145.5,8.760,126,92,142
2026-07-25T15:52:05Z,35.1472649,-106.6813879,1516.6,78154.3,8.840,126,93,151
2026-07-25T15:52:06Z,35.1472980,-106.6814550,1516.6,78163.1,8.820,126,94,148
2026-07-25T15:52:07Z,35.1473470,-106.6815560,1516.6,78171.8,8.800,126,94,122
2026-07-25T15:52:08Z,35.1473890,-106.6816380,1516.6,78180.9,8.840,126,94,130
2026-07-25T15:52:09Z,35.1474340,-106.6817160,1516.4,78189.7,8.840,126,95,128
2026-07-25T15:52:10Z,35.1474829,-106.6817939,1516.4,78198.8,8.900,126,96,128
2026-07-25T15:52:11Z,35.1475270,-106.6818779,1516.4,78207.8,8.940,126,96,118
2026-07-25T15:52:12Z,35.1475669,-106.6819649,1516.2,78216.9,9.020,126,96,118
2026-07-25T15:52:13Z,35.1476069,-106.6820519,1516.2,78225.8,8.980,126,96,115
2026-07-25T15:52:14Z,35.1476470,-106.6821389,1516.2,78234.9,9.040,125,96,105
2026-07-25T15:52:15Z,35.1476880,-106.6822260,1516.2,78243.9,9.020,125,96,105
2026-07-25T15:52:16Z,35.1477239,-106.6822949,1516.0,78253.0,9.040,125,96,105
2026-07-25T15:52:17Z,35.1477760,-106.6823959,1516.2,78262.0,9.020,124,97,106
2026-07-25T15:52:18Z,35.1478190,-106.6824819,1516.2,78271.1,9.060,124,97,119
2026-07-25T15:52:19Z,35.1478600,-106.6825689,1515.6,78280.3,9.080,124,97,137
2026-07-25T15:52:20Z,35.1479030,-106.6826539,1515.6,78289.3,9.080,124,97,128
2026-07-25T15:52:21Z,35.1479440,-106.6827379,1515.2,78298.1,9.020,124,97,116
2026-07-25T15:52:22Z,35.1479859,-106.6828220,1515.0,78307.2,9.040,123,96,120
2026-07-25T15:52:23Z,35.1480310,-106.6829070,1515.0,78316.3,9.040,124,96,124
2026-07-25T15:52:24Z,35.1480760,-106.6829879,1514.8,78325.0,8.940,124,96,124
2026-07-25T15:52:25Z,35.1481180,-106.6830699,1514.8,78333.8,8.900,124,95,124
2026-07-25T15:52:26Z,35.1481589,-106.6831530,1514.8,78342.6,8.900,124,94,122
2026-07-25T15:52:27Z,35.1481989,-106.6832360,1514.8,78351.3,8.820,123,92,136
2026-07-25T15:52:28Z,35.1482399,-106.6833169,1514.8,78360.0,8.740,123,91,137
2026-07-25T15:52:29Z,35.1482729,-106.6833790,1514.8,78368.4,8.680,123,91,143
2026-07-25T15:52:30Z,35.1483220,-106.6834700,1514.8,78376.8,8.600,124,90,143
2026-07-25T15:52:31Z,35.1483610,-106.6835489,1514.4,78385.2,8.520,124,89,145
2026-07-25T15:52:32Z,35.1484009,-106.6836260,1514.4,78393.7,8.480,123,89,138
2026-07-25T15:52:33Z,35.1484429,-106.6837019,1514.4,78402.1,8.420,124,89,138
2026-07-25T15:52:34Z,35.1484840,-106.6837769,1514.4,78410.5,8.420,123,88,147
2026-07-25T15:52:35Z,35.1485230,-106.6838530,1514.6,78418.8,8.400,123,88,166
2026-07-25T15:52:36Z,35.1485609,-106.6839300,1514.8,78426.8,8.320,124,88,160
2026-07-25T15:52:37Z,35.1486009,-106.6840069,1514.8,78435.2,8.300,123,87,154
2026-07-25T15:52:38Z,35.1486400,-106.6840809,1515.0,78443.3,8.240,123,87,161
2026-07-25T15:52:39Z,35.1486790,-106.6841560,1515.2,78451.5,8.200,124,86,164
2026-07-25T15:52:40Z,35.1487189,-106.6842330,1515.2,78459.9,8.220,125,87,216
2026-07-25T15:52:41Z,35.1487560,-106.6843099,1515.4,78468.0,8.240,124,87,190
2026-07-25T15:52:42Z,35.1487930,-106.6843860,1515.4,78476.2,8.200,124,87,163
2026-07-25T15:52:43Z,35.1488329,-106.6844610,1515.4,78484.5,8.240,124,86,159
2026-07-25T15:52:44Z,35.1488720,-106.6845359,1515.6,78492.4,8.180,125,86,150
2026-07-25T15:52:45Z,35.1489120,-106.6846079,1515.6,78500.4,8.100,124,85,162
2026-07-25T15:52:46Z,35.1489520,-106.6846799,1515.6,78508.4,8.080,124,85,169
2026-07-25T15:52:47Z,35.1489929,-106.6847519,1515.6,78516.4,8.039,125,85,200
2026-07-25T15:52:48Z,35.1490219,-106.6848089,1515.6,78524.1,7.920,124,84,212
2026-07-25T15:52:49Z,35.1490660,-106.6848969,1515.6,78531.9,7.900,125,83,220
2026-07-25T15:52:50Z,35.1491010,-106.6849699,1515.6,78539.3,7.780,125,81,249
2026-07-25T15:52:51Z,35.1491369,-106.6850389,1515.6,78546.9,7.700,125,81,253
2026-07-25T15:52:52Z,35.1491740,-106.6851070,1515.6,78554.4,7.600,126,94,253
2026-07-25T15:52:53Z,35.1492089,-106.6851739,1515.6,78561.6,7.500,126,94,240
2026-07-25T15:52:54Z,35.1492440,-106.6852390,1515.6,78568.4,7.300,127,91,264
2026-07-25T15:52:55Z,35.1492759,-106.6853029,1515.8,78575.2,7.180,127,96,324
2026-07-25T15:52:56Z,35.1493059,-106.6853670,1516.0,78581.8,6.980,127,112,241
2026-07-25T15:52:57Z,35.1493300,-106.6854149,1516.0,78588.1,6.740,128,108,260
2026-07-25T15:52:58Z,35.1493669,-106.6854820,1516.4,78594.1,6.500,128,105,262
2026-07-25T15:52:59Z,35.1493970,-106.6855370,1516.8,78600.1,6.340,129,100,268
2026-07-25T15:53:00Z,35.1494239,-106.6855920,1517.2,78605.7,6.100,129,97,291
2026-07-25T15:53:01Z,35.1494450,-106.6856350,1517.2,78611.5,5.940,130,96,331
2026-07-25T15:53:02Z,35.1494710,-106.6856869,1517.6,78617.3,5.840,130,96,332
2026-07-25T15:53:03Z,35.1495030,-106.6857500,1517.8,78623.1,5.800,131,96,333
2026-07-25T15:53:04Z,35.1495290,-106.6858039,1518.2,78628.9,5.760,131,96,318
2026-07-25T15:53:05Z,35.1495560,-106.6858580,1518.8,78634.9,5.840,131,98,309
2026-07-25T15:53:06Z,35.1495840,-106.6859110,1519.0,78640.9,5.880,132,99,257
2026-07-25T15:53:07Z,35.1496140,-106.6859639,1519.4,78647.0,5.940,132,99,278
2026-07-25T15:53:08Z,35.1496430,-106.6860179,1519.4,78653.0,5.980,132,100,270
2026-07-25T15:53:09Z,35.1496720,-106.6860730,1519.6,78659.0,6.020,133,100,258
2026-07-25T15:53:10Z,35.1496949,-106.6861170,1519.6,78665.2,6.060,133,102,221
2026-07-25T15:53:11Z,35.1497249,-106.6861730,1519.8,78671.6,6.140,134,104,188
2026-07-25T15:53:12Z,35.1497620,-106.6862430,1520.2,78678.4,6.280,134,110,160
2026-07-25T15:53:13Z,35.1497939,-106.6863049,1520.4,78685.2,6.440,134,112,145
2026-07-25T15:53:14Z,35.1498239,-106.6863680,1520.4,78691.8,6.560,135,113,141
2026-07-25T15:53:15Z,35.1498509,-106.6864320,1520.4,78698.1,6.580,135,109,154
2026-07-25T15:53:16Z,35.1498760,-106.6864939,1520.6,78704.3,6.540,136,105,155
2026-07-25T15:53:17Z,35.1499040,-106.6865509,1520.6,78710.4,6.400,136,101,220
2026-07-25T15:53:18Z,35.1499360,-106.6866000,1520.8,78716.1,6.180,136,96,341
2026-07-25T15:53:19Z,35.1499630,-106.6866470,1521.0,78721.6,5.960,136,93,320
2026-07-25T15:53:20Z,35.1499880,-106.6866979,1521.0,78726.7,5.720,136,93,335
2026-07-25T15:53:21Z,35.1500089,-106.6867470,1521.0,78731.9,5.520,137,88,335
2026-07-25T15:53:22Z,35.1500310,-106.6867949,1521.2,78736.8,5.280,137,85,338
2026-07-25T15:53:23Z,35.1500539,-106.6868399,1521.2,78741.4,5.060,136,99,173
2026-07-25T15:53:24Z,35.1500720,-106.6868829,1521.8,78745.5,4.780,136,102,104
2026-07-25T15:53:25Z,35.1500910,-106.6869220,1522.2,78749.5,4.560,137,88,210
2026-07-25T15:53:26Z,35.1501119,-106.6869580,1522.6,78753.3,4.280,137,96,243
2026-07-25T15:53:27Z,35.1501310,-106.6869930,1522.6,78757.2,4.080,137,96,256
2026-07-25T15:53:28Z,35.1501480,-106.6870269,1522.8,78761.0,3.920,137,95,241
2026-07-25T15:53:29Z,35.1501620,-106.6870539,1523.0,78764.6,3.820,137,93,244
2026-07-25T15:53:30Z,35.1501800,-106.6870880,1523.4,78768.6,3.820,137,93,264
2026-07-25T15:53:31Z,35.1501989,-106.6871310,1523.6,78772.3,3.800,137,94,260
2026-07-25T15:53:32Z,35.1502170,-106.6871660,1524.0,78776.1,3.780,138,95,258
2026-07-25T15:53:33Z,35.1502340,-106.6871940,1524.2,78779.9,3.780,137,95,236
2026-07-25T15:53:34Z,35.1502559,-106.6872360,1524.4,78783.8,3.840,138,95,244
2026-07-25T15:53:35Z,35.1502719,-106.6872740,1524.8,78787.6,3.800,138,94,244
2026-07-25T15:53:36Z,35.1502869,-106.6873110,1524.8,78791.5,3.840,138,95,258
2026-07-25T15:53:37Z,35.1503040,-106.6873460,1525.0,78795.4,3.860,138,96,259
2026-07-25T15:53:38Z,35.1503220,-106.6873820,1525.2,78799.4,3.900,138,97,269
2026-07-25T15:53:39Z,35.1503370,-106.6874100,1525.4,78803.4,3.920,139,98,267
2026-07-25T15:53:40Z,35.1503549,-106.6874459,1525.6,78807.5,3.980,139,98,255
2026-07-25T15:53:41Z,35.1503770,-106.6874910,1526.0,78811.6,4.019,139,98,240
2026-07-25T15:53:42Z,35.1503910,-106.6875220,1526.2,78815.5,4.019,139,98,248
2026-07-25T15:53:43Z,35.1504090,-106.6875599,1526.4,78819.5,4.019,140,99,253
2026-07-25T15:53:44Z,35.1504320,-106.6876019,1526.6,78823.5,4.019,140,98,255
2026-07-25T15:53:45Z,35.1504500,-106.6876410,1526.8,78827.5,4.000,140,99,253
2026-07-25T15:53:46Z,35.1504689,-106.6876780,1527.0,78831.5,3.980,140,99,254
2026-07-25T15:53:47Z,35.1504830,-106.6877070,1527.2,78835.5,4.000,141,99,254
2026-07-25T15:53:48Z,35.1505019,-106.6877429,1527.4,78839.8,4.059,141,99,239
2026-07-25T15:53:49Z,35.1505210,-106.6877879,1527.8,78844.0,4.100,141,99,250
2026-07-25T15:53:50Z,35.1505380,-106.6878250,1527.8,78848.0,4.100,141,99,252
2026-07-25T15:53:51Z,35.1505569,-106.6878619,1528.0,78852.0,4.100,141,98,242
2026-07-25T15:53:52Z,35.1505729,-106.6878919,1528.2,78856.1,4.120,141,98,252
2026-07-25T15:53:53Z,35.1505940,-106.6879260,1528.4,78860.1,4.059,141,98,240
2026-07-25T15:53:54Z,35.1506120,-106.6879609,1528.6,78864.1,4.019,142,97,266
2026-07-25T15:53:55Z,35.1506299,-106.6879980,1528.8,78868.0,4.000,142,97,249
2026-07-25T15:53:56Z,35.1506510,-106.6880410,1529.0,78872.1,4.019,142,97,246
2026-07-25T15:53:57Z,35.1506650,-106.6880690,1529.2,78876.1,4.000,142,96,268
2026-07-25T15:53:58Z,35.1506840,-106.6881059,1529.4,78880.1,4.000,142,97,250
2026-07-25T15:53:59Z,35.1507070,-106.6881509,1529.6,78884.0,3.980,142,97,244
2026-07-25T15:54:00Z,35.1507250,-106.6881870,1530.0,78888.1,4.019,143,97,244
2026-07-25T15:54:01Z,35.1507439,-106.6882230,1530.2,78892.0,3.980,142,98,235
2026-07-25T15:54:02Z,35.1507599,-106.6882530,1530.4,78896.0,3.980,143,98,238
2026-07-25T15:54:03Z,35.1507780,-106.6882890,1530.6,78900.1,4.000,143,98,228
2026-07-25T15:54:04Z,35.1507960,-106.6883260,1530.8,78904.0,4.000,143,96,245
2026-07-25T15:54:05Z,35.1508159,-106.6883690,1531.2,78907.9,3.960,143,95,249
2026-07-25T15:54:06Z,35.1508289,-106.6883990,1531.4,78911.9,3.980,143,96,256
2026-07-25T15:54:07Z,35.1508459,-106.6884359,1531.6,78915.9,3.980,143,97,252
2026-07-25T15:54:08Z,35.1508700,-106.6884789,1531.8,78919.7,3.920,143,97,262
2026-07-25T15:54:09Z,35.1508909,-106.6885140,1531.8,78923.6,3.920,143,97,246
2026-07-25T15:54:10Z,35.1509090,-106.6885499,1532.0,78927.5,3.920,143,96,244
2026-07-25T15:54:11Z,35.1509230,-106.6885799,1532.2,78931.2,3.860,143,95,265
2026-07-25T15:54:12Z,35.1509410,-106.6886150,1532.4,78935.1,3.840,143,96,282
2026-07-25T15:54:13Z,35.1509619,-106.6886590,1532.4,78939.1,3.880,143,97,282
2026-07-25T15:54:14Z,35.1509800,-106.6886939,1532.8,78943.0,3.880,144,96,234
2026-07-25T15:54:15Z,35.1510000,-106.6887310,1533.0,78946.9,3.880,143,96,246
2026-07-25T15:54:16Z,35.1510169,-106.6887580,1533.4,78950.9,3.940,144,96,263
2026-07-25T15:54:17Z,35.1510360,-106.6887929,1533.4,78954.8,3.940,144,97,261
2026-07-25T15:54:18Z,35.1510570,-106.6888350,1533.6,78958.7,3.920,144,97,264
2026-07-25T15:54:19Z,35.1510759,-106.6888720,1533.8,78962.4,3.880,144,96,264
2026-07-25T15:54:20Z,35.1510909,-106.6889070,1534.0,78966.2,3.860,144,95,259
2026-07-25T15:54:21Z,35.1511029,-106.6889360,1534.2,78970.0,3.820,145,93,286
2026-07-25T15:54:22Z,35.1511260,-106.6889780,1534.2,78973.9,3.820,144,94,296
2026-07-25T15:54:23Z,35.1511469,-106.6890099,1534.4,78977.7,3.800,144,94,264
2026-07-25T15:54:24Z,35.1511660,-106.6890440,1534.4,78981.5,3.820,144,93,287
2026-07-25T15:54:25Z,35.1511800,-106.6890730,1534.6,78985.4,3.840,145,93,299
2026-07-25T15:54:26Z,35.1511990,-106.6891070,1535.0,78989.2,3.840,144,94,288
2026-07-25T15:54:27Z,35.1512179,-106.6891409,1535.2,78993.1,3.840,144,93,292
2026-07-25T15:54:28Z,35.1512400,-106.6891819,1535.6,78996.8,3.820,145,97,262
2026-07-25T15:54:29Z,35.1512560,-106.6892160,1535.8,79000.4,3.780,145,101,232
2026-07-25T15:54:30Z,35.1512660,-106.6892429,1536.4,79003.9,3.700,145,97,265
2026-07-25T15:54:31Z,35.1512789,-106.6892760,1536.4,79007.3,3.620,145,96,263
2026-07-25T15:54:32Z,35.1512980,-106.6893129,1536.8,79010.7,3.520,145,95,257
2026-07-25T15:54:33Z,35.1513160,-106.6893429,1536.8,79014.0,3.440,145,95,283
2026-07-25T15:54:34Z,35.1513310,-106.6893679,1537.0,79017.4,3.400,145,94,268
2026-07-25T15:54:35Z,35.1513479,-106.6893969,1537.6,79020.9,3.400,145,94,276
2026-07-25T15:54:36Z,35.1513639,-106.6894289,1537.8,79024.2,3.380,145,96,279
2026-07-25T15:54:37Z,35.1513810,-106.6894689,1538.2,79027.6,3.380,145,97,275
2026-07-25T15:54:38Z,35.1513960,-106.6895009,1538.4,79031.2,3.440,145,97,274
2026-07-25T15:54:39Z,35.1514079,-106.6895250,1538.6,79034.7,3.460,145,96,274
2026-07-25T15:54:40Z,35.1514250,-106.6895559,1538.6,79038.2,3.460,145,97,267
2026-07-25T15:54:41Z,35.1514460,-106.6895940,1539.0,79041.7,3.500,145,97,285
2026-07-25T15:54:42Z,35.1514639,-106.6896250,1539.4,79045.1,3.500,145,98,297
2026-07-25T15:54:43Z,35.1514799,-106.6896589,1539.8,79048.7,3.500,145,98,269
2026-07-25T15:54:44Z,35.1514919,-106.6896859,1540.2,79052.3,3.520,145,101,269
2026-07-25T15:54:45Z,35.1515089,-106.6897200,1540.4,79055.9,3.540,145,100,238
2026-07-25T15:54:46Z,35.1515250,-106.6897530,1540.6,79059.5,3.560,146,99,246
2026-07-25T15:54:47Z,35.1515440,-106.6897940,1540.6,79063.2,3.620,145,100,238
2026-07-25T15:54:48Z,35.1515580,-106.6898289,1541.0,79066.8,3.620,146,100,233
2026-07-25T15:54:49Z,35.1515730,-106.6898569,1541.0,79070.4,3.620,145,101,233
2026-07-25T15:54:50Z,35.1515900,-106.6898909,1541.4,79074.1,3.640,145,102,233
2026-07-25T15:54:51Z,35.1516079,-106.6899309,1541.6,79077.8,3.660,146,102,235
2026-07-25T15:54:52Z,35.1516219,-106.6899660,1541.6,79081.4,3.640,145,102,236
2026-07-25T15:54:53Z,35.1516339,-106.6899930,1542.0,79085.1,3.660,145,104,236
2026-07-25T15:54:54Z,35.1516499,-106.6900270,1542.2,79088.9,3.700,144,104,231
2026-07-25T15:54:55Z,35.1516720,-106.6900670,1542.6,79092.5,3.680,144,104,223
2026-07-25T15:54:56Z,35.1516860,-106.6900940,1542.8,79096.4,3.720,144,106,223
2026-07-25T15:54:57Z,35.1517040,-106.6901329,1543.0,79100.3,3.780,145,106,217
2026-07-25T15:54:58Z,35.1517160,-106.6901599,1543.4,79104.0,3.780,145,106,213
2026-07-25T15:54:59Z,35.1517320,-106.6901950,1543.6,79107.7,3.760,145,107,220
2026-07-25T15:55:00Z,35.1517489,-106.6902410,1543.8,79111.6,3.820,145,106,229
2026-07-25T15:55:01Z,35.1517630,-106.6902789,1544.0,79115.2,3.760,145,105,222
2026-07-25T15:55:02Z,35.1517789,-106.6903130,1544.2,79119.0,3.740,145,105,234
2026-07-25T15:55:03Z,35.1517919,-106.6903440,1544.2,79122.8,3.760,144,105,196
2026-07-25T15:55:04Z,35.1518060,-106.6903810,1544.6,79126.6,3.780,144,106,203
2026-07-25T15:55:05Z,35.1518249,-106.6904260,1544.8,79130.6,3.800,145,99,250
2026-07-25T15:55:06Z,35.1518420,-106.6904649,1545.0,79134.6,3.880,145,99,246
2026-07-25T15:55:07Z,35.1518539,-106.6904970,1545.2,79138.9,3.980,145,105,213
2026-07-25T15:55:08Z,35.1518689,-106.6905410,1545.4,79143.4,4.120,144,108,165
2026-07-25T15:55:09Z,35.1518880,-106.6905949,1545.4,79147.9,4.260,145,105,190
2026-07-25T15:55:10Z,35.1519060,-106.6906400,1545.4,79152.6,4.400,145,102,180
2026-07-25T15:55:11Z,35.1519239,-106.6906860,1545.6,79157.3,4.540,144,104,147
2026-07-25T15:55:12Z,35.1519369,-106.6907249,1545.6,79162.2,4.660,144,106,152
2026-07-25T15:55:13Z,35.1519570,-106.6907730,1545.8,79167.2,4.760,144,106,160
2026-07-25T15:55:14Z,35.1519760,-106.6908219,1546.0,79172.2,4.860,144,103,160
2026-07-25T15:55:15Z,35.1519990,-106.6908829,1546.2,79177.4,4.960,144,105,145
2026-07-25T15:55:16Z,35.1520180,-106.6909350,1546.4,79183.0,5.140,144,92,137
2026-07-25T15:55:17Z,35.1520340,-106.6909780,1546.4,79188.6,5.280,144,76,211
2026-07-25T15:55:18Z,35.1520519,-106.6910320,1546.4,79194.2,5.400,144,88,136
2026-07-25T15:55:19Z,35.1520720,-106.6910989,1546.4,79199.9,5.540,144,95,175
2026-07-25T15:55:20Z,35.1520910,-106.6911580,1546.4,79205.6,5.640,143,96,162
2026-07-25T15:55:21Z,35.1521060,-106.6912070,1546.4,79211.4,5.680,143,97,155
2026-07-25T15:55:22Z,35.1521229,-106.6912669,1546.4,79217.4,5.760,143,97,154
2026-07-25T15:55:23Z,35.1521440,-106.6913379,1546.6,79223.4,5.840,143,97,154
2026-07-25T15:55:24Z,35.1521640,-106.6913979,1546.6,79229.3,5.880,143,98,142
2026-07-25T15:55:25Z,35.1521829,-106.6914579,1546.6,79235.4,5.960,142,99,142
2026-07-25T15:55:26Z,35.1521969,-106.6915070,1546.8,79241.3,5.980,143,99,145
2026-07-25T15:55:27Z,35.1522129,-106.6915689,1546.8,79247.3,5.980,143,100,141
2026-07-25T15:55:28Z,35.1522310,-106.6916439,1546.8,79253.3,5.980,142,100,143
2026-07-25T15:55:29Z,35.1522460,-106.6917050,1546.8,79259.5,6.040,143,100,151
2026-07-25T15:55:30Z,35.1522640,-106.6917660,1547.0,79265.4,6.000,142,101,143
2026-07-25T15:55:31Z,35.1522800,-106.6918149,1547.0,79271.4,6.020,142,101,154
2026-07-25T15:55:32Z,35.1522989,-106.6918760,1547.2,79277.4,6.020,142,101,139
2026-07-25T15:55:33Z,35.1523149,-106.6919390,1547.2,79283.6,6.060,141,102,149
2026-07-25T15:55:34Z,35.1523340,-106.6920139,1547.2,79289.8,6.060,141,103,145
2026-07-25T15:55:35Z,35.1523470,-106.6920660,1547.4,79296.1,6.140,141,103,149
2026-07-25T15:55:36Z,35.1523620,-106.6921329,1547.4,79302.4,6.200,140,103,149
2026-07-25T15:55:37Z,35.1523790,-106.6922120,1547.4,79308.6,6.240,140,104,144
2026-07-25T15:55:38Z,35.1523920,-106.6922769,1547.6,79314.9,6.260,140,104,146
2026-07-25T15:55:39Z,35.1524030,-106.6923290,1547.6,79321.1,6.260,139,103,152
2026-07-25T15:55:40Z,35.1524149,-106.6923940,1547.8,79327.4,6.260,139,103,149
2026-07-25T15:55:41Z,35.1524269,-106.6924580,1547.8,79333.6,6.240,139,103,143
2026-07-25T15:55:42Z,35.1524429,-106.6925359,1547.8,79339.7,6.220,139,103,152
2026-07-25T15:55:43Z,35.1524579,-106.6926000,1547.8,79346.0,6.220,139,103,155
2026-07-25T15:55:44Z,35.1524699,-106.6926639,1548.0,79352.2,6.220,138,103,161
2026-07-25T15:55:45Z,35.1524790,-106.6927170,1548.0,79358.3,6.180,138,103,153
2026-07-25T15:55:46Z,35.1524900,-106.6927820,1548.0,79364.5,6.180,138,103,142
2026-07-25T15:55:47Z,35.1524999,-106.6928489,1548.0,79370.7,6.200,138,103,141
2026-07-25T15:55:48Z,35.1525149,-106.6929270,1548.0,79376.9,6.180,138,103,150
2026-07-25T15:55:49Z,35.1525269,-106.6929779,1548.2,79383.0,6.160,137,104,175
2026-07-25T15:55:50Z,35.1525380,-106.6930430,1548.2,79389.3,6.200,137,103,160
2026-07-25T15:55:51Z,35.1525480,-106.6931089,1548.4,79395.7,6.240,137,104,156
2026-07-25T15:55:52Z,35.1525559,-106.6931750,1548.4,79401.9,6.240,137,104,137
2026-07-25T15:55:53Z,35.1525650,-106.6932559,1548.4,79408.0,6.220,137,103,145
2026-07-25T15:55:54Z,35.1525719,-106.6933089,1548.6,79414.3,6.260,137,95,180
2026-07-25T15:55:55Z,35.1525810,-106.6933750,1548.6,79420.7,6.280,137,93,152
2026-07-25T15:55:56Z,35.1525940,-106.6934549,1548.8,79426.9,6.240,137,94,153
2026-07-25T15:55:57Z,35.1526030,-106.6935099,1548.8,79433.3,6.280,137,94,154
2026-07-25T15:55:58Z,35.1526110,-106.6935770,1549.0,79439.6,6.320,137,95,167
2026-07-25T15:55:59Z,35.1526169,-106.6936439,1549.0,79445.9,6.320,136,96,187
2026-07-25T15:56:00Z,35.1526200,-106.6937119,1549.0,79452.3,6.320,136,97,170
2026-07-25T15:56:01Z,35.1526240,-106.6937829,1549.0,79458.7,6.360,135,98,184
2026-07-25T15:56:02Z,35.1526299,-106.6938680,1549.2,79465.5,6.440,135,98,183
2026-07-25T15:56:03Z,35.1526340,-106.6939260,1549.2,79471.9,6.460,135,99,175
2026-07-25T15:56:04Z,35.1526390,-106.6939960,1549.2,79478.4,6.500,136,99,154
2026-07-25T15:56:05Z,35.1526429,-106.6940670,1549.2,79484.9,6.520,136,98,145
2026-07-25T15:56:06Z,35.1526480,-106.6941540,1549.2,79491.4,6.540,136,99,119
2026-07-25T15:56:07Z,35.1526510,-106.6942250,1549.2,79497.8,6.460,135,98,85
2026-07-25T15:56:08Z,35.1526520,-106.6942950,1549.2,79504.3,6.480,135,92,154
2026-07-25T15:56:09Z,35.1526540,-106.6943489,1549.4,79510.3,6.380,134,92,20
2026-07-25T15:56:10Z,35.1526569,-106.6944159,1549.4,79516.5,6.320,134,32,20
2026-07-25T15:56:11Z,35.1526579,-106.6944820,1549.6,79522.7,6.260,134,86,172
2026-07-25T15:56:12Z,35.1526579,-106.6945629,1549.6,79529.1,6.260,134,87,148
2026-07-25T15:56:13Z,35.1526579,-106.6946189,1549.6,79535.4,6.220,133,87,137
2026-07-25T15:56:14Z,35.1526620,-106.6946850,1549.6,79541.7,6.280,133,88,134
2026-07-25T15:56:15Z,35.1526650,-106.6947659,1549.8,79548.1,6.320,132,88,112
2026-07-25T15:56:16Z,35.1526670,-106.6948339,1549.8,79554.5,6.360,132,89,120
2026-07-25T15:56:17Z,35.1526650,-106.6949049,1549.8,79561.0,6.380,131,90,121
2026-07-25T15:56:18Z,35.1526630,-106.6949600,1549.8,79567.5,6.420,132,90,103
2026-07-25T15:56:19Z,35.1526630,-106.6950290,1550.0,79574.1,6.480,131,91,103
2026-07-25T15:56:20Z,35.1526640,-106.6951140,1550.0,79580.7,6.520,131,92,104
2026-07-25T15:56:21Z,35.1526620,-106.6951890,1550.0,79587.5,6.600,130,93,104
2026-07-25T15:56:22Z,35.1526620,-106.6952470,1550.0,79594.3,6.660,131,94,104
2026-07-25T15:56:23Z,35.1526620,-106.6953190,1550.0,79601.1,6.720,130,94,106
2026-07-25T15:56:24Z,35.1526640,-106.6953900,1550.0,79608.2,6.820,130,90,106
2026-07-25T15:56:25Z,35.1526620,-106.6954819,1550.0,79615.1,6.880,129,90,113
2026-07-25T15:56:26Z,35.1526620,-106.6955569,1550.0,79622.1,6.920,130,89,113
2026-07-25T15:56:27Z,35.1526630,-106.6956170,1550.0,79629.0,6.940,130,89,93
2026-07-25T15:56:28Z,35.1526630,-106.6956920,1550.0,79636.0,6.980,130,90,99
2026-07-25T15:56:29Z,35.1526630,-106.6957810,1550.0,79643.0,6.960,129,89,108
2026-07-25T15:56:30Z,35.1526640,-106.6958569,1550.0,79649.9,6.960,128,89,92
2026-07-25T15:56:31Z,35.1526640,-106.6959330,1550.0,79656.8,6.940,128,90,92
2026-07-25T15:56:32Z,35.1526620,-106.6959950,1549.8,79663.8,6.960,128,90,146
2026-07-25T15:56:33Z,35.1526599,-106.6960719,1549.8,79671.0,7.000,127,90,146
2026-07-25T15:56:34Z,35.1526599,-106.6961500,1549.8,79678.2,7.040,128,91,153
2026-07-25T15:56:35Z,35.1526630,-106.6962429,1549.8,79685.4,7.100,128,92,131
2026-07-25T15:56:36Z,35.1526640,-106.6963210,1549.8,79692.7,7.180,128,93,139
2026-07-25T15:56:37Z,35.1526640,-106.6963800,1549.6,79700.1,7.260,129,93,144
2026-07-25T15:56:38Z,35.1526640,-106.6964560,1549.6,79707.5,7.300,129,94,130
2026-07-25T15:56:39Z,35.1526640,-106.6965479,1549.4,79714.7,7.300,129,94,119
2026-07-25T15:56:40Z,35.1526640,-106.6966280,1549.4,79722.1,7.340,129,95,120
2026-07-25T15:56:41Z,35.1526640,-106.6966919,1549.2,79729.7,7.400,129,95,112
2026-07-25T15:56:42Z,35.1526630,-106.6967720,1549.2,79737.1,7.400,129,95,115
2026-07-25T15:56:43Z,35.1526630,-106.6968530,1549.2,79744.5,7.400,128,95,116
2026-07-25T15:56:44Z,35.1526650,-106.6969349,1549.0,79752.2,7.500,129,96,118
2026-07-25T15:56:45Z,35.1526620,-106.6970320,1549.0,79759.4,7.460,129,96,112
2026-07-25T15:56:46Z,35.1526610,-106.6970970,1549.0,79766.7,7.400,129,96,115
2026-07-25T15:56:47Z,35.1526610,-106.6971789,1549.0,79774.3,7.440,129,96,114
2026-07-25T15:56:48Z,35.1526620,-106.6972600,1549.0,79781.9,7.480,130,96,114
2026-07-25T15:56:49Z,35.1526620,-106.6973580,1549.2,79789.3,7.420,129,96,114
2026-07-25T15:56:50Z,35.1526599,-106.6974389,1549.2,79796.6,7.440,129,96,92
2026-07-25T15:56:51Z,35.1526579,-106.6975200,1549.2,79804.0,7.460,129,96,92
2026-07-25T15:56:52Z,35.1526559,-106.6975839,1549.2,79811.5,7.440,128,56,92
2026-07-25T15:56:53Z,35.1526540,-106.6976780,1549.0,79818.9,7.400,128,95,134
2026-07-25T15:56:54Z,35.1526549,-106.6977600,1549.0,79826.5,7.440,128,96,112
2026-07-25T15:56:55Z,35.1526559,-106.6978409,1549.0,79833.9,7.460,128,96,102
2026-07-25T15:56:56Z,35.1526579,-106.6979050,1549.0,79841.4,7.480,128,97,101
2026-07-25T15:56:57Z,35.1526599,-106.6979869,1549.0,79848.8,7.460,127,97,97
2026-07-25T15:56:58Z,35.1526599,-106.6980849,1549.0,79856.2,7.460,128,97,87
2026-07-25T15:56:59Z,35.1526569,-106.6981670,1548.8,79863.7,7.440,127,96,100
2026-07-25T15:57:00Z,35.1526549,-106.6982340,1548.6,79871.1,7.440,127,96,122
2026-07-25T15:57:01Z,35.1526530,-106.6983159,1548.6,79878.6,7.440,127,96,122
2026-07-25T15:57:02Z,35.1526530,-106.6983970,1548.6,79886.2,7.480,127,97,122
2026-07-25T15:57:03Z,35.1526549,-106.6984790,1548.6,79893.5,7.460,127,97,127
2026-07-25T15:57:04Z,35.1526579,-106.6985790,1548.6,79901.2,7.500,127,97,127
2026-07-25T15:57:05Z,35.1526599,-106.6986449,1548.6,79908.8,7.540,126,98,123
2026-07-25T15:57:06Z,35.1526630,-106.6987280,1548.6,79916.3,7.540,126,98,133
2026-07-25T15:57:07Z,35.1526640,-106.6988110,1548.6,79923.9,7.540,125,97,143
2026-07-25T15:57:08Z,35.1526620,-106.6989090,1548.6,79931.2,7.540,125,97,148
2026-07-25T15:57:09Z,35.1526599,-106.6989899,1548.6,79938.8,7.520,125,96,144
2026-07-25T15:57:10Z,35.1526599,-106.6990560,1548.6,79946.1,7.460,125,95,137
2026-07-25T15:57:11Z,35.1526610,-106.6991359,1548.6,79953.3,7.400,125,94,147
2026-07-25T15:57:12Z,35.1526620,-106.6992320,1548.6,79960.6,7.340,125,93,141
2026-07-25T15:57:13Z,35.1526630,-106.6993120,1548.6,79967.6,7.280,125,93,143
2026-07-25T15:57:14Z,35.1526620,-106.6993910,1548.8,79974.8,7.200,125,92,141
2026-07-25T15:57:15Z,35.1526599,-106.6994539,1548.8,79982.0,7.180,126,91,182
2026-07-25T15:57:16Z,35.1526579,-106.6995320,1548.8,79988.9,7.120,126,91,171
2026-07-25T15:57:17Z,35.1526579,-106.6996109,1549.0,79995.6,7.000,126,89,169
2026-07-25T15:57:18Z,35.1526559,-106.6997010,1549.0,80002.4,6.960,126,88,171
2026-07-25T15:57:19Z,35.1526559,-106.6997750,1549.0,80008.9,6.820,126,87,192
2026-07-25T15:57:20Z,35.1526589,-106.6998370,1549.2,80015.3,6.660,126,85,200
2026-07-25T15:57:21Z,35.1526599,-106.6999109,1549.2,80021.9,6.600,127,83,227
2026-07-25T15:57:22Z,35.1526589,-106.6999809,1549.2,80028.3,6.540,126,83,218
2026-07-25T15:57:23Z,35.1526599,-106.7000630,1549.2,80034.7,6.460,127,83,198
2026-07-25T15:57:24Z,35.1526620,-106.7001190,1549.4,80041.1,6.440,127,83,188
2026-07-25T15:57:25Z,35.1526640,-106.7001890,1549.6,80047.6,6.460,127,83,183
2026-07-25T15:57:26Z,35.1526630,-106.7002729,1549.8,80054.1,6.440,127,83,178
2026-07-25T15:57:27Z,35.1526620,-106.7003419,1550.0,80060.4,6.420,128,83,178
2026-07-25T15:57:28Z,35.1526610,-106.7004120,1550.2,80066.9,6.440,127,83,183
2026-07-25T15:57:29Z,35.1526610,-106.7004810,1550.2,80073.4,6.460,127,84,198
2026-07-25T15:57:30Z,35.1526589,-106.7005500,1550.2,80080.0,6.480,127,84,187
2026-07-25T15:57:31Z,35.1526569,-106.7006230,1550.2,80086.4,6.460,128,85,184
2026-07-25T15:57:32Z,35.1526579,-106.7006950,1550.4,80093.2,6.560,128,85,186
2026-07-25T15:57:33Z,35.1526599,-106.7007670,1550.4,80099.9,6.600,128,86,175
2026-07-25T15:57:34Z,35.1526610,-106.7008250,1550.6,80106.5,6.620,128,86,165
2026-07-25T15:57:35Z,35.1526610,-106.7009130,1550.6,80113.1,6.620,128,86,172
2026-07-25T15:57:36Z,35.1526620,-106.7009850,1550.6,80119.9,6.700,128,87,179
2026-07-25T15:57:37Z,35.1526630,-106.7010599,1550.8,80126.7,6.700,128,87,172
2026-07-25T15:57:38Z,35.1526630,-106.7011339,1550.8,80133.3,6.680,129,87,177
2026-07-25T15:57:39Z,35.1526620,-106.7012069,1551.0,80140.0,6.700,129,87,177
2026-07-25T15:57:40Z,35.1526620,-106.7012789,1551.0,80146.7,6.720,129,86,178
2026-07-25T15:57:41Z,35.1526640,-106.7013509,1551.0,80153.4,6.700,129,86,190
2026-07-25T15:57:42Z,35.1526690,-106.7014250,1551.0,80160.2,6.700,129,87,191
2026-07-25T15:57:43Z,35.1526719,-106.7014990,1551.0,80167.1,6.760,129,87,182
2026-07-25T15:57:44Z,35.1526719,-106.7015720,1551.0,80173.8,6.760,129,87,176
2026-07-25T15:57:45Z,35.1526719,-106.7016460,1551.0,80180.5,6.760,130,87,181
2026-07-25T15:57:46Z,35.1526729,-106.7017180,1551.0,80187.2,6.760,130,87,179
2026-07-25T15:57:47Z,35.1526760,-106.7017929,1551.2,80193.9,6.740,130,87,189
2026-07-25T15:57:48Z,35.1526800,-106.7018659,1551.2,80200.7,6.720,130,87,194
2026-07-25T15:57:49Z,35.1526849,-106.7019399,1551.2,80207.4,6.720,130,87,194
2026-07-25T15:57:50Z,35.1526889,-106.7020129,1551.2,80214.2,6.740,130,87,194
2026-07-25T15:57:51Z,35.1526930,-106.7020849,1551.4,80221.2,6.800,130,88,199
2026-07-25T15:57:52Z,35.1526970,-106.7021569,1551.4,80228.0,6.820,131,88,194
2026-07-25T15:57:53Z,35.1526989,-106.7022320,1551.6,80234.8,6.820,131,89,173
2026-07-25T15:57:54Z,35.1527029,-106.7023080,1551.6,80241.8,6.880,131,89,176
2026-07-25T15:57:55Z,35.1527070,-106.7023820,1551.8,80248.8,6.920,130,89,183
2026-07-25T15:57:56Z,35.1527129,-106.7024579,1551.8,80255.8,6.920,131,90,187
2026-07-25T15:57:57Z,35.1527200,-106.7025319,1552.0,80262.8,6.960,130,91,180
2026-07-25T15:57:58Z,35.1527279,-106.7026070,1552.0,80270.0,7.040,131,92,174
2026-07-25T15:57:59Z,35.1527340,-106.7026840,1552.0,80277.1,7.060,131,92,167
2026-07-25T15:58:00Z,35.1527409,-106.7027619,1552.2,80284.2,7.080,131,92,165
2026-07-25T15:58:01Z,35.1527500,-106.7028380,1552.2,80291.5,7.140,131,93,173
2026-07-25T15:58:02Z,35.1527569,-106.7029130,1552.2,80298.6,7.160,131,93,180
2026-07-25T15:58:03Z,35.1527630,-106.7029879,1552.2,80305.7,7.140,131,93,192
2026-07-25T15:58:04Z,35.1527709,-106.7030650,1552.2,80313.0,7.180,131,94,186
2026-07-25T15:58:05Z,35.1527790,-106.7031440,1552.2,80320.4,7.240,131,95,170
2026-07-25T15:58:06Z,35.1527869,-106.7032069,1552.4,80327.6,7.220,131,95,175
2026-07-25T15:58:07Z,35.1527960,-106.7032870,1552.6,80334.9,7.260,131,94,172
2026-07-25T15:58:08Z,35.1528090,-106.7033820,1552.6,80342.0,7.260,131,94,178
2026-07-25T15:58:09Z,35.1528210,-106.7034610,1552.6,80349.3,7.260,131,94,178
2026-07-25T15:58:10Z,35.1528299,-106.7035400,1552.6,80356.5,7.220,131,94,175
2026-07-25T15:58:11Z,35.1528380,-106.7036209,1552.8,80363.7,7.220,131,94,175
2026-07-25T15:58:12Z,35.1528439,-106.7036850,1552.8,80371.0,7.220,131,94,176
2026-07-25T15:58:13Z,35.1528530,-106.7037799,1552.8,80378.3,7.260,131,94,181
2026-07-25T15:58:14Z,35.1528599,-106.7038600,1552.8,80385.6,7.260,131,94,175
2026-07-25T15:58:15Z,35.1528680,-106.7039389,1552.8,80392.8,7.260,131,94,175
2026-07-25T15:58:16Z,35.1528759,-106.7040170,1553.0,80399.8,7.220,131,94,164
2026-07-25T15:58:17Z,35.1528840,-106.7040949,1553.0,80407.0,7.200,131,93,160
2026-07-25T15:58:18Z,35.1528920,-106.7041730,1553.0,80414.2,7.180,131,93,151
2026-07-25T15:58:19Z,35.1528999,-106.7042510,1553.0,80421.2,7.120,131,92,146
2026-07-25T15:58:20Z,35.1529060,-106.7043279,1553.0,80428.2,7.080,131,92,141
2026-07-25T15:58:21Z,35.1529120,-106.7044040,1553.2,80435.2,7.080,131,91,140
2026-07-25T15:58:22Z,35.1529179,-106.7044810,1553.2,80442.1,7.020,131,91,134
2026-07-25T15:58:23Z,35.1529230,-106.7045569,1553.2,80448.8,6.920,131,90,134
2026-07-25T15:58:24Z,35.1529250,-106.7046340,1553.2,80455.6,6.880,131,89,126
2026-07-25T15:58:25Z,35.1529279,-106.7047100,1553.4,80462.3,6.820,131,87,78
2026-07-25T15:58:26Z,35.1529319,-106.7047840,1553.4,80468.5,6.660,132,87,9
2026-07-25T15:58:27Z,35.1529350,-106.7048560,1553.6,80474.7,6.520,131,64,9
2026-07-25T15:58:28Z,35.1529390,-106.7049240,1553.8,80480.8,6.400,131,64,0
2026-07-25T15:58:29Z,35.1529410,-106.7049909,1553.8,80486.7,6.220,131,64,0
2026-07-25T15:58:30Z,35.1529429,-106.7050530,1554.0,80492.4,6.020,131,0,0
2026-07-25T15:58:31Z,35.1529429,-106.7051150,1554.0,80497.9,5.880,130,0,0
2026-07-25T15:58:32Z,35.1529420,-106.7051749,1554.2,80503.6,5.780,129,0,0
2026-07-25T15:58:33Z,35.1529410,-106.7052360,1554.2,80509.0,5.640,128,0,0
2026-07-25T15:58:34Z,35.1529410,-106.7052950,1554.2,80514.7,5.600,128,26,150
2026-07-25T15:58:35Z,35.1529420,-106.7053570,1554.2,80520.5,5.620,128,75,271
2026-07-25T15:58:36Z,35.1529439,-106.7054090,1554.2,80526.6,5.740,128,78,260
2026-07-25T15:58:37Z,35.1529469,-106.7054740,1554.4,80532.8,5.840,129,79,242
2026-07-25T15:58:38Z,35.1529490,-106.7055410,1554.4,80539.1,6.020,129,80,230
2026-07-25T15:58:39Z,35.1529500,-106.7056079,1554.6,80545.6,6.180,129,83,210
2026-07-25T15:58:40Z,35.1529510,-106.7056769,1554.6,80552.1,6.320,128,83,203
2026-07-25T15:58:41Z,35.1529520,-106.7057470,1554.6,80558.8,6.440,129,84,193
2026-07-25T15:58:42Z,35.1529520,-106.7058340,1554.8,80565.4,6.520,129,85,195
2026-07-25T15:58:43Z,35.1529510,-106.7059079,1554.8,80572.1,6.600,129,86,197
2026-07-25T15:58:44Z,35.1529510,-106.7059809,1555.0,80579.1,6.700,129,87,189
2026-07-25T15:58:45Z,35.1529490,-106.7060560,1555.0,80586.0,6.780,129,88,181
2026-07-25T15:58:46Z,35.1529479,-106.7061310,1555.0,80592.8,6.800,129,89,189
2026-07-25T15:58:47Z,35.1529479,-106.7062070,1555.2,80599.9,6.900,129,90,182
2026-07-25T15:58:48Z,35.1529479,-106.7062689,1555.2,80607.0,6.980,129,91,189
2026-07-25T15:58:49Z,35.1529479,-106.7063620,1555.2,80614.0,6.980,129,91,169
2026-07-25T15:58:50Z,35.1529490,-106.7064389,1555.4,80621.0,7.000,129,91,162
2026-07-25T15:58:51Z,35.1529490,-106.7065160,1555.4,80628.2,7.080,130,92,169
2026-07-25T15:58:52Z,35.1529490,-106.7065960,1555.4,80635.4,7.100,130,92,168
2026-07-25T15:58:53Z,35.1529490,-106.7066600,1555.4,80642.5,7.100,130,92,173
2026-07-25T15:58:54Z,35.1529510,-106.7067380,1555.4,80649.5,7.100,130,92,165
2026-07-25T15:58:55Z,35.1529510,-106.7068340,1555.4,80656.6,7.120,130,93,172
2026-07-25T15:58:56Z,35.1529500,-106.7069110,1555.4,80663.8,7.120,130,93,175
2026-07-25T15:58:57Z,35.1529479,-106.7069920,1555.4,80671.0,7.120,130,94,167
2026-07-25T15:58:58Z,35.1529490,-106.7070589,1555.4,80678.5,7.200,130,94,157
2026-07-25T15:58:59Z,35.1529500,-106.7071550,1555.6,80685.6,7.220,130,94,162
2026-07-25T15:59:00Z,35.1529500,-106.7072360,1555.6,80693.0,7.280,130,94,159
2026-07-25T15:59:01Z,35.1529500,-106.7073159,1555.6,80700.5,7.340,130,95,160
2026-07-25T15:59:02Z,35.1529500,-106.7073950,1555.8,80707.8,7.360,130,95,170
2026-07-25T15:59:03Z,35.1529490,-106.7074769,1555.8,80715.1,7.320,130,95,172
2026-07-25T15:59:04Z,35.1529490,-106.7075599,1555.8,80722.5,7.380,130,96,185
2026-07-25T15:59:05Z,35.1529510,-106.7076400,1556.0,80729.9,7.380,130,96,167
2026-07-25T15:59:06Z,35.1529530,-106.7077219,1556.0,80737.3,7.360,130,96,164
2026-07-25T15:59:07Z,35.1529510,-106.7077880,1556.0,80744.9,7.420,130,97,158
2026-07-25T15:59:08Z,35.1529469,-106.7078890,1556.0,80752.5,7.480,130,97,165
2026-07-25T15:59:09Z,35.1529469,-106.7079730,1556.0,80759.9,7.480,130,97,160
2026-07-25T15:59:10Z,35.1529469,-106.7080550,1556.0,80767.3,7.480,130,97,159
2026-07-25T15:59:11Z,35.1529490,-106.7081200,1556.0,80774.9,7.520,130,98,155
2026-07-25T15:59:12Z,35.1529500,-106.7082030,1556.0,80782.4,7.500,130,98,166
2026-07-25T15:59:13Z,35.1529520,-106.7082839,1556.0,80789.9,7.480,130,98,161
2026-07-25T15:59:14Z,35.1529530,-106.7083819,1556.2,80797.4,7.500,130,98,159
2026-07-25T15:59:15Z,35.1529520,-106.7084490,1556.2,80804.9,7.520,130,98,163
2026-07-25T15:59:16Z,35.1529510,-106.7085310,1556.2,80812.5,7.520,129,98,157
2026-07-25T15:59:17Z,35.1529500,-106.7086149,1556.2,80819.8,7.480,130,98,157
2026-07-25T15:59:18Z,35.1529500,-106.7086989,1556.4,80827.3,7.480,129,98,150
2026-07-25T15:59:19Z,35.1529510,-106.7087810,1556.4,80834.8,7.480,129,98,160
2026-07-25T15:59:20Z,35.1529510,-106.7088640,1556.6,80842.2,7.460,130,98,158
2026-07-25T15:59:21Z,35.1529500,-106.7089480,1556.6,80849.8,7.460,130,99,159
2026-07-25T15:59:22Z,35.1529490,-106.7090319,1556.6,80857.5,7.540,130,99,155
2026-07-25T15:59:23Z,35.1529510,-106.7091149,1556.8,80865.2,7.580,130,99,150
2026-07-25T15:59:24Z,35.1529550,-106.7091970,1556.8,80873.0,7.640,131,99,145
2026-07-25T15:59:25Z,35.1529550,-106.7092820,1557.0,80880.7,7.700,131,100,145
2026-07-25T15:59:26Z,35.1529540,-106.7093660,1557.0,80888.4,7.720,131,100,144
2026-07-25T15:59:27Z,35.1529550,-106.7094520,1557.0,80896.1,7.720,131,101,139
2026-07-25T15:59:28Z,35.1529550,-106.7095370,1557.2,80903.8,7.720,131,101,129
2026-07-25T15:59:29Z,35.1529550,-106.7096209,1557.2,80911.4,7.680,130,101,138
2026-07-25T15:59:30Z,35.1529540,-106.7097069,1557.2,80919.4,7.740,131,101,143
2026-07-25T15:59:31Z,35.1529540,-106.7097929,1557.2,80927.2,7.760,131,101,140
2026-07-25T15:59:32Z,35.1529530,-106.7098789,1557.4,80935.0,7.780,130,101,145
2026-07-25T15:59:33Z,35.1529530,-106.7099639,1557.4,80942.6,7.760,131,102,126
2026-07-25T15:59:34Z,35.1529550,-106.7100479,1557.4,80950.3,7.780,131,101,132
2026-07-25T15:59:35Z,35.1529550,-106.7101330,1557.4,80957.9,7.700,130,100,141
2026-07-25T15:59:36Z,35.1529540,-106.7102170,1557.4,80965.7,7.700,130,100,137
2026-07-25T15:59:37Z,35.1529550,-106.7103020,1557.6,80973.2,7.640,130,100,142
2026-07-25T15:59:38Z,35.1529560,-106.7103870,1557.6,80980.9,7.660,130,99,134
2026-07-25T15:59:39Z,35.1529560,-106.7104689,1557.6,80988.6,7.660,130,99,128
2026-07-25T15:59:40Z,35.1529550,-106.7105529,1557.6,80996.1,7.640,129,99,135
2026-07-25T15:59:41Z,35.1529530,-106.7106360,1557.6,81003.6,7.580,129,99,145
2026-07-25T15:59:42Z,35.1529530,-106.7107190,1557.6,81011.2,7.600,128,98,135
2026-07-25T15:59:43Z,35.1529540,-106.7108030,1557.6,81018.8,7.580,129,98,134
2026-07-25T15:59:44Z,35.1529540,-106.7108859,1557.8,81026.2,7.520,129,98,137
2026-07-25T15:59:45Z,35.1529550,-106.7109699,1557.8,81033.7,7.520,128,98,138
2026-07-25T15:59:46Z,35.1529560,-106.7110530,1557.8,81041.2,7.520,128,99,137
2026-07-25T15:59:47Z,35.1529560,-106.7111350,1557.8,81048.5,7.460,128,99,138
2026-07-25T15:59:48Z,35.1529569,-106.7112360,1558.0,81056.4,7.520,127,99,154
2026-07-25T15:59:49Z,35.1529579,-106.7113200,1558.0,81063.9,7.540,127,99,163
2026-07-25T15:59:50Z,35.1529579,-106.7114049,1558.2,81071.1,7.480,126,99,157
2026-07-25T15:59:51Z,35.1529589,-106.7114879,1558.2,81078.7,7.500,125,54,62
2026-07-25T15:59:52Z,35.1529579,-106.7115560,1558.2,81086.2,7.540,126,53,93
2026-07-25T15:59:53Z,35.1529579,-106.7116380,1558.2,81093.9,7.500,125,97,162
2026-07-25T15:59:54Z,35.1529569,-106.7117209,1558.2,81101.4,7.500,125,98,143
2026-07-25T15:59:55Z,35.1529579,-106.7118039,1558.2,81108.9,7.560,126,98,123
2026-07-25T15:59:56Z,35.1529569,-106.7118860,1558.4,81116.2,7.500,124,98,126
2026-07-25T15:59:57Z,35.1529569,-106.7119680,1558.4,81123.9,7.540,125,97,126
2026-07-25T15:59:58Z,35.1529560,-106.7120499,1558.4,81131.4,7.500,126,97,143
2026-07-25T15:59:59Z,35.1529540,-106.7121310,1558.4,81138.8,7.480,128,96,144
2026-07-25T16:00:00Z,35.1529520,-106.7122140,1558.4,81146.0,7.420,128,95,155
2026-07-25T16:00:01Z,35.1529510,-106.7122939,1558.4,81153.3,7.420,128,94,162
2026-07-25T16:00:02Z,35.1529500,-106.7123880,1558.4,81160.2,7.260,126,92,162
2026-07-25T16:00:03Z,35.1529510,-106.7124490,1558.4,81167.1,7.140,125,90,179
2026-07-25T16:00:04Z,35.1529510,-106.7125399,1558.4,81173.7,6.980,125,90,197
2026-07-25T16:00:05Z,35.1529510,-106.7126140,1558.4,81180.5,6.900,125,87,197
2026-07-25T16:00:06Z,35.1529530,-106.7126870,1558.6,81186.9,6.720,125,87,203
2026-07-25T16:00:07Z,35.1529550,-106.7127580,1558.6,81193.3,6.620,125,96,191
2026-07-25T16:00:08Z,35.1529550,-106.7128289,1558.8,81199.4,6.460,126,96,185
2026-07-25T16:00:09Z,35.1529540,-106.7128829,1558.8,81205.3,6.320,127,93,200
2026-07-25T16:00:10Z,35.1529520,-106.7129610,1558.8,81211.2,6.140,127,91,220
2026-07-25T16:00:11Z,35.1529510,-106.7130269,1559.0,81217.2,6.060,127,90,219
2026-07-25T16:00:12Z,35.1529510,-106.7130920,1559.0,81223.0,5.940,127,89,238
2026-07-25T16:00:13Z,35.1529510,-106.7131429,1559.2,81228.9,5.900,127,89,266
2026-07-25T16:00:14Z,35.1529510,-106.7132050,1559.4,81234.7,5.880,127,89,247
2026-07-25T16:00:15Z,35.1529520,-106.7132820,1559.6,81240.5,5.860,127,88,223
2026-07-25T16:00:16Z,35.1529510,-106.7133439,1560.0,81246.1,5.780,128,87,255
2026-07-25T16:00:17Z,35.1529510,-106.7134060,1560.2,81251.8,5.760,128,87,284
2026-07-25T16:00:18Z,35.1529500,-106.7134560,1560.6,81257.5,5.720,128,87,286
2026-07-25T16:00:19Z,35.1529500,-106.7135179,1560.8,81263.2,5.700,129,87,271
2026-07-25T16:00:20Z,35.1529500,-106.7135940,1561.2,81268.7,5.640,130,86,267
2026-07-25T16:00:21Z,35.1529510,-106.7136570,1561.4,81274.2,5.620,130,86,280
2026-07-25T16:00:22Z,35.1529530,-106.7137189,1561.4,81279.9,5.620,130,86,304
2026-07-25T16:00:23Z,35.1529540,-106.7137800,1561.6,81285.5,5.600,130,86,328
2026-07-25T16:00:24Z,35.1529530,-106.7138410,1561.8,81291.0,5.560,131,86,317
2026-07-25T16:00:25Z,35.1529530,-106.7139029,1562.0,81297.0,5.660,131,87,328
2026-07-25T16:00:26Z,35.1529530,-106.7139660,1562.2,81302.8,5.720,131,88,340
2026-07-25T16:00:27Z,35.1529520,-106.7140310,1562.4,81308.7,5.760,132,89,334
2026-07-25T16:00:28Z,35.1529530,-106.7140960,1562.6,81314.6,5.820,132,89,326
2026-07-25T16:00:29Z,35.1529550,-106.7141609,1562.6,81320.5,5.900,133,90,303
2026-07-25T16:00:30Z,35.1529560,-106.7142250,1562.8,81326.4,5.880,133,90,269
2026-07-25T16:00:31Z,35.1529560,-106.7142909,1563.0,81332.5,5.940,133,90,289
2026-07-25T16:00:32Z,35.1529540,-106.7143560,1563.4,81338.5,5.960,134,90,288
2026-07-25T16:00:33Z,35.1529510,-106.7144089,1563.6,81344.4,5.960,134,91,258
2026-07-25T16:00:34Z,35.1529510,-106.7144870,1564.0,81350.3,5.960,134,90,246
2026-07-25T16:00:35Z,35.1529520,-106.7145519,1564.0,81356.4,6.000,134,91,231
2026-07-25T16:00:36Z,35.1529530,-106.7146160,1564.2,81362.2,5.940,135,91,227
2026-07-25T16:00:37Z,35.1529520,-106.7146679,1564.2,81368.2,5.940,135,91,206
2026-07-25T16:00:38Z,35.1529530,-106.7147320,1564.4,81374.1,5.940,136,91,180
2026-07-25T16:00:39Z,35.1529530,-106.7148109,1564.8,81379.9,5.920,136,91,137
2026-07-25T16:00:40Z,35.1529530,-106.7148760,1565.0,81385.7,5.860,137,91,137
2026-07-25T16:00:41Z,35.1529520,-106.7149389,1565.2,81391.4,5.840,137,90,137
2026-07-25T16:00:42Z,35.1529510,-106.7149890,1565.4,81397.1,5.780,137,88,123
2026-07-25T16:00:43Z,35.1529510,-106.7150520,1565.6,81402.8,5.740,137,87,167
2026-07-25T16:00:44Z,35.1529510,-106.7151269,1566.2,81408.4,5.700,137,87,142
2026-07-25T16:00:46Z,35.1529479,-106.7151910,1566.2,81414.0,4.520,138,87,141
2026-07-25T16:00:47Z,35.1529449,-106.7152530,1566.4,81419.9,4.560,137,88,140
2026-07-25T16:00:48Z,35.1529410,-106.7153159,1566.4,81425.6,4.560,137,87,128
2026-07-25T16:00:49Z,35.1529390,-106.7153660,1566.6,81431.3,4.580,137,88,140
2026-07-25T16:00:50Z,35.1529350,-106.7154299,1566.6,81437.2,4.800,138,89,131
2026-07-25T16:00:51Z,35.1529260,-106.7155080,1566.6,81442.9,5.780,137,89,134
2026-07-25T16:00:52Z,35.1529179,-106.7155709,1566.6,81448.8,5.780,137,89,125
2026-07-25T16:00:53Z,35.1529110,-106.7156360,1566.8,81454.8,5.840,137,90,102
2026-07-25T16:00:54Z,35.1529060,-106.7156879,1566.8,81460.8,5.900,137,91,107
2026-07-25T16:00:55Z,35.1528950,-106.7157540,1566.8,81466.7,5.900,137,92,118
2026-07-25T16:00:56Z,35.1528820,-106.7158319,1566.8,81473.0,6.020,137,94,106
2026-07-25T16:00:57Z,35.1528690,-106.7158990,1566.8,81479.1,6.060,137,95,83
2026-07-25T16:00:58Z,35.1528550,-106.7159650,1566.8,81485.3,6.100,137,95,90
2026-07-25T16:00:59Z,35.1528449,-106.7160179,1566.8,81491.5,6.140,137,96,80
2026-07-25T16:01:00Z,35.1528309,-106.7160870,1566.8,81497.8,6.220,137,96,64
2026-07-25T16:01:01Z,35.1528129,-106.7161690,1566.8,81504.1,6.220,137,97,64
2026-07-25T16:01:02Z,35.1527930,-106.7162369,1567.0,81510.5,6.280,137,98,61
2026-07-25T16:01:03Z,35.1527709,-106.7163039,1567.0,81517.3,6.400,136,99,60
2026-07-25T16:01:04Z,35.1527470,-106.7163710,1567.0,81524.0,6.500,136,100,34
2026-07-25T16:01:05Z,35.1527230,-106.7164410,1567.0,81531.1,6.660,136,100,2
2026-07-25T16:01:06Z,35.1527009,-106.7165110,1567.0,81537.9,6.760,136,89,2
2026-07-25T16:01:07Z,35.1526770,-106.7165819,1567.0,81545.0,6.900,136,87,0
2026-07-25T16:01:08Z,35.1526540,-106.7166550,1567.0,81552.3,7.000,135,87,0
2026-07-25T16:01:09Z,35.1526269,-106.7167290,1567.0,81559.7,7.140,135,85,0
2026-07-25T16:01:10Z,35.1526019,-106.7167880,1566.8,81566.9,7.160,134,72,0
2026-07-25T16:01:11Z,35.1525699,-106.7168610,1566.8,81574.0,7.220,134,68,0
2026-07-25T16:01:12Z,35.1525289,-106.7169470,1566.6,81581.4,7.280,133,59,0
2026-07-25T16:01:13Z,35.1524920,-106.7170139,1566.4,81588.4,7.220,132,59,0
2026-07-25T16:01:14Z,35.1524589,-106.7170790,1566.2,81595.4,7.140,131,0,0
2026-07-25T16:01:15Z,35.1524429,-106.7171330,1566.0,81601.9,7.000,131,0,0
2026-07-25T16:01:16Z,35.1524419,-106.7172009,1565.8,81608.3,6.860,130,0,0
2026-07-25T16:01:17Z,35.1524650,-106.7172709,1565.6,81614.3,6.580,130,0,0
2026-07-25T16:01:18Z,35.1525070,-106.7173149,1565.4,81620.6,6.440,129,14,1
2026-07-25T16:01:19Z,35.1525579,-106.7173480,1565.2,81626.9,6.300,128,87,143
2026-07-25T16:01:20Z,35.1526100,-106.7173800,1565.0,81633.3,6.280,127,88,186
2026-07-25T16:01:21Z,35.1526530,-106.7174050,1565.0,81639.8,6.300,126,90,178
2026-07-25T16:01:22Z,35.1527050,-106.7174390,1564.8,81646.3,6.400,127,92,189
2026-07-25T16:01:23Z,35.1527670,-106.7174810,1564.8,81653.0,6.480,126,93,187
2026-07-25T16:01:24Z,35.1528220,-106.7175139,1564.8,81659.8,6.580,127,95,182
2026-07-25T16:01:25Z,35.1528770,-106.7175480,1564.8,81666.6,6.660,127,96,171
2026-07-25T16:01:26Z,35.1529210,-106.7175760,1564.6,81673.4,6.720,126,96,176
2026-07-25T16:01:27Z,35.1529749,-106.7176110,1564.6,81680.2,6.780,126,96,181
2026-07-25T16:01:28Z,35.1530420,-106.7176550,1564.6,81687.0,6.800,126,96,179
2026-07-25T16:01:29Z,35.1530970,-106.7176889,1564.6,81693.7,6.780,126,96,215
2026-07-25T16:01:30Z,35.1531500,-106.7177260,1564.6,81700.5,6.780,126,96,236
2026-07-25T16:01:31Z,35.1531909,-106.7177569,1564.6,81707.3,6.780,127,96,238
2026-07-25T16:01:32Z,35.1532430,-106.7177970,1564.8,81714.1,6.780,127,96,247
2026-07-25T16:01:33Z,35.1533059,-106.7178469,1564.8,81720.9,6.780,127,96,263
2026-07-25T16:01:34Z,35.1533580,-106.7178869,1564.8,81727.7,6.800,128,96,281
2026-07-25T16:01:35Z,35.1534100,-106.7179270,1564.8,81734.5,6.800,128,96,281
2026-07-25T16:01:36Z,35.1534509,-106.7179589,1564.8,81741.3,6.800,129,97,289
2026-07-25T16:01:37Z,35.1535020,-106.7180029,1565.0,81748.0,6.780,129,97,291
2026-07-25T16:01:38Z,35.1535619,-106.7180560,1565.0,81754.9,6.800,129,97,297
2026-07-25T16:01:39Z,35.1536110,-106.7181029,1565.0,81761.7,6.800,129,96,308
2026-07-25T16:01:40Z,35.1536590,-106.7181499,1565.2,81768.4,6.780,130,95,326
2026-07-25T16:01:41Z,35.1537079,-106.7181950,1565.2,81775.0,6.740,130,95,393
2026-07-25T16:01:42Z,35.1537479,-106.7182300,1565.2,81781.8,6.760,131,96,398
2026-07-25T16:01:43Z,35.1538089,-106.7182820,1565.2,81788.5,6.720,131,96,430
2026-07-25T16:01:44Z,35.1538590,-106.7183219,1565.4,81795.3,6.720,132,96,381
2026-07-25T16:01:45Z,35.1539099,-106.7183609,1565.4,81801.9,6.700,132,95,376
2026-07-25T16:01:46Z,35.1539620,-106.7183980,1565.8,81808.4,6.680,133,94,369
2026-07-25T16:01:47Z,35.1540020,-106.7184280,1566.0,81814.9,6.620,133,92,415
2026-07-25T16:01:48Z,35.1540610,-106.7184720,1566.2,81821.5,6.600,133,92,441
2026-07-25T16:01:49Z,35.1541119,-106.7185079,1566.4,81828.1,6.560,134,93,447
2026-07-25T16:01:50Z,35.1541659,-106.7185400,1566.8,81834.8,6.580,135,93,463
2026-07-25T16:01:51Z,35.1542089,-106.7185659,1567.2,81841.4,6.600,135,94,447
2026-07-25T16:01:52Z,35.1542720,-106.7186059,1567.2,81848.0,6.620,135,93,424
2026-07-25T16:01:53Z,35.1543249,-106.7186359,1567.4,81854.4,6.580,136,92,467
2026-07-25T16:01:54Z,35.1543790,-106.7186620,1567.6,81860.7,6.520,137,112,354
2026-07-25T16:01:55Z,35.1544310,-106.7186909,1567.8,81866.7,6.380,138,119,294
2026-07-25T16:01:56Z,35.1544800,-106.7187199,1568.4,81872.6,6.240,138,116,325
2026-07-25T16:01:57Z,35.1545259,-106.7187480,1568.6,81878.0,6.000,139,111,295
2026-07-25T16:01:58Z,35.1545699,-106.7187760,1568.8,81883.4,5.800,139,104,346
2026-07-25T16:01:59Z,35.1546129,-106.7188020,1569.2,81888.6,5.580,140,101,339
2026-07-25T16:02:00Z,35.1546449,-106.7188239,1569.6,81893.8,5.420,140,99,392
2026-07-25T16:02:01Z,35.1546839,-106.7188529,1570.0,81899.0,5.280,141,99,379
2026-07-25T16:02:02Z,35.1547340,-106.7188840,1570.4,81903.9,5.180,141,99,361
2026-07-25T16:02:03Z,35.1547750,-106.7189089,1571.0,81909.1,5.140,142,97,340
2026-07-25T16:02:04Z,35.1548149,-106.7189300,1571.4,81914.4,5.160,142,97,340
2026-07-25T16:02:05Z,35.1548490,-106.7189389,1571.8,81919.4,5.120,142,99,322
2026-07-25T16:02:06Z,35.1548930,-106.7189359,1572.0,81924.3,5.060,143,99,328
2026-07-25T16:02:07Z,35.1549410,-106.7189109,1572.2,81929.1,5.040,143,96,328
2026-07-25T16:02:08Z,35.1549709,-106.7188710,1572.4,81934.0,4.980,143,93,145
2026-07-25T16:02:09Z,35.1549970,-106.7188300,1573.2,81938.6,4.840,143,92,102
2026-07-25T16:02:10Z,35.1550270,-106.7187919,1573.4,81943.3,4.780,144,90,84
2026-07-25T16:02:11Z,35.1550520,-106.7187649,1573.6,81947.8,4.700,144,88,68
2026-07-25T16:02:12Z,35.1550850,-106.7187340,1573.8,81952.2,4.620,144,88,91
2026-07-25T16:02:13Z,35.1551270,-106.7187000,1574.0,81956.8,4.560,144,88,69
2026-07-25T16:02:14Z,35.1551640,-106.7186760,1574.4,81961.6,4.600,145,86,75
2026-07-25T16:02:15Z,35.1552049,-106.7186560,1574.6,81966.4,4.620,145,82,81
2026-07-25T16:02:16Z,35.1552469,-106.7186369,1575.0,81971.4,4.720,144,84,59
2026-07-25T16:02:17Z,35.1552830,-106.7186250,1575.0,81976.7,4.900,146,87,58
2026-07-25T16:02:18Z,35.1553400,-106.7186099,1575.0,81982.2,5.080,145,92,59
2026-07-25T16:02:19Z,35.1553909,-106.7186040,1575.2,81987.8,5.240,145,95,49
2026-07-25T16:02:20Z,35.1554430,-106.7186049,1575.2,81993.7,5.460,144,89,73
2026-07-25T16:02:21Z,35.1554860,-106.7186089,1575.2,81999.7,5.660,145,90,66
2026-07-25T16:02:22Z,35.1555400,-106.7186160,1575.0,82005.9,5.840,144,92,65
2026-07-25T16:02:23Z,35.1556059,-106.7186320,1575.0,82012.1,5.980,144,94,77
2026-07-25T16:02:24Z,35.1556619,-106.7186499,1574.8,82018.2,6.080,144,95,85
2026-07-25T16:02:25Z,35.1557170,-106.7186680,1574.8,82024.5,6.160,144,95,98
2026-07-25T16:02:26Z,35.1557610,-106.7186799,1574.6,82030.8,6.220,144,95,98
2026-07-25T16:02:27Z,35.1558170,-106.7186959,1574.6,82037.0,6.220,144,95,98
2026-07-25T16:02:28Z,35.1558720,-106.7187120,1574.4,82043.0,6.180,144,95,120
2026-07-25T16:02:29Z,35.1559359,-106.7187280,1574.4,82048.9,6.140,144,93,155
2026-07-25T16:02:30Z,35.1559900,-106.7187369,1574.4,82055.0,6.100,144,93,237
2026-07-25T16:02:31Z,35.1560470,-106.7187480,1574.4,82061.0,6.040,144,92,193
2026-07-25T16:02:32Z,35.1560900,-106.7187600,1574.4,82067.2,6.040,143,93,215
2026-07-25T16:02:33Z,35.1561420,-106.7187770,1574.4,82073.2,6.040,143,93,196
2026-07-25T16:02:34Z,35.1562050,-106.7187949,1574.4,82079.4,6.100,143,92,198
2026-07-25T16:02:35Z,35.1562600,-106.7188069,1574.6,82085.4,6.080,142,93,173
2026-07-25T16:02:36Z,35.1563150,-106.7188180,1574.6,82091.6,6.120,142,94,161
2026-07-25T16:02:37Z,35.1563600,-106.7188290,1574.8,82097.9,6.140,142,96,166
2026-07-25T16:02:38Z,35.1564170,-106.7188430,1574.8,82104.2,6.200,142,96,146
2026-07-25T16:02:39Z,35.1564849,-106.7188620,1575.0,82110.6,6.240,141,96,136
2026-07-25T16:02:40Z,35.1565409,-106.7188770,1575.0,82117.0,6.320,141,96,135
2026-07-25T16:02:41Z,35.1565969,-106.7188929,1575.2,82123.3,6.340,141,96,140
2026-07-25T16:02:42Z,35.1566520,-106.7189089,1575.0,82129.5,6.320,141,96,133
2026-07-25T16:02:43Z,35.1567080,-106.7189239,1575.0,82135.9,6.340,140,96,128
2026-07-25T16:02:44Z,35.1567640,-106.7189379,1575.0,82142.3,6.340,140,96,127
2026-07-25T16:02:45Z,35.1568200,-106.7189519,1575.0,82148.7,6.340,140,96,128
2026-07-25T16:02:46Z,35.1568760,-106.7189649,1575.0,82155.0,6.340,139,96,122
2026-07-25T16:02:47Z,35.1569340,-106.7189789,1575.0,82161.6,6.420,139,96,128
2026-07-25T16:02:48Z,35.1569889,-106.7189920,1575.0,82167.8,6.380,138,96,112
2026-07-25T16:02:49Z,35.1570439,-106.7190060,1575.0,82174.0,6.340,138,96,112
2026-07-25T16:02:50Z,35.1570999,-106.7190210,1575.0,82180.4,6.340,138,97,91
2026-07-25T16:02:51Z,35.1571579,-106.7190350,1575.0,82186.8,6.360,138,97,112
2026-07-25T16:02:52Z,35.1572139,-106.7190519,1575.0,82192.7,6.220,138,97,20
2026-07-25T16:02:53Z,35.1572710,-106.7190669,1575.0,82198.9,6.220,138,56,20
2026-07-25T16:02:54Z,35.1573270,-106.7190809,1575.0,82205.2,6.240,137,56,19
2026-07-25T16:02:55Z,35.1573820,-106.7190959,1575.2,82211.4,6.200,136,56,19
2026-07-25T16:02:56Z,35.1574349,-106.7191129,1575.2,82217.6,6.160,136,22,19
2026-07-25T16:02:57Z,35.1574879,-106.7191300,1575.2,82224.0,6.260,136,22,64
2026-07-25T16:02:58Z,35.1575430,-106.7191389,1575.2,82230.6,6.340,135,39,64
2026-07-25T16:02:59Z,35.1576029,-106.7191460,1575.2,82237.5,6.460,135,87,43
2026-07-25T16:03:00Z,35.1576629,-106.7191559,1575.2,82244.5,6.620,134,92,12
2026-07-25T16:03:01Z,35.1577110,-106.7191689,1575.2,82251.7,6.820,133,93,39
2026-07-25T16:03:02Z,35.1577850,-106.7191900,1575.0,82258.8,6.960,132,93,10
2026-07-25T16:03:03Z,35.1578489,-106.7192089,1575.0,82266.1,7.100,133,88,10
2026-07-25T16:03:04Z,35.1579130,-106.7192290,1574.8,82273.8,7.260,132,96,59
2026-07-25T16:03:05Z,35.1579789,-106.7192510,1574.8,82281.3,7.360,131,98,46
2026-07-25T16:03:06Z,35.1580320,-106.7192660,1574.6,82289.2,7.500,130,100,42
2026-07-25T16:03:07Z,35.1581010,-106.7192819,1574.4,82297.2,7.680,130,102,34
2026-07-25T16:03:08Z,35.1581850,-106.7193010,1574.4,82305.4,7.860,129,102,40
2026-07-25T16:03:09Z,35.1582560,-106.7193190,1574.2,82313.7,7.980,127,104,40
2026-07-25T16:03:10Z,35.1583280,-106.7193380,1574.2,82321.8,8.100,127,104,18
2026-07-25T16:03:11Z,35.1584020,-106.7193590,1574.0,82330.1,8.180,126,99,6
2026-07-25T16:03:12Z,35.1584760,-106.7193780,1573.8,82338.5,8.260,126,94,6
2026-07-25T16:03:13Z,35.1585490,-106.7193999,1573.8,82346.9,8.300,124,90,72
2026-07-25T16:03:14Z,35.1586229,-106.7194249,1573.6,82355.4,8.340,124,91,100
2026-07-25T16:03:15Z,35.1586969,-106.7194549,1573.4,82364.1,8.460,124,92,105
2026-07-25T16:03:16Z,35.1587669,-106.7194900,1573.0,82372.8,8.540,124,93,99
2026-07-25T16:03:17Z,35.1588399,-106.7195279,1572.8,82381.4,8.580,125,94,86
2026-07-25T16:03:18Z,35.1589119,-106.7195689,1572.4,82390.3,8.680,124,95,115
2026-07-25T16:03:19Z,35.1589859,-106.7196100,1572.2,82399.1,8.740,125,96,101
2026-07-25T16:03:20Z,35.1590589,-106.7196510,1572.0,82407.9,8.760,125,95,91
2026-07-25T16:03:21Z,35.1591309,-106.7196950,1572.0,82416.9,8.820,124,96,79
2026-07-25T16:03:22Z,35.1592029,-106.7197400,1571.8,82426.0,8.920,126,97,87
2026-07-25T16:03:23Z,35.1592739,-106.7197900,1571.6,82435.1,8.960,126,97,90
2026-07-25T16:03:24Z,35.1593419,-106.7198469,1571.6,82444.3,9.040,126,99,90
2026-07-25T16:03:25Z,35.1594080,-106.7199110,1571.6,82453.7,9.160,126,100,75
2026-07-25T16:03:26Z,35.1594729,-106.7199790,1571.2,82462.9,9.200,126,100,0
2026-07-25T16:03:27Z,35.1595350,-106.7200469,1571.0,82471.8,9.160,125,100,0
2026-07-25T16:03:28Z,35.1595950,-106.7201159,1570.6,82480.8,9.140,125,0,0
2026-07-25T16:03:29Z,35.1596540,-106.7201850,1570.6,82489.6,9.060,125,30,22
2026-07-25T16:03:30Z,35.1597120,-106.7202530,1570.4,82498.5,8.960,125,95,62
2026-07-25T16:03:31Z,35.1597710,-106.7203189,1570.4,82507.2,8.860,126,95,88
2026-07-25T16:03:32Z,35.1598280,-106.7203850,1570.4,82515.9,8.820,127,94,71
2026-07-25T16:03:33Z,35.1598850,-106.7204520,1570.2,82524.5,8.740,126,93,85
2026-07-25T16:03:34Z,35.1599390,-106.7205199,1570.2,82532.9,8.660,125,92,94
2026-07-25T16:03:35Z,35.1599909,-106.7205870,1570.2,82541.2,8.540,125,91,100
2026-07-25T16:03:36Z,35.1600410,-106.7206560,1570.2,82549.5,8.460,125,89,109
2026-07-25T16:03:37Z,35.1600909,-106.7207239,1570.2,82557.8,8.380,125,89,132
2026-07-25T16:03:38Z,35.1601420,-106.7207900,1570.2,82565.7,8.240,125,88,188
2026-07-25T16:03:39Z,35.1601919,-106.7208540,1570.2,82573.5,8.119,125,85,191
2026-07-25T16:03:40Z,35.1602410,-106.7209160,1570.2,82581.1,7.980,125,85,230
2026-07-25T16:03:41Z,35.1602890,-106.7209770,1570.2,82588.8,7.860,125,82,230
2026-07-25T16:03:42Z,35.1603349,-106.7210399,1570.4,82596.3,7.700,126,82,252
2026-07-25T16:03:43Z,35.1603679,-106.7210939,1570.4,82603.5,7.560,126,80,252
2026-07-25T16:03:44Z,35.1604219,-106.7211720,1570.4,82610.7,7.440,126,78,302
2026-07-25T16:03:45Z,35.1604669,-106.7212290,1570.4,82617.9,7.360,127,79,307
2026-07-25T16:03:46Z,35.1605109,-106.7212890,1570.6,82625.3,7.300,127,79,326
2026-07-25T16:03:47Z,35.1605539,-106.7213529,1570.6,82632.5,7.240,128,90,267
2026-07-25T16:03:48Z,35.1605890,-106.7214050,1570.6,82639.6,7.220,128,94,228
2026-07-25T16:03:49Z,35.1606320,-106.7214650,1571.0,82646.8,7.220,129,94,239
2026-07-25T16:03:50Z,35.1606890,-106.7215320,1571.2,82653.9,7.200,129,94,239
2026-07-25T16:03:51Z,35.1607389,-106.7215829,1571.6,82661.0,7.140,129,94,254
2026-07-25T16:03:52Z,35.1607910,-106.7216289,1571.8,82668.0,7.100,130,92,254
2026-07-25T16:03:53Z,35.1608330,-106.7216640,1572.2,82675.0,7.080,130,92,243
2026-07-25T16:03:54Z,35.1608950,-106.7217180,1572.4,82682.0,7.040,130,91,245
2026-07-25T16:03:55Z,35.1609460,-106.7217640,1572.6,82689.1,7.040,132,92,252
2026-07-25T16:03:56Z,35.1609989,-106.7218060,1572.8,82696.2,7.040,132,92,242
2026-07-25T16:03:57Z,35.1610539,-106.7218439,1573.0,82703.2,7.040,132,92,245
2026-07-25T16:03:58Z,35.1611090,-106.7218830,1573.2,82710.4,7.080,133,92,238
2026-07-25T16:03:59Z,35.1611620,-106.7219240,1573.2,82717.5,7.100,133,92,235
2026-07-25T16:04:00Z,35.1612149,-106.7219670,1573.4,82724.5,7.080,134,92,229
2026-07-25T16:04:01Z,35.1612680,-106.7220100,1573.4,82731.5,7.060,134,92,224
2026-07-25T16:04:02Z,35.1613240,-106.7220510,1573.4,82738.7,7.100,135,92,233
2026-07-25T16:04:03Z,35.1613780,-106.7220879,1573.4,82745.9,7.100,135,92,236
2026-07-25T16:04:04Z,35.1614220,-106.7221179,1573.6,82752.9,7.080,135,92,242
2026-07-25T16:04:05Z,35.1614749,-106.7221599,1573.8,82760.0,7.100,135,92,243
2026-07-25T16:04:06Z,35.1615279,-106.7222029,1574.0,82767.0,7.100,136,92,249
2026-07-25T16:04:07Z,35.1615800,-106.7222449,1574.2,82774.0,7.060,136,92,231
2026-07-25T16:04:08Z,35.1616329,-106.7222869,1574.2,82781.3,7.080,136,92,231
2026-07-25T16:04:09Z,35.1616869,-106.7223260,1574.6,82788.1,7.040,136,92,230
2026-07-25T16:04:10Z,35.1617410,-106.7223650,1574.6,82795.0,7.000,137,91,221
2026-07-25T16:04:11Z,35.1617960,-106.7224029,1574.8,82802.0,7.000,137,91,241
2026-07-25T16:04:12Z,35.1618510,-106.7224420,1574.8,82809.1,7.020,137,92,261
2026-07-25T16:04:13Z,35.1619059,-106.7224830,1574.8,82816.2,6.980,137,92,276
2026-07-25T16:04:14Z,35.1619700,-106.7225319,1575.0,82823.1,7.000,138,92,314
2026-07-25T16:04:15Z,35.1620230,-106.7225710,1575.0,82830.0,7.000,138,90,357
2026-07-25T16:04:16Z,35.1620759,-106.7226100,1575.2,82836.8,6.960,138,89,356
2026-07-25T16:04:17Z,35.1621270,-106.7226489,1575.6,82843.5,6.880,138,88,346
2026-07-25T16:04:18Z,35.1621799,-106.7226850,1575.8,82850.0,6.760,139,87,353
2026-07-25T16:04:19Z,35.1622320,-106.7227189,1576.2,82856.6,6.700,139,83,325
2026-07-25T16:04:20Z,35.1622740,-106.7227440,1576.2,82863.1,6.620,140,78,317
2026-07-25T16:04:21Z,35.1623260,-106.7227769,1576.6,82869.4,6.520,140,79,305
2026-07-25T16:04:22Z,35.1623750,-106.7228130,1576.6,82875.4,6.380,140,109,225
2026-07-25T16:04:23Z,35.1624239,-106.7228479,1576.8,82881.1,6.220,140,104,239
2026-07-25T16:04:24Z,35.1624700,-106.7228820,1577.0,82886.8,6.040,141,101,240
2026-07-25T16:04:25Z,35.1625130,-106.7229170,1577.4,82892.3,5.840,141,99,247
2026-07-25T16:04:26Z,35.1625550,-106.7229509,1577.4,82897.7,5.660,141,97,247
2026-07-25T16:04:27Z,35.1625990,-106.7229789,1577.8,82903.0,5.520,142,96,326
2026-07-25T16:04:28Z,35.1626399,-106.7230040,1578.2,82907.9,5.360,142,87,439
2026-07-25T16:04:29Z,35.1626770,-106.7230249,1578.4,82912.4,5.120,142,83,308
2026-07-25T16:04:30Z,35.1627219,-106.7230539,1578.6,82916.9,4.920,143,79,378
2026-07-25T16:04:31Z,35.1627529,-106.7230720,1578.8,82921.1,4.680,143,76,406
2026-07-25T16:04:32Z,35.1627949,-106.7230990,1579.0,82925.6,4.520,144,76,409
2026-07-25T16:04:33Z,35.1628259,-106.7231229,1579.2,82929.9,4.400,145,75,437
2026-07-25T16:04:34Z,35.1628600,-106.7231470,1579.4,82934.2,4.360,145,76,440
2026-07-25T16:04:35Z,35.1628959,-106.7231720,1580.2,82938.5,4.320,145,76,471
2026-07-25T16:04:36Z,35.1629259,-106.7231969,1580.6,82942.7,4.320,145,74,488
2026-07-25T16:04:37Z,35.1629480,-106.7232160,1580.8,82946.9,4.260,146,75,467
2026-07-25T16:04:38Z,35.1629859,-106.7232430,1581.0,82951.8,4.380,146,75,483
2026-07-25T16:04:39Z,35.1630200,-106.7232659,1581.4,82956.4,4.440,147,75,462
2026-07-25T16:04:40Z,35.1630529,-106.7232900,1581.8,82960.8,4.460,149,78,462
2026-07-25T16:04:41Z,35.1630900,-106.7233140,1582.2,82965.0,4.460,149,76,468
2026-07-25T16:04:42Z,35.1631269,-106.7233360,1582.6,82969.2,4.460,149,74,452
2026-07-25T16:04:43Z,35.1631610,-106.7233580,1582.8,82973.2,4.280,150,72,444
2026-07-25T16:04:44Z,35.1631890,-106.7233829,1583.4,82977.1,4.140,151,70,444
2026-07-25T16:04:45Z,35.1632180,-106.7234079,1583.6,82980.8,4.000,152,69,445
2026-07-25T16:04:46Z,35.1632399,-106.7234249,1584.2,82984.5,3.900,152,67,420
2026-07-25T16:04:47Z,35.1632689,-106.7234450,1584.6,82988.2,3.800,153,67,384
2026-07-25T16:04:48Z,35.1633070,-106.7234630,1585.0,82991.6,3.680,153,67,384
2026-07-25T16:04:49Z,35.1633380,-106.7234709,1585.4,82994.9,3.560,154,62,384
2026-07-25T16:04:50Z,35.1633680,-106.7234839,1585.6,82998.4,3.520,154,63,294
2026-07-25T16:04:51Z,35.1633920,-106.7234930,1586.2,83001.6,3.420,154,66,326
2026-07-25T16:04:52Z,35.1634200,-106.7235020,1586.6,83004.6,3.280,154,63,332
2026-07-25T16:04:53Z,35.1634459,-106.7235109,1587.2,83007.6,3.200,155,63,345
2026-07-25T16:04:54Z,35.1634719,-106.7235220,1587.4,83010.6,3.140,155,64,342
2026-07-25T16:04:55Z,35.1635050,-106.7235360,1587.6,83013.6,3.040,155,62,356
2026-07-25T16:04:56Z,35.1635269,-106.7235529,1588.0,83016.5,2.980,156,61,324
2026-07-25T16:04:57Z,35.1635429,-106.7235650,1588.6,83019.5,2.980,156,59,342
2026-07-25T16:04:58Z,35.1635650,-106.7235760,1589.0,83022.1,2.900,156,59,289
2026-07-25T16:04:59Z,35.1635849,-106.7235849,1589.2,83024.8,2.840,156,56,289
2026-07-25T16:05:00Z,35.1636080,-106.7235890,1589.8,83028.0,2.880,156,63,281
2026-07-25T16:05:01Z,35.1636309,-106.7236010,1590.0,83031.0,2.900,156,65,297
2026-07-25T16:05:02Z,35.1636599,-106.7236200,1590.2,83033.8,2.860,156,57,333
2026-07-25T16:05:03Z,35.1636810,-106.7236350,1590.4,83036.4,2.860,156,65,291
2026-07-25T16:05:04Z,35.1636999,-106.7236470,1591.0,83038.9,2.820,156,69,326
2026-07-25T16:05:05Z,35.1637200,-106.7236559,1591.2,83041.2,2.640,156,69,314
2026-07-25T16:05:06Z,35.1637390,-106.7236679,1591.4,83043.7,2.540,156,67,284
2026-07-25T16:05:07Z,35.1637589,-106.7236780,1591.4,83046.1,2.460,156,67,299
2026-07-25T16:05:08Z,35.1637790,-106.7236849,1591.6,83048.3,2.380,156,65,301
2026-07-25T16:05:09Z,35.1637980,-106.7236930,1592.0,83050.5,2.320,156,65,305
2026-07-25T16:05:10Z,35.1638159,-106.7237030,1592.4,83052.8,2.320,156,63,305
2026-07-25T16:05:11Z,35.1638299,-106.7237099,1592.8,83055.0,2.260,156,65,357
2026-07-25T16:05:12Z,35.1638489,-106.7237180,1593.0,83057.4,2.260,156,67,326
2026-07-25T16:05:13Z,35.1638700,-106.7237350,1593.0,83059.7,2.280,156,68,309
2026-07-25T16:05:14Z,35.1638869,-106.7237530,1593.6,83062.2,2.340,155,69,294
2026-07-25T16:05:15Z,35.1639059,-106.7237650,1593.8,83064.7,2.380,155,70,311
2026-07-25T16:05:16Z,35.1639260,-106.7237729,1594.0,83067.2,2.440,155,70,310
2026-07-25T16:05:17Z,35.1639479,-106.7237780,1594.2,83069.7,2.460,156,70,317
2026-07-25T16:05:18Z,35.1639690,-106.7237880,1594.6,83072.2,2.500,155,70,317
2026-07-25T16:05:19Z,35.1639899,-106.7237999,1594.8,83074.5,2.460,155,70,317
2026-07-25T16:05:20Z,35.1640100,-106.7238109,1595.2,83077.0,2.460,155,69,301
2026-07-25T16:05:21Z,35.1640300,-106.7238220,1595.4,83079.5,2.460,155,67,312
2026-07-25T16:05:22Z,35.1640479,-106.7238340,1595.6,83081.9,2.440,156,68,324
2026-07-25T16:05:23Z,35.1640650,-106.7238490,1596.0,83084.3,2.420,156,69,331
2026-07-25T16:05:24Z,35.1640830,-106.7238650,1596.0,83086.7,2.440,156,67,323
2026-07-25T16:05:25Z,35.1640990,-106.7238790,1596.4,83088.9,2.380,156,66,309
2026-07-25T16:05:26Z,35.1641150,-106.7238930,1596.6,83091.2,2.340,156,64,293
2026-07-25T16:05:27Z,35.1641270,-106.7239060,1597.0,83093.5,2.320,156,64,297
2026-07-25T16:05:28Z,35.1641430,-106.7239220,1597.4,83095.8,2.300,156,63,230
2026-07-25T16:05:29Z,35.1641670,-106.7239370,1597.4,83097.9,2.240,156,75,205
2026-07-25T16:05:30Z,35.1641889,-106.7239510,1597.8,83099.9,2.200,156,79,278
2026-07-25T16:05:31Z,35.1642100,-106.7239689,1598.0,83102.8,2.320,156,80,285
2026-07-25T16:05:32Z,35.1642310,-106.7239869,1598.2,83105.7,2.440,156,81,295
2026-07-25T16:05:33Z,35.1642469,-106.7240019,1598.4,83108.6,2.560,155,81,287
2026-07-25T16:05:34Z,35.1642670,-106.7240220,1598.6,83111.5,2.720,156,84,287
2026-07-25T16:05:35Z,35.1642939,-106.7240439,1598.8,83114.6,2.940,156,85,271
2026-07-25T16:05:36Z,35.1643189,-106.7240589,1598.8,83117.8,3.000,156,88,301
2026-07-25T16:05:37Z,35.1643400,-106.7240719,1599.2,83120.9,3.040,156,91,320
2026-07-25T16:05:38Z,35.1643680,-106.7240930,1599.4,83124.2,3.120,156,92,339
2026-07-25T16:05:39Z,35.1643899,-106.7241149,1599.6,83127.4,3.180,155,92,339
2026-07-25T16:05:40Z,35.1644069,-106.7241340,1599.6,83130.6,3.200,156,92,376
2026-07-25T16:05:41Z,35.1644280,-106.7241579,1600.0,83134.0,3.240,155,93,356
2026-07-25T16:05:42Z,35.1644540,-106.7241859,1600.4,83137.2,3.260,156,93,358
2026-07-25T16:05:43Z,35.1644750,-106.7242110,1600.4,83140.4,3.240,156,91,358
2026-07-25T16:05:44Z,35.1644959,-106.7242350,1601.0,83143.4,3.200,156,90,387
2026-07-25T16:05:45Z,35.1645170,-106.7242609,1601.2,83146.8,3.240,156,91,357
2026-07-25T16:05:46Z,35.1645339,-106.7242810,1601.8,83150.1,3.220,156,91,331
2026-07-25T16:05:47Z,35.1645540,-106.7243039,1602.0,83153.4,3.240,156,93,304
2026-07-25T16:05:48Z,35.1645779,-106.7243240,1602.4,83156.4,3.200,156,90,303
2026-07-25T16:05:49Z,35.1646010,-106.7243429,1602.6,83159.5,3.220,156,89,315
2026-07-25T16:05:50Z,35.1646219,-106.7243650,1603.0,83162.8,3.200,156,89,282
2026-07-25T16:05:51Z,35.1646399,-106.7243909,1603.2,83165.7,3.120,156,92,236
2026-07-25T16:05:52Z,35.1646590,-106.7244210,1603.4,83169.4,3.200,156,102,208
2026-07-25T16:05:53Z,35.1646779,-106.7244540,1604.0,83173.1,3.340,156,105,191
2026-07-25T16:05:54Z,35.1646959,-106.7244889,1604.2,83177.0,3.500,156,88,173
2026-07-25T16:05:55Z,35.1647120,-106.7245270,1604.4,83181.0,3.640,156,66,146
2026-07-25T16:05:56Z,35.1647300,-106.7245639,1604.6,83185.2,3.900,156,66,305
2026-07-25T16:05:57Z,35.1647519,-106.7246010,1605.0,83189.7,4.059,156,70,305
2026-07-25T16:05:58Z,35.1647760,-106.7246400,1605.4,83194.4,4.260,156,77,289
2026-07-25T16:05:59Z,35.1648020,-106.7246810,1605.6,83199.2,4.440,156,80,265
2026-07-25T16:06:00Z,35.1648270,-106.7247240,1605.8,83203.9,4.580,156,81,215
2026-07-25T16:06:01Z,35.1648499,-106.7247680,1606.0,83208.6,4.680,155,81,187
2026-07-25T16:06:02Z,35.1648730,-106.7248120,1606.0,83213.4,4.740,155,81,192
2026-07-25T16:06:03Z,35.1648959,-106.7248570,1606.2,83218.1,4.740,156,81,192
2026-07-25T16:06:04Z,35.1649180,-106.7249030,1606.4,83222.8,4.720,155,80,192
2026-07-25T16:06:05Z,35.1649430,-106.7249479,1606.8,83227.6,4.740,155,80,246
2026-07-25T16:06:06Z,35.1649669,-106.7249919,1607.0,83232.6,4.800,155,82,246
2026-07-25T16:06:07Z,35.1649920,-106.7250369,1607.2,83237.4,4.800,155,84,228
2026-07-25T16:06:08Z,35.1650180,-106.7250809,1607.4,83242.5,4.880,154,84,233
2026-07-25T16:06:09Z,35.1650440,-106.7251260,1607.6,83247.5,4.940,154,84,221
2026-07-25T16:06:10Z,35.1650709,-106.7251720,1607.8,83252.7,5.020,155,86,260
2026-07-25T16:06:11Z,35.1650969,-106.7252180,1608.0,83257.8,5.040,154,88,274
2026-07-25T16:06:12Z,35.1651249,-106.7252639,1608.2,83263.4,5.200,154,89,249
2026-07-25T16:06:13Z,35.1651539,-106.7253089,1608.4,83268.7,5.240,154,94,229
2026-07-25T16:06:14Z,35.1651809,-106.7253590,1608.6,83274.5,5.400,153,96,232
2026-07-25T16:06:15Z,35.1652099,-106.7254109,1608.6,83280.4,5.540,154,98,208
2026-07-25T16:06:16Z,35.1652389,-106.7254630,1609.0,83286.3,5.700,154,99,199
2026-07-25T16:06:17Z,35.1652679,-106.7255170,1609.2,83292.1,5.740,154,100,173
2026-07-25T16:06:18Z,35.1652969,-106.7255730,1609.6,83297.9,5.840,153,101,148
2026-07-25T16:06:19Z,35.1653289,-106.7256259,1609.6,83304.3,5.960,153,102,139
2026-07-25T16:06:20Z,35.1653709,-106.7256630,1609.8,83310.5,6.020,153,103,143
2026-07-25T16:06:21Z,35.1654190,-106.7256669,1610.0,83317.0,6.140,153,99,132
2026-07-25T16:06:22Z,35.1654739,-106.7256460,1610.0,83324.4,6.460,153,106,83
2026-07-25T16:06:23Z,35.1655320,-106.7256129,1610.0,83331.9,6.800,152,80,23
2026-07-25T16:06:24Z,35.1655940,-106.7255740,1610.2,83339.7,7.080,152,80,74
2026-07-25T16:06:25Z,35.1656579,-106.7255340,1610.2,83347.5,7.400,152,80,74
2026-07-25T16:06:26Z,35.1657210,-106.7254949,1610.2,83354.4,7.480,152,64,74
2026-07-25T16:06:27Z,35.1657800,-106.7254570,1610.0,83361.4,7.400,152,107,273
2026-07-25T16:06:28Z,35.1658370,-106.7254239,1610.0,83368.2,7.260,152,104,255
2026-07-25T16:06:29Z,35.1658930,-106.7253920,1610.0,83374.6,6.980,152,102,255
2026-07-25T16:06:30Z,35.1659500,-106.7253600,1609.8,83381.2,6.740,151,100,271
2026-07-25T16:06:31Z,35.1660049,-106.7253290,1609.6,83387.5,6.620,151,100,273
2026-07-25T16:06:32Z,35.1660579,-106.7252980,1609.6,83393.7,6.460,151,98,273
2026-07-25T16:06:33Z,35.1661100,-106.7252679,1609.6,83400.0,6.360,151,96,252
2026-07-25T16:06:34Z,35.1661609,-106.7252369,1609.6,83406.3,6.340,151,96,236
2026-07-25T16:06:35Z,35.1662110,-106.7252050,1609.6,83412.6,6.280,151,96,215
2026-07-25T16:06:36Z,35.1662619,-106.7251710,1609.6,83419.2,6.340,151,97,215
2026-07-25T16:06:37Z,35.1663140,-106.7251369,1610.4,83425.8,6.420,151,100,188
2026-07-25T16:06:38Z,35.1663670,-106.7251030,1610.6,83432.5,6.500,151,103,174
2026-07-25T16:06:39Z,35.1664219,-106.7250690,1611.2,83439.4,6.620,151,103,193
2026-07-25T16:06:40Z,35.1664769,-106.7250339,1611.4,83445.9,6.660,150,104,193
2026-07-25T16:06:41Z,35.1665420,-106.7249939,1611.8,83452.6,6.680,150,102,219
2026-07-25T16:06:42Z,35.1665949,-106.7249590,1611.8,83459.2,6.680,150,101,203
2026-07-25T16:06:43Z,35.1666489,-106.7249260,1611.8,83465.5,6.600,150,100,220
2026-07-25T16:06:44Z,35.1667030,-106.7248960,1611.8,83471.8,6.480,150,98,237
2026-07-25T16:06:45Z,35.1667560,-106.7248670,1611.8,83478.4,6.500,150,97,203
2026-07-25T16:06:46Z,35.1668099,-106.7248469,1611.8,83484.5,6.380,149,96,221
2026-07-25T16:06:47Z,35.1668679,-106.7248440,1611.8,83490.8,6.320,149,96,263
2026-07-25T16:06:48Z,35.1669249,-106.7248530,1612.0,83497.1,6.320,149,95,190
2026-07-25T16:06:49Z,35.1669789,-106.7248580,1612.2,83503.5,6.340,149,93,145
2026-07-25T16:06:50Z,35.1670290,-106.7248440,1612.2,83509.6,6.240,149,93,131
2026-07-25T16:06:51Z,35.1670750,-106.7248110,1612.2,83516.1,6.320,148,91,75
2026-07-25T16:06:52Z,35.1671060,-106.7247580,1612.4,83522.5,6.340,148,91,0
2026-07-25T16:06:53Z,35.1671160,-106.7246909,1612.4,83528.5,6.280,148,91,0
2026-07-25T16:06:54Z,35.1671040,-106.7246260,1612.4,83534.2,6.140,148,0,0
2026-07-25T16:06:55Z,35.1670850,-106.7245639,1612.4,83540.0,6.080,147,12,2
2026-07-25T16:06:56Z,35.1670649,-106.7245009,1612.4,83546.0,5.980,145,90,17
2026-07-25T16:06:57Z,35.1670430,-106.7244390,1612.4,83551.8,5.860,145,61,16
2026-07-25T16:06:58Z,35.1670160,-106.7243780,1612.4,83557.8,5.860,145,80,14
2026-07-25T16:06:59Z,35.1669860,-106.7243179,1612.4,83564.0,5.960,144,85,38
2026-07-25T16:07:00Z,35.1669549,-106.7242599,1612.0,83570.3,6.060,143,87,26
2026-07-25T16:07:01Z,35.1669209,-106.7242029,1612.0,83576.7,6.140,143,89,39
2026-07-25T16:07:02Z,35.1668850,-106.7241469,1612.0,83583.2,6.280,142,91,30
2026-07-25T16:07:03Z,35.1668460,-106.7240889,1611.8,83589.8,6.400,141,92,20
2026-07-25T16:07:04Z,35.1668150,-106.7240419,1611.8,83596.5,6.500,141,92,32
2026-07-25T16:07:05Z,35.1667700,-106.7239709,1611.6,83603.2,6.580,140,94,16
2026-07-25T16:07:06Z,35.1667359,-106.7239110,1611.6,83610.1,6.680,140,92,21
2026-07-25T16:07:07Z,35.1667040,-106.7238500,1611.6,83616.9,6.740,138,92,59
2026-07-25T16:07:08Z,35.1666680,-106.7237880,1611.4,83623.7,6.780,138,92,59
2026-07-25T16:07:09Z,35.1666300,-106.7237269,1611.4,83630.7,6.840,137,89,59
2026-07-25T16:07:10Z,35.1665909,-106.7236660,1611.2,83637.6,6.880,137,89,64
2026-07-25T16:07:11Z,35.1665530,-106.7236040,1611.0,83644.3,6.840,136,89,86
2026-07-25T16:07:12Z,35.1665170,-106.7235440,1611.0,83650.7,6.760,135,87,76
2026-07-25T16:07:13Z,35.1664810,-106.7234839,1610.8,83657.8,6.820,134,87,10
2026-07-25T16:07:14Z,35.1664440,-106.7234249,1610.8,83664.0,6.660,134,26,10
2026-07-25T16:07:15Z,35.1664090,-106.7233689,1610.6,83670.2,6.520,134,82,157
2026-07-25T16:07:16Z,35.1663769,-106.7233119,1610.6,83676.3,6.400,132,80,139
2026-07-25T16:07:17Z,35.1663459,-106.7232560,1610.6,83682.4,6.340,132,78,143
2026-07-25T16:07:18Z,35.1663150,-106.7232010,1610.6,83688.4,6.120,131,78,148
2026-07-25T16:07:19Z,35.1662840,-106.7231499,1610.6,83694.2,6.040,131,77,144
2026-07-25T16:07:20Z,35.1662520,-106.7230990,1610.6,83700.0,5.960,131,76,158
2026-07-25T16:07:21Z,35.1662220,-106.7230460,1610.6,83705.8,5.900,130,76,161
2026-07-25T16:07:22Z,35.1661929,-106.7229929,1610.6,83711.6,5.840,131,75,150
2026-07-25T16:07:23Z,35.1661660,-106.7229410,1610.6,83717.3,5.780,131,75,153
2026-07-25T16:07:24Z,35.1661349,-106.7228880,1610.6,83723.3,5.820,130,76,138
2026-07-25T16:07:25Z,35.1661019,-106.7228349,1610.6,83729.4,5.880,130,77,130
2026-07-25T16:07:26Z,35.1660700,-106.7227830,1610.6,83735.5,5.940,129,78,126
2026-07-25T16:07:27Z,35.1660380,-106.7227300,1610.8,83741.7,6.020,129,79,112
2026-07-25T16:07:28Z,35.1660039,-106.7226749,1611.0,83747.9,6.120,129,80,98
2026-07-25T16:07:29Z,35.1659700,-106.7226189,1611.4,83754.4,6.220,129,81,88
2026-07-25T16:07:30Z,35.1659380,-106.7225639,1611.8,83760.7,6.260,127,82,95
2026-07-25T16:07:31Z,35.1659070,-106.7225080,1611.8,83767.1,6.320,128,82,92
2026-07-25T16:07:32Z,35.1658739,-106.7224489,1612.0,83773.6,6.380,128,83,92
2026-07-25T16:07:33Z,35.1658449,-106.7224039,1612.0,83780.0,6.420,128,83,93
2026-07-25T16:07:34Z,35.1658039,-106.7223349,1612.0,83786.6,6.440,127,84,102
2026-07-25T16:07:35Z,35.1657680,-106.7222780,1611.8,83793.1,6.480,127,84,106
2026-07-25T16:07:36Z,35.1657329,-106.7222210,1611.8,83799.5,6.480,127,84,100
2026-07-25T16:07:37Z,35.1656980,-106.7221630,1611.0,83806.0,6.480,127,85,90
2026-07-25T16:07:38Z,35.1656630,-106.7221049,1610.8,83812.5,6.500,127,85,92
2026-07-25T16:07:39Z,35.1656289,-106.7220459,1610.6,83819.0,6.480,127,85,97
2026-07-25T16:07:40Z,35.1655930,-106.7219869,1610.4,83825.8,6.540,127,86,100
2026-07-25T16:07:41Z,35.1655569,-106.7219269,1610.2,83832.5,6.600,127,86,96
2026-07-25T16:07:42Z,35.1655210,-106.7218670,1610.2,83839.1,6.620,126,86,89
2026-07-25T16:07:43Z,35.1654849,-106.7218080,1610.2,83845.8,6.660,127,87,98
2026-07-25T16:07:44Z,35.1654500,-106.7217449,1610.2,83852.5,6.700,126,87,101
2026-07-25T16:07:45Z,35.1654159,-106.7216820,1610.2,83859.4,6.720,126,88,90
2026-07-25T16:07:46Z,35.1653800,-106.7216220,1610.2,83866.2,6.740,126,88,95
2026-07-25T16:07:47Z,35.1653409,-106.7215640,1610.2,83873.0,6.780,126,88,91
2026-07-25T16:07:48Z,35.1653030,-106.7215050,1610.2,83880.1,6.860,127,89,94
2026-07-25T16:07:49Z,35.1652670,-106.7214429,1610.2,83887.0,6.900,126,90,87
2026-07-25T16:07:50Z,35.1652300,-106.7213809,1610.2,83893.8,6.880,126,90,76
2026-07-25T16:07:51Z,35.1651940,-106.7213180,1610.0,83900.7,6.900,126,90,76
2026-07-25T16:07:52Z,35.1651569,-106.7212570,1610.0,83907.6,6.920,125,89,77
2026-07-25T16:07:53Z,35.1651230,-106.7211959,1610.0,83914.5,6.880,125,89,89
2026-07-25T16:07:54Z,35.1650880,-106.7211340,1610.0,83921.3,6.860,125,89,63
2026-07-25T16:07:55Z,35.1650529,-106.7210740,1610.0,83928.1,6.860,124,88,71
2026-07-25T16:07:56Z,35.1650229,-106.7210249,1609.8,83935.0,6.860,124,88,70
2026-07-25T16:07:57Z,35.1649860,-106.7209639,1609.6,83941.7,6.820,124,88,0
2026-07-25T16:07:58Z,35.1649509,-106.7209020,1609.6,83948.4,6.780,124,88,0
2026-07-25T16:07:59Z,35.1649150,-106.7208430,1609.4,83955.2,6.780,123,0,0
2026-07-25T16:08:00Z,35.1648799,-106.7207820,1609.4,83962.0,6.780,123,25,7
2026-07-25T16:08:01Z,35.1648499,-106.7207189,1609.4,83969.0,6.800,122,46,82
2026-07-25T16:08:02Z,35.1648290,-106.7206489,1609.2,83976.0,6.860,121,88,135
2026-07-25T16:08:03Z,35.1648219,-106.7205769,1609.2,83983.0,6.920,121,88,146
2026-07-25T16:08:04Z,35.1648340,-106.7205069,1609.0,83989.9,6.940,121,88,165
2026-07-25T16:08:05Z,35.1648649,-106.7204440,1609.0,83996.4,6.880,121,87,170
2026-07-25T16:08:06Z,35.1649070,-106.7203929,1609.0,84003.3,6.860,122,87,154
2026-07-25T16:08:07Z,35.1649519,-106.7203469,1609.0,84009.9,6.780,123,87,166
2026-07-25T16:08:08Z,35.1649979,-106.7202980,1609.0,84016.6,6.720,123,87,153
2026-07-25T16:08:09Z,35.1650409,-106.7202469,1609.2,84023.2,6.660,122,87,158
2026-07-25T16:08:10Z,35.1650849,-106.7201950,1609.2,84029.8,6.680,122,87,153
2026-07-25T16:08:11Z,35.1651249,-106.7201390,1609.4,84036.4,6.620,123,86,153
2026-07-25T16:08:12Z,35.1651610,-106.7200810,1609.4,84043.1,6.640,123,87,151
2026-07-25T16:08:13Z,35.1651920,-106.7200189,1609.4,84049.8,6.640,123,87,151
2026-07-25T16:08:14Z,35.1652210,-106.7199540,1609.6,84056.7,6.700,122,88,129
2026-07-25T16:08:15Z,35.1652490,-106.7198889,1609.6,84063.8,6.800,122,88,143
2026-07-25T16:08:16Z,35.1652790,-106.7198230,1609.6,84070.6,6.840,124,89,143
2026-07-25T16:08:17Z,35.1653080,-106.7197540,1609.6,84077.6,6.900,125,91,127
2026-07-25T16:08:18Z,35.1653330,-106.7196839,1609.8,84084.9,7.020,125,91,112
2026-07-25T16:08:19Z,35.1653559,-106.7196100,1609.8,84091.9,7.040,125,92,112
2026-07-25T16:08:20Z,35.1653780,-106.7195370,1609.8,84099.2,7.080,125,92,133
2026-07-25T16:08:21Z,35.1654019,-106.7194630,1609.8,84106.5,7.180,127,93,131
2026-07-25T16:08:22Z,35.1654269,-106.7193910,1609.6,84113.7,7.220,126,93,130
2026-07-25T16:08:23Z,35.1654520,-106.7193170,1609.8,84121.0,7.220,126,93,127
2026-07-25T16:08:24Z,35.1654770,-106.7192429,1609.4,84128.4,7.300,126,94,162
2026-07-25T16:08:25Z,35.1655050,-106.7191699,1609.4,84135.6,7.280,127,94,155
2026-07-25T16:08:26Z,35.1655320,-106.7190979,1609.4,84142.6,7.220,128,93,139
2026-07-25T16:08:27Z,35.1655579,-106.7190249,1609.4,84149.7,7.200,128,93,142
2026-07-25T16:08:28Z,35.1655820,-106.7189519,1609.2,84156.6,7.120,129,91,142
2026-07-25T16:08:29Z,35.1656070,-106.7188809,1609.2,84163.2,6.960,129,89,178
2026-07-25T16:08:30Z,35.1656330,-106.7188120,1609.0,84169.9,6.860,130,87,178
2026-07-25T16:08:31Z,35.1656579,-106.7187440,1609.0,84176.4,6.760,130,85,177
2026-07-25T16:08:32Z,35.1656830,-106.7186789,1609.0,84182.9,6.640,129,84,215
2026-07-25T16:08:33Z,35.1657080,-106.7186130,1609.0,84189.2,6.520,130,83,213
2026-07-25T16:08:34Z,35.1657299,-106.7185479,1609.0,84195.5,6.460,130,82,190
2026-07-25T16:08:35Z,35.1657490,-106.7184810,1609.0,84201.9,6.400,131,81,200
2026-07-25T16:08:36Z,35.1657660,-106.7184160,1609.0,84208.0,6.320,131,81,202
2026-07-25T16:08:37Z,35.1657869,-106.7183550,1609.2,84214.0,6.220,131,80,205
2026-07-25T16:08:38Z,35.1658090,-106.7182919,1609.2,84220.2,6.200,131,79,216
2026-07-25T16:08:39Z,35.1658289,-106.7182309,1609.4,84226.3,6.160,131,79,216
2026-07-25T16:08:40Z,35.1658500,-106.7181700,1609.6,84232.5,6.120,131,79,221
2026-07-25T16:08:41Z,35.1658749,-106.7180960,1610.0,84238.5,6.100,131,79,210
2026-07-25T16:08:42Z,35.1658960,-106.7180339,1610.0,84244.8,6.160,131,79,208
2026-07-25T16:08:43Z,35.1659149,-106.7179850,1610.2,84251.1,6.180,131,79,197
2026-07-25T16:08:44Z,35.1659439,-106.7179130,1610.4,84257.4,6.220,131,80,197
2026-07-25T16:08:45Z,35.1659680,-106.7178500,1610.4,84263.7,6.240,131,81,192
2026-07-25T16:08:46Z,35.1659909,-106.7177859,1610.6,84270.0,6.300,131,81,182
2026-07-25T16:08:47Z,35.1660159,-106.7177220,1610.6,84276.4,6.320,131,82,182
2026-07-25T16:08:48Z,35.1660360,-106.7176699,1610.8,84282.8,6.340,131,83,176
2026-07-25T16:08:49Z,35.1660599,-106.7176070,1610.8,84289.1,6.340,132,83,166
2026-07-25T16:08:50Z,35.1660869,-106.7175309,1611.0,84295.5,6.360,132,82,167
2026-07-25T16:08:51Z,35.1661070,-106.7174660,1611.0,84301.8,6.360,132,82,166
2026-07-25T16:08:52Z,35.1661220,-106.7174129,1611.0,84308.4,6.400,131,82,169
2026-07-25T16:08:53Z,35.1661410,-106.7173470,1611.2,84314.8,6.400,132,82,185
2026-07-25T16:08:54Z,35.1661690,-106.7172699,1611.2,84321.2,6.420,132,82,173
2026-07-25T16:08:55Z,35.1661919,-106.7172070,1611.2,84327.6,6.420,132,82,188
2026-07-25T16:08:56Z,35.1662150,-106.7171429,1611.2,84334.0,6.440,131,82,212
2026-07-25T16:08:57Z,35.1662319,-106.7170900,1611.2,84340.7,6.460,131,84,212
2026-07-25T16:08:58Z,35.1662540,-106.7170229,1611.2,84347.3,6.500,131,85,212
2026-07-25T16:08:59Z,35.1662800,-106.7169419,1611.2,84354.0,6.560,132,86,200
2026-07-25T16:09:00Z,35.1663039,-106.7168740,1611.4,84360.7,6.620,132,86,210
2026-07-25T16:09:01Z,35.1663300,-106.7168079,1611.4,84367.5,6.700,132,87,208
2026-07-25T16:09:02Z,35.1663520,-106.7167549,1611.4,84374.3,6.720,132,87,197
2026-07-25T16:09:03Z,35.1663820,-106.7166730,1611.4,84381.0,6.740,132,88,208
2026-07-25T16:09:04Z,35.1664049,-106.7166030,1611.4,84388.0,6.800,133,88,184
2026-07-25T16:09:05Z,35.1664260,-106.7165320,1611.6,84394.8,6.820,133,88,190
2026-07-25T16:09:06Z,35.1664440,-106.7164760,1611.6,84401.7,6.840,133,89,216
2026-07-25T16:09:07Z,35.1664710,-106.7164079,1611.8,84408.6,6.860,133,89,193
2026-07-25T16:09:08Z,35.1665000,-106.7163250,1611.8,84415.6,6.920,133,89,179
2026-07-25T16:09:09Z,35.1665229,-106.7162550,1611.8,84422.5,6.900,133,89,196
2026-07-25T16:09:10Z,35.1665450,-106.7161840,1611.8,84429.2,6.880,133,88,208
2026-07-25T16:09:11Z,35.1665639,-106.7161300,1612.0,84435.8,6.820,133,87,217
2026-07-25T16:09:12Z,35.1665870,-106.7160629,1612.0,84442.4,6.760,133,87,258
2026-07-25T16:09:13Z,35.1666180,-106.7159840,1612.2,84449.1,6.700,133,86,258
2026-07-25T16:09:14Z,35.1666410,-106.7159179,1612.4,84455.7,6.640,133,86,291
2026-07-25T16:09:15Z,35.1666590,-106.7158660,1612.4,84462.2,6.600,133,86,293
2026-07-25T16:09:16Z,35.1666830,-106.7158009,1612.6,84468.9,6.620,133,86,254
2026-07-25T16:09:17Z,35.1667110,-106.7157220,1612.6,84475.5,6.620,134,85,268
2026-07-25T16:09:18Z,35.1667330,-106.7156550,1612.6,84482.2,6.620,134,85,263
2026-07-25T16:09:19Z,35.1667570,-106.7155859,1612.6,84488.8,6.620,134,85,263
2026-07-25T16:09:20Z,35.1667740,-106.7155330,1612.8,84495.5,6.660,134,86,211
2026-07-25T16:09:21Z,35.1667990,-106.7154640,1613.0,84502.4,6.700,134,86,193
2026-07-25T16:09:22Z,35.1668270,-106.7153830,1613.2,84509.2,6.740,134,87,214
2026-07-25T16:09:23Z,35.1668470,-106.7153269,1613.4,84516.4,6.840,134,89,203
2026-07-25T16:09:24Z,35.1668770,-106.7152399,1613.4,84523.7,6.980,134,91,184
2026-07-25T16:09:25Z,35.1669000,-106.7151819,1613.6,84531.0,7.100,134,91,172
2026-07-25T16:09:26Z,35.1669280,-106.7151090,1613.6,84538.4,7.200,134,95,172
2026-07-25T16:09:27Z,35.1669580,-106.7150200,1613.6,84545.9,7.340,134,97,195
2026-07-25T16:09:28Z,35.1669809,-106.7149440,1613.8,84553.6,7.440,134,94,216
2026-07-25T16:09:29Z,35.1670070,-106.7148669,1614.0,84560.9,7.440,134,70,125
2026-07-25T16:09:30Z,35.1670290,-106.7148070,1614.0,84568.4,7.480,135,96,267
2026-07-25T16:09:31Z,35.1670570,-106.7147320,1614.0,84575.6,7.440,135,95,220
2026-07-25T16:09:32Z,35.1670900,-106.7146440,1614.0,84582.8,7.380,135,94,187
2026-07-25T16:09:33Z,35.1671150,-106.7145710,1614.0,84589.9,7.260,134,93,155
2026-07-25T16:09:34Z,35.1671340,-106.7145130,1614.0,84596.9,7.200,134,93,137
2026-07-25T16:09:35Z,35.1671580,-106.7144420,1614.0,84603.8,7.080,135,91,137
2026-07-25T16:09:36Z,35.1671860,-106.7143570,1614.0,84610.8,7.040,135,90,120
2026-07-25T16:09:37Z,35.1672109,-106.7142870,1614.0,84617.8,7.000,135,89,114
2026-07-25T16:09:38Z,35.1672379,-106.7142180,1614.0,84624.4,6.900,135,86,92
2026-07-25T16:09:39Z,35.1672600,-106.7141639,1614.0,84631.4,6.900,135,86,0
2026-07-25T16:09:40Z,35.1672819,-106.7140970,1614.0,84638.0,6.840,136,86,0
2026-07-25T16:09:41Z,35.1673070,-106.7140160,1614.0,84644.5,6.740,136,0,0
2026-07-25T16:09:42Z,35.1673310,-106.7139530,1614.0,84650.9,6.620,136,0,0
2026-07-25T16:09:43Z,35.1673579,-106.7138899,1614.0,84657.1,6.540,136,0,0
2026-07-25T16:09:44Z,35.1673770,-106.7138380,1614.0,84663.4,6.400,135,0,0
2026-07-25T16:09:45Z,35.1673989,-106.7137759,1614.0,84669.6,6.320,135,0,0
2026-07-25T16:09:46Z,35.1674240,-106.7137009,1614.0,84675.6,6.220,135,0,0
2026-07-25T16:09:47Z,35.1674480,-106.7136420,1614.0,84681.5,6.120,134,0,0
2026-07-25T16:09:48Z,35.1674719,-106.7135820,1613.8,84687.5,6.080,134,0,0
2026-07-25T16:09:49Z,35.1674890,-106.7135309,1613.8,84693.9,6.100,134,35,56
2026-07-25T16:09:50Z,35.1675109,-106.7134530,1613.6,84700.6,6.200,133,83,204
2026-07-25T16:09:51Z,35.1675320,-106.7133840,1613.6,84707.4,6.360,134,86,149
2026-07-25T16:09:52Z,35.1675579,-106.7133169,1613.6,84714.1,6.520,133,87,92
2026-07-25T16:09:53Z,35.1675780,-106.7132640,1613.6,84720.8,6.660,133,87,83
2026-07-25T16:09:54Z,35.1676030,-106.7131979,1613.6,84727.5,6.720,132,88,83
2026-07-25T16:09:55Z,35.1676350,-106.7131190,1613.6,84734.4,6.760,133,88,76
2026-07-25T16:09:56Z,35.1676620,-106.7130530,1613.6,84741.1,6.740,132,88,100
2026-07-25T16:09:57Z,35.1676839,-106.7129999,1613.6,84748.0,6.780,132,89,106
2026-07-25T16:09:58Z,35.1677100,-106.7129310,1613.6,84755.0,6.840,132,90,74
2026-07-25T16:09:59Z,35.1677390,-106.7128470,1613.4,84761.9,6.880,132,89,78
2026-07-25T16:10:00Z,35.1677630,-106.7127770,1613.2,84768.8,6.880,132,90,84
2026-07-25T16:10:01Z,35.1677879,-106.7127060,1613.2,84775.9,6.960,132,90,72
2026-07-25T16:10:02Z,35.1678070,-106.7126500,1613.0,84783.0,7.000,131,90,72
2026-07-25T16:10:03Z,35.1678309,-106.7125789,1612.8,84790.1,7.020,131,91,78
2026-07-25T16:10:04Z,35.1678630,-106.7124959,1612.6,84797.2,7.060,130,92,91
2026-07-25T16:10:05Z,35.1678910,-106.7124259,1612.6,84804.5,7.140,130,93,87
2026-07-25T16:10:06Z,35.1679149,-106.7123519,1612.2,84811.9,7.200,130,94,69
2026-07-25T16:10:07Z,35.1679319,-106.7122919,1612.2,84819.5,7.300,129,96,67
2026-07-25T16:10:08Z,35.1679550,-106.7122160,1612.2,84827.0,7.380,129,97,48
2026-07-25T16:10:09Z,35.1679820,-106.7121390,1612.0,84834.7,7.500,129,98,66
2026-07-25T16:10:10Z,35.1680159,-106.7120479,1612.0,84842.5,7.600,129,100,56
2026-07-25T16:10:11Z,35.1680400,-106.7119850,1611.8,84850.2,7.660,129,101,59
2026-07-25T16:10:12Z,35.1680680,-106.7119069,1611.6,84858.1,7.720,129,102,65
2026-07-25T16:10:13Z,35.1681029,-106.7118120,1611.6,84866.0,7.800,128,102,62
2026-07-25T16:10:14Z,35.1681299,-106.7117319,1611.4,84873.8,7.820,129,102,55
2026-07-25T16:10:15Z,35.1681530,-106.7116510,1611.2,84881.4,7.780,129,100,65
2026-07-25T16:10:16Z,35.1681739,-106.7115869,1611.2,84888.9,7.740,129,98,72
2026-07-25T16:10:17Z,35.1682009,-106.7115110,1611.0,84896.3,7.640,128,98,83
2026-07-25T16:10:18Z,35.1682270,-106.7114350,1610.8,84903.7,7.540,128,96,94
2026-07-25T16:10:19Z,35.1682560,-106.7113449,1610.6,84911.0,7.440,127,95,92
2026-07-25T16:10:20Z,35.1682749,-106.7112859,1610.6,84918.0,7.320,126,95,104
2026-07-25T16:10:21Z,35.1683019,-106.7112120,1610.4,84925.1,7.240,126,93,104
2026-07-25T16:10:22Z,35.1683349,-106.7111269,1610.2,84932.4,7.220,125,92,95
2026-07-25T16:10:23Z,35.1683619,-106.7110559,1610.2,84939.3,7.120,125,92,53
2026-07-25T16:10:24Z,35.1683870,-106.7109869,1609.8,84946.3,7.060,125,91,53
2026-07-25T16:10:25Z,35.1684080,-106.7109320,1610.0,84953.1,7.020,125,91,0
2026-07-25T16:10:26Z,35.1684339,-106.7108660,1609.8,84959.6,6.900,124,0,0
2026-07-25T16:10:27Z,35.1684629,-106.7107859,1609.8,84966.4,6.800,123,0,0
2026-07-25T16:10:28Z,35.1684830,-106.7107170,1609.8,84973.4,6.820,123,0,0
2026-07-25T16:10:29Z,35.1684970,-106.7106460,1609.8,84980.1,6.760,122,0,0
2026-07-25T16:10:30Z,35.1684939,-106.7105900,1609.8,84987.1,6.800,122,0,0
2026-07-25T16:10:31Z,35.1684710,-106.7105340,1609.6,84994.3,6.940,121,0,0
2026-07-25T16:10:32Z,35.1684120,-106.7105099,1609.8,85001.2,6.960,121,83,85
2026-07-25T16:10:33Z,35.1683459,-106.7105190,1609.8,85008.2,6.960,120,83,23
2026-07-25T16:10:34Z,35.1682779,-106.7105310,1609.8,85015.1,7.000,120,39,23
2026-07-25T16:10:35Z,35.1682100,-106.7105430,1609.8,85022.2,7.020,120,91,89
2026-07-25T16:10:36Z,35.1681430,-106.7105529,1609.8,85029.3,7.000,120,91,91
2026-07-25T16:10:37Z,35.1680759,-106.7105570,1609.6,85036.4,7.040,119,92,91
2026-07-25T16:10:38Z,35.1680070,-106.7105640,1609.4,85043.5,7.060,119,92,81
2026-07-25T16:10:39Z,35.1679530,-106.7105709,1609.4,85050.6,7.100,119,92,81
2026-07-25T16:10:40Z,35.1678849,-106.7105799,1609.4,85057.6,7.080,118,92,90
2026-07-25T16:10:41Z,35.1678050,-106.7105910,1609.2,85064.8,7.100,119,92,99
2026-07-25T16:10:42Z,35.1677390,-106.7106099,1609.0,85072.1,7.140,119,92,98
2026-07-25T16:10:43Z,35.1676790,-106.7106440,1609.0,85079.3,7.160,119,92,129
2026-07-25T16:10:44Z,35.1676350,-106.7106800,1609.0,85086.5,7.180,119,93,97
2026-07-25T16:10:45Z,35.1675719,-106.7107419,1608.8,85093.6,7.200,119,93,84
2026-07-25T16:10:46Z,35.1675230,-106.7107930,1608.6,85100.8,7.200,119,93,84
2026-07-25T16:10:47Z,35.1674729,-106.7108500,1608.6,85107.9,7.160,119,93,97
2026-07-25T16:10:48Z,35.1674429,-106.7108999,1608.6,85115.2,7.180,119,92,108
2026-07-25T16:10:49Z,35.1674139,-106.7109709,1608.4,85122.2,7.140,120,91,115
2026-07-25T16:10:50Z,35.1673849,-106.7110579,1608.4,85129.1,7.100,120,90,101
2026-07-25T16:10:51Z,35.1673600,-106.7111289,1608.2,85136.0,7.040,120,90,107
2026-07-25T16:10:52Z,35.1673350,-106.7111989,1608.2,85142.9,7.000,120,89,148
2026-07-25T16:10:53Z,35.1673080,-106.7112660,1608.0,85149.8,6.920,120,90,152
2026-07-25T16:10:54Z,35.1672859,-106.7113200,1608.0,85156.4,6.840,121,90,0
2026-07-25T16:10:55Z,35.1672590,-106.7113999,1608.0,85163.1,6.800,121,90,0
2026-07-25T16:10:56Z,35.1672549,-106.7114630,1608.0,85168.0,6.400,120,0,0
2026-07-25T16:10:57Z,35.1672659,-106.7115000,1608.0,85172.4,5.900,120,15,4
2026-07-25T16:10:58Z,35.1672910,-106.7115250,1608.0,85175.9,5.220,120,15,0
2026-07-25T16:10:59Z,35.1673099,-106.7115350,1608.2,85178.0,4.320,119,15,0
2026-07-25T16:11:00Z,35.1673099,-106.7115350,1608.6,85178.0,2.980,118,0,0
