timestamp,lat,lon,altitude_m,distance_m,speed_ms,heart_rate_bpm,cadence_rpm,power_w
2026-07-27T18:51:48Z,-21.7375030,166.1789632,13.0,0.4,0.974,97,85,125
2026-07-27T18:51:49Z,-21.7375110,166.1789417,13.0,1.6,1.795,99,85,126
2026-07-27T18:51:50Z,-21.7375191,166.1789310,13.0,3.4,2.325,99,87,125
2026-07-27T18:51:51Z,-21.7375298,166.1789095,13.0,6.0,2.804,100,88,124
2026-07-27T18:51:52Z,-21.7375432,166.1788881,13.0,8.9,3.187,100,89,124
2026-07-27T18:51:53Z,-21.7375566,166.1788559,13.0,12.4,3.543,100,89,124
2026-07-27T18:51:54Z,-21.7375727,166.1788237,13.0,16.0,3.852,100,89,125
2026-07-27T18:51:55Z,-21.7375875,166.1787915,13.0,20.0,4.130,103,89,124
2026-07-27T18:51:56Z,-21.7376049,166.1787486,13.0,24.3,4.381,105,89,124
2026-07-27T18:51:57Z,-21.7376237,166.1787164,13.0,28.8,4.609,106,88,124
2026-07-27T18:51:58Z,-21.7376424,166.1786735,13.0,33.5,4.819,107,88,125
2026-07-27T18:51:59Z,-21.7376626,166.1786199,13.0,38.5,5.013,108,88,125
2026-07-27T18:52:00Z,-21.7376827,166.1785877,13.0,43.5,5.190,109,88,124
2026-07-27T18:52:01Z,-21.7377014,166.1785448,13.0,48.8,5.355,110,88,124
2026-07-27T18:52:02Z,-21.7377229,166.1785018,13.0,54.2,5.509,110,88,124
2026-07-27T18:52:03Z,-21.7377444,166.1784375,13.0,59.8,5.653,111,87,124
2026-07-27T18:52:04Z,-21.7377672,166.1783946,13.0,65.7,5.791,111,88,124
2026-07-27T18:52:05Z,-21.7377873,166.1783516,13.0,71.4,5.914,112,89,125
2026-07-27T18:52:06Z,-21.7378101,166.1782873,13.0,77.5,6.037,113,89,125
2026-07-27T18:52:07Z,-21.7378315,166.1782444,13.0,83.4,6.161,114,91,125
2026-07-27T18:52:08Z,-21.7378570,166.1781800,13.0,89.7,6.289,114,93,125
2026-07-27T18:52:09Z,-21.7378798,166.1781156,13.0,96.1,6.405,115,93,124
2026-07-27T18:52:10Z,-21.7379040,166.1780727,13.0,102.6,6.511,115,93,124
2026-07-27T18:52:11Z,-21.7379294,166.1780083,13.0,109.2,6.613,116,93,125
2026-07-27T18:52:12Z,-21.7379576,166.1779547,13.0,115.7,6.703,116,93,125
2026-07-27T18:52:13Z,-21.7379844,166.1778903,13.0,122.4,6.780,117,92,124
2026-07-27T18:52:14Z,-21.7380112,166.1778474,13.0,129.3,6.847,117,92,124
2026-07-27T18:52:15Z,-21.7380381,166.1777830,13.0,136.1,6.911,117,92,124
2026-07-27T18:52:16Z,-21.7380649,166.1777186,13.0,143.1,6.973,117,92,125
2026-07-27T18:52:17Z,-21.7380944,166.1776650,13.0,150.1,7.060,117,92,124
2026-07-27T18:52:18Z,-21.7381212,166.1776006,13.0,157.2,7.139,116,92,125
2026-07-27T18:52:19Z,-21.7381400,166.1775255,13.0,164.4,7.202,117,92,124
2026-07-27T18:52:20Z,-21.7381574,166.1774611,13.0,171.6,7.248,116,92,129
2026-07-27T18:52:21Z,-21.7381614,166.1773860,13.0,178.9,7.296,116,92,129
2026-07-27T18:52:22Z,-21.7381467,166.1773217,13.0,186.2,7.342,116,92,130
2026-07-27T18:52:23Z,-21.7381145,166.1772680,13.0,193.6,7.387,116,92,130
2026-07-27T18:52:24Z,-21.7380716,166.1772037,13.0,201.0,7.429,116,92,130
2026-07-27T18:52:25Z,-21.7380220,166.1771607,13.0,208.4,7.469,116,93,130
2026-07-27T18:52:26Z,-21.7379683,166.1771178,13.0,215.9,7.507,116,92,129
2026-07-27T18:52:27Z,-21.7379160,166.1770642,13.0,223.4,7.541,116,92,130
2026-07-27T18:52:28Z,-21.7378637,166.1770213,13.0,231.0,7.575,115,92,130
2026-07-27T18:52:29Z,-21.7378128,166.1769783,13.0,238.6,7.621,114,92,130
2026-07-27T18:52:30Z,-21.7377605,166.1769140,13.0,246.3,7.680,114,92,129
2026-07-27T18:52:31Z,-21.7377095,166.1768711,13.0,254.1,7.739,114,92,130
2026-07-27T18:52:32Z,-21.7376585,166.1768281,13.0,261.9,7.785,113,92,130
2026-07-27T18:52:33Z,-21.7376062,166.1767638,13.0,269.7,7.813,112,92,130
2026-07-27T18:52:34Z,-21.7375553,166.1767209,13.0,277.3,7.818,112,92,130
2026-07-27T18:52:35Z,-21.7375016,166.1766672,13.0,285.2,7.798,111,92,130
2026-07-27T18:52:36Z,-21.7374507,166.1766243,13.0,292.9,7.749,110,92,129
2026-07-27T18:52:37Z,-21.7373984,166.1765599,13.2,300.6,7.676,110,92,129
2026-07-27T18:52:38Z,-21.7373474,166.1765170,13.2,308.3,7.589,110,93,129
2026-07-27T18:52:39Z,-21.7372951,166.1764741,13.4,315.9,7.494,110,93,130
2026-07-27T18:52:40Z,-21.7372455,166.1764312,13.4,323.3,7.400,111,92,129
2026-07-27T18:52:41Z,-21.7371958,166.1763775,13.6,330.6,7.304,112,93,130
2026-07-27T18:52:42Z,-21.7371476,166.1763346,13.6,337.9,7.209,111,93,130
2026-07-27T18:52:43Z,-21.7370993,166.1762917,13.8,345.0,7.115,111,93,130
2026-07-27T18:52:44Z,-21.7370510,166.1762381,13.8,352.1,7.024,111,93,130
2026-07-27T18:52:45Z,-21.7370014,166.1761951,14.0,359.2,6.932,110,93,129
2026-07-27T18:52:46Z,-21.7369558,166.1761522,14.2,366.1,6.844,110,93,130
2026-07-27T18:52:47Z,-21.7369102,166.1761093,14.2,372.9,6.762,110,92,130
2026-07-27T18:52:48Z,-21.7368659,166.1760557,14.4,379.5,6.683,108,92,129
2026-07-27T18:52:49Z,-21.7368203,166.1760128,14.4,386.2,6.575,107,92,130
2026-07-27T18:52:50Z,-21.7367801,166.1759698,14.6,392.7,6.354,106,92,133
2026-07-27T18:52:51Z,-21.7367466,166.1759269,14.8,398.9,6.209,106,91,135
2026-07-27T18:52:52Z,-21.7367157,166.1758733,15.0,405.0,6.094,105,91,135
2026-07-27T18:52:53Z,-21.7366916,166.1758196,15.2,411.2,5.993,105,90,135
2026-07-27T18:52:54Z,-21.7366715,166.1757660,15.2,417.1,5.908,105,90,134
2026-07-27T18:52:55Z,-21.7366621,166.1757123,15.4,422.9,5.850,106,90,134
2026-07-27T18:52:56Z,-21.7366567,166.1756587,15.6,428.8,5.799,106,89,134
2026-07-27T18:52:57Z,-21.7366527,166.1756051,15.6,434.5,5.750,106,89,134
2026-07-27T18:52:58Z,-21.7366487,166.1755407,15.8,440.2,5.703,106,89,134
2026-07-27T18:52:59Z,-21.7366447,166.1754978,15.8,445.9,5.657,106,88,134
2026-07-27T18:53:00Z,-21.7366420,166.1754334,16.0,451.5,5.614,106,88,134
2026-07-27T18:53:01Z,-21.7366379,166.1753905,16.0,457.1,5.575,106,87,135
2026-07-27T18:53:02Z,-21.7366339,166.1753261,16.2,462.7,5.541,107,87,134
2026-07-27T18:53:03Z,-21.7366299,166.1752832,16.4,468.2,5.507,106,87,135
2026-07-27T18:53:04Z,-21.7366245,166.1752188,16.4,473.8,5.476,106,87,134
2026-07-27T18:53:05Z,-21.7366205,166.1751759,16.6,479.3,5.447,107,87,135
2026-07-27T18:53:06Z,-21.7366165,166.1751115,16.6,484.6,5.422,107,87,135
2026-07-27T18:53:07Z,-21.7366125,166.1750686,16.8,490.3,5.397,107,87,134
2026-07-27T18:53:08Z,-21.7366084,166.1750042,16.8,495.5,5.376,107,87,135
2026-07-27T18:53:09Z,-21.7366058,166.1749613,17.0,500.9,5.357,107,87,135
2026-07-27T18:53:10Z,-21.7366017,166.1749184,17.2,506.2,5.337,107,87,135
2026-07-27T18:53:11Z,-21.7365977,166.1748540,17.2,511.5,5.319,107,86,135
2026-07-27T18:53:12Z,-21.7365937,166.1748111,17.4,516.9,5.306,107,85,134
2026-07-27T18:53:13Z,-21.7365897,166.1747682,17.4,522.1,5.295,106,86,134
2026-07-27T18:53:14Z,-21.7365856,166.1747038,17.6,527.3,5.288,106,86,134
2026-07-27T18:53:15Z,-21.7365830,166.1746609,17.6,532.6,5.286,106,86,134
2026-07-27T18:53:16Z,-21.7365789,166.1746073,17.8,537.9,5.286,106,86,135
2026-07-27T18:53:17Z,-21.7365749,166.1745536,17.8,543.3,5.291,106,85,135
2026-07-27T18:53:18Z,-21.7365722,166.1745000,18.0,548.6,5.286,106,85,134
2026-07-27T18:53:19Z,-21.7365696,166.1744571,18.0,554.0,5.269,106,85,135
2026-07-27T18:53:20Z,-21.7365655,166.1743927,18.2,559.1,5.256,106,83,135
2026-07-27T18:53:21Z,-21.7365615,166.1743498,18.4,564.4,5.243,106,83,135
2026-07-27T18:53:22Z,-21.7365561,166.1743069,18.4,569.5,5.232,105,83,134
2026-07-27T18:53:23Z,-21.7365521,166.1742425,18.6,574.8,5.220,105,83,135
2026-07-27T18:53:24Z,-21.7365481,166.1741996,18.6,579.9,5.211,105,83,135
2026-07-27T18:53:25Z,-21.7365441,166.1741567,18.8,585.4,5.201,105,83,134
2026-07-27T18:53:26Z,-21.7365400,166.1741030,18.8,590.3,5.192,104,83,135
2026-07-27T18:53:27Z,-21.7365360,166.1740494,19.0,595.7,5.183,104,83,134
2026-07-27T18:53:28Z,-21.7365333,166.1739957,19.0,601.1,5.174,104,82,135
2026-07-27T18:53:29Z,-21.7365266,166.1739528,19.2,605.9,5.154,104,83,134
2026-07-27T18:53:30Z,-21.7365173,166.1738884,19.2,611.3,5.129,104,83,134
2026-07-27T18:53:31Z,-21.7365079,166.1738455,19.4,616.1,5.097,104,83,135
2026-07-27T18:53:32Z,-21.7364864,166.1738026,19.6,621.4,5.035,105,83,135
2026-07-27T18:53:33Z,-21.7364582,166.1737704,19.8,626.2,4.951,105,83,135
2026-07-27T18:53:34Z,-21.7364180,166.1737597,19.8,631.3,4.882,105,84,135
2026-07-27T18:53:35Z,-21.7363764,166.1737382,20.0,636.0,4.867,105,83,138
2026-07-27T18:53:36Z,-21.7363322,166.1737597,20.0,641.0,4.975,105,83,140
2026-07-27T18:53:37Z,-21.7362946,166.1737812,20.0,645.8,5.128,105,84,139
2026-07-27T18:53:38Z,-21.7362517,166.1738026,20.0,651.2,5.288,107,83,139
2026-07-27T18:53:39Z,-21.7362128,166.1738348,20.0,656.5,5.442,107,83,139
2026-07-27T18:53:40Z,-21.7361699,166.1738670,20.0,662.3,5.602,107,82,139
2026-07-27T18:53:41Z,-21.7361283,166.1738884,20.2,667.9,5.742,108,82,139
2026-07-27T18:53:42Z,-21.7360827,166.1739206,20.2,673.8,5.867,109,83,139
2026-07-27T18:53:43Z,-21.7360331,166.1739421,20.2,679.7,5.952,109,82,140
2026-07-27T18:53:44Z,-21.7359795,166.1739421,20.2,685.7,5.976,110,83,139
2026-07-27T18:53:45Z,-21.7359379,166.1739099,20.4,691.6,5.916,109,83,139
2026-07-27T18:53:46Z,-21.7359124,166.1738670,20.6,697.2,5.855,109,83,140
2026-07-27T18:53:47Z,-21.7358963,166.1738026,20.6,703.3,5.795,109,83,139
2026-07-27T18:53:48Z,-21.7358856,166.1737382,20.8,709.0,5.752,109,83,139
2026-07-27T18:53:49Z,-21.7358802,166.1736953,20.8,714.6,5.709,108,83,140
2026-07-27T18:53:50Z,-21.7358749,166.1736310,21.0,720.2,5.668,107,83,139
2026-07-27T18:53:51Z,-21.7358695,166.1735880,21.2,726.1,5.629,107,83,140
2026-07-27T18:53:52Z,-21.7358628,166.1735237,21.2,731.8,5.597,106,84,140
2026-07-27T18:53:53Z,-21.7358561,166.1734807,21.4,737.3,5.560,106,84,139
2026-07-27T18:53:54Z,-21.7358480,166.1734164,21.4,743.0,5.521,106,84,140
2026-07-27T18:53:55Z,-21.7358346,166.1733735,21.6,748.3,5.464,106,84,140
2026-07-27T18:53:56Z,-21.7358038,166.1733305,21.8,753.5,5.342,106,84,139
2026-07-27T18:53:57Z,-21.7357609,166.1733091,22.0,759.1,5.263,106,84,139
2026-07-27T18:53:58Z,-21.7357180,166.1732984,22.0,764.1,5.233,107,84,139
2026-07-27T18:53:59Z,-21.7356710,166.1732876,22.2,769.5,5.232,107,83,140
2026-07-27T18:54:00Z,-21.7356227,166.1732662,22.2,774.8,5.241,107,83,140
2026-07-27T18:54:01Z,-21.7355771,166.1732662,22.4,780.0,5.249,107,83,139
2026-07-27T18:54:02Z,-21.7355329,166.1732340,22.4,785.3,5.248,106,82,140
2026-07-27T18:54:03Z,-21.7354967,166.1732018,22.6,790.5,5.233,106,82,140
2026-07-27T18:54:04Z,-21.7354685,166.1731803,22.8,795.7,5.214,106,83,140
2026-07-27T18:54:05Z,-21.7354538,166.1731267,22.8,800.8,5.204,0,83,140
2026-07-27T18:54:06Z,-21.7354470,166.1730731,23.0,806.1,5.237,0,83,140
2026-07-27T18:54:07Z,-21.7354511,166.1730194,23.0,811.4,5.273,0,83,140
2026-07-27T18:54:08Z,-21.7354564,166.1729765,23.0,816.6,5.315,0,83,140
2026-07-27T18:54:09Z,-21.7354672,166.1729121,23.2,822.0,5.355,0,83,140
2026-07-27T18:54:10Z,-21.7354766,166.1728692,23.2,827.2,5.383,0,83,139
2026-07-27T18:54:11Z,-21.7354819,166.1728263,23.4,832.7,5.404,0,83,139
2026-07-27T18:54:12Z,-21.7354900,166.1727619,23.4,838.1,5.423,0,83,139
2026-07-27T18:54:13Z,-21.7354953,166.1727190,23.6,843.5,5.441,0,83,140
2026-07-27T18:54:14Z,-21.7355007,166.1726546,23.6,849.1,5.460,0,83,139
2026-07-27T18:54:15Z,-21.7355061,166.1726117,23.8,854.3,5.475,0,83,139
2026-07-27T18:54:16Z,-21.7355128,166.1725688,23.8,859.8,5.485,0,83,140
2026-07-27T18:54:17Z,-21.7355034,166.1725044,24.0,865.2,5.425,0,83,139
2026-07-27T18:54:18Z,-21.7354739,166.1724615,24.2,870.6,5.301,0,84,139
2026-07-27T18:54:19Z,-21.7354269,166.1724401,24.4,876.7,5.198,0,84,140
2026-07-27T18:54:20Z,-21.7353840,166.1724401,24.4,881.3,5.191,0,85,142
2026-07-27T18:54:21Z,-21.7353331,166.1724401,24.6,887.2,5.195,0,86,145
2026-07-27T18:54:22Z,-21.7352955,166.1724722,24.6,891.8,5.292,0,86,145
2026-07-27T18:54:23Z,-21.7352553,166.1724937,24.6,896.8,5.519,0,87,145
2026-07-27T18:54:24Z,-21.7352030,166.1725152,24.4,903.6,5.907,0,87,145
2026-07-27T18:54:25Z,-21.7351627,166.1725473,24.4,908.8,6.205,0,87,144
2026-07-27T18:54:26Z,-21.7351158,166.1725795,24.2,915.1,6.548,0,87,145
2026-07-27T18:54:27Z,-21.7350635,166.1726224,24.0,922.0,6.904,0,87,144
2026-07-27T18:54:28Z,-21.7350125,166.1726546,23.8,929.0,7.253,0,87,145
2026-07-27T18:54:29Z,-21.7349575,166.1727083,23.6,936.6,7.619,0,87,145
2026-07-27T18:54:30Z,-21.7349039,166.1727512,23.4,944.0,7.979,0,87,144
2026-07-27T18:54:31Z,-21.7348449,166.1727941,23.0,952.5,8.370,0,87,144
2026-07-27T18:54:32Z,-21.7347832,166.1728585,22.8,961.1,8.737,0,88,144
2026-07-27T18:54:33Z,-21.7347202,166.1729014,22.4,969.8,9.067,0,88,144
2026-07-27T18:54:34Z,-21.7346478,166.1729443,22.0,979.0,9.367,0,88,144
2026-07-27T18:54:35Z,-21.7345659,166.1729658,21.8,988.4,9.595,110,88,145
2026-07-27T18:54:36Z,-21.7344734,166.1729443,21.6,999.2,9.784,110,88,145
2026-07-27T18:54:37Z,-21.7343929,166.1728692,21.2,1010.8,10.016,109,88,145
2026-07-27T18:54:38Z,-21.7343567,166.1728263,21.0,1017.3,10.161,109,87,144
2026-07-27T18:54:39Z,-21.7343085,166.1727297,20.6,1028.1,10.410,109,87,145
2026-07-27T18:54:40Z,-21.7342629,166.1726439,20.2,1039.3,10.670,109,87,144
2026-07-27T18:54:41Z,-21.7342226,166.1725473,19.8,1049.7,10.887,109,87,144
2026-07-27T18:54:42Z,-21.7341717,166.1724615,19.4,1060.5,11.106,109,87,144
2026-07-27T18:54:43Z,-21.7340831,166.1724079,19.0,1071.7,11.322,108,88,145
2026-07-27T18:54:44Z,-21.7340094,166.1724937,18.6,1083.5,11.453,109,88,144
2026-07-27T18:54:45Z,-21.7339785,166.1726010,18.2,1094.9,11.580,109,88,144
2026-07-27T18:54:46Z,-21.7339088,166.1726868,17.8,1107.0,11.745,109,88,144
2026-07-27T18:54:47Z,-21.7338069,166.1727083,17.4,1118.8,11.881,109,88,145
2026-07-27T18:54:48Z,-21.7337157,166.1726546,17.4,1130.2,11.729,110,88,145
2026-07-27T18:54:49Z,-21.7336607,166.1725688,17.4,1141.6,11.628,109,88,145
2026-07-27T18:54:50Z,-21.7336258,166.1724615,17.0,1153.8,11.668,109,88,147
2026-07-27T18:54:51Z,-21.7335682,166.1723650,16.6,1165.3,11.808,109,88,150
2026-07-27T18:54:52Z,-21.7334662,166.1723328,16.2,1177.3,12.009,109,88,150
2026-07-27T18:54:53Z,-21.7333589,166.1723542,15.8,1189.4,12.126,109,88,150
2026-07-27T18:54:54Z,-21.7332503,166.1723864,15.4,1201.8,12.218,109,89,150
2026-07-27T18:54:55Z,-21.7331471,166.1723542,15.0,1213.7,12.316,109,89,150
2026-07-27T18:54:56Z,-21.7330827,166.1722577,14.6,1225.8,12.413,109,90,150
2026-07-27T18:54:57Z,-21.7330438,166.1721396,14.2,1238.6,12.481,109,90,150
2026-07-27T18:54:58Z,-21.7330237,166.1720324,14.0,1251.0,12.465,109,90,149
2026-07-27T18:54:59Z,-21.7330076,166.1719143,13.8,1263.4,12.386,109,90,150
2026-07-27T18:55:00Z,-21.7329942,166.1717856,13.6,1275.8,12.293,110,90,149
2026-07-27T18:55:01Z,-21.7329808,166.1716676,13.6,1288.3,12.193,110,90,150
2026-07-27T18:55:02Z,-21.7329660,166.1715603,13.4,1300.3,12.066,110,90,150
2026-07-27T18:55:03Z,-21.7329070,166.1714637,13.6,1311.8,11.730,110,90,149
2026-07-27T18:55:04Z,-21.7328037,166.1714315,14.0,1323.7,11.195,111,90,150
2026-07-27T18:55:05Z,-21.7327313,166.1715174,14.4,1334.4,10.809,110,90,149
2026-07-27T18:55:06Z,-21.7326964,166.1716032,14.6,1345.4,10.414,111,90,149
2026-07-27T18:55:07Z,-21.7326669,166.1716998,14.8,1355.2,10.090,111,90,150
2026-07-27T18:55:08Z,-21.7325945,166.1717534,15.2,1365.5,9.743,111,90,149
2026-07-27T18:55:09Z,-21.7325100,166.1717534,15.4,1375.1,9.406,112,89,149
2026-07-27T18:55:10Z,-21.7324390,166.1717105,15.6,1384.2,9.238,112,89,149
2026-07-27T18:55:11Z,-21.7324027,166.1716354,15.6,1393.1,9.055,112,89,150
2026-07-27T18:55:12Z,-21.7323826,166.1715603,15.8,1402.0,8.866,112,89,149
2026-07-27T18:55:13Z,-21.7323638,166.1714637,16.0,1411.0,8.668,112,89,149
2026-07-27T18:55:14Z,-21.7323156,166.1714101,16.2,1419.4,8.442,111,89,149
2026-07-27T18:55:15Z,-21.7322351,166.1714101,16.4,1428.6,8.184,111,89,150
2026-07-27T18:55:16Z,-21.7321761,166.1714208,16.8,1435.9,7.908,111,90,150
2026-07-27T18:55:17Z,-21.7321385,166.1714959,17.0,1443.8,7.582,111,87,150
2026-07-27T18:55:18Z,-21.7321171,166.1715603,17.2,1450.9,7.355,111,87,150
2026-07-27T18:55:19Z,-21.7320956,166.1716247,17.4,1458.5,7.125,111,87,150
2026-07-27T18:55:20Z,-21.7320581,166.1716783,17.6,1465.5,6.915,111,90,149
2026-07-27T18:55:21Z,-21.7320125,166.1717105,17.8,1471.4,6.756,110,90,150
2026-07-27T18:55:22Z,-21.7319414,166.1717105,18.0,1479.4,6.601,110,90,149
2026-07-27T18:55:23Z,-21.7318878,166.1716783,18.2,1486.1,6.465,112,89,150
2026-07-27T18:55:24Z,-21.7318489,166.1716354,18.4,1492.4,6.379,112,89,150
2026-07-27T18:55:25Z,-21.7318100,166.1715925,18.6,1498.5,6.263,113,89,149
2026-07-27T18:55:26Z,-21.7317684,166.1715603,18.8,1504.6,6.130,114,89,149
2026-07-27T18:55:27Z,-21.7317322,166.1715174,18.8,1510.2,6.059,115,89,149
2026-07-27T18:55:28Z,-21.7317067,166.1714637,19.0,1516.4,6.055,115,88,149
2026-07-27T18:55:29Z,-21.7316879,166.1714101,19.0,1522.7,6.097,116,88,149
2026-07-27T18:55:30Z,-21.7316705,166.1713457,19.2,1529.1,6.137,116,88,149
2026-07-27T18:55:31Z,-21.7316437,166.1713028,19.2,1534.9,6.125,116,88,149
2026-07-27T18:55:32Z,-21.7315981,166.1712706,19.4,1541.3,6.074,116,88,149
2026-07-27T18:55:33Z,-21.7315485,166.1712492,19.6,1546.9,5.918,116,88,149
2026-07-27T18:55:34Z,-21.7314988,166.1712813,19.8,1553.0,5.773,115,88,150
2026-07-27T18:55:35Z,-21.7314760,166.1713350,19.8,1558.5,5.847,114,88,153
2026-07-27T18:55:36Z,-21.7314760,166.1713886,19.8,1564.7,5.916,113,88,155
2026-07-27T18:55:37Z,-21.7314894,166.1714315,20.0,1570.3,5.943,113,87,154
2026-07-27T18:55:38Z,-21.7315069,166.1714959,20.0,1576.5,5.968,112,88,155
2026-07-27T18:55:39Z,-21.7315243,166.1715603,20.2,1582.7,5.985,112,87,155
2026-07-27T18:55:40Z,-21.7315297,166.1716032,20.2,1588.4,5.984,112,87,155
2026-07-27T18:55:41Z,-21.7315109,166.1716676,20.4,1594.6,5.926,112,87,155
2026-07-27T18:55:42Z,-21.7314747,166.1716998,20.6,1600.1,5.865,112,88,154
2026-07-27T18:55:43Z,-21.7314224,166.1717212,20.6,1606.3,5.925,111,87,154
2026-07-27T18:55:44Z,-21.7313728,166.1717212,20.8,1611.9,5.807,111,88,154
2026-07-27T18:55:45Z,-21.7313205,166.1717212,21.0,1617.8,5.609,111,88,155
2026-07-27T18:55:46Z,-21.7312668,166.1717212,21.2,1623.5,5.403,111,87,154
2026-07-27T18:55:47Z,-21.7312226,166.1717212,21.4,1628.5,5.230,111,87,154
2026-07-27T18:55:48Z,-21.7311729,166.1717427,21.8,1633.9,5.067,111,88,155
2026-07-27T18:55:49Z,-21.7311314,166.1717427,21.8,1638.6,5.005,110,88,155
2026-07-27T18:55:50Z,-21.7310898,166.1717749,21.8,1643.9,5.149,109,88,154
2026-07-27T18:55:51Z,-21.7310590,166.1718071,22.0,1648.8,5.277,109,88,155
2026-07-27T18:55:52Z,-21.7310335,166.1718500,22.0,1654.4,5.383,109,89,154
2026-07-27T18:55:53Z,-21.7310187,166.1718929,22.2,1659.5,5.341,108,89,155
2026-07-27T18:55:54Z,-21.7310067,166.1719358,22.4,1665.0,5.217,108,89,154
2026-07-27T18:55:55Z,-21.7309973,166.1720002,22.6,1670.4,5.074,108,89,154
2026-07-27T18:55:56Z,-21.7309919,166.1720431,22.8,1675.1,4.952,107,89,154
2026-07-27T18:55:57Z,-21.7309839,166.1720967,23.0,1679.8,4.836,107,89,154
2026-07-27T18:55:58Z,-21.7309785,166.1721396,23.2,1684.6,4.726,107,90,155
2026-07-27T18:55:59Z,-21.7309704,166.1721826,23.4,1689.4,4.637,107,90,154
2026-07-27T18:56:00Z,-21.7309637,166.1722255,23.4,1694.1,4.570,107,90,154
2026-07-27T18:56:01Z,-21.7309557,166.1722791,23.6,1698.8,4.546,108,90,155
2026-07-27T18:56:02Z,-21.7309463,166.1723113,23.8,1703.3,4.569,108,89,155
2026-07-27T18:56:03Z,-21.7309329,166.1723542,23.8,1707.8,4.644,109,89,155
2026-07-27T18:56:04Z,-21.7309181,166.1723971,24.0,1712.5,4.748,109,89,154
2026-07-27T18:56:05Z,-21.7308940,166.1724293,24.0,1717.1,4.826,110,89,155
2026-07-27T18:56:06Z,-21.7308605,166.1724722,24.2,1722.5,4.887,110,89,155
2026-07-27T18:56:07Z,-21.7308216,166.1724937,24.2,1727.1,4.941,110,90,155
2026-07-27T18:56:08Z,-21.7307746,166.1724937,24.4,1732.5,4.971,111,90,154
2026-07-27T18:56:09Z,-21.7307344,166.1724937,24.4,1737.2,4.984,111,90,154
2026-07-27T18:56:10Z,-21.7306928,166.1724615,24.6,1742.1,4.996,111,90,155
2026-07-27T18:56:11Z,-21.7306580,166.1724293,24.8,1747.1,4.984,111,89,155
2026-07-27T18:56:12Z,-21.7306298,166.1723971,25.0,1751.7,4.914,112,89,154
2026-07-27T18:56:13Z,-21.7306003,166.1723650,25.0,1756.7,4.855,112,89,154
2026-07-27T18:56:14Z,-21.7305668,166.1723220,25.2,1761.8,4.924,112,89,154
2026-07-27T18:56:15Z,-21.7305346,166.1723113,25.2,1766.5,5.146,112,89,155
2026-07-27T18:56:16Z,-21.7304917,166.1722791,25.2,1772.1,5.477,113,89,154
2026-07-27T18:56:17Z,-21.7304501,166.1722469,25.0,1777.4,5.798,113,87,154
2026-07-27T18:56:18Z,-21.7304005,166.1722147,25.0,1783.6,6.153,113,87,155
2026-07-27T18:56:19Z,-21.7303468,166.1722040,24.8,1789.9,6.502,113,87,154
2026-07-27T18:56:20Z,-21.7302838,166.1722040,24.6,1797.2,7.014,113,87,156
2026-07-27T18:56:21Z,-21.7302288,166.1722255,24.2,1804.2,7.510,113,86,160
2026-07-27T18:56:22Z,-21.7301913,166.1722898,24.0,1811.6,7.936,113,86,160
2026-07-27T18:56:23Z,-21.7301644,166.1723650,23.6,1819.9,8.284,113,86,160
2026-07-27T18:56:24Z,-21.7301376,166.1724401,23.4,1827.8,8.568,113,86,159
2026-07-27T18:56:25Z,-21.7300960,166.1725044,23.2,1836.9,8.891,113,86,160
2026-07-27T18:56:26Z,-21.7300478,166.1725795,22.8,1845.8,9.205,112,87,159
2026-07-27T18:56:27Z,-21.7299901,166.1726546,22.6,1855.7,9.533,112,87,160
2026-07-27T18:56:28Z,-21.7299351,166.1727190,22.2,1865.1,9.819,112,87,159
2026-07-27T18:56:29Z,-21.7298748,166.1727941,21.8,1875.3,10.102,111,86,159
2026-07-27T18:56:30Z,-21.7298184,166.1728692,21.4,1885.6,10.363,111,87,159
2026-07-27T18:56:31Z,-21.7297755,166.1729658,21.2,1895.3,10.578,111,86,160
2026-07-27T18:56:32Z,-21.7297313,166.1730516,20.8,1907.1,10.787,111,86,159
2026-07-27T18:56:33Z,-21.7296803,166.1731267,20.4,1916.7,10.958,111,87,159
2026-07-27T18:56:34Z,-21.7295945,166.1731911,20.0,1928.2,11.174,111,87,160
2026-07-27T18:56:35Z,-21.7294845,166.1732018,19.6,1940.7,11.365,111,88,159
2026-07-27T18:56:36Z,-21.7293920,166.1731803,19.4,1951.4,11.438,111,88,159
2026-07-27T18:56:37Z,-21.7293155,166.1731160,19.2,1962.1,11.424,111,88,159
2026-07-27T18:56:38Z,-21.7292431,166.1730409,19.2,1974.1,11.338,111,88,160
2026-07-27T18:56:39Z,-21.7291881,166.1729443,19.2,1984.8,11.211,111,88,159
2026-07-27T18:56:40Z,-21.7291090,166.1728692,19.0,1996.5,11.156,111,88,160
2026-07-27T18:56:41Z,-21.7290272,166.1728048,19.0,2007.5,11.173,111,88,160
2026-07-27T18:56:42Z,-21.7289414,166.1727619,18.8,2018.5,11.205,111,88,160
2026-07-27T18:56:43Z,-21.7288542,166.1727190,18.6,2029.5,11.241,112,88,159
2026-07-27T18:56:44Z,-21.7287549,166.1726546,18.2,2041.8,11.282,112,88,159
2026-07-27T18:56:45Z,-21.7286611,166.1726117,18.0,2053.1,11.341,112,88,160
2026-07-27T18:56:46Z,-21.7285793,166.1726546,17.6,2063.5,11.569,113,89,160
2026-07-27T18:56:47Z,-21.7285511,166.1727619,17.2,2074.8,11.729,113,89,159
2026-07-27T18:56:48Z,-21.7285900,166.1728692,17.2,2087.2,11.659,113,90,160
2026-07-27T18:56:49Z,-21.7286302,166.1729765,17.2,2099.0,11.590,114,91,161
2026-07-27T18:56:50Z,-21.7286503,166.1730838,17.0,2110.1,11.602,114,93,177
2026-07-27T18:56:51Z,-21.7286436,166.1731911,16.8,2122.4,11.632,114,94,190
2026-07-27T18:56:52Z,-21.7285873,166.1732876,16.4,2133.8,11.779,114,95,190
2026-07-27T18:56:53Z,-21.7284894,166.1733413,16.0,2145.9,11.971,114,96,189
2026-07-27T18:56:54Z,-21.7283861,166.1733627,15.6,2157.6,12.142,114,97,189
2026-07-27T18:56:55Z,-21.7282735,166.1733735,15.2,2170.1,12.290,114,96,190
2026-07-27T18:56:56Z,-21.7281608,166.1733627,14.8,2182.8,12.370,115,96,190
2026-07-27T18:56:57Z,-21.7280549,166.1733413,14.4,2194.8,12.452,115,96,189
2026-07-27T18:56:58Z,-21.7279597,166.1733949,14.0,2206.9,12.636,115,96,190
2026-07-27T18:56:59Z,-21.7279288,166.1735129,13.6,2220.5,12.730,116,97,189
2026-07-27T18:57:00Z,-21.7279597,166.1735988,13.4,2230.6,12.754,116,96,190
2026-07-27T18:57:01Z,-21.7280240,166.1737275,13.0,2245.3,12.746,116,96,189
2026-07-27T18:57:02Z,-21.7280589,166.1738455,13.0,2258.8,12.516,117,96,189
2026-07-27T18:57:03Z,-21.7280227,166.1739528,13.0,2270.3,12.342,117,96,189
2026-07-27T18:57:04Z,-21.7279167,166.1740172,13.0,2283.6,12.243,118,97,190
2026-07-27T18:57:05Z,-21.7278121,166.1739850,12.6,2295.4,12.341,118,95,189
2026-07-27T18:57:06Z,-21.7277035,166.1739743,12.4,2307.5,12.359,119,96,190
2026-07-27T18:57:07Z,-21.7275962,166.1739957,12.4,2319.5,12.114,120,98,189
2026-07-27T18:57:08Z,-21.7275010,166.1740494,12.6,2331.3,11.784,120,98,189
2026-07-27T18:57:09Z,-21.7274460,166.1741352,13.0,2343.3,11.382,121,97,190
2026-07-27T18:57:10Z,-21.7274635,166.1742318,13.2,2353.9,11.079,121,97,189
2026-07-27T18:57:11Z,-21.7275238,166.1743176,13.6,2364.5,10.706,122,97,190
2026-07-27T18:57:12Z,-21.7275828,166.1744142,13.8,2376.2,10.358,121,97,189
2026-07-27T18:57:13Z,-21.7275949,166.1745000,14.2,2386.1,9.957,121,96,189
2026-07-27T18:57:14Z,-21.7275640,166.1745965,14.6,2396.3,9.548,121,96,190
2026-07-27T18:57:15Z,-21.7275050,166.1746609,14.8,2405.3,9.284,120,96,189
2026-07-27T18:57:16Z,-21.7274313,166.1746716,15.0,2413.9,9.219,120,96,189
2026-07-27T18:57:17Z,-21.7273374,166.1746609,15.0,2424.3,9.401,120,96,190
2026-07-27T18:57:18Z,-21.7272596,166.1746287,15.0,2433.5,9.485,120,95,189
2026-07-27T18:57:19Z,-21.7271912,166.1745751,14.8,2442.1,9.600,120,95,190
2026-07-27T18:57:20Z,-21.7271027,166.1745536,14.6,2452.7,9.727,120,95,189
2026-07-27T18:57:21Z,-21.7270222,166.1745322,14.6,2461.7,9.722,120,95,190
2026-07-27T18:57:22Z,-21.7269364,166.1745536,14.8,2471.5,9.598,121,95,189
2026-07-27T18:57:23Z,-21.7268761,166.1746073,15.0,2480.8,9.366,121,92,189
2026-07-27T18:57:24Z,-21.7268506,166.1747038,15.4,2491.0,8.984,120,92,189
2026-07-27T18:57:25Z,-21.7268895,166.1747789,15.8,2499.7,8.631,120,92,189
2026-07-27T18:57:26Z,-21.7269538,166.1748219,16.0,2508.1,8.474,120,91,189
2026-07-27T18:57:27Z,-21.7270209,166.1748540,16.0,2516.2,8.376,120,91,189
2026-07-27T18:57:28Z,-21.7270933,166.1748862,16.2,2525.2,8.261,120,91,189
2026-07-27T18:57:29Z,-21.7271443,166.1749506,16.4,2533.3,8.125,120,91,190
2026-07-27T18:57:30Z,-21.7271751,166.1750042,16.6,2541.2,7.909,120,90,189
2026-07-27T18:57:31Z,-21.7271791,166.1750793,17.0,2548.9,7.657,120,90,189
2026-07-27T18:57:32Z,-21.7271604,166.1751437,17.2,2555.9,7.423,119,90,189
2026-07-27T18:57:33Z,-21.7271242,166.1752081,17.4,2563.4,7.219,119,90,189
2026-07-27T18:57:34Z,-21.7270759,166.1752617,17.6,2570.6,7.074,119,91,190
2026-07-27T18:57:35Z,-21.7270263,166.1752939,17.8,2577.6,6.968,119,91,193
2026-07-27T18:57:36Z,-21.7269726,166.1753476,18.0,2584.6,6.893,119,91,194
2026-07-27T18:57:37Z,-21.7269203,166.1753690,18.2,2591.4,6.834,119,91,194
2026-07-27T18:57:38Z,-21.7268600,166.1753905,18.4,2598.4,6.796,119,90,194
2026-07-27T18:57:39Z,-21.7268009,166.1754227,18.4,2605.3,6.779,119,89,194
2026-07-27T18:57:40Z,-21.7267460,166.1754334,18.6,2611.7,6.770,119,89,195
2026-07-27T18:57:41Z,-21.7266856,166.1754549,18.8,2618.8,6.759,122,90,195
2026-07-27T18:57:42Z,-21.7266293,166.1754656,19.0,2625.1,6.730,122,91,195
2026-07-27T18:57:43Z,-21.7265770,166.1754978,19.2,2631.8,6.641,123,92,195
2026-07-27T18:57:44Z,-21.7265341,166.1755407,19.4,2638.3,6.441,123,94,194
2026-07-27T18:57:45Z,-21.7265072,166.1756051,19.6,2645.0,6.267,124,94,195
2026-07-27T18:57:46Z,-21.7264979,166.1756587,19.8,2650.9,6.204,124,94,194
2026-07-27T18:57:47Z,-21.7265059,166.1757231,20.0,2657.4,6.150,124,94,194
2026-07-27T18:57:48Z,-21.7265274,166.1757660,20.2,2663.1,6.118,124,93,194
2026-07-27T18:57:49Z,-21.7265636,166.1758196,20.4,2669.6,6.122,124,93,194
2026-07-27T18:57:50Z,-21.7266159,166.1758411,20.4,2676.0,6.227,124,93,194
2026-07-27T18:57:51Z,-21.7266695,166.1758411,20.4,2682.0,6.432,124,93,195
2026-07-27T18:57:52Z,-21.7267312,166.1758304,20.4,2688.8,6.707,125,94,195
2026-07-27T18:57:53Z,-21.7267862,166.1758196,20.2,2695.3,6.958,125,94,194
2026-07-27T18:57:54Z,-21.7268506,166.1757982,20.2,2702.7,7.229,125,94,194
2026-07-27T18:57:55Z,-21.7269096,166.1757660,20.2,2709.6,7.472,126,94,194
2026-07-27T18:57:56Z,-21.7269807,166.1757553,20.0,2717.5,7.754,126,93,194
2026-07-27T18:57:57Z,-21.7270531,166.1757445,19.8,2725.8,8.022,125,93,194
2026-07-27T18:57:58Z,-21.7271215,166.1757231,19.8,2733.4,8.211,126,93,195
2026-07-27T18:57:59Z,-21.7271979,166.1757445,19.8,2742.1,8.316,126,93,194
2026-07-27T18:58:00Z,-21.7272636,166.1757660,19.8,2749.9,8.363,126,93,195
2026-07-27T18:58:01Z,-21.7273146,166.1758304,20.0,2758.4,8.342,126,93,195
2026-07-27T18:58:02Z,-21.7273428,166.1759055,20.2,2766.7,8.181,126,93,195
2026-07-27T18:58:03Z,-21.7273521,166.1759806,20.2,2774.9,8.204,126,94,194
2026-07-27T18:58:04Z,-21.7273521,166.1760557,20.0,2783.5,8.401,126,94,195
2026-07-27T18:58:05Z,-21.7273468,166.1761522,19.8,2791.9,8.640,126,94,197
2026-07-27T18:58:06Z,-21.7273320,166.1762273,19.6,2800.1,8.891,126,94,200
2026-07-27T18:58:07Z,-21.7273159,166.1763239,19.4,2809.6,9.187,126,95,199
2026-07-27T18:58:08Z,-21.7273106,166.1764097,19.2,2819.3,9.478,126,95,200
2026-07-27T18:58:09Z,-21.7273414,166.1764848,19.0,2828.3,9.750,126,95,200
2026-07-27T18:58:10Z,-21.7274152,166.1765492,18.8,2838.6,9.959,126,95,200
2026-07-27T18:58:11Z,-21.7274997,166.1765492,18.6,2848.0,10.019,126,95,200
2026-07-27T18:58:12Z,-21.7275868,166.1765170,18.8,2858.4,10.037,125,96,199
2026-07-27T18:58:13Z,-21.7276753,166.1764741,18.8,2868.7,9.988,125,97,199
2026-07-27T18:58:14Z,-21.7277612,166.1764526,18.8,2878.7,9.963,125,98,199
2026-07-27T18:58:15Z,-21.7278470,166.1764848,18.8,2888.5,10.088,125,98,199
2026-07-27T18:58:16Z,-21.7279114,166.1765492,18.6,2898.4,10.301,125,97,199
2026-07-27T18:58:17Z,-21.7279503,166.1766350,18.2,2908.7,10.550,126,97,199
2026-07-27T18:58:18Z,-21.7279650,166.1767423,18.0,2920.1,10.811,126,98,199
2026-07-27T18:58:19Z,-21.7279758,166.1768496,17.8,2930.6,11.031,126,96,199
2026-07-27T18:58:20Z,-21.7280012,166.1769569,17.4,2941.8,11.253,126,96,199
2026-07-27T18:58:21Z,-21.7280294,166.1770535,17.2,2953.0,11.453,126,96,199
2026-07-27T18:58:22Z,-21.7280428,166.1771715,16.8,2964.8,11.629,127,96,199
2026-07-27T18:58:23Z,-21.7279918,166.1772680,16.6,2976.2,11.750,127,97,199
2026-07-27T18:58:24Z,-21.7278792,166.1773109,16.6,2990.0,11.768,127,96,199
2026-07-27T18:58:25Z,-21.7277934,166.1773431,16.4,3000.0,11.740,127,96,199
2026-07-27T18:58:26Z,-21.7276888,166.1773753,16.4,3011.8,11.695,127,96,199
2026-07-27T18:58:27Z,-21.7275895,166.1773753,16.6,3022.9,11.585,127,96,199
2026-07-27T18:58:28Z,-21.7274809,166.1773860,16.6,3035.0,11.400,127,96,199
2026-07-27T18:58:29Z,-21.7273816,166.1774075,16.6,3046.1,11.245,127,96,199
2026-07-27T18:58:30Z,-21.7272931,166.1774504,16.6,3057.3,11.167,127,96,199
2026-07-27T18:58:31Z,-21.7272569,166.1775577,16.2,3068.7,11.314,126,96,199
2026-07-27T18:58:32Z,-21.7272972,166.1776435,15.8,3079.8,11.503,126,96,199
2026-07-27T18:58:33Z,-21.7273870,166.1777079,15.6,3091.5,11.574,125,97,199
2026-07-27T18:58:34Z,-21.7274728,166.1777723,15.4,3103.4,11.647,125,97,199
2026-07-27T18:58:35Z,-21.7275412,166.1778474,15.2,3114.6,11.705,125,98,199
2026-07-27T18:58:36Z,-21.7275734,166.1779547,15.0,3126.6,11.783,125,98,199
2026-07-27T18:58:37Z,-21.7275399,166.1780620,14.8,3138.4,11.802,125,98,199
2026-07-27T18:58:38Z,-21.7274675,166.1781478,14.4,3150.1,11.951,126,97,200
2026-07-27T18:58:39Z,-21.7273857,166.1782229,14.0,3162.1,12.157,126,97,200
2026-07-27T18:58:40Z,-21.7272998,166.1782980,13.6,3174.3,12.370,126,97,199
2026-07-27T18:58:41Z,-21.7272113,166.1783838,13.0,3187.2,12.533,126,97,199
2026-07-27T18:58:42Z,-21.7271376,166.1784697,13.0,3199.6,12.473,126,97,199
2026-07-27T18:58:43Z,-21.7270853,166.1785769,13.0,3212.1,12.226,126,98,199
2026-07-27T18:58:44Z,-21.7270812,166.1786842,13.0,3223.9,12.053,126,99,199
2026-07-27T18:58:45Z,-21.7271121,166.1788023,13.0,3236.1,11.965,127,99,199
2026-07-27T18:58:46Z,-21.7271523,166.1789095,12.8,3248.1,12.018,126,99,200
2026-07-27T18:58:47Z,-21.7271671,166.1790168,13.0,3259.8,11.862,126,99,200
2026-07-27T18:58:48Z,-21.7271657,166.1791241,13.4,3271.6,11.460,126,99,199
2026-07-27T18:58:49Z,-21.7271657,166.1792529,13.6,3282.8,11.134,127,99,201
2026-07-27T18:58:50Z,-21.7271671,166.1793602,13.8,3294.1,10.952,127,99,203
2026-07-27T18:58:51Z,-21.7271563,166.1794460,14.2,3304.9,10.692,127,99,205
2026-07-27T18:58:52Z,-21.7271255,166.1795533,14.4,3315.4,10.377,127,99,205
2026-07-27T18:58:53Z,-21.7270812,166.1796284,14.8,3325.4,10.076,127,99,205
2026-07-27T18:58:54Z,-21.7270249,166.1797035,15.2,3335.2,9.735,128,99,204
2026-07-27T18:58:55Z,-21.7269592,166.1797678,15.4,3345.0,9.455,128,99,204
2026-07-27T18:58:56Z,-21.7268988,166.1798322,15.6,3354.1,9.402,129,99,205
2026-07-27T18:58:57Z,-21.7268278,166.1798859,15.6,3363.9,9.411,129,99,204
2026-07-27T18:58:58Z,-21.7267594,166.1799502,15.6,3373.5,9.300,129,100,204
2026-07-27T18:58:59Z,-21.7266990,166.1799932,16.0,3382.1,9.112,130,101,205
2026-07-27T18:59:00Z,-21.7266333,166.1800575,16.2,3391.5,8.801,130,99,204
2026-07-27T18:59:01Z,-21.7265783,166.1801004,16.6,3399.8,8.523,130,99,204
2026-07-27T18:59:02Z,-21.7265233,166.1801648,17.0,3408.2,8.254,131,99,205
2026-07-27T18:59:03Z,-21.7264657,166.1802292,17.4,3416.5,7.985,131,100,204
2026-07-27T18:59:04Z,-21.7264120,166.1802721,17.6,3424.1,7.788,131,101,205
2026-07-27T18:59:05Z,-21.7263557,166.1803043,17.8,3431.9,7.631,131,100,205
2026-07-27T18:59:06Z,-21.7262954,166.1803472,18.0,3439.6,7.531,132,100,205
2026-07-27T18:59:07Z,-21.7262337,166.1803794,18.2,3447.3,7.508,132,99,204
2026-07-27T18:59:08Z,-21.7261706,166.1804116,18.2,3454.8,7.562,132,99,205
2026-07-27T18:59:09Z,-21.7261089,166.1804223,18.2,3462.1,7.687,132,99,204
2026-07-27T18:59:10Z,-21.7260365,166.1804545,18.2,3470.4,7.900,133,98,205
2026-07-27T18:59:11Z,-21.7259695,166.1804652,18.2,3477.9,8.134,132,97,204
2026-07-27T18:59:12Z,-21.7258970,166.1804867,18.0,3486.2,8.396,132,96,204
2026-07-27T18:59:13Z,-21.7258193,166.1804974,18.0,3495.0,8.672,132,96,205
2026-07-27T18:59:14Z,-21.7257388,166.1804974,17.8,3503.8,8.931,131,97,205
2026-07-27T18:59:15Z,-21.7256610,166.1805189,17.6,3512.6,9.171,130,96,205
2026-07-27T18:59:16Z,-21.7255792,166.1805296,17.4,3521.8,9.398,130,96,204
2026-07-27T18:59:17Z,-21.7254907,166.1805296,17.2,3531.6,9.630,130,95,205
2026-07-27T18:59:18Z,-21.7254008,166.1805511,17.0,3541.6,9.833,130,95,205
2026-07-27T18:59:19Z,-21.7253150,166.1805511,17.0,3551.1,9.999,130,96,205
2026-07-27T18:59:20Z,-21.7252198,166.1805618,16.8,3561.7,10.134,130,96,207
2026-07-27T18:59:21Z,-21.7251326,166.1805725,16.8,3571.4,10.172,130,96,209
2026-07-27T18:59:22Z,-21.7250428,166.1805725,16.8,3581.4,10.110,130,95,209
2026-07-27T18:59:23Z,-21.7249489,166.1805940,17.0,3591.8,9.917,130,95,209
2026-07-27T18:59:24Z,-21.7248631,166.1805940,17.4,3601.4,9.622,130,94,209
2026-07-27T18:59:25Z,-21.7247799,166.1805940,17.6,3610.6,9.281,130,93,209
2026-07-27T18:59:26Z,-21.7246941,166.1805940,18.0,3620.1,8.974,130,92,209
2026-07-27T18:59:27Z,-21.7246176,166.1805725,18.2,3628.7,8.829,130,92,209
2026-07-27T18:59:28Z,-21.7245398,166.1805618,18.2,3637.6,8.850,129,92,209
2026-07-27T18:59:29Z,-21.7244607,166.1805296,18.0,3646.5,9.031,129,93,209
2026-07-27T18:59:30Z,-21.7243816,166.1804974,17.8,3655.9,9.340,129,94,209
2026-07-27T18:59:31Z,-21.7243011,166.1804652,17.4,3665.6,9.705,129,94,209
2026-07-27T18:59:32Z,-21.7242193,166.1804223,17.0,3675.4,10.081,129,94,209
2026-07-27T18:59:33Z,-21.7241389,166.1803901,16.6,3685.4,10.429,129,93,209
2026-07-27T18:59:34Z,-21.7240530,166.1803472,16.2,3696.1,10.742,128,93,209
2026-07-27T18:59:35Z,-21.7239672,166.1802828,16.0,3707.0,10.972,129,92,210
2026-07-27T18:59:36Z,-21.7238814,166.1802292,15.8,3718.3,11.081,128,92,210
2026-07-27T18:59:37Z,-21.7238009,166.1801648,15.8,3729.2,11.023,129,93,210
2026-07-27T18:59:38Z,-21.7237271,166.1801004,16.0,3739.7,10.803,128,96,211
2026-07-27T18:59:39Z,-21.7236520,166.1800468,16.2,3750.5,10.451,129,99,211
2026-07-27T18:59:40Z,-21.7235836,166.1799610,16.6,3760.7,10.042,129,102,210
2026-07-27T18:59:41Z,-21.7235206,166.1799073,17.2,3770.6,9.612,130,104,211
2026-07-27T18:59:42Z,-21.7234603,166.1798429,17.6,3780.2,9.200,130,105,209
2026-07-27T18:59:43Z,-21.7234066,166.1797786,17.8,3788.9,8.853,130,106,209
2026-07-27T18:59:44Z,-21.7233530,166.1797035,18.2,3797.6,8.573,130,106,209
2026-07-27T18:59:45Z,-21.7233020,166.1796498,18.4,3806.3,8.395,130,107,210
2026-07-27T18:59:46Z,-21.7232537,166.1795855,18.4,3814.3,8.372,130,107,210
2026-07-27T18:59:47Z,-21.7232041,166.1795211,18.4,3823.0,8.519,130,108,209
2026-07-27T18:59:48Z,-21.7231572,166.1794674,18.2,3831.8,8.821,130,108,210
2026-07-27T18:59:49Z,-21.7231102,166.1793816,17.8,3840.6,9.215,130,108,210
2026-07-27T18:59:50Z,-21.7230646,166.1793065,17.4,3850.0,9.657,130,109,221
2026-07-27T18:59:51Z,-21.7230177,166.1792314,17.0,3860.0,10.065,131,110,225
2026-07-27T18:59:52Z,-21.7229681,166.1791456,16.8,3870.2,10.330,131,110,225
2026-07-27T18:59:53Z,-21.7229158,166.1790705,16.8,3880.8,10.400,131,110,225
2026-07-27T18:59:54Z,-21.7228661,166.1789739,16.8,3890.8,10.267,131,110,225
2026-07-27T18:59:55Z,-21.7228138,166.1788988,17.2,3901.0,9.984,131,111,224
2026-07-27T18:59:56Z,-21.7227642,166.1788237,17.6,3910.7,9.634,131,111,225
2026-07-27T18:59:57Z,-21.7227119,166.1787486,18.0,3920.4,9.253,131,111,225
2026-07-27T18:59:58Z,-21.7226663,166.1786735,18.4,3929.3,8.909,132,112,224
2026-07-27T18:59:59Z,-21.7226221,166.1786091,18.8,3938.0,8.601,132,111,224
2026-07-27T19:00:00Z,-21.7225805,166.1785340,19.0,3946.5,8.358,133,111,224
2026-07-27T19:00:01Z,-21.7225403,166.1784697,19.2,3955.1,8.198,133,111,225
2026-07-27T19:00:02Z,-21.7225040,166.1783946,19.4,3962.9,8.155,133,111,224
2026-07-27T19:00:03Z,-21.7224678,166.1783302,19.4,3971.3,8.235,134,111,224
2026-07-27T19:00:04Z,-21.7224316,166.1782551,19.2,3979.7,8.456,134,110,225
2026-07-27T19:00:05Z,-21.7223954,166.1781800,19.0,3988.1,8.773,134,110,224
2026-07-27T19:00:06Z,-21.7223579,166.1781156,18.8,3997.0,9.160,135,110,225
2026-07-27T19:00:07Z,-21.7223176,166.1780298,18.4,4006.7,9.605,135,110,224
2026-07-27T19:00:08Z,-21.7222787,166.1779332,18.0,4016.5,10.042,135,110,224
2026-07-27T19:00:09Z,-21.7222425,166.1778581,17.6,4026.4,10.439,135,109,224
2026-07-27T19:00:10Z,-21.7222103,166.1777508,17.2,4037.3,10.790,135,109,225
2026-07-27T19:00:11Z,-21.7221875,166.1776650,16.8,4048.0,11.019,135,109,225
2026-07-27T19:00:12Z,-21.7221741,166.1775577,16.6,4059.4,11.094,136,109,225
2026-07-27T19:00:13Z,-21.7221755,166.1774504,16.8,4070.4,10.977,136,110,224
2026-07-27T19:00:14Z,-21.7221916,166.1773431,17.0,4081.2,10.725,136,109,224
2026-07-27T19:00:15Z,-21.7222130,166.1772358,17.4,4091.8,10.395,136,109,224
2026-07-27T19:00:16Z,-21.7222385,166.1771393,17.6,4101.7,10.056,136,109,224
2026-07-27T19:00:17Z,-21.7222653,166.1770535,18.0,4111.8,9.717,136,109,225
2026-07-27T19:00:18Z,-21.7222922,166.1769569,18.4,4121.2,9.435,136,107,224
2026-07-27T19:00:19Z,-21.7223190,166.1768818,18.6,4130.6,9.209,136,106,223
2026-07-27T19:00:20Z,-21.7223418,166.1767960,18.8,4139.8,9.062,136,103,183
2026-07-27T19:00:21Z,-21.7223592,166.1767209,18.8,4149.0,8.990,136,101,164
2026-07-27T19:00:22Z,-21.7223740,166.1766243,18.8,4157.6,9.039,136,100,164
2026-07-27T19:00:23Z,-21.7223901,166.1765277,18.6,4166.7,9.220,136,100,165
2026-07-27T19:00:24Z,-21.7224088,166.1764419,18.2,4176.5,9.507,136,99,164
2026-07-27T19:00:25Z,-21.7224276,166.1763668,17.8,4186.1,9.836,135,99,164
2026-07-27T19:00:26Z,-21.7224450,166.1762595,17.4,4195.8,10.182,135,99,165
2026-07-27T19:00:27Z,-21.7224598,166.1761630,17.0,4206.2,10.521,135,98,164
2026-07-27T19:00:28Z,-21.7224719,166.1760557,16.6,4217.0,10.804,134,98,165
2026-07-27T19:00:29Z,-21.7224759,166.1759484,16.2,4227.8,10.978,134,98,164
2026-07-27T19:00:30Z,-21.7224705,166.1758411,16.2,4239.0,11.006,133,97,164
2026-07-27T19:00:31Z,-21.7224544,166.1757553,16.2,4249.8,10.852,134,97,164
2026-07-27T19:00:32Z,-21.7224316,166.1756480,16.4,4260.7,10.544,133,96,164
2026-07-27T19:00:33Z,-21.7224048,166.1755407,16.8,4271.3,10.146,133,97,165
2026-07-27T19:00:34Z,-21.7223780,166.1754656,17.2,4280.9,9.730,133,95,164
2026-07-27T19:00:35Z,-21.7223471,166.1753690,17.6,4290.4,9.284,133,95,164
2026-07-27T19:00:36Z,-21.7223150,166.1752832,18.0,4299.7,8.840,133,95,164
2026-07-27T19:00:37Z,-21.7222854,166.1752188,18.4,4308.0,8.447,133,95,165
2026-07-27T19:00:38Z,-21.7222519,166.1751437,18.6,4316.7,8.081,132,95,164
2026-07-27T19:00:39Z,-21.7222224,166.1750686,19.0,4324.2,7.815,131,95,164
2026-07-27T19:00:40Z,-21.7221875,166.1750042,19.2,4332.0,7.597,131,95,165
2026-07-27T19:00:41Z,-21.7221473,166.1749506,19.4,4339.7,7.460,131,95,164
2026-07-27T19:00:42Z,-21.7221111,166.1748862,19.6,4346.7,7.421,131,95,164
2026-07-27T19:00:43Z,-21.7220749,166.1748219,19.6,4354.3,7.471,130,96,165
2026-07-27T19:00:44Z,-21.7220306,166.1747789,19.6,4361.9,7.655,130,95,165
2026-07-27T19:00:45Z,-21.7219850,166.1747146,19.4,4369.5,7.924,130,95,164
2026-07-27T19:00:46Z,-21.7219341,166.1746609,19.2,4377.9,8.254,130,95,164
2026-07-27T19:00:47Z,-21.7218791,166.1746073,19.0,4386.1,8.596,129,95,164
2026-07-27T19:00:48Z,-21.7218161,166.1745536,18.8,4395.3,8.955,129,96,165
2026-07-27T19:00:49Z,-21.7217503,166.1745000,18.4,4404.3,9.256,128,96,164
2026-07-27T19:00:50Z,-21.7216820,166.1744463,18.2,4413.7,9.482,128,95,164
2026-07-27T19:00:51Z,-21.7216082,166.1743927,18.2,4423.2,9.600,128,97,164
2026-07-27T19:00:52Z,-21.7215331,166.1743498,18.2,4432.6,9.588,128,96,165
2026-07-27T19:00:53Z,-21.7214553,166.1743069,18.2,4442.4,9.428,128,96,164
2026-07-27T19:00:54Z,-21.7213775,166.1742747,18.6,4451.8,9.158,127,96,165
2026-07-27T19:00:55Z,-21.7213024,166.1742425,18.8,4460.5,8.836,128,97,164
2026-07-27T19:00:56Z,-21.7212300,166.1742103,19.2,4469.1,8.483,128,96,165
2026-07-27T19:00:57Z,-21.7211589,166.1741996,19.6,4477.3,8.119,128,96,165
2026-07-27T19:00:58Z,-21.7210892,166.1741674,20.0,4485.4,7.754,128,96,164
2026-07-27T19:00:59Z,-21.7210221,166.1741567,20.2,4493.0,7.414,128,95,164
2026-07-27T19:01:00Z,-21.7209591,166.1741352,20.6,4500.2,7.108,128,94,164
2026-07-27T19:01:01Z,-21.7208961,166.1741245,20.8,4507.3,6.829,127,95,164
2026-07-27T19:01:02Z,-21.7208397,166.1741030,21.0,4513.9,6.607,127,95,165
2026-07-27T19:01:03Z,-21.7207794,166.1740923,21.4,4520.5,6.430,127,94,165
2026-07-27T19:01:04Z,-21.7207244,166.1740816,21.4,4526.8,6.320,126,94,164
2026-07-27T19:01:05Z,-21.7206694,166.1740601,21.6,4532.9,6.272,126,94,164
2026-07-27T19:01:06Z,-21.7206144,166.1740494,21.6,4539.3,6.301,125,94,165
2026-07-27T19:01:07Z,-21.7205581,166.1740494,21.8,4545.6,6.421,125,94,164
2026-07-27T19:01:08Z,-21.7204991,166.1740279,21.6,4552.1,6.623,125,94,165
2026-07-27T19:01:09Z,-21.7204387,166.1740172,21.6,4559.1,6.911,124,94,164
2026-07-27T19:01:10Z,-21.7203797,166.1739957,21.4,4566.0,7.244,124,94,164
2026-07-27T19:01:11Z,-21.7203113,166.1739850,21.2,4573.6,7.658,125,95,165
2026-07-27T19:01:12Z,-21.7202416,166.1739743,20.8,4581.5,8.102,125,95,165
2026-07-27T19:01:13Z,-21.7201692,166.1739528,20.4,4589.7,8.555,125,95,164
2026-07-27T19:01:14Z,-21.7200874,166.1739421,20.0,4598.7,9.024,125,95,164
2026-07-27T19:01:15Z,-21.7200069,166.1739421,19.6,4607.6,9.428,126,95,164
2026-07-27T19:01:16Z,-21.7199211,166.1739421,19.4,4617.2,9.769,126,95,164
2026-07-27T19:01:17Z,-21.7198299,166.1739528,19.0,4627.4,10.014,126,95,164
2026-07-27T19:01:18Z,-21.7197427,166.1739850,18.8,4637.4,10.131,126,94,164
2026-07-27T19:01:19Z,-21.7196488,166.1740172,18.6,4648.2,10.193,126,95,164
2026-07-27T19:01:20Z,-21.7195617,166.1740494,18.6,4658.5,10.216,126,95,165
2026-07-27T19:01:21Z,-21.7194825,166.1740816,18.6,4668.0,10.216,126,95,164
2026-07-27T19:01:22Z,-21.7193954,166.1741245,18.4,4678.7,10.199,126,95,164
2026-07-27T19:01:23Z,-21.7193095,166.1741674,18.4,4689.3,10.170,125,94,165
2026-07-27T19:01:24Z,-21.7192371,166.1742103,18.4,4698.4,10.139,124,94,165
2026-07-27T19:01:25Z,-21.7191513,166.1742640,18.4,4709.4,10.096,124,94,164
2026-07-27T19:01:26Z,-21.7190789,166.1743069,18.2,4718.6,10.057,124,94,165
2026-07-27T19:01:27Z,-21.7189971,166.1743498,18.2,4729.0,10.006,123,95,164
2026-07-27T19:01:28Z,-21.7189179,166.1744142,18.2,4739.0,9.965,123,95,165
2026-07-27T19:01:29Z,-21.7188348,166.1744463,18.2,4749.3,9.934,123,96,164
2026-07-27T19:01:30Z,-21.7187530,166.1744571,18.2,4758.6,9.898,123,97,164
2026-07-27T19:01:31Z,-21.7186591,166.1744571,18.2,4768.9,9.847,123,97,165
2026-07-27T19:01:32Z,-21.7185786,166.1744249,18.2,4778.1,9.796,123,96,164
2026-07-27T19:01:33Z,-21.7184968,166.1743927,18.2,4788.3,9.734,123,96,165
2026-07-27T19:01:34Z,-21.7184284,166.1743391,18.2,4797.4,9.680,123,96,165
2026-07-27T19:01:35Z,-21.7183600,166.1742747,18.2,4807.4,9.622,123,96,164
2026-07-27T19:01:36Z,-21.7183010,166.1742103,18.2,4817.0,9.572,122,96,165
2026-07-27T19:01:37Z,-21.7182514,166.1741352,18.2,4826.3,9.500,122,96,165
2026-07-27T19:01:38Z,-21.7182018,166.1740601,18.4,4836.3,9.352,122,96,164
2026-07-27T19:01:39Z,-21.7181575,166.1739850,18.6,4845.0,9.209,122,96,164
2026-07-27T19:01:40Z,-21.7181133,166.1739099,18.6,4854.3,9.056,122,96,164
2026-07-27T19:01:41Z,-21.7180677,166.1738348,18.8,4863.5,8.909,121,97,164
2026-07-27T19:01:42Z,-21.7180261,166.1737704,19.0,4872.0,8.780,121,97,164
2026-07-27T19:01:43Z,-21.7179805,166.1736953,19.0,4881.0,8.653,120,99,164
2026-07-27T19:01:44Z,-21.7179376,166.1736310,19.2,4889.2,8.550,120,98,164
2026-07-27T19:01:45Z,-21.7178947,166.1735559,19.2,4898.0,8.452,120,98,165
2026-07-27T19:01:46Z,-21.7178477,166.1734915,19.4,4906.6,8.375,120,98,165
2026-07-27T19:01:47Z,-21.7178062,166.1734378,19.4,4914.5,8.322,120,98,165
2026-07-27T19:01:48Z,-21.7177592,166.1733627,19.4,4923.0,8.288,119,99,164
2026-07-27T19:01:49Z,-21.7177109,166.1732984,19.4,4931.2,8.284,119,98,165
2026-07-27T19:01:50Z,-21.7176613,166.1732340,19.6,4939.8,8.287,119,99,222
2026-07-27T19:01:51Z,-21.7176144,166.1731803,19.6,4947.9,8.334,119,100,251
2026-07-27T19:01:52Z,-21.7175661,166.1731160,19.6,4956.2,8.394,120,103,250
2026-07-27T19:01:53Z,-21.7175151,166.1730731,19.8,4964.5,8.450,120,105,249
2026-07-27T19:01:54Z,-21.7174534,166.1730087,19.8,4973.4,8.524,120,107,250
2026-07-27T19:01:55Z,-21.7173944,166.1729658,19.8,4981.7,8.617,120,107,249
2026-07-27T19:01:56Z,-21.7173260,166.1729121,19.8,4990.6,8.706,121,108,250
2026-07-27T19:01:57Z,-21.7172550,166.1728692,19.8,4999.4,8.777,122,108,249
2026-07-27T19:01:58Z,-21.7171852,166.1728370,19.8,5008.2,8.841,123,109,250
2026-07-27T19:01:59Z,-21.7171142,166.1727941,20.0,5017.0,8.903,123,109,250
2026-07-27T19:02:00Z,-21.7170417,166.1727619,20.0,5025.7,8.966,124,110,249
2026-07-27T19:02:01Z,-21.7169693,166.1727190,20.0,5034.7,9.035,125,111,249
2026-07-27T19:02:02Z,-21.7168942,166.1726761,20.0,5044.1,9.118,125,111,250
2026-07-27T19:02:03Z,-21.7168258,166.1726224,20.0,5053.2,9.212,126,112,250
2026-07-27T19:02:04Z,-21.7167588,166.1725795,20.0,5062.3,9.320,127,111,249
2026-07-27T19:02:05Z,-21.7166957,166.1725152,19.8,5071.7,9.450,127,111,249
2026-07-27T19:02:06Z,-21.7166394,166.1724615,19.8,5081.1,9.600,129,111,249
2026-07-27T19:02:07Z,-21.7165871,166.1723864,19.6,5090.8,9.781,129,111,249
2026-07-27T19:02:08Z,-21.7165402,166.1722898,19.4,5100.8,9.981,130,111,250
2026-07-27T19:02:09Z,-21.7164999,166.1722147,19.2,5110.8,10.191,130,110,249
2026-07-27T19:02:10Z,-21.7164624,166.1721182,19.0,5121.1,10.403,131,110,250
2026-07-27T19:02:11Z,-21.7164248,166.1720216,18.8,5131.6,10.612,132,110,249
2026-07-27T19:02:12Z,-21.7163873,166.1719251,18.4,5142.5,10.810,132,109,250
2026-07-27T19:02:13Z,-21.7163511,166.1718285,18.2,5153.2,10.982,132,109,249
2026-07-27T19:02:14Z,-21.7163068,166.1717212,18.0,5164.5,11.133,132,108,250
2026-07-27T19:02:15Z,-21.7162599,166.1716354,17.8,5175.7,11.246,133,108,249
2026-07-27T19:02:16Z,-21.7162022,166.1715388,17.6,5187.0,11.316,133,107,249
2026-07-27T19:02:17Z,-21.7161338,166.1714637,17.6,5198.3,11.346,134,107,250
2026-07-27T19:02:18Z,-21.7160574,166.1713886,17.4,5209.3,11.356,134,108,250
2026-07-27T19:02:19Z,-21.7159729,166.1713350,17.4,5220.7,11.357,134,106,240
2026-07-27T19:02:20Z,-21.7158817,166.1712706,17.4,5232.6,11.307,134,105,186
2026-07-27T19:02:21Z,-21.7157985,166.1712062,17.6,5244.0,11.145,134,104,164
2026-07-27T19:02:22Z,-21.7157154,166.1711633,17.6,5254.7,10.974,134,102,165
2026-07-27T19:02:23Z,-21.7156363,166.1710882,17.6,5265.9,10.802,134,102,165
2026-07-27T19:02:24Z,-21.7155732,166.1710131,17.6,5276.3,10.653,134,99,165
2026-07-27T19:02:25Z,-21.7155249,166.1709166,17.6,5286.9,10.520,134,98,165
2026-07-27T19:02:26Z,-21.7154968,166.1708307,17.6,5297.3,10.402,134,97,164
2026-07-27T19:02:27Z,-21.7154847,166.1707342,17.8,5307.3,10.252,134,97,164
2026-07-27T19:02:28Z,-21.7154887,166.1706269,17.8,5318.1,10.050,134,97,164
2026-07-27T19:02:29Z,-21.7155021,166.1705410,18.0,5327.6,9.847,133,95,164
2026-07-27T19:02:30Z,-21.7155276,166.1704445,18.2,5337.6,9.615,133,94,164
2026-07-27T19:02:31Z,-21.7155571,166.1703694,18.4,5346.8,9.387,133,94,164
2026-07-27T19:02:32Z,-21.7155960,166.1702728,18.4,5356.0,9.152,133,93,164
2026-07-27T19:02:33Z,-21.7156416,166.1701977,18.8,5365.5,8.902,133,93,165
2026-07-27T19:02:34Z,-21.7156872,166.1701441,18.8,5373.7,8.684,132,92,164
2026-07-27T19:02:35Z,-21.7157449,166.1700797,19.2,5382.6,8.449,132,91,164
2026-07-27T19:02:36Z,-21.7158280,166.1700153,19.4,5393.8,8.137,131,91,164
2026-07-27T19:02:37Z,-21.7158709,166.1700046,19.6,5398.7,7.990,131,91,165
2026-07-27T19:02:38Z,-21.7159393,166.1699831,19.8,5406.5,7.746,130,91,165
2026-07-27T19:02:39Z,-21.7160131,166.1699831,20.0,5414.8,7.491,130,90,164
2026-07-27T19:02:40Z,-21.7160788,166.1699724,20.2,5422.0,7.281,130,90,164
2026-07-27T19:02:41Z,-21.7161418,166.1699724,20.4,5429.0,7.092,130,89,164
2026-07-27T19:02:42Z,-21.7162049,166.1699724,20.6,5435.8,6.926,130,89,164
2026-07-27T19:02:43Z,-21.7162666,166.1699724,20.8,5442.8,6.773,130,90,164
2026-07-27T19:02:44Z,-21.7163269,166.1699724,21.0,5449.5,6.646,129,90,165
2026-07-27T19:02:45Z,-21.7163873,166.1699724,21.2,5456.3,6.544,129,91,165
2026-07-27T19:02:46Z,-21.7164449,166.1699617,21.4,5462.8,6.478,128,91,164
2026-07-27T19:02:47Z,-21.7164959,166.1699295,21.4,5468.9,6.454,128,91,165
2026-07-27T19:02:48Z,-21.7165442,166.1698973,21.6,5475.7,6.500,128,91,164
2026-07-27T19:02:49Z,-21.7165804,166.1698329,21.6,5482.3,6.627,127,92,164
2026-07-27T19:02:50Z,-21.7166072,166.1697900,21.6,5488.9,6.735,127,92,165
2026-07-27T19:02:51Z,-21.7166220,166.1697257,21.6,5495.4,6.776,127,92,165
2026-07-27T19:02:52Z,-21.7166233,166.1696506,21.8,5502.4,6.736,126,92,165
2026-07-27T19:02:53Z,-21.7166126,166.1695862,22.0,5509.1,6.636,126,92,164
2026-07-27T19:02:54Z,-21.7165898,166.1695325,22.2,5515.8,6.507,126,92,165
2026-07-27T19:02:55Z,-21.7165603,166.1694789,22.4,5522.1,6.397,126,92,165
2026-07-27T19:02:56Z,-21.7165281,166.1694252,22.6,5528.4,6.297,126,92,165
2026-07-27T19:02:57Z,-21.7164946,166.1693716,22.8,5534.9,6.262,125,92,165
2026-07-27T19:02:58Z,-21.7164651,166.1693287,22.8,5540.8,6.217,125,93,165
2026-07-27T19:02:59Z,-21.7164356,166.1692858,23.0,5547.3,6.186,125,93,164
2026-07-27T19:03:00Z,-21.7164101,166.1692214,23.0,5553.4,6.210,125,93,165
2026-07-27T19:03:01Z,-21.7163926,166.1691678,23.2,5559.7,6.302,125,94,165
2026-07-27T19:03:02Z,-21.7163873,166.1691034,23.2,5565.9,6.468,124,95,164
2026-07-27T19:03:03Z,-21.7163926,166.1690390,23.0,5572.4,6.720,124,95,164
2026-07-27T19:03:04Z,-21.7164101,166.1689746,22.8,5579.3,7.049,123,95,164
2026-07-27T19:03:05Z,-21.7164315,166.1689210,22.6,5586.6,7.438,123,96,165
2026-07-27T19:03:06Z,-21.7164490,166.1688459,22.4,5594.3,7.887,123,97,165
2026-07-27T19:03:07Z,-21.7164463,166.1687708,22.0,5602.4,8.374,124,97,164
2026-07-27T19:03:08Z,-21.7164154,166.1686850,21.6,5611.0,8.790,124,96,164
2026-07-27T19:03:09Z,-21.7163564,166.1686313,21.4,5620.0,9.087,123,98,165
2026-07-27T19:03:10Z,-21.7162773,166.1686099,21.0,5629.3,9.446,124,98,165
2026-07-27T19:03:11Z,-21.7161928,166.1686099,20.6,5638.8,9.729,123,98,165
2026-07-27T19:03:12Z,-21.7161083,166.1686635,20.4,5648.6,9.864,124,98,165
2026-07-27T19:03:13Z,-21.7160292,166.1687064,20.4,5658.7,9.777,124,98,165
2026-07-27T19:03:14Z,-21.7159568,166.1687493,20.8,5668.3,9.453,124,98,165
2026-07-27T19:03:15Z,-21.7158870,166.1688137,21.0,5677.8,9.115,124,98,164
2026-07-27T19:03:16Z,-21.7158227,166.1688566,21.4,5686.5,8.808,124,98,164
2026-07-27T19:03:17Z,-21.7157596,166.1688995,21.6,5695.2,8.514,124,98,165
2026-07-27T19:03:18Z,-21.7156966,166.1689532,21.8,5703.8,8.228,124,99,165
2026-07-27T19:03:19Z,-21.7156416,166.1689961,22.0,5711.5,7.982,124,98,165
2026-07-27T19:03:20Z,-21.7155826,166.1690390,22.4,5719.5,7.734,124,98,165
2026-07-27T19:03:21Z,-21.7155290,166.1690819,22.6,5726.9,7.512,125,98,165
2026-07-27T19:03:22Z,-21.7154713,166.1691356,22.8,5734.5,7.288,125,98,165
2026-07-27T19:03:23Z,-21.7154190,166.1691678,23.0,5741.8,7.084,125,100,165
2026-07-27T19:03:24Z,-21.7153667,166.1692107,23.2,5748.9,6.896,125,99,165
2026-07-27T19:03:25Z,-21.7153198,166.1692429,23.4,5755.4,6.728,125,99,165
2026-07-27T19:03:26Z,-21.7152715,166.1692858,23.6,5762.0,6.566,125,99,165
2026-07-27T19:03:27Z,-21.7152232,166.1693180,23.8,5768.4,6.414,125,100,164
2026-07-27T19:03:28Z,-21.7151763,166.1693609,24.0,5774.9,6.266,125,100,164
2026-07-27T19:03:29Z,-21.7151307,166.1693931,24.2,5781.2,6.130,125,100,165
2026-07-27T19:03:30Z,-21.7150851,166.1694252,24.4,5787.4,6.006,125,100,164
2026-07-27T19:03:31Z,-21.7150421,166.1694682,24.6,5793.2,5.892,125,101,164
2026-07-27T19:03:32Z,-21.7150006,166.1695004,24.8,5798.8,5.790,125,101,164
2026-07-27T19:03:33Z,-21.7149563,166.1695325,25.0,5804.9,5.684,125,100,165
2026-07-27T19:03:34Z,-21.7149174,166.1695647,25.0,5810.3,5.598,125,101,165
2026-07-27T19:03:35Z,-21.7148745,166.1695862,25.2,5816.1,5.673,126,101,164
2026-07-27T19:03:36Z,-21.7148329,166.1696184,25.2,5821.8,5.862,126,100,165
2026-07-27T19:03:37Z,-21.7147887,166.1696506,25.2,5827.8,6.044,126,100,164
2026-07-27T19:03:38Z,-21.7147458,166.1696827,25.2,5833.7,6.204,126,100,165
2026-07-27T19:03:39Z,-21.7146988,166.1697257,25.2,5840.2,6.365,126,100,165
2026-07-27T19:03:40Z,-21.7146519,166.1697578,25.2,5846.5,6.507,127,100,164
2026-07-27T19:03:41Z,-21.7146036,166.1698008,25.2,5853.0,6.639,126,100,164
2026-07-27T19:03:42Z,-21.7145567,166.1698329,25.2,5859.6,6.762,126,99,164
2026-07-27T19:03:43Z,-21.7145030,166.1698759,25.2,5866.8,6.885,126,100,165
2026-07-27T19:03:44Z,-21.7144534,166.1699080,25.2,5873.6,6.994,126,98,165
2026-07-27T19:03:45Z,-21.7143998,166.1699617,25.2,5880.9,7.099,126,98,165
2026-07-27T19:03:46Z,-21.7143488,166.1699831,25.2,5887.9,7.194,127,98,165
2026-07-27T19:03:47Z,-21.7142951,166.1700368,25.2,5895.2,7.285,126,98,165
2026-07-27T19:03:48Z,-21.7142428,166.1700797,25.2,5902.3,7.367,126,98,165
2026-07-27T19:03:49Z,-21.7141865,166.1701226,25.2,5909.9,7.449,125,98,165
2026-07-27T19:03:50Z,-21.7141315,166.1701548,25.2,5917.4,7.464,125,0,0
2026-07-27T19:03:51Z,-21.7140792,166.1701977,25.2,5924.6,7.300,125,0,0
2026-07-27T19:03:52Z,-21.7140256,166.1702514,25.0,5931.8,7.314,124,0,0
2026-07-27T19:03:53Z,-21.7139706,166.1702728,24.8,5939.2,7.434,124,0,0
2026-07-27T19:03:54Z,-21.7139129,166.1703265,24.6,5946.9,7.554,124,0,0
2026-07-27T19:03:55Z,-21.7138606,166.1703694,24.4,5954.2,7.664,124,0,0
2026-07-27T19:03:56Z,-21.7137989,166.1704123,24.0,5962.4,7.778,124,0,0
2026-07-27T19:03:57Z,-21.7137440,166.1704552,23.8,5970.0,7.883,123,0,0
2026-07-27T19:03:58Z,-21.7136863,166.1704874,23.6,5977.8,7.984,124,0,0
2026-07-27T19:03:59Z,-21.7136259,166.1705410,23.4,5986.0,8.085,124,0,0
2026-07-27T19:04:00Z,-21.7135642,166.1705840,23.2,5994.3,8.182,124,0,0
2026-07-27T19:04:01Z,-21.7135066,166.1706269,23.0,6002.1,8.277,124,0,0
2026-07-27T19:04:02Z,-21.7134462,166.1706698,22.6,6010.5,8.375,124,0,0
2026-07-27T19:04:03Z,-21.7133832,166.1707234,22.4,6019.0,8.471,124,0,0
2026-07-27T19:04:04Z,-21.7133202,166.1707771,22.2,6027.6,8.910,124,103,290
2026-07-27T19:04:05Z,-21.7132558,166.1708307,22.0,6036.7,9.472,124,100,277
2026-07-27T19:04:06Z,-21.7131807,166.1708844,21.6,6046.7,9.921,124,100,273
2026-07-27T19:04:07Z,-21.7131069,166.1709380,21.4,6056.5,10.317,125,106,295
2026-07-27T19:04:08Z,-21.7130224,166.1709917,21.0,6067.6,10.707,125,111,265
2026-07-27T19:04:09Z,-21.7129447,166.1710560,20.6,6078.3,11.037,125,113,274
2026-07-27T19:04:10Z,-21.7128628,166.1711204,20.4,6089.6,11.360,126,113,274
2026-07-27T19:04:11Z,-21.7127824,166.1711740,20.0,6100.5,11.650,126,112,274
2026-07-27T19:04:12Z,-21.7126912,166.1712492,19.6,6112.9,11.950,127,110,274
2026-07-27T19:04:13Z,-21.7126094,166.1713350,19.4,6125.0,12.119,127,111,274
2026-07-27T19:04:14Z,-21.7125504,166.1714208,19.2,6136.6,12.288,128,110,275
2026-07-27T19:04:15Z,-21.7125262,166.1715281,18.8,6149.1,12.522,129,110,274
2026-07-27T19:04:16Z,-21.7125611,166.1716461,18.6,6161.7,12.653,129,109,274
2026-07-27T19:04:17Z,-21.7126335,166.1717427,18.2,6174.8,12.733,131,108,274
2026-07-27T19:04:18Z,-21.7127220,166.1718178,18.0,6187.1,12.744,131,108,274
2026-07-27T19:04:19Z,-21.7128266,166.1718607,18.0,6199.7,12.690,131,107,274
2026-07-27T19:04:20Z,-21.7129460,166.1718822,18.0,6213.3,12.473,132,105,214
2026-07-27T19:04:21Z,-21.7130519,166.1718285,18.4,6225.8,12.040,133,100,164
2026-07-27T19:04:22Z,-21.7131351,166.1717534,18.8,6237.5,11.544,133,98,164
2026-07-27T19:04:23Z,-21.7131981,166.1716998,19.0,6247.7,11.108,133,96,164
2026-07-27T19:04:24Z,-21.7132692,166.1716032,19.4,6259.2,10.633,134,95,164
2026-07-27T19:04:25Z,-21.7133296,166.1715388,19.6,6269.3,10.255,134,93,164
2026-07-27T19:04:26Z,-21.7133953,166.1714637,20.0,6279.5,9.926,134,91,164
2026-07-27T19:04:27Z,-21.7134637,166.1714101,20.2,6289.1,9.686,135,90,164
2026-07-27T19:04:28Z,-21.7135401,166.1713564,20.2,6299.0,9.548,135,89,164
2026-07-27T19:04:29Z,-21.7136179,166.1713350,20.0,6308.1,9.556,135,89,165
2026-07-27T19:04:30Z,-21.7137091,166.1713135,19.8,6318.3,9.701,135,89,165
2026-07-27T19:04:31Z,-21.7137936,166.1713135,19.6,6327.7,9.915,135,89,164
2026-07-27T19:04:32Z,-21.7138848,166.1713028,19.2,6337.8,10.191,134,88,164
2026-07-27T19:04:33Z,-21.7139800,166.1712813,18.8,6348.5,10.495,134,88,165
2026-07-27T19:04:34Z,-21.7140618,166.1712384,18.4,6358.6,10.742,134,88,165
2026-07-27T19:04:35Z,-21.7141382,166.1711740,18.0,6369.8,10.958,133,88,164
2026-07-27T19:04:36Z,-21.7141972,166.1710882,17.6,6380.6,11.140,133,88,164
2026-07-27T19:04:37Z,-21.7142536,166.1709917,17.2,6392.0,11.305,132,87,164
2026-07-27T19:04:38Z,-21.7143059,166.1709058,17.0,6403.4,11.445,131,87,164
2026-07-27T19:04:39Z,-21.7143676,166.1708093,16.6,6414.6,11.563,131,88,164
2026-07-27T19:04:40Z,-21.7144454,166.1707449,16.2,6426.0,11.661,131,88,164
2026-07-27T19:04:41Z,-21.7145500,166.1707020,16.0,6438.6,11.714,131,88,164
2026-07-27T19:04:42Z,-21.7146559,166.1706913,15.8,6450.4,11.714,131,87,164
2026-07-27T19:04:43Z,-21.7147578,166.1706698,15.6,6461.8,11.699,131,87,165
2026-07-27T19:04:44Z,-21.7148517,166.1706269,15.4,6473.3,11.708,130,88,164
2026-07-27T19:04:45Z,-21.7149147,166.1705410,15.2,6484.7,11.724,130,88,164
2026-07-27T19:04:46Z,-21.7149536,166.1704338,15.0,6496.5,11.695,130,87,164
2026-07-27T19:04:47Z,-21.7149603,166.1703265,14.8,6508.2,11.635,130,87,164
2026-07-27T19:04:48Z,-21.7149282,166.1702192,14.8,6519.8,11.545,130,87,165
2026-07-27T19:04:49Z,-21.7148544,166.1701441,14.8,6531.7,11.390,130,87,165
2026-07-27T19:04:50Z,-21.7147739,166.1700583,14.8,6543.1,11.230,129,87,165
2026-07-27T19:04:51Z,-21.7146988,166.1700046,14.8,6553.7,11.087,129,85,165
2026-07-27T19:04:52Z,-21.7146197,166.1699295,14.8,6565.1,10.941,129,85,165
2026-07-27T19:04:53Z,-21.7145446,166.1698651,14.8,6575.7,10.812,129,86,165
2026-07-27T19:04:54Z,-21.7144682,166.1698008,14.8,6586.5,10.685,129,88,165
2026-07-27T19:04:55Z,-21.7143957,166.1697471,14.8,6596.9,10.571,130,89,165
2026-07-27T19:04:56Z,-21.7143179,166.1696613,14.8,6608.1,10.453,130,90,165
2026-07-27T19:04:57Z,-21.7142455,166.1696076,14.8,6618.5,10.349,129,90,164
2026-07-27T19:04:58Z,-21.7141731,166.1695433,14.8,6628.8,10.250,130,90,164
2026-07-27T19:04:59Z,-21.7141007,166.1694789,14.8,6639.0,10.156,129,89,165
2026-07-27T19:05:00Z,-21.7140336,166.1694252,14.8,6648.6,10.074,129,89,165
2026-07-27T19:05:01Z,-21.7139652,166.1693609,14.8,6658.5,9.993,129,88,165
2026-07-27T19:05:02Z,-21.7138928,166.1692965,14.8,6668.9,9.916,129,88,165
2026-07-27T19:05:03Z,-21.7138392,166.1692214,14.6,6678.5,9.865,128,88,165
2026-07-27T19:05:04Z,-21.7138083,166.1691356,14.6,6688.6,9.810,128,89,165
2026-07-27T19:05:05Z,-21.7138070,166.1690390,14.6,6698.1,9.754,127,89,165
2026-07-27T19:05:06Z,-21.7138271,166.1689532,14.6,6708.3,9.695,127,89,164
2026-07-27T19:05:07Z,-21.7138579,166.1688781,14.6,6717.4,9.645,126,89,164
2026-07-27T19:05:08Z,-21.7138995,166.1687815,14.6,6727.1,9.594,126,89,164
2026-07-27T19:05:09Z,-21.7139438,166.1687064,14.6,6736.7,9.546,126,89,164
2026-07-27T19:05:10Z,-21.7139934,166.1686313,14.6,6746.4,9.501,126,89,165
2026-07-27T19:05:11Z,-21.7140430,166.1685562,14.6,6755.7,9.460,126,88,165
2026-07-27T19:05:12Z,-21.7140953,166.1684811,14.6,6765.1,9.421,126,88,164
2026-07-27T19:05:13Z,-21.7141476,166.1683953,14.6,6774.9,9.382,126,88,165
2026-07-27T19:05:14Z,-21.7141999,166.1683416,14.6,6784.3,9.348,126,88,165
2026-07-27T19:05:15Z,-21.7142496,166.1682665,14.6,6793.4,9.317,127,88,164
2026-07-27T19:05:16Z,-21.7142992,166.1681914,14.6,6802.6,9.287,126,88,165
2026-07-27T19:05:17Z,-21.7143461,166.1681056,14.6,6812.2,9.259,126,88,164
2026-07-27T19:05:18Z,-21.7143890,166.1680305,14.6,6821.6,9.235,126,88,165
2026-07-27T19:05:19Z,-21.7144252,166.1679554,14.6,6830.6,9.214,126,88,165
2026-07-27T19:05:20Z,-21.7144547,166.1678803,14.6,6839.3,9.188,126,88,164
2026-07-27T19:05:21Z,-21.7144883,166.1677945,14.6,6848.8,9.137,126,89,164
2026-07-27T19:05:22Z,-21.7145245,166.1677086,14.6,6858.0,9.084,126,89,165
2026-07-27T19:05:23Z,-21.7145580,166.1676335,14.6,6867.3,9.032,129,89,165
2026-07-27T19:05:24Z,-21.7145862,166.1675584,14.6,6876.1,8.991,129,90,165
2026-07-27T19:05:25Z,-21.7146076,166.1674726,14.6,6885.1,8.966,129,91,165
2026-07-27T19:05:26Z,-21.7146170,166.1673760,14.6,6893.9,8.966,126,91,164
2026-07-27T19:05:27Z,-21.7146116,166.1673009,14.6,6902.8,8.997,126,91,165
2026-07-27T19:05:28Z,-21.7145902,166.1672151,14.4,6912.0,9.076,127,91,164
2026-07-27T19:05:29Z,-21.7145607,166.1671293,14.4,6921.4,9.198,127,91,165
2026-07-27T19:05:30Z,-21.7145245,166.1670542,14.2,6930.0,9.327,127,91,164
2026-07-27T19:05:31Z,-21.7144762,166.1669791,14.0,6939.9,9.479,127,91,165
2026-07-27T19:05:32Z,-21.7144226,166.1669040,13.8,6949.3,9.610,127,91,164
2026-07-27T19:05:33Z,-21.7143595,166.1668396,13.6,6959.0,9.720,127,91,165
2026-07-27T19:05:34Z,-21.7142871,166.1667860,13.4,6969.0,9.789,127,91,165
2026-07-27T19:05:35Z,-21.7142053,166.1667538,13.4,6978.9,9.788,126,91,164
2026-07-27T19:05:36Z,-21.7141248,166.1667323,13.4,6987.9,9.712,125,91,165
2026-07-27T19:05:37Z,-21.7140377,166.1667323,13.6,6997.6,9.546,125,92,165
2026-07-27T19:05:38Z,-21.7139491,166.1667645,13.8,7007.6,9.316,124,92,165
2026-07-27T19:05:39Z,-21.7138754,166.1667967,14.0,7016.6,9.091,124,93,165
2026-07-27T19:05:40Z,-21.7138030,166.1668396,14.2,7025.5,8.878,124,93,165
2026-07-27T19:05:41Z,-21.7137359,166.1668718,14.2,7034.0,8.691,123,93,164
2026-07-27T19:05:42Z,-21.7136662,166.1669147,14.4,7043.0,8.525,123,92,165
2026-07-27T19:05:43Z,-21.7135991,166.1669469,14.6,7051.1,8.415,123,92,165
2026-07-27T19:05:44Z,-21.7135307,166.1669791,14.6,7059.5,8.356,123,93,165
2026-07-27T19:05:45Z,-21.7134583,166.1670113,14.6,7068.0,8.360,123,93,165
2026-07-27T19:05:46Z,-21.7133872,166.1670434,14.4,7076.3,8.494,123,92,165
2026-07-27T19:05:47Z,-21.7133108,166.1670756,14.2,7085.4,8.767,123,92,165
2026-07-27T19:05:48Z,-21.7132384,166.1671078,14.0,7094.1,9.058,123,93,164
2026-07-27T19:05:49Z,-21.7131606,166.1671185,13.6,7103.0,9.307,123,93,165
2026-07-27T19:05:50Z,-21.7130707,166.1671185,13.6,7112.9,9.442,123,93,165
2026-07-27T19:05:51Z,-21.7129916,166.1671078,13.6,7121.9,9.410,123,93,165
2026-07-27T19:05:52Z,-21.7129178,166.1670434,13.6,7131.5,9.244,123,92,164
2026-07-27T19:05:53Z,-21.7128575,166.1670005,13.8,7140.4,9.008,123,92,164
2026-07-27T19:05:54Z,-21.7127998,166.1669362,14.0,7149.1,8.755,122,92,165
2026-07-27T19:05:55Z,-21.7127381,166.1668718,14.4,7158.3,8.452,122,92,165
2026-07-27T19:05:56Z,-21.7126818,166.1668289,14.6,7166.0,8.249,122,93,164
2026-07-27T19:05:57Z,-21.7126107,166.1667967,14.6,7174.5,8.177,122,93,165
2026-07-27T19:05:58Z,-21.7125370,166.1667860,14.6,7182.9,8.229,121,93,164
2026-07-27T19:05:59Z,-21.7124645,166.1667860,14.6,7190.8,8.314,121,93,165
2026-07-27T19:06:00Z,-21.7123854,166.1667860,14.4,7199.6,8.432,121,93,164
2026-07-27T19:06:01Z,-21.7123117,166.1667860,14.4,7207.8,8.553,121,93,165
2026-07-27T19:06:02Z,-21.7122325,166.1667860,14.2,7216.5,8.652,120,94,165
2026-07-27T19:06:03Z,-21.7121534,166.1667860,14.2,7225.4,8.751,120,94,165
2026-07-27T19:06:04Z,-21.7120770,166.1667645,14.0,7233.8,8.840,120,94,164
2026-07-27T19:06:05Z,-21.7119965,166.1667645,14.0,7242.7,8.927,120,94,164
2026-07-27T19:06:06Z,-21.7119160,166.1667323,14.0,7252.0,9.001,120,94,165
2026-07-27T19:06:07Z,-21.7118463,166.1666894,13.8,7260.9,9.048,120,94,164
2026-07-27T19:06:08Z,-21.7117900,166.1666250,13.8,7270.2,9.110,120,94,165
2026-07-27T19:06:09Z,-21.7117658,166.1665499,13.8,7279.1,9.120,120,93,164
2026-07-27T19:06:10Z,-21.7117618,166.1664641,13.8,7287.9,9.106,120,93,164
2026-07-27T19:06:11Z,-21.7117698,166.1663675,13.8,7297.4,9.094,120,93,165
2026-07-27T19:06:12Z,-21.7117792,166.1662924,13.6,7306.3,9.130,121,93,164
2026-07-27T19:06:13Z,-21.7117846,166.1662066,13.6,7315.6,9.207,121,93,164
2026-07-27T19:06:14Z,-21.7117873,166.1661100,13.6,7324.6,9.289,120,94,165
2026-07-27T19:06:15Z,-21.7117886,166.1660242,13.4,7333.8,9.371,121,94,164
2026-07-27T19:06:16Z,-21.7117886,166.1659276,13.2,7343.9,9.480,121,94,165
2026-07-27T19:06:17Z,-21.7117886,166.1658418,13.2,7353.2,9.569,121,94,164
2026-07-27T19:06:18Z,-21.7117873,166.1657453,13.0,7362.7,9.583,121,94,164
2026-07-27T19:06:19Z,-21.7117873,166.1656487,13.0,7372.4,9.549,121,94,164
2026-07-27T19:06:20Z,-21.7117846,166.1655629,13.0,7381.7,9.514,120,94,165
2026-07-27T19:06:21Z,-21.7117873,166.1654663,13.0,7391.0,9.481,121,94,164
2026-07-27T19:06:22Z,-21.7117926,166.1653805,13.0,7400.6,9.448,121,95,164
2026-07-27T19:06:23Z,-21.7118007,166.1652839,13.0,7410.2,9.416,120,95,164
2026-07-27T19:06:24Z,-21.7118101,166.1651981,13.0,7419.5,9.388,120,95,164
2026-07-27T19:06:25Z,-21.7118208,166.1651015,13.0,7429.1,9.359,120,96,164
2026-07-27T19:06:26Z,-21.7118329,166.1650157,13.0,7437.9,9.336,120,96,165
2026-07-27T19:06:27Z,-21.7118382,166.1649191,13.0,7447.8,9.311,120,96,165
2026-07-27T19:06:28Z,-21.7118396,166.1648333,13.0,7456.9,9.290,120,96,164
2026-07-27T19:06:29Z,-21.7118423,166.1647367,13.0,7466.5,9.268,120,96,165
2026-07-27T19:06:30Z,-21.7118436,166.1646509,13.0,7475.6,9.249,120,96,164
2026-07-27T19:06:31Z,-21.7118396,166.1645651,13.0,7484.8,9.230,120,96,165
2026-07-27T19:06:32Z,-21.7118302,166.1644793,13.0,7493.8,9.213,119,96,165
2026-07-27T19:06:33Z,-21.7118007,166.1644042,13.0,7503.0,9.195,119,96,164
2026-07-27T19:06:34Z,-21.7117524,166.1643291,13.0,7512.1,9.177,119,96,165
2026-07-27T19:06:35Z,-21.7116934,166.1642647,13.0,7521.2,9.162,118,96,165
2026-07-27T19:06:36Z,-21.7116223,166.1642003,13.0,7530.9,9.150,118,97,164
2026-07-27T19:06:37Z,-21.7115539,166.1641574,13.0,7539.9,9.139,118,97,164
2026-07-27T19:06:38Z,-21.7114949,166.1640930,13.0,7548.9,9.128,118,97,165
2026-07-27T19:06:39Z,-21.7114399,166.1640394,13.0,7558.0,9.117,118,96,165
2026-07-27T19:06:40Z,-21.7113876,166.1639750,13.0,7566.8,9.106,118,97,164
2026-07-27T19:06:41Z,-21.7113286,166.1639106,13.0,7576.1,9.095,118,97,164
2026-07-27T19:06:42Z,-21.7112656,166.1638570,13.0,7585.4,9.085,118,97,165
2026-07-27T19:06:43Z,-21.7112026,166.1637926,13.0,7594.6,9.076,119,97,165
2026-07-27T19:06:44Z,-21.7111422,166.1637282,13.0,7603.5,9.068,119,96,164
2026-07-27T19:06:45Z,-21.7110832,166.1636746,13.0,7612.5,9.059,119,97,164
2026-07-27T19:06:46Z,-21.7110255,166.1636102,13.0,7621.6,9.051,119,98,164
2026-07-27T19:06:47Z,-21.7109746,166.1635458,13.0,7630.5,9.044,120,98,165
2026-07-27T19:06:48Z,-21.7109169,166.1634815,13.0,7639.7,9.038,120,98,165
2026-07-27T19:06:49Z,-21.7108539,166.1634278,13.0,7648.6,9.032,119,99,165
2026-07-27T19:06:50Z,-21.7107908,166.1633849,13.0,7657.6,9.014,119,99,143
2026-07-27T19:06:51Z,-21.7107238,166.1633205,13.0,7666.6,8.971,119,100,125
2026-07-27T19:06:52Z,-21.7106648,166.1632776,13.0,7675.5,8.921,119,100,125
2026-07-27T19:06:53Z,-21.7106085,166.1631918,13.0,7684.6,8.872,119,101,124
2026-07-27T19:06:54Z,-21.7105722,166.1631167,13.0,7693.3,8.826,119,101,124
2026-07-27T19:06:55Z,-21.7105548,166.1630416,13.0,7701.9,8.784,119,102,125
2026-07-27T19:06:56Z,-21.7105508,166.1629558,13.0,7711.0,8.743,119,102,125
2026-07-27T19:06:57Z,-21.7105521,166.1628807,13.0,7719.6,8.711,120,103,125
2026-07-27T19:06:58Z,-21.7105548,166.1627841,13.0,7728.2,8.682,120,103,124
2026-07-27T19:06:59Z,-21.7105561,166.1627090,13.0,7737.1,8.651,120,103,124
2026-07-27T19:07:00Z,-21.7105588,166.1626124,13.0,7745.8,8.618,121,104,124
2026-07-27T19:07:01Z,-21.7105602,166.1625373,13.0,7754.6,8.579,122,104,125
2026-07-27T19:07:02Z,-21.7105602,166.1624622,13.0,7762.9,8.524,122,104,125
2026-07-27T19:07:03Z,-21.7105561,166.1623764,13.2,7771.2,8.421,122,104,124
2026-07-27T19:07:04Z,-21.7105454,166.1623013,13.4,7779.5,8.154,122,102,124
2026-07-27T19:07:05Z,-21.7105293,166.1622155,13.8,7787.5,7.748,122,103,125
2026-07-27T19:07:06Z,-21.7105132,166.1621404,14.0,7795.0,7.316,122,103,125
2026-07-27T19:07:07Z,-21.7104998,166.1620867,14.4,7802.0,6.958,122,103,125
2026-07-27T19:07:08Z,-21.7104864,166.1620224,14.6,7808.8,6.615,122,103,124
2026-07-27T19:07:09Z,-21.7104743,166.1619580,15.0,7815.3,6.287,122,103,125
2026-07-27T19:07:10Z,-21.7104636,166.1619043,15.2,7821.5,5.991,121,102,124
2026-07-27T19:07:11Z,-21.7104542,166.1618400,15.4,7827.3,5.723,121,102,124
2026-07-27T19:07:12Z,-21.7104435,166.1617970,15.6,7832.8,5.492,121,101,124
2026-07-27T19:07:13Z,-21.7104301,166.1617434,15.8,7838.3,5.299,121,101,124
2026-07-27T19:07:14Z,-21.7104194,166.1616898,16.0,7843.6,5.157,121,101,124
2026-07-27T19:07:15Z,-21.7104046,166.1616361,16.2,7848.7,5.047,121,101,125
2026-07-27T19:07:16Z,-21.7103872,166.1615932,16.2,7853.7,5.001,120,100,125
2026-07-27T19:07:17Z,-21.7103697,166.1615610,16.4,7858.5,5.063,120,100,125
2026-07-27T19:07:18Z,-21.7103510,166.1615181,16.2,7863.8,5.256,120,100,125
2026-07-27T19:07:19Z,-21.7103349,166.1614537,16.2,7869.2,5.540,119,100,124
2026-07-27T19:07:20Z,-21.7103215,166.1614108,16.0,7875.0,5.922,119,98,125
2026-07-27T19:07:21Z,-21.7103107,166.1613464,15.8,7881.1,6.362,119,99,124
2026-07-27T19:07:22Z,-21.7102987,166.1612928,15.6,7887.6,6.837,118,99,125
2026-07-27T19:07:23Z,-21.7102839,166.1612284,15.2,7894.8,7.331,117,99,125
2026-07-27T19:07:24Z,-21.7102571,166.1611533,15.0,7902.4,7.807,115,98,125
2026-07-27T19:07:25Z,-21.7102155,166.1610889,14.6,7910.4,8.285,115,98,124
2026-07-27T19:07:26Z,-21.7101659,166.1610353,14.2,7919.0,8.732,115,98,124
2026-07-27T19:07:27Z,-21.7101203,166.1609495,13.8,7927.8,9.069,115,98,124
2026-07-27T19:07:28Z,-21.7100868,166.1608744,13.6,7937.2,9.304,115,98,125
2026-07-27T19:07:29Z,-21.7100479,166.1607993,13.4,7946.6,9.450,115,97,124
2026-07-27T19:07:30Z,-21.7099862,166.1607349,13.2,7955.9,9.497,114,96,125
2026-07-27T19:07:31Z,-21.7099124,166.1606920,13.2,7965.4,9.473,115,97,125
2026-07-27T19:07:32Z,-21.7098373,166.1606383,13.2,7975.1,9.432,115,97,124
2026-07-27T19:07:33Z,-21.7097676,166.1605847,13.0,7984.3,9.398,114,97,124
2026-07-27T19:07:34Z,-21.7097153,166.1605310,13.0,7993.7,9.338,114,98,124
2026-07-27T19:07:35Z,-21.7096978,166.1604345,13.0,8003.1,9.243,114,99,124
2026-07-27T19:07:36Z,-21.7096938,166.1603487,13.0,8012.0,9.179,114,98,125
2026-07-27T19:07:37Z,-21.7096938,166.1602521,13.0,8021.6,9.130,113,98,124
2026-07-27T19:07:38Z,-21.7096965,166.1601770,13.0,8030.4,9.090,113,98,124
2026-07-27T19:07:39Z,-21.7096965,166.1600697,13.0,8040.0,9.050,113,99,124
2026-07-27T19:07:40Z,-21.7097005,166.1599946,13.0,8048.6,9.014,114,98,124
2026-07-27T19:07:41Z,-21.7097139,166.1598980,13.0,8057.9,8.971,114,98,124
2026-07-27T19:07:42Z,-21.7097501,166.1598229,13.0,8066.5,8.925,114,99,125
2026-07-27T19:07:43Z,-21.7098145,166.1597800,13.0,8075.5,8.859,114,99,125
2026-07-27T19:07:44Z,-21.7098869,166.1597478,13.0,8084.1,8.789,115,99,125
2026-07-27T19:07:45Z,-21.7099674,166.1597478,13.0,8093.1,8.731,115,99,125
2026-07-27T19:07:46Z,-21.7100452,166.1597371,13.0,8101.6,8.688,114,99,124
2026-07-27T19:07:47Z,-21.7101216,166.1597478,13.0,8110.1,8.651,114,99,125
2026-07-27T19:07:48Z,-21.7102034,166.1597478,13.0,8119.2,8.616,114,99,124
2026-07-27T19:07:49Z,-21.7102826,166.1597478,13.0,8127.9,8.584,114,99,124
2026-07-27T19:07:50Z,-21.7103577,166.1597478,13.0,8136.5,8.553,114,101,124
2026-07-27T19:07:51Z,-21.7104328,166.1597478,13.0,8144.6,8.526,114,101,124
2026-07-27T19:07:52Z,-21.7105106,166.1597478,13.0,8153.4,8.497,114,101,124
2026-07-27T19:07:53Z,-21.7105883,166.1597586,13.0,8162.0,8.470,114,101,124
2026-07-27T19:07:54Z,-21.7106634,166.1597586,13.0,8170.2,8.447,114,101,125
2026-07-27T19:07:55Z,-21.7107412,166.1597586,13.0,8178.9,8.424,114,101,125
2026-07-27T19:07:56Z,-21.7108136,166.1597586,13.0,8186.8,8.404,114,101,124
2026-07-27T19:07:57Z,-21.7108901,166.1597586,13.0,8195.2,8.383,114,101,124
2026-07-27T19:07:58Z,-21.7109706,166.1597586,13.0,8204.1,8.361,113,100,124
2026-07-27T19:07:59Z,-21.7110416,166.1597586,13.0,8212.1,8.343,113,100,124
2026-07-27T19:08:00Z,-21.7111194,166.1597586,13.0,8220.6,8.325,113,100,124
2026-07-27T19:08:01Z,-21.7111918,166.1597586,13.0,8228.8,8.309,112,99,125
2026-07-27T19:08:02Z,-21.7112656,166.1597586,13.0,8237.0,8.294,112,99,124
2026-07-27T19:08:03Z,-21.7113447,166.1597586,13.0,8245.7,8.278,112,98,124
2026-07-27T19:08:04Z,-21.7114185,166.1597586,13.0,8253.9,8.264,111,98,125
2026-07-27T19:08:05Z,-21.7114936,166.1597586,13.0,8262.0,8.252,111,98,125
2026-07-27T19:08:06Z,-21.7115673,166.1597586,13.0,8270.4,8.240,111,98,125
2026-07-27T19:08:07Z,-21.7116398,166.1597586,13.0,8278.3,8.229,111,98,124
2026-07-27T19:08:08Z,-21.7117162,166.1597586,13.0,8286.8,8.217,111,98,124
2026-07-27T19:08:09Z,-21.7117900,166.1597586,13.0,8294.9,8.206,111,97,124
2026-07-27T19:08:10Z,-21.7118651,166.1597586,13.0,8303.2,8.195,111,97,124
2026-07-27T19:08:11Z,-21.7119361,166.1597586,13.0,8311.1,8.185,111,97,124
2026-07-27T19:08:12Z,-21.7120139,166.1597586,13.0,8319.6,8.175,111,97,124
2026-07-27T19:08:13Z,-21.7120850,166.1597586,13.0,8327.5,8.167,111,97,125
2026-07-27T19:08:14Z,-21.7121588,166.1597586,13.0,8335.7,8.159,111,97,125
2026-07-27T19:08:15Z,-21.7122298,166.1597586,13.0,8343.7,8.174,111,97,124
2026-07-27T19:08:16Z,-21.7123049,166.1597586,13.0,8351.9,8.203,111,97,124
2026-07-27T19:08:17Z,-21.7123814,166.1597586,13.0,8360.6,8.227,111,96,125
2026-07-27T19:08:18Z,-21.7124538,166.1597586,13.0,8368.5,8.243,111,97,125
2026-07-27T19:08:19Z,-21.7125289,166.1597586,13.0,8376.7,8.248,111,97,124
2026-07-27T19:08:20Z,-21.7126013,166.1597586,13.0,8384.8,8.244,111,97,124
2026-07-27T19:08:21Z,-21.7126791,166.1597478,13.0,8393.4,8.233,111,97,125
2026-07-27T19:08:22Z,-21.7127542,166.1597478,13.0,8401.7,8.222,111,97,125
2026-07-27T19:08:23Z,-21.7128266,166.1597371,13.0,8409.9,8.211,111,97,124
2026-07-27T19:08:24Z,-21.7128964,166.1597049,13.0,8418.1,8.200,110,98,125
2026-07-27T19:08:25Z,-21.7129594,166.1596727,13.0,8426.1,8.191,110,98,125
2026-07-27T19:08:26Z,-21.7130050,166.1596084,13.0,8434.1,8.183,111,98,125
2026-07-27T19:08:27Z,-21.7130519,166.1595547,13.0,8442.5,8.175,110,98,125
2026-07-27T19:08:28Z,-21.7130949,166.1594689,13.0,8450.7,8.167,110,99,125
2026-07-27T19:08:29Z,-21.7131338,166.1594152,13.0,8459.0,8.158,111,99,124
2026-07-27T19:08:30Z,-21.7131659,166.1593401,13.0,8466.9,8.150,111,99,124
2026-07-27T19:08:31Z,-21.7132021,166.1592758,13.0,8475.3,8.142,111,99,124
2026-07-27T19:08:32Z,-21.7132397,166.1592007,13.0,8483.3,8.133,112,100,125
2026-07-27T19:08:33Z,-21.7132799,166.1591363,13.0,8491.6,8.121,112,100,125
2026-07-27T19:08:34Z,-21.7133188,166.1590719,13.0,8499.6,8.113,112,100,125
2026-07-27T19:08:35Z,-21.7133550,166.1589968,13.0,8507.8,8.111,112,100,124
2026-07-27T19:08:36Z,-21.7133845,166.1589432,13.0,8515.5,8.119,113,99,124
2026-07-27T19:08:37Z,-21.7134154,166.1588681,13.0,8523.9,8.148,113,99,125
2026-07-27T19:08:38Z,-21.7134449,166.1587822,13.0,8532.6,8.189,113,99,124
2026-07-27T19:08:39Z,-21.7134704,166.1587071,13.0,8540.0,8.219,113,99,125
2026-07-27T19:08:40Z,-21.7135012,166.1586320,13.0,8548.8,8.239,113,99,124
2026-07-27T19:08:41Z,-21.7135321,166.1585784,13.0,8556.8,8.236,113,98,124
2026-07-27T19:08:42Z,-21.7135669,166.1584926,13.0,8565.0,8.216,113,98,124
2026-07-27T19:08:43Z,-21.7136005,166.1584175,13.0,8573.3,8.187,113,98,125
2026-07-27T19:08:44Z,-21.7136326,166.1583638,13.0,8581.3,8.156,112,99,125
2026-07-27T19:08:45Z,-21.7136675,166.1582887,13.0,8589.6,8.122,112,99,124
2026-07-27T19:08:46Z,-21.7137037,166.1582243,13.0,8597.8,8.088,112,99,124
2026-07-27T19:08:47Z,-21.7137386,166.1581492,13.0,8605.8,8.056,112,99,124
2026-07-27T19:08:48Z,-21.7137748,166.1580849,13.0,8613.9,8.029,112,99,125
2026-07-27T19:08:49Z,-21.7138164,166.1580205,13.0,8621.9,8.011,112,99,124
2026-07-27T19:08:50Z,-21.7138673,166.1579669,13.0,8630.0,8.004,112,99,125
2026-07-27T19:08:51Z,-21.7139290,166.1579132,13.0,8637.9,8.009,112,98,125
2026-07-27T19:08:52Z,-21.7139921,166.1578918,13.0,8645.6,8.017,112,99,124
2026-07-27T19:08:53Z,-21.7140618,166.1578703,13.0,8653.8,8.017,112,99,124
2026-07-27T19:08:54Z,-21.7141329,166.1578596,13.0,8661.8,8.016,112,99,124
2026-07-27T19:08:55Z,-21.7142053,166.1578274,13.0,8670.0,8.016,112,99,125
2026-07-27T19:08:56Z,-21.7142697,166.1577952,13.0,8678.0,8.016,112,101,124
2026-07-27T19:08:57Z,-21.7143273,166.1577523,13.0,8686.1,8.016,112,101,124
2026-07-27T19:08:58Z,-21.7143770,166.1576986,13.0,8693.6,8.015,112,100,124
2026-07-27T19:08:59Z,-21.7144226,166.1576450,13.0,8701.6,8.015,112,100,125
2026-07-27T19:09:00Z,-21.7144641,166.1575806,13.0,8709.8,8.016,111,100,125
2026-07-27T19:09:01Z,-21.7145030,166.1575055,13.0,8717.7,8.017,112,100,125
2026-07-27T19:09:02Z,-21.7145392,166.1574411,13.0,8726.0,8.017,112,100,125
2026-07-27T19:09:03Z,-21.7145674,166.1573660,13.0,8734.0,8.018,112,100,125
2026-07-27T19:09:04Z,-21.7145902,166.1572909,13.0,8742.0,8.018,112,100,125
2026-07-27T19:09:05Z,-21.7146063,166.1572158,13.0,8750.0,8.019,112,100,125
2026-07-27T19:09:06Z,-21.7146116,166.1571407,13.0,8757.9,8.019,112,100,124
2026-07-27T19:09:07Z,-21.7146103,166.1570656,13.0,8766.1,8.019,112,100,125
2026-07-27T19:09:08Z,-21.7146036,166.1569905,13.0,8773.9,8.019,112,98,124
2026-07-27T19:09:09Z,-21.7145969,166.1569154,13.0,8782.0,8.019,112,98,125
2026-07-27T19:09:10Z,-21.7145889,166.1568296,13.0,8790.1,8.018,113,99,124
2026-07-27T19:09:11Z,-21.7145808,166.1567545,13.0,8798.0,8.018,113,99,124
2026-07-27T19:09:12Z,-21.7145754,166.1566794,13.0,8806.3,8.017,113,98,124
2026-07-27T19:09:13Z,-21.7145674,166.1566043,13.0,8814.3,8.017,113,98,125
2026-07-27T19:09:14Z,-21.7145540,166.1565292,13.0,8822.0,8.018,112,98,125
2026-07-27T19:09:15Z,-21.7145365,166.1564541,13.0,8830.2,8.018,112,98,125
2026-07-27T19:09:16Z,-21.7145111,166.1563790,13.0,8838.0,8.011,112,99,125
2026-07-27T19:09:17Z,-21.7144749,166.1563146,13.0,8846.3,7.978,112,98,125
2026-07-27T19:09:18Z,-21.7144386,166.1562502,13.2,8854.0,7.944,112,98,125
2026-07-27T19:09:19Z,-21.7143998,166.1561751,13.2,8861.9,7.928,111,98,125
2026-07-27T19:09:20Z,-21.7143595,166.1561215,13.2,8870.3,7.956,111,98,125
2026-07-27T19:09:21Z,-21.7143273,166.1560571,13.0,8878.0,8.046,111,98,124
2026-07-27T19:09:22Z,-21.7142951,166.1559820,12.8,8886.2,8.224,111,98,124
2026-07-27T19:09:23Z,-21.7142643,166.1559069,12.6,8894.5,8.474,111,98,125
2026-07-27T19:09:24Z,-21.7142361,166.1558318,12.4,8903.3,8.768,111,99,124
2026-07-27T19:09:25Z,-21.7142053,166.1557460,12.0,8912.2,9.047,111,100,124
2026-07-27T19:09:26Z,-21.7141744,166.1556709,11.8,8921.0,9.275,112,100,110
2026-07-27T19:09:27Z,-21.7141369,166.1555851,11.4,8930.5,9.532,112,100,110
2026-07-27T19:09:28Z,-21.7140967,166.1555099,11.0,8940.4,9.781,112,98,110
2026-07-27T19:09:29Z,-21.7140605,166.1554134,10.8,8950.2,9.975,111,98,111
2026-07-27T19:09:30Z,-21.7140377,166.1553276,10.6,8960.1,10.084,111,98,125
2026-07-27T19:09:31Z,-21.7140256,166.1552310,10.4,8970.4,10.072,111,97,124
2026-07-27T19:09:32Z,-21.7140242,166.1551237,10.4,8980.5,9.951,111,96,125
2026-07-27T19:09:33Z,-21.7140296,166.1550379,10.6,8990.4,9.775,110,96,124
2026-07-27T19:09:34Z,-21.7140430,166.1549413,10.6,9000.0,9.581,110,95,124
2026-07-27T19:09:35Z,-21.7140658,166.1548555,10.8,9009.5,9.387,110,95,125
2026-07-27T19:09:36Z,-21.7141007,166.1547697,10.8,9018.8,9.220,111,95,124
2026-07-27T19:09:37Z,-21.7141476,166.1546946,11.0,9027.8,9.087,111,95,124
2026-07-27T19:09:38Z,-21.7142013,166.1546409,11.0,9036.6,8.972,111,94,125
2026-07-27T19:09:39Z,-21.7142630,166.1545765,11.0,9045.3,8.862,111,94,124
2026-07-27T19:09:40Z,-21.7143314,166.1545336,11.2,9054.8,8.744,111,94,124
2026-07-27T19:09:41Z,-21.7143917,166.1544800,11.2,9063.0,8.639,111,95,125
2026-07-27T19:09:42Z,-21.7144588,166.1544371,11.2,9071.8,8.514,110,95,124
2026-07-27T19:09:43Z,-21.7145218,166.1543941,11.4,9080.2,8.374,110,95,124
2026-07-27T19:09:44Z,-21.7145835,166.1543512,11.4,9088.4,8.217,110,95,124
2026-07-27T19:09:45Z,-21.7146479,166.1542976,11.6,9096.9,8.041,110,95,124
2026-07-27T19:09:46Z,-21.7147082,166.1542654,11.8,9104.5,7.876,110,95,124
2026-07-27T19:09:47Z,-21.7147712,166.1542439,12.0,9112.1,7.712,109,94,124
2026-07-27T19:09:48Z,-21.7148410,166.1542118,12.0,9120.1,7.549,109,94,124
2026-07-27T19:09:49Z,-21.7149067,166.1541903,12.2,9127.8,7.409,109,94,125
2026-07-27T19:09:50Z,-21.7149697,166.1541796,12.4,9134.9,7.279,109,94,124
2026-07-27T19:09:51Z,-21.7150354,166.1541796,12.4,9142.0,7.151,109,94,125
2026-07-27T19:09:52Z,-21.7150998,166.1541796,12.6,9149.3,7.034,109,94,124
2026-07-27T19:09:53Z,-21.7151628,166.1541903,12.6,9156.2,6.942,108,94,125
2026-07-27T19:09:54Z,-21.7152232,166.1541903,12.8,9163.1,6.876,108,94,124
2026-07-27T19:09:55Z,-21.7152849,166.1542118,12.8,9169.9,6.836,108,94,125
2026-07-27T19:09:56Z,-21.7153426,166.1542225,12.8,9176.6,6.824,109,94,125
2026-07-27T19:09:57Z,-21.7153989,166.1542547,13.0,9183.4,6.830,109,91,125
2026-07-27T19:09:58Z,-21.7154565,166.1542869,13.0,9190.3,6.849,109,92,124
2026-07-27T19:09:59Z,-21.7155115,166.1543190,13.0,9197.2,6.875,109,92,124
2026-07-27T19:10:00Z,-21.7155665,166.1543512,13.0,9204.2,6.907,109,92,124
2026-07-27T19:10:01Z,-21.7156228,166.1543727,13.0,9211.1,6.941,109,92,124
2026-07-27T19:10:02Z,-21.7156778,166.1544049,13.0,9218.0,6.977,109,92,124
2026-07-27T19:10:03Z,-21.7157355,166.1544371,13.0,9225.1,7.014,109,92,124
2026-07-27T19:10:04Z,-21.7157918,166.1544693,13.0,9231.9,7.049,109,92,125
2026-07-27T19:10:05Z,-21.7158535,166.1544800,13.0,9239.1,7.085,109,92,125
2026-07-27T19:10:06Z,-21.7159139,166.1545014,13.0,9246.0,7.126,109,91,125
2026-07-27T19:10:07Z,-21.7159796,166.1545336,13.0,9253.6,7.176,109,92,125
2026-07-27T19:10:08Z,-21.7160426,166.1545444,13.0,9260.8,7.226,109,92,124
2026-07-27T19:10:09Z,-21.7161030,166.1545551,13.0,9267.8,7.274,109,92,125
2026-07-27T19:10:10Z,-21.7161673,166.1545551,13.0,9275.1,7.321,109,92,125
2026-07-27T19:10:11Z,-21.7162371,166.1545765,13.0,9282.6,7.363,109,91,125
2026-07-27T19:10:12Z,-21.7163014,166.1545765,13.0,9289.8,7.398,109,91,124
2026-07-27T19:10:13Z,-21.7163685,166.1545765,13.0,9297.3,7.432,109,91,125
2026-07-27T19:10:14Z,-21.7164329,166.1545873,13.0,9304.5,7.464,109,91,125
2026-07-27T19:10:15Z,-21.7165039,166.1545873,13.0,9312.3,7.496,109,91,125
2026-07-27T19:10:16Z,-21.7165710,166.1545873,13.0,9319.5,7.523,109,91,124
2026-07-27T19:10:17Z,-21.7166367,166.1545765,13.0,9327.0,7.549,109,91,124
2026-07-27T19:10:18Z,-21.7167078,166.1545765,13.0,9334.9,7.576,110,92,125
2026-07-27T19:10:19Z,-21.7167749,166.1545551,13.0,9342.3,7.599,110,92,124
2026-07-27T19:10:20Z,-21.7168419,166.1545444,13.0,9349.9,7.621,110,92,124
2026-07-27T19:10:21Z,-21.7169076,166.1545336,13.0,9357.5,7.640,110,93,124
2026-07-27T19:10:22Z,-21.7169733,166.1545014,13.0,9365.3,7.658,111,93,124
2026-07-27T19:10:23Z,-21.7170377,166.1544693,13.0,9373.1,7.675,111,92,124
2026-07-27T19:10:24Z,-21.7171007,166.1544371,13.0,9380.8,7.692,111,92,124
2026-07-27T19:10:25Z,-21.7171597,166.1544049,13.0,9388.4,7.712,111,92,125
2026-07-27T19:10:26Z,-21.7172214,166.1543620,13.0,9396.1,7.735,112,91,124
2026-07-27T19:10:27Z,-21.7172804,166.1543298,13.0,9403.6,7.770,111,91,124
2026-07-27T19:10:28Z,-21.7173395,166.1542869,13.0,9411.4,7.825,111,92,124
2026-07-27T19:10:29Z,-21.7173985,166.1542439,13.0,9419.4,7.885,111,92,125
2026-07-27T19:10:30Z,-21.7174534,166.1541903,13.0,9427.2,7.934,112,92,124
2026-07-27T19:10:31Z,-21.7175111,166.1541474,13.0,9435.5,7.964,112,92,124
2026-07-27T19:10:32Z,-21.7175581,166.1540830,13.0,9443.1,7.963,112,92,124
2026-07-27T19:10:33Z,-21.7176063,166.1540294,13.0,9451.6,7.919,112,92,124
2026-07-27T19:10:34Z,-21.7176466,166.1539650,13.0,9459.3,7.831,112,92,125
2026-07-27T19:10:35Z,-21.7176788,166.1539006,13.2,9466.9,7.712,112,92,124
2026-07-27T19:10:36Z,-21.7177096,166.1538255,13.2,9474.8,7.567,112,92,125
2026-07-27T19:10:37Z,-21.7177337,166.1537719,13.4,9481.8,7.467,112,92,124
2026-07-27T19:10:38Z,-21.7177619,166.1537075,13.6,9489.7,7.415,111,91,125
2026-07-27T19:10:39Z,-21.7177874,166.1536324,13.6,9497.1,7.357,111,91,124
2026-07-27T19:10:40Z,-21.7178115,166.1535680,13.8,9504.2,7.292,111,91,124
2026-07-27T19:10:41Z,-21.7178370,166.1535037,14.0,9511.2,7.220,111,91,124
2026-07-27T19:10:42Z,-21.7178692,166.1534500,14.0,9518.9,7.173,111,91,125
2026-07-27T19:10:43Z,-21.7179041,166.1533856,14.0,9525.9,7.152,110,91,125
2026-07-27T19:10:44Z,-21.7179416,166.1533427,14.2,9532.9,7.135,111,91,125
2026-07-27T19:10:45Z,-21.7179832,166.1532784,14.2,9540.1,7.140,111,91,124
2026-07-27T19:10:46Z,-21.7180301,166.1532354,14.2,9547.3,7.142,111,91,125
2026-07-27T19:10:47Z,-21.7180771,166.1531818,14.2,9554.4,7.172,111,91,125
2026-07-27T19:10:48Z,-21.7181253,166.1531389,14.2,9561.5,7.216,111,91,124
2026-07-27T19:10:49Z,-21.7181750,166.1530960,14.2,9568.9,7.288,111,92,125
2026-07-27T19:10:50Z,-21.7182259,166.1530530,14.2,9576.3,7.400,111,93,125
2026-07-27T19:10:51Z,-21.7182769,166.1529994,14.2,9583.8,7.592,112,91,124
2026-07-27T19:10:52Z,-21.7183372,166.1529458,13.8,9592.3,7.952,112,91,124
2026-07-27T19:10:53Z,-21.7183882,166.1529136,13.6,9599.5,8.300,112,91,125
2026-07-27T19:10:54Z,-21.7184512,166.1528492,13.2,9608.3,8.684,112,91,124
2026-07-27T19:10:55Z,-21.7185062,166.1527956,13.0,9617.1,8.838,113,91,124
2026-07-27T19:10:56Z,-21.7185545,166.1527312,13.2,9625.7,8.733,113,91,125
2026-07-27T19:10:57Z,-21.7185947,166.1526561,13.4,9634.5,8.464,113,90,124
2026-07-27T19:10:58Z,-21.7186283,166.1525917,13.6,9642.3,8.158,113,91,125
2026-07-27T19:10:59Z,-21.7186604,166.1525166,13.8,9650.4,7.823,113,91,125
2026-07-27T19:11:00Z,-21.7186953,166.1524522,14.2,9658.0,7.510,113,91,124
2026-07-27T19:11:01Z,-21.7187302,166.1523986,14.4,9665.4,7.245,113,91,124
2026-07-27T19:11:02Z,-21.7187691,166.1523342,14.6,9672.6,7.068,113,91,125
2026-07-27T19:11:03Z,-21.7188187,166.1522913,14.6,9679.9,6.972,113,91,125
2026-07-27T19:11:04Z,-21.7188670,166.1522591,14.8,9686.5,6.926,113,91,124
2026-07-27T19:11:05Z,-21.7189206,166.1522055,14.8,9693.5,6.920,113,91,124
2026-07-27T19:11:06Z,-21.7189756,166.1521840,14.8,9700.5,6.963,113,91,125
2026-07-27T19:11:07Z,-21.7190306,166.1521518,14.8,9707.5,7.217,113,91,124
2026-07-27T19:11:08Z,-21.7190856,166.1521089,14.8,9715.1,7.494,113,91,124
2026-07-27T19:11:09Z,-21.7191352,166.1520553,14.6,9722.3,7.735,113,92,124
2026-07-27T19:11:10Z,-21.7191848,166.1520123,14.6,9730.3,7.997,113,92,124
2026-07-27T19:11:11Z,-21.7192331,166.1519480,14.4,9738.6,8.245,113,92,125
2026-07-27T19:11:12Z,-21.7192827,166.1518729,14.2,9747.1,8.471,113,92,124
2026-07-27T19:11:13Z,-21.7193310,166.1518085,14.0,9755.5,8.661,113,93,124
2026-07-27T19:11:14Z,-21.7193833,166.1517549,14.0,9764.1,8.825,113,93,125
2026-07-27T19:11:15Z,-21.7194450,166.1517119,13.8,9773.0,8.964,113,93,125
2026-07-27T19:11:16Z,-21.7195094,166.1516476,13.6,9782.4,9.099,113,93,125
2026-07-27T19:11:17Z,-21.7195711,166.1515832,13.4,9791.3,9.223,113,93,125
2026-07-27T19:11:18Z,-21.7196395,166.1515403,13.2,9800.8,9.343,113,94,124
2026-07-27T19:11:19Z,-21.7197065,166.1514759,13.2,9809.8,9.436,113,95,125
2026-07-27T19:11:20Z,-21.7197803,166.1514330,13.0,9819.5,9.512,113,95,125
2026-07-27T19:11:21Z,-21.7198567,166.1514008,12.8,9828.8,9.549,113,95,124
2026-07-27T19:11:22Z,-21.7199425,166.1513686,12.8,9838.7,9.536,113,95,125
2026-07-27T19:11:23Z,-21.7200284,166.1513579,12.8,9848.2,9.468,113,94,124
2026-07-27T19:11:24Z,-21.7201129,166.1513579,12.8,9857.4,9.365,113,98,124
2026-07-27T19:11:25Z,-21.7201960,166.1513686,13.0,9866.7,9.244,113,94,125
2026-07-27T19:11:26Z,-21.7202765,166.1513686,13.0,9875.8,9.121,114,95,125
2026-07-27T19:11:27Z,-21.7203610,166.1514008,13.0,9885.2,9.001,114,95,125
2026-07-27T19:11:28Z,-21.7204361,166.1514223,13.0,9893.9,8.911,114,95,124
2026-07-27T19:11:29Z,-21.7205112,166.1514437,13.0,9902.8,8.845,115,98,124
2026-07-27T19:11:30Z,-21.7205836,166.1514974,13.0,9911.8,8.793,115,98,124
2026-07-27T19:11:31Z,-21.7206480,166.1515403,13.0,9920.6,8.751,115,98,124
2026-07-27T19:11:32Z,-21.7207110,166.1515832,13.0,9929.2,8.717,115,97,124
2026-07-27T19:11:33Z,-21.7207740,166.1516261,13.0,9937.7,8.685,115,97,125
2026-07-27T19:11:34Z,-21.7208491,166.1516798,13.0,9946.7,8.651,114,97,125
2026-07-27T19:11:35Z,-21.7209229,166.1516905,13.0,9955.4,8.622,114,97,125
2026-07-27T19:11:36Z,-21.7209953,166.1517119,13.0,9963.7,8.600,114,96,125
2026-07-27T19:11:37Z,-21.7210731,166.1517227,13.0,9972.4,8.578,114,96,125
2026-07-27T19:11:38Z,-21.7211495,166.1517334,13.0,9981.0,8.551,114,96,125
2026-07-27T19:11:39Z,-21.7212193,166.1517549,13.0,9988.7,8.523,114,96,125
2026-07-27T19:11:40Z,-21.7213011,166.1517656,13.0,9997.8,8.481,0,96,125
2026-07-27T19:11:41Z,-21.7213789,166.1517656,13.0,10006.7,8.431,0,96,124
2026-07-27T19:11:42Z,-21.7214513,166.1517870,13.2,10014.8,8.374,0,96,125
2026-07-27T19:11:43Z,-21.7215277,166.1517978,13.2,10023.4,8.311,0,97,125
2026-07-27T19:11:44Z,-21.7216001,166.1518085,13.2,10031.6,8.248,0,97,124
2026-07-27T19:11:45Z,-21.7216712,166.1518300,13.2,10039.5,8.190,0,97,124
2026-07-27T19:11:46Z,-21.7217450,166.1518407,13.2,10047.8,8.133,0,97,124
2026-07-27T19:11:47Z,-21.7218201,166.1518621,13.4,10056.1,8.082,0,96,124
2026-07-27T19:11:48Z,-21.7218885,166.1518729,13.4,10063.8,8.042,0,97,124
2026-07-27T19:11:49Z,-21.7219622,166.1518729,13.4,10072.2,8.011,0,97,124
2026-07-27T19:11:50Z,-21.7220347,166.1518943,13.4,10080.2,8.014,0,97,147
2026-07-27T19:11:51Z,-21.7221057,166.1518943,13.4,10088.0,8.074,0,97,164
2026-07-27T19:11:52Z,-21.7221782,166.1518729,13.2,10096.2,8.217,0,96,165
2026-07-27T19:11:53Z,-21.7222492,166.1518621,13.2,10104.3,8.436,0,95,164
2026-07-27T19:11:54Z,-21.7223217,166.1518300,13.0,10113.0,8.676,0,94,164
2026-07-27T19:11:55Z,-21.7224008,166.1517978,12.8,10122.1,8.839,0,93,165
2026-07-27T19:11:56Z,-21.7224813,166.1517978,12.8,10131.0,8.891,0,93,164
2026-07-27T19:11:57Z,-21.7225590,166.1518085,12.8,10139.7,8.866,0,93,164
2026-07-27T19:11:58Z,-21.7226382,166.1518300,12.8,10148.5,8.781,0,94,164
2026-07-27T19:11:59Z,-21.7227119,166.1518407,13.0,10157.0,8.670,0,94,165
2026-07-27T19:12:00Z,-21.7227937,166.1518621,13.2,10166.1,8.535,0,93,164
2026-07-27T19:12:01Z,-21.7228661,166.1518729,13.2,10174.5,8.407,0,93,165
2026-07-27T19:12:02Z,-21.7229412,166.1519051,13.4,10183.0,8.284,0,94,165
2026-07-27T19:12:03Z,-21.7230056,166.1519158,13.6,10190.6,8.184,0,94,165
2026-07-27T19:12:04Z,-21.7230780,166.1519480,13.6,10198.8,8.089,0,94,165
2026-07-27T19:12:05Z,-21.7231531,166.1519694,13.8,10207.5,8.006,0,94,164
2026-07-27T19:12:06Z,-21.7232175,166.1520016,13.8,10215.0,7.957,0,94,164
2026-07-27T19:12:07Z,-21.7232886,166.1520123,14.0,10223.3,7.931,0,95,165
2026-07-27T19:12:08Z,-21.7233543,166.1520445,14.0,10231.1,7.941,0,97,165
2026-07-27T19:12:09Z,-21.7234200,166.1520767,14.0,10238.7,7.989,0,98,165
2026-07-27T19:12:10Z,-21.7234884,166.1520875,13.8,10246.8,8.090,0,98,164
2026-07-27T19:12:11Z,-21.7235568,166.1521304,13.8,10255.2,8.255,0,98,164
2026-07-27T19:12:12Z,-21.7236279,166.1521626,13.6,10263.7,8.469,0,97,165
2026-07-27T19:12:13Z,-21.7236963,166.1521947,13.4,10272.2,8.712,0,98,165
2026-07-27T19:12:14Z,-21.7237647,166.1522377,13.2,10281.0,8.973,0,98,165
2026-07-27T19:12:15Z,-21.7238398,166.1522913,13.0,10290.2,9.244,0,98,164
2026-07-27T19:12:16Z,-21.7239095,166.1523128,12.6,10299.2,9.491,0,97,165
2026-07-27T19:12:17Z,-21.7239900,166.1523664,12.4,10309.2,9.731,0,97,164
2026-07-27T19:12:18Z,-21.7240705,166.1524093,12.2,10319.0,9.907,0,97,164
2026-07-27T19:12:19Z,-21.7241523,166.1524522,12.0,10329.0,10.011,0,97,165
2026-07-27T19:12:20Z,-21.7242354,166.1524844,12.0,10339.1,10.021,0,97,164
2026-07-27T19:12:21Z,-21.7243199,166.1525166,12.0,10348.7,9.954,0,97,164
2026-07-27T19:12:22Z,-21.7244071,166.1525273,12.0,10358.7,9.832,0,98,165
2026-07-27T19:12:23Z,-21.7244956,166.1525595,12.2,10368.6,9.675,0,99,165
2026-07-27T19:12:24Z,-21.7245787,166.1525810,12.2,10378.1,9.497,0,99,165
2026-07-27T19:12:25Z,-21.7246592,166.1525917,12.4,10387.3,9.307,0,99,164
2026-07-27T19:12:26Z,-21.7247410,166.1526024,12.6,10396.4,9.107,121,99,164
2026-07-27T19:12:27Z,-21.7248215,166.1526239,12.8,10405.5,8.906,121,99,164
2026-07-27T19:12:28Z,-21.7248979,166.1526346,13.0,10414.1,8.719,121,99,165
2026-07-27T19:12:29Z,-21.7249757,166.1526668,13.2,10423.1,8.543,121,99,165
2026-07-27T19:12:30Z,-21.7250870,166.1526990,13.4,10435.8,8.236,121,98,164
2026-07-27T19:12:31Z,-21.7251205,166.1527097,13.6,10439.7,8.099,121,98,164
2026-07-27T19:12:32Z,-21.7251863,166.1527419,14.0,10447.4,7.794,121,98,165
2026-07-27T19:12:33Z,-21.7252493,166.1527634,14.2,10455.1,7.569,120,98,164
2026-07-27T19:12:34Z,-21.7253123,166.1527956,14.2,10462.6,7.462,120,98,164
2026-07-27T19:12:35Z,-21.7253767,166.1528170,14.4,10470.4,7.412,120,98,164
2026-07-27T19:12:36Z,-21.7254370,166.1528492,14.4,10477.8,7.381,121,98,164
2026-07-27T19:12:37Z,-21.7254947,166.1528814,14.6,10484.8,7.366,121,97,164
2026-07-27T19:12:38Z,-21.7255604,166.1529136,14.6,10492.6,7.361,121,96,164
2026-07-27T19:12:39Z,-21.7256168,166.1529458,14.6,10499.5,7.369,121,96,165
2026-07-27T19:12:40Z,-21.7256784,166.1529779,14.8,10507.2,7.390,121,95,164
2026-07-27T19:12:41Z,-21.7257415,166.1529994,14.8,10514.7,7.424,121,95,164
2026-07-27T19:12:42Z,-21.7258005,166.1530316,14.8,10522.1,7.472,120,94,165
2026-07-27T19:12:43Z,-21.7258595,166.1530638,14.8,10529.7,7.539,121,93,165
2026-07-27T19:12:44Z,-21.7259158,166.1531067,14.8,10537.1,7.621,121,93,165
2026-07-27T19:12:45Z,-21.7259735,166.1531389,14.8,10544.5,7.724,122,93,165
2026-07-27T19:12:46Z,-21.7260312,166.1531818,14.8,10552.3,7.866,122,96,165
2026-07-27T19:12:47Z,-21.7260915,166.1532354,14.6,10560.7,8.048,124,96,165
2026-07-27T19:12:48Z,-21.7261478,166.1532891,14.6,10568.9,8.243,123,95,164
2026-07-27T19:12:49Z,-21.7262028,166.1533427,14.4,10576.9,8.439,124,95,164
2026-07-27T19:12:50Z,-21.7262618,166.1533964,14.2,10585.6,8.642,124,95,165
2026-07-27T19:12:51Z,-21.7263208,166.1534500,14.0,10594.4,8.825,124,95,164
2026-07-27T19:12:52Z,-21.7263839,166.1535037,14.0,10603.3,8.980,124,95,164
2026-07-27T19:12:53Z,-21.7264482,166.1535573,13.8,10612.3,9.098,124,95,165
2026-07-27T19:12:54Z,-21.7265140,166.1536109,13.8,10621.1,9.175,124,95,164
2026-07-27T19:12:55Z,-21.7265797,166.1536646,13.6,10630.3,9.226,124,96,164
2026-07-27T19:12:56Z,-21.7266373,166.1537397,13.6,10639.9,9.273,124,97,164
2026-07-27T19:12:57Z,-21.7266856,166.1537933,13.6,10648.8,9.314,124,96,165
2026-07-27T19:12:58Z,-21.7267312,166.1538684,13.6,10658.3,9.352,124,95,164
2026-07-27T19:12:59Z,-21.7267714,166.1539543,13.4,10667.6,9.385,123,94,165
2026-07-27T19:13:00Z,-21.7268050,166.1540401,13.4,10677.4,9.415,123,94,165
2026-07-27T19:13:01Z,-21.7268318,166.1541367,13.4,10686.6,9.438,123,94,165
2026-07-27T19:13:02Z,-21.7268533,166.1542225,13.4,10696.2,9.456,123,95,165
2026-07-27T19:13:03Z,-21.7268626,166.1542976,13.2,10705.3,9.464,125,96,165
2026-07-27T19:13:04Z,-21.7268533,166.1543941,13.2,10715.1,9.451,125,96,165
2026-07-27T19:13:05Z,-21.7268305,166.1544800,13.2,10724.7,9.421,126,96,165
2026-07-27T19:13:06Z,-21.7268050,166.1545765,13.2,10733.8,9.394,126,96,165
2026-07-27T19:13:07Z,-21.7267808,166.1546624,13.2,10743.3,9.366,127,96,164
2026-07-27T19:13:08Z,-21.7267554,166.1547482,13.2,10752.5,9.340,127,96,164
2026-07-27T19:13:09Z,-21.7267285,166.1548340,13.2,10761.7,9.317,127,96,165
2026-07-27T19:13:10Z,-21.7266963,166.1549091,13.2,10771.3,9.293,127,96,164
2026-07-27T19:13:11Z,-21.7266628,166.1550057,13.2,10780.6,9.272,126,96,164
2026-07-27T19:13:12Z,-21.7266279,166.1550808,13.2,10789.7,9.251,126,96,164
2026-07-27T19:13:13Z,-21.7265958,166.1551559,13.2,10798.8,9.228,126,96,164
2026-07-27T19:13:14Z,-21.7265663,166.1552417,13.2,10808.2,9.188,125,97,164
2026-07-27T19:13:15Z,-21.7265408,166.1553276,13.4,10817.5,9.145,125,97,165
2026-07-27T19:13:16Z,-21.7265099,166.1554134,13.4,10826.7,9.109,125,97,164
2026-07-27T19:13:17Z,-21.7264670,166.1554885,13.4,10835.9,9.091,125,97,164
2026-07-27T19:13:18Z,-21.7264107,166.1555529,13.4,10844.9,9.105,124,97,165
2026-07-27T19:13:19Z,-21.7263383,166.1555958,13.2,10854.2,9.162,124,97,164
2026-07-27T19:13:20Z,-21.7262618,166.1555958,13.2,10862.8,9.249,124,97,164
2026-07-27T19:13:21Z,-21.7261720,166.1555851,13.0,10872.8,9.369,124,97,165
2026-07-27T19:13:22Z,-21.7260996,166.1555529,12.8,10881.5,9.475,124,96,165
2026-07-27T19:13:23Z,-21.7260177,166.1555207,12.8,10891.5,9.593,124,97,165
2026-07-27T19:13:24Z,-21.7259413,166.1554778,12.6,10900.5,9.697,124,97,165
2026-07-27T19:13:25Z,-21.7258501,166.1554563,12.4,10910.9,9.818,124,98,165
2026-07-27T19:13:26Z,-21.7257616,166.1555099,12.2,10921.5,9.912,124,98,165
2026-07-27T19:13:27Z,-21.7257106,166.1555636,12.2,10930.4,9.918,124,98,165
2026-07-27T19:13:28Z,-21.7256825,166.1556602,12.2,10939.9,9.863,123,99,164
2026-07-27T19:13:29Z,-21.7256691,166.1557460,12.2,10950.0,9.772,123,99,165
2026-07-27T19:13:30Z,-21.7256650,166.1558425,12.2,10959.7,9.677,123,99,164
2026-07-27T19:13:31Z,-21.7256650,166.1559284,12.4,10969.7,9.588,123,100,165
2026-07-27T19:13:32Z,-21.7256583,166.1560357,12.4,10979.6,9.520,123,101,164
2026-07-27T19:13:33Z,-21.7256436,166.1561215,12.4,10988.5,9.487,123,100,164
2026-07-27T19:13:34Z,-21.7256154,166.1562073,12.4,10998.1,9.495,122,100,165
2026-07-27T19:13:35Z,-21.7255792,166.1562824,12.2,11007.7,9.539,124,100,165
2026-07-27T19:13:36Z,-21.7255363,166.1563790,12.2,11017.1,9.594,123,100,165
2026-07-27T19:13:37Z,-21.7254907,166.1564541,12.0,11026.5,9.655,124,100,164
2026-07-27T19:13:38Z,-21.7254411,166.1565292,12.0,11036.6,9.727,124,100,164
2026-07-27T19:13:39Z,-21.7253941,166.1566043,11.8,11045.9,9.796,125,101,165
2026-07-27T19:13:40Z,-21.7253405,166.1566794,11.6,11055.7,9.869,125,101,164
2026-07-27T19:13:41Z,-21.7252868,166.1567545,11.6,11065.8,9.944,125,101,164
2026-07-27T19:13:42Z,-21.7252319,166.1568296,11.4,11076.3,10.018,125,100,164
2026-07-27T19:13:43Z,-21.7251822,166.1569154,11.2,11085.8,10.082,124,100,164
2026-07-27T19:13:44Z,-21.7251286,166.1570013,11.2,11096.3,10.145,125,100,164
2026-07-27T19:13:45Z,-21.7250817,166.1570764,11.0,11106.0,10.197,125,100,165
2026-07-27T19:13:46Z,-21.7250334,166.1571729,10.8,11116.7,10.244,125,100,165
2026-07-27T19:13:47Z,-21.7249918,166.1572480,10.8,11126.5,10.275,125,99,164
2026-07-27T19:13:48Z,-21.7249529,166.1573553,10.6,11137.4,10.290,125,99,164
2026-07-27T19:13:49Z,-21.7249261,166.1574411,10.6,11147.2,10.278,124,99,165
2026-07-27T19:13:50Z,-21.7249113,166.1575377,10.6,11157.7,10.246,125,100,165
2026-07-27T19:13:51Z,-21.7249100,166.1576450,10.6,11168.1,10.201,125,100,164
2026-07-27T19:13:52Z,-21.7249261,166.1577308,10.4,11177.9,10.151,125,100,164
2026-07-27T19:13:53Z,-21.7249610,166.1578274,10.4,11188.0,10.106,125,100,165
2026-07-27T19:13:54Z,-21.7250119,166.1579025,10.4,11198.6,10.093,125,101,164
2026-07-27T19:13:55Z,-21.7250696,166.1579776,10.4,11208.3,10.088,125,101,164
2026-07-27T19:13:56Z,-21.7251380,166.1580420,10.2,11218.6,10.060,125,100,164
2026-07-27T19:13:57Z,-21.7252144,166.1580956,10.4,11228.6,9.979,126,100,164
2026-07-27T19:13:58Z,-21.7252949,166.1581278,10.4,11238.1,9.818,126,100,164
2026-07-27T19:13:59Z,-21.7253821,166.1581492,10.6,11248.1,9.545,126,100,164
2026-07-27T19:14:00Z,-21.7254665,166.1581600,10.8,11257.5,9.279,126,101,164
2026-07-27T19:14:01Z,-21.7255524,166.1581814,11.2,11267.0,9.013,126,100,165
2026-07-27T19:14:02Z,-21.7256302,166.1581922,11.4,11275.9,8.777,126,100,164
2026-07-27T19:14:03Z,-21.7257066,166.1582029,11.6,11284.4,8.557,126,100,165
2026-07-27T19:14:04Z,-21.7257790,166.1582243,11.8,11292.6,8.355,125,100,164
2026-07-27T19:14:05Z,-21.7258541,166.1582351,12.0,11301.0,8.153,125,100,164
2026-07-27T19:14:06Z,-21.7259239,166.1582565,12.2,11308.9,7.971,126,100,164
2026-07-27T19:14:07Z,-21.7259923,166.1582673,12.4,11316.6,7.800,125,101,164
2026-07-27T19:14:08Z,-21.7260620,166.1582673,12.6,11324.3,7.633,125,101,164
2026-07-27T19:14:09Z,-21.7261304,166.1582887,12.8,11331.8,7.479,125,100,164
2026-07-27T19:14:10Z,-21.7261975,166.1582994,12.8,11339.4,7.332,125,100,165
2026-07-27T19:14:11Z,-21.7262591,166.1583102,13.0,11346.5,7.196,125,100,164
2026-07-27T19:14:12Z,-21.7263249,166.1583102,13.2,11353.7,7.069,125,100,164
2026-07-27T19:14:13Z,-21.7263892,166.1583316,13.4,11361.1,6.945,124,99,164
2026-07-27T19:14:14Z,-21.7264469,166.1583424,13.6,11367.6,6.842,125,100,164
2026-07-27T19:14:15Z,-21.7265072,166.1583638,13.8,11374.3,6.739,124,99,164
2026-07-27T19:14:16Z,-21.7265689,166.1583638,14.0,11381.1,6.639,124,99,164
2026-07-27T19:14:17Z,-21.7266279,166.1583745,14.0,11387.9,6.546,124,99,165
2026-07-27T19:14:18Z,-21.7266856,166.1583853,14.2,11394.2,6.467,125,100,165
2026-07-27T19:14:19Z,-21.7267419,166.1583853,14.4,11400.6,6.389,125,100,165
2026-07-27T19:14:20Z,-21.7268009,166.1584067,14.6,11407.2,6.314,125,101,164
2026-07-27T19:14:21Z,-21.7268573,166.1584175,14.6,11413.4,6.243,125,102,165
2026-07-27T19:14:22Z,-21.7269123,166.1584175,14.8,11419.8,6.175,125,102,165
2026-07-27T19:14:23Z,-21.7269632,166.1584389,15.0,11425.6,6.129,125,103,164
2026-07-27T19:14:24Z,-21.7270155,166.1584711,15.0,11431.9,6.139,124,105,164
2026-07-27T19:14:25Z,-21.7270611,166.1584926,15.2,11438.2,6.188,123,104,165
2026-07-27T19:14:26Z,-21.7270987,166.1585462,15.2,11444.1,6.263,122,105,165
2026-07-27T19:14:27Z,-21.7271376,166.1585891,15.2,11450.5,6.373,122,105,165
2026-07-27T19:14:28Z,-21.7271671,166.1586320,15.2,11456.8,6.499,122,105,165
2026-07-27T19:14:29Z,-21.7271966,166.1586964,15.2,11463.6,6.644,123,106,164
2026-07-27T19:14:30Z,-21.7272194,166.1587608,15.2,11470.2,6.787,123,106,164
2026-07-27T19:14:31Z,-21.7272381,166.1588144,15.2,11477.1,6.939,123,106,165
2026-07-27T19:14:32Z,-21.7272502,166.1588895,15.2,11484.1,7.092,123,105,165
2026-07-27T19:14:33Z,-21.7272569,166.1589539,15.2,11491.4,7.244,124,105,165
2026-07-27T19:14:34Z,-21.7272596,166.1590290,15.0,11498.5,7.387,124,105,165
2026-07-27T19:14:35Z,-21.7272516,166.1590934,15.0,11506.1,7.529,124,105,165
2026-07-27T19:14:36Z,-21.7272328,166.1591685,15.0,11514.4,7.668,124,105,165
2026-07-27T19:14:37Z,-21.7272019,166.1592329,15.0,11521.6,7.771,124,105,165
2026-07-27T19:14:38Z,-21.7271537,166.1592865,15.0,11529.3,7.853,124,105,165
2026-07-27T19:14:39Z,-21.7271014,166.1593401,15.0,11536.7,7.904,124,105,165
2026-07-27T19:14:40Z,-21.7270397,166.1593616,15.0,11544.7,7.952,124,105,165
2026-07-27T19:14:41Z,-21.7269793,166.1594152,15.0,11552.4,7.994,124,106,164
2026-07-27T19:14:42Z,-21.7269096,166.1594582,15.0,11561.3,8.039,124,106,164
2026-07-27T19:14:43Z,-21.7268533,166.1594903,15.0,11568.7,8.074,124,106,164
2026-07-27T19:14:44Z,-21.7267862,166.1595333,15.0,11577.6,8.113,124,106,165
2026-07-27T19:14:45Z,-21.7267272,166.1595762,15.0,11585.1,8.145,124,105,165
2026-07-27T19:14:46Z,-21.7266601,166.1596298,15.0,11593.8,8.179,124,104,164
2026-07-27T19:14:47Z,-21.7266011,166.1596620,15.0,11601.6,8.208,124,104,165
2026-07-27T19:14:48Z,-21.7265381,166.1597049,15.0,11609.8,8.237,124,104,165
2026-07-27T19:14:49Z,-21.7264737,166.1597478,15.0,11618.1,8.264,124,104,164
2026-07-27T19:14:50Z,-21.7264120,166.1597800,15.0,11626.2,8.288,124,103,164
2026-07-27T19:14:51Z,-21.7263423,166.1598229,15.0,11635.2,8.313,124,103,164
2026-07-27T19:14:52Z,-21.7262833,166.1598659,15.0,11643.0,8.333,124,103,165
2026-07-27T19:14:53Z,-21.7262162,166.1599195,15.0,11651.6,8.355,124,103,164
2026-07-27T19:14:54Z,-21.7261545,166.1599517,15.0,11659.6,8.373,123,103,164
2026-07-27T19:14:55Z,-21.7260861,166.1599946,15.0,11668.3,8.391,123,103,164
2026-07-27T19:14:56Z,-21.7260191,166.1600375,15.0,11677.2,8.409,123,102,164
2026-07-27T19:14:57Z,-21.7259587,166.1600804,15.0,11685.2,8.424,0,102,164
2026-07-27T19:14:58Z,-21.7258917,166.1601341,15.0,11693.6,8.439,0,102,164
2026-07-27T19:14:59Z,-21.7258273,166.1601555,15.0,11702.1,8.453,0,102,164
2026-07-27T19:15:00Z,-21.7257603,166.1602092,15.0,11710.8,8.467,0,102,165
2026-07-27T19:15:01Z,-21.7257026,166.1602521,15.0,11718.4,8.479,0,102,164
2026-07-27T19:15:02Z,-21.7256302,166.1602950,15.0,11727.7,8.491,0,102,164
2026-07-27T19:15:03Z,-21.7255712,166.1603487,15.0,11735.3,8.501,0,102,164
2026-07-27T19:15:04Z,-21.7255028,166.1603701,15.0,11744.3,8.512,0,101,164
2026-07-27T19:15:05Z,-21.7254370,166.1604238,15.0,11752.7,8.521,0,101,164
2026-07-27T19:15:06Z,-21.7253727,166.1604667,15.0,11761.1,8.530,0,102,164
2026-07-27T19:15:07Z,-21.7253083,166.1605096,15.0,11769.5,8.539,0,102,165
2026-07-27T19:15:08Z,-21.7252372,166.1605525,15.0,11778.9,8.549,0,102,164
2026-07-27T19:15:09Z,-21.7251742,166.1606061,15.0,11787.0,8.556,0,103,165
2026-07-27T19:15:10Z,-21.7251098,166.1606491,15.0,11795.9,8.565,0,102,165
2026-07-27T19:15:11Z,-21.7250521,166.1606920,15.0,11803.9,8.572,0,102,165
2026-07-27T19:15:12Z,-21.7249918,166.1607563,15.0,11813.5,8.580,0,102,165
2026-07-27T19:15:13Z,-21.7249516,166.1608315,15.0,11821.4,8.587,0,102,165
2026-07-27T19:15:14Z,-21.7249194,166.1609066,15.0,11830.4,8.593,0,103,164
2026-07-27T19:15:15Z,-21.7249060,166.1609817,15.0,11838.4,8.596,0,102,164
2026-07-27T19:15:16Z,-21.7249073,166.1610568,15.0,11847.5,8.599,0,102,164
2026-07-27T19:15:17Z,-21.7249207,166.1611533,15.0,11855.9,8.604,0,102,165
2026-07-27T19:15:18Z,-21.7249422,166.1612284,15.0,11864.4,8.612,0,101,165
2026-07-27T19:15:19Z,-21.7249690,166.1613035,15.0,11873.4,8.613,0,102,164
2026-07-27T19:15:20Z,-21.7249985,166.1613786,15.0,11881.7,8.597,0,101,165
2026-07-27T19:15:21Z,-21.7250334,166.1614537,15.0,11890.5,8.568,0,101,164
2026-07-27T19:15:22Z,-21.7250656,166.1615288,15.0,11898.5,8.543,0,101,164
2026-07-27T19:15:23Z,-21.7251058,166.1616147,15.0,11907.6,8.525,0,101,165
2026-07-27T19:15:24Z,-21.7251407,166.1616683,15.0,11915.5,8.515,0,102,165
2026-07-27T19:15:25Z,-21.7251796,166.1617434,15.2,11924.4,8.514,124,102,164
2026-07-27T19:15:26Z,-21.7252171,166.1618078,15.2,11932.4,8.527,124,102,164
2026-07-27T19:15:27Z,-21.7252533,166.1618829,15.2,11941.3,8.563,124,102,165
2026-07-27T19:15:28Z,-21.7252895,166.1619580,15.0,11950.3,8.626,124,101,165
2026-07-27T19:15:29Z,-21.7253177,166.1620331,15.0,11958.5,8.710,124,101,165
2026-07-27T19:15:30Z,-21.7253458,166.1621296,14.8,11967.6,8.836,124,101,164
2026-07-27T19:15:31Z,-21.7253673,166.1622047,14.8,11976.0,8.986,124,102,164
2026-07-27T19:15:32Z,-21.7253821,166.1623013,14.6,11985.5,9.206,124,102,165
2026-07-27T19:15:33Z,-21.7253901,166.1623764,14.2,11994.3,9.441,124,103,164
2026-07-27T19:15:34Z,-21.7253941,166.1624837,14.0,12004.3,9.725,124,103,165
2026-07-27T19:15:35Z,-21.7253941,166.1625695,13.6,12014.6,10.022,124,103,165
2026-07-27T19:15:36Z,-21.7253941,166.1626661,13.2,12024.1,10.291,125,103,165
2026-07-27T19:15:37Z,-21.7253982,166.1627734,12.8,12035.0,10.576,125,103,165
2026-07-27T19:15:38Z,-21.7254116,166.1628592,12.4,12045.1,10.809,125,103,164
2026-07-27T19:15:39Z,-21.7254370,166.1629665,12.2,12056.5,11.019,125,104,165
2026-07-27T19:15:40Z,-21.7254773,166.1630630,11.8,12067.0,11.134,125,102,165
2026-07-27T19:15:41Z,-21.7255497,166.1631382,11.8,12078.6,11.142,124,102,164
2026-07-27T19:15:42Z,-21.7256476,166.1631811,11.8,12090.2,10.987,124,102,165
2026-07-27T19:15:43Z,-21.7257388,166.1631918,11.8,12100.4,10.765,124,102,165
2026-07-27T19:15:44Z,-21.7258380,166.1632133,12.0,12111.5,10.487,124,102,164
2026-07-27T19:15:45Z,-21.7259265,166.1632133,12.2,12121.3,10.235,124,103,165
2026-07-27T19:15:46Z,-21.7260218,166.1632133,12.4,12131.8,9.968,123,104,165
2026-07-27T19:15:47Z,-21.7261036,166.1632240,12.6,12141.0,9.756,123,103,164
2026-07-27T19:15:48Z,-21.7261867,166.1632562,12.8,12151.1,9.575,124,103,165
2026-07-27T19:15:49Z,-21.7262565,166.1633313,12.8,12161.0,9.484,124,103,165
2026-07-27T19:15:50Z,-21.7262980,166.1633956,12.8,12170.0,9.481,0,103,165
2026-07-27T19:15:51Z,-21.7263262,166.1634815,12.6,12179.9,9.537,0,102,164
2026-07-27T19:15:52Z,-21.7263396,166.1635780,12.6,12188.9,9.623,0,103,164
2026-07-27T19:15:53Z,-21.7263436,166.1636746,12.4,12198.7,9.734,0,103,165
2026-07-27T19:15:54Z,-21.7263423,166.1637604,12.2,12208.4,9.847,0,103,164
2026-07-27T19:15:55Z,-21.7263356,166.1638677,12.0,12218.8,9.956,0,102,164
2026-07-27T19:15:56Z,-21.7263329,166.1639643,11.8,12228.4,10.037,0,102,164
2026-07-27T19:15:57Z,-21.7263356,166.1640501,11.8,12238.6,10.092,0,102,165
2026-07-27T19:15:58Z,-21.7263490,166.1641574,11.8,12248.6,10.099,0,102,165
2026-07-27T19:15:59Z,-21.7263839,166.1642325,11.8,12258.7,10.030,0,102,165
2026-07-27T19:16:00Z,-21.7264415,166.1643291,11.8,12269.1,9.851,0,103,165
2026-07-27T19:16:01Z,-21.7265140,166.1643720,12.2,12278.6,9.570,0,104,165
2026-07-27T19:16:02Z,-21.7265958,166.1644042,12.4,12288.2,9.215,0,103,165
2026-07-27T19:16:03Z,-21.7266735,166.1644149,12.8,12296.9,8.864,0,103,165
2026-07-27T19:16:04Z,-21.7267513,166.1644149,13.0,12305.5,8.512,0,103,165
2026-07-27T19:16:05Z,-21.7268305,166.1644149,13.4,12314.1,8.164,126,102,165
2026-07-27T19:16:06Z,-21.7269002,166.1644363,13.8,12322.1,7.844,126,102,164
2026-07-27T19:16:07Z,-21.7269699,166.1644363,14.0,12329.6,7.549,126,102,164
2026-07-27T19:16:08Z,-21.7270343,166.1644471,14.2,12336.9,7.281,126,103,164
2026-07-27T19:16:09Z,-21.7270933,166.1644793,14.6,12344.1,7.052,127,102,165
2026-07-27T19:16:10Z,-21.7271483,166.1645114,14.8,12351.3,6.868,128,102,164
2026-07-27T19:16:11Z,-21.7271966,166.1645544,15.0,12357.8,6.737,129,102,165
2026-07-27T19:16:12Z,-21.7272422,166.1645973,15.0,12364.5,6.641,129,101,165
2026-07-27T19:16:13Z,-21.7272837,166.1646509,15.2,12371.2,6.574,129,101,164
2026-07-27T19:16:14Z,-21.7273226,166.1646938,15.4,12377.8,6.531,130,101,164
2026-07-27T19:16:15Z,-21.7273588,166.1647367,15.4,12384.3,6.506,131,101,164
2026-07-27T19:16:16Z,-21.7273910,166.1648011,15.6,12390.8,6.492,131,102,164
2026-07-27T19:16:17Z,-21.7274219,166.1648440,15.6,12397.3,6.484,131,102,164
2026-07-27T19:16:18Z,-21.7274500,166.1649084,15.8,12404.2,6.476,131,102,164
2026-07-27T19:16:19Z,-21.7274742,166.1649621,16.0,12410.5,6.467,131,102,165
2026-07-27T19:16:20Z,-21.7274956,166.1650157,16.0,12416.7,6.450,0,103,164
2026-07-27T19:16:21Z,-21.7275144,166.1650693,16.2,12423.3,6.417,0,101,165
2026-07-27T19:16:22Z,-21.7275319,166.1651337,16.2,12429.7,6.371,0,100,165
2026-07-27T19:16:23Z,-21.7275453,166.1651981,16.4,12436.1,6.305,0,100,164
2026-07-27T19:16:24Z,-21.7275573,166.1652517,16.6,12442.2,6.231,0,99,165
2026-07-27T19:16:25Z,-21.7275640,166.1653161,16.8,12448.5,6.148,0,100,164
2026-07-27T19:16:26Z,-21.7275681,166.1653590,17.0,12454.2,6.069,0,98,164
2026-07-27T19:16:27Z,-21.7275721,166.1654234,17.0,12460.2,5.987,0,98,165
2026-07-27T19:16:28Z,-21.7275734,166.1654878,17.2,12466.3,5.904,0,98,164
2026-07-27T19:16:29Z,-21.7275734,166.1655414,17.4,12472.1,5.826,0,98,164
2026-07-27T19:16:30Z,-21.7275734,166.1656058,17.6,12478.1,5.755,0,99,164
2026-07-27T19:16:31Z,-21.7275761,166.1656487,17.8,12483.6,5.709,0,98,165
2026-07-27T19:16:32Z,-21.7275761,166.1657131,18.0,12489.5,5.675,0,98,164
2026-07-27T19:16:33Z,-21.7275734,166.1657560,18.0,12495.3,5.640,0,98,165
2026-07-27T19:16:34Z,-21.7275707,166.1658204,18.2,12500.7,5.613,0,98,165
2026-07-27T19:16:35Z,-21.7275667,166.1658633,18.4,12506.2,5.587,0,98,164
2026-07-27T19:16:36Z,-21.7275600,166.1659276,18.6,12512.0,5.561,0,97,164
2026-07-27T19:16:37Z,-21.7275573,166.1659706,18.6,12517.5,5.543,0,97,164
2026-07-27T19:16:38Z,-21.7275546,166.1660349,18.8,12522.9,5.533,0,97,164
2026-07-27T19:16:39Z,-21.7275533,166.1660993,19.0,12528.7,5.531,0,96,164
2026-07-27T19:16:40Z,-21.7275506,166.1661422,19.0,12534.2,5.537,0,97,164
2026-07-27T19:16:41Z,-21.7275533,166.1661851,19.2,12539.5,5.552,0,97,165
2026-07-27T19:16:42Z,-21.7275573,166.1662495,19.4,12545.3,5.579,0,97,165
2026-07-27T19:16:43Z,-21.7275640,166.1663139,19.4,12550.9,5.614,0,97,164
2026-07-27T19:16:44Z,-21.7275721,166.1663568,19.6,12556.6,5.663,126,97,165
2026-07-27T19:16:45Z,-21.7275828,166.1664212,19.6,12562.3,5.724,126,97,164
2026-07-27T19:16:46Z,-21.7275962,166.1664641,19.6,12567.7,5.808,125,99,165
2026-07-27T19:16:47Z,-21.7276177,166.1665070,19.8,12573.6,5.923,125,100,165
2026-07-27T19:16:48Z,-21.7276432,166.1665714,19.8,12579.6,6.060,125,100,164
2026-07-27T19:16:49Z,-21.7276713,166.1666143,19.8,12585.8,6.213,125,102,166
2026-07-27T19:16:50Z,-21.7277035,166.1666572,19.8,12592.0,6.434,126,107,246
2026-07-27T19:16:51Z,-21.7277384,166.1667216,19.8,12598.7,6.773,126,111,296
2026-07-27T19:16:52Z,-21.7277746,166.1667645,19.8,12605.5,7.125,126,113,295
2026-07-27T19:16:53Z,-21.7278148,166.1668289,19.8,12613.0,7.468,126,116,295
2026-07-27T19:16:54Z,-21.7278510,166.1668932,19.8,12620.6,7.784,129,117,295
2026-07-27T19:16:55Z,-21.7278846,166.1669469,19.6,12628.5,8.075,130,117,294
2026-07-27T19:16:56Z,-21.7279154,166.1670220,19.6,12637.0,8.355,130,117,294
2026-07-27T19:16:57Z,-21.7279288,166.1671185,19.6,12645.2,8.583,131,115,295
2026-07-27T19:16:58Z,-21.7279248,166.1671937,19.6,12654.0,8.785,133,116,294
2026-07-27T19:16:59Z,-21.7279033,166.1672902,19.6,12663.3,8.954,134,115,295
2026-07-27T19:17:00Z,-21.7278752,166.1673653,19.6,12672.1,9.095,134,114,294
2026-07-27T19:17:01Z,-21.7278403,166.1674404,19.6,12681.1,9.226,134,114,295
2026-07-27T19:17:02Z,-21.7278014,166.1675155,19.6,12690.5,9.349,135,113,294
2026-07-27T19:17:03Z,-21.7277545,166.1676013,19.6,12700.1,9.463,136,114,294
2026-07-27T19:17:04Z,-21.7277075,166.1676657,19.6,12709.4,9.563,136,114,294
2026-07-27T19:17:05Z,-21.7276539,166.1677408,19.6,12719.2,9.660,137,114,294
2026-07-27T19:17:06Z,-21.7276002,166.1678159,19.8,12728.4,9.743,137,113,294
2026-07-27T19:17:07Z,-21.7275439,166.1679018,19.8,12738.5,9.828,138,113,294
2026-07-27T19:17:08Z,-21.7274809,166.1679769,19.8,12748.7,9.907,138,111,294
2026-07-27T19:17:09Z,-21.7274192,166.1680305,19.8,12758.5,9.969,138,111,295
2026-07-27T19:17:10Z,-21.7273562,166.1680949,19.8,12768.1,10.022,139,111,295
2026-07-27T19:17:11Z,-21.7272918,166.1681592,19.8,12778.0,10.075,140,111,294
2026-07-27T19:17:12Z,-21.7272207,166.1682343,19.8,12788.5,10.128,140,110,295
2026-07-27T19:17:13Z,-21.7271563,166.1682880,19.8,12798.4,10.175,140,109,294
2026-07-27T19:17:14Z,-21.7270853,166.1683738,19.8,12808.9,10.224,140,110,294
2026-07-27T19:17:15Z,-21.7270209,166.1684275,19.8,12818.8,10.270,141,110,294
2026-07-27T19:17:16Z,-21.7269498,166.1685026,19.8,12829.5,10.323,141,110,294
2026-07-27T19:17:17Z,-21.7268854,166.1685669,19.8,12839.4,10.376,142,110,295
2026-07-27T19:17:18Z,-21.7268170,166.1686313,19.8,12849.8,10.438,142,109,295
2026-07-27T19:17:19Z,-21.7267460,166.1687064,19.8,12860.7,10.507,142,111,294
2026-07-27T19:17:20Z,-21.7266776,166.1687815,19.8,12871.1,10.581,142,111,294
2026-07-27T19:17:21Z,-21.7266132,166.1688459,19.8,12881.3,10.665,143,111,294
2026-07-27T19:17:22Z,-21.7265421,166.1689210,19.8,12892.1,10.773,143,111,294
2026-07-27T19:17:23Z,-21.7264710,166.1689961,19.8,12903.3,10.918,144,109,294
2026-07-27T19:17:24Z,-21.7263986,166.1690712,19.8,12914.3,11.099,144,110,294
2026-07-27T19:17:25Z,-21.7263249,166.1691463,19.8,12925.7,11.342,145,110,295
2026-07-27T19:17:26Z,-21.7262484,166.1692214,19.8,12937.0,11.353,145,109,294
2026-07-27T19:17:27Z,-21.7261733,166.1692965,19.8,12948.4,11.324,146,109,294
2026-07-27T19:17:28Z,-21.7260996,166.1693716,19.8,12959.9,11.296,146,108,294
2026-07-27T19:17:29Z,-21.7260312,166.1694360,19.8,12970.6,11.272,147,109,295
2026-07-27T19:17:30Z,-21.7259587,166.1695111,19.8,12981.8,11.248,147,108,294
2026-07-27T19:17:31Z,-21.7258823,166.1696076,19.8,12993.6,11.224,147,108,294
2026-07-27T19:17:32Z,-21.7258099,166.1696827,19.8,13004.8,11.203,147,109,294
2026-07-27T19:17:33Z,-21.7257388,166.1697471,19.8,13015.6,11.184,147,107,294
2026-07-27T19:17:34Z,-21.7256664,166.1698222,19.8,13027.0,11.166,148,108,295
2026-07-27T19:17:35Z,-21.7255926,166.1698973,19.8,13038.4,11.150,148,107,295
2026-07-27T19:17:36Z,-21.7255215,166.1699724,19.8,13049.3,11.135,148,107,295
2026-07-27T19:17:37Z,-21.7254491,166.1700475,19.8,13060.4,11.121,148,107,295
2026-07-27T19:17:38Z,-21.7253754,166.1701226,19.8,13071.8,11.108,148,105,294
2026-07-27T19:17:39Z,-21.7253043,166.1701977,19.8,13082.6,11.096,148,106,295
2026-07-27T19:17:40Z,-21.7252359,166.1702728,19.8,13093.3,11.085,149,106,295
2026-07-27T19:17:41Z,-21.7251635,166.1703372,19.8,13104.5,11.074,149,106,294
2026-07-27T19:17:42Z,-21.7250884,166.1704338,19.8,13116.0,11.063,149,106,294
2026-07-27T19:17:43Z,-21.7250186,166.1704874,19.8,13126.8,11.054,149,104,294
2026-07-27T19:17:44Z,-21.7249462,166.1705625,19.8,13138.1,11.045,149,105,294
2026-07-27T19:17:45Z,-21.7248765,166.1706483,19.8,13148.5,11.037,149,105,294
2026-07-27T19:17:46Z,-21.7248000,166.1707234,19.6,13160.2,11.028,150,105,294
2026-07-27T19:17:47Z,-21.7247343,166.1707985,19.6,13170.7,11.021,150,105,294
2026-07-27T19:17:48Z,-21.7246592,166.1708736,19.6,13181.9,11.015,150,104,295
2026-07-27T19:17:49Z,-21.7245895,166.1709380,19.6,13192.9,11.009,150,105,294
2026-07-27T19:17:50Z,-21.7245170,166.1710131,19.6,13204.1,11.004,150,105,294
2026-07-27T19:17:51Z,-21.7244446,166.1710882,19.6,13215.4,11.012,150,105,294
2026-07-27T19:17:52Z,-21.7243749,166.1711633,19.6,13226.0,11.039,150,105,294
2026-07-27T19:17:53Z,-21.7243025,166.1712384,19.6,13237.4,11.087,150,104,295
2026-07-27T19:17:54Z,-21.7242287,166.1713135,19.6,13248.9,11.144,150,104,294
2026-07-27T19:17:55Z,-21.7241603,166.1713886,19.6,13259.1,11.162,151,104,294
2026-07-27T19:17:56Z,-21.7240852,166.1714637,19.6,13270.5,11.146,151,104,295
2026-07-27T19:17:57Z,-21.7240128,166.1715388,19.6,13281.8,11.130,151,104,294
2026-07-27T19:17:58Z,-21.7239417,166.1716247,19.6,13292.9,11.117,151,103,295
2026-07-27T19:17:59Z,-21.7238773,166.1716998,19.6,13304.3,11.105,151,105,294
2026-07-27T19:18:00Z,-21.7238237,166.1717856,19.6,13315.0,11.095,152,105,294
2026-07-27T19:18:01Z,-21.7237741,166.1718822,19.6,13326.6,11.085,152,104,294
2026-07-27T19:18:02Z,-21.7237338,166.1719680,19.6,13337.2,11.078,152,104,294
2026-07-27T19:18:03Z,-21.7236976,166.1720753,19.6,13348.0,11.071,152,102,294
2026-07-27T19:18:04Z,-21.7236641,166.1721826,19.6,13359.5,11.076,152,103,294
2026-07-27T19:18:05Z,-21.7236292,166.1722791,19.6,13370.7,11.084,152,104,295
2026-07-27T19:18:06Z,-21.7235970,166.1723864,19.6,13381.2,11.091,152,104,295
2026-07-27T19:18:07Z,-21.7235622,166.1724722,19.6,13392.4,11.098,153,104,294
2026-07-27T19:18:08Z,-21.7235233,166.1725795,19.6,13403.7,11.102,153,103,294
2026-07-27T19:18:09Z,-21.7234764,166.1726761,19.6,13415.2,11.106,153,103,294
2026-07-27T19:18:10Z,-21.7234294,166.1727619,19.6,13425.7,11.108,153,102,294
2026-07-27T19:18:11Z,-21.7233744,166.1728585,19.6,13436.8,11.109,153,102,294
2026-07-27T19:18:12Z,-21.7233154,166.1729443,19.6,13448.0,11.109,153,101,294
2026-07-27T19:18:13Z,-21.7232551,166.1730194,19.6,13458.9,11.108,153,100,295
2026-07-27T19:18:14Z,-21.7231934,166.1731160,19.6,13470.1,11.107,154,101,295
2026-07-27T19:18:15Z,-21.7231263,166.1731911,19.6,13481.7,11.106,153,101,294
2026-07-27T19:18:16Z,-21.7230579,166.1732876,19.6,13493.0,11.112,153,102,294
2026-07-27T19:18:17Z,-21.7229949,166.1733627,19.6,13503.7,11.140,153,102,294
2026-07-27T19:18:18Z,-21.7229278,166.1734378,19.6,13514.9,11.190,153,101,295
2026-07-27T19:18:19Z,-21.7228594,166.1735129,19.6,13526.1,11.214,153,102,294
2026-07-27T19:18:20Z,-21.7227884,166.1735988,19.6,13537.3,11.205,153,102,294
2026-07-27T19:18:21Z,-21.7227159,166.1736631,19.6,13548.5,11.197,154,101,294
2026-07-27T19:18:22Z,-21.7226449,166.1737382,19.6,13559.3,11.190,154,100,294
2026-07-27T19:18:23Z,-21.7225684,166.1738133,19.6,13570.8,11.182,153,97,293
2026-07-27T19:18:24Z,-21.7224960,166.1738884,19.6,13581.8,11.175,154,97,294
2026-07-27T19:18:25Z,-21.7224182,166.1739743,19.6,13593.7,11.169,154,97,294
2026-07-27T19:18:26Z,-21.7223471,166.1740494,19.6,13604.4,11.186,154,97,295
2026-07-27T19:18:27Z,-21.7222694,166.1741030,19.4,13615.7,11.292,154,98,294
2026-07-27T19:18:28Z,-21.7221822,166.1741674,19.2,13627.4,11.440,154,97,294
2026-07-27T19:18:29Z,-21.7220964,166.1742318,19.0,13638.5,11.586,154,98,294
2026-07-27T19:18:30Z,-21.7220025,166.1742747,18.8,13650.1,11.731,154,98,294
2026-07-27T19:18:31Z,-21.7219059,166.1743176,18.6,13662.0,11.861,155,98,294
2026-07-27T19:18:32Z,-21.7218040,166.1743498,18.4,13673.6,11.964,155,98,294
2026-07-27T19:18:33Z,-21.7216980,166.1743820,18.2,13685.5,12.027,155,97,295
2026-07-27T19:18:34Z,-21.7215827,166.1743712,18.2,13698.3,12.021,155,96,295
2026-07-27T19:18:35Z,-21.7214835,166.1743176,18.2,13710.1,11.904,155,94,294
2026-07-27T19:18:36Z,-21.7213869,166.1742747,18.6,13721.9,11.641,155,95,294
2026-07-27T19:18:37Z,-21.7212890,166.1742425,19.0,13733.5,11.286,155,96,295
2026-07-27T19:18:38Z,-21.7211978,166.1741996,19.4,13744.0,10.919,155,97,294
2026-07-27T19:18:39Z,-21.7211066,166.1741674,19.8,13754.8,10.525,155,98,294
2026-07-27T19:18:40Z,-21.7210127,166.1741567,20.2,13765.3,10.144,156,98,294
2026-07-27T19:18:41Z,-21.7209256,166.1741245,20.6,13775.4,9.806,156,99,294
2026-07-27T19:18:42Z,-21.7208424,166.1741030,21.0,13784.7,9.538,156,97,295
2026-07-27T19:18:43Z,-21.7207606,166.1740816,21.4,13794.1,9.329,156,97,295
2026-07-27T19:18:44Z,-21.7206788,166.1740601,21.6,13803.2,9.205,157,98,294
2026-07-27T19:18:45Z,-21.7205930,166.1740494,21.8,13813.0,9.200,157,99,294
2026-07-27T19:18:46Z,-21.7205152,166.1740279,21.6,13821.7,9.330,157,98,294
2026-07-27T19:18:47Z,-21.7204267,166.1740172,21.6,13831.8,9.600,157,97,294
2026-07-27T19:18:48Z,-21.7203435,166.1739850,21.2,13841.3,9.945,157,97,295
2026-07-27T19:18:49Z,-21.7202550,166.1739743,21.0,13851.2,10.355,157,96,294
2026-07-27T19:18:50Z,-21.7201585,166.1739528,20.4,13862.2,10.833,157,96,295
2026-07-27T19:18:51Z,-21.7200592,166.1739421,20.0,13873.3,11.284,157,97,295
2026-07-27T19:18:52Z,-21.7199573,166.1739421,19.4,13884.4,11.659,157,96,294
2026-07-27T19:18:53Z,-21.7198554,166.1739528,19.0,13896.0,11.935,157,96,294
2026-07-27T19:18:54Z,-21.7197467,166.1739743,18.8,13908.1,12.078,157,96,294
2026-07-27T19:18:55Z,-21.7196381,166.1740172,18.6,13920.7,12.141,157,97,295
2026-07-27T19:18:56Z,-21.7195348,166.1740601,18.6,13933.0,12.160,157,97,295
2026-07-27T19:18:57Z,-21.7194396,166.1741030,18.4,13944.5,12.155,157,97,295
2026-07-27T19:18:58Z,-21.7193364,166.1741567,18.4,13957.2,12.131,157,97,294
2026-07-27T19:18:59Z,-21.7192385,166.1742103,18.4,13969.5,12.095,157,97,294
2026-07-27T19:19:00Z,-21.7191459,166.1742640,18.4,13981.3,12.057,157,97,295
2026-07-27T19:19:01Z,-21.7190520,166.1743176,18.4,13993.0,12.016,157,99,294
2026-07-27T19:19:02Z,-21.7189568,166.1743820,18.2,14005.3,11.977,157,99,294
2026-07-27T19:19:03Z,-21.7188656,166.1744249,18.2,14016.9,11.946,157,99,294
2026-07-27T19:19:04Z,-21.7187718,166.1744893,18.2,14028.8,11.911,157,99,294
2026-07-27T19:19:05Z,-21.7186765,166.1745536,18.2,14041.3,11.861,157,99,294
2026-07-27T19:19:06Z,-21.7185907,166.1746073,18.2,14052.8,11.807,157,100,294
2026-07-27T19:19:07Z,-21.7185049,166.1746824,18.2,14064.3,11.748,157,98,294
2026-07-27T19:19:08Z,-21.7184164,166.1747468,18.2,14076.5,11.685,157,98,294
2026-07-27T19:19:09Z,-21.7183372,166.1748219,18.2,14087.9,11.632,157,98,294
2026-07-27T19:19:10Z,-21.7182541,166.1748970,18.2,14099.8,11.588,157,98,295
2026-07-27T19:19:11Z,-21.7181803,166.1749721,18.2,14111.0,11.529,157,99,295
2026-07-27T19:19:12Z,-21.7181052,166.1750579,18.4,14122.7,11.455,156,99,294
2026-07-27T19:19:13Z,-21.7180368,166.1751330,18.4,14134.0,11.394,156,98,294
2026-07-27T19:19:14Z,-21.7179698,166.1752081,18.4,14145.3,11.369,156,98,295
2026-07-27T19:19:15Z,-21.7179041,166.1752939,18.4,14156.9,11.396,156,98,294
2026-07-27T19:19:16Z,-21.7178370,166.1753905,18.2,14168.3,11.488,156,99,294
2026-07-27T19:19:17Z,-21.7177646,166.1754656,18.0,14180.2,11.651,156,98,294
2026-07-27T19:19:18Z,-21.7176922,166.1755514,17.6,14191.9,11.853,156,98,294
2026-07-27T19:19:19Z,-21.7176211,166.1756372,17.2,14203.5,12.064,156,98,295
2026-07-27T19:19:20Z,-21.7175514,166.1757231,17.0,14216.0,12.279,156,98,295
2026-07-27T19:19:21Z,-21.7174923,166.1758304,16.6,14228.5,12.449,156,98,294
2026-07-27T19:19:22Z,-21.7174521,166.1759377,16.4,14240.6,12.544,156,98,294
2026-07-27T19:19:23Z,-21.7174307,166.1760557,16.2,14253.1,12.539,156,98,295
2026-07-27T19:19:24Z,-21.7174266,166.1761844,16.2,14265.5,12.459,156,98,295
2026-07-27T19:19:25Z,-21.7174347,166.1763024,16.2,14278.4,12.343,156,98,295
2026-07-27T19:19:26Z,-21.7174481,166.1764097,16.2,14290.4,12.232,156,98,294
2026-07-27T19:19:27Z,-21.7174669,166.1765277,16.2,14302.7,12.143,156,98,295
2026-07-27T19:19:28Z,-21.7174883,166.1766350,16.2,14314.3,12.098,156,99,294
2026-07-27T19:19:29Z,-21.7175084,166.1767638,16.2,14327.0,12.113,156,98,294
2026-07-27T19:19:30Z,-21.7175299,166.1768711,16.0,14338.6,12.204,156,98,295
2026-07-27T19:19:31Z,-21.7175527,166.1769891,15.6,14351.2,12.358,156,98,295
2026-07-27T19:19:32Z,-21.7175795,166.1771178,15.2,14364.0,12.528,156,98,295
2026-07-27T19:19:33Z,-21.7176077,166.1772144,15.0,14376.2,12.675,156,98,294
2026-07-27T19:19:34Z,-21.7176439,166.1773431,14.6,14389.0,12.784,157,98,294
2026-07-27T19:19:35Z,-21.7176828,166.1774611,14.4,14401.6,12.818,157,98,294
2026-07-27T19:19:36Z,-21.7177324,166.1775684,14.4,14414.4,12.742,157,99,294
2026-07-27T19:19:37Z,-21.7177874,166.1776757,14.6,14427.4,12.500,156,97,294
2026-07-27T19:19:38Z,-21.7178477,166.1777830,15.0,14439.4,12.135,157,97,294
2026-07-27T19:19:39Z,-21.7179108,166.1778796,15.4,14451.3,11.695,157,97,294
2026-07-27T19:19:40Z,-21.7179765,166.1779547,16.0,14462.5,11.250,157,98,294
2026-07-27T19:19:41Z,-21.7180409,166.1780298,16.4,14473.5,10.835,157,99,294
2026-07-27T19:19:42Z,-21.7181093,166.1781049,16.8,14484.4,10.482,157,99,295
2026-07-27T19:19:43Z,-21.7181750,166.1781800,17.0,14494.8,10.260,157,100,295
2026-07-27T19:19:44Z,-21.7182407,166.1782444,17.2,14504.8,10.202,158,100,294
2026-07-27T19:19:45Z,-21.7183158,166.1783195,17.0,14515.5,10.346,157,100,294
2026-07-27T19:19:46Z,-21.7183882,166.1783838,16.8,14525.7,10.634,157,99,294
2026-07-27T19:19:47Z,-21.7184727,166.1784375,16.4,14536.9,11.029,157,99,294
2026-07-27T19:19:48Z,-21.7185558,166.1784911,16.0,14547.8,11.382,157,99,294
2026-07-27T19:19:49Z,-21.7186444,166.1785448,15.6,14559.2,11.617,157,99,257
2026-07-27T19:19:50Z,-21.7187302,166.1786091,15.6,14570.7,11.570,157,99,39
2026-07-27T19:19:51Z,-21.7188174,166.1786735,15.6,14582.5,11.218,157,0,0
2026-07-27T19:19:52Z,-21.7188992,166.1787271,16.0,14593.3,10.726,156,0,0
2026-07-27T19:19:53Z,-21.7189769,166.1787915,16.2,14603.8,10.162,156,0,0
2026-07-27T19:19:54Z,-21.7190534,166.1788344,16.6,14613.8,9.613,156,66,70
2026-07-27T19:19:55Z,-21.7191258,166.1788881,17.0,14623.0,9.152,155,78,124
2026-07-27T19:19:56Z,-21.7191915,166.1789310,17.4,14631.7,8.755,155,78,124
2026-07-27T19:19:57Z,-21.7192572,166.1789739,17.6,14640.5,8.380,154,77,124
2026-07-27T19:19:58Z,-21.7193189,166.1790383,18.0,14648.9,8.063,154,77,124
2026-07-27T19:19:59Z,-21.7193726,166.1790812,18.2,14656.4,7.829,153,75,124
2026-07-27T19:20:00Z,-21.7194276,166.1791241,18.2,14664.5,7.653,152,74,124
2026-07-27T19:20:01Z,-21.7194772,166.1791778,18.4,14671.9,7.575,151,72,124
2026-07-27T19:20:02Z,-21.7195255,166.1792314,18.4,14679.6,7.596,151,71,124
2026-07-27T19:20:03Z,-21.7195711,166.1792743,18.2,14687.0,7.714,150,71,124
2026-07-27T19:20:04Z,-21.7196180,166.1793387,18.2,14695.3,7.927,150,70,124
2026-07-27T19:20:05Z,-21.7196636,166.1794031,18.0,14703.2,8.181,150,70,124
2026-07-27T19:20:06Z,-21.7197078,166.1794674,17.6,14711.4,8.473,149,69,124
2026-07-27T19:20:07Z,-21.7197521,166.1795211,17.4,14719.8,8.781,146,69,125
2026-07-27T19:20:08Z,-21.7197977,166.1795962,17.0,14728.9,9.107,146,69,124
2026-07-27T19:20:09Z,-21.7198433,166.1796713,16.6,14738.5,9.422,145,68,125
2026-07-27T19:20:10Z,-21.7198849,166.1797571,16.4,14747.7,9.684,144,68,124
2026-07-27T19:20:11Z,-21.7199291,166.1798429,16.0,14757.5,9.897,143,68,125
2026-07-27T19:20:12Z,-21.7199694,166.1799181,15.8,14767.4,10.024,143,69,125
2026-07-27T19:20:13Z,-21.7200096,166.1800146,15.6,14777.8,10.025,143,70,125
2026-07-27T19:20:14Z,-21.7200431,166.1801004,15.8,14787.7,9.885,142,69,125
2026-07-27T19:20:15Z,-21.7200767,166.1801970,16.0,14797.6,9.635,141,70,125
2026-07-27T19:20:16Z,-21.7201035,166.1802828,16.2,14807.2,9.317,141,70,125
2026-07-27T19:20:17Z,-21.7201263,166.1803579,16.4,14816.1,8.970,141,71,125
2026-07-27T19:20:18Z,-21.7201450,166.1804438,16.8,14824.8,8.606,140,72,125
2026-07-27T19:20:19Z,-21.7201625,166.1805296,17.0,14833.4,8.231,140,72,124
2026-07-27T19:20:20Z,-21.7201732,166.1806047,17.2,14841.1,7.913,139,73,125
2026-07-27T19:20:21Z,-21.7201813,166.1806691,17.6,14848.8,7.630,139,73,125
2026-07-27T19:20:22Z,-21.7201853,166.1807442,17.6,14856.7,7.413,139,74,125
2026-07-27T19:20:23Z,-21.7201853,166.1808193,17.8,14863.7,7.319,138,75,125
2026-07-27T19:20:24Z,-21.7201786,166.1808944,17.8,14871.5,7.342,138,76,125
2026-07-27T19:20:25Z,-21.7201652,166.1809587,17.8,14878.8,7.468,138,77,125
2026-07-27T19:20:26Z,-21.7201491,166.1810338,17.6,14886.0,7.662,137,77,125
2026-07-27T19:20:27Z,-21.7201222,166.1810982,17.4,14894.0,7.912,137,78,125
2026-07-27T19:20:28Z,-21.7200914,166.1811733,17.2,14901.9,8.157,137,79,125
2026-07-27T19:20:29Z,-21.7200552,166.1812377,17.0,14910.1,8.363,136,79,124
2026-07-27T19:20:30Z,-21.7200136,166.1813128,16.8,14918.6,8.491,137,79,124
2026-07-27T19:20:31Z,-21.7199653,166.1813879,16.8,14927.5,8.494,136,80,124
2026-07-27T19:20:32Z,-21.7199197,166.1814415,17.0,14935.8,8.353,135,80,125
2026-07-27T19:20:33Z,-21.7198701,166.1814952,17.2,14943.9,8.092,135,81,125
2026-07-27T19:20:34Z,-21.7198192,166.1815488,17.4,14951.7,7.758,135,82,125
2026-07-27T19:20:35Z,-21.7197669,166.1816025,17.8,14959.3,7.389,134,82,125
2026-07-27T19:20:36Z,-21.7197132,166.1816454,18.2,14966.8,7.002,134,83,125
2026-07-27T19:20:37Z,-21.7196676,166.1816883,18.4,14973.3,6.673,134,83,125
2026-07-27T19:20:38Z,-21.7196220,166.1817205,18.6,14980.0,6.364,133,85,125
2026-07-27T19:20:39Z,-21.7195778,166.1817634,18.8,14986.2,6.114,133,84,125
2026-07-27T19:20:40Z,-21.7195348,166.1817956,19.0,14992.3,5.931,132,84,125
2026-07-27T19:20:41Z,-21.7194946,166.1818385,19.2,14998.1,5.832,132,84,125
2026-07-27T19:20:42Z,-21.7194584,166.1818707,19.2,15003.7,5.820,131,84,124
2026-07-27T19:20:43Z,-21.7194168,166.1819243,19.2,15009.9,5.924,132,85,125
2026-07-27T19:20:44Z,-21.7193779,166.1819458,19.2,15015.6,6.115,132,86,125
2026-07-27T19:20:45Z,-21.7193337,166.1819994,19.0,15022.2,6.411,132,88,124
2026-07-27T19:20:46Z,-21.7192908,166.1820209,19.0,15028.5,6.736,133,88,124
2026-07-27T19:20:47Z,-21.7192411,166.1820745,18.6,15035.7,7.135,133,89,125
2026-07-27T19:20:48Z,-21.7191915,166.1821175,18.4,15042.9,7.533,133,89,124
2026-07-27T19:20:49Z,-21.7191392,166.1821818,18.0,15050.8,7.945,132,89,125
2026-07-27T19:20:50Z,-21.7190856,166.1822248,17.8,15059.0,8.320,132,90,124
2026-07-27T19:20:51Z,-21.7190386,166.1822891,17.6,15067.3,8.619,132,90,125
2026-07-27T19:20:52Z,-21.7189984,166.1823642,17.4,15075.8,8.796,133,91,124
2026-07-27T19:20:53Z,-21.7189622,166.1824393,17.4,15084.6,8.791,133,92,124
2026-07-27T19:20:54Z,-21.7189340,166.1825144,17.4,15093.5,8.604,132,92,124
2026-07-27T19:20:55Z,-21.7189112,166.1825895,17.8,15102.1,8.311,132,92,124
2026-07-27T19:20:56Z,-21.7188978,166.1826646,18.0,15110.0,7.991,131,92,124
2026-07-27T19:20:57Z,-21.7188898,166.1827397,18.2,15117.7,7.688,131,93,125
2026-07-27T19:20:58Z,-21.7188884,166.1828148,18.4,15125.3,7.441,130,93,125
2026-07-27T19:20:59Z,-21.7188938,166.1829007,18.6,15133.0,7.284,130,93,125
2026-07-27T19:21:00Z,-21.7189032,166.1829543,18.6,15140.3,7.247,130,94,125
2026-07-27T19:21:01Z,-21.7189166,166.1830294,18.6,15147.1,7.323,129,94,124
2026-07-27T19:21:02Z,-21.7189354,166.1830938,18.4,15154.9,7.527,128,94,124
2026-07-27T19:21:03Z,-21.7189541,166.1831689,18.2,15162.7,7.815,128,94,125
2026-07-27T19:21:04Z,-21.7189756,166.1832440,18.0,15170.2,8.130,128,94,125
2026-07-27T19:21:05Z,-21.7189997,166.1833191,17.6,15178.8,8.494,127,94,125
2026-07-27T19:21:06Z,-21.7190292,166.1833942,17.2,15187.6,8.859,127,94,125
2026-07-27T19:21:07Z,-21.7190574,166.1834800,17.0,15196.3,9.201,127,95,125
2026-07-27T19:21:08Z,-21.7190936,166.1835551,16.6,15205.5,9.503,126,95,65
2026-07-27T19:21:09Z,-21.7191379,166.1836410,16.2,15215.6,9.780,126,95,89
2026-07-27T19:21:10Z,-21.7191875,166.1837161,15.8,15225.4,10.033,126,93,125
2026-07-27T19:21:11Z,-21.7192465,166.1837912,15.4,15235.3,10.245,126,95,125
2026-07-27T19:21:12Z,-21.7193176,166.1838555,15.2,15245.7,10.370,126,96,125
2026-07-27T19:21:13Z,-21.7193994,166.1838984,15.0,15255.9,10.354,126,97,125
2026-07-27T19:21:14Z,-21.7194919,166.1839306,15.2,15266.6,10.172,126,97,125
2026-07-27T19:21:15Z,-21.7195804,166.1839306,15.2,15276.3,9.913,125,97,124
2026-07-27T19:21:16Z,-21.7196703,166.1839306,15.6,15286.3,9.599,125,98,125
2026-07-27T19:21:17Z,-21.7197561,166.1839199,15.8,15295.7,9.280,125,98,125
2026-07-27T19:21:18Z,-21.7198353,166.1839199,16.0,15304.7,8.962,124,99,124
2026-07-27T19:21:19Z,-21.7199157,166.1838984,16.2,15313.6,8.652,124,98,124
2026-07-27T19:21:20Z,-21.7199935,166.1838877,16.4,15322.3,8.354,124,96,124
2026-07-27T19:21:21Z,-21.7200673,166.1838770,16.6,15330.4,8.086,124,96,125
2026-07-27T19:21:22Z,-21.7201357,166.1838770,16.8,15338.1,7.851,124,96,125
2026-07-27T19:21:23Z,-21.7202054,166.1838555,17.0,15346.0,7.631,124,96,124
2026-07-27T19:21:24Z,-21.7202725,166.1838448,17.2,15353.4,7.451,123,96,124
2026-07-27T19:21:25Z,-21.7203395,166.1838448,17.4,15360.8,7.304,123,96,125
2026-07-27T19:21:26Z,-21.7204066,166.1838448,17.4,15368.2,7.199,123,97,124
2026-07-27T19:21:27Z,-21.7204709,166.1838448,17.6,15375.5,7.146,122,96,125
2026-07-27T19:21:28Z,-21.7205326,166.1838448,17.6,15382.3,7.154,122,96,125
2026-07-27T19:21:29Z,-21.7206010,166.1838448,17.6,15389.9,7.244,122,96,125
2026-07-27T19:21:30Z,-21.7206654,166.1838555,17.4,15397.0,7.395,121,96,124
2026-07-27T19:21:31Z,-21.7207338,166.1838555,17.2,15404.7,7.614,121,97,124
2026-07-27T19:21:32Z,-21.7208022,166.1838770,17.0,15412.3,7.871,120,96,124
2026-07-27T19:21:33Z,-21.7208733,166.1838770,16.8,15420.2,8.164,120,96,125
2026-07-27T19:21:34Z,-21.7209484,166.1838877,16.6,15428.6,8.484,120,95,124
2026-07-27T19:21:35Z,-21.7210235,166.1838984,16.2,15437.3,8.812,121,96,124
2026-07-27T19:21:36Z,-21.7210999,166.1839306,15.8,15446.1,9.124,121,97,124
2026-07-27T19:21:37Z,-21.7211831,166.1839521,15.6,15455.4,9.420,121,96,124
2026-07-27T19:21:38Z,-21.7212622,166.1839843,15.2,15464.9,9.663,122,96,125
2026-07-27T19:21:39Z,-21.7213427,166.1840272,15.0,15474.8,9.826,122,96,124
2026-07-27T19:21:40Z,-21.7214204,166.1840701,14.8,15484.9,9.863,121,96,125
2026-07-27T19:21:41Z,-21.7214875,166.1841345,14.8,15494.4,9.742,121,97,124
2026-07-27T19:21:42Z,-21.7215452,166.1842096,15.0,15503.8,9.476,121,96,124
2026-07-27T19:21:43Z,-21.7215961,166.1842740,15.4,15513.3,9.060,122,96,67
2026-07-27T19:21:44Z,-21.7216377,166.1843491,15.8,15522.2,8.579,123,96,101
2026-07-27T19:21:45Z,-21.7216726,166.1844242,16.2,15530.6,8.116,123,94,124
2026-07-27T19:21:46Z,-21.7217007,166.1844778,16.4,15538.4,7.684,123,95,124
2026-07-27T19:21:47Z,-21.7217276,166.1845636,16.8,15545.9,7.261,123,95,124
2026-07-27T19:21:48Z,-21.7217490,166.1846173,17.2,15553.0,6.872,123,95,125
2026-07-27T19:21:49Z,-21.7217678,166.1846817,17.4,15559.8,6.518,122,95,125
2026-07-27T19:21:50Z,-21.7217852,166.1847460,17.6,15566.2,6.219,122,95,124
2026-07-27T19:21:51Z,-21.7217986,166.1847997,17.8,15572.2,5.983,122,95,124
2026-07-27T19:21:52Z,-21.7218120,166.1848533,18.0,15577.8,5.826,121,95,125
2026-07-27T19:21:53Z,-21.7218255,166.1849070,18.2,15583.9,5.743,121,95,125
2026-07-27T19:21:54Z,-21.7218362,166.1849606,18.2,15589.4,5.767,120,95,124
2026-07-27T19:21:55Z,-21.7218442,166.1850142,18.2,15595.3,5.879,120,95,124
2026-07-27T19:21:56Z,-21.7218496,166.1850786,18.2,15601.4,6.064,120,97,124
2026-07-27T19:21:57Z,-21.7218536,166.1851430,18.2,15607.3,6.296,120,96,125
2026-07-27T19:21:58Z,-21.7218523,166.1851966,18.0,15614.1,6.605,120,95,125
2026-07-27T19:21:59Z,-21.7218482,166.1852610,17.8,15620.8,6.937,120,95,125
2026-07-27T19:22:00Z,-21.7218402,166.1853361,17.6,15627.8,7.299,120,95,124
2026-07-27T19:22:01Z,-21.7218295,166.1854005,17.2,15635.3,7.678,120,96,125
2026-07-27T19:22:02Z,-21.7218134,166.1854756,17.0,15643.1,8.104,120,95,125
2026-07-27T19:22:03Z,-21.7217959,166.1855507,16.6,15651.8,8.642,121,96,125
2026-07-27T19:22:04Z,-21.7217731,166.1856258,16.4,15660.2,9.026,121,96,125
2026-07-27T19:22:05Z,-21.7217463,166.1857224,16.2,15669.2,9.309,121,96,124
2026-07-27T19:22:06Z,-21.7217128,166.1858082,15.8,15679.3,9.578,120,97,124
2026-07-27T19:22:07Z,-21.7216779,166.1858833,15.4,15688.5,9.823,119,97,124
2026-07-27T19:22:08Z,-21.7216323,166.1859798,15.2,15699.1,10.081,119,97,124
2026-07-27T19:22:09Z,-21.7215881,166.1860549,14.8,15708.8,10.279,119,97,124
2026-07-27T19:22:10Z,-21.7215371,166.1861408,14.6,15719.5,10.439,118,97,124
2026-07-27T19:22:11Z,-21.7214862,166.1862266,14.4,15729.9,10.525,118,98,125
2026-07-27T19:22:12Z,-21.7214325,166.1863124,14.2,15740.4,10.518,118,97,125
2026-07-27T19:22:13Z,-21.7213829,166.1863875,14.2,15750.5,10.373,118,97,125
2026-07-27T19:22:14Z,-21.7213346,166.1864841,14.4,15760.9,10.074,118,97,125
2026-07-27T19:22:15Z,-21.7212890,166.1865592,14.8,15770.6,9.704,118,98,125
2026-07-27T19:22:16Z,-21.7212434,166.1866343,15.0,15780.1,9.308,119,98,125
2026-07-27T19:22:17Z,-21.7211924,166.1867094,15.2,15789.7,8.939,119,98,124
2026-07-27T19:22:18Z,-21.7211401,166.1867738,15.4,15798.0,8.700,120,98,125
2026-07-27T19:22:19Z,-21.7210811,166.1868274,15.6,15806.8,8.592,120,98,124
2026-07-27T19:22:20Z,-21.7210168,166.1868811,15.4,15815.6,8.676,119,98,125
2026-07-27T19:22:21Z,-21.7209484,166.1869240,15.2,15824.2,8.904,119,99,124
2026-07-27T19:22:22Z,-21.7208692,166.1869562,14.8,15833.6,9.225,118,98,124
2026-07-27T19:22:23Z,-21.7207915,166.1869884,14.4,15843.0,9.558,118,97,125
2026-07-27T19:22:24Z,-21.7207097,166.1870205,14.0,15852.4,9.841,117,97,124
2026-07-27T19:22:25Z,-21.7206211,166.1870313,13.8,15862.3,10.038,117,97,124
2026-07-27T19:22:26Z,-21.7205299,166.1870420,13.6,15872.5,10.079,117,98,124
2026-07-27T19:22:27Z,-21.7204401,166.1870635,13.6,15882.5,9.917,117,97,125
2026-07-27T19:22:28Z,-21.7203543,166.1870635,13.8,15892.2,9.609,117,97,124
2026-07-27T19:22:29Z,-21.7202684,166.1870742,14.2,15901.5,9.221,117,97,125
2026-07-27T19:22:30Z,-21.7201866,166.1870635,14.6,15910.6,8.812,117,97,124
2026-07-27T19:22:31Z,-21.7201062,166.1870635,14.8,15919.5,8.421,117,98,124
2026-07-27T19:22:32Z,-21.7200324,166.1870635,15.0,15927.7,8.106,117,96,124
2026-07-27T19:22:33Z,-21.7199640,166.1870420,15.2,15935.6,7.886,119,97,125
2026-07-27T19:22:34Z,-21.7198929,166.1870313,15.4,15943.4,7.780,119,97,125
2026-07-27T19:22:35Z,-21.7198245,166.1870205,15.2,15951.3,7.817,119,97,125
2026-07-27T19:22:36Z,-21.7197601,166.1869884,15.2,15958.8,7.968,119,98,124
2026-07-27T19:22:37Z,-21.7196850,166.1869669,15.0,15967.5,8.232,119,96,125
2026-07-27T19:22:38Z,-21.7196180,166.1869347,14.6,15975.4,8.513,119,96,125
2026-07-27T19:22:39Z,-21.7195483,166.1868918,14.4,15984.0,8.819,119,96,124
2026-07-27T19:22:40Z,-21.7194758,166.1868596,14.0,15993.0,9.113,118,96,124
2026-07-27T19:22:41Z,-21.7193994,166.1868167,13.8,16002.6,9.358,118,97,124
2026-07-27T19:22:42Z,-21.7193203,166.1867845,13.6,16012.2,9.502,118,96,124
2026-07-27T19:22:43Z,-21.7192465,166.1867416,13.6,16021.4,9.510,118,96,124
2026-07-27T19:22:44Z,-21.7191701,166.1866987,13.6,16031.0,9.351,118,96,124
2026-07-27T19:22:45Z,-21.7191017,166.1866450,13.8,16040.3,9.060,118,96,124
2026-07-27T19:22:46Z,-21.7190386,166.1865914,14.2,16048.8,8.706,117,97,125
2026-07-27T19:22:47Z,-21.7189743,166.1865377,14.4,16057.7,8.283,117,96,124
2026-07-27T19:22:48Z,-21.7189139,166.1864948,14.8,16065.7,7.885,117,96,125
2026-07-27T19:22:49Z,-21.7188576,166.1864626,15.0,16073.3,7.527,117,97,125
2026-07-27T19:22:50Z,-21.7187986,166.1864197,15.4,16080.8,7.291,117,99,213
2026-07-27T19:22:51Z,-21.7187396,166.1863875,15.6,16088.0,7.287,117,105,295
2026-07-27T19:22:52Z,-21.7186765,166.1863768,15.6,16095.4,7.469,118,109,294
2026-07-27T19:22:53Z,-21.7186081,166.1863554,15.6,16103.0,7.796,118,109,295
2026-07-27T19:22:54Z,-21.7185371,166.1863446,15.4,16111.0,8.233,119,108,294
2026-07-27T19:22:55Z,-21.7184620,166.1863446,15.0,16119.3,8.721,120,108,293
2026-07-27T19:22:56Z,-21.7183828,166.1863446,14.8,16128.3,9.250,120,107,294
2026-07-27T19:22:57Z,-21.7182943,166.1863446,14.4,16138.0,9.777,121,107,295
2026-07-27T19:22:58Z,-21.7182085,166.1863554,14.0,16147.6,10.216,121,106,295
2026-07-27T19:22:59Z,-21.7181160,166.1863768,13.6,16158.3,10.580,123,106,294
2026-07-27T19:23:00Z,-21.7180261,166.1864197,13.6,16168.9,10.776,124,106,294
2026-07-27T19:23:01Z,-21.7179376,166.1864626,13.6,16180.1,10.745,126,105,295
2026-07-27T19:23:02Z,-21.7178652,166.1865270,14.0,16190.3,10.529,127,106,295
2026-07-27T19:23:03Z,-21.7177954,166.1866021,14.4,16201.1,10.198,128,104,294
2026-07-27T19:23:04Z,-21.7177364,166.1866772,14.8,16211.0,9.860,129,104,294
2026-07-27T19:23:05Z,-21.7176801,166.1867416,15.2,16220.7,9.537,130,103,294
2026-07-27T19:23:06Z,-21.7176291,166.1868167,15.6,16230.1,9.257,130,103,294
2026-07-27T19:23:07Z,-21.7175835,166.1868918,16.0,16238.9,9.055,132,103,294
2026-07-27T19:23:08Z,-21.7175353,166.1869562,16.2,16248.1,8.942,132,101,294
2026-07-27T19:23:09Z,-21.7174923,166.1870313,16.2,16256.7,8.964,133,100,294
2026-07-27T19:23:10Z,-21.7174441,166.1871064,16.2,16266.1,9.171,134,100,294
2026-07-27T19:23:11Z,-21.7173998,166.1871815,16.0,16275.2,9.526,134,100,295
2026-07-27T19:23:12Z,-21.7173569,166.1872566,15.6,16285.0,10.006,136,101,295
2026-07-27T19:23:13Z,-21.7173140,166.1873531,15.0,16295.2,10.523,136,100,294
2026-07-27T19:23:14Z,-21.7172737,166.1874390,14.6,16306.1,11.001,136,99,294
2026-07-27T19:23:15Z,-21.7172348,166.1875355,14.2,16317.1,11.332,137,99,294
2026-07-27T19:23:16Z,-21.7171919,166.1876428,14.0,16329.1,11.468,137,99,294
2026-07-27T19:23:17Z,-21.7171544,166.1877501,14.2,16339.9,11.382,138,100,294
2026-07-27T19:23:18Z,-21.7171101,166.1878359,14.4,16351.3,11.148,138,98,294
2026-07-27T19:23:19Z,-21.7170659,166.1879432,14.8,16362.6,10.840,139,98,295
2026-07-27T19:23:20Z,-21.7170256,166.1880398,15.2,16373.2,10.537,139,98,295
2026-07-27T19:23:21Z,-21.7169921,166.1881256,15.6,16383.3,10.275,140,97,295
2026-07-27T19:23:22Z,-21.7169653,166.1882222,16.0,16394.0,10.060,141,98,294
2026-07-27T19:23:23Z,-21.7169465,166.1883080,16.2,16403.7,9.940,142,97,294
2026-07-27T19:23:24Z,-21.7169331,166.1884153,16.4,16413.8,9.871,143,97,294
2026-07-27T19:23:25Z,-21.7169277,166.1885118,16.4,16423.5,9.893,143,97,295
2026-07-27T19:23:26Z,-21.7169251,166.1885977,16.4,16433.7,9.958,144,96,294
2026-07-27T19:23:27Z,-21.7169251,166.1886942,16.4,16443.3,10.042,144,97,293
2026-07-27T19:23:28Z,-21.7169291,166.1888015,16.4,16453.3,10.146,144,95,293
2026-07-27T19:23:29Z,-21.7169344,166.1888874,16.4,16464.1,10.270,145,94,294
2026-07-27T19:23:30Z,-21.7169425,166.1889946,16.2,16474.3,10.397,145,93,295
2026-07-27T19:23:31Z,-21.7169559,166.1890912,16.2,16484.7,10.532,146,94,294
2026-07-27T19:23:32Z,-21.7169733,166.1891985,16.0,16495.2,10.670,146,94,293
2026-07-27T19:23:33Z,-21.7169961,166.1893058,15.8,16506.2,10.817,146,92,294
2026-07-27T19:23:34Z,-21.7170256,166.1893916,15.8,16516.9,10.962,146,91,294
2026-07-27T19:23:35Z,-21.7170645,166.1894882,15.6,16527.5,11.105,146,91,294
2026-07-27T19:23:36Z,-21.7171155,166.1895955,15.4,16539.0,11.277,146,89,294
2026-07-27T19:23:37Z,-21.7171785,166.1896706,15.2,16550.6,11.485,147,89,294
2026-07-27T19:23:38Z,-21.7172456,166.1897671,14.8,16561.6,11.693,147,88,294
2026-07-27T19:23:39Z,-21.7173260,166.1898422,14.4,16573.9,11.922,147,87,295
2026-07-27T19:23:40Z,-21.7174079,166.1899173,14.2,16585.8,12.125,148,89,295
2026-07-27T19:23:41Z,-21.7174923,166.1899924,13.8,16597.8,12.303,148,87,293
2026-07-27T19:23:42Z,-21.7175795,166.1900568,13.6,16610.2,12.451,148,86,294
2026-07-27T19:23:43Z,-21.7176747,166.1901319,13.2,16623.0,12.556,149,85,294
2026-07-27T19:23:44Z,-21.7177659,166.1902070,13.2,16635.3,12.593,149,85,294
2026-07-27T19:23:45Z,-21.7178585,166.1902606,13.0,16647.6,12.532,149,86,294
2026-07-27T19:23:46Z,-21.7179604,166.1903250,13.2,16660.5,12.303,149,86,294
2026-07-27T19:23:47Z,-21.7180663,166.1903679,13.6,16673.1,11.922,149,86,293
2026-07-27T19:23:48Z,-21.7181629,166.1904001,14.2,16684.3,11.502,149,85,295
2026-07-27T19:23:49Z,-21.7182581,166.1904323,14.6,16695.4,11.075,149,85,295
2026-07-27T19:23:50Z,-21.7183520,166.1904752,15.0,16706.4,10.716,149,86,295
2026-07-27T19:23:51Z,-21.7184378,166.1905074,15.2,16717.0,10.526,149,87,294
2026-07-27T19:23:52Z,-21.7185156,166.1905718,15.2,16727.4,10.564,150,86,294
2026-07-27T19:23:53Z,-21.7185907,166.1906469,15.0,16738.2,10.800,149,86,295
2026-07-27T19:23:54Z,-21.7186591,166.1907113,14.6,16749.1,11.158,149,86,295
2026-07-27T19:23:55Z,-21.7187302,166.1907971,14.0,16761.0,11.600,150,86,295
2026-07-27T19:23:56Z,-21.7187946,166.1908937,13.4,16772.6,11.990,150,86,294
2026-07-27T19:23:57Z,-21.7188656,166.1909795,13.0,16784.9,12.263,150,86,294
2026-07-27T19:23:58Z,-21.7189381,166.1910760,13.0,16797.3,12.317,150,86,295
2026-07-27T19:23:59Z,-21.7190105,166.1911619,13.0,16809.4,12.232,151,88,295
2026-07-27T19:24:00Z,-21.7190762,166.1912584,13.0,16821.7,12.074,151,88,295
2026-07-27T19:24:01Z,-21.7191258,166.1913657,13.0,16833.7,11.955,151,88,295
2026-07-27T19:24:02Z,-21.7191567,166.1914730,13.0,16845.6,11.891,151,88,295
2026-07-27T19:24:03Z,-21.7191741,166.1915803,13.0,16857.5,11.836,151,88,294
2026-07-27T19:24:04Z,-21.7191848,166.1916876,13.0,16868.9,11.786,151,88,295
2026-07-27T19:24:05Z,-21.7192023,166.1918056,13.0,16880.4,11.740,151,88,294
2026-07-27T19:24:06Z,-21.7192331,166.1919129,13.0,16892.7,11.692,152,88,294
2026-07-27T19:24:07Z,-21.7192867,166.1920094,13.0,16903.9,11.651,152,87,295
2026-07-27T19:24:08Z,-21.7193726,166.1920846,13.0,16915.9,11.612,152,88,296
2026-07-27T19:24:09Z,-21.7194691,166.1921167,13.0,16927.4,11.575,152,89,294
2026-07-27T19:24:10Z,-21.7195724,166.1921382,13.0,16939.2,11.545,152,89,294
2026-07-27T19:24:11Z,-21.7196743,166.1921597,13.0,16950.3,11.526,152,89,293
2026-07-27T19:24:12Z,-21.7197789,166.1921704,13.0,16962.1,11.500,153,89,294
2026-07-27T19:24:13Z,-21.7198755,166.1921918,13.0,16973.3,11.501,153,88,294
2026-07-27T19:24:14Z,-21.7199747,166.1922348,13.0,16985.1,11.552,153,88,294
2026-07-27T19:24:15Z,-21.7200686,166.1922777,12.8,16996.3,11.608,153,88,295
2026-07-27T19:24:16Z,-21.7201719,166.1923206,12.8,17008.5,11.657,153,89,295
2026-07-27T19:24:17Z,-21.7202684,166.1923528,12.6,17019.9,11.676,153,91,295
2026-07-27T19:24:18Z,-21.7203730,166.1923742,12.6,17031.8,11.660,153,91,294
2026-07-27T19:24:19Z,-21.7204750,166.1923850,12.6,17042.9,11.604,153,91,295
2026-07-27T19:24:20Z,-21.7205822,166.1923850,12.8,17054.9,11.491,153,91,294
2026-07-27T19:24:21Z,-21.7206801,166.1923528,13.0,17066.0,11.338,154,91,295
2026-07-27T19:24:22Z,-21.7207780,166.1923206,13.2,17077.5,11.134,154,91,295
2026-07-27T19:24:23Z,-21.7208639,166.1922669,13.4,17088.5,10.917,154,92,295
2026-07-27T19:24:24Z,-21.7209417,166.1922240,13.6,17098.9,10.704,154,93,295
2026-07-27T19:24:25Z,-21.7210221,166.1921382,14.0,17110.1,10.475,154,93,294
2026-07-27T19:24:26Z,-21.7210905,166.1920846,14.2,17120.1,10.278,154,93,295
2026-07-27T19:24:27Z,-21.7211629,166.1920202,14.4,17130.7,10.071,154,93,294
2026-07-27T19:24:28Z,-21.7212287,166.1919558,14.8,17140.3,9.891,154,92,295
2026-07-27T19:24:29Z,-21.7212917,166.1918807,15.0,17150.1,9.715,155,92,295
2026-07-27T19:24:30Z,-21.7213547,166.1918271,15.4,17159.8,9.549,155,92,295
2026-07-27T19:24:31Z,-21.7214151,166.1917627,15.6,17169.0,9.392,155,93,294
2026-07-27T19:24:32Z,-21.7214781,166.1916983,15.8,17178.7,9.234,155,94,294
2026-07-27T19:24:33Z,-21.7215371,166.1916339,16.2,17187.5,9.097,155,94,294
2026-07-27T19:24:34Z,-21.7215988,166.1915803,16.4,17196.7,8.961,155,94,295
2026-07-27T19:24:35Z,-21.7216592,166.1915159,16.6,17205.9,8.833,156,93,295
2026-07-27T19:24:36Z,-21.7217168,166.1914730,17.0,17214.5,8.715,155,93,294
2026-07-27T19:24:37Z,-21.7217852,166.1914086,17.2,17224.3,8.584,156,93,294
2026-07-27T19:24:38Z,-21.7218389,166.1913657,17.4,17231.9,8.489,157,93,294
2026-07-27T19:24:39Z,-21.7218979,166.1913228,17.8,17240.1,8.387,157,93,294
2026-07-27T19:24:40Z,-21.7219569,166.1912692,18.0,17248.2,8.292,156,92,295
2026-07-27T19:24:41Z,-21.7220239,166.1912262,18.2,17256.8,8.194,156,92,294
2026-07-27T19:24:42Z,-21.7220843,166.1911833,18.4,17264.4,8.111,156,92,295
2026-07-27T19:24:43Z,-21.7221513,166.1911511,18.8,17272.7,8.028,156,92,294
2026-07-27T19:24:44Z,-21.7222224,166.1911190,19.0,17280.9,7.953,156,92,295
2026-07-27T19:24:45Z,-21.7222922,166.1911082,19.2,17288.9,7.890,156,91,295
2026-07-27T19:24:46Z,-21.7223579,166.1910868,19.4,17296.3,7.841,156,92,295
2026-07-27T19:24:47Z,-21.7224303,166.1910868,19.8,17304.4,7.794,156,92,294
2026-07-27T19:24:48Z,-21.7225000,166.1910868,20.0,17312.1,7.760,156,91,295
2026-07-27T19:24:49Z,-21.7225671,166.1910868,20.2,17319.6,7.737,157,92,296
2026-07-27T19:24:50Z,-21.7226395,166.1910868,20.4,17327.6,7.719,156,92,294
2026-07-27T19:24:51Z,-21.7227106,166.1911082,20.6,17335.5,7.709,156,92,295
2026-07-27T19:24:52Z,-21.7227763,166.1911190,20.8,17343.1,7.710,156,92,295
2026-07-27T19:24:53Z,-21.7228433,166.1911404,21.0,17350.7,7.723,157,92,295
2026-07-27T19:24:54Z,-21.7229117,166.1911619,21.2,17358.6,7.744,157,92,294
2026-07-27T19:24:55Z,-21.7229775,166.1911833,21.4,17366.2,7.772,157,92,294
2026-07-27T19:24:56Z,-21.7230445,166.1912155,21.6,17374.2,7.809,157,91,295
2026-07-27T19:24:57Z,-21.7231102,166.1912477,21.8,17382.0,7.841,157,91,295
2026-07-27T19:24:58Z,-21.7231733,166.1912692,22.0,17389.6,7.841,157,92,294
2026-07-27T19:24:59Z,-21.7232390,166.1913013,22.2,17397.6,7.831,157,92,295
2026-07-27T19:25:00Z,-21.7232993,166.1913335,22.4,17405.3,7.817,157,92,294
2026-07-27T19:25:01Z,-21.7233624,166.1913764,22.8,17413.4,7.796,157,92,295
2026-07-27T19:25:02Z,-21.7234214,166.1914086,23.0,17421.0,7.774,157,92,295
2026-07-27T19:25:03Z,-21.7234831,166.1914515,23.2,17428.9,7.752,157,92,295
2026-07-27T19:25:04Z,-21.7235421,166.1914837,23.4,17436.5,7.730,157,92,294
2026-07-27T19:25:05Z,-21.7235984,166.1915374,23.6,17444.1,7.704,157,93,295
2026-07-27T19:25:06Z,-21.7236561,166.1915803,24.0,17451.9,7.658,157,93,295
2026-07-27T19:25:07Z,-21.7237137,166.1916232,24.2,17459.5,7.621,157,93,295
2026-07-27T19:25:08Z,-21.7237687,166.1916661,24.4,17467.5,7.589,157,93,295
2026-07-27T19:25:09Z,-21.7238197,166.1917198,24.6,17474.8,7.564,157,93,294
2026-07-27T19:25:10Z,-21.7238720,166.1917627,24.8,17482.3,7.553,158,93,294
2026-07-27T19:25:11Z,-21.7239189,166.1918056,25.0,17489.6,7.559,158,93,295
2026-07-27T19:25:12Z,-21.7239685,166.1918485,25.4,17497.4,7.570,158,93,294
2026-07-27T19:25:13Z,-21.7240155,166.1919129,25.6,17504.8,7.547,158,93,295
2026-07-27T19:25:14Z,-21.7240624,166.1919558,25.8,17512.5,7.525,158,93,295
2026-07-27T19:25:15Z,-21.7241107,166.1920202,26.0,17520.0,7.505,158,93,294
2026-07-27T19:25:16Z,-21.7241536,166.1920631,26.2,17527.4,7.489,158,93,295
2026-07-27T19:25:17Z,-21.7241992,166.1921275,26.4,17535.0,7.480,158,93,295
2026-07-27T19:25:18Z,-21.7242421,166.1921918,26.8,17542.3,7.475,159,94,295
2026-07-27T19:25:19Z,-21.7242837,166.1922348,27.0,17550.1,7.480,159,93,294
2026-07-27T19:25:20Z,-21.7243199,166.1922991,27.2,17557.3,7.486,159,93,295
2026-07-27T19:25:21Z,-21.7243548,166.1923742,27.4,17565.1,7.450,159,93,295
2026-07-27T19:25:22Z,-21.7243870,166.1924171,27.6,17572.2,7.407,159,93,295
2026-07-27T19:25:23Z,-21.7244232,166.1924922,28.0,17579.8,7.359,159,94,295
2026-07-27T19:25:24Z,-21.7244540,166.1925566,28.2,17587.2,7.305,159,94,295
2026-07-27T19:25:25Z,-21.7244808,166.1926210,28.4,17594.5,7.245,160,95,295
2026-07-27T19:25:26Z,-21.7245036,166.1926746,28.8,17601.7,7.186,159,96,295
2026-07-27T19:25:27Z,-21.7245197,166.1927390,29.0,17608.6,7.131,160,96,294
2026-07-27T19:25:28Z,-21.7245358,166.1928141,29.4,17615.8,7.076,160,96,294
2026-07-27T19:25:29Z,-21.7245466,166.1928785,29.6,17622.9,7.028,160,97,294
2026-07-27T19:25:30Z,-21.7245533,166.1929536,29.8,17630.0,6.989,160,96,295
2026-07-27T19:25:31Z,-21.7245559,166.1930072,30.0,17636.8,6.955,160,97,294
2026-07-27T19:25:32Z,-21.7245559,166.1930716,30.4,17643.6,6.926,160,97,295
2026-07-27T19:25:33Z,-21.7245546,166.1931467,30.6,17650.7,6.902,161,97,295
2026-07-27T19:25:34Z,-21.7245492,166.1932111,30.8,17657.5,6.878,160,96,294
2026-07-27T19:25:35Z,-21.7245412,166.1932755,31.2,17664.3,6.858,160,97,295
2026-07-27T19:25:36Z,-21.7245318,166.1933506,31.4,17671.3,6.840,161,95,295
2026-07-27T19:25:37Z,-21.7245197,166.1934042,31.6,17678.0,6.822,160,95,294
2026-07-27T19:25:38Z,-21.7245063,166.1934686,31.8,17685.2,6.797,160,94,294
2026-07-27T19:25:39Z,-21.7244916,166.1935329,32.2,17691.8,6.776,160,94,294
2026-07-27T19:25:40Z,-21.7244768,166.1935973,32.4,17698.4,6.753,160,94,295
2026-07-27T19:25:41Z,-21.7244594,166.1936724,32.6,17705.4,6.728,160,94,295
2026-07-27T19:25:42Z,-21.7244406,166.1937261,33.0,17712.0,6.697,160,96,294
2026-07-27T19:25:43Z,-21.7244191,166.1937904,33.2,17718.7,6.663,161,96,294
2026-07-27T19:25:44Z,-21.7243963,166.1938548,33.6,17725.4,6.622,160,95,294
2026-07-27T19:25:45Z,-21.7243735,166.1938977,33.8,17731.9,6.585,161,94,295
2026-07-27T19:25:46Z,-21.7243467,166.1939621,34.0,17738.4,6.552,161,94,295
2026-07-27T19:25:47Z,-21.7243159,166.1940157,34.4,17744.9,6.521,161,94,293
2026-07-27T19:25:48Z,-21.7242797,166.1940694,34.6,17751.7,6.478,161,92,292
2026-07-27T19:25:49Z,-21.7242435,166.1941123,35.0,17758.1,6.399,160,89,252
2026-07-27T19:25:50Z,-21.7242113,166.1941552,35.2,17764.1,6.156,161,89,79
2026-07-27T19:25:51Z,-21.7241764,166.1941981,35.6,17770.3,5.775,160,89,108
2026-07-27T19:25:52Z,-21.7241482,166.1942518,35.8,17775.7,5.478,160,77,123
2026-07-27T19:25:53Z,-21.7241174,166.1942947,36.0,17781.1,5.201,160,75,124
2026-07-27T19:25:54Z,-21.7240852,166.1943269,36.2,17786.3,4.937,159,74,124
2026-07-27T19:25:55Z,-21.7240584,166.1943698,36.4,17790.9,4.709,159,72,124
2026-07-27T19:25:56Z,-21.7240302,166.1944020,36.6,17795.6,4.486,159,71,125
2026-07-27T19:25:57Z,-21.7240034,166.1944342,36.8,17800.1,4.289,159,71,125
2026-07-27T19:25:58Z,-21.7239766,166.1944664,37.0,17804.3,4.109,158,71,125
2026-07-27T19:25:59Z,-21.7239524,166.1944878,37.2,17808.3,3.945,158,71,125
2026-07-27T19:26:00Z,-21.7239296,166.1945093,37.4,17812.0,3.804,157,71,125
2026-07-27T19:26:01Z,-21.7239042,166.1945415,37.6,17815.8,3.666,156,71,124
2026-07-27T19:26:02Z,-21.7238827,166.1945736,37.8,17819.4,3.547,156,71,124
2026-07-27T19:26:03Z,-21.7238599,166.1945844,37.8,17822.9,3.437,155,70,124
2026-07-27T19:26:04Z,-21.7238398,166.1946166,38.0,17826.3,3.342,155,71,125
2026-07-27T19:26:05Z,-21.7238197,166.1946273,38.2,17829.6,3.263,154,71,125
2026-07-27T19:26:06Z,-21.7237996,166.1946595,38.4,17832.8,3.186,154,71,124
2026-07-27T19:26:07Z,-21.7237808,166.1946809,38.4,17835.9,3.120,153,72,125
2026-07-27T19:26:08Z,-21.7237607,166.1947024,38.6,17839.0,3.067,153,73,125
2026-07-27T19:26:09Z,-21.7237419,166.1947238,38.8,17842.1,3.018,152,73,125
2026-07-27T19:26:10Z,-21.7237245,166.1947560,38.8,17845.1,2.970,151,74,125
2026-07-27T19:26:11Z,-21.7237084,166.1947668,39.0,17848.0,2.934,151,74,124
2026-07-27T19:26:12Z,-21.7236909,166.1947989,39.2,17851.0,2.900,151,74,125
2026-07-27T19:26:13Z,-21.7236735,166.1948097,39.2,17853.8,2.869,150,73,125
2026-07-27T19:26:14Z,-21.7236561,166.1948311,39.4,17856.7,2.830,150,75,125
2026-07-27T19:26:15Z,-21.7236413,166.1948633,39.6,17859.5,2.789,149,75,125
2026-07-27T19:26:16Z,-21.7236239,166.1948740,39.8,17862.3,2.742,148,75,125
2026-07-27T19:26:17Z,-21.7236091,166.1948848,39.8,17864.9,2.682,148,76,125
2026-07-27T19:26:18Z,-21.7235917,166.1949062,40.0,17867.6,2.585,148,76,125
2026-07-27T19:26:19Z,-21.7235796,166.1949384,40.2,17870.1,2.470,147,77,125
2026-07-27T19:26:20Z,-21.7235689,166.1949492,40.2,17872.7,2.516,147,78,125
2026-07-27T19:26:21Z,-21.7235595,166.1949813,40.4,17875.2,2.643,146,79,125
2026-07-27T19:26:22Z,-21.7235515,166.1949921,40.4,17877.9,2.835,146,79,124
2026-07-27T19:26:23Z,-21.7235461,166.1950243,40.4,17881.0,3.116,146,78,124
2026-07-27T19:26:24Z,-21.7235488,166.1950564,40.6,17884.2,3.388,146,79,125
2026-07-27T19:26:25Z,-21.7235649,166.1950886,40.6,17887.7,3.496,145,80,124
2026-07-27T19:26:26Z,-21.7235890,166.1951208,40.6,17891.2,3.609,145,80,124
2026-07-27T19:26:27Z,-21.7236185,166.1951315,40.8,17894.9,3.773,145,81,124
2026-07-27T19:26:28Z,-21.7236480,166.1951530,40.8,17898.9,3.959,144,82,125
2026-07-27T19:26:29Z,-21.7236789,166.1951637,40.8,17902.7,4.136,144,82,125
2026-07-27T19:26:30Z,-21.7237151,166.1951745,40.8,17907.1,4.368,143,83,124
2026-07-27T19:26:31Z,-21.7237540,166.1951959,40.8,17911.7,4.610,143,82,124
2026-07-27T19:26:32Z,-21.7237915,166.1952066,40.8,17916.3,4.812,142,83,124
2026-07-27T19:26:33Z,-21.7238317,166.1952388,40.8,17921.0,4.975,142,84,125
2026-07-27T19:26:34Z,-21.7238760,166.1952603,40.8,17926.2,5.097,142,84,124
2026-07-27T19:26:35Z,-21.7239189,166.1952710,41.0,17931.4,5.166,141,85,125
2026-07-27T19:26:36Z,-21.7239618,166.1952817,41.0,17936.5,5.188,141,84,124
2026-07-27T19:26:37Z,-21.7240047,166.1953032,41.2,17941.8,5.172,140,85,125
2026-07-27T19:26:38Z,-21.7240490,166.1953354,41.2,17946.8,5.132,140,86,125
2026-07-27T19:26:39Z,-21.7240973,166.1953461,41.4,17952.5,5.072,140,87,125
2026-07-27T19:26:40Z,-21.7241335,166.1953676,41.4,17956.9,5.021,140,88,125
2026-07-27T19:26:41Z,-21.7241751,166.1953783,41.6,17961.9,4.957,139,89,125
2026-07-27T19:26:42Z,-21.7242193,166.1953890,41.8,17967.0,4.892,139,90,125
2026-07-27T19:26:43Z,-21.7242596,166.1954105,41.8,17971.9,4.828,138,91,125
2026-07-27T19:26:44Z,-21.7243011,166.1954212,42.0,17976.7,4.766,139,92,124
2026-07-27T19:26:45Z,-21.7243387,166.1954427,42.2,17981.3,4.707,139,93,125
2026-07-27T19:26:46Z,-21.7243776,166.1954534,42.2,17985.9,4.661,139,93,125
2026-07-27T19:26:47Z,-21.7244178,166.1954856,42.4,17990.6,4.617,139,93,125
2026-07-27T19:26:48Z,-21.7244594,166.1954963,42.6,17995.5,4.566,139,93,124
2026-07-27T19:26:49Z,-21.7244929,166.1955178,42.6,17999.7,4.521,139,93,124
2026-07-27T19:26:50Z,-21.7245331,166.1955285,42.8,18004.4,4.475,138,93,124
2026-07-27T19:26:51Z,-21.7245720,166.1955500,42.8,18008.8,4.435,138,94,125
2026-07-27T19:26:52Z,-21.7246082,166.1955607,43.0,18013.1,4.404,138,94,125
2026-07-27T19:26:53Z,-21.7246418,166.1955714,43.2,18017.4,4.389,137,95,125
2026-07-27T19:26:54Z,-21.7246807,166.1955929,43.2,18021.9,4.373,138,95,125
2026-07-27T19:26:55Z,-21.7247142,166.1956036,43.4,18026.2,4.349,137,96,125
2026-07-27T19:26:56Z,-21.7247531,166.1956251,43.4,18030.5,4.319,137,96,125
2026-07-27T19:26:57Z,-21.7247893,166.1956358,43.6,18034.8,4.285,137,96,125
2026-07-27T19:26:58Z,-21.7248255,166.1956573,43.8,18039.2,4.254,137,96,125
2026-07-27T19:26:59Z,-21.7248604,166.1956680,43.8,18043.4,4.241,137,97,125
2026-07-27T19:27:00Z,-21.7248966,166.1956787,44.0,18047.8,4.256,136,97,124
2026-07-27T19:27:01Z,-21.7249288,166.1957002,44.0,18051.9,4.310,135,97,125
2026-07-27T19:27:02Z,-21.7249610,166.1957324,44.0,18056.4,4.418,135,98,125
2026-07-27T19:27:03Z,-21.7249918,166.1957538,44.2,18060.7,4.550,134,97,125
2026-07-27T19:27:04Z,-21.7250159,166.1957860,44.2,18065.4,4.691,133,97,124
2026-07-27T19:27:05Z,-21.7250293,166.1958396,44.2,18070.1,4.823,133,97,124
2026-07-27T19:27:06Z,-21.7250293,166.1958826,44.2,18075.2,5.011,132,97,124
2026-07-27T19:27:07Z,-21.7250186,166.1959255,44.2,18080.4,5.145,131,97,110
2026-07-27T19:27:08Z,-21.7249931,166.1959684,44.2,18085.3,5.139,131,97,110
2026-07-27T19:27:09Z,-21.7249569,166.1960006,44.4,18090.7,5.047,131,97,124
2026-07-27T19:27:10Z,-21.7249167,166.1960328,44.6,18095.6,4.905,131,97,124
2026-07-27T19:27:11Z,-21.7248751,166.1960542,44.8,18100.5,4.675,130,97,124
2026-07-27T19:27:12Z,-21.7248389,166.1960542,45.0,18104.8,4.420,130,97,125
2026-07-27T19:27:13Z,-21.7248000,166.1960649,45.2,18109.1,4.154,130,97,125
2026-07-27T19:27:14Z,-21.7247638,166.1960757,45.4,18113.1,3.911,130,97,125
2026-07-27T19:27:15Z,-21.7247303,166.1960757,45.8,18117.0,3.673,131,97,124
2026-07-27T19:27:16Z,-21.7246994,166.1960971,45.8,18120.4,3.462,131,97,125
2026-07-27T19:27:17Z,-21.7246686,166.1960971,46.0,18123.9,3.256,131,97,125
2026-07-27T19:27:18Z,-21.7246418,166.1960971,46.2,18127.0,3.071,130,96,124
2026-07-27T19:27:19Z,-21.7246163,166.1961079,46.4,18129.9,2.908,130,96,125
2026-07-27T19:27:20Z,-21.7245895,166.1961079,46.6,18132.8,2.762,130,96,125
2026-07-27T19:27:21Z,-21.7245667,166.1961079,46.8,18135.5,2.633,130,95,124
2026-07-27T19:27:22Z,-21.7245425,166.1961079,47.0,18138.1,2.518,130,95,124
2026-07-27T19:27:23Z,-21.7245197,166.1961293,47.0,18140.5,2.430,129,95,125
2026-07-27T19:27:24Z,-21.7244996,166.1961293,47.2,18142.9,2.355,128,95,125
2026-07-27T19:27:25Z,-21.7244808,166.1961293,47.4,18145.2,2.295,128,95,125
2026-07-27T19:27:26Z,-21.7244594,166.1961401,47.6,18147.4,2.245,127,95,125
2026-07-27T19:27:27Z,-21.7244379,166.1961401,47.6,18149.8,2.199,127,95,125
2026-07-27T19:27:28Z,-21.7244191,166.1961401,47.8,18152.0,2.159,127,95,124
2026-07-27T19:27:29Z,-21.7244017,166.1961401,48.0,18154.0,2.127,127,95,124
2026-07-27T19:27:30Z,-21.7243816,166.1961508,48.0,18156.2,2.099,126,95,125
2026-07-27T19:27:31Z,-21.7243642,166.1961508,48.2,18158.3,2.079,126,94,125
2026-07-27T19:27:32Z,-21.7243454,166.1961508,48.4,18160.3,2.061,126,94,124
2026-07-27T19:27:33Z,-21.7243253,166.1961508,48.6,18162.4,2.043,125,93,124
2026-07-27T19:27:34Z,-21.7243092,166.1961508,48.6,18164.4,2.029,125,93,124
2026-07-27T19:27:35Z,-21.7242917,166.1961722,48.8,18166.4,2.019,124,93,124
2026-07-27T19:27:36Z,-21.7242730,166.1961722,49.0,18168.4,2.009,123,93,124
2026-07-27T19:27:37Z,-21.7242528,166.1961722,49.0,18170.5,2.002,123,93,124
2026-07-27T19:27:38Z,-21.7242354,166.1961722,49.2,18172.5,1.996,122,93,124
2026-07-27T19:27:39Z,-21.7242193,166.1961722,49.4,18174.4,1.993,122,93,125
2026-07-27T19:27:40Z,-21.7241992,166.1961830,49.4,18176.5,1.992,122,93,125
2026-07-27T19:27:41Z,-21.7241831,166.1961830,49.6,18178.5,1.991,121,94,124
2026-07-27T19:27:42Z,-21.7241657,166.1961830,49.8,18180.4,1.989,121,94,124
2026-07-27T19:27:43Z,-21.7241482,166.1961830,49.8,18182.3,1.984,121,92,124
2026-07-27T19:27:44Z,-21.7241295,166.1961830,50.0,18184.4,1.986,121,92,125
2026-07-27T19:27:45Z,-21.7241120,166.1962044,50.2,18186.4,1.988,121,92,125
2026-07-27T19:27:46Z,-21.7240946,166.1962044,50.2,18188.4,1.991,121,92,125
2026-07-27T19:27:47Z,-21.7240772,166.1962044,50.4,18190.3,1.992,120,92,125
2026-07-27T19:27:48Z,-21.7240584,166.1962044,50.4,18192.3,1.991,120,92,124
2026-07-27T19:27:49Z,-21.7240410,166.1962044,50.6,18194.3,1.989,121,93,124
2026-07-27T19:27:50Z,-21.7240249,166.1962152,50.8,18196.3,1.990,121,93,125
2026-07-27T19:27:51Z,-21.7240047,166.1962152,50.8,18198.3,1.995,121,93,125
2026-07-27T19:27:52Z,-21.7239887,166.1962152,51.0,18200.3,1.999,121,93,125
2026-07-27T19:27:53Z,-21.7239712,166.1962152,51.2,18202.4,2.000,121,93,124
2026-07-27T19:27:54Z,-21.7239524,166.1962366,51.2,18204.3,2.003,121,94,125
2026-07-27T19:27:55Z,-21.7239350,166.1962366,51.4,18206.3,2.009,121,94,125
2026-07-27T19:27:56Z,-21.7239176,166.1962366,51.6,18208.4,2.016,122,95,125
2026-07-27T19:27:57Z,-21.7239001,166.1962366,51.6,18210.3,2.021,122,94,125
2026-07-27T19:27:58Z,-21.7238814,166.1962473,51.8,18212.4,2.024,121,94,124
2026-07-27T19:27:59Z,-21.7238639,166.1962473,52.0,18214.4,2.026,121,95,124
2026-07-27T19:28:00Z,-21.7238452,166.1962473,52.0,18216.5,2.031,121,95,125
2026-07-27T19:28:01Z,-21.7238277,166.1962473,52.2,18218.5,2.038,121,95,124
2026-07-27T19:28:02Z,-21.7238103,166.1962581,52.4,18220.5,2.043,121,97,124
2026-07-27T19:28:03Z,-21.7237915,166.1962581,52.4,18222.6,2.047,121,97,124
2026-07-27T19:28:04Z,-21.7237727,166.1962581,52.6,18224.6,2.056,121,97,125
2026-07-27T19:28:05Z,-21.7237553,166.1962581,52.8,18226.6,2.066,122,97,124
2026-07-27T19:28:06Z,-21.7237365,166.1962795,52.8,18228.7,2.073,122,97,124
2026-07-27T19:28:07Z,-21.7237177,166.1962795,53.0,18230.9,2.084,123,97,125
2026-07-27T19:28:08Z,-21.7237003,166.1962795,53.2,18232.9,2.099,123,97,125
2026-07-27T19:28:09Z,-21.7236815,166.1962795,53.2,18235.1,2.108,123,97,124
2026-07-27T19:28:10Z,-21.7236614,166.1962903,53.4,18237.2,2.117,123,97,124
2026-07-27T19:28:11Z,-21.7236453,166.1962903,53.6,18239.3,2.124,123,97,124
2026-07-27T19:28:12Z,-21.7236252,166.1962903,53.6,18241.4,2.130,123,96,124
2026-07-27T19:28:13Z,-21.7236064,166.1963117,53.8,18243.6,2.137,122,97,124
2026-07-27T19:28:14Z,-21.7235877,166.1963117,54.0,18245.7,2.147,122,96,125
2026-07-27T19:28:15Z,-21.7235689,166.1963117,54.0,18247.8,2.158,122,96,125
2026-07-27T19:28:16Z,-21.7235488,166.1963224,54.2,18250.0,2.167,122,96,124
2026-07-27T19:28:17Z,-21.7235300,166.1963224,54.2,18252.2,2.173,122,96,124
2026-07-27T19:28:18Z,-21.7235126,166.1963224,54.4,18254.3,2.179,122,96,124
2026-07-27T19:28:19Z,-21.7234924,166.1963439,54.6,18256.5,2.185,122,95,124
2026-07-27T19:28:20Z,-21.7234737,166.1963439,54.6,18258.8,2.193,122,96,125
2026-07-27T19:28:21Z,-21.7234536,166.1963439,54.8,18261.0,2.203,121,96,125
2026-07-27T19:28:22Z,-21.7234348,166.1963546,55.0,18263.2,2.211,121,96,125
2026-07-27T19:28:23Z,-21.7234160,166.1963546,55.0,18265.4,2.217,120,96,124
2026-07-27T19:28:24Z,-21.7233972,166.1963654,55.2,18267.6,2.222,120,96,125
2026-07-27T19:28:25Z,-21.7233771,166.1963654,55.4,18269.8,2.228,120,96,124
2026-07-27T19:28:26Z,-21.7233583,166.1963654,55.4,18272.0,2.230,120,96,125
2026-07-27T19:28:27Z,-21.7233396,166.1963868,55.6,18274.2,2.233,121,96,124
2026-07-27T19:28:28Z,-21.7233181,166.1963868,55.8,18276.5,2.238,121,96,125
2026-07-27T19:28:29Z,-21.7232993,166.1963868,55.8,18278.7,2.240,120,95,124
2026-07-27T19:28:30Z,-21.7232805,166.1963975,56.0,18280.9,2.241,120,95,124
2026-07-27T19:28:31Z,-21.7232591,166.1963975,56.2,18283.3,2.243,120,95,124
2026-07-27T19:28:32Z,-21.7232403,166.1963975,56.2,18285.4,2.244,121,95,124
2026-07-27T19:28:33Z,-21.7232215,166.1964190,56.4,18287.7,2.247,121,95,125
2026-07-27T19:28:34Z,-21.7232001,166.1964190,56.6,18290.0,2.252,121,93,125
2026-07-27T19:28:35Z,-21.7231813,166.1964190,56.6,18292.3,2.256,122,96,125
2026-07-27T19:28:36Z,-21.7231625,166.1964297,56.8,18294.4,2.257,122,96,125
2026-07-27T19:28:37Z,-21.7231411,166.1964297,56.8,18296.7,2.259,122,95,125
2026-07-27T19:28:38Z,-21.7231223,166.1964297,57.0,18299.0,2.256,122,95,124
2026-07-27T19:28:39Z,-21.7231035,166.1964405,57.2,18301.2,2.252,122,95,124
2026-07-27T19:28:40Z,-21.7230821,166.1964405,57.2,18303.5,2.248,122,94,124
2026-07-27T19:28:41Z,-21.7230606,166.1964405,57.4,18305.8,2.248,122,94,125
2026-07-27T19:28:42Z,-21.7230418,166.1964619,57.6,18308.1,2.252,122,94,125
2026-07-27T19:28:43Z,-21.7230217,166.1964619,57.6,18310.4,2.254,122,94,125
2026-07-27T19:28:44Z,-21.7230016,166.1964619,57.8,18312.5,2.259,122,94,125
2026-07-27T19:28:45Z,-21.7229815,166.1964619,58.0,18314.9,2.263,122,95,125
2026-07-27T19:28:46Z,-21.7229614,166.1964726,58.0,18317.0,2.265,123,98,125
2026-07-27T19:28:47Z,-21.7229412,166.1964726,58.2,18319.4,2.268,123,101,125
2026-07-27T19:28:48Z,-21.7229225,166.1964726,58.4,18321.6,2.270,124,104,125
2026-07-27T19:28:49Z,-21.7229010,166.1964726,58.4,18323.8,2.273,124,105,125
2026-07-27T19:28:50Z,-21.7228796,166.1964941,58.6,18326.3,2.503,125,107,234
2026-07-27T19:28:51Z,-21.7228554,166.1964941,58.8,18329.0,2.981,125,107,299
2026-07-27T19:28:52Z,-21.7228286,166.1964941,59.0,18332.1,3.396,125,107,299
2026-07-27T19:28:53Z,-21.7227964,166.1964941,59.2,18335.8,3.714,126,107,299
2026-07-27T19:28:54Z,-21.7227602,166.1965048,59.4,18339.7,3.961,126,106,300
2026-07-27T19:28:55Z,-21.7227253,166.1965048,59.6,18343.6,4.147,127,106,299
2026-07-27T19:28:56Z,-21.7226878,166.1965048,59.8,18347.9,4.306,127,106,299
2026-07-27T19:28:57Z,-21.7226475,166.1965263,60.0,18352.3,4.433,128,107,299
2026-07-27T19:28:58Z,-21.7226073,166.1965263,60.4,18356.7,4.532,129,106,299
2026-07-27T19:28:59Z,-21.7225671,166.1965263,60.6,18361.3,4.615,129,106,300
2026-07-27T19:29:00Z,-21.7225255,166.1965370,60.8,18366.1,4.683,129,105,300
2026-07-27T19:29:01Z,-21.7224826,166.1965370,61.2,18370.6,4.732,131,105,300
2026-07-27T19:29:02Z,-21.7224397,166.1965477,61.4,18375.5,4.765,131,105,299
2026-07-27T19:29:03Z,-21.7223994,166.1965477,61.8,18380.0,4.779,131,105,300
2026-07-27T19:29:04Z,-21.7223552,166.1965692,62.0,18384.9,4.782,132,106,299
2026-07-27T19:29:05Z,-21.7223109,166.1965692,62.4,18389.8,4.756,132,106,299
2026-07-27T19:29:06Z,-21.7222720,166.1965799,62.6,18394.4,4.693,133,106,299
2026-07-27T19:29:07Z,-21.7222331,166.1966014,63.0,18399.1,4.581,134,105,300
2026-07-27T19:29:08Z,-21.7221969,166.1966121,63.4,18403.6,4.516,134,105,299
2026-07-27T19:29:09Z,-21.7221648,166.1966443,63.6,18408.2,4.556,135,104,299
2026-07-27T19:29:10Z,-21.7221379,166.1966765,63.8,18412.7,4.691,136,104,300
2026-07-27T19:29:11Z,-21.7221151,166.1967194,64.0,18417.6,4.888,136,104,300
2026-07-27T19:29:12Z,-21.7221004,166.1967623,64.2,18422.7,5.072,136,105,299
2026-07-27T19:29:13Z,-21.7220923,166.1968160,64.6,18427.8,5.195,137,104,298
2026-07-27T19:29:14Z,-21.7220977,166.1968589,64.8,18432.9,5.331,137,103,299
2026-07-27T19:29:15Z,-21.7221111,166.1969233,64.8,18438.2,5.498,139,103,300
2026-07-27T19:29:16Z,-21.7221379,166.1969662,65.0,18443.8,5.685,139,101,299
2026-07-27T19:29:17Z,-21.7221741,166.1969984,65.2,18449.7,5.915,140,102,299
2026-07-27T19:29:18Z,-21.7222144,166.1970413,65.4,18455.7,6.167,140,101,299
2026-07-27T19:29:19Z,-21.7222613,166.1970735,65.4,18462.0,6.412,141,100,299
2026-07-27T19:29:20Z,-21.7223136,166.1971056,65.6,18468.7,6.625,142,100,299
2026-07-27T19:29:21Z,-21.7223673,166.1971271,65.6,18475.4,6.794,142,99,299
2026-07-27T19:29:22Z,-21.7224222,166.1971593,65.8,18482.4,6.927,142,100,299
2026-07-27T19:29:23Z,-21.7224799,166.1971915,66.0,18489.2,7.037,143,99,299
2026-07-27T19:29:24Z,-21.7225389,166.1972237,66.2,18496.3,7.137,144,99,299
2026-07-27T19:29:25Z,-21.7225993,166.1972558,66.4,18503.6,7.229,145,99,300
2026-07-27T19:29:26Z,-21.7226583,166.1972666,66.4,18510.7,7.315,145,98,300
2026-07-27T19:29:27Z,-21.7227173,166.1972988,66.6,18517.9,7.396,146,100,300
2026-07-27T19:29:28Z,-21.7227763,166.1973310,66.8,18525.3,7.477,146,100,299
2026-07-27T19:29:29Z,-21.7228393,166.1973739,67.0,18533.2,7.556,146,99,299
2026-07-27T19:29:30Z,-21.7228997,166.1974061,67.2,18540.8,7.631,147,98,299
2026-07-27T19:29:31Z,-21.7229600,166.1974490,67.2,18548.7,7.707,147,96,299
2026-07-27T19:29:32Z,-21.7230150,166.1974812,67.4,18555.8,7.775,148,97,298
2026-07-27T19:29:33Z,-21.7230740,166.1975241,67.6,18563.6,7.846,148,95,299
2026-07-27T19:29:34Z,-21.7231357,166.1975563,67.8,18571.7,7.915,148,95,299
2026-07-27T19:29:35Z,-21.7231947,166.1976099,67.8,18579.4,7.977,148,95,300
2026-07-27T19:29:36Z,-21.7232551,166.1976528,68.0,18587.5,8.037,149,96,300
2026-07-27T19:29:37Z,-21.7233168,166.1976957,68.2,18595.7,8.093,149,96,300
2026-07-27T19:29:38Z,-21.7233758,166.1977386,68.4,18603.7,8.140,149,96,299
2026-07-27T19:29:39Z,-21.7234388,166.1977923,68.6,18612.2,8.183,149,97,300
2026-07-27T19:29:40Z,-21.7234978,166.1978352,68.6,18620.1,8.217,150,97,299
2026-07-27T19:29:41Z,-21.7235622,166.1978781,68.8,18628.6,8.245,150,97,298
2026-07-27T19:29:42Z,-21.7236225,166.1979103,69.0,18636.6,8.264,150,96,299
2026-07-27T19:29:43Z,-21.7236869,166.1979532,69.2,18645.2,8.276,150,96,300
2026-07-27T19:29:44Z,-21.7237459,166.1980069,69.4,18653.1,8.277,151,96,300
2026-07-27T19:29:45Z,-21.7238103,166.1980498,69.6,18661.5,8.261,151,96,299
2026-07-27T19:29:46Z,-21.7238733,166.1980927,69.8,18669.8,8.223,151,96,299
2026-07-27T19:29:47Z,-21.7239363,166.1981249,70.0,18677.9,8.165,151,96,300
2026-07-27T19:29:48Z,-21.7240021,166.1981678,70.4,18686.4,8.088,152,95,300
2026-07-27T19:29:49Z,-21.7240624,166.1982107,70.6,18694.4,8.000,152,96,299
2026-07-27T19:29:50Z,-21.7241214,166.1982644,70.8,18702.3,7.903,152,96,300
2026-07-27T19:29:51Z,-21.7241804,166.1982965,71.2,18710.0,7.801,152,96,299
2026-07-27T19:29:52Z,-21.7242421,166.1983395,71.4,18718.0,7.698,152,96,299
2026-07-27T19:29:53Z,-21.7242971,166.1983824,71.8,18725.5,7.610,152,95,299
2026-07-27T19:29:54Z,-21.7243548,166.1984146,72.0,18733.0,7.549,152,94,300
2026-07-27T19:29:55Z,-21.7244098,166.1984575,72.2,18740.7,7.515,152,94,300
2026-07-27T19:29:56Z,-21.7244513,166.1985219,72.4,18748.0,7.510,153,95,300
2026-07-27T19:29:57Z,-21.7244782,166.1985862,72.6,18755.5,7.483,153,96,299
2026-07-27T19:29:58Z,-21.7244808,166.1986613,73.0,18763.2,7.482,153,95,299
2026-07-27T19:29:59Z,-21.7244513,166.1987150,73.2,18770.5,7.496,153,95,300
2026-07-27T19:30:00Z,-21.7243977,166.1987686,73.2,18778.0,7.618,153,95,299
2026-07-27T19:30:01Z,-21.7243373,166.1988008,73.4,18785.6,7.693,153,94,300
2026-07-27T19:30:02Z,-21.7242703,166.1988223,73.6,18793.3,7.671,153,94,300
2026-07-27T19:30:03Z,-21.7242019,166.1988437,73.8,18801.3,7.662,153,95,300
2026-07-27T19:30:04Z,-21.7241375,166.1988544,74.2,18808.8,7.595,154,96,300
2026-07-27T19:30:05Z,-21.7240718,166.1988866,74.4,18816.2,7.455,154,97,300
2026-07-27T19:30:06Z,-21.7240088,166.1988974,74.8,18823.5,7.260,154,97,300
2026-07-27T19:30:07Z,-21.7239484,166.1989188,75.2,18830.6,7.028,154,97,299
2026-07-27T19:30:08Z,-21.7238894,166.1989510,75.8,18837.7,6.773,154,97,300
2026-07-27T19:30:09Z,-21.7238317,166.1989617,76.2,18844.3,6.531,154,97,299
2026-07-27T19:30:10Z,-21.7237768,166.1989939,76.6,18850.9,6.293,155,96,299
2026-07-27T19:30:11Z,-21.7237271,166.1990047,77.0,18856.9,6.091,155,96,299
2026-07-27T19:30:12Z,-21.7236748,166.1990368,77.4,18862.8,5.905,155,96,300
2026-07-27T19:30:13Z,-21.7236279,166.1990583,77.8,18868.5,5.743,155,97,300
2026-07-27T19:30:14Z,-21.7235783,166.1990690,78.2,18874.2,5.590,155,97,300
2026-07-27T19:30:15Z,-21.7235287,166.1990905,78.6,18879.9,5.444,156,97,301
2026-07-27T19:30:16Z,-21.7234844,166.1991012,78.8,18885.1,5.322,156,99,299
2026-07-27T19:30:17Z,-21.7234375,166.1991119,79.2,18890.6,5.212,156,99,299
2026-07-27T19:30:18Z,-21.7233945,166.1991441,79.6,18895.7,5.129,156,98,299
2026-07-27T19:30:19Z,-21.7233530,166.1991656,79.8,18900.7,5.063,156,97,299
2026-07-27T19:30:20Z,-21.7233114,166.1991763,80.2,18905.8,5.012,156,95,300
2026-07-27T19:30:21Z,-21.7232671,166.1991870,80.4,18910.7,4.977,157,96,299
2026-07-27T19:30:22Z,-21.7232229,166.1992085,80.8,18915.9,4.951,157,95,299
2026-07-27T19:30:23Z,-21.7231813,166.1992192,81.2,18920.7,4.941,157,95,300
2026-07-27T19:30:24Z,-21.7231397,166.1992407,81.4,18925.7,4.933,157,95,299
2026-07-27T19:30:25Z,-21.7230968,166.1992514,81.8,18930.6,4.929,157,95,299
2026-07-27T19:30:26Z,-21.7230552,166.1992729,82.0,18935.5,4.927,157,95,299
2026-07-27T19:30:27Z,-21.7230110,166.1992836,82.4,18940.5,4.926,157,94,299
2026-07-27T19:30:28Z,-21.7229694,166.1992836,82.6,18945.4,4.927,157,94,300
2026-07-27T19:30:29Z,-21.7229278,166.1992943,82.8,18950.2,4.933,157,95,299
2026-07-27T19:30:30Z,-21.7228863,166.1993158,83.2,18955.1,4.937,158,95,300
2026-07-27T19:30:31Z,-21.7228433,166.1993265,83.4,18959.9,4.943,158,95,299
2026-07-27T19:30:32Z,-21.7227978,166.1993480,83.8,18965.2,4.945,158,93,298
2026-07-27T19:30:33Z,-21.7227562,166.1993587,84.0,18970.1,4.949,157,92,299
2026-07-27T19:30:34Z,-21.7227146,166.1993802,84.4,18974.9,4.955,157,92,301
2026-07-27T19:30:35Z,-21.7226703,166.1993909,84.6,18980.0,4.964,158,93,299
2026-07-27T19:30:36Z,-21.7226261,166.1994016,85.0,18985.0,4.967,158,92,299
2026-07-27T19:30:37Z,-21.7225845,166.1994231,85.2,18989.8,4.976,158,92,300
2026-07-27T19:30:38Z,-21.7225403,166.1994231,85.6,18995.0,4.982,158,92,300
2026-07-27T19:30:39Z,-21.7224987,166.1994338,85.8,18999.8,4.990,158,91,299
2026-07-27T19:30:40Z,-21.7224544,166.1994553,86.2,19004.9,4.997,158,91,299
2026-07-27T19:30:41Z,-21.7224129,166.1994660,86.4,19009.7,5.004,158,91,301
2026-07-27T19:30:42Z,-21.7223673,166.1994874,86.8,19015.0,5.013,158,92,300
2026-07-27T19:30:43Z,-21.7223270,166.1994982,87.0,19019.7,5.017,158,94,300
2026-07-27T19:30:44Z,-21.7222814,166.1995089,87.2,19024.8,5.021,158,95,300
2026-07-27T19:30:45Z,-21.7222372,166.1995304,87.6,19030.0,5.028,158,98,300
2026-07-27T19:30:46Z,-21.7221929,166.1995411,87.8,19035.0,5.038,158,99,300
2026-07-27T19:30:47Z,-21.7221500,166.1995625,88.2,19040.0,5.049,159,99,300
2026-07-27T19:30:48Z,-21.7221071,166.1995625,88.4,19045.0,5.065,159,100,299
2026-07-27T19:30:49Z,-21.7220642,166.1995733,88.8,19049.9,5.087,159,98,299
2026-07-27T19:30:50Z,-21.7220172,166.1995840,89.0,19055.2,5.132,159,98,298
2026-07-27T19:30:51Z,-21.7219716,166.1996055,89.2,19060.5,5.269,160,97,299
2026-07-27T19:30:52Z,-21.7219287,166.1996162,89.4,19065.8,5.413,160,96,299
2026-07-27T19:30:53Z,-21.7218818,166.1996484,89.6,19071.3,5.554,160,95,299
2026-07-27T19:30:54Z,-21.7218442,166.1996806,89.8,19076.7,5.654,160,95,299
2026-07-27T19:30:55Z,-21.7218255,166.1997235,90.2,19082.3,5.616,160,94,299
2026-07-27T19:30:56Z,-21.7218348,166.1997879,90.4,19088.3,5.719,160,94,299
2026-07-27T19:30:57Z,-21.7218670,166.1998200,90.8,19093.6,5.581,160,94,299
2026-07-27T19:30:58Z,-21.7219153,166.1998522,91.2,19099.4,5.529,160,94,300
2026-07-27T19:30:59Z,-21.7219622,166.1998630,91.4,19104.8,5.550,160,94,299
2026-07-27T19:31:00Z,-21.7220119,166.1998737,91.6,19110.5,5.568,160,95,299
2026-07-27T19:31:01Z,-21.7220615,166.1998737,92.0,19116.1,5.550,160,95,300
2026-07-27T19:31:02Z,-21.7221111,166.1998951,92.2,19121.6,5.584,160,95,299
2026-07-27T19:31:03Z,-21.7221607,166.1998951,92.4,19127.1,5.660,160,95,299
2026-07-27T19:31:04Z,-21.7222130,166.1999059,92.6,19132.9,5.760,159,94,299
2026-07-27T19:31:05Z,-21.7222640,166.1999059,92.8,19138.6,5.862,160,94,300
2026-07-27T19:31:06Z,-21.7223176,166.1999273,93.0,19144.8,5.975,160,95,299
2026-07-27T19:31:07Z,-21.7223713,166.1999273,93.2,19150.6,6.079,160,95,300
2026-07-27T19:31:08Z,-21.7224236,166.1999381,93.6,19156.7,6.166,160,96,299
2026-07-27T19:31:09Z,-21.7224813,166.1999381,93.8,19163.0,6.246,160,96,300
2026-07-27T19:31:10Z,-21.7225389,166.1999595,94.0,19169.4,6.321,160,96,300
2026-07-27T19:31:11Z,-21.7225952,166.1999595,94.2,19175.9,6.390,160,96,300
2026-07-27T19:31:12Z,-21.7226516,166.1999702,94.4,19182.1,6.455,160,96,299
2026-07-27T19:31:13Z,-21.7227213,166.1999810,94.6,19189.9,6.539,160,96,301
2026-07-27T19:31:14Z,-21.7227696,166.1999810,94.8,19195.2,6.596,160,96,299
2026-07-27T19:31:15Z,-21.7228286,166.1999810,95.0,19201.9,6.664,160,97,299
2026-07-27T19:31:16Z,-21.7228863,166.2000024,95.2,19208.4,6.709,161,97,299
2026-07-27T19:31:17Z,-21.7229466,166.2000132,95.6,19215.1,6.755,161,96,299
2026-07-27T19:31:18Z,-21.7230096,166.2000132,95.8,19222.0,6.802,161,97,299
2026-07-27T19:31:19Z,-21.7230687,166.2000132,96.0,19228.7,6.850,161,96,299
2026-07-27T19:31:20Z,-21.7231317,166.2000346,96.2,19235.7,6.874,161,96,299
2026-07-27T19:31:21Z,-21.7231947,166.2000346,96.4,19242.7,6.900,161,96,299
2026-07-27T19:31:22Z,-21.7232578,166.2000346,96.6,19249.6,6.928,161,96,300
2026-07-27T19:31:23Z,-21.7233181,166.2000453,97.0,19256.5,6.943,161,96,299
2026-07-27T19:31:24Z,-21.7233838,166.2000453,97.2,19263.6,6.952,162,96,299
2026-07-27T19:31:25Z,-21.7234442,166.2000453,97.4,19270.3,6.965,161,96,300
2026-07-27T19:31:26Z,-21.7235059,166.2000453,97.6,19277.1,6.982,161,95,300
2026-07-27T19:31:27Z,-21.7235702,166.2000668,97.8,19284.4,7.008,162,96,299
2026-07-27T19:31:28Z,-21.7236319,166.2000668,98.0,19291.2,7.042,161,95,299
2026-07-27T19:31:29Z,-21.7236963,166.2000668,98.2,19298.3,7.098,161,95,300
2026-07-27T19:31:30Z,-21.7237633,166.2000668,98.4,19305.7,7.180,161,95,300
2026-07-27T19:31:31Z,-21.7238237,166.2000668,98.6,19312.5,7.269,161,95,299
2026-07-27T19:31:32Z,-21.7238948,166.2000775,98.8,19320.3,7.370,161,95,300
2026-07-27T19:31:33Z,-21.7239551,166.2000883,98.8,19327.4,7.448,161,95,299
2026-07-27T19:31:34Z,-21.7240168,166.2001204,99.0,19335.2,7.542,162,95,299
2026-07-27T19:31:35Z,-21.7240664,166.2001741,99.2,19342.8,7.660,161,94,299
2026-07-27T19:31:36Z,-21.7241013,166.2002277,99.2,19350.2,7.785,162,95,300
2026-07-27T19:31:37Z,-21.7241174,166.2003028,99.2,19357.9,7.962,162,94,299
2026-07-27T19:31:38Z,-21.7241134,166.2003994,99.2,19366.5,8.172,161,93,299
2026-07-27T19:31:39Z,-21.7240839,166.2004638,99.4,19374.4,8.280,162,93,301
2026-07-27T19:31:40Z,-21.7240316,166.2005174,99.6,19382.6,8.331,162,94,300
2026-07-27T19:31:41Z,-21.7239672,166.2005496,99.6,19391.0,8.347,162,95,300
2026-07-27T19:31:42Z,-21.7238961,166.2005925,100.0,19399.6,8.272,161,95,300
2026-07-27T19:31:43Z,-21.7238331,166.2006247,100.4,19407.4,8.050,162,94,299
2026-07-27T19:31:44Z,-21.7237674,166.2006569,101.0,19415.4,7.616,161,94,300
2026-07-27T19:31:45Z,-21.7237017,166.2006891,101.4,19423.1,7.205,161,94,300
2026-07-27T19:31:46Z,-21.7236453,166.2007213,101.8,19430.1,6.944,161,94,299
2026-07-27T19:31:47Z,-21.7235917,166.2007320,102.2,19436.6,6.789,161,94,299
2026-07-27T19:31:48Z,-21.7235367,166.2007749,102.6,19443.7,6.685,161,93,298
2026-07-27T19:31:49Z,-21.7234831,166.2008071,102.8,19450.5,6.614,162,91,296
2026-07-27T19:31:50Z,-21.7234334,166.2008393,103.2,19456.8,6.474,162,91,177
2026-07-27T19:31:51Z,-21.7233838,166.2008715,103.4,19463.0,6.206,161,83,121
2026-07-27T19:31:52Z,-21.7233342,166.2009037,103.6,19469.3,5.889,162,81,124
2026-07-27T19:31:53Z,-21.7232940,166.2009144,103.8,19474.6,5.629,161,80,124
2026-07-27T19:31:54Z,-21.7232497,166.2009466,104.2,19480.1,5.364,161,79,124
2026-07-27T19:31:55Z,-21.7232054,166.2009788,104.4,19485.7,5.103,160,78,124
2026-07-27T19:31:56Z,-21.7231679,166.2009895,104.6,19490.4,4.882,160,76,124
2026-07-27T19:31:57Z,-21.7231303,166.2010217,104.8,19495.5,4.655,160,76,124
2026-07-27T19:31:58Z,-21.7230941,166.2010431,105.0,19499.9,4.460,159,75,124
2026-07-27T19:31:59Z,-21.7230606,166.2010646,105.2,19504.2,4.273,159,74,124
2026-07-27T19:32:00Z,-21.7230311,166.2010860,105.4,19508.0,4.107,158,73,124
2026-07-27T19:32:01Z,-21.7229962,166.2010968,105.6,19512.4,3.914,158,72,125
2026-07-27T19:32:02Z,-21.7229640,166.2011182,105.8,19516.3,3.743,157,74,125
2026-07-27T19:32:03Z,-21.7229359,166.2011290,105.8,19519.9,3.572,157,74,124
2026-07-27T19:32:04Z,-21.7229091,166.2011504,106.0,19523.3,3.397,156,74,125
2026-07-27T19:32:05Z,-21.7228796,166.2011611,106.2,19526.7,3.210,156,74,125
2026-07-27T19:32:06Z,-21.7228554,166.2011719,106.4,19529.8,3.026,156,74,124
2026-07-27T19:32:07Z,-21.7228326,166.2011933,106.6,19532.7,2.840,155,75,125
2026-07-27T19:32:08Z,-21.7228098,166.2012041,106.8,19535.4,2.658,155,74,125
2026-07-27T19:32:09Z,-21.7227870,166.2012041,107.0,19538.1,2.478,154,74,125
2026-07-27T19:32:10Z,-21.7227669,166.2012255,107.2,19540.4,2.320,153,74,125
2026-07-27T19:32:11Z,-21.7227481,166.2012255,107.4,19542.7,2.171,153,75,125
2026-07-27T19:32:12Z,-21.7227307,166.2012362,107.4,19544.7,2.060,152,75,125
2026-07-27T19:32:13Z,-21.7227119,166.2012362,107.6,19546.8,1.968,151,74,124
2026-07-27T19:32:14Z,-21.7226972,166.2012470,107.8,19548.7,1.928,151,75,124
2026-07-27T19:32:15Z,-21.7226811,166.2012470,107.8,19550.6,1.930,151,75,124
2026-07-27T19:32:16Z,-21.7226663,166.2012684,108.0,19552.6,1.976,150,75,124
2026-07-27T19:32:17Z,-21.7226516,166.2012792,108.2,19554.6,2.072,149,75,125
2026-07-27T19:32:18Z,-21.7226341,166.2012792,108.2,19556.8,2.195,148,76,125
2026-07-27T19:32:19Z,-21.7226167,166.2013006,108.4,19559.0,2.317,148,75,124
2026-07-27T19:32:20Z,-21.7225993,166.2013113,108.4,19561.3,2.447,148,76,125
2026-07-27T19:32:21Z,-21.7225792,166.2013328,108.6,19563.9,2.595,148,77,125
2026-07-27T19:32:22Z,-21.7225631,166.2013435,108.6,19566.5,2.727,147,77,125
2026-07-27T19:32:23Z,-21.7225456,166.2013543,108.8,19569.5,2.825,146,78,124
2026-07-27T19:32:24Z,-21.7225389,166.2013865,108.8,19572.2,2.791,145,77,125
2026-07-27T19:32:25Z,-21.7225389,166.2014186,109.0,19574.9,2.957,145,78,124
2026-07-27T19:32:26Z,-21.7225443,166.2014508,109.0,19578.1,3.195,145,79,124
2026-07-27T19:32:27Z,-21.7225631,166.2014616,109.2,19581.4,3.194,145,79,125
2026-07-27T19:32:28Z,-21.7225859,166.2014830,109.4,19584.4,2.725,145,80,124
2026-07-27T19:32:29Z,-21.7226087,166.2014830,109.6,19586.8,2.511,144,79,125
2026-07-27T19:32:30Z,-21.7226315,166.2014830,109.8,19589.5,2.369,143,79,125
2026-07-27T19:32:31Z,-21.7226529,166.2014830,110.0,19591.8,2.278,143,80,125
2026-07-27T19:32:32Z,-21.7226744,166.2014830,110.0,19593.9,2.206,142,80,125
2026-07-27T19:32:33Z,-21.7226931,166.2014830,110.2,19596.0,2.115,141,81,125
2026-07-27T19:32:34Z,-21.7227119,166.2014830,110.4,19598.2,1.993,141,81,125
2026-07-27T19:32:35Z,-21.7227294,166.2014830,110.6,19600.1,1.894,141,81,125
2026-07-27T19:32:36Z,-21.7227468,166.2014830,110.6,19602.0,1.810,141,81,124
2026-07-27T19:32:37Z,-21.7227615,166.2014830,110.8,19603.7,1.764,141,82,125
2026-07-27T19:32:38Z,-21.7227763,166.2014830,111.0,19605.4,1.748,140,82,124
2026-07-27T19:32:39Z,-21.7227924,166.2014830,111.0,19607.2,1.754,139,83,125
2026-07-27T19:32:40Z,-21.7228098,166.2014830,111.2,19608.9,1.778,139,84,125
2026-07-27T19:32:41Z,-21.7228246,166.2014830,111.4,19610.7,1.806,139,84,124
2026-07-27T19:32:42Z,-21.7228420,166.2014830,111.4,19612.5,1.840,139,85,124
2026-07-27T19:32:43Z,-21.7228568,166.2014616,111.6,19614.4,1.881,139,86,124
2026-07-27T19:32:44Z,-21.7228742,166.2014616,111.8,19616.3,1.919,137,86,124
2026-07-27T19:32:45Z,-21.7228930,166.2014616,111.8,19618.3,1.966,138,86,125
2026-07-27T19:32:46Z,-21.7229104,166.2014616,112.0,19620.3,2.009,138,86,124
2026-07-27T19:32:47Z,-21.7229278,166.2014616,112.0,19622.3,2.046,138,87,125
2026-07-27T19:32:48Z,-21.7229453,166.2014508,112.2,19624.3,2.077,137,87,124
2026-07-27T19:32:49Z,-21.7229654,166.2014508,112.4,19626.6,2.108,137,87,124
2026-07-27T19:32:50Z,-21.7229828,166.2014508,112.4,19628.5,2.134,137,87,124
2026-07-27T19:32:51Z,-21.7230016,166.2014508,112.6,19630.7,2.159,137,87,125
2026-07-27T19:32:52Z,-21.7230217,166.2014508,112.8,19632.8,2.183,136,87,125
2026-07-27T19:32:53Z,-21.7230418,166.2014401,112.8,19635.1,2.202,135,88,125
2026-07-27T19:32:54Z,-21.7230633,166.2014401,113.0,19637.4,2.217,135,88,125
2026-07-27T19:32:55Z,-21.7230821,166.2014401,113.0,19639.5,2.230,135,88,125
2026-07-27T19:32:56Z,-21.7231008,166.2014401,113.2,19641.7,2.242,134,88,124
2026-07-27T19:32:57Z,-21.7231223,166.2014186,113.4,19644.0,2.250,133,88,125
2026-07-27T19:32:58Z,-21.7231411,166.2014186,113.4,19646.3,2.257,133,88,125
2026-07-27T19:32:59Z,-21.7231625,166.2014186,113.6,19648.5,2.265,133,88,125
2026-07-27T19:33:00Z,-21.7231813,166.2014186,113.8,19650.8,2.270,133,89,124
2026-07-27T19:33:01Z,-21.7232028,166.2014079,113.8,19653.1,2.274,132,89,124
2026-07-27T19:33:02Z,-21.7232215,166.2014079,114.0,19655.3,2.281,133,89,125
2026-07-27T19:33:03Z,-21.7232403,166.2014079,114.2,19657.6,2.284,133,89,124
2026-07-27T19:33:04Z,-21.7232618,166.2013865,114.2,19659.9,2.287,133,89,125
2026-07-27T19:33:05Z,-21.7232819,166.2013865,114.4,19662.2,2.291,132,89,125
2026-07-27T19:33:06Z,-21.7233033,166.2013865,114.6,19664.6,2.291,132,89,124
2026-07-27T19:33:07Z,-21.7233221,166.2013757,114.6,19666.8,2.287,132,90,124
2026-07-27T19:33:08Z,-21.7233436,166.2013757,114.8,19669.0,2.275,131,90,125
2026-07-27T19:33:09Z,-21.7233624,166.2013757,115.0,19671.3,2.267,131,90,125
2026-07-27T19:33:10Z,-21.7233838,166.2013757,115.0,19673.7,2.259,131,90,124
2026-07-27T19:33:11Z,-21.7234039,166.2013757,115.2,19675.9,2.259,131,90,124
2026-07-27T19:33:12Z,-21.7234240,166.2013757,115.2,19678.1,2.285,130,90,124
2026-07-27T19:33:13Z,-21.7234442,166.2013757,115.4,19680.4,2.351,130,90,124
2026-07-27T19:33:14Z,-21.7234670,166.2013757,115.6,19682.9,2.413,130,90,125
2026-07-27T19:33:15Z,-21.7234884,166.2013757,115.6,19685.3,2.484,130,90,125
2026-07-27T19:33:16Z,-21.7235099,166.2013757,115.8,19687.9,2.583,130,90,125
2026-07-27T19:33:17Z,-21.7235300,166.2013865,115.8,19690.5,2.703,129,90,125
2026-07-27T19:33:18Z,-21.7235488,166.2014079,116.0,19693.3,2.848,129,90,125
2026-07-27T19:33:19Z,-21.7235649,166.2014401,116.0,19696.1,3.012,129,90,125
2026-07-27T19:33:20Z,-21.7235743,166.2014616,116.0,19699.5,3.332,129,90,124
2026-07-27T19:33:21Z,-21.7235783,166.2014937,116.0,19702.8,3.654,129,90,125
2026-07-27T19:33:22Z,-21.7235729,166.2015259,116.0,19706.6,3.899,129,90,125
2026-07-27T19:33:23Z,-21.7235595,166.2015688,116.0,19710.6,4.073,129,90,125
2026-07-27T19:33:24Z,-21.7235394,166.2016010,116.2,19714.9,4.268,129,90,125
2026-07-27T19:33:25Z,-21.7235206,166.2016332,116.2,19719.3,4.356,128,90,124
2026-07-27T19:33:26Z,-21.7235005,166.2016761,116.4,19723.4,4.310,128,90,124
2026-07-27T19:33:27Z,-21.7234764,166.2017083,116.6,19727.7,4.117,128,91,124
2026-07-27T19:33:28Z,-21.7234536,166.2017405,116.8,19731.6,3.837,128,91,124
2026-07-27T19:33:29Z,-21.7234294,166.2017512,117.0,19735.2,3.526,128,91,125
2026-07-27T19:33:30Z,-21.7234039,166.2017834,117.2,19738.8,3.188,128,91,124
2026-07-27T19:33:31Z,-21.7233838,166.2018049,117.4,19741.7,2.914,128,92,125
2026-07-27T19:33:32Z,-21.7233624,166.2018156,117.6,19744.6,2.644,128,93,125
2026-07-27T19:33:33Z,-21.7233449,166.2018371,117.8,19747.0,2.427,128,94,124
2026-07-27T19:33:34Z,-21.7233302,166.2018478,118.0,19749.4,2.242,128,95,124
2026-07-27T19:33:35Z,-21.7233154,166.2018585,118.2,19751.5,2.102,128,95,125
2026-07-27T19:33:36Z,-21.7232993,166.2018800,118.4,19753.6,1.996,128,95,124
2026-07-27T19:33:37Z,-21.7232859,166.2018800,118.4,19755.6,1.909,128,96,125
2026-07-27T19:33:38Z,-21.7232725,166.2018907,118.6,19757.4,1.868,128,96,125
2026-07-27T19:33:39Z,-21.7232618,166.2019122,118.8,19759.3,1.832,128,96,124
2026-07-27T19:33:40Z,-21.7232497,166.2019229,119.0,19761.1,1.791,128,95,125
2026-07-27T19:33:41Z,-21.7232390,166.2019336,119.0,19762.8,1.741,128,95,125
2026-07-27T19:33:42Z,-21.7232269,166.2019336,119.2,19764.6,1.676,127,95,125
2026-07-27T19:33:43Z,-21.7232175,166.2019551,119.4,19766.3,1.595,127,96,125
2026-07-27T19:33:44Z,-21.7232095,166.2019658,119.4,19767.7,1.506,127,96,124
2026-07-27T19:33:45Z,-21.7232041,166.2019873,119.6,19769.2,1.423,127,97,125
2026-07-27T19:33:46Z,-21.7231987,166.2019873,119.8,19770.5,1.374,126,97,124
2026-07-27T19:33:47Z,-21.7231934,166.2019980,120.0,19771.9,1.362,126,97,124
2026-07-27T19:33:48Z,-21.7231907,166.2020195,120.0,19773.3,1.349,126,97,124
2026-07-27T19:33:49Z,-21.7231867,166.2020302,120.2,19774.7,1.343,126,96,124
2026-07-27T19:33:50Z,-21.7231853,166.2020409,120.4,19776.1,1.361,126,97,125
2026-07-27T19:33:51Z,-21.7231853,166.2020624,120.4,19777.3,1.405,125,98,124
2026-07-27T19:33:52Z,-21.7231867,166.2020731,120.6,19778.8,1.492,125,98,124
2026-07-27T19:33:53Z,-21.7231907,166.2020946,120.6,19780.5,1.653,124,98,124
2026-07-27T19:33:54Z,-21.7231961,166.2021053,120.8,19782.3,1.918,123,95,125
2026-07-27T19:33:55Z,-21.7232054,166.2021267,120.8,19784.2,2.343,123,99,125
2026-07-27T19:33:56Z,-21.7232215,166.2021375,120.8,19787.0,2.955,123,99,124
2026-07-27T19:33:57Z,-21.7232403,166.2021697,120.8,19790.3,3.463,123,99,125
2026-07-27T19:33:58Z,-21.7232658,166.2021804,120.8,19794.0,3.844,123,99,125
2026-07-27T19:33:59Z,-21.7232899,166.2022126,120.8,19797.9,4.121,123,99,124
2026-07-27T19:34:00Z,-21.7233168,166.2022448,120.8,19802.0,4.340,123,99,125
2026-07-27T19:34:01Z,-21.7233449,166.2022769,120.8,19806.6,4.554,123,99,125
2026-07-27T19:34:02Z,-21.7233717,166.2023091,120.8,19811.1,4.730,123,99,124
2026-07-27T19:34:03Z,-21.7234012,166.2023306,120.8,19815.6,4.886,123,99,125
2026-07-27T19:34:04Z,-21.7234334,166.2023628,120.8,19820.9,5.053,123,97,124
2026-07-27T19:34:05Z,-21.7234656,166.2024164,120.8,19826.2,5.201,123,98,125
2026-07-27T19:34:06Z,-21.7234965,166.2024379,120.8,19831.3,5.334,123,99,124
2026-07-27T19:34:07Z,-21.7235287,166.2024915,120.8,19836.6,5.463,123,99,124
2026-07-27T19:34:08Z,-21.7235649,166.2025237,120.8,19842.2,5.607,123,99,124
2026-07-27T19:34:09Z,-21.7236011,166.2025666,120.8,19848.0,5.804,123,98,124
2026-07-27T19:34:10Z,-21.7236346,166.2026095,120.8,19854.1,5.928,123,99,125
2026-07-27T19:34:11Z,-21.7236641,166.2026525,120.8,19859.7,5.908,123,99,124
2026-07-27T19:34:12Z,-21.7236882,166.2027061,121.0,19865.6,5.857,123,100,125
2026-07-27T19:34:13Z,-21.7237084,166.2027597,121.0,19871.4,5.845,123,100,125
2026-07-27T19:34:14Z,-21.7237231,166.2028134,121.2,19877.3,5.672,123,99,125
2026-07-27T19:34:15Z,-21.7237312,166.2028670,121.6,19882.8,5.303,123,100,125
2026-07-27T19:34:16Z,-21.7237325,166.2029207,122.0,19888.1,4.889,123,100,124
2026-07-27T19:34:17Z,-21.7237325,166.2029636,122.2,19892.7,4.538,123,100,125
2026-07-27T19:34:18Z,-21.7237325,166.2030065,122.4,19896.9,4.235,123,100,124
2026-07-27T19:34:19Z,-21.7237285,166.2030387,122.6,19900.9,3.953,123,99,125
2026-07-27T19:34:20Z,-21.7237204,166.2030816,122.8,19905.0,3.667,123,99,124
2026-07-27T19:34:21Z,-21.7237151,166.2031138,123.0,19908.5,3.429,123,99,124
2026-07-27T19:34:22Z,-21.7237057,166.2031460,123.2,19911.8,3.193,124,99,125
2026-07-27T19:34:23Z,-21.7237003,166.2031782,123.4,19914.7,2.994,124,99,125
2026-07-27T19:34:24Z,-21.7236923,166.2031889,123.6,19917.7,2.816,124,98,125
2026-07-27T19:34:25Z,-21.7236829,166.2032211,123.8,19920.5,2.678,124,99,125
2026-07-27T19:34:26Z,-21.7236748,166.2032533,124.0,19923.1,2.563,124,99,124
2026-07-27T19:34:27Z,-21.7236681,166.2032640,124.0,19925.6,2.472,125,98,124
2026-07-27T19:34:28Z,-21.7236601,166.2032962,124.2,19928.1,2.388,125,98,124
2026-07-27T19:34:29Z,-21.7236547,166.2033069,124.4,19930.3,2.326,124,98,124
2026-07-27T19:34:30Z,-21.7236467,166.2033284,124.6,19932.7,2.277,124,97,124
2026-07-27T19:34:31Z,-21.7236413,166.2033606,124.6,19935.0,2.237,124,97,124
2026-07-27T19:34:32Z,-21.7236333,166.2033713,124.8,19937.2,2.211,124,98,125
2026-07-27T19:34:33Z,-21.7236279,166.2033927,125.0,19939.4,2.199,125,97,125
2026-07-27T19:34:34Z,-21.7236225,166.2034142,125.0,19941.7,2.196,125,96,125
2026-07-27T19:34:35Z,-21.7236158,166.2034357,125.2,19943.9,2.191,125,97,124
2026-07-27T19:34:36Z,-21.7236105,166.2034464,125.4,19945.9,2.192,126,96,125
2026-07-27T19:34:37Z,-21.7236051,166.2034786,125.4,19948.1,2.197,126,96,125
2026-07-27T19:34:38Z,-21.7235970,166.2035000,125.6,19950.3,2.201,126,96,124
2026-07-27T19:34:39Z,-21.7235917,166.2035108,125.8,19952.5,2.202,126,94,124
2026-07-27T19:34:40Z,-21.7235863,166.2035429,125.8,19954.7,2.204,126,94,125
2026-07-27T19:34:41Z,-21.7235796,166.2035537,126.0,19956.9,2.208,126,94,124
2026-07-27T19:34:42Z,-21.7235756,166.2035751,126.2,19959.1,2.207,126,94,125
2026-07-27T19:34:43Z,-21.7235689,166.2036073,126.2,19961.3,2.211,126,94,125
2026-07-27T19:34:44Z,-21.7235622,166.2036180,126.4,19963.5,2.211,126,94,124
2026-07-27T19:34:45Z,-21.7235568,166.2036288,126.6,19965.8,2.209,125,94,124
2026-07-27T19:34:46Z,-21.7235515,166.2036610,126.6,19968.0,2.209,125,96,125
2026-07-27T19:34:47Z,-21.7235461,166.2036824,126.8,19970.2,2.212,125,95,125
2026-07-27T19:34:48Z,-21.7235380,166.2036932,127.0,19972.5,2.207,125,95,124
2026-07-27T19:34:49Z,-21.7235327,166.2037253,127.0,19974.6,2.206,124,99,125
2026-07-27T19:34:50Z,-21.7235260,166.2037361,127.2,19976.9,2.388,124,101,217
2026-07-27T19:34:51Z,-21.7235193,166.2037683,127.4,19979.5,2.843,124,106,300
2026-07-27T19:34:52Z,-21.7235112,166.2038004,127.6,19982.5,3.283,124,108,300
2026-07-27T19:34:53Z,-21.7235018,166.2038326,127.8,19986.0,3.601,124,109,300
2026-07-27T19:34:54Z,-21.7234924,166.2038648,128.0,19989.9,3.857,125,109,300
2026-07-27T19:34:55Z,-21.7234804,166.2038970,128.2,19993.8,4.043,125,108,299
2026-07-27T19:34:56Z,-21.7234710,166.2039399,128.4,19997.7,4.182,126,108,300
2026-07-27T19:34:57Z,-21.7234603,166.2039721,128.6,20002.1,4.304,126,108,299
2026-07-27T19:34:58Z,-21.7234468,166.2040150,129.0,20006.7,4.394,127,107,300
2026-07-27T19:34:59Z,-21.7234348,166.2040579,129.2,20010.8,4.456,128,107,300
2026-07-27T19:35:00Z,-21.7234214,166.2040901,129.6,20015.4,4.506,129,106,299
2026-07-27T19:35:01Z,-21.7234106,166.2041330,129.8,20019.9,4.543,129,106,299
2026-07-27T19:35:02Z,-21.7233986,166.2041867,130.2,20024.4,4.573,131,106,300
2026-07-27T19:35:03Z,-21.7233878,166.2042296,130.4,20029.1,4.596,131,106,300
2026-07-27T19:35:04Z,-21.7233758,166.2042618,130.8,20033.6,4.608,132,107,300
2026-07-27T19:35:05Z,-21.7233624,166.2043047,131.0,20038.4,4.613,133,106,300
2026-07-27T19:35:06Z,-21.7233516,166.2043476,131.4,20043.0,4.605,133,107,299
2026-07-27T19:35:07Z,-21.7233396,166.2043905,131.6,20047.4,4.593,134,107,300
2026-07-27T19:35:08Z,-21.7233288,166.2044442,132.0,20052.1,4.566,135,107,300
2026-07-27T19:35:09Z,-21.7233181,166.2044764,132.4,20056.6,4.518,135,106,299
2026-07-27T19:35:10Z,-21.7233047,166.2045193,132.6,20061.2,4.466,136,104,298
2026-07-27T19:35:11Z,-21.7232940,166.2045622,133.0,20065.4,4.417,138,105,299
2026-07-27T19:35:12Z,-21.7232805,166.2045944,133.4,20070.0,4.369,138,104,300
2026-07-27T19:35:13Z,-21.7232685,166.2046373,133.6,20074.4,4.323,139,104,300
2026-07-27T19:35:14Z,-21.7232551,166.2046802,134.0,20078.5,4.280,140,104,299
2026-07-27T19:35:15Z,-21.7232443,166.2047124,134.4,20083.0,4.230,140,103,300
2026-07-27T19:35:16Z,-21.7232323,166.2047660,134.6,20087.1,4.193,141,104,300
2026-07-27T19:35:17Z,-21.7232215,166.2047875,135.0,20091.4,4.154,142,105,300
2026-07-27T19:35:18Z,-21.7232122,166.2048411,135.2,20095.5,4.122,142,105,300
2026-07-27T19:35:19Z,-21.7232001,166.2048733,135.6,20099.4,4.093,143,105,299
2026-07-27T19:35:20Z,-21.7231907,166.2049162,136.0,20103.7,4.065,143,104,299
2026-07-27T19:35:21Z,-21.7231800,166.2049484,136.2,20107.6,4.045,144,105,299
2026-07-27T19:35:22Z,-21.7231679,166.2049913,136.6,20111.8,4.029,144,104,299
2026-07-27T19:35:23Z,-21.7231585,166.2050235,136.8,20115.6,4.013,144,104,299
2026-07-27T19:35:24Z,-21.7231491,166.2050557,137.2,20119.7,4.004,144,103,299
2026-07-27T19:35:25Z,-21.7231371,166.2050986,137.6,20123.7,3.995,145,101,299
2026-07-27T19:35:26Z,-21.7231277,166.2051308,137.8,20127.7,3.993,146,101,299
2026-07-27T19:35:27Z,-21.7231169,166.2051737,138.2,20131.7,3.989,146,100,298
2026-07-27T19:35:28Z,-21.7231075,166.2052059,138.4,20135.7,3.990,146,99,299
2026-07-27T19:35:29Z,-21.7230955,166.2052488,138.8,20139.6,3.996,147,98,299
2026-07-27T19:35:30Z,-21.7230861,166.2052810,139.0,20143.6,4.003,147,96,299
2026-07-27T19:35:31Z,-21.7230767,166.2053239,139.4,20147.7,4.016,147,97,299
2026-07-27T19:35:32Z,-21.7230646,166.2053561,139.6,20151.8,4.029,147,97,299
2026-07-27T19:35:33Z,-21.7230552,166.2053883,140.0,20155.7,4.047,147,96,299
2026-07-27T19:35:34Z,-21.7230459,166.2054312,140.2,20159.7,4.063,148,95,299
2026-07-27T19:35:35Z,-21.7230338,166.2054634,140.6,20163.7,4.084,148,94,298
2026-07-27T19:35:36Z,-21.7230244,166.2055063,140.8,20168.1,4.111,148,92,299
2026-07-27T19:35:37Z,-21.7230150,166.2055385,141.2,20172.1,4.140,148,92,299
2026-07-27T19:35:38Z,-21.7230043,166.2055814,141.4,20176.3,4.170,148,88,300
2026-07-27T19:35:39Z,-21.7229949,166.2056136,141.8,20180.4,4.212,148,89,301
2026-07-27T19:35:40Z,-21.7229855,166.2056673,142.0,20184.6,4.263,149,90,299
2026-07-27T19:35:41Z,-21.7229748,166.2057102,142.4,20189.0,4.317,149,89,300
2026-07-27T19:35:42Z,-21.7229654,166.2057424,142.6,20193.4,4.380,149,90,301
2026-07-27T19:35:43Z,-21.7229560,166.2057853,143.0,20197.7,4.445,149,92,301
2026-07-27T19:35:44Z,-21.7229480,166.2058282,143.2,20202.1,4.515,149,94,299
2026-07-27T19:35:45Z,-21.7229372,166.2058711,143.4,20206.7,4.591,150,94,299
2026-07-27T19:35:46Z,-21.7229278,166.2059033,143.8,20211.4,4.670,150,94,299
2026-07-27T19:35:47Z,-21.7229198,166.2059569,144.0,20216.2,4.761,149,93,299
2026-07-27T19:35:48Z,-21.7229104,166.2059999,144.2,20220.8,4.851,150,93,299
2026-07-27T19:35:49Z,-21.7229010,166.2060428,144.4,20225.9,4.952,150,93,300
2026-07-27T19:35:50Z,-21.7228930,166.2060857,144.6,20230.7,5.048,150,92,299
2026-07-27T19:35:51Z,-21.7228836,166.2061501,145.0,20235.9,5.154,150,92,299
2026-07-27T19:35:52Z,-21.7228755,166.2061930,145.2,20241.2,5.261,151,93,300
2026-07-27T19:35:53Z,-21.7228688,166.2062466,145.4,20246.5,5.369,151,94,300
2026-07-27T19:35:54Z,-21.7228594,166.2063003,145.6,20252.0,5.480,151,95,300
2026-07-27T19:35:55Z,-21.7228514,166.2063539,145.8,20257.3,5.583,151,95,299
2026-07-27T19:35:56Z,-21.7228433,166.2064075,146.0,20263.2,5.692,152,95,301
2026-07-27T19:35:57Z,-21.7228340,166.2064505,146.2,20268.8,5.792,152,96,300
2026-07-27T19:35:58Z,-21.7228259,166.2065148,146.6,20274.8,5.886,152,97,299
2026-07-27T19:35:59Z,-21.7228165,166.2065792,146.8,20280.7,5.973,153,97,299
2026-07-27T19:36:00Z,-21.7228071,166.2066221,147.0,20286.8,6.050,152,96,299
2026-07-27T19:36:01Z,-21.7227964,166.2066865,147.2,20292.5,6.109,152,95,299
2026-07-27T19:36:02Z,-21.7227843,166.2067401,147.4,20298.8,6.162,153,96,299
2026-07-27T19:36:03Z,-21.7227736,166.2068045,147.6,20305.0,6.198,153,95,299
2026-07-27T19:36:04Z,-21.7227602,166.2068689,148.0,20311.3,6.218,154,95,300
2026-07-27T19:36:05Z,-21.7227468,166.2069118,148.2,20317.5,6.225,154,95,300
2026-07-27T19:36:06Z,-21.7227334,166.2069762,148.4,20323.5,6.217,154,96,301
2026-07-27T19:36:07Z,-21.7227200,166.2070405,148.8,20330.0,6.206,154,96,299
2026-07-27T19:36:08Z,-21.7227066,166.2070942,149.0,20336.0,6.196,154,96,299
2026-07-27T19:36:09Z,-21.7226945,166.2071586,149.2,20342.2,6.184,155,95,298
2026-07-27T19:36:10Z,-21.7226811,166.2072015,149.6,20348.3,6.173,155,94,299
2026-07-27T19:36:11Z,-21.7226703,166.2072659,149.8,20354.7,6.166,156,94,300
2026-07-27T19:36:12Z,-21.7226583,166.2073302,150.0,20360.6,6.159,156,94,300
2026-07-27T19:36:13Z,-21.7226475,166.2073839,150.4,20367.1,6.154,156,95,301
2026-07-27T19:36:14Z,-21.7226355,166.2074482,150.6,20373.1,6.150,156,95,299
2026-07-27T19:36:15Z,-21.7226221,166.2074912,150.8,20379.1,6.146,157,95,298
2026-07-27T19:36:16Z,-21.7226073,166.2075555,151.2,20385.4,6.146,156,94,299
2026-07-27T19:36:17Z,-21.7225939,166.2076199,151.4,20391.4,6.147,157,93,299
2026-07-27T19:36:18Z,-21.7225765,166.2076735,151.6,20397.6,6.151,157,93,299
2026-07-27T19:36:19Z,-21.7225590,166.2077379,152.0,20403.9,6.158,157,93,299
2026-07-27T19:36:20Z,-21.7225403,166.2077808,152.2,20410.0,6.166,157,93,299
2026-07-27T19:36:21Z,-21.7225188,166.2078452,152.4,20416.3,6.183,157,94,299
2026-07-27T19:36:22Z,-21.7224960,166.2078881,152.8,20422.3,6.199,157,94,298
2026-07-27T19:36:23Z,-21.7224719,166.2079525,153.0,20428.4,6.224,157,93,299
2026-07-27T19:36:24Z,-21.7224450,166.2079954,153.2,20434.9,6.255,157,92,299
2026-07-27T19:36:25Z,-21.7224142,166.2080598,153.4,20441.2,6.288,157,91,299
2026-07-27T19:36:26Z,-21.7223847,166.2081027,153.6,20447.3,6.328,157,91,299
2026-07-27T19:36:27Z,-21.7223498,166.2081456,153.8,20453.6,6.382,157,91,299
2026-07-27T19:36:28Z,-21.7223109,166.2081993,154.2,20460.2,6.453,157,92,299
2026-07-27T19:36:29Z,-21.7222694,166.2082422,154.4,20466.7,6.538,158,91,300
2026-07-27T19:36:30Z,-21.7222278,166.2082851,154.6,20473.2,6.629,158,90,300
2026-07-27T19:36:31Z,-21.7221822,166.2083280,154.6,20479.9,6.724,158,86,299
2026-07-27T19:36:32Z,-21.7221339,166.2083817,154.8,20486.6,6.820,159,90,299
2026-07-27T19:36:33Z,-21.7220843,166.2084138,155.0,20493.6,6.921,159,90,300
2026-07-27T19:36:34Z,-21.7220333,166.2084568,155.2,20500.6,7.018,159,95,301
2026-07-27T19:36:35Z,-21.7219837,166.2084889,155.4,20507.4,7.107,159,96,300
2026-07-27T19:36:36Z,-21.7219301,166.2085319,155.6,20514.6,7.188,159,97,299
2026-07-27T19:36:37Z,-21.7218724,166.2085748,155.8,20522.2,7.263,159,97,298
2026-07-27T19:36:38Z,-21.7218214,166.2086070,156.0,20529.2,7.321,159,96,300
2026-07-27T19:36:39Z,-21.7217664,166.2086499,156.2,20536.7,7.372,160,96,300
2026-07-27T19:36:40Z,-21.7217101,166.2086821,156.4,20543.9,7.406,159,93,300
2026-07-27T19:36:41Z,-21.7216592,166.2087250,156.6,20551.2,7.422,159,94,299
2026-07-27T19:36:42Z,-21.7216042,166.2087786,156.8,20558.8,7.420,159,94,299
2026-07-27T19:36:43Z,-21.7215519,166.2088215,157.0,20566.3,7.398,159,94,300
2026-07-27T19:36:44Z,-21.7215022,166.2088645,157.2,20573.4,7.352,160,94,300
2026-07-27T19:36:45Z,-21.7214553,166.2089074,157.6,20581.0,7.270,160,93,299
2026-07-27T19:36:46Z,-21.7214097,166.2089717,157.8,20588.3,7.158,160,93,299
2026-07-27T19:36:47Z,-21.7213708,166.2090147,158.2,20595.1,7.036,160,91,300
2026-07-27T19:36:48Z,-21.7213306,166.2090790,158.6,20602.4,6.894,160,91,300
2026-07-27T19:36:49Z,-21.7212971,166.2091219,158.8,20608.9,6.758,160,91,300
2026-07-27T19:36:50Z,-21.7212622,166.2091863,159.2,20615.9,6.604,160,93,300
2026-07-27T19:36:51Z,-21.7212300,166.2092292,159.6,20622.4,6.454,160,93,300
2026-07-27T19:36:52Z,-21.7212018,166.2092936,160.0,20628.7,6.303,161,95,301
2026-07-27T19:36:53Z,-21.7211750,166.2093365,160.4,20634.7,6.163,160,96,300
2026-07-27T19:36:54Z,-21.7211455,166.2094009,160.8,20641.0,6.014,161,98,300
2026-07-27T19:36:55Z,-21.7211227,166.2094438,161.0,20646.7,5.878,161,98,300
2026-07-27T19:36:56Z,-21.7210986,166.2094867,161.4,20652.7,5.741,161,98,299
2026-07-27T19:36:57Z,-21.7210731,166.2095404,161.8,20658.4,5.611,161,97,299
2026-07-27T19:36:58Z,-21.7210530,166.2095833,162.2,20663.8,5.496,161,96,299
2026-07-27T19:36:59Z,-21.7210302,166.2096477,162.4,20669.6,5.376,161,95,299
2026-07-27T19:37:00Z,-21.7210087,166.2096906,162.8,20674.9,5.282,161,94,299
2026-07-27T19:37:01Z,-21.7209873,166.2097335,163.2,20680.0,5.186,160,93,299
2026-07-27T19:37:02Z,-21.7209671,166.2097871,163.6,20685.1,5.101,161,93,300
2026-07-27T19:37:03Z,-21.7209484,166.2098086,163.8,20690.1,5.019,161,94,299
2026-07-27T19:37:04Z,-21.7209256,166.2098622,164.2,20695.2,4.943,161,94,299
2026-07-27T19:37:05Z,-21.7209055,166.2099051,164.6,20700.1,4.881,161,93,299
2026-07-27T19:37:06Z,-21.7208853,166.2099481,164.8,20704.9,4.815,161,93,299
2026-07-27T19:37:07Z,-21.7208625,166.2099802,165.2,20709.8,4.758,161,93,299
2026-07-27T19:37:08Z,-21.7208424,166.2100232,165.6,20714.3,4.687,161,92,299
2026-07-27T19:37:09Z,-21.7208196,166.2100768,165.8,20719.1,4.593,162,92,299
2026-07-27T19:37:10Z,-21.7208008,166.2100983,166.2,20723.6,4.497,161,92,300
2026-07-27T19:37:11Z,-21.7207821,166.2101305,166.6,20727.9,4.399,161,93,299
2026-07-27T19:37:12Z,-21.7207646,166.2101734,167.0,20732.3,4.302,161,94,300
2026-07-27T19:37:13Z,-21.7207472,166.2102056,167.2,20736.5,4.205,162,96,300
2026-07-27T19:37:14Z,-21.7207298,166.2102592,167.6,20740.6,4.117,162,97,299
2026-07-27T19:37:15Z,-21.7207137,166.2102807,168.0,20744.7,4.035,162,97,300
2026-07-27T19:37:16Z,-21.7206962,166.2103128,168.4,20749.0,3.957,162,97,299
2026-07-27T19:37:17Z,-21.7206801,166.2103450,168.6,20752.8,3.892,162,98,299
2026-07-27T19:37:18Z,-21.7206654,166.2103879,169.0,20756.6,3.841,162,97,299
2026-07-27T19:37:19Z,-21.7206506,166.2104201,169.4,20760.3,3.798,163,97,299
2026-07-27T19:37:20Z,-21.7206345,166.2104523,169.6,20764.2,3.760,162,96,299
2026-07-27T19:37:21Z,-21.7206198,166.2104845,170.0,20767.9,3.745,162,96,299
2026-07-27T19:37:22Z,-21.7206024,166.2105167,170.4,20771.8,3.727,162,95,299
2026-07-27T19:37:23Z,-21.7205890,166.2105489,170.6,20775.3,3.719,162,96,299
2026-07-27T19:37:24Z,-21.7205715,166.2105703,171.0,20779.2,3.727,162,95,300
2026-07-27T19:37:25Z,-21.7205568,166.2106025,171.2,20782.8,3.744,163,96,300
2026-07-27T19:37:26Z,-21.7205393,166.2106347,171.6,20786.5,3.775,163,97,299
2026-07-27T19:37:27Z,-21.7205219,166.2106776,171.8,20790.4,3.808,163,97,300
2026-07-27T19:37:28Z,-21.7205031,166.2107098,172.2,20794.4,3.853,162,98,299
2026-07-27T19:37:29Z,-21.7204857,166.2107420,172.4,20798.2,3.903,162,98,300
2026-07-27T19:37:30Z,-21.7204669,166.2107742,172.8,20802.2,3.962,163,97,299
2026-07-27T19:37:31Z,-21.7204481,166.2108064,173.0,20806.0,4.027,162,97,299
2026-07-27T19:37:32Z,-21.7204267,166.2108386,173.2,20810.1,4.108,163,97,299
2026-07-27T19:37:33Z,-21.7204066,166.2108600,173.6,20814.3,4.199,163,97,300
2026-07-27T19:37:34Z,-21.7203838,166.2108922,173.8,20818.5,4.306,163,97,300
2026-07-27T19:37:35Z,-21.7203610,166.2109458,174.0,20822.8,4.422,163,97,300
2026-07-27T19:37:36Z,-21.7203341,166.2109673,174.4,20827.3,4.555,163,98,300
2026-07-27T19:37:37Z,-21.7203073,166.2109995,174.6,20832.0,4.704,162,98,300
2026-07-27T19:37:38Z,-21.7202778,166.2110317,174.8,20836.8,4.857,162,99,298
2026-07-27T19:37:39Z,-21.7202483,166.2110746,175.0,20841.9,5.024,163,99,299
2026-07-27T19:37:40Z,-21.7202148,166.2111068,175.2,20847.0,5.193,163,98,300
2026-07-27T19:37:41Z,-21.7201826,166.2111390,175.4,20852.2,5.363,163,98,300
2026-07-27T19:37:42Z,-21.7201491,166.2111819,175.6,20857.6,5.535,162,99,299
2026-07-27T19:37:43Z,-21.7201129,166.2112141,175.8,20863.4,5.710,162,99,298
2026-07-27T19:37:44Z,-21.7200740,166.2112570,176.0,20869.0,5.873,163,98,298
2026-07-27T19:37:45Z,-21.7200364,166.2112892,176.0,20874.9,6.039,163,95,298
2026-07-27T19:37:46Z,-21.7199935,166.2113428,176.2,20881.2,6.204,163,92,298
2026-07-27T19:37:47Z,-21.7199519,166.2113857,176.4,20887.3,6.356,163,90,299
2026-07-27T19:37:48Z,-21.7199077,166.2114179,176.6,20893.9,6.481,163,90,261
2026-07-27T19:37:49Z,-21.7198648,166.2114608,176.8,20900.3,6.476,163,90,142
2026-07-27T19:37:50Z,-21.7198205,166.2115037,176.8,20906.9,6.327,163,90,102
2026-07-27T19:37:51Z,-21.7197762,166.2115359,177.0,20913.1,6.172,163,62,123
2026-07-27T19:37:52Z,-21.7197360,166.2115788,177.2,20919.1,6.044,162,78,124
2026-07-27T19:37:53Z,-21.7196944,166.2116110,177.4,20925.1,5.912,162,76,123
2026-07-27T19:37:54Z,-21.7196542,166.2116539,177.4,20930.9,5.777,161,74,124
2026-07-27T19:37:55Z,-21.7196167,166.2116861,177.6,20936.5,5.641,161,72,123
2026-07-27T19:37:56Z,-21.7195778,166.2117183,177.8,20942.1,5.487,161,71,123
2026-07-27T19:37:57Z,-21.7195402,166.2117612,178.0,20947.8,5.311,161,69,124
2026-07-27T19:37:58Z,-21.7195053,166.2117934,178.2,20952.8,5.131,160,68,124
2026-07-27T19:37:59Z,-21.7194732,166.2118256,178.4,20957.8,4.920,160,68,124
2026-07-27T19:38:00Z,-21.7194410,166.2118578,178.6,20962.6,4.699,160,66,124
2026-07-27T19:38:01Z,-21.7194101,166.2118900,178.8,20967.2,4.469,160,65,124
2026-07-27T19:38:02Z,-21.7193820,166.2119222,179.0,20971.4,4.246,160,65,124
2026-07-27T19:38:03Z,-21.7193551,166.2119436,179.2,20975.7,4.010,160,64,124
2026-07-27T19:38:04Z,-21.7193283,166.2119651,179.4,20979.5,3.788,159,64,125
2026-07-27T19:38:05Z,-21.7193042,166.2119973,179.6,20983.2,3.575,158,64,125
2026-07-27T19:38:06Z,-21.7192814,166.2120080,179.8,20986.7,3.372,158,65,125
2026-07-27T19:38:07Z,-21.7192572,166.2120402,180.0,20990.0,3.177,155,66,124
2026-07-27T19:38:08Z,-21.7192371,166.2120509,180.2,20993.1,2.998,155,66,125
2026-07-27T19:38:09Z,-21.7192183,166.2120724,180.4,20996.0,2.842,155,67,124
2026-07-27T19:38:10Z,-21.7191982,166.2121046,180.6,20998.7,2.701,154,66,125
2026-07-27T19:38:11Z,-21.7191795,166.2121153,180.8,21001.4,2.574,153,66,124
2026-07-27T19:38:12Z,-21.7191647,166.2121367,180.8,21003.8,2.470,153,66,124
2026-07-27T19:38:13Z,-21.7191473,166.2121475,181.0,21006.4,2.371,152,66,124
2026-07-27T19:38:14Z,-21.7191298,166.2121582,181.2,21008.7,2.294,152,66,124
2026-07-27T19:38:15Z,-21.7191164,166.2121797,181.2,21010.8,2.235,152,66,125
2026-07-27T19:38:16Z,-21.7191017,166.2121904,181.4,21013.1,2.185,152,66,125
2026-07-27T19:38:17Z,-21.7190856,166.2121904,181.6,21015.2,2.147,151,67,125
2026-07-27T19:38:18Z,-21.7190708,166.2122118,181.8,21017.4,2.116,151,67,125
2026-07-27T19:38:19Z,-21.7190574,166.2122226,181.8,21019.5,2.093,150,69,125
2026-07-27T19:38:20Z,-21.7190427,166.2122333,182.0,21021.6,2.074,150,69,125
2026-07-27T19:38:21Z,-21.7190266,166.2122548,182.2,21023.7,2.055,150,69,124
2026-07-27T19:38:22Z,-21.7190158,166.2122655,182.2,21025.6,2.041,149,69,125
2026-07-27T19:38:23Z,-21.7189997,166.2122869,182.4,21027.7,2.040,149,70,125
2026-07-27T19:38:24Z,-21.7189877,166.2122869,182.6,21029.7,2.041,150,71,125
2026-07-27T19:38:25Z,-21.7189716,166.2122977,182.6,21031.8,2.049,149,70,125
2026-07-27T19:38:26Z,-21.7189582,166.2123191,182.8,21033.8,2.058,148,71,124
2026-07-27T19:38:27Z,-21.7189448,166.2123299,183.0,21035.9,2.075,148,71,124
2026-07-27T19:38:28Z,-21.7189300,166.2123406,183.0,21038.0,2.095,146,72,124
2026-07-27T19:38:29Z,-21.7189166,166.2123621,183.2,21040.1,2.126,146,73,125
2026-07-27T19:38:30Z,-21.7189018,166.2123728,183.4,21042.3,2.146,146,73,125
2026-07-27T19:38:31Z,-21.7188857,166.2123942,183.4,21044.4,2.157,146,74,124
2026-07-27T19:38:32Z,-21.7188723,166.2123942,183.6,21046.5,2.158,146,74,124
2026-07-27T19:38:33Z,-21.7188576,166.2124050,183.6,21048.7,2.154,146,74,125
2026-07-27T19:38:34Z,-21.7188415,166.2124264,183.8,21050.8,2.144,146,74,124
2026-07-27T19:38:35Z,-21.7188281,166.2124372,184.0,21053.0,2.119,146,74,125
2026-07-27T19:38:36Z,-21.7188133,166.2124479,184.2,21055.1,2.082,146,74,125
2026-07-27T19:38:37Z,-21.7187999,166.2124693,184.2,21057.1,2.029,145,74,125
2026-07-27T19:38:38Z,-21.7187865,166.2124801,184.4,21059.2,1.962,145,74,125
2026-07-27T19:38:39Z,-21.7187731,166.2125015,184.6,21061.1,1.927,144,74,125
2026-07-27T19:38:40Z,-21.7187624,166.2125015,184.6,21063.0,1.929,144,75,124
2026-07-27T19:38:41Z,-21.7187490,166.2125123,184.8,21064.9,1.970,144,75,125
2026-07-27T19:38:42Z,-21.7187355,166.2125337,185.0,21066.9,2.023,143,76,125
2026-07-27T19:38:43Z,-21.7187235,166.2125444,185.0,21068.9,2.059,142,76,125
2026-07-27T19:38:44Z,-21.7187101,166.2125552,185.2,21071.0,2.064,142,77,125
2026-07-27T19:38:45Z,-21.7186993,166.2125766,185.4,21073.1,2.016,140,79,124
2026-07-27T19:38:46Z,-21.7186873,166.2125874,185.4,21075.1,1.913,140,79,125
2026-07-27T19:38:47Z,-21.7186806,166.2126088,185.6,21076.9,1.784,141,79,125
2026-07-27T19:38:48Z,-21.7186739,166.2126195,185.8,21078.7,1.656,140,80,125
2026-07-27T19:38:49Z,-21.7186698,166.2126303,186.0,21080.2,1.575,140,81,124
2026-07-27T19:38:50Z,-21.7186671,166.2126517,186.0,21081.8,1.530,139,81,124
2026-07-27T19:38:51Z,-21.7186645,166.2126625,186.2,21083.3,1.525,139,82,125
2026-07-27T19:38:52Z,-21.7186631,166.2126839,186.4,21084.8,1.537,138,82,124
2026-07-27T19:38:53Z,-21.7186631,166.2126946,186.4,21086.3,1.549,137,82,125
2026-07-27T19:38:54Z,-21.7186604,166.2127161,186.6,21087.9,1.563,137,82,124
2026-07-27T19:38:55Z,-21.7186604,166.2127268,186.8,21089.5,1.575,136,82,125
2026-07-27T19:38:56Z,-21.7186604,166.2127376,186.8,21091.1,1.589,135,83,124
2026-07-27T19:38:57Z,-21.7186604,166.2127590,187.0,21092.7,1.596,135,83,125
2026-07-27T19:38:58Z,-21.7186604,166.2127697,187.2,21094.3,1.607,134,83,125
2026-07-27T19:38:59Z,-21.7186604,166.2127912,187.2,21095.9,1.607,134,84,124
2026-07-27T19:39:00Z,-21.7186604,166.2128019,187.4,21097.5,1.607,134,84,125
2026-07-27T19:39:01Z,-21.7186631,166.2128234,187.6,21099.1,1.609,134,85,125
2026-07-27T19:39:02Z,-21.7186631,166.2128341,187.6,21100.7,1.605,134,86,125
2026-07-27T19:39:03Z,-21.7186631,166.2128448,187.8,21102.3,1.600,133,87,124
2026-07-27T19:39:04Z,-21.7186645,166.2128663,188.0,21103.9,1.583,133,87,124
2026-07-27T19:39:05Z,-21.7186645,166.2128770,188.2,21105.5,1.555,132,87,124
2026-07-27T19:39:06Z,-21.7186645,166.2128985,188.2,21107.1,1.533,132,89,125
2026-07-27T19:39:07Z,-21.7186671,166.2129092,188.4,21108.6,1.515,132,88,125
2026-07-27T19:39:08Z,-21.7186671,166.2129200,188.6,21110.1,1.491,131,87,124
2026-07-27T19:39:09Z,-21.7186685,166.2129414,188.6,21111.5,1.473,131,87,124
2026-07-27T19:39:10Z,-21.7186698,166.2129521,188.8,21113.0,1.461,131,87,124
2026-07-27T19:39:11Z,-21.7186698,166.2129736,189.0,21114.4,1.457,131,87,124
2026-07-27T19:39:12Z,-21.7186725,166.2129843,189.0,21115.9,1.460,131,87,124
2026-07-27T19:39:13Z,-21.7186739,166.2129843,189.2,21117.3,1.469,131,87,124
2026-07-27T19:39:14Z,-21.7186765,166.2130058,189.4,21118.8,1.433,130,86,109
2026-07-27T19:39:15Z,-21.7186765,166.2130165,189.4,21120.2,1.382,130,86,109
2026-07-27T19:39:16Z,-21.7186779,166.2130272,189.6,21121.6,1.404,129,87,125
2026-07-27T19:39:17Z,-21.7186806,166.2130487,189.8,21123.0,1.466,129,88,125
2026-07-27T19:39:18Z,-21.7186819,166.2130594,189.8,21124.5,1.500,129,88,124
2026-07-27T19:39:19Z,-21.7186819,166.2130809,190.0,21126.0,1.519,128,88,125
2026-07-27T19:39:20Z,-21.7186832,166.2130916,190.2,21127.6,1.543,128,88,125
2026-07-27T19:39:21Z,-21.7186859,166.2131131,190.2,21129.1,1.559,127,89,125
2026-07-27T19:39:22Z,-21.7186873,166.2131238,190.4,21130.7,1.564,127,89,124
2026-07-27T19:39:23Z,-21.7186899,166.2131345,190.6,21132.3,1.567,127,90,125
2026-07-27T19:39:24Z,-21.7186913,166.2131560,190.6,21133.8,1.577,126,91,125
2026-07-27T19:39:25Z,-21.7186940,166.2131667,190.8,21135.4,1.582,126,91,125
2026-07-27T19:39:26Z,-21.7186953,166.2131882,191.0,21137.0,1.577,126,91,124
2026-07-27T19:39:27Z,-21.7186967,166.2131989,191.0,21138.6,1.562,126,90,125
2026-07-27T19:39:28Z,-21.7186967,166.2132204,191.2,21140.1,1.553,126,91,125
2026-07-27T19:39:29Z,-21.7186993,166.2132311,191.4,21141.6,1.541,126,91,124
2026-07-27T19:39:30Z,-21.7187007,166.2132418,191.4,21143.2,1.529,125,91,125
2026-07-27T19:39:31Z,-21.7187034,166.2132633,191.6,21144.7,1.522,125,91,124
2026-07-27T19:39:32Z,-21.7187047,166.2132740,191.8,21146.2,1.511,125,92,124
2026-07-27T19:39:33Z,-21.7187060,166.2132955,191.8,21147.8,1.507,125,92,124
2026-07-27T19:39:34Z,-21.7187087,166.2133062,192.0,21149.3,1.504,125,92,124
2026-07-27T19:39:35Z,-21.7187087,166.2133062,192.2,21150.8,1.506,125,92,125
2026-07-27T19:39:36Z,-21.7187101,166.2133169,192.4,21152.3,1.504,126,92,125
2026-07-27T19:39:37Z,-21.7187127,166.2133384,192.4,21153.8,1.500,126,91,124
2026-07-27T19:39:38Z,-21.7187141,166.2133491,192.6,21155.2,1.498,126,91,124
2026-07-27T19:39:39Z,-21.7187168,166.2133706,192.8,21156.7,1.498,125,91,125
2026-07-27T19:39:40Z,-21.7187181,166.2133813,192.8,21158.3,1.502,125,91,124
2026-07-27T19:39:41Z,-21.7187195,166.2134027,193.0,21159.8,1.502,125,91,124
2026-07-27T19:39:42Z,-21.7187195,166.2134135,193.2,21161.3,1.505,125,92,124
2026-07-27T19:39:43Z,-21.7187221,166.2134242,193.2,21162.8,1.514,125,92,125
2026-07-27T19:39:44Z,-21.7187235,166.2134457,193.4,21164.3,1.521,124,91,125
2026-07-27T19:39:45Z,-21.7187262,166.2134564,193.6,21165.8,1.525,124,90,124
2026-07-27T19:39:46Z,-21.7187275,166.2134778,193.6,21167.3,1.525,124,90,124
2026-07-27T19:39:47Z,-21.7187302,166.2134886,193.8,21168.8,1.535,123,90,125
2026-07-27T19:39:48Z,-21.7187302,166.2135100,194.0,21170.4,1.540,124,90,124
2026-07-27T19:39:49Z,-21.7187315,166.2135208,194.0,21171.9,1.550,124,89,125
2026-07-27T19:39:50Z,-21.7187329,166.2135315,194.2,21173.5,1.558,125,90,125
2026-07-27T19:39:51Z,-21.7187355,166.2135530,194.4,21175.1,1.561,125,89,124
2026-07-27T19:39:52Z,-21.7187369,166.2135637,194.4,21176.6,1.567,126,89,125
2026-07-27T19:39:53Z,-21.7187396,166.2135851,194.6,21178.2,1.576,126,89,125
2026-07-27T19:39:54Z,-21.7187409,166.2135959,194.8,21179.7,1.587,126,89,125
2026-07-27T19:39:55Z,-21.7187423,166.2136066,194.8,21181.3,1.595,127,89,125
2026-07-27T19:39:56Z,-21.7187449,166.2136281,195.0,21183.0,1.608,127,91,125
2026-07-27T19:39:57Z,-21.7187463,166.2136388,195.2,21184.5,1.611,127,91,125
2026-07-27T19:39:58Z,-21.7187463,166.2136602,195.2,21186.1,1.619,127,91,125
2026-07-27T19:39:59Z,-21.7187490,166.2136710,195.4,21187.8,1.629,128,91,124
2026-07-27T19:40:00Z,-21.7187503,166.2136924,195.6,21189.5,1.634,128,91,124
2026-07-27T19:40:01Z,-21.7187530,166.2137032,195.6,21191.1,1.644,128,91,125
2026-07-27T19:40:02Z,-21.7187543,166.2137139,195.8,21192.8,1.658,128,91,125
2026-07-27T19:40:03Z,-21.7187557,166.2137353,196.0,21194.4,1.669,128,91,125
2026-07-27T19:40:04Z,-21.7187583,166.2137461,196.0,21196.1,1.676,128,91,124
2026-07-27T19:40:05Z,-21.7187597,166.2137675,196.2,21197.7,1.683,127,91,124
2026-07-27T19:40:06Z,-21.7187624,166.2137783,196.4,21199.4,1.690,127,90,124
2026-07-27T19:40:07Z,-21.7187637,166.2137997,196.4,21201.1,1.700,126,90,124
2026-07-27T19:40:08Z,-21.7187664,166.2138104,196.6,21202.9,1.713,126,90,125
2026-07-27T19:40:09Z,-21.7187677,166.2138212,196.8,21204.6,1.725,126,90,125
2026-07-27T19:40:10Z,-21.7187691,166.2138426,196.8,21206.3,1.734,125,91,125
2026-07-27T19:40:11Z,-21.7187718,166.2138748,197.0,21208.0,1.749,125,91,125
2026-07-27T19:40:12Z,-21.7187731,166.2138855,197.2,21209.8,1.760,125,91,125
2026-07-27T19:40:13Z,-21.7187758,166.2139070,197.2,21211.5,1.772,124,91,125
2026-07-27T19:40:14Z,-21.7187771,166.2139177,197.4,21213.3,1.783,124,91,124
2026-07-27T19:40:15Z,-21.7187798,166.2139285,197.6,21215.2,1.794,124,91,125
2026-07-27T19:40:16Z,-21.7187811,166.2139499,197.6,21216.9,1.804,124,91,125
2026-07-27T19:40:17Z,-21.7187825,166.2139606,197.8,21218.8,1.816,124,91,124
2026-07-27T19:40:18Z,-21.7187865,166.2139821,198.0,21220.5,1.822,124,91,125
2026-07-27T19:40:19Z,-21.7187892,166.2140036,198.0,21222.4,1.834,124,90,125
2026-07-27T19:40:20Z,-21.7187905,166.2140250,198.2,21224.3,1.849,123,90,125
2026-07-27T19:40:21Z,-21.7187919,166.2140357,198.4,21226.1,1.859,123,91,125
2026-07-27T19:40:22Z,-21.7187946,166.2140572,198.4,21228.0,1.864,123,91,124
2026-07-27T19:40:23Z,-21.7187959,166.2140679,198.6,21229.8,1.870,122,91,125
2026-07-27T19:40:24Z,-21.7187986,166.2140894,198.8,21231.8,1.874,122,91,124
2026-07-27T19:40:25Z,-21.7187999,166.2141109,198.8,21233.6,1.880,121,90,124
2026-07-27T19:40:26Z,-21.7188039,166.2141323,199.0,21235.5,1.884,121,89,124
2026-07-27T19:40:27Z,-21.7188053,166.2141430,199.2,21237.3,1.889,120,89,124
2026-07-27T19:40:28Z,-21.7188080,166.2141645,199.2,21239.3,1.893,120,88,125
2026-07-27T19:40:29Z,-21.7188093,166.2141752,199.4,21241.2,1.898,120,87,125
2026-07-27T19:40:30Z,-21.7188120,166.2141967,199.6,21243.1,1.906,120,86,124
2026-07-27T19:40:31Z,-21.7188160,166.2142181,199.6,21245.0,1.913,121,86,125
2026-07-27T19:40:32Z,-21.7188174,166.2142396,199.8,21246.9,1.923,121,86,125
2026-07-27T19:40:33Z,-21.7188187,166.2142503,200.0,21248.9,1.932,121,86,125
2026-07-27T19:40:34Z,-21.7188214,166.2142718,200.0,21250.8,1.935,121,85,124
2026-07-27T19:40:35Z,-21.7188227,166.2142932,200.2,21252.7,1.935,121,85,125
2026-07-27T19:40:36Z,-21.7188267,166.2143147,200.4,21254.7,1.939,120,86,125
2026-07-27T19:40:37Z,-21.7188281,166.2143254,200.4,21256.6,1.942,121,88,124
2026-07-27T19:40:38Z,-21.7188308,166.2143469,200.6,21258.6,1.941,121,88,124
2026-07-27T19:40:39Z,-21.7188321,166.2143576,200.8,21260.5,1.949,122,89,125
2026-07-27T19:40:40Z,-21.7188361,166.2143898,200.8,21262.5,1.953,122,89,124
2026-07-27T19:40:41Z,-21.7188388,166.2144005,201.0,21264.5,1.956,122,90,125
2026-07-27T19:40:42Z,-21.7188402,166.2144220,201.2,21266.4,1.961,122,91,125
2026-07-27T19:40:43Z,-21.7188415,166.2144327,201.2,21268.3,1.963,122,91,124
2026-07-27T19:40:44Z,-21.7188455,166.2144649,201.4,21270.3,1.959,122,91,124
2026-07-27T19:40:45Z,-21.7188482,166.2144864,201.6,21272.2,1.958,123,91,124
2026-07-27T19:40:46Z,-21.7188495,166.2144971,201.6,21274.2,1.961,123,92,125
2026-07-27T19:40:47Z,-21.7188536,166.2145078,201.8,21276.2,1.962,122,93,124
2026-07-27T19:40:48Z,-21.7188549,166.2145400,202.0,21278.2,1.967,123,93,125
2026-07-27T19:40:49Z,-21.7188576,166.2145615,202.0,21280.0,1.972,123,93,125
2026-07-27T19:40:50Z,-21.7188589,166.2145722,202.2,21282.1,2.173,123,94,224
2026-07-27T19:40:51Z,-21.7188630,166.2145936,202.4,21284.5,2.676,123,97,300
2026-07-27T19:40:52Z,-21.7188670,166.2146151,202.6,21287.4,3.117,123,99,300
2026-07-27T19:40:53Z,-21.7188710,166.2146473,202.8,21290.8,3.436,125,101,300
2026-07-27T19:40:54Z,-21.7188750,166.2146902,203.0,21294.4,3.665,126,103,300
2026-07-27T19:40:55Z,-21.7188804,166.2147224,203.2,21298.0,3.831,126,103,300
2026-07-27T19:40:56Z,-21.7188844,166.2147546,203.4,21302.0,3.978,128,103,299
2026-07-27T19:40:57Z,-21.7188898,166.2147975,203.8,21306.1,4.088,129,104,299
2026-07-27T19:40:58Z,-21.7188938,166.2148297,204.0,21310.1,4.173,129,102,299
2026-07-27T19:40:59Z,-21.7188992,166.2148833,204.2,21314.3,4.246,131,102,300
2026-07-27T19:41:00Z,-21.7189045,166.2149262,204.6,21318.6,4.305,132,102,299
2026-07-27T19:41:01Z,-21.7189112,166.2149584,204.8,21322.8,4.355,133,102,299
2026-07-27T19:41:02Z,-21.7189179,166.2150013,205.2,21327.3,4.397,135,102,299
2026-07-27T19:41:03Z,-21.7189246,166.2150443,205.4,21331.8,4.430,135,102,299
2026-07-27T19:41:04Z,-21.7189300,166.2150872,205.8,21336.1,4.463,136,101,299
2026-07-27T19:41:05Z,-21.7189354,166.2151408,206.0,21340.6,4.489,137,101,299
2026-07-27T19:41:06Z,-21.7189407,166.2151730,206.4,21345.2,4.508,138,101,299
2026-07-27T19:41:07Z,-21.7189474,166.2152159,206.6,21349.6,4.525,138,99,300
2026-07-27T19:41:08Z,-21.7189528,166.2152588,207.0,21354.3,4.540,139,100,300
2026-07-27T19:41:09Z,-21.7189582,166.2153018,207.2,21358.7,4.556,140,101,300
2026-07-27T19:41:10Z,-21.7189635,166.2153554,207.6,21363.5,4.564,140,100,299
2026-07-27T19:41:11Z,-21.7189676,166.2153983,207.8,21367.9,4.571,141,100,299
2026-07-27T19:41:12Z,-21.7189743,166.2154412,208.2,21372.6,4.568,142,100,299
2026-07-27T19:41:13Z,-21.7189769,166.2154841,208.4,21377.2,4.572,142,99,299
2026-07-27T19:41:14Z,-21.7189810,166.2155163,208.8,21381.7,4.580,143,99,299
2026-07-27T19:41:15Z,-21.7189850,166.2155700,209.0,21386.2,4.583,143,98,299
2026-07-27T19:41:16Z,-21.7189890,166.2156129,209.4,21390.7,4.589,144,98,300
2026-07-27T19:41:17Z,-21.7189944,166.2156558,209.6,21395.5,4.599,145,99,299
2026-07-27T19:41:18Z,-21.7189984,166.2156987,210.0,21400.1,4.612,145,98,300
2026-07-27T19:41:19Z,-21.7190024,166.2157524,210.2,21404.5,4.617,145,98,300
2026-07-27T19:41:20Z,-21.7190078,166.2157953,210.6,21409.4,4.625,146,98,300
2026-07-27T19:41:21Z,-21.7190118,166.2158382,210.8,21413.8,4.635,146,98,300
2026-07-27T19:41:22Z,-21.7190158,166.2158704,211.2,21418.4,4.647,146,98,299
2026-07-27T19:41:23Z,-21.7190199,166.2159348,211.4,21423.2,4.660,147,98,299
2026-07-27T19:41:24Z,-21.7190252,166.2159669,211.8,21427.8,4.672,147,98,299
2026-07-27T19:41:25Z,-21.7190266,166.2160099,212.0,21432.5,4.685,147,98,299
2026-07-27T19:41:26Z,-21.7190292,166.2160528,212.4,21437.2,4.694,148,99,299
2026-07-27T19:41:27Z,-21.7190292,166.2160957,212.6,21441.8,4.698,149,97,299
2026-07-27T19:41:28Z,-21.7190306,166.2161493,213.0,21446.6,4.700,148,97,299
2026-07-27T19:41:29Z,-21.7190346,166.2161922,213.2,21451.2,4.708,148,96,299
2026-07-27T19:41:30Z,-21.7190400,166.2162352,213.6,21456.1,4.723,149,96,299
2026-07-27T19:41:31Z,-21.7190427,166.2162995,213.8,21461.3,4.746,149,96,300
2026-07-27T19:41:32Z,-21.7190440,166.2163317,214.0,21465.6,4.766,149,96,300
2026-07-27T19:41:33Z,-21.7190440,166.2163746,214.4,21470.1,4.796,150,96,300
2026-07-27T19:41:34Z,-21.7190440,166.2164176,214.6,21475.0,4.830,150,96,299
2026-07-27T19:41:35Z,-21.7190440,166.2164605,215.0,21479.8,4.868,150,95,299
2026-07-27T19:41:36Z,-21.7190400,166.2165141,215.2,21484.7,4.918,150,95,299
2026-07-27T19:41:37Z,-21.7190373,166.2165678,215.4,21489.8,4.992,151,95,300
2026-07-27T19:41:38Z,-21.7190292,166.2166214,215.8,21494.7,5.080,151,95,299
2026-07-27T19:41:39Z,-21.7190172,166.2166643,216.0,21499.8,5.199,151,94,298
2026-07-27T19:41:40Z,-21.7189997,166.2167072,216.2,21505.4,5.353,151,93,300
2026-07-27T19:41:41Z,-21.7189810,166.2167501,216.4,21510.6,5.518,151,93,299
2026-07-27T19:41:42Z,-21.7189582,166.2168038,216.4,21516.5,5.719,152,93,299
2026-07-27T19:41:43Z,-21.7189313,166.2168574,216.6,21522.2,5.922,152,92,300
2026-07-27T19:41:44Z,-21.7189045,166.2169111,216.8,21528.3,6.121,152,95,299
2026-07-27T19:41:45Z,-21.7188777,166.2169540,217.0,21534.4,6.275,152,95,298
2026-07-27T19:41:46Z,-21.7188589,166.2170184,217.2,21540.5,6.347,153,94,299
2026-07-27T19:41:47Z,-21.7188482,166.2170720,217.4,21547.1,6.335,153,93,298
2026-07-27T19:41:48Z,-21.7188455,166.2171364,217.8,21553.3,6.308,153,92,299
2026-07-27T19:41:49Z,-21.7188482,166.2172008,218.0,21559.7,6.274,153,92,299
2026-07-27T19:41:50Z,-21.7188536,166.2172544,218.4,21565.9,6.244,153,92,299
2026-07-27T19:41:51Z,-21.7188616,166.2173188,218.6,21572.2,6.218,153,92,299
2026-07-27T19:41:52Z,-21.7188710,166.2173831,218.8,21578.3,6.205,153,92,300
2026-07-27T19:41:53Z,-21.7188777,166.2174368,219.2,21584.4,6.203,154,92,300
2026-07-27T19:41:54Z,-21.7188844,166.2174904,219.4,21590.6,6.182,154,93,300
2026-07-27T19:41:55Z,-21.7188898,166.2175441,219.6,21596.7,6.209,154,94,300
2026-07-27T19:41:56Z,-21.7188911,166.2176085,219.8,21603.3,6.311,154,94,299
2026-07-27T19:41:57Z,-21.7188804,166.2176728,220.0,21609.4,6.446,154,93,299
2026-07-27T19:41:58Z,-21.7188522,166.2177265,220.2,21616.1,6.547,154,93,299
2026-07-27T19:41:59Z,-21.7188160,166.2177801,220.4,21622.4,6.612,155,93,300
2026-07-27T19:42:00Z,-21.7187691,166.2178230,220.6,21629.3,6.628,155,92,299
2026-07-27T19:42:01Z,-21.7187235,166.2178659,221.0,21635.9,6.586,155,92,300
2026-07-27T19:42:02Z,-21.7186806,166.2178981,221.2,21642.3,6.636,155,92,299
2026-07-27T19:42:03Z,-21.7186309,166.2179410,221.4,21649.6,6.650,155,91,299
2026-07-27T19:42:04Z,-21.7185840,166.2179947,221.8,21656.2,6.613,155,91,299
2026-07-27T19:42:05Z,-21.7185424,166.2180269,222.0,21662.2,6.576,155,90,300
2026-07-27T19:42:06Z,-21.7184955,166.2180698,222.2,21668.9,6.548,156,89,300
2026-07-27T19:42:07Z,-21.7184472,166.2181127,222.6,21675.8,6.540,156,89,299
2026-07-27T19:42:08Z,-21.7184070,166.2181449,222.8,21681.8,6.561,157,89,300
2026-07-27T19:42:09Z,-21.7183600,166.2181878,223.0,21688.7,6.622,156,89,298
2026-07-27T19:42:10Z,-21.7183171,166.2182307,223.2,21695.2,6.728,156,88,299
2026-07-27T19:42:11Z,-21.7182742,166.2182844,223.2,21702.0,6.901,156,87,300
2026-07-27T19:42:12Z,-21.7182299,166.2183273,223.2,21709.2,7.176,157,87,300
2026-07-27T19:42:13Z,-21.7181884,166.2183917,223.2,21716.6,7.609,157,88,301
2026-07-27T19:42:14Z,-21.7181455,166.2184453,222.8,21724.6,8.275,157,89,300
2026-07-27T19:42:15Z,-21.7181052,166.2185204,222.2,21733.1,9.087,157,86,299
2026-07-27T19:42:16Z,-21.7180637,166.2186062,221.4,21743.0,10.033,158,91,300
2026-07-27T19:42:17Z,-21.7180234,166.2186921,220.6,21753.1,10.916,158,92,300
2026-07-27T19:42:18Z,-21.7179778,166.2187994,219.6,21764.8,11.709,158,93,300
2026-07-27T19:42:19Z,-21.7179282,166.2188959,219.2,21776.6,12.095,158,93,300
2026-07-27T19:42:20Z,-21.7178772,166.2190032,219.4,21788.6,11.908,158,93,299
2026-07-27T19:42:21Z,-21.7178276,166.2190890,220.2,21799.9,11.257,158,93,299
2026-07-27T19:42:22Z,-21.7177834,166.2191856,221.2,21810.6,10.387,158,93,298
2026-07-27T19:42:23Z,-21.7177472,166.2192714,222.0,21820.8,9.638,158,92,299
2026-07-27T19:42:24Z,-21.7177230,166.2193680,223.0,21829.8,8.899,159,92,299
2026-07-27T19:42:25Z,-21.7177056,166.2194431,223.8,21838.5,8.120,159,92,299
2026-07-27T19:42:26Z,-21.7176962,166.2195182,224.4,21846.4,7.524,159,91,299
2026-07-27T19:42:27Z,-21.7176935,166.2195826,225.0,21853.4,7.123,159,90,299
2026-07-27T19:42:28Z,-21.7176975,166.2196577,225.4,21860.6,6.819,159,90,300
2026-07-27T19:42:29Z,-21.7177016,166.2197113,225.8,21867.0,6.616,159,89,300
2026-07-27T19:42:30Z,-21.7177096,166.2197757,226.2,21873.7,6.456,159,89,299
2026-07-27T19:42:31Z,-21.7177150,166.2198400,226.6,21880.0,6.339,160,88,300
2026-07-27T19:42:32Z,-21.7177230,166.2198937,226.8,21886.5,6.274,159,87,299
2026-07-27T19:42:33Z,-21.7177297,166.2199581,227.2,21892.6,6.243,159,87,299
2026-07-27T19:42:34Z,-21.7177378,166.2200224,227.4,21898.8,6.217,159,87,299
2026-07-27T19:42:35Z,-21.7177472,166.2200868,227.6,21905.2,6.185,159,87,300
2026-07-27T19:42:36Z,-21.7177552,166.2201405,228.0,21911.4,6.141,159,88,300
2026-07-27T19:42:37Z,-21.7177619,166.2202048,228.4,21917.3,6.062,160,89,299
2026-07-27T19:42:38Z,-21.7177700,166.2202477,228.6,21923.4,5.957,159,89,299
2026-07-27T19:42:39Z,-21.7177780,166.2203121,229.0,21929.2,5.859,160,88,300
2026-07-27T19:42:40Z,-21.7177834,166.2203765,229.2,21935.0,5.781,160,88,299
2026-07-27T19:42:41Z,-21.7177914,166.2204194,229.6,21940.9,5.737,160,88,300
2026-07-27T19:42:42Z,-21.7177981,166.2204731,229.8,21946.5,5.727,160,88,300
2026-07-27T19:42:43Z,-21.7178062,166.2205374,230.2,21952.3,5.752,160,89,299
2026-07-27T19:42:44Z,-21.7178142,166.2205803,230.4,21958.0,5.808,160,88,299
2026-07-27T19:42:45Z,-21.7178236,166.2206447,230.6,21964.0,5.895,160,88,300
2026-07-27T19:42:46Z,-21.7178316,166.2207091,230.8,21970.1,6.007,160,88,299
2026-07-27T19:42:47Z,-21.7178383,166.2207735,231.0,21976.2,6.120,160,88,299
2026-07-27T19:42:48Z,-21.7178451,166.2208164,231.2,21982.3,6.229,160,88,299
2026-07-27T19:42:49Z,-21.7178504,166.2208700,231.4,21988.6,6.338,160,87,299
2026-07-27T19:42:50Z,-21.7178558,166.2209344,231.6,21995.0,6.442,161,87,299
2026-07-27T19:42:51Z,-21.7178611,166.2209988,231.8,22001.5,6.544,160,87,299
2026-07-27T19:42:52Z,-21.7178692,166.2210739,232.0,22008.1,6.645,161,87,300
2026-07-27T19:42:53Z,-21.7178746,166.2211382,232.2,22014.8,6.744,161,87,300
2026-07-27T19:42:54Z,-21.7178826,166.2211919,232.4,22021.3,6.837,160,88,300
2026-07-27T19:42:55Z,-21.7178907,166.2212563,232.6,22028.4,6.938,160,89,299
2026-07-27T19:42:56Z,-21.7179014,166.2213314,232.6,22035.3,7.035,160,88,300
2026-07-27T19:42:57Z,-21.7179134,166.2213957,232.8,22042.3,7.133,160,88,301
2026-07-27T19:42:58Z,-21.7179269,166.2214708,233.0,22049.8,7.247,160,90,299
2026-07-27T19:42:59Z,-21.7179443,166.2215352,233.2,22056.7,7.365,160,90,298
2026-07-27T19:43:00Z,-21.7179684,166.2216103,233.2,22064.7,7.529,161,89,298
2026-07-27T19:43:01Z,-21.7179953,166.2216640,233.4,22071.7,7.713,161,88,299
2026-07-27T19:43:02Z,-21.7180315,166.2217283,233.4,22079.5,7.925,160,88,299
2026-07-27T19:43:03Z,-21.7180771,166.2217927,233.4,22087.8,8.179,160,88,300
2026-07-27T19:43:04Z,-21.7181253,166.2218463,233.4,22095.9,8.443,161,89,300
2026-07-27T19:43:05Z,-21.7181803,166.2219107,233.2,22104.5,8.726,160,90,300
2026-07-27T19:43:06Z,-21.7182407,166.2219751,233.2,22113.8,9.018,161,91,299
2026-07-27T19:43:07Z,-21.7183024,166.2220395,233.0,22122.9,9.278,161,91,298
2026-07-27T19:43:08Z,-21.7183614,166.2220931,233.0,22132.2,9.485,161,90,299
2026-07-27T19:43:09Z,-21.7184204,166.2221575,232.8,22141.6,9.672,162,89,300
2026-07-27T19:43:10Z,-21.7184874,166.2222219,232.8,22151.7,9.882,161,89,300
2026-07-27T19:43:11Z,-21.7185599,166.2222755,232.8,22161.7,10.047,161,89,299
2026-07-27T19:43:12Z,-21.7186376,166.2223291,232.8,22171.6,10.119,161,89,300
2026-07-27T19:43:13Z,-21.7187235,166.2223721,232.8,22182.1,10.111,162,90,298
2026-07-27T19:43:14Z,-21.7188093,166.2224042,233.0,22192.1,10.109,161,89,300
2026-07-27T19:43:15Z,-21.7188938,166.2224364,233.0,22201.8,10.067,161,89,299
2026-07-27T19:43:16Z,-21.7189837,166.2224472,233.4,22211.9,9.916,161,89,300
2026-07-27T19:43:17Z,-21.7190695,166.2224793,233.6,22222.0,9.704,161,90,299
2026-07-27T19:43:18Z,-21.7191526,166.2225115,234.0,22231.5,9.485,162,90,299
2026-07-27T19:43:19Z,-21.7192318,166.2225330,234.2,22240.7,9.273,162,89,299
2026-07-27T19:43:20Z,-21.7193095,166.2225544,234.6,22249.8,9.068,161,90,299
2026-07-27T19:43:21Z,-21.7193913,166.2225866,235.0,22259.1,8.865,161,89,300
2026-07-27T19:43:22Z,-21.7194624,166.2226188,235.2,22267.4,8.700,162,89,300
2026-07-27T19:43:23Z,-21.7195402,166.2226295,235.6,22276.4,8.528,162,89,299
2026-07-27T19:43:24Z,-21.7196113,166.2226403,236.0,22284.4,8.368,162,88,300
2026-07-27T19:43:25Z,-21.7196864,166.2226725,236.2,22293.1,8.191,162,88,300
2026-07-27T19:43:26Z,-21.7197561,166.2226939,236.6,22300.7,8.036,162,89,301
2026-07-27T19:43:27Z,-21.7198285,166.2226939,237.0,22309.0,7.878,162,90,299
2026-07-27T19:43:28Z,-21.7199010,166.2227261,237.2,22317.2,7.745,161,91,299
2026-07-27T19:43:29Z,-21.7199479,166.2227690,237.6,22324.4,7.594,162,91,298
2026-07-27T19:43:30Z,-21.7199573,166.2228441,238.0,22332.2,7.349,162,90,299
2026-07-27T19:43:31Z,-21.7199211,166.2228870,238.4,22339.0,7.141,161,89,301
2026-07-27T19:43:32Z,-21.7198607,166.2229192,238.8,22346.3,6.863,161,90,299
2026-07-27T19:43:33Z,-21.7197977,166.2229192,239.2,22353.4,6.597,162,91,300
2026-07-27T19:43:34Z,-21.7197427,166.2229192,239.6,22359.5,6.366,162,91,299
2026-07-27T19:43:35Z,-21.7196837,166.2229192,240.2,22366.0,6.136,161,91,299
2026-07-27T19:43:36Z,-21.7196314,166.2229192,240.4,22371.7,5.960,162,91,299
2026-07-27T19:43:37Z,-21.7195778,166.2229300,240.8,22377.7,5.736,162,92,298
2026-07-27T19:43:38Z,-21.7195281,166.2229300,241.4,22383.1,5.496,162,91,298
2026-07-27T19:43:39Z,-21.7194785,166.2229300,241.8,22388.6,5.270,161,90,299
2026-07-27T19:43:40Z,-21.7194329,166.2229300,242.2,22393.7,5.073,162,89,301
2026-07-27T19:43:41Z,-21.7193873,166.2229514,242.6,22398.7,4.883,162,89,300
2026-07-27T19:43:42Z,-21.7193457,166.2229514,243.0,22403.5,4.702,162,91,300
2026-07-27T19:43:43Z,-21.7193042,166.2229514,243.4,22408.0,4.520,162,91,299
2026-07-27T19:43:44Z,-21.7192639,166.2229621,243.8,22412.6,4.338,162,90,298
2026-07-27T19:43:45Z,-21.7192237,166.2229621,244.0,22416.9,4.174,162,88,300
2026-07-27T19:43:46Z,-21.7191875,166.2229621,244.4,22420.9,4.049,162,89,301
2026-07-27T19:43:47Z,-21.7191513,166.2229621,244.8,22425.0,3.951,162,90,300
2026-07-27T19:43:48Z,-21.7191164,166.2229621,245.2,22428.8,3.863,162,92,298
2026-07-27T19:43:49Z,-21.7190829,166.2229621,245.4,22432.5,3.698,162,91,217
2026-07-27T19:43:50Z,-21.7190494,166.2229836,245.8,22436.2,3.259,162,91,115
2026-07-27T19:43:51Z,-21.7190239,166.2229836,246.2,22439.1,2.707,161,91,90
2026-07-27T19:43:52Z,-21.7190024,166.2229836,246.4,22441.5,2.215,161,34,124
2026-07-27T19:43:53Z,-21.7189837,166.2229836,246.6,22443.5,1.906,161,75,123
2026-07-27T19:43:54Z,-21.7189676,166.2229836,246.8,22445.3,1.697,161,72,123
2026-07-27T19:43:55Z,-21.7189528,166.2229836,246.8,22447.0,1.557,161,70,123
2026-07-27T19:43:56Z,-21.7189394,166.2229836,247.0,22448.5,1.488,161,68,124
2026-07-27T19:43:57Z,-21.7189246,166.2229836,247.2,22450.0,1.446,159,67,124
2026-07-27T19:43:58Z,-21.7189126,166.2229836,247.4,22451.3,1.424,159,67,124
2026-07-27T19:43:59Z,-21.7188992,166.2229836,247.4,22452.8,1.409,160,67,124
2026-07-27T19:44:00Z,-21.7188857,166.2229836,247.6,22454.2,1.400,160,67,125
2026-07-27T19:44:01Z,-21.7188750,166.2229836,247.8,22455.7,1.399,158,66,125
2026-07-27T19:44:02Z,-21.7188616,166.2229836,247.8,22457.0,1.394,158,65,124
2026-07-27T19:44:03Z,-21.7188482,166.2229836,248.0,22458.4,1.393,158,66,124
2026-07-27T19:44:04Z,-21.7188361,166.2229836,248.2,22459.8,1.388,158,65,124
2026-07-27T19:44:05Z,-21.7188254,166.2229836,248.2,22461.2,1.388,157,65,125
2026-07-27T19:44:06Z,-21.7188120,166.2229836,248.4,22462.6,1.386,157,65,124
2026-07-27T19:44:07Z,-21.7187986,166.2229836,248.6,22464.0,1.386,156,64,125
2026-07-27T19:44:08Z,-21.7187865,166.2229836,248.6,22465.3,1.383,155,64,125
2026-07-27T19:44:09Z,-21.7187731,166.2229836,248.8,22466.8,1.384,155,64,125
2026-07-27T19:44:10Z,-21.7187624,166.2229836,249.0,22468.1,1.383,154,64,125
2026-07-27T19:44:11Z,-21.7187490,166.2229836,249.0,22469.4,1.379,154,64,125
2026-07-27T19:44:12Z,-21.7187355,166.2229836,249.2,22470.9,1.383,154,63,125
2026-07-27T19:44:13Z,-21.7187235,166.2229836,249.4,22472.2,1.375,153,64,124
2026-07-27T19:44:14Z,-21.7187127,166.2229836,249.6,22473.5,1.364,153,64,125
2026-07-27T19:44:15Z,-21.7186993,166.2229836,249.6,22475.0,1.368,153,65,124
2026-07-27T19:44:16Z,-21.7186859,166.2229836,249.8,22476.3,1.363,152,65,124
2026-07-27T19:44:17Z,-21.7186739,166.2229836,250.0,22477.7,1.362,152,63,124
2026-07-27T19:44:18Z,-21.7186631,166.2229836,250.0,22479.1,1.364,152,64,125
2026-07-27T19:44:19Z,-21.7186497,166.2229836,250.2,22480.4,1.365,151,64,124
2026-07-27T19:44:20Z,-21.7186376,166.2229836,250.4,22481.8,1.362,151,64,125
2026-07-27T19:44:21Z,-21.7186242,166.2229836,250.4,22483.2,1.367,151,64,125
2026-07-27T19:44:22Z,-21.7186135,166.2229836,250.6,22484.5,1.370,148,62,125
2026-07-27T19:44:23Z,-21.7186001,166.2229836,250.8,22485.8,1.370,147,64,125
2026-07-27T19:44:24Z,-21.7185880,166.2229836,250.8,22487.3,1.367,147,64,124
2026-07-27T19:44:25Z,-21.7185746,166.2229836,251.0,22488.6,1.364,146,65,125
2026-07-27T19:44:26Z,-21.7185639,166.2229836,251.2,22489.9,1.368,146,65,125
2026-07-27T19:44:27Z,-21.7185505,166.2229836,251.2,22491.4,1.365,145,65,125
2026-07-27T19:44:28Z,-21.7185384,166.2229836,251.4,22492.7,1.364,146,66,125
2026-07-27T19:44:29Z,-21.7185250,166.2229836,251.6,22494.1,1.362,145,67,125
2026-07-27T19:44:30Z,-21.7185143,166.2229836,251.8,22495.4,1.361,144,68,125
2026-07-27T19:44:31Z,-21.7185022,166.2229836,251.8,22496.8,1.357,144,69,125
2026-07-27T19:44:32Z,-21.7184888,166.2229836,252.0,22498.2,1.362,144,70,125
2026-07-27T19:44:33Z,-21.7184781,166.2229836,252.2,22499.5,1.363,144,72,125
2026-07-27T19:44:34Z,-21.7184646,166.2229836,252.2,22500.9,1.362,144,73,125
2026-07-27T19:44:35Z,-21.7184526,166.2229836,252.4,22502.2,1.361,144,73,125
2026-07-27T19:44:36Z,-21.7184392,166.2229836,252.6,22503.6,1.362,144,73,125
2026-07-27T19:44:37Z,-21.7184284,166.2229836,252.6,22505.0,1.356,144,74,124
2026-07-27T19:44:38Z,-21.7184150,166.2229836,252.8,22506.4,1.355,143,73,124
2026-07-27T19:44:39Z,-21.7184030,166.2229836,253.0,22507.7,1.358,143,74,125
2026-07-27T19:44:40Z,-21.7183922,166.2229836,253.0,22509.1,1.358,142,75,125
2026-07-27T19:44:41Z,-21.7183788,166.2229836,253.2,22510.5,1.365,141,75,125
2026-07-27T19:44:42Z,-21.7183667,166.2229836,253.4,22511.7,1.362,142,75,124
2026-07-27T19:44:43Z,-21.7183533,166.2229836,253.4,22513.2,1.357,142,75,124
2026-07-27T19:44:44Z,-21.7183426,166.2229836,253.6,22514.6,1.352,142,76,125
2026-07-27T19:44:45Z,-21.7183292,166.2229836,253.8,22515.9,1.355,143,77,125
2026-07-27T19:44:46Z,-21.7183171,166.2229836,254.0,22517.3,1.362,142,77,125
2026-07-27T19:44:47Z,-21.7183064,166.2229836,254.0,22518.6,1.362,142,77,125
2026-07-27T19:44:48Z,-21.7182930,166.2229836,254.2,22520.0,1.357,142,76,125
2026-07-27T19:44:49Z,-21.7182809,166.2229836,254.4,22521.4,1.353,142,78,124
2026-07-27T19:44:50Z,-21.7182675,166.2229836,254.4,22522.7,1.352,142,77,124
2026-07-27T19:44:51Z,-21.7182568,166.2229836,254.6,22524.1,1.352,141,78,126
2026-07-27T19:44:52Z,-21.7182447,166.2229836,254.8,22525.4,1.360,141,79,125
2026-07-27T19:44:53Z,-21.7182313,166.2229836,254.8,22526.8,1.357,140,80,125
2026-07-27T19:44:54Z,-21.7182206,166.2229836,255.0,22528.2,1.361,140,82,125
2026-07-27T19:44:55Z,-21.7182072,166.2229836,255.2,22529.5,1.360,139,82,125
2026-07-27T19:44:56Z,-21.7181951,166.2229836,255.2,22530.9,1.362,138,82,125
2026-07-27T19:44:57Z,-21.7181817,166.2229836,255.4,22532.3,1.360,138,82,124
2026-07-27T19:44:58Z,-21.7181709,166.2229836,255.6,22533.7,1.355,138,82,124
2026-07-27T19:44:59Z,-21.7181589,166.2229836,255.6,22535.0,1.352,138,82,125
2026-07-27T19:45:00Z,-21.7181455,166.2229836,255.8,22536.3,1.354,137,82,125
2026-07-27T19:45:01Z,-21.7181347,166.2229836,256.0,22537.7,1.361,137,81,124
2026-07-27T19:45:02Z,-21.7181213,166.2229836,256.2,22539.0,1.358,137,82,124
2026-07-27T19:45:03Z,-21.7181093,166.2229836,256.2,22540.5,1.348,136,82,124
2026-07-27T19:45:04Z,-21.7180958,166.2229836,256.4,22541.8,1.345,136,82,124
2026-07-27T19:45:05Z,-21.7180851,166.2229836,256.6,22543.1,1.342,135,84,124
2026-07-27T19:45:06Z,-21.7180730,166.2229836,256.6,22544.4,1.338,135,83,124
2026-07-27T19:45:07Z,-21.7180596,166.2229836,256.8,22545.8,1.342,135,83,125
2026-07-27T19:45:08Z,-21.7180489,166.2229836,257.0,22547.2,1.347,134,83,124
2026-07-27T19:45:09Z,-21.7180368,166.2229836,257.0,22548.5,1.349,134,84,125
2026-07-27T19:45:10Z,-21.7180234,166.2229836,257.2,22549.9,1.352,134,85,125
2026-07-27T19:45:11Z,-21.7180127,166.2229836,257.4,22551.2,1.356,133,84,125
2026-07-27T19:45:12Z,-21.7179993,166.2229836,257.4,22552.6,1.351,133,84,125
2026-07-27T19:45:13Z,-21.7179872,166.2229836,257.6,22553.9,1.346,133,84,124
2026-07-27T19:45:14Z,-21.7179738,166.2229836,257.8,22555.3,1.344,133,85,124
2026-07-27T19:45:15Z,-21.7179631,166.2229836,257.8,22556.7,1.349,132,85,125
2026-07-27T19:45:16Z,-21.7179510,166.2229836,258.0,22558.0,1.352,132,85,125
2026-07-27T19:45:17Z,-21.7179376,166.2229836,258.2,22559.4,1.349,132,84,124
2026-07-27T19:45:18Z,-21.7179269,166.2229836,258.4,22560.7,1.340,132,84,125
2026-07-27T19:45:19Z,-21.7179148,166.2229836,258.4,22562.1,1.348,132,84,125
2026-07-27T19:45:20Z,-21.7179014,166.2229836,258.6,22563.4,1.349,131,84,125
2026-07-27T19:45:21Z,-21.7178907,166.2229836,258.8,22564.8,1.351,131,84,125
2026-07-27T19:45:22Z,-21.7178786,166.2229836,258.8,22566.1,1.346,131,84,125
2026-07-27T19:45:23Z,-21.7178652,166.2229836,259.0,22567.5,1.350,132,84,125
2026-07-27T19:45:24Z,-21.7178544,166.2229836,259.2,22568.8,1.353,135,84,125
2026-07-27T19:45:25Z,-21.7178410,166.2229836,259.2,22570.2,1.351,135,84,124
2026-07-27T19:45:26Z,-21.7178290,166.2229836,259.4,22571.6,1.343,135,84,124
2026-07-27T19:45:27Z,-21.7178155,166.2229836,259.6,22572.9,1.341,131,84,125
2026-07-27T19:45:28Z,-21.7178048,166.2229836,259.6,22574.3,1.346,130,84,125
2026-07-27T19:45:29Z,-21.7177927,166.2229836,259.8,22575.6,1.347,129,84,125
2026-07-27T19:45:30Z,-21.7177793,166.2229836,260.0,22576.9,1.349,129,84,125
2026-07-27T19:45:31Z,-21.7177686,166.2229836,260.0,22578.3,1.347,129,84,125
2026-07-27T19:45:32Z,-21.7177565,166.2229836,260.2,22579.6,1.344,129,83,124
2026-07-27T19:45:33Z,-21.7177431,166.2229836,260.4,22581.0,1.342,129,83,124
2026-07-27T19:45:34Z,-21.7177324,166.2229836,260.4,22582.3,1.346,128,83,125
2026-07-27T19:45:35Z,-21.7177203,166.2229836,260.6,22583.6,1.351,128,83,124
2026-07-27T19:45:36Z,-21.7177069,166.2229836,260.8,22585.0,1.346,128,84,124
2026-07-27T19:45:37Z,-21.7176962,166.2229836,261.0,22586.3,1.344,128,84,125
2026-07-27T19:45:38Z,-21.7176828,166.2229836,261.0,22587.7,1.345,128,84,124
2026-07-27T19:45:39Z,-21.7176707,166.2229836,261.2,22589.0,1.347,128,84,125
2026-07-27T19:45:40Z,-21.7176600,166.2229836,261.4,22590.4,1.341,128,85,125
2026-07-27T19:45:41Z,-21.7176479,166.2229836,261.4,22591.6,1.348,128,84,125
2026-07-27T19:45:42Z,-21.7176345,166.2229836,261.6,22593.0,1.351,128,84,124
2026-07-27T19:45:43Z,-21.7176211,166.2229836,261.8,22594.4,1.350,128,84,125
2026-07-27T19:45:44Z,-21.7176104,166.2229836,261.8,22595.8,1.346,127,84,125
2026-07-27T19:45:45Z,-21.7175983,166.2229621,262.0,22597.1,1.347,127,85,124
2026-07-27T19:45:46Z,-21.7175876,166.2229621,262.2,22598.4,1.347,127,85,125
2026-07-27T19:45:47Z,-21.7175741,166.2229621,262.2,22599.8,1.348,127,85,125
2026-07-27T19:45:48Z,-21.7175621,166.2229621,262.4,22601.1,1.349,127,85,125
2026-07-27T19:45:49Z,-21.7175487,166.2229621,262.6,22602.4,1.346,128,86,124
2026-07-27T19:45:50Z,-21.7175379,166.2229621,262.6,22603.8,1.351,128,87,125
2026-07-27T19:45:51Z,-21.7175259,166.2229621,262.8,22605.2,1.352,127,87,124
2026-07-27T19:45:52Z,-21.7175125,166.2229621,263.0,22606.6,1.352,127,87,125
2026-07-27T19:45:53Z,-21.7175017,166.2229621,263.2,22607.9,1.352,127,87,125
2026-07-27T19:45:54Z,-21.7174883,166.2229621,263.2,22609.3,1.352,127,86,125
2026-07-27T19:45:55Z,-21.7174762,166.2229621,263.4,22610.7,1.348,127,86,125
2026-07-27T19:45:56Z,-21.7174655,166.2229621,263.6,22612.1,1.357,127,86,125
2026-07-27T19:45:57Z,-21.7174521,166.2229621,263.6,22613.4,1.354,127,86,125
2026-07-27T19:45:58Z,-21.7174400,166.2229621,263.8,22614.8,1.351,127,87,124
2026-07-27T19:45:59Z,-21.7174293,166.2229621,264.0,22616.1,1.349,127,87,125
2026-07-27T19:46:00Z,-21.7174159,166.2229621,264.0,22617.5,1.352,128,88,125
2026-07-27T19:46:01Z,-21.7174038,166.2229621,264.2,22618.8,1.345,128,89,124
2026-07-27T19:46:02Z,-21.7173904,166.2229514,264.4,22620.2,1.345,128,90,124
2026-07-27T19:46:03Z,-21.7173797,166.2229514,264.4,22621.5,1.341,128,90,124
2026-07-27T19:46:04Z,-21.7173676,166.2229514,264.6,22622.8,1.337,128,90,124
2026-07-27T19:46:05Z,-21.7173569,166.2229514,264.8,22624.1,1.339,128,90,124
2026-07-27T19:46:06Z,-21.7173435,166.2229514,264.8,22625.5,1.343,128,89,125
2026-07-27T19:46:07Z,-21.7173314,166.2229514,265.0,22626.8,1.346,128,89,124
2026-07-27T19:46:08Z,-21.7173180,166.2229514,265.2,22628.2,1.341,129,89,124
2026-07-27T19:46:09Z,-21.7173073,166.2229514,265.4,22629.5,1.337,129,89,125
2026-07-27T19:46:10Z,-21.7172952,166.2229514,265.4,22630.8,1.342,129,89,124
2026-07-27T19:46:11Z,-21.7172831,166.2229514,265.6,22632.1,1.332,129,90,124
2026-07-27T19:46:12Z,-21.7172711,166.2229514,265.8,22633.5,1.329,128,90,124
2026-07-27T19:46:13Z,-21.7172590,166.2229514,265.8,22634.8,1.335,128,90,125
2026-07-27T19:46:14Z,-21.7172456,166.2229300,266.0,22636.2,1.334,128,90,124
2026-07-27T19:46:15Z,-21.7172348,166.2229300,266.2,22637.4,1.332,128,89,124
2026-07-27T19:46:16Z,-21.7172228,166.2229300,266.2,22638.8,1.331,128,89,124
2026-07-27T19:46:17Z,-21.7172107,166.2229300,266.4,22640.1,1.332,128,89,124
2026-07-27T19:46:18Z,-21.7171973,166.2229300,266.6,22641.5,1.333,127,89,125
2026-07-27T19:46:19Z,-21.7171879,166.2229300,266.6,22642.7,1.338,127,89,125
2026-07-27T19:46:20Z,-21.7171745,166.2229300,266.8,22644.1,1.335,127,89,124
2026-07-27T19:46:21Z,-21.7171638,166.2229300,267.0,22645.5,1.324,127,89,124
2026-07-27T19:46:22Z,-21.7171517,166.2229192,267.0,22646.8,1.329,126,89,125
2026-07-27T19:46:23Z,-21.7171383,166.2229192,267.2,22648.1,1.330,126,90,124
2026-07-27T19:46:24Z,-21.7171276,166.2229192,267.4,22649.4,1.322,126,90,124
2026-07-27T19:46:25Z,-21.7171155,166.2229192,267.6,22650.7,1.319,126,90,124
2026-07-27T19:46:26Z,-21.7171048,166.2229192,267.6,22652.1,1.322,127,90,125
2026-07-27T19:46:27Z,-21.7170927,166.2229192,267.8,22653.4,1.324,127,91,125
2026-07-27T19:46:28Z,-21.7170820,166.2229192,268.0,22654.8,1.324,127,92,125
2026-07-27T19:46:29Z,-21.7170686,166.2229085,268.0,22656.1,1.322,127,92,124
2026-07-27T19:46:30Z,-21.7170565,166.2229085,268.2,22657.4,1.318,128,92,125
2026-07-27T19:46:31Z,-21.7170458,166.2229085,268.4,22658.8,1.308,128,93,124
2026-07-27T19:46:32Z,-21.7170337,166.2229085,268.4,22660.0,1.308,128,93,125
2026-07-27T19:46:33Z,-21.7170230,166.2229085,268.6,22661.4,1.313,128,93,125
2026-07-27T19:46:34Z,-21.7170109,166.2228870,268.8,22662.6,1.305,128,93,124
2026-07-27T19:46:35Z,-21.7170002,166.2228870,268.8,22663.9,1.299,128,93,124
2026-07-27T19:46:36Z,-21.7169894,166.2228870,269.0,22665.2,1.287,129,93,125
2026-07-27T19:46:37Z,-21.7169774,166.2228870,269.2,22666.5,1.283,129,93,125
2026-07-27T19:46:38Z,-21.7169666,166.2228870,269.2,22667.7,1.273,129,93,124
2026-07-27T19:46:39Z,-21.7169559,166.2228870,269.4,22669.1,1.268,128,93,125
2026-07-27T19:46:40Z,-21.7169438,166.2228763,269.6,22670.2,1.262,128,92,125
2026-07-27T19:46:41Z,-21.7169331,166.2228763,269.8,22671.6,1.251,128,92,124
2026-07-27T19:46:42Z,-21.7169210,166.2228763,269.8,22672.9,1.240,127,92,124
2026-07-27T19:46:43Z,-21.7169103,166.2228763,270.0,22674.0,1.246,127,92,125
2026-07-27T19:46:44Z,-21.7168982,166.2228763,270.2,22675.3,1.242,127,92,125
2026-07-27T19:46:45Z,-21.7168888,166.2228763,270.2,22676.5,1.253,128,95,126
2026-07-27T19:46:46Z,-21.7168781,166.2228763,270.4,22677.8,1.284,128,99,126
2026-07-27T19:46:47Z,-21.7168647,166.2228763,270.6,22679.2,1.295,128,102,125
2026-07-27T19:46:48Z,-21.7168540,166.2228763,270.6,22680.4,1.296,130,105,125
2026-07-27T19:46:49Z,-21.7168419,166.2228763,270.8,22681.7,1.295,130,107,124
2026-07-27T19:46:50Z,-21.7168298,166.2228763,271.0,22683.1,1.573,130,107,216
2026-07-27T19:46:51Z,-21.7168124,166.2228763,271.2,22684.9,2.113,131,107,304
2026-07-27T19:46:52Z,-21.7167936,166.2228763,271.4,22687.2,2.474,132,106,304
2026-07-27T19:46:53Z,-21.7167708,166.2228763,271.6,22689.7,2.668,132,105,305
2026-07-27T19:46:54Z,-21.7167480,166.2228763,272.0,22692.4,2.750,133,105,304
2026-07-27T19:46:55Z,-21.7167225,166.2228870,272.2,22695.3,2.840,133,104,304
2026-07-27T19:46:56Z,-21.7166997,166.2229085,272.6,22698.3,2.795,134,104,303
2026-07-27T19:46:57Z,-21.7166823,166.2229192,273.0,22700.9,2.794,134,102,304
2026-07-27T19:46:58Z,-21.7166676,166.2229514,273.2,22703.9,2.929,134,102,304
2026-07-27T19:46:59Z,-21.7166568,166.2229621,273.6,22706.7,3.072,135,101,305
2026-07-27T19:47:00Z,-21.7166448,166.2229943,273.8,22710.0,3.166,136,101,305
2026-07-27T19:47:01Z,-21.7166367,166.2230265,274.2,22713.2,3.176,136,101,305
2026-07-27T19:47:02Z,-21.7166340,166.2230587,274.6,22716.3,3.188,136,102,305
2026-07-27T19:47:03Z,-21.7166314,166.2230909,274.8,22719.3,3.241,137,102,305
2026-07-27T19:47:04Z,-21.7166300,166.2231231,275.2,22722.8,3.297,137,103,305
2026-07-27T19:47:05Z,-21.7166273,166.2231445,275.4,22725.8,3.318,138,102,304
2026-07-27T19:47:06Z,-21.7166273,166.2231767,275.8,22729.4,3.321,139,102,305
2026-07-27T19:47:07Z,-21.7166273,166.2232196,276.2,22732.7,3.312,139,101,304
2026-07-27T19:47:08Z,-21.7166260,166.2232518,276.4,22736.3,3.299,139,100,303
2026-07-27T19:47:09Z,-21.7166260,166.2232840,276.8,22739.4,3.294,141,99,304
2026-07-27T19:47:10Z,-21.7166260,166.2233162,277.2,22742.7,3.291,141,99,304
2026-07-27T19:47:11Z,-21.7166260,166.2233484,277.4,22746.0,3.287,142,99,305
2026-07-27T19:47:12Z,-21.7166260,166.2233806,277.8,22749.3,3.286,143,98,304
2026-07-27T19:47:13Z,-21.7166260,166.2234128,278.0,22752.3,3.283,143,97,304
2026-07-27T19:47:14Z,-21.7166260,166.2234342,278.4,22756.0,3.281,144,96,304
2026-07-27T19:47:15Z,-21.7166260,166.2234664,278.8,22758.9,3.279,144,96,304
2026-07-27T19:47:16Z,-21.7166233,166.2234986,279.2,22762.4,3.277,145,95,305
2026-07-27T19:47:17Z,-21.7166233,166.2235308,279.4,22765.7,3.275,146,95,304
2026-07-27T19:47:18Z,-21.7166233,166.2235737,279.8,22768.9,3.274,146,96,304
2026-07-27T19:47:19Z,-21.7166233,166.2236059,280.0,22772.2,3.278,146,96,305
2026-07-27T19:47:20Z,-21.7166233,166.2236381,280.4,22775.3,3.279,147,96,305
2026-07-27T19:47:21Z,-21.7166233,166.2236702,280.8,22778.7,3.277,147,96,305
2026-07-27T19:47:22Z,-21.7166233,166.2237024,281.0,22781.8,3.273,147,95,304
2026-07-27T19:47:23Z,-21.7166233,166.2237239,281.4,22785.2,3.272,148,96,304
2026-07-27T19:47:24Z,-21.7166233,166.2237561,281.8,22788.6,3.270,148,96,305
2026-07-27T19:47:25Z,-21.7166220,166.2237883,282.0,22791.7,3.264,149,97,305
2026-07-27T19:47:26Z,-21.7166220,166.2238204,282.4,22795.2,3.262,149,97,305
2026-07-27T19:47:27Z,-21.7166206,166.2238526,282.8,22798.3,3.252,149,96,305
2026-07-27T19:47:28Z,-21.7166179,166.2238848,283.0,22801.7,3.248,150,97,305
2026-07-27T19:47:29Z,-21.7166179,166.2239063,283.4,22804.8,3.245,150,98,305
2026-07-27T19:47:30Z,-21.7166166,166.2239385,283.8,22808.2,3.237,151,99,304
2026-07-27T19:47:31Z,-21.7166126,166.2239707,284.0,22811.2,3.218,151,99,304
2026-07-27T19:47:32Z,-21.7166086,166.2240028,284.4,22814.6,3.186,151,98,304
2026-07-27T19:47:33Z,-21.7166045,166.2240350,284.8,22817.8,3.142,151,98,305
2026-07-27T19:47:34Z,-21.7166005,166.2240672,285.0,22820.8,3.078,152,98,305
2026-07-27T19:47:35Z,-21.7165965,166.2240994,285.4,22823.9,3.004,152,99,304
2026-07-27T19:47:36Z,-21.7165951,166.2241209,285.8,22826.7,2.959,152,99,304
2026-07-27T19:47:37Z,-21.7165911,166.2241530,286.2,22829.8,2.940,153,99,305
2026-07-27T19:47:38Z,-21.7165858,166.2241852,286.4,22832.8,2.956,153,98,304
2026-07-27T19:47:39Z,-21.7165777,166.2242174,286.8,22835.6,3.003,153,98,303
2026-07-27T19:47:40Z,-21.7165670,166.2242281,287.0,22838.8,3.119,153,97,304
2026-07-27T19:47:41Z,-21.7165509,166.2242603,287.4,22841.8,3.271,154,96,304
2026-07-27T19:47:42Z,-21.7165308,166.2242818,287.6,22845.3,3.557,154,95,304
2026-07-27T19:47:43Z,-21.7165039,166.2243032,287.8,22849.0,3.911,155,95,303
2026-07-27T19:47:44Z,-21.7164718,166.2243247,288.0,22853.1,4.221,154,93,304
2026-07-27T19:47:45Z,-21.7164356,166.2243354,288.2,22857.5,4.388,155,93,304
2026-07-27T19:47:46Z,-21.7163993,166.2243569,288.4,22861.8,4.374,155,93,305
2026-07-27T19:47:47Z,-21.7163604,166.2243676,288.8,22866.1,4.247,155,93,305
2026-07-27T19:47:48Z,-21.7163242,166.2243891,289.2,22870.4,4.094,155,94,304
2026-07-27T19:47:49Z,-21.7162907,166.2243891,289.6,22874.3,3.957,156,94,305
2026-07-27T19:47:50Z,-21.7162558,166.2243998,290.0,22878.2,3.829,156,95,305
2026-07-27T19:47:51Z,-21.7162196,166.2243998,290.4,22882.1,3.731,156,95,305
2026-07-27T19:47:52Z,-21.7161874,166.2243998,290.8,22885.7,3.657,156,94,304
2026-07-27T19:47:53Z,-21.7161553,166.2244105,291.0,22889.4,3.609,156,95,304
2026-07-27T19:47:54Z,-21.7161217,166.2244105,291.4,22893.0,3.579,157,95,304
2026-07-27T19:47:55Z,-21.7160895,166.2244105,291.8,22896.6,3.568,157,95,304
2026-07-27T19:47:56Z,-21.7160574,166.2244105,292.0,22900.2,3.564,157,95,304
2026-07-27T19:47:57Z,-21.7160252,166.2244105,292.4,22903.7,3.576,157,95,305
2026-07-27T19:47:58Z,-21.7159943,166.2244320,292.8,22907.2,3.594,157,95,304
2026-07-27T19:47:59Z,-21.7159595,166.2244320,293.0,22910.9,3.614,157,95,305
2026-07-27T19:48:00Z,-21.7159273,166.2244320,293.4,22914.6,3.639,158,96,304
2026-07-27T19:48:01Z,-21.7158951,166.2244320,293.6,22918.1,3.660,159,95,304
2026-07-27T19:48:02Z,-21.7158629,166.2244320,294.0,22921.8,3.684,158,94,304
2026-07-27T19:48:03Z,-21.7158280,166.2244320,294.2,22925.5,3.705,158,94,304
2026-07-27T19:48:04Z,-21.7157958,166.2244320,294.6,22929.1,3.712,158,94,305
2026-07-27T19:48:05Z,-21.7157637,166.2244320,295.0,22932.8,3.723,159,95,305
2026-07-27T19:48:06Z,-21.7157288,166.2244320,295.2,22936.5,3.730,159,96,304
2026-07-27T19:48:07Z,-21.7156926,166.2244320,295.6,22940.5,3.735,159,95,304
2026-07-27T19:48:08Z,-21.7156631,166.2244320,296.0,22944.0,3.729,159,94,304
2026-07-27T19:48:09Z,-21.7156269,166.2244320,296.2,22947.9,3.720,159,94,304
2026-07-27T19:48:10Z,-21.7155933,166.2244320,296.6,22951.5,3.704,159,93,304
2026-07-27T19:48:11Z,-21.7155612,166.2244320,296.8,22955.1,3.686,159,93,305
2026-07-27T19:48:12Z,-21.7155290,166.2244320,297.2,22958.8,3.668,159,94,304
2026-07-27T19:48:13Z,-21.7154941,166.2244320,297.6,22962.5,3.652,159,94,304
2026-07-27T19:48:14Z,-21.7154606,166.2244320,298.0,22966.3,3.631,159,94,304
2026-07-27T19:48:15Z,-21.7154297,166.2244320,298.2,22969.7,3.606,159,93,304
2026-07-27T19:48:16Z,-21.7153949,166.2244320,298.6,22973.5,3.582,159,92,304
2026-07-27T19:48:17Z,-21.7153627,166.2244427,299.0,22977.1,3.559,160,92,305
2026-07-27T19:48:18Z,-21.7153332,166.2244427,299.2,22980.5,3.530,160,92,304
2026-07-27T19:48:19Z,-21.7152996,166.2244427,299.6,22984.0,3.504,160,91,303
2026-07-27T19:48:20Z,-21.7152701,166.2244427,299.8,22987.5,3.482,160,85,304
2026-07-27T19:48:21Z,-21.7152366,166.2244427,300.2,22991.1,3.450,159,84,303
2026-07-27T19:48:22Z,-21.7152071,166.2244427,300.6,22994.4,3.425,160,88,304
2026-07-27T19:48:23Z,-21.7151749,166.2244427,301.0,22997.9,3.408,160,88,305
2026-07-27T19:48:24Z,-21.7151454,166.2244427,301.2,23001.2,3.396,160,88,304
2026-07-27T19:48:25Z,-21.7151146,166.2244427,301.6,23004.7,3.387,160,88,305
2026-07-27T19:48:26Z,-21.7150851,166.2244427,302.0,23008.0,3.384,160,88,305
2026-07-27T19:48:27Z,-21.7150515,166.2244427,302.2,23011.5,3.380,161,89,306
2026-07-27T19:48:28Z,-21.7150234,166.2244642,302.6,23014.8,3.374,161,91,304
2026-07-27T19:48:29Z,-21.7149912,166.2244642,303.0,23018.3,3.357,161,92,303
2026-07-27T19:48:30Z,-21.7149630,166.2244642,303.2,23021.6,3.339,162,92,304
2026-07-27T19:48:31Z,-21.7149322,166.2244642,303.6,23024.9,3.329,161,90,305
2026-07-27T19:48:32Z,-21.7149013,166.2244642,304.0,23028.2,3.321,162,90,304
2026-07-27T19:48:33Z,-21.7148705,166.2244642,304.2,23031.5,3.307,162,91,304
2026-07-27T19:48:34Z,-21.7148423,166.2244642,304.6,23034.8,3.295,162,90,304
2026-07-27T19:48:35Z,-21.7148115,166.2244642,305.0,23038.1,3.294,162,90,305
2026-07-27T19:48:36Z,-21.7147833,166.2244642,305.2,23041.4,3.290,162,91,303
2026-07-27T19:48:37Z,-21.7147525,166.2244642,305.6,23044.6,3.278,162,91,304
2026-07-27T19:48:38Z,-21.7147243,166.2244642,305.8,23047.8,3.270,162,90,304
2026-07-27T19:48:39Z,-21.7146935,166.2244642,306.2,23051.2,3.265,162,90,305
2026-07-27T19:48:40Z,-21.7146653,166.2244642,306.6,23054.4,3.260,162,90,304
2026-07-27T19:48:41Z,-21.7146358,166.2244642,306.8,23057.7,3.248,162,91,304
2026-07-27T19:48:42Z,-21.7146063,166.2244642,307.2,23061.0,3.246,162,90,305
2026-07-27T19:48:43Z,-21.7145768,166.2244642,307.6,23064.1,3.243,162,90,304
2026-07-27T19:48:44Z,-21.7145486,166.2244642,307.8,23067.4,3.235,162,89,304
2026-07-27T19:48:45Z,-21.7145178,166.2244642,308.2,23070.8,3.236,161,89,305
2026-07-27T19:48:46Z,-21.7144896,166.2244642,308.6,23074.0,3.234,161,89,304
2026-07-27T19:48:47Z,-21.7144614,166.2244642,308.8,23077.1,3.223,161,88,305
2026-07-27T19:48:48Z,-21.7144306,166.2244642,309.2,23080.4,3.221,161,88,305
2026-07-27T19:48:49Z,-21.7144024,166.2244642,309.6,23083.6,3.221,162,90,305
2026-07-27T19:48:50Z,-21.7143729,166.2244642,309.8,23086.8,3.214,162,91,304
2026-07-27T19:48:51Z,-21.7143448,166.2244642,310.2,23090.0,3.206,161,92,304
2026-07-27T19:48:52Z,-21.7143139,166.2244642,310.6,23093.3,3.199,161,91,304
2026-07-27T19:48:53Z,-21.7142858,166.2244642,310.8,23096.5,3.197,161,91,305
2026-07-27T19:48:54Z,-21.7142563,166.2244642,311.2,23099.7,3.196,161,91,304
2026-07-27T19:48:55Z,-21.7142281,166.2244642,311.6,23102.9,3.192,162,91,304
2026-07-27T19:48:56Z,-21.7141999,166.2244642,311.8,23106.0,3.186,162,91,304
2026-07-27T19:48:57Z,-21.7141704,166.2244642,312.2,23109.2,3.179,162,91,304
2026-07-27T19:48:58Z,-21.7141423,166.2244642,312.6,23112.4,3.170,162,91,305
2026-07-27T19:48:59Z,-21.7141114,166.2244642,312.8,23115.6,3.168,162,91,305
2026-07-27T19:49:00Z,-21.7140846,166.2244642,313.2,23118.7,3.166,162,91,305
2026-07-27T19:49:01Z,-21.7140564,166.2244642,313.6,23121.8,3.163,162,91,305
2026-07-27T19:49:02Z,-21.7140283,166.2244642,313.8,23125.0,3.163,163,93,304
2026-07-27T19:49:03Z,-21.7139988,166.2244427,314.2,23128.1,3.161,163,92,304
2026-07-27T19:49:04Z,-21.7139693,166.2244427,314.6,23131.5,3.156,163,92,304
2026-07-27T19:49:05Z,-21.7139424,166.2244427,314.8,23134.6,3.154,163,92,304
2026-07-27T19:49:06Z,-21.7139156,166.2244427,315.2,23137.5,3.150,163,92,304
2026-07-27T19:49:07Z,-21.7138848,166.2244427,315.6,23140.9,3.151,163,91,305
2026-07-27T19:49:08Z,-21.7138566,166.2244427,315.8,23144.0,3.151,163,91,305
2026-07-27T19:49:09Z,-21.7138258,166.2244427,316.2,23147.5,3.151,163,91,305
2026-07-27T19:49:10Z,-21.7137989,166.2244427,316.6,23150.3,3.155,163,92,306
2026-07-27T19:49:11Z,-21.7137708,166.2244427,316.8,23153.6,3.150,163,93,304
2026-07-27T19:49:12Z,-21.7137399,166.2244427,317.2,23157.1,3.146,163,95,304
2026-07-27T19:49:13Z,-21.7137131,166.2244427,317.6,23159.9,3.145,163,95,304
2026-07-27T19:49:14Z,-21.7136863,166.2244427,317.8,23162.9,3.137,163,96,304
2026-07-27T19:49:15Z,-21.7136581,166.2244427,318.2,23166.1,3.131,163,96,304
2026-07-27T19:49:16Z,-21.7136313,166.2244427,318.4,23169.1,3.127,163,95,304
2026-07-27T19:49:17Z,-21.7136031,166.2244427,318.8,23172.3,3.120,163,94,304
2026-07-27T19:49:18Z,-21.7135723,166.2244320,319.2,23175.5,3.119,164,93,304
2026-07-27T19:49:19Z,-21.7135455,166.2244320,319.4,23178.5,3.115,163,94,305
2026-07-27T19:49:20Z,-21.7135173,166.2244320,319.8,23181.7,3.110,163,94,305
2026-07-27T19:49:21Z,-21.7134878,166.2244320,320.2,23184.9,3.109,163,94,304
2026-07-27T19:49:22Z,-21.7134610,166.2244320,320.6,23187.9,3.101,163,94,304
2026-07-27T19:49:23Z,-21.7134328,166.2244320,320.8,23191.0,3.094,164,94,304
2026-07-27T19:49:24Z,-21.7134060,166.2244320,321.2,23194.0,3.090,163,95,305
2026-07-27T19:49:25Z,-21.7133778,166.2244320,321.4,23197.1,3.076,163,96,304
2026-07-27T19:49:26Z,-21.7133510,166.2244320,321.8,23200.2,3.068,164,96,304
2026-07-27T19:49:27Z,-21.7133228,166.2244320,322.2,23203.4,3.062,164,96,305
2026-07-27T19:49:28Z,-21.7132960,166.2244105,322.6,23206.3,3.049,163,97,305
2026-07-27T19:49:29Z,-21.7132665,166.2244105,322.8,23209.5,3.039,164,98,305
2026-07-27T19:49:30Z,-21.7132397,166.2244105,323.2,23212.4,3.024,164,97,304
2026-07-27T19:49:31Z,-21.7132129,166.2244105,323.6,23215.4,3.006,164,98,305
2026-07-27T19:49:32Z,-21.7131874,166.2244105,323.8,23218.4,2.997,164,98,305
2026-07-27T19:49:33Z,-21.7131579,166.2244105,324.2,23221.5,2.982,164,97,304
2026-07-27T19:49:34Z,-21.7131311,166.2244105,324.6,23224.4,2.964,164,96,304
2026-07-27T19:49:35Z,-21.7131042,166.2243998,324.8,23227.4,2.950,164,95,304
2026-07-27T19:49:36Z,-21.7130774,166.2243998,325.2,23230.3,2.935,164,96,305
2026-07-27T19:49:37Z,-21.7130519,166.2243998,325.6,23233.3,2.918,164,97,305
2026-07-27T19:49:38Z,-21.7130251,166.2243998,325.8,23236.3,2.908,163,99,304
2026-07-27T19:49:39Z,-21.7129996,166.2243998,326.2,23239.1,2.891,163,98,303
2026-07-27T19:49:40Z,-21.7129755,166.2243998,326.6,23241.9,2.867,163,97,303
2026-07-27T19:49:41Z,-21.7129487,166.2243998,327.0,23244.9,2.851,164,95,303
2026-07-27T19:49:42Z,-21.7129219,166.2243891,327.2,23247.7,2.832,163,95,305
2026-07-27T19:49:43Z,-21.7128964,166.2243891,327.6,23250.5,2.813,163,95,305
2026-07-27T19:49:44Z,-21.7128722,166.2243891,328.0,23253.3,2.794,164,95,304
2026-07-27T19:49:45Z,-21.7128468,166.2243891,328.2,23256.1,2.772,163,95,304
2026-07-27T19:49:46Z,-21.7128226,166.2243891,328.6,23258.8,2.750,163,96,303
2026-07-27T19:49:47Z,-21.7127971,166.2243891,329.0,23261.6,2.721,164,95,302
2026-07-27T19:49:48Z,-21.7127730,166.2243676,329.2,23264.2,2.695,164,93,302
2026-07-27T19:49:49Z,-21.7127502,166.2243676,329.6,23266.9,2.501,164,89,176
2026-07-27T19:49:50Z,-21.7127287,166.2243676,330.0,23269.1,1.885,164,89,72
2026-07-27T19:49:51Z,-21.7127153,166.2243676,330.2,23270.6,1.246,163,89,105
2026-07-27T19:49:52Z,-21.7127059,166.2243676,330.2,23271.8,1.077,163,16,123
2026-07-27T19:49:53Z,-21.7126966,166.2243676,330.4,23272.8,1.070,163,73,123
2026-07-27T19:49:54Z,-21.7126858,166.2243676,330.6,23273.9,1.067,163,71,123
2026-07-27T19:49:55Z,-21.7126751,166.2243676,330.6,23275.0,1.069,162,69,124
2026-07-27T19:49:56Z,-21.7126684,166.2243676,330.8,23276.0,1.071,162,68,124
2026-07-27T19:49:57Z,-21.7126563,166.2243676,331.0,23277.1,1.065,162,67,124
2026-07-27T19:49:58Z,-21.7126469,166.2243676,331.2,23278.1,1.063,161,66,124
2026-07-27T19:49:59Z,-21.7126375,166.2243569,331.2,23279.2,1.063,161,65,124
2026-07-27T19:50:00Z,-21.7126282,166.2243569,331.4,23280.2,1.053,160,64,123
2026-07-27T19:50:01Z,-21.7126188,166.2243569,331.6,23281.3,1.052,160,62,124
2026-07-27T19:50:02Z,-21.7126094,166.2243569,331.6,23282.4,1.053,160,62,124
2026-07-27T19:50:03Z,-21.7126013,166.2243569,331.8,23283.4,1.057,159,61,124
2026-07-27T19:50:04Z,-21.7125919,166.2243569,332.0,23284.4,1.052,159,60,124
2026-07-27T19:50:05Z,-21.7125826,166.2243569,332.0,23285.5,1.052,158,59,124
2026-07-27T19:50:06Z,-21.7125732,166.2243569,332.2,23286.5,1.046,158,59,124
2026-07-27T19:50:07Z,-21.7125624,166.2243569,332.4,23287.7,1.045,158,58,124
2026-07-27T19:50:08Z,-21.7125531,166.2243569,332.6,23288.7,1.053,156,58,125
2026-07-27T19:50:09Z,-21.7125437,166.2243569,332.6,23289.7,1.063,156,57,127
2026-07-27T19:50:10Z,-21.7125343,166.2243569,332.8,23290.8,1.064,156,59,127
2026-07-27T19:50:11Z,-21.7125249,166.2243569,333.0,23291.8,1.059,154,62,126
2026-07-27T19:50:12Z,-21.7125155,166.2243354,333.0,23292.8,1.055,154,65,125
2026-07-27T19:50:13Z,-21.7125061,166.2243354,333.2,23293.9,1.051,152,66,125
2026-07-27T19:50:14Z,-21.7124967,166.2243354,333.4,23295.0,1.048,150,66,124
2026-07-27T19:50:15Z,-21.7124873,166.2243354,333.4,23296.1,1.036,152,65,124
2026-07-27T19:50:16Z,-21.7124766,166.2243354,333.6,23297.1,1.033,152,64,124
2026-07-27T19:50:17Z,-21.7124672,166.2243354,333.8,23298.1,1.035,152,65,125
2026-07-27T19:50:18Z,-21.7124578,166.2243354,334.0,23299.2,1.035,152,65,124
2026-07-27T19:50:19Z,-21.7124511,166.2243354,334.0,23300.2,1.032,152,64,125
2026-07-27T19:50:20Z,-21.7124404,166.2243354,334.2,23301.2,1.037,149,65,125
2026-07-27T19:50:21Z,-21.7124310,166.2243354,334.4,23302.2,1.042,149,66,126
2026-07-27T19:50:22Z,-21.7124216,166.2243354,334.4,23303.3,1.043,0,69,125
2026-07-27T19:50:23Z,-21.7124122,166.2243354,334.6,23304.3,1.034,0,70,124
2026-07-27T19:50:24Z,-21.7124029,166.2243247,334.8,23305.4,1.034,0,71,125
2026-07-27T19:50:25Z,-21.7123935,166.2243247,334.8,23306.4,1.032,0,71,124
2026-07-27T19:50:26Z,-21.7123854,166.2243247,335.0,23307.4,1.028,0,70,124
2026-07-27T19:50:27Z,-21.7123760,166.2243247,335.2,23308.4,1.030,0,72,125
2026-07-27T19:50:28Z,-21.7123666,166.2243247,335.4,23309.4,1.031,0,72,125
2026-07-27T19:50:29Z,-21.7123573,166.2243247,335.4,23310.4,1.026,0,72,125
2026-07-27T19:50:30Z,-21.7123479,166.2243247,335.6,23311.5,1.029,0,72,125
2026-07-27T19:50:31Z,-21.7123385,166.2243247,335.8,23312.5,1.029,0,72,125
2026-07-27T19:50:32Z,-21.7123304,166.2243247,335.8,23313.5,1.030,0,72,125
2026-07-27T19:50:33Z,-21.7123210,166.2243247,336.0,23314.6,1.026,0,72,124
2026-07-27T19:50:34Z,-21.7123117,166.2243247,336.2,23315.6,1.027,0,72,125
2026-07-27T19:50:35Z,-21.7123023,166.2243247,336.2,23316.6,1.023,0,72,124
2026-07-27T19:50:36Z,-21.7122929,166.2243032,336.4,23317.6,1.021,0,72,124
2026-07-27T19:50:37Z,-21.7122848,166.2243032,336.6,23318.6,1.021,0,72,125
2026-07-27T19:50:38Z,-21.7122754,166.2243032,336.8,23319.6,1.031,0,72,125
2026-07-27T19:50:39Z,-21.7122661,166.2243032,336.8,23320.7,1.027,0,72,124
2026-07-27T19:50:40Z,-21.7122567,166.2243032,337.0,23321.6,1.022,0,72,124
2026-07-27T19:50:41Z,-21.7122486,166.2243032,337.2,23322.7,1.021,0,73,124
2026-07-27T19:50:42Z,-21.7122392,166.2243032,337.2,23323.7,1.026,0,73,125
2026-07-27T19:50:43Z,-21.7122298,166.2243032,337.4,23324.7,1.033,0,73,125
2026-07-27T19:50:44Z,-21.7122191,166.2243032,337.6,23325.7,1.030,0,73,124
2026-07-27T19:50:45Z,-21.7122097,166.2243032,337.6,23326.7,1.025,0,73,124
2026-07-27T19:50:46Z,-21.7122030,166.2242925,337.8,23327.7,1.022,0,73,124
2026-07-27T19:50:47Z,-21.7121936,166.2242925,338.0,23328.8,1.024,0,74,125
2026-07-27T19:50:48Z,-21.7121829,166.2242925,338.0,23329.8,1.030,0,74,126
2026-07-27T19:50:49Z,-21.7121735,166.2242925,338.2,23330.8,1.037,139,75,125
2026-07-27T19:50:50Z,-21.7121641,166.2242925,338.4,23331.8,1.034,139,77,125
2026-07-27T19:50:51Z,-21.7121574,166.2242925,338.6,23332.9,1.029,139,78,124
2026-07-27T19:50:52Z,-21.7121467,166.2242925,338.6,23333.9,1.033,139,78,125
2026-07-27T19:50:53Z,-21.7121373,166.2242925,338.8,23334.9,1.038,138,79,125
2026-07-27T19:50:54Z,-21.7121279,166.2242818,339.0,23336.0,1.034,138,79,124
2026-07-27T19:50:55Z,-21.7121185,166.2242818,339.0,23337.0,1.033,139,79,124
2026-07-27T19:50:56Z,-21.7121091,166.2242818,339.2,23338.0,1.039,139,79,125
2026-07-27T19:50:57Z,-21.7120998,166.2242818,339.4,23339.1,1.044,138,78,125
2026-07-27T19:50:58Z,-21.7120917,166.2242818,339.4,23340.1,1.043,139,79,125
2026-07-27T19:50:59Z,-21.7120823,166.2242818,339.6,23341.2,1.053,139,81,125
2026-07-27T19:51:00Z,-21.7120729,166.2242818,339.8,23342.3,1.049,139,82,124
2026-07-27T19:51:01Z,-21.7120636,166.2242818,340.0,23343.3,1.046,138,82,124
2026-07-27T19:51:02Z,-21.7120542,166.2242603,340.0,23344.3,1.051,137,82,125
2026-07-27T19:51:03Z,-21.7120448,166.2242603,340.2,23345.4,1.061,137,82,125
2026-07-27T19:51:04Z,-21.7120354,166.2242603,340.4,23346.5,1.066,136,82,125
2026-07-27T19:51:05Z,-21.7120247,166.2242603,340.4,23347.5,1.072,135,82,125
2026-07-27T19:51:06Z,-21.7120153,166.2242603,340.6,23348.6,1.073,135,82,124
2026-07-27T19:51:07Z,-21.7120086,166.2242603,340.8,23349.6,1.071,135,82,124
2026-07-27T19:51:08Z,-21.7119992,166.2242603,340.8,23350.7,1.074,135,83,125
2026-07-27T19:51:09Z,-21.7119871,166.2242496,341.0,23351.8,1.086,134,83,124
2026-07-27T19:51:10Z,-21.7119791,166.2242496,341.2,23352.8,1.100,134,83,125
2026-07-27T19:51:11Z,-21.7119683,166.2242496,341.4,23354.0,1.108,133,83,125
2026-07-27T19:51:12Z,-21.7119589,166.2242496,341.4,23355.1,1.107,132,84,125
2026-07-27T19:51:13Z,-21.7119496,166.2242496,341.6,23356.2,1.108,132,84,125
2026-07-27T19:51:14Z,-21.7119388,166.2242281,341.8,23357.3,1.116,132,84,125
2026-07-27T19:51:15Z,-21.7119321,166.2242281,341.8,23358.4,1.119,132,85,125
2026-07-27T19:51:16Z,-21.7119201,166.2242281,342.0,23359.6,1.123,132,85,125
2026-07-27T19:51:17Z,-21.7119107,166.2242281,342.2,23360.7,1.128,132,86,125
2026-07-27T19:51:18Z,-21.7119026,166.2242174,342.2,23361.8,1.127,132,86,125
2026-07-27T19:51:19Z,-21.7118919,166.2242174,342.4,23363.0,1.130,131,86,124
2026-07-27T19:51:20Z,-21.7118838,166.2242174,342.6,23364.1,1.134,131,86,125
2026-07-27T19:51:21Z,-21.7118745,166.2242174,342.8,23365.2,1.143,131,86,125
2026-07-27T19:51:22Z,-21.7118651,166.2242067,342.8,23366.3,1.149,131,86,125
2026-07-27T19:51:23Z,-21.7118557,166.2242067,343.0,23367.5,1.156,131,86,124
2026-07-27T19:51:24Z,-21.7118463,166.2242067,343.2,23368.7,1.156,130,86,124
2026-07-27T19:51:25Z,-21.7118382,166.2241852,343.2,23369.8,1.167,131,86,125
2026-07-27T19:51:26Z,-21.7118289,166.2241852,343.4,23371.0,1.178,131,85,124
2026-07-27T19:51:27Z,-21.7118195,166.2241745,343.6,23372.2,1.183,131,84,124
2026-07-27T19:51:28Z,-21.7118101,166.2241745,343.6,23373.3,1.190,131,84,124
2026-07-27T19:51:29Z,-21.7118020,166.2241745,343.8,23374.6,1.197,130,84,124
2026-07-27T19:51:30Z,-21.7117926,166.2241530,344.0,23375.8,1.202,129,83,124
2026-07-27T19:51:31Z,-21.7117846,166.2241530,344.0,23377.0,1.208,129,83,124
2026-07-27T19:51:32Z,-21.7117752,166.2241423,344.2,23378.2,1.217,129,83,124
2026-07-27T19:51:33Z,-21.7117672,166.2241423,344.4,23379.5,1.221,129,82,124
2026-07-27T19:51:34Z,-21.7117578,166.2241209,344.4,23380.7,1.227,129,83,125
2026-07-27T19:51:35Z,-21.7117511,166.2241209,344.6,23381.9,1.232,129,84,125
2026-07-27T19:51:36Z,-21.7117417,166.2241101,344.8,23383.2,1.229,129,83,124
2026-07-27T19:51:37Z,-21.7117336,166.2241101,345.0,23384.3,1.226,128,82,124
2026-07-27T19:51:38Z,-21.7117243,166.2240994,345.0,23385.5,1.218,128,81,124
2026-07-27T19:51:39Z,-21.7117162,166.2240994,345.2,23386.7,1.214,127,81,124
2026-07-27T19:51:40Z,-21.7117068,166.2240779,345.4,23388.0,1.208,127,81,124
2026-07-27T19:51:41Z,-21.7116988,166.2240779,345.4,23389.2,1.206,127,81,125
2026-07-27T19:51:42Z,-21.7116921,166.2240672,345.6,23390.4,1.204,127,83,125
2026-07-27T19:51:43Z,-21.7116813,166.2240672,345.8,23391.6,1.194,127,82,125
2026-07-27T19:51:44Z,-21.7116719,166.2240458,345.8,23392.8,1.188,127,83,124
2026-07-27T19:51:45Z,-21.7116626,166.2240458,346.0,23394.0,1.184,127,83,125
2026-07-27T19:51:46Z,-21.7116532,166.2240458,346.2,23395.1,1.183,126,83,124
2026-07-27T19:51:47Z,-21.7116438,166.2240350,346.2,23396.3,1.176,126,83,124
2026-07-27T19:51:48Z,-21.7116344,166.2240350,346.4,23397.5,1.178,126,83,124
2026-07-27T19:51:49Z,-21.7116250,166.2240350,346.6,23398.7,1.187,126,84,125
2026-07-27T19:51:50Z,-21.7116156,166.2240350,346.8,23399.8,1.200,126,84,125
2026-07-27T19:51:51Z,-21.7116036,166.2240136,346.8,23401.1,1.202,126,84,124
2026-07-27T19:51:52Z,-21.7115942,166.2240136,347.0,23402.3,1.201,126,85,124
2026-07-27T19:51:53Z,-21.7115821,166.2240136,347.2,23403.5,1.209,126,85,125
2026-07-27T19:51:54Z,-21.7115727,166.2240136,347.2,23404.7,1.223,126,85,124
2026-07-27T19:51:55Z,-21.7115620,166.2240028,347.4,23405.9,1.233,126,85,125
2026-07-27T19:51:56Z,-21.7115526,166.2240028,347.6,23407.2,1.258,126,84,125
2026-07-27T19:51:57Z,-21.7115405,166.2240028,347.6,23408.4,1.274,126,84,124
2026-07-27T19:51:58Z,-21.7115298,166.2240028,347.8,23409.7,1.285,125,84,125
2026-07-27T19:51:59Z,-21.7115177,166.2240028,348.0,23411.0,1.301,125,85,124
2026-07-27T19:52:00Z,-21.7115070,166.2240028,348.0,23412.3,1.312,125,85,125
2026-07-27T19:52:01Z,-21.7114949,166.2239921,348.2,23413.6,1.320,126,85,125
2026-07-27T19:52:02Z,-21.7114815,166.2239921,348.4,23415.0,1.335,126,86,125
2026-07-27T19:52:03Z,-21.7114708,166.2239921,348.4,23416.4,1.345,126,86,124
2026-07-27T19:52:04Z,-21.7114587,166.2239921,348.6,23417.7,1.351,126,87,124
2026-07-27T19:52:05Z,-21.7114453,166.2239921,348.8,23419.0,1.359,126,87,125
2026-07-27T19:52:06Z,-21.7114346,166.2239921,348.8,23420.4,1.375,126,87,125
2026-07-27T19:52:07Z,-21.7114212,166.2239921,349.0,23421.8,1.382,127,87,125
2026-07-27T19:52:08Z,-21.7114091,166.2239707,349.2,23423.1,1.396,127,86,125
2026-07-27T19:52:09Z,-21.7113984,166.2239707,349.2,23424.5,1.403,127,87,124
2026-07-27T19:52:10Z,-21.7113850,166.2239707,349.4,23426.0,1.407,126,87,124
2026-07-27T19:52:11Z,-21.7113715,166.2239707,349.6,23427.4,1.410,127,87,124
2026-07-27T19:52:12Z,-21.7113595,166.2239707,349.6,23428.8,1.420,127,87,125
2026-07-27T19:52:13Z,-21.7113461,166.2239707,349.8,23430.2,1.428,127,87,125
2026-07-27T19:52:14Z,-21.7113326,166.2239707,350.0,23431.7,1.433,126,87,125
2026-07-27T19:52:15Z,-21.7113219,166.2239707,350.2,23433.1,1.438,127,87,125
2026-07-27T19:52:16Z,-21.7113085,166.2239707,350.2,23434.5,1.441,127,87,125
2026-07-27T19:52:17Z,-21.7112951,166.2239707,350.4,23436.0,1.443,125,87,124
2026-07-27T19:52:18Z,-21.7112817,166.2239599,350.6,23437.4,1.445,125,87,125
2026-07-27T19:52:19Z,-21.7112683,166.2239599,350.6,23438.9,1.448,126,88,124
2026-07-27T19:52:20Z,-21.7112562,166.2239599,350.8,23440.3,1.450,125,88,125
2026-07-27T19:52:21Z,-21.7112428,166.2239599,351.0,23441.8,1.456,125,88,125
2026-07-27T19:52:22Z,-21.7112294,166.2239599,351.0,23443.2,1.461,125,88,125
2026-07-27T19:52:23Z,-21.7112160,166.2239599,351.2,23444.7,1.459,125,90,125
2026-07-27T19:52:24Z,-21.7112026,166.2239599,351.4,23446.1,1.458,124,89,124
2026-07-27T19:52:25Z,-21.7111892,166.2239599,351.4,23447.6,1.458,124,88,125
2026-07-27T19:52:26Z,-21.7111771,166.2239599,351.6,23449.0,1.458,125,88,125
2026-07-27T19:52:27Z,-21.7111650,166.2239599,351.8,23450.4,1.459,125,88,125
2026-07-27T19:52:28Z,-21.7111503,166.2239385,351.8,23451.9,1.458,124,89,124
2026-07-27T19:52:29Z,-21.7111368,166.2239385,352.0,23453.4,1.462,124,89,125
2026-07-27T19:52:30Z,-21.7111234,166.2239385,352.2,23454.9,1.463,124,89,124
2026-07-27T19:52:31Z,-21.7111114,166.2239385,352.2,23456.2,1.460,124,88,125
2026-07-27T19:52:32Z,-21.7110980,166.2239385,352.4,23457.7,1.459,124,88,125
2026-07-27T19:52:33Z,-21.7110845,166.2239385,352.6,23459.1,1.451,124,88,124
2026-07-27T19:52:34Z,-21.7110711,166.2239385,352.8,23460.7,1.449,124,88,125
2026-07-27T19:52:35Z,-21.7110604,166.2239385,352.8,23462.0,1.445,124,88,125
2026-07-27T19:52:36Z,-21.7110470,166.2239385,353.0,23463.4,1.447,125,88,125
2026-07-27T19:52:37Z,-21.7110336,166.2239385,353.2,23464.9,1.447,124,88,125
2026-07-27T19:52:38Z,-21.7110202,166.2239277,353.2,23466.4,1.443,124,89,125
2026-07-27T19:52:39Z,-21.7110068,166.2239277,353.4,23467.8,1.444,124,88,125
2026-07-27T19:52:40Z,-21.7109947,166.2239277,353.6,23469.3,1.443,124,88,124
2026-07-27T19:52:41Z,-21.7109813,166.2239277,353.6,23470.7,1.433,124,88,125
2026-07-27T19:52:42Z,-21.7109692,166.2239277,353.8,23472.2,1.428,124,88,125
2026-07-27T19:52:43Z,-21.7109571,166.2239277,354.0,23473.6,1.425,124,88,125
2026-07-27T19:52:44Z,-21.7109437,166.2239063,354.0,23475.0,1.416,124,88,124
2026-07-27T19:52:45Z,-21.7109317,166.2239063,354.2,23476.4,1.412,124,88,125
2026-07-27T19:52:46Z,-21.7109196,166.2239063,354.4,23477.8,1.410,123,88,125
2026-07-27T19:52:47Z,-21.7109075,166.2239063,354.4,23479.3,1.403,123,88,125
2026-07-27T19:52:48Z,-21.7108941,166.2238955,354.6,23480.7,1.392,123,88,125
2026-07-27T19:52:49Z,-21.7108834,166.2238955,354.8,23482.0,1.380,122,88,125
2026-07-27T19:52:50Z,-21.7108713,166.2238955,355.0,23483.4,1.459,123,87,155
2026-07-27T19:52:51Z,-21.7108579,166.2238955,355.0,23484.9,1.624,123,87,184
2026-07-27T19:52:52Z,-21.7108431,166.2238848,355.2,23486.7,1.802,123,85,184
2026-07-27T19:52:53Z,-21.7108271,166.2238848,355.4,23488.5,1.880,122,84,184
2026-07-27T19:52:54Z,-21.7108123,166.2238634,355.6,23490.4,1.920,122,84,184
2026-07-27T19:52:55Z,-21.7107975,166.2238634,355.8,23492.3,1.942,122,83,185
2026-07-27T19:52:56Z,-21.7107801,166.2238526,356.0,23494.3,1.957,122,82,185
2026-07-27T19:52:57Z,-21.7107640,166.2238526,356.2,23496.2,1.961,123,82,184
2026-07-27T19:52:58Z,-21.7107479,166.2238312,356.4,23498.2,1.954,123,82,184
2026-07-27T19:52:59Z,-21.7107318,166.2238312,356.6,23500.2,1.953,123,82,185
2026-07-27T19:53:00Z,-21.7107171,166.2238204,356.8,23502.2,1.950,123,82,185
2026-07-27T19:53:01Z,-21.7107010,166.2238097,357.0,23504.1,1.946,124,82,184
2026-07-27T19:53:02Z,-21.7106862,166.2238097,357.2,23506.0,1.941,124,82,184
2026-07-27T19:53:03Z,-21.7106715,166.2237883,357.4,23508.0,1.939,124,82,185
2026-07-27T19:53:04Z,-21.7106554,166.2237883,357.6,23509.9,1.931,125,82,184
2026-07-27T19:53:05Z,-21.7106406,166.2237775,357.8,23511.9,1.930,125,82,185
2026-07-27T19:53:06Z,-21.7106259,166.2237561,358.0,23513.8,1.928,126,82,184
2026-07-27T19:53:07Z,-21.7106098,166.2237561,358.2,23515.7,1.922,126,82,185
2026-07-27T19:53:08Z,-21.7105964,166.2237453,358.4,23517.6,1.918,126,82,185
2026-07-27T19:53:09Z,-21.7105816,166.2237453,358.6,23519.6,1.912,127,82,185
2026-07-27T19:53:10Z,-21.7105655,166.2237239,358.8,23521.4,1.908,128,82,185
2026-07-27T19:53:11Z,-21.7105521,166.2237132,359.0,23523.3,1.897,128,82,184
2026-07-27T19:53:12Z,-21.7105374,166.2237132,359.2,23525.3,1.887,129,82,184
2026-07-27T19:53:13Z,-21.7105226,166.2237024,359.4,23527.1,1.876,129,83,185
2026-07-27T19:53:14Z,-21.7105092,166.2236810,359.6,23529.0,1.873,129,83,185
2026-07-27T19:53:15Z,-21.7104931,166.2236810,359.8,23530.9,1.867,129,84,184
2026-07-27T19:53:16Z,-21.7104797,166.2236702,360.0,23532.7,1.874,130,85,185
2026-07-27T19:53:17Z,-21.7104650,166.2236488,360.4,23534.7,1.890,131,86,185
2026-07-27T19:53:18Z,-21.7104502,166.2236488,360.6,23536.6,1.898,131,86,184
2026-07-27T19:53:19Z,-21.7104368,166.2236381,360.6,23538.4,1.898,131,86,184
2026-07-27T19:53:20Z,-21.7104207,166.2236381,361.0,23540.4,1.897,132,86,182
2026-07-27T19:53:21Z,-21.7104059,166.2236166,361.2,23542.3,1.882,133,85,179
2026-07-27T19:53:22Z,-21.7103925,166.2236059,361.4,23544.2,1.869,133,86,179
2026-07-27T19:53:23Z,-21.7103778,166.2236059,361.6,23546.0,1.860,133,85,180
2026-07-27T19:53:24Z,-21.7103697,166.2235951,361.6,23547.9,1.926,133,85,179
2026-07-27T19:53:25Z,-21.7103791,166.2235737,361.6,23550.1,2.593,133,84,180
2026-07-27T19:53:26Z,-21.7104073,166.2235737,361.2,23553.4,3.971,134,84,179
2026-07-27T19:53:27Z,-21.7104502,166.2235951,360.8,23558.4,5.403,134,84,180
2026-07-27T19:53:28Z,-21.7104958,166.2236166,360.2,23564.1,6.603,134,83,179
2026-07-27T19:53:29Z,-21.7105521,166.2236488,359.4,23571.6,7.806,134,83,179
2026-07-27T19:53:30Z,-21.7106152,166.2237024,358.4,23580.1,8.914,134,83,180
2026-07-27T19:53:31Z,-21.7106822,166.2237453,357.6,23588.9,9.876,134,84,179
2026-07-27T19:53:32Z,-21.7107667,166.2238097,356.4,23599.7,10.886,134,84,180
2026-07-27T19:53:33Z,-21.7108579,166.2238312,355.2,23610.8,11.786,134,84,180
2026-07-27T19:53:34Z,-21.7109652,166.2238848,353.8,23623.2,12.634,134,85,180
2026-07-27T19:53:35Z,-21.7110778,166.2238955,352.6,23635.9,13.345,135,86,179
2026-07-27T19:53:36Z,-21.7112026,166.2239063,351.4,23650.0,14.003,135,86,180
2026-07-27T19:53:37Z,-21.7113286,166.2239277,350.0,23664.1,14.583,135,85,178
2026-07-27T19:53:38Z,-21.7114627,166.2239385,348.6,23678.8,15.143,135,84,179
2026-07-27T19:53:39Z,-21.7115995,166.2239707,347.0,23694.7,15.726,135,84,180
2026-07-27T19:53:40Z,-21.7117296,166.2240458,345.2,23710.8,16.312,135,84,180
2026-07-27T19:53:41Z,-21.7118463,166.2241530,343.4,23727.2,16.913,135,84,179
2026-07-27T19:53:42Z,-21.7119884,166.2242174,341.2,23744.5,17.628,136,84,179
2026-07-27T19:53:43Z,-21.7121454,166.2242603,338.8,23762.4,18.316,136,84,179
2026-07-27T19:53:44Z,-21.7123117,166.2242925,336.2,23781.0,18.978,136,84,179
2026-07-27T19:53:45Z,-21.7124873,166.2243032,333.6,23800.7,19.597,136,84,180
2026-07-27T19:53:46Z,-21.7126684,166.2243354,330.8,23821.1,20.135,136,84,179
2026-07-27T19:53:47Z,-21.7128454,166.2243569,328.4,23840.8,20.554,136,84,179
2026-07-27T19:53:48Z,-21.7130399,166.2243676,325.8,23862.3,20.900,136,84,180
2026-07-27T19:53:49Z,-21.7132290,166.2243891,323.4,23883.3,21.139,136,84,180
2026-07-27T19:53:50Z,-21.7134140,166.2243998,321.0,23903.8,21.319,137,85,177
2026-07-27T19:53:51Z,-21.7136058,166.2244105,318.8,23925.3,21.464,137,85,175
2026-07-27T19:53:52Z,-21.7137989,166.2244105,316.6,23946.5,21.579,137,85,174
2026-07-27T19:53:53Z,-21.7139961,166.2244320,314.2,23968.4,21.675,137,85,175
2026-07-27T19:53:54Z,-21.7141879,166.2244320,312.0,23989.8,21.754,138,86,175
2026-07-27T19:53:55Z,-21.7143863,166.2244320,309.8,24011.6,21.823,138,86,174
2026-07-27T19:53:56Z,-21.7145902,166.2244320,307.4,24034.2,21.874,138,85,174
2026-07-27T19:53:57Z,-21.7147793,166.2244320,305.2,24055.2,21.910,138,86,175
2026-07-27T19:53:58Z,-21.7149831,166.2244105,303.0,24077.7,21.935,138,87,174
2026-07-27T19:53:59Z,-21.7151776,166.2244105,300.8,24099.3,21.942,138,88,174
2026-07-27T19:54:00Z,-21.7153801,166.2244105,298.8,24121.7,21.926,139,87,175
2026-07-27T19:54:01Z,-21.7155786,166.2243998,296.8,24143.7,21.867,138,86,174
2026-07-27T19:54:02Z,-21.7157717,166.2243998,294.8,24165.0,21.786,138,88,175
2026-07-27T19:54:03Z,-21.7159621,166.2243891,293.0,24186.3,21.700,138,88,175
2026-07-27T19:54:04Z,-21.7161660,166.2243676,291.0,24208.8,21.649,138,88,175
2026-07-27T19:54:05Z,-21.7163604,166.2243354,288.8,24230.7,21.656,138,88,171
2026-07-27T19:54:06Z,-21.7165187,166.2242281,287.4,24251.6,21.458,138,89,170
2026-07-27T19:54:07Z,-21.7165723,166.2240350,284.8,24273.4,21.627,138,89,170
2026-07-27T19:54:08Z,-21.7165858,166.2238312,282.6,24294.5,21.733,138,89,169
2026-07-27T19:54:09Z,-21.7165898,166.2236059,280.2,24317.4,21.782,138,89,169
2026-07-27T19:54:10Z,-21.7165898,166.2234128,278.2,24338.2,21.812,137,89,169
2026-07-27T19:54:11Z,-21.7165911,166.2231982,275.8,24360.4,21.839,137,89,170
2026-07-27T19:54:12Z,-21.7166179,166.2229836,273.8,24382.9,21.816,138,91,170
2026-07-27T19:54:13Z,-21.7167453,166.2228441,271.8,24403.4,21.773,138,91,169
2026-07-27T19:54:14Z,-21.7169425,166.2228441,269.6,24425.3,21.803,138,91,169
2026-07-27T19:54:15Z,-21.7171423,166.2228870,267.2,24448.0,21.875,137,91,170
2026-07-27T19:54:16Z,-21.7173408,166.2229192,265.0,24470.1,21.935,138,90,170
2026-07-27T19:54:17Z,-21.7175299,166.2229300,262.8,24491.2,21.975,137,90,170
2026-07-27T19:54:18Z,-21.7177364,166.2229300,260.4,24513.9,22.007,138,90,170
2026-07-27T19:54:19Z,-21.7179242,166.2229300,258.4,24534.9,22.025,137,91,169
2026-07-27T19:54:20Z,-21.7181253,166.2229514,256.0,24557.1,22.047,137,90,170
2026-07-27T19:54:21Z,-21.7183252,166.2229514,253.8,24579.3,22.064,138,90,170
2026-07-27T19:54:22Z,-21.7185237,166.2229514,251.6,24601.3,22.076,138,91,169
2026-07-27T19:54:23Z,-21.7187235,166.2229514,249.4,24623.4,22.080,137,91,170
2026-07-27T19:54:24Z,-21.7189246,166.2229514,247.2,24645.5,22.075,137,91,170
2026-07-27T19:54:25Z,-21.7191258,166.2229300,245.0,24667.9,22.028,137,91,170
2026-07-27T19:54:26Z,-21.7193243,166.2229192,243.0,24690.1,21.931,138,92,170
2026-07-27T19:54:27Z,-21.7195255,166.2229085,241.4,24712.2,21.763,138,92,170
2026-07-27T19:54:28Z,-21.7197119,166.2228870,239.8,24733.0,21.527,138,93,170
2026-07-27T19:54:29Z,-21.7199063,166.2228549,238.4,24755.5,21.261,138,93,169
2026-07-27T19:54:30Z,-21.7198098,166.2227261,236.8,24776.3,21.108,138,94,169
2026-07-27T19:54:31Z,-21.7196341,166.2226939,236.0,24796.3,20.673,138,93,169
2026-07-27T19:54:32Z,-21.7194544,166.2226295,235.2,24816.8,20.226,138,93,169
2026-07-27T19:54:33Z,-21.7192774,166.2225866,234.6,24837.3,19.791,138,93,170
2026-07-27T19:54:34Z,-21.7191017,166.2225223,233.8,24857.5,19.387,138,93,169
2026-07-27T19:54:35Z,-21.7189407,166.2224579,233.2,24876.2,19.006,138,94,167
2026-07-27T19:54:36Z,-21.7187825,166.2224150,232.8,24894.3,18.533,138,95,165
2026-07-27T19:54:37Z,-21.7186202,166.2223506,232.8,24913.5,17.959,138,96,165
2026-07-27T19:54:38Z,-21.7184928,166.2222648,232.8,24930.3,17.404,137,97,164
2026-07-27T19:54:39Z,-21.7183748,166.2221575,233.0,24947.9,16.753,137,97,164
2026-07-27T19:54:40Z,-21.7182675,166.2220395,233.0,24964.6,16.176,137,98,165
2026-07-27T19:54:41Z,-21.7181629,166.2219322,233.2,24980.4,15.617,137,99,165
2026-07-27T19:54:42Z,-21.7180690,166.2218356,233.4,24995.2,15.140,137,99,165
2026-07-27T19:54:43Z,-21.7179859,166.2217176,233.4,25010.6,14.730,137,99,165
2026-07-27T19:54:44Z,-21.7179309,166.2215889,233.2,25024.9,14.464,137,99,165
2026-07-27T19:54:45Z,-21.7178920,166.2214601,233.0,25039.1,14.293,137,99,165
2026-07-27T19:54:46Z,-21.7178679,166.2213206,232.6,25053.2,14.177,137,99,165
2026-07-27T19:54:47Z,-21.7178477,166.2211812,232.2,25067.6,14.092,137,100,164
2026-07-27T19:54:48Z,-21.7178357,166.2210631,232.0,25081.4,14.034,137,100,165
2026-07-27T19:54:49Z,-21.7178196,166.2209022,231.4,25096.3,13.994,137,100,164
2026-07-27T19:54:50Z,-21.7178062,166.2207842,231.0,25109.6,13.979,137,100,161
2026-07-27T19:54:51Z,-21.7177887,166.2206447,230.6,25124.0,13.988,137,100,159
2026-07-27T19:54:52Z,-21.7177726,166.2205052,230.0,25137.5,14.052,137,99,159
2026-07-27T19:54:53Z,-21.7177512,166.2203765,229.2,25151.9,14.203,137,98,160
2026-07-27T19:54:54Z,-21.7177337,166.2202370,228.4,25166.6,14.409,137,97,159
2026-07-27T19:54:55Z,-21.7177163,166.2200975,227.8,25181.1,14.573,137,96,159
2026-07-27T19:54:56Z,-21.7177002,166.2199581,227.0,25195.3,14.659,137,97,160
2026-07-27T19:54:57Z,-21.7176801,166.2198186,226.4,25209.9,14.745,138,98,159
2026-07-27T19:54:58Z,-21.7176694,166.2196684,225.6,25225.3,14.904,138,97,159
2026-07-27T19:54:59Z,-21.7176694,166.2195289,224.6,25240.1,15.125,138,97,160
2026-07-27T19:55:00Z,-21.7176895,166.2193787,223.2,25255.1,15.509,138,97,159
2026-07-27T19:55:01Z,-21.7177337,166.2192392,221.8,25271.0,15.974,138,97,160
2026-07-27T19:55:02Z,-21.7177954,166.2190998,220.4,25287.0,16.342,138,98,159
2026-07-27T19:55:03Z,-21.7178638,166.2189710,219.4,25303.0,16.579,138,98,159
2026-07-27T19:55:04Z,-21.7179362,166.2188315,219.4,25319.6,16.171,138,98,159
2026-07-27T19:55:05Z,-21.7179993,166.2186813,220.4,25335.8,15.070,138,97,159
2026-07-27T19:55:06Z,-21.7180556,166.2185526,221.8,25350.6,13.843,138,97,159
2026-07-27T19:55:07Z,-21.7181160,166.2184453,222.8,25363.7,12.845,138,96,160
2026-07-27T19:55:08Z,-21.7181790,166.2183380,223.2,25375.9,12.200,137,95,160
2026-07-27T19:55:09Z,-21.7182487,166.2182629,223.2,25387.8,11.958,137,95,159
2026-07-27T19:55:10Z,-21.7183305,166.2181771,223.0,25400.4,11.951,137,95,159
2026-07-27T19:55:11Z,-21.7184070,166.2181020,222.6,25411.7,12.058,137,94,160
2026-07-27T19:55:12Z,-21.7184888,166.2180269,222.2,25423.9,12.234,136,94,159
2026-07-27T19:55:13Z,-21.7185746,166.2179410,221.6,25436.1,12.435,135,93,159
2026-07-27T19:55:14Z,-21.7186671,166.2178659,221.2,25449.2,12.604,135,92,159
2026-07-27T19:55:15Z,-21.7187530,166.2177908,220.6,25461.7,12.726,135,92,160
2026-07-27T19:55:16Z,-21.7188308,166.2177050,220.2,25474.6,12.861,135,92,160
2026-07-27T19:55:17Z,-21.7188549,166.2175763,219.8,25487.3,12.943,135,92,160
2026-07-27T19:55:18Z,-21.7188455,166.2174582,219.2,25500.5,13.083,134,92,159
2026-07-27T19:55:19Z,-21.7188308,166.2173402,218.6,25513.4,13.245,135,92,160
2026-07-27T19:55:20Z,-21.7188160,166.2172008,218.0,25526.7,13.401,135,92,156
2026-07-27T19:55:21Z,-21.7188160,166.2170720,217.4,25540.6,13.535,135,92,154
2026-07-27T19:55:22Z,-21.7188495,166.2169433,217.0,25554.1,13.597,135,92,154
2026-07-27T19:55:23Z,-21.7189045,166.2168360,216.6,25567.4,13.556,135,92,154
2026-07-27T19:55:24Z,-21.7189609,166.2167072,216.2,25580.7,13.551,135,92,154
2026-07-27T19:55:25Z,-21.7189971,166.2165892,215.6,25594.3,13.666,135,92,155
2026-07-27T19:55:26Z,-21.7190105,166.2164605,214.8,25608.0,13.884,135,92,155
2026-07-27T19:55:27Z,-21.7190105,166.2163317,214.0,25621.9,14.136,133,93,155
2026-07-27T19:55:28Z,-21.7190038,166.2161922,213.2,25636.3,14.398,133,93,155
2026-07-27T19:55:29Z,-21.7189944,166.2160420,212.2,25651.4,14.670,134,94,155
2026-07-27T19:55:30Z,-21.7189810,166.2159026,211.2,25665.9,14.917,133,94,154
2026-07-27T19:55:31Z,-21.7189676,166.2157631,210.2,25680.6,15.152,133,94,154
2026-07-27T19:55:32Z,-21.7189528,166.2156129,209.2,25696.5,15.390,133,93,154
2026-07-27T19:55:33Z,-21.7189381,166.2154627,208.2,25711.6,15.596,132,92,154
2026-07-27T19:55:34Z,-21.7189220,166.2153018,207.2,25727.8,15.801,132,92,154
2026-07-27T19:55:35Z,-21.7189045,166.2151730,206.2,25742.9,15.974,132,92,155
2026-07-27T19:55:36Z,-21.7188844,166.2150013,205.0,25759.9,16.154,132,92,154
2026-07-27T19:55:37Z,-21.7188670,166.2148511,204.0,25775.5,16.310,132,92,154
2026-07-27T19:55:38Z,-21.7188455,166.2146902,203.0,25791.9,16.463,132,91,155
2026-07-27T19:55:39Z,-21.7188254,166.2145293,201.8,25809.1,16.614,132,91,154
2026-07-27T19:55:40Z,-21.7188039,166.2143791,200.8,25825.3,16.755,131,90,154
2026-07-27T19:55:41Z,-21.7187825,166.2142074,199.6,25842.0,16.894,131,90,154
2026-07-27T19:55:42Z,-21.7187624,166.2140572,198.4,25858.8,17.036,131,91,155
2026-07-27T19:55:43Z,-21.7187409,166.2138855,197.2,25876.3,17.197,131,93,155
2026-07-27T19:55:44Z,-21.7187221,166.2137139,195.8,25894.0,17.395,132,94,155
2026-07-27T19:55:45Z,-21.7187034,166.2135530,194.4,25910.9,17.617,134,94,155
2026-07-27T19:55:46Z,-21.7186819,166.2133813,192.6,25929.4,17.888,134,95,154
2026-07-27T19:55:47Z,-21.7186645,166.2132204,191.2,25946.5,18.133,134,95,154
2026-07-27T19:55:48Z,-21.7186444,166.2130272,189.4,25965.7,18.358,134,95,154
2026-07-27T19:55:49Z,-21.7186283,166.2128448,187.8,25983.9,18.571,134,94,155
2026-07-27T19:55:50Z,-21.7186309,166.2126625,186.4,26002.7,18.710,134,95,152
2026-07-27T19:55:51Z,-21.7187060,166.2125123,185.0,26021.3,18.744,134,96,149
2026-07-27T19:55:52Z,-21.7188281,166.2123942,183.8,26040.0,18.704,133,96,150
2026-07-27T19:55:53Z,-21.7189568,166.2122655,182.6,26058.8,18.629,133,96,149
2026-07-27T19:55:54Z,-21.7190762,166.2121582,181.4,26076.5,18.590,132,97,150
2026-07-27T19:55:55Z,-21.7192063,166.2120402,180.2,26095.3,18.536,133,97,150
2026-07-27T19:55:56Z,-21.7193337,166.2119222,179.2,26114.3,18.420,133,97,149
2026-07-27T19:55:57Z,-21.7194504,166.2118149,178.4,26131.8,18.248,132,97,150
2026-07-27T19:55:58Z,-21.7195751,166.2116861,177.8,26150.0,17.980,133,97,150
2026-07-27T19:55:59Z,-21.7196971,166.2115681,177.2,26168.0,17.646,133,97,150
2026-07-27T19:56:00Z,-21.7198151,166.2114608,176.8,26185.3,17.310,133,97,150
2026-07-27T19:56:01Z,-21.7199332,166.2113535,176.4,26202.6,16.990,133,98,149
2026-07-27T19:56:02Z,-21.7200458,166.2112463,176.0,26219.7,16.714,133,98,150
2026-07-27T19:56:03Z,-21.7201504,166.2111282,175.4,26235.8,16.512,132,98,150
2026-07-27T19:56:04Z,-21.7202510,166.2110209,174.8,26252.2,16.388,132,98,149
2026-07-27T19:56:05Z,-21.7203476,166.2108922,174.0,26268.8,16.381,131,99,146
2026-07-27T19:56:06Z,-21.7204307,166.2107635,172.8,26285.0,16.507,132,98,144
2026-07-27T19:56:07Z,-21.7205085,166.2106240,171.6,26301.6,16.727,131,99,145
2026-07-27T19:56:08Z,-21.7205876,166.2104738,170.0,26319.7,17.025,131,99,144
2026-07-27T19:56:09Z,-21.7206547,166.2103343,168.6,26335.8,17.295,130,99,145
2026-07-27T19:56:10Z,-21.7207231,166.2101948,167.2,26353.1,17.546,130,99,144
2026-07-27T19:56:11Z,-21.7207968,166.2100446,165.8,26370.9,17.727,129,99,145
2026-07-27T19:56:12Z,-21.7208773,166.2098837,164.4,26388.8,17.813,130,99,144
2026-07-27T19:56:13Z,-21.7209511,166.2097335,163.4,26406.4,17.854,130,99,128
2026-07-27T19:56:14Z,-21.7210275,166.2095726,162.0,26425.0,17.874,129,99,145
2026-07-27T19:56:15Z,-21.7210999,166.2094116,161.0,26442.8,17.871,130,99,144
2026-07-27T19:56:16Z,-21.7211750,166.2092829,160.0,26459.9,17.837,130,99,144
2026-07-27T19:56:17Z,-21.7212649,166.2091219,159.0,26478.6,17.760,130,99,144
2026-07-27T19:56:18Z,-21.7213601,166.2089932,158.2,26496.0,17.646,131,99,144
2026-07-27T19:56:19Z,-21.7214687,166.2088645,157.4,26514.0,17.475,130,99,145
2026-07-27T19:56:20Z,-21.7215827,166.2087572,156.8,26530.6,17.257,131,99,144
2026-07-27T19:56:21Z,-21.7217048,166.2086499,156.2,26547.7,16.994,131,99,145
2026-07-27T19:56:22Z,-21.7218308,166.2085640,155.8,26564.5,16.717,131,99,145
2026-07-27T19:56:23Z,-21.7219569,166.2084675,155.4,26581.4,16.440,130,99,145
2026-07-27T19:56:24Z,-21.7220776,166.2083817,155.0,26597.9,16.185,130,99,144
2026-07-27T19:56:25Z,-21.7221875,166.2082851,154.6,26613.4,15.973,129,99,144
2026-07-27T19:56:26Z,-21.7222908,166.2081778,154.0,26629.6,15.797,129,99,144
2026-07-27T19:56:27Z,-21.7223807,166.2080598,153.6,26645.5,15.686,129,98,144
2026-07-27T19:56:28Z,-21.7224504,166.2079203,152.8,26661.2,15.624,129,99,144
2026-07-27T19:56:29Z,-21.7225067,166.2077808,152.2,26676.7,15.586,129,99,144
2026-07-27T19:56:30Z,-21.7225577,166.2076306,151.6,26693.9,15.561,128,99,144
2026-07-27T19:56:31Z,-21.7225899,166.2074912,150.8,26707.8,15.547,128,99,144
2026-07-27T19:56:32Z,-21.7226221,166.2073517,150.2,26723.0,15.538,128,98,144
2026-07-27T19:56:33Z,-21.7226529,166.2072015,149.6,26739.1,15.529,129,99,144
2026-07-27T19:56:34Z,-21.7226838,166.2070513,148.8,26754.8,15.520,128,100,145
2026-07-27T19:56:35Z,-21.7227146,166.2069118,148.2,26769.8,15.509,128,100,141
2026-07-27T19:56:36Z,-21.7227481,166.2067616,147.6,26785.2,15.479,128,100,139
2026-07-27T19:56:37Z,-21.7227763,166.2066221,147.0,26801.2,15.420,128,98,140
2026-07-27T19:56:38Z,-21.7228004,166.2064719,146.4,26815.9,15.357,128,99,139
2026-07-27T19:56:39Z,-21.7228232,166.2063324,145.8,26831.2,15.303,128,99,139
2026-07-27T19:56:40Z,-21.7228460,166.2061822,145.2,26847.1,15.283,128,99,139
2026-07-27T19:56:41Z,-21.7228702,166.2060428,144.4,26862.0,15.307,128,99,140
2026-07-27T19:56:42Z,-21.7228970,166.2058926,143.6,26877.3,15.385,128,99,140
2026-07-27T19:56:43Z,-21.7229292,166.2057531,142.8,26892.5,15.514,128,98,139
2026-07-27T19:56:44Z,-21.7229654,166.2056029,141.6,26908.1,15.703,128,98,140
2026-07-27T19:56:45Z,-21.7230056,166.2054527,140.4,26924.7,15.945,127,98,140
2026-07-27T19:56:46Z,-21.7230445,166.2053132,139.4,26940.1,16.184,127,98,140
2026-07-27T19:56:47Z,-21.7230861,166.2051630,138.0,26956.7,16.444,127,97,140
2026-07-27T19:56:48Z,-21.7231277,166.2050021,136.8,26973.1,16.694,127,98,140
2026-07-27T19:56:49Z,-21.7231733,166.2048411,135.4,26990.3,16.933,127,98,139
2026-07-27T19:56:50Z,-21.7232175,166.2046802,134.2,27007.0,17.137,126,97,137
2026-07-27T19:56:51Z,-21.7232658,166.2045193,132.8,27025.1,17.315,126,97,135
2026-07-27T19:56:52Z,-21.7233114,166.2043691,131.6,27042.0,17.428,126,96,135
2026-07-27T19:56:53Z,-21.7233543,166.2042081,130.4,27058.8,17.501,126,97,134
2026-07-27T19:56:54Z,-21.7234012,166.2040472,129.2,27076.3,17.540,126,98,134
2026-07-27T19:56:55Z,-21.7234468,166.2038755,128.2,27094.1,17.551,126,98,134
2026-07-27T19:56:56Z,-21.7234965,166.2037253,127.0,27112.0,17.546,125,98,135
2026-07-27T19:56:57Z,-21.7235434,166.2035537,126.0,27129.3,17.535,125,97,134
2026-07-27T19:56:58Z,-21.7235917,166.2033927,125.0,27147.0,17.524,125,97,134
2026-07-27T19:56:59Z,-21.7236386,166.2032318,123.8,27164.8,17.527,125,97,134
2026-07-27T19:57:00Z,-21.7236829,166.2030816,123.0,27181.5,17.515,125,97,134
2026-07-27T19:57:01Z,-21.7237379,166.2029207,121.8,27199.7,17.514,125,97,135
2026-07-27T19:57:02Z,-21.7238183,166.2027597,120.8,27217.0,17.467,125,96,134
2026-07-27T19:57:03Z,-21.7239457,166.2026739,119.8,27234.7,17.422,124,97,134
2026-07-27T19:57:04Z,-21.7240839,166.2025988,118.8,27251.7,17.468,125,97,134
2026-07-27T19:57:05Z,-21.7242287,166.2025344,117.4,27269.2,17.617,125,96,134
2026-07-27T19:57:06Z,-21.7243816,166.2024593,116.2,27287.5,17.758,125,96,134
2026-07-27T19:57:07Z,-21.7245278,166.2023842,115.0,27305.4,17.837,125,96,135
2026-07-27T19:57:08Z,-21.7246726,166.2023199,113.6,27323.1,17.911,125,97,135
2026-07-27T19:57:09Z,-21.7248215,166.2022448,112.4,27341.0,17.969,125,98,135
2026-07-27T19:57:10Z,-21.7249650,166.2021804,111.2,27358.3,17.996,125,98,135
2026-07-27T19:57:11Z,-21.7251179,166.2021053,110.2,27376.6,17.980,125,98,134
2026-07-27T19:57:12Z,-21.7252640,166.2020409,109.2,27393.9,17.913,125,97,134
2026-07-27T19:57:13Z,-21.7254223,166.2019980,108.2,27412.4,17.766,125,98,134
2026-07-27T19:57:14Z,-21.7255805,166.2019551,107.6,27430.6,17.558,125,98,135
2026-07-27T19:57:15Z,-21.7257294,166.2019122,107.0,27447.7,17.332,126,98,134
2026-07-27T19:57:16Z,-21.7258823,166.2018585,106.4,27465.1,17.088,125,98,134
2026-07-27T19:57:17Z,-21.7260271,166.2018156,105.8,27481.8,16.858,125,98,134
2026-07-27T19:57:18Z,-21.7261706,166.2017834,105.2,27498.2,16.648,125,97,135
2026-07-27T19:57:19Z,-21.7263222,166.2017405,104.6,27515.5,16.459,125,98,134
2026-07-27T19:57:20Z,-21.7264643,166.2016976,104.0,27531.8,16.332,125,98,132
2026-07-27T19:57:21Z,-21.7266025,166.2016439,103.4,27547.8,16.239,125,97,115
2026-07-27T19:57:22Z,-21.7267460,166.2016010,102.6,27564.3,16.155,125,97,120
2026-07-27T19:57:23Z,-21.7268854,166.2015581,101.8,27580.4,16.099,125,97,129
2026-07-27T19:57:24Z,-21.7270249,166.2015152,101.0,27596.6,16.078,124,95,129
2026-07-27T19:57:25Z,-21.7271537,166.2014616,100.2,27611.8,16.094,124,96,129
2026-07-27T19:57:26Z,-21.7272918,166.2014079,99.4,27628.6,16.159,124,96,130
2026-07-27T19:57:27Z,-21.7274152,166.2013328,98.4,27644.2,16.262,123,96,129
2026-07-27T19:57:28Z,-21.7275453,166.2012362,97.2,27661.2,16.439,123,96,129
2026-07-27T19:57:29Z,-21.7276660,166.2011504,95.8,27677.5,16.652,123,96,130
2026-07-27T19:57:30Z,-21.7277853,166.2010539,94.6,27694.5,16.881,123,96,130
2026-07-27T19:57:31Z,-21.7279020,166.2009466,93.2,27711.3,17.088,123,96,130
2026-07-27T19:57:32Z,-21.7280187,166.2008393,92.0,27728.4,17.255,124,96,130
2026-07-27T19:57:33Z,-21.7281367,166.2007213,90.8,27745.8,17.366,123,96,130
2026-07-27T19:57:34Z,-21.7282601,166.2006140,89.6,27763.7,17.432,124,96,130
2026-07-27T19:57:35Z,-21.7283794,166.2005067,88.4,27780.8,17.481,124,96,129
2026-07-27T19:57:36Z,-21.7284988,166.2003994,87.4,27798.1,17.513,124,96,130
2026-07-27T19:57:37Z,-21.7286208,166.2002921,86.2,27816.1,17.525,124,96,129
2026-07-27T19:57:38Z,-21.7287362,166.2001741,85.2,27833.5,17.509,124,96,129
2026-07-27T19:57:39Z,-21.7288448,166.2000453,84.2,27850.7,17.462,124,98,129
2026-07-27T19:57:40Z,-21.7289534,166.1999273,83.2,27868.5,17.376,124,97,129
2026-07-27T19:57:41Z,-21.7290460,166.1997986,82.6,27885.3,17.251,123,97,129
2026-07-27T19:57:42Z,-21.7291358,166.1996484,81.8,27902.9,17.078,123,97,130
2026-07-27T19:57:43Z,-21.7292136,166.1995089,81.2,27919.5,16.883,123,97,129
2026-07-27T19:57:44Z,-21.7292900,166.1993802,80.6,27936.8,16.656,123,97,130
2026-07-27T19:57:45Z,-21.7293598,166.1992407,80.2,27952.4,16.441,123,97,129
2026-07-27T19:57:46Z,-21.7294282,166.1991012,79.8,27968.8,16.205,123,97,129
2026-07-27T19:57:47Z,-21.7295006,166.1989617,79.2,27985.5,15.967,123,97,130
2026-07-27T19:57:48Z,-21.7295690,166.1988223,79.0,28000.7,15.752,122,97,130
2026-07-27T19:57:49Z,-21.7296468,166.1987042,78.6,28017.1,15.527,122,97,130
2026-07-27T19:57:50Z,-21.7297192,166.1985862,78.2,28032.1,15.299,122,97,126
2026-07-27T19:57:51Z,-21.7297903,166.1984575,78.0,28046.8,15.041,122,97,124
2026-07-27T19:57:52Z,-21.7298627,166.1983395,77.8,28062.0,14.757,122,97,125
2026-07-27T19:57:53Z,-21.7299311,166.1982107,77.6,28076.3,14.491,121,98,125
2026-07-27T19:57:54Z,-21.7300035,166.1980927,77.4,28090.9,14.241,121,98,125
2026-07-27T19:57:55Z,-21.7300759,166.1979854,77.2,28104.9,14.033,121,98,124
2026-07-27T19:57:56Z,-21.7301510,166.1978781,77.0,28119.1,13.869,121,98,125
2026-07-27T19:57:57Z,-21.7302288,166.1977601,76.6,28133.3,13.760,121,98,125
2026-07-27T19:57:58Z,-21.7303093,166.1976635,76.2,28147.2,13.714,120,98,124
2026-07-27T19:57:59Z,-21.7303924,166.1975563,75.6,28160.9,13.710,121,98,124
2026-07-27T19:58:00Z,-21.7304769,166.1974704,75.2,28174.7,13.729,121,97,125
2026-07-27T19:58:01Z,-21.7305614,166.1973739,74.6,28188.0,13.765,121,97,125
2026-07-27T19:58:02Z,-21.7306486,166.1972880,74.2,28201.7,13.818,121,98,125
2026-07-27T19:58:03Z,-21.7307384,166.1971807,73.6,28215.6,13.884,121,98,124
2026-07-27T19:58:04Z,-21.7308323,166.1970842,73.0,28229.8,13.961,120,97,125
2026-07-27T19:58:05Z,-21.7309195,166.1969984,72.4,28243.3,14.040,120,98,121
2026-07-27T19:58:06Z,-21.7310107,166.1969018,71.8,28257.2,14.128,120,98,120
2026-07-27T19:58:07Z,-21.7311059,166.1968160,71.0,28271.5,14.224,121,98,120
2026-07-27T19:58:08Z,-21.7312011,166.1967194,70.4,28285.9,14.331,121,99,119
2026-07-27T19:58:09Z,-21.7312990,166.1966336,69.6,28300.6,14.444,121,99,106
2026-07-27T19:58:10Z,-21.7313889,166.1965263,68.8,28314.7,14.568,121,99,106
2026-07-27T19:58:11Z,-21.7314841,166.1964297,68.0,28329.6,14.740,120,99,119
2026-07-27T19:58:12Z,-21.7315793,166.1963224,67.0,28344.5,14.944,120,99,120
2026-07-27T19:58:13Z,-21.7316732,166.1962152,66.0,28359.3,15.162,120,99,120
2026-07-27T19:58:14Z,-21.7317697,166.1961293,65.0,28374.5,15.387,120,99,120
2026-07-27T19:58:15Z,-21.7318717,166.1960220,64.0,28389.9,15.604,121,98,120
2026-07-27T19:58:16Z,-21.7319857,166.1959147,62.8,28406.5,15.806,121,99,119
2026-07-27T19:58:17Z,-21.7320997,166.1958182,61.8,28422.2,15.936,121,99,119
2026-07-27T19:58:18Z,-21.7322244,166.1957431,61.0,28437.8,15.973,121,99,119
2026-07-27T19:58:19Z,-21.7323571,166.1957002,60.4,28453.8,15.918,120,99,119
2026-07-27T19:58:20Z,-21.7325006,166.1956787,60.0,28469.8,15.731,121,100,119
2026-07-27T19:58:21Z,-21.7326415,166.1956787,59.6,28485.4,15.475,121,99,120
2026-07-27T19:58:22Z,-21.7327796,166.1957002,59.2,28500.7,15.226,121,98,120
2026-07-27T19:58:23Z,-21.7329150,166.1957324,59.2,28516.0,14.934,121,98,119
2026-07-27T19:58:24Z,-21.7330424,166.1957753,59.0,28530.8,14.615,120,97,119
2026-07-27T19:58:25Z,-21.7331605,166.1958182,58.8,28544.9,14.308,120,97,120
2026-07-27T19:58:26Z,-21.7332785,166.1958611,58.8,28558.8,14.015,120,96,120
2026-07-27T19:58:27Z,-21.7333992,166.1959147,58.6,28572.9,13.735,120,96,120
2026-07-27T19:58:28Z,-21.7335212,166.1959469,58.6,28586.9,13.488,120,97,120
2026-07-27T19:58:29Z,-21.7336352,166.1959684,58.4,28600.1,13.304,120,96,119
2026-07-27T19:58:30Z,-21.7337519,166.1959898,58.2,28613.0,13.196,120,96,120
2026-07-27T19:58:31Z,-21.7338686,166.1959577,57.6,28626.5,13.235,120,96,119
2026-07-27T19:58:32Z,-21.7339544,166.1958611,57.0,28639.7,13.466,120,95,120
2026-07-27T19:58:33Z,-21.7340054,166.1957431,56.2,28652.9,13.753,120,95,119
2026-07-27T19:58:34Z,-21.7340375,166.1956251,55.4,28667.1,14.033,120,94,120
2026-07-27T19:58:35Z,-21.7340550,166.1954856,54.6,28681.7,14.280,120,94,117
2026-07-27T19:58:36Z,-21.7340671,166.1953354,54.0,28696.1,14.493,119,94,114
2026-07-27T19:58:37Z,-21.7340778,166.1951959,53.4,28710.8,14.675,120,95,114
2026-07-27T19:58:38Z,-21.7340872,166.1950564,52.8,28725.2,14.825,120,95,114
2026-07-27T19:58:39Z,-21.7341033,166.1949170,52.2,28740.4,14.973,120,95,114
2026-07-27T19:58:40Z,-21.7341220,166.1947668,51.6,28755.3,14.914,120,95,114
2026-07-27T19:58:41Z,-21.7341354,166.1946273,51.2,28769.6,14.817,119,95,115
2026-07-27T19:58:42Z,-21.7341462,166.1944878,50.8,28784.7,14.699,119,95,114
2026-07-27T19:58:43Z,-21.7341529,166.1943591,50.4,28799.1,14.576,120,96,115
2026-07-27T19:58:44Z,-21.7341596,166.1941981,50.0,28813.6,14.451,119,96,115
2026-07-27T19:58:45Z,-21.7341676,166.1940694,49.6,28828.3,14.324,118,96,115
2026-07-27T19:58:46Z,-21.7341730,166.1939299,49.2,28842.3,14.207,118,95,114
2026-07-27T19:58:47Z,-21.7341810,166.1937904,48.8,28856.7,14.093,118,96,115
2026-07-27T19:58:48Z,-21.7341891,166.1936510,48.4,28871.0,13.986,118,96,115
2026-07-27T19:58:49Z,-21.7341945,166.1935115,48.0,28884.6,13.895,118,96,115
2026-07-27T19:58:50Z,-21.7342038,166.1933935,47.6,28898.6,13.814,118,97,112
2026-07-27T19:58:51Z,-21.7342119,166.1932540,47.2,28912.4,13.749,118,96,109
2026-07-27T19:58:52Z,-21.7342226,166.1931145,46.8,28926.0,13.703,118,97,109
2026-07-27T19:58:53Z,-21.7342347,166.1929965,46.4,28939.6,13.688,117,97,109
2026-07-27T19:58:54Z,-21.7342481,166.1928570,45.8,28953.5,13.708,117,97,109
2026-07-27T19:58:55Z,-21.7342615,166.1927176,45.2,28967.3,13.764,117,97,109
2026-07-27T19:58:56Z,-21.7342749,166.1925995,44.8,28980.6,13.842,117,96,110
2026-07-27T19:58:57Z,-21.7342910,166.1924601,44.0,28994.7,13.932,117,96,110
2026-07-27T19:58:58Z,-21.7343111,166.1923206,43.4,29008.7,14.003,117,96,109
2026-07-27T19:58:59Z,-21.7343339,166.1921918,42.8,29022.9,14.035,117,96,109
2026-07-27T19:59:00Z,-21.7343581,166.1920631,42.4,29037.0,14.017,117,96,109
2026-07-27T19:59:01Z,-21.7343849,166.1919343,42.0,29050.4,13.961,117,95,109
2026-07-27T19:59:02Z,-21.7344131,166.1918056,41.6,29064.8,13.872,117,96,109
2026-07-27T19:59:03Z,-21.7344426,166.1916661,41.2,29078.7,13.774,117,96,109
2026-07-27T19:59:04Z,-21.7344734,166.1915481,41.0,29091.9,13.673,117,96,110
2026-07-27T19:59:05Z,-21.7345056,166.1914086,40.6,29105.9,13.561,116,95,109
2026-07-27T19:59:06Z,-21.7345378,166.1912906,40.4,29119.6,13.445,116,96,109
2026-07-27T19:59:07Z,-21.7345700,166.1911619,40.0,29133.2,13.329,116,95,109
2026-07-27T19:59:08Z,-21.7346008,166.1910439,39.8,29145.8,13.219,116,95,109
2026-07-27T19:59:09Z,-21.7346343,166.1909258,39.4,29159.6,13.099,116,95,109
2026-07-27T19:59:10Z,-21.7346652,166.1907971,39.2,29171.8,12.992,116,95,110
2026-07-27T19:59:11Z,-21.7346974,166.1906791,39.0,29185.1,12.877,116,95,110
2026-07-27T19:59:12Z,-21.7347309,166.1905611,38.8,29198.4,12.763,116,95,110
2026-07-27T19:59:13Z,-21.7347631,166.1904323,38.6,29211.0,12.656,116,95,109
2026-07-27T19:59:14Z,-21.7347912,166.1903250,38.4,29223.5,12.550,116,95,109
2026-07-27T19:59:15Z,-21.7348221,166.1902070,38.2,29235.8,12.443,116,95,109
2026-07-27T19:59:16Z,-21.7348543,166.1900783,38.0,29248.4,12.329,115,95,109
2026-07-27T19:59:17Z,-21.7348865,166.1899710,37.8,29260.7,12.216,115,95,110
2026-07-27T19:59:18Z,-21.7349173,166.1898744,37.6,29272.2,12.110,116,95,109
2026-07-27T19:59:19Z,-21.7349522,166.1897457,37.4,29284.8,11.994,115,95,109
2026-07-27T19:59:20Z,-21.7349817,166.1896384,37.4,29296.8,11.883,116,95,106
2026-07-27T19:59:21Z,-21.7350139,166.1895311,37.2,29308.6,11.772,116,96,104
2026-07-27T19:59:22Z,-21.7350447,166.1894238,37.0,29320.0,11.668,116,96,105
2026-07-27T19:59:23Z,-21.7350756,166.1893165,36.8,29331.5,11.548,117,96,55
2026-07-27T19:59:24Z,-21.7351064,166.1892092,36.8,29343.3,11.398,119,96,49
2026-07-27T19:59:25Z,-21.7351346,166.1891019,36.6,29354.5,11.274,119,93,99
2026-07-27T19:59:26Z,-21.7351614,166.1889946,36.4,29365.9,11.186,119,94,105
2026-07-27T19:59:27Z,-21.7351882,166.1888874,36.4,29377.1,11.107,117,95,104
2026-07-27T19:59:28Z,-21.7352124,166.1888015,36.2,29387.8,11.036,116,96,104
2026-07-27T19:59:29Z,-21.7352352,166.1886942,36.0,29399.2,10.967,116,96,104
2026-07-27T19:59:30Z,-21.7352593,166.1885870,36.0,29410.0,10.908,116,96,105
2026-07-27T19:59:31Z,-21.7352781,166.1884797,35.8,29420.7,10.846,116,97,104
2026-07-27T19:59:32Z,-21.7352982,166.1883938,35.8,29431.6,10.766,116,96,104
2026-07-27T19:59:33Z,-21.7353183,166.1882865,35.6,29442.2,10.673,117,96,104
2026-07-27T19:59:34Z,-21.7353371,166.1881793,35.6,29453.1,10.568,117,96,104
2026-07-27T19:59:35Z,-21.7353545,166.1880827,35.6,29463.4,10.465,117,96,105
2026-07-27T19:59:36Z,-21.7353706,166.1879754,35.4,29473.9,10.363,117,98,104
2026-07-27T19:59:37Z,-21.7353867,166.1878896,35.4,29484.4,10.268,117,97,105
2026-07-27T19:59:38Z,-21.7354001,166.1877823,35.4,29494.6,10.189,117,97,105
2026-07-27T19:59:39Z,-21.7354108,166.1876857,35.2,29504.4,10.129,118,96,104
2026-07-27T19:59:40Z,-21.7354202,166.1875999,35.2,29514.8,10.090,118,95,105
2026-07-27T19:59:41Z,-21.7354283,166.1874926,35.0,29524.7,10.084,118,95,104
2026-07-27T19:59:42Z,-21.7354323,166.1873960,34.8,29534.9,10.115,117,95,104
2026-07-27T19:59:43Z,-21.7354336,166.1872888,34.6,29545.1,10.192,117,94,104
2026-07-27T19:59:44Z,-21.7354310,166.1872029,34.2,29555.1,10.314,118,94,93
2026-07-27T19:59:45Z,-21.7354229,166.1871064,34.0,29565.4,10.493,120,94,92
2026-07-27T19:59:46Z,-21.7354055,166.1869991,33.4,29576.2,10.753,120,92,104
2026-07-27T19:59:47Z,-21.7353787,166.1868918,32.8,29587.3,11.082,121,92,105
2026-07-27T19:59:48Z,-21.7353451,166.1868060,32.2,29598.5,11.452,121,91,104
2026-07-27T19:59:49Z,-21.7353009,166.1866987,31.4,29610.3,11.855,121,90,105
2026-07-27T19:59:50Z,-21.7352553,166.1865914,30.6,29621.8,12.249,121,90,101
2026-07-27T19:59:51Z,-21.7352030,166.1864841,29.8,29634.6,12.671,121,90,99
2026-07-27T19:59:52Z,-21.7351493,166.1863768,28.8,29647.4,13.086,122,90,99
2026-07-27T19:59:53Z,-21.7350984,166.1862481,27.8,29661.1,13.510,122,90,100
2026-07-27T19:59:54Z,-21.7350581,166.1861300,26.8,29674.3,13.885,122,89,100
2026-07-27T19:59:55Z,-21.7350340,166.1859906,25.8,29688.7,14.235,122,89,100
2026-07-27T19:59:56Z,-21.7350313,166.1858511,24.6,29703.1,14.554,122,88,99
2026-07-27T19:59:57Z,-21.7350501,166.1857224,23.6,29717.8,14.892,121,88,99
2026-07-27T19:59:58Z,-21.7350850,166.1855829,22.4,29732.5,15.216,121,88,99
2026-07-27T19:59:59Z,-21.7351346,166.1854327,21.2,29748.3,15.482,120,87,100
2026-07-27T20:00:00Z,-21.7351882,166.1853039,20.2,29763.5,15.645,120,87,99
2026-07-27T20:00:01Z,-21.7352419,166.1851537,19.4,29779.4,15.717,119,87,99
2026-07-27T20:00:02Z,-21.7352928,166.1850142,18.6,29795.4,15.701,118,87,100
2026-07-27T20:00:03Z,-21.7353384,166.1848640,18.0,29811.1,15.613,118,87,99
2026-07-27T20:00:04Z,-21.7353867,166.1847246,17.4,29826.4,15.483,118,87,100
2026-07-27T20:00:05Z,-21.7354363,166.1845851,17.0,29841.6,15.332,117,87,96
2026-07-27T20:00:06Z,-21.7354873,166.1844563,16.6,29857.4,15.158,116,86,95
2026-07-27T20:00:07Z,-21.7355329,166.1843276,16.2,29871.7,14.992,116,86,95
2026-07-27T20:00:08Z,-21.7355865,166.1841774,15.8,29887.4,14.804,115,87,95
2026-07-27T20:00:09Z,-21.7356321,166.1840594,15.4,29901.5,14.634,114,87,95
2026-07-27T20:00:10Z,-21.7356817,166.1839199,15.0,29916.7,14.452,114,87,94
2026-07-27T20:00:11Z,-21.7357300,166.1837912,14.8,29930.5,14.286,115,87,95
2026-07-27T20:00:12Z,-21.7357756,166.1836731,14.4,29944.6,14.120,114,86,94
2026-07-27T20:00:13Z,-21.7358226,166.1835337,14.2,29959.0,13.953,114,86,94
2026-07-27T20:00:14Z,-21.7358668,166.1834157,13.8,29972.7,13.788,114,86,94
2026-07-27T20:00:15Z,-21.7359124,166.1832762,13.6,29987.1,13.585,114,87,94
2026-07-27T20:00:16Z,-21.7359567,166.1831689,13.4,30000.4,13.364,114,87,95
2026-07-27T20:00:17Z,-21.7359969,166.1830509,13.4,30012.7,13.131,114,86,95
2026-07-27T20:00:18Z,-21.7360412,166.1829221,13.4,30026.2,12.848,114,87,94
2026-07-27T20:00:19Z,-21.7360787,166.1828148,13.2,30038.4,12.589,114,87,95
2026-07-27T20:00:20Z,-21.7361203,166.1826968,13.2,30051.4,12.349,114,88,95
2026-07-27T20:00:21Z,-21.7361592,166.1825895,13.2,30063.2,12.148,115,89,94
2026-07-27T20:00:22Z,-21.7362007,166.1824822,13.2,30075.8,11.920,115,90,94
2026-07-27T20:00:23Z,-21.7362370,166.1823750,13.0,30087.3,11.707,115,89,94
2026-07-27T20:00:24Z,-21.7362759,166.1822677,13.0,30099.3,11.482,115,91,94
2026-07-27T20:00:25Z,-21.7363121,166.1821604,13.0,30110.4,11.287,116,91,95
2026-07-27T20:00:26Z,-21.7363483,166.1820745,13.0,30121.6,11.078,116,90,94
2026-07-27T20:00:27Z,-21.7363818,166.1819673,13.0,30132.6,10.874,117,90,94
2026-07-27T20:00:28Z,-21.7364167,166.1818707,13.0,30143.1,10.695,116,90,95
2026-07-27T20:00:29Z,-21.7364529,166.1817634,13.0,30154.2,10.512,116,88,95
2026-07-27T20:00:30Z,-21.7364851,166.1816883,13.0,30163.9,10.359,116,88,95
2026-07-27T20:00:31Z,-21.7365173,166.1816025,13.0,30174.1,10.204,116,88,95
2026-07-27T20:00:32Z,-21.7365535,166.1814952,13.0,30185.0,10.042,116,88,94
2026-07-27T20:00:33Z,-21.7365856,166.1814201,13.0,30194.8,9.903,116,88,94
2026-07-27T20:00:34Z,-21.7366192,166.1813235,13.0,30204.5,9.771,116,88,95
2026-07-27T20:00:35Z,-21.7366514,166.1812377,13.0,30214.4,9.640,115,88,92
2026-07-27T20:00:36Z,-21.7366835,166.1811411,13.0,30223.8,9.517,115,88,89
2026-07-27T20:00:37Z,-21.7367117,166.1810660,13.0,30233.0,9.400,115,87,89
2026-07-27T20:00:38Z,-21.7367426,166.1809695,13.0,30242.4,9.284,115,87,90
2026-07-27T20:00:39Z,-21.7367747,166.1808944,13.0,30251.9,9.172,114,88,89
2026-07-27T20:00:40Z,-21.7368042,166.1808085,13.0,30261.0,9.069,114,88,90
2026-07-27T20:00:41Z,-21.7368338,166.1807334,13.0,30270.0,8.971,115,89,90
2026-07-27T20:00:42Z,-21.7368646,166.1806476,13.0,30279.0,8.876,115,89,89
2026-07-27T20:00:43Z,-21.7368928,166.1805618,13.0,30288.1,8.785,114,89,90
2026-07-27T20:00:44Z,-21.7369223,166.1804867,13.0,30296.7,8.702,114,89,89
2026-07-27T20:00:45Z,-21.7369504,166.1804116,13.0,30305.1,8.623,114,89,89
2026-07-27T20:00:46Z,-21.7369786,166.1803365,13.0,30313.9,8.544,114,88,89
2026-07-27T20:00:47Z,-21.7370081,166.1802614,13.0,30322.5,8.470,114,88,89
2026-07-27T20:00:48Z,-21.7370322,166.1801970,13.0,30330.3,8.405,114,88,90
2026-07-27T20:00:49Z,-21.7370591,166.1801004,13.0,30339.0,8.337,113,88,90
2026-07-27T20:00:50Z,-21.7370859,166.1800468,13.0,30347.1,8.275,113,88,87
2026-07-27T20:00:51Z,-21.7371140,166.1799502,13.0,30355.8,8.206,113,88,84
2026-07-27T20:00:52Z,-21.7371409,166.1798859,13.0,30364.1,8.141,115,88,84
2026-07-27T20:00:53Z,-21.7371663,166.1798108,13.0,30371.5,8.086,116,89,85
2026-07-27T20:00:54Z,-21.7371932,166.1797357,13.0,30380.0,8.026,116,89,85
2026-07-27T20:00:55Z,-21.7372200,166.1796713,13.0,30387.9,7.972,116,89,84
2026-07-27T20:00:56Z,-21.7372455,166.1795962,13.0,30395.9,7.914,116,88,84
2026-07-27T20:00:57Z,-21.7372723,166.1795211,13.0,30403.6,7.851,115,89,84
2026-07-27T20:00:58Z,-21.7373018,166.1794674,13.0,30411.7,7.787,112,89,84
2026-07-27T20:00:59Z,-21.7373286,166.1793816,13.0,30419.2,7.730,112,89,84
2026-07-27T20:01:00Z,-21.7373608,166.1793280,13.0,30427.1,7.673,112,88,85
2026-07-27T20:01:01Z,-21.7373890,166.1792636,13.0,30434.5,7.623,112,88,85
2026-07-27T20:01:02Z,-21.7374171,166.1791885,13.0,30442.1,7.572,112,88,84
2026-07-27T20:01:03Z,-21.7374480,166.1791241,13.0,30450.0,7.522,112,88,85
2026-07-27T20:01:04Z,-21.7374775,166.1790490,13.0,30457.2,7.479,112,87,84
2026-07-27T20:01:05Z,-21.7375056,166.1789846,13.0,30464.7,7.435,112,87,85
2026-07-27T20:01:06Z,-21.7375338,166.1789310,13.0,30472.2,7.393,112,86,84
2026-07-27T20:01:07Z,-21.7375633,166.1788666,13.0,30479.7,7.358,111,85,84
2026-07-27T20:01:08Z,-21.7375915,166.1788023,13.0,30486.8,7.335,111,85,84
2026-07-27T20:01:09Z,-21.7376223,166.1787271,13.0,30494.4,7.311,111,85,84
2026-07-27T20:01:10Z,-21.7376505,166.1786735,13.0,30501.6,7.290,111,86,85
2026-07-27T20:01:11Z,-21.7376773,166.1786091,13.0,30508.6,7.270,111,86,84
2026-07-27T20:01:12Z,-21.7377055,166.1785448,13.0,30516.0,7.250,111,86,84
2026-07-27T20:01:13Z,-21.7377323,166.1784911,13.0,30523.2,7.231,111,87,85
2026-07-27T20:01:14Z,-21.7377578,166.1784267,13.0,30530.1,7.216,111,87,85
2026-07-27T20:01:15Z,-21.7377859,166.1783516,13.0,30537.6,7.198,111,87,84
2026-07-27T20:01:16Z,-21.7378101,166.1782873,13.0,30544.7,7.182,111,88,84
2026-07-27T20:01:17Z,-21.7378396,166.1782229,13.0,30552.0,7.166,111,88,84
2026-07-27T20:01:18Z,-21.7378637,166.1781693,13.0,30559.1,7.151,111,88,85
2026-07-27T20:01:19Z,-21.7378905,166.1781049,13.0,30566.1,7.138,111,88,85
2026-07-27T20:01:20Z,-21.7379174,166.1780405,13.0,30573.3,7.124,111,87,81
2026-07-27T20:01:21Z,-21.7379482,166.1779869,13.0,30580.8,7.104,111,88,80
2026-07-27T20:01:22Z,-21.7379764,166.1779225,13.0,30587.8,7.101,111,88,80
2026-07-27T20:01:23Z,-21.7380019,166.1778581,13.0,30594.6,7.111,111,87,79
2026-07-27T20:01:24Z,-21.7380287,166.1777830,13.0,30601.9,7.116,111,87,79
2026-07-27T20:01:25Z,-21.7380568,166.1777186,13.0,30608.9,7.115,111,88,80
2026-07-27T20:01:26Z,-21.7380890,166.1776650,13.0,30616.3,7.107,111,88,80
2026-07-27T20:01:27Z,-21.7381172,166.1776006,13.0,30623.3,7.120,111,87,80
2026-07-27T20:01:28Z,-21.7381386,166.1775362,13.0,30630.3,7.132,112,87,79
2026-07-27T20:01:29Z,-21.7381534,166.1774826,13.0,30637.6,7.111,111,87,80
2026-07-27T20:01:30Z,-21.7381614,166.1774075,13.0,30644.8,7.092,111,87,80
2026-07-27T20:01:31Z,-21.7381507,166.1773431,13.0,30652.0,7.074,111,87,80
2026-07-27T20:01:32Z,-21.7381252,166.1772788,13.0,30658.5,7.058,112,87,80
2026-07-27T20:01:33Z,-21.7380877,166.1772144,13.0,30665.7,7.044,111,87,80
2026-07-27T20:01:34Z,-21.7380421,166.1771715,13.0,30672.9,7.033,112,87,80
2026-07-27T20:01:35Z,-21.7379938,166.1771286,13.0,30679.7,7.025,112,87,80
2026-07-27T20:01:36Z,-21.7379442,166.1770964,13.0,30686.7,7.018,111,87,79
2026-07-27T20:01:37Z,-21.7378932,166.1770535,13.0,30694.0,7.013,111,86,79
2026-07-27T20:01:38Z,-21.7378449,166.1770105,13.0,30700.8,7.013,112,86,80
2026-07-27T20:01:39Z,-21.7377953,166.1769569,13.0,30708.1,7.034,112,86,79
2026-07-27T20:01:40Z,-21.7377497,166.1769140,13.0,30714.8,7.065,111,86,80
2026-07-27T20:01:41Z,-21.7377001,166.1768711,13.0,30722.3,7.099,112,86,80
2026-07-27T20:01:42Z,-21.7376545,166.1768281,13.0,30729.4,7.122,112,86,79
2026-07-27T20:01:43Z,-21.7376103,166.1767745,13.0,30736.2,7.131,111,82,80
2026-07-27T20:01:44Z,-21.7375633,166.1767316,13.0,30743.4,7.089,111,82,25
2026-07-27T20:01:45Z,-21.7375164,166.1766887,13.0,30750.3,6.986,111,82,43
2026-07-27T20:01:46Z,-21.7374694,166.1766350,13.0,30757.5,6.897,110,86,80
2026-07-27T20:01:47Z,-21.7374212,166.1765921,13.2,30764.4,6.824,110,87,79
2026-07-27T20:01:48Z,-21.7373756,166.1765492,13.2,30771.3,6.738,109,82,80
2026-07-27T20:01:49Z,-21.7373300,166.1765063,13.2,30778.1,6.642,109,83,79
2026-07-27T20:01:50Z,-21.7372857,166.1764526,13.4,30784.4,6.548,109,82,76
2026-07-27T20:01:51Z,-21.7372428,166.1764312,13.4,30791.1,6.439,109,83,74
2026-07-27T20:01:52Z,-21.7371985,166.1763775,13.6,30797.5,6.330,108,83,74
2026-07-27T20:01:53Z,-21.7371583,166.1763346,13.6,30803.7,6.224,108,83,75
2026-07-27T20:01:54Z,-21.7371167,166.1763024,13.8,30809.7,6.102,108,86,75
2026-07-27T20:01:55Z,-21.7370765,166.1762595,13.8,30815.7,5.965,108,86,74
2026-07-27T20:01:56Z,-21.7370363,166.1762273,14.0,30821.6,5.823,108,86,75
2026-07-27T20:01:57Z,-21.7369960,166.1761844,14.0,30827.5,5.681,109,87,74
2026-07-27T20:01:58Z,-21.7369585,166.1761522,14.2,30833.2,5.541,108,87,74
2026-07-27T20:01:59Z,-21.7369223,166.1761200,14.2,30838.5,5.431,108,86,75
2026-07-27T20:02:00Z,-21.7368861,166.1760771,14.2,30843.8,5.329,108,86,74
2026-07-27T20:02:01Z,-21.7368512,166.1760449,14.4,30849.0,5.219,107,85,74
2026-07-27T20:02:02Z,-21.7368136,166.1760128,14.4,30854.4,5.063,107,85,75
2026-07-27T20:02:03Z,-21.7367841,166.1759806,14.6,30859.3,4.808,107,85,75
2026-07-27T20:02:04Z,-21.7367573,166.1759377,14.8,30863.9,4.631,107,85,75
2026-07-27T20:02:05Z,-21.7367332,166.1759055,15.0,30868.5,4.483,107,85,71
2026-07-27T20:02:06Z,-21.7367117,166.1758733,15.0,30872.8,4.345,107,85,69
2026-07-27T20:02:07Z,-21.7366929,166.1758304,15.2,30877.3,4.209,106,85,69
2026-07-27T20:02:08Z,-21.7366795,166.1757982,15.2,30881.4,4.096,106,85,69
2026-07-27T20:02:09Z,-21.7366688,166.1757660,15.2,30885.3,3.995,106,85,69
2026-07-27T20:02:10Z,-21.7366621,166.1757231,15.4,30889.2,3.927,107,85,70
2026-07-27T20:02:11Z,-21.7366581,166.1756802,15.4,30893.3,3.864,107,85,70
2026-07-27T20:02:12Z,-21.7366554,166.1756480,15.6,30897.0,3.801,107,85,70
2026-07-27T20:02:13Z,-21.7366514,166.1756158,15.6,30900.7,3.739,106,85,69
2026-07-27T20:02:14Z,-21.7366487,166.1755729,15.6,30904.6,3.751,106,84,69
2026-07-27T20:02:15Z,-21.7366447,166.1755407,15.8,30908.2,3.778,105,84,69
2026-07-27T20:02:16Z,-21.7366433,166.1755085,15.8,30912.0,3.789,105,84,69
2026-07-27T20:02:17Z,-21.7366393,166.1754656,16.0,30915.8,3.797,106,84,69
2026-07-27T20:02:18Z,-21.7366379,166.1754334,16.0,30919.8,3.786,106,84,69
2026-07-27T20:02:19Z,-21.7366339,166.1753905,16.0,30923.5,3.725,106,84,69
2026-07-27T20:02:20Z,-21.7366326,166.1753583,16.2,30927.1,3.741,107,84,69
2026-07-27T20:02:21Z,-21.7366299,166.1753261,16.2,30930.8,3.729,107,84,69
2026-07-27T20:02:22Z,-21.7366259,166.1752832,16.4,30934.7,3.715,107,84,70
2026-07-27T20:02:23Z,-21.7366245,166.1752510,16.4,30938.4,3.705,107,84,70
2026-07-27T20:02:24Z,-21.7366205,166.1752188,16.4,30942.1,3.701,106,84,70
2026-07-27T20:02:25Z,-21.7366192,166.1751759,16.6,30945.6,3.692,105,85,70
2026-07-27T20:02:26Z,-21.7366152,166.1751437,16.6,30949.5,3.674,105,85,69
2026-07-27T20:02:27Z,-21.7366125,166.1751115,16.6,30953.0,3.686,106,85,69
2026-07-27T20:02:28Z,-21.7366111,166.1750686,16.8,30956.7,3.674,106,85,69
2026-07-27T20:02:29Z,-21.7366071,166.1750364,16.8,30960.5,3.643,107,85,70
2026-07-27T20:02:30Z,-21.7366058,166.1750042,17.0,30964.0,3.640,107,85,70
2026-07-27T20:02:31Z,-21.7366031,166.1749721,17.0,30967.7,3.637,107,85,70
2026-07-27T20:02:32Z,-21.7365991,166.1749291,17.0,30971.5,3.632,107,85,69
2026-07-27T20:02:33Z,-21.7365977,166.1748970,17.2,30974.9,3.590,107,85,70
2026-07-27T20:02:34Z,-21.7365950,166.1748648,17.2,30978.4,3.541,107,85,69
2026-07-27T20:02:35Z,-21.7365924,166.1748433,17.2,30981.9,3.490,107,85,67
2026-07-27T20:02:36Z,-21.7365897,166.1747897,17.4,30985.4,3.447,107,85,65
2026-07-27T20:02:37Z,-21.7365883,166.1747682,17.4,30988.9,3.504,107,86,65
2026-07-27T20:02:38Z,-21.7365843,166.1747360,17.4,30992.4,3.522,107,86,64
2026-07-27T20:02:39Z,-21.7365830,166.1747038,17.6,30996.1,3.533,108,86,65
2026-07-27T20:02:40Z,-21.7365803,166.1746609,17.6,30999.6,3.542,108,87,65
2026-07-27T20:02:41Z,-21.7365763,166.1746287,17.8,31003.1,3.542,108,87,65
2026-07-27T20:02:42Z,-21.7365749,166.1745965,17.8,31006.7,3.536,108,87,48
2026-07-27T20:02:43Z,-21.7365722,166.1745644,17.8,31010.1,3.437,108,87,5
2026-07-27T20:02:44Z,-21.7365696,166.1745322,18.0,31013.6,3.232,108,87,26
2026-07-27T20:02:45Z,-21.7365669,166.1745000,18.0,31016.6,3.128,107,49,64
2026-07-27T20:02:46Z,-21.7365655,166.1744678,18.0,31019.8,3.100,107,86,64
2026-07-27T20:02:47Z,-21.7365628,166.1744463,18.2,31022.8,3.083,107,86,64
2026-07-27T20:02:48Z,-21.7365615,166.1744142,18.2,31025.9,3.059,107,87,64
2026-07-27T20:02:49Z,-21.7365588,166.1743927,18.2,31026.8,3.056,107,87,64
2026-07-27T20:02:50Z,-21.7365561,166.1743498,18.4,31031.9,2.861,106,86,13
2026-07-27T20:02:51Z,-21.7365535,166.1743176,18.4,31034.6,2.395,107,86,0
2026-07-27T20:02:52Z,-21.7365535,166.1743069,18.4,31036.6,1.556,107,0,0
2026-07-27T20:02:53Z,-21.7365521,166.1742854,18.4,31037.7,0.713,108,0,0
2026-07-27T20:02:54Z,-21.7365521,166.1742854,18.4,31038.0,0.035,108,0,0
2026-07-27T20:02:55Z,-21.7365521,166.1742854,18.4,31038.0,0.000,107,0,0
2026-07-27T20:02:56Z,-21.7365521,166.1742854,18.4,31038.0,0.000,105,0,0
2026-07-27T20:02:57Z,-21.7365521,166.1742854,18.4,31038.0,0.000,104,0,0
