timestamp,lat,lon,altitude_m,distance_m,speed_ms,heart_rate_bpm,cadence_rpm,power_w
2026-07-22T20:24:52Z,-21.7253459,166.1567009,11.6,0.4,0.000,110,81,124
2026-07-22T20:24:53Z,-21.7253390,166.1567120,11.6,1.5,1.100,110,81,125
2026-07-22T20:24:54Z,-21.7253260,166.1567220,11.6,3.7,1.650,111,81,125
2026-07-22T20:24:55Z,-21.7253080,166.1567439,11.6,6.6,2.067,112,81,125
2026-07-22T20:24:56Z,-21.7252909,166.1567760,11.6,9.9,2.375,112,82,125
2026-07-22T20:24:57Z,-21.7252690,166.1568080,11.4,13.8,2.680,112,83,125
2026-07-22T20:24:58Z,-21.7252469,166.1568299,11.4,18.1,3.320,112,84,124
2026-07-22T20:24:59Z,-21.7252220,166.1568619,11.4,22.6,3.780,113,84,124
2026-07-22T20:25:00Z,-21.7251960,166.1569149,11.2,27.6,4.200,113,85,124
2026-07-22T20:25:01Z,-21.7251670,166.1569579,11.2,32.9,4.600,113,86,124
2026-07-22T20:25:02Z,-21.7251380,166.1570009,11.2,38.5,4.940,113,86,124
2026-07-22T20:25:03Z,-21.7251070,166.1570439,11.0,44.4,5.260,113,86,125
2026-07-22T20:25:04Z,-21.7250790,166.1570980,11.0,50.4,5.560,113,86,125
2026-07-22T20:25:05Z,-21.7250510,166.1571410,11.0,56.8,5.840,114,85,124
2026-07-22T20:25:06Z,-21.7250210,166.1572049,10.8,63.2,6.060,114,85,125
2026-07-22T20:25:07Z,-21.7249930,166.1572589,10.8,69.9,6.280,114,85,124
2026-07-22T20:25:08Z,-21.7249690,166.1573230,10.6,76.8,6.480,114,85,124
2026-07-22T20:25:09Z,-21.7249459,166.1573870,10.6,83.9,6.700,115,85,124
2026-07-22T20:25:10Z,-21.7249289,166.1574410,10.6,91.1,6.860,115,84,125
2026-07-22T20:25:11Z,-21.7249169,166.1575160,10.6,98.5,7.060,116,84,124
2026-07-22T20:25:12Z,-21.7249110,166.1575809,10.6,105.9,7.200,116,84,124
2026-07-22T20:25:13Z,-21.7249129,166.1576560,10.4,113.3,7.300,116,84,124
2026-07-22T20:25:14Z,-21.7249250,166.1577310,10.4,120.9,7.400,116,84,124
2026-07-22T20:25:15Z,-21.7249490,166.1577949,10.4,128.5,7.480,115,83,125
2026-07-22T20:25:16Z,-21.7249820,166.1578700,10.4,136.1,7.520,115,83,124
2026-07-22T20:25:17Z,-21.7250200,166.1579349,10.4,143.8,7.580,115,82,125
2026-07-22T20:25:18Z,-21.7250680,166.1579779,10.4,151.8,7.700,117,83,124
2026-07-22T20:25:19Z,-21.7251190,166.1580420,10.2,159.6,7.740,117,83,124
2026-07-22T20:25:20Z,-21.7251780,166.1580850,10.2,167.5,7.800,117,83,124
2026-07-22T20:25:21Z,-21.7252410,166.1581170,10.4,175.4,7.860,118,83,125
2026-07-22T20:25:22Z,-21.7253080,166.1581490,10.4,183.2,7.880,118,83,125
2026-07-22T20:25:23Z,-21.7253729,166.1581600,10.6,190.7,7.780,118,84,124
2026-07-22T20:25:24Z,-21.7254400,166.1581600,10.8,198.1,7.700,118,84,124
2026-07-22T20:25:25Z,-21.7255070,166.1581809,11.0,205.4,7.580,119,84,125
2026-07-22T20:25:26Z,-21.7255670,166.1581920,11.2,212.4,7.400,119,86,125
2026-07-22T20:25:27Z,-21.7256300,166.1581920,11.4,219.3,7.220,119,85,124
2026-07-22T20:25:28Z,-21.7256889,166.1582030,11.6,226.0,7.060,119,85,124
2026-07-22T20:25:29Z,-21.7257469,166.1582239,11.6,232.5,6.880,118,85,124
2026-07-22T20:25:30Z,-21.7258049,166.1582239,11.8,238.9,6.700,118,85,124
2026-07-22T20:25:31Z,-21.7258590,166.1582350,12.0,245.1,6.540,118,85,124
2026-07-22T20:25:32Z,-21.7259130,166.1582569,12.2,251.1,6.360,117,85,125
2026-07-22T20:25:33Z,-21.7259680,166.1582569,12.2,257.2,6.240,118,85,125
2026-07-22T20:25:34Z,-21.7260189,166.1582669,12.4,263.0,6.100,118,85,125
2026-07-22T20:25:35Z,-21.7260710,166.1582669,12.6,268.8,5.980,118,85,125
2026-07-22T20:25:36Z,-21.7261209,166.1582890,12.6,274.4,5.860,119,87,125
2026-07-22T20:25:37Z,-21.7261710,166.1582890,12.8,280.0,5.780,118,88,125
2026-07-22T20:25:38Z,-21.7262200,166.1582989,13.0,285.5,5.660,118,88,125
2026-07-22T20:25:39Z,-21.7262669,166.1583099,13.0,290.9,5.580,119,88,125
2026-07-22T20:25:40Z,-21.7263150,166.1583099,13.2,296.1,5.460,119,88,124
2026-07-22T20:25:41Z,-21.7263620,166.1583320,13.4,301.5,5.420,119,88,125
2026-07-22T20:25:42Z,-21.7264079,166.1583320,13.4,306.7,5.340,119,87,125
2026-07-22T20:25:43Z,-21.7264559,166.1583419,13.6,311.9,5.280,119,87,124
2026-07-22T20:25:44Z,-21.7265010,166.1583419,13.8,316.9,5.200,119,87,124
2026-07-22T20:25:45Z,-21.7265460,166.1583640,13.8,322.1,5.200,118,87,124
2026-07-22T20:25:46Z,-21.7265900,166.1583640,14.0,326.9,5.080,118,86,124
2026-07-22T20:25:47Z,-21.7266320,166.1583750,14.0,331.6,4.980,117,86,124
2026-07-22T20:25:48Z,-21.7266780,166.1583750,14.2,336.8,4.980,116,86,124
2026-07-22T20:25:49Z,-21.7267220,166.1583849,14.4,341.7,4.960,116,86,124
2026-07-22T20:25:50Z,-21.7267630,166.1583849,14.4,346.5,4.880,115,86,124
2026-07-22T20:25:51Z,-21.7268080,166.1584070,14.6,351.4,4.900,114,86,124
2026-07-22T20:25:52Z,-21.7268490,166.1584070,14.6,356.0,4.880,114,86,125
2026-07-22T20:25:53Z,-21.7268910,166.1584170,14.8,360.8,4.800,114,87,125
2026-07-22T20:25:54Z,-21.7269340,166.1584170,14.8,365.4,4.740,113,87,125
2026-07-22T20:25:55Z,-21.7269729,166.1584389,15.0,370.0,4.700,113,88,124
2026-07-22T20:25:56Z,-21.7270129,166.1584500,15.0,374.9,4.700,113,88,124
2026-07-22T20:25:57Z,-21.7270480,166.1584819,15.2,379.4,4.680,112,89,125
2026-07-22T20:25:58Z,-21.7270800,166.1585139,15.2,384.1,4.660,111,89,125
2026-07-22T20:25:59Z,-21.7271119,166.1585460,15.2,389.0,4.720,112,89,125
2026-07-22T20:26:00Z,-21.7271419,166.1585780,15.2,394.2,4.840,112,89,125
2026-07-22T20:26:01Z,-21.7271640,166.1586210,15.2,399.1,4.840,113,89,125
2026-07-22T20:26:02Z,-21.7271869,166.1586640,15.2,404.5,5.020,111,89,125
2026-07-22T20:26:03Z,-21.7272070,166.1587070,15.2,409.8,5.140,111,89,125
2026-07-22T20:26:04Z,-21.7272250,166.1587610,15.2,415.4,5.280,111,89,125
2026-07-22T20:26:05Z,-21.7272380,166.1588139,15.2,421.1,5.380,111,89,124
2026-07-22T20:26:06Z,-21.7272500,166.1588790,15.2,427.0,5.580,111,89,124
2026-07-22T20:26:07Z,-21.7272569,166.1589220,15.2,433.1,5.720,111,89,125
2026-07-22T20:26:08Z,-21.7272609,166.1589859,15.2,439.3,5.900,111,89,124
2026-07-22T20:26:09Z,-21.7272599,166.1590500,15.0,445.6,6.040,111,89,124
2026-07-22T20:26:10Z,-21.7272520,166.1591039,15.0,452.1,6.200,112,89,125
2026-07-22T20:26:11Z,-21.7272340,166.1591680,15.0,458.8,6.360,112,88,125
2026-07-22T20:26:12Z,-21.7272070,166.1592329,15.0,465.4,6.460,112,88,125
2026-07-22T20:26:13Z,-21.7271670,166.1592759,15.0,472.3,6.600,112,88,125
2026-07-22T20:26:14Z,-21.7271169,166.1593189,15.0,479.2,6.720,113,88,125
2026-07-22T20:26:15Z,-21.7270650,166.1593510,15.0,486.2,6.820,112,89,125
2026-07-22T20:26:16Z,-21.7270090,166.1593940,15.0,493.2,6.880,112,89,125
2026-07-22T20:26:17Z,-21.7269569,166.1594260,15.0,500.3,6.980,112,89,124
2026-07-22T20:26:18Z,-21.7268999,166.1594580,15.0,507.3,7.000,112,89,125
2026-07-22T20:26:19Z,-21.7268450,166.1595010,15.0,514.4,7.040,112,89,125
2026-07-22T20:26:20Z,-21.7267900,166.1595329,15.0,521.6,7.080,112,88,125
2026-07-22T20:26:21Z,-21.7267370,166.1595649,15.0,528.8,7.120,112,88,125
2026-07-22T20:26:22Z,-21.7266819,166.1596079,15.0,536.0,7.140,112,88,125
2026-07-22T20:26:23Z,-21.7266239,166.1596410,15.0,543.2,7.180,112,87,124
2026-07-22T20:26:24Z,-21.7265689,166.1596830,15.0,550.5,7.220,112,87,124
2026-07-22T20:26:25Z,-21.7265140,166.1597160,15.0,557.8,7.240,112,86,125
2026-07-22T20:26:26Z,-21.7264559,166.1597590,15.0,565.1,7.260,112,86,124
2026-07-22T20:26:27Z,-21.7264010,166.1597909,15.0,572.3,7.260,112,85,124
2026-07-22T20:26:28Z,-21.7263440,166.1598229,15.0,579.7,7.300,112,85,125
2026-07-22T20:26:29Z,-21.7262860,166.1598659,15.0,587.1,7.320,112,85,125
2026-07-22T20:26:30Z,-21.7262300,166.1598980,15.0,594.5,7.340,112,84,124
2026-07-22T20:26:31Z,-21.7261720,166.1599519,15.0,601.9,7.360,111,84,125
2026-07-22T20:26:32Z,-21.7261140,166.1599730,15.0,609.4,7.420,111,84,125
2026-07-22T20:26:33Z,-21.7260580,166.1600270,15.0,616.8,7.420,111,84,125
2026-07-22T20:26:34Z,-21.7260000,166.1600480,15.0,624.4,7.460,110,84,125
2026-07-22T20:26:35Z,-21.7259410,166.1601020,15.0,631.9,7.480,110,84,124
2026-07-22T20:26:36Z,-21.7258860,166.1601340,15.0,639.3,7.480,109,85,125
2026-07-22T20:26:37Z,-21.7258270,166.1601770,15.0,646.8,7.480,109,85,125
2026-07-22T20:26:38Z,-21.7257700,166.1602089,15.0,654.3,7.500,109,85,125
2026-07-22T20:26:39Z,-21.7257110,166.1602519,15.0,662.1,7.540,109,85,124
2026-07-22T20:26:40Z,-21.7256530,166.1602839,15.0,669.5,7.520,108,85,125
2026-07-22T20:26:41Z,-21.7255940,166.1603269,15.0,677.1,7.560,108,84,125
2026-07-22T20:26:42Z,-21.7255339,166.1603590,15.0,684.8,7.600,108,84,124
2026-07-22T20:26:43Z,-21.7254749,166.1604020,15.0,692.5,7.640,108,83,124
2026-07-22T20:26:44Z,-21.7254140,166.1604340,15.0,700.4,7.660,108,83,124
2026-07-22T20:26:45Z,-21.7253540,166.1604770,15.0,708.3,7.760,108,82,124
2026-07-22T20:26:46Z,-21.7252920,166.1605099,15.0,716.2,7.820,107,82,124
2026-07-22T20:26:47Z,-21.7252319,166.1605529,15.0,724.1,7.860,107,82,125
2026-07-22T20:26:48Z,-21.7251729,166.1606060,15.0,732.0,7.900,107,83,124
2026-07-22T20:26:49Z,-21.7251139,166.1606490,15.0,739.8,7.880,107,83,124
2026-07-22T20:26:50Z,-21.7250559,166.1606920,15.0,747.7,7.880,107,83,124
2026-07-22T20:26:51Z,-21.7250070,166.1607350,15.0,755.6,7.880,107,82,125
2026-07-22T20:26:52Z,-21.7249620,166.1607989,15.0,763.5,7.880,107,83,125
2026-07-22T20:26:53Z,-21.7249289,166.1608739,15.0,771.6,7.920,107,84,125
2026-07-22T20:26:54Z,-21.7249110,166.1609390,15.0,779.2,7.880,108,84,125
2026-07-22T20:26:55Z,-21.7249060,166.1610139,15.0,787.3,7.920,109,87,125
2026-07-22T20:26:56Z,-21.7249110,166.1610889,15.0,795.2,7.920,109,86,125
2026-07-22T20:26:57Z,-21.7249250,166.1611640,15.0,802.8,7.860,109,87,125
2026-07-22T20:26:58Z,-21.7249459,166.1612390,15.0,810.8,7.840,110,87,125
2026-07-22T20:26:59Z,-21.7249690,166.1613039,15.0,818.5,7.860,111,87,125
2026-07-22T20:27:00Z,-21.7249970,166.1613790,15.0,826.4,7.820,111,87,125
2026-07-22T20:27:01Z,-21.7250279,166.1614540,15.0,834.2,7.800,111,88,125
2026-07-22T20:27:02Z,-21.7250599,166.1615179,15.0,841.8,7.800,111,88,124
2026-07-22T20:27:03Z,-21.7250920,166.1615820,15.0,849.6,7.760,112,88,124
2026-07-22T20:27:04Z,-21.7251270,166.1616359,15.0,857.4,7.780,112,88,124
2026-07-22T20:27:05Z,-21.7251609,166.1617219,15.0,865.1,7.740,112,88,124
2026-07-22T20:27:06Z,-21.7251960,166.1617759,15.2,872.6,7.680,113,88,125
2026-07-22T20:27:07Z,-21.7252289,166.1618400,15.2,880.3,7.700,113,88,125
2026-07-22T20:27:08Z,-21.7252630,166.1619040,15.0,888.1,7.700,113,88,125
2026-07-22T20:27:09Z,-21.7252909,166.1619789,15.0,895.9,7.700,113,88,125
2026-07-22T20:27:10Z,-21.7253189,166.1620330,15.0,903.7,7.720,112,87,125
2026-07-22T20:27:11Z,-21.7253449,166.1621079,14.8,911.6,7.800,112,87,125
2026-07-22T20:27:12Z,-21.7253650,166.1621939,14.8,919.9,7.920,112,87,124
2026-07-22T20:27:13Z,-21.7253810,166.1622689,14.6,927.8,7.940,111,87,125
2026-07-22T20:27:14Z,-21.7253889,166.1623440,14.4,936.3,8.080,111,87,125
2026-07-22T20:27:15Z,-21.7253909,166.1624300,14.0,945.1,8.280,110,86,33
2026-07-22T20:27:16Z,-21.7253940,166.1625269,13.8,953.9,8.460,110,86,48
2026-07-22T20:27:17Z,-21.7253940,166.1626020,13.4,963.0,8.620,108,65,121
2026-07-22T20:27:18Z,-21.7253950,166.1626979,13.2,972.3,8.900,108,83,124
2026-07-22T20:27:19Z,-21.7254009,166.1627839,12.8,981.9,9.120,106,83,124
2026-07-22T20:27:20Z,-21.7254140,166.1628910,12.4,991.9,9.360,105,85,124
2026-07-22T20:27:21Z,-21.7254400,166.1629879,12.0,1002.0,9.620,104,85,125
2026-07-22T20:27:22Z,-21.7254840,166.1630739,11.8,1012.6,9.920,104,84,124
2026-07-22T20:27:23Z,-21.7255479,166.1631380,11.8,1023.2,10.180,104,83,124
2026-07-22T20:27:24Z,-21.7256339,166.1631810,11.8,1033.7,10.360,105,83,124
2026-07-22T20:27:25Z,-21.7257280,166.1631920,11.8,1044.3,10.480,106,84,125
2026-07-22T20:27:26Z,-21.7258189,166.1632129,12.0,1054.4,10.480,106,84,125
2026-07-22T20:27:27Z,-21.7259100,166.1632129,12.2,1064.5,10.380,107,84,75
2026-07-22T20:27:28Z,-21.7259960,166.1632129,12.4,1074.0,10.160,107,84,16
2026-07-22T20:27:29Z,-21.7260819,166.1632240,12.6,1083.5,9.960,108,84,16
2026-07-22T20:27:30Z,-21.7261590,166.1632449,12.8,1092.5,9.640,108,65,80
2026-07-22T20:27:31Z,-21.7262259,166.1632879,12.8,1101.4,9.400,108,79,126
2026-07-22T20:27:32Z,-21.7262770,166.1633630,12.8,1110.1,9.120,108,82,125
2026-07-22T20:27:33Z,-21.7263109,166.1634280,12.8,1118.7,8.940,108,85,125
2026-07-22T20:27:34Z,-21.7263330,166.1635140,12.6,1127.6,8.820,107,85,125
2026-07-22T20:27:35Z,-21.7263440,166.1635889,12.4,1136.4,8.780,107,86,125
2026-07-22T20:27:36Z,-21.7263450,166.1636850,12.4,1145.4,8.800,107,86,124
2026-07-22T20:27:37Z,-21.7263440,166.1637820,12.2,1154.4,8.860,107,86,124
2026-07-22T20:27:38Z,-21.7263379,166.1638680,12.0,1163.8,9.020,107,86,125
2026-07-22T20:27:39Z,-21.7263340,166.1639639,12.0,1173.1,9.100,109,86,125
2026-07-22T20:27:40Z,-21.7263340,166.1640499,11.8,1182.5,9.220,109,86,124
2026-07-22T20:27:41Z,-21.7263450,166.1641250,11.8,1191.9,9.300,109,85,124
2026-07-22T20:27:42Z,-21.7263720,166.1642219,11.8,1201.4,9.400,111,85,125
2026-07-22T20:27:43Z,-21.7264190,166.1642969,11.8,1210.6,9.360,112,85,125
2026-07-22T20:27:44Z,-21.7264829,166.1643610,12.0,1219.9,9.360,112,85,125
2026-07-22T20:27:45Z,-21.7265559,166.1643829,12.2,1228.6,9.220,113,85,125
2026-07-22T20:27:46Z,-21.7266290,166.1644040,12.6,1237.1,9.040,113,85,124
2026-07-22T20:27:47Z,-21.7267040,166.1644150,12.8,1245.3,8.780,113,85,124
2026-07-22T20:27:48Z,-21.7267740,166.1644150,13.2,1253.1,8.500,113,85,124
2026-07-22T20:27:49Z,-21.7268409,166.1644150,13.4,1260.6,8.140,113,85,124
2026-07-22T20:27:50Z,-21.7269070,166.1644359,13.8,1267.9,7.860,112,85,125
2026-07-22T20:27:51Z,-21.7269699,166.1644359,14.0,1274.7,7.520,112,85,125
2026-07-22T20:27:52Z,-21.7270259,166.1644470,14.2,1281.3,7.200,112,85,125
2026-07-22T20:27:53Z,-21.7270810,166.1644789,14.4,1287.8,6.940,111,85,124
2026-07-22T20:27:54Z,-21.7271299,166.1644900,14.6,1293.8,6.640,111,85,124
2026-07-22T20:27:55Z,-21.7271739,166.1645440,14.8,1299.8,6.380,111,86,124
2026-07-22T20:27:56Z,-21.7272149,166.1645649,15.0,1305.6,6.180,111,86,124
2026-07-22T20:27:57Z,-21.7272520,166.1645969,15.2,1311.4,6.020,111,86,125
2026-07-22T20:27:58Z,-21.7272859,166.1646509,15.2,1317.1,5.860,112,87,125
2026-07-22T20:27:59Z,-21.7273200,166.1646939,15.4,1322.7,5.780,112,87,125
2026-07-22T20:28:00Z,-21.7273510,166.1647370,15.4,1328.3,5.700,113,87,124
2026-07-22T20:28:01Z,-21.7273790,166.1647689,15.6,1333.8,5.640,112,87,124
2026-07-22T20:28:02Z,-21.7274060,166.1648119,15.6,1339.3,5.580,112,87,125
2026-07-22T20:28:03Z,-21.7274309,166.1648549,15.8,1344.8,5.540,112,88,124
2026-07-22T20:28:04Z,-21.7274540,166.1649190,15.8,1350.3,5.520,112,88,124
2026-07-22T20:28:05Z,-21.7274769,166.1649620,16.0,1356.0,5.540,112,88,125
2026-07-22T20:28:06Z,-21.7274940,166.1650159,16.0,1361.3,5.500,112,88,125
2026-07-22T20:28:07Z,-21.7275100,166.1650589,16.2,1366.8,5.500,111,88,124
2026-07-22T20:28:08Z,-21.7275260,166.1651019,16.2,1372.3,5.500,111,88,125
2026-07-22T20:28:09Z,-21.7275400,166.1651660,16.4,1377.6,5.460,111,88,125
2026-07-22T20:28:10Z,-21.7275489,166.1652090,16.4,1382.8,5.360,111,88,125
2026-07-22T20:28:11Z,-21.7275589,166.1652520,16.6,1388.0,5.340,111,88,125
2026-07-22T20:28:12Z,-21.7275640,166.1653050,16.8,1393.2,5.280,111,88,125
2026-07-22T20:28:13Z,-21.7275710,166.1653589,16.8,1398.3,5.200,111,88,125
2026-07-22T20:28:14Z,-21.7275720,166.1654130,17.0,1403.3,5.140,111,88,125
2026-07-22T20:28:15Z,-21.7275759,166.1654560,17.2,1408.2,5.080,111,88,125
2026-07-22T20:28:16Z,-21.7275759,166.1654980,17.2,1413.0,5.000,111,88,125
2026-07-22T20:28:17Z,-21.7275759,166.1655410,17.4,1417.7,4.900,111,88,124
2026-07-22T20:28:18Z,-21.7275759,166.1655950,17.6,1422.4,4.820,111,88,125
2026-07-22T20:28:19Z,-21.7275729,166.1656380,17.6,1426.9,4.720,110,88,125
2026-07-22T20:28:20Z,-21.7275729,166.1656810,17.8,1431.5,4.660,110,88,124
2026-07-22T20:28:21Z,-21.7275720,166.1657130,18.0,1435.9,4.580,110,89,125
2026-07-22T20:28:22Z,-21.7275720,166.1657560,18.0,1440.4,4.540,109,90,124
2026-07-22T20:28:23Z,-21.7275710,166.1658100,18.2,1444.8,4.480,109,90,124
2026-07-22T20:28:24Z,-21.7275670,166.1658530,18.4,1449.3,4.480,109,90,124
2026-07-22T20:28:25Z,-21.7275629,166.1658950,18.4,1453.6,4.420,109,90,124
2026-07-22T20:28:26Z,-21.7275589,166.1659280,18.6,1457.9,4.400,110,90,125
2026-07-22T20:28:27Z,-21.7275550,166.1659710,18.6,1462.3,4.380,110,90,124
2026-07-22T20:28:28Z,-21.7275530,166.1660240,18.8,1466.6,4.360,110,90,124
2026-07-22T20:28:29Z,-21.7275530,166.1660670,18.8,1470.9,4.320,111,90,125
2026-07-22T20:28:30Z,-21.7275530,166.1660990,19.0,1475.2,4.320,111,90,124
2026-07-22T20:28:31Z,-21.7275530,166.1661420,19.2,1479.5,4.320,111,90,125
2026-07-22T20:28:32Z,-21.7275550,166.1661850,19.2,1483.9,4.320,112,89,125
2026-07-22T20:28:33Z,-21.7275570,166.1662280,19.2,1488.3,4.340,112,89,124
2026-07-22T20:28:34Z,-21.7275599,166.1662600,19.4,1492.7,4.360,111,89,124
2026-07-22T20:28:35Z,-21.7275640,166.1663140,19.4,1497.2,4.400,112,89,124
2026-07-22T20:28:36Z,-21.7275710,166.1663570,19.6,1501.6,4.420,112,89,124
2026-07-22T20:28:37Z,-21.7275800,166.1664000,19.6,1506.2,4.460,112,90,124
2026-07-22T20:28:38Z,-21.7275899,166.1664430,19.6,1510.8,4.500,112,90,124
2026-07-22T20:28:39Z,-21.7276039,166.1664750,19.8,1515.5,4.560,112,90,124
2026-07-22T20:28:40Z,-21.7276230,166.1665280,19.8,1520.3,4.620,112,90,124
2026-07-22T20:28:41Z,-21.7276459,166.1665710,19.8,1525.4,4.760,111,90,124
2026-07-22T20:28:42Z,-21.7276710,166.1666140,19.8,1530.5,4.860,111,90,124
2026-07-22T20:28:43Z,-21.7276980,166.1666460,19.8,1535.7,4.980,111,90,124
2026-07-22T20:28:44Z,-21.7277260,166.1666890,19.8,1541.2,5.140,111,90,124
2026-07-22T20:28:45Z,-21.7277570,166.1667320,19.8,1546.7,5.280,111,90,124
2026-07-22T20:28:46Z,-21.7277879,166.1667860,19.8,1552.5,5.420,110,90,124
2026-07-22T20:28:47Z,-21.7278179,166.1668290,19.8,1558.3,5.560,111,90,125
2026-07-22T20:28:48Z,-21.7278469,166.1668720,19.8,1564.4,5.740,111,89,124
2026-07-22T20:28:49Z,-21.7278779,166.1669150,19.8,1570.6,5.880,111,89,124
2026-07-22T20:28:50Z,-21.7279020,166.1669790,19.6,1576.9,6.040,110,89,124
2026-07-22T20:28:51Z,-21.7279209,166.1670429,19.6,1583.4,6.180,111,89,125
2026-07-22T20:28:52Z,-21.7279329,166.1671080,19.6,1590.0,6.340,111,89,125
2026-07-22T20:28:53Z,-21.7279329,166.1671610,19.6,1596.8,6.480,111,89,124
2026-07-22T20:28:54Z,-21.7279209,166.1672259,19.6,1603.3,6.540,111,89,124
2026-07-22T20:28:55Z,-21.7279029,166.1673009,19.6,1610.2,6.660,111,89,125
2026-07-22T20:28:56Z,-21.7278810,166.1673650,19.6,1617.1,6.740,112,89,125
2026-07-22T20:28:57Z,-21.7278560,166.1674190,19.6,1624.0,6.800,112,90,125
2026-07-22T20:28:58Z,-21.7278280,166.1674830,19.6,1631.0,6.840,112,90,124
2026-07-22T20:28:59Z,-21.7277950,166.1675260,19.6,1638.0,6.940,112,90,124
2026-07-22T20:29:00Z,-21.7277629,166.1675910,19.6,1645.1,6.980,112,90,124
2026-07-22T20:29:01Z,-21.7277260,166.1676550,19.6,1652.2,7.020,112,90,125
2026-07-22T20:29:02Z,-21.7276889,166.1677090,19.6,1659.4,7.080,114,90,125
2026-07-22T20:29:03Z,-21.7276489,166.1677619,19.8,1666.6,7.120,114,90,124
2026-07-22T20:29:04Z,-21.7276080,166.1678159,19.8,1674.0,7.200,114,90,124
2026-07-22T20:29:05Z,-21.7275640,166.1678800,19.8,1681.4,7.260,114,90,124
2026-07-22T20:29:06Z,-21.7275169,166.1679230,19.8,1689.0,7.360,112,90,124
2026-07-22T20:29:07Z,-21.7274690,166.1679769,19.8,1696.5,7.420,112,90,124
2026-07-22T20:29:08Z,-21.7274189,166.1680309,19.8,1704.1,7.500,111,90,125
2026-07-22T20:29:09Z,-21.7273700,166.1680840,19.8,1711.8,7.560,111,90,125
2026-07-22T20:29:10Z,-21.7273200,166.1681380,19.8,1719.6,7.640,110,90,124
2026-07-22T20:29:11Z,-21.7272660,166.1681909,19.8,1727.5,7.700,110,91,125
2026-07-22T20:29:12Z,-21.7272149,166.1682339,19.8,1735.3,7.760,109,91,124
2026-07-22T20:29:13Z,-21.7271640,166.1682880,19.8,1743.2,7.820,109,91,125
2026-07-22T20:29:14Z,-21.7271110,166.1683420,19.8,1751.1,7.860,109,91,125
2026-07-22T20:29:15Z,-21.7270569,166.1683949,19.8,1759.1,7.900,109,91,125
2026-07-22T20:29:16Z,-21.7270060,166.1684489,19.8,1767.0,7.900,109,91,124
2026-07-22T20:29:17Z,-21.7269520,166.1684919,19.8,1775.1,7.960,109,91,125
2026-07-22T20:29:18Z,-21.7268999,166.1685560,19.8,1783.0,7.960,110,91,125
2026-07-22T20:29:19Z,-21.7268490,166.1685990,19.8,1790.9,7.960,110,91,125
2026-07-22T20:29:20Z,-21.7267979,166.1686639,19.8,1798.8,7.940,111,91,124
2026-07-22T20:29:21Z,-21.7267490,166.1687060,19.8,1806.5,7.900,111,91,124
2026-07-22T20:29:22Z,-21.7266959,166.1687710,19.8,1814.4,7.860,111,91,124
2026-07-22T20:29:23Z,-21.7266429,166.1688140,19.8,1822.5,7.900,112,90,125
2026-07-22T20:29:24Z,-21.7265920,166.1688780,19.8,1830.4,7.900,112,90,125
2026-07-22T20:29:25Z,-21.7265409,166.1689210,19.8,1838.3,7.900,112,91,125
2026-07-22T20:29:26Z,-21.7264910,166.1689750,19.8,1846.1,7.920,112,91,124
2026-07-22T20:29:27Z,-21.7264389,166.1690279,19.8,1853.9,7.900,113,91,124
2026-07-22T20:29:28Z,-21.7263850,166.1690709,19.8,1861.8,7.860,113,91,125
2026-07-22T20:29:29Z,-21.7263340,166.1691360,19.8,1869.8,7.880,113,90,124
2026-07-22T20:29:30Z,-21.7262829,166.1691780,19.8,1877.7,7.880,113,90,125
2026-07-22T20:29:31Z,-21.7262340,166.1692429,19.8,1885.5,7.880,113,91,124
2026-07-22T20:29:32Z,-21.7261840,166.1692969,19.8,1893.4,7.900,113,91,125
2026-07-22T20:29:33Z,-21.7261339,166.1693500,19.8,1901.2,7.880,112,91,125
2026-07-22T20:29:34Z,-21.7260819,166.1694040,19.8,1909.1,7.860,112,91,125
2026-07-22T20:29:35Z,-21.7260320,166.1694569,19.8,1916.9,7.840,111,92,125
2026-07-22T20:29:36Z,-21.7259820,166.1694999,19.8,1924.8,7.860,111,92,125
2026-07-22T20:29:37Z,-21.7259320,166.1695650,19.8,1932.4,7.800,111,92,125
2026-07-22T20:29:38Z,-21.7258799,166.1696080,19.8,1940.3,7.820,111,93,124
2026-07-22T20:29:39Z,-21.7258290,166.1696609,19.8,1948.2,7.820,111,93,124
2026-07-22T20:29:40Z,-21.7257779,166.1697149,19.8,1956.0,7.820,111,91,124
2026-07-22T20:29:41Z,-21.7257250,166.1697690,19.8,1964.0,7.840,111,90,124
2026-07-22T20:29:42Z,-21.7256739,166.1698220,19.8,1971.8,7.880,111,89,124
2026-07-22T20:29:43Z,-21.7256219,166.1698650,19.8,1979.7,7.880,111,89,124
2026-07-22T20:29:44Z,-21.7255720,166.1699299,19.8,1987.5,7.860,111,89,124
2026-07-22T20:29:45Z,-21.7255230,166.1699719,19.8,1995.3,7.860,111,88,124
2026-07-22T20:29:46Z,-21.7254749,166.1700370,19.8,2002.9,7.780,112,88,124
2026-07-22T20:29:47Z,-21.7254220,166.1700800,19.8,2010.9,7.820,112,87,124
2026-07-22T20:29:48Z,-21.7253710,166.1701440,19.8,2018.8,7.820,111,87,125
2026-07-22T20:29:49Z,-21.7253189,166.1701870,19.8,2026.6,7.820,111,87,125
2026-07-22T20:29:50Z,-21.7252690,166.1702510,19.8,2034.2,7.780,111,87,124
2026-07-22T20:29:51Z,-21.7252179,166.1702939,19.8,2042.1,7.840,111,87,124
2026-07-22T20:29:52Z,-21.7251690,166.1703369,19.8,2049.8,7.780,111,86,124
2026-07-22T20:29:53Z,-21.7251149,166.1704020,19.8,2057.9,7.820,110,86,124
2026-07-22T20:29:54Z,-21.7250660,166.1704440,19.8,2065.4,7.760,110,86,124
2026-07-22T20:29:55Z,-21.7250159,166.1705089,19.8,2073.2,7.800,110,86,125
2026-07-22T20:29:56Z,-21.7249650,166.1705519,19.8,2081.2,7.820,110,87,125
2026-07-22T20:29:57Z,-21.7249129,166.1705949,19.8,2088.9,7.820,110,87,125
2026-07-22T20:29:58Z,-21.7248620,166.1706590,19.8,2096.9,7.800,109,87,124
2026-07-22T20:29:59Z,-21.7248119,166.1707020,19.6,2104.6,7.840,109,87,124
2026-07-22T20:30:00Z,-21.7247610,166.1707659,19.6,2112.4,7.840,109,86,125
2026-07-22T20:30:01Z,-21.7247119,166.1708089,19.6,2120.2,7.800,109,86,124
2026-07-22T20:30:02Z,-21.7246590,166.1708740,19.6,2128.0,7.820,109,85,125
2026-07-22T20:30:03Z,-21.7246099,166.1709170,19.6,2135.8,7.780,110,85,124
2026-07-22T20:30:04Z,-21.7245590,166.1709809,19.6,2143.6,7.800,110,85,124
2026-07-22T20:30:05Z,-21.7245089,166.1710239,19.6,2151.4,7.800,109,84,125
2026-07-22T20:30:06Z,-21.7244569,166.1710880,19.6,2159.4,7.840,109,84,125
2026-07-22T20:30:07Z,-21.7244060,166.1711310,19.6,2167.2,7.840,109,85,124
2026-07-22T20:30:08Z,-21.7243549,166.1711740,19.6,2175.0,7.840,109,85,124
2026-07-22T20:30:09Z,-21.7243050,166.1712379,19.6,2182.8,7.840,109,86,124
2026-07-22T20:30:10Z,-21.7242560,166.1712809,19.6,2190.3,7.780,109,86,124
2026-07-22T20:30:11Z,-21.7242030,166.1713460,19.6,2198.3,7.780,108,84,124
2026-07-22T20:30:12Z,-21.7241539,166.1713890,19.6,2206.1,7.780,108,84,125
2026-07-22T20:30:13Z,-21.7241030,166.1714530,19.6,2213.9,7.780,108,84,125
2026-07-22T20:30:14Z,-21.7240489,166.1714960,19.6,2221.8,7.800,108,84,125
2026-07-22T20:30:15Z,-21.7239980,166.1715390,19.6,2229.6,7.860,108,84,124
2026-07-22T20:30:16Z,-21.7239480,166.1716030,19.6,2237.4,7.820,108,83,124
2026-07-22T20:30:17Z,-21.7239040,166.1716680,19.6,2245.1,7.800,109,84,125
2026-07-22T20:30:18Z,-21.7238629,166.1717210,19.6,2252.9,7.800,109,84,125
2026-07-22T20:30:19Z,-21.7238260,166.1717859,19.6,2260.7,7.780,109,85,125
2026-07-22T20:30:20Z,-21.7237919,166.1718500,19.6,2268.6,7.800,111,90,124
2026-07-22T20:30:21Z,-21.7237610,166.1719250,19.6,2276.3,7.780,112,91,125
2026-07-22T20:30:22Z,-21.7237339,166.1719889,19.6,2284.2,7.820,112,91,125
2026-07-22T20:30:23Z,-21.7237079,166.1720650,19.6,2291.9,7.800,112,91,124
2026-07-22T20:30:24Z,-21.7236840,166.1721179,19.6,2299.6,7.780,112,91,124
2026-07-22T20:30:25Z,-21.7236600,166.1722039,19.6,2307.5,7.780,111,91,125
2026-07-22T20:30:26Z,-21.7236369,166.1722790,19.6,2315.4,7.820,111,90,124
2026-07-22T20:30:27Z,-21.7236140,166.1723329,19.6,2323.4,7.840,111,90,124
2026-07-22T20:30:28Z,-21.7235889,166.1724079,19.6,2331.1,7.840,111,90,124
2026-07-22T20:30:29Z,-21.7235649,166.1724939,19.6,2339.0,7.880,112,90,124
2026-07-22T20:30:30Z,-21.7235370,166.1725690,19.6,2347.2,7.940,112,90,125
2026-07-22T20:30:31Z,-21.7235069,166.1726219,19.6,2354.8,7.880,111,90,125
2026-07-22T20:30:32Z,-21.7234749,166.1726870,19.6,2362.9,7.900,111,89,125
2026-07-22T20:30:33Z,-21.7234390,166.1727619,19.6,2370.7,7.920,111,89,124
2026-07-22T20:30:34Z,-21.7234010,166.1728260,19.6,2378.6,7.920,110,89,124
2026-07-22T20:30:35Z,-21.7233580,166.1728910,19.6,2386.8,7.920,110,88,125
2026-07-22T20:30:36Z,-21.7233150,166.1729440,19.6,2394.7,7.980,109,88,125
2026-07-22T20:30:37Z,-21.7232729,166.1730089,19.6,2402.6,7.940,109,88,124
2026-07-22T20:30:38Z,-21.7232299,166.1730730,19.6,2410.4,7.940,108,88,124
2026-07-22T20:30:39Z,-21.7231830,166.1731269,19.6,2418.4,7.960,109,89,124
2026-07-22T20:30:40Z,-21.7231370,166.1731910,19.6,2426.6,7.960,108,89,124
2026-07-22T20:30:41Z,-21.7230899,166.1732549,19.6,2434.6,7.980,109,89,125
2026-07-22T20:30:42Z,-21.7230449,166.1733089,19.6,2442.4,7.960,109,88,125
2026-07-22T20:30:43Z,-21.7229950,166.1733730,19.6,2450.6,8.039,109,88,124
2026-07-22T20:30:44Z,-21.7229469,166.1734160,19.6,2458.3,7.980,109,88,124
2026-07-22T20:30:45Z,-21.7228999,166.1734809,19.6,2466.2,7.920,109,89,125
2026-07-22T20:30:46Z,-21.7228500,166.1735450,19.6,2474.4,7.960,109,88,125
2026-07-22T20:30:47Z,-21.7227979,166.1735880,19.6,2482.4,8.000,110,88,124
2026-07-22T20:30:48Z,-21.7227480,166.1736520,19.6,2490.2,7.920,110,88,124
2026-07-22T20:30:49Z,-21.7226940,166.1736950,19.6,2498.1,7.960,110,88,124
2026-07-22T20:30:50Z,-21.7226439,166.1737600,19.6,2506.1,7.980,111,88,124
2026-07-22T20:30:51Z,-21.7225900,166.1738029,19.6,2514.1,7.940,111,88,125
2026-07-22T20:30:52Z,-21.7225350,166.1738670,19.6,2522.4,8.000,111,88,124
2026-07-22T20:30:53Z,-21.7224829,166.1739100,19.6,2530.2,8.000,111,88,124
2026-07-22T20:30:54Z,-21.7224300,166.1739530,19.6,2538.2,8.020,111,88,124
2026-07-22T20:30:55Z,-21.7223780,166.1740169,19.6,2546.2,8.020,112,89,125
2026-07-22T20:30:56Z,-21.7223239,166.1740599,19.6,2554.1,8.000,112,89,125
2026-07-22T20:30:57Z,-21.7222679,166.1741029,19.4,2562.3,7.980,112,89,125
2026-07-22T20:30:58Z,-21.7222060,166.1741569,19.2,2570.5,8.060,113,89,125
2026-07-22T20:30:59Z,-21.7221420,166.1741999,19.2,2578.9,8.140,113,89,124
2026-07-22T20:31:00Z,-21.7220740,166.1742420,19.0,2587.8,8.320,112,89,125
2026-07-22T20:31:01Z,-21.7220010,166.1742850,18.8,2596.6,8.500,112,89,124
2026-07-22T20:31:02Z,-21.7219259,166.1743179,18.6,2605.6,8.660,113,89,125
2026-07-22T20:31:03Z,-21.7218480,166.1743500,18.4,2614.9,8.880,112,89,125
2026-07-22T20:31:04Z,-21.7217659,166.1743710,18.4,2624.2,9.060,113,89,125
2026-07-22T20:31:05Z,-21.7216809,166.1743820,18.2,2633.7,9.180,112,89,125
2026-07-22T20:31:06Z,-21.7215949,166.1743710,18.2,2643.3,9.340,112,89,124
2026-07-22T20:31:07Z,-21.7215140,166.1743390,18.2,2652.8,9.440,113,89,125
2026-07-22T20:31:08Z,-21.7214369,166.1743070,18.4,2662.2,9.460,112,90,124
2026-07-22T20:31:09Z,-21.7213609,166.1742749,18.6,2671.2,9.400,112,90,124
2026-07-22T20:31:10Z,-21.7212879,166.1742420,19.0,2680.1,9.280,112,90,125
2026-07-22T20:31:11Z,-21.7212130,166.1742100,19.2,2688.6,9.060,112,91,124
2026-07-22T20:31:12Z,-21.7211439,166.1741780,19.6,2696.7,8.780,112,91,124
2026-07-22T20:31:13Z,-21.7210769,166.1741670,20.0,2704.3,8.420,112,91,124
2026-07-22T20:31:14Z,-21.7210140,166.1741569,20.2,2711.5,8.060,113,91,124
2026-07-22T20:31:15Z,-21.7209540,166.1741350,20.6,2718.6,7.700,113,91,125
2026-07-22T20:31:16Z,-21.7208960,166.1741240,20.8,2725.0,7.280,112,91,125
2026-07-22T20:31:17Z,-21.7208400,166.1741029,21.0,2731.4,6.940,112,91,124
2026-07-22T20:31:18Z,-21.7207869,166.1740920,21.2,2737.2,6.580,112,91,124
2026-07-22T20:31:19Z,-21.7207360,166.1740820,21.4,2743.1,6.320,112,91,125
2026-07-22T20:31:20Z,-21.7206869,166.1740820,21.6,2748.7,6.020,112,91,125
2026-07-22T20:31:21Z,-21.7206370,166.1740599,21.6,2754.4,5.880,112,90,124
2026-07-22T20:31:22Z,-21.7205879,166.1740490,21.8,2760.0,5.720,112,90,124
2026-07-22T20:31:23Z,-21.7205350,166.1740279,21.8,2765.8,5.720,112,90,125
2026-07-22T20:31:24Z,-21.7204839,166.1740279,21.6,2771.6,5.700,112,90,125
2026-07-22T20:31:25Z,-21.7204310,166.1740169,21.6,2777.8,5.820,112,89,124
2026-07-22T20:31:26Z,-21.7203730,166.1739960,21.4,2784.2,5.960,112,89,124
2026-07-22T20:31:27Z,-21.7203139,166.1739849,21.2,2791.0,6.200,112,89,125
2026-07-22T20:31:28Z,-21.7202510,166.1739739,20.8,2798.1,6.460,112,89,125
2026-07-22T20:31:29Z,-21.7201829,166.1739530,20.6,2805.7,6.820,113,89,125
2026-07-22T20:31:30Z,-21.7201129,166.1739530,20.2,2813.8,7.200,113,88,124
2026-07-22T20:31:31Z,-21.7200340,166.1739419,19.8,2822.3,7.620,112,88,125
2026-07-22T20:31:32Z,-21.7199549,166.1739419,19.4,2831.2,8.039,112,88,125
2026-07-22T20:31:33Z,-21.7198710,166.1739530,19.2,2840.4,8.460,113,88,125
2026-07-22T20:31:34Z,-21.7197880,166.1739739,19.0,2849.9,8.840,113,88,125
2026-07-22T20:31:35Z,-21.7197069,166.1739849,18.8,2859.2,9.080,113,89,124
2026-07-22T20:31:36Z,-21.7196219,166.1740169,18.6,2869.0,9.340,112,90,125
2026-07-22T20:31:37Z,-21.7195420,166.1740599,18.6,2878.6,9.480,112,90,124
2026-07-22T20:31:38Z,-21.7194619,166.1740920,18.6,2888.3,9.580,113,90,125
2026-07-22T20:31:39Z,-21.7193860,166.1741350,18.4,2897.6,9.540,112,90,125
2026-07-22T20:31:40Z,-21.7193069,166.1741670,18.4,2907.3,9.620,113,91,124
2026-07-22T20:31:41Z,-21.7192329,166.1742100,18.4,2916.8,9.560,113,91,125
2026-07-22T20:31:42Z,-21.7191570,166.1742640,18.4,2926.3,9.540,112,91,124
2026-07-22T20:31:43Z,-21.7190840,166.1743070,18.2,2935.7,9.480,112,91,124
2026-07-22T20:31:44Z,-21.7190100,166.1743500,18.2,2945.1,9.500,112,91,124
2026-07-22T20:31:45Z,-21.7189380,166.1743930,18.2,2954.3,9.400,112,91,125
2026-07-22T20:31:46Z,-21.7188619,166.1744459,18.2,2963.8,9.400,112,91,125
2026-07-22T20:31:47Z,-21.7187850,166.1744570,18.2,2972.6,9.260,112,91,125
2026-07-22T20:31:48Z,-21.7186989,166.1744570,18.2,2982.1,9.280,112,91,124
2026-07-22T20:31:49Z,-21.7186200,166.1744459,18.2,2991.0,9.180,111,91,124
2026-07-22T20:31:50Z,-21.7185419,166.1744140,18.2,3000.1,9.160,111,91,124
2026-07-22T20:31:51Z,-21.7184729,166.1743820,18.2,3009.1,9.060,111,91,124
2026-07-22T20:31:52Z,-21.7184070,166.1743179,18.2,3018.0,9.080,111,92,124
2026-07-22T20:31:53Z,-21.7183480,166.1742749,18.2,3026.9,8.960,111,92,124
2026-07-22T20:31:54Z,-21.7182940,166.1741999,18.2,3035.7,8.940,111,93,124
2026-07-22T20:31:55Z,-21.7182490,166.1741350,18.2,3044.4,8.860,111,94,124
2026-07-22T20:31:56Z,-21.7182040,166.1740599,18.4,3053.1,8.800,110,92,125
2026-07-22T20:31:57Z,-21.7181630,166.1739960,18.6,3061.6,8.720,110,91,124
2026-07-22T20:31:58Z,-21.7181230,166.1739210,18.6,3069.9,8.600,110,91,125
2026-07-22T20:31:59Z,-21.7180819,166.1738670,18.8,3078.2,8.500,110,91,125
2026-07-22T20:32:00Z,-21.7180440,166.1738029,18.8,3086.1,8.340,110,89,125
2026-07-22T20:32:01Z,-21.7180030,166.1737279,19.0,3094.1,8.200,110,89,125
2026-07-22T20:32:02Z,-21.7179630,166.1736630,19.0,3101.9,8.060,110,88,124
2026-07-22T20:32:03Z,-21.7179239,166.1735989,19.2,3109.6,7.940,110,88,125
2026-07-22T20:32:04Z,-21.7178870,166.1735559,19.2,3117.0,7.760,110,88,125
2026-07-22T20:32:05Z,-21.7178460,166.1734910,19.4,3124.6,7.700,110,89,124
2026-07-22T20:32:06Z,-21.7178060,166.1734379,19.4,3132.0,7.580,110,89,125
2026-07-22T20:32:07Z,-21.7177659,166.1733730,19.4,3139.3,7.480,110,90,125
2026-07-22T20:32:08Z,-21.7177239,166.1733310,19.4,3146.5,7.380,110,90,125
2026-07-22T20:32:09Z,-21.7176829,166.1732659,19.6,3154.0,7.400,110,90,125
2026-07-22T20:32:10Z,-21.7176399,166.1732020,19.6,3161.4,7.360,110,91,125
2026-07-22T20:32:11Z,-21.7176010,166.1731590,19.6,3168.4,7.280,111,91,125
2026-07-22T20:32:12Z,-21.7175539,166.1730949,19.6,3175.8,7.300,112,91,124
2026-07-22T20:32:13Z,-21.7175079,166.1730519,19.8,3182.9,7.280,112,91,125
2026-07-22T20:32:14Z,-21.7174610,166.1730089,19.8,3190.0,7.200,112,91,125
2026-07-22T20:32:15Z,-21.7174079,166.1729659,19.8,3197.4,7.200,113,90,124
2026-07-22T20:32:16Z,-21.7173540,166.1729340,19.8,3204.5,7.220,114,90,124
2026-07-22T20:32:17Z,-21.7173010,166.1729010,19.8,3211.4,7.120,115,90,124
2026-07-22T20:32:18Z,-21.7172440,166.1728690,19.8,3218.5,7.120,115,89,124
2026-07-22T20:32:19Z,-21.7171850,166.1728369,19.8,3225.9,7.180,115,88,125
2026-07-22T20:32:20Z,-21.7171280,166.1728049,20.0,3232.9,7.100,115,88,125
2026-07-22T20:32:21Z,-21.7170700,166.1727830,20.0,3239.9,7.080,114,88,125
2026-07-22T20:32:22Z,-21.7170110,166.1727509,20.0,3247.2,7.160,114,88,124
2026-07-22T20:32:23Z,-21.7169560,166.1727189,20.0,3254.2,7.140,114,88,124
2026-07-22T20:32:24Z,-21.7168970,166.1726759,20.0,3261.5,7.120,114,89,125
2026-07-22T20:32:25Z,-21.7168430,166.1726440,20.0,3268.6,7.140,114,88,124
2026-07-22T20:32:26Z,-21.7167879,166.1726010,20.0,3276.1,7.240,114,87,124
2026-07-22T20:32:27Z,-21.7167390,166.1725469,19.8,3283.3,7.220,114,87,124
2026-07-22T20:32:28Z,-21.7166889,166.1725039,19.8,3290.7,7.300,114,87,124
2026-07-22T20:32:29Z,-21.7166449,166.1724619,19.8,3298.2,7.340,114,87,125
2026-07-22T20:32:30Z,-21.7166009,166.1723970,19.6,3306.0,7.480,114,87,125
2026-07-22T20:32:31Z,-21.7165640,166.1723329,19.4,3313.6,7.500,114,88,125
2026-07-22T20:32:32Z,-21.7165279,166.1722580,19.4,3322.0,7.740,114,89,125
2026-07-22T20:32:33Z,-21.7164960,166.1722039,19.2,3330.0,7.860,113,89,125
2026-07-22T20:32:34Z,-21.7164640,166.1721179,19.0,3338.6,8.080,113,89,125
2026-07-22T20:32:35Z,-21.7164330,166.1720429,18.8,3346.9,8.180,113,88,125
2026-07-22T20:32:36Z,-21.7164019,166.1719680,18.6,3355.8,8.440,113,88,124
2026-07-22T20:32:37Z,-21.7163729,166.1718820,18.4,3364.9,8.580,113,88,125
2026-07-22T20:32:38Z,-21.7163419,166.1718070,18.2,3373.6,8.720,113,88,124
2026-07-22T20:32:39Z,-21.7163050,166.1717210,18.0,3382.6,8.800,113,88,124
2026-07-22T20:32:40Z,-21.7162640,166.1716460,17.8,3392.4,9.100,113,88,125
2026-07-22T20:32:41Z,-21.7162159,166.1715709,17.6,3401.8,9.200,112,88,125
2026-07-22T20:32:42Z,-21.7161660,166.1714960,17.6,3410.7,9.160,112,88,125
2026-07-22T20:32:43Z,-21.7161060,166.1714320,17.6,3420.1,9.300,112,87,124
2026-07-22T20:32:44Z,-21.7160310,166.1713780,17.4,3430.3,9.540,112,87,124
2026-07-22T20:32:45Z,-21.7159679,166.1713350,17.4,3438.7,9.260,112,87,124
2026-07-22T20:32:46Z,-21.7158940,166.1712809,17.4,3448.4,9.320,112,87,124
2026-07-22T20:32:47Z,-21.7158170,166.1712379,17.4,3458.1,9.480,112,87,125
2026-07-22T20:32:48Z,-21.7157519,166.1711959,17.6,3466.7,9.320,111,87,124
2026-07-22T20:32:49Z,-21.7156910,166.1711419,17.6,3475.2,8.980,111,87,124
2026-07-22T20:32:50Z,-21.7156229,166.1710880,17.6,3485.0,9.260,112,87,124
2026-07-22T20:32:51Z,-21.7155750,166.1710239,17.6,3492.8,8.880,112,87,124
2026-07-22T20:32:52Z,-21.7155300,166.1709490,17.6,3501.8,8.740,112,87,124
2026-07-22T20:32:53Z,-21.7155020,166.1708740,17.6,3510.3,8.720,113,87,125
2026-07-22T20:32:54Z,-21.7154870,166.1707990,17.6,3519.0,8.760,113,87,125
2026-07-22T20:32:55Z,-21.7154809,166.1707229,17.8,3527.5,8.500,114,87,125
2026-07-22T20:32:56Z,-21.7154829,166.1706479,17.8,3535.2,8.480,114,87,125
2026-07-22T20:32:57Z,-21.7154929,166.1705519,18.0,3543.7,8.380,114,87,125
2026-07-22T20:32:58Z,-21.7155099,166.1704769,18.0,3551.8,8.300,114,88,124
2026-07-22T20:32:59Z,-21.7155300,166.1704120,18.2,3559.5,8.100,114,88,124
2026-07-22T20:33:00Z,-21.7155570,166.1703369,18.4,3566.9,7.880,114,88,124
2026-07-22T20:33:01Z,-21.7155920,166.1702730,18.6,3574.8,7.920,113,87,125
2026-07-22T20:33:02Z,-21.7156269,166.1702189,18.6,3581.9,7.640,113,87,125
2026-07-22T20:33:03Z,-21.7156640,166.1701660,18.8,3588.9,7.420,113,86,124
2026-07-22T20:33:04Z,-21.7157060,166.1701120,19.0,3595.8,7.260,113,87,125
2026-07-22T20:33:05Z,-21.7157600,166.1700580,19.2,3603.6,7.340,113,88,125
2026-07-22T20:33:06Z,-21.7158080,166.1700370,19.4,3609.7,6.980,113,88,125
2026-07-22T20:33:07Z,-21.7158549,166.1700150,19.4,3615.5,6.720,113,88,125
2026-07-22T20:33:08Z,-21.7159129,166.1700049,19.6,3622.1,6.640,113,87,124
2026-07-22T20:33:09Z,-21.7159620,166.1699830,19.8,3627.7,6.380,113,87,124
2026-07-22T20:33:10Z,-21.7160160,166.1699830,20.0,3633.6,6.000,113,86,124
2026-07-22T20:33:11Z,-21.7160709,166.1699830,20.2,3639.6,5.980,114,86,125
2026-07-22T20:33:12Z,-21.7161159,166.1699830,20.4,3644.7,5.840,114,86,125
2026-07-22T20:33:13Z,-21.7161650,166.1699719,20.6,3650.0,5.580,114,87,125
2026-07-22T20:33:14Z,-21.7162119,166.1699719,20.6,3655.3,5.520,114,88,124
2026-07-22T20:33:15Z,-21.7162600,166.1699719,20.8,3660.5,5.380,114,88,125
2026-07-22T20:33:16Z,-21.7163009,166.1699719,21.0,3665.1,5.100,114,88,125
2026-07-22T20:33:17Z,-21.7163470,166.1699719,21.0,3670.3,5.120,114,88,125
2026-07-22T20:33:18Z,-21.7163910,166.1699719,21.2,3675.1,5.020,113,88,125
2026-07-22T20:33:19Z,-21.7164319,166.1699619,21.4,3679.6,4.860,114,88,125
2026-07-22T20:33:20Z,-21.7164719,166.1699400,21.4,3684.5,4.800,115,88,125
2026-07-22T20:33:21Z,-21.7165090,166.1699299,21.4,3689.1,4.800,115,88,125
2026-07-22T20:33:22Z,-21.7165439,166.1698970,21.6,3694.1,4.760,115,88,125
2026-07-22T20:33:23Z,-21.7165709,166.1698540,21.6,3698.9,4.760,115,88,125
2026-07-22T20:33:24Z,-21.7165940,166.1698220,21.6,3703.9,4.860,115,88,125
2026-07-22T20:33:25Z,-21.7166139,166.1697579,21.6,3709.9,5.080,115,88,125
2026-07-22T20:33:26Z,-21.7166230,166.1697149,21.6,3714.6,5.100,115,88,125
2026-07-22T20:33:27Z,-21.7166230,166.1696609,21.8,3720.4,5.260,114,87,124
2026-07-22T20:33:28Z,-21.7166179,166.1696179,22.0,3724.9,5.200,114,87,124
2026-07-22T20:33:29Z,-21.7166049,166.1695749,22.0,3729.7,5.160,113,87,124
2026-07-22T20:33:30Z,-21.7165840,166.1695330,22.2,3735.1,5.040,113,87,124
2026-07-22T20:33:31Z,-21.7165630,166.1694790,22.4,3739.8,5.040,113,87,124
2026-07-22T20:33:32Z,-21.7165400,166.1694569,22.6,3744.6,4.840,112,87,125
2026-07-22T20:33:33Z,-21.7165169,166.1694040,22.6,3748.9,4.800,112,87,125
2026-07-22T20:33:34Z,-21.7164920,166.1693719,22.8,3753.8,4.820,111,87,124
2026-07-22T20:33:35Z,-21.7164650,166.1693500,22.8,3758.4,4.660,111,87,125
2026-07-22T20:33:36Z,-21.7164419,166.1692969,23.0,3762.8,4.600,111,87,124
2026-07-22T20:33:37Z,-21.7164220,166.1692750,23.0,3767.3,4.540,110,86,124
2026-07-22T20:33:38Z,-21.7164050,166.1692210,23.2,3771.8,4.580,110,86,125
2026-07-22T20:33:39Z,-21.7163910,166.1691890,23.2,3776.3,4.500,110,86,125
2026-07-22T20:33:40Z,-21.7163820,166.1691460,23.2,3781.2,4.560,111,86,124
2026-07-22T20:33:41Z,-21.7163820,166.1690819,23.0,3786.6,4.760,111,86,124
2026-07-22T20:33:42Z,-21.7163889,166.1690389,23.0,3791.4,4.820,111,86,124
2026-07-22T20:33:43Z,-21.7164019,166.1689959,22.8,3797.1,5.060,111,86,124
2026-07-22T20:33:44Z,-21.7164190,166.1689320,22.8,3803.0,5.340,111,86,124
2026-07-22T20:33:45Z,-21.7164410,166.1688780,22.4,3809.7,5.700,111,86,124
2026-07-22T20:33:46Z,-21.7164500,166.1688140,22.2,3816.3,5.940,111,86,124
2026-07-22T20:33:47Z,-21.7164410,166.1687490,21.8,3823.6,6.440,111,86,124
2026-07-22T20:33:48Z,-21.7164090,166.1686740,21.6,3831.2,6.820,111,86,125
2026-07-22T20:33:49Z,-21.7163510,166.1686310,21.2,3839.5,7.300,111,86,124
2026-07-22T20:33:50Z,-21.7162790,166.1686099,21.0,3847.8,7.620,111,87,125
2026-07-22T20:33:51Z,-21.7162009,166.1686099,20.6,3856.5,8.039,112,87,125
2026-07-22T20:33:52Z,-21.7161240,166.1686420,20.4,3865.4,8.360,112,87,125
2026-07-22T20:33:53Z,-21.7160490,166.1686850,20.4,3874.6,8.680,112,87,124
2026-07-22T20:33:54Z,-21.7159809,166.1687389,20.6,3883.9,8.880,112,87,125
2026-07-22T20:33:55Z,-21.7159180,166.1687819,21.0,3892.4,8.920,112,87,124
2026-07-22T20:33:56Z,-21.7158620,166.1688239,21.2,3900.3,8.760,113,87,125
2026-07-22T20:33:57Z,-21.7158000,166.1688780,21.4,3908.5,8.620,113,88,124
2026-07-22T20:33:58Z,-21.7157450,166.1689210,21.6,3916.2,8.320,113,88,125
2026-07-22T20:33:59Z,-21.7156930,166.1689640,21.8,3923.2,7.860,114,88,125
2026-07-22T20:34:00Z,-21.7156399,166.1689959,22.0,3930.4,7.600,114,88,125
2026-07-22T20:34:01Z,-21.7155920,166.1690389,22.2,3936.9,7.320,114,88,125
2026-07-22T20:34:02Z,-21.7155420,166.1690709,22.4,3943.7,7.040,113,88,125
2026-07-22T20:34:03Z,-21.7154969,166.1691139,22.6,3950.1,6.780,113,88,124
2026-07-22T20:34:04Z,-21.7154509,166.1691460,22.8,3956.3,6.620,113,88,124
2026-07-22T20:34:05Z,-21.7154069,166.1691780,23.0,3962.2,6.360,112,88,125
2026-07-22T20:34:06Z,-21.7153629,166.1692109,23.2,3968.2,6.260,112,88,124
2026-07-22T20:34:07Z,-21.7153219,166.1692429,23.4,3973.6,5.980,112,88,125
2026-07-22T20:34:08Z,-21.7152840,166.1692750,23.6,3979.1,5.800,112,88,124
2026-07-22T20:34:09Z,-21.7152450,166.1692969,23.8,3984.4,5.620,112,88,125
2026-07-22T20:34:10Z,-21.7152079,166.1693289,23.8,3989.4,5.440,111,88,124
2026-07-22T20:34:11Z,-21.7151710,166.1693610,24.0,3994.5,5.260,111,89,124
2026-07-22T20:34:12Z,-21.7151349,166.1693930,24.2,3999.4,5.160,111,88,125
2026-07-22T20:34:13Z,-21.7151000,166.1694250,24.4,4004.1,5.000,111,88,124
2026-07-22T20:34:14Z,-21.7150649,166.1694360,24.4,4008.8,4.880,111,88,124
2026-07-22T20:34:15Z,-21.7150310,166.1694680,24.6,4013.5,4.820,111,88,124
2026-07-22T20:34:16Z,-21.7149990,166.1694999,24.8,4018.0,4.700,111,88,124
2026-07-22T20:34:17Z,-21.7149680,166.1695110,24.8,4022.2,4.560,111,88,124
2026-07-22T20:34:18Z,-21.7149339,166.1695429,25.0,4026.7,4.520,111,87,124
2026-07-22T20:34:19Z,-21.7149039,166.1695749,25.2,4031.0,4.440,111,87,124
2026-07-22T20:34:20Z,-21.7148730,166.1695859,25.2,4035.2,4.340,111,87,125
2026-07-22T20:34:21Z,-21.7148370,166.1696179,25.2,4040.0,4.400,111,87,125
2026-07-22T20:34:22Z,-21.7148010,166.1696510,25.2,4045.1,4.580,111,87,125
2026-07-22T20:34:23Z,-21.7147660,166.1696830,25.2,4049.6,4.580,111,87,124
2026-07-22T20:34:24Z,-21.7147319,166.1696930,25.2,4054.5,4.700,111,87,124
2026-07-22T20:34:25Z,-21.7146930,166.1697260,25.2,4059.7,4.900,111,87,125
2026-07-22T20:34:26Z,-21.7146530,166.1697579,25.2,4065.1,5.020,111,87,124
2026-07-22T20:34:27Z,-21.7146120,166.1697899,25.2,4070.7,5.120,111,87,125
2026-07-22T20:34:28Z,-21.7145660,166.1698329,25.2,4076.9,5.460,111,88,125
2026-07-22T20:34:29Z,-21.7145270,166.1698650,25.2,4082.3,5.560,111,88,125
2026-07-22T20:34:30Z,-21.7144800,166.1698970,25.2,4088.6,5.780,111,88,125
2026-07-22T20:34:31Z,-21.7144390,166.1699299,25.2,4094.3,5.840,112,88,125
2026-07-22T20:34:32Z,-21.7143940,166.1699619,25.2,4100.4,5.940,114,88,125
2026-07-22T20:34:33Z,-21.7143490,166.1700049,25.2,4106.6,5.940,114,88,125
2026-07-22T20:34:34Z,-21.7143029,166.1700370,25.2,4113.0,6.140,114,88,125
2026-07-22T20:34:35Z,-21.7142559,166.1700580,25.2,4119.1,6.100,114,88,124
2026-07-22T20:34:36Z,-21.7142070,166.1701120,25.2,4125.8,6.300,112,88,125
2026-07-22T20:34:37Z,-21.7141599,166.1701440,25.2,4132.3,6.380,111,88,125
2026-07-22T20:34:38Z,-21.7141110,166.1701660,25.2,4138.9,6.460,111,88,125
2026-07-22T20:34:39Z,-21.7140640,166.1702189,25.2,4145.3,6.460,111,88,125
2026-07-22T20:34:40Z,-21.7140119,166.1702510,25.0,4152.4,6.660,111,88,124
2026-07-22T20:34:41Z,-21.7139600,166.1702939,24.8,4159.6,6.760,111,88,124
2026-07-22T20:34:42Z,-21.7139040,166.1703369,24.4,4167.1,6.960,111,87,124
2026-07-22T20:34:43Z,-21.7138490,166.1703690,24.2,4174.6,7.140,111,87,124
2026-07-22T20:34:44Z,-21.7137880,166.1704120,24.0,4182.7,7.480,112,87,124
2026-07-22T20:34:45Z,-21.7137269,166.1704550,23.8,4191.0,7.720,112,86,124
2026-07-22T20:34:46Z,-21.7136659,166.1705089,23.6,4199.4,7.960,112,86,125
2026-07-22T20:34:47Z,-21.7135959,166.1705629,23.2,4208.5,8.280,112,87,125
2026-07-22T20:34:48Z,-21.7135320,166.1706160,23.0,4217.5,8.580,112,87,125
2026-07-22T20:34:49Z,-21.7134640,166.1706590,22.8,4226.7,8.800,112,87,124
2026-07-22T20:34:50Z,-21.7133929,166.1707229,22.4,4236.2,9.040,112,87,125
2026-07-22T20:34:51Z,-21.7133229,166.1707659,22.2,4245.9,9.300,112,86,124
2026-07-22T20:34:52Z,-21.7132480,166.1708310,21.8,4255.9,9.480,112,86,124
2026-07-22T20:34:53Z,-21.7131750,166.1708840,21.6,4265.8,9.660,112,86,125
2026-07-22T20:34:54Z,-21.7131020,166.1709379,21.2,4276.0,9.860,112,86,125
2026-07-22T20:34:55Z,-21.7130250,166.1709920,21.0,4286.2,10.000,112,86,125
2026-07-22T20:34:56Z,-21.7129460,166.1710559,20.6,4296.7,10.160,112,87,125
2026-07-22T20:34:57Z,-21.7128700,166.1711200,20.4,4307.2,10.260,112,87,125
2026-07-22T20:34:58Z,-21.7127919,166.1711740,20.0,4317.8,10.400,112,87,125
2026-07-22T20:34:59Z,-21.7127110,166.1712379,19.8,4328.5,10.500,113,87,125
2026-07-22T20:35:00Z,-21.7126360,166.1713030,19.6,4339.5,10.660,113,87,125
2026-07-22T20:35:01Z,-21.7125700,166.1713780,19.4,4350.5,10.760,113,88,124
2026-07-22T20:35:02Z,-21.7125299,166.1714849,19.0,4361.5,10.860,113,88,125
2026-07-22T20:35:03Z,-21.7125299,166.1715709,18.8,4372.3,10.900,113,88,125
2026-07-22T20:35:04Z,-21.7125660,166.1716780,18.4,4383.4,10.980,113,88,125
2026-07-22T20:35:05Z,-21.7126339,166.1717530,18.2,4394.8,11.060,113,88,124
2026-07-22T20:35:06Z,-21.7127150,166.1718179,18.0,4405.9,11.080,112,87,124
2026-07-22T20:35:07Z,-21.7128079,166.1718609,18.0,4417.0,11.100,112,87,124
2026-07-22T20:35:08Z,-21.7129030,166.1718820,18.0,4427.8,11.100,112,87,125
2026-07-22T20:35:09Z,-21.7129980,166.1718609,18.2,4438.8,11.080,111,87,125
2026-07-22T20:35:10Z,-21.7130769,166.1718179,18.4,4448.9,10.820,111,87,125
2026-07-22T20:35:11Z,-21.7131489,166.1717429,18.8,4459.2,10.660,111,87,124
2026-07-22T20:35:12Z,-21.7132059,166.1716780,19.0,4468.4,10.280,111,87,124
2026-07-22T20:35:13Z,-21.7132620,166.1716250,19.4,4477.6,9.960,111,91,125
2026-07-22T20:35:14Z,-21.7133150,166.1715600,19.6,4486.5,9.540,112,91,125
2026-07-22T20:35:15Z,-21.7133659,166.1714960,19.8,4494.6,9.140,112,93,124
2026-07-22T20:35:16Z,-21.7134209,166.1714320,20.0,4502.8,8.720,112,93,124
2026-07-22T20:35:17Z,-21.7134809,166.1713890,20.2,4511.0,8.520,113,93,125
2026-07-22T20:35:18Z,-21.7135409,166.1713559,20.2,4518.6,8.200,113,93,125
2026-07-22T20:35:19Z,-21.7136089,166.1713350,20.2,4526.5,8.000,113,93,125
2026-07-22T20:35:20Z,-21.7136780,166.1713139,20.0,4534.5,7.980,113,93,125
2026-07-22T20:35:21Z,-21.7137519,166.1713139,19.8,4542.5,7.940,113,93,125
2026-07-22T20:35:22Z,-21.7138269,166.1713139,19.4,4551.1,8.020,114,92,125
2026-07-22T20:35:23Z,-21.7139060,166.1713030,19.2,4559.8,8.240,114,92,125
2026-07-22T20:35:24Z,-21.7139849,166.1712809,18.8,4568.8,8.460,114,92,125
2026-07-22T20:35:25Z,-21.7140600,166.1712379,18.4,4578.0,8.700,115,93,125
2026-07-22T20:35:26Z,-21.7141279,166.1711959,18.0,4587.6,9.020,115,93,124
2026-07-22T20:35:27Z,-21.7141869,166.1711200,17.8,4597.8,9.340,114,91,124
2026-07-22T20:35:28Z,-21.7142330,166.1710239,17.4,4607.5,9.540,114,91,124
2026-07-22T20:35:29Z,-21.7142820,166.1709490,17.0,4617.9,9.820,114,90,124
2026-07-22T20:35:30Z,-21.7143330,166.1708519,16.8,4628.1,10.020,114,89,124
2026-07-22T20:35:31Z,-21.7143960,166.1707770,16.4,4638.7,10.220,113,88,125
2026-07-22T20:35:32Z,-21.7144749,166.1707340,16.2,4649.3,10.300,113,87,125
2026-07-22T20:35:33Z,-21.7145660,166.1707020,16.0,4660.0,10.500,112,87,124
2026-07-22T20:35:34Z,-21.7146650,166.1706909,15.8,4671.1,10.640,112,87,125
2026-07-22T20:35:35Z,-21.7147609,166.1706700,15.6,4681.7,10.720,111,86,124
2026-07-22T20:35:36Z,-21.7148499,166.1706270,15.4,4692.7,10.800,111,85,124
2026-07-22T20:35:37Z,-21.7149090,166.1705519,15.2,4703.1,10.760,111,85,124
2026-07-22T20:35:38Z,-21.7149469,166.1704440,15.0,4714.3,10.860,111,84,124
2026-07-22T20:35:39Z,-21.7149599,166.1703479,14.8,4725.1,10.800,110,84,124
2026-07-22T20:35:40Z,-21.7149430,166.1702510,14.8,4735.8,10.820,109,85,124
2026-07-22T20:35:41Z,-21.7148830,166.1701660,14.8,4746.5,10.760,109,85,124
2026-07-22T20:35:42Z,-21.7148100,166.1701120,14.8,4757.0,10.780,109,85,124
2026-07-22T20:35:43Z,-21.7147380,166.1700370,14.8,4767.4,10.620,109,84,124
2026-07-22T20:35:44Z,-21.7146670,166.1699719,14.8,4777.6,10.500,108,84,124
2026-07-22T20:35:45Z,-21.7145980,166.1699080,14.8,4787.3,10.300,109,84,124
2026-07-22T20:35:46Z,-21.7145270,166.1698540,14.8,4797.3,10.160,109,84,125
2026-07-22T20:35:47Z,-21.7144589,166.1698009,14.8,4807.1,10.020,109,83,124
2026-07-22T20:35:48Z,-21.7143899,166.1697260,14.8,4817.1,9.940,109,84,125
2026-07-22T20:35:49Z,-21.7143230,166.1696830,14.8,4826.6,9.800,109,84,125
2026-07-22T20:35:50Z,-21.7142559,166.1696179,14.8,4836.1,9.760,109,85,124
2026-07-22T20:35:51Z,-21.7141910,166.1695650,14.8,4845.5,9.640,109,85,124
2026-07-22T20:35:52Z,-21.7141250,166.1694999,14.8,4854.9,9.560,109,85,125
2026-07-22T20:35:53Z,-21.7140600,166.1694569,14.8,4864.1,9.400,110,85,124
2026-07-22T20:35:54Z,-21.7139960,166.1693930,14.8,4873.3,9.340,110,85,124
2026-07-22T20:35:55Z,-21.7139330,166.1693289,14.8,4882.4,9.260,110,84,125
2026-07-22T20:35:56Z,-21.7138740,166.1692859,14.8,4891.3,9.160,110,84,125
2026-07-22T20:35:57Z,-21.7138300,166.1692109,14.6,4900.3,9.080,110,84,125
2026-07-22T20:35:58Z,-21.7138070,166.1691139,14.6,4909.1,9.000,111,84,125
2026-07-22T20:35:59Z,-21.7138070,166.1690389,14.6,4918.1,8.960,111,85,124
2026-07-22T20:36:00Z,-21.7138239,166.1689529,14.6,4926.6,8.840,111,85,124
2026-07-22T20:36:01Z,-21.7138539,166.1688780,14.6,4935.7,8.880,111,85,125
2026-07-22T20:36:02Z,-21.7138890,166.1687920,14.6,4944.5,8.840,111,85,124
2026-07-22T20:36:03Z,-21.7139289,166.1687170,14.6,4953.1,8.800,112,85,124
2026-07-22T20:36:04Z,-21.7139709,166.1686639,14.6,4961.7,8.720,112,85,124
2026-07-22T20:36:05Z,-21.7140159,166.1685880,14.6,4970.4,8.760,112,84,125
2026-07-22T20:36:06Z,-21.7140620,166.1685239,14.6,4978.9,8.640,112,84,125
2026-07-22T20:36:07Z,-21.7141100,166.1684600,14.6,4987.4,8.580,112,84,125
2026-07-22T20:36:08Z,-21.7141559,166.1683949,14.6,4995.7,8.520,112,84,125
2026-07-22T20:36:09Z,-21.7142009,166.1683199,14.6,5004.1,8.480,112,84,125
2026-07-22T20:36:10Z,-21.7142470,166.1682670,14.6,5012.6,8.440,112,85,125
2026-07-22T20:36:11Z,-21.7142920,166.1682020,14.6,5021.1,8.440,112,85,124
2026-07-22T20:36:12Z,-21.7143350,166.1681270,14.6,5029.5,8.420,112,85,125
2026-07-22T20:36:13Z,-21.7143760,166.1680629,14.6,5037.6,8.380,112,85,125
2026-07-22T20:36:14Z,-21.7144090,166.1679879,14.6,5045.9,8.360,112,86,125
2026-07-22T20:36:15Z,-21.7144400,166.1679230,14.6,5054.2,8.320,111,85,125
2026-07-22T20:36:16Z,-21.7144680,166.1678479,14.6,5062.5,8.280,111,84,125
2026-07-22T20:36:17Z,-21.7144990,166.1677729,14.6,5070.7,8.240,111,84,124
2026-07-22T20:36:18Z,-21.7145309,166.1676980,14.6,5079.0,8.280,111,84,125
2026-07-22T20:36:19Z,-21.7145609,166.1676340,14.6,5087.0,8.220,110,84,125
2026-07-22T20:36:20Z,-21.7145859,166.1675579,14.6,5095.4,8.240,110,85,125
2026-07-22T20:36:21Z,-21.7146059,166.1674830,14.6,5103.3,8.160,110,85,124
2026-07-22T20:36:22Z,-21.7146159,166.1674080,14.6,5111.1,8.080,110,85,124
2026-07-22T20:36:23Z,-21.7146159,166.1673330,14.6,5119.5,8.100,109,85,125
2026-07-22T20:36:24Z,-21.7146000,166.1672579,14.6,5127.3,8.060,109,85,125
2026-07-22T20:36:25Z,-21.7145769,166.1671829,14.4,5135.5,8.020,109,85,125
2026-07-22T20:36:26Z,-21.7145469,166.1671080,14.2,5143.7,8.080,109,85,124
2026-07-22T20:36:27Z,-21.7145110,166.1670220,14.2,5152.4,8.260,109,85,125
2026-07-22T20:36:28Z,-21.7144670,166.1669679,14.0,5161.0,8.300,109,85,125
2026-07-22T20:36:29Z,-21.7144169,166.1669040,13.8,5169.7,8.480,109,85,125
2026-07-22T20:36:30Z,-21.7143599,166.1668399,13.6,5178.4,8.580,109,85,124
2026-07-22T20:36:31Z,-21.7142950,166.1667969,13.6,5187.2,8.700,109,85,124
2026-07-22T20:36:32Z,-21.7142200,166.1667539,13.4,5196.2,8.760,109,86,124
2026-07-22T20:36:33Z,-21.7141419,166.1667320,13.4,5205.2,8.840,109,84,125
2026-07-22T20:36:34Z,-21.7140600,166.1667320,13.6,5214.2,8.900,109,83,124
2026-07-22T20:36:35Z,-21.7139880,166.1667539,13.6,5222.5,8.820,109,83,124
2026-07-22T20:36:36Z,-21.7139129,166.1667860,13.8,5231.1,8.780,109,82,125
2026-07-22T20:36:37Z,-21.7138470,166.1668180,14.0,5239.3,8.620,108,83,125
2026-07-22T20:36:38Z,-21.7137839,166.1668399,14.2,5247.2,8.400,108,83,125
2026-07-22T20:36:39Z,-21.7137220,166.1668930,14.4,5254.9,8.140,108,83,124
2026-07-22T20:36:40Z,-21.7136620,166.1669150,14.4,5262.6,8.020,108,84,124
2026-07-22T20:36:41Z,-21.7136030,166.1669470,14.6,5270.0,7.780,108,84,124
2026-07-22T20:36:42Z,-21.7135409,166.1669790,14.6,5277.4,7.620,108,85,124
2026-07-22T20:36:43Z,-21.7134780,166.1670109,14.6,5285.0,7.560,108,86,125
2026-07-22T20:36:44Z,-21.7134180,166.1670220,14.6,5292.1,7.440,109,86,125
2026-07-22T20:36:45Z,-21.7133519,166.1670539,14.4,5299.7,7.420,109,86,125
2026-07-22T20:36:46Z,-21.7132870,166.1670859,14.2,5307.6,7.520,109,85,124
2026-07-22T20:36:47Z,-21.7132170,166.1671190,13.8,5315.7,7.660,108,85,125
2026-07-22T20:36:48Z,-21.7131430,166.1671190,13.6,5324.1,7.820,108,85,125
2026-07-22T20:36:49Z,-21.7130669,166.1671190,13.6,5332.6,8.100,108,85,124
2026-07-22T20:36:50Z,-21.7129939,166.1671080,13.6,5341.0,8.260,107,85,124
2026-07-22T20:36:51Z,-21.7129270,166.1670539,13.6,5349.5,8.380,107,85,124
2026-07-22T20:36:52Z,-21.7128680,166.1670109,13.8,5357.8,8.420,107,84,125
2026-07-22T20:36:53Z,-21.7128169,166.1669470,14.0,5365.8,8.340,107,84,125
2026-07-22T20:36:54Z,-21.7127649,166.1669040,14.2,5373.6,8.200,107,85,124
2026-07-22T20:36:55Z,-21.7127110,166.1668610,14.4,5381.2,8.039,108,84,124
2026-07-22T20:36:56Z,-21.7126550,166.1668290,14.6,5388.5,7.800,108,84,125
2026-07-22T20:36:57Z,-21.7125930,166.1667969,14.6,5395.8,7.600,108,84,124
2026-07-22T20:36:58Z,-21.7125260,166.1667860,14.6,5403.3,7.500,108,84,125
2026-07-22T20:36:59Z,-21.7124579,166.1667860,14.6,5411.0,7.480,108,84,125
2026-07-22T20:37:00Z,-21.7123879,166.1667860,14.4,5418.8,7.520,108,84,125
2026-07-22T20:37:01Z,-21.7123159,166.1667860,14.4,5426.7,7.640,108,84,125
2026-07-22T20:37:02Z,-21.7122449,166.1667860,14.2,5434.6,7.760,109,84,125
2026-07-22T20:37:03Z,-21.7121680,166.1667860,14.2,5443.0,7.940,109,85,125
2026-07-22T20:37:04Z,-21.7120940,166.1667860,14.2,5451.3,8.060,110,85,125
2026-07-22T20:37:05Z,-21.7120180,166.1667640,14.0,5459.7,8.180,110,85,124
2026-07-22T20:37:06Z,-21.7119429,166.1667539,14.0,5468.2,8.300,110,85,124
2026-07-22T20:37:07Z,-21.7118729,166.1667219,13.8,5476.8,8.440,110,85,125
2026-07-22T20:37:08Z,-21.7118109,166.1666570,13.8,5485.5,8.500,109,85,124
2026-07-22T20:37:09Z,-21.7117750,166.1665819,13.8,5494.2,8.580,110,85,124
2026-07-22T20:37:10Z,-21.7117640,166.1665069,13.8,5503.0,8.660,109,85,125
2026-07-22T20:37:11Z,-21.7117660,166.1664209,13.8,5511.7,8.700,110,85,125
2026-07-22T20:37:12Z,-21.7117740,166.1663349,13.6,5520.5,8.740,110,85,125
2026-07-22T20:37:13Z,-21.7117810,166.1662499,13.6,5529.2,8.740,110,85,125
2026-07-22T20:37:14Z,-21.7117829,166.1661740,13.6,5538.0,8.760,110,85,125
2026-07-22T20:37:15Z,-21.7117829,166.1660779,13.6,5546.8,8.760,109,86,124
2026-07-22T20:37:16Z,-21.7117829,166.1660029,13.4,5555.6,8.780,109,86,124
2026-07-22T20:37:17Z,-21.7117829,166.1659169,13.2,5564.4,8.780,109,85,125
2026-07-22T20:37:18Z,-21.7117849,166.1658199,13.0,5573.4,8.840,108,85,124
2026-07-22T20:37:19Z,-21.7117829,166.1657449,13.0,5582.3,8.860,108,85,124
2026-07-22T20:37:20Z,-21.7117670,166.1656490,13.0,5591.2,8.880,108,84,125
2026-07-22T20:37:21Z,-21.7117300,166.1655739,13.0,5600.1,8.900,107,84,125
2026-07-22T20:37:22Z,-21.7116750,166.1655200,13.0,5608.9,8.900,107,84,125
2026-07-22T20:37:23Z,-21.7116119,166.1654660,13.0,5617.8,8.880,107,84,124
2026-07-22T20:37:24Z,-21.7115430,166.1654230,13.0,5626.4,8.820,106,84,124
2026-07-22T20:37:25Z,-21.7114720,166.1653910,13.0,5635.2,8.800,106,85,124
2026-07-22T20:37:26Z,-21.7113959,166.1653589,13.0,5643.9,8.760,106,85,125
2026-07-22T20:37:27Z,-21.7113180,166.1653480,13.0,5652.7,8.760,106,85,124
2026-07-22T20:37:28Z,-21.7112389,166.1653480,13.0,5661.4,8.720,106,85,124
2026-07-22T20:37:29Z,-21.7111610,166.1653589,13.0,5670.1,8.740,105,85,124
2026-07-22T20:37:30Z,-21.7110830,166.1653589,13.0,5678.8,8.720,105,86,124
2026-07-22T20:37:31Z,-21.7110049,166.1653800,13.0,5687.5,8.720,105,86,124
2026-07-22T20:37:32Z,-21.7109260,166.1653800,13.0,5696.1,8.680,105,86,125
2026-07-22T20:37:33Z,-21.7108489,166.1653800,13.0,5704.8,8.680,106,86,125
2026-07-22T20:37:34Z,-21.7107710,166.1653800,13.0,5713.4,8.660,106,86,124
2026-07-22T20:37:35Z,-21.7106939,166.1653800,13.0,5721.9,8.620,107,83,124
2026-07-22T20:37:36Z,-21.7106150,166.1653800,13.0,5730.5,8.600,107,83,125
2026-07-22T20:37:37Z,-21.7105370,166.1653589,13.0,5739.3,8.640,108,85,125
2026-07-22T20:37:38Z,-21.7104599,166.1653589,13.0,5748.0,8.640,108,85,124
2026-07-22T20:37:39Z,-21.7103800,166.1653589,13.0,5756.6,8.640,109,86,125
2026-07-22T20:37:40Z,-21.7103029,166.1653589,13.0,5765.3,8.680,109,86,125
2026-07-22T20:37:41Z,-21.7102250,166.1653589,13.0,5773.9,8.680,109,86,124
2026-07-22T20:37:42Z,-21.7101480,166.1653800,13.0,5782.4,8.620,109,86,124
2026-07-22T20:37:43Z,-21.7100709,166.1653800,13.0,5791.0,8.600,110,88,124
2026-07-22T20:37:44Z,-21.7099920,166.1653800,13.0,5799.5,8.580,110,88,124
2026-07-22T20:37:45Z,-21.7099119,166.1653589,13.0,5808.5,8.640,110,87,125
2026-07-22T20:37:46Z,-21.7098360,166.1653589,13.0,5816.9,8.600,111,87,125
2026-07-22T20:37:47Z,-21.7097569,166.1653589,13.0,5825.7,8.660,111,86,124
2026-07-22T20:37:48Z,-21.7096790,166.1653480,13.0,5834.3,8.660,111,86,124
2026-07-22T20:37:49Z,-21.7096009,166.1653480,13.0,5843.0,8.700,111,86,124
2026-07-22T20:37:50Z,-21.7095249,166.1653480,13.0,5851.5,8.600,112,86,124
2026-07-22T20:37:51Z,-21.7094440,166.1653380,13.0,5860.3,8.680,112,87,125
2026-07-22T20:37:52Z,-21.7093679,166.1653380,13.0,5868.9,8.640,112,87,125
2026-07-22T20:37:53Z,-21.7092890,166.1653480,13.0,5877.8,8.700,112,87,124
2026-07-22T20:37:54Z,-21.7092099,166.1653480,13.0,5886.4,8.680,112,87,124
2026-07-22T20:37:55Z,-21.7091320,166.1653480,13.0,5895.0,8.700,112,86,124
2026-07-22T20:37:56Z,-21.7090509,166.1653589,13.0,5903.8,8.700,112,86,125
2026-07-22T20:37:57Z,-21.7089740,166.1653589,13.0,5912.6,8.740,112,86,124
2026-07-22T20:37:58Z,-21.7088929,166.1653589,13.0,5921.5,8.740,113,85,124
2026-07-22T20:37:59Z,-21.7088150,166.1653589,13.0,5930.2,8.760,112,85,124
2026-07-22T20:38:00Z,-21.7087349,166.1653589,13.0,5939.0,8.800,112,86,125
2026-07-22T20:38:01Z,-21.7086570,166.1653589,13.0,5947.7,8.780,112,86,124
2026-07-22T20:38:02Z,-21.7085779,166.1653480,13.0,5956.3,8.740,112,86,124
2026-07-22T20:38:03Z,-21.7084990,166.1653589,13.0,5965.3,8.760,112,85,124
2026-07-22T20:38:04Z,-21.7084240,166.1653589,13.0,5973.6,8.680,112,85,124
2026-07-22T20:38:05Z,-21.7083510,166.1654130,13.0,5982.5,8.700,112,85,125
2026-07-22T20:38:06Z,-21.7082950,166.1654560,13.0,5991.0,8.660,112,85,124
2026-07-22T20:38:07Z,-21.7082550,166.1655309,13.0,6000.1,8.760,112,86,125
2026-07-22T20:38:08Z,-21.7082329,166.1656060,13.0,6008.7,8.680,112,86,124
2026-07-22T20:38:09Z,-21.7082280,166.1657019,13.0,6017.4,8.760,112,86,124
2026-07-22T20:38:10Z,-21.7082319,166.1657769,13.0,6025.9,8.680,112,86,125
2026-07-22T20:38:11Z,-21.7082469,166.1658629,13.0,6034.3,8.660,112,86,125
2026-07-22T20:38:12Z,-21.7082660,166.1659380,13.0,6043.2,8.620,112,86,124
2026-07-22T20:38:13Z,-21.7082840,166.1660349,13.0,6052.1,8.680,112,87,124
2026-07-22T20:38:14Z,-21.7083039,166.1661100,13.0,6060.4,8.600,112,87,124
2026-07-22T20:38:15Z,-21.7083150,166.1661850,13.0,6069.6,8.740,111,84,125
2026-07-22T20:38:16Z,-21.7083140,166.1662820,13.0,6078.1,8.760,111,84,124
2026-07-22T20:38:17Z,-21.7082980,166.1663570,13.0,6087.0,8.760,111,84,124
2026-07-22T20:38:18Z,-21.7082779,166.1664320,13.0,6095.4,8.660,110,84,124
2026-07-22T20:38:19Z,-21.7082469,166.1665280,13.0,6104.2,8.760,110,84,125
2026-07-22T20:38:20Z,-21.7082090,166.1665819,13.0,6112.7,8.620,110,84,125
2026-07-22T20:38:21Z,-21.7081599,166.1666570,13.0,6121.5,8.680,110,84,124
2026-07-22T20:38:22Z,-21.7081019,166.1667109,13.0,6130.3,8.660,110,86,124
2026-07-22T20:38:23Z,-21.7080390,166.1667640,13.0,6138.9,8.700,111,85,124
2026-07-22T20:38:24Z,-21.7079800,166.1668180,13.0,6147.1,8.580,111,85,124
2026-07-22T20:38:25Z,-21.7079179,166.1668610,13.0,6155.7,8.600,111,85,124
2026-07-22T20:38:26Z,-21.7078660,166.1669150,13.0,6164.4,8.580,111,85,125
2026-07-22T20:38:27Z,-21.7078159,166.1669790,13.0,6173.0,8.540,111,85,124
2026-07-22T20:38:28Z,-21.7077680,166.1670539,13.0,6181.9,8.600,111,87,124
2026-07-22T20:38:29Z,-21.7077180,166.1671190,13.0,6190.6,8.700,111,87,125
2026-07-22T20:38:30Z,-21.7076689,166.1671829,13.0,6198.9,8.640,111,87,125
2026-07-22T20:38:31Z,-21.7076100,166.1672370,13.0,6207.6,8.640,111,86,125
2026-07-22T20:38:32Z,-21.7075480,166.1672900,13.0,6216.4,8.680,112,86,125
2026-07-22T20:38:33Z,-21.7074880,166.1673439,13.0,6225.0,8.620,112,87,125
2026-07-22T20:38:34Z,-21.7074259,166.1673970,13.0,6233.4,8.560,112,87,125
2026-07-22T20:38:35Z,-21.7073600,166.1674400,13.0,6242.2,8.660,112,87,124
2026-07-22T20:38:36Z,-21.7072930,166.1674830,13.0,6250.8,8.640,113,87,124
2026-07-22T20:38:37Z,-21.7072210,166.1675159,13.0,6259.5,8.620,112,86,125
2026-07-22T20:38:38Z,-21.7071500,166.1675480,13.0,6267.9,8.580,112,86,125
2026-07-22T20:38:39Z,-21.7070760,166.1675480,13.0,6276.2,8.560,112,86,125
2026-07-22T20:38:40Z,-21.7069939,166.1675579,13.0,6285.2,8.600,112,88,126
2026-07-22T20:38:41Z,-21.7069190,166.1675579,13.0,6293.6,8.560,113,88,126
2026-07-22T20:38:42Z,-21.7068430,166.1675579,13.0,6302.0,8.500,113,90,125
2026-07-22T20:38:43Z,-21.7067610,166.1675579,13.0,6311.0,8.620,112,92,124
2026-07-22T20:38:44Z,-21.7066900,166.1675800,13.0,6319.0,8.560,112,92,124
2026-07-22T20:38:45Z,-21.7066110,166.1675800,13.0,6327.9,8.540,112,93,124
2026-07-22T20:38:46Z,-21.7065300,166.1675800,13.0,6336.6,8.600,113,93,124
2026-07-22T20:38:47Z,-21.7064560,166.1675910,13.0,6345.1,8.620,113,92,124
2026-07-22T20:38:48Z,-21.7063759,166.1675910,13.0,6353.8,8.560,112,92,125
2026-07-22T20:38:49Z,-21.7062990,166.1675910,13.0,6362.2,8.640,112,92,125
2026-07-22T20:38:50Z,-21.7062230,166.1676009,13.0,6370.8,8.580,112,92,125
2026-07-22T20:38:51Z,-21.7061469,166.1676009,13.0,6379.3,8.540,112,91,125
2026-07-22T20:38:52Z,-21.7060660,166.1676009,13.0,6388.0,8.580,112,92,124
2026-07-22T20:38:53Z,-21.7059879,166.1676230,13.0,6396.8,8.600,113,91,124
2026-07-22T20:38:54Z,-21.7059120,166.1676230,13.0,6405.2,8.600,113,91,125
2026-07-22T20:38:55Z,-21.7058309,166.1676340,13.0,6414.1,8.660,113,90,125
2026-07-22T20:38:56Z,-21.7057559,166.1676340,13.0,6422.7,8.680,113,90,124
2026-07-22T20:38:57Z,-21.7056800,166.1676550,13.2,6431.2,8.640,113,90,125
2026-07-22T20:38:58Z,-21.7056070,166.1676660,13.2,6439.3,8.500,112,90,125
2026-07-22T20:38:59Z,-21.7055309,166.1676660,13.4,6447.8,8.520,112,90,124
2026-07-22T20:39:00Z,-21.7054559,166.1676869,13.4,6456.1,8.400,112,90,124
2026-07-22T20:39:01Z,-21.7053859,166.1676980,13.6,6464.0,8.260,112,90,124
2026-07-22T20:39:02Z,-21.7053149,166.1677090,13.6,6472.0,8.160,112,90,124
2026-07-22T20:39:03Z,-21.7052440,166.1677299,13.8,6479.8,8.100,112,90,124
2026-07-22T20:39:04Z,-21.7051760,166.1677299,14.0,6487.5,7.940,112,90,125
2026-07-22T20:39:05Z,-21.7051070,166.1677410,14.0,6495.2,7.820,112,90,125
2026-07-22T20:39:06Z,-21.7050399,166.1677619,14.2,6502.7,7.740,112,91,125
2026-07-22T20:39:07Z,-21.7049760,166.1677729,14.4,6510.2,7.640,112,91,125
2026-07-22T20:39:08Z,-21.7049089,166.1677940,14.4,6517.6,7.560,112,91,125
2026-07-22T20:39:09Z,-21.7048420,166.1678049,14.6,6525.1,7.520,112,91,125
2026-07-22T20:39:10Z,-21.7047809,166.1678159,14.6,6532.2,7.400,113,91,125
2026-07-22T20:39:11Z,-21.7047200,166.1678370,14.8,6539.2,7.300,112,91,125
2026-07-22T20:39:12Z,-21.7046550,166.1678479,14.8,6546.6,7.280,112,91,125
2026-07-22T20:39:13Z,-21.7045939,166.1678800,15.0,6553.7,7.220,113,91,125
2026-07-22T20:39:14Z,-21.7045330,166.1679019,15.0,6560.7,7.120,113,91,125
2026-07-22T20:39:15Z,-21.7044720,166.1679230,15.0,6568.0,7.160,113,91,125
2026-07-22T20:39:16Z,-21.7044110,166.1679449,15.0,6575.1,7.180,114,91,124
2026-07-22T20:39:17Z,-21.7043479,166.1679769,15.2,6582.5,7.180,114,90,125
2026-07-22T20:39:18Z,-21.7042850,166.1679879,15.2,6589.9,7.240,114,90,124
2026-07-22T20:39:19Z,-21.7042179,166.1679980,15.2,6597.3,7.320,114,90,124
2026-07-22T20:39:20Z,-21.7041540,166.1680199,15.0,6604.6,7.320,114,90,124
2026-07-22T20:39:21Z,-21.7040870,166.1680199,15.0,6612.2,7.420,114,90,124
2026-07-22T20:39:22Z,-21.7040140,166.1680309,15.0,6620.2,7.540,114,90,124
2026-07-22T20:39:23Z,-21.7039469,166.1680520,15.0,6627.8,7.580,114,90,124
2026-07-22T20:39:24Z,-21.7038810,166.1680629,15.2,6635.4,7.620,114,90,124
2026-07-22T20:39:25Z,-21.7038159,166.1680840,15.4,6642.9,7.660,114,90,125
2026-07-22T20:39:26Z,-21.7037490,166.1681059,15.4,6650.5,7.660,114,90,125
2026-07-22T20:39:27Z,-21.7036859,166.1681270,15.6,6657.7,7.500,114,90,125
2026-07-22T20:39:28Z,-21.7036240,166.1681590,15.6,6665.1,7.460,114,90,124
2026-07-22T20:39:29Z,-21.7035579,166.1681700,15.6,6672.6,7.440,114,90,125
2026-07-22T20:39:30Z,-21.7034979,166.1681909,15.6,6679.7,7.360,114,90,125
2026-07-22T20:39:31Z,-21.7034320,166.1682130,15.6,6687.2,7.340,114,90,124
2026-07-22T20:39:32Z,-21.7033680,166.1682339,15.6,6694.7,7.400,114,90,124
2026-07-22T20:39:33Z,-21.7033009,166.1682450,15.4,6702.5,7.480,114,90,124
2026-07-22T20:39:34Z,-21.7032310,166.1682769,15.0,6710.8,7.640,114,91,125
2026-07-22T20:39:35Z,-21.7031559,166.1683089,14.6,6719.6,7.980,114,91,124
2026-07-22T20:39:36Z,-21.7030819,166.1683420,14.2,6728.6,8.280,114,91,124
2026-07-22T20:39:37Z,-21.7030109,166.1683850,13.8,6737.6,8.580,114,91,125
2026-07-22T20:39:38Z,-21.7029389,166.1684489,13.4,6747.8,9.060,113,91,124
2026-07-22T20:39:39Z,-21.7028720,166.1685030,13.2,6757.6,9.360,113,91,124
2026-07-22T20:39:40Z,-21.7028030,166.1685669,13.0,6767.8,9.640,113,92,125
2026-07-22T20:39:41Z,-21.7027310,166.1686420,13.0,6778.7,10.020,113,92,125
2026-07-22T20:39:42Z,-21.7026689,166.1687170,13.0,6788.5,10.180,113,92,125
2026-07-22T20:39:43Z,-21.7026030,166.1687819,13.0,6799.0,10.240,113,92,124
2026-07-22T20:39:44Z,-21.7025359,166.1688570,13.0,6809.2,10.320,113,92,125
2026-07-22T20:39:45Z,-21.7024750,166.1689210,13.0,6818.6,10.160,113,92,125
2026-07-22T20:39:46Z,-21.7024059,166.1689750,13.0,6828.6,9.980,113,92,125
2026-07-22T20:39:47Z,-21.7023339,166.1690389,13.0,6838.7,10.040,113,92,125
2026-07-22T20:39:48Z,-21.7022570,166.1690819,13.0,6848.8,9.960,113,92,125
2026-07-22T20:39:49Z,-21.7021759,166.1691360,13.0,6858.5,9.860,113,92,125
2026-07-22T20:39:50Z,-21.7020939,166.1691679,13.0,6868.3,9.940,113,91,125
2026-07-22T20:39:51Z,-21.7020079,166.1691890,13.0,6878.1,9.900,113,91,124
2026-07-22T20:39:52Z,-21.7019189,166.1692109,13.0,6888.2,9.900,113,91,124
2026-07-22T20:39:53Z,-21.7018339,166.1692429,13.0,6898.0,9.840,112,91,125
2026-07-22T20:39:54Z,-21.7017500,166.1692539,13.0,6907.6,9.820,112,91,125
2026-07-22T20:39:55Z,-21.7016619,166.1692859,13.0,6917.5,9.840,112,92,125
2026-07-22T20:39:56Z,-21.7015759,166.1692969,13.0,6927.3,9.840,112,92,124
2026-07-22T20:39:57Z,-21.7014940,166.1693180,13.0,6936.5,9.660,112,92,124
2026-07-22T20:39:58Z,-21.7014070,166.1693500,13.0,6946.5,9.700,112,92,124
2026-07-22T20:39:59Z,-21.7013269,166.1693610,13.0,6955.8,9.640,112,92,124
2026-07-22T20:40:00Z,-21.7012390,166.1693930,13.0,6965.7,9.640,112,94,125
2026-07-22T20:40:01Z,-21.7011579,166.1694250,13.0,6975.3,9.600,112,94,125
2026-07-22T20:40:02Z,-21.7010770,166.1694360,13.0,6984.4,9.580,113,94,125
2026-07-22T20:40:03Z,-21.7009930,166.1694680,13.0,6994.0,9.500,115,95,125
2026-07-22T20:40:04Z,-21.7009139,166.1694790,13.0,7003.2,9.480,115,95,124
2026-07-22T20:40:05Z,-21.7008290,166.1695110,13.0,7012.7,9.400,116,95,124
2026-07-22T20:40:06Z,-21.7007490,166.1695330,13.0,7022.0,9.340,116,94,124
2026-07-22T20:40:07Z,-21.7006669,166.1695650,13.0,7031.3,9.380,117,94,124
2026-07-22T20:40:08Z,-21.7005860,166.1695749,13.0,7040.5,9.300,118,93,125
2026-07-22T20:40:09Z,-21.7005050,166.1695859,13.0,7049.7,9.300,118,93,124
2026-07-22T20:40:10Z,-21.7004239,166.1696080,13.0,7058.6,9.180,118,93,124
2026-07-22T20:40:11Z,-21.7003420,166.1696179,13.0,7067.9,9.180,118,92,125
2026-07-22T20:40:12Z,-21.7002659,166.1696400,13.0,7076.4,9.020,118,92,125
2026-07-22T20:40:13Z,-21.7001840,166.1696510,13.0,7085.7,9.040,118,92,124
2026-07-22T20:40:14Z,-21.7001100,166.1696609,13.0,7094.2,8.900,117,92,124
2026-07-22T20:40:15Z,-21.7000310,166.1696930,13.0,7103.2,8.920,117,92,125
2026-07-22T20:40:16Z,-21.6999520,166.1697149,13.0,7112.3,8.880,116,92,124
2026-07-22T20:40:17Z,-21.6998759,166.1697469,13.0,7121.0,8.920,116,92,124
2026-07-22T20:40:18Z,-21.6997990,166.1697579,13.0,7129.8,8.820,116,91,124
2026-07-22T20:40:19Z,-21.6997209,166.1697690,13.0,7138.7,8.900,116,91,124
2026-07-22T20:40:20Z,-21.6996449,166.1697899,13.0,7147.3,8.820,116,90,125
2026-07-22T20:40:21Z,-21.6995660,166.1698220,13.0,7156.2,8.780,115,90,124
2026-07-22T20:40:22Z,-21.6994930,166.1698540,13.0,7164.9,8.780,115,90,124
2026-07-22T20:40:23Z,-21.6994289,166.1698970,13.0,7173.4,8.720,114,90,124
2026-07-22T20:40:24Z,-21.6993739,166.1699400,13.0,7182.1,8.680,114,90,124
2026-07-22T20:40:25Z,-21.6993220,166.1700150,13.0,7191.4,8.820,114,89,124
2026-07-22T20:40:26Z,-21.6992840,166.1700899,13.0,7199.8,8.720,113,89,124
2026-07-22T20:40:27Z,-21.6992569,166.1701660,13.0,7208.6,8.740,113,89,124
2026-07-22T20:40:28Z,-21.6992470,166.1702619,13.0,7218.0,8.920,112,89,125
2026-07-22T20:40:29Z,-21.6992470,166.1703369,13.0,7226.3,8.840,111,89,125
2026-07-22T20:40:30Z,-21.6992530,166.1704339,13.0,7235.5,8.820,110,89,125
2026-07-22T20:40:31Z,-21.6992650,166.1705089,13.0,7244.3,8.900,110,90,125
2026-07-22T20:40:32Z,-21.6992790,166.1705840,13.0,7252.4,8.760,110,90,125
2026-07-22T20:40:33Z,-21.6992920,166.1706700,13.0,7261.7,8.740,110,91,124
2026-07-22T20:40:34Z,-21.6993060,166.1707659,13.0,7270.1,8.760,110,91,124
2026-07-22T20:40:35Z,-21.6993159,166.1708410,13.0,7278.8,8.660,109,91,124
2026-07-22T20:40:36Z,-21.6993220,166.1709170,13.0,7287.5,8.640,110,93,124
2026-07-22T20:40:37Z,-21.6993159,166.1710129,13.0,7295.9,8.700,110,93,124
2026-07-22T20:40:38Z,-21.6992940,166.1710880,13.0,7304.8,8.620,110,91,125
2026-07-22T20:40:39Z,-21.6992530,166.1711630,13.0,7313.4,8.660,109,91,124
2026-07-22T20:40:40Z,-21.6992019,166.1712279,13.0,7321.9,8.620,110,91,124
2026-07-22T20:40:41Z,-21.6991390,166.1712709,13.0,7330.5,8.600,111,90,124
2026-07-22T20:40:42Z,-21.6990719,166.1713139,13.0,7339.3,8.680,111,90,124
2026-07-22T20:40:43Z,-21.6990080,166.1713460,13.0,7347.5,8.540,111,90,124
2026-07-22T20:40:44Z,-21.6989370,166.1713890,13.0,7356.4,8.600,111,89,125
2026-07-22T20:40:45Z,-21.6988679,166.1714320,13.0,7364.9,8.600,111,89,124
2026-07-22T20:40:46Z,-21.6987999,166.1714640,13.0,7373.4,8.580,111,89,125
2026-07-22T20:40:47Z,-21.6987330,166.1715170,13.0,7381.8,8.500,111,89,125
2026-07-22T20:40:48Z,-21.6986650,166.1715390,13.0,7390.5,8.600,111,89,125
2026-07-22T20:40:49Z,-21.6985959,166.1715920,13.0,7399.0,8.520,112,88,125
2026-07-22T20:40:50Z,-21.6985290,166.1716250,13.0,7407.5,8.520,111,88,125
2026-07-22T20:40:51Z,-21.6984630,166.1716680,13.0,7415.9,8.500,112,88,124
2026-07-22T20:40:52Z,-21.6983990,166.1717100,13.0,7424.5,8.540,112,87,125
2026-07-22T20:40:53Z,-21.6983359,166.1717530,13.0,7432.9,8.480,112,87,125
2026-07-22T20:40:54Z,-21.6982730,166.1718070,13.0,7441.2,8.440,113,87,125
2026-07-22T20:40:55Z,-21.6982099,166.1718500,13.0,7449.8,8.460,113,87,125
2026-07-22T20:40:56Z,-21.6981540,166.1719139,13.0,7458.1,8.440,113,87,125
2026-07-22T20:40:57Z,-21.6980970,166.1719569,13.0,7466.9,8.480,112,87,124
2026-07-22T20:40:58Z,-21.6980519,166.1720319,13.0,7475.1,8.440,112,87,124
2026-07-22T20:40:59Z,-21.6980059,166.1720970,13.0,7483.5,8.460,111,87,124
2026-07-22T20:41:00Z,-21.6979649,166.1721500,13.0,7492.1,8.460,111,87,125
2026-07-22T20:41:01Z,-21.6979280,166.1722250,13.0,7500.6,8.500,111,87,125
2026-07-22T20:41:02Z,-21.6978970,166.1723110,13.0,7509.0,8.420,111,86,125
2026-07-22T20:41:03Z,-21.6978730,166.1723860,13.0,7517.2,8.420,111,86,125
2026-07-22T20:41:04Z,-21.6978560,166.1724619,13.0,7525.7,8.440,110,86,125
2026-07-22T20:41:05Z,-21.6978440,166.1725469,13.0,7534.4,8.460,110,87,124
2026-07-22T20:41:06Z,-21.6978400,166.1726219,13.0,7542.8,8.440,110,87,125
2026-07-22T20:41:07Z,-21.6978420,166.1727079,13.0,7551.4,8.480,110,86,124
2026-07-22T20:41:08Z,-21.6978489,166.1727939,13.0,7559.9,8.540,110,86,124
2026-07-22T20:41:09Z,-21.6978649,166.1728690,13.0,7568.3,8.520,109,86,125
2026-07-22T20:41:10Z,-21.6978880,166.1729440,13.0,7576.0,8.320,109,86,125
2026-07-22T20:41:11Z,-21.6979240,166.1730190,13.0,7584.8,8.400,109,87,124
2026-07-22T20:41:12Z,-21.6979649,166.1730839,13.0,7593.2,8.360,109,87,125
2026-07-22T20:41:13Z,-21.6980099,166.1731480,13.0,7601.8,8.380,109,88,124
2026-07-22T20:41:14Z,-21.6980610,166.1732020,13.0,7610.4,8.420,109,88,124
2026-07-22T20:41:15Z,-21.6981150,166.1732659,13.0,7618.4,8.480,109,88,124
2026-07-22T20:41:16Z,-21.6981720,166.1733089,13.0,7626.7,8.380,109,88,124
2026-07-22T20:41:17Z,-21.6982389,166.1733630,13.0,7635.6,8.480,109,88,124
2026-07-22T20:41:18Z,-21.6983040,166.1733949,13.0,7643.5,8.340,109,88,124
2026-07-22T20:41:19Z,-21.6983760,166.1734160,13.0,7652.0,8.320,108,88,125
2026-07-22T20:41:20Z,-21.6984500,166.1734379,13.0,7660.4,8.400,108,88,124
2026-07-22T20:41:21Z,-21.6985259,166.1734699,13.0,7669.1,8.480,108,87,125
2026-07-22T20:41:22Z,-21.6986020,166.1734809,13.0,7677.5,8.380,108,87,125
2026-07-22T20:41:23Z,-21.6986740,166.1734910,13.0,7685.6,8.420,108,87,124
2026-07-22T20:41:24Z,-21.6987460,166.1735240,13.0,7694.3,8.460,108,86,124
2026-07-22T20:41:25Z,-21.6988170,166.1735559,13.0,7702.7,8.460,109,86,124
2026-07-22T20:41:26Z,-21.6988869,166.1735880,13.0,7711.3,8.440,109,87,124
2026-07-22T20:41:27Z,-21.6989530,166.1736200,13.0,7719.3,8.360,109,87,124
2026-07-22T20:41:28Z,-21.6990230,166.1736630,13.0,7727.9,8.460,108,87,125
2026-07-22T20:41:29Z,-21.6990910,166.1736950,13.0,7736.5,8.440,108,86,124
2026-07-22T20:41:30Z,-21.6991569,166.1737380,13.0,7744.6,8.380,108,86,124
2026-07-22T20:41:31Z,-21.6992250,166.1737699,13.0,7753.3,8.400,108,86,125
2026-07-22T20:41:32Z,-21.6992859,166.1738129,13.0,7761.5,8.440,108,86,125
2026-07-22T20:41:33Z,-21.6993380,166.1738780,13.0,7770.2,8.460,109,87,124
2026-07-22T20:41:34Z,-21.6993700,166.1739530,13.0,7778.6,8.420,109,87,125
2026-07-22T20:41:35Z,-21.6993889,166.1740279,13.0,7786.8,8.440,110,87,124
2026-07-22T20:41:36Z,-21.6993940,166.1741029,13.0,7795.2,8.380,110,87,124
2026-07-22T20:41:37Z,-21.6993940,166.1741999,13.0,7803.6,8.420,110,86,124
2026-07-22T20:41:38Z,-21.6993930,166.1742749,13.0,7812.4,8.440,110,85,125
2026-07-22T20:41:39Z,-21.6993869,166.1743710,13.0,7820.7,8.420,110,85,124
2026-07-22T20:41:40Z,-21.6993820,166.1744459,13.0,7829.1,8.460,111,85,124
2026-07-22T20:41:41Z,-21.6993739,166.1745209,13.0,7837.4,8.440,111,85,124
2026-07-22T20:41:42Z,-21.6993660,166.1745970,13.0,7845.5,8.380,110,85,124
2026-07-22T20:41:43Z,-21.6993579,166.1746820,13.0,7854.1,8.340,110,86,124
2026-07-22T20:41:44Z,-21.6993510,166.1747680,13.0,7862.6,8.380,110,86,125
2026-07-22T20:41:45Z,-21.6993490,166.1748430,13.0,7870.5,8.280,110,86,125
2026-07-22T20:41:46Z,-21.6993609,166.1749180,13.0,7879.1,8.340,110,86,125
2026-07-22T20:41:47Z,-21.6993790,166.1749939,13.0,7887.3,8.360,110,86,124
2026-07-22T20:41:48Z,-21.6994179,166.1750690,13.0,7895.4,8.260,109,87,124
2026-07-22T20:41:49Z,-21.6994790,166.1751120,13.0,7904.1,8.300,109,87,124
2026-07-22T20:41:50Z,-21.6995459,166.1751440,13.0,7912.3,8.360,108,87,124
2026-07-22T20:41:51Z,-21.6996140,166.1751760,13.0,7920.5,8.280,108,88,125
2026-07-22T20:41:52Z,-21.6996860,166.1752079,13.0,7928.8,8.300,108,87,124
2026-07-22T20:41:53Z,-21.6997629,166.1752190,13.0,7937.6,8.440,107,86,124
2026-07-22T20:41:54Z,-21.6998370,166.1752399,13.0,7945.9,8.360,107,86,124
2026-07-22T20:41:55Z,-21.6999079,166.1752509,13.0,7954.0,8.340,107,86,124
2026-07-22T20:41:56Z,-21.6999840,166.1752620,13.0,7962.5,8.400,107,86,125
2026-07-22T20:41:57Z,-21.7000580,166.1752829,13.0,7970.8,8.400,107,86,124
2026-07-22T20:41:58Z,-21.7001329,166.1752939,13.0,7979.5,8.380,107,86,124
2026-07-22T20:41:59Z,-21.7001929,166.1753580,13.0,7988.2,8.460,107,87,125
2026-07-22T20:42:00Z,-21.7002239,166.1754229,13.0,7996.3,8.460,107,87,125
2026-07-22T20:42:01Z,-21.7002280,166.1755080,13.0,8004.9,8.480,107,88,125
2026-07-22T20:42:02Z,-21.7002190,166.1755839,13.0,8013.4,8.520,107,88,125
2026-07-22T20:42:03Z,-21.7002190,166.1756590,13.0,8021.8,8.460,107,88,125
2026-07-22T20:42:04Z,-21.7002420,166.1757450,13.0,8030.1,8.380,107,88,125
2026-07-22T20:42:05Z,-21.7002890,166.1758200,13.0,8038.9,8.520,107,88,125
2026-07-22T20:42:06Z,-21.7003489,166.1758630,13.0,8047.3,8.480,107,87,125
2026-07-22T20:42:07Z,-21.7004130,166.1759050,13.0,8055.7,8.460,107,87,124
2026-07-22T20:42:08Z,-21.7004840,166.1759380,13.0,8064.2,8.480,107,87,124
2026-07-22T20:42:09Z,-21.7005580,166.1759699,13.0,8072.9,8.560,107,87,124
2026-07-22T20:42:10Z,-21.7006290,166.1760019,13.0,8081.3,8.480,107,87,125
2026-07-22T20:42:11Z,-21.7006939,166.1760449,13.0,8089.8,8.500,108,87,125
2026-07-22T20:42:12Z,-21.7007570,166.1760879,13.0,8098.3,8.520,108,87,125
2026-07-22T20:42:13Z,-21.7008249,166.1761200,13.0,8107.1,8.580,108,87,124
2026-07-22T20:42:14Z,-21.7008959,166.1761520,13.0,8115.4,8.500,108,87,125
2026-07-22T20:42:15Z,-21.7009740,166.1761630,13.0,8124.2,8.580,108,87,124
2026-07-22T20:42:16Z,-21.7010500,166.1761840,13.0,8132.7,8.580,109,87,124
2026-07-22T20:42:17Z,-21.7011269,166.1761840,13.0,8141.2,8.580,109,86,125
2026-07-22T20:42:18Z,-21.7012009,166.1762169,13.0,8149.9,8.560,109,86,124
2026-07-22T20:42:19Z,-21.7012719,166.1762599,13.0,8158.6,8.640,109,86,124
2026-07-22T20:42:20Z,-21.7013309,166.1763019,13.0,8167.0,8.560,109,86,124
2026-07-22T20:42:21Z,-21.7013839,166.1763670,13.0,8175.4,8.540,109,86,125
2026-07-22T20:42:22Z,-21.7014350,166.1764309,13.0,8184.2,8.600,109,86,124
2026-07-22T20:42:23Z,-21.7014840,166.1764850,13.0,8192.6,8.540,109,86,124
2026-07-22T20:42:24Z,-21.7015289,166.1765489,13.0,8201.1,8.500,109,86,126
2026-07-22T20:42:25Z,-21.7015759,166.1766240,13.0,8209.8,8.560,110,86,130
2026-07-22T20:42:26Z,-21.7016240,166.1766889,13.0,8218.5,8.620,110,86,129
2026-07-22T20:42:27Z,-21.7016749,166.1767420,13.0,8226.9,8.540,110,86,129
2026-07-22T20:42:28Z,-21.7017329,166.1768069,13.0,8235.5,8.580,110,86,130
2026-07-22T20:42:29Z,-21.7017970,166.1768499,13.0,8244.1,8.600,110,86,129
2026-07-22T20:42:30Z,-21.7018680,166.1768820,13.0,8252.7,8.580,110,86,130
2026-07-22T20:42:31Z,-21.7019410,166.1769140,13.0,8261.3,8.560,110,88,130
2026-07-22T20:42:32Z,-21.7020160,166.1769460,13.0,8270.0,8.620,111,90,130
2026-07-22T20:42:33Z,-21.7020880,166.1769779,13.0,8278.6,8.620,111,92,129
2026-07-22T20:42:34Z,-21.7021570,166.1770110,13.0,8287.0,8.580,112,92,130
2026-07-22T20:42:35Z,-21.7022290,166.1770320,13.0,8295.8,8.620,112,93,129
2026-07-22T20:42:36Z,-21.7023000,166.1770639,13.0,8304.3,8.600,112,93,129
2026-07-22T20:42:37Z,-21.7023730,166.1770959,13.0,8312.8,8.560,112,93,129
2026-07-22T20:42:38Z,-21.7024460,166.1771290,13.0,8321.4,8.560,112,93,129
2026-07-22T20:42:39Z,-21.7025229,166.1771389,13.0,8330.0,8.600,112,93,130
2026-07-22T20:42:40Z,-21.7025990,166.1771389,13.0,8338.5,8.540,113,93,130
2026-07-22T20:42:41Z,-21.7026770,166.1771389,13.0,8347.2,8.580,113,93,129
2026-07-22T20:42:42Z,-21.7027580,166.1771389,13.0,8356.0,8.640,114,93,129
2026-07-22T20:42:43Z,-21.7028340,166.1771389,13.0,8364.4,8.600,114,92,130
2026-07-22T20:42:44Z,-21.7029119,166.1771290,13.0,8373.1,8.620,114,92,130
2026-07-22T20:42:45Z,-21.7029920,166.1771290,13.0,8382.0,8.700,114,92,129
2026-07-22T20:42:46Z,-21.7030730,166.1771290,13.0,8390.8,8.720,114,92,129
2026-07-22T20:42:47Z,-21.7031510,166.1771290,12.8,8399.6,8.720,114,92,129
2026-07-22T20:42:48Z,-21.7032269,166.1771290,12.8,8408.1,8.740,114,92,130
2026-07-22T20:42:49Z,-21.7033060,166.1771290,12.8,8417.0,8.780,114,92,130
2026-07-22T20:42:50Z,-21.7033869,166.1771290,12.8,8425.8,8.760,114,91,130
2026-07-22T20:42:51Z,-21.7034640,166.1771290,12.8,8434.5,8.740,114,91,129
2026-07-22T20:42:52Z,-21.7035439,166.1771180,13.0,8443.1,8.700,113,91,130
2026-07-22T20:42:53Z,-21.7036210,166.1771180,13.0,8451.8,8.740,113,91,130
2026-07-22T20:42:54Z,-21.7036980,166.1770959,13.0,8460.4,8.680,113,91,130
2026-07-22T20:42:55Z,-21.7037739,166.1770860,13.2,8468.9,8.620,113,91,134
2026-07-22T20:42:56Z,-21.7038479,166.1770860,13.2,8477.1,8.520,113,91,134
2026-07-22T20:42:57Z,-21.7039240,166.1770639,13.2,8485.6,8.500,113,91,135
2026-07-22T20:42:58Z,-21.7039990,166.1770639,13.4,8493.9,8.420,113,91,135
2026-07-22T20:42:59Z,-21.7040720,166.1770639,13.4,8502.0,8.320,113,91,135
2026-07-22T20:43:00Z,-21.7041440,166.1770639,13.6,8510.0,8.220,114,91,135
2026-07-22T20:43:01Z,-21.7042170,166.1770959,13.6,8518.3,8.240,114,90,135
2026-07-22T20:43:02Z,-21.7042840,166.1771180,13.8,8526.3,8.140,114,90,135
2026-07-22T20:43:03Z,-21.7043440,166.1771610,13.8,8534.1,8.039,114,90,134
2026-07-22T20:43:04Z,-21.7044059,166.1771929,14.0,8541.9,7.980,114,90,134
2026-07-22T20:43:05Z,-21.7044580,166.1772359,14.2,8549.4,7.880,114,90,135
2026-07-22T20:43:06Z,-21.7045099,166.1773000,14.2,8557.4,7.820,114,90,135
2026-07-22T20:43:07Z,-21.7045560,166.1773430,14.4,8564.9,7.720,114,90,134
2026-07-22T20:43:08Z,-21.7045959,166.1774079,14.6,8572.5,7.680,114,90,135
2026-07-22T20:43:09Z,-21.7046280,166.1774610,14.8,8579.7,7.560,114,90,135
2026-07-22T20:43:10Z,-21.7046539,166.1775259,15.0,8586.7,7.460,113,90,135
2026-07-22T20:43:11Z,-21.7046700,166.1776010,15.2,8593.8,7.280,113,89,134
2026-07-22T20:43:12Z,-21.7046829,166.1776650,15.4,8600.3,7.080,113,89,135
2026-07-22T20:43:13Z,-21.7046870,166.1777190,15.6,8606.9,6.880,113,88,135
2026-07-22T20:43:14Z,-21.7046860,166.1777829,15.8,8613.2,6.700,114,88,134
2026-07-22T20:43:15Z,-21.7046700,166.1778470,15.8,8619.5,6.560,114,88,134
2026-07-22T20:43:16Z,-21.7046460,166.1778900,15.8,8626.0,6.440,115,88,135
2026-07-22T20:43:17Z,-21.7046099,166.1779549,15.8,8632.6,6.460,115,89,134
2026-07-22T20:43:18Z,-21.7045639,166.1779979,15.8,8639.5,6.520,115,89,135
2026-07-22T20:43:19Z,-21.7045160,166.1780299,15.8,8646.2,6.600,115,89,135
2026-07-22T20:43:20Z,-21.7044619,166.1780729,16.0,8653.2,6.740,115,89,135
2026-07-22T20:43:21Z,-21.7044110,166.1781050,16.2,8659.8,6.760,115,89,135
2026-07-22T20:43:22Z,-21.7043580,166.1781159,16.6,8666.2,6.720,115,89,134
2026-07-22T20:43:23Z,-21.7043069,166.1781480,16.8,8672.3,6.560,114,89,134
2026-07-22T20:43:24Z,-21.7042570,166.1781690,17.0,8678.2,6.400,114,89,134
2026-07-22T20:43:25Z,-21.7042090,166.1781800,17.4,8683.8,6.120,114,89,135
2026-07-22T20:43:26Z,-21.7041629,166.1782009,17.6,8689.1,5.860,114,88,135
2026-07-22T20:43:27Z,-21.7041219,166.1782120,17.8,8694.1,5.580,114,88,134
2026-07-22T20:43:28Z,-21.7040810,166.1782439,18.0,8698.8,5.300,114,88,135
2026-07-22T20:43:29Z,-21.7040420,166.1782550,18.4,8703.5,5.060,114,89,134
2026-07-22T20:43:30Z,-21.7040059,166.1782770,18.6,8707.7,4.780,114,89,135
2026-07-22T20:43:31Z,-21.7039739,166.1782869,18.8,8711.8,4.540,114,89,135
2026-07-22T20:43:32Z,-21.7039430,166.1782980,19.0,8715.8,4.340,114,89,135
2026-07-22T20:43:33Z,-21.7039189,166.1783299,19.0,8719.7,4.180,114,90,135
2026-07-22T20:43:34Z,-21.7038960,166.1783620,19.2,8723.4,3.980,113,90,135
2026-07-22T20:43:35Z,-21.7038749,166.1783950,19.2,8727.4,3.940,113,90,135
2026-07-22T20:43:36Z,-21.7038570,166.1784270,19.4,8731.3,3.900,113,89,134
2026-07-22T20:43:37Z,-21.7038469,166.1784589,19.4,8735.4,3.920,113,89,135
2026-07-22T20:43:38Z,-21.7038410,166.1785019,19.4,8739.9,4.040,113,89,135
2026-07-22T20:43:39Z,-21.7038449,166.1785449,19.4,8744.5,4.220,113,90,136
2026-07-22T20:43:40Z,-21.7038560,166.1785879,19.4,8749.7,4.460,113,90,140
2026-07-22T20:43:41Z,-21.7038769,166.1786410,19.4,8754.8,4.700,112,90,140
2026-07-22T20:43:42Z,-21.7039070,166.1786840,19.4,8760.2,4.960,112,89,140
2026-07-22T20:43:43Z,-21.7039459,166.1787159,19.4,8766.0,5.220,112,89,140
2026-07-22T20:43:44Z,-21.7039869,166.1787489,19.2,8771.6,5.420,112,89,140
2026-07-22T20:43:45Z,-21.7040360,166.1787810,19.2,8777.8,5.620,112,89,140
2026-07-22T20:43:46Z,-21.7040810,166.1788019,19.2,8783.8,5.800,111,89,140
2026-07-22T20:43:47Z,-21.7041349,166.1788339,19.2,8790.3,6.020,111,89,140
2026-07-22T20:43:48Z,-21.7041860,166.1788670,19.2,8796.8,6.160,112,89,140
2026-07-22T20:43:49Z,-21.7042359,166.1788990,19.2,8803.1,6.300,112,89,140
2026-07-22T20:43:50Z,-21.7042909,166.1789310,19.2,8810.0,6.440,112,89,140
2026-07-22T20:43:51Z,-21.7043430,166.1789629,19.2,8816.9,6.620,112,89,140
2026-07-22T20:43:52Z,-21.7043899,166.1790059,19.2,8823.7,6.680,113,89,140
2026-07-22T20:43:53Z,-21.7044339,166.1790489,19.4,8830.6,6.760,113,90,139
2026-07-22T20:43:54Z,-21.7044659,166.1791130,19.4,8837.4,6.860,113,90,139
2026-07-22T20:43:55Z,-21.7044919,166.1791779,19.6,8844.0,6.800,113,90,139
2026-07-22T20:43:56Z,-21.7045020,166.1792310,19.8,8850.5,6.720,114,90,139
2026-07-22T20:43:57Z,-21.7045020,166.1792959,20.0,8857.1,6.680,114,90,139
2026-07-22T20:43:58Z,-21.7044890,166.1793600,20.2,8863.4,6.560,114,90,139
2026-07-22T20:43:59Z,-21.7044659,166.1794030,20.4,8869.3,6.380,114,90,140
2026-07-22T20:44:00Z,-21.7044379,166.1794460,20.8,8874.8,6.160,115,90,139
2026-07-22T20:44:01Z,-21.7044030,166.1794890,21.0,8880.3,5.960,115,90,140
2026-07-22T20:44:02Z,-21.7043629,166.1795209,21.2,8885.7,5.720,115,90,140
2026-07-22T20:44:03Z,-21.7043270,166.1795430,21.4,8890.5,5.420,116,90,139
2026-07-22T20:44:04Z,-21.7042889,166.1795750,21.6,8895.5,5.240,116,91,140
2026-07-22T20:44:05Z,-21.7042530,166.1795850,21.8,8900.0,5.040,116,91,140
2026-07-22T20:44:06Z,-21.7042170,166.1795959,22.0,8904.5,4.840,116,89,140
2026-07-22T20:44:07Z,-21.7041820,166.1796280,22.2,8908.6,4.580,116,89,140
2026-07-22T20:44:08Z,-21.7041499,166.1796500,22.4,8912.7,4.440,116,89,139
2026-07-22T20:44:09Z,-21.7041179,166.1796610,22.6,8916.6,4.220,117,94,140
2026-07-22T20:44:10Z,-21.7040850,166.1796710,22.8,8920.5,4.100,118,91,139
2026-07-22T20:44:11Z,-21.7040540,166.1796930,23.0,8924.2,3.940,118,92,139
2026-07-22T20:44:12Z,-21.7040240,166.1797030,23.2,8927.9,3.860,119,92,140
2026-07-22T20:44:13Z,-21.7039950,166.1797249,23.2,8931.6,3.780,119,91,139
2026-07-22T20:44:14Z,-21.7039670,166.1797360,23.4,8935.2,3.720,119,91,140
2026-07-22T20:44:15Z,-21.7039380,166.1797570,23.6,8938.7,3.640,119,91,139
2026-07-22T20:44:16Z,-21.7039140,166.1797679,23.8,8942.2,3.600,119,90,139
2026-07-22T20:44:17Z,-21.7038879,166.1797999,23.8,8945.7,3.560,118,90,139
2026-07-22T20:44:18Z,-21.7038650,166.1798109,24.0,8949.2,3.520,118,90,140
2026-07-22T20:44:19Z,-21.7038449,166.1798429,24.2,8952.6,3.480,118,90,139
2026-07-22T20:44:20Z,-21.7038240,166.1798640,24.2,8956.2,3.500,117,90,139
2026-07-22T20:44:21Z,-21.7038049,166.1798859,24.4,8959.8,3.520,117,90,140
2026-07-22T20:44:22Z,-21.7037879,166.1799180,24.4,8963.7,3.600,116,90,139
2026-07-22T20:44:23Z,-21.7037759,166.1799610,24.4,8967.6,3.680,115,90,140
2026-07-22T20:44:24Z,-21.7037719,166.1800149,24.4,8972.3,3.940,116,89,145
2026-07-22T20:44:25Z,-21.7037719,166.1800470,24.4,8976.6,4.080,115,89,145
2026-07-22T20:44:26Z,-21.7037780,166.1800900,24.4,8981.2,4.280,115,89,145
2026-07-22T20:44:27Z,-21.7037920,166.1801330,24.6,8986.4,4.540,114,90,144
2026-07-22T20:44:28Z,-21.7038080,166.1801760,24.6,8991.3,4.740,114,89,144
2026-07-22T20:44:29Z,-21.7038289,166.1802289,24.6,8996.1,4.760,114,89,144
2026-07-22T20:44:30Z,-21.7038520,166.1802610,24.6,9000.6,4.800,113,88,144
2026-07-22T20:44:31Z,-21.7038769,166.1803040,24.6,9005.7,4.900,113,86,145
2026-07-22T20:44:32Z,-21.7039179,166.1803579,24.6,9013.0,5.320,113,86,144
2026-07-22T20:44:33Z,-21.7039459,166.1804120,24.6,9018.9,5.520,113,86,144
2026-07-22T20:44:34Z,-21.7039779,166.1804540,24.6,9025.4,5.860,113,85,145
2026-07-22T20:44:35Z,-21.7040049,166.1804970,24.6,9031.0,6.080,113,85,145
2026-07-22T20:44:36Z,-21.7040360,166.1805619,24.6,9037.7,6.400,113,86,145
2026-07-22T20:44:37Z,-21.7040629,166.1806260,24.6,9044.6,6.320,113,86,144
2026-07-22T20:44:38Z,-21.7040769,166.1806690,24.8,9050.3,6.280,113,86,144
2026-07-22T20:44:39Z,-21.7040889,166.1807439,24.8,9057.3,6.380,113,86,145
2026-07-22T20:44:40Z,-21.7040919,166.1807869,25.0,9063.0,6.400,113,86,145
2026-07-22T20:44:41Z,-21.7040889,166.1808619,25.0,9069.8,6.420,114,86,144
2026-07-22T20:44:42Z,-21.7040759,166.1809270,25.2,9076.6,6.400,114,86,145
2026-07-22T20:44:43Z,-21.7040580,166.1809690,25.4,9082.5,6.440,114,88,145
2026-07-22T20:44:44Z,-21.7040329,166.1810339,25.6,9088.4,6.220,114,88,144
2026-07-22T20:44:45Z,-21.7040059,166.1810769,25.8,9094.2,6.240,114,88,144
2026-07-22T20:44:46Z,-21.7039739,166.1811300,26.0,9099.8,6.000,115,88,145
2026-07-22T20:44:47Z,-21.7039380,166.1811520,26.2,9105.3,5.740,115,89,145
2026-07-22T20:44:48Z,-21.7039000,166.1811840,26.4,9110.5,5.600,115,89,145
2026-07-22T20:44:49Z,-21.7038609,166.1812160,26.8,9115.8,5.480,115,87,145
2026-07-22T20:44:50Z,-21.7038280,166.1812379,27.0,9120.3,5.220,115,87,145
2026-07-22T20:44:51Z,-21.7037889,166.1812590,27.2,9125.3,5.100,115,87,144
2026-07-22T20:44:52Z,-21.7037530,166.1812809,27.4,9129.7,4.880,115,84,144
2026-07-22T20:44:53Z,-21.7037220,166.1813130,27.6,9133.7,4.640,115,84,144
2026-07-22T20:44:54Z,-21.7036899,166.1813239,27.8,9137.8,4.400,115,85,146
2026-07-22T20:44:55Z,-21.7036579,166.1813339,28.0,9141.9,4.320,115,85,149
2026-07-22T20:44:56Z,-21.7036270,166.1813560,28.2,9145.6,4.059,115,85,150
2026-07-22T20:44:57Z,-21.7035970,166.1813659,28.4,9149.5,3.960,115,85,149
2026-07-22T20:44:58Z,-21.7035660,166.1813880,28.6,9153.1,3.880,116,84,150
2026-07-22T20:44:59Z,-21.7035380,166.1813990,28.8,9156.7,3.780,116,84,149
2026-07-22T20:45:00Z,-21.7035090,166.1814199,28.8,9160.2,3.660,116,84,150
2026-07-22T20:45:01Z,-21.7034820,166.1814310,29.0,9163.5,3.580,116,84,150
2026-07-22T20:45:02Z,-21.7034549,166.1814420,29.2,9166.9,3.480,116,83,150
2026-07-22T20:45:03Z,-21.7034279,166.1814629,29.4,9170.2,3.420,116,85,149
2026-07-22T20:45:04Z,-21.7034040,166.1814740,29.6,9173.5,3.360,116,84,149
2026-07-22T20:45:05Z,-21.7033770,166.1814949,29.8,9176.7,3.300,116,84,149
2026-07-22T20:45:06Z,-21.7033530,166.1815059,29.8,9180.0,3.300,116,84,149
2026-07-22T20:45:07Z,-21.7033259,166.1815270,30.0,9183.2,3.260,116,83,150
2026-07-22T20:45:08Z,-21.7033009,166.1815379,30.2,9186.4,3.240,116,84,149
2026-07-22T20:45:09Z,-21.7032740,166.1815489,30.4,9189.5,3.200,116,82,150
2026-07-22T20:45:10Z,-21.7032500,166.1815700,30.4,9192.7,3.200,116,83,150
2026-07-22T20:45:11Z,-21.7032230,166.1815809,30.6,9195.9,3.180,116,84,150
2026-07-22T20:45:12Z,-21.7031999,166.1816020,30.8,9198.8,3.120,116,84,150
2026-07-22T20:45:13Z,-21.7031730,166.1816130,31.0,9202.1,3.140,116,85,150
2026-07-22T20:45:14Z,-21.7031480,166.1816350,31.2,9205.2,3.140,116,84,150
2026-07-22T20:45:15Z,-21.7031240,166.1816350,31.2,9208.3,3.120,116,84,149
2026-07-22T20:45:16Z,-21.7030979,166.1816450,31.4,9211.4,3.100,116,84,149
2026-07-22T20:45:17Z,-21.7030750,166.1816560,31.6,9214.5,3.140,116,84,150
2026-07-22T20:45:18Z,-21.7030510,166.1816780,31.8,9217.6,3.100,116,83,149
2026-07-22T20:45:19Z,-21.7030289,166.1816880,31.8,9220.6,3.080,116,83,149
2026-07-22T20:45:20Z,-21.7030030,166.1817099,32.0,9223.7,3.080,116,83,149
2026-07-22T20:45:21Z,-21.7029800,166.1817310,32.2,9226.8,3.080,116,82,149
2026-07-22T20:45:22Z,-21.7029569,166.1817529,32.4,9229.9,3.080,117,83,150
2026-07-22T20:45:23Z,-21.7029350,166.1817630,32.4,9233.0,3.080,117,84,151
2026-07-22T20:45:24Z,-21.7029119,166.1817850,32.6,9236.0,3.080,117,86,150
2026-07-22T20:45:25Z,-21.7028900,166.1817959,32.8,9239.0,3.060,117,88,150
2026-07-22T20:45:26Z,-21.7028720,166.1818170,33.0,9242.0,3.040,117,89,150
2026-07-22T20:45:27Z,-21.7028539,166.1818389,33.2,9245.1,3.040,117,90,149
2026-07-22T20:45:28Z,-21.7028379,166.1818600,33.2,9248.1,3.020,116,90,149
2026-07-22T20:45:29Z,-21.7028259,166.1818920,33.4,9251.2,3.040,116,90,150
2026-07-22T20:45:30Z,-21.7028180,166.1819239,33.6,9254.2,3.040,116,90,150
2026-07-22T20:45:31Z,-21.7028150,166.1819460,33.6,9257.5,3.100,116,90,150
2026-07-22T20:45:32Z,-21.7028129,166.1819780,33.8,9260.8,3.140,116,90,149
2026-07-22T20:45:33Z,-21.7028170,166.1820099,33.8,9264.3,3.240,116,89,149
2026-07-22T20:45:34Z,-21.7028249,166.1820529,34.0,9268.0,3.360,116,89,150
2026-07-22T20:45:35Z,-21.7028350,166.1820849,34.0,9271.8,3.520,116,89,149
2026-07-22T20:45:36Z,-21.7028519,166.1821170,34.0,9275.9,3.680,116,89,149
2026-07-22T20:45:37Z,-21.7028699,166.1821600,34.0,9280.3,3.900,116,89,149
2026-07-22T20:45:38Z,-21.7028900,166.1821930,34.0,9284.8,4.100,117,89,150
2026-07-22T20:45:39Z,-21.7029160,166.1822350,34.0,9289.7,4.340,117,90,151
2026-07-22T20:45:40Z,-21.7029430,166.1822679,34.0,9294.8,4.600,117,91,154
2026-07-22T20:45:41Z,-21.7029709,166.1823210,34.0,9300.1,4.840,117,91,154
2026-07-22T20:45:42Z,-21.7030020,166.1823640,34.0,9305.8,5.100,117,90,154
2026-07-22T20:45:43Z,-21.7030330,166.1824070,34.0,9311.5,5.340,117,89,154
2026-07-22T20:45:44Z,-21.7030650,166.1824500,34.0,9317.4,5.540,117,89,155
2026-07-22T20:45:45Z,-21.7030969,166.1825040,34.0,9323.5,5.740,118,88,154
2026-07-22T20:45:46Z,-21.7031289,166.1825470,34.0,9329.9,5.960,118,88,154
2026-07-22T20:45:47Z,-21.7031640,166.1825900,34.0,9336.3,6.100,118,87,154
2026-07-22T20:45:48Z,-21.7031979,166.1826540,34.0,9342.8,6.260,118,87,155
2026-07-22T20:45:49Z,-21.7032360,166.1826970,34.0,9349.8,6.480,118,87,155
2026-07-22T20:45:50Z,-21.7032729,166.1827609,34.0,9356.5,6.600,119,87,155
2026-07-22T20:45:51Z,-21.7033090,166.1828039,34.0,9363.4,6.700,119,87,154
2026-07-22T20:45:52Z,-21.7033460,166.1828680,34.0,9370.4,6.820,119,87,155
2026-07-22T20:45:53Z,-21.7033849,166.1829110,34.0,9377.6,6.960,119,87,154
2026-07-22T20:45:54Z,-21.7034250,166.1829759,34.0,9384.9,7.020,120,87,154
2026-07-22T20:45:55Z,-21.7034630,166.1830290,34.0,9392.1,7.120,119,88,155
2026-07-22T20:45:56Z,-21.7035029,166.1830940,34.0,9399.5,7.220,120,88,154
2026-07-22T20:45:57Z,-21.7035449,166.1831580,34.0,9407.2,7.360,120,88,155
2026-07-22T20:45:58Z,-21.7035849,166.1832010,34.0,9414.6,7.400,120,88,154
2026-07-22T20:45:59Z,-21.7036270,166.1832649,34.0,9422.3,7.480,121,88,155
2026-07-22T20:46:00Z,-21.7036670,166.1833189,34.0,9429.8,7.540,121,87,154
2026-07-22T20:46:01Z,-21.7037100,166.1833830,34.0,9437.7,7.640,121,87,155
2026-07-22T20:46:02Z,-21.7037490,166.1834479,34.0,9445.4,7.640,121,88,154
2026-07-22T20:46:03Z,-21.7037920,166.1835010,34.0,9453.3,7.740,121,88,154
2026-07-22T20:46:04Z,-21.7038329,166.1835659,34.0,9461.2,7.780,121,89,154
2026-07-22T20:46:05Z,-21.7038769,166.1836300,34.0,9469.2,7.880,121,89,154
2026-07-22T20:46:06Z,-21.7039189,166.1836949,34.0,9477.1,7.880,121,89,154
2026-07-22T20:46:07Z,-21.7039629,166.1837480,34.0,9485.2,7.960,121,89,155
2026-07-22T20:46:08Z,-21.7040059,166.1838130,34.0,9493.2,7.980,120,89,155
2026-07-22T20:46:09Z,-21.7040499,166.1838770,34.0,9501.3,8.020,120,89,154
2026-07-22T20:46:10Z,-21.7040950,166.1839519,34.0,9509.5,8.060,120,88,155
2026-07-22T20:46:11Z,-21.7041400,166.1840060,34.0,9517.8,8.140,120,89,155
2026-07-22T20:46:12Z,-21.7041820,166.1840699,34.0,9525.9,8.140,120,89,155
2026-07-22T20:46:13Z,-21.7042270,166.1841340,34.0,9534.3,8.220,121,89,155
2026-07-22T20:46:14Z,-21.7042720,166.1841880,34.0,9542.6,8.260,121,89,154
2026-07-22T20:46:15Z,-21.7043160,166.1842740,34.0,9550.8,8.260,121,89,154
2026-07-22T20:46:16Z,-21.7043600,166.1843279,34.0,9559.2,8.280,121,88,155
2026-07-22T20:46:17Z,-21.7044030,166.1843920,34.0,9567.4,8.300,121,89,154
2026-07-22T20:46:18Z,-21.7044470,166.1844559,34.0,9575.7,8.280,120,88,155
2026-07-22T20:46:19Z,-21.7044929,166.1845309,34.0,9584.1,8.300,120,88,154
2026-07-22T20:46:20Z,-21.7045430,166.1845849,34.0,9592.5,8.340,120,87,155
2026-07-22T20:46:21Z,-21.7045959,166.1846390,34.0,9600.8,8.320,120,87,154
2026-07-22T20:46:22Z,-21.7046629,166.1846820,34.0,9609.3,8.380,121,88,154
2026-07-22T20:46:23Z,-21.7047399,166.1846920,33.8,9617.7,8.400,121,88,154
2026-07-22T20:46:24Z,-21.7048150,166.1846820,33.8,9626.4,8.460,120,88,156
2026-07-22T20:46:25Z,-21.7048850,166.1846390,33.8,9635.3,8.560,120,88,159
2026-07-22T20:46:26Z,-21.7049450,166.1845849,33.8,9644.0,8.640,121,87,160
2026-07-22T20:46:27Z,-21.7050070,166.1845309,33.4,9652.9,8.720,120,87,160
2026-07-22T20:46:28Z,-21.7050699,166.1844670,33.0,9662.1,8.880,121,87,159
2026-07-22T20:46:29Z,-21.7051350,166.1844030,32.6,9671.8,9.080,120,87,160
2026-07-22T20:46:30Z,-21.7052020,166.1843490,32.2,9681.8,9.300,120,87,160
2026-07-22T20:46:31Z,-21.7052709,166.1842740,31.6,9692.2,9.640,120,87,160
2026-07-22T20:46:32Z,-21.7053429,166.1842099,31.0,9703.1,10.040,120,87,160
2026-07-22T20:46:33Z,-21.7054200,166.1841340,30.4,9714.3,10.440,120,87,160
2026-07-22T20:46:34Z,-21.7054999,166.1840590,30.0,9725.8,10.800,120,88,160
2026-07-22T20:46:35Z,-21.7055849,166.1839949,29.6,9737.4,11.120,120,86,160
2026-07-22T20:46:36Z,-21.7056770,166.1839310,29.2,9749.6,11.480,120,86,160
2026-07-22T20:46:37Z,-21.7057800,166.1838880,29.4,9761.7,11.720,120,86,160
2026-07-22T20:46:38Z,-21.7058810,166.1838770,29.6,9773.3,11.800,121,86,159
2026-07-22T20:46:39Z,-21.7059869,166.1838770,29.6,9784.9,11.820,120,86,160
2026-07-22T20:46:40Z,-21.7060860,166.1839200,29.4,9796.4,11.800,120,86,160
2026-07-22T20:46:41Z,-21.7061729,166.1839630,29.4,9807.9,11.660,119,86,159
2026-07-22T20:46:42Z,-21.7062440,166.1840590,29.8,9819.2,11.500,119,86,159
2026-07-22T20:46:43Z,-21.7062970,166.1841340,30.2,9830.2,11.380,119,87,159
2026-07-22T20:46:44Z,-21.7063339,166.1842200,30.2,9840.4,11.100,118,87,160
2026-07-22T20:46:45Z,-21.7063570,166.1843279,30.0,9850.8,10.880,118,87,160
2026-07-22T20:46:46Z,-21.7063670,166.1844240,29.6,9861.4,10.700,118,87,160
2026-07-22T20:46:47Z,-21.7063720,166.1845309,29.2,9872.2,10.600,118,87,159
2026-07-22T20:46:48Z,-21.7063769,166.1846390,28.6,9883.3,10.620,119,87,159
2026-07-22T20:46:49Z,-21.7063950,166.1847459,28.2,9894.8,10.880,119,89,160
2026-07-22T20:46:50Z,-21.7064430,166.1848530,27.8,9906.5,11.140,119,88,160
2026-07-22T20:46:51Z,-21.7065150,166.1849280,27.6,9918.2,11.360,119,88,159
2026-07-22T20:46:52Z,-21.7066079,166.1849820,27.8,9929.8,11.520,120,88,160
2026-07-22T20:46:53Z,-21.7067099,166.1849820,27.8,9941.2,11.580,120,88,159
2026-07-22T20:46:54Z,-21.7068089,166.1849710,27.8,9952.5,11.540,120,88,166
2026-07-22T20:46:55Z,-21.7069020,166.1849280,27.6,9963.7,11.440,121,88,186
2026-07-22T20:46:56Z,-21.7069870,166.1848640,27.6,9974.8,11.320,120,88,190
2026-07-22T20:46:57Z,-21.7070730,166.1848210,27.6,9985.8,11.200,121,89,190
2026-07-22T20:46:58Z,-21.7071580,166.1847569,27.6,9996.7,11.100,122,88,190
2026-07-22T20:46:59Z,-21.7072409,166.1847139,27.6,10007.6,11.020,121,88,189
2026-07-22T20:47:00Z,-21.7073269,166.1846709,27.4,10018.2,10.900,121,88,190
2026-07-22T20:47:01Z,-21.7074190,166.1846169,27.4,10029.0,10.840,121,88,189
2026-07-22T20:47:02Z,-21.7075190,166.1846169,27.2,10040.0,10.840,121,89,190
2026-07-22T20:47:03Z,-21.7076149,166.1846390,27.2,10050.8,10.820,121,89,190
2026-07-22T20:47:04Z,-21.7077080,166.1846709,27.0,10061.7,10.820,122,89,190
2026-07-22T20:47:05Z,-21.7077889,166.1847250,26.8,10072.8,10.920,122,89,189
2026-07-22T20:47:06Z,-21.7078520,166.1847999,26.6,10083.4,10.880,122,89,190
2026-07-22T20:47:07Z,-21.7079019,166.1848960,26.2,10094.8,10.960,122,89,189
2026-07-22T20:47:08Z,-21.7079360,166.1850039,25.8,10106.2,11.080,123,89,189
2026-07-22T20:47:09Z,-21.7079520,166.1851110,25.2,10117.9,11.240,123,88,189
2026-07-22T20:47:10Z,-21.7079569,166.1852290,24.8,10129.7,11.380,123,88,190
2026-07-22T20:47:11Z,-21.7079579,166.1853580,24.2,10142.0,11.720,123,88,190
2026-07-22T20:47:12Z,-21.7079569,166.1854540,23.6,10154.5,11.940,124,88,189
2026-07-22T20:47:13Z,-21.7079530,166.1855939,23.0,10167.3,12.220,124,87,190
2026-07-22T20:47:14Z,-21.7079520,166.1857219,22.6,10180.6,12.540,124,87,190
2026-07-22T20:47:15Z,-21.7079530,166.1858399,22.0,10193.9,12.840,124,87,190
2026-07-22T20:47:16Z,-21.7079620,166.1859799,21.4,10207.2,13.040,124,87,189
2026-07-22T20:47:17Z,-21.7079930,166.1860979,20.8,10221.0,13.300,125,87,189
2026-07-22T20:47:18Z,-21.7080560,166.1862269,20.6,10234.7,13.480,125,87,189
2026-07-22T20:47:19Z,-21.7081560,166.1863020,20.6,10249.0,13.680,125,87,190
2026-07-22T20:47:20Z,-21.7082710,166.1863450,20.8,10262.6,13.740,125,88,189
2026-07-22T20:47:21Z,-21.7083919,166.1863549,20.8,10275.9,13.740,125,88,190
2026-07-22T20:47:22Z,-21.7085100,166.1863450,20.6,10289.0,13.600,125,88,190
2026-07-22T20:47:23Z,-21.7086260,166.1863340,20.2,10302.3,13.520,125,90,192
2026-07-22T20:47:24Z,-21.7087379,166.1862800,19.8,10315.3,13.260,126,93,198
2026-07-22T20:47:25Z,-21.7088479,166.1862269,19.4,10328.8,13.240,125,98,215
2026-07-22T20:47:26Z,-21.7089560,166.1861620,19.2,10342.2,13.260,125,100,214
2026-07-22T20:47:27Z,-21.7090639,166.1860979,18.6,10355.7,13.340,126,102,214
2026-07-22T20:47:28Z,-21.7091730,166.1860549,18.2,10369.2,13.380,126,102,215
2026-07-22T20:47:29Z,-21.7092860,166.1859910,17.8,10382.8,13.500,126,102,215
2026-07-22T20:47:30Z,-21.7094040,166.1859580,17.4,10396.5,13.540,127,102,214
2026-07-22T20:47:31Z,-21.7095289,166.1859480,16.8,10410.2,13.600,127,102,214
2026-07-22T20:47:32Z,-21.7096510,166.1859799,16.2,10424.1,13.680,128,101,214
2026-07-22T20:47:33Z,-21.7097610,166.1860440,15.8,10438.1,13.780,129,101,215
2026-07-22T20:47:34Z,-21.7098599,166.1861300,15.2,10452.4,13.920,129,100,214
2026-07-22T20:47:35Z,-21.7099350,166.1862370,14.8,10466.5,14.000,129,100,214
2026-07-22T20:47:36Z,-21.7099859,166.1863549,14.4,10480.5,14.060,130,99,214
2026-07-22T20:47:37Z,-21.7100129,166.1864950,14.0,10494.6,14.100,130,98,214
2026-07-22T20:47:38Z,-21.7100120,166.1866340,13.8,10509.1,14.200,131,99,214
2026-07-22T20:47:39Z,-21.7099820,166.1867520,13.6,10522.6,14.040,131,97,214
2026-07-22T20:47:40Z,-21.7099390,166.1868810,13.6,10536.3,13.960,131,96,214
2026-07-22T20:47:41Z,-21.7098869,166.1869990,13.6,10549.7,13.840,131,96,214
2026-07-22T20:47:42Z,-21.7098320,166.1871060,13.6,10563.2,13.720,131,96,215
2026-07-22T20:47:43Z,-21.7097740,166.1872240,13.6,10576.5,13.480,131,96,214
2026-07-22T20:47:44Z,-21.7097180,166.1873319,13.6,10589.2,13.320,132,95,214
2026-07-22T20:47:45Z,-21.7096620,166.1874390,13.6,10601.8,13.100,132,94,214
2026-07-22T20:47:46Z,-21.7096050,166.1875459,13.6,10614.3,12.920,132,93,215
2026-07-22T20:47:47Z,-21.7095480,166.1876540,13.6,10626.8,12.720,132,92,214
2026-07-22T20:47:48Z,-21.7094969,166.1877499,13.6,10638.7,12.440,132,92,214
2026-07-22T20:47:49Z,-21.7094470,166.1878570,13.6,10650.7,12.300,133,90,214
2026-07-22T20:47:50Z,-21.7093999,166.1879649,13.6,10662.5,12.140,132,89,214
2026-07-22T20:47:51Z,-21.7093640,166.1880720,13.6,10674.2,11.980,132,88,214
2026-07-22T20:47:52Z,-21.7093340,166.1881789,13.6,10685.7,11.780,132,87,214
2026-07-22T20:47:53Z,-21.7093129,166.1882870,13.6,10697.2,11.700,133,86,213
2026-07-22T20:47:54Z,-21.7093050,166.1883940,13.6,10708.6,11.580,132,85,194
2026-07-22T20:47:55Z,-21.7093249,166.1885010,13.4,10720.0,11.500,133,84,164
2026-07-22T20:47:56Z,-21.7093640,166.1885870,13.4,10731.2,11.400,132,84,164
2026-07-22T20:47:57Z,-21.7094340,166.1886839,13.4,10742.4,11.340,132,85,165
2026-07-22T20:47:58Z,-21.7095170,166.1887259,13.2,10753.6,11.280,133,85,165
2026-07-22T20:47:59Z,-21.7096070,166.1887910,13.2,10764.6,11.200,132,85,164
2026-07-22T20:48:00Z,-21.7096979,166.1888340,13.0,10775.7,11.140,132,86,165
2026-07-22T20:48:01Z,-21.7097820,166.1888770,13.0,10786.6,11.080,132,85,164
2026-07-22T20:48:02Z,-21.7098559,166.1889409,13.0,10797.4,11.000,132,85,164
2026-07-22T20:48:03Z,-21.7099180,166.1890269,13.0,10808.1,10.900,132,86,165
2026-07-22T20:48:04Z,-21.7099589,166.1891230,13.0,10818.8,10.840,132,87,166
2026-07-22T20:48:05Z,-21.7099879,166.1892090,13.0,10829.5,10.760,132,89,165
2026-07-22T20:48:06Z,-21.7100090,166.1893169,13.0,10839.9,10.660,133,89,164
2026-07-22T20:48:07Z,-21.7100279,166.1894130,13.0,10850.2,10.560,133,88,165
2026-07-22T20:48:08Z,-21.7100480,166.1894990,13.0,10860.4,10.460,132,88,164
2026-07-22T20:48:09Z,-21.7100670,166.1896059,13.0,10870.6,10.360,133,87,164
2026-07-22T20:48:10Z,-21.7100840,166.1897029,13.0,10880.7,10.240,133,88,162
2026-07-22T20:48:11Z,-21.7100999,166.1897890,13.0,10890.7,10.160,133,88,164
2026-07-22T20:48:12Z,-21.7101200,166.1898850,13.0,10900.7,10.100,133,88,165
2026-07-22T20:48:13Z,-21.7101360,166.1899919,13.0,10910.6,10.040,133,88,165
2026-07-22T20:48:14Z,-21.7101579,166.1900779,13.0,10920.5,9.980,132,87,165
2026-07-22T20:48:15Z,-21.7101940,166.1901639,13.0,10930.3,9.920,132,87,165
2026-07-22T20:48:16Z,-21.7102520,166.1902389,13.0,10939.9,9.840,132,87,164
2026-07-22T20:48:17Z,-21.7103240,166.1902819,13.0,10949.6,9.780,131,87,164
2026-07-22T20:48:18Z,-21.7103980,166.1903249,13.0,10959.1,9.700,131,87,165
2026-07-22T20:48:19Z,-21.7104729,166.1903890,13.0,10968.8,9.660,131,87,165
2026-07-22T20:48:20Z,-21.7105359,166.1904539,13.0,10978.6,9.660,131,88,165
2026-07-22T20:48:21Z,-21.7105860,166.1905290,13.0,10988.1,9.640,130,88,164
2026-07-22T20:48:22Z,-21.7106189,166.1906040,13.0,10997.6,9.600,130,88,165
2026-07-22T20:48:23Z,-21.7106349,166.1906900,13.0,11007.1,9.600,130,87,164
2026-07-22T20:48:24Z,-21.7106290,166.1907859,13.0,11016.2,9.480,130,87,164
2026-07-22T20:48:25Z,-21.7106039,166.1908719,13.0,11026.0,9.480,130,87,164
2026-07-22T20:48:26Z,-21.7105680,166.1909470,13.0,11035.2,9.420,130,87,164
2026-07-22T20:48:27Z,-21.7105230,166.1910330,13.0,11044.5,9.380,130,87,164
2026-07-22T20:48:28Z,-21.7104739,166.1911080,13.0,11053.9,9.360,130,86,165
2026-07-22T20:48:29Z,-21.7104250,166.1911830,13.0,11063.3,9.420,129,86,165
2026-07-22T20:48:30Z,-21.7103739,166.1912579,13.0,11072.6,9.320,129,86,165
2026-07-22T20:48:31Z,-21.7103250,166.1913230,13.0,11082.0,9.360,129,87,164
2026-07-22T20:48:32Z,-21.7102830,166.1913980,13.0,11091.3,9.360,128,87,164
2026-07-22T20:48:33Z,-21.7102490,166.1914840,13.0,11101.0,9.420,128,87,165
2026-07-22T20:48:34Z,-21.7102520,166.1915800,13.0,11110.7,9.480,128,87,164
2026-07-22T20:48:35Z,-21.7102790,166.1916660,13.0,11120.0,9.480,128,88,165
2026-07-22T20:48:36Z,-21.7103159,166.1917410,13.0,11129.7,9.540,127,88,165
2026-07-22T20:48:37Z,-21.7103550,166.1918380,13.0,11139.1,9.560,127,88,165
2026-07-22T20:48:38Z,-21.7103930,166.1919130,13.0,11148.5,9.500,126,89,165
2026-07-22T20:48:39Z,-21.7104290,166.1919880,13.0,11157.8,9.420,126,89,164
2026-07-22T20:48:40Z,-21.7104560,166.1920850,13.0,11167.3,9.460,126,89,165
2026-07-22T20:48:41Z,-21.7104739,166.1921700,13.0,11177.0,9.460,126,89,165
2026-07-22T20:48:42Z,-21.7104919,166.1922669,13.0,11186.3,9.440,126,89,164
2026-07-22T20:48:43Z,-21.7105159,166.1923420,13.0,11195.8,9.460,126,89,164
2026-07-22T20:48:44Z,-21.7105469,166.1924280,13.0,11205.5,9.540,126,89,164
2026-07-22T20:48:45Z,-21.7105789,166.1925239,13.0,11215.0,9.540,126,89,165
2026-07-22T20:48:46Z,-21.7106140,166.1926000,13.0,11224.4,9.480,126,88,165
2026-07-22T20:48:47Z,-21.7106489,166.1926959,13.0,11234.0,9.540,126,88,165
2026-07-22T20:48:48Z,-21.7106850,166.1927709,13.0,11243.3,9.500,126,88,165
2026-07-22T20:48:49Z,-21.7107240,166.1928569,13.0,11252.9,9.480,126,88,164
2026-07-22T20:48:50Z,-21.7107670,166.1929320,13.0,11262.0,9.400,126,88,164
2026-07-22T20:48:51Z,-21.7108120,166.1930070,13.0,11271.5,9.420,125,88,165
2026-07-22T20:48:52Z,-21.7108590,166.1930930,13.0,11281.0,9.400,125,89,165
2026-07-22T20:48:53Z,-21.7109030,166.1931470,13.0,11290.2,9.380,124,89,165
2026-07-22T20:48:54Z,-21.7109440,166.1932429,13.0,11299.4,9.300,124,89,165
2026-07-22T20:48:55Z,-21.7109840,166.1933179,13.0,11308.6,9.320,125,89,164
2026-07-22T20:48:56Z,-21.7110239,166.1933930,13.0,11318.1,9.320,125,89,165
2026-07-22T20:48:57Z,-21.7110600,166.1934690,13.0,11327.1,9.220,124,89,165
2026-07-22T20:48:58Z,-21.7110890,166.1935650,13.0,11336.4,9.240,125,89,165
2026-07-22T20:48:59Z,-21.7111099,166.1936400,13.0,11345.4,9.200,125,90,165
2026-07-22T20:49:00Z,-21.7111330,166.1937260,13.0,11354.9,9.260,125,90,165
2026-07-22T20:49:01Z,-21.7111610,166.1938010,13.0,11363.7,9.120,125,90,164
2026-07-22T20:49:02Z,-21.7112050,166.1938870,13.0,11372.8,9.140,125,90,164
2026-07-22T20:49:03Z,-21.7112659,166.1939410,13.0,11382.5,9.220,126,91,164
2026-07-22T20:49:04Z,-21.7113290,166.1940049,13.0,11391.1,9.140,126,90,165
2026-07-22T20:49:05Z,-21.7114010,166.1940369,13.0,11400.3,9.080,126,90,164
2026-07-22T20:49:06Z,-21.7114870,166.1940479,13.0,11410.0,9.260,126,89,165
2026-07-22T20:49:07Z,-21.7115659,166.1940369,13.0,11419.0,9.240,126,89,164
2026-07-22T20:49:08Z,-21.7116399,166.1940049,13.0,11428.0,9.100,125,89,165
2026-07-22T20:49:09Z,-21.7117220,166.1939730,13.0,11437.6,9.300,125,89,164
2026-07-22T20:49:10Z,-21.7118070,166.1939619,13.0,11447.2,9.380,125,88,164
2026-07-22T20:49:11Z,-21.7118890,166.1939730,13.0,11456.3,9.260,125,88,165
2026-07-22T20:49:12Z,-21.7119699,166.1940049,13.0,11465.7,9.340,124,88,165
2026-07-22T20:49:13Z,-21.7120500,166.1940160,13.0,11474.9,9.380,123,88,165
2026-07-22T20:49:14Z,-21.7121269,166.1940479,13.0,11484.0,9.280,123,88,164
2026-07-22T20:49:15Z,-21.7122029,166.1940799,13.0,11493.0,9.160,123,88,164
2026-07-22T20:49:16Z,-21.7122820,166.1941229,13.0,11502.5,9.240,123,88,164
2026-07-22T20:49:17Z,-21.7123589,166.1941550,13.0,11511.8,9.220,123,87,165
2026-07-22T20:49:18Z,-21.7124339,166.1941870,13.0,11520.8,9.180,122,87,164
2026-07-22T20:49:19Z,-21.7125070,166.1942199,13.0,11529.8,9.160,122,87,164
2026-07-22T20:49:20Z,-21.7125869,166.1942629,13.0,11539.1,9.220,122,87,165
2026-07-22T20:49:21Z,-21.7126619,166.1942949,13.0,11548.1,9.120,122,87,165
2026-07-22T20:49:22Z,-21.7127410,166.1943049,13.0,11557.1,9.060,122,87,165
2026-07-22T20:49:23Z,-21.7128199,166.1943379,13.0,11566.4,9.120,122,87,164
2026-07-22T20:49:24Z,-21.7128960,166.1943700,13.0,11575.2,9.080,121,87,177
2026-07-22T20:49:25Z,-21.7129769,166.1943809,13.0,11584.6,9.100,121,88,208
2026-07-22T20:49:26Z,-21.7130570,166.1944130,13.0,11594.0,9.180,121,90,215
2026-07-22T20:49:27Z,-21.7131310,166.1944450,13.0,11602.9,9.160,122,90,216
2026-07-22T20:49:28Z,-21.7132099,166.1944880,13.0,11612.4,9.200,122,91,215
2026-07-22T20:49:29Z,-21.7132789,166.1945410,13.0,11621.4,9.240,122,93,215
2026-07-22T20:49:30Z,-21.7133509,166.1945840,13.0,11630.8,9.240,122,94,215
2026-07-22T20:49:31Z,-21.7134229,166.1946490,13.0,11640.3,9.260,123,94,215
2026-07-22T20:49:32Z,-21.7135000,166.1946809,13.0,11649.8,9.380,123,95,215
2026-07-22T20:49:33Z,-21.7135760,166.1947239,13.0,11659.3,9.380,124,95,215
2026-07-22T20:49:34Z,-21.7136529,166.1947559,13.0,11668.5,9.420,125,96,215
2026-07-22T20:49:35Z,-21.7137320,166.1947770,13.0,11678.0,9.440,125,96,214
2026-07-22T20:49:36Z,-21.7138109,166.1948310,13.0,11687.7,9.480,126,96,214
2026-07-22T20:49:37Z,-21.7138849,166.1948740,13.0,11697.2,9.480,126,96,214
2026-07-22T20:49:38Z,-21.7139460,166.1949379,13.0,11706.7,9.480,127,96,215
2026-07-22T20:49:39Z,-21.7139829,166.1950239,13.0,11716.5,9.600,127,96,214
2026-07-22T20:49:40Z,-21.7140009,166.1951210,13.0,11725.9,9.580,127,96,214
2026-07-22T20:49:41Z,-21.7140190,166.1952070,13.0,11735.2,9.500,128,96,214
2026-07-22T20:49:42Z,-21.7140480,166.1952820,13.0,11745.1,9.580,129,97,215
2026-07-22T20:49:43Z,-21.7140890,166.1953780,13.0,11754.9,9.640,129,97,214
2026-07-22T20:49:44Z,-21.7141419,166.1954530,13.0,11764.4,9.580,129,97,214
2026-07-22T20:49:45Z,-21.7142110,166.1954960,13.0,11773.9,9.600,130,97,214
2026-07-22T20:49:46Z,-21.7142920,166.1955289,13.0,11783.8,9.720,130,98,215
2026-07-22T20:49:47Z,-21.7143820,166.1955500,13.0,11793.8,9.740,130,98,214
2026-07-22T20:49:48Z,-21.7144680,166.1955289,13.0,11803.5,9.720,130,98,214
2026-07-22T20:49:49Z,-21.7145370,166.1954859,13.0,11812.7,9.660,131,98,214
2026-07-22T20:49:50Z,-21.7146039,166.1954100,13.0,11823.0,9.820,131,97,214
2026-07-22T20:49:51Z,-21.7146489,166.1953350,13.0,11832.5,9.740,130,98,214
2026-07-22T20:49:52Z,-21.7146759,166.1952600,13.0,11842.1,9.660,130,98,215
2026-07-22T20:49:53Z,-21.7146840,166.1951530,13.0,11851.9,9.680,131,98,214
2026-07-22T20:49:54Z,-21.7146710,166.1950559,13.0,11861.6,9.780,131,98,219
2026-07-22T20:49:55Z,-21.7146260,166.1949809,13.0,11871.6,9.720,131,97,234
2026-07-22T20:49:56Z,-21.7145660,166.1949170,13.0,11881.0,9.700,132,95,237
2026-07-22T20:49:57Z,-21.7144950,166.1948419,13.0,11891.5,9.880,131,93,239
2026-07-22T20:49:58Z,-21.7144449,166.1947669,13.0,11901.4,9.900,132,95,240
2026-07-22T20:49:59Z,-21.7144189,166.1946809,13.0,11910.8,9.840,132,95,240
2026-07-22T20:50:00Z,-21.7144120,166.1945840,13.0,11921.2,9.920,132,96,240
2026-07-22T20:50:01Z,-21.7144309,166.1944880,13.0,11931.2,10.040,132,95,239
2026-07-22T20:50:02Z,-21.7144589,166.1944130,13.0,11939.5,9.600,132,95,239
2026-07-22T20:50:03Z,-21.7145080,166.1943270,13.0,11950.6,9.840,133,94,239
2026-07-22T20:50:04Z,-21.7145570,166.1942300,13.0,11960.8,10.000,133,93,240
2026-07-22T20:50:05Z,-21.7146019,166.1941550,13.0,11971.0,9.960,133,93,239
2026-07-22T20:50:06Z,-21.7146299,166.1940479,13.0,11981.8,10.120,133,92,239
2026-07-22T20:50:07Z,-21.7146560,166.1939619,13.0,11991.9,10.480,134,92,240
2026-07-22T20:50:08Z,-21.7147059,166.1938660,13.0,12002.3,10.340,134,92,239
2026-07-22T20:50:09Z,-21.7147790,166.1937899,13.0,12014.1,10.660,134,91,238
2026-07-22T20:50:10Z,-21.7148479,166.1937260,13.0,12024.0,10.600,134,91,238
2026-07-22T20:50:11Z,-21.7149380,166.1936830,13.0,12035.2,10.680,135,91,239
2026-07-22T20:50:12Z,-21.7150270,166.1936510,13.0,12045.7,10.760,135,91,239
2026-07-22T20:50:13Z,-21.7151170,166.1936400,13.0,12055.6,10.660,135,91,239
2026-07-22T20:50:14Z,-21.7152110,166.1936400,13.0,12066.2,10.420,136,89,239
2026-07-22T20:50:15Z,-21.7153059,166.1936510,13.0,12076.7,10.540,136,88,239
2026-07-22T20:50:16Z,-21.7153980,166.1936720,13.0,12087.1,10.380,136,87,239
2026-07-22T20:50:17Z,-21.7154910,166.1936940,13.0,12097.6,10.380,136,86,239
2026-07-22T20:50:18Z,-21.7155829,166.1937150,13.0,12108.1,10.500,136,86,239
2026-07-22T20:50:19Z,-21.7156720,166.1937479,13.0,12118.5,10.460,136,86,239
2026-07-22T20:50:20Z,-21.7157650,166.1937800,13.0,12129.1,10.480,137,83,238
2026-07-22T20:50:21Z,-21.7158510,166.1937899,13.0,12139.0,10.380,137,83,238
2026-07-22T20:50:22Z,-21.7159450,166.1938230,13.0,12149.8,10.440,137,81,237
2026-07-22T20:50:23Z,-21.7160289,166.1938550,13.0,12159.7,10.320,137,78,237
2026-07-22T20:50:24Z,-21.7161200,166.1938980,13.0,12170.4,10.380,137,75,216
2026-07-22T20:50:25Z,-21.7162060,166.1939300,13.0,12180.5,10.280,137,72,178
2026-07-22T20:50:26Z,-21.7162920,166.1939619,13.0,12190.6,10.320,137,71,175
2026-07-22T20:50:27Z,-21.7163859,166.1939939,13.0,12201.3,10.300,136,71,175
2026-07-22T20:50:28Z,-21.7164690,166.1940049,13.0,12210.9,10.240,136,72,175
2026-07-22T20:50:29Z,-21.7165640,166.1940160,13.0,12221.5,10.220,137,73,175
2026-07-22T20:50:30Z,-21.7166569,166.1940160,13.0,12231.6,10.220,136,72,175
2026-07-22T20:50:31Z,-21.7167449,166.1940479,13.0,12241.8,10.240,136,74,174
2026-07-22T20:50:32Z,-21.7168260,166.1940799,13.0,12251.6,10.060,136,73,174
2026-07-22T20:50:33Z,-21.7169010,166.1941440,13.0,12261.9,10.200,136,73,174
2026-07-22T20:50:34Z,-21.7169670,166.1941980,13.0,12271.9,10.080,135,73,174
2026-07-22T20:50:35Z,-21.7170280,166.1942840,13.0,12281.8,10.040,135,71,174
2026-07-22T20:50:36Z,-21.7170830,166.1943590,13.0,12291.7,9.980,135,73,175
2026-07-22T20:50:37Z,-21.7171329,166.1944340,13.0,12301.7,10.020,135,73,175
2026-07-22T20:50:38Z,-21.7171789,166.1945089,13.0,12311.5,9.920,135,73,175
2026-07-22T20:50:39Z,-21.7172240,166.1945949,13.0,12321.1,9.840,135,73,175
2026-07-22T20:50:40Z,-21.7172799,166.1946809,13.0,12331.2,9.880,135,73,175
2026-07-22T20:50:41Z,-21.7173430,166.1947350,13.0,12341.0,9.860,135,73,175
2026-07-22T20:50:42Z,-21.7174229,166.1947989,13.0,12351.7,10.000,134,74,174
2026-07-22T20:50:43Z,-21.7174939,166.1948310,13.0,12360.4,9.780,134,74,174
2026-07-22T20:50:44Z,-21.7175799,166.1948740,13.0,12371.0,9.980,135,74,175
2026-07-22T20:50:45Z,-21.7176560,166.1949060,13.0,12380.1,9.780,135,74,174
2026-07-22T20:50:46Z,-21.7177300,166.1949490,13.0,12389.0,9.600,135,74,174
2026-07-22T20:50:47Z,-21.7178099,166.1949709,13.0,12398.4,9.340,135,75,175
2026-07-22T20:50:48Z,-21.7178959,166.1949809,13.0,12407.8,9.480,135,76,175
2026-07-22T20:50:49Z,-21.7179870,166.1949490,13.0,12418.5,9.500,135,76,175
2026-07-22T20:50:50Z,-21.7180539,166.1949060,13.0,12427.5,9.480,135,76,175
2026-07-22T20:50:51Z,-21.7181090,166.1948310,13.0,12436.9,9.580,135,76,175
2026-07-22T20:50:52Z,-21.7181579,166.1947559,13.0,12446.3,9.580,135,77,174
2026-07-22T20:50:53Z,-21.7182030,166.1946809,13.0,12455.7,9.580,135,77,174
2026-07-22T20:50:54Z,-21.7182490,166.1945949,13.0,12465.1,9.320,135,77,175
2026-07-22T20:50:55Z,-21.7182930,166.1945200,13.0,12474.5,9.400,135,77,174
2026-07-22T20:50:56Z,-21.7183390,166.1944450,13.0,12484.2,9.460,135,77,174
2026-07-22T20:50:57Z,-21.7183800,166.1943700,13.0,12493.0,9.340,135,77,174
2026-07-22T20:50:58Z,-21.7184259,166.1942949,13.0,12503.0,9.460,135,76,174
2026-07-22T20:50:59Z,-21.7184689,166.1942199,13.0,12512.0,9.380,134,76,174
2026-07-22T20:51:00Z,-21.7185019,166.1941440,13.0,12520.8,9.260,134,76,174
2026-07-22T20:51:01Z,-21.7185319,166.1940479,13.0,12530.7,9.300,134,75,174
2026-07-22T20:51:02Z,-21.7185500,166.1939619,13.0,12540.1,9.420,133,75,174
2026-07-22T20:51:03Z,-21.7185709,166.1938660,13.0,12549.3,9.260,133,75,174
2026-07-22T20:51:04Z,-21.7186090,166.1937899,13.0,12558.2,9.240,132,74,175
2026-07-22T20:51:05Z,-21.7186770,166.1937260,13.0,12568.0,9.440,132,75,175
2026-07-22T20:51:06Z,-21.7187490,166.1936940,13.0,12577.1,9.280,132,75,175
2026-07-22T20:51:07Z,-21.7188189,166.1936510,13.0,12586.2,9.220,132,75,175
2026-07-22T20:51:08Z,-21.7188719,166.1935759,13.0,12595.5,9.240,131,75,175
2026-07-22T20:51:09Z,-21.7188940,166.1935009,13.0,12604.9,9.340,131,75,174
2026-07-22T20:51:10Z,-21.7188950,166.1934039,13.0,12614.2,9.240,130,74,174
2026-07-22T20:51:11Z,-21.7188940,166.1933179,13.0,12622.7,9.120,130,74,174
2026-07-22T20:51:12Z,-21.7188879,166.1932220,13.0,12632.4,9.240,130,76,175
2026-07-22T20:51:13Z,-21.7188899,166.1931360,13.0,12641.7,9.240,130,76,174
2026-07-22T20:51:14Z,-21.7189019,166.1930390,13.0,12651.0,9.220,130,76,174
2026-07-22T20:51:15Z,-21.7189250,166.1929640,13.0,12660.2,9.200,130,77,175
2026-07-22T20:51:16Z,-21.7189510,166.1928890,13.0,12669.0,9.260,130,77,175
2026-07-22T20:51:17Z,-21.7189850,166.1928030,13.0,12678.5,9.220,130,77,175
2026-07-22T20:51:18Z,-21.7190169,166.1927180,13.0,12687.3,9.120,129,77,175
2026-07-22T20:51:19Z,-21.7190560,166.1926320,13.0,12697.1,9.220,129,77,175
2026-07-22T20:51:20Z,-21.7190899,166.1925570,13.0,12705.9,9.140,129,77,175
2026-07-22T20:51:21Z,-21.7191199,166.1924819,13.0,12715.1,9.220,129,77,174
2026-07-22T20:51:22Z,-21.7191469,166.1923850,13.0,12724.1,9.120,129,77,175
2026-07-22T20:51:23Z,-21.7191700,166.1923099,13.0,12733.2,9.180,128,77,175
2026-07-22T20:51:24Z,-21.7191870,166.1922239,13.0,12742.5,9.080,128,77,175
2026-07-22T20:51:25Z,-21.7191970,166.1921379,13.0,12751.4,9.100,128,77,175
2026-07-22T20:51:26Z,-21.7191980,166.1920519,13.0,12760.6,9.100,128,77,175
2026-07-22T20:51:27Z,-21.7191960,166.1919560,13.0,12770.0,9.180,128,77,175
2026-07-22T20:51:28Z,-21.7191830,166.1918700,13.0,12779.0,9.160,127,77,174
2026-07-22T20:51:29Z,-21.7191650,166.1917730,13.0,12788.3,9.160,127,77,174
2026-07-22T20:51:30Z,-21.7191530,166.1916980,13.0,12797.3,9.180,127,78,175
2026-07-22T20:51:31Z,-21.7191459,166.1916120,13.0,12806.4,9.160,127,78,174
2026-07-22T20:51:32Z,-21.7191349,166.1915159,13.0,12815.6,9.120,127,77,174
2026-07-22T20:51:33Z,-21.7191199,166.1914410,13.0,12824.5,9.100,127,77,175
2026-07-22T20:51:34Z,-21.7190919,166.1913439,13.0,12833.9,9.120,128,77,174
2026-07-22T20:51:35Z,-21.7190520,166.1912690,13.0,12842.9,9.120,127,77,175
2026-07-22T20:51:36Z,-21.7190039,166.1911940,13.0,12852.2,9.160,127,76,174
2026-07-22T20:51:37Z,-21.7189489,166.1911400,13.0,12861.6,9.200,127,76,175
2026-07-22T20:51:38Z,-21.7188940,166.1910549,13.0,12870.8,9.260,127,77,174
2026-07-22T20:51:39Z,-21.7188390,166.1910009,13.0,12880.2,9.260,127,77,175
2026-07-22T20:51:40Z,-21.7187850,166.1909370,13.4,12889.2,9.260,126,77,174
2026-07-22T20:51:41Z,-21.7187360,166.1908610,13.8,12897.9,9.140,126,77,174
2026-07-22T20:51:42Z,-21.7186899,166.1907969,14.2,12906.1,8.900,126,76,174
2026-07-22T20:51:43Z,-21.7186419,166.1907539,14.4,12913.9,8.620,126,76,174
2026-07-22T20:51:44Z,-21.7185950,166.1906900,14.8,12921.5,8.260,126,76,175
2026-07-22T20:51:45Z,-21.7185459,166.1906470,15.0,12928.8,7.920,125,75,174
2026-07-22T20:51:46Z,-21.7184970,166.1906040,15.2,12935.9,7.600,125,75,174
2026-07-22T20:51:47Z,-21.7184460,166.1905720,15.2,12942.9,7.360,125,76,174
2026-07-22T20:51:48Z,-21.7183879,166.1905290,15.2,12950.0,7.220,125,75,174
2026-07-22T20:51:49Z,-21.7183269,166.1904969,15.0,12957.6,7.220,125,75,174
2026-07-22T20:51:50Z,-21.7182579,166.1904750,14.6,12965.6,7.360,125,75,175
2026-07-22T20:51:51Z,-21.7181880,166.1904539,14.2,12973.9,7.600,125,76,174
2026-07-22T20:51:52Z,-21.7181119,166.1904219,14.0,12982.8,7.980,125,76,175
2026-07-22T20:51:53Z,-21.7180330,166.1903890,13.6,12992.1,8.420,125,77,175
2026-07-22T20:51:54Z,-21.7179549,166.1903570,13.2,13001.5,8.780,125,77,175
2026-07-22T20:51:55Z,-21.7178750,166.1903140,13.0,13011.5,9.180,125,77,175
2026-07-22T20:51:56Z,-21.7177979,166.1902610,13.0,13021.4,9.500,125,77,174
2026-07-22T20:51:57Z,-21.7177239,166.1902069,13.2,13031.3,9.700,125,78,175
2026-07-22T20:51:58Z,-21.7176529,166.1901639,13.2,13040.8,9.740,125,78,174
2026-07-22T20:51:59Z,-21.7175850,166.1901000,13.4,13050.3,9.760,126,78,174
2026-07-22T20:52:00Z,-21.7175160,166.1900570,13.6,13059.6,9.620,126,78,174
2026-07-22T20:52:01Z,-21.7174519,166.1899919,14.0,13068.6,9.440,126,79,174
2026-07-22T20:52:02Z,-21.7173900,166.1899499,14.2,13077.4,9.220,126,79,175
2026-07-22T20:52:03Z,-21.7173310,166.1898850,14.4,13085.8,9.000,126,79,174
2026-07-22T20:52:04Z,-21.7172759,166.1898420,14.6,13094.1,8.760,127,79,174
2026-07-22T20:52:05Z,-21.7172240,166.1897779,14.8,13102.2,8.520,127,79,174
2026-07-22T20:52:06Z,-21.7171749,166.1897349,15.0,13110.1,8.300,127,79,174
2026-07-22T20:52:07Z,-21.7171290,166.1896710,15.2,13118.0,8.119,127,78,174
2026-07-22T20:52:08Z,-21.7170889,166.1896059,15.4,13125.6,7.960,127,78,175
2026-07-22T20:52:09Z,-21.7170520,166.1895530,15.6,13133.2,7.820,127,78,174
2026-07-22T20:52:10Z,-21.7170199,166.1894879,15.6,13140.6,7.680,127,78,174
2026-07-22T20:52:11Z,-21.7169929,166.1894130,15.8,13148.0,7.580,127,78,174
2026-07-22T20:52:12Z,-21.7169730,166.1893489,15.8,13155.4,7.480,127,78,174
2026-07-22T20:52:13Z,-21.7169530,166.1892840,16.0,13162.8,7.440,127,78,174
2026-07-22T20:52:14Z,-21.7169380,166.1892090,16.0,13170.1,7.380,127,77,175
2026-07-22T20:52:15Z,-21.7169250,166.1891340,16.2,13177.5,7.380,127,77,174
2026-07-22T20:52:16Z,-21.7169159,166.1890800,16.2,13184.8,7.360,127,77,174
2026-07-22T20:52:17Z,-21.7169059,166.1889950,16.2,13192.2,7.360,127,77,175
2026-07-22T20:52:18Z,-21.7169010,166.1889409,16.4,13199.5,7.340,127,78,174
2026-07-22T20:52:19Z,-21.7168940,166.1888660,16.4,13206.9,7.360,128,78,175
2026-07-22T20:52:20Z,-21.7168930,166.1887910,16.4,13214.4,7.380,127,78,174
2026-07-22T20:52:21Z,-21.7168919,166.1887050,16.4,13222.0,7.440,128,78,175
2026-07-22T20:52:22Z,-21.7168919,166.1886510,16.4,13229.6,7.480,127,78,174
2026-07-22T20:52:23Z,-21.7168930,166.1885760,16.4,13237.4,7.580,128,78,174
2026-07-22T20:52:24Z,-21.7168940,166.1885010,16.4,13245.3,7.680,127,78,201
2026-07-22T20:52:25Z,-21.7169010,166.1884150,16.4,13253.3,7.780,127,78,237
2026-07-22T20:52:26Z,-21.7169080,166.1883290,16.2,13261.5,7.900,127,78,235
2026-07-22T20:52:27Z,-21.7169240,166.1882539,16.0,13270.1,8.100,127,77,235
2026-07-22T20:52:28Z,-21.7169440,166.1881789,15.8,13279.0,8.320,128,77,234
2026-07-22T20:52:29Z,-21.7169710,166.1880829,15.4,13288.1,8.560,128,76,234
2026-07-22T20:52:30Z,-21.7170029,166.1880079,15.2,13297.7,8.880,128,76,234
2026-07-22T20:52:31Z,-21.7170390,166.1879109,14.8,13307.8,9.260,129,75,235
2026-07-22T20:52:32Z,-21.7170820,166.1878250,14.4,13318.4,9.660,129,76,236
2026-07-22T20:52:33Z,-21.7171240,166.1877290,14.2,13329.1,10.020,129,77,234
2026-07-22T20:52:34Z,-21.7171649,166.1876209,14.0,13339.9,10.360,129,77,234
2026-07-22T20:52:35Z,-21.7172039,166.1875359,14.2,13350.7,10.600,130,77,235
2026-07-22T20:52:36Z,-21.7172400,166.1874390,14.6,13361.3,10.700,130,78,235
2026-07-22T20:52:37Z,-21.7172779,166.1873530,15.0,13371.5,10.620,130,79,235
2026-07-22T20:52:38Z,-21.7173170,166.1872570,15.4,13381.2,10.420,130,80,235
2026-07-22T20:52:39Z,-21.7173570,166.1871810,15.8,13390.5,10.120,130,80,236
2026-07-22T20:52:40Z,-21.7173980,166.1871060,16.2,13399.7,9.800,130,81,238
2026-07-22T20:52:41Z,-21.7174400,166.1870420,16.2,13408.4,9.420,130,81,239
2026-07-22T20:52:42Z,-21.7174860,166.1869670,16.2,13417.4,9.180,130,82,240
2026-07-22T20:52:43Z,-21.7175339,166.1868920,16.0,13426.6,9.080,133,81,240
2026-07-22T20:52:44Z,-21.7175850,166.1868169,15.6,13436.2,9.140,134,82,239
2026-07-22T20:52:45Z,-21.7176389,166.1867419,15.4,13445.9,9.240,134,81,239
2026-07-22T20:52:46Z,-21.7176939,166.1866660,14.8,13456.0,9.520,135,81,239
2026-07-22T20:52:47Z,-21.7177570,166.1865910,14.4,13466.5,9.820,135,81,240
2026-07-22T20:52:48Z,-21.7178290,166.1865159,14.0,13477.8,10.240,135,82,240
2026-07-22T20:52:49Z,-21.7179089,166.1864520,13.6,13489.0,10.560,135,82,240
2026-07-22T20:52:50Z,-21.7179989,166.1863880,13.6,13500.5,10.920,136,83,239
2026-07-22T20:52:51Z,-21.7180959,166.1863549,13.6,13512.1,11.220,136,83,239
2026-07-22T20:52:52Z,-21.7181940,166.1863340,14.0,13523.1,11.320,136,83,239
2026-07-22T20:52:53Z,-21.7182900,166.1863119,14.4,13534.0,11.240,137,83,239
2026-07-22T20:52:54Z,-21.7183839,166.1863119,14.8,13544.5,11.100,137,82,243
2026-07-22T20:52:55Z,-21.7184739,166.1863119,15.2,13554.4,10.780,137,82,249
2026-07-22T20:52:56Z,-21.7185610,166.1863119,15.4,13564.2,10.420,138,82,250
2026-07-22T20:52:57Z,-21.7186469,166.1863340,15.6,13573.7,10.120,138,82,249
2026-07-22T20:52:58Z,-21.7187319,166.1863549,15.6,13583.3,9.860,138,82,249
2026-07-22T20:52:59Z,-21.7188120,166.1863880,15.4,13592.9,9.680,138,82,249
2026-07-22T20:53:00Z,-21.7188899,166.1864409,15.0,13603.0,9.720,138,81,250
2026-07-22T20:53:01Z,-21.7189680,166.1864950,14.6,13613.5,9.860,138,81,249
2026-07-22T20:53:02Z,-21.7190469,166.1865589,14.2,13624.3,10.120,138,81,250
2026-07-22T20:53:03Z,-21.7191260,166.1866240,13.8,13635.1,10.360,138,82,249
2026-07-22T20:53:04Z,-21.7192140,166.1866770,13.6,13646.8,10.780,139,82,249
2026-07-22T20:53:05Z,-21.7193059,166.1867309,13.6,13658.3,11.060,138,81,249
2026-07-22T20:53:06Z,-21.7193950,166.1867849,13.8,13669.5,11.200,138,81,248
2026-07-22T20:53:07Z,-21.7194769,166.1868269,14.0,13679.6,11.060,138,80,249
2026-07-22T20:53:08Z,-21.7195680,166.1868810,14.4,13690.7,11.120,138,79,249
2026-07-22T20:53:09Z,-21.7196610,166.1869129,14.8,13701.8,11.000,139,78,250
2026-07-22T20:53:10Z,-21.7197440,166.1869350,15.2,13711.7,10.680,139,78,250
2026-07-22T20:53:11Z,-21.7198249,166.1869670,15.2,13720.9,10.280,139,79,250
2026-07-22T20:53:12Z,-21.7199140,166.1869990,15.4,13731.2,10.320,139,79,250
2026-07-22T20:53:13Z,-21.7199979,166.1870210,15.2,13740.7,10.000,139,79,250
2026-07-22T20:53:14Z,-21.7200860,166.1870210,15.0,13750.4,9.720,139,79,248
2026-07-22T20:53:15Z,-21.7201809,166.1870309,14.6,13761.1,9.880,139,78,247
2026-07-22T20:53:16Z,-21.7202760,166.1870309,14.2,13771.6,10.140,140,76,247
2026-07-22T20:53:17Z,-21.7203770,166.1870309,13.8,13782.8,10.320,139,71,249
2026-07-22T20:53:18Z,-21.7204790,166.1870210,13.6,13794.1,10.680,140,70,250
2026-07-22T20:53:19Z,-21.7205760,166.1869990,13.6,13805.0,10.920,140,73,251
2026-07-22T20:53:20Z,-21.7206770,166.1869879,14.0,13816.3,11.040,140,74,252
2026-07-22T20:53:21Z,-21.7207690,166.1869560,14.4,13826.8,11.040,140,77,250
2026-07-22T20:53:22Z,-21.7208589,166.1869240,14.8,13837.3,10.900,140,78,250
2026-07-22T20:53:23Z,-21.7209400,166.1868810,15.2,13847.3,10.640,140,79,249
2026-07-22T20:53:24Z,-21.7210169,166.1868269,15.4,13857.0,10.400,140,79,102
2026-07-22T20:53:25Z,-21.7210840,166.1867849,15.6,13866.3,10.000,140,79,100
2026-07-22T20:53:26Z,-21.7211430,166.1867309,15.4,13875.4,9.720,140,72,162
2026-07-22T20:53:27Z,-21.7211980,166.1866449,15.2,13885.0,9.540,140,70,164
2026-07-22T20:53:28Z,-21.7212469,166.1865699,14.8,13894.4,9.420,140,70,165
2026-07-22T20:53:29Z,-21.7212940,166.1864950,14.4,13904.4,9.480,141,69,164
2026-07-22T20:53:30Z,-21.7213430,166.1864090,14.2,13914.5,9.640,141,69,165
2026-07-22T20:53:31Z,-21.7213909,166.1863340,14.2,13924.7,9.860,140,69,164
2026-07-22T20:53:32Z,-21.7214410,166.1862370,14.2,13935.2,10.040,140,69,164
2026-07-22T20:53:33Z,-21.7214870,166.1861620,14.4,13944.9,10.100,140,69,164
2026-07-22T20:53:34Z,-21.7215359,166.1860870,14.6,13954.7,10.060,140,69,165
2026-07-22T20:53:35Z,-21.7215789,166.1860119,15.0,13964.0,9.900,140,70,165
2026-07-22T20:53:36Z,-21.7216219,166.1859369,15.2,13973.2,9.700,140,70,165
2026-07-22T20:53:37Z,-21.7216550,166.1858509,15.6,13981.7,9.300,140,70,165
2026-07-22T20:53:38Z,-21.7216870,166.1857760,15.8,13990.3,9.080,140,71,165
2026-07-22T20:53:39Z,-21.7217130,166.1857010,16.2,13998.6,8.780,139,72,163
2026-07-22T20:53:40Z,-21.7217339,166.1856260,16.4,14006.4,8.480,139,73,162
2026-07-22T20:53:41Z,-21.7217529,166.1855509,16.6,14014.1,8.180,140,74,165
2026-07-22T20:53:42Z,-21.7217700,166.1854860,17.0,14021.4,7.940,140,75,165
2026-07-22T20:53:43Z,-21.7217840,166.1854110,17.2,14028.6,7.660,139,75,165
2026-07-22T20:53:44Z,-21.7217949,166.1853580,17.4,14035.5,7.380,139,75,165
2026-07-22T20:53:45Z,-21.7218030,166.1852929,17.6,14042.1,7.140,140,76,165
2026-07-22T20:53:46Z,-21.7218079,166.1852290,17.8,14048.6,6.900,141,77,164
2026-07-22T20:53:47Z,-21.7218089,166.1851639,18.0,14054.9,6.700,141,77,165
2026-07-22T20:53:48Z,-21.7218089,166.1851110,18.2,14061.2,6.520,140,76,164
2026-07-22T20:53:49Z,-21.7218040,166.1850459,18.2,14067.5,6.400,141,76,164
2026-07-22T20:53:50Z,-21.7217959,166.1849820,18.2,14073.9,6.360,140,76,164
2026-07-22T20:53:51Z,-21.7217840,166.1849280,18.2,14080.5,6.380,140,75,164
2026-07-22T20:53:52Z,-21.7217700,166.1848640,18.0,14087.5,6.520,140,75,164
2026-07-22T20:53:53Z,-21.7217540,166.1847889,17.8,14094.5,6.660,139,75,164
2026-07-22T20:53:54Z,-21.7217359,166.1847139,17.6,14102.4,6.980,139,75,164
2026-07-22T20:53:55Z,-21.7217130,166.1846390,17.2,14110.6,7.340,139,75,165
2026-07-22T20:53:56Z,-21.7216860,166.1845640,16.8,14119.4,7.780,139,75,164
2026-07-22T20:53:57Z,-21.7216550,166.1844780,16.4,14128.6,8.220,138,75,165
2026-07-22T20:53:58Z,-21.7216180,166.1843920,15.8,14138.7,8.840,137,77,164
2026-07-22T20:53:59Z,-21.7215720,166.1842950,15.4,14149.3,9.380,137,76,165
2026-07-22T20:54:00Z,-21.7215160,166.1842200,15.0,14159.9,9.860,137,77,164
2026-07-22T20:54:01Z,-21.7214469,166.1841450,14.8,14170.8,10.280,137,77,165
2026-07-22T20:54:02Z,-21.7213690,166.1840809,14.8,14181.4,10.560,137,77,164
2026-07-22T20:54:03Z,-21.7212850,166.1840379,15.2,14192.1,10.680,136,79,164
2026-07-22T20:54:04Z,-21.7211980,166.1839949,15.4,14202.5,10.640,136,78,165
2026-07-22T20:54:05Z,-21.7211120,166.1839630,15.8,14212.4,10.500,135,77,164
2026-07-22T20:54:06Z,-21.7210319,166.1839519,16.2,14221.7,10.180,135,77,165
2026-07-22T20:54:07Z,-21.7209500,166.1839310,16.6,14230.9,9.900,135,77,165
2026-07-22T20:54:08Z,-21.7208719,166.1839200,16.8,14239.7,9.520,134,78,165
2026-07-22T20:54:09Z,-21.7207950,166.1838979,17.0,14248.1,9.120,134,78,164
2026-07-22T20:54:10Z,-21.7207230,166.1838880,17.2,14256.2,8.760,133,79,164
2026-07-22T20:54:11Z,-21.7206520,166.1838880,17.4,14264.1,8.480,133,79,164
2026-07-22T20:54:12Z,-21.7205820,166.1838880,17.6,14272.0,8.220,133,79,165
2026-07-22T20:54:13Z,-21.7205080,166.1838770,17.6,14279.9,8.039,133,79,165
2026-07-22T20:54:14Z,-21.7204389,166.1838770,17.4,14287.8,7.940,132,80,165
2026-07-22T20:54:15Z,-21.7203640,166.1838770,17.4,14295.9,7.940,132,80,165
2026-07-22T20:54:16Z,-21.7202900,166.1838880,17.2,14304.2,8.020,132,80,164
2026-07-22T20:54:17Z,-21.7202129,166.1838880,17.0,14312.7,8.140,131,80,165
2026-07-22T20:54:18Z,-21.7201360,166.1838979,16.8,14321.5,8.320,131,80,165
2026-07-22T20:54:19Z,-21.7200549,166.1839200,16.6,14330.5,8.540,130,81,165
2026-07-22T20:54:20Z,-21.7199730,166.1839310,16.4,14339.7,8.760,130,81,164
2026-07-22T20:54:21Z,-21.7198880,166.1839519,16.2,14349.3,9.020,130,82,164
2026-07-22T20:54:22Z,-21.7198020,166.1839630,15.8,14359.0,9.260,130,83,164
2026-07-22T20:54:23Z,-21.7197120,166.1839630,15.6,14369.0,9.500,130,83,165
2026-07-22T20:54:24Z,-21.7196209,166.1839839,15.4,14379.0,9.700,129,83,164
2026-07-22T20:54:25Z,-21.7195310,166.1839630,15.2,14389.0,9.860,129,83,164
2026-07-22T20:54:26Z,-21.7194410,166.1839519,15.0,14399.2,9.980,130,83,165
2026-07-22T20:54:27Z,-21.7193540,166.1839200,15.0,14409.5,10.100,130,83,164
2026-07-22T20:54:28Z,-21.7192749,166.1838770,15.2,14419.7,10.140,130,82,165
2026-07-22T20:54:29Z,-21.7192100,166.1837910,15.4,14429.6,10.120,130,82,165
2026-07-22T20:54:30Z,-21.7191530,166.1837379,15.8,14439.3,10.060,130,82,164
2026-07-22T20:54:31Z,-21.7191059,166.1836620,16.2,14448.5,9.860,130,82,165
2026-07-22T20:54:32Z,-21.7190650,166.1835870,16.6,14457.5,9.600,129,83,164
2026-07-22T20:54:33Z,-21.7190329,166.1835010,16.8,14465.7,9.200,129,83,164
2026-07-22T20:54:34Z,-21.7190019,166.1834479,17.2,14473.8,8.840,129,84,165
2026-07-22T20:54:35Z,-21.7189769,166.1833730,17.6,14481.5,8.440,128,84,164
2026-07-22T20:54:36Z,-21.7189540,166.1833079,17.8,14488.9,8.080,128,84,164
2026-07-22T20:54:37Z,-21.7189339,166.1832329,18.0,14496.1,7.720,128,84,165
2026-07-22T20:54:38Z,-21.7189140,166.1831690,18.2,14503.0,7.460,128,84,165
2026-07-22T20:54:39Z,-21.7188980,166.1831049,18.4,14509.7,7.180,128,84,164
2026-07-22T20:54:40Z,-21.7188800,166.1830510,18.6,14516.3,6.960,128,85,165
2026-07-22T20:54:41Z,-21.7188670,166.1829860,18.6,14523.0,6.820,128,85,164
2026-07-22T20:54:42Z,-21.7188550,166.1829220,18.6,14529.9,6.760,128,86,164
2026-07-22T20:54:43Z,-21.7188500,166.1828469,18.4,14536.9,6.780,129,86,165
2026-07-22T20:54:44Z,-21.7188479,166.1827930,18.4,14544.1,6.880,129,85,164
2026-07-22T20:54:45Z,-21.7188540,166.1827080,18.2,14551.8,7.100,128,85,165
2026-07-22T20:54:46Z,-21.7188660,166.1826319,17.8,14559.6,7.320,128,85,164
2026-07-22T20:54:47Z,-21.7188820,166.1825569,17.6,14568.0,7.620,128,85,165
2026-07-22T20:54:48Z,-21.7189070,166.1824820,17.4,14576.7,7.960,128,84,165
2026-07-22T20:54:49Z,-21.7189380,166.1823960,17.4,14585.6,8.300,127,84,164
2026-07-22T20:54:50Z,-21.7189739,166.1823210,17.4,14594.3,8.500,127,85,164
2026-07-22T20:54:51Z,-21.7190199,166.1822569,17.6,14603.1,8.700,127,85,165
2026-07-22T20:54:52Z,-21.7190690,166.1821930,17.8,14611.6,8.720,127,85,165
2026-07-22T20:54:53Z,-21.7191230,166.1821279,18.2,14619.9,8.640,127,85,165
2026-07-22T20:54:54Z,-21.7191739,166.1820849,18.4,14627.8,8.440,127,85,184
2026-07-22T20:54:55Z,-21.7192280,166.1820210,18.8,14635.6,8.260,127,86,232
2026-07-22T20:54:56Z,-21.7192769,166.1819780,19.0,14643.0,7.980,127,88,240
2026-07-22T20:54:57Z,-21.7193280,166.1819350,19.2,14650.3,7.740,127,90,240
2026-07-22T20:54:58Z,-21.7193779,166.1818920,19.2,14657.7,7.560,126,90,239
2026-07-22T20:54:59Z,-21.7194290,166.1818389,19.2,14665.4,7.520,126,89,238
2026-07-22T20:55:00Z,-21.7194809,166.1817959,19.2,14673.2,7.520,127,89,239
2026-07-22T20:55:01Z,-21.7195390,166.1817310,19.0,14681.5,7.700,127,88,239
2026-07-22T20:55:02Z,-21.7195980,166.1816880,18.6,14689.8,7.900,127,87,239
2026-07-22T20:55:03Z,-21.7196639,166.1816350,18.2,14699.2,8.300,128,86,240
2026-07-22T20:55:04Z,-21.7197330,166.1815809,17.8,14708.7,8.660,128,86,239
2026-07-22T20:55:05Z,-21.7198020,166.1815059,17.4,14718.8,9.120,129,86,239
2026-07-22T20:55:06Z,-21.7198659,166.1814420,17.0,14728.9,9.480,129,86,240
2026-07-22T20:55:07Z,-21.7199290,166.1813659,16.8,14739.7,9.980,130,85,240
2026-07-22T20:55:08Z,-21.7199870,166.1812809,16.8,14750.6,10.280,130,84,240
2026-07-22T20:55:09Z,-21.7200379,166.1812059,17.0,14761.2,10.500,130,85,239
2026-07-22T20:55:10Z,-21.7200819,166.1811090,17.4,14771.7,10.580,131,85,239
2026-07-22T20:55:11Z,-21.7201139,166.1810230,17.6,14781.5,10.520,132,84,239
2026-07-22T20:55:12Z,-21.7201369,166.1809270,17.8,14791.5,10.360,132,84,239
2026-07-22T20:55:13Z,-21.7201490,166.1808410,17.8,14801.4,10.160,132,82,239
2026-07-22T20:55:14Z,-21.7201500,166.1807329,17.6,14811.4,10.040,132,83,238
2026-07-22T20:55:15Z,-21.7201419,166.1806370,17.4,14821.4,9.940,132,82,239
2026-07-22T20:55:16Z,-21.7201279,166.1805299,17.0,14832.2,10.140,133,82,239
2026-07-22T20:55:17Z,-21.7201089,166.1804439,16.6,14842.9,10.280,133,81,240
2026-07-22T20:55:18Z,-21.7200829,166.1803360,16.2,14853.6,10.440,133,81,240
2026-07-22T20:55:19Z,-21.7200539,166.1802289,16.0,14865.3,10.780,133,82,239
2026-07-22T20:55:20Z,-21.7200180,166.1801220,15.8,14876.8,11.080,134,82,239
2026-07-22T20:55:21Z,-21.7199770,166.1800249,15.6,14887.8,11.120,134,82,239
2026-07-22T20:55:22Z,-21.7199330,166.1799180,15.8,14899.4,11.300,134,81,239
2026-07-22T20:55:23Z,-21.7198850,166.1798320,16.2,14910.7,11.420,134,80,239
2026-07-22T20:55:24Z,-21.7198349,166.1797360,16.6,14921.5,11.240,134,82,239
2026-07-22T20:55:25Z,-21.7197860,166.1796500,16.8,14931.7,10.980,135,81,239
2026-07-22T20:55:26Z,-21.7197359,166.1795750,17.2,14941.9,10.820,135,81,240
2026-07-22T20:55:27Z,-21.7196840,166.1794890,17.6,14951.8,10.480,135,81,239
2026-07-22T20:55:28Z,-21.7196339,166.1794140,18.0,14961.0,10.060,135,81,240
2026-07-22T20:55:29Z,-21.7195799,166.1793600,18.2,14970.1,9.720,136,82,239
2026-07-22T20:55:30Z,-21.7195250,166.1792740,18.4,14979.4,9.540,136,82,240
2026-07-22T20:55:31Z,-21.7194690,166.1792209,18.4,14988.3,9.280,136,82,240
2026-07-22T20:55:32Z,-21.7194130,166.1791560,18.4,14997.2,9.080,136,82,240
2026-07-22T20:55:33Z,-21.7193430,166.1790919,18.2,15007.0,9.200,137,81,240
2026-07-22T20:55:34Z,-21.7192749,166.1790489,17.8,15016.7,9.320,137,82,239
2026-07-22T20:55:35Z,-21.7192020,166.1789850,17.4,15026.6,9.440,137,83,240
2026-07-22T20:55:36Z,-21.7191300,166.1789310,17.2,15036.4,9.620,137,83,240
2026-07-22T20:55:37Z,-21.7190489,166.1788880,16.6,15047.2,10.000,138,83,239
2026-07-22T20:55:38Z,-21.7189619,166.1788240,16.2,15058.6,10.320,138,80,239
2026-07-22T20:55:39Z,-21.7188780,166.1787589,15.8,15069.8,10.620,138,80,240
2026-07-22T20:55:40Z,-21.7187889,166.1786950,15.6,15081.6,11.000,139,79,240
2026-07-22T20:55:41Z,-21.7187060,166.1786410,15.6,15092.7,11.260,139,80,240
2026-07-22T20:55:42Z,-21.7186139,166.1785660,15.8,15105.3,11.620,139,80,240
2026-07-22T20:55:43Z,-21.7185340,166.1785130,16.0,15115.5,11.380,139,80,240
2026-07-22T20:55:44Z,-21.7184530,166.1784589,16.4,15126.2,11.280,140,81,240
2026-07-22T20:55:45Z,-21.7183709,166.1783950,16.8,15136.9,11.060,140,80,240
2026-07-22T20:55:46Z,-21.7182979,166.1783520,17.0,15147.0,10.860,140,80,240
2026-07-22T20:55:47Z,-21.7182269,166.1782869,17.2,15157.0,10.340,140,79,239
2026-07-22T20:55:48Z,-21.7181579,166.1782120,17.2,15167.7,10.440,140,80,239
2026-07-22T20:55:49Z,-21.7180959,166.1781480,16.8,15177.4,10.240,141,80,239
2026-07-22T20:55:50Z,-21.7180350,166.1780729,16.6,15187.4,10.100,141,79,239
2026-07-22T20:55:51Z,-21.7179640,166.1779869,16.0,15199.3,10.460,141,78,240
2026-07-22T20:55:52Z,-21.7179050,166.1779009,15.6,15209.5,10.500,141,78,240
2026-07-22T20:55:53Z,-21.7178450,166.1778259,15.2,15220.7,10.600,141,78,239
2026-07-22T20:55:54Z,-21.7177829,166.1777190,14.6,15233.0,11.120,142,79,239
2026-07-22T20:55:55Z,-21.7177280,166.1776330,14.4,15245.1,11.540,142,78,239
2026-07-22T20:55:56Z,-21.7176829,166.1775259,14.4,15256.6,11.460,142,77,239
2026-07-22T20:55:57Z,-21.7176399,166.1774180,14.6,15268.9,11.880,142,77,238
2026-07-22T20:55:58Z,-21.7176040,166.1773109,14.8,15281.0,12.060,143,77,240
2026-07-22T20:55:59Z,-21.7175740,166.1772040,15.0,15292.3,11.860,143,76,240
2026-07-22T20:56:00Z,-21.7175489,166.1770959,15.4,15303.2,11.620,143,77,241
2026-07-22T20:56:01Z,-21.7175260,166.1770110,15.6,15313.4,11.360,144,77,241
2026-07-22T20:56:02Z,-21.7175069,166.1769030,15.8,15323.8,10.980,144,79,241
2026-07-22T20:56:03Z,-21.7174880,166.1768069,16.0,15334.1,10.620,144,81,240
2026-07-22T20:56:04Z,-21.7174710,166.1767209,16.2,15344.1,10.360,144,82,239
2026-07-22T20:56:05Z,-21.7174529,166.1766240,16.2,15354.1,10.180,144,82,239
2026-07-22T20:56:06Z,-21.7174389,166.1765280,16.2,15363.5,10.020,144,82,240
2026-07-22T20:56:07Z,-21.7174209,166.1764309,16.2,15374.0,10.040,144,81,239
2026-07-22T20:56:08Z,-21.7174079,166.1763350,16.2,15383.6,9.900,144,81,239
2026-07-22T20:56:09Z,-21.7174000,166.1762380,16.2,15393.6,9.900,144,81,238
2026-07-22T20:56:10Z,-21.7173960,166.1761520,16.2,15403.5,9.880,145,80,239
2026-07-22T20:56:11Z,-21.7174020,166.1760449,16.2,15413.6,10.020,145,79,239
2026-07-22T20:56:12Z,-21.7174189,166.1759480,16.4,15424.2,10.040,145,79,239
2026-07-22T20:56:13Z,-21.7174450,166.1758630,16.4,15433.7,10.020,145,79,239
2026-07-22T20:56:14Z,-21.7174860,166.1757660,16.8,15443.5,9.980,145,78,239
2026-07-22T20:56:15Z,-21.7175349,166.1756910,17.0,15453.4,9.980,145,78,239
2026-07-22T20:56:16Z,-21.7175880,166.1756160,17.2,15462.7,9.820,145,77,169
2026-07-22T20:56:17Z,-21.7176389,166.1755510,17.4,15471.3,9.420,145,77,14
2026-07-22T20:56:18Z,-21.7176890,166.1754979,17.8,15480.0,9.260,145,77,199
2026-07-22T20:56:19Z,-21.7177460,166.1754330,18.0,15488.7,9.040,145,69,245
2026-07-22T20:56:20Z,-21.7177969,166.1753689,18.2,15497.1,8.740,144,72,242
2026-07-22T20:56:21Z,-21.7178460,166.1753150,18.2,15505.3,8.520,144,77,241
2026-07-22T20:56:22Z,-21.7178949,166.1752509,18.4,15513.5,8.440,143,81,239
2026-07-22T20:56:23Z,-21.7179440,166.1751870,18.4,15522.2,8.440,142,82,240
2026-07-22T20:56:24Z,-21.7179910,166.1751330,18.4,15530.4,8.340,143,82,240
2026-07-22T20:56:25Z,-21.7180440,166.1750690,18.4,15539.0,8.380,143,82,239
2026-07-22T20:56:26Z,-21.7180989,166.1750040,18.4,15547.6,8.460,142,82,239
2026-07-22T20:56:27Z,-21.7181539,166.1749610,18.4,15556.4,8.580,143,81,238
2026-07-22T20:56:28Z,-21.7182149,166.1748860,18.2,15565.8,8.720,143,81,239
2026-07-22T20:56:29Z,-21.7182740,166.1748430,18.2,15574.7,8.860,143,80,239
2026-07-22T20:56:30Z,-21.7183240,166.1747680,18.2,15583.7,8.940,143,79,239
2026-07-22T20:56:31Z,-21.7183530,166.1746720,18.2,15593.4,9.160,143,79,239
2026-07-22T20:56:32Z,-21.7183670,166.1745749,18.2,15602.8,9.280,144,78,239
2026-07-22T20:56:33Z,-21.7183670,166.1745000,18.2,15612.0,9.240,144,77,239
2026-07-22T20:56:34Z,-21.7183569,166.1744140,18.2,15621.4,9.340,144,77,239
2026-07-22T20:56:35Z,-21.7183370,166.1743179,18.2,15631.1,9.480,144,78,239
2026-07-22T20:56:36Z,-21.7183060,166.1742319,18.2,15640.2,9.360,144,77,239
2026-07-22T20:56:37Z,-21.7182610,166.1741569,18.2,15650.2,9.480,143,77,239
2026-07-22T20:56:38Z,-21.7182109,166.1740820,18.4,15659.9,9.580,143,77,240
2026-07-22T20:56:39Z,-21.7181630,166.1739960,18.6,15669.5,9.620,143,77,240
2026-07-22T20:56:40Z,-21.7181170,166.1739210,18.6,15678.8,9.540,143,77,240
2026-07-22T20:56:41Z,-21.7180720,166.1738459,18.8,15688.4,9.640,144,77,239
2026-07-22T20:56:42Z,-21.7180269,166.1737699,19.0,15697.4,9.440,144,77,240
2026-07-22T20:56:43Z,-21.7179809,166.1736950,19.0,15706.7,9.360,144,77,240
2026-07-22T20:56:44Z,-21.7179340,166.1736200,19.2,15716.0,9.300,144,78,239
2026-07-22T20:56:45Z,-21.7178870,166.1735450,19.2,15725.2,9.280,144,77,239
2026-07-22T20:56:46Z,-21.7178379,166.1734809,19.4,15734.3,9.180,144,77,240
2026-07-22T20:56:47Z,-21.7177890,166.1734060,19.4,15743.2,9.160,144,77,240
2026-07-22T20:56:48Z,-21.7177379,166.1733409,19.4,15752.4,9.140,144,78,240
2026-07-22T20:56:49Z,-21.7176840,166.1732659,19.6,15761.5,9.100,144,78,239
2026-07-22T20:56:50Z,-21.7176300,166.1732020,19.6,15770.9,9.140,144,78,240
2026-07-22T20:56:51Z,-21.7175799,166.1731269,19.6,15779.7,9.080,144,79,240
2026-07-22T20:56:52Z,-21.7175209,166.1730730,19.8,15789.1,9.180,144,80,240
2026-07-22T20:56:53Z,-21.7174610,166.1730089,19.8,15798.2,9.160,145,81,240
2026-07-22T20:56:54Z,-21.7173939,166.1729659,19.8,15807.2,9.140,144,84,240
2026-07-22T20:56:55Z,-21.7173260,166.1729120,19.8,15816.4,9.100,145,84,240
2026-07-22T20:56:56Z,-21.7172540,166.1728690,19.8,15825.5,9.160,145,85,240
2026-07-22T20:56:57Z,-21.7171789,166.1728260,20.0,15834.6,9.100,145,87,240
2026-07-22T20:56:58Z,-21.7171020,166.1727939,20.0,15843.9,9.140,145,88,241
2026-07-22T20:56:59Z,-21.7170280,166.1727509,20.0,15853.2,9.200,145,89,240
2026-07-22T20:57:00Z,-21.7169510,166.1727079,20.0,15862.9,9.300,145,89,240
2026-07-22T20:57:01Z,-21.7168779,166.1726759,20.0,15871.9,9.280,145,91,241
2026-07-22T20:57:02Z,-21.7168070,166.1726120,20.0,15881.4,9.360,145,92,240
2026-07-22T20:57:03Z,-21.7167390,166.1725690,19.8,15891.0,9.420,146,93,239
2026-07-22T20:57:04Z,-21.7166770,166.1725039,19.8,15900.3,9.420,146,93,239
2026-07-22T20:57:05Z,-21.7166210,166.1724290,19.6,15910.3,9.480,146,93,240
2026-07-22T20:57:06Z,-21.7165709,166.1723540,19.6,15920.0,9.620,146,93,240
2026-07-22T20:57:07Z,-21.7165240,166.1722580,19.4,15930.3,9.780,146,93,240
2026-07-22T20:57:08Z,-21.7164849,166.1721720,19.0,15940.5,9.900,146,93,240
2026-07-22T20:57:09Z,-21.7164459,166.1720749,18.8,15950.7,10.080,146,93,239
2026-07-22T20:57:10Z,-21.7164100,166.1719889,18.6,15961.3,10.200,146,92,239
2026-07-22T20:57:11Z,-21.7163729,166.1718930,18.4,15972.4,10.480,147,92,240
2026-07-22T20:57:12Z,-21.7163340,166.1717859,18.2,15983.3,10.600,146,92,239
2026-07-22T20:57:13Z,-21.7162879,166.1716999,18.0,15994.4,10.780,147,91,239
2026-07-22T20:57:14Z,-21.7162370,166.1716030,17.8,16005.9,11.040,147,91,240
2026-07-22T20:57:15Z,-21.7161750,166.1715170,17.6,16017.1,11.160,146,91,239
2026-07-22T20:57:16Z,-21.7161030,166.1714320,17.6,16028.5,11.220,146,91,239
2026-07-22T20:57:17Z,-21.7160210,166.1713780,17.4,16039.7,11.280,146,90,239
2026-07-22T20:57:18Z,-21.7159389,166.1713139,17.4,16050.7,11.260,146,90,239
2026-07-22T20:57:19Z,-21.7158510,166.1712490,17.4,16061.9,11.200,147,89,239
2026-07-22T20:57:20Z,-21.7157650,166.1711959,17.6,16073.1,11.200,147,88,240
2026-07-22T20:57:21Z,-21.7156860,166.1711310,17.6,16084.1,11.120,147,88,239
2026-07-22T20:57:22Z,-21.7156130,166.1710669,17.6,16094.8,11.020,146,88,239
2026-07-22T20:57:23Z,-21.7155519,166.1709809,17.6,16105.8,11.020,146,87,240
2026-07-22T20:57:24Z,-21.7155119,166.1708840,17.6,16116.5,10.920,146,87,240
2026-07-22T20:57:25Z,-21.7154910,166.1707990,17.6,16127.1,10.800,146,87,239
2026-07-22T20:57:26Z,-21.7154850,166.1706909,17.8,16137.7,10.720,146,88,240
2026-07-22T20:57:27Z,-21.7154929,166.1705840,17.8,16148.1,10.660,147,88,240
2026-07-22T20:57:28Z,-21.7155140,166.1704870,18.0,16158.2,10.480,147,88,239
2026-07-22T20:57:29Z,-21.7155440,166.1704020,18.2,16168.5,10.400,147,87,239
2026-07-22T20:57:30Z,-21.7155799,166.1703049,18.4,16178.4,10.260,147,85,240
2026-07-22T20:57:31Z,-21.7156280,166.1702300,18.6,16188.4,10.140,147,85,240
2026-07-22T20:57:32Z,-21.7156780,166.1701550,18.8,16197.8,9.940,147,85,240
2026-07-22T20:57:33Z,-21.7157379,166.1700899,19.0,16207.4,9.840,147,86,239
2026-07-22T20:57:34Z,-21.7158080,166.1700370,19.4,16216.8,9.660,147,87,240
2026-07-22T20:57:35Z,-21.7158839,166.1700049,19.6,16225.8,9.480,147,87,239
2026-07-22T20:57:36Z,-21.7159590,166.1699830,19.8,16234.6,9.240,147,86,239
2026-07-22T20:57:37Z,-21.7160389,166.1699830,20.2,16243.2,9.080,147,85,239
2026-07-22T20:57:38Z,-21.7161149,166.1699830,20.4,16251.7,8.860,147,84,239
2026-07-22T20:57:39Z,-21.7161910,166.1699830,20.6,16260.0,8.640,147,84,239
2026-07-22T20:57:40Z,-21.7162650,166.1699830,20.8,16268.3,8.500,147,83,240
2026-07-22T20:57:41Z,-21.7163380,166.1699830,21.0,16276.3,8.340,147,83,239
2026-07-22T20:57:42Z,-21.7164060,166.1699719,21.2,16284.1,8.180,147,83,239
2026-07-22T20:57:43Z,-21.7164739,166.1699400,21.4,16292.0,8.060,147,83,239
2026-07-22T20:57:44Z,-21.7165350,166.1699080,21.6,16299.7,7.940,147,82,239
2026-07-22T20:57:45Z,-21.7165800,166.1698540,21.6,16307.6,7.860,147,82,239
2026-07-22T20:57:46Z,-21.7166130,166.1697690,21.6,16315.7,7.880,147,82,240
2026-07-22T20:57:47Z,-21.7166270,166.1696930,21.8,16323.8,7.940,147,82,239
2026-07-22T20:57:48Z,-21.7166230,166.1696179,21.8,16331.8,7.960,146,82,239
2026-07-22T20:57:49Z,-21.7166009,166.1695650,22.2,16339.7,8.000,146,82,239
2026-07-22T20:57:50Z,-21.7165680,166.1694790,22.4,16347.4,7.960,146,81,239
2026-07-22T20:57:51Z,-21.7165279,166.1694250,22.6,16355.0,7.860,146,81,239
2026-07-22T20:57:52Z,-21.7164879,166.1693610,22.8,16362.6,7.760,147,81,240
2026-07-22T20:57:53Z,-21.7164500,166.1693180,23.0,16370.1,7.660,147,81,240
2026-07-22T20:57:54Z,-21.7164179,166.1692429,23.0,16377.5,7.560,146,81,239
2026-07-22T20:57:55Z,-21.7163930,166.1691780,23.2,16385.2,7.560,146,80,239
2026-07-22T20:57:56Z,-21.7163869,166.1691030,23.2,16392.7,7.540,146,80,240
2026-07-22T20:57:57Z,-21.7163970,166.1690279,23.0,16400.7,7.620,146,80,240
2026-07-22T20:57:58Z,-21.7164190,166.1689529,22.8,16409.1,7.800,146,80,239
2026-07-22T20:57:59Z,-21.7164449,166.1688780,22.4,16417.6,8.020,146,80,240
2026-07-22T20:58:00Z,-21.7164520,166.1687819,22.0,16426.9,8.340,146,81,240
2026-07-22T20:58:01Z,-21.7164230,166.1687060,21.6,16436.5,8.760,146,82,240
2026-07-22T20:58:02Z,-21.7163589,166.1686310,21.4,16446.5,9.160,146,83,239
2026-07-22T20:58:03Z,-21.7162709,166.1686099,21.0,16456.7,9.520,146,83,239
2026-07-22T20:58:04Z,-21.7161740,166.1686310,20.6,16467.7,10.020,146,82,239
2026-07-22T20:58:05Z,-21.7160859,166.1686639,20.4,16478.2,10.260,146,82,240
2026-07-22T20:58:06Z,-21.7160020,166.1687170,20.6,16489.1,10.520,146,82,239
2026-07-22T20:58:07Z,-21.7159230,166.1687819,21.0,16499.6,10.620,146,82,238
2026-07-22T20:58:08Z,-21.7158480,166.1688239,21.2,16509.9,10.640,146,81,239
2026-07-22T20:58:09Z,-21.7157770,166.1688890,21.6,16519.8,10.420,146,80,240
2026-07-22T20:58:10Z,-21.7157060,166.1689529,21.8,16529.4,10.240,147,80,239
2026-07-22T20:58:11Z,-21.7156340,166.1689959,22.2,16539.3,10.040,146,79,239
2026-07-22T20:58:12Z,-21.7155669,166.1690600,22.4,16548.2,9.720,146,80,241
2026-07-22T20:58:13Z,-21.7155020,166.1691030,22.6,16557.1,9.440,146,82,241
2026-07-22T20:58:14Z,-21.7154379,166.1691460,23.0,16566.0,9.240,147,84,239
2026-07-22T20:58:15Z,-21.7153750,166.1691890,23.2,16574.6,9.040,146,85,240
2026-07-22T20:58:16Z,-21.7153130,166.1692539,23.4,16582.8,8.700,146,85,239
2026-07-22T20:58:17Z,-21.7152529,166.1692969,23.6,16591.1,8.580,146,85,240
2026-07-22T20:58:18Z,-21.7151949,166.1693500,24.0,16599.0,8.380,146,85,239
2026-07-22T20:58:19Z,-21.7151369,166.1693719,24.2,16606.9,8.180,146,85,239
2026-07-22T20:58:20Z,-21.7150810,166.1694250,24.4,16614.7,8.020,146,85,239
2026-07-22T20:58:21Z,-21.7150260,166.1694680,24.6,16622.3,7.900,146,85,239
2026-07-22T20:58:22Z,-21.7149680,166.1695110,24.8,16630.0,7.780,146,84,240
2026-07-22T20:58:23Z,-21.7149150,166.1695650,25.0,16637.3,7.660,146,84,240
2026-07-22T20:58:24Z,-21.7148609,166.1695859,25.2,16644.6,7.540,146,84,239
2026-07-22T20:58:25Z,-21.7148059,166.1696400,25.2,16652.2,7.500,146,84,240
2026-07-22T20:58:26Z,-21.7147479,166.1696830,25.2,16659.9,7.520,146,84,240
2026-07-22T20:58:27Z,-21.7146919,166.1697260,25.2,16667.9,7.580,146,85,240
2026-07-22T20:58:28Z,-21.7146329,166.1697690,25.2,16675.7,7.680,147,85,239
2026-07-22T20:58:29Z,-21.7145739,166.1698220,25.2,16684.0,7.880,146,85,239
2026-07-22T20:58:30Z,-21.7145120,166.1698650,25.2,16692.3,8.020,146,85,239
2026-07-22T20:58:31Z,-21.7144510,166.1699080,25.2,16700.6,8.140,146,84,239
2026-07-22T20:58:32Z,-21.7143889,166.1699619,25.2,16709.1,8.240,146,84,240
2026-07-22T20:58:33Z,-21.7143230,166.1700049,25.2,16717.9,8.440,146,84,240
2026-07-22T20:58:34Z,-21.7142599,166.1700580,25.2,16726.6,8.520,146,85,240
2026-07-22T20:58:35Z,-21.7141960,166.1701120,25.2,16735.4,8.620,146,87,241
2026-07-22T20:58:36Z,-21.7141320,166.1701550,25.2,16744.3,8.740,146,88,240
2026-07-22T20:58:37Z,-21.7140640,166.1702189,25.2,16753.3,8.840,146,89,239
2026-07-22T20:58:38Z,-21.7139969,166.1702619,24.8,16762.4,8.900,146,90,240
2026-07-22T20:58:39Z,-21.7139289,166.1703049,24.6,16771.8,9.040,146,90,240
2026-07-22T20:58:40Z,-21.7138539,166.1703690,24.4,16781.8,9.280,146,90,239
2026-07-22T20:58:41Z,-21.7137819,166.1704120,24.0,16791.7,9.480,146,91,240
2026-07-22T20:58:42Z,-21.7137040,166.1704769,23.8,16802.1,9.760,147,91,240
2026-07-22T20:58:43Z,-21.7136259,166.1705410,23.4,16812.9,10.100,147,92,240
2026-07-22T20:58:44Z,-21.7135450,166.1705949,23.0,16823.6,10.360,147,92,239
2026-07-22T20:58:45Z,-21.7134640,166.1706590,22.8,16834.7,10.580,147,92,239
2026-07-22T20:58:46Z,-21.7133789,166.1707229,22.4,16846.0,10.860,147,92,240
2026-07-22T20:58:47Z,-21.7132919,166.1707990,22.0,16857.9,11.160,147,92,240
2026-07-22T20:58:48Z,-21.7132099,166.1708519,21.8,16869.2,11.260,148,92,239
2026-07-22T20:58:49Z,-21.7131219,166.1709170,21.4,16881.0,11.480,148,92,239
2026-07-22T20:58:50Z,-21.7130349,166.1709809,21.0,16893.0,11.660,148,91,238
2026-07-22T20:58:51Z,-21.7129430,166.1710559,20.6,16905.2,11.840,147,90,239
2026-07-22T20:58:52Z,-21.7128509,166.1711200,20.4,16917.7,11.960,148,89,240
2026-07-22T20:58:53Z,-21.7127609,166.1711959,20.0,16930.0,12.160,148,89,239
2026-07-22T20:58:54Z,-21.7126700,166.1712709,19.6,16942.5,12.300,147,88,239
2026-07-22T20:58:55Z,-21.7125879,166.1713460,19.4,16955.3,12.460,147,88,239
2026-07-22T20:58:56Z,-21.7125339,166.1714530,19.2,16967.9,12.540,148,88,240
2026-07-22T20:58:57Z,-21.7125260,166.1715709,18.8,16980.6,12.580,148,87,240
2026-07-22T20:58:58Z,-21.7125729,166.1716999,18.4,16993.4,12.680,148,87,239
2026-07-22T20:58:59Z,-21.7126520,166.1717859,18.2,17006.2,12.740,148,87,239
2026-07-22T20:59:00Z,-21.7127479,166.1718500,18.0,17018.8,12.700,147,87,240
2026-07-22T20:59:01Z,-21.7128590,166.1718820,18.0,17031.7,12.760,147,86,240
2026-07-22T20:59:02Z,-21.7129690,166.1718820,18.0,17044.1,12.700,147,86,240
2026-07-22T20:59:03Z,-21.7130680,166.1718179,18.4,17056.5,12.620,147,86,239
2026-07-22T20:59:04Z,-21.7131509,166.1717429,18.8,17068.3,12.420,147,86,239
2026-07-22T20:59:05Z,-21.7132209,166.1716680,19.2,17079.5,12.140,147,85,239
2026-07-22T20:59:06Z,-21.7132880,166.1715920,19.6,17090.6,11.780,147,85,239
2026-07-22T20:59:07Z,-21.7133480,166.1715170,19.8,17100.9,11.360,147,85,240
2026-07-22T20:59:08Z,-21.7134190,166.1714320,20.0,17111.4,10.980,147,85,239
2026-07-22T20:59:09Z,-21.7134949,166.1713890,20.2,17121.5,10.640,147,86,239
2026-07-22T20:59:10Z,-21.7135760,166.1713460,20.2,17131.6,10.420,147,86,240
2026-07-22T20:59:11Z,-21.7136679,166.1713350,20.0,17142.0,10.280,147,87,239
2026-07-22T20:59:12Z,-21.7137590,166.1713139,19.8,17152.2,10.260,147,87,239
2026-07-22T20:59:13Z,-21.7138529,166.1713139,19.4,17162.6,10.240,147,87,240
2026-07-22T20:59:14Z,-21.7139490,166.1713030,19.0,17173.6,10.420,147,87,240
2026-07-22T20:59:15Z,-21.7140460,166.1712490,18.4,17184.9,10.660,147,87,239
2026-07-22T20:59:16Z,-21.7141289,166.1711959,18.0,17196.6,10.920,147,87,239
2026-07-22T20:59:17Z,-21.7141930,166.1710989,17.6,17208.1,11.180,147,87,240
2026-07-22T20:59:18Z,-21.7142510,166.1710129,17.4,17220.0,11.480,147,87,241
2026-07-22T20:59:19Z,-21.7143090,166.1709060,17.0,17232.0,11.680,148,89,240
2026-07-22T20:59:20Z,-21.7143770,166.1708089,16.6,17244.4,11.900,148,90,239
2026-07-22T20:59:21Z,-21.7144640,166.1707340,16.2,17256.8,12.040,148,90,239
2026-07-22T20:59:22Z,-21.7145739,166.1707020,16.0,17269.4,12.260,147,89,239
2026-07-22T20:59:23Z,-21.7146830,166.1706909,15.8,17281.6,12.320,147,89,239
2026-07-22T20:59:24Z,-21.7147940,166.1706590,15.6,17294.4,12.480,147,88,239
2026-07-22T20:59:25Z,-21.7148870,166.1705949,15.2,17307.0,12.520,148,88,239
2026-07-22T20:59:26Z,-21.7149420,166.1704870,15.0,17319.8,12.600,148,87,239
2026-07-22T20:59:27Z,-21.7149629,166.1703690,14.8,17332.3,12.580,148,86,240
2026-07-22T20:59:28Z,-21.7149459,166.1702510,14.8,17344.4,12.560,148,86,240
2026-07-22T20:59:29Z,-21.7148749,166.1701550,14.8,17357.2,12.560,148,87,241
2026-07-22T20:59:30Z,-21.7147930,166.1700800,14.8,17369.0,12.400,148,89,240
2026-07-22T20:59:31Z,-21.7147059,166.1700049,14.8,17381.6,12.360,148,89,240
2026-07-22T20:59:32Z,-21.7146210,166.1699299,14.8,17393.5,12.240,148,90,239
2026-07-22T20:59:33Z,-21.7145410,166.1698650,14.8,17404.8,12.080,148,89,240
2026-07-22T20:59:34Z,-21.7144550,166.1697899,14.8,17417.1,11.980,149,89,239
2026-07-22T20:59:35Z,-21.7143760,166.1697149,14.8,17428.8,11.960,149,89,239
2026-07-22T20:59:36Z,-21.7142950,166.1696510,14.8,17440.1,11.700,149,89,240
2026-07-22T20:59:37Z,-21.7142129,166.1695749,14.8,17451.7,11.640,149,89,239
2026-07-22T20:59:38Z,-21.7141340,166.1695110,14.8,17463.1,11.660,148,89,240
2026-07-22T20:59:39Z,-21.7140589,166.1694360,14.8,17473.9,11.360,149,90,240
2026-07-22T20:59:40Z,-21.7139760,166.1693719,14.8,17485.7,11.380,149,90,240
2026-07-22T20:59:41Z,-21.7139040,166.1692969,14.8,17496.0,11.180,149,90,239
2026-07-22T20:59:42Z,-21.7138389,166.1692210,14.6,17507.6,11.180,149,89,239
2026-07-22T20:59:43Z,-21.7138080,166.1691139,14.6,17518.2,11.020,149,89,239
2026-07-22T20:59:44Z,-21.7138119,166.1690070,14.6,17529.2,11.060,149,90,240
2026-07-22T20:59:45Z,-21.7138409,166.1689210,14.6,17540.4,10.940,149,90,239
2026-07-22T20:59:46Z,-21.7138810,166.1688239,14.6,17550.8,10.960,149,90,239
2026-07-22T20:59:47Z,-21.7139330,166.1687389,14.6,17562.1,10.900,149,90,239
2026-07-22T20:59:48Z,-21.7139849,166.1686420,14.6,17572.8,10.920,149,91,240
2026-07-22T20:59:49Z,-21.7140429,166.1685560,14.6,17583.4,10.840,148,91,240
2026-07-22T20:59:50Z,-21.7140979,166.1684809,14.6,17593.7,10.660,149,91,239
2026-07-22T20:59:51Z,-21.7141599,166.1683949,14.6,17604.7,10.780,149,91,239
2026-07-22T20:59:52Z,-21.7142169,166.1683089,14.6,17615.3,10.640,149,91,240
2026-07-22T20:59:53Z,-21.7142719,166.1682339,14.6,17625.6,10.560,149,91,239
2026-07-22T20:59:54Z,-21.7143269,166.1681380,14.6,17636.4,10.600,149,90,239
2026-07-22T20:59:55Z,-21.7143780,166.1680629,14.6,17647.2,10.700,149,90,239
2026-07-22T20:59:56Z,-21.7144210,166.1679769,14.6,17657.5,10.560,149,90,239
2026-07-22T20:59:57Z,-21.7144589,166.1678800,14.6,17668.2,10.580,150,90,239
2026-07-22T20:59:58Z,-21.7144950,166.1677940,14.6,17678.6,10.600,149,90,240
2026-07-22T20:59:59Z,-21.7145350,166.1676980,14.6,17688.9,10.500,149,89,240
2026-07-22T21:00:00Z,-21.7145710,166.1676009,14.6,17699.2,10.400,149,89,241
2026-07-22T21:00:01Z,-21.7146019,166.1675050,14.6,17709.6,10.420,149,92,239
2026-07-22T21:00:02Z,-21.7146199,166.1674080,14.6,17719.7,10.300,149,92,239
2026-07-22T21:00:03Z,-21.7146159,166.1673119,14.6,17730.1,10.300,149,92,239
2026-07-22T21:00:04Z,-21.7145930,166.1672149,14.4,17740.1,10.240,149,92,240
2026-07-22T21:00:05Z,-21.7145579,166.1671190,14.4,17750.6,10.280,149,91,240
2026-07-22T21:00:06Z,-21.7145120,166.1670220,14.2,17761.5,10.380,149,91,240
2026-07-22T21:00:07Z,-21.7144569,166.1669470,14.0,17772.2,10.500,149,90,239
2026-07-22T21:00:08Z,-21.7143899,166.1668610,13.8,17783.4,10.660,149,90,239
2026-07-22T21:00:09Z,-21.7143169,166.1667969,13.6,17793.8,10.740,149,89,239
2026-07-22T21:00:10Z,-21.7142309,166.1667539,13.4,17804.6,10.800,149,89,240
2026-07-22T21:00:11Z,-21.7141289,166.1667320,13.4,17816.0,10.900,149,89,239
2026-07-22T21:00:12Z,-21.7140320,166.1667320,13.6,17826.8,10.920,149,89,239
2026-07-22T21:00:13Z,-21.7139380,166.1667640,13.8,17837.6,10.840,148,88,239
2026-07-22T21:00:14Z,-21.7138500,166.1668180,14.0,17848.3,10.900,149,87,239
2026-07-22T21:00:15Z,-21.7137709,166.1668610,14.2,17858.3,10.740,149,87,239
2026-07-22T21:00:16Z,-21.7136900,166.1669040,14.4,17868.3,10.460,149,86,240
2026-07-22T21:00:17Z,-21.7136129,166.1669470,14.6,17878.2,10.280,148,86,240
2026-07-22T21:00:18Z,-21.7135330,166.1669790,14.6,17887.8,10.040,149,86,239
2026-07-22T21:00:19Z,-21.7134499,166.1670109,14.6,17897.6,9.860,149,86,240
2026-07-22T21:00:20Z,-21.7133659,166.1670539,14.4,17907.6,9.860,149,87,240
2026-07-22T21:00:21Z,-21.7132830,166.1670859,14.2,17917.4,9.820,149,88,240
2026-07-22T21:00:22Z,-21.7131900,166.1671190,13.8,17928.0,9.960,149,90,240
2026-07-22T21:00:23Z,-21.7130949,166.1671190,13.6,17938.8,10.200,149,90,240
2026-07-22T21:00:24Z,-21.7130020,166.1671080,13.6,17949.4,10.360,149,91,239
2026-07-22T21:00:25Z,-21.7129179,166.1670429,13.6,17960.1,10.500,149,91,239
2026-07-22T21:00:26Z,-21.7128469,166.1669790,14.0,17970.4,10.600,149,91,239
2026-07-22T21:00:27Z,-21.7127810,166.1669040,14.2,17980.9,10.580,149,89,239
2026-07-22T21:00:28Z,-21.7127140,166.1668610,14.4,17990.3,10.300,149,88,239
2026-07-22T21:00:29Z,-21.7126339,166.1668180,14.6,18000.5,10.220,149,88,239
2026-07-22T21:00:30Z,-21.7125479,166.1667860,14.6,18010.1,10.000,149,87,240
2026-07-22T21:00:31Z,-21.7124650,166.1667860,14.6,18019.4,9.800,149,88,241
2026-07-22T21:00:32Z,-21.7123759,166.1667640,14.4,18029.2,9.660,149,90,239
2026-07-22T21:00:33Z,-21.7122849,166.1667860,14.4,18039.3,9.800,149,91,240
2026-07-22T21:00:34Z,-21.7121940,166.1667860,14.2,18049.6,9.820,149,90,239
2026-07-22T21:00:35Z,-21.7121040,166.1667640,14.2,18059.5,9.880,149,89,239
2026-07-22T21:00:36Z,-21.7120110,166.1667640,14.0,18069.7,10.060,149,88,239
2026-07-22T21:00:37Z,-21.7119240,166.1667320,14.0,18079.8,10.120,149,87,239
2026-07-22T21:00:38Z,-21.7118399,166.1666890,13.8,18090.4,10.220,149,87,240
2026-07-22T21:00:39Z,-21.7117849,166.1666140,13.8,18100.6,10.200,149,87,239
2026-07-22T21:00:40Z,-21.7117660,166.1665069,13.8,18111.1,10.320,149,87,239
2026-07-22T21:00:41Z,-21.7117670,166.1664000,13.8,18121.9,10.440,149,87,240
2026-07-22T21:00:42Z,-21.7117790,166.1663140,13.6,18131.9,10.420,149,87,239
2026-07-22T21:00:43Z,-21.7117849,166.1662069,13.6,18142.9,10.500,149,87,239
2026-07-22T21:00:44Z,-21.7117849,166.1661100,13.6,18153.3,10.540,149,86,239
2026-07-22T21:00:45Z,-21.7117849,166.1660029,13.4,18163.4,10.460,149,87,240
2026-07-22T21:00:46Z,-21.7117869,166.1658950,13.2,18174.4,10.500,149,87,240
2026-07-22T21:00:47Z,-21.7117890,166.1658100,13.0,18185.0,10.620,149,87,239
2026-07-22T21:00:48Z,-21.7117849,166.1657019,13.0,18195.8,10.580,149,87,239
2026-07-22T21:00:49Z,-21.7117829,166.1655950,13.0,18206.5,10.640,149,86,239
2026-07-22T21:00:50Z,-21.7117869,166.1654879,13.0,18217.2,10.760,149,86,240
2026-07-22T21:00:51Z,-21.7117930,166.1653800,13.0,18227.8,10.680,149,86,239
2026-07-22T21:00:52Z,-21.7118020,166.1652839,13.0,18238.3,10.660,149,86,240
2026-07-22T21:00:53Z,-21.7118109,166.1651770,13.0,18248.8,10.600,149,86,239
2026-07-22T21:00:54Z,-21.7118249,166.1650689,13.0,18259.9,10.680,149,86,239
2026-07-22T21:00:55Z,-21.7118340,166.1649839,13.0,18270.3,10.620,149,86,239
2026-07-22T21:00:56Z,-21.7118419,166.1648760,13.0,18280.9,10.620,149,86,240
2026-07-22T21:00:57Z,-21.7118439,166.1647800,13.0,18290.9,10.520,149,87,240
2026-07-22T21:00:58Z,-21.7118439,166.1646720,13.0,18301.8,10.600,149,87,240
2026-07-22T21:00:59Z,-21.7118380,166.1645649,13.0,18312.5,10.520,149,87,239
2026-07-22T21:01:00Z,-21.7118249,166.1644789,13.0,18322.8,10.500,149,87,240
2026-07-22T21:01:01Z,-21.7117849,166.1643720,13.0,18333.5,10.520,149,87,239
2026-07-22T21:01:02Z,-21.7117279,166.1642969,13.0,18343.8,10.580,149,87,239
2026-07-22T21:01:03Z,-21.7116569,166.1642320,13.0,18354.3,10.500,149,87,240
2026-07-22T21:01:04Z,-21.7115790,166.1641680,13.0,18364.6,10.420,149,87,239
2026-07-22T21:01:05Z,-21.7115040,166.1641140,13.0,18375.3,10.500,150,87,239
2026-07-22T21:01:06Z,-21.7114450,166.1640390,13.0,18385.2,10.340,149,88,239
2026-07-22T21:01:07Z,-21.7113819,166.1639639,13.0,18395.8,10.400,149,88,239
2026-07-22T21:01:08Z,-21.7113099,166.1638779,13.0,18406.8,10.500,149,88,240
2026-07-22T21:01:09Z,-21.7112430,166.1638250,13.0,18416.9,10.460,150,88,239
2026-07-22T21:01:10Z,-21.7111700,166.1637599,13.0,18427.2,10.380,150,88,240
2026-07-22T21:01:11Z,-21.7110980,166.1636960,13.0,18437.8,10.520,150,88,239
2026-07-22T21:01:12Z,-21.7110339,166.1636209,13.0,18448.2,10.480,150,88,239
2026-07-22T21:01:13Z,-21.7109720,166.1635459,13.0,18458.4,10.320,150,87,240
2026-07-22T21:01:14Z,-21.7109089,166.1634710,13.0,18468.4,10.300,150,87,240
2026-07-22T21:01:15Z,-21.7108349,166.1634060,13.0,18479.2,10.400,150,87,239
2026-07-22T21:01:16Z,-21.7107629,166.1633530,13.0,18489.4,10.320,150,88,240
2026-07-22T21:01:17Z,-21.7106899,166.1632879,13.0,18499.6,10.280,150,89,240
2026-07-22T21:01:18Z,-21.7106230,166.1632129,13.0,18510.1,10.340,150,89,240
2026-07-22T21:01:19Z,-21.7105739,166.1631380,13.0,18520.3,10.380,150,88,239
2026-07-22T21:01:20Z,-21.7105520,166.1630309,13.0,18530.9,10.340,149,89,239
2026-07-22T21:01:21Z,-21.7105489,166.1629340,13.0,18541.2,10.360,150,89,239
2026-07-22T21:01:22Z,-21.7105510,166.1628269,13.0,18551.5,10.380,149,88,240
2026-07-22T21:01:23Z,-21.7105550,166.1627409,13.0,18562.0,10.380,150,88,240
2026-07-22T21:01:24Z,-21.7105590,166.1626450,13.0,18571.8,10.300,150,88,239
2026-07-22T21:01:25Z,-21.7105639,166.1625369,13.0,18582.2,10.260,150,88,240
2026-07-22T21:01:26Z,-21.7105639,166.1624300,13.0,18592.9,10.340,149,88,239
2026-07-22T21:01:27Z,-21.7105520,166.1623440,13.2,18603.0,10.300,149,88,240
2026-07-22T21:01:28Z,-21.7105359,166.1622480,13.6,18613.0,10.200,149,89,240
2026-07-22T21:01:29Z,-21.7105150,166.1621620,14.0,18622.7,10.180,149,89,239
2026-07-22T21:01:30Z,-21.7104970,166.1620649,14.4,18631.8,9.920,149,90,240
2026-07-22T21:01:31Z,-21.7104800,166.1619789,14.8,18640.9,9.600,149,90,239
2026-07-22T21:01:32Z,-21.7104660,166.1619040,15.2,18649.5,9.300,149,89,240
2026-07-22T21:01:33Z,-21.7104520,166.1618189,15.6,18657.7,8.940,149,89,240
2026-07-22T21:01:34Z,-21.7104370,166.1617430,15.8,18665.8,8.620,150,90,240
2026-07-22T21:01:35Z,-21.7104140,166.1616680,16.0,18674.1,8.460,149,90,239
2026-07-22T21:01:36Z,-21.7103889,166.1615929,16.2,18681.8,8.180,149,90,240
2026-07-22T21:01:37Z,-21.7103599,166.1615290,16.4,18689.7,8.039,149,90,240
2026-07-22T21:01:38Z,-21.7103380,166.1614540,16.2,18697.6,7.980,149,90,240
2026-07-22T21:01:39Z,-21.7103199,166.1613790,16.0,18705.9,8.020,150,91,241
2026-07-22T21:01:40Z,-21.7103049,166.1612930,15.6,18714.6,8.100,149,92,239
2026-07-22T21:01:41Z,-21.7102840,166.1612179,15.2,18724.0,8.440,149,92,240
2026-07-22T21:01:42Z,-21.7102449,166.1611210,14.8,18733.4,8.740,149,91,239
2026-07-22T21:01:43Z,-21.7101859,166.1610459,14.2,18743.9,9.260,149,91,239
2026-07-22T21:01:44Z,-21.7101260,166.1609709,13.8,18755.0,9.820,149,91,239
2026-07-22T21:01:45Z,-21.7100849,166.1608739,13.4,18765.7,10.220,149,91,239
2026-07-22T21:01:46Z,-21.7100319,166.1607670,13.2,18777.3,10.660,149,90,240
2026-07-22T21:01:47Z,-21.7099540,166.1607129,13.2,18788.5,11.020,149,90,239
2026-07-22T21:01:48Z,-21.7098650,166.1606490,13.2,18799.9,11.200,149,89,240
2026-07-22T21:01:49Z,-21.7097780,166.1606060,13.0,18811.1,11.220,149,89,239
2026-07-22T21:01:50Z,-21.7097180,166.1605099,13.0,18822.2,11.300,149,90,240
2026-07-22T21:01:51Z,-21.7096979,166.1604020,13.0,18833.2,11.180,150,90,238
2026-07-22T21:01:52Z,-21.7096940,166.1602949,13.0,18844.2,11.140,149,89,239
2026-07-22T21:01:53Z,-21.7096940,166.1601880,13.0,18855.6,11.140,149,88,240
2026-07-22T21:01:54Z,-21.7096969,166.1600799,13.0,18866.5,11.080,149,88,240
2026-07-22T21:01:55Z,-21.7097050,166.1599730,13.0,18877.4,11.040,149,88,239
2026-07-22T21:01:56Z,-21.7097269,166.1598870,13.0,18888.3,11.020,149,89,240
2026-07-22T21:01:57Z,-21.7097879,166.1597909,13.0,18899.3,11.020,149,89,240
2026-07-22T21:01:58Z,-21.7098790,166.1597479,13.0,18910.4,10.960,150,90,240
2026-07-22T21:01:59Z,-21.7099749,166.1597479,13.0,18921.0,10.900,149,90,240
2026-07-22T21:02:00Z,-21.7100680,166.1597369,13.0,18931.4,10.800,149,91,239
2026-07-22T21:02:01Z,-21.7101700,166.1597479,13.0,18942.6,10.860,149,91,239
2026-07-22T21:02:02Z,-21.7102660,166.1597479,13.0,18953.4,10.820,149,91,239
2026-07-22T21:02:03Z,-21.7103640,166.1597479,13.0,18964.1,10.740,150,91,239
2026-07-22T21:02:04Z,-21.7104540,166.1597479,13.0,18974.2,10.640,149,90,239
2026-07-22T21:02:05Z,-21.7105520,166.1597479,13.0,18985.1,10.740,150,89,239
2026-07-22T21:02:06Z,-21.7106499,166.1597479,13.0,18995.9,10.660,149,89,239
2026-07-22T21:02:07Z,-21.7107450,166.1597590,13.0,19006.4,10.600,150,88,239
2026-07-22T21:02:08Z,-21.7108400,166.1597590,13.0,19016.9,10.560,150,88,239
2026-07-22T21:02:09Z,-21.7109320,166.1597590,13.0,19027.1,10.580,150,87,238
2026-07-22T21:02:10Z,-21.7110310,166.1597590,13.0,19038.1,10.600,150,86,239
2026-07-22T21:02:11Z,-21.7111270,166.1597590,13.0,19048.7,10.560,150,85,239
2026-07-22T21:02:12Z,-21.7112229,166.1597590,13.0,19059.2,10.560,150,84,239
2026-07-22T21:02:13Z,-21.7113150,166.1597590,13.0,19069.5,10.520,149,83,239
2026-07-22T21:02:14Z,-21.7114140,166.1597799,13.0,19080.6,10.700,150,83,239
2026-07-22T21:02:15Z,-21.7115099,166.1597799,13.0,19091.1,10.600,150,84,241
2026-07-22T21:02:16Z,-21.7116089,166.1597799,13.0,19102.1,10.680,149,85,240
2026-07-22T21:02:17Z,-21.7116989,166.1597799,13.0,19112.2,10.600,149,86,240
2026-07-22T21:02:18Z,-21.7117979,166.1597799,13.0,19123.0,10.700,149,86,239
2026-07-22T21:02:19Z,-21.7118969,166.1597799,13.0,19134.1,10.700,149,85,239
2026-07-22T21:02:20Z,-21.7119879,166.1597590,13.0,19144.2,10.620,149,85,240
2026-07-22T21:02:21Z,-21.7120849,166.1597590,13.0,19154.8,10.540,149,85,240
2026-07-22T21:02:22Z,-21.7121820,166.1597590,13.0,19165.5,10.660,149,85,240
2026-07-22T21:02:23Z,-21.7122749,166.1597590,13.0,19175.9,10.580,149,85,239
2026-07-22T21:02:24Z,-21.7123759,166.1597590,13.0,19187.0,10.580,149,85,240
2026-07-22T21:02:25Z,-21.7124670,166.1597590,13.0,19197.2,10.600,150,85,239
2026-07-22T21:02:26Z,-21.7125619,166.1597590,13.0,19207.7,10.580,150,85,240
2026-07-22T21:02:27Z,-21.7126589,166.1597479,13.0,19218.3,10.560,150,86,240
2026-07-22T21:02:28Z,-21.7127499,166.1597479,13.0,19228.5,10.520,150,86,240
2026-07-22T21:02:29Z,-21.7128440,166.1597160,13.0,19239.0,10.400,150,86,239
2026-07-22T21:02:30Z,-21.7129329,166.1596830,13.0,19249.8,10.520,150,86,239
2026-07-22T21:02:31Z,-21.7130000,166.1596079,13.0,19260.2,10.500,149,86,240
2026-07-22T21:02:32Z,-21.7130570,166.1595329,13.0,19270.6,10.460,150,86,239
2026-07-22T21:02:33Z,-21.7131110,166.1594580,13.0,19281.0,10.500,150,87,240
2026-07-22T21:02:34Z,-21.7131540,166.1593619,13.0,19291.2,10.440,150,88,240
2026-07-22T21:02:35Z,-21.7131980,166.1592759,13.0,19301.7,10.380,150,88,239
2026-07-22T21:02:36Z,-21.7132460,166.1592009,13.0,19312.0,10.360,150,87,239
2026-07-22T21:02:37Z,-21.7132990,166.1591039,13.0,19323.3,10.540,150,87,240
2026-07-22T21:02:38Z,-21.7133470,166.1590179,13.0,19333.4,10.480,150,86,239
2026-07-22T21:02:39Z,-21.7133850,166.1589429,13.0,19342.7,10.300,150,86,239
2026-07-22T21:02:40Z,-21.7134270,166.1588360,13.0,19354.2,10.500,149,85,239
2026-07-22T21:02:41Z,-21.7134610,166.1587390,13.0,19364.0,10.400,150,84,238
2026-07-22T21:02:42Z,-21.7135000,166.1586530,13.0,19375.1,10.360,150,81,239
2026-07-22T21:02:43Z,-21.7135360,166.1585780,13.0,19384.5,10.220,149,81,239
2026-07-22T21:02:44Z,-21.7135799,166.1584709,13.0,19395.5,10.560,149,80,239
2026-07-22T21:02:45Z,-21.7136229,166.1583750,13.0,19406.3,10.420,149,74,239
2026-07-22T21:02:46Z,-21.7136659,166.1582989,13.0,19416.2,10.440,149,74,239
2026-07-22T21:02:47Z,-21.7137080,166.1582030,13.0,19426.1,10.200,150,78,238
2026-07-22T21:02:48Z,-21.7137569,166.1581170,13.0,19437.1,10.520,150,77,239
2026-07-22T21:02:49Z,-21.7138139,166.1580200,13.0,19448.4,10.580,150,77,239
2026-07-22T21:02:50Z,-21.7138750,166.1579669,13.0,19457.8,10.300,150,77,239
2026-07-22T21:02:51Z,-21.7139490,166.1579130,13.0,19467.6,10.280,150,77,240
2026-07-22T21:02:52Z,-21.7140419,166.1578700,13.0,19478.4,10.460,150,78,241
2026-07-22T21:02:53Z,-21.7141230,166.1578600,13.0,19487.9,10.160,150,80,241
2026-07-22T21:02:54Z,-21.7142230,166.1578270,13.0,19499.2,10.160,150,87,239
2026-07-22T21:02:55Z,-21.7142960,166.1577840,13.0,19508.8,10.200,150,87,239
2026-07-22T21:02:56Z,-21.7143690,166.1576990,13.0,19519.5,10.380,150,87,239
2026-07-22T21:02:57Z,-21.7144279,166.1576239,13.0,19529.8,10.280,150,87,239
2026-07-22T21:02:58Z,-21.7144840,166.1575479,13.0,19540.4,10.500,150,86,239
2026-07-22T21:02:59Z,-21.7145270,166.1574730,13.0,19549.8,10.120,150,86,239
2026-07-22T21:03:00Z,-21.7145660,166.1573870,13.0,19559.8,10.200,150,86,239
2026-07-22T21:03:01Z,-21.7145970,166.1572909,13.0,19570.2,10.140,150,82,239
2026-07-22T21:03:02Z,-21.7146120,166.1571840,13.0,19580.8,10.200,150,81,239
2026-07-22T21:03:03Z,-21.7146130,166.1570980,13.0,19591.0,10.120,150,81,239
2026-07-22T21:03:04Z,-21.7146080,166.1569909,13.0,19601.8,10.400,150,80,239
2026-07-22T21:03:05Z,-21.7145980,166.1568940,13.0,19611.3,10.300,150,79,239
2026-07-22T21:03:06Z,-21.7145889,166.1567869,13.0,19621.7,10.300,150,79,240
2026-07-22T21:03:07Z,-21.7145790,166.1567009,13.0,19631.9,10.220,150,79,241
2026-07-22T21:03:08Z,-21.7145670,166.1565940,13.0,19642.7,10.340,150,80,241
2026-07-22T21:03:09Z,-21.7145500,166.1564969,13.0,19652.7,10.180,150,82,241
2026-07-22T21:03:10Z,-21.7145220,166.1564109,13.0,19662.8,10.300,150,84,241
2026-07-22T21:03:11Z,-21.7144800,166.1563149,13.0,19673.3,10.320,150,85,240
2026-07-22T21:03:12Z,-21.7144350,166.1562399,13.2,19683.2,10.260,150,86,240
2026-07-22T21:03:13Z,-21.7143810,166.1561430,13.2,19693.7,10.200,150,86,240
2026-07-22T21:03:14Z,-21.7143350,166.1560570,13.0,19704.0,10.260,150,86,240
2026-07-22T21:03:15Z,-21.7142950,166.1559819,12.8,19714.3,10.300,151,87,240
2026-07-22T21:03:16Z,-21.7142559,166.1558750,12.6,19724.9,10.320,151,87,239
2026-07-22T21:03:17Z,-21.7142200,166.1557779,12.2,19735.7,10.500,151,87,240
2026-07-22T21:03:18Z,-21.7141810,166.1556710,11.8,19747.2,10.700,151,86,239
2026-07-22T21:03:19Z,-21.7141370,166.1555850,11.4,19758.3,10.860,152,86,240
2026-07-22T21:03:20Z,-21.7140890,166.1554779,11.0,19770.0,11.140,151,86,239
2026-07-22T21:03:21Z,-21.7140510,166.1553700,10.6,19781.8,11.380,152,85,239
2026-07-22T21:03:22Z,-21.7140320,166.1552629,10.4,19793.8,11.620,152,85,239
2026-07-22T21:03:23Z,-21.7140259,166.1551449,10.4,19805.7,11.700,152,85,239
2026-07-22T21:03:24Z,-21.7140340,166.1550380,10.6,19817.5,11.840,152,85,239
2026-07-22T21:03:25Z,-21.7140520,166.1549309,10.8,19829.4,11.880,152,84,239
2026-07-22T21:03:26Z,-21.7140849,166.1548230,10.8,19840.9,11.820,151,83,239
2026-07-22T21:03:27Z,-21.7141370,166.1547270,11.0,19852.1,11.660,152,82,239
2026-07-22T21:03:28Z,-21.7142040,166.1546410,11.0,19863.3,11.520,151,81,239
2026-07-22T21:03:29Z,-21.7142780,166.1545770,11.0,19874.1,11.320,151,81,240
2026-07-22T21:03:30Z,-21.7143579,166.1545120,11.2,19885.0,11.120,151,82,240
2026-07-22T21:03:31Z,-21.7144400,166.1544589,11.2,19896.1,11.040,151,82,239
2026-07-22T21:03:32Z,-21.7145179,166.1543940,11.4,19906.4,10.860,151,82,238
2026-07-22T21:03:33Z,-21.7146000,166.1543299,11.6,19917.3,10.800,151,81,239
2026-07-22T21:03:34Z,-21.7146759,166.1542869,11.6,19927.2,10.620,151,80,240
2026-07-22T21:03:35Z,-21.7147609,166.1542439,11.8,19937.6,10.520,151,80,239
2026-07-22T21:03:36Z,-21.7148479,166.1542119,12.0,19947.8,10.340,151,80,239
2026-07-22T21:03:37Z,-21.7149359,166.1541900,12.2,19957.8,10.280,151,80,239
2026-07-22T21:03:38Z,-21.7150219,166.1541800,12.4,19967.5,10.040,151,78,239
2026-07-22T21:03:39Z,-21.7151079,166.1541800,12.6,19976.9,9.940,151,78,239
2026-07-22T21:03:40Z,-21.7151939,166.1541900,12.8,19986.5,9.780,150,78,240
2026-07-22T21:03:41Z,-21.7152750,166.1542119,12.8,19995.7,9.580,151,79,240
2026-07-22T21:03:42Z,-21.7153560,166.1542439,12.8,20005.0,9.440,151,80,239
2026-07-22T21:03:43Z,-21.7154340,166.1542650,13.0,20014.4,9.380,151,80,239
2026-07-22T21:03:44Z,-21.7155119,166.1543190,13.0,20023.9,9.400,150,79,239
2026-07-22T21:03:45Z,-21.7155840,166.1543510,13.0,20033.1,9.320,151,79,239
2026-07-22T21:03:46Z,-21.7156630,166.1543940,13.0,20042.7,9.400,150,79,240
2026-07-22T21:03:47Z,-21.7157379,166.1544370,13.0,20052.1,9.420,150,79,240
2026-07-22T21:03:48Z,-21.7158190,166.1544689,13.0,20061.8,9.480,151,79,240
2026-07-22T21:03:49Z,-21.7158989,166.1545009,13.0,20071.1,9.440,150,79,240
2026-07-22T21:03:50Z,-21.7159839,166.1545340,13.0,20080.8,9.540,150,80,239
2026-07-22T21:03:51Z,-21.7160709,166.1545439,13.0,20090.8,9.620,150,80,239
2026-07-22T21:03:52Z,-21.7161569,166.1545550,13.0,20100.4,9.660,150,80,239
2026-07-22T21:03:53Z,-21.7162409,166.1545770,13.0,20110.0,9.640,150,79,240
2026-07-22T21:03:54Z,-21.7163299,166.1545770,13.0,20119.9,9.760,150,79,240
2026-07-22T21:03:55Z,-21.7164179,166.1545869,13.0,20129.4,9.720,150,80,241
2026-07-22T21:03:56Z,-21.7165050,166.1545869,13.0,20139.3,9.700,150,81,240
2026-07-22T21:03:57Z,-21.7165960,166.1545770,13.0,20149.4,9.800,150,82,239
2026-07-22T21:03:58Z,-21.7166850,166.1545770,13.0,20159.2,9.840,150,83,239
2026-07-22T21:03:59Z,-21.7167719,166.1545550,13.0,20169.1,9.840,150,82,239
2026-07-22T21:04:00Z,-21.7168609,166.1545439,13.0,20178.8,9.880,150,83,240
2026-07-22T21:04:01Z,-21.7169479,166.1545120,13.0,20189.0,9.940,150,83,241
2026-07-22T21:04:02Z,-21.7170319,166.1544689,13.0,20199.0,9.920,150,85,240
2026-07-22T21:04:03Z,-21.7171100,166.1544370,13.0,20208.8,9.920,150,86,239
2026-07-22T21:04:04Z,-21.7171880,166.1543940,13.0,20218.9,9.960,150,87,240
2026-07-22T21:04:05Z,-21.7172680,166.1543299,13.0,20229.2,10.080,150,86,239
2026-07-22T21:04:06Z,-21.7173450,166.1542869,13.0,20239.2,10.040,150,86,240
2026-07-22T21:04:07Z,-21.7174209,166.1542220,13.0,20249.5,10.100,150,86,240
2026-07-22T21:04:08Z,-21.7174939,166.1541689,13.0,20259.8,10.200,150,86,239
2026-07-22T21:04:09Z,-21.7175580,166.1541040,13.0,20269.7,10.160,150,86,239
2026-07-22T21:04:10Z,-21.7176200,166.1540080,13.0,20280.2,10.200,150,86,239
2026-07-22T21:04:11Z,-21.7176669,166.1539330,13.0,20290.1,10.180,150,86,239
2026-07-22T21:04:12Z,-21.7177060,166.1538470,13.2,20300.1,10.120,150,86,239
2026-07-22T21:04:13Z,-21.7177420,166.1537720,13.4,20310.1,10.060,150,86,239
2026-07-22T21:04:14Z,-21.7177740,166.1536750,13.6,20319.8,10.020,149,86,239
2026-07-22T21:04:15Z,-21.7178060,166.1535789,13.8,20329.5,9.860,150,85,239
2026-07-22T21:04:16Z,-21.7178409,166.1535040,14.0,20338.8,9.740,150,85,239
2026-07-22T21:04:17Z,-21.7178829,166.1534290,14.0,20348.3,9.640,150,85,240
2026-07-22T21:04:18Z,-21.7179320,166.1533529,14.2,20357.7,9.520,150,84,240
2026-07-22T21:04:19Z,-21.7179860,166.1532779,14.2,20366.8,9.400,150,85,240
2026-07-22T21:04:20Z,-21.7180460,166.1532140,14.2,20376.3,9.360,150,85,240
2026-07-22T21:04:21Z,-21.7181080,166.1531600,14.2,20385.6,9.360,150,86,240
2026-07-22T21:04:22Z,-21.7181709,166.1530960,14.2,20394.8,9.300,150,87,240
2026-07-22T21:04:23Z,-21.7182380,166.1530319,14.2,20404.4,9.340,150,87,240
2026-07-22T21:04:24Z,-21.7183040,166.1529779,14.0,20414.2,9.480,150,87,240
2026-07-22T21:04:25Z,-21.7183729,166.1529240,13.6,20423.8,9.500,150,88,239
2026-07-22T21:04:26Z,-21.7184470,166.1528710,13.2,20434.1,9.700,150,87,239
2026-07-22T21:04:27Z,-21.7185159,166.1527960,13.0,20444.8,10.000,150,86,239
2026-07-22T21:04:28Z,-21.7185729,166.1526990,13.2,20455.7,10.260,150,85,240
2026-07-22T21:04:29Z,-21.7186190,166.1526240,13.4,20465.9,10.340,150,85,240
2026-07-22T21:04:30Z,-21.7186630,166.1525270,13.8,20476.1,10.460,151,85,240
2026-07-22T21:04:31Z,-21.7187050,166.1524520,14.2,20486.1,10.400,151,85,240
2026-07-22T21:04:32Z,-21.7187500,166.1523770,14.4,20495.4,10.120,150,85,240
2026-07-22T21:04:33Z,-21.7188120,166.1523019,14.6,20505.1,9.880,151,86,240
2026-07-22T21:04:34Z,-21.7188780,166.1522380,14.8,20514.6,9.740,150,86,240
2026-07-22T21:04:35Z,-21.7189489,166.1522050,14.8,20523.6,9.500,150,87,240
2026-07-22T21:04:36Z,-21.7190209,166.1521630,14.8,20532.9,9.360,150,87,239
2026-07-22T21:04:37Z,-21.7190919,166.1521090,14.6,20542.6,9.440,150,87,240
2026-07-22T21:04:38Z,-21.7191550,166.1520450,14.6,20552.0,9.380,151,88,240
2026-07-22T21:04:39Z,-21.7192120,166.1519689,14.4,20561.5,9.380,150,88,240
2026-07-22T21:04:40Z,-21.7192680,166.1519050,14.2,20571.4,9.560,150,89,239
2026-07-22T21:04:41Z,-21.7193270,166.1518300,14.0,20581.4,9.700,150,88,239
2026-07-22T21:04:42Z,-21.7193909,166.1517549,14.0,20591.9,9.860,150,90,240
2026-07-22T21:04:43Z,-21.7194619,166.1516900,13.8,20602.2,10.040,151,89,238
2026-07-22T21:04:44Z,-21.7195359,166.1516150,13.6,20612.9,10.280,151,88,238
2026-07-22T21:04:45Z,-21.7196140,166.1515509,13.4,20624.0,10.520,150,86,239
2026-07-22T21:04:46Z,-21.7196900,166.1514969,13.2,20634.4,10.600,150,86,239
2026-07-22T21:04:47Z,-21.7197750,166.1514440,13.0,20645.3,10.680,150,85,240
2026-07-22T21:04:48Z,-21.7198700,166.1514010,12.8,20657.0,10.960,150,85,240
2026-07-22T21:04:49Z,-21.7199679,166.1513690,12.8,20668.1,11.040,150,85,240
2026-07-22T21:04:50Z,-21.7200669,166.1513580,12.8,20679.0,11.000,150,84,239
2026-07-22T21:04:51Z,-21.7201679,166.1513690,12.8,20690.2,11.160,151,84,239
2026-07-22T21:04:52Z,-21.7202640,166.1513690,13.0,20701.0,11.140,151,84,241
2026-07-22T21:04:53Z,-21.7203610,166.1514010,13.0,20711.9,10.980,150,86,240
2026-07-22T21:04:54Z,-21.7204539,166.1514330,13.0,20722.5,10.880,150,88,241
2026-07-22T21:04:55Z,-21.7205419,166.1514649,13.0,20733.3,10.860,150,91,241
2026-07-22T21:04:56Z,-21.7206210,166.1515190,13.0,20743.6,10.680,150,91,240
2026-07-22T21:04:57Z,-21.7206999,166.1515829,13.0,20754.3,10.660,150,93,239
2026-07-22T21:04:58Z,-21.7207770,166.1516259,13.0,20764.6,10.540,150,93,239
2026-07-22T21:04:59Z,-21.7208690,166.1516799,13.0,20775.8,10.660,150,92,240
2026-07-22T21:05:00Z,-21.7209589,166.1517119,13.0,20786.3,10.600,150,92,239
2026-07-22T21:05:01Z,-21.7210540,166.1517229,13.0,20796.8,10.640,150,92,239
2026-07-22T21:05:02Z,-21.7211439,166.1517330,13.0,20806.9,10.520,150,92,240
2026-07-22T21:05:03Z,-21.7212469,166.1517549,13.0,20818.4,10.760,150,92,240
2026-07-22T21:05:04Z,-21.7213329,166.1517659,13.0,20828.0,10.440,150,92,239
2026-07-22T21:05:05Z,-21.7214270,166.1517870,13.0,20838.6,10.460,150,92,239
2026-07-22T21:05:06Z,-21.7215219,166.1517979,13.2,20849.3,10.500,150,92,239
2026-07-22T21:05:07Z,-21.7216140,166.1518300,13.2,20859.6,10.540,150,91,239
2026-07-22T21:05:08Z,-21.7217030,166.1518409,13.2,20869.8,10.280,150,90,239
2026-07-22T21:05:09Z,-21.7217949,166.1518620,13.2,20880.0,10.400,150,90,240
2026-07-22T21:05:10Z,-21.7218880,166.1518730,13.4,20890.5,10.380,151,85,239
2026-07-22T21:05:11Z,-21.7219779,166.1518730,13.4,20900.4,10.220,151,85,239
2026-07-22T21:05:12Z,-21.7220710,166.1518940,13.4,20910.7,10.220,151,89,239
2026-07-22T21:05:13Z,-21.7221630,166.1518730,13.2,20921.1,10.260,151,89,239
2026-07-22T21:05:14Z,-21.7222510,166.1518620,13.2,20931.0,10.200,151,89,240
2026-07-22T21:05:15Z,-21.7223399,166.1518089,12.8,20941.6,10.220,151,90,239
2026-07-22T21:05:16Z,-21.7224370,166.1517979,12.8,20952.6,10.440,151,94,240
2026-07-22T21:05:17Z,-21.7225310,166.1518089,12.8,20963.1,10.480,151,90,239
2026-07-22T21:05:18Z,-21.7226249,166.1518300,12.8,20973.6,10.500,151,89,239
2026-07-22T21:05:19Z,-21.7227169,166.1518409,13.0,20984.1,10.620,151,88,240
2026-07-22T21:05:20Z,-21.7228100,166.1518730,13.2,20994.4,10.560,152,88,240
2026-07-22T21:05:21Z,-21.7229009,166.1518940,13.4,21004.9,10.460,151,89,239
2026-07-22T21:05:22Z,-21.7229869,166.1519160,13.4,21014.9,10.360,151,89,239
2026-07-22T21:05:23Z,-21.7230729,166.1519480,13.6,21024.8,10.240,152,88,239
2026-07-22T21:05:24Z,-21.7231589,166.1519800,13.8,21034.8,10.140,151,87,240
2026-07-22T21:05:25Z,-21.7232400,166.1520119,13.8,21044.3,9.980,152,87,239
2026-07-22T21:05:26Z,-21.7233250,166.1520230,14.0,21054.0,9.820,151,87,240
2026-07-22T21:05:27Z,-21.7234080,166.1520770,14.0,21063.8,9.780,152,87,240
2026-07-22T21:05:28Z,-21.7234870,166.1521090,13.8,21073.2,9.680,152,87,239
2026-07-22T21:05:29Z,-21.7235690,166.1521299,13.8,21083.1,9.660,152,88,240
2026-07-22T21:05:30Z,-21.7236520,166.1521839,13.6,21093.4,9.820,152,88,239
2026-07-22T21:05:31Z,-21.7237329,166.1522269,13.4,21103.4,9.880,151,88,240
2026-07-22T21:05:32Z,-21.7238180,166.1522699,13.0,21114.0,10.040,152,88,240
2026-07-22T21:05:33Z,-21.7239030,166.1523129,12.8,21124.6,10.280,152,88,239
2026-07-22T21:05:34Z,-21.7239910,166.1523660,12.4,21135.8,10.540,152,88,239
2026-07-22T21:05:35Z,-21.7240809,166.1524090,12.2,21146.9,10.700,152,87,240
2026-07-22T21:05:36Z,-21.7241750,166.1524520,12.0,21158.1,10.940,152,88,239
2026-07-22T21:05:37Z,-21.7242699,166.1524950,12.0,21169.4,11.080,152,88,239
2026-07-22T21:05:38Z,-21.7243699,166.1525270,12.0,21180.8,11.240,152,88,239
2026-07-22T21:05:39Z,-21.7244669,166.1525490,12.2,21191.8,11.200,152,87,240
2026-07-22T21:05:40Z,-21.7245640,166.1525810,12.2,21202.8,11.180,152,87,240
2026-07-22T21:05:41Z,-21.7246590,166.1525920,12.4,21213.6,11.100,151,88,240
2026-07-22T21:05:42Z,-21.7247530,166.1526240,12.6,21224.2,10.960,152,88,240
2026-07-22T21:05:43Z,-21.7248439,166.1526350,12.8,21234.6,10.760,152,89,239
2026-07-22T21:05:44Z,-21.7249340,166.1526560,13.0,21244.8,10.600,152,87,239
2026-07-22T21:05:45Z,-21.7250210,166.1526879,13.2,21254.8,10.400,152,87,239
2026-07-22T21:05:46Z,-21.7251070,166.1527100,13.6,21264.6,10.200,152,86,240
2026-07-22T21:05:47Z,-21.7251879,166.1527420,14.0,21274.2,10.000,152,86,239
2026-07-22T21:05:48Z,-21.7252640,166.1527739,14.2,21283.4,9.760,152,86,240
2026-07-22T21:05:49Z,-21.7253400,166.1528169,14.4,21292.7,9.580,152,86,240
2026-07-22T21:05:50Z,-21.7254140,166.1528489,14.4,21301.7,9.380,152,87,240
2026-07-22T21:05:51Z,-21.7254889,166.1528810,14.6,21310.7,9.220,153,88,239
2026-07-22T21:05:52Z,-21.7255629,166.1529140,14.6,21319.7,9.100,153,88,239
2026-07-22T21:05:53Z,-21.7256380,166.1529560,14.8,21328.6,9.040,153,88,240
2026-07-22T21:05:54Z,-21.7257110,166.1529889,14.8,21337.6,8.980,153,88,240
2026-07-22T21:05:55Z,-21.7257830,166.1530319,14.8,21346.7,9.000,153,88,239
2026-07-22T21:05:56Z,-21.7258550,166.1530850,14.8,21355.7,9.000,153,87,239
2026-07-22T21:05:57Z,-21.7259280,166.1531069,14.8,21364.9,9.040,152,87,240
2026-07-22T21:05:58Z,-21.7259960,166.1531710,14.8,21374.1,9.100,153,87,240
2026-07-22T21:05:59Z,-21.7260649,166.1532140,14.6,21383.4,9.160,153,87,240
2026-07-22T21:06:00Z,-21.7261300,166.1532779,14.6,21392.8,9.220,153,87,240
2026-07-22T21:06:01Z,-21.7261969,166.1533430,14.4,21402.6,9.380,153,87,239
2026-07-22T21:06:02Z,-21.7262630,166.1533959,14.2,21412.5,9.520,153,86,239
2026-07-22T21:06:03Z,-21.7263340,166.1534610,14.0,21422.6,9.700,152,85,239
2026-07-22T21:06:04Z,-21.7264070,166.1535249,13.8,21432.9,9.900,153,86,240
2026-07-22T21:06:05Z,-21.7264829,166.1535789,13.8,21443.3,10.100,152,87,240
2026-07-22T21:06:06Z,-21.7265610,166.1536430,13.8,21454.0,10.280,152,88,240
2026-07-22T21:06:07Z,-21.7266279,166.1537180,13.6,21464.5,10.400,152,89,240
2026-07-22T21:06:08Z,-21.7266859,166.1537930,13.6,21474.9,10.460,153,89,239
2026-07-22T21:06:09Z,-21.7267350,166.1538900,13.6,21485.6,10.540,153,89,240
2026-07-22T21:06:10Z,-21.7267780,166.1539760,13.4,21496.3,10.600,153,90,239
2026-07-22T21:06:11Z,-21.7268129,166.1540719,13.4,21506.9,10.580,152,89,238
2026-07-22T21:06:12Z,-21.7268409,166.1541800,13.4,21517.7,10.640,152,89,239
2026-07-22T21:06:13Z,-21.7268590,166.1542650,13.2,21528.4,10.700,152,87,238
2026-07-22T21:06:14Z,-21.7268549,166.1543729,13.2,21539.2,10.720,152,86,239
2026-07-22T21:06:15Z,-21.7268299,166.1544800,13.2,21550.1,10.760,152,84,239
2026-07-22T21:06:16Z,-21.7268009,166.1545770,13.2,21560.8,10.780,153,83,239
2026-07-22T21:06:17Z,-21.7267730,166.1546840,13.2,21571.4,10.740,153,83,239
2026-07-22T21:06:18Z,-21.7267450,166.1547700,13.2,21582.1,10.740,152,83,240
2026-07-22T21:06:19Z,-21.7267119,166.1548660,13.2,21592.7,10.700,152,83,239
2026-07-22T21:06:20Z,-21.7266740,166.1549739,13.2,21603.3,10.640,152,83,240
2026-07-22T21:06:21Z,-21.7266330,166.1550589,13.2,21613.9,10.620,152,83,239
2026-07-22T21:06:22Z,-21.7265959,166.1551560,13.2,21624.4,10.600,152,82,239
2026-07-22T21:06:23Z,-21.7265640,166.1552420,13.2,21635.0,10.580,152,82,240
2026-07-22T21:06:24Z,-21.7265330,166.1553380,13.4,21645.4,10.540,152,82,240
2026-07-22T21:06:25Z,-21.7264939,166.1554349,13.4,21655.9,10.520,152,82,239
2026-07-22T21:06:26Z,-21.7264389,166.1555209,13.4,21666.3,10.480,152,83,240
2026-07-22T21:06:27Z,-21.7263649,166.1555850,13.2,21676.8,10.480,152,83,240
2026-07-22T21:06:28Z,-21.7262730,166.1555959,13.2,21687.3,10.460,151,83,239
2026-07-22T21:06:29Z,-21.7261770,166.1555850,13.0,21697.9,10.500,151,83,239
2026-07-22T21:06:30Z,-21.7260900,166.1555529,12.8,21708.4,10.500,151,83,239
2026-07-22T21:06:31Z,-21.7260000,166.1555099,12.6,21719.3,10.600,152,83,241
2026-07-22T21:06:32Z,-21.7259049,166.1554779,12.6,21730.4,10.720,151,84,240
2026-07-22T21:06:33Z,-21.7258059,166.1554779,12.4,21741.6,10.860,151,84,239
2026-07-22T21:06:34Z,-21.7257290,166.1555420,12.2,21752.4,10.900,151,84,240
2026-07-22T21:06:35Z,-21.7256880,166.1556280,12.2,21763.5,11.020,151,84,239
2026-07-22T21:06:36Z,-21.7256690,166.1557349,12.2,21774.6,11.060,151,83,240
2026-07-22T21:06:37Z,-21.7256619,166.1558430,12.2,21785.6,11.040,151,83,240
2026-07-22T21:06:38Z,-21.7256609,166.1559500,12.4,21796.5,10.980,151,82,239
2026-07-22T21:06:39Z,-21.7256560,166.1560570,12.4,21807.3,10.980,151,82,239
2026-07-22T21:06:40Z,-21.7256339,166.1561640,12.4,21818.1,10.920,151,82,240
2026-07-22T21:06:41Z,-21.7255970,166.1562500,12.2,21828.9,10.860,151,82,240
2026-07-22T21:06:42Z,-21.7255479,166.1563470,12.2,21839.9,10.860,151,82,239
2026-07-22T21:06:43Z,-21.7254970,166.1564330,12.0,21850.8,10.860,151,83,239
2026-07-22T21:06:44Z,-21.7254439,166.1565289,12.0,21861.6,10.860,151,83,240
2026-07-22T21:06:45Z,-21.7253860,166.1566040,11.8,21872.6,10.900,151,83,240
2026-07-22T21:06:46Z,-21.7253270,166.1567009,11.6,21883.7,10.960,151,84,239
2026-07-22T21:06:47Z,-21.7252680,166.1567869,11.4,21894.9,11.000,151,83,238
2026-07-22T21:06:48Z,-21.7252060,166.1568619,11.4,21906.1,11.060,151,83,239
2026-07-22T21:06:49Z,-21.7251469,166.1569579,11.2,21917.5,11.180,151,82,239
2026-07-22T21:06:50Z,-21.7250910,166.1570439,11.0,21929.1,11.300,151,81,239
2026-07-22T21:06:51Z,-21.7250370,166.1571510,10.8,21940.6,11.380,151,81,240
2026-07-22T21:06:52Z,-21.7249889,166.1572479,10.8,21952.1,11.440,151,81,241
2026-07-22T21:06:53Z,-21.7249490,166.1573550,10.6,21963.6,11.500,151,82,240
2026-07-22T21:06:54Z,-21.7249190,166.1574629,10.6,21975.2,11.540,151,83,239
2026-07-22T21:06:55Z,-21.7249060,166.1575700,10.6,21986.7,11.520,151,83,239
2026-07-22T21:06:56Z,-21.7249110,166.1576769,10.4,21998.2,11.520,151,83,240
2026-07-22T21:06:57Z,-21.7249419,166.1577840,10.4,22009.6,11.500,151,83,240
2026-07-22T21:06:58Z,-21.7249920,166.1578919,10.4,22021.1,11.500,151,84,240
2026-07-22T21:06:59Z,-21.7250559,166.1579669,10.4,22032.6,11.480,151,84,240
2026-07-22T21:07:00Z,-21.7251309,166.1580420,10.2,22043.9,11.440,151,86,240
2026-07-22T21:07:01Z,-21.7252179,166.1580959,10.4,22055.4,11.440,151,85,240
2026-07-22T21:07:02Z,-21.7253149,166.1581490,10.4,22066.9,11.460,151,85,239
2026-07-22T21:07:03Z,-21.7254120,166.1581600,10.8,22077.7,11.320,151,85,239
2026-07-22T21:07:04Z,-21.7255070,166.1581809,11.0,22088.5,11.180,151,84,239
2026-07-22T21:07:05Z,-21.7256019,166.1581920,11.2,22099.1,11.040,151,85,239
2026-07-22T21:07:06Z,-21.7256950,166.1582030,11.6,22109.5,10.820,150,85,239
2026-07-22T21:07:07Z,-21.7257870,166.1582239,11.8,22119.7,10.560,150,84,239
2026-07-22T21:07:08Z,-21.7258740,166.1582350,12.0,22129.6,10.380,151,84,240
2026-07-22T21:07:09Z,-21.7259600,166.1582569,12.2,22139.2,10.140,151,83,239
2026-07-22T21:07:10Z,-21.7260420,166.1582669,12.4,22148.6,9.900,151,83,239
2026-07-22T21:07:11Z,-21.7261260,166.1582890,12.6,22158.0,9.700,150,83,240
2026-07-22T21:07:12Z,-21.7262069,166.1582989,13.0,22166.9,9.440,150,84,240
2026-07-22T21:07:13Z,-21.7262850,166.1583099,13.2,22175.8,9.240,151,85,241
2026-07-22T21:07:14Z,-21.7263649,166.1583320,13.4,22184.6,9.080,150,87,240
2026-07-22T21:07:15Z,-21.7264430,166.1583419,13.6,22193.3,8.940,150,89,240
2026-07-22T21:07:16Z,-21.7265190,166.1583640,13.8,22202.0,8.800,150,89,239
2026-07-22T21:07:17Z,-21.7265930,166.1583750,14.0,22210.3,8.680,150,88,238
2026-07-22T21:07:18Z,-21.7266679,166.1583849,14.2,22218.6,8.560,150,87,239
2026-07-22T21:07:19Z,-21.7267409,166.1583849,14.4,22226.8,8.440,150,86,239
2026-07-22T21:07:20Z,-21.7268139,166.1584070,14.6,22235.2,8.380,150,86,239
2026-07-22T21:07:21Z,-21.7268849,166.1584170,14.8,22243.1,8.220,149,86,239
2026-07-22T21:07:22Z,-21.7269569,166.1584389,15.0,22251.1,8.160,149,86,240
2026-07-22T21:07:23Z,-21.7270220,166.1584709,15.0,22259.0,8.080,150,86,240
2026-07-22T21:07:24Z,-21.7270800,166.1585139,15.2,22266.9,8.020,150,86,240
2026-07-22T21:07:25Z,-21.7271299,166.1585780,15.2,22275.0,7.960,150,86,241
2026-07-22T21:07:26Z,-21.7271709,166.1586320,15.2,22283.1,8.000,149,86,239
2026-07-22T21:07:27Z,-21.7272029,166.1587070,15.2,22291.3,8.039,150,87,239
2026-07-22T21:07:28Z,-21.7272289,166.1587820,15.2,22299.8,8.160,150,86,240
2026-07-22T21:07:29Z,-21.7272480,166.1588680,15.2,22308.3,8.280,149,86,240
2026-07-22T21:07:30Z,-21.7272599,166.1589540,15.2,22317.4,8.480,150,86,240
2026-07-22T21:07:31Z,-21.7272609,166.1590289,15.0,22326.5,8.680,150,87,240
2026-07-22T21:07:32Z,-21.7272439,166.1591260,15.0,22336.2,8.980,150,87,239
2026-07-22T21:07:33Z,-21.7272110,166.1592110,15.0,22346.0,9.240,150,88,240
2026-07-22T21:07:34Z,-21.7271510,166.1592860,15.0,22356.1,9.560,150,87,239
2026-07-22T21:07:35Z,-21.7270719,166.1593400,15.0,22366.3,9.780,150,87,239
2026-07-22T21:07:36Z,-21.7269979,166.1593940,15.0,22376.1,9.920,150,87,240
2026-07-22T21:07:37Z,-21.7269220,166.1594469,15.0,22386.1,9.980,150,87,240
2026-07-22T21:07:38Z,-21.7268409,166.1594899,15.0,22396.5,10.100,150,88,240
2026-07-22T21:07:39Z,-21.7267630,166.1595550,15.0,22406.7,10.120,150,89,240
2026-07-22T21:07:40Z,-21.7266870,166.1595980,15.0,22416.6,10.060,151,89,239
2026-07-22T21:07:41Z,-21.7266109,166.1596619,15.0,22426.7,10.120,150,89,240
2026-07-22T21:07:42Z,-21.7265290,166.1597049,15.0,22437.3,10.240,151,89,240
2026-07-22T21:07:43Z,-21.7264559,166.1597479,15.0,22446.9,10.080,150,89,240
2026-07-22T21:07:44Z,-21.7263760,166.1598120,15.0,22457.1,10.080,151,89,240
2026-07-22T21:07:45Z,-21.7262939,166.1598550,15.0,22467.4,10.160,150,89,239
2026-07-22T21:07:46Z,-21.7262120,166.1598980,15.0,22477.9,10.240,151,89,239
2026-07-22T21:07:47Z,-21.7261369,166.1599620,15.0,22487.8,10.100,151,89,240
2026-07-22T21:07:48Z,-21.7260620,166.1600050,15.0,22498.0,10.220,151,89,239
2026-07-22T21:07:49Z,-21.7259789,166.1600700,15.0,22508.7,10.320,151,88,239
2026-07-22T21:07:50Z,-21.7259000,166.1601130,15.0,22518.9,10.300,151,88,239
2026-07-22T21:07:51Z,-21.7258179,166.1601560,15.0,22529.6,10.340,151,87,239
2026-07-22T21:07:52Z,-21.7257369,166.1602200,15.0,22539.8,10.400,151,87,239
2026-07-22T21:07:53Z,-21.7256560,166.1602630,15.0,22550.5,10.500,151,87,240
2026-07-22T21:07:54Z,-21.7255720,166.1603269,15.0,22561.2,10.500,151,87,239
2026-07-22T21:07:55Z,-21.7254889,166.1603920,15.0,22572.1,10.640,151,87,239
2026-07-22T21:07:56Z,-21.7254049,166.1604340,15.0,22583.1,10.700,151,86,239
2026-07-22T21:07:57Z,-21.7253260,166.1604989,15.0,22593.6,10.760,152,86,240
2026-07-22T21:07:58Z,-21.7252429,166.1605419,15.0,22604.3,10.760,151,86,240
2026-07-22T21:07:59Z,-21.7251630,166.1606060,15.0,22614.8,10.720,151,86,240
2026-07-22T21:08:00Z,-21.7250830,166.1606600,15.0,22625.5,10.680,151,87,240
2026-07-22T21:08:01Z,-21.7250149,166.1607240,15.0,22635.8,10.540,151,88,240
2026-07-22T21:08:02Z,-21.7249559,166.1607989,15.0,22646.4,10.560,151,88,239
2026-07-22T21:08:03Z,-21.7249149,166.1608960,15.0,22656.8,10.500,151,88,239
2026-07-22T21:08:04Z,-21.7248989,166.1610029,15.0,22667.2,10.480,151,87,239
2026-07-22T21:08:05Z,-21.7249060,166.1611100,15.0,22678.0,10.500,151,87,239
2026-07-22T21:08:06Z,-21.7249250,166.1611960,15.0,22688.0,10.440,151,87,239
2026-07-22T21:08:07Z,-21.7249569,166.1612930,15.0,22698.8,10.480,151,87,240
2026-07-22T21:08:08Z,-21.7249920,166.1613790,15.0,22708.8,10.400,151,87,240
2026-07-22T21:08:09Z,-21.7250319,166.1614749,15.0,22719.2,10.400,151,87,239
2026-07-22T21:08:10Z,-21.7250749,166.1615609,15.0,22729.5,10.300,151,87,239
2026-07-22T21:08:11Z,-21.7251210,166.1616359,15.0,22739.6,10.320,151,87,240
2026-07-22T21:08:12Z,-21.7251670,166.1617329,15.2,22749.9,10.220,151,88,240
2026-07-22T21:08:13Z,-21.7252139,166.1618189,15.2,22760.4,10.320,151,90,239
2026-07-22T21:08:14Z,-21.7252589,166.1619040,15.0,22770.6,10.280,152,90,239
2026-07-22T21:08:15Z,-21.7252960,166.1619900,15.0,22780.5,10.200,152,90,239
2026-07-22T21:08:16Z,-21.7253319,166.1620870,15.0,22790.9,10.260,152,89,239
2026-07-22T21:08:17Z,-21.7253619,166.1621939,14.8,22801.5,10.320,152,88,239
2026-07-22T21:08:18Z,-21.7253810,166.1622799,14.6,22812.2,10.360,151,86,239
2026-07-22T21:08:19Z,-21.7253899,166.1623870,14.2,22822.9,10.460,151,86,239
2026-07-22T21:08:20Z,-21.7253909,166.1624939,13.8,22834.1,10.720,152,86,240
2026-07-22T21:08:21Z,-21.7253909,166.1626020,13.4,22844.8,10.780,152,86,240
2026-07-22T21:08:22Z,-21.7253940,166.1627090,13.0,22856.8,11.060,151,86,239
2026-07-22T21:08:23Z,-21.7254009,166.1628269,12.6,22868.4,11.240,151,86,240
2026-07-22T21:08:24Z,-21.7254260,166.1629340,12.2,22880.5,11.520,151,86,239
2026-07-22T21:08:25Z,-21.7254680,166.1630419,11.8,22892.6,11.700,151,86,239
2026-07-22T21:08:26Z,-21.7255400,166.1631380,11.8,22905.1,12.060,151,85,239
2026-07-22T21:08:27Z,-21.7256420,166.1631810,11.8,22917.4,12.120,152,85,240
2026-07-22T21:08:28Z,-21.7257479,166.1632129,12.0,22929.4,12.200,151,85,240
2026-07-22T21:08:29Z,-21.7258540,166.1632129,12.2,22941.1,12.120,151,86,239
2026-07-22T21:08:30Z,-21.7259600,166.1632129,12.4,22952.8,12.040,151,85,240
2026-07-22T21:08:31Z,-21.7260629,166.1632129,12.6,22964.3,11.840,151,86,240
2026-07-22T21:08:32Z,-21.7261590,166.1632449,12.8,22975.3,11.580,151,86,239
2026-07-22T21:08:33Z,-21.7262359,166.1632990,12.8,22986.1,11.340,152,86,239
2026-07-22T21:08:34Z,-21.7262929,166.1633960,12.8,22996.6,11.100,152,85,239
2026-07-22T21:08:35Z,-21.7263259,166.1634810,12.6,23007.8,11.000,152,85,239
2026-07-22T21:08:36Z,-21.7263399,166.1635889,12.6,23018.5,10.840,152,85,239
2026-07-22T21:08:37Z,-21.7263420,166.1636960,12.4,23029.6,10.860,151,85,239
2026-07-22T21:08:38Z,-21.7263379,166.1638029,12.2,23040.7,10.920,151,85,240
2026-07-22T21:08:39Z,-21.7263330,166.1639110,12.0,23051.8,11.040,151,85,240
2026-07-22T21:08:40Z,-21.7263330,166.1640180,11.8,23062.9,11.020,151,86,240
2026-07-22T21:08:41Z,-21.7263450,166.1641470,11.8,23074.5,11.200,151,87,240
2026-07-22T21:08:42Z,-21.7263839,166.1642320,11.8,23086.1,11.300,152,87,239
2026-07-22T21:08:43Z,-21.7264430,166.1643290,11.8,23096.9,11.240,151,87,239
2026-07-22T21:08:44Z,-21.7265290,166.1643720,12.2,23107.9,11.220,151,87,239
2026-07-22T21:08:45Z,-21.7266239,166.1644040,12.6,23118.9,11.200,152,85,238
2026-07-22T21:08:46Z,-21.7267150,166.1644150,13.0,23129.1,10.920,152,84,240
2026-07-22T21:08:47Z,-21.7268050,166.1644150,13.2,23139.1,10.600,151,83,241
2026-07-22T21:08:48Z,-21.7268910,166.1644359,13.6,23148.5,10.320,151,83,240
2026-07-22T21:08:49Z,-21.7269709,166.1644359,14.0,23157.5,9.920,151,83,240
2026-07-22T21:08:50Z,-21.7270520,166.1644689,14.4,23166.8,9.580,151,84,239
2026-07-22T21:08:51Z,-21.7271250,166.1645109,14.6,23176.0,9.380,152,84,239
2026-07-22T21:08:52Z,-21.7271889,166.1645539,14.8,23184.7,9.120,152,84,239
2026-07-22T21:08:53Z,-21.7272439,166.1645969,15.0,23192.9,8.880,152,85,239
2026-07-22T21:08:54Z,-21.7272970,166.1646620,15.2,23201.3,8.760,152,84,239
2026-07-22T21:08:55Z,-21.7273449,166.1647259,15.4,23209.9,8.620,152,84,239
2026-07-22T21:08:56Z,-21.7273879,166.1648010,15.6,23218.3,8.460,152,84,239
2026-07-22T21:08:57Z,-21.7274250,166.1648549,15.8,23226.4,8.340,152,83,240
2026-07-22T21:08:58Z,-21.7274609,166.1649409,15.8,23234.9,8.400,152,83,240
2026-07-22T21:08:59Z,-21.7274899,166.1650159,16.0,23243.1,8.360,152,84,239
2026-07-22T21:09:00Z,-21.7275140,166.1650910,16.2,23251.1,8.240,152,84,239
2026-07-22T21:09:01Z,-21.7275360,166.1651660,16.4,23259.3,8.200,152,82,240
2026-07-22T21:09:02Z,-21.7275530,166.1652299,16.6,23267.3,8.180,152,82,240
2026-07-22T21:09:03Z,-21.7275640,166.1653159,16.8,23275.4,8.100,152,83,239
2026-07-22T21:09:04Z,-21.7275710,166.1653910,17.0,23283.6,8.100,152,83,239
2026-07-22T21:09:05Z,-21.7275729,166.1654660,17.2,23291.4,8.060,152,83,240
2026-07-22T21:09:06Z,-21.7275759,166.1655309,17.4,23299.0,7.940,152,83,239
2026-07-22T21:09:07Z,-21.7275759,166.1656060,17.6,23306.6,7.860,152,83,239
2026-07-22T21:09:08Z,-21.7275729,166.1656810,17.8,23314.4,7.800,151,83,239
2026-07-22T21:09:09Z,-21.7275710,166.1657560,18.0,23322.2,7.720,151,83,239
2026-07-22T21:09:10Z,-21.7275680,166.1658420,18.2,23329.7,7.660,151,82,240
2026-07-22T21:09:11Z,-21.7275640,166.1659169,18.4,23337.1,7.620,151,82,240
2026-07-22T21:09:12Z,-21.7275599,166.1659710,18.6,23344.8,7.640,151,82,239
2026-07-22T21:09:13Z,-21.7275550,166.1660459,18.8,23352.0,7.520,151,82,240
2026-07-22T21:09:14Z,-21.7275530,166.1661310,19.0,23359.5,7.460,151,82,239
2026-07-22T21:09:15Z,-21.7275550,166.1661850,19.2,23366.6,7.380,150,82,239
2026-07-22T21:09:16Z,-21.7275589,166.1662600,19.4,23374.1,7.400,151,82,240
2026-07-22T21:09:17Z,-21.7275680,166.1663250,19.4,23381.3,7.300,151,83,239
2026-07-22T21:09:18Z,-21.7275800,166.1664000,19.6,23388.7,7.340,150,83,239
2026-07-22T21:09:19Z,-21.7276000,166.1664750,19.8,23396.1,7.320,150,83,240
2026-07-22T21:09:20Z,-21.7276309,166.1665389,19.8,23403.8,7.440,150,84,239
2026-07-22T21:09:21Z,-21.7276660,166.1666040,19.8,23411.4,7.460,151,84,239
2026-07-22T21:09:22Z,-21.7277059,166.1666570,19.8,23419.2,7.580,151,83,239
2026-07-22T21:09:23Z,-21.7277479,166.1667219,19.8,23427.3,7.720,151,83,239
2026-07-22T21:09:24Z,-21.7277919,166.1667969,19.8,23435.6,7.900,151,83,239
2026-07-22T21:09:25Z,-21.7278339,166.1668610,19.8,23443.6,7.960,151,82,239
2026-07-22T21:09:26Z,-21.7278740,166.1669150,19.8,23452.1,8.140,151,81,238
2026-07-22T21:09:27Z,-21.7279059,166.1670010,19.6,23460.8,8.320,151,79,238
2026-07-22T21:09:28Z,-21.7279260,166.1670859,19.6,23469.8,8.500,151,77,239
2026-07-22T21:09:29Z,-21.7279290,166.1671610,19.6,23478.6,8.600,151,77,242
2026-07-22T21:09:30Z,-21.7279140,166.1672579,19.6,23487.6,8.800,151,78,241
2026-07-22T21:09:31Z,-21.7278850,166.1673330,19.6,23496.9,8.960,151,81,240
2026-07-22T21:09:32Z,-21.7278520,166.1674190,19.6,23505.9,9.020,151,83,240
2026-07-22T21:09:33Z,-21.7278120,166.1675050,19.6,23515.3,9.100,151,84,240
2026-07-22T21:09:34Z,-21.7277710,166.1675800,19.6,23524.7,9.220,151,86,240
2026-07-22T21:09:35Z,-21.7277220,166.1676550,19.6,23534.0,9.280,151,86,240
2026-07-22T21:09:36Z,-21.7276729,166.1677299,19.6,23543.1,9.240,151,87,240
2026-07-22T21:09:37Z,-21.7276179,166.1677940,19.8,23553.0,9.420,150,88,239
2026-07-22T21:09:38Z,-21.7275599,166.1678700,19.8,23562.5,9.440,150,88,239
2026-07-22T21:09:39Z,-21.7275049,166.1679230,19.8,23571.6,9.380,151,88,240
2026-07-22T21:09:40Z,-21.7274420,166.1679980,19.8,23581.7,9.540,151,89,240
2026-07-22T21:09:41Z,-21.7273820,166.1680629,19.8,23591.2,9.620,151,89,239
2026-07-22T21:09:42Z,-21.7273230,166.1681270,19.8,23600.3,9.460,151,89,239
2026-07-22T21:09:43Z,-21.7272559,166.1681909,19.8,23610.3,9.560,151,88,240
2026-07-22T21:09:44Z,-21.7271940,166.1682450,19.8,23619.7,9.620,151,88,239
2026-07-22T21:09:45Z,-21.7271299,166.1683199,19.8,23629.4,9.540,151,88,239
2026-07-22T21:09:46Z,-21.7270650,166.1683850,19.8,23639.1,9.580,151,89,240
2026-07-22T21:09:47Z,-21.7270019,166.1684489,19.8,23648.9,9.720,151,89,240
2026-07-22T21:09:48Z,-21.7269360,166.1685030,19.8,23658.8,9.700,151,89,240
2026-07-22T21:09:49Z,-21.7268729,166.1685880,19.8,23668.4,9.740,151,89,240
2026-07-22T21:09:50Z,-21.7268099,166.1686420,19.8,23678.3,9.780,151,89,239
2026-07-22T21:09:51Z,-21.7267490,166.1687060,19.8,23687.9,9.760,151,88,239
2026-07-22T21:09:52Z,-21.7266829,166.1687819,19.8,23697.8,9.780,151,86,239
2026-07-22T21:09:53Z,-21.7266190,166.1688460,19.8,23707.8,9.800,151,86,206
2026-07-22T21:09:54Z,-21.7265559,166.1689000,19.8,23717.6,9.840,151,86,123
2026-07-22T21:09:55Z,-21.7264920,166.1689750,19.8,23727.2,9.780,151,86,108
2026-07-22T21:09:56Z,-21.7264290,166.1690389,19.8,23737.0,9.820,151,77,123
2026-07-22T21:09:57Z,-21.7263659,166.1691030,19.8,23746.4,9.720,150,75,124
2026-07-22T21:09:58Z,-21.7263069,166.1691679,19.8,23755.6,9.560,150,73,124
2026-07-22T21:09:59Z,-21.7262470,166.1692210,19.8,23765.1,9.500,150,71,124
2026-07-22T21:10:00Z,-21.7261890,166.1692859,19.8,23774.0,9.360,148,71,124
2026-07-22T21:10:01Z,-21.7261300,166.1693500,19.8,23783.2,9.240,148,71,125
2026-07-22T21:10:02Z,-21.7260730,166.1694040,19.8,23792.0,9.120,149,71,125
2026-07-22T21:10:03Z,-21.7260140,166.1694680,19.8,23801.1,9.100,148,72,125
2026-07-22T21:10:04Z,-21.7259519,166.1695330,19.8,23810.5,9.080,147,73,125
2026-07-22T21:10:05Z,-21.7258970,166.1695859,19.8,23819.0,9.000,147,73,125
2026-07-22T21:10:06Z,-21.7258410,166.1696510,19.8,23827.7,8.900,148,73,124
2026-07-22T21:10:07Z,-21.7257830,166.1697149,19.8,23836.7,8.940,147,73,125
2026-07-22T21:10:08Z,-21.7257250,166.1697690,19.8,23845.3,8.840,148,74,125
2026-07-22T21:10:09Z,-21.7256690,166.1698220,19.8,23854.0,8.700,147,76,125
2026-07-22T21:10:10Z,-21.7256130,166.1698759,19.8,23862.7,8.740,147,75,124
2026-07-22T21:10:11Z,-21.7255560,166.1699400,19.8,23871.3,8.720,147,76,125
2026-07-22T21:10:12Z,-21.7255000,166.1700049,19.8,23879.9,8.640,147,76,125
2026-07-22T21:10:13Z,-21.7254439,166.1700580,19.8,23888.6,8.660,146,76,124
2026-07-22T21:10:14Z,-21.7253889,166.1701120,19.8,23897.2,8.640,146,77,125
2026-07-22T21:10:15Z,-21.7253319,166.1701660,19.8,23905.7,8.600,146,77,125
2026-07-22T21:10:16Z,-21.7252770,166.1702300,19.8,23914.1,8.560,146,77,124
2026-07-22T21:10:17Z,-21.7252220,166.1702939,19.8,23922.7,8.560,146,77,125
2026-07-22T21:10:18Z,-21.7251650,166.1703369,19.8,23931.3,8.540,145,77,125
2026-07-22T21:10:19Z,-21.7251110,166.1704020,19.8,23939.8,8.520,145,78,125
2026-07-22T21:10:20Z,-21.7250559,166.1704550,19.8,23948.4,8.540,144,78,124
2026-07-22T21:10:21Z,-21.7250029,166.1705199,19.8,23956.9,8.560,144,79,125
2026-07-22T21:10:22Z,-21.7249490,166.1705840,19.8,23965.2,8.500,144,79,125
2026-07-22T21:10:23Z,-21.7248930,166.1706270,19.8,23974.1,8.560,143,80,124
2026-07-22T21:10:24Z,-21.7248360,166.1706909,19.6,23982.4,8.520,143,81,125
2026-07-22T21:10:25Z,-21.7247810,166.1707450,19.6,23991.0,8.520,142,80,125
2026-07-22T21:10:26Z,-21.7247259,166.1708089,19.6,23999.6,8.540,142,81,124
2026-07-22T21:10:27Z,-21.7246689,166.1708519,19.6,24008.3,8.620,141,81,124
2026-07-22T21:10:28Z,-21.7246119,166.1709170,19.6,24016.8,8.540,141,81,125
2026-07-22T21:10:29Z,-21.7245549,166.1709809,19.6,24025.6,8.640,141,82,124
2026-07-22T21:10:30Z,-21.7244999,166.1710350,19.6,24034.2,8.640,140,82,124
2026-07-22T21:10:31Z,-21.7244419,166.1710989,19.6,24042.9,8.660,141,82,124
2026-07-22T21:10:32Z,-21.7243870,166.1711419,19.6,24051.5,8.640,141,82,124
2026-07-22T21:10:33Z,-21.7243320,166.1712060,19.6,24059.8,8.600,140,82,124
2026-07-22T21:10:34Z,-21.7242760,166.1712709,19.6,24068.3,8.540,139,83,124
2026-07-22T21:10:35Z,-21.7242210,166.1713139,19.6,24076.8,8.520,139,83,125
2026-07-22T21:10:36Z,-21.7241659,166.1713780,19.6,24085.3,8.480,140,83,125
2026-07-22T21:10:37Z,-21.7241109,166.1714320,19.6,24093.7,8.440,139,83,125
2026-07-22T21:10:38Z,-21.7240539,166.1714849,19.6,24102.1,8.460,138,84,125
2026-07-22T21:10:39Z,-21.7239990,166.1715390,19.6,24110.7,8.480,138,84,124
2026-07-22T21:10:40Z,-21.7239460,166.1716030,19.6,24119.0,8.440,139,84,125
2026-07-22T21:10:41Z,-21.7238990,166.1716680,19.6,24127.1,8.360,139,85,124
2026-07-22T21:10:42Z,-21.7238550,166.1717210,19.6,24135.4,8.340,138,85,125
2026-07-22T21:10:43Z,-21.7238170,166.1717859,19.6,24143.6,8.300,138,85,125
2026-07-22T21:10:44Z,-21.7237809,166.1718609,19.6,24151.9,8.240,138,85,124
2026-07-22T21:10:45Z,-21.7237469,166.1719360,19.6,24160.1,8.220,137,86,124
2026-07-22T21:10:46Z,-21.7237189,166.1719999,19.6,24168.1,8.200,137,86,124
2026-07-22T21:10:47Z,-21.7236909,166.1720749,19.6,24176.3,8.180,137,86,124
2026-07-22T21:10:48Z,-21.7236649,166.1721500,19.6,24184.4,8.160,137,86,125
2026-07-22T21:10:49Z,-21.7236390,166.1722250,19.6,24192.6,8.140,136,86,125
2026-07-22T21:10:50Z,-21.7236140,166.1723110,19.6,24200.8,8.140,136,86,125
2026-07-22T21:10:51Z,-21.7235889,166.1723860,19.6,24208.9,8.160,136,86,125
2026-07-22T21:10:52Z,-21.7235649,166.1724400,19.6,24217.1,8.160,135,87,125
2026-07-22T21:10:53Z,-21.7235370,166.1725150,19.6,24225.3,8.180,135,87,124
2026-07-22T21:10:54Z,-21.7235069,166.1726010,19.6,24233.4,8.160,135,87,125
2026-07-22T21:10:55Z,-21.7234749,166.1726759,19.6,24241.6,8.160,135,87,124
2026-07-22T21:10:56Z,-21.7234390,166.1727300,19.6,24249.7,8.160,134,87,124
2026-07-22T21:10:57Z,-21.7234010,166.1728049,19.6,24257.9,8.160,134,87,125
2026-07-22T21:10:58Z,-21.7233609,166.1728690,19.6,24266.0,8.140,134,87,125
2026-07-22T21:10:59Z,-21.7233179,166.1729340,19.6,24274.2,8.160,134,87,125
2026-07-22T21:11:00Z,-21.7232749,166.1729980,19.6,24282.3,8.140,134,87,124
2026-07-22T21:11:01Z,-21.7232309,166.1730519,19.6,24290.4,8.140,133,87,124
2026-07-22T21:11:02Z,-21.7231850,166.1731160,19.6,24298.5,8.119,133,87,125
2026-07-22T21:11:03Z,-21.7231370,166.1731799,19.6,24306.6,8.119,133,88,125
2026-07-22T21:11:04Z,-21.7230899,166.1732340,19.6,24314.9,8.140,133,88,125
2026-07-22T21:11:05Z,-21.7230419,166.1732979,19.6,24323.0,8.140,132,88,124
2026-07-22T21:11:06Z,-21.7229960,166.1733630,19.6,24331.0,8.119,132,88,125
2026-07-22T21:11:07Z,-21.7229469,166.1734160,19.6,24339.3,8.160,132,88,124
2026-07-22T21:11:08Z,-21.7228970,166.1734809,19.6,24347.7,8.220,132,88,125
2026-07-22T21:11:09Z,-21.7228470,166.1735450,19.6,24355.8,8.180,132,89,125
2026-07-22T21:11:10Z,-21.7227960,166.1735880,19.6,24364.0,8.200,132,90,125
2026-07-22T21:11:11Z,-21.7227429,166.1736520,19.6,24372.2,8.240,131,90,125
2026-07-22T21:11:12Z,-21.7226890,166.1737060,19.6,24380.4,8.220,131,90,125
2026-07-22T21:11:13Z,-21.7226340,166.1737600,19.6,24388.7,8.200,131,91,125
2026-07-22T21:11:14Z,-21.7225800,166.1738129,19.6,24396.9,8.220,132,91,125
2026-07-22T21:11:15Z,-21.7225310,166.1738670,19.6,24404.9,8.180,133,92,125
2026-07-22T21:11:16Z,-21.7224870,166.1739419,19.6,24413.2,8.200,133,93,124
2026-07-22T21:11:17Z,-21.7224539,166.1739960,19.6,24421.4,8.200,133,93,125
2026-07-22T21:11:18Z,-21.7224259,166.1740820,19.6,24429.6,8.180,132,94,124
2026-07-22T21:11:19Z,-21.7224010,166.1741569,19.6,24437.8,8.180,132,93,124
2026-07-22T21:11:20Z,-21.7223819,166.1742319,19.6,24446.0,8.220,133,93,125
2026-07-22T21:11:21Z,-21.7223689,166.1743070,19.6,24454.0,8.160,133,93,125
2026-07-22T21:11:22Z,-21.7223580,166.1743820,19.6,24462.2,8.160,133,93,125
2026-07-22T21:11:23Z,-21.7223500,166.1744570,19.6,24470.3,8.140,132,93,124
2026-07-22T21:11:24Z,-21.7223460,166.1745540,19.6,24478.6,8.160,132,93,124
2026-07-22T21:11:25Z,-21.7223440,166.1746290,19.6,24486.5,8.100,132,93,124
2026-07-22T21:11:26Z,-21.7223460,166.1747039,19.6,24495.0,8.200,132,93,124
2026-07-22T21:11:27Z,-21.7223470,166.1747789,19.4,24503.2,8.200,131,93,124
2026-07-22T21:11:28Z,-21.7223510,166.1748649,19.4,24511.8,8.300,130,92,125
2026-07-22T21:11:29Z,-21.7223580,166.1749509,19.2,24520.2,8.320,130,92,124
2026-07-22T21:11:30Z,-21.7223630,166.1750260,19.0,24528.9,8.480,130,92,125
2026-07-22T21:11:31Z,-21.7223709,166.1751120,18.6,24538.0,8.600,130,91,125
2026-07-22T21:11:32Z,-21.7223780,166.1752079,18.2,24547.3,8.820,129,91,124
2026-07-22T21:11:33Z,-21.7223900,166.1752939,17.8,24556.7,8.980,129,91,125
2026-07-22T21:11:34Z,-21.7224099,166.1753900,17.4,24566.8,9.320,129,91,124
2026-07-22T21:11:35Z,-21.7224330,166.1754979,17.0,24577.4,9.700,128,91,125
2026-07-22T21:11:36Z,-21.7224569,166.1755839,16.6,24587.7,9.940,128,91,125
2026-07-22T21:11:37Z,-21.7224770,166.1756910,16.4,24598.8,10.300,127,91,125
2026-07-22T21:11:38Z,-21.7224950,166.1757979,16.2,24609.7,10.600,127,91,125
2026-07-22T21:11:39Z,-21.7225070,166.1758950,16.2,24620.4,10.720,127,91,124
2026-07-22T21:11:40Z,-21.7225080,166.1760019,16.4,24630.9,10.700,127,90,125
2026-07-22T21:11:41Z,-21.7225030,166.1760879,16.8,24640.8,10.620,127,90,125
2026-07-22T21:11:42Z,-21.7224910,166.1761950,17.2,24650.9,10.420,127,91,125
2026-07-22T21:11:43Z,-21.7224760,166.1762700,17.4,24660.1,10.080,127,90,124
2026-07-22T21:11:44Z,-21.7224600,166.1763670,17.8,24668.7,9.660,126,90,125
2026-07-22T21:11:45Z,-21.7224450,166.1764420,18.2,24677.1,9.240,127,90,125
2026-07-22T21:11:46Z,-21.7224279,166.1765169,18.4,24684.9,8.820,127,90,125
2026-07-22T21:11:47Z,-21.7224099,166.1765919,18.6,24693.0,8.420,127,92,125
2026-07-22T21:11:48Z,-21.7223969,166.1766560,18.8,24700.4,8.060,127,93,124
2026-07-22T21:11:49Z,-21.7223849,166.1767319,18.8,24707.6,7.780,127,93,124
2026-07-22T21:11:50Z,-21.7223709,166.1767960,18.8,24715.1,7.600,126,93,124
2026-07-22T21:11:51Z,-21.7223549,166.1768710,18.6,24723.2,7.660,126,92,125
2026-07-22T21:11:52Z,-21.7223379,166.1769460,18.4,24731.2,7.640,126,91,125
2026-07-22T21:11:53Z,-21.7223150,166.1770209,18.2,24739.7,7.860,127,90,124
2026-07-22T21:11:54Z,-21.7222910,166.1771180,17.8,24748.7,8.220,126,90,125
2026-07-22T21:11:55Z,-21.7222640,166.1771929,17.6,24758.0,8.580,126,90,125
2026-07-22T21:11:56Z,-21.7222369,166.1772789,17.2,24767.6,8.880,126,90,124
2026-07-22T21:11:57Z,-21.7222160,166.1773750,17.0,24777.6,9.280,126,90,124
2026-07-22T21:11:58Z,-21.7222060,166.1774829,16.8,24787.4,9.540,126,89,125
2026-07-22T21:11:59Z,-21.7222089,166.1775679,16.8,24798.1,9.880,126,89,124
2026-07-22T21:12:00Z,-21.7222220,166.1776650,16.8,24807.9,9.980,126,89,125
2026-07-22T21:12:01Z,-21.7222470,166.1777719,17.2,24817.8,10.040,126,89,124
2026-07-22T21:12:02Z,-21.7222730,166.1778470,17.6,24826.8,9.840,125,89,125
2026-07-22T21:12:03Z,-21.7223060,166.1779220,18.0,24836.0,9.720,126,90,124
2026-07-22T21:12:04Z,-21.7223399,166.1779979,18.4,24844.5,9.280,126,90,124
2026-07-22T21:12:05Z,-21.7223740,166.1780729,18.6,24852.6,8.940,126,90,124
2026-07-22T21:12:06Z,-21.7224070,166.1781370,19.0,24860.3,8.500,126,90,124
2026-07-22T21:12:07Z,-21.7224399,166.1782009,19.2,24867.7,8.180,126,89,124
2026-07-22T21:12:08Z,-21.7224730,166.1782550,19.4,24875.2,7.840,125,89,124
2026-07-22T21:12:09Z,-21.7225070,166.1783190,19.4,24882.4,7.580,125,89,125
2026-07-22T21:12:10Z,-21.7225389,166.1783840,19.4,24889.8,7.440,125,88,124
2026-07-22T21:12:11Z,-21.7225719,166.1784589,19.2,24897.6,7.460,125,88,125
2026-07-22T21:12:12Z,-21.7226090,166.1785130,19.0,24905.3,7.520,125,88,125
2026-07-22T21:12:13Z,-21.7226490,166.1785769,18.8,24913.6,7.680,125,88,125
2026-07-22T21:12:14Z,-21.7226940,166.1786520,18.4,24922.7,8.060,124,89,124
2026-07-22T21:12:15Z,-21.7227390,166.1787270,18.0,24931.7,8.380,124,89,125
2026-07-22T21:12:16Z,-21.7227879,166.1788019,17.6,24941.2,8.720,124,89,124
2026-07-22T21:12:17Z,-21.7228380,166.1788880,17.2,24951.1,9.160,124,89,125
2026-07-22T21:12:18Z,-21.7228930,166.1789629,16.8,24961.5,9.580,124,90,124
2026-07-22T21:12:19Z,-21.7229469,166.1790489,16.8,24972.2,9.900,123,90,124
2026-07-22T21:12:20Z,-21.7229999,166.1791239,16.8,24982.6,10.180,123,89,125
2026-07-22T21:12:21Z,-21.7230469,166.1792209,17.2,24992.7,10.300,124,89,124
2026-07-22T21:12:22Z,-21.7230950,166.1792959,17.4,25002.6,10.300,123,90,125
2026-07-22T21:12:23Z,-21.7231439,166.1793710,18.0,25012.3,10.160,123,89,125
2026-07-22T21:12:24Z,-21.7231909,166.1794460,18.2,25021.4,9.840,123,89,125
2026-07-22T21:12:25Z,-21.7232390,166.1795099,18.4,25030.2,9.520,123,89,125
2026-07-22T21:12:26Z,-21.7232889,166.1795750,18.4,25038.6,9.180,123,89,125
2026-07-22T21:12:27Z,-21.7233400,166.1796280,18.4,25047.3,8.940,123,89,124
2026-07-22T21:12:28Z,-21.7233930,166.1797030,18.2,25056.1,8.760,123,89,125
2026-07-22T21:12:29Z,-21.7234479,166.1797679,17.8,25065.1,8.740,123,88,124
2026-07-22T21:12:30Z,-21.7235059,166.1798320,17.4,25074.4,8.840,123,88,124
2026-07-22T21:12:31Z,-21.7235649,166.1799070,17.0,25084.1,9.100,123,89,124
2026-07-22T21:12:32Z,-21.7236290,166.1799610,16.6,25094.2,9.380,123,89,124
2026-07-22T21:12:33Z,-21.7236960,166.1800249,16.2,25104.2,9.620,123,89,124
2026-07-22T21:12:34Z,-21.7237700,166.1800999,15.8,25115.1,10.000,124,89,125
2026-07-22T21:12:35Z,-21.7238440,166.1801650,15.8,25125.3,10.180,124,89,124
2026-07-22T21:12:36Z,-21.7239260,166.1802289,15.8,25136.1,10.400,124,89,125
2026-07-22T21:12:37Z,-21.7240020,166.1802719,16.0,25146.2,10.400,124,89,125
2026-07-22T21:12:38Z,-21.7240770,166.1803149,16.2,25155.9,10.340,124,90,124
2026-07-22T21:12:39Z,-21.7241539,166.1803579,16.6,25165.5,10.080,126,92,125
2026-07-22T21:12:40Z,-21.7242249,166.1804120,17.0,25174.4,9.820,127,93,124
2026-07-22T21:12:41Z,-21.7242920,166.1804439,17.4,25182.6,9.300,126,94,124
2026-07-22T21:12:42Z,-21.7243640,166.1804650,17.6,25191.2,9.000,126,94,124
2026-07-22T21:12:43Z,-21.7244290,166.1804970,18.0,25198.9,8.600,127,95,125
2026-07-22T21:12:44Z,-21.7244900,166.1805189,18.0,25206.1,8.119,126,95,124
2026-07-22T21:12:45Z,-21.7245549,166.1805299,18.2,25213.4,7.800,127,95,125
2026-07-22T21:12:46Z,-21.7246220,166.1805510,18.2,25221.0,7.680,129,96,125
2026-07-22T21:12:47Z,-21.7246859,166.1805619,18.0,25228.3,7.420,129,97,124
2026-07-22T21:12:48Z,-21.7247579,166.1805729,17.8,25236.4,7.500,128,96,125
2026-07-22T21:12:49Z,-21.7248299,166.1805729,17.4,25244.1,7.600,128,95,124
2026-07-22T21:12:50Z,-21.7249100,166.1805619,17.2,25253.1,7.940,128,94,124
2026-07-22T21:12:51Z,-21.7249849,166.1805619,16.8,25261.7,8.140,128,93,125
2026-07-22T21:12:52Z,-21.7250680,166.1805510,16.8,25270.8,8.500,127,92,125
2026-07-22T21:12:53Z,-21.7251569,166.1805510,16.8,25280.6,8.840,127,92,124
2026-07-22T21:12:54Z,-21.7252370,166.1805299,16.8,25289.7,9.120,127,92,125
2026-07-22T21:12:55Z,-21.7253179,166.1805299,17.0,25298.5,9.080,129,93,124
2026-07-22T21:12:56Z,-21.7253990,166.1805189,17.0,25307.5,9.160,129,94,124
2026-07-22T21:12:57Z,-21.7254769,166.1805189,17.2,25316.3,9.100,129,94,125
2026-07-22T21:12:58Z,-21.7255520,166.1805189,17.4,25324.4,8.760,129,95,125
2026-07-22T21:12:59Z,-21.7256300,166.1804970,17.6,25333.1,8.680,131,94,125
2026-07-22T21:13:00Z,-21.7257029,166.1804869,17.6,25341.3,8.560,131,94,124
2026-07-22T21:13:01Z,-21.7257740,166.1804869,17.8,25349.2,8.340,131,94,124
2026-07-22T21:13:02Z,-21.7258430,166.1804650,18.0,25357.0,8.140,130,94,124
2026-07-22T21:13:03Z,-21.7259140,166.1804540,18.0,25364.9,8.100,130,94,124
2026-07-22T21:13:04Z,-21.7259789,166.1804439,18.2,25372.3,7.840,130,94,125
2026-07-22T21:13:05Z,-21.7260489,166.1804220,18.2,25380.1,7.760,129,94,125
2026-07-22T21:13:06Z,-21.7261140,166.1804120,18.2,25387.8,7.720,129,94,124
2026-07-22T21:13:07Z,-21.7261809,166.1803790,18.2,25395.5,7.700,128,93,124
2026-07-22T21:13:08Z,-21.7262470,166.1803470,18.2,25403.5,7.720,127,93,124
2026-07-22T21:13:09Z,-21.7263109,166.1803149,18.0,25411.5,7.840,127,93,124
2026-07-22T21:13:10Z,-21.7263760,166.1802719,17.6,25420.1,8.000,128,92,124
2026-07-22T21:13:11Z,-21.7264379,166.1802289,17.4,25428.6,8.160,127,92,124
2026-07-22T21:13:12Z,-21.7265020,166.1801650,17.0,25438.0,8.500,127,92,125
2026-07-22T21:13:13Z,-21.7265659,166.1800999,16.6,25447.7,8.840,127,92,124
2026-07-22T21:13:14Z,-21.7266290,166.1800470,16.2,25457.1,9.120,127,92,124
2026-07-22T21:13:15Z,-21.7266989,166.1799610,15.8,25467.3,9.440,126,91,124
2026-07-22T21:13:16Z,-21.7267730,166.1799070,15.6,25477.9,9.860,125,91,125
2026-07-22T21:13:17Z,-21.7268450,166.1798429,15.6,25487.9,9.980,125,91,124
2026-07-22T21:13:18Z,-21.7269200,166.1797790,15.6,25498.6,10.180,124,91,125
2026-07-22T21:13:19Z,-21.7269890,166.1797249,15.4,25508.8,10.340,124,90,125
2026-07-22T21:13:20Z,-21.7270520,166.1796500,14.8,25519.2,10.380,123,90,124
2026-07-22T21:13:21Z,-21.7271009,166.1795529,14.6,25529.8,10.380,123,90,124
2026-07-22T21:13:22Z,-21.7271340,166.1794669,14.2,25540.8,10.580,123,90,124
2026-07-22T21:13:23Z,-21.7271470,166.1793600,13.8,25551.7,10.620,123,90,125
2026-07-22T21:13:24Z,-21.7271439,166.1792529,13.6,25562.6,10.760,123,90,125
2026-07-22T21:13:25Z,-21.7271429,166.1791460,13.4,25573.8,10.920,123,90,124
2026-07-22T21:13:26Z,-21.7271419,166.1790380,13.0,25585.0,11.040,123,90,124
2026-07-22T21:13:27Z,-21.7271240,166.1789310,12.8,25596.4,11.120,123,90,124
2026-07-22T21:13:28Z,-21.7270890,166.1788240,13.0,25607.1,11.080,123,90,124
2026-07-22T21:13:29Z,-21.7270569,166.1787270,13.0,25618.1,11.100,124,90,124
2026-07-22T21:13:30Z,-21.7270490,166.1786199,13.0,25628.9,11.020,124,90,125
2026-07-22T21:13:31Z,-21.7270790,166.1785339,13.0,25639.3,10.860,124,90,125
2026-07-22T21:13:32Z,-21.7271299,166.1784370,13.0,25649.7,10.660,124,90,124
2026-07-22T21:13:33Z,-21.7271910,166.1783620,13.0,25659.9,10.560,123,90,125
2026-07-22T21:13:34Z,-21.7272729,166.1782869,13.4,25672.0,10.780,123,90,125
2026-07-22T21:13:35Z,-21.7273250,166.1782439,13.8,25679.5,10.120,123,90,125
2026-07-22T21:13:36Z,-21.7273869,166.1782009,14.0,25688.3,9.800,123,90,124
2026-07-22T21:13:37Z,-21.7274490,166.1781370,14.4,25697.1,9.480,123,91,125
2026-07-22T21:13:38Z,-21.7275009,166.1780940,14.8,25705.2,9.060,123,91,125
2026-07-22T21:13:39Z,-21.7275360,166.1780080,14.8,25713.5,8.300,123,91,124
2026-07-22T21:13:40Z,-21.7275319,166.1779330,15.0,25721.7,8.440,123,91,124
2026-07-22T21:13:41Z,-21.7274960,166.1778800,15.2,25729.3,8.200,123,92,124
2026-07-22T21:13:42Z,-21.7274510,166.1778149,15.4,25736.5,7.880,123,92,124
2026-07-22T21:13:43Z,-21.7273999,166.1777719,15.6,25744.2,7.800,123,92,124
2026-07-22T21:13:44Z,-21.7273449,166.1777399,15.8,25751.3,7.560,123,92,124
2026-07-22T21:13:45Z,-21.7272889,166.1777080,15.8,25758.4,7.340,123,93,125
2026-07-22T21:13:46Z,-21.7272439,166.1776440,16.0,25765.6,7.260,122,93,125
2026-07-22T21:13:47Z,-21.7272210,166.1775900,16.2,25772.6,7.220,122,93,124
2026-07-22T21:13:48Z,-21.7272190,166.1775259,16.4,25779.6,7.080,122,93,124
2026-07-22T21:13:49Z,-21.7272380,166.1774610,16.4,25786.4,7.020,122,93,124
2026-07-22T21:13:50Z,-21.7272820,166.1774180,16.6,25793.4,7.000,122,93,124
2026-07-22T21:13:51Z,-21.7273370,166.1773860,16.6,25800.0,6.880,122,93,124
2026-07-22T21:13:52Z,-21.7273990,166.1773750,16.6,25806.8,6.840,122,93,125
2026-07-22T21:13:53Z,-21.7274589,166.1773750,16.6,25813.8,6.840,122,93,124
2026-07-22T21:13:54Z,-21.7275240,166.1773750,16.6,25821.0,6.920,123,94,124
2026-07-22T21:13:55Z,-21.7275909,166.1773750,16.6,25828.3,6.980,123,94,124
2026-07-22T21:13:56Z,-21.7276580,166.1773539,16.4,25835.7,7.140,122,94,124
2026-07-22T21:13:57Z,-21.7277220,166.1773539,16.4,25843.1,7.260,122,94,124
2026-07-22T21:13:58Z,-21.7277919,166.1773430,16.4,25850.8,7.400,122,94,125
2026-07-22T21:13:59Z,-21.7278580,166.1773109,16.6,25858.5,7.500,122,94,125
2026-07-22T21:14:00Z,-21.7279229,166.1773000,16.6,25866.2,7.580,122,93,124
2026-07-22T21:14:01Z,-21.7279799,166.1772470,16.6,25873.8,7.620,122,93,125
2026-07-22T21:14:02Z,-21.7280150,166.1771929,16.8,25881.2,7.620,122,93,125
2026-07-22T21:14:03Z,-21.7280199,166.1771180,17.0,25888.6,7.560,122,93,125
2026-07-22T21:14:04Z,-21.7280069,166.1770529,17.2,25895.9,7.480,122,93,124
2026-07-22T21:14:05Z,-21.7279919,166.1769890,17.4,25902.8,7.320,122,93,125
2026-07-22T21:14:06Z,-21.7279740,166.1769250,17.6,25909.3,7.100,122,93,124
2026-07-22T21:14:07Z,-21.7279570,166.1768499,17.6,25916.2,7.000,122,93,124
2026-07-22T21:14:08Z,-21.7279479,166.1767960,17.8,25922.7,6.820,122,93,124
2026-07-22T21:14:09Z,-21.7279420,166.1767319,18.0,25929.1,6.640,121,93,124
2026-07-22T21:14:10Z,-21.7279369,166.1766670,18.2,25935.3,6.500,121,93,125
2026-07-22T21:14:11Z,-21.7279250,166.1766240,18.4,25941.4,6.420,121,93,125
2026-07-22T21:14:12Z,-21.7278980,166.1765599,18.6,25947.5,6.260,121,93,124
2026-07-22T21:14:13Z,-21.7278619,166.1765280,18.6,25953.3,6.120,121,93,124
2026-07-22T21:14:14Z,-21.7278179,166.1765059,18.8,25959.1,6.000,121,92,125
2026-07-22T21:14:15Z,-21.7277670,166.1764850,18.8,25964.8,5.900,121,92,124
2026-07-22T21:14:16Z,-21.7277169,166.1765059,18.8,25970.6,5.840,120,92,124
2026-07-22T21:14:17Z,-21.7276670,166.1765169,18.8,25976.6,5.820,120,91,125
2026-07-22T21:14:18Z,-21.7276159,166.1765489,18.8,25982.8,5.900,120,91,124
2026-07-22T21:14:19Z,-21.7275629,166.1765810,18.6,25989.3,6.040,120,91,125
2026-07-22T21:14:20Z,-21.7275049,166.1765810,18.6,25995.7,6.180,121,91,124
2026-07-22T21:14:21Z,-21.7274459,166.1765810,18.6,26002.2,6.320,121,90,124
2026-07-22T21:14:22Z,-21.7273910,166.1765599,18.8,26008.8,6.440,120,90,125
2026-07-22T21:14:23Z,-21.7273410,166.1765280,18.8,26015.4,6.520,120,90,124
2026-07-22T21:14:24Z,-21.7273050,166.1764850,19.0,26022.0,6.540,120,90,124
2026-07-22T21:14:25Z,-21.7272859,166.1764309,19.2,26028.2,6.500,120,89,124
2026-07-22T21:14:26Z,-21.7272800,166.1763670,19.4,26034.4,6.440,120,89,124
2026-07-22T21:14:27Z,-21.7272820,166.1763019,19.4,26040.5,6.340,120,89,124
2026-07-22T21:14:28Z,-21.7272889,166.1762380,19.6,26046.4,6.200,120,89,125
2026-07-22T21:14:29Z,-21.7272999,166.1761950,19.8,26052.2,6.040,120,89,125
2026-07-22T21:14:30Z,-21.7273090,166.1761419,19.8,26058.0,5.960,120,89,124
2026-07-22T21:14:31Z,-21.7273149,166.1760879,20.0,26063.4,5.800,120,89,124
2026-07-22T21:14:32Z,-21.7273159,166.1760340,20.0,26069.2,5.740,120,89,124
2026-07-22T21:14:33Z,-21.7273149,166.1759810,20.2,26074.6,5.640,120,89,125
2026-07-22T21:14:34Z,-21.7273070,166.1759269,20.2,26080.3,5.620,120,89,125
2026-07-22T21:14:35Z,-21.7272930,166.1758729,20.0,26086.2,5.640,120,89,124
2026-07-22T21:14:36Z,-21.7272599,166.1758200,19.8,26092.9,5.900,120,89,124
2026-07-22T21:14:37Z,-21.7272100,166.1757869,19.8,26099.3,6.020,120,88,124
2026-07-22T21:14:38Z,-21.7271520,166.1757660,19.8,26105.8,6.240,120,88,125
2026-07-22T21:14:39Z,-21.7270890,166.1757869,19.8,26112.6,6.460,120,88,125
2026-07-22T21:14:40Z,-21.7270299,166.1757869,20.0,26119.3,6.620,120,88,125
2026-07-22T21:14:41Z,-21.7269729,166.1757979,20.0,26125.8,6.580,120,88,125
2026-07-22T21:14:42Z,-21.7269139,166.1758200,20.2,26132.6,6.660,120,88,124
2026-07-22T21:14:43Z,-21.7268590,166.1758409,20.2,26139.0,6.640,120,88,124
2026-07-22T21:14:44Z,-21.7268040,166.1758630,20.2,26145.5,6.580,120,88,125
2026-07-22T21:14:45Z,-21.7267490,166.1758729,20.4,26151.8,6.500,120,87,125
2026-07-22T21:14:46Z,-21.7266880,166.1758950,20.4,26158.5,6.540,120,87,124
2026-07-22T21:14:47Z,-21.7266290,166.1758950,20.4,26165.0,6.480,120,87,125
2026-07-22T21:14:48Z,-21.7265730,166.1758729,20.4,26171.7,6.540,120,87,124
2026-07-22T21:14:49Z,-21.7265249,166.1758299,20.2,26178.2,6.540,120,87,125
2026-07-22T21:14:50Z,-21.7264839,166.1757869,20.2,26185.4,6.720,119,87,125
2026-07-22T21:14:51Z,-21.7264659,166.1757119,20.0,26192.6,6.820,119,87,124
2026-07-22T21:14:52Z,-21.7264620,166.1756480,19.8,26199.9,6.980,118,87,124
2026-07-22T21:14:53Z,-21.7264780,166.1755730,19.6,26207.9,7.240,118,87,124
2026-07-22T21:14:54Z,-21.7265150,166.1755080,19.2,26215.9,7.540,118,87,124
2026-07-22T21:14:55Z,-21.7265740,166.1754549,19.0,26224.5,7.820,118,87,125
2026-07-22T21:14:56Z,-21.7266429,166.1754229,18.8,26232.8,8.039,118,87,124
2026-07-22T21:14:57Z,-21.7267190,166.1753900,18.6,26241.8,8.380,118,87,124
2026-07-22T21:14:58Z,-21.7267999,166.1753689,18.4,26250.8,8.580,118,87,125
2026-07-22T21:14:59Z,-21.7268800,166.1753480,18.2,26260.1,8.840,118,87,125
2026-07-22T21:15:00Z,-21.7269539,166.1752939,18.0,26269.4,8.980,118,88,125
2026-07-22T21:15:01Z,-21.7270250,166.1752509,17.8,26278.7,9.180,118,90,125
2026-07-22T21:15:02Z,-21.7270890,166.1751870,17.4,26288.2,9.280,118,91,124
2026-07-22T21:15:03Z,-21.7271380,166.1751120,17.0,26298.4,9.520,117,90,124
2026-07-22T21:15:04Z,-21.7271390,166.1750040,16.6,26308.6,9.700,117,90,124
2026-07-22T21:15:05Z,-21.7270890,166.1749290,16.2,26319.0,9.920,118,89,124
2026-07-22T21:15:06Z,-21.7270090,166.1748860,16.0,26329.4,10.140,118,89,124
2026-07-22T21:15:07Z,-21.7269200,166.1748430,15.8,26340.1,10.380,118,88,124
2026-07-22T21:15:08Z,-21.7268450,166.1747789,15.6,26351.0,10.520,119,87,125
2026-07-22T21:15:09Z,-21.7268240,166.1746720,15.2,26361.6,10.600,118,87,124
2026-07-22T21:15:10Z,-21.7268630,166.1745749,15.0,26372.6,10.720,120,87,125
2026-07-22T21:15:11Z,-21.7269460,166.1745209,14.8,26384.0,10.920,120,87,124
2026-07-22T21:15:12Z,-21.7270399,166.1745000,14.6,26394.7,10.920,120,87,125
2026-07-22T21:15:13Z,-21.7271380,166.1745319,14.6,26405.7,10.940,120,87,124
2026-07-22T21:15:14Z,-21.7272230,166.1745749,14.8,26416.4,10.960,120,87,125
2026-07-22T21:15:15Z,-21.7273070,166.1746290,15.0,26426.6,10.800,120,87,125
2026-07-22T21:15:16Z,-21.7273990,166.1746390,15.0,26437.0,10.600,120,88,125
2026-07-22T21:15:17Z,-21.7274859,166.1746290,15.0,26447.0,10.460,120,87,124
2026-07-22T21:15:18Z,-21.7275510,166.1745639,14.6,26457.0,10.260,120,86,125
2026-07-22T21:15:19Z,-21.7275729,166.1744680,14.0,26467.6,10.240,121,87,125
2026-07-22T21:15:20Z,-21.7275360,166.1743820,13.6,26478.3,10.340,120,87,124
2026-07-22T21:15:21Z,-21.7274650,166.1743070,13.4,26488.9,10.380,121,88,124
2026-07-22T21:15:22Z,-21.7274149,166.1742100,13.0,26500.2,10.640,121,87,125
2026-07-22T21:15:23Z,-21.7274189,166.1741029,13.0,26511.2,10.840,122,87,124
2026-07-22T21:15:24Z,-21.7274769,166.1740279,12.6,26522.2,10.920,122,87,124
2026-07-22T21:15:25Z,-21.7275670,166.1739739,12.4,26533.2,10.980,122,88,125
2026-07-22T21:15:26Z,-21.7276619,166.1739530,12.4,26544.1,11.040,122,88,124
2026-07-22T21:15:27Z,-21.7277609,166.1739530,12.4,26555.2,11.000,122,88,124
2026-07-22T21:15:28Z,-21.7278540,166.1739739,12.6,26565.9,10.940,122,88,124
2026-07-22T21:15:29Z,-21.7279440,166.1739849,13.0,26576.0,10.760,122,88,125
2026-07-22T21:15:30Z,-21.7280150,166.1739210,13.0,26586.1,10.580,123,87,124
2026-07-22T21:15:31Z,-21.7280290,166.1738350,13.0,26595.7,10.320,123,86,124
2026-07-22T21:15:32Z,-21.7280000,166.1737380,13.0,26605.5,10.060,122,88,124
2026-07-22T21:15:33Z,-21.7279570,166.1736630,13.2,26615.0,9.820,122,88,125
2026-07-22T21:15:34Z,-21.7279150,166.1735880,13.4,26624.3,9.660,122,87,124
2026-07-22T21:15:35Z,-21.7278939,166.1734910,13.6,26633.3,9.440,122,87,124
2026-07-22T21:15:36Z,-21.7279069,166.1734160,13.8,26642.0,9.260,122,87,125
2026-07-22T21:15:37Z,-21.7279520,166.1733409,14.0,26650.5,9.000,122,87,124
2026-07-22T21:15:38Z,-21.7280160,166.1733089,14.4,26658.7,8.740,123,88,124
2026-07-22T21:15:39Z,-21.7280870,166.1732979,14.6,26666.5,8.440,123,88,124
2026-07-22T21:15:40Z,-21.7281550,166.1733089,14.8,26674.2,8.180,123,88,124
2026-07-22T21:15:41Z,-21.7282180,166.1733310,15.0,26681.6,7.920,122,88,125
2026-07-22T21:15:42Z,-21.7282830,166.1733409,15.2,26688.7,7.640,122,88,124
2026-07-22T21:15:43Z,-21.7283450,166.1733409,15.4,26695.6,7.380,122,88,125
2026-07-22T21:15:44Z,-21.7284040,166.1733310,15.6,26702.2,7.140,123,88,125
2026-07-22T21:15:45Z,-21.7284590,166.1733089,15.8,26708.5,6.860,123,88,124
2026-07-22T21:15:46Z,-21.7285119,166.1732979,16.0,26714.6,6.600,123,88,124
2026-07-22T21:15:47Z,-21.7285600,166.1732659,16.4,26720.5,6.360,123,87,124
2026-07-22T21:15:48Z,-21.7285939,166.1732340,16.6,26726.0,6.080,122,87,125
2026-07-22T21:15:49Z,-21.7286129,166.1731910,16.8,26731.4,5.840,122,87,125
2026-07-22T21:15:50Z,-21.7286170,166.1731269,16.8,26736.6,5.620,122,87,124
2026-07-22T21:15:51Z,-21.7286129,166.1730839,17.0,26741.7,5.420,122,87,125
2026-07-22T21:15:52Z,-21.7286070,166.1730410,17.0,26746.9,5.280,122,87,124
2026-07-22T21:15:53Z,-21.7285979,166.1729980,17.2,26752.1,5.220,122,87,124
2026-07-22T21:15:54Z,-21.7285850,166.1729340,17.2,26757.4,5.200,122,87,125
2026-07-22T21:15:55Z,-21.7285620,166.1728910,17.2,26762.7,5.220,122,87,125
2026-07-22T21:15:56Z,-21.7285379,166.1728369,17.2,26768.2,5.300,122,87,124
2026-07-22T21:15:57Z,-21.7285160,166.1727939,17.2,26773.9,5.400,122,88,124
2026-07-22T21:15:58Z,-21.7285109,166.1727300,17.2,26779.6,5.500,122,88,125
2026-07-22T21:15:59Z,-21.7285200,166.1726870,17.4,26785.3,5.580,122,88,124
2026-07-22T21:16:00Z,-21.7285430,166.1726440,17.6,26790.8,5.620,122,86,124
2026-07-22T21:16:01Z,-21.7285770,166.1726010,17.8,26796.2,5.600,122,87,125
2026-07-22T21:16:02Z,-21.7286210,166.1725799,17.8,26801.5,5.520,123,87,124
2026-07-22T21:16:03Z,-21.7286659,166.1725799,18.0,26806.7,5.420,123,87,124
2026-07-22T21:16:04Z,-21.7287109,166.1726010,18.2,26811.8,5.300,123,87,124
2026-07-22T21:16:05Z,-21.7287549,166.1726120,18.2,26816.9,5.220,123,87,125
2026-07-22T21:16:06Z,-21.7287949,166.1726219,18.4,26821.9,5.140,123,87,124
2026-07-22T21:16:07Z,-21.7288340,166.1726550,18.4,26827.0,5.100,123,88,124
2026-07-22T21:16:08Z,-21.7288740,166.1726759,18.6,26832.0,5.060,123,88,125
2026-07-22T21:16:09Z,-21.7289149,166.1727079,18.6,26837.1,5.060,123,88,125
2026-07-22T21:16:10Z,-21.7289549,166.1727189,18.8,26842.2,5.060,122,87,124
2026-07-22T21:16:11Z,-21.7289950,166.1727509,18.8,26847.3,5.080,122,86,124
2026-07-22T21:16:12Z,-21.7290330,166.1727830,18.8,26852.3,5.060,122,86,124
2026-07-22T21:16:13Z,-21.7290729,166.1727939,19.0,26857.4,5.080,122,86,124
2026-07-22T21:16:14Z,-21.7291119,166.1728260,19.0,26862.6,5.100,122,86,125
2026-07-22T21:16:15Z,-21.7291490,166.1728580,19.2,26867.8,5.120,122,86,124
2026-07-22T21:16:16Z,-21.7291849,166.1728910,19.2,26873.0,5.140,122,86,125
2026-07-22T21:16:17Z,-21.7292159,166.1729340,19.2,26878.3,5.200,122,86,125
2026-07-22T21:16:18Z,-21.7292439,166.1729760,19.2,26883.8,5.280,122,86,124
2026-07-22T21:16:19Z,-21.7292739,166.1730190,19.2,26889.3,5.340,122,86,125
2026-07-22T21:16:20Z,-21.7293060,166.1730519,19.2,26894.9,5.420,122,86,124
2026-07-22T21:16:21Z,-21.7293419,166.1730949,19.4,26900.7,5.540,122,86,125
2026-07-22T21:16:22Z,-21.7293840,166.1731269,19.4,26906.5,5.640,122,85,125
2026-07-22T21:16:23Z,-21.7294299,166.1731590,19.6,26912.3,5.700,122,85,124
2026-07-22T21:16:24Z,-21.7294780,166.1731799,19.6,26917.9,5.720,123,85,124
2026-07-22T21:16:25Z,-21.7295289,166.1731799,19.8,26923.6,5.740,123,86,125
2026-07-22T21:16:26Z,-21.7295739,166.1731590,20.0,26928.8,5.620,123,86,125
2026-07-22T21:16:27Z,-21.7296149,166.1731480,20.2,26933.9,5.480,124,86,125
2026-07-22T21:16:28Z,-21.7296490,166.1731160,20.4,26938.7,5.280,124,86,124
2026-07-22T21:16:29Z,-21.7296780,166.1730839,20.6,26943.5,5.120,123,86,125
2026-07-22T21:16:30Z,-21.7296990,166.1730410,20.8,26948.0,4.880,123,87,124
2026-07-22T21:16:31Z,-21.7297169,166.1730089,21.0,26952.5,4.740,123,86,124
2026-07-22T21:16:32Z,-21.7297309,166.1729659,21.0,26956.9,4.600,123,86,125
2026-07-22T21:16:33Z,-21.7297489,166.1729340,21.2,26961.2,4.500,123,86,124
2026-07-22T21:16:34Z,-21.7297660,166.1728910,21.4,26965.3,4.360,123,86,124
2026-07-22T21:16:35Z,-21.7297850,166.1728580,21.4,26969.6,4.320,123,87,125
2026-07-22T21:16:36Z,-21.7298049,166.1728260,21.6,26973.8,4.260,123,85,125
2026-07-22T21:16:37Z,-21.7298280,166.1727939,21.8,26977.8,4.180,123,87,125
2026-07-22T21:16:38Z,-21.7298520,166.1727619,22.0,26981.8,4.120,123,88,125
2026-07-22T21:16:39Z,-21.7298749,166.1727300,22.0,26985.8,4.100,123,87,124
2026-07-22T21:16:40Z,-21.7298980,166.1727079,22.2,26989.7,4.019,123,87,125
2026-07-22T21:16:41Z,-21.7299199,166.1726759,22.4,26993.5,3.940,123,87,124
2026-07-22T21:16:42Z,-21.7299400,166.1726440,22.4,26997.4,3.920,123,86,124
2026-07-22T21:16:43Z,-21.7299629,166.1726120,22.6,27001.1,3.860,123,87,124
2026-07-22T21:16:44Z,-21.7299850,166.1726010,22.8,27004.8,3.800,123,87,125
2026-07-22T21:16:45Z,-21.7300079,166.1725690,22.8,27008.5,3.760,123,87,125
2026-07-22T21:16:46Z,-21.7300290,166.1725369,23.0,27012.1,3.720,122,87,125
2026-07-22T21:16:47Z,-21.7300479,166.1725039,23.2,27015.7,3.660,122,87,124
2026-07-22T21:16:48Z,-21.7300670,166.1724720,23.2,27019.3,3.640,122,87,124
2026-07-22T21:16:49Z,-21.7300840,166.1724400,23.4,27022.9,3.620,122,87,124
2026-07-22T21:16:50Z,-21.7300990,166.1724079,23.4,27026.4,3.580,122,87,124
2026-07-22T21:16:51Z,-21.7301120,166.1723860,23.6,27030.0,3.580,122,87,125
2026-07-22T21:16:52Z,-21.7301219,166.1723540,23.6,27033.6,3.580,121,87,125
2026-07-22T21:16:53Z,-21.7301319,166.1723220,23.8,27037.1,3.560,121,87,124
2026-07-22T21:16:54Z,-21.7301430,166.1722899,23.8,27040.8,3.580,121,87,124
2026-07-22T21:16:55Z,-21.7301560,166.1722580,24.0,27044.5,3.620,121,86,125
2026-07-22T21:16:56Z,-21.7301740,166.1722250,24.2,27048.2,3.640,121,86,124
2026-07-22T21:16:57Z,-21.7301970,166.1722039,24.2,27052.0,3.680,121,86,125
2026-07-22T21:16:58Z,-21.7302229,166.1721830,24.4,27055.7,3.720,121,86,125
2026-07-22T21:16:59Z,-21.7302519,166.1721720,24.4,27059.3,3.700,121,86,125
2026-07-22T21:17:00Z,-21.7302840,166.1721500,24.6,27063.0,3.700,121,87,124
2026-07-22T21:17:01Z,-21.7303170,166.1721500,24.6,27066.7,3.700,121,87,124
2026-07-22T21:17:02Z,-21.7303509,166.1721500,24.8,27070.4,3.680,121,87,125
2026-07-22T21:17:03Z,-21.7303830,166.1721720,24.8,27074.2,3.700,121,87,124
2026-07-22T21:17:04Z,-21.7304150,166.1721830,25.0,27078.1,3.760,121,87,124
2026-07-22T21:17:05Z,-21.7304489,166.1722039,25.0,27082.2,3.840,121,87,124
2026-07-22T21:17:06Z,-21.7304809,166.1722150,25.0,27086.3,3.920,121,87,124
2026-07-22T21:17:07Z,-21.7305140,166.1722469,25.2,27090.6,4.040,121,86,124
2026-07-22T21:17:08Z,-21.7305480,166.1722580,25.2,27094.9,4.140,121,86,124
2026-07-22T21:17:09Z,-21.7305819,166.1722899,25.2,27099.5,4.280,121,86,124
2026-07-22T21:17:10Z,-21.7306160,166.1723110,25.2,27104.2,4.400,121,86,124
2026-07-22T21:17:11Z,-21.7306490,166.1723540,25.0,27109.4,4.620,121,86,124
2026-07-22T21:17:12Z,-21.7306809,166.1723860,24.8,27114.9,4.860,121,86,125
2026-07-22T21:17:13Z,-21.7307219,166.1724290,24.6,27121.0,5.220,121,87,125
2026-07-22T21:17:14Z,-21.7307760,166.1724400,24.4,27127.4,5.580,121,87,124
2026-07-22T21:17:15Z,-21.7308379,166.1724290,24.2,27134.5,6.060,121,87,125
2026-07-22T21:17:16Z,-21.7308750,166.1723650,24.0,27141.6,6.440,121,87,125
2026-07-22T21:17:17Z,-21.7309010,166.1723110,23.8,27149.3,6.880,121,87,125
2026-07-22T21:17:18Z,-21.7309180,166.1722250,23.6,27156.9,7.180,121,87,124
2026-07-22T21:17:19Z,-21.7309330,166.1721500,23.2,27165.2,7.560,121,87,124
2026-07-22T21:17:20Z,-21.7309440,166.1720749,22.8,27173.6,7.820,121,87,125
2026-07-22T21:17:21Z,-21.7309569,166.1719889,22.6,27182.3,8.140,121,87,124
2026-07-22T21:17:22Z,-21.7309740,166.1718930,22.2,27191.7,8.480,121,87,124
2026-07-22T21:17:23Z,-21.7310010,166.1718179,22.0,27201.0,8.820,121,87,124
2026-07-22T21:17:24Z,-21.7310559,166.1717429,21.8,27210.7,9.100,121,87,124
2026-07-22T21:17:25Z,-21.7311330,166.1716999,21.8,27220.1,9.300,121,87,124
2026-07-22T21:17:26Z,-21.7312170,166.1716999,21.4,27229.6,9.460,121,87,125
2026-07-22T21:17:27Z,-21.7313080,166.1716999,21.0,27239.7,9.600,121,88,124
2026-07-22T21:17:28Z,-21.7313979,166.1716999,20.6,27249.7,9.740,121,88,125
2026-07-22T21:17:29Z,-21.7314790,166.1716460,20.4,27260.0,9.860,121,88,124
2026-07-22T21:17:30Z,-21.7314830,166.1715390,20.0,27270.5,10.080,121,89,125
2026-07-22T21:17:31Z,-21.7314530,166.1714530,20.0,27281.1,10.300,121,89,124
2026-07-22T21:17:32Z,-21.7314360,166.1713460,19.8,27291.7,10.400,121,89,125
2026-07-22T21:17:33Z,-21.7314760,166.1712709,19.8,27302.1,10.480,121,90,124
2026-07-22T21:17:34Z,-21.7315650,166.1712279,19.4,27312.8,10.560,121,90,124
2026-07-22T21:17:35Z,-21.7316500,166.1712709,19.2,27323.6,10.620,121,90,125
2026-07-22T21:17:36Z,-21.7316970,166.1713559,19.0,27334.0,10.580,121,90,124
2026-07-22T21:17:37Z,-21.7317270,166.1714530,19.0,27345.0,10.660,121,89,125
2026-07-22T21:17:38Z,-21.7317820,166.1715390,18.8,27355.8,10.740,121,89,125
2026-07-22T21:17:39Z,-21.7318500,166.1716030,18.4,27366.0,10.640,121,88,125
2026-07-22T21:17:40Z,-21.7319240,166.1716780,18.2,27377.0,10.680,122,88,125
2026-07-22T21:17:41Z,-21.7320179,166.1716680,17.8,27387.8,10.760,122,88,125
2026-07-22T21:17:42Z,-21.7320759,166.1715920,17.4,27399.2,10.840,122,88,125
2026-07-22T21:17:43Z,-21.7321080,166.1714849,17.0,27410.3,10.900,122,88,125
2026-07-22T21:17:44Z,-21.7321720,166.1713890,16.6,27422.2,11.240,122,89,125
2026-07-22T21:17:45Z,-21.7322700,166.1713559,16.4,27433.6,11.320,123,90,124
2026-07-22T21:17:46Z,-21.7323600,166.1714210,16.2,27445.0,11.440,123,90,124
2026-07-22T21:17:47Z,-21.7324049,166.1715170,16.0,27456.9,11.540,122,89,125
2026-07-22T21:17:48Z,-21.7324280,166.1716350,15.8,27468.4,11.620,122,89,125
2026-07-22T21:17:49Z,-21.7324789,166.1717100,15.4,27479.6,11.480,121,88,124
2026-07-22T21:17:50Z,-21.7325809,166.1717210,15.2,27491.1,11.500,122,88,125
2026-07-22T21:17:51Z,-21.7326539,166.1716460,14.8,27503.3,11.660,121,88,125
2026-07-22T21:17:52Z,-21.7326870,166.1715390,14.4,27514.9,11.600,121,88,124
2026-07-22T21:17:53Z,-21.7327410,166.1714530,14.2,27526.5,11.620,121,88,125
2026-07-22T21:17:54Z,-21.7328389,166.1714100,14.0,27538.1,11.700,121,88,124
2026-07-22T21:17:55Z,-21.7329379,166.1714530,13.6,27550.2,11.820,121,88,125
2026-07-22T21:17:56Z,-21.7329890,166.1715390,13.4,27561.5,11.640,121,89,125
2026-07-22T21:17:57Z,-21.7330080,166.1716680,13.6,27573.3,11.680,121,88,125
2026-07-22T21:17:58Z,-21.7330210,166.1717749,13.6,27585.2,11.740,120,88,124
2026-07-22T21:17:59Z,-21.7330330,166.1718820,13.8,27595.9,11.560,121,89,125
2026-07-22T21:18:00Z,-21.7330460,166.1719889,14.0,27607.0,11.360,121,89,124
2026-07-22T21:18:01Z,-21.7330600,166.1720749,14.2,27617.3,11.160,122,88,124
2026-07-22T21:18:02Z,-21.7330829,166.1721830,14.4,27627.4,10.820,121,88,125
2026-07-22T21:18:03Z,-21.7331139,166.1722790,14.6,27637.5,10.460,121,88,125
2026-07-22T21:18:04Z,-21.7331699,166.1723329,15.0,27646.9,10.200,121,88,124
2026-07-22T21:18:05Z,-21.7332460,166.1723540,15.4,27655.6,9.720,120,88,125
2026-07-22T21:18:06Z,-21.7333240,166.1723329,15.8,27664.4,9.420,120,88,125
2026-07-22T21:18:07Z,-21.7333940,166.1723220,16.0,27672.1,8.940,120,88,124
2026-07-22T21:18:08Z,-21.7334640,166.1723110,16.2,27680.1,8.520,121,88,125
2026-07-22T21:18:09Z,-21.7335320,166.1723110,16.4,27687.9,8.200,122,88,124
2026-07-22T21:18:10Z,-21.7335900,166.1723329,16.6,27694.9,7.860,122,88,124
2026-07-22T21:18:11Z,-21.7336340,166.1723860,17.0,27702.1,7.540,121,88,124
2026-07-22T21:18:12Z,-21.7336579,166.1724400,17.0,27708.8,7.340,122,88,125
2026-07-22T21:18:13Z,-21.7336770,166.1725039,17.2,27715.5,7.080,122,88,125
2026-07-22T21:18:14Z,-21.7336970,166.1725690,17.4,27722.2,6.860,122,88,124
2026-07-22T21:18:15Z,-21.7337260,166.1726120,17.4,27728.3,6.680,122,87,124
2026-07-22T21:18:16Z,-21.7337729,166.1726550,17.4,27735.1,6.600,122,87,124
2026-07-22T21:18:17Z,-21.7338279,166.1726759,17.6,27741.5,6.540,122,88,125
2026-07-22T21:18:18Z,-21.7338859,166.1726550,17.8,27748.0,6.500,122,88,125
2026-07-22T21:18:19Z,-21.7339250,166.1726219,18.2,27753.8,6.320,122,88,125
2026-07-22T21:18:20Z,-21.7339459,166.1725799,18.4,27759.3,6.200,122,87,124
2026-07-22T21:18:21Z,-21.7339599,166.1725150,18.6,27764.9,5.960,122,87,125
2026-07-22T21:18:22Z,-21.7339729,166.1724720,18.6,27770.2,5.740,122,87,124
2026-07-22T21:18:23Z,-21.7339950,166.1724290,18.8,27775.1,5.420,122,87,124
2026-07-22T21:18:24Z,-21.7340280,166.1723970,19.0,27780.2,5.280,122,86,124
2026-07-22T21:18:25Z,-21.7340720,166.1723860,19.0,27785.5,5.240,122,86,124
2026-07-22T21:18:26Z,-21.7341179,166.1723860,19.0,27790.6,5.140,122,86,124
2026-07-22T21:18:27Z,-21.7341599,166.1723970,19.2,27795.5,5.060,122,86,124
2026-07-22T21:18:28Z,-21.7341940,166.1724290,19.4,27800.5,5.080,122,87,124
2026-07-22T21:18:29Z,-21.7342230,166.1724619,19.6,27805.5,5.060,122,86,124
2026-07-22T21:18:30Z,-21.7342449,166.1725039,19.8,27810.4,4.980,122,86,124
2026-07-22T21:18:31Z,-21.7342670,166.1725469,20.0,27815.0,4.880,121,86,124
2026-07-22T21:18:32Z,-21.7342840,166.1725799,20.0,27819.3,4.760,121,86,125
2026-07-22T21:18:33Z,-21.7343020,166.1726120,20.2,27823.5,4.600,121,86,125
2026-07-22T21:18:34Z,-21.7343179,166.1726550,20.4,27827.8,4.460,121,86,124
2026-07-22T21:18:35Z,-21.7343339,166.1726870,20.6,27831.8,4.280,121,86,124
2026-07-22T21:18:36Z,-21.7343509,166.1727300,20.6,27835.9,4.180,120,86,125
2026-07-22T21:18:37Z,-21.7343660,166.1727619,20.8,27839.8,4.100,120,86,125
2026-07-22T21:18:38Z,-21.7343840,166.1727939,21.0,27843.7,4.040,120,86,125
2026-07-22T21:18:39Z,-21.7344010,166.1728260,21.0,27847.5,3.940,121,86,125
2026-07-22T21:18:40Z,-21.7344209,166.1728580,21.2,27851.2,3.880,120,86,125
2026-07-22T21:18:41Z,-21.7344469,166.1728690,21.4,27855.1,3.840,121,85,125
2026-07-22T21:18:42Z,-21.7344730,166.1729010,21.4,27858.7,3.780,121,85,125
2026-07-22T21:18:43Z,-21.7345020,166.1729120,21.6,27862.4,3.740,120,86,125
2026-07-22T21:18:44Z,-21.7345339,166.1729120,21.8,27866.1,3.720,121,87,124
2026-07-22T21:18:45Z,-21.7345690,166.1729120,21.8,27869.7,3.700,121,88,125
2026-07-22T21:18:46Z,-21.7346010,166.1729120,22.0,27873.5,3.680,121,89,124
2026-07-22T21:18:47Z,-21.7346330,166.1729010,22.0,27877.2,3.700,121,90,125
2026-07-22T21:18:48Z,-21.7346610,166.1728910,22.2,27880.7,3.660,122,90,125
2026-07-22T21:18:49Z,-21.7346880,166.1728690,22.4,27884.3,3.640,122,91,124
2026-07-22T21:18:50Z,-21.7347170,166.1728580,22.6,27888.0,3.660,123,92,125
2026-07-22T21:18:51Z,-21.7347400,166.1728260,22.6,27891.3,3.560,123,93,125
2026-07-22T21:18:52Z,-21.7347669,166.1728049,22.8,27894.9,3.540,123,93,124
2026-07-22T21:18:53Z,-21.7347900,166.1727939,22.8,27898.2,3.500,124,93,124
2026-07-22T21:18:54Z,-21.7348140,166.1727619,23.0,27901.7,3.480,125,93,125
2026-07-22T21:18:55Z,-21.7348359,166.1727509,23.2,27905.0,3.400,125,93,125
2026-07-22T21:18:56Z,-21.7348600,166.1727189,23.2,27908.4,3.420,125,93,125
2026-07-22T21:18:57Z,-21.7348819,166.1727079,23.4,27911.8,3.380,126,92,124
2026-07-22T21:18:58Z,-21.7349050,166.1726870,23.6,27915.1,3.380,126,92,125
2026-07-22T21:18:59Z,-21.7349310,166.1726550,23.6,27918.4,3.340,126,92,124
2026-07-22T21:19:00Z,-21.7349539,166.1726440,23.8,27921.8,3.360,126,91,124
2026-07-22T21:19:01Z,-21.7349799,166.1726219,23.8,27925.3,3.380,126,91,125
2026-07-22T21:19:02Z,-21.7350070,166.1726120,24.0,27928.8,3.400,125,91,125
2026-07-22T21:19:03Z,-21.7350340,166.1725799,24.0,27932.5,3.480,124,91,124
2026-07-22T21:19:04Z,-21.7350610,166.1725690,24.2,27936.1,3.540,123,91,124
2026-07-22T21:19:05Z,-21.7350880,166.1725469,24.2,27939.7,3.580,123,91,125
2026-07-22T21:19:06Z,-21.7351170,166.1725150,24.2,27943.6,3.660,123,91,125
2026-07-22T21:19:07Z,-21.7351440,166.1725039,24.4,27947.3,3.700,122,91,125
2026-07-22T21:19:08Z,-21.7351750,166.1724939,24.4,27951.3,3.760,121,91,125
2026-07-22T21:19:09Z,-21.7352070,166.1724619,24.6,27955.4,3.860,121,91,124
2026-07-22T21:19:10Z,-21.7352379,166.1724400,24.6,27959.5,3.960,121,91,125
2026-07-22T21:19:11Z,-21.7352709,166.1724290,24.6,27963.8,4.040,121,91,124
2026-07-22T21:19:12Z,-21.7353080,166.1723970,24.6,27968.3,4.200,122,91,125
2026-07-22T21:19:13Z,-21.7353500,166.1723970,24.4,27973.2,4.380,121,91,124
2026-07-22T21:19:14Z,-21.7353969,166.1723860,24.4,27978.4,4.600,121,91,125
2026-07-22T21:19:15Z,-21.7354470,166.1723970,24.2,27984.0,4.900,122,91,125
2026-07-22T21:19:16Z,-21.7354950,166.1724290,24.2,27990.0,5.240,122,91,124
2026-07-22T21:19:17Z,-21.7355289,166.1724720,24.0,27996.0,5.540,123,91,125
2026-07-22T21:19:18Z,-21.7355500,166.1725369,23.8,28002.7,5.900,122,91,124
2026-07-22T21:19:19Z,-21.7355530,166.1726010,23.8,28009.6,6.240,123,91,124
2026-07-22T21:19:20Z,-21.7355460,166.1726550,23.6,28016.4,6.480,123,90,124
2026-07-22T21:19:21Z,-21.7355370,166.1727300,23.6,28023.7,6.740,122,90,124
2026-07-22T21:19:22Z,-21.7355279,166.1727939,23.4,28031.2,7.040,121,90,125
2026-07-22T21:19:23Z,-21.7355180,166.1728690,23.2,28038.7,7.200,121,90,124
2026-07-22T21:19:24Z,-21.7355060,166.1729440,23.2,28046.6,7.400,122,90,125
2026-07-22T21:19:25Z,-21.7354930,166.1730190,23.0,28054.5,7.620,122,91,125
2026-07-22T21:19:26Z,-21.7354900,166.1730949,22.8,28062.6,7.780,122,91,125
2026-07-22T21:19:27Z,-21.7355220,166.1731799,22.6,28071.0,7.960,122,91,125
2026-07-22T21:19:28Z,-21.7355869,166.1732229,22.4,28079.5,8.160,121,91,125
2026-07-22T21:19:29Z,-21.7356630,166.1732340,22.2,28088.3,8.340,122,91,125
2026-07-22T21:19:30Z,-21.7357429,166.1732549,22.0,28097.3,8.560,122,90,124
2026-07-22T21:19:31Z,-21.7358200,166.1732979,21.8,28106.7,8.820,121,90,124
2026-07-22T21:19:32Z,-21.7358670,166.1733630,21.6,28115.9,8.980,122,90,124
2026-07-22T21:19:33Z,-21.7358899,166.1734490,21.4,28125.0,9.100,121,90,124
2026-07-22T21:19:34Z,-21.7359029,166.1735450,21.2,28134.8,9.300,121,90,124
2026-07-22T21:19:35Z,-21.7359120,166.1736310,21.0,28144.3,9.400,121,90,124
2026-07-22T21:19:36Z,-21.7359240,166.1737279,20.8,28154.1,9.480,121,90,124
2026-07-22T21:19:37Z,-21.7359380,166.1738129,20.6,28163.9,9.600,122,91,124
2026-07-22T21:19:38Z,-21.7359830,166.1738879,20.2,28174.0,9.800,121,90,125
2026-07-22T21:19:39Z,-21.7360710,166.1738780,20.2,28184.0,9.840,121,90,125
2026-07-22T21:19:40Z,-21.7361500,166.1738350,20.0,28194.2,9.980,121,91,125
2026-07-22T21:19:41Z,-21.7362240,166.1737699,20.0,28204.4,10.060,121,91,125
2026-07-22T21:19:42Z,-21.7363000,166.1737279,20.0,28214.2,10.060,121,91,125
2026-07-22T21:19:43Z,-21.7363870,166.1737060,20.0,28224.1,10.020,121,91,125
2026-07-22T21:19:44Z,-21.7364730,166.1737380,19.8,28234.4,10.080,121,91,124
2026-07-22T21:19:45Z,-21.7365290,166.1738129,19.4,28244.2,10.000,122,92,124
2026-07-22T21:19:46Z,-21.7365590,166.1739100,19.2,28254.5,10.020,122,92,124
2026-07-22T21:19:47Z,-21.7365720,166.1739960,19.0,28264.9,10.140,122,92,124
2026-07-22T21:19:48Z,-21.7365799,166.1741029,18.8,28275.1,10.200,122,92,124
2026-07-22T21:19:49Z,-21.7365860,166.1741999,18.6,28285.3,10.180,123,92,124
2026-07-22T21:19:50Z,-21.7365939,166.1743070,18.4,28296.0,10.360,123,92,125
2026-07-22T21:19:51Z,-21.7366020,166.1744140,18.2,28306.5,10.400,122,92,125
2026-07-22T21:19:52Z,-21.7366079,166.1745000,18.0,28317.3,10.480,122,92,125
2026-07-22T21:19:53Z,-21.7366160,166.1746069,17.8,28327.6,10.500,122,92,125
2026-07-22T21:19:54Z,-21.7366250,166.1747150,17.6,28338.5,10.640,122,92,125
2026-07-22T21:19:55Z,-21.7366339,166.1748219,17.2,28349.2,10.640,122,0,0
2026-07-22T21:19:56Z,-21.7366420,166.1749180,17.0,28359.7,10.640,123,0,0
2026-07-22T21:19:57Z,-21.7366489,166.1750260,16.8,28370.3,10.600,124,0,0
2026-07-22T21:19:58Z,-21.7366550,166.1751120,16.6,28380.8,10.640,124,0,0
2026-07-22T21:19:59Z,-21.7366619,166.1752190,16.4,28391.2,10.540,124,0,0
2026-07-22T21:20:00Z,-21.7366700,166.1753259,16.2,28401.8,10.520,124,0,0
2026-07-22T21:20:01Z,-21.7366779,166.1754229,16.0,28411.9,10.440,124,0,0
2026-07-22T21:20:02Z,-21.7366840,166.1755300,15.8,28422.3,10.400,124,0,0
2026-07-22T21:20:03Z,-21.7366919,166.1756160,15.6,28432.5,10.340,124,0,0
2026-07-22T21:20:04Z,-21.7366980,166.1757230,15.4,28442.7,10.300,124,0,0
2026-07-22T21:20:05Z,-21.7367250,166.1758200,15.2,28452.8,10.200,124,0,0
2026-07-22T21:20:06Z,-21.7367710,166.1758950,14.8,28462.9,10.200,123,0,0
2026-07-22T21:20:07Z,-21.7368280,166.1759699,14.6,28473.0,10.140,123,0,0
2026-07-22T21:20:08Z,-21.7368929,166.1760449,14.4,28483.1,10.120,123,97,22
2026-07-22T21:20:09Z,-21.7369639,166.1761090,14.2,28493.3,10.120,122,67,226
2026-07-22T21:20:10Z,-21.7370349,166.1761630,14.0,28503.9,10.220,122,86,283
2026-07-22T21:20:11Z,-21.7371050,166.1762380,13.8,28514.4,10.300,122,91,199
2026-07-22T21:20:12Z,-21.7371760,166.1763019,13.6,28524.9,10.380,122,91,156
2026-07-22T21:20:13Z,-21.7372450,166.1763780,13.4,28535.3,10.440,122,93,145
2026-07-22T21:20:14Z,-21.7373190,166.1764420,13.4,28546.1,10.560,121,95,130
2026-07-22T21:20:15Z,-21.7373930,166.1765169,13.2,28557.0,10.620,122,96,131
2026-07-22T21:20:16Z,-21.7374650,166.1765810,13.0,28567.8,10.680,122,96,133
2026-07-22T21:20:17Z,-21.7375360,166.1766560,13.0,28578.3,10.680,122,96,129
2026-07-22T21:20:18Z,-21.7376050,166.1767209,13.0,28588.6,10.660,123,96,140
2026-07-22T21:20:19Z,-21.7376770,166.1767960,13.0,28599.5,10.680,123,95,175
2026-07-22T21:20:20Z,-21.7377460,166.1768499,13.0,28609.8,10.560,123,96,196
2026-07-22T21:20:21Z,-21.7378139,166.1769140,13.0,28619.9,10.420,123,98,175
2026-07-22T21:20:22Z,-21.7378820,166.1769890,13.0,28630.0,10.340,123,99,179
2026-07-22T21:20:23Z,-21.7379540,166.1770529,13.0,28640.2,10.320,123,102,154
2026-07-22T21:20:24Z,-21.7380390,166.1770860,13.0,28650.3,10.160,124,101,138
2026-07-22T21:20:25Z,-21.7381289,166.1770959,13.0,28660.3,10.100,123,101,158
2026-07-22T21:20:26Z,-21.7382140,166.1770639,13.0,28670.3,10.080,124,102,157
2026-07-22T21:20:27Z,-21.7382780,166.1770110,13.0,28680.0,10.000,124,102,162
2026-07-22T21:20:28Z,-21.7383250,166.1769140,13.0,28689.9,9.940,124,102,228
2026-07-22T21:20:29Z,-21.7383599,166.1768390,13.0,28699.5,9.840,124,102,197
2026-07-22T21:20:30Z,-21.7383960,166.1767420,13.0,28709.4,9.820,124,96,312
2026-07-22T21:20:31Z,-21.7384380,166.1766560,13.0,28719.4,9.820,124,94,353
2026-07-22T21:20:32Z,-21.7384769,166.1765599,13.0,28729.6,9.920,125,95,253
2026-07-22T21:20:33Z,-21.7385100,166.1764739,13.0,28739.8,9.980,126,96,228
2026-07-22T21:20:34Z,-21.7385440,166.1763990,13.0,28749.6,10.020,126,97,210
2026-07-22T21:20:35Z,-21.7385769,166.1763019,13.0,28759.7,10.060,126,97,181
2026-07-22T21:20:36Z,-21.7386090,166.1762169,13.0,28769.6,10.040,127,98,214
2026-07-22T21:20:37Z,-21.7386430,166.1761200,13.0,28779.8,10.040,127,98,239
2026-07-22T21:20:38Z,-21.7386759,166.1760340,13.0,28789.6,9.960,127,97,239
2026-07-22T21:20:39Z,-21.7387110,166.1759380,13.0,28799.8,10.040,128,95,239
2026-07-22T21:20:40Z,-21.7387479,166.1758409,13.0,28810.1,10.080,128,94,239
2026-07-22T21:20:41Z,-21.7387799,166.1757549,13.0,28820.3,10.140,130,93,239
2026-07-22T21:20:42Z,-21.7388120,166.1756590,13.0,28830.5,10.140,130,92,239
2026-07-22T21:20:43Z,-21.7388400,166.1755730,13.0,28840.0,10.080,130,91,239
2026-07-22T21:20:44Z,-21.7388669,166.1754760,13.0,28850.2,10.080,131,90,239
2026-07-22T21:20:45Z,-21.7388830,166.1753900,13.0,28860.4,10.060,131,89,239
2026-07-22T21:20:46Z,-21.7388840,166.1752829,13.0,28870.5,10.040,131,89,239
2026-07-22T21:20:47Z,-21.7388639,166.1751870,13.0,28880.6,10.020,132,89,240
2026-07-22T21:20:48Z,-21.7388170,166.1751010,13.0,28891.2,10.240,132,89,241
2026-07-22T21:20:49Z,-21.7387609,166.1750260,13.0,28901.4,10.240,132,90,240
2026-07-22T21:20:50Z,-21.7386990,166.1749610,13.0,28911.5,10.220,133,89,239
2026-07-22T21:20:51Z,-21.7386400,166.1748860,13.0,28921.3,10.160,133,88,239
2026-07-22T21:20:52Z,-21.7385759,166.1748110,13.0,28931.7,10.220,133,87,239
2026-07-22T21:20:53Z,-21.7385100,166.1747359,13.0,28942.2,10.200,134,85,239
2026-07-22T21:20:54Z,-21.7384499,166.1746720,13.0,28951.9,10.100,134,84,239
2026-07-22T21:20:55Z,-21.7383850,166.1745970,13.0,28962.2,10.140,134,83,239
2026-07-22T21:20:56Z,-21.7383199,166.1745319,13.0,28972.3,10.200,134,83,240
2026-07-22T21:20:57Z,-21.7382570,166.1744570,13.0,28982.4,10.140,135,83,239
2026-07-22T21:20:58Z,-21.7381899,166.1743820,13.0,28993.0,10.160,135,83,239
2026-07-22T21:20:59Z,-21.7381279,166.1743179,13.0,29003.1,10.240,135,83,240
2026-07-22T21:21:00Z,-21.7380620,166.1742420,13.0,29013.7,10.300,135,84,239
2026-07-22T21:21:01Z,-21.7379989,166.1741670,13.0,29023.7,10.280,136,83,239
2026-07-22T21:21:02Z,-21.7379390,166.1741029,13.0,29033.7,10.260,137,82,240
2026-07-22T21:21:03Z,-21.7378729,166.1740279,13.0,29044.1,10.220,136,82,239
2026-07-22T21:21:04Z,-21.7378129,166.1739530,13.0,29054.1,10.200,137,83,239
2026-07-22T21:21:05Z,-21.7377510,166.1738780,13.0,29064.5,10.160,137,83,240
2026-07-22T21:21:06Z,-21.7376960,166.1738029,13.0,29075.1,10.280,137,83,239
2026-07-22T21:21:07Z,-21.7376589,166.1737060,13.0,29085.3,10.320,138,83,239
2026-07-22T21:21:08Z,-21.7376380,166.1735989,13.0,29095.5,10.280,140,83,239
2026-07-22T21:21:09Z,-21.7376409,166.1735129,13.0,29105.3,10.240,139,83,240
2026-07-22T21:21:10Z,-21.7376600,166.1734160,13.0,29115.5,10.200,139,84,240
2026-07-22T21:21:11Z,-21.7376950,166.1733310,13.0,29125.9,10.160,140,83,240
2026-07-22T21:21:12Z,-21.7377380,166.1732340,13.0,29136.1,10.160,141,83,239
2026-07-22T21:21:13Z,-21.7377900,166.1731590,13.0,29146.6,10.220,140,83,239
2026-07-22T21:21:14Z,-21.7378459,166.1730730,13.0,29157.2,10.380,141,82,239
2026-07-22T21:21:15Z,-21.7378999,166.1729980,13.0,29166.9,10.280,141,81,239
2026-07-22T21:21:16Z,-21.7379579,166.1729120,13.0,29177.3,10.280,141,81,239
2026-07-22T21:21:17Z,-21.7380129,166.1728369,13.0,29187.4,10.260,141,81,240
2026-07-22T21:21:18Z,-21.7380700,166.1727619,13.0,29198.2,10.320,142,82,240
2026-07-22T21:21:19Z,-21.7381210,166.1726759,13.0,29208.1,10.180,142,84,240
2026-07-22T21:21:20Z,-21.7381780,166.1726010,13.0,29218.5,10.320,142,84,239
2026-07-22T21:21:21Z,-21.7382329,166.1725150,13.0,29229.1,10.360,142,84,239
2026-07-22T21:21:22Z,-21.7382830,166.1724400,13.0,29238.9,10.300,142,84,240
2026-07-22T21:21:23Z,-21.7383380,166.1723540,13.0,29249.5,10.260,142,84,238
2026-07-22T21:21:24Z,-21.7383950,166.1722790,13.0,29259.7,10.320,142,84,239
2026-07-22T21:21:25Z,-21.7384469,166.1722039,13.0,29270.0,10.300,142,82,239
2026-07-22T21:21:26Z,-21.7385029,166.1721070,13.0,29280.4,10.260,143,82,238
2026-07-22T21:21:27Z,-21.7385580,166.1720319,13.0,29290.6,10.340,142,81,238
2026-07-22T21:21:28Z,-21.7386130,166.1719569,13.0,29301.1,10.320,142,80,239
2026-07-22T21:21:29Z,-21.7386680,166.1718820,13.0,29311.4,10.340,143,79,241
2026-07-22T21:21:30Z,-21.7387290,166.1717859,13.0,29321.9,10.380,142,80,241
2026-07-22T21:21:31Z,-21.7387840,166.1717100,13.0,29332.4,10.400,143,81,240
2026-07-22T21:21:32Z,-21.7388369,166.1716250,13.0,29342.9,10.460,143,83,239
2026-07-22T21:21:33Z,-21.7388919,166.1715390,13.0,29353.4,10.460,143,83,239
2026-07-22T21:21:34Z,-21.7389430,166.1714530,13.0,29363.8,10.480,143,82,239
2026-07-22T21:21:35Z,-21.7389980,166.1713780,13.0,29374.9,10.600,143,81,239
2026-07-22T21:21:36Z,-21.7390430,166.1712809,13.0,29384.8,10.480,143,80,239
2026-07-22T21:21:37Z,-21.7390870,166.1711959,13.0,29395.3,10.480,144,79,240
2026-07-22T21:21:38Z,-21.7391280,166.1710989,13.0,29406.1,10.540,144,80,241
2026-07-22T21:21:39Z,-21.7391649,166.1710129,13.0,29416.6,10.560,143,81,241
2026-07-22T21:21:40Z,-21.7391990,166.1709170,13.0,29426.6,10.340,144,83,240
2026-07-22T21:21:41Z,-21.7392320,166.1708310,13.0,29437.0,10.440,144,84,239
2026-07-22T21:21:42Z,-21.7392669,166.1707340,13.0,29447.7,10.480,144,83,239
2026-07-22T21:21:43Z,-21.7392959,166.1706270,13.0,29457.8,10.340,144,83,240
2026-07-22T21:21:44Z,-21.7393269,166.1705410,13.0,29468.5,10.380,144,84,240
2026-07-22T21:21:45Z,-21.7393519,166.1704440,13.0,29478.7,10.420,144,85,240
2026-07-22T21:21:46Z,-21.7393710,166.1703369,13.0,29489.1,10.420,145,86,239
2026-07-22T21:21:47Z,-21.7393890,166.1702510,13.0,29499.7,10.400,144,85,239
2026-07-22T21:21:48Z,-21.7394030,166.1701550,13.0,29509.6,10.360,145,84,239
2026-07-22T21:21:49Z,-21.7394170,166.1700479,13.0,29520.3,10.360,144,83,239
2026-07-22T21:21:50Z,-21.7394269,166.1699400,13.0,29530.6,10.380,144,83,240
2026-07-22T21:21:51Z,-21.7394350,166.1698540,13.0,29540.8,10.340,145,83,239
2026-07-22T21:21:52Z,-21.7394440,166.1697469,13.0,29551.1,10.280,145,83,240
2026-07-22T21:21:53Z,-21.7394480,166.1696510,13.0,29561.4,10.360,145,83,240
2026-07-22T21:21:54Z,-21.7394519,166.1695429,13.0,29572.1,10.360,145,84,241
2026-07-22T21:21:55Z,-21.7394539,166.1694569,13.0,29582.4,10.360,145,85,240
2026-07-22T21:21:56Z,-21.7394570,166.1693500,13.0,29592.7,10.380,145,87,240
2026-07-22T21:21:57Z,-21.7394580,166.1692539,13.0,29603.1,10.400,145,87,239
2026-07-22T21:21:58Z,-21.7394610,166.1691460,13.0,29613.3,10.380,145,87,239
2026-07-22T21:21:59Z,-21.7394620,166.1690600,13.0,29623.8,10.340,145,86,239
2026-07-22T21:22:00Z,-21.7394620,166.1689529,13.0,29633.9,10.300,145,85,239
2026-07-22T21:22:01Z,-21.7394620,166.1688570,13.0,29644.0,10.260,145,86,240
2026-07-22T21:22:02Z,-21.7394620,166.1687490,13.0,29654.5,10.280,146,86,239
2026-07-22T21:22:03Z,-21.7394620,166.1686639,13.0,29664.8,10.300,146,85,240
2026-07-22T21:22:04Z,-21.7394620,166.1685560,13.0,29675.0,10.240,146,85,240
2026-07-22T21:22:05Z,-21.7394610,166.1684600,13.0,29685.4,10.300,146,85,240
2026-07-22T21:22:06Z,-21.7394570,166.1683519,13.0,29695.9,10.380,146,85,240
2026-07-22T21:22:07Z,-21.7394490,166.1682450,13.0,29706.0,10.300,146,86,240
2026-07-22T21:22:08Z,-21.7394350,166.1681590,13.0,29716.5,10.340,146,87,240
2026-07-22T21:22:09Z,-21.7394129,166.1680629,13.0,29726.8,10.360,147,87,239
2026-07-22T21:22:10Z,-21.7393850,166.1679550,13.0,29737.2,10.360,147,87,239
2026-07-22T21:22:11Z,-21.7393580,166.1678700,13.0,29747.6,10.340,147,87,240
2026-07-22T21:22:12Z,-21.7393300,166.1677729,13.0,29758.0,10.400,147,87,240
2026-07-22T21:22:13Z,-21.7392949,166.1676869,13.0,29768.3,10.360,147,87,239
2026-07-22T21:22:14Z,-21.7392560,166.1675910,13.0,29778.7,10.380,148,86,239
2026-07-22T21:22:15Z,-21.7392170,166.1675050,13.0,29789.2,10.400,148,86,239
2026-07-22T21:22:16Z,-21.7391779,166.1674080,13.0,29799.5,10.380,148,86,241
2026-07-22T21:22:17Z,-21.7391379,166.1673119,13.0,29809.9,10.380,148,87,240
2026-07-22T21:22:18Z,-21.7391000,166.1672259,13.0,29820.2,10.380,149,91,241
2026-07-22T21:22:19Z,-21.7390600,166.1671289,13.0,29830.6,10.380,149,92,240
2026-07-22T21:22:20Z,-21.7390199,166.1670429,13.0,29840.9,10.340,149,92,239
2026-07-22T21:22:21Z,-21.7389750,166.1669470,13.0,29851.3,10.360,149,91,239
2026-07-22T21:22:22Z,-21.7389330,166.1668610,13.0,29861.6,10.340,149,91,239
2026-07-22T21:22:23Z,-21.7388830,166.1667860,13.0,29872.0,10.360,148,90,239
2026-07-22T21:22:24Z,-21.7388290,166.1666890,13.0,29882.3,10.340,149,90,240
2026-07-22T21:22:25Z,-21.7387700,166.1666140,13.0,29892.4,10.300,149,90,239
2026-07-22T21:22:26Z,-21.7387020,166.1665499,13.0,29902.8,10.300,149,90,239
2026-07-22T21:22:27Z,-21.7386290,166.1664959,13.0,29913.1,10.300,149,89,239
2026-07-22T21:22:28Z,-21.7385530,166.1664320,13.0,29923.4,10.280,149,88,240
2026-07-22T21:22:29Z,-21.7384739,166.1663890,13.0,29933.9,10.320,149,89,240
2026-07-22T21:22:30Z,-21.7383960,166.1663250,13.0,29944.0,10.320,149,90,240
2026-07-22T21:22:31Z,-21.7383179,166.1662820,13.0,29954.3,10.300,149,91,241
2026-07-22T21:22:32Z,-21.7382459,166.1662069,13.0,29964.7,10.320,149,91,240
2026-07-22T21:22:33Z,-21.7381830,166.1661420,13.0,29974.9,10.300,149,89,239
2026-07-22T21:22:34Z,-21.7381289,166.1660459,13.0,29985.2,10.260,149,90,240
2026-07-22T21:22:35Z,-21.7380889,166.1659599,13.0,29995.6,10.320,150,90,240
2026-07-22T21:22:36Z,-21.7380700,166.1658629,13.0,30006.0,10.340,149,90,240
2026-07-22T21:22:37Z,-21.7380579,166.1657560,13.0,30016.3,10.320,149,90,239
2026-07-22T21:22:38Z,-21.7380530,166.1656700,13.0,30026.6,10.340,150,90,239
2026-07-22T21:22:39Z,-21.7380469,166.1655739,13.0,30036.7,10.300,150,88,239
2026-07-22T21:22:40Z,-21.7380449,166.1654660,13.0,30047.0,10.280,149,88,240
2026-07-22T21:22:41Z,-21.7380449,166.1653589,13.0,30057.6,10.320,150,87,239
2026-07-22T21:22:42Z,-21.7380469,166.1652729,13.0,30067.7,10.280,150,87,240
2026-07-22T21:22:43Z,-21.7380490,166.1651660,13.0,30078.2,10.320,150,87,239
2026-07-22T21:22:44Z,-21.7380510,166.1650689,13.0,30088.4,10.340,151,87,240
2026-07-22T21:22:45Z,-21.7380530,166.1649620,13.0,30098.8,10.360,151,87,239
2026-07-22T21:22:46Z,-21.7380540,166.1648760,13.0,30108.9,10.260,150,87,239
2026-07-22T21:22:47Z,-21.7380510,166.1647689,13.0,30119.1,10.280,151,87,240
2026-07-22T21:22:48Z,-21.7380449,166.1646720,13.0,30129.5,10.260,151,87,240
2026-07-22T21:22:49Z,-21.7380340,166.1645649,13.0,30139.9,10.300,151,88,240
2026-07-22T21:22:50Z,-21.7380179,166.1644789,13.0,30150.2,10.280,150,89,240
2026-07-22T21:22:51Z,-21.7380060,166.1643720,13.0,30160.4,10.300,150,89,239
2026-07-22T21:22:52Z,-21.7380019,166.1642750,13.0,30170.6,10.300,151,88,240
2026-07-22T21:22:53Z,-21.7380070,166.1641680,13.0,30181.1,10.320,151,88,240
2026-07-22T21:22:54Z,-21.7380090,166.1640820,13.0,30191.2,10.260,151,88,239
2026-07-22T21:22:55Z,-21.7380060,166.1639749,13.0,30201.7,10.300,151,88,240
2026-07-22T21:22:56Z,-21.7379989,166.1638779,13.0,30211.7,10.260,151,88,240
2026-07-22T21:22:57Z,-21.7379950,166.1637929,13.0,30221.9,10.260,151,89,239
2026-07-22T21:22:58Z,-21.7379989,166.1636850,13.0,30232.4,10.260,151,89,239
2026-07-22T21:22:59Z,-21.7380070,166.1635779,13.0,30242.7,10.300,151,90,240
2026-07-22T21:23:00Z,-21.7380220,166.1634810,13.0,30253.1,10.280,151,89,239
2026-07-22T21:23:01Z,-21.7380490,166.1633960,13.0,30263.4,10.340,151,89,239
2026-07-22T21:23:02Z,-21.7380840,166.1632990,13.0,30273.7,10.360,151,88,239
2026-07-22T21:23:03Z,-21.7381279,166.1632129,13.0,30283.9,10.300,151,88,240
2026-07-22T21:23:04Z,-21.7381800,166.1631169,13.0,30294.3,10.320,151,89,239
2026-07-22T21:23:05Z,-21.7382390,166.1630630,13.0,30304.6,10.300,151,89,240
2026-07-22T21:23:06Z,-21.7383049,166.1629879,13.0,30314.6,10.240,151,88,239
2026-07-22T21:23:07Z,-21.7383790,166.1629240,13.0,30325.2,10.300,151,88,240
2026-07-22T21:23:08Z,-21.7384510,166.1628589,13.0,30335.4,10.300,151,89,240
2026-07-22T21:23:09Z,-21.7385220,166.1627950,13.0,30345.7,10.280,151,89,240
2026-07-22T21:23:10Z,-21.7385909,166.1627200,13.0,30356.0,10.280,152,90,239
2026-07-22T21:23:11Z,-21.7386590,166.1626660,13.0,30366.3,10.340,151,90,239
2026-07-22T21:23:12Z,-21.7387290,166.1625910,13.0,30376.6,10.280,151,89,239
2026-07-22T21:23:13Z,-21.7387939,166.1625269,13.0,30386.9,10.300,151,88,239
2026-07-22T21:23:14Z,-21.7388639,166.1624620,13.0,30397.2,10.300,152,88,240
2026-07-22T21:23:15Z,-21.7389330,166.1623870,13.0,30407.5,10.300,150,90,241
2026-07-22T21:23:16Z,-21.7390020,166.1623229,13.0,30417.8,10.300,151,91,240
2026-07-22T21:23:17Z,-21.7390750,166.1622689,13.0,30428.2,10.320,151,92,239
2026-07-22T21:23:18Z,-21.7391460,166.1622050,13.0,30438.4,10.300,151,92,239
2026-07-22T21:23:19Z,-21.7392180,166.1621400,13.0,30448.7,10.300,151,91,239
2026-07-22T21:23:20Z,-21.7392910,166.1620649,13.0,30459.0,10.300,151,91,239
2026-07-22T21:23:21Z,-21.7393630,166.1620120,13.0,30469.3,10.300,151,91,240
2026-07-22T21:23:22Z,-21.7394340,166.1619470,13.0,30479.5,10.260,151,91,239
2026-07-22T21:23:23Z,-21.7395030,166.1618830,13.0,30489.8,10.280,151,91,240
2026-07-22T21:23:24Z,-21.7395659,166.1618079,13.0,30500.1,10.280,150,92,240
2026-07-22T21:23:25Z,-21.7396249,166.1617329,13.0,30510.4,10.280,152,92,239
2026-07-22T21:23:26Z,-21.7396880,166.1616580,13.0,30520.7,10.280,151,92,239
2026-07-22T21:23:27Z,-21.7397559,166.1615929,13.0,30531.0,10.300,151,93,239
2026-07-22T21:23:28Z,-21.7398269,166.1615290,13.0,30541.3,10.300,151,91,239
2026-07-22T21:23:29Z,-21.7398869,166.1614540,13.0,30551.6,10.300,150,90,239
2026-07-22T21:23:30Z,-21.7399399,166.1613680,13.0,30561.9,10.300,151,91,240
2026-07-22T21:23:31Z,-21.7399910,166.1612930,13.0,30572.2,10.300,151,91,240
2026-07-22T21:23:32Z,-21.7400400,166.1611960,13.0,30582.5,10.300,150,91,240
2026-07-22T21:23:33Z,-21.7400910,166.1611210,13.0,30592.6,10.260,150,91,240
2026-07-22T21:23:34Z,-21.7401480,166.1610459,13.0,30602.9,10.260,151,91,240
2026-07-22T21:23:35Z,-21.7402070,166.1609709,13.0,30613.2,10.260,150,91,240
2026-07-22T21:23:36Z,-21.7402670,166.1608960,13.0,30623.3,10.220,150,90,239
2026-07-22T21:23:37Z,-21.7403390,166.1608309,13.0,30633.7,10.240,150,90,239
2026-07-22T21:23:38Z,-21.7404199,166.1607670,13.0,30643.9,10.260,150,90,240
2026-07-22T21:23:39Z,-21.7405000,166.1607240,13.0,30654.3,10.280,150,90,239
2026-07-22T21:23:40Z,-21.7405820,166.1606810,13.0,30664.6,10.280,150,90,240
2026-07-22T21:23:41Z,-21.7406639,166.1606380,13.0,30675.0,10.340,149,90,239
2026-07-22T21:23:42Z,-21.7407420,166.1605849,13.0,30685.2,10.300,150,89,239
2026-07-22T21:23:43Z,-21.7408260,166.1605310,13.0,30695.7,10.360,149,88,239
2026-07-22T21:23:44Z,-21.7409069,166.1604770,13.0,30706.1,10.360,149,87,240
2026-07-22T21:23:45Z,-21.7409840,166.1604239,13.0,30716.8,10.440,150,87,239
2026-07-22T21:23:46Z,-21.7410560,166.1603590,13.0,30727.0,10.400,150,87,240
2026-07-22T21:23:47Z,-21.7411199,166.1602839,13.0,30737.5,10.460,150,87,240
2026-07-22T21:23:48Z,-21.7411779,166.1601880,13.0,30748.2,10.500,150,88,239
2026-07-22T21:23:49Z,-21.7412249,166.1601130,13.0,30758.9,10.560,149,88,240
2026-07-22T21:23:50Z,-21.7412629,166.1600270,13.0,30769.1,10.460,149,88,240
2026-07-22T21:23:51Z,-21.7413000,166.1599300,13.0,30779.6,10.520,150,89,239
2026-07-22T21:23:52Z,-21.7413320,166.1598229,13.0,30790.1,10.520,149,89,239
2026-07-22T21:23:53Z,-21.7413549,166.1597369,13.0,30800.7,10.500,149,89,240
2026-07-22T21:23:54Z,-21.7413600,166.1596300,13.0,30811.2,10.460,149,89,239
2026-07-22T21:23:55Z,-21.7413730,166.1595230,13.0,30822.1,10.600,149,89,239
2026-07-22T21:23:56Z,-21.7413890,166.1594260,13.0,30832.7,10.620,149,88,240
2026-07-22T21:23:57Z,-21.7414040,166.1593189,13.0,30843.3,10.640,149,88,240
2026-07-22T21:23:58Z,-21.7414219,166.1592329,13.0,30853.7,10.600,150,88,240
2026-07-22T21:23:59Z,-21.7414460,166.1591260,13.0,30864.5,10.660,150,89,239
2026-07-22T21:24:00Z,-21.7414750,166.1590289,13.0,30875.1,10.600,150,89,239
2026-07-22T21:24:01Z,-21.7415129,166.1589220,12.8,30885.5,10.560,150,89,239
2026-07-22T21:24:02Z,-21.7415610,166.1588360,12.8,30896.6,10.660,150,88,240
2026-07-22T21:24:03Z,-21.7416129,166.1587610,12.8,30907.0,10.660,150,88,240
2026-07-22T21:24:04Z,-21.7416760,166.1586750,12.8,30918.1,10.720,151,88,240
2026-07-22T21:24:05Z,-21.7417399,166.1585890,12.8,30928.8,10.740,150,88,240
2026-07-22T21:24:06Z,-21.7418010,166.1585139,12.6,30939.2,10.740,151,88,239
2026-07-22T21:24:07Z,-21.7418600,166.1584389,12.6,30949.7,10.620,151,88,240
2026-07-22T21:24:08Z,-21.7419230,166.1583640,12.6,30960.6,10.720,150,88,240
2026-07-22T21:24:09Z,-21.7419820,166.1582890,12.6,30971.1,10.600,150,89,239
2026-07-22T21:24:10Z,-21.7420429,166.1581920,12.6,30981.6,10.560,151,89,239
2026-07-22T21:24:11Z,-21.7421019,166.1581170,12.6,30992.1,10.580,151,89,239
2026-07-22T21:24:12Z,-21.7421630,166.1580420,12.8,31002.5,10.560,150,88,240
2026-07-22T21:24:13Z,-21.7422260,166.1579669,12.8,31013.4,10.560,151,88,239
2026-07-22T21:24:14Z,-21.7422849,166.1578919,12.8,31023.7,10.520,151,88,240
2026-07-22T21:24:15Z,-21.7423439,166.1578059,12.8,31034.0,10.480,151,88,239
2026-07-22T21:24:16Z,-21.7424060,166.1577310,12.8,31044.6,10.500,151,88,239
2026-07-22T21:24:17Z,-21.7424619,166.1576560,12.8,31054.8,10.460,151,88,240
2026-07-22T21:24:18Z,-21.7425210,166.1575809,12.8,31065.0,10.320,151,88,240
2026-07-22T21:24:19Z,-21.7425800,166.1575059,12.8,31075.2,10.300,151,88,240
2026-07-22T21:24:20Z,-21.7426420,166.1574300,12.8,31085.8,10.360,151,88,240
2026-07-22T21:24:21Z,-21.7427000,166.1573550,12.8,31095.8,10.240,151,89,239
2026-07-22T21:24:22Z,-21.7427589,166.1572800,12.8,31106.0,10.240,151,89,239
2026-07-22T21:24:23Z,-21.7428179,166.1572049,12.8,31116.2,10.240,151,89,240
2026-07-22T21:24:24Z,-21.7428769,166.1571189,12.8,31126.5,10.260,151,90,239
2026-07-22T21:24:25Z,-21.7429370,166.1570439,12.8,31137.1,10.260,151,90,239
2026-07-22T21:24:26Z,-21.7429960,166.1569690,12.8,31147.2,10.280,151,90,239
2026-07-22T21:24:27Z,-21.7430590,166.1568940,12.6,31157.5,10.300,151,90,240
2026-07-22T21:24:28Z,-21.7431170,166.1568190,12.6,31167.4,10.240,151,90,240
2026-07-22T21:24:29Z,-21.7431789,166.1567439,12.6,31177.9,10.280,151,90,240
2026-07-22T21:24:30Z,-21.7432379,166.1566690,12.6,31188.3,10.240,150,91,240
2026-07-22T21:24:31Z,-21.7432939,166.1565940,12.6,31198.5,10.260,150,92,239
2026-07-22T21:24:32Z,-21.7433529,166.1565180,12.6,31208.8,10.260,151,92,240
2026-07-22T21:24:33Z,-21.7434150,166.1564330,12.6,31219.0,10.320,151,92,239
2026-07-22T21:24:34Z,-21.7434789,166.1563579,12.6,31229.8,10.380,151,92,239
2026-07-22T21:24:35Z,-21.7435420,166.1562819,12.6,31239.7,10.280,151,90,239
2026-07-22T21:24:36Z,-21.7436130,166.1562289,12.6,31250.0,10.300,151,90,239
2026-07-22T21:24:37Z,-21.7436939,166.1561640,12.8,31260.7,10.380,150,90,240
2026-07-22T21:24:38Z,-21.7437770,166.1561320,12.8,31271.0,10.400,151,90,240
2026-07-22T21:24:39Z,-21.7438569,166.1560890,13.0,31280.8,10.200,151,90,239
2026-07-22T21:24:40Z,-21.7439379,166.1560360,13.0,31290.7,10.200,151,89,239
2026-07-22T21:24:41Z,-21.7440109,166.1559819,13.0,31301.1,10.220,151,89,239
2026-07-22T21:24:42Z,-21.7440800,166.1559180,13.0,31311.1,10.080,151,89,239
2026-07-22T21:24:43Z,-21.7441480,166.1558529,13.0,31321.1,10.020,152,89,240
2026-07-22T21:24:44Z,-21.7442220,166.1558000,13.0,31331.0,10.040,151,90,239
2026-07-22T21:24:45Z,-21.7442900,166.1557349,13.0,31341.3,10.120,152,89,239
2026-07-22T21:24:46Z,-21.7443409,166.1556600,13.0,31351.3,10.040,152,89,239
2026-07-22T21:24:47Z,-21.7443670,166.1555639,13.0,31361.1,10.000,151,88,239
2026-07-22T21:24:48Z,-21.7443760,166.1554560,13.0,31371.3,10.040,151,87,239
2026-07-22T21:24:49Z,-21.7443729,166.1553700,13.0,31381.3,10.060,151,87,239
2026-07-22T21:24:50Z,-21.7443690,166.1552740,13.0,31391.4,10.020,151,86,239
2026-07-22T21:24:51Z,-21.7443589,166.1551670,13.0,31401.7,10.080,151,86,240
2026-07-22T21:24:52Z,-21.7443400,166.1550810,13.0,31412.1,10.200,150,86,240
2026-07-22T21:24:53Z,-21.7443040,166.1549840,13.0,31422.1,10.160,151,86,239
2026-07-22T21:24:54Z,-21.7442340,166.1549309,13.0,31432.3,10.200,150,86,240
2026-07-22T21:24:55Z,-21.7441520,166.1548769,13.0,31442.2,10.160,150,86,240
2026-07-22T21:24:56Z,-21.7440660,166.1548550,13.0,31452.5,10.160,151,87,240
2026-07-22T21:24:57Z,-21.7439790,166.1548230,13.0,31462.5,10.080,151,87,240
2026-07-22T21:24:58Z,-21.7438890,166.1548019,13.0,31472.7,10.120,150,86,239
2026-07-22T21:24:59Z,-21.7437949,166.1547909,13.0,31483.0,10.140,150,86,239
2026-07-22T21:25:00Z,-21.7437070,166.1547700,13.0,31493.1,10.180,150,85,240
2026-07-22T21:25:01Z,-21.7436130,166.1547589,13.0,31503.5,10.200,150,85,240
2026-07-22T21:25:02Z,-21.7435249,166.1547270,13.0,31513.8,10.260,150,85,239
2026-07-22T21:25:03Z,-21.7434560,166.1546620,13.0,31523.8,10.220,150,85,240
2026-07-22T21:25:04Z,-21.7434160,166.1545869,13.0,31534.1,10.220,150,85,239
2026-07-22T21:25:05Z,-21.7434150,166.1544800,13.0,31544.6,10.300,150,85,239
2026-07-22T21:25:06Z,-21.7434410,166.1543940,13.0,31554.6,10.220,150,85,239
2026-07-22T21:25:07Z,-21.7434750,166.1542979,13.0,31565.0,10.240,150,85,239
2026-07-22T21:25:08Z,-21.7435060,166.1542119,13.0,31575.2,10.280,150,86,239
2026-07-22T21:25:09Z,-21.7435219,166.1541149,13.0,31585.2,10.220,150,86,240
2026-07-22T21:25:10Z,-21.7435099,166.1540080,13.0,31595.2,10.120,150,86,240
2026-07-22T21:25:11Z,-21.7434659,166.1539220,13.0,31605.8,10.240,150,86,240
2026-07-22T21:25:12Z,-21.7434130,166.1538470,13.0,31616.1,10.220,150,86,239
2026-07-22T21:25:13Z,-21.7433560,166.1537720,13.0,31626.6,10.280,150,86,240
2026-07-22T21:25:14Z,-21.7432980,166.1536860,13.0,31636.7,10.300,150,86,240
2026-07-22T21:25:15Z,-21.7432430,166.1536109,13.0,31646.7,10.300,150,87,240
2026-07-22T21:25:16Z,-21.7431890,166.1535249,13.0,31657.0,10.240,150,87,239
2026-07-22T21:25:17Z,-21.7431339,166.1534499,13.0,31667.0,10.180,150,87,239
2026-07-22T21:25:18Z,-21.7430710,166.1533750,13.0,31677.6,10.200,150,86,240
2026-07-22T21:25:19Z,-21.7430030,166.1533110,13.0,31687.6,10.180,150,85,239
2026-07-22T21:25:20Z,-21.7429260,166.1532460,13.0,31698.2,10.300,150,85,239
2026-07-22T21:25:21Z,-21.7428540,166.1531820,13.0,31708.6,10.320,150,85,238
2026-07-22T21:25:22Z,-21.7427950,166.1531069,13.0,31718.7,10.340,149,85,240
2026-07-22T21:25:23Z,-21.7427510,166.1530209,13.0,31729.0,10.280,149,84,239
2026-07-22T21:25:24Z,-21.7427230,166.1529240,13.0,31739.3,10.340,149,84,240
2026-07-22T21:25:25Z,-21.7427019,166.1528380,13.0,31749.7,10.300,150,84,240
2026-07-22T21:25:26Z,-21.7426919,166.1527309,13.0,31760.1,10.300,151,86,240
2026-07-22T21:25:27Z,-21.7426860,166.1526350,13.0,31770.2,10.300,150,87,239
2026-07-22T21:25:28Z,-21.7426840,166.1525490,13.0,31780.1,10.220,150,88,239
2026-07-22T21:25:29Z,-21.7426889,166.1524419,13.0,31790.7,10.280,150,88,239
2026-07-22T21:25:30Z,-21.7427000,166.1523340,13.0,31801.1,10.280,150,87,239
2026-07-22T21:25:31Z,-21.7427189,166.1522380,13.0,31811.2,10.220,150,87,239
2026-07-22T21:25:32Z,-21.7427449,166.1521520,13.0,31821.2,10.200,150,86,240
2026-07-22T21:25:33Z,-21.7427919,166.1520549,13.0,31831.6,10.300,150,85,239
2026-07-22T21:25:34Z,-21.7428609,166.1520020,13.0,31842.0,10.260,151,85,239
2026-07-22T21:25:35Z,-21.7429450,166.1519480,13.0,31852.3,10.240,151,85,240
2026-07-22T21:25:36Z,-21.7430390,166.1519160,13.0,31863.0,10.360,151,86,240
2026-07-22T21:25:37Z,-21.7431359,166.1519160,13.0,31873.9,10.540,151,86,240
2026-07-22T21:25:38Z,-21.7432290,166.1519160,13.0,31884.4,10.560,151,87,240
2026-07-22T21:25:39Z,-21.7433270,166.1519370,13.0,31895.3,10.660,151,88,239
2026-07-22T21:25:40Z,-21.7434229,166.1519689,13.0,31906.4,10.820,150,89,240
2026-07-22T21:25:41Z,-21.7435140,166.1520119,13.0,31917.1,10.820,151,89,240
2026-07-22T21:25:42Z,-21.7436000,166.1520549,13.0,31927.7,10.760,151,89,239
2026-07-22T21:25:43Z,-21.7436890,166.1521090,13.0,31938.5,10.820,151,90,239
2026-07-22T21:25:44Z,-21.7437750,166.1521520,13.0,31949.2,10.780,151,90,239
2026-07-22T21:25:45Z,-21.7438620,166.1521839,13.0,31959.8,10.680,151,89,239
2026-07-22T21:25:46Z,-21.7439510,166.1522269,13.0,31970.5,10.680,152,89,239
2026-07-22T21:25:47Z,-21.7440380,166.1522699,13.0,31981.1,10.680,152,88,240
2026-07-22T21:25:48Z,-21.7441279,166.1523019,13.0,31991.5,10.600,152,88,239
2026-07-22T21:25:49Z,-21.7442250,166.1523129,13.0,32002.2,10.600,152,87,239
2026-07-22T21:25:50Z,-21.7443169,166.1523019,13.0,32012.6,10.560,152,87,239
2026-07-22T21:25:51Z,-21.7444060,166.1522699,13.0,32023.1,10.520,152,86,240
2026-07-22T21:25:52Z,-21.7444859,166.1522050,13.0,32033.8,10.540,152,87,240
2026-07-22T21:25:53Z,-21.7445540,166.1521299,13.0,32044.3,10.560,152,86,239
2026-07-22T21:25:54Z,-21.7446159,166.1520549,13.0,32054.8,10.520,152,86,240
2026-07-22T21:25:55Z,-21.7446739,166.1519800,13.0,32065.3,10.540,152,87,240
2026-07-22T21:25:56Z,-21.7447260,166.1519050,13.0,32075.7,10.520,152,88,239
2026-07-22T21:25:57Z,-21.7447700,166.1518089,13.0,32086.2,10.480,152,88,239
2026-07-22T21:25:58Z,-21.7448070,166.1517229,13.0,32096.8,10.500,152,87,239
2026-07-22T21:25:59Z,-21.7448370,166.1516150,13.0,32107.0,10.440,152,87,240
2026-07-22T21:26:00Z,-21.7448619,166.1515190,13.0,32117.4,10.420,152,87,240
2026-07-22T21:26:01Z,-21.7448790,166.1514330,13.0,32127.8,10.420,152,87,240
2026-07-22T21:26:02Z,-21.7448830,166.1513260,13.0,32138.3,10.420,152,87,239
2026-07-22T21:26:03Z,-21.7448660,166.1512180,13.0,32148.8,10.400,152,86,239
2026-07-22T21:26:04Z,-21.7448230,166.1511430,13.0,32159.0,10.400,152,86,240
2026-07-22T21:26:05Z,-21.7447619,166.1510680,13.0,32169.3,10.380,152,85,240
2026-07-22T21:26:06Z,-21.7446889,166.1510039,13.0,32179.5,10.340,152,86,239
2026-07-22T21:26:07Z,-21.7446009,166.1509609,13.0,32190.0,10.340,152,86,240
2026-07-22T21:26:08Z,-21.7445159,166.1509290,13.0,32200.2,10.280,151,86,240
2026-07-22T21:26:09Z,-21.7444269,166.1508860,13.0,32210.8,10.360,152,85,239
2026-07-22T21:26:10Z,-21.7443530,166.1508319,13.0,32221.0,10.340,152,84,239
2026-07-22T21:26:11Z,-21.7442879,166.1507570,13.0,32231.2,10.340,151,84,239
2026-07-22T21:26:12Z,-21.7442500,166.1506710,13.0,32241.8,10.360,152,84,240
2026-07-22T21:26:13Z,-21.7442460,166.1505640,13.0,32252.4,10.440,151,85,240
2026-07-22T21:26:14Z,-21.7442630,166.1504670,13.0,32262.4,10.320,151,84,239
2026-07-22T21:26:15Z,-21.7442960,166.1503820,13.0,32272.6,10.320,151,86,240
2026-07-22T21:26:16Z,-21.7443360,166.1502849,13.0,32283.0,10.360,151,85,239
2026-07-22T21:26:17Z,-21.7443770,166.1501989,13.0,32293.8,10.400,151,84,240
2026-07-22T21:26:18Z,-21.7444159,166.1501030,13.0,32303.7,10.260,151,85,240
2026-07-22T21:26:19Z,-21.7444530,166.1500170,13.0,32314.1,10.340,151,85,239
2026-07-22T21:26:20Z,-21.7444790,166.1499200,13.0,32324.5,10.380,151,85,239
2026-07-22T21:26:21Z,-21.7444899,166.1498129,13.0,32334.7,10.340,151,86,240
2026-07-22T21:26:22Z,-21.7444820,166.1497269,13.0,32344.8,10.200,151,87,240
2026-07-22T21:26:23Z,-21.7444550,166.1496310,13.0,32355.3,10.320,151,88,240
2026-07-22T21:26:24Z,-21.7444190,166.1495450,13.0,32365.5,10.280,151,89,240
2026-07-22T21:26:25Z,-21.7443760,166.1494480,13.0,32375.9,10.280,151,89,240
2026-07-22T21:26:26Z,-21.7443279,166.1493620,13.0,32386.1,10.280,151,90,240
2026-07-22T21:26:27Z,-21.7442739,166.1492760,13.0,32396.7,10.380,152,90,239
2026-07-22T21:26:28Z,-21.7442190,166.1492010,13.0,32406.9,10.320,152,89,239
2026-07-22T21:26:29Z,-21.7441600,166.1491160,13.0,32417.5,10.400,151,89,239
2026-07-22T21:26:30Z,-21.7440999,166.1490400,13.0,32427.8,10.380,152,88,240
2026-07-22T21:26:31Z,-21.7440249,166.1489759,13.0,32438.4,10.460,151,86,239
2026-07-22T21:26:32Z,-21.7439429,166.1489440,13.0,32448.5,10.360,152,86,239
2026-07-22T21:26:33Z,-21.7438490,166.1489329,13.0,32458.7,10.360,152,86,240
2026-07-22T21:26:34Z,-21.7437630,166.1489649,13.0,32468.5,10.200,152,86,240
2026-07-22T21:26:35Z,-21.7436799,166.1490079,13.0,32479.2,10.280,153,84,240
2026-07-22T21:26:36Z,-21.7436050,166.1490619,13.0,32489.3,10.180,152,86,240
2026-07-22T21:26:37Z,-21.7435249,166.1491160,13.0,32499.7,10.240,153,85,239
2026-07-22T21:26:38Z,-21.7434410,166.1491479,13.0,32509.8,10.220,153,85,240
2026-07-22T21:26:39Z,-21.7433470,166.1491690,13.0,32520.5,10.400,152,85,240
2026-07-22T21:26:40Z,-21.7432560,166.1491910,13.0,32530.6,10.280,153,85,239
2026-07-22T21:26:41Z,-21.7431649,166.1492010,13.0,32540.9,10.320,153,86,240
2026-07-22T21:26:42Z,-21.7430710,166.1492010,13.0,32551.2,10.300,153,86,240
2026-07-22T21:26:43Z,-21.7429769,166.1492010,13.0,32561.6,10.360,153,85,239
2026-07-22T21:26:44Z,-21.7428870,166.1491690,13.0,32571.7,10.240,153,85,240
2026-07-22T21:26:45Z,-21.7428039,166.1491479,13.0,32582.0,10.280,153,86,240
2026-07-22T21:26:46Z,-21.7427329,166.1490619,13.0,32592.5,10.320,153,86,240
2026-07-22T21:26:47Z,-21.7426779,166.1489870,13.0,32602.8,10.320,153,87,239
2026-07-22T21:26:48Z,-21.7426299,166.1489120,13.0,32612.9,10.260,153,87,239
2026-07-22T21:26:49Z,-21.7425800,166.1488260,13.0,32623.4,10.340,153,86,240
2026-07-22T21:26:50Z,-21.7425169,166.1487509,13.0,32633.9,10.380,153,85,240
2026-07-22T21:26:51Z,-21.7424340,166.1487189,13.0,32643.8,10.260,153,85,240
2026-07-22T21:26:52Z,-21.7423400,166.1487189,13.0,32654.3,10.300,153,86,240
2026-07-22T21:26:53Z,-21.7422480,166.1487189,13.0,32664.6,10.340,152,86,241
2026-07-22T21:26:54Z,-21.7421549,166.1487189,13.0,32674.8,10.280,153,88,240
2026-07-22T21:26:55Z,-21.7420680,166.1486860,13.0,32685.0,10.220,153,89,240
2026-07-22T21:26:56Z,-21.7419920,166.1486430,13.0,32695.3,10.300,153,89,240
2026-07-22T21:26:57Z,-21.7419210,166.1485680,13.0,32705.7,10.280,153,88,239
2026-07-22T21:26:58Z,-21.7418559,166.1485039,13.0,32716.0,10.280,153,88,239
2026-07-22T21:26:59Z,-21.7417920,166.1484289,13.0,32726.4,10.320,153,87,239
2026-07-22T21:27:00Z,-21.7417249,166.1483540,13.0,32736.8,10.360,153,86,239
2026-07-22T21:27:01Z,-21.7416480,166.1482889,13.0,32747.2,10.380,152,86,239
2026-07-22T21:27:02Z,-21.7415610,166.1482569,13.0,32757.6,10.380,152,85,240
2026-07-22T21:27:03Z,-21.7414669,166.1482569,13.0,32768.1,10.420,153,85,240
2026-07-22T21:27:04Z,-21.7413809,166.1482889,13.0,32778.1,10.340,153,85,240
2026-07-22T21:27:05Z,-21.7413050,166.1483540,13.0,32789.0,10.440,154,85,239
2026-07-22T21:27:06Z,-21.7412509,166.1484289,13.0,32799.2,10.400,153,84,240
2026-07-22T21:27:07Z,-21.7412099,166.1485150,13.0,32809.7,10.420,153,84,240
2026-07-22T21:27:08Z,-21.7411700,166.1486110,13.0,32820.0,10.380,154,84,240
2026-07-22T21:27:09Z,-21.7411320,166.1486970,13.0,32830.1,10.400,154,85,240
2026-07-22T21:27:10Z,-21.7410880,166.1487939,13.0,32840.5,10.300,153,85,239
2026-07-22T21:27:11Z,-21.7410260,166.1488690,13.0,32851.1,10.380,154,86,239
2026-07-22T21:27:12Z,-21.7409479,166.1489120,13.0,32861.2,10.300,154,86,240
2026-07-22T21:27:13Z,-21.7408530,166.1489120,13.0,32871.6,10.320,154,86,240
2026-07-22T21:27:14Z,-21.7407590,166.1489120,13.0,32882.0,10.380,153,86,240
2026-07-22T21:27:15Z,-21.7406670,166.1489120,13.0,32892.3,10.360,153,86,239
2026-07-22T21:27:16Z,-21.7405779,166.1489440,13.0,32902.5,10.280,154,85,240
2026-07-22T21:27:17Z,-21.7404909,166.1489759,13.0,32912.7,10.300,153,85,240
2026-07-22T21:27:18Z,-21.7404019,166.1490079,13.0,32923.0,10.280,153,85,239
2026-07-22T21:27:19Z,-21.7403130,166.1490400,13.0,32933.4,10.280,153,85,240
2026-07-22T21:27:20Z,-21.7402240,166.1490619,13.0,32944.0,10.340,153,86,240
2026-07-22T21:27:21Z,-21.7401380,166.1491160,13.0,32954.1,10.320,153,86,240
2026-07-22T21:27:22Z,-21.7400520,166.1491479,13.0,32964.3,10.320,153,86,240
2026-07-22T21:27:23Z,-21.7399640,166.1491910,13.0,32974.9,10.380,153,87,239
2026-07-22T21:27:24Z,-21.7398810,166.1492229,13.0,32985.1,10.340,153,87,240
2026-07-22T21:27:25Z,-21.7397920,166.1492659,13.0,32995.7,10.340,153,88,240
2026-07-22T21:27:26Z,-21.7397099,166.1493089,13.0,33005.8,10.340,153,89,239
2026-07-22T21:27:27Z,-21.7396249,166.1493620,13.0,33016.3,10.400,152,88,240
2026-07-22T21:27:28Z,-21.7395429,166.1494050,13.0,33027.2,10.460,153,88,239
2026-07-22T21:27:29Z,-21.7394760,166.1494799,13.0,33037.3,10.440,153,88,239
2026-07-22T21:27:30Z,-21.7394220,166.1495659,13.0,33048.2,10.500,153,88,240
2026-07-22T21:27:31Z,-21.7393949,166.1496630,13.0,33058.4,10.520,152,88,239
2026-07-22T21:27:32Z,-21.7393949,166.1497699,13.0,33069.3,10.600,152,88,240
2026-07-22T21:27:33Z,-21.7394170,166.1498559,13.0,33079.7,10.500,153,88,240
2026-07-22T21:27:34Z,-21.7394529,166.1499520,13.0,33089.6,10.460,153,88,240
2026-07-22T21:27:35Z,-21.7395210,166.1500279,13.0,33100.4,10.440,153,89,240
2026-07-22T21:27:36Z,-21.7395989,166.1500699,13.0,33110.6,10.440,153,89,240
2026-07-22T21:27:37Z,-21.7396819,166.1501240,13.0,33121.0,10.340,153,89,240
2026-07-22T21:27:38Z,-21.7397640,166.1501670,13.0,33131.3,10.320,153,89,240
2026-07-22T21:27:39Z,-21.7398460,166.1502309,13.0,33142.0,10.480,152,90,240
2026-07-22T21:27:40Z,-21.7399129,166.1502849,13.0,33152.1,10.340,152,89,239
2026-07-22T21:27:41Z,-21.7399559,166.1503820,13.0,33162.4,10.360,152,88,240
2026-07-22T21:27:42Z,-21.7399830,166.1504670,13.0,33173.1,10.420,152,88,239
2026-07-22T21:27:43Z,-21.7399960,166.1505749,13.0,33183.6,10.460,152,87,238
2026-07-22T21:27:44Z,-21.7399989,166.1506710,13.0,33193.9,10.380,153,85,239
2026-07-22T21:27:45Z,-21.7399920,166.1507790,13.0,33204.1,10.400,153,84,238
2026-07-22T21:27:46Z,-21.7399760,166.1508639,13.0,33214.4,10.400,152,83,240
2026-07-22T21:27:47Z,-21.7399460,166.1509720,13.0,33224.9,10.360,153,83,240
2026-07-22T21:27:48Z,-21.7399040,166.1510469,13.0,33235.1,10.300,153,83,240
2026-07-22T21:27:49Z,-21.7398310,166.1511219,13.0,33245.6,10.340,154,83,240
2026-07-22T21:27:50Z,-21.7397429,166.1511540,13.0,33255.9,10.360,153,83,239
2026-07-22T21:27:51Z,-21.7396510,166.1511540,13.0,33266.1,10.340,153,82,239
2026-07-22T21:27:52Z,-21.7395580,166.1511750,13.0,33276.3,10.280,154,81,239
2026-07-22T21:27:53Z,-21.7394620,166.1511540,13.0,33286.9,10.360,154,81,238
2026-07-22T21:27:54Z,-21.7393679,166.1511540,13.0,33297.2,10.320,154,79,238
2026-07-22T21:27:55Z,-21.7392799,166.1511540,13.0,33307.3,10.280,154,77,239
2026-07-22T21:27:56Z,-21.7391829,166.1511750,13.0,33317.8,10.340,154,76,240
2026-07-22T21:27:57Z,-21.7391040,166.1512180,13.0,33327.9,10.320,154,76,239
2026-07-22T21:27:58Z,-21.7390519,166.1512939,13.0,33338.3,10.280,154,77,238
2026-07-22T21:27:59Z,-21.7390320,166.1514010,13.0,33348.6,10.280,154,75,240
2026-07-22T21:28:00Z,-21.7390249,166.1514969,13.0,33358.9,10.320,154,75,242
2026-07-22T21:28:01Z,-21.7390239,166.1516050,13.0,33369.4,10.320,154,76,241
2026-07-22T21:28:02Z,-21.7390140,166.1516900,13.0,33379.5,10.320,154,78,240
2026-07-22T21:28:03Z,-21.7389819,166.1517870,13.0,33389.8,10.300,154,81,240
2026-07-22T21:28:04Z,-21.7389339,166.1518730,13.0,33400.1,10.300,154,81,241
2026-07-22T21:28:05Z,-21.7388710,166.1519480,13.0,33410.6,10.340,154,82,240
2026-07-22T21:28:06Z,-21.7388010,166.1520119,13.0,33421.0,10.320,154,84,240
2026-07-22T21:28:07Z,-21.7387219,166.1520770,13.0,33431.4,10.380,154,85,240
2026-07-22T21:28:08Z,-21.7386400,166.1521200,13.0,33441.7,10.380,153,87,240
2026-07-22T21:28:09Z,-21.7385570,166.1521630,13.0,33451.9,10.360,153,87,240
2026-07-22T21:28:10Z,-21.7384729,166.1521950,13.2,33462.1,10.300,154,87,239
2026-07-22T21:28:11Z,-21.7383869,166.1522269,13.4,33472.2,10.240,154,87,239
2026-07-22T21:28:12Z,-21.7383009,166.1522699,13.4,33482.2,10.160,153,86,239
2026-07-22T21:28:13Z,-21.7382149,166.1523019,13.6,33492.2,10.100,154,87,239
2026-07-22T21:28:14Z,-21.7381309,166.1523129,13.6,33502.0,10.020,154,85,239
2026-07-22T21:28:15Z,-21.7380469,166.1523449,13.8,33511.8,9.940,153,84,239
2026-07-22T21:28:16Z,-21.7379630,166.1523770,13.8,33521.5,9.860,154,84,239
2026-07-22T21:28:17Z,-21.7378810,166.1524090,14.0,33531.1,9.780,154,84,239
2026-07-22T21:28:18Z,-21.7377989,166.1524419,14.0,33540.6,9.680,154,84,239
2026-07-22T21:28:19Z,-21.7377149,166.1524739,14.2,33550.3,9.660,154,83,238
2026-07-22T21:28:20Z,-21.7376370,166.1524950,14.2,33559.8,9.600,154,82,239
2026-07-22T21:28:21Z,-21.7375650,166.1525490,14.4,33569.2,9.540,155,81,239
2026-07-22T21:28:22Z,-21.7374959,166.1526019,14.2,33578.7,9.520,154,80,240
2026-07-22T21:28:23Z,-21.7374170,166.1526350,14.2,33588.2,9.520,154,82,239
2026-07-22T21:28:24Z,-21.7373350,166.1526670,14.2,33597.9,9.520,155,81,239
2026-07-22T21:28:25Z,-21.7372519,166.1526990,14.2,33607.5,9.540,154,80,239
2026-07-22T21:28:26Z,-21.7371679,166.1527309,14.2,33617.0,9.560,154,80,239
2026-07-22T21:28:27Z,-21.7370809,166.1527420,14.2,33626.9,9.640,154,80,240
2026-07-22T21:28:28Z,-21.7369949,166.1527629,14.2,33636.6,9.680,153,81,240
2026-07-22T21:28:29Z,-21.7369089,166.1527960,14.2,33646.4,9.700,153,82,239
2026-07-22T21:28:30Z,-21.7368239,166.1528059,14.2,33656.0,9.700,153,82,239
2026-07-22T21:28:31Z,-21.7367390,166.1528169,14.2,33665.8,9.760,153,81,239
2026-07-22T21:28:32Z,-21.7366509,166.1528489,14.2,33675.8,9.780,153,81,240
2026-07-22T21:28:33Z,-21.7365659,166.1528710,14.2,33685.5,9.780,153,82,239
2026-07-22T21:28:34Z,-21.7364769,166.1528919,14.2,33695.5,9.820,153,81,239
2026-07-22T21:28:35Z,-21.7363940,166.1529140,14.2,33705.0,9.800,152,80,238
2026-07-22T21:28:36Z,-21.7363049,166.1529240,14.2,33714.9,9.820,152,79,239
2026-07-22T21:28:37Z,-21.7362159,166.1529560,14.2,33725.0,9.840,152,79,240
2026-07-22T21:28:38Z,-21.7361299,166.1529779,14.2,33734.9,9.880,153,81,241
2026-07-22T21:28:39Z,-21.7360410,166.1529990,14.2,33745.1,9.920,153,82,240
2026-07-22T21:28:40Z,-21.7359530,166.1530209,14.2,33755.2,10.040,153,83,239
2026-07-22T21:28:41Z,-21.7358630,166.1530530,14.2,33765.3,10.080,153,83,239
2026-07-22T21:28:42Z,-21.7357739,166.1530639,14.2,33775.4,10.080,153,82,240
2026-07-22T21:28:43Z,-21.7356839,166.1530850,14.2,33785.6,10.140,152,83,240
2026-07-22T21:28:44Z,-21.7355950,166.1531069,14.2,33795.6,10.100,153,83,239
2026-07-22T21:28:45Z,-21.7355050,166.1531280,14.2,33805.8,10.120,152,84,240
2026-07-22T21:28:46Z,-21.7354180,166.1531390,14.2,33815.8,10.100,153,84,239
2026-07-22T21:28:47Z,-21.7353279,166.1531710,14.2,33825.9,10.100,152,84,239
2026-07-22T21:28:48Z,-21.7352389,166.1531820,14.2,33836.0,10.080,153,84,239
2026-07-22T21:28:49Z,-21.7351490,166.1532140,14.2,33846.2,10.120,153,83,239
2026-07-22T21:28:50Z,-21.7350620,166.1532349,14.2,33856.3,10.100,153,83,239
2026-07-22T21:28:51Z,-21.7349720,166.1532680,14.2,33866.4,10.120,153,83,240
2026-07-22T21:28:52Z,-21.7348819,166.1532779,14.2,33876.5,10.120,153,83,240
2026-07-22T21:28:53Z,-21.7347929,166.1532890,14.2,33886.6,10.120,153,84,239
2026-07-22T21:28:54Z,-21.7347069,166.1533209,14.2,33896.4,10.040,153,82,239
2026-07-22T21:28:55Z,-21.7346140,166.1533209,14.2,33906.8,10.100,154,81,239
2026-07-22T21:28:56Z,-21.7345240,166.1533209,14.2,33916.8,10.080,153,81,239
2026-07-22T21:28:57Z,-21.7344369,166.1532890,14.0,33927.1,10.120,153,81,240
2026-07-22T21:28:58Z,-21.7343540,166.1532349,13.8,33937.6,10.200,153,81,239
2026-07-22T21:28:59Z,-21.7342749,166.1531820,13.6,33947.9,10.300,153,82,239
2026-07-22T21:29:00Z,-21.7341810,166.1531600,13.4,33958.8,10.400,154,81,240
2026-07-22T21:29:01Z,-21.7340869,166.1531280,13.2,33969.6,10.560,154,81,240
2026-07-22T21:29:02Z,-21.7339909,166.1531069,13.2,33980.6,10.700,153,82,240
2026-07-22T21:29:03Z,-21.7338909,166.1530960,13.0,33991.6,10.800,153,82,238
2026-07-22T21:29:04Z,-21.7337889,166.1531069,13.0,34002.7,10.960,153,83,239
2026-07-22T21:29:05Z,-21.7336930,166.1531280,13.0,34013.6,10.960,153,81,240
2026-07-22T21:29:06Z,-21.7335950,166.1531280,13.0,34024.4,10.960,153,81,239
2026-07-22T21:29:07Z,-21.7334960,166.1531390,13.2,34035.4,10.960,153,81,239
2026-07-22T21:29:08Z,-21.7333969,166.1531600,13.2,34046.4,10.960,153,81,240
2026-07-22T21:29:09Z,-21.7333009,166.1531600,13.0,34057.0,10.860,154,82,239
2026-07-22T21:29:10Z,-21.7332050,166.1531600,13.0,34067.8,10.840,154,81,239
2026-07-22T21:29:11Z,-21.7331070,166.1531390,12.8,34078.7,10.860,154,81,241
2026-07-22T21:29:12Z,-21.7330080,166.1531280,12.4,34089.8,10.880,154,83,240
2026-07-22T21:29:13Z,-21.7329070,166.1531069,12.2,34101.0,10.920,154,85,239
2026-07-22T21:29:14Z,-21.7328060,166.1530960,12.2,34112.4,11.080,153,83,239
2026-07-22T21:29:15Z,-21.7327030,166.1530960,12.2,34123.7,11.180,154,83,240
2026-07-22T21:29:16Z,-21.7326010,166.1531069,12.4,34134.9,11.240,154,83,240
2026-07-22T21:29:17Z,-21.7325049,166.1531069,12.8,34145.7,11.180,153,84,240
2026-07-22T21:29:18Z,-21.7324110,166.1531280,13.0,34156.2,11.040,154,86,240
2026-07-22T21:29:19Z,-21.7323170,166.1531280,13.2,34166.5,10.820,153,85,240
2026-07-22T21:29:20Z,-21.7322240,166.1531069,13.0,34176.8,10.620,153,86,240
2026-07-22T21:29:21Z,-21.7321300,166.1531280,13.0,34187.1,10.440,153,85,239
2026-07-22T21:29:22Z,-21.7320430,166.1531600,13.0,34197.4,10.340,154,85,239
2026-07-22T21:29:23Z,-21.7319570,166.1531820,13.0,34207.7,10.300,154,84,239
2026-07-22T21:29:24Z,-21.7318780,166.1532460,13.0,34218.1,10.320,153,84,239
2026-07-22T21:29:25Z,-21.7318019,166.1533110,13.0,34228.4,10.320,153,85,239
2026-07-22T21:29:26Z,-21.7317280,166.1533529,13.0,34238.7,10.320,153,84,240
2026-07-22T21:29:27Z,-21.7316480,166.1534180,13.0,34249.0,10.320,153,86,240
2026-07-22T21:29:28Z,-21.7315620,166.1534610,13.0,34259.4,10.340,153,87,239
2026-07-22T21:29:29Z,-21.7314800,166.1534929,13.0,34269.6,10.300,153,87,240
2026-07-22T21:29:30Z,-21.7313979,166.1535570,13.0,34279.9,10.300,153,87,239
2026-07-22T21:29:31Z,-21.7313200,166.1536000,13.0,34290.3,10.320,153,86,239
2026-07-22T21:29:32Z,-21.7312439,166.1536649,13.0,34300.6,10.320,153,85,239
2026-07-22T21:29:33Z,-21.7311679,166.1537180,13.0,34310.9,10.300,153,84,239
2026-07-22T21:29:34Z,-21.7310910,166.1537829,13.0,34321.3,10.340,153,84,238
2026-07-22T21:29:35Z,-21.7310160,166.1538259,13.0,34331.3,10.280,153,83,239
2026-07-22T21:29:36Z,-21.7309409,166.1538900,13.0,34341.7,10.280,152,82,240
2026-07-22T21:29:37Z,-21.7308580,166.1539330,13.0,34352.2,10.320,153,83,240
2026-07-22T21:29:38Z,-21.7307790,166.1539760,13.0,34362.4,10.300,153,84,240
2026-07-22T21:29:39Z,-21.7306969,166.1540399,13.0,34372.8,10.300,153,84,239
2026-07-22T21:29:40Z,-21.7306119,166.1540829,13.2,34383.1,10.360,152,84,239
2026-07-22T21:29:41Z,-21.7305310,166.1541149,13.2,34393.3,10.320,153,84,240
2026-07-22T21:29:42Z,-21.7304450,166.1541689,13.2,34403.6,10.280,152,84,240
2026-07-22T21:29:43Z,-21.7303600,166.1542119,13.2,34413.8,10.280,153,86,240
2026-07-22T21:29:44Z,-21.7302769,166.1542439,13.2,34424.0,10.240,153,87,240
2026-07-22T21:29:45Z,-21.7301870,166.1542650,13.2,34434.4,10.260,153,88,240
2026-07-22T21:29:46Z,-21.7300990,166.1542979,13.4,34444.6,10.260,153,88,240
2026-07-22T21:29:47Z,-21.7300100,166.1543299,13.4,34454.9,10.260,154,88,240
2026-07-22T21:29:48Z,-21.7299220,166.1543510,13.4,34464.8,10.200,154,88,239
2026-07-22T21:29:49Z,-21.7298250,166.1543620,13.6,34475.4,10.280,154,89,239
2026-07-22T21:29:50Z,-21.7297349,166.1543620,13.8,34485.6,10.240,154,89,240
2026-07-22T21:29:51Z,-21.7296429,166.1543510,13.8,34495.8,10.240,154,89,240
2026-07-22T21:29:52Z,-21.7295500,166.1543190,14.0,34506.4,10.300,155,89,240
2026-07-22T21:29:53Z,-21.7294660,166.1542869,14.2,34516.4,10.320,154,88,239
2026-07-22T21:29:54Z,-21.7293840,166.1542439,14.4,34526.4,10.200,154,88,239
2026-07-22T21:29:55Z,-21.7293100,166.1541900,14.6,34536.1,10.100,154,87,239
2026-07-22T21:29:56Z,-21.7292400,166.1541370,14.6,34545.8,10.000,154,87,239
2026-07-22T21:29:57Z,-21.7291879,166.1540620,14.6,34555.5,9.820,154,86,239
2026-07-22T21:29:58Z,-21.7291439,166.1539760,14.6,34565.4,9.800,155,86,240
2026-07-22T21:29:59Z,-21.7291019,166.1538900,14.4,34575.1,9.740,155,86,239
2026-07-22T21:30:00Z,-21.7290389,166.1538259,14.6,34585.3,9.840,155,86,240
2026-07-22T21:30:01Z,-21.7289590,166.1537829,14.6,34595.0,9.840,154,85,240
2026-07-22T21:30:02Z,-21.7288730,166.1537720,14.8,34604.9,9.880,154,85,239
2026-07-22T21:30:03Z,-21.7287829,166.1537499,15.2,34614.7,9.860,154,85,239
2026-07-22T21:30:04Z,-21.7287050,166.1537499,15.4,34623.5,9.680,154,85,239
2026-07-22T21:30:05Z,-21.7286190,166.1537499,15.8,34632.9,9.520,154,85,239
2026-07-22T21:30:06Z,-21.7285389,166.1537499,16.0,34641.8,9.360,154,85,239
2026-07-22T21:30:07Z,-21.7284630,166.1537499,16.2,34650.2,9.060,154,84,240
2026-07-22T21:30:08Z,-21.7283860,166.1537720,16.4,34658.9,8.840,154,84,241
2026-07-22T21:30:09Z,-21.7283099,166.1537720,16.6,34667.2,8.740,156,86,239
2026-07-22T21:30:10Z,-21.7282330,166.1537829,16.6,34675.8,8.580,154,87,239
2026-07-22T21:30:11Z,-21.7281590,166.1537930,16.6,34684.2,8.480,155,86,239
2026-07-22T21:30:12Z,-21.7280820,166.1538150,16.6,34693.2,8.600,155,85,240
2026-07-22T21:30:13Z,-21.7280089,166.1538470,16.4,34701.8,8.580,155,85,240
2026-07-22T21:30:14Z,-21.7279300,166.1538900,16.2,34711.1,8.780,155,85,240
2026-07-22T21:30:15Z,-21.7278560,166.1539220,15.8,34720.5,8.940,154,85,239
2026-07-22T21:30:16Z,-21.7277759,166.1539760,15.4,34730.8,9.320,154,85,239
2026-07-22T21:30:17Z,-21.7276930,166.1540290,15.0,34741.3,9.620,155,84,240
2026-07-22T21:30:18Z,-21.7276029,166.1540719,14.4,34752.4,10.120,155,84,240
2026-07-22T21:30:19Z,-21.7275100,166.1541040,14.0,34763.1,10.400,154,84,239
2026-07-22T21:30:20Z,-21.7274080,166.1541149,13.8,34774.8,10.860,154,84,240
2026-07-22T21:30:21Z,-21.7273029,166.1541149,13.4,34786.4,11.120,154,84,239
2026-07-22T21:30:22Z,-21.7271970,166.1541370,13.4,34798.1,11.360,155,84,239
2026-07-22T21:30:23Z,-21.7270970,166.1541470,13.2,34809.5,11.420,154,83,240
2026-07-22T21:30:24Z,-21.7270019,166.1541900,13.2,34821.3,11.640,154,83,239
2026-07-22T21:30:25Z,-21.7269180,166.1542650,13.2,34833.3,11.700,154,83,239
2026-07-22T21:30:26Z,-21.7268630,166.1543620,13.2,34844.5,11.620,154,83,240
2026-07-22T21:30:27Z,-21.7268299,166.1544689,13.2,34856.1,11.600,154,77,240
2026-07-22T21:30:28Z,-21.7268009,166.1545770,13.2,34866.9,11.480,154,78,239
2026-07-22T21:30:29Z,-21.7267730,166.1546840,13.2,34878.4,11.420,154,83,240
2026-07-22T21:30:30Z,-21.7267409,166.1547909,13.2,34889.8,11.300,154,83,241
2026-07-22T21:30:31Z,-21.7267060,166.1548769,13.2,34901.0,11.300,154,84,240
2026-07-22T21:30:32Z,-21.7266650,166.1549840,13.2,34912.1,11.200,155,85,241
2026-07-22T21:30:33Z,-21.7266239,166.1550810,13.2,34923.0,11.220,154,91,240
2026-07-22T21:30:34Z,-21.7265880,166.1551670,13.2,34933.6,11.040,155,93,239
2026-07-22T21:30:35Z,-21.7265529,166.1552740,13.2,34945.0,11.040,155,89,239
2026-07-22T21:30:36Z,-21.7265229,166.1553700,13.4,34955.3,10.860,154,88,239
2026-07-22T21:30:37Z,-21.7264780,166.1554560,13.4,34966.2,10.820,155,87,239
2026-07-22T21:30:38Z,-21.7264160,166.1555420,13.4,34976.8,10.760,155,87,239
2026-07-22T21:30:39Z,-21.7263300,166.1555959,13.2,34987.7,10.820,154,87,240
2026-07-22T21:30:40Z,-21.7262300,166.1555959,13.0,34998.9,10.780,155,87,239
2026-07-22T21:30:41Z,-21.7261359,166.1555639,13.0,35009.6,10.860,155,87,240
2026-07-22T21:30:42Z,-21.7260460,166.1555209,12.8,35020.4,10.840,155,86,239
2026-07-22T21:30:43Z,-21.7259509,166.1554880,12.6,35031.9,11.020,155,86,239
2026-07-22T21:30:44Z,-21.7258509,166.1554560,12.4,35043.1,11.080,155,86,240
2026-07-22T21:30:45Z,-21.7257619,166.1555099,12.2,35054.1,11.040,155,87,240
2026-07-22T21:30:46Z,-21.7257029,166.1555850,12.2,35065.3,11.140,155,88,239
2026-07-22T21:30:47Z,-21.7256739,166.1556919,12.2,35076.8,11.280,155,88,240
2026-07-22T21:30:48Z,-21.7256649,166.1558000,12.2,35088.1,11.240,155,87,239
2026-07-22T21:30:49Z,-21.7256619,166.1559070,12.4,35099.1,11.200,155,88,240
2026-07-22T21:30:50Z,-21.7256580,166.1560249,12.4,35110.4,11.260,155,88,240
2026-07-22T21:30:51Z,-21.7256440,166.1561320,12.4,35121.7,11.280,155,88,240
2026-07-22T21:30:52Z,-21.7256069,166.1562289,12.2,35132.9,11.220,155,88,240
2026-07-22T21:30:53Z,-21.7255599,166.1563249,12.2,35144.3,11.240,155,88,239
2026-07-22T21:30:54Z,-21.7255070,166.1564220,12.0,35155.5,11.280,155,88,239
2026-07-22T21:30:55Z,-21.7254479,166.1565180,12.0,35167.2,11.360,155,88,240
2026-07-22T21:30:56Z,-21.7253889,166.1566040,11.8,35178.9,11.440,155,88,239
2026-07-22T21:30:57Z,-21.7253260,166.1567009,11.6,35190.7,11.560,156,88,239
2026-07-22T21:30:58Z,-21.7252640,166.1567869,11.4,35202.3,11.600,156,88,240
2026-07-22T21:30:59Z,-21.7252009,166.1568830,11.4,35214.1,11.720,156,88,240
2026-07-22T21:31:00Z,-21.7251380,166.1569690,11.2,35226.3,11.820,156,88,240
2026-07-22T21:31:01Z,-21.7250820,166.1570759,11.0,35238.1,11.840,155,89,240
2026-07-22T21:31:02Z,-21.7250279,166.1571729,10.8,35249.7,11.800,156,88,239
2026-07-22T21:31:03Z,-21.7249800,166.1572589,10.8,35261.3,11.800,156,88,240
2026-07-22T21:31:04Z,-21.7249390,166.1573870,10.6,35273.5,11.880,156,88,240
2026-07-22T21:31:05Z,-21.7249129,166.1574950,10.6,35285.4,11.820,156,88,239
2026-07-22T21:31:06Z,-21.7249060,166.1576020,10.6,35297.0,11.780,156,88,240
2026-07-22T21:31:07Z,-21.7249190,166.1577199,10.4,35309.0,11.860,156,88,239
2026-07-22T21:31:08Z,-21.7249569,166.1578270,10.4,35320.7,11.880,155,88,239
2026-07-22T21:31:09Z,-21.7250110,166.1579020,10.4,35331.6,11.620,155,88,239
2026-07-22T21:31:10Z,-21.7250820,166.1579880,10.4,35343.4,11.600,156,88,239
2026-07-22T21:31:11Z,-21.7251630,166.1580740,10.2,35355.2,11.640,156,87,239
2026-07-22T21:31:12Z,-21.7252530,166.1581170,10.4,35366.5,11.500,156,87,239
2026-07-22T21:31:13Z,-21.7253490,166.1581490,10.6,35377.6,11.380,155,88,239
2026-07-22T21:31:14Z,-21.7254449,166.1581600,10.8,35388.3,11.340,156,87,239
2026-07-22T21:31:15Z,-21.7255440,166.1581809,11.2,35399.6,11.240,155,87,240
2026-07-22T21:31:16Z,-21.7256380,166.1581920,11.4,35409.9,10.940,156,87,240
2026-07-22T21:31:17Z,-21.7257290,166.1582239,11.6,35420.1,10.720,156,87,239
2026-07-22T21:31:18Z,-21.7258150,166.1582350,11.8,35429.9,10.460,155,87,239
2026-07-22T21:31:19Z,-21.7259010,166.1582569,12.0,35439.6,10.260,155,87,239
2026-07-22T21:31:20Z,-21.7259870,166.1582669,12.4,35449.1,9.900,155,88,239
2026-07-22T21:31:21Z,-21.7260690,166.1582890,12.6,35458.4,9.700,155,87,239
2026-07-22T21:31:22Z,-21.7261550,166.1582989,12.8,35467.9,9.560,155,87,240
2026-07-22T21:31:23Z,-21.7262349,166.1583099,13.0,35476.9,9.400,155,87,239
2026-07-22T21:31:24Z,-21.7263130,166.1583099,13.2,35485.7,9.220,155,87,240
2026-07-22T21:31:25Z,-21.7263929,166.1583320,13.4,35494.8,9.140,155,87,239
2026-07-22T21:31:26Z,-21.7264669,166.1583419,13.6,35503.2,8.960,155,87,240
2026-07-22T21:31:27Z,-21.7265430,166.1583640,13.8,35511.6,8.740,154,87,240
2026-07-22T21:31:28Z,-21.7266190,166.1583750,14.0,35520.0,8.620,154,87,239
2026-07-22T21:31:29Z,-21.7266949,166.1583849,14.2,35528.6,8.580,155,87,239
2026-07-22T21:31:30Z,-21.7267669,166.1584070,14.4,35536.6,8.360,155,87,239
2026-07-22T21:31:31Z,-21.7268370,166.1584170,14.6,35544.7,8.300,154,86,240
2026-07-22T21:31:32Z,-21.7269100,166.1584170,14.8,35552.6,8.200,154,86,241
2026-07-22T21:31:33Z,-21.7269810,166.1584500,15.0,35560.8,8.160,155,88,240
2026-07-22T21:31:34Z,-21.7270419,166.1584819,15.2,35568.5,7.980,155,89,240
2026-07-22T21:31:35Z,-21.7270970,166.1585249,15.2,35576.6,8.000,154,89,240
2026-07-22T21:31:36Z,-21.7271429,166.1585890,15.2,35584.5,7.960,154,89,240
2026-07-22T21:31:37Z,-21.7271800,166.1586640,15.2,35592.8,8.039,154,89,239
2026-07-22T21:31:38Z,-21.7272110,166.1587390,15.2,35601.2,8.080,154,88,239
2026-07-22T21:31:39Z,-21.7272330,166.1588040,15.2,35609.3,8.160,154,87,239
2026-07-22T21:31:40Z,-21.7272500,166.1588900,15.2,35617.9,8.260,154,86,240
2026-07-22T21:31:41Z,-21.7272569,166.1589749,15.2,35626.7,8.440,154,85,240
2026-07-22T21:31:42Z,-21.7272559,166.1590609,15.0,35635.5,8.540,155,85,239
2026-07-22T21:31:43Z,-21.7272380,166.1591579,15.0,35644.6,8.680,155,85,240
2026-07-22T21:31:44Z,-21.7272070,166.1592329,15.0,35653.4,8.820,155,85,239
2026-07-22T21:31:45Z,-21.7271520,166.1592860,15.0,35662.5,8.920,155,85,240
2026-07-22T21:31:46Z,-21.7270839,166.1593400,15.0,35671.9,9.040,155,85,239
2026-07-22T21:31:47Z,-21.7270119,166.1593830,15.0,35681.3,9.160,155,85,239
2026-07-22T21:31:48Z,-21.7269360,166.1594469,15.0,35691.0,9.280,155,85,240
2026-07-22T21:31:49Z,-21.7268630,166.1594899,15.0,35700.4,9.400,155,84,240
2026-07-22T21:31:50Z,-21.7267920,166.1595329,15.0,35709.7,9.440,155,84,239
2026-07-22T21:31:51Z,-21.7267180,166.1595759,15.0,35719.3,9.480,155,84,240
2026-07-22T21:31:52Z,-21.7266450,166.1596300,15.0,35728.7,9.480,155,85,240
2026-07-22T21:31:53Z,-21.7265689,166.1596730,15.0,35738.6,9.520,155,86,240
2026-07-22T21:31:54Z,-21.7264969,166.1597369,15.0,35748.0,9.520,155,88,240
2026-07-22T21:31:55Z,-21.7264239,166.1597799,15.0,35757.5,9.560,155,88,240
2026-07-22T21:31:56Z,-21.7263480,166.1598229,15.0,35767.5,9.640,153,88,240
2026-07-22T21:31:57Z,-21.7262730,166.1598659,15.0,35777.0,9.660,155,89,239
2026-07-22T21:31:58Z,-21.7261990,166.1599199,15.0,35786.8,9.640,155,89,240
2026-07-22T21:31:59Z,-21.7261209,166.1599730,15.0,35797.0,9.800,155,88,239
2026-07-22T21:32:00Z,-21.7260460,166.1600270,15.0,35806.6,9.820,155,88,239
2026-07-22T21:32:01Z,-21.7259680,166.1600700,15.0,35816.6,9.820,156,87,240
2026-07-22T21:32:02Z,-21.7258929,166.1601130,15.0,35826.3,9.860,156,87,239
2026-07-22T21:32:03Z,-21.7258179,166.1601770,15.0,35836.3,9.900,156,86,239
2026-07-22T21:32:04Z,-21.7257410,166.1602200,15.0,35846.3,9.860,157,86,240
2026-07-22T21:32:05Z,-21.7256649,166.1602630,15.0,35856.0,9.880,157,85,238
2026-07-22T21:32:06Z,-21.7255889,166.1603269,15.0,35866.0,9.880,157,84,239
2026-07-22T21:32:07Z,-21.7255110,166.1603699,15.0,35876.1,9.960,157,83,239
2026-07-22T21:32:08Z,-21.7254339,166.1604239,15.0,35886.2,9.980,157,83,240
2026-07-22T21:32:09Z,-21.7253589,166.1604669,15.0,35895.8,9.900,158,84,240
2026-07-22T21:32:10Z,-21.7252859,166.1605310,15.0,35905.6,9.920,158,84,240
2026-07-22T21:32:11Z,-21.7252050,166.1605740,15.0,35915.9,9.980,158,85,240
2026-07-22T21:32:12Z,-21.7251309,166.1606380,15.0,35925.9,9.960,158,86,240
2026-07-22T21:32:13Z,-21.7250579,166.1606810,15.0,35935.9,9.940,158,86,239
2026-07-22T21:32:14Z,-21.7249930,166.1607559,15.0,35946.0,10.040,157,85,238
2026-07-22T21:32:15Z,-21.7249419,166.1608309,15.0,35956.0,10.080,157,83,239
2026-07-22T21:32:16Z,-21.7249100,166.1609279,15.0,35965.9,10.000,157,82,240
2026-07-22T21:32:17Z,-21.7248989,166.1610139,15.0,35975.8,9.980,156,82,239
2026-07-22T21:32:18Z,-21.7249100,166.1611210,15.0,35985.9,10.000,156,82,239
2026-07-22T21:32:19Z,-21.7249330,166.1612179,15.0,35996.1,10.020,157,82,240
2026-07-22T21:32:20Z,-21.7249620,166.1613039,15.0,36006.1,10.020,156,82,239
2026-07-22T21:32:21Z,-21.7249989,166.1614000,15.0,36016.2,10.060,156,82,239
2026-07-22T21:32:22Z,-21.7250390,166.1614749,15.0,36026.0,10.040,157,82,239
2026-07-22T21:32:23Z,-21.7250820,166.1615609,15.0,36036.2,10.060,155,82,239
2026-07-22T21:32:24Z,-21.7251270,166.1616359,15.0,36046.1,10.000,155,82,239
2026-07-22T21:32:25Z,-21.7251700,166.1617329,15.2,36056.1,10.000,156,80,240
2026-07-22T21:32:26Z,-21.7252169,166.1618079,15.2,36066.2,10.000,156,81,239
2026-07-22T21:32:27Z,-21.7252589,166.1619040,15.0,36076.3,10.060,156,81,239
2026-07-22T21:32:28Z,-21.7252960,166.1619900,15.0,36086.5,10.060,157,81,239
2026-07-22T21:32:29Z,-21.7253319,166.1620870,15.0,36096.9,10.160,156,80,239
2026-07-22T21:32:30Z,-21.7253629,166.1621730,14.8,36107.5,10.280,157,81,239
2026-07-22T21:32:31Z,-21.7253810,166.1622799,14.6,36118.4,10.440,156,81,239
2026-07-22T21:32:32Z,-21.7253889,166.1623870,14.2,36129.8,10.700,157,81,239
2026-07-22T21:32:33Z,-21.7253909,166.1625050,13.8,36141.1,10.920,157,81,239
2026-07-22T21:32:34Z,-21.7253909,166.1626119,13.4,36152.9,11.200,156,81,239
2026-07-22T21:32:35Z,-21.7253940,166.1627200,13.0,36164.6,11.420,157,80,239
2026-07-22T21:32:36Z,-21.7254049,166.1628480,12.6,36177.2,11.760,157,80,240
2026-07-22T21:32:37Z,-21.7254319,166.1629660,12.2,36189.2,11.880,157,80,239
2026-07-22T21:32:38Z,-21.7254810,166.1630739,11.8,36201.8,12.140,157,80,239
2026-07-22T21:32:39Z,-21.7255660,166.1631490,11.8,36214.6,12.340,157,80,239
2026-07-22T21:32:40Z,-21.7256690,166.1631920,11.8,36226.8,12.440,156,79,239
2026-07-22T21:32:41Z,-21.7257799,166.1632129,12.0,36239.4,12.440,157,78,239
2026-07-22T21:32:42Z,-21.7258880,166.1632129,12.2,36251.2,12.400,157,78,239
2026-07-22T21:32:43Z,-21.7259909,166.1632129,12.4,36262.7,12.180,156,78,240
2026-07-22T21:32:44Z,-21.7260959,166.1632240,12.6,36274.3,11.940,156,77,239
2026-07-22T21:32:45Z,-21.7261890,166.1632780,12.8,36285.4,11.720,157,77,239
2026-07-22T21:32:46Z,-21.7262590,166.1633309,12.8,36296.3,11.380,156,76,239
2026-07-22T21:32:47Z,-21.7263069,166.1634280,12.8,36307.2,11.200,156,76,240
2026-07-22T21:32:48Z,-21.7263330,166.1635350,12.6,36318.5,11.160,156,76,240
2026-07-22T21:32:49Z,-21.7263420,166.1636420,12.4,36329.3,11.000,156,77,240
2026-07-22T21:32:50Z,-21.7263399,166.1637499,12.2,36340.5,11.020,155,78,239
2026-07-22T21:32:51Z,-21.7263340,166.1638570,12.0,36351.8,11.100,155,78,239
2026-07-22T21:32:52Z,-21.7263300,166.1639749,11.8,36363.4,11.240,155,78,239
2026-07-22T21:32:53Z,-21.7263359,166.1640820,11.8,36374.8,11.260,155,78,239
2026-07-22T21:32:54Z,-21.7263570,166.1641900,11.6,36386.0,11.340,155,78,239
2026-07-22T21:32:55Z,-21.7264050,166.1642750,11.8,36397.2,11.340,155,78,240
2026-07-22T21:32:56Z,-21.7264799,166.1643610,12.0,36408.6,11.360,155,79,240
2026-07-22T21:32:57Z,-21.7265699,166.1643829,12.4,36419.3,11.180,155,79,239
2026-07-22T21:32:58Z,-21.7266679,166.1644150,12.8,36430.2,11.080,155,78,239
2026-07-22T21:32:59Z,-21.7267579,166.1644150,13.2,36440.4,10.880,155,77,239
2026-07-22T21:33:00Z,-21.7268439,166.1644359,13.4,36449.9,10.540,155,77,240
2026-07-22T21:33:01Z,-21.7269310,166.1644359,13.8,36459.5,10.180,155,77,241
2026-07-22T21:33:02Z,-21.7270129,166.1644470,14.2,36468.9,9.920,155,78,241
2026-07-22T21:33:03Z,-21.7270879,166.1644789,14.4,36477.5,9.460,155,80,240
2026-07-22T21:33:04Z,-21.7271540,166.1645219,14.8,36486.3,9.180,155,80,239
2026-07-22T21:33:05Z,-21.7272169,166.1645649,15.0,36495.0,9.020,155,80,239
2026-07-22T21:33:06Z,-21.7272700,166.1646290,15.2,36503.3,8.760,155,79,239
2026-07-22T21:33:07Z,-21.7273200,166.1646939,15.4,36511.8,8.580,155,79,240
2026-07-22T21:33:08Z,-21.7273640,166.1647580,15.4,36519.8,8.460,155,79,240
2026-07-22T21:33:09Z,-21.7274060,166.1648330,15.6,36528.4,8.420,155,80,239
2026-07-22T21:33:10Z,-21.7274410,166.1648870,15.8,36536.2,8.240,154,80,240
2026-07-22T21:33:11Z,-21.7274729,166.1649620,16.0,36544.8,8.300,154,80,239
2026-07-22T21:33:12Z,-21.7275000,166.1650480,16.0,36552.7,8.180,154,80,239
2026-07-22T21:33:13Z,-21.7275220,166.1651230,16.2,36561.0,8.240,155,80,240
2026-07-22T21:33:14Z,-21.7275410,166.1651979,16.4,36568.9,8.100,154,80,239
2026-07-22T21:33:15Z,-21.7275550,166.1652729,16.6,36577.0,8.160,154,80,240
2026-07-22T21:33:16Z,-21.7275640,166.1653480,16.8,36584.9,8.020,153,80,240
2026-07-22T21:33:17Z,-21.7275710,166.1654230,17.0,36592.9,8.039,154,81,239
2026-07-22T21:33:18Z,-21.7275720,166.1654879,17.2,36600.3,7.860,154,82,239
2026-07-22T21:33:19Z,-21.7275720,166.1655630,17.4,36608.0,7.820,153,82,239
2026-07-22T21:33:20Z,-21.7275710,166.1656380,17.8,36615.8,7.760,153,81,239
2026-07-22T21:33:21Z,-21.7275670,166.1657130,18.0,36623.3,7.680,153,80,239
2026-07-22T21:33:22Z,-21.7275640,166.1657769,18.2,36630.5,7.520,153,79,239
2026-07-22T21:33:23Z,-21.7275599,166.1658530,18.4,36637.7,7.480,152,79,239
2026-07-22T21:33:24Z,-21.7275550,166.1659280,18.6,36645.4,7.480,153,79,240
2026-07-22T21:33:25Z,-21.7275530,166.1659919,18.8,36652.5,7.340,153,79,240
2026-07-22T21:33:26Z,-21.7275510,166.1660670,19.0,36659.6,7.260,153,80,240
2026-07-22T21:33:27Z,-21.7275510,166.1661310,19.0,36666.8,7.260,152,80,239
2026-07-22T21:33:28Z,-21.7275550,166.1662069,19.2,36673.9,7.240,152,79,239
2026-07-22T21:33:29Z,-21.7275599,166.1662600,19.4,36681.3,7.180,152,79,240
2026-07-22T21:33:30Z,-21.7275680,166.1663349,19.6,36688.5,7.200,152,79,240
2026-07-22T21:33:31Z,-21.7275810,166.1664209,19.6,36695.8,7.240,152,80,240
2026-07-22T21:33:32Z,-21.7276029,166.1664750,19.8,36702.7,7.180,152,80,240
2026-07-22T21:33:33Z,-21.7276309,166.1665389,19.8,36710.3,7.280,152,81,240
2026-07-22T21:33:34Z,-21.7276660,166.1666040,19.8,36717.8,7.300,152,81,239
2026-07-22T21:33:35Z,-21.7277059,166.1666570,19.8,36725.6,7.420,152,81,240
2026-07-22T21:33:36Z,-21.7277479,166.1667219,19.8,36733.6,7.560,153,82,240
2026-07-22T21:33:37Z,-21.7277919,166.1667969,19.8,36742.0,7.860,153,82,240
2026-07-22T21:33:38Z,-21.7278339,166.1668610,19.8,36750.0,7.940,153,82,239
2026-07-22T21:33:39Z,-21.7278740,166.1669150,19.8,36758.5,8.140,153,82,239
2026-07-22T21:33:40Z,-21.7279059,166.1670010,19.6,36767.0,8.280,154,81,239
2026-07-22T21:33:41Z,-21.7279260,166.1670859,19.6,36776.2,8.520,154,81,239
2026-07-22T21:33:42Z,-21.7279290,166.1671610,19.6,36784.5,8.500,154,81,240
2026-07-22T21:33:43Z,-21.7279140,166.1672579,19.6,36793.6,8.720,154,81,241
2026-07-22T21:33:44Z,-21.7278850,166.1673330,19.6,36803.2,8.940,154,82,241
2026-07-22T21:33:45Z,-21.7278520,166.1674190,19.6,36812.0,9.000,154,83,240
2026-07-22T21:33:46Z,-21.7278150,166.1675050,19.6,36821.4,9.040,154,84,239
2026-07-22T21:33:47Z,-21.7277749,166.1675800,19.6,36830.3,9.160,154,85,239
2026-07-22T21:33:48Z,-21.7277250,166.1676550,19.6,36840.0,9.280,154,84,240
2026-07-22T21:33:49Z,-21.7276749,166.1677299,19.6,36849.4,9.240,154,84,240
2026-07-22T21:33:50Z,-21.7276220,166.1677940,19.8,36858.6,9.320,154,84,239
2026-07-22T21:33:51Z,-21.7275640,166.1678700,19.8,36868.3,9.380,154,84,240
2026-07-22T21:33:52Z,-21.7275080,166.1679230,19.8,36877.7,9.480,154,84,239
2026-07-22T21:33:53Z,-21.7274490,166.1679879,19.8,36887.1,9.420,154,83,240
2026-07-22T21:33:54Z,-21.7273859,166.1680629,19.8,36896.9,9.500,154,83,240
2026-07-22T21:33:55Z,-21.7273230,166.1681270,19.8,36906.6,9.600,154,84,239
2026-07-22T21:33:56Z,-21.7272599,166.1681909,19.8,36916.1,9.560,153,84,239
2026-07-22T21:33:57Z,-21.7271970,166.1682450,19.8,36925.6,9.580,154,84,238
2026-07-22T21:33:58Z,-21.7271309,166.1683089,19.8,36935.3,9.640,154,83,239
2026-07-22T21:33:59Z,-21.7270709,166.1683740,19.8,36944.7,9.560,153,82,240
2026-07-22T21:34:00Z,-21.7270060,166.1684489,19.8,36954.4,9.560,153,83,241
2026-07-22T21:34:01Z,-21.7269399,166.1685030,19.8,36964.5,9.680,153,84,240
2026-07-22T21:34:02Z,-21.7268770,166.1685669,19.8,36974.3,9.740,154,84,239
2026-07-22T21:34:03Z,-21.7268129,166.1686420,19.8,36984.2,9.780,153,84,240
2026-07-22T21:34:04Z,-21.7267500,166.1687060,19.8,36993.9,9.840,153,83,240
2026-07-22T21:34:05Z,-21.7266880,166.1687710,19.8,37003.5,9.820,154,83,240
2026-07-22T21:34:06Z,-21.7266229,166.1688460,19.8,37013.7,9.840,153,84,239
2026-07-22T21:34:07Z,-21.7265600,166.1689000,19.8,37023.2,9.780,153,84,239
2026-07-22T21:34:08Z,-21.7264939,166.1689640,19.8,37033.3,9.820,153,84,240
2026-07-22T21:34:09Z,-21.7264290,166.1690389,19.8,37043.4,9.900,153,84,240
2026-07-22T21:34:10Z,-21.7263659,166.1691030,19.8,37052.9,9.880,153,84,240
2026-07-22T21:34:11Z,-21.7263020,166.1691679,19.8,37062.9,9.840,154,86,241
2026-07-22T21:34:12Z,-21.7262359,166.1692429,19.8,37072.9,9.940,154,88,240
2026-07-22T21:34:13Z,-21.7261730,166.1692969,19.8,37082.7,9.880,154,89,239
2026-07-22T21:34:14Z,-21.7261089,166.1693610,19.8,37092.5,9.820,154,89,239
2026-07-22T21:34:15Z,-21.7260420,166.1694360,19.8,37102.9,10.000,154,88,239
2026-07-22T21:34:16Z,-21.7259779,166.1694999,19.8,37112.9,10.000,154,88,239
2026-07-22T21:34:17Z,-21.7259130,166.1695749,19.8,37122.9,10.000,154,88,240
2026-07-22T21:34:18Z,-21.7258499,166.1696400,19.8,37132.5,9.960,154,88,240
2026-07-22T21:34:19Z,-21.7257840,166.1696930,19.8,37142.6,10.020,154,88,240
2026-07-22T21:34:20Z,-21.7257189,166.1697690,19.8,37152.8,9.980,154,88,240
2026-07-22T21:34:21Z,-21.7256530,166.1698329,19.8,37162.9,10.000,153,88,240
2026-07-22T21:34:22Z,-21.7255889,166.1699080,19.8,37172.9,10.000,154,88,239
2026-07-22T21:34:23Z,-21.7255260,166.1699719,19.8,37182.6,10.020,154,88,240
2026-07-22T21:34:24Z,-21.7254589,166.1700479,19.8,37192.7,10.020,154,88,240
2026-07-22T21:34:25Z,-21.7253909,166.1701120,19.8,37203.0,10.040,154,88,239
2026-07-22T21:34:26Z,-21.7253270,166.1701660,19.8,37213.1,10.040,155,88,240
2026-07-22T21:34:27Z,-21.7252640,166.1702510,19.8,37222.8,9.980,155,88,239
2026-07-22T21:34:28Z,-21.7251999,166.1703049,19.8,37232.8,10.040,155,88,239
2026-07-22T21:34:29Z,-21.7251329,166.1703799,19.8,37243.1,10.080,155,88,240
2026-07-22T21:34:30Z,-21.7250680,166.1704440,19.8,37253.0,10.000,155,88,240
2026-07-22T21:34:31Z,-21.7250009,166.1705199,19.8,37263.4,10.060,155,89,240
2026-07-22T21:34:32Z,-21.7249350,166.1705840,19.8,37273.3,10.100,155,89,240
2026-07-22T21:34:33Z,-21.7248739,166.1706479,19.8,37283.0,10.040,154,90,239
2026-07-22T21:34:34Z,-21.7248040,166.1707229,19.6,37293.4,10.060,155,90,240
2026-07-22T21:34:35Z,-21.7247380,166.1707770,19.6,37303.7,10.140,155,90,240
2026-07-22T21:34:36Z,-21.7246750,166.1708519,19.6,37313.6,10.040,155,90,240
2026-07-22T21:34:37Z,-21.7246099,166.1709170,19.6,37323.4,10.020,155,90,240
2026-07-22T21:34:38Z,-21.7245429,166.1709920,19.6,37333.7,10.140,154,90,240
2026-07-22T21:34:39Z,-21.7244809,166.1710559,19.6,37343.6,10.040,154,89,239
2026-07-22T21:34:40Z,-21.7244139,166.1711200,19.6,37353.8,10.020,155,89,240
2026-07-22T21:34:41Z,-21.7243480,166.1711959,19.6,37363.8,10.040,155,90,240
2026-07-22T21:34:42Z,-21.7242819,166.1712490,19.6,37374.0,10.120,155,90,239
2026-07-22T21:34:43Z,-21.7242130,166.1713350,19.6,37384.4,10.140,155,90,240
2026-07-22T21:34:44Z,-21.7241480,166.1713890,19.6,37394.5,10.180,154,90,239
2026-07-22T21:34:45Z,-21.7240850,166.1714640,19.6,37404.2,10.080,154,90,240
2026-07-22T21:34:46Z,-21.7240180,166.1715279,19.6,37414.4,10.120,154,90,240
2026-07-22T21:34:47Z,-21.7239519,166.1716030,19.6,37424.7,10.140,154,90,239
2026-07-22T21:34:48Z,-21.7238949,166.1716680,19.6,37434.5,10.020,154,89,238
2026-07-22T21:34:49Z,-21.7238440,166.1717530,19.6,37444.8,10.060,154,87,238
2026-07-22T21:34:50Z,-21.7237970,166.1718289,19.6,37454.9,10.140,155,85,239
2026-07-22T21:34:51Z,-21.7237580,166.1719250,19.6,37465.0,10.120,154,83,239
2026-07-22T21:34:52Z,-21.7237199,166.1720220,19.6,37475.2,10.100,155,82,240
2026-07-22T21:34:53Z,-21.7236880,166.1721070,19.6,37484.9,10.080,155,83,237
2026-07-22T21:34:54Z,-21.7236590,166.1722039,19.6,37495.1,10.060,155,82,152
2026-07-22T21:34:55Z,-21.7236280,166.1722899,19.6,37504.9,10.000,155,82,108
2026-07-22T21:34:56Z,-21.7235980,166.1723860,19.6,37514.8,9.960,155,77,124
2026-07-22T21:34:57Z,-21.7235660,166.1724720,19.6,37524.8,9.920,154,75,124
2026-07-22T21:34:58Z,-21.7235339,166.1725469,19.6,37534.4,9.900,154,73,123
2026-07-22T21:34:59Z,-21.7234960,166.1726440,19.6,37544.4,9.860,155,72,124
2026-07-22T21:35:00Z,-21.7234540,166.1727189,19.6,37553.9,9.800,154,70,124
2026-07-22T21:35:01Z,-21.7234110,166.1727939,19.6,37563.3,9.700,153,69,124
2026-07-22T21:35:02Z,-21.7233650,166.1728690,19.6,37572.6,9.560,154,68,124
2026-07-22T21:35:03Z,-21.7233130,166.1729440,19.6,37582.2,9.560,154,67,125
2026-07-22T21:35:04Z,-21.7232629,166.1730190,19.6,37591.4,9.400,151,67,126
2026-07-22T21:35:05Z,-21.7232120,166.1730839,19.6,37600.5,9.320,150,69,125
2026-07-22T21:35:06Z,-21.7231599,166.1731590,19.6,37609.4,9.220,150,70,125
2026-07-22T21:35:07Z,-21.7231080,166.1732229,19.6,37618.5,9.180,150,71,125
2026-07-22T21:35:08Z,-21.7230510,166.1732979,19.6,37627.8,9.120,150,71,125
2026-07-22T21:35:09Z,-21.7229980,166.1733630,19.6,37636.8,9.080,150,72,124
2026-07-22T21:35:10Z,-21.7229469,166.1734160,19.6,37645.4,8.980,149,73,125
2026-07-22T21:35:11Z,-21.7228930,166.1734809,19.6,37654.4,9.000,148,73,124
2026-07-22T21:35:12Z,-21.7228380,166.1735450,19.6,37663.4,8.980,148,73,125
2026-07-22T21:35:13Z,-21.7227830,166.1735989,19.6,37672.1,8.860,148,73,125
2026-07-22T21:35:14Z,-21.7227279,166.1736630,19.6,37680.7,8.780,148,73,125
2026-07-22T21:35:15Z,-21.7226680,166.1737279,19.6,37689.7,8.860,149,74,125
2026-07-22T21:35:16Z,-21.7226109,166.1737810,19.6,37698.3,8.780,148,74,125
2026-07-22T21:35:17Z,-21.7225539,166.1738350,19.6,37706.9,8.700,147,75,125
2026-07-22T21:35:18Z,-21.7224959,166.1738879,19.6,37715.5,8.680,146,75,125
2026-07-22T21:35:19Z,-21.7224409,166.1739530,19.6,37723.9,8.640,147,76,124
2026-07-22T21:35:20Z,-21.7223859,166.1740169,19.6,37732.6,8.580,146,76,124
2026-07-22T21:35:21Z,-21.7223279,166.1740599,19.6,37741.1,8.560,147,76,124
2026-07-22T21:35:22Z,-21.7222679,166.1741240,19.4,37749.8,8.580,146,76,125
2026-07-22T21:35:23Z,-21.7222050,166.1741670,19.2,37758.2,8.540,146,76,125
2026-07-22T21:35:24Z,-21.7221369,166.1742100,19.0,37767.1,8.640,145,77,124
2026-07-22T21:35:25Z,-21.7220659,166.1742420,19.0,37776.2,8.720,145,77,124
2026-07-22T21:35:26Z,-21.7219920,166.1742850,18.8,37785.3,8.840,144,77,125
2026-07-22T21:35:27Z,-21.7219170,166.1743179,18.6,37794.4,8.920,144,77,125
2026-07-22T21:35:28Z,-21.7218349,166.1743500,18.4,37803.9,9.140,144,78,124
2026-07-22T21:35:29Z,-21.7217529,166.1743710,18.2,37813.3,9.240,143,78,124
2026-07-22T21:35:30Z,-21.7216669,166.1743820,18.2,37822.8,9.320,144,78,125
2026-07-22T21:35:31Z,-21.7215810,166.1743710,18.2,37832.4,9.420,144,79,124
2026-07-22T21:35:32Z,-21.7215010,166.1743390,18.2,37841.8,9.480,143,79,124
2026-07-22T21:35:33Z,-21.7214280,166.1743070,18.4,37850.5,9.320,142,78,124
2026-07-22T21:35:34Z,-21.7213510,166.1742640,18.6,37859.9,9.320,142,79,125
2026-07-22T21:35:35Z,-21.7212810,166.1742420,19.0,37868.0,9.040,144,81,125
2026-07-22T21:35:36Z,-21.7212070,166.1742100,19.2,37876.7,8.860,144,83,125
2026-07-22T21:35:37Z,-21.7211430,166.1741999,19.6,37884.2,8.480,143,84,124
2026-07-22T21:35:38Z,-21.7210769,166.1741670,20.0,37891.6,8.220,142,84,124
2026-07-22T21:35:39Z,-21.7210169,166.1741569,20.2,37898.7,7.760,142,84,124
2026-07-22T21:35:40Z,-21.7209589,166.1741350,20.6,37905.1,7.420,141,86,125
2026-07-22T21:35:41Z,-21.7209039,166.1741240,20.8,37911.4,6.940,141,86,124
2026-07-22T21:35:42Z,-21.7208500,166.1741029,21.0,37917.5,6.660,140,87,124
2026-07-22T21:35:43Z,-21.7207999,166.1740920,21.2,37923.5,6.380,141,88,125
2026-07-22T21:35:44Z,-21.7207470,166.1740920,21.4,37929.1,6.080,141,89,125
2026-07-22T21:35:45Z,-21.7207019,166.1740820,21.6,37934.5,5.880,142,90,124
2026-07-22T21:35:46Z,-21.7206549,166.1740599,21.6,37939.9,5.700,142,90,125
2026-07-22T21:35:47Z,-21.7206060,166.1740599,21.8,37945.1,5.520,141,91,125
2026-07-22T21:35:48Z,-21.7205549,166.1740490,21.8,37950.9,5.480,141,91,124
2026-07-22T21:35:49Z,-21.7205070,166.1740279,21.6,37956.5,5.480,141,91,124
2026-07-22T21:35:50Z,-21.7204539,166.1740169,21.6,37962.4,5.580,142,91,124
2026-07-22T21:35:51Z,-21.7203999,166.1740169,21.4,37968.4,5.700,140,91,125
2026-07-22T21:35:52Z,-21.7203439,166.1739960,21.2,37975.0,5.980,140,92,125
2026-07-22T21:35:53Z,-21.7202859,166.1739849,21.0,37981.5,6.120,140,93,125
2026-07-22T21:35:54Z,-21.7202210,166.1739739,20.8,37988.9,6.480,141,93,124
2026-07-22T21:35:55Z,-21.7201500,166.1739530,20.4,37996.9,6.900,139,93,125
2026-07-22T21:35:56Z,-21.7200770,166.1739530,20.0,38005.2,7.360,140,93,124
2026-07-22T21:35:57Z,-21.7199920,166.1739419,19.6,38014.4,7.880,139,93,124
2026-07-22T21:35:58Z,-21.7199079,166.1739530,19.2,38023.7,8.440,139,94,124
2026-07-22T21:35:59Z,-21.7198249,166.1739530,19.0,38033.2,8.860,139,91,125
2026-07-22T21:36:00Z,-21.7197330,166.1739849,18.8,38043.5,9.320,139,92,125
2026-07-22T21:36:01Z,-21.7196489,166.1740169,18.6,38053.4,9.640,141,92,124
2026-07-22T21:36:02Z,-21.7195619,166.1740490,18.6,38063.6,9.840,141,92,125
2026-07-22T21:36:03Z,-21.7194769,166.1740820,18.6,38073.7,10.000,141,93,125
2026-07-22T21:36:04Z,-21.7193970,166.1741240,18.4,38083.5,10.060,141,93,125
2026-07-22T21:36:05Z,-21.7193179,166.1741670,18.4,38093.4,9.980,139,93,125
2026-07-22T21:36:06Z,-21.7192370,166.1742100,18.4,38103.4,10.000,139,93,125
2026-07-22T21:36:07Z,-21.7191530,166.1742640,18.4,38114.0,10.080,140,93,124
2026-07-22T21:36:08Z,-21.7190749,166.1743070,18.2,38123.9,10.040,139,93,125
2026-07-22T21:36:09Z,-21.7189970,166.1743500,18.2,38134.1,10.120,139,93,124
2026-07-22T21:36:10Z,-21.7189220,166.1743930,18.2,38143.6,10.040,139,93,125
2026-07-22T21:36:11Z,-21.7188390,166.1744459,18.2,38153.7,10.060,138,95,125
2026-07-22T21:36:12Z,-21.7187540,166.1744570,18.2,38163.2,9.840,138,94,125
2026-07-22T21:36:13Z,-21.7186670,166.1744570,18.2,38173.1,9.840,138,94,124
2026-07-22T21:36:14Z,-21.7185839,166.1744459,18.2,38182.5,9.680,136,94,124
2026-07-22T21:36:15Z,-21.7185050,166.1743930,18.2,38192.3,9.740,136,94,124
2026-07-22T21:36:16Z,-21.7184360,166.1743500,18.2,38201.4,9.540,135,95,124
2026-07-22T21:36:17Z,-21.7183670,166.1742850,18.2,38211.1,9.580,135,94,124
2026-07-22T21:36:18Z,-21.7183119,166.1742319,18.2,38220.2,9.420,134,94,124
2026-07-22T21:36:19Z,-21.7182620,166.1741569,18.2,38228.9,9.280,133,94,125
2026-07-22T21:36:20Z,-21.7182149,166.1740820,18.4,38238.4,9.220,133,94,124
2026-07-22T21:36:21Z,-21.7181709,166.1740169,18.4,38247.4,9.200,132,96,124
2026-07-22T21:36:22Z,-21.7181289,166.1739419,18.6,38255.9,8.960,132,95,124
2026-07-22T21:36:23Z,-21.7180859,166.1738670,18.8,38264.5,8.860,132,95,124
2026-07-22T21:36:24Z,-21.7180450,166.1738029,18.8,38272.9,8.800,132,95,124
2026-07-22T21:36:25Z,-21.7180050,166.1737380,19.0,38281.0,8.520,131,95,125
2026-07-22T21:36:26Z,-21.7179640,166.1736630,19.0,38289.1,8.340,132,96,124
2026-07-22T21:36:27Z,-21.7179229,166.1735989,19.2,38297.1,8.240,131,98,125
2026-07-22T21:36:28Z,-21.7178829,166.1735450,19.2,38304.9,8.080,131,98,125
2026-07-22T21:36:29Z,-21.7178420,166.1734809,19.4,38312.6,7.940,132,99,124
2026-07-22T21:36:30Z,-21.7178010,166.1734160,19.4,38320.3,7.860,132,99,124
2026-07-22T21:36:31Z,-21.7177590,166.1733730,19.4,38327.9,7.760,132,98,125
2026-07-22T21:36:32Z,-21.7177150,166.1733089,19.4,38335.4,7.660,132,97,125
2026-07-22T21:36:33Z,-21.7176730,166.1732549,19.6,38342.7,7.560,132,96,125
2026-07-22T21:36:34Z,-21.7176259,166.1732020,19.6,38350.4,7.560,133,95,125
2026-07-22T21:36:35Z,-21.7175850,166.1731480,19.6,38357.7,7.480,132,94,124
2026-07-22T21:36:36Z,-21.7175410,166.1730839,19.8,38365.2,7.460,132,93,124
2026-07-22T21:36:37Z,-21.7174949,166.1730410,19.8,38372.4,7.400,132,93,125
2026-07-22T21:36:38Z,-21.7174440,166.1729980,19.8,38379.9,7.440,132,92,124
2026-07-22T21:36:39Z,-21.7173900,166.1729440,19.8,38387.2,7.360,133,92,125
2026-07-22T21:36:40Z,-21.7173349,166.1729120,19.8,38394.6,7.380,135,93,125
2026-07-22T21:36:41Z,-21.7172740,166.1728690,19.8,38402.3,7.420,136,93,124
2026-07-22T21:36:42Z,-21.7172189,166.1728369,19.8,38409.3,7.380,136,94,124
2026-07-22T21:36:43Z,-21.7171540,166.1728049,20.0,38417.1,7.440,136,94,124
2026-07-22T21:36:44Z,-21.7170970,166.1727830,20.0,38424.1,7.380,137,94,124
2026-07-22T21:36:45Z,-21.7170380,166.1727509,20.0,38431.4,7.360,137,94,125
2026-07-22T21:36:46Z,-21.7169749,166.1727189,20.0,38439.0,7.340,137,94,124
2026-07-22T21:36:47Z,-21.7169159,166.1726870,20.0,38446.5,7.440,137,94,124
2026-07-22T21:36:48Z,-21.7168580,166.1726550,20.0,38453.8,7.340,136,94,124
2026-07-22T21:36:49Z,-21.7168029,166.1726120,20.0,38461.0,7.380,135,94,124
2026-07-22T21:36:50Z,-21.7167479,166.1725690,19.8,38468.8,7.480,135,94,125
2026-07-22T21:36:51Z,-21.7166980,166.1725150,19.8,38476.3,7.460,135,94,125
2026-07-22T21:36:52Z,-21.7166530,166.1724720,19.8,38483.8,7.460,134,95,124
2026-07-22T21:36:53Z,-21.7166100,166.1724079,19.6,38491.4,7.520,135,95,125
2026-07-22T21:36:54Z,-21.7165680,166.1723540,19.6,38499.5,7.700,134,95,124
2026-07-22T21:36:55Z,-21.7165350,166.1722790,19.4,38507.4,7.720,134,95,124
2026-07-22T21:36:56Z,-21.7164999,166.1722039,19.2,38516.0,7.940,133,95,124
2026-07-22T21:36:57Z,-21.7164690,166.1721400,19.0,38523.9,8.020,133,95,124
2026-07-22T21:36:58Z,-21.7164360,166.1720650,18.8,38533.0,8.320,131,95,125
2026-07-22T21:36:59Z,-21.7164060,166.1719889,18.6,38541.4,8.380,131,95,125
2026-07-22T21:37:00Z,-21.7163739,166.1718930,18.4,38550.8,8.680,131,95,125
2026-07-22T21:37:01Z,-21.7163429,166.1718179,18.2,38559.3,8.660,131,95,124
2026-07-22T21:37:02Z,-21.7163070,166.1717429,18.0,38569.1,9.040,134,95,125
2026-07-22T21:37:03Z,-21.7162689,166.1716680,17.8,38578.1,9.020,134,95,124
2026-07-22T21:37:04Z,-21.7162210,166.1715709,17.6,38587.7,9.260,132,95,124
2026-07-22T21:37:05Z,-21.7161699,166.1715170,17.6,38597.2,9.280,128,95,124
2026-07-22T21:37:06Z,-21.7161109,166.1714530,17.6,38606.5,9.440,128,95,125
2026-07-22T21:37:07Z,-21.7160439,166.1713890,17.4,38616.1,9.400,128,95,124
2026-07-22T21:37:08Z,-21.7159760,166.1713460,17.4,38625.3,9.440,128,95,125
2026-07-22T21:37:09Z,-21.7159030,166.1712809,17.4,38634.6,9.380,128,95,124
2026-07-22T21:37:10Z,-21.7158320,166.1712379,17.4,38643.6,9.280,127,95,125
2026-07-22T21:37:11Z,-21.7157620,166.1711959,17.6,38652.8,9.260,127,95,124
2026-07-22T21:37:12Z,-21.7156949,166.1711419,17.6,38661.9,9.160,127,95,124
2026-07-22T21:37:13Z,-21.7156340,166.1710989,17.6,38670.8,9.100,128,95,124
2026-07-22T21:37:14Z,-21.7155799,166.1710350,17.6,38679.4,8.960,128,95,124
2026-07-22T21:37:15Z,-21.7155369,166.1709590,17.6,38688.3,8.940,128,95,124
2026-07-22T21:37:16Z,-21.7155060,166.1708840,17.6,38696.9,8.820,128,95,124
2026-07-22T21:37:17Z,-21.7154890,166.1708089,17.6,38705.4,8.700,128,95,124
2026-07-22T21:37:18Z,-21.7154829,166.1707229,17.8,38713.8,8.600,128,95,124
2026-07-22T21:37:19Z,-21.7154850,166.1706479,17.8,38722.1,8.540,128,95,124
2026-07-22T21:37:20Z,-21.7154969,166.1705629,18.0,38730.6,8.460,127,95,124
2026-07-22T21:37:21Z,-21.7155140,166.1704870,18.0,38738.7,8.360,127,95,125
2026-07-22T21:37:22Z,-21.7155340,166.1704120,18.2,38746.2,8.160,127,95,124
2026-07-22T21:37:23Z,-21.7155610,166.1703479,18.4,38754.1,8.060,127,95,125
2026-07-22T21:37:24Z,-21.7155920,166.1702730,18.4,38761.6,7.900,127,95,124
2026-07-22T21:37:25Z,-21.7156280,166.1702189,18.6,38769.0,7.680,127,95,125
2026-07-22T21:37:26Z,-21.7156679,166.1701660,18.8,38776.1,7.480,128,95,124
2026-07-22T21:37:27Z,-21.7157099,166.1701120,19.0,38783.1,7.380,128,95,125
2026-07-22T21:37:28Z,-21.7157559,166.1700800,19.2,38789.9,7.160,128,95,124
2026-07-22T21:37:29Z,-21.7158040,166.1700370,19.4,38796.3,6.940,129,95,125
2026-07-22T21:37:30Z,-21.7158580,166.1700150,19.6,38802.9,6.780,128,95,125
2026-07-22T21:37:31Z,-21.7159099,166.1700049,19.6,38809.1,6.600,129,95,124
2026-07-22T21:37:32Z,-21.7159630,166.1699830,19.8,38815.0,6.380,128,95,125
2026-07-22T21:37:33Z,-21.7160160,166.1699830,20.0,38820.7,6.160,128,95,124
2026-07-22T21:37:34Z,-21.7160670,166.1699830,20.2,38826.3,6.000,128,95,125
2026-07-22T21:37:35Z,-21.7161159,166.1699719,20.4,38831.9,5.800,128,95,124
2026-07-22T21:37:36Z,-21.7161650,166.1699719,20.6,38837.1,5.600,128,95,125
2026-07-22T21:37:37Z,-21.7162119,166.1699719,20.6,38842.5,5.500,128,95,125
2026-07-22T21:37:38Z,-21.7162569,166.1699719,20.8,38847.5,5.360,128,95,124
2026-07-22T21:37:39Z,-21.7163029,166.1699719,21.0,38852.5,5.240,128,95,124
2026-07-22T21:37:40Z,-21.7163470,166.1699719,21.0,38857.3,5.080,128,94,124
2026-07-22T21:37:41Z,-21.7163889,166.1699719,21.2,38862.1,5.000,128,94,125
2026-07-22T21:37:42Z,-21.7164330,166.1699619,21.4,38867.0,4.900,128,94,124
2026-07-22T21:37:43Z,-21.7164719,166.1699400,21.4,38871.7,4.840,128,94,125
2026-07-22T21:37:44Z,-21.7165090,166.1699299,21.4,38876.5,4.800,128,94,124
2026-07-22T21:37:45Z,-21.7165439,166.1698970,21.6,38881.4,4.820,128,94,124
2026-07-22T21:37:46Z,-21.7165709,166.1698540,21.6,38886.2,4.820,128,93,124
2026-07-22T21:37:47Z,-21.7165940,166.1698009,21.6,38891.4,4.880,128,93,124
2026-07-22T21:37:48Z,-21.7166130,166.1697579,21.6,38896.5,4.960,128,93,125
2026-07-22T21:37:49Z,-21.7166220,166.1697149,21.6,38901.4,4.980,128,93,124
2026-07-22T21:37:50Z,-21.7166230,166.1696609,21.8,38906.8,5.080,128,93,124
2026-07-22T21:37:51Z,-21.7166179,166.1696179,22.0,38912.1,5.180,127,93,124
2026-07-22T21:37:52Z,-21.7166049,166.1695749,22.0,38917.0,5.120,127,93,124
2026-07-22T21:37:53Z,-21.7165840,166.1695330,22.2,38922.1,5.120,127,93,124
2026-07-22T21:37:54Z,-21.7165630,166.1694790,22.4,38926.8,5.080,127,93,125
2026-07-22T21:37:55Z,-21.7165400,166.1694569,22.6,38931.4,4.920,127,93,125
2026-07-22T21:37:56Z,-21.7165129,166.1694040,22.6,38936.2,4.820,127,93,125
2026-07-22T21:37:57Z,-21.7164879,166.1693719,22.8,38940.7,4.740,127,93,125
2026-07-22T21:37:58Z,-21.7164650,166.1693500,22.8,38945.3,4.640,126,93,124
2026-07-22T21:37:59Z,-21.7164449,166.1692969,23.0,38949.8,4.600,126,93,125
2026-07-22T21:38:00Z,-21.7164230,166.1692750,23.0,38954.2,4.560,126,92,125
2026-07-22T21:38:01Z,-21.7164050,166.1692210,23.2,38959.1,4.580,126,92,124
2026-07-22T21:38:02Z,-21.7163930,166.1691780,23.2,38963.8,4.620,126,92,124
2026-07-22T21:38:03Z,-21.7163859,166.1691360,23.2,38968.4,4.620,126,92,124
2026-07-22T21:38:04Z,-21.7163859,166.1690819,23.0,38973.7,4.780,125,91,124
2026-07-22T21:38:05Z,-21.7163930,166.1690389,23.0,38978.9,4.940,125,89,124
2026-07-22T21:38:06Z,-21.7164060,166.1689750,22.8,38984.4,5.060,124,89,124
2026-07-22T21:38:07Z,-21.7164230,166.1689320,22.6,38990.7,5.380,124,89,125
2026-07-22T21:38:08Z,-21.7164410,166.1688780,22.4,38996.9,5.700,124,89,125
2026-07-22T21:38:09Z,-21.7164500,166.1687920,22.2,39004.0,6.060,124,88,125
2026-07-22T21:38:10Z,-21.7164370,166.1687389,21.8,39011.2,6.460,124,88,125
2026-07-22T21:38:11Z,-21.7164009,166.1686740,21.6,39019.1,6.940,124,89,125
2026-07-22T21:38:12Z,-21.7163429,166.1686310,21.2,39027.3,7.320,124,89,125
2026-07-22T21:38:13Z,-21.7162709,166.1686099,21.0,39035.5,7.720,124,89,125
2026-07-22T21:38:14Z,-21.7161910,166.1686310,20.6,39044.5,8.100,124,88,125
2026-07-22T21:38:15Z,-21.7161119,166.1686639,20.4,39053.7,8.500,124,88,125
2026-07-22T21:38:16Z,-21.7160389,166.1686850,20.4,39063.0,8.780,125,88,124
2026-07-22T21:38:17Z,-21.7159679,166.1687389,20.8,39072.1,8.960,125,87,125
2026-07-22T21:38:18Z,-21.7159030,166.1687920,21.0,39080.8,9.060,125,87,124
2026-07-22T21:38:19Z,-21.7158370,166.1688460,21.2,39089.7,9.040,124,87,124
2026-07-22T21:38:20Z,-21.7157809,166.1688890,21.6,39097.6,8.780,125,87,124
2026-07-22T21:38:21Z,-21.7157229,166.1689320,21.8,39105.4,8.480,125,87,124
2026-07-22T21:38:22Z,-21.7156679,166.1689750,22.0,39113.0,8.180,124,86,124
2026-07-22T21:38:23Z,-21.7156150,166.1690070,22.2,39120.4,7.920,124,86,124
2026-07-22T21:38:24Z,-21.7155639,166.1690600,22.4,39127.4,7.540,124,86,124
2026-07-22T21:38:25Z,-21.7155140,166.1691030,22.6,39134.1,7.300,124,86,125
2026-07-22T21:38:26Z,-21.7154649,166.1691360,22.8,39140.8,7.080,124,86,124
2026-07-22T21:38:27Z,-21.7154190,166.1691679,23.0,39147.0,6.800,124,87,124
2026-07-22T21:38:28Z,-21.7153750,166.1692109,23.2,39153.2,6.560,125,87,125
2026-07-22T21:38:29Z,-21.7153300,166.1692429,23.4,39159.2,6.360,125,86,124
2026-07-22T21:38:30Z,-21.7152860,166.1692750,23.6,39165.0,6.180,125,86,125
2026-07-22T21:38:31Z,-21.7152470,166.1692969,23.8,39170.4,5.920,125,85,124
2026-07-22T21:38:32Z,-21.7152079,166.1693289,23.8,39175.8,5.760,125,86,125
2026-07-22T21:38:33Z,-21.7151680,166.1693610,24.0,39181.2,5.600,125,86,124
2026-07-22T21:38:34Z,-21.7151310,166.1693930,24.2,39186.4,5.440,126,86,124
2026-07-22T21:38:35Z,-21.7150960,166.1694250,24.4,39191.2,5.240,126,87,124
2026-07-22T21:38:36Z,-21.7150600,166.1694569,24.4,39196.2,5.160,126,87,125
2026-07-22T21:38:37Z,-21.7150229,166.1694680,24.6,39201.0,5.040,126,87,124
2026-07-22T21:38:38Z,-21.7149870,166.1694999,24.8,39205.7,4.900,126,87,125
2026-07-22T21:38:39Z,-21.7149560,166.1695330,25.0,39210.1,4.740,126,86,124
2026-07-22T21:38:40Z,-21.7149240,166.1695429,25.0,39214.6,4.680,126,86,124
2026-07-22T21:38:41Z,-21.7148909,166.1695749,25.2,39219.3,4.620,126,86,124
2026-07-22T21:38:42Z,-21.7148570,166.1696080,25.2,39223.9,4.580,127,86,124
2026-07-22T21:38:43Z,-21.7148240,166.1696400,25.2,39228.6,4.580,126,86,125
2026-07-22T21:38:44Z,-21.7147870,166.1696510,25.2,39233.4,4.660,126,86,125
2026-07-22T21:38:45Z,-21.7147479,166.1696830,25.2,39238.7,4.820,127,87,124
2026-07-22T21:38:46Z,-21.7147110,166.1697149,25.2,39243.9,4.920,127,87,125
2026-07-22T21:38:47Z,-21.7146690,166.1697469,25.2,39249.5,5.120,126,87,125
2026-07-22T21:38:48Z,-21.7146289,166.1697690,25.2,39255.1,5.300,126,87,124
2026-07-22T21:38:49Z,-21.7145859,166.1698009,25.2,39260.6,5.440,126,87,124
2026-07-22T21:38:50Z,-21.7145449,166.1698540,25.2,39266.5,5.560,125,87,125
2026-07-22T21:38:51Z,-21.7144990,166.1698759,25.2,39272.6,5.740,125,87,125
2026-07-22T21:38:52Z,-21.7144569,166.1699080,25.2,39278.4,5.780,125,87,125
2026-07-22T21:38:53Z,-21.7144090,166.1699400,25.2,39284.8,5.940,124,87,124
2026-07-22T21:38:54Z,-21.7143650,166.1699830,25.2,39290.8,6.040,124,87,124
2026-07-22T21:38:55Z,-21.7143190,166.1700150,25.2,39297.1,6.120,123,87,124
2026-07-22T21:38:56Z,-21.7142739,166.1700479,25.2,39303.4,6.160,123,86,124
2026-07-22T21:38:57Z,-21.7142269,166.1700899,25.2,39310.0,6.320,123,86,124
2026-07-22T21:38:58Z,-21.7141770,166.1701230,25.2,39316.6,6.360,122,86,124
2026-07-22T21:38:59Z,-21.7141289,166.1701550,25.2,39322.9,6.420,122,86,124
2026-07-22T21:39:00Z,-21.7140790,166.1701980,25.2,39329.6,6.500,122,85,124
2026-07-22T21:39:01Z,-21.7140299,166.1702300,25.0,39336.5,6.620,122,85,125
2026-07-22T21:39:02Z,-21.7139760,166.1702730,24.8,39343.6,6.720,122,85,124
2026-07-22T21:39:03Z,-21.7139200,166.1703049,24.6,39351.2,6.920,122,85,125
2026-07-22T21:39:04Z,-21.7138660,166.1703479,24.4,39358.6,7.140,122,84,124
2026-07-22T21:39:05Z,-21.7138040,166.1704020,24.2,39366.7,7.420,122,84,124
2026-07-22T21:39:06Z,-21.7137440,166.1704440,23.8,39375.1,7.720,122,84,125
2026-07-22T21:39:07Z,-21.7136809,166.1704870,23.6,39383.6,8.000,123,83,124
2026-07-22T21:39:08Z,-21.7136190,166.1705410,23.4,39391.9,8.140,123,83,124
2026-07-22T21:39:09Z,-21.7135490,166.1705949,23.2,39401.3,8.540,123,83,124
2026-07-22T21:39:10Z,-21.7134819,166.1706479,22.8,39410.4,8.740,123,83,124
2026-07-22T21:39:11Z,-21.7134140,166.1706909,22.6,39419.7,8.920,123,82,124
2026-07-22T21:39:12Z,-21.7133430,166.1707450,22.2,39429.2,9.120,124,83,125
2026-07-22T21:39:13Z,-21.7132730,166.1707990,22.0,39438.8,9.380,124,83,125
2026-07-22T21:39:14Z,-21.7132010,166.1708519,21.8,39448.8,9.500,124,84,125
2026-07-22T21:39:15Z,-21.7131219,166.1709170,21.4,39459.3,9.780,124,84,124
2026-07-22T21:39:16Z,-21.7130489,166.1709809,21.2,39469.2,9.900,124,84,125
2026-07-22T21:39:17Z,-21.7129730,166.1710239,20.8,39479.7,10.100,124,84,124
2026-07-22T21:39:18Z,-21.7128950,166.1710880,20.4,39490.3,10.300,124,84,125
2026-07-22T21:39:19Z,-21.7128169,166.1711419,20.2,39501.1,10.460,124,84,125
2026-07-22T21:39:20Z,-21.7127370,166.1712060,19.8,39511.8,10.500,124,84,124
2026-07-22T21:39:21Z,-21.7126599,166.1712709,19.6,39522.5,10.660,124,84,125
2026-07-22T21:39:22Z,-21.7125889,166.1713460,19.4,39533.5,10.760,124,84,124
2026-07-22T21:39:23Z,-21.7125400,166.1714320,19.2,39544.8,10.900,123,84,125
2026-07-22T21:39:24Z,-21.7125260,166.1715390,18.8,39555.8,10.940,123,84,124
2026-07-22T21:39:25Z,-21.7125520,166.1716460,18.6,39566.8,11.000,123,85,125
2026-07-22T21:39:26Z,-21.7126110,166.1717429,18.2,39577.9,11.080,123,85,124
2026-07-22T21:39:27Z,-21.7126870,166.1718070,18.2,39589.0,11.100,123,85,125
2026-07-22T21:39:28Z,-21.7127739,166.1718500,18.0,39600.2,11.080,123,85,125
2026-07-22T21:39:29Z,-21.7128720,166.1718820,18.0,39611.3,11.100,123,86,125
2026-07-22T21:39:30Z,-21.7129690,166.1718820,18.0,39622.2,11.080,123,85,125
2026-07-22T21:39:31Z,-21.7130550,166.1718289,18.4,39632.7,10.960,123,85,124
2026-07-22T21:39:32Z,-21.7131239,166.1717749,18.6,39642.4,10.680,124,85,125
2026-07-22T21:39:33Z,-21.7131870,166.1717100,19.0,39652.1,10.380,123,85,125
2026-07-22T21:39:34Z,-21.7132420,166.1716350,19.2,39661.3,10.000,124,85,124
2026-07-22T21:39:35Z,-21.7132959,166.1715709,19.6,39670.4,9.640,124,85,125
2026-07-22T21:39:36Z,-21.7133480,166.1715170,19.8,39679.0,9.260,123,85,124
2026-07-22T21:39:37Z,-21.7134020,166.1714530,20.0,39687.2,8.960,123,84,125
2026-07-22T21:39:38Z,-21.7134600,166.1714100,20.2,39695.2,8.620,123,84,124
2026-07-22T21:39:39Z,-21.7135200,166.1713780,20.2,39703.1,8.360,123,84,125
2026-07-22T21:39:40Z,-21.7135870,166.1713460,20.2,39710.9,8.100,123,84,125
2026-07-22T21:39:41Z,-21.7136539,166.1713350,20.0,39718.5,7.900,122,84,125
2026-07-22T21:39:42Z,-21.7137269,166.1713139,19.8,39726.6,7.880,122,84,125
2026-07-22T21:39:43Z,-21.7138030,166.1713139,19.6,39734.9,7.940,122,85,124
2026-07-22T21:39:44Z,-21.7138790,166.1713030,19.2,39743.5,8.080,122,85,124
2026-07-22T21:39:45Z,-21.7139600,166.1712809,18.8,39752.4,8.300,122,85,124
2026-07-22T21:39:46Z,-21.7140380,166.1712490,18.6,39761.8,8.660,122,86,124
2026-07-22T21:39:47Z,-21.7141070,166.1712060,18.2,39771.4,8.960,122,86,125
2026-07-22T21:39:48Z,-21.7141680,166.1711310,17.8,39781.2,9.260,121,86,124
2026-07-22T21:39:49Z,-21.7142169,166.1710559,17.6,39791.2,9.540,121,86,125
2026-07-22T21:39:50Z,-21.7142670,166.1709590,17.2,39801.5,9.820,121,86,125
2026-07-22T21:39:51Z,-21.7143169,166.1708840,16.8,39811.8,10.000,121,86,125
2026-07-22T21:39:52Z,-21.7143810,166.1707990,16.6,39823.4,10.400,121,86,124
2026-07-22T21:39:53Z,-21.7144490,166.1707450,16.2,39832.8,10.320,121,87,125
2026-07-22T21:39:54Z,-21.7145370,166.1707020,16.0,39843.4,10.440,121,87,125
2026-07-22T21:39:55Z,-21.7146329,166.1706909,15.8,39854.0,10.500,121,87,125
2026-07-22T21:39:56Z,-21.7147280,166.1706700,15.6,39864.8,10.600,121,87,124
2026-07-22T21:39:57Z,-21.7148209,166.1706479,15.4,39875.6,10.440,121,87,125
2026-07-22T21:39:58Z,-21.7148929,166.1705840,15.2,39886.4,10.720,121,87,124
2026-07-22T21:39:59Z,-21.7149380,166.1704870,15.0,39897.2,10.760,122,86,124
2026-07-22T21:40:00Z,-21.7149590,166.1703799,14.8,39908.0,10.800,122,86,124
2026-07-22T21:40:01Z,-21.7149540,166.1702730,14.8,39919.2,10.880,122,86,125
2026-07-22T21:40:02Z,-21.7149069,166.1701870,14.8,39929.8,10.840,122,86,124
2026-07-22T21:40:03Z,-21.7148370,166.1701230,14.8,39940.4,10.800,122,86,124
2026-07-22T21:40:04Z,-21.7147619,166.1700580,14.8,39950.8,10.720,122,85,124
2026-07-22T21:40:05Z,-21.7146919,166.1700049,14.8,39960.9,10.580,122,85,125
2026-07-22T21:40:06Z,-21.7146210,166.1699400,14.8,39971.0,10.360,122,85,124
2026-07-22T21:40:07Z,-21.7145530,166.1698759,14.8,39981.0,10.240,122,86,124
2026-07-22T21:40:08Z,-21.7144820,166.1698220,14.8,39990.9,10.100,122,86,125
2026-07-22T21:40:09Z,-21.7144130,166.1697579,14.8,40000.8,10.000,122,86,124
2026-07-22T21:40:10Z,-21.7143449,166.1696930,14.8,40010.5,9.920,122,86,124
2026-07-22T21:40:11Z,-21.7142780,166.1696400,14.8,40020.0,9.800,122,86,125
2026-07-22T21:40:12Z,-21.7142129,166.1695749,14.8,40029.3,9.660,122,87,124
2026-07-22T21:40:13Z,-21.7141460,166.1695330,14.8,40038.5,9.520,122,87,124
2026-07-22T21:40:14Z,-21.7140820,166.1694680,14.8,40047.8,9.400,122,87,124
2026-07-22T21:40:15Z,-21.7140159,166.1694040,14.8,40057.1,9.320,122,87,124
2026-07-22T21:40:16Z,-21.7139530,166.1693610,14.8,40066.1,9.220,122,87,124
2026-07-22T21:40:17Z,-21.7138930,166.1692969,14.8,40075.1,9.160,122,87,124
2026-07-22T21:40:18Z,-21.7138409,166.1692429,14.6,40084.1,9.120,122,87,125
2026-07-22T21:40:19Z,-21.7138109,166.1691460,14.6,40093.0,9.040,122,86,124
2026-07-22T21:40:20Z,-21.7138040,166.1690709,14.6,40102.1,9.000,122,86,124
2026-07-22T21:40:21Z,-21.7138160,166.1689750,14.6,40110.9,8.960,122,86,124
2026-07-22T21:40:22Z,-21.7138429,166.1689000,14.6,40119.8,8.940,122,86,125
2026-07-22T21:40:23Z,-21.7138770,166.1688239,14.6,40128.2,8.820,122,86,125
2026-07-22T21:40:24Z,-21.7139160,166.1687490,14.6,40137.2,8.840,122,86,124
2026-07-22T21:40:25Z,-21.7139569,166.1686740,14.6,40145.8,8.740,122,86,124
2026-07-22T21:40:26Z,-21.7139989,166.1686099,14.6,40154.3,8.680,122,85,124
2026-07-22T21:40:27Z,-21.7140470,166.1685349,14.6,40163.1,8.660,122,85,125
2026-07-22T21:40:28Z,-21.7140910,166.1684809,14.6,40171.5,8.660,122,85,125
2026-07-22T21:40:29Z,-21.7141370,166.1684170,14.6,40179.9,8.540,122,85,124
2026-07-22T21:40:30Z,-21.7141879,166.1683420,14.6,40188.9,8.620,123,85,125
2026-07-22T21:40:31Z,-21.7142319,166.1682769,14.6,40197.2,8.580,123,85,124
2026-07-22T21:40:32Z,-21.7142760,166.1682130,14.6,40205.8,8.540,123,85,125
2026-07-22T21:40:33Z,-21.7143179,166.1681380,14.6,40214.5,8.600,122,85,124
2026-07-22T21:40:34Z,-21.7143599,166.1680840,14.6,40222.9,8.600,122,85,124
2026-07-22T21:40:35Z,-21.7144019,166.1679980,14.6,40231.8,8.580,122,85,125
2026-07-22T21:40:36Z,-21.7144350,166.1679230,14.6,40240.2,8.600,123,85,125
2026-07-22T21:40:37Z,-21.7144630,166.1678479,14.6,40248.6,8.560,123,85,125
2026-07-22T21:40:38Z,-21.7144940,166.1677729,14.6,40256.8,8.460,122,85,125
2026-07-22T21:40:39Z,-21.7145260,166.1677090,14.6,40265.0,8.420,122,85,125
2026-07-22T21:40:40Z,-21.7145579,166.1676340,14.6,40273.8,8.400,122,85,124
2026-07-22T21:40:41Z,-21.7145830,166.1675579,14.6,40281.4,8.240,122,85,124
2026-07-22T21:40:42Z,-21.7146039,166.1674830,14.6,40289.7,8.220,122,85,124
2026-07-22T21:40:43Z,-21.7146159,166.1674080,14.6,40298.4,8.320,122,85,124
2026-07-22T21:40:44Z,-21.7146130,166.1673330,14.6,40306.4,8.280,122,85,125
2026-07-22T21:40:45Z,-21.7146000,166.1672579,14.6,40314.4,8.119,122,85,125
2026-07-22T21:40:46Z,-21.7145749,166.1671610,14.4,40322.9,8.300,122,85,124
2026-07-22T21:40:47Z,-21.7145449,166.1671080,14.2,40331.1,8.280,122,85,124
2026-07-22T21:40:48Z,-21.7145070,166.1670220,14.0,40339.8,8.280,122,85,125
2026-07-22T21:40:49Z,-21.7144640,166.1669470,14.0,40348.3,8.380,122,85,124
2026-07-22T21:40:50Z,-21.7144120,166.1668930,13.8,40357.4,8.600,122,85,124
2026-07-22T21:40:51Z,-21.7143530,166.1668290,13.6,40366.3,8.680,123,85,125
2026-07-22T21:40:52Z,-21.7142869,166.1667860,13.4,40374.9,8.760,123,85,125
2026-07-22T21:40:53Z,-21.7142110,166.1667539,13.4,40384.1,8.860,123,85,124
2026-07-22T21:40:54Z,-21.7141330,166.1667320,13.4,40393.0,8.940,124,84,124
2026-07-22T21:40:55Z,-21.7140520,166.1667320,13.6,40401.8,8.880,124,84,124
2026-07-22T21:40:56Z,-21.7139750,166.1667539,13.6,40410.8,8.900,124,83,124
2026-07-22T21:40:57Z,-21.7139040,166.1667860,13.8,40419.1,8.840,124,83,124
2026-07-22T21:40:58Z,-21.7138380,166.1668180,14.0,40427.2,8.620,124,83,124
2026-07-22T21:40:59Z,-21.7137720,166.1668610,14.2,40435.4,8.480,123,83,125
2026-07-22T21:41:00Z,-21.7137050,166.1668930,14.4,40443.5,8.340,124,83,125
2026-07-22T21:41:01Z,-21.7136490,166.1669150,14.4,40450.8,8.000,123,83,125
2026-07-22T21:41:02Z,-21.7135860,166.1669679,14.6,40458.7,7.920,123,83,125
2026-07-22T21:41:03Z,-21.7135239,166.1670010,14.6,40466.2,7.800,123,83,125
2026-07-22T21:41:04Z,-21.7134600,166.1670109,14.6,40473.8,7.680,123,83,125
2026-07-22T21:41:05Z,-21.7133949,166.1670429,14.4,40481.5,7.600,123,83,124
2026-07-22T21:41:06Z,-21.7133259,166.1670760,14.2,40489.6,7.760,123,82,125
2026-07-22T21:41:07Z,-21.7132560,166.1671080,14.0,40498.0,7.860,123,82,125
2026-07-22T21:41:08Z,-21.7131830,166.1671190,13.8,40506.2,8.000,123,83,125
2026-07-22T21:41:09Z,-21.7131040,166.1671190,13.6,40514.9,8.220,123,83,124
2026-07-22T21:41:10Z,-21.7130290,166.1671190,13.6,40523.6,8.420,123,83,125
2026-07-22T21:41:11Z,-21.7129540,166.1670760,13.6,40532.5,8.580,123,83,125
2026-07-22T21:41:12Z,-21.7128909,166.1670220,13.8,40541.0,8.600,123,83,125
2026-07-22T21:41:13Z,-21.7128329,166.1669790,14.0,40549.4,8.640,123,84,125
2026-07-22T21:41:14Z,-21.7127820,166.1669150,14.2,40557.6,8.540,123,84,125
2026-07-22T21:41:15Z,-21.7127290,166.1668720,14.4,40565.4,8.360,123,84,124
2026-07-22T21:41:16Z,-21.7126749,166.1668290,14.6,40572.7,8.039,123,84,124
2026-07-22T21:41:17Z,-21.7126110,166.1667969,14.6,40580.3,7.860,123,84,124
2026-07-22T21:41:18Z,-21.7125479,166.1667860,14.6,40587.6,7.640,123,84,124
2026-07-22T21:41:19Z,-21.7124810,166.1667860,14.6,40595.0,7.480,123,83,124
2026-07-22T21:41:20Z,-21.7124120,166.1667640,14.4,40602.6,7.440,122,83,125
2026-07-22T21:41:21Z,-21.7123449,166.1667640,14.4,40610.1,7.480,122,83,124
2026-07-22T21:41:22Z,-21.7122749,166.1667860,14.4,40617.8,7.500,121,82,124
2026-07-22T21:41:23Z,-21.7122029,166.1667860,14.2,40625.9,7.660,121,82,124
2026-07-22T21:41:24Z,-21.7121330,166.1667860,14.2,40633.6,7.720,121,82,125
2026-07-22T21:41:25Z,-21.7120610,166.1667640,14.0,40641.6,7.800,121,82,124
2026-07-22T21:41:26Z,-21.7119879,166.1667539,14.0,40649.8,7.940,121,82,125
2026-07-22T21:41:27Z,-21.7119159,166.1667320,14.0,40658.0,8.039,121,82,124
2026-07-22T21:41:28Z,-21.7118520,166.1667109,13.8,40666.1,8.039,120,82,125
2026-07-22T21:41:29Z,-21.7117979,166.1666460,13.8,40674.3,8.140,121,83,124
2026-07-22T21:41:30Z,-21.7117699,166.1665710,13.8,40682.6,8.200,121,84,125
2026-07-22T21:41:31Z,-21.7117620,166.1664959,13.8,40691.0,8.240,121,84,125
2026-07-22T21:41:32Z,-21.7117670,166.1664209,13.8,40699.4,8.280,122,84,124
2026-07-22T21:41:33Z,-21.7117780,166.1663250,13.6,40707.8,8.340,122,84,124
2026-07-22T21:41:34Z,-21.7117829,166.1662499,13.6,40716.0,8.340,121,85,124
2026-07-22T21:41:35Z,-21.7117829,166.1661740,13.6,40723.9,8.260,122,84,125
2026-07-22T21:41:36Z,-21.7117829,166.1660990,13.6,40732.3,8.260,122,85,124
2026-07-22T21:41:37Z,-21.7117829,166.1660240,13.4,40740.9,8.300,122,85,125
2026-07-22T21:41:38Z,-21.7117849,166.1659280,13.2,40749.6,8.360,123,85,125
2026-07-22T21:41:39Z,-21.7117869,166.1658530,13.2,40758.2,8.440,123,85,124
2026-07-22T21:41:40Z,-21.7117849,166.1657560,13.0,40766.5,8.520,123,85,124
2026-07-22T21:41:41Z,-21.7117780,166.1656810,13.0,40775.6,8.660,124,84,124
2026-07-22T21:41:42Z,-21.7117470,166.1656060,13.0,40783.9,8.600,124,83,125
2026-07-22T21:41:43Z,-21.7116969,166.1655410,13.0,40792.7,8.620,124,83,125
2026-07-22T21:41:44Z,-21.7116399,166.1654879,13.0,40800.9,8.540,124,83,124
2026-07-22T21:41:45Z,-21.7115730,166.1654449,13.0,40809.6,8.620,124,83,124
2026-07-22T21:41:46Z,-21.7115040,166.1654130,13.0,40818.3,8.540,125,82,124
2026-07-22T21:41:47Z,-21.7114360,166.1653800,13.0,40826.4,8.500,124,82,124
2026-07-22T21:41:48Z,-21.7113580,166.1653589,13.0,40835.2,8.500,124,82,125
2026-07-22T21:41:49Z,-21.7112819,166.1653480,13.0,40843.7,8.560,124,82,125
2026-07-22T21:41:50Z,-21.7112069,166.1653589,13.0,40851.9,8.460,124,81,125
2026-07-22T21:41:51Z,-21.7111330,166.1653589,13.0,40860.2,8.380,124,81,125
2026-07-22T21:41:52Z,-21.7110550,166.1653589,13.0,40868.9,8.500,125,81,125
2026-07-22T21:41:53Z,-21.7109799,166.1653800,13.0,40877.2,8.400,124,81,125
2026-07-22T21:41:54Z,-21.7109079,166.1653800,13.0,40885.2,8.300,124,81,125
2026-07-22T21:41:55Z,-21.7108310,166.1653800,13.0,40893.6,8.340,124,82,125
2026-07-22T21:41:56Z,-21.7107550,166.1653800,13.0,40902.1,8.380,124,82,124
2026-07-22T21:41:57Z,-21.7106810,166.1653800,13.0,40910.3,8.280,125,82,125
2026-07-22T21:41:58Z,-21.7106059,166.1653589,13.0,40918.6,8.280,125,82,124
2026-07-22T21:41:59Z,-21.7105319,166.1653589,13.0,40926.8,8.320,125,83,125
2026-07-22T21:42:00Z,-21.7104599,166.1653589,13.0,40934.9,8.260,125,83,124
2026-07-22T21:42:01Z,-21.7103840,166.1653589,13.0,40943.1,8.200,125,83,124
2026-07-22T21:42:02Z,-21.7103080,166.1653589,13.0,40951.4,8.220,125,83,125
2026-07-22T21:42:03Z,-21.7102339,166.1653800,13.0,40959.7,8.220,125,83,125
2026-07-22T21:42:04Z,-21.7101619,166.1653800,13.0,40967.9,8.220,125,83,124
2026-07-22T21:42:05Z,-21.7100849,166.1653800,13.0,40976.2,8.260,125,83,124
2026-07-22T21:42:06Z,-21.7100139,166.1653800,13.0,40984.1,8.200,126,82,124
2026-07-22T21:42:07Z,-21.7099390,166.1653800,13.0,40992.5,8.220,126,82,124
2026-07-22T21:42:08Z,-21.7098650,166.1653589,13.0,41000.6,8.180,126,81,124
2026-07-22T21:42:09Z,-21.7097920,166.1653589,13.0,41008.8,8.180,126,81,124
2026-07-22T21:42:10Z,-21.7097190,166.1653589,13.0,41016.8,8.119,125,81,124
2026-07-22T21:42:11Z,-21.7096439,166.1653480,13.0,41025.2,8.220,125,81,124
2026-07-22T21:42:12Z,-21.7095740,166.1653480,13.0,41033.0,8.100,125,82,126
2026-07-22T21:42:13Z,-21.7094989,166.1653480,13.0,41041.2,8.119,125,83,125
2026-07-22T21:42:14Z,-21.7094259,166.1653480,13.0,41049.3,8.100,126,84,124
2026-07-22T21:42:15Z,-21.7093500,166.1653480,13.0,41057.7,8.180,126,85,125
2026-07-22T21:42:16Z,-21.7092780,166.1653480,13.0,41065.6,8.080,125,85,124
2026-07-22T21:42:17Z,-21.7092060,166.1653480,13.0,41073.6,8.119,125,85,125
2026-07-22T21:42:18Z,-21.7091330,166.1653589,13.0,41081.8,8.119,125,85,124
2026-07-22T21:42:19Z,-21.7090610,166.1653589,13.0,41089.9,8.119,125,85,124
2026-07-22T21:42:20Z,-21.7089870,166.1653589,13.0,41097.9,8.039,125,85,125
2026-07-22T21:42:21Z,-21.7089150,166.1653589,13.0,41106.0,8.080,125,85,125
2026-07-22T21:42:22Z,-21.7088420,166.1653589,13.0,41114.1,8.100,125,84,124
2026-07-22T21:42:23Z,-21.7087669,166.1653589,13.0,41122.2,8.080,125,84,124
2026-07-22T21:42:24Z,-21.7086949,166.1653589,13.0,41130.3,8.080,125,84,124
2026-07-22T21:42:25Z,-21.7086219,166.1653480,13.0,41138.3,8.080,125,84,124
2026-07-22T21:42:26Z,-21.7085489,166.1653480,13.0,41146.4,8.080,125,84,124
2026-07-22T21:42:27Z,-21.7084769,166.1653589,13.0,41154.3,8.039,124,84,125
2026-07-22T21:42:28Z,-21.7084059,166.1653800,13.0,41162.4,8.039,124,84,124
2026-07-22T21:42:29Z,-21.7083420,166.1654130,13.0,41170.4,8.020,123,83,124
2026-07-22T21:42:30Z,-21.7082909,166.1654660,13.0,41178.4,8.020,123,83,125
2026-07-22T21:42:31Z,-21.7082550,166.1655309,13.0,41186.5,8.020,122,83,125
2026-07-22T21:42:32Z,-21.7082329,166.1656060,13.0,41194.7,8.080,122,82,125
2026-07-22T21:42:33Z,-21.7082280,166.1656810,13.0,41202.5,8.020,122,81,124
2026-07-22T21:42:34Z,-21.7082290,166.1657560,13.0,41210.9,8.100,122,81,124
2026-07-22T21:42:35Z,-21.7082430,166.1658420,13.0,41218.6,8.039,121,80,124
2026-07-22T21:42:36Z,-21.7082599,166.1659169,13.0,41227.1,8.119,121,80,124
2026-07-22T21:42:37Z,-21.7082790,166.1659919,13.0,41235.1,8.080,121,80,124
2026-07-22T21:42:38Z,-21.7082960,166.1660670,13.0,41242.7,8.039,121,79,124
2026-07-22T21:42:39Z,-21.7083110,166.1661420,13.0,41251.0,8.020,121,79,125
2026-07-22T21:42:40Z,-21.7083179,166.1662170,13.0,41259.2,8.119,121,78,124
2026-07-22T21:42:41Z,-21.7083100,166.1662919,13.0,41267.4,8.060,122,79,124
2026-07-22T21:42:42Z,-21.7082950,166.1663679,13.0,41275.4,8.060,121,79,124
2026-07-22T21:42:43Z,-21.7082739,166.1664430,13.0,41282.9,8.039,121,79,124
2026-07-22T21:42:44Z,-21.7082449,166.1665280,13.0,41291.3,8.060,121,78,125
2026-07-22T21:42:45Z,-21.7082120,166.1665819,13.0,41299.2,8.000,121,79,125
2026-07-22T21:42:46Z,-21.7081690,166.1666460,13.0,41307.1,7.940,121,79,124
2026-07-22T21:42:47Z,-21.7081130,166.1667109,13.0,41315.7,8.060,122,80,124
2026-07-22T21:42:48Z,-21.7080579,166.1667539,13.0,41323.5,8.119,122,80,124
2026-07-22T21:42:49Z,-21.7079970,166.1667969,13.0,41331.8,8.100,122,80,124
2026-07-22T21:42:50Z,-21.7079410,166.1668399,13.0,41339.4,8.039,122,80,124
2026-07-22T21:42:51Z,-21.7078889,166.1668930,13.0,41347.6,8.100,122,80,124
2026-07-22T21:42:52Z,-21.7078419,166.1669470,13.0,41355.6,7.980,123,80,124
2026-07-22T21:42:53Z,-21.7077960,166.1670109,13.0,41364.0,8.100,123,80,124
2026-07-22T21:42:54Z,-21.7077530,166.1670760,13.0,41372.0,8.039,123,80,124
2026-07-22T21:42:55Z,-21.7077090,166.1671289,13.0,41380.0,8.119,124,80,124
2026-07-22T21:42:56Z,-21.7076579,166.1671940,13.0,41388.1,8.100,124,80,124
2026-07-22T21:42:57Z,-21.7076040,166.1672370,13.0,41396.2,8.119,124,80,124
2026-07-22T21:42:58Z,-21.7075470,166.1673009,13.0,41404.2,8.039,124,80,124
2026-07-22T21:42:59Z,-21.7074890,166.1673439,13.0,41412.3,8.060,124,80,125
2026-07-22T21:43:00Z,-21.7074300,166.1673970,13.0,41420.5,8.100,124,80,125
2026-07-22T21:43:01Z,-21.7073709,166.1674400,13.0,41428.4,8.060,124,80,125
2026-07-22T21:43:02Z,-21.7073080,166.1674729,13.0,41436.3,8.020,124,80,125
2026-07-22T21:43:03Z,-21.7072399,166.1675050,13.0,41444.9,8.140,124,80,125
2026-07-22T21:43:04Z,-21.7071730,166.1675260,13.0,41452.8,8.100,124,79,125
2026-07-22T21:43:05Z,-21.7071000,166.1675480,13.0,41461.0,8.100,124,79,124
2026-07-22T21:43:06Z,-21.7070239,166.1675579,13.0,41469.4,8.200,124,79,124
2026-07-22T21:43:07Z,-21.7069450,166.1675579,13.0,41478.3,8.400,124,80,124
2026-07-22T21:43:08Z,-21.7068679,166.1675579,13.0,41486.7,8.360,125,80,125
2026-07-22T21:43:09Z,-21.7067929,166.1675579,13.0,41495.1,8.460,124,80,124
2026-07-22T21:43:10Z,-21.7067150,166.1675579,13.0,41503.6,8.520,124,80,124
2026-07-22T21:43:11Z,-21.7066390,166.1675800,13.0,41512.1,8.540,123,80,125
2026-07-22T21:43:12Z,-21.7065619,166.1675800,13.0,41520.6,8.460,123,81,124
2026-07-22T21:43:13Z,-21.7064860,166.1675800,13.0,41529.1,8.480,123,81,125
2026-07-22T21:43:14Z,-21.7064090,166.1675910,13.0,41537.5,8.480,122,81,125
2026-07-22T21:43:15Z,-21.7063339,166.1675910,13.0,41546.0,8.480,122,82,124
2026-07-22T21:43:16Z,-21.7062580,166.1675910,13.0,41554.4,8.460,122,82,125
2026-07-22T21:43:17Z,-21.7061810,166.1676009,13.0,41562.9,8.460,122,82,124
2026-07-22T21:43:18Z,-21.7061090,166.1676009,13.0,41571.0,8.380,122,82,124
2026-07-22T21:43:19Z,-21.7060299,166.1676009,13.0,41579.6,8.420,121,82,124
2026-07-22T21:43:20Z,-21.7059560,166.1676230,13.0,41587.9,8.380,121,82,125
2026-07-22T21:43:21Z,-21.7058810,166.1676230,13.0,41596.3,8.380,121,82,125
2026-07-22T21:43:22Z,-21.7058060,166.1676340,13.0,41604.6,8.340,121,82,124
2026-07-22T21:43:23Z,-21.7057340,166.1676550,13.0,41612.8,8.360,121,82,124
2026-07-22T21:43:24Z,-21.7056579,166.1676550,13.2,41621.0,8.280,121,82,124
2026-07-22T21:43:25Z,-21.7055859,166.1676660,13.2,41629.1,8.240,121,82,124
2026-07-22T21:43:26Z,-21.7055149,166.1676660,13.4,41637.0,8.140,121,82,124
2026-07-22T21:43:27Z,-21.7054429,166.1676869,13.4,41645.0,8.080,121,82,124
2026-07-22T21:43:28Z,-21.7053740,166.1676980,13.6,41652.8,8.000,121,81,124
2026-07-22T21:43:29Z,-21.7053060,166.1677090,13.6,41660.5,7.900,121,81,124
2026-07-22T21:43:30Z,-21.7052370,166.1677299,13.8,41668.3,7.840,121,81,124
2026-07-22T21:43:31Z,-21.7051699,166.1677410,14.0,41675.7,7.740,121,81,125
2026-07-22T21:43:32Z,-21.7051060,166.1677410,14.0,41683.1,7.620,121,81,125
2026-07-22T21:43:33Z,-21.7050360,166.1677729,14.2,41690.8,7.600,121,80,125
2026-07-22T21:43:34Z,-21.7049760,166.1677729,14.4,41697.9,7.480,121,80,125
2026-07-22T21:43:35Z,-21.7049129,166.1677940,14.4,41704.9,7.320,122,80,124
2026-07-22T21:43:36Z,-21.7048509,166.1678049,14.6,41711.7,7.200,122,80,124
2026-07-22T21:43:37Z,-21.7047890,166.1678159,14.6,41718.9,7.160,121,79,124
2026-07-22T21:43:38Z,-21.7047259,166.1678370,14.8,41726.0,7.040,121,79,124
2026-07-22T21:43:39Z,-21.7046659,166.1678479,14.8,41732.9,7.000,121,79,125
2026-07-22T21:43:40Z,-21.7046069,166.1678800,15.0,41739.6,6.940,121,78,125
2026-07-22T21:43:41Z,-21.7045470,166.1679019,15.0,41746.7,7.000,121,78,124
2026-07-22T21:43:42Z,-21.7044890,166.1679120,15.0,41753.4,6.900,121,78,124
2026-07-22T21:43:43Z,-21.7044290,166.1679449,15.0,41760.6,6.920,121,77,124
2026-07-22T21:43:44Z,-21.7043720,166.1679550,15.2,41767.2,6.860,121,77,124
2026-07-22T21:43:45Z,-21.7043120,166.1679879,15.2,41774.2,6.920,121,77,124
2026-07-22T21:43:46Z,-21.7042489,166.1679879,15.2,41781.3,6.920,122,76,124
2026-07-22T21:43:47Z,-21.7041889,166.1679980,15.0,41788.3,6.980,121,76,124
2026-07-22T21:43:48Z,-21.7041260,166.1680199,15.0,41795.2,6.920,121,75,124
2026-07-22T21:43:49Z,-21.7040580,166.1680309,15.0,41802.6,7.080,121,75,125
2026-07-22T21:43:50Z,-21.7039909,166.1680309,15.0,41810.2,7.200,121,74,125
2026-07-22T21:43:51Z,-21.7039309,166.1680520,15.0,41817.1,7.160,121,74,124
2026-07-22T21:43:52Z,-21.7038650,166.1680840,15.2,41824.7,7.280,121,74,125
2026-07-22T21:43:53Z,-21.7038049,166.1680950,15.4,41831.6,7.280,120,74,124
2026-07-22T21:43:54Z,-21.7037429,166.1681059,15.4,41838.6,7.200,120,74,125
2026-07-22T21:43:55Z,-21.7036859,166.1681270,15.6,41845.4,7.040,120,74,125
2026-07-22T21:43:56Z,-21.7036240,166.1681590,15.6,41852.5,7.080,120,74,125
2026-07-22T21:43:57Z,-21.7035680,166.1681700,15.6,41859.0,6.860,120,74,124
2026-07-22T21:43:58Z,-21.7035090,166.1681909,15.6,41865.8,6.840,120,74,124
2026-07-22T21:43:59Z,-21.7034480,166.1682020,15.6,41872.9,6.860,119,74,124
2026-07-22T21:44:00Z,-21.7033890,166.1682130,15.6,41879.6,6.840,119,74,124
2026-07-22T21:44:01Z,-21.7033240,166.1682450,15.4,41887.1,6.920,118,74,124
2026-07-22T21:44:02Z,-21.7032630,166.1682670,15.2,41894.4,7.080,118,74,67
2026-07-22T21:44:03Z,-21.7031959,166.1682880,14.8,41902.3,7.300,118,74,78
2026-07-22T21:44:04Z,-21.7031279,166.1683199,14.4,41910.4,7.500,118,72,125
2026-07-22T21:44:05Z,-21.7030590,166.1683519,14.0,41918.9,7.860,118,74,126
2026-07-22T21:44:06Z,-21.7029900,166.1683949,13.8,41928.1,8.200,117,77,125
2026-07-22T21:44:07Z,-21.7029249,166.1684600,13.4,41937.3,8.580,118,79,125
2026-07-22T21:44:08Z,-21.7028580,166.1685239,13.2,41947.1,8.960,118,81,125
2026-07-22T21:44:09Z,-21.7027979,166.1685880,13.0,41956.3,9.180,118,82,124
2026-07-22T21:44:10Z,-21.7027350,166.1686420,13.0,41965.9,9.400,119,82,124
2026-07-22T21:44:11Z,-21.7026689,166.1687170,13.0,41976.1,9.600,120,83,125
2026-07-22T21:44:12Z,-21.7026099,166.1687819,13.0,41985.1,9.560,120,83,125
2026-07-22T21:44:13Z,-21.7025470,166.1688460,13.0,41994.9,9.560,120,83,124
2026-07-22T21:44:14Z,-21.7024880,166.1689000,13.0,42004.1,9.560,121,84,124
2026-07-22T21:44:15Z,-21.7024280,166.1689640,13.0,42013.3,9.480,121,84,125
2026-07-22T21:44:16Z,-21.7023619,166.1690279,13.0,42022.4,9.260,121,84,125
2026-07-22T21:44:17Z,-21.7022960,166.1690709,13.0,42031.3,9.240,121,85,124
2026-07-22T21:44:18Z,-21.7022209,166.1691139,13.0,42040.6,9.140,121,85,124
2026-07-22T21:44:19Z,-21.7021450,166.1691460,13.0,42049.6,9.100,121,85,124
2026-07-22T21:44:20Z,-21.7020710,166.1691679,13.0,42058.3,9.000,121,86,124
2026-07-22T21:44:21Z,-21.7019929,166.1691890,13.0,42067.1,8.940,121,85,124
2026-07-22T21:44:22Z,-21.7019130,166.1692109,13.0,42076.4,9.020,121,85,124
2026-07-22T21:44:23Z,-21.7018380,166.1692210,13.0,42084.9,8.860,121,85,124
2026-07-22T21:44:24Z,-21.7017609,166.1692539,13.0,42093.5,8.780,121,85,125
2026-07-22T21:44:25Z,-21.7016859,166.1692750,13.0,42102.2,8.780,121,85,125
2026-07-22T21:44:26Z,-21.7016060,166.1692859,13.0,42111.2,8.820,121,85,74
2026-07-22T21:44:27Z,-21.7015329,166.1693180,13.0,42119.5,8.620,121,88,101
2026-07-22T21:44:28Z,-21.7014569,166.1693289,13.0,42128.2,8.660,121,83,124
2026-07-22T21:44:29Z,-21.7013820,166.1693500,13.0,42136.8,8.660,121,83,124
2026-07-22T21:44:30Z,-21.7013090,166.1693719,13.0,42145.0,8.560,121,84,124
2026-07-22T21:44:31Z,-21.7012330,166.1693930,13.0,42153.7,8.500,122,85,125
2026-07-22T21:44:32Z,-21.7011600,166.1694040,13.0,42162.1,8.520,122,85,124
2026-07-22T21:44:33Z,-21.7010910,166.1694360,13.0,42170.3,8.420,122,85,124
2026-07-22T21:44:34Z,-21.7010180,166.1694569,13.0,42178.6,8.360,122,85,124
2026-07-22T21:44:35Z,-21.7009419,166.1694790,13.0,42187.2,8.440,123,85,124
2026-07-22T21:44:36Z,-21.7008709,166.1694999,13.0,42195.5,8.360,123,85,124
2026-07-22T21:44:37Z,-21.7007979,166.1695110,13.0,42203.8,8.340,123,85,124
2026-07-22T21:44:38Z,-21.7007249,166.1695429,13.0,42212.2,8.380,124,85,124
2026-07-22T21:44:39Z,-21.7006519,166.1695650,13.0,42220.4,8.360,124,85,125
2026-07-22T21:44:40Z,-21.7005799,166.1695749,13.0,42228.7,8.300,124,85,125
2026-07-22T21:44:41Z,-21.7005089,166.1695859,13.0,42236.7,8.240,124,85,124
2026-07-22T21:44:42Z,-21.7004359,166.1696080,13.0,42244.9,8.220,124,85,124
2026-07-22T21:44:43Z,-21.7003600,166.1696179,13.0,42253.5,8.260,124,85,125
2026-07-22T21:44:44Z,-21.7002890,166.1696400,13.0,42261.4,8.200,124,85,125
2026-07-22T21:44:45Z,-21.7002160,166.1696510,13.0,42269.7,8.200,124,84,124
2026-07-22T21:44:46Z,-21.7001460,166.1696609,13.0,42277.7,8.200,123,84,124
2026-07-22T21:44:47Z,-21.7000710,166.1696930,13.0,42286.2,8.260,123,84,125
2026-07-22T21:44:48Z,-21.6999990,166.1697149,13.0,42294.3,8.160,123,83,124
2026-07-22T21:44:49Z,-21.6999310,166.1697260,13.0,42302.3,8.180,123,83,124
2026-07-22T21:44:50Z,-21.6998580,166.1697469,13.0,42310.6,8.180,122,82,124
2026-07-22T21:44:51Z,-21.6997870,166.1697690,13.0,42318.7,8.200,122,82,124
2026-07-22T21:44:52Z,-21.6997169,166.1697899,13.0,42326.7,8.100,122,82,124
2026-07-22T21:44:53Z,-21.6996420,166.1698009,13.0,42335.0,8.140,121,82,125
2026-07-22T21:44:54Z,-21.6995700,166.1698220,13.0,42343.2,8.180,121,82,202
2026-07-22T21:44:55Z,-21.6995039,166.1698329,13.0,42351.2,8.119,121,82,240
2026-07-22T21:44:56Z,-21.6994370,166.1698759,13.0,42359.9,8.240,121,83,240
2026-07-22T21:44:57Z,-21.6993820,166.1699400,13.0,42368.3,8.320,121,84,240
2026-07-22T21:44:58Z,-21.6993340,166.1700049,13.0,42376.7,8.340,121,86,240
2026-07-22T21:44:59Z,-21.6992920,166.1700800,13.0,42385.6,8.480,121,87,240
2026-07-22T21:45:00Z,-21.6992609,166.1701550,13.0,42394.7,8.700,122,88,240
2026-07-22T21:45:01Z,-21.6992480,166.1702510,13.0,42403.3,8.680,123,89,240
2026-07-22T21:45:02Z,-21.6992470,166.1703260,13.0,42412.6,8.860,123,89,239
2026-07-22T21:45:03Z,-21.6992530,166.1704120,13.0,42421.6,8.980,124,90,240
2026-07-22T21:45:04Z,-21.6992650,166.1705089,13.0,42430.7,9.020,126,90,239
2026-07-22T21:45:05Z,-21.6992790,166.1705949,13.0,42440.0,9.060,126,90,239
2026-07-22T21:45:06Z,-21.6992940,166.1706700,13.0,42449.3,9.200,127,89,238
2026-07-22T21:45:07Z,-21.6993070,166.1707659,13.0,42458.6,9.200,128,89,239
2026-07-22T21:45:08Z,-21.6993159,166.1708519,13.0,42467.9,9.260,129,88,239
2026-07-22T21:45:09Z,-21.6993200,166.1709490,13.0,42477.3,9.320,129,86,238
2026-07-22T21:45:10Z,-21.6993070,166.1710350,13.0,42487.0,9.400,130,85,238
2026-07-22T21:45:11Z,-21.6992749,166.1711310,13.0,42496.6,9.460,130,83,238
2026-07-22T21:45:12Z,-21.6992220,166.1711959,13.0,42505.8,9.440,130,82,239
2026-07-22T21:45:13Z,-21.6991540,166.1712490,13.0,42515.6,9.540,131,81,241
2026-07-22T21:45:14Z,-21.6990820,166.1713030,13.0,42525.0,9.540,131,82,240
2026-07-22T21:45:15Z,-21.6990050,166.1713460,13.0,42534.8,9.560,132,83,239
2026-07-22T21:45:16Z,-21.6989269,166.1713890,13.0,42544.6,9.600,132,82,238
2026-07-22T21:45:17Z,-21.6988510,166.1714320,13.0,42554.0,9.640,132,81,239
2026-07-22T21:45:18Z,-21.6987730,166.1714849,13.0,42563.9,9.660,133,80,239
2026-07-22T21:45:19Z,-21.6986949,166.1715279,13.0,42573.7,9.740,133,79,239
2026-07-22T21:45:20Z,-21.6986190,166.1715709,13.0,42583.3,9.700,133,79,239
2026-07-22T21:45:21Z,-21.6985399,166.1716250,13.0,42593.4,9.760,134,79,239
2026-07-22T21:45:22Z,-21.6984659,166.1716680,13.0,42602.8,9.760,134,78,239
2026-07-22T21:45:23Z,-21.6983900,166.1717100,13.0,42612.9,9.800,135,78,239
2026-07-22T21:45:24Z,-21.6983150,166.1717749,13.0,42622.7,9.800,135,76,240
2026-07-22T21:45:25Z,-21.6982420,166.1718179,13.0,42632.6,9.860,135,77,239
2026-07-22T21:45:26Z,-21.6981740,166.1718820,13.0,42642.4,9.800,135,76,239
2026-07-22T21:45:27Z,-21.6981089,166.1719569,13.0,42652.2,9.880,135,76,239
2026-07-22T21:45:28Z,-21.6980519,166.1720220,13.0,42662.0,9.820,136,71,240
2026-07-22T21:45:29Z,-21.6980010,166.1720970,13.0,42671.9,9.840,136,73,240
2026-07-22T21:45:30Z,-21.6979519,166.1721830,13.0,42681.8,9.840,136,74,241
2026-07-22T21:45:31Z,-21.6979120,166.1722580,13.0,42691.8,9.880,136,80,240
2026-07-22T21:45:32Z,-21.6978799,166.1723540,13.0,42701.7,9.900,136,82,240
2026-07-22T21:45:33Z,-21.6978570,166.1724400,13.0,42711.6,9.920,137,82,239
2026-07-22T21:45:34Z,-21.6978440,166.1725369,13.0,42721.6,9.940,137,83,239
2026-07-22T21:45:35Z,-21.6978380,166.1726440,13.0,42731.5,9.940,137,82,240
2026-07-22T21:45:36Z,-21.6978420,166.1727300,13.0,42741.9,10.020,138,82,239
2026-07-22T21:45:37Z,-21.6978560,166.1728260,13.0,42751.4,9.940,138,82,239
2026-07-22T21:45:38Z,-21.6978830,166.1729340,13.0,42761.8,10.040,139,82,239
2026-07-22T21:45:39Z,-21.6979189,166.1730089,13.0,42771.5,9.980,139,81,239
2026-07-22T21:45:40Z,-21.6979690,166.1730949,13.0,42781.7,10.040,140,80,239
2026-07-22T21:45:41Z,-21.6980239,166.1731799,13.0,42791.6,9.940,140,79,239
2026-07-22T21:45:42Z,-21.6980870,166.1732340,13.0,42801.7,10.060,140,76,239
2026-07-22T21:45:43Z,-21.6981509,166.1732979,13.0,42811.5,9.940,140,77,240
2026-07-22T21:45:44Z,-21.6982260,166.1733630,13.0,42821.5,10.000,141,78,240
2026-07-22T21:45:45Z,-21.6983089,166.1734060,13.0,42831.8,10.020,141,78,239
2026-07-22T21:45:46Z,-21.6983939,166.1734379,13.0,42841.5,9.980,141,78,239
2026-07-22T21:45:47Z,-21.6984839,166.1734490,13.0,42851.8,10.020,141,77,239
2026-07-22T21:45:48Z,-21.6985720,166.1734699,13.0,42861.8,10.060,141,77,240
2026-07-22T21:45:49Z,-21.6986610,166.1734910,13.0,42871.9,10.080,141,77,239
2026-07-22T21:45:50Z,-21.6987440,166.1735240,13.0,42881.8,10.000,141,77,240
2026-07-22T21:45:51Z,-21.6988279,166.1735559,13.0,42891.8,10.060,141,77,240
2026-07-22T21:45:52Z,-21.6989129,166.1735989,13.0,42901.9,10.020,141,77,239
2026-07-22T21:45:53Z,-21.6989920,166.1736520,13.0,42911.9,10.020,141,76,239
2026-07-22T21:45:54Z,-21.6990719,166.1736950,13.0,42921.7,9.960,141,76,239
2026-07-22T21:45:55Z,-21.6991530,166.1737380,13.0,42931.8,10.000,141,76,239
2026-07-22T21:45:56Z,-21.6992330,166.1737810,13.0,42941.9,10.020,141,75,239
2026-07-22T21:45:57Z,-21.6993029,166.1738459,13.0,42951.9,10.000,141,75,240
2026-07-22T21:45:58Z,-21.6993550,166.1739210,13.0,42961.9,10.000,141,73,240
2026-07-22T21:45:59Z,-21.6993830,166.1740169,13.0,42972.1,10.080,142,74,239
2026-07-22T21:46:00Z,-21.6993930,166.1741029,13.0,42981.9,10.020,142,74,238
2026-07-22T21:46:01Z,-21.6993930,166.1741999,13.0,42992.0,10.020,142,73,239
2026-07-22T21:46:02Z,-21.6993869,166.1743070,13.0,43002.3,10.080,142,72,238
2026-07-22T21:46:03Z,-21.6993790,166.1743930,13.0,43012.4,10.100,142,72,240
2026-07-22T21:46:04Z,-21.6993709,166.1745000,13.0,43022.5,10.080,142,72,241
2026-07-22T21:46:05Z,-21.6993650,166.1745970,13.0,43032.2,10.060,142,69,240
2026-07-22T21:46:06Z,-21.6993550,166.1746820,13.0,43042.6,10.120,143,72,239
2026-07-22T21:46:07Z,-21.6993469,166.1747899,13.0,43052.7,10.080,142,75,163
2026-07-22T21:46:08Z,-21.6993510,166.1748860,13.0,43062.4,10.000,142,75,164
2026-07-22T21:46:09Z,-21.6993700,166.1749720,13.0,43072.1,9.920,142,67,242
2026-07-22T21:46:10Z,-21.6994120,166.1750580,13.0,43082.1,9.980,143,70,243
2026-07-22T21:46:11Z,-21.6994840,166.1751120,13.0,43092.4,9.960,143,75,241
2026-07-22T21:46:12Z,-21.6995640,166.1751539,13.0,43102.3,9.920,142,77,238
2026-07-22T21:46:13Z,-21.6996489,166.1751870,13.0,43112.0,9.920,143,77,238
2026-07-22T21:46:14Z,-21.6997370,166.1752190,13.0,43122.5,10.080,143,77,239
2026-07-22T21:46:15Z,-21.6998260,166.1752399,13.0,43132.4,10.060,143,76,239
2026-07-22T21:46:16Z,-21.6999130,166.1752509,13.0,43142.2,9.960,143,76,239
2026-07-22T21:46:17Z,-21.7000059,166.1752620,13.0,43152.4,10.020,143,76,239
2026-07-22T21:46:18Z,-21.7000939,166.1752939,13.0,43162.6,10.120,143,76,240
2026-07-22T21:46:19Z,-21.7001710,166.1753259,13.0,43172.2,9.940,144,76,240
2026-07-22T21:46:20Z,-21.7002229,166.1754229,13.0,43182.7,10.060,144,77,240
2026-07-22T21:46:21Z,-21.7002300,166.1755080,13.0,43192.8,10.120,143,77,242
2026-07-22T21:46:22Z,-21.7002190,166.1756050,13.0,43202.8,10.080,144,79,242
2026-07-22T21:46:23Z,-21.7002239,166.1757119,13.0,43212.9,10.060,144,82,240
2026-07-22T21:46:24Z,-21.7002659,166.1757869,13.0,43223.1,10.180,144,82,240
2026-07-22T21:46:25Z,-21.7003320,166.1758630,13.0,43233.1,10.080,145,83,240
2026-07-22T21:46:26Z,-21.7004120,166.1759050,13.0,43243.4,10.120,145,83,240
2026-07-22T21:46:27Z,-21.7004990,166.1759380,13.0,43253.7,10.180,144,84,239
2026-07-22T21:46:28Z,-21.7005850,166.1759699,13.0,43263.8,10.180,145,84,239
2026-07-22T21:46:29Z,-21.7006659,166.1760129,13.0,43273.8,10.140,145,84,239
2026-07-22T21:46:30Z,-21.7007389,166.1760770,13.0,43283.8,10.140,145,83,240
2026-07-22T21:46:31Z,-21.7008170,166.1761200,13.0,43294.1,10.140,146,84,240
2026-07-22T21:46:32Z,-21.7009060,166.1761520,13.0,43304.4,10.140,146,84,240
2026-07-22T21:46:33Z,-21.7009950,166.1761630,13.0,43314.4,10.120,146,84,239
2026-07-22T21:46:34Z,-21.7010910,166.1761840,13.0,43325.0,10.240,146,84,239
2026-07-22T21:46:35Z,-21.7011780,166.1761950,13.0,43334.9,10.220,146,83,239
2026-07-22T21:46:36Z,-21.7012620,166.1762380,13.0,43345.4,10.260,147,83,238
2026-07-22T21:46:37Z,-21.7013319,166.1763019,13.0,43355.3,10.180,147,82,240
2026-07-22T21:46:38Z,-21.7013980,166.1763780,13.0,43365.7,10.260,146,81,240
2026-07-22T21:46:39Z,-21.7014569,166.1764530,13.0,43376.0,10.200,146,82,239
2026-07-22T21:46:40Z,-21.7015120,166.1765280,13.0,43386.2,10.260,146,81,239
2026-07-22T21:46:41Z,-21.7015670,166.1766140,13.0,43396.4,10.200,146,81,239
2026-07-22T21:46:42Z,-21.7016240,166.1766889,13.0,43406.6,10.260,146,80,240
2026-07-22T21:46:43Z,-21.7016909,166.1767639,13.0,43417.2,10.300,146,81,240
2026-07-22T21:46:44Z,-21.7017609,166.1768280,13.0,43427.2,10.240,146,81,239
2026-07-22T21:46:45Z,-21.7018440,166.1768710,13.0,43437.5,10.260,146,81,239
2026-07-22T21:46:46Z,-21.7019270,166.1769140,13.0,43447.5,10.220,146,80,239
2026-07-22T21:46:47Z,-21.7020169,166.1769460,13.0,43458.1,10.300,147,80,239
2026-07-22T21:46:48Z,-21.7020990,166.1769779,13.0,43467.9,10.140,146,79,239
2026-07-22T21:46:49Z,-21.7021840,166.1770209,13.0,43478.2,10.200,147,78,239
2026-07-22T21:46:50Z,-21.7022710,166.1770639,13.0,43488.8,10.260,147,78,240
2026-07-22T21:46:51Z,-21.7023570,166.1770959,13.0,43499.0,10.300,147,79,241
2026-07-22T21:46:52Z,-21.7024420,166.1771290,13.0,43508.9,10.160,147,80,240
2026-07-22T21:46:53Z,-21.7025359,166.1771389,13.0,43519.3,10.280,147,79,240
2026-07-22T21:46:54Z,-21.7026280,166.1771389,13.0,43529.5,10.260,148,80,239
2026-07-22T21:46:55Z,-21.7027210,166.1771389,13.0,43540.0,10.240,147,80,240
2026-07-22T21:46:56Z,-21.7028150,166.1771389,13.0,43550.3,10.260,146,80,240
2026-07-22T21:46:57Z,-21.7029109,166.1771290,13.0,43560.9,10.400,148,80,239
2026-07-22T21:46:58Z,-21.7030030,166.1771290,13.0,43571.3,10.400,146,81,239
2026-07-22T21:46:59Z,-21.7030979,166.1771290,13.0,43581.6,10.420,147,81,239
2026-07-22T21:47:00Z,-21.7031959,166.1771290,12.8,43592.4,10.480,147,80,239
2026-07-22T21:47:01Z,-21.7032910,166.1771290,12.8,43603.1,10.560,146,80,239
2026-07-22T21:47:02Z,-21.7033869,166.1771290,12.8,43613.7,10.560,147,80,238
2026-07-22T21:47:03Z,-21.7034849,166.1771290,12.8,43624.5,10.640,147,79,239
2026-07-22T21:47:04Z,-21.7035840,166.1771180,13.0,43635.5,10.780,146,77,240
2026-07-22T21:47:05Z,-21.7036800,166.1770959,13.0,43646.4,10.800,147,78,240
2026-07-22T21:47:06Z,-21.7037759,166.1770860,13.2,43657.1,10.800,147,79,241
2026-07-22T21:47:07Z,-21.7038749,166.1770639,13.2,43668.1,10.880,146,80,239
2026-07-22T21:47:08Z,-21.7039700,166.1770639,13.4,43678.5,10.800,146,80,239
2026-07-22T21:47:09Z,-21.7040639,166.1770639,13.4,43689.1,10.720,147,79,238
2026-07-22T21:47:10Z,-21.7041590,166.1770860,13.6,43699.6,10.640,147,79,239
2026-07-22T21:47:11Z,-21.7042440,166.1771180,13.8,43709.4,10.460,146,77,240
2026-07-22T21:47:12Z,-21.7043250,166.1771389,13.8,43719.5,10.280,147,77,240
2026-07-22T21:47:13Z,-21.7044020,166.1772040,14.0,43729.3,10.160,147,78,240
2026-07-22T21:47:14Z,-21.7044720,166.1772679,14.2,43739.3,10.040,147,77,239
2026-07-22T21:47:15Z,-21.7045330,166.1773219,14.4,43749.1,9.900,147,78,240
2026-07-22T21:47:16Z,-21.7045870,166.1774079,14.6,43758.4,9.800,147,78,239
2026-07-22T21:47:17Z,-21.7046270,166.1774829,14.8,43767.7,9.640,147,78,237
2026-07-22T21:47:18Z,-21.7046590,166.1775580,15.0,43777.3,9.600,146,76,238
2026-07-22T21:47:19Z,-21.7046779,166.1776440,15.4,43786.2,9.380,146,74,240
2026-07-22T21:47:20Z,-21.7046860,166.1777190,15.6,43794.6,9.100,146,73,240
2026-07-22T21:47:21Z,-21.7046779,166.1778040,15.8,43803.0,8.920,147,74,240
2026-07-22T21:47:22Z,-21.7046499,166.1778800,15.8,43811.6,8.780,147,75,240
2026-07-22T21:47:23Z,-21.7046020,166.1779549,15.8,43820.3,8.600,147,76,240
2026-07-22T21:47:24Z,-21.7045440,166.1780080,15.8,43829.1,8.580,148,77,239
2026-07-22T21:47:25Z,-21.7044779,166.1780620,16.0,43838.1,8.700,147,77,239
2026-07-22T21:47:26Z,-21.7044089,166.1781050,16.2,43846.8,8.760,147,76,238
2026-07-22T21:47:27Z,-21.7043400,166.1781370,16.6,43855.1,8.700,147,74,239
2026-07-22T21:47:28Z,-21.7042680,166.1781690,17.0,43863.4,8.620,147,73,239
2026-07-22T21:47:29Z,-21.7042010,166.1781800,17.4,43871.4,8.460,147,72,238
2026-07-22T21:47:30Z,-21.7041390,166.1782120,17.8,43878.6,8.100,147,72,240
2026-07-22T21:47:31Z,-21.7040769,166.1782230,18.0,43886.0,7.840,147,71,240
2026-07-22T21:47:32Z,-21.7040169,166.1782550,18.4,43893.2,7.620,147,72,241
2026-07-22T21:47:33Z,-21.7039629,166.1782869,18.8,43900.0,7.320,147,74,239
2026-07-22T21:47:34Z,-21.7039150,166.1783299,19.0,43906.7,7.060,147,75,238
2026-07-22T21:47:35Z,-21.7038790,166.1783840,19.2,43913.2,6.920,146,74,240
2026-07-22T21:47:36Z,-21.7038520,166.1784370,19.4,43919.7,6.740,148,74,240
2026-07-22T21:47:37Z,-21.7038390,166.1785019,19.4,43926.2,6.600,147,75,239
2026-07-22T21:47:38Z,-21.7038449,166.1785660,19.4,43933.4,6.680,148,75,240
2026-07-22T21:47:39Z,-21.7038690,166.1786199,19.4,43940.7,6.800,147,76,240
2026-07-22T21:47:40Z,-21.7039100,166.1786840,19.4,43948.0,6.960,147,75,239
2026-07-22T21:47:41Z,-21.7039650,166.1787270,19.4,43955.6,7.180,147,75,239
2026-07-22T21:47:42Z,-21.7040260,166.1787810,19.2,43963.8,7.520,146,75,240
2026-07-22T21:47:43Z,-21.7040909,166.1788019,19.2,43971.9,7.700,147,75,239
2026-07-22T21:47:44Z,-21.7041550,166.1788560,19.2,43980.0,7.860,147,75,240
2026-07-22T21:47:45Z,-21.7042219,166.1788880,19.2,43988.4,8.080,148,75,240
2026-07-22T21:47:46Z,-21.7042909,166.1789310,19.2,43997.1,8.300,147,76,240
2026-07-22T21:47:47Z,-21.7043560,166.1789740,19.2,44005.8,8.400,146,77,240
2026-07-22T21:47:48Z,-21.7044170,166.1790380,19.2,44014.7,8.560,148,77,239
2026-07-22T21:47:49Z,-21.7044619,166.1790919,19.4,44023.4,8.680,147,77,239
2026-07-22T21:47:50Z,-21.7044939,166.1791779,19.6,44032.1,8.740,146,76,239
2026-07-22T21:47:51Z,-21.7045059,166.1792529,19.8,44040.5,8.680,147,77,240
2026-07-22T21:47:52Z,-21.7044939,166.1793389,20.2,44048.9,8.620,147,77,240
2026-07-22T21:47:53Z,-21.7044619,166.1794030,20.4,44057.2,8.500,146,77,240
2026-07-22T21:47:54Z,-21.7044189,166.1794669,20.8,44065.1,8.340,146,77,239
2026-07-22T21:47:55Z,-21.7043659,166.1795099,21.2,44072.6,8.100,146,77,239
2026-07-22T21:47:56Z,-21.7043110,166.1795529,21.6,44080.0,7.900,146,77,239
2026-07-22T21:47:57Z,-21.7042530,166.1795850,21.8,44087.2,7.660,146,78,239
2026-07-22T21:47:58Z,-21.7041950,166.1796180,22.2,44094.1,7.380,146,78,239
2026-07-22T21:47:59Z,-21.7041420,166.1796500,22.4,44100.9,7.160,146,78,239
2026-07-22T21:48:00Z,-21.7040870,166.1796710,22.8,44107.6,7.000,145,77,240
2026-07-22T21:48:01Z,-21.7040360,166.1796930,23.0,44114.0,6.800,146,76,241
2026-07-22T21:48:02Z,-21.7039830,166.1797249,23.4,44120.4,6.640,146,77,240
2026-07-22T21:48:03Z,-21.7039360,166.1797570,23.6,44126.4,6.460,146,78,239
2026-07-22T21:48:04Z,-21.7038919,166.1797999,23.8,44132.4,6.300,145,79,239
2026-07-22T21:48:05Z,-21.7038520,166.1798320,24.0,44138.5,6.180,145,79,240
2026-07-22T21:48:06Z,-21.7038179,166.1798750,24.2,44144.5,6.100,145,78,240
2026-07-22T21:48:07Z,-21.7037920,166.1799180,24.4,44150.7,6.060,147,80,240
2026-07-22T21:48:08Z,-21.7037759,166.1799819,24.4,44157.0,6.120,146,80,239
2026-07-22T21:48:09Z,-21.7037759,166.1800470,24.4,44163.4,6.200,146,80,238
2026-07-22T21:48:10Z,-21.7037879,166.1801220,24.4,44170.4,6.380,146,79,239
2026-07-22T21:48:11Z,-21.7038080,166.1801760,24.6,44176.9,6.480,146,78,240
2026-07-22T21:48:12Z,-21.7038390,166.1802400,24.6,44184.1,6.680,146,79,240
2026-07-22T21:48:13Z,-21.7038729,166.1802830,24.6,44191.3,6.860,146,80,241
2026-07-22T21:48:14Z,-21.7039110,166.1803579,24.6,44199.1,7.140,147,81,240
2026-07-22T21:48:15Z,-21.7039510,166.1804220,24.6,44207.1,7.340,147,82,240
2026-07-22T21:48:16Z,-21.7039869,166.1804869,24.6,44214.4,7.500,146,82,239
2026-07-22T21:48:17Z,-21.7040260,166.1805510,24.6,44222.3,7.640,147,82,239
2026-07-22T21:48:18Z,-21.7040580,166.1806260,24.6,44230.9,7.920,147,81,240
2026-07-22T21:48:19Z,-21.7040789,166.1807009,24.8,44238.9,7.960,147,81,240
2026-07-22T21:48:20Z,-21.7040889,166.1807759,24.8,44246.9,7.960,147,81,239
2026-07-22T21:48:21Z,-21.7040850,166.1808510,25.0,44255.2,8.160,147,80,239
2026-07-22T21:48:22Z,-21.7040690,166.1809270,25.2,44263.3,8.200,147,79,239
2026-07-22T21:48:23Z,-21.7040449,166.1810020,25.4,44271.2,8.060,146,79,240
2026-07-22T21:48:24Z,-21.7040059,166.1810660,25.8,44279.4,8.100,146,79,240
2026-07-22T21:48:25Z,-21.7039629,166.1811300,26.0,44287.1,8.039,146,79,239
2026-07-22T21:48:26Z,-21.7039150,166.1811730,26.4,44294.4,7.840,147,78,240
2026-07-22T21:48:27Z,-21.7038609,166.1812160,26.8,44301.8,7.700,147,79,240
2026-07-22T21:48:28Z,-21.7038080,166.1812479,27.0,44308.9,7.540,146,79,239
2026-07-22T21:48:29Z,-21.7037530,166.1812809,27.4,44315.8,7.280,147,79,239
2026-07-22T21:48:30Z,-21.7036990,166.1813130,27.8,44322.5,7.080,145,79,239
2026-07-22T21:48:31Z,-21.7036490,166.1813339,28.0,44328.7,6.860,144,79,239
2026-07-22T21:48:32Z,-21.7035999,166.1813659,28.4,44334.9,6.620,144,78,240
2026-07-22T21:48:33Z,-21.7035500,166.1813990,28.6,44340.9,6.400,144,79,240
2026-07-22T21:48:34Z,-21.7035029,166.1814199,29.0,44346.9,6.220,146,79,240
2026-07-22T21:48:35Z,-21.7034589,166.1814420,29.2,44352.5,6.000,145,80,240
2026-07-22T21:48:36Z,-21.7034129,166.1814740,29.4,44358.2,5.900,146,79,239
2026-07-22T21:48:37Z,-21.7033689,166.1815059,29.8,44363.7,5.760,146,79,239
2026-07-22T21:48:38Z,-21.7033259,166.1815270,30.0,44369.3,5.680,146,78,240
2026-07-22T21:48:39Z,-21.7032820,166.1815489,30.2,44374.7,5.560,147,79,241
2026-07-22T21:48:40Z,-21.7032399,166.1815700,30.6,44380.0,5.500,146,79,239
2026-07-22T21:48:41Z,-21.7031959,166.1816020,30.8,44385.4,5.440,145,80,239
2026-07-22T21:48:42Z,-21.7031549,166.1816130,31.0,44390.5,5.360,145,80,241
2026-07-22T21:48:43Z,-21.7031119,166.1816450,31.4,44395.7,5.280,145,81,240
2026-07-22T21:48:44Z,-21.7030730,166.1816560,31.6,44400.9,5.240,146,82,240
2026-07-22T21:48:45Z,-21.7030330,166.1816880,31.8,44405.9,5.180,146,82,239
2026-07-22T21:48:46Z,-21.7029940,166.1817200,32.0,44410.9,5.100,145,81,239
2026-07-22T21:48:47Z,-21.7029569,166.1817310,32.4,44415.9,5.080,145,81,239
2026-07-22T21:48:48Z,-21.7029210,166.1817630,32.6,44420.9,5.040,145,81,239
2026-07-22T21:48:49Z,-21.7028880,166.1817959,32.8,44425.8,4.980,145,80,238
2026-07-22T21:48:50Z,-21.7028539,166.1818389,33.0,44430.9,5.000,145,78,238
2026-07-22T21:48:51Z,-21.7028300,166.1818710,33.4,44435.8,4.980,145,76,239
2026-07-22T21:48:52Z,-21.7028150,166.1819239,33.6,44440.7,4.960,145,76,241
2026-07-22T21:48:53Z,-21.7028089,166.1819669,33.6,44445.5,4.920,146,78,241
2026-07-22T21:48:54Z,-21.7028129,166.1820099,33.8,44450.8,5.000,146,79,240
2026-07-22T21:48:55Z,-21.7028249,166.1820750,34.0,44456.3,5.080,147,80,240
2026-07-22T21:48:56Z,-21.7028409,166.1821170,34.0,44461.9,5.220,147,81,240
2026-07-22T21:48:57Z,-21.7028699,166.1821600,34.0,44468.0,5.460,146,82,241
2026-07-22T21:48:58Z,-21.7029020,166.1822249,34.0,44474.5,5.800,147,84,240
2026-07-22T21:48:59Z,-21.7029370,166.1822679,34.0,44481.1,6.060,147,83,239
2026-07-22T21:49:00Z,-21.7029750,166.1823320,34.0,44488.0,6.340,147,83,239
2026-07-22T21:49:01Z,-21.7030150,166.1823750,34.0,44495.3,6.680,147,83,239
2026-07-22T21:49:02Z,-21.7030549,166.1824390,34.0,44502.8,6.960,148,82,239
2026-07-22T21:49:03Z,-21.7030959,166.1825040,34.0,44510.4,7.180,146,82,240
2026-07-22T21:49:04Z,-21.7031370,166.1825569,34.0,44518.1,7.400,146,82,240
2026-07-22T21:49:05Z,-21.7031790,166.1826220,34.0,44526.1,7.620,147,82,239
2026-07-22T21:49:06Z,-21.7032200,166.1826859,34.0,44534.2,7.780,147,82,240
2026-07-22T21:49:07Z,-21.7032670,166.1827400,34.0,44542.4,7.920,147,82,239
2026-07-22T21:49:08Z,-21.7033100,166.1828149,34.0,44550.8,8.080,148,82,239
2026-07-22T21:49:09Z,-21.7033579,166.1828790,34.0,44559.6,8.300,148,82,239
2026-07-22T21:49:10Z,-21.7034040,166.1829439,34.0,44568.0,8.380,149,82,239
2026-07-22T21:49:11Z,-21.7034540,166.1830189,34.0,44577.1,8.580,149,82,239
2026-07-22T21:49:12Z,-21.7034989,166.1830830,34.0,44585.6,8.640,147,81,239
2026-07-22T21:49:13Z,-21.7035500,166.1831580,34.0,44594.9,8.820,148,81,239
2026-07-22T21:49:14Z,-21.7035980,166.1832120,34.0,44603.6,8.800,148,81,239
2026-07-22T21:49:15Z,-21.7036480,166.1832980,34.0,44613.1,9.020,148,81,239
2026-07-22T21:49:16Z,-21.7036960,166.1833730,34.0,44622.1,9.000,148,81,239
2026-07-22T21:49:17Z,-21.7037459,166.1834479,34.0,44631.4,9.160,148,80,239
2026-07-22T21:49:18Z,-21.7037960,166.1835010,34.0,44640.6,9.140,148,80,239
2026-07-22T21:49:19Z,-21.7038469,166.1835870,34.0,44650.0,9.280,148,79,238
2026-07-22T21:49:20Z,-21.7038980,166.1836620,34.0,44659.8,9.340,149,78,239
2026-07-22T21:49:21Z,-21.7039469,166.1837379,34.0,44669.4,9.460,149,78,241
2026-07-22T21:49:22Z,-21.7039990,166.1838130,34.0,44678.9,9.500,148,77,240
2026-07-22T21:49:23Z,-21.7040499,166.1838880,34.0,44688.5,9.580,149,79,240
2026-07-22T21:49:24Z,-21.7041039,166.1839630,34.0,44698.2,9.640,147,79,240
2026-07-22T21:49:25Z,-21.7041550,166.1840379,34.0,44707.8,9.600,148,79,240
2026-07-22T21:49:26Z,-21.7042090,166.1841020,34.0,44717.5,9.620,148,79,241
2026-07-22T21:49:27Z,-21.7042609,166.1841770,34.0,44727.3,9.680,149,80,240
2026-07-22T21:49:28Z,-21.7043130,166.1842529,34.0,44737.1,9.720,148,81,240
2026-07-22T21:49:29Z,-21.7043659,166.1843279,34.0,44746.9,9.740,148,81,239
2026-07-22T21:49:30Z,-21.7044189,166.1844240,34.0,44756.8,9.800,148,81,240
2026-07-22T21:49:31Z,-21.7044700,166.1844989,34.0,44766.6,9.820,148,82,240
2026-07-22T21:49:32Z,-21.7045290,166.1845640,34.0,44776.5,9.840,149,83,240
2026-07-22T21:49:33Z,-21.7045939,166.1846390,34.0,44786.6,9.900,149,83,240
2026-07-22T21:49:34Z,-21.7046690,166.1846820,34.0,44796.2,9.860,148,83,239
2026-07-22T21:49:35Z,-21.7047590,166.1846920,33.8,44806.3,9.900,149,83,239
2026-07-22T21:49:36Z,-21.7048460,166.1846709,33.8,44816.6,10.000,149,82,239
2026-07-22T21:49:37Z,-21.7049219,166.1846070,33.8,44826.9,10.080,149,82,238
2026-07-22T21:49:38Z,-21.7049930,166.1845419,33.6,44837.2,10.120,149,81,240
2026-07-22T21:49:39Z,-21.7050630,166.1844780,33.2,44847.6,10.280,149,81,240
2026-07-22T21:49:40Z,-21.7051389,166.1844030,32.6,44858.6,10.460,149,82,240
2026-07-22T21:49:41Z,-21.7052160,166.1843279,32.0,44870.0,10.680,150,82,240
2026-07-22T21:49:42Z,-21.7052940,166.1842529,31.4,44881.8,10.980,150,82,241
2026-07-22T21:49:43Z,-21.7053770,166.1841770,30.8,44894.0,11.360,150,84,240
2026-07-22T21:49:44Z,-21.7054640,166.1841020,30.2,44906.5,11.780,150,85,240
2026-07-22T21:49:45Z,-21.7055549,166.1840269,29.6,44919.5,12.180,150,85,240
2026-07-22T21:49:46Z,-21.7056530,166.1839519,29.4,44932.3,12.460,151,86,240
2026-07-22T21:49:47Z,-21.7057589,166.1838979,29.4,44945.2,12.680,150,86,239
2026-07-22T21:49:48Z,-21.7058719,166.1838770,29.6,44958.0,12.800,151,87,240
2026-07-22T21:49:49Z,-21.7059840,166.1838880,29.6,44970.5,12.800,151,87,240
2026-07-22T21:49:50Z,-21.7060919,166.1839200,29.4,44982.8,12.660,151,90,241
2026-07-22T21:49:51Z,-21.7061850,166.1839839,29.4,44995.2,12.580,151,91,238
2026-07-22T21:49:52Z,-21.7062550,166.1840699,29.8,45007.1,12.380,150,89,238
2026-07-22T21:49:53Z,-21.7063090,166.1841669,30.2,45018.7,12.140,150,87,238
2026-07-22T21:49:54Z,-21.7063440,166.1842740,30.2,45030.2,11.940,149,85,238
2026-07-22T21:49:55Z,-21.7063599,166.1843810,29.8,45041.5,11.740,150,83,238
2026-07-22T21:49:56Z,-21.7063710,166.1844780,29.4,45053.2,11.600,151,81,238
2026-07-22T21:49:57Z,-21.7063769,166.1846070,28.8,45065.1,11.600,152,79,238
2026-07-22T21:49:58Z,-21.7063909,166.1847250,28.2,45077.4,11.740,150,74,238
2026-07-22T21:49:59Z,-21.7064319,166.1848319,27.8,45089.9,11.940,151,73,239
2026-07-22T21:50:00Z,-21.7065089,166.1849280,27.6,45102.7,12.240,150,72,239
2026-07-22T21:50:01Z,-21.7066069,166.1849820,27.8,45115.1,12.380,149,71,239
2026-07-22T21:50:02Z,-21.7067170,166.1849820,27.8,45127.4,12.460,150,71,239
2026-07-22T21:50:03Z,-21.7068239,166.1849710,27.8,45139.7,12.460,150,71,240
2026-07-22T21:50:04Z,-21.7069229,166.1849070,27.6,45151.8,12.380,151,74,239
2026-07-22T21:50:05Z,-21.7070180,166.1848530,27.6,45163.9,12.240,150,74,240
2026-07-22T21:50:06Z,-21.7071099,166.1847889,27.6,45175.9,12.160,151,74,240
2026-07-22T21:50:07Z,-21.7071989,166.1847459,27.6,45187.5,12.020,150,76,239
2026-07-22T21:50:08Z,-21.7072930,166.1846820,27.4,45199.4,11.940,150,77,240
2026-07-22T21:50:09Z,-21.7073969,166.1846390,27.4,45211.7,11.980,150,77,241
2026-07-22T21:50:10Z,-21.7074969,166.1846169,27.2,45223.1,11.840,150,78,240
2026-07-22T21:50:11Z,-21.7076080,166.1846169,27.2,45235.5,11.920,150,79,239
2026-07-22T21:50:12Z,-21.7077090,166.1846709,27.0,45247.3,11.960,150,78,239
2026-07-22T21:50:13Z,-21.7077950,166.1847250,26.8,45259.2,11.960,150,77,239
2026-07-22T21:50:14Z,-21.7078630,166.1848210,26.4,45271.4,11.940,150,78,239
2026-07-22T21:50:15Z,-21.7079159,166.1849390,26.0,45284.2,12.220,150,78,239
2026-07-22T21:50:16Z,-21.7079410,166.1850459,25.6,45296.6,12.220,150,78,239
2026-07-22T21:50:17Z,-21.7079540,166.1851860,25.0,45310.0,12.540,149,77,239
2026-07-22T21:50:18Z,-21.7079569,166.1853039,24.4,45323.0,12.760,149,75,239
2026-07-22T21:50:19Z,-21.7079569,166.1854430,23.8,45337.5,13.220,149,73,240
2026-07-22T21:50:20Z,-21.7079540,166.1855830,23.2,45351.1,13.380,150,74,240
2026-07-22T21:50:21Z,-21.7079530,166.1857219,22.6,45365.9,13.860,150,74,239
2026-07-22T21:50:22Z,-21.7079540,166.1858509,22.0,45380.1,14.020,149,75,240
2026-07-22T21:50:23Z,-21.7079660,166.1859910,21.4,45394.5,14.300,149,75,241
2026-07-22T21:50:24Z,-21.7080070,166.1861300,20.8,45409.4,14.380,150,77,239
2026-07-22T21:50:25Z,-21.7080940,166.1862480,20.6,45425.4,14.860,148,78,238
2026-07-22T21:50:26Z,-21.7082070,166.1863340,20.6,45439.8,14.780,149,76,239
2026-07-22T21:50:27Z,-21.7083370,166.1863549,20.8,45454.6,14.900,149,75,239
2026-07-22T21:50:28Z,-21.7084690,166.1863450,20.6,45469.5,15.000,148,74,239
2026-07-22T21:50:29Z,-21.7085950,166.1863340,20.4,45483.6,14.840,150,74,241
2026-07-22T21:50:30Z,-21.7087219,166.1862800,20.0,45498.5,14.620,150,75,241
2026-07-22T21:50:31Z,-21.7088379,166.1862269,19.6,45512.7,14.580,150,76,238
2026-07-22T21:50:32Z,-21.7089560,166.1861620,19.0,45527.1,14.500,149,76,240
2026-07-22T21:50:33Z,-21.7090770,166.1860979,18.6,45541.8,14.460,150,77,240
2026-07-22T21:50:34Z,-21.7091910,166.1860440,18.2,45555.8,14.440,150,77,240
2026-07-22T21:50:35Z,-21.7093140,166.1859910,17.8,45570.6,14.420,150,77,240
2026-07-22T21:50:36Z,-21.7094399,166.1859480,17.2,45585.2,14.500,150,78,240
2026-07-22T21:50:37Z,-21.7095699,166.1859480,16.6,45599.5,14.480,151,80,241
2026-07-22T21:50:38Z,-21.7096940,166.1859910,16.0,45614.1,14.460,151,84,241
2026-07-22T21:50:39Z,-21.7098060,166.1860659,15.6,45629.0,14.640,151,86,241
2026-07-22T21:50:40Z,-21.7098989,166.1861730,15.0,45643.9,14.660,151,88,240
2026-07-22T21:50:41Z,-21.7099650,166.1863020,14.6,45658.2,14.600,151,89,239
2026-07-22T21:50:42Z,-21.7100050,166.1864409,14.2,45673.5,14.800,150,89,239
2026-07-22T21:50:43Z,-21.7100139,166.1865699,13.8,45687.8,14.740,150,89,240
2026-07-22T21:50:44Z,-21.7099940,166.1867090,13.8,45702.2,14.640,151,88,239
2026-07-22T21:50:45Z,-21.7099510,166.1868490,13.6,45716.7,14.560,151,88,239
2026-07-22T21:50:46Z,-21.7098999,166.1869670,13.6,45730.6,14.480,150,87,239
2026-07-22T21:50:47Z,-21.7098409,166.1870960,13.6,45744.9,14.280,151,87,239
2026-07-22T21:50:48Z,-21.7097839,166.1872140,13.6,45758.6,14.160,151,87,239
2026-07-22T21:50:49Z,-21.7097250,166.1873209,13.6,45771.6,13.880,151,87,240
2026-07-22T21:50:50Z,-21.7096660,166.1874280,13.6,45785.1,13.680,151,87,239
2026-07-22T21:50:51Z,-21.7096070,166.1875359,13.6,45798.1,13.500,151,87,240
2026-07-22T21:50:52Z,-21.7095480,166.1876430,13.6,45811.0,13.220,152,87,239
2026-07-22T21:50:53Z,-21.7094930,166.1877499,13.6,45823.5,12.980,152,87,239
2026-07-22T21:50:54Z,-21.7094399,166.1878570,13.6,45835.7,12.820,152,87,240
2026-07-22T21:50:55Z,-21.7093930,166.1879649,13.6,45848.5,12.680,152,87,240
2026-07-22T21:50:56Z,-21.7093549,166.1880829,13.6,45860.6,12.500,152,88,240
2026-07-22T21:50:57Z,-21.7093249,166.1881900,13.6,45872.5,12.300,152,89,240
2026-07-22T21:50:58Z,-21.7093040,166.1882969,13.6,45884.5,12.200,152,89,240
2026-07-22T21:50:59Z,-21.7093010,166.1884150,13.6,45896.4,12.140,152,89,240
2026-07-22T21:51:00Z,-21.7093300,166.1885230,13.4,45908.4,11.980,152,89,240
2026-07-22T21:51:01Z,-21.7093839,166.1886299,13.4,45920.1,11.900,152,89,240
2026-07-22T21:51:02Z,-21.7094630,166.1886940,13.2,45931.7,11.840,152,89,240
2026-07-22T21:51:03Z,-21.7095569,166.1887589,13.2,45943.8,11.860,153,89,240
2026-07-22T21:51:04Z,-21.7096520,166.1888019,13.2,45955.3,11.780,152,89,239
2026-07-22T21:51:05Z,-21.7097470,166.1888439,13.0,45967.1,11.740,152,89,240
2026-07-22T21:51:06Z,-21.7098289,166.1889200,13.0,45978.4,11.660,152,89,239
2026-07-22T21:51:07Z,-21.7098999,166.1889950,13.0,45990.1,11.680,153,89,238
2026-07-22T21:51:08Z,-21.7099510,166.1890910,13.0,46001.6,11.560,153,88,239
2026-07-22T21:51:09Z,-21.7099820,166.1891980,13.0,46013.0,11.540,153,87,239
2026-07-22T21:51:10Z,-21.7100080,166.1893059,13.0,46024.1,11.400,152,86,239
2026-07-22T21:51:11Z,-21.7100279,166.1894130,13.0,46035.5,11.420,152,86,240
2026-07-22T21:51:12Z,-21.7100490,166.1895199,13.0,46046.6,11.300,153,86,239
2026-07-22T21:51:13Z,-21.7100680,166.1896280,13.0,46057.7,11.220,153,85,239
2026-07-22T21:51:14Z,-21.7100869,166.1897349,13.0,46068.7,11.140,153,84,239
2026-07-22T21:51:15Z,-21.7101070,166.1898420,13.0,46079.8,11.140,153,84,240
2026-07-22T21:51:16Z,-21.7101270,166.1899280,13.0,46090.6,11.020,153,85,241
2026-07-22T21:51:17Z,-21.7101469,166.1900349,13.0,46101.5,10.980,153,86,240
2026-07-22T21:51:18Z,-21.7101810,166.1901430,13.0,46112.6,10.980,153,87,240
2026-07-22T21:51:19Z,-21.7102400,166.1902180,13.0,46123.4,10.940,153,87,239
2026-07-22T21:51:20Z,-21.7103189,166.1902819,13.0,46134.0,10.840,154,87,240
2026-07-22T21:51:21Z,-21.7104019,166.1903249,13.0,46144.8,10.840,153,86,240
2026-07-22T21:51:22Z,-21.7104840,166.1903890,13.0,46155.7,10.840,153,86,240
2026-07-22T21:51:23Z,-21.7105489,166.1904640,13.0,46166.3,10.740,152,87,240
2026-07-22T21:51:24Z,-21.7105990,166.1905610,13.0,46177.0,10.720,152,87,239
2026-07-22T21:51:25Z,-21.7106290,166.1906470,13.0,46187.7,10.740,152,87,239
2026-07-22T21:51:26Z,-21.7106310,166.1907539,13.0,46198.3,10.700,152,85,238
2026-07-22T21:51:27Z,-21.7106079,166.1908610,13.0,46208.9,10.640,152,83,238
2026-07-22T21:51:28Z,-21.7105680,166.1909470,13.0,46219.3,10.600,152,81,238
2026-07-22T21:51:29Z,-21.7105159,166.1910330,13.0,46229.9,10.580,151,79,237
2026-07-22T21:51:30Z,-21.7104609,166.1911190,13.0,46240.4,10.540,151,77,239
2026-07-22T21:51:31Z,-21.7104049,166.1911940,13.0,46250.9,10.520,151,76,240
2026-07-22T21:51:32Z,-21.7103469,166.1912690,13.0,46261.5,10.520,151,75,239
2026-07-22T21:51:33Z,-21.7102930,166.1913660,13.0,46272.0,10.540,151,76,238
2026-07-22T21:51:34Z,-21.7102530,166.1914520,13.0,46282.5,10.520,151,75,238
2026-07-22T21:51:35Z,-21.7102380,166.1915479,13.0,46293.0,10.520,151,75,237
2026-07-22T21:51:36Z,-21.7102619,166.1916550,13.0,46303.5,10.520,152,72,238
2026-07-22T21:51:37Z,-21.7103029,166.1917410,13.0,46314.0,10.500,151,65,238
2026-07-22T21:51:38Z,-21.7103479,166.1918380,13.0,46324.4,10.480,151,63,240
2026-07-22T21:51:39Z,-21.7103930,166.1919130,13.0,46334.8,10.460,152,68,241
2026-07-22T21:51:40Z,-21.7104329,166.1920089,13.0,46345.3,10.460,152,68,240
2026-07-22T21:51:41Z,-21.7104599,166.1921170,13.0,46355.7,10.440,152,69,240
2026-07-22T21:51:42Z,-21.7104800,166.1922030,13.0,46366.1,10.420,152,75,240
2026-07-22T21:51:43Z,-21.7105010,166.1922990,13.0,46376.5,10.420,152,73,241
2026-07-22T21:51:44Z,-21.7105319,166.1924060,13.0,46386.8,10.400,152,75,242
2026-07-22T21:51:45Z,-21.7105660,166.1924920,13.0,46397.0,10.340,152,78,241
2026-07-22T21:51:46Z,-21.7106039,166.1925890,13.0,46407.6,10.380,153,82,240
2026-07-22T21:51:47Z,-21.7106450,166.1926750,13.0,46418.2,10.420,152,84,240
2026-07-22T21:51:48Z,-21.7106850,166.1927709,13.0,46428.8,10.460,152,85,239
2026-07-22T21:51:49Z,-21.7107219,166.1928569,13.0,46439.1,10.460,152,84,239
2026-07-22T21:51:50Z,-21.7107710,166.1929539,13.0,46449.7,10.540,152,84,238
2026-07-22T21:51:51Z,-21.7108260,166.1930289,13.0,46460.2,10.520,152,83,238
2026-07-22T21:51:52Z,-21.7108809,166.1931149,13.0,46470.8,10.520,150,81,238
2026-07-22T21:51:53Z,-21.7109300,166.1932110,13.0,46481.6,10.560,150,79,238
2026-07-22T21:51:54Z,-21.7109760,166.1932859,13.0,46491.8,10.540,151,76,239
2026-07-22T21:51:55Z,-21.7110219,166.1933830,13.0,46502.4,10.540,150,75,239
2026-07-22T21:51:56Z,-21.7110639,166.1934690,13.0,46513.1,10.580,150,73,238
2026-07-22T21:51:57Z,-21.7110939,166.1935650,13.0,46523.4,10.520,150,72,237
2026-07-22T21:51:58Z,-21.7111209,166.1936720,13.0,46534.3,10.540,150,70,239
2026-07-22T21:51:59Z,-21.7111460,166.1937580,13.0,46544.4,10.520,153,68,243
2026-07-22T21:52:00Z,-21.7111860,166.1938550,13.0,46554.9,10.500,152,70,240
2026-07-22T21:52:01Z,-21.7112470,166.1939300,13.0,46565.4,10.460,152,72,239
2026-07-22T21:52:02Z,-21.7113249,166.1939939,13.0,46576.1,10.540,152,72,237
2026-07-22T21:52:03Z,-21.7114079,166.1940369,13.0,46586.6,10.460,150,71,239
2026-07-22T21:52:04Z,-21.7114989,166.1940479,13.0,46597.0,10.520,150,70,241
2026-07-22T21:52:05Z,-21.7115900,166.1940160,13.0,46607.5,10.520,151,72,241
2026-07-22T21:52:06Z,-21.7116760,166.1939939,13.0,46618.0,10.520,152,72,241
2026-07-22T21:52:07Z,-21.7117660,166.1939619,13.0,46628.3,10.440,152,73,241
2026-07-22T21:52:08Z,-21.7118640,166.1939619,13.0,46639.1,10.500,151,74,240
2026-07-22T21:52:09Z,-21.7119549,166.1939939,13.0,46649.5,10.500,151,74,240
2026-07-22T21:52:10Z,-21.7120449,166.1940160,13.0,46660.0,10.500,152,76,239
2026-07-22T21:52:11Z,-21.7121319,166.1940479,13.0,46670.4,10.480,151,75,239
2026-07-22T21:52:12Z,-21.7122190,166.1940909,13.0,46680.7,10.480,151,75,241
2026-07-22T21:52:13Z,-21.7123080,166.1941229,13.0,46691.1,10.400,151,76,240
2026-07-22T21:52:14Z,-21.7123930,166.1941769,13.0,46701.5,10.400,152,77,239
2026-07-22T21:52:15Z,-21.7124769,166.1941980,13.0,46711.9,10.380,152,78,240
2026-07-22T21:52:16Z,-21.7125650,166.1942519,13.0,46722.5,10.420,152,77,239
2026-07-22T21:52:17Z,-21.7126550,166.1942840,13.0,46732.9,10.440,152,77,240
2026-07-22T21:52:18Z,-21.7127420,166.1943049,13.0,46743.1,10.400,151,78,240
2026-07-22T21:52:19Z,-21.7128319,166.1943379,13.0,46753.5,10.400,153,77,239
2026-07-22T21:52:20Z,-21.7129219,166.1943700,13.0,46763.8,10.380,153,78,240
2026-07-22T21:52:21Z,-21.7130120,166.1944020,13.0,46774.2,10.340,153,77,239
2026-07-22T21:52:22Z,-21.7130990,166.1944340,13.0,46784.6,10.340,153,77,239
2026-07-22T21:52:23Z,-21.7131850,166.1944770,13.0,46794.9,10.360,153,76,239
2026-07-22T21:52:24Z,-21.7132649,166.1945200,13.0,46805.2,10.340,153,76,239
2026-07-22T21:52:25Z,-21.7133430,166.1945840,13.0,46815.5,10.340,153,76,240
2026-07-22T21:52:26Z,-21.7134209,166.1946269,13.0,46825.9,10.340,153,77,240
2026-07-22T21:52:27Z,-21.7135040,166.1946920,13.0,46836.3,10.340,153,77,241
2026-07-22T21:52:28Z,-21.7135900,166.1947239,13.0,46846.6,10.340,153,78,239
2026-07-22T21:52:29Z,-21.7136760,166.1947669,13.0,46856.9,10.340,153,79,239
2026-07-22T21:52:30Z,-21.7137590,166.1947989,13.0,46867.2,10.340,153,79,240
2026-07-22T21:52:31Z,-21.7138429,166.1948419,13.0,46877.7,10.360,153,80,239
2026-07-22T21:52:32Z,-21.7139200,166.1949060,13.0,46888.1,10.360,154,79,239
2026-07-22T21:52:33Z,-21.7139709,166.1949920,13.0,46898.3,10.340,154,79,239
2026-07-22T21:52:34Z,-21.7139960,166.1950890,13.0,46908.6,10.340,153,80,240
2026-07-22T21:52:35Z,-21.7140119,166.1951740,13.0,46919.0,10.360,153,80,239
2026-07-22T21:52:36Z,-21.7140419,166.1952820,13.0,46929.3,10.320,153,79,240
2026-07-22T21:52:37Z,-21.7140820,166.1953680,13.0,46939.4,10.260,153,79,239
2026-07-22T21:52:38Z,-21.7141380,166.1954530,13.0,46949.7,10.280,154,79,239
2026-07-22T21:52:39Z,-21.7142129,166.1954960,13.0,46960.0,10.280,153,79,239
2026-07-22T21:52:40Z,-21.7143029,166.1955500,13.0,46970.5,10.300,153,78,239
2026-07-22T21:52:41Z,-21.7143940,166.1955500,13.0,46980.9,10.320,153,78,239
2026-07-22T21:52:42Z,-21.7144800,166.1955289,13.0,46991.0,10.320,153,78,240
2026-07-22T21:52:43Z,-21.7145579,166.1954640,13.0,47001.6,10.380,153,78,239
2026-07-22T21:52:44Z,-21.7146199,166.1953889,13.0,47011.6,10.320,152,78,240
2026-07-22T21:52:45Z,-21.7146629,166.1953030,13.0,47021.9,10.280,152,78,239
2026-07-22T21:52:46Z,-21.7146830,166.1952070,13.0,47032.3,10.280,152,78,239
2026-07-22T21:52:47Z,-21.7146800,166.1950989,13.0,47042.4,10.280,150,78,240
2026-07-22T21:52:48Z,-21.7146520,166.1950139,13.0,47052.9,10.260,151,78,240
2026-07-22T21:52:49Z,-21.7145930,166.1949379,13.0,47063.0,10.280,151,79,240
2026-07-22T21:52:50Z,-21.7145200,166.1948740,13.0,47073.5,10.320,152,79,240
2026-07-22T21:52:51Z,-21.7144589,166.1947989,13.0,47083.8,10.300,152,81,240
2026-07-22T21:52:52Z,-21.7144230,166.1947020,13.0,47094.1,10.340,151,82,240
2026-07-22T21:52:53Z,-21.7144090,166.1946170,13.0,47104.1,10.240,151,82,239
2026-07-22T21:52:54Z,-21.7144230,166.1945089,13.0,47114.6,10.320,151,82,240
2026-07-22T21:52:55Z,-21.7144550,166.1944130,13.0,47124.7,10.240,151,82,239
2026-07-22T21:52:56Z,-21.7145029,166.1943379,13.0,47135.2,10.280,152,82,238
2026-07-22T21:52:57Z,-21.7145540,166.1942519,13.0,47145.6,10.300,151,80,240
2026-07-22T21:52:58Z,-21.7145980,166.1941769,13.0,47155.6,10.300,151,79,240
2026-07-22T21:52:59Z,-21.7146289,166.1940799,13.0,47165.9,10.260,152,79,239
2026-07-22T21:53:00Z,-21.7146489,166.1939730,13.0,47176.3,10.320,151,79,240
2026-07-22T21:53:01Z,-21.7146919,166.1938870,13.0,47186.7,10.300,151,78,239
2026-07-22T21:53:02Z,-21.7147479,166.1938010,13.0,47196.8,10.240,151,78,240
2026-07-22T21:53:03Z,-21.7148209,166.1937479,13.0,47207.3,10.340,151,79,240
2026-07-22T21:53:04Z,-21.7149010,166.1936940,13.0,47217.7,10.360,152,80,239
2026-07-22T21:53:05Z,-21.7149899,166.1936510,13.0,47228.1,10.360,152,80,239
2026-07-22T21:53:06Z,-21.7150779,166.1936400,13.0,47238.3,10.320,152,80,239
2026-07-22T21:53:07Z,-21.7151670,166.1936400,13.0,47248.2,10.280,152,81,239
2026-07-22T21:53:08Z,-21.7152619,166.1936400,13.0,47258.7,10.280,152,79,239
2026-07-22T21:53:09Z,-21.7153529,166.1936510,13.0,47269.0,10.260,151,79,239
2026-07-22T21:53:10Z,-21.7154470,166.1936830,13.0,47279.6,10.300,152,79,239
2026-07-22T21:53:11Z,-21.7155340,166.1936940,13.0,47289.6,10.260,152,79,240
2026-07-22T21:53:12Z,-21.7156229,166.1937260,13.0,47299.7,10.300,152,79,240
2026-07-22T21:53:13Z,-21.7157140,166.1937580,13.0,47310.3,10.320,151,80,240
2026-07-22T21:53:14Z,-21.7158040,166.1937800,13.0,47320.7,10.340,152,80,240
2026-07-22T21:53:15Z,-21.7158910,166.1938010,13.0,47330.7,10.220,151,81,240
2026-07-22T21:53:16Z,-21.7159809,166.1938329,13.0,47341.1,10.300,151,81,239
2026-07-22T21:53:17Z,-21.7160709,166.1938660,13.0,47351.6,10.380,151,81,239
2026-07-22T21:53:18Z,-21.7161579,166.1939080,13.0,47362.0,10.340,152,81,239
2026-07-22T21:53:19Z,-21.7162460,166.1939410,13.0,47372.4,10.340,151,80,239
2026-07-22T21:53:20Z,-21.7163340,166.1939730,13.0,47382.7,10.400,151,79,239
2026-07-22T21:53:21Z,-21.7164190,166.1939939,13.0,47392.6,10.300,151,79,240
2026-07-22T21:53:22Z,-21.7165110,166.1940049,13.0,47402.9,10.260,151,79,239
2026-07-22T21:53:23Z,-21.7166090,166.1940160,13.0,47413.5,10.300,151,79,239
2026-07-22T21:53:24Z,-21.7166980,166.1940369,13.0,47423.7,10.260,151,78,239
2026-07-22T21:53:25Z,-21.7167840,166.1940690,13.0,47433.7,10.200,151,78,239
2026-07-22T21:53:26Z,-21.7168670,166.1941120,13.0,47444.5,10.380,151,79,240
2026-07-22T21:53:27Z,-21.7169400,166.1941769,13.0,47454.9,10.400,151,79,240
2026-07-22T21:53:28Z,-21.7170059,166.1942519,13.0,47465.1,10.320,151,80,240
2026-07-22T21:53:29Z,-21.7170629,166.1943270,13.0,47475.0,10.260,151,80,240
2026-07-22T21:53:30Z,-21.7171150,166.1944020,13.0,47485.3,10.320,151,80,239
2026-07-22T21:53:31Z,-21.7171649,166.1944880,13.0,47495.8,10.260,152,80,239
2026-07-22T21:53:32Z,-21.7172130,166.1945740,13.0,47506.1,10.240,151,81,241
2026-07-22T21:53:33Z,-21.7172639,166.1946490,13.0,47516.1,10.200,151,84,240
2026-07-22T21:53:34Z,-21.7173300,166.1947239,13.0,47526.5,10.300,152,84,240
2026-07-22T21:53:35Z,-21.7174040,166.1947770,13.0,47536.7,10.280,152,83,239
2026-07-22T21:53:36Z,-21.7174860,166.1948310,13.0,47547.1,10.260,152,84,240
2026-07-22T21:53:37Z,-21.7175700,166.1948740,13.0,47557.6,10.300,152,84,239
2026-07-22T21:53:38Z,-21.7176570,166.1949170,13.0,47568.1,10.400,152,84,239
2026-07-22T21:53:39Z,-21.7177430,166.1949490,13.0,47578.4,10.380,152,84,240
2026-07-22T21:53:40Z,-21.7178290,166.1949809,13.0,47588.3,10.320,152,83,239
2026-07-22T21:53:41Z,-21.7179269,166.1949709,13.0,47599.1,10.400,151,84,239
2026-07-22T21:53:42Z,-21.7180099,166.1949379,13.0,47609.1,10.300,152,83,239
2026-07-22T21:53:43Z,-21.7180800,166.1948740,13.0,47619.3,10.240,152,83,239
2026-07-22T21:53:44Z,-21.7181350,166.1947989,13.0,47629.4,10.200,152,83,239
2026-07-22T21:53:45Z,-21.7181880,166.1947020,13.0,47640.2,10.380,152,83,240
2026-07-22T21:53:46Z,-21.7182380,166.1946269,13.0,47650.5,10.280,152,82,240
2026-07-22T21:53:47Z,-21.7182880,166.1945410,13.0,47660.9,10.360,152,83,240
2026-07-22T21:53:48Z,-21.7183330,166.1944659,13.0,47670.8,10.300,152,83,239
2026-07-22T21:53:49Z,-21.7183829,166.1943700,13.0,47681.1,10.340,152,84,239
2026-07-22T21:53:50Z,-21.7184320,166.1942840,13.0,47691.7,10.300,152,82,239
2026-07-22T21:53:51Z,-21.7184780,166.1941980,13.0,47702.1,10.320,152,82,240
2026-07-22T21:53:52Z,-21.7185159,166.1941120,13.0,47712.3,10.280,152,82,239
2026-07-22T21:53:53Z,-21.7185409,166.1940049,13.0,47722.7,10.380,152,82,239
2026-07-22T21:53:54Z,-21.7185610,166.1939080,13.0,47733.0,10.380,152,82,240
2026-07-22T21:53:55Z,-21.7185960,166.1938230,13.0,47743.3,10.320,152,81,240
2026-07-22T21:53:56Z,-21.7186589,166.1937479,13.0,47753.6,10.300,151,82,240
2026-07-22T21:53:57Z,-21.7187370,166.1936940,13.0,47763.6,10.260,151,83,240
2026-07-22T21:53:58Z,-21.7188169,166.1936510,13.0,47773.9,10.240,152,83,241
2026-07-22T21:53:59Z,-21.7188759,166.1935759,13.0,47784.3,10.260,152,84,239
2026-07-22T21:54:00Z,-21.7188950,166.1934690,13.0,47794.7,10.280,152,85,239
2026-07-22T21:54:01Z,-21.7188980,166.1933830,13.0,47804.7,10.220,152,85,240
2026-07-22T21:54:02Z,-21.7188909,166.1932859,13.0,47815.0,10.280,152,84,240
2026-07-22T21:54:03Z,-21.7188879,166.1931790,13.0,47825.8,10.380,152,85,239
2026-07-22T21:54:04Z,-21.7188980,166.1930930,13.0,47835.9,10.320,152,86,239
2026-07-22T21:54:05Z,-21.7189210,166.1929859,13.0,47846.2,10.300,153,85,240
2026-07-22T21:54:06Z,-21.7189510,166.1928890,13.0,47856.6,10.380,153,85,239
2026-07-22T21:54:07Z,-21.7189879,166.1928030,13.0,47866.8,10.360,153,86,239
2026-07-22T21:54:08Z,-21.7190240,166.1927070,13.0,47876.6,10.160,153,85,239
2026-07-22T21:54:09Z,-21.7190650,166.1926210,13.0,47887.3,10.280,153,85,239
2026-07-22T21:54:10Z,-21.7191029,166.1925239,13.0,47897.3,10.220,153,84,239
2026-07-22T21:54:11Z,-21.7191339,166.1924490,13.0,47907.4,10.160,154,85,239
2026-07-22T21:54:12Z,-21.7191619,166.1923420,13.0,47917.8,10.200,153,84,240
2026-07-22T21:54:13Z,-21.7191850,166.1922450,13.0,47927.9,10.260,153,85,240
2026-07-22T21:54:14Z,-21.7191970,166.1921600,13.0,47938.2,10.180,154,86,240
2026-07-22T21:54:15Z,-21.7192010,166.1920519,13.0,47948.8,10.300,154,87,240
2026-07-22T21:54:16Z,-21.7191960,166.1919450,13.0,47958.8,10.280,154,88,240
2026-07-22T21:54:17Z,-21.7191820,166.1918489,13.0,47969.1,10.260,153,88,240
2026-07-22T21:54:18Z,-21.7191619,166.1917629,13.0,47979.1,10.240,153,89,239
2026-07-22T21:54:19Z,-21.7191510,166.1916550,13.0,47989.4,10.240,154,89,239
2026-07-22T21:54:20Z,-21.7191420,166.1915589,13.0,47999.9,10.220,154,88,240
2026-07-22T21:54:21Z,-21.7191260,166.1914520,13.0,48009.9,10.220,154,89,240
2026-07-22T21:54:22Z,-21.7190990,166.1913660,13.0,48020.2,10.220,153,89,239
2026-07-22T21:54:23Z,-21.7190570,166.1912690,13.0,48030.4,10.260,153,89,240
2026-07-22T21:54:24Z,-21.7190019,166.1911940,13.0,48040.8,10.280,154,89,239
2026-07-22T21:54:25Z,-21.7189390,166.1911190,13.0,48051.6,10.340,154,90,240
2026-07-22T21:54:26Z,-21.7188800,166.1910439,13.0,48061.6,10.340,154,91,239
2026-07-22T21:54:27Z,-21.7188159,166.1909689,13.2,48072.2,10.400,154,92,239
2026-07-22T21:54:28Z,-21.7187599,166.1908940,13.6,48082.0,10.320,154,92,239
2026-07-22T21:54:29Z,-21.7187029,166.1908190,14.0,48091.8,10.200,155,91,239
2026-07-22T21:54:30Z,-21.7186500,166.1907539,14.4,48101.1,9.900,153,90,239
2026-07-22T21:54:31Z,-21.7185950,166.1906900,14.8,48110.0,9.680,153,91,239
2026-07-22T21:54:32Z,-21.7185370,166.1906360,15.0,48118.4,9.240,154,90,239
2026-07-22T21:54:33Z,-21.7184739,166.1905829,15.2,48127.3,9.060,153,90,239
2026-07-22T21:54:34Z,-21.7184110,166.1905399,15.2,48135.7,8.780,153,90,240
2026-07-22T21:54:35Z,-21.7183399,166.1905070,15.0,48144.2,8.620,153,90,240
2026-07-22T21:54:36Z,-21.7182620,166.1904750,14.6,48153.6,8.720,153,90,239
2026-07-22T21:54:37Z,-21.7181800,166.1904539,14.2,48163.1,8.940,153,90,240
2026-07-22T21:54:38Z,-21.7180940,166.1904219,13.8,48173.1,9.160,153,90,240
2026-07-22T21:54:39Z,-21.7180050,166.1903679,13.4,48183.8,9.620,153,90,239
2026-07-22T21:54:40Z,-21.7179190,166.1903460,13.2,48194.2,10.000,153,89,239
2026-07-22T21:54:41Z,-21.7178320,166.1902819,13.0,48205.4,10.360,153,89,239
2026-07-22T21:54:42Z,-21.7177470,166.1902180,13.2,48216.5,10.680,154,88,239
2026-07-22T21:54:43Z,-21.7176689,166.1901639,13.2,48227.2,10.820,154,87,239
2026-07-22T21:54:44Z,-21.7175890,166.1901000,13.4,48238.1,10.860,153,86,240
2026-07-22T21:54:45Z,-21.7175079,166.1900349,13.8,48248.9,10.940,153,87,241
2026-07-22T21:54:46Z,-21.7174320,166.1899710,14.0,48259.6,10.840,153,87,240
2026-07-22T21:54:47Z,-21.7173619,166.1899170,14.2,48269.8,10.660,153,88,239
2026-07-22T21:54:48Z,-21.7172949,166.1898530,14.6,48279.6,10.480,153,87,240
2026-07-22T21:54:49Z,-21.7172310,166.1897890,14.8,48289.6,10.300,153,89,239
2026-07-22T21:54:50Z,-21.7171720,166.1897130,15.0,48299.3,10.080,153,89,240
2026-07-22T21:54:51Z,-21.7171150,166.1896380,15.2,48309.0,9.880,153,89,241
2026-07-22T21:54:52Z,-21.7170690,166.1895629,15.4,48318.4,9.720,153,89,240
2026-07-22T21:54:53Z,-21.7170260,166.1894879,15.6,48327.9,9.660,153,90,239
2026-07-22T21:54:54Z,-21.7169929,166.1894130,15.8,48337.1,9.500,153,89,239
2026-07-22T21:54:55Z,-21.7169670,166.1893169,15.8,48346.5,9.440,154,89,239
2026-07-22T21:54:56Z,-21.7169440,166.1892309,16.0,48356.0,9.400,153,88,240
2026-07-22T21:54:57Z,-21.7169280,166.1891560,16.2,48365.4,9.400,153,88,239
2026-07-22T21:54:58Z,-21.7169159,166.1890589,16.2,48374.7,9.360,154,88,240
2026-07-22T21:54:59Z,-21.7169059,166.1889729,16.2,48383.9,9.360,154,88,240
2026-07-22T21:55:00Z,-21.7168980,166.1888770,16.4,48393.2,9.340,154,88,240
2026-07-22T21:55:01Z,-21.7168940,166.1887910,16.4,48402.5,9.300,154,88,239
2026-07-22T21:55:02Z,-21.7168930,166.1886940,16.4,48412.0,9.320,153,85,239
2026-07-22T21:55:03Z,-21.7168930,166.1885979,16.4,48421.5,9.360,153,87,240
2026-07-22T21:55:04Z,-21.7168970,166.1885119,16.4,48430.9,9.400,153,86,239
2026-07-22T21:55:05Z,-21.7169019,166.1884150,16.4,48440.3,9.420,153,86,239
2026-07-22T21:55:06Z,-21.7169120,166.1883290,16.2,48449.9,9.480,153,85,239
2026-07-22T21:55:07Z,-21.7169290,166.1882330,16.0,48459.8,9.560,154,85,239
2026-07-22T21:55:08Z,-21.7169530,166.1881470,15.6,48469.9,9.680,154,85,240
2026-07-22T21:55:09Z,-21.7169840,166.1880509,15.4,48480.4,9.900,154,86,240
2026-07-22T21:55:10Z,-21.7170230,166.1879430,15.0,48491.2,10.180,154,86,240
2026-07-22T21:55:11Z,-21.7170660,166.1878570,14.6,48502.3,10.480,154,86,240
2026-07-22T21:55:12Z,-21.7171110,166.1877610,14.2,48513.7,10.780,154,89,240
2026-07-22T21:55:13Z,-21.7171560,166.1876540,14.0,48525.2,11.060,154,90,240
2026-07-22T21:55:14Z,-21.7171970,166.1875459,14.2,48536.7,11.260,154,90,240
2026-07-22T21:55:15Z,-21.7172380,166.1874599,14.4,48548.1,11.380,154,90,240
2026-07-22T21:55:16Z,-21.7172779,166.1873530,15.0,48558.9,11.320,154,89,238
2026-07-22T21:55:17Z,-21.7173180,166.1872570,15.4,48569.4,11.140,154,87,238
2026-07-22T21:55:18Z,-21.7173600,166.1871810,15.8,48579.3,10.820,154,85,239
2026-07-22T21:55:19Z,-21.7174069,166.1871060,16.2,48588.9,10.440,154,83,239
2026-07-22T21:55:20Z,-21.7174519,166.1870309,16.2,48598.4,10.060,154,83,241
2026-07-22T21:55:21Z,-21.7175020,166.1869560,16.2,48607.8,9.780,154,85,240
2026-07-22T21:55:22Z,-21.7175509,166.1868810,16.0,48617.5,9.620,154,86,240
2026-07-22T21:55:23Z,-21.7176040,166.1867849,15.6,48627.5,9.640,154,88,240
2026-07-22T21:55:24Z,-21.7176600,166.1867090,15.2,48637.9,9.800,154,89,240
2026-07-22T21:55:25Z,-21.7177200,166.1866340,14.6,48648.4,10.000,154,89,239
2026-07-22T21:55:26Z,-21.7177890,166.1865589,14.2,48659.6,10.360,153,89,239
2026-07-22T21:55:27Z,-21.7178679,166.1864839,13.8,48671.0,10.700,154,89,239
2026-07-22T21:55:28Z,-21.7179539,166.1864200,13.6,48682.7,11.040,152,88,239
2026-07-22T21:55:29Z,-21.7180500,166.1863770,13.6,48694.8,11.380,154,88,239
2026-07-22T21:55:30Z,-21.7181480,166.1863450,13.8,48705.9,11.500,154,87,239
2026-07-22T21:55:31Z,-21.7182470,166.1863119,14.2,48717.1,11.500,153,87,239
2026-07-22T21:55:32Z,-21.7183439,166.1863119,14.6,48727.9,11.380,153,86,239
2026-07-22T21:55:33Z,-21.7184380,166.1863119,15.0,48738.3,11.120,154,86,239
2026-07-22T21:55:34Z,-21.7185289,166.1863119,15.4,48748.4,10.720,154,86,240
2026-07-22T21:55:35Z,-21.7186179,166.1863340,15.6,48758.2,10.460,154,86,239
2026-07-22T21:55:36Z,-21.7187009,166.1863450,15.6,48767.9,10.160,154,86,239
2026-07-22T21:55:37Z,-21.7187850,166.1863770,15.4,48777.8,9.980,154,85,240
2026-07-22T21:55:38Z,-21.7188670,166.1864200,15.2,48788.0,9.940,153,86,240
2026-07-22T21:55:39Z,-21.7189410,166.1864839,14.8,48797.9,9.900,153,87,239
2026-07-22T21:55:40Z,-21.7190240,166.1865380,14.2,48809.0,10.160,154,86,239
2026-07-22T21:55:41Z,-21.7191029,166.1866019,13.8,48820.1,10.440,154,86,240
2026-07-22T21:55:42Z,-21.7191850,166.1866660,13.6,48831.2,10.680,153,86,240
2026-07-22T21:55:43Z,-21.7192749,166.1867090,13.6,48842.5,10.900,154,86,239
2026-07-22T21:55:44Z,-21.7193690,166.1867739,13.6,48854.0,11.220,153,86,239
2026-07-22T21:55:45Z,-21.7194560,166.1868169,14.0,48864.9,11.180,154,85,240
2026-07-22T21:55:46Z,-21.7195440,166.1868599,14.4,48875.6,11.100,153,86,241
2026-07-22T21:55:47Z,-21.7196310,166.1868920,14.6,48886.1,10.980,153,86,240
2026-07-22T21:55:48Z,-21.7197170,166.1869350,15.0,48896.4,10.780,154,88,240
2026-07-22T21:55:49Z,-21.7197990,166.1869670,15.2,48906.0,10.400,154,88,239
2026-07-22T21:55:50Z,-21.7198840,166.1869879,15.4,48915.6,10.140,154,88,239
2026-07-22T21:55:51Z,-21.7199689,166.1869990,15.2,48925.4,9.960,154,87,240
2026-07-22T21:55:52Z,-21.7200650,166.1870210,15.0,48936.0,9.980,154,88,240
2026-07-22T21:55:53Z,-21.7201490,166.1870309,14.6,48945.3,9.780,154,88,240
2026-07-22T21:55:54Z,-21.7202480,166.1870309,14.2,48956.2,10.040,154,88,239
2026-07-22T21:55:55Z,-21.7203409,166.1870309,14.0,48966.7,10.220,153,87,239
2026-07-22T21:55:56Z,-21.7204429,166.1870309,13.6,48977.9,10.500,154,86,239
2026-07-22T21:55:57Z,-21.7205419,166.1870210,13.6,48988.9,10.580,154,87,240
2026-07-22T21:55:58Z,-21.7206390,166.1869879,13.8,49000.0,10.940,154,87,239
2026-07-22T21:55:59Z,-21.7207360,166.1869670,14.2,49011.1,10.980,154,88,240
2026-07-22T21:56:00Z,-21.7208260,166.1869350,14.6,49021.4,10.940,154,88,240
2026-07-22T21:56:01Z,-21.7209090,166.1868920,15.0,49031.4,10.700,154,90,240
2026-07-22T21:56:02Z,-21.7209869,166.1868490,15.4,49041.2,10.460,154,90,239
2026-07-22T21:56:03Z,-21.7210579,166.1868060,15.6,49050.7,10.140,154,90,240
2026-07-22T21:56:04Z,-21.7211230,166.1867419,15.4,49060.3,9.840,154,91,239
2026-07-22T21:56:05Z,-21.7211830,166.1866660,15.2,49070.0,9.720,154,92,239
2026-07-22T21:56:06Z,-21.7212349,166.1865910,14.8,49080.1,9.740,154,92,239
2026-07-22T21:56:07Z,-21.7212879,166.1865159,14.6,49090.6,9.880,154,91,239
2026-07-22T21:56:08Z,-21.7213349,166.1864200,14.2,49100.8,10.020,154,90,239
2026-07-22T21:56:09Z,-21.7213870,166.1863340,14.2,49111.9,10.320,154,90,240
2026-07-22T21:56:10Z,-21.7214369,166.1862480,14.2,49122.3,10.460,154,90,240
2026-07-22T21:56:11Z,-21.7214870,166.1861620,14.4,49132.8,10.540,154,89,238
2026-07-22T21:56:12Z,-21.7215410,166.1860659,14.8,49143.7,10.620,154,89,238
2026-07-22T21:56:13Z,-21.7215880,166.1859910,15.0,49153.6,10.560,153,88,239
2026-07-22T21:56:14Z,-21.7216280,166.1859050,15.4,49163.1,10.240,154,87,240
2026-07-22T21:56:15Z,-21.7216669,166.1858300,15.6,49172.7,10.080,154,87,241
2026-07-22T21:56:16Z,-21.7216990,166.1857330,16.0,49182.5,9.940,153,88,240
2026-07-22T21:56:17Z,-21.7217260,166.1856580,16.2,49191.5,9.560,153,88,239
2026-07-22T21:56:18Z,-21.7217499,166.1855610,16.6,49200.6,9.400,154,88,240
2026-07-22T21:56:19Z,-21.7217730,166.1854860,17.0,49209.3,9.240,154,88,240
2026-07-22T21:56:20Z,-21.7217909,166.1854110,17.2,49217.9,9.040,154,89,240
2026-07-22T21:56:21Z,-21.7218030,166.1853359,17.6,49226.1,8.720,154,89,240
2026-07-22T21:56:22Z,-21.7218089,166.1852609,17.8,49234.0,8.500,153,89,240
2026-07-22T21:56:23Z,-21.7218120,166.1851639,18.0,49242.1,8.300,154,89,239
2026-07-22T21:56:24Z,-21.7218120,166.1851110,18.2,49249.7,8.080,154,89,239
2026-07-22T21:56:25Z,-21.7218040,166.1850360,18.2,49257.5,7.920,154,88,240
2026-07-22T21:56:26Z,-21.7217929,166.1849609,18.2,49265.7,7.920,154,88,240
2026-07-22T21:56:27Z,-21.7217769,166.1848749,18.0,49273.6,7.920,154,89,240
2026-07-22T21:56:28Z,-21.7217580,166.1847889,17.8,49282.5,8.080,155,90,239
2026-07-22T21:56:29Z,-21.7217369,166.1847139,17.4,49291.4,8.340,154,89,239
2026-07-22T21:56:30Z,-21.7217099,166.1846169,17.0,49301.1,8.720,154,88,239
2026-07-22T21:56:31Z,-21.7216779,166.1845309,16.6,49311.1,9.080,154,87,239
2026-07-22T21:56:32Z,-21.7216400,166.1844350,16.2,49321.6,9.600,154,86,239
2026-07-22T21:56:33Z,-21.7215960,166.1843490,15.6,49332.1,9.920,154,85,239
2026-07-22T21:56:34Z,-21.7215420,166.1842529,15.2,49343.1,10.340,154,84,240
2026-07-22T21:56:35Z,-21.7214740,166.1841770,15.0,49355.0,10.780,154,84,239
2026-07-22T21:56:36Z,-21.7213960,166.1841020,14.8,49366.2,11.020,154,84,238
2026-07-22T21:56:37Z,-21.7213059,166.1840379,15.0,49377.9,11.260,153,83,239
2026-07-22T21:56:38Z,-21.7212130,166.1839949,15.4,49388.9,11.360,154,82,240
2026-07-22T21:56:39Z,-21.7211210,166.1839630,15.8,49399.8,11.340,153,83,241
2026-07-22T21:56:40Z,-21.7210270,166.1839519,16.2,49410.4,11.080,154,84,239
2026-07-22T21:56:41Z,-21.7209380,166.1839200,16.6,49420.4,10.840,154,85,239
2026-07-22T21:56:42Z,-21.7208520,166.1839200,16.8,49430.1,10.440,153,84,239
2026-07-22T21:56:43Z,-21.7207690,166.1838979,17.2,49439.4,10.100,153,83,239
2026-07-22T21:56:44Z,-21.7206869,166.1838880,17.4,49448.5,9.740,153,82,239
2026-07-22T21:56:45Z,-21.7206019,166.1838880,17.6,49457.8,9.480,154,82,238
2026-07-22T21:56:46Z,-21.7205220,166.1838770,17.6,49466.8,9.280,151,80,238
2026-07-22T21:56:47Z,-21.7204389,166.1838770,17.4,49476.1,9.200,153,79,240
2026-07-22T21:56:48Z,-21.7203529,166.1838770,17.4,49485.5,9.220,153,79,240
2026-07-22T21:56:49Z,-21.7202679,166.1838880,17.2,49494.9,9.280,153,79,239
2026-07-22T21:56:50Z,-21.7201809,166.1838979,17.0,49504.8,9.400,153,79,240
2026-07-22T21:56:51Z,-21.7200900,166.1839200,16.8,49515.0,9.640,152,79,240
2026-07-22T21:56:52Z,-21.7200020,166.1839310,16.4,49524.9,9.760,153,79,239
2026-07-22T21:56:53Z,-21.7199060,166.1839519,16.2,49535.6,10.020,153,80,239
2026-07-22T21:56:54Z,-21.7198099,166.1839630,15.8,49546.4,10.300,153,80,239
2026-07-22T21:56:55Z,-21.7197109,166.1839630,15.6,49557.4,10.520,153,80,239
2026-07-22T21:56:56Z,-21.7196110,166.1839630,15.4,49568.4,10.680,153,79,240
2026-07-22T21:56:57Z,-21.7195089,166.1839630,15.2,49579.7,10.960,153,79,239
2026-07-22T21:56:58Z,-21.7194089,166.1839519,15.0,49591.1,11.100,153,79,239
2026-07-22T21:56:59Z,-21.7193179,166.1838880,15.2,49602.4,11.200,153,78,239
2026-07-22T21:57:00Z,-21.7192339,166.1838229,15.4,49613.9,11.300,153,79,239
2026-07-22T21:57:01Z,-21.7191700,166.1837480,15.6,49624.5,11.220,152,78,239
2026-07-22T21:57:02Z,-21.7191150,166.1836730,16.0,49635.0,11.060,152,79,240
2026-07-22T21:57:03Z,-21.7190690,166.1835870,16.4,49645.1,10.800,152,80,239
2026-07-22T21:57:04Z,-21.7190290,166.1834909,16.8,49655.0,10.520,152,81,240
2026-07-22T21:57:05Z,-21.7189940,166.1834160,17.2,49664.7,10.160,153,81,239
2026-07-22T21:57:06Z,-21.7189660,166.1833410,17.6,49673.7,9.840,153,81,240
2026-07-22T21:57:07Z,-21.7189390,166.1832440,18.0,49682.5,9.500,152,81,238
2026-07-22T21:57:08Z,-21.7189179,166.1831690,18.2,49690.6,9.100,152,80,239
2026-07-22T21:57:09Z,-21.7188950,166.1830940,18.4,49699.0,8.800,152,80,239
2026-07-22T21:57:10Z,-21.7188759,166.1830189,18.6,49707.5,8.560,152,79,239
2026-07-22T21:57:11Z,-21.7188619,166.1829439,18.6,49715.6,8.380,152,80,239
2026-07-22T21:57:12Z,-21.7188520,166.1828469,18.6,49724.4,8.380,152,80,240
2026-07-22T21:57:13Z,-21.7188520,166.1827719,18.4,49733.0,8.480,152,82,242
2026-07-22T21:57:14Z,-21.7188589,166.1826859,18.0,49742.2,8.640,152,84,240
2026-07-22T21:57:15Z,-21.7188749,166.1825900,17.8,49751.7,8.840,153,84,239
2026-07-22T21:57:16Z,-21.7189019,166.1825040,17.4,49761.9,9.260,151,83,239
2026-07-22T21:57:17Z,-21.7189339,166.1824070,17.4,49771.9,9.500,151,83,239
2026-07-22T21:57:18Z,-21.7189739,166.1823320,17.4,49781.9,9.780,152,82,239
2026-07-22T21:57:19Z,-21.7190270,166.1822350,17.6,49792.0,9.960,152,82,240
2026-07-22T21:57:20Z,-21.7190860,166.1821819,18.0,49802.0,10.060,152,82,239
2026-07-22T21:57:21Z,-21.7191469,166.1821170,18.4,49811.3,9.880,152,81,239
2026-07-22T21:57:22Z,-21.7192090,166.1820529,18.6,49820.4,9.700,152,80,240
2026-07-22T21:57:23Z,-21.7192690,166.1819989,19.0,49829.3,9.480,152,80,240
2026-07-22T21:57:24Z,-21.7193280,166.1819460,19.2,49837.8,9.160,152,80,239
2026-07-22T21:57:25Z,-21.7193899,166.1818920,19.2,49846.9,8.980,153,80,240
2026-07-22T21:57:26Z,-21.7194450,166.1818280,19.2,49855.3,8.800,153,80,240
2026-07-22T21:57:27Z,-21.7195049,166.1817630,19.0,49864.2,8.760,153,80,240
2026-07-22T21:57:28Z,-21.7195710,166.1817200,18.8,49873.7,8.880,153,81,240
2026-07-22T21:57:29Z,-21.7196389,166.1816560,18.4,49883.3,9.100,153,81,240
2026-07-22T21:57:30Z,-21.7197109,166.1816020,18.0,49893.3,9.280,153,81,241
2026-07-22T21:57:31Z,-21.7197829,166.1815379,17.6,49903.7,9.680,153,81,241
2026-07-22T21:57:32Z,-21.7198529,166.1814629,17.2,49914.3,10.020,153,82,239
2026-07-22T21:57:33Z,-21.7199200,166.1813880,16.8,49925.5,10.360,153,83,240
2026-07-22T21:57:34Z,-21.7199789,166.1812909,16.8,49936.7,10.680,153,83,240
2026-07-22T21:57:35Z,-21.7200340,166.1812059,17.0,49947.8,10.900,154,83,240
2026-07-22T21:57:36Z,-21.7200790,166.1811090,17.4,49958.7,11.000,153,84,239
2026-07-22T21:57:37Z,-21.7201160,166.1810230,17.6,49969.3,11.000,154,85,239
2026-07-22T21:57:38Z,-21.7201399,166.1809270,17.8,49979.3,10.760,153,85,239
2026-07-22T21:57:39Z,-21.7201500,166.1808189,17.8,49989.8,10.620,153,84,239
2026-07-22T21:57:40Z,-21.7201500,166.1807329,17.6,50000.1,10.460,154,84,239
2026-07-22T21:57:41Z,-21.7201409,166.1806260,17.4,50010.7,10.400,154,84,239
2026-07-22T21:57:42Z,-21.7201279,166.1805189,17.0,50021.2,10.380,154,83,239
2026-07-22T21:57:43Z,-21.7201050,166.1804120,16.6,50032.3,10.600,153,82,240
2026-07-22T21:57:44Z,-21.7200780,166.1803149,16.2,50043.7,10.780,154,82,239
2026-07-22T21:57:45Z,-21.7200470,166.1802080,16.0,50054.9,10.960,154,82,239
2026-07-22T21:57:46Z,-21.7200099,166.1800999,15.8,50066.8,11.220,154,82,239
2026-07-22T21:57:47Z,-21.7199679,166.1799930,15.8,50078.2,11.400,154,82,239
2026-07-22T21:57:48Z,-21.7199210,166.1799070,15.8,50089.7,11.480,154,82,240
2026-07-22T21:57:49Z,-21.7198740,166.1797999,16.2,50101.1,11.480,154,81,239
2026-07-22T21:57:50Z,-21.7198219,166.1797030,16.6,50112.0,11.420,154,81,239
2026-07-22T21:57:51Z,-21.7197720,166.1796280,17.0,50122.4,11.120,154,80,238
2026-07-22T21:57:52Z,-21.7197209,166.1795430,17.4,50132.6,10.880,153,74,238
2026-07-22T21:57:53Z,-21.7196659,166.1794669,17.8,50142.7,10.600,154,73,239
2026-07-22T21:57:54Z,-21.7196140,166.1794030,18.0,50152.1,10.200,154,75,239
2026-07-22T21:57:55Z,-21.7195619,166.1793280,18.2,50161.1,9.820,154,74,240
2026-07-22T21:57:56Z,-21.7195049,166.1792639,18.4,50170.2,9.560,153,74,240
2026-07-22T21:57:57Z,-21.7194489,166.1791990,18.4,50179.4,9.360,153,75,240
2026-07-22T21:57:58Z,-21.7193860,166.1791460,18.2,50188.8,9.220,153,75,241
2026-07-22T21:57:59Z,-21.7193199,166.1790810,18.0,50198.3,9.240,154,78,242
2026-07-22T21:58:00Z,-21.7192509,166.1790170,17.8,50208.0,9.380,154,80,241
2026-07-22T21:58:01Z,-21.7191749,166.1789629,17.4,50218.2,9.600,154,83,240
2026-07-22T21:58:02Z,-21.7190980,166.1789100,17.0,50228.7,9.860,154,85,240
2026-07-22T21:58:03Z,-21.7190130,166.1788560,16.6,50239.7,10.180,155,87,239
2026-07-22T21:58:04Z,-21.7189270,166.1787919,16.0,50251.1,10.560,155,87,239
2026-07-22T21:58:05Z,-21.7188410,166.1787270,15.8,50262.4,10.880,155,86,239
2026-07-22T21:58:06Z,-21.7187560,166.1786739,15.6,50273.9,11.140,154,85,239
2026-07-22T21:58:07Z,-21.7186700,166.1786090,15.6,50285.5,11.360,154,84,239
2026-07-22T21:58:08Z,-21.7185810,166.1785449,15.8,50297.2,11.500,154,81,240
2026-07-22T21:58:09Z,-21.7184979,166.1784909,16.2,50308.1,11.400,154,82,240
2026-07-22T21:58:10Z,-21.7184119,166.1784270,16.6,50319.1,11.340,154,83,239
2026-07-22T21:58:11Z,-21.7183370,166.1783840,17.0,50329.5,11.120,153,82,239
2026-07-22T21:58:12Z,-21.7182660,166.1783190,17.2,50339.4,10.780,154,82,239
2026-07-22T21:58:13Z,-21.7181979,166.1782550,17.2,50349.4,10.440,154,82,240
2026-07-22T21:58:14Z,-21.7181320,166.1781800,17.0,50359.6,10.300,154,83,239
2026-07-22T21:58:15Z,-21.7180679,166.1781050,16.8,50369.8,10.140,154,82,240
2026-07-22T21:58:16Z,-21.7180030,166.1780409,16.2,50380.4,10.180,154,82,240
2026-07-22T21:58:17Z,-21.7179379,166.1779549,15.8,50391.2,10.360,154,82,240
2026-07-22T21:58:18Z,-21.7178730,166.1778800,15.4,50402.5,10.620,153,82,239
2026-07-22T21:58:19Z,-21.7178119,166.1777829,14.8,50414.2,10.920,153,82,239
2026-07-22T21:58:20Z,-21.7177529,166.1776969,14.6,50426.1,11.260,153,83,240
2026-07-22T21:58:21Z,-21.7177020,166.1775900,14.4,50438.2,11.560,153,82,240
2026-07-22T21:58:22Z,-21.7176529,166.1774829,14.4,50450.4,11.840,153,82,239
2026-07-22T21:58:23Z,-21.7176160,166.1773750,14.6,50462.3,11.960,154,82,239
2026-07-22T21:58:24Z,-21.7175809,166.1772679,14.8,50474.2,12.000,153,82,240
2026-07-22T21:58:25Z,-21.7175509,166.1771610,15.2,50485.8,11.940,153,83,239
2026-07-22T21:58:26Z,-21.7175260,166.1770529,15.4,50497.0,11.760,153,81,240
2026-07-22T21:58:27Z,-21.7175040,166.1769460,15.8,50507.9,11.500,153,82,240
2026-07-22T21:58:28Z,-21.7174900,166.1768390,16.0,50518.6,11.260,153,83,239
2026-07-22T21:58:29Z,-21.7174750,166.1767420,16.2,50529.0,10.960,153,84,240
2026-07-22T21:58:30Z,-21.7174590,166.1766349,16.2,50539.3,10.700,153,84,240
2026-07-22T21:58:31Z,-21.7174430,166.1765489,16.2,50549.6,10.520,154,85,241
2026-07-22T21:58:32Z,-21.7174250,166.1764530,16.2,50559.8,10.380,154,87,240
2026-07-22T21:58:33Z,-21.7174120,166.1763449,16.2,50570.0,10.280,153,87,240
2026-07-22T21:58:34Z,-21.7174000,166.1762599,16.2,50580.2,10.240,154,88,239
2026-07-22T21:58:35Z,-21.7173960,166.1761520,16.2,50590.5,10.240,153,89,239
2026-07-22T21:58:36Z,-21.7174020,166.1760559,16.2,50600.9,10.260,153,89,239
2026-07-22T21:58:37Z,-21.7174160,166.1759480,16.4,50611.1,10.260,154,90,240
2026-07-22T21:58:38Z,-21.7174440,166.1758630,16.4,50621.3,10.260,154,89,239
2026-07-22T21:58:39Z,-21.7174840,166.1757869,16.6,50631.2,10.200,154,89,239
2026-07-22T21:58:40Z,-21.7175339,166.1756910,17.0,50641.0,10.100,154,91,239
2026-07-22T21:58:41Z,-21.7175850,166.1756370,17.2,50650.6,9.940,154,91,240
2026-07-22T21:58:42Z,-21.7176399,166.1755510,17.4,50659.9,9.760,154,91,239
2026-07-22T21:58:43Z,-21.7176980,166.1754979,17.8,50669.1,9.560,154,91,239
2026-07-22T21:58:44Z,-21.7177529,166.1754330,18.0,50678.0,9.360,154,91,240
2026-07-22T21:58:45Z,-21.7178060,166.1753689,18.2,50686.9,9.180,154,91,240
2026-07-22T21:58:46Z,-21.7178580,166.1752939,18.2,50695.6,9.000,155,91,239
2026-07-22T21:58:47Z,-21.7179089,166.1752399,18.4,50704.4,8.900,155,91,240
2026-07-22T21:58:48Z,-21.7179590,166.1751760,18.4,50713.1,8.800,155,90,240
2026-07-22T21:58:49Z,-21.7180099,166.1751120,18.4,50722.0,8.800,155,90,239
2026-07-22T21:58:50Z,-21.7180640,166.1750359,18.4,50731.0,8.820,155,91,239
2026-07-22T21:58:51Z,-21.7181230,166.1749720,18.4,50740.1,8.900,155,91,240
2026-07-22T21:58:52Z,-21.7181819,166.1749180,18.2,50749.5,9.020,154,90,239
2026-07-22T21:58:53Z,-21.7182409,166.1748540,18.2,50758.9,9.160,154,89,239
2026-07-22T21:58:54Z,-21.7183020,166.1747789,18.2,50768.4,9.280,154,89,239
2026-07-22T21:58:55Z,-21.7183429,166.1747039,18.2,50778.0,9.400,155,88,240
2026-07-22T21:58:56Z,-21.7183610,166.1746069,18.2,50787.6,9.500,155,89,239
2026-07-22T21:58:57Z,-21.7183650,166.1745209,18.2,50797.3,9.560,154,89,240
2026-07-22T21:58:58Z,-21.7183569,166.1744250,18.2,50807.1,9.640,154,89,239
2026-07-22T21:58:59Z,-21.7183399,166.1743390,18.2,50816.9,9.700,154,89,239
2026-07-22T21:59:00Z,-21.7183100,166.1742420,18.2,50826.8,9.760,154,88,240
2026-07-22T21:59:01Z,-21.7182620,166.1741569,18.2,50837.1,9.900,155,89,240
2026-07-22T21:59:02Z,-21.7182129,166.1740820,18.4,50847.2,9.980,155,89,239
2026-07-22T21:59:03Z,-21.7181660,166.1739849,18.6,50857.4,10.060,155,89,240
2026-07-22T21:59:04Z,-21.7181160,166.1739100,18.6,50867.4,10.100,154,90,240
2026-07-22T21:59:05Z,-21.7180660,166.1738350,18.8,50877.5,10.140,155,89,240
2026-07-22T21:59:06Z,-21.7180170,166.1737600,19.0,50887.4,10.060,155,91,240
2026-07-22T21:59:07Z,-21.7179669,166.1736630,19.0,50897.1,9.980,155,92,240
2026-07-22T21:59:08Z,-21.7179190,166.1735880,19.2,50906.7,9.860,155,92,239
2026-07-22T21:59:09Z,-21.7178689,166.1735129,19.2,50916.3,9.780,155,93,239
2026-07-22T21:59:10Z,-21.7178200,166.1734490,19.4,50925.5,9.600,155,92,239
2026-07-22T21:59:11Z,-21.7177659,166.1733730,19.4,50935.3,9.580,155,91,239
2026-07-22T21:59:12Z,-21.7177109,166.1732979,19.4,50944.7,9.520,156,90,238
2026-07-22T21:59:13Z,-21.7176570,166.1732340,19.6,50954.0,9.460,155,89,239
2026-07-22T21:59:14Z,-21.7176020,166.1731590,19.6,50963.4,9.420,155,89,240
2026-07-22T21:59:15Z,-21.7175450,166.1730949,19.6,50972.9,9.480,155,88,239
2026-07-22T21:59:16Z,-21.7174840,166.1730410,19.8,50982.3,9.400,154,88,239
2026-07-22T21:59:17Z,-21.7174189,166.1729760,19.8,50991.6,9.380,155,87,239
2026-07-22T21:59:18Z,-21.7173489,166.1729340,19.8,51001.0,9.400,155,86,239
2026-07-22T21:59:19Z,-21.7172740,166.1728910,19.8,51010.4,9.400,154,86,240
2026-07-22T21:59:20Z,-21.7171970,166.1728369,19.8,51019.8,9.380,155,86,240
2026-07-22T21:59:21Z,-21.7171219,166.1727939,20.0,51029.3,9.400,155,86,239
2026-07-22T21:59:22Z,-21.7170459,166.1727619,20.0,51038.7,9.420,154,86,239
2026-07-22T21:59:23Z,-21.7169670,166.1727189,20.0,51048.2,9.440,154,84,239
2026-07-22T21:59:24Z,-21.7168930,166.1726759,20.0,51057.7,9.460,155,84,239
2026-07-22T21:59:25Z,-21.7168199,166.1726219,20.0,51067.2,9.480,155,84,240
2026-07-22T21:59:26Z,-21.7167520,166.1725690,19.8,51076.8,9.500,155,85,240
2026-07-22T21:59:27Z,-21.7166859,166.1725039,19.8,51086.5,9.560,155,86,240
2026-07-22T21:59:28Z,-21.7166299,166.1724290,19.6,51096.3,9.620,155,86,239
2026-07-22T21:59:29Z,-21.7165780,166.1723540,19.6,51106.3,9.720,155,86,240
2026-07-22T21:59:30Z,-21.7165319,166.1722790,19.4,51116.4,9.840,155,86,241
2026-07-22T21:59:31Z,-21.7164910,166.1721830,19.2,51126.7,9.980,155,87,239
2026-07-22T21:59:32Z,-21.7164500,166.1720970,18.8,51137.2,10.140,154,88,239
2026-07-22T21:59:33Z,-21.7164139,166.1719999,18.6,51147.9,10.320,154,87,240
2026-07-22T21:59:34Z,-21.7163780,166.1718930,18.4,51158.8,10.500,154,87,240
2026-07-22T21:59:35Z,-21.7163380,166.1718070,18.2,51169.8,10.680,154,88,240
2026-07-22T21:59:36Z,-21.7162930,166.1716999,18.0,51181.0,10.860,155,88,239
2026-07-22T21:59:37Z,-21.7162419,166.1716030,17.8,51192.0,10.960,153,88,240
2026-07-22T21:59:38Z,-21.7161810,166.1715170,17.6,51203.7,11.160,155,88,240
2026-07-22T21:59:39Z,-21.7161119,166.1714320,17.6,51214.8,11.200,154,89,240
2026-07-22T21:59:40Z,-21.7160289,166.1713780,17.4,51226.5,11.340,155,89,240
2026-07-22T21:59:41Z,-21.7159429,166.1713139,17.4,51237.8,11.360,155,89,240
2026-07-22T21:59:42Z,-21.7158580,166.1712490,17.4,51248.9,11.380,155,90,239
2026-07-22T21:59:43Z,-21.7157730,166.1712060,17.6,51259.7,11.200,155,90,240
2026-07-22T21:59:44Z,-21.7156900,166.1711419,17.6,51271.0,11.240,156,89,239
2026-07-22T21:59:45Z,-21.7156160,166.1710669,17.6,51281.9,11.080,157,89,240
2026-07-22T21:59:46Z,-21.7155560,166.1709920,17.6,51292.8,11.000,156,90,240
2026-07-22T21:59:47Z,-21.7155140,166.1709060,17.6,51303.5,10.920,155,90,239
2026-07-22T21:59:48Z,-21.7154910,166.1707990,17.6,51314.0,10.860,156,89,239
2026-07-22T21:59:49Z,-21.7154850,166.1706909,17.8,51324.6,10.720,156,89,239
2026-07-22T21:59:50Z,-21.7154929,166.1705949,17.8,51335.3,10.680,155,88,239
2026-07-22T21:59:51Z,-21.7155119,166.1705089,18.0,51345.2,10.480,155,88,207
2026-07-22T21:59:52Z,-21.7155410,166.1704020,18.2,51355.3,10.360,155,88,205
2026-07-22T21:59:53Z,-21.7155789,166.1703260,18.4,51365.6,10.320,154,88,132
2026-07-22T21:59:54Z,-21.7156280,166.1702300,18.6,51376.2,10.320,155,66,73
2026-07-22T21:59:55Z,-21.7156720,166.1701660,18.8,51384.2,9.780,154,65,118
2026-07-22T21:59:56Z,-21.7157259,166.1701120,19.0,51393.0,9.560,154,69,123
2026-07-22T21:59:57Z,-21.7157860,166.1700479,19.2,51401.8,9.300,155,67,124
2026-07-22T21:59:58Z,-21.7158539,166.1700150,19.4,51410.0,8.880,154,65,123
2026-07-22T21:59:59Z,-21.7159259,166.1699830,19.8,51418.3,8.420,154,63,124
2026-07-22T22:00:00Z,-21.7159940,166.1699830,20.0,51426.0,8.360,154,62,125
2026-07-22T22:00:01Z,-21.7160590,166.1699830,20.2,51433.2,8.039,153,63,125
2026-07-22T22:00:02Z,-21.7161259,166.1699719,20.4,51440.5,7.740,152,63,125
2026-07-22T22:00:03Z,-21.7161869,166.1699830,20.6,51447.3,7.460,151,64,125
2026-07-22T22:00:04Z,-21.7162480,166.1699830,20.8,51454.0,7.140,151,63,124
2026-07-22T22:00:05Z,-21.7163070,166.1699830,21.0,51460.6,6.920,150,63,124
2026-07-22T22:00:06Z,-21.7163640,166.1699719,21.2,51467.0,6.760,150,62,124
2026-07-22T22:00:07Z,-21.7164179,166.1699719,21.2,51472.9,6.480,149,63,124
2026-07-22T22:00:08Z,-21.7164690,166.1699400,21.4,51478.9,6.320,149,61,124
2026-07-22T22:00:09Z,-21.7165169,166.1699080,21.4,51485.0,6.200,149,61,125
2026-07-22T22:00:10Z,-21.7165550,166.1698759,21.6,51490.7,6.020,150,62,126
2026-07-22T22:00:11Z,-21.7165859,166.1698329,21.6,51496.8,5.960,148,63,125
2026-07-22T22:00:12Z,-21.7166090,166.1697690,21.6,51502.9,6.000,148,66,125
2026-07-22T22:00:13Z,-21.7166230,166.1697260,21.6,51509.1,6.040,148,67,125
2026-07-22T22:00:14Z,-21.7166260,166.1696609,21.8,51514.9,5.980,148,67,124
2026-07-22T22:00:15Z,-21.7166179,166.1696080,22.0,51520.8,6.020,148,67,125
2026-07-22T22:00:16Z,-21.7165990,166.1695650,22.2,51526.7,5.980,147,67,125
2026-07-22T22:00:17Z,-21.7165759,166.1695110,22.4,51532.2,5.860,147,67,125
2026-07-22T22:00:18Z,-21.7165510,166.1694680,22.4,51537.4,5.660,147,67,124
2026-07-22T22:00:19Z,-21.7165230,166.1694250,22.6,51542.9,5.600,146,67,125
2026-07-22T22:00:20Z,-21.7164950,166.1693719,22.8,51548.0,5.440,146,67,124
2026-07-22T22:00:21Z,-21.7164680,166.1693500,22.8,51553.1,5.280,146,67,125
2026-07-22T22:00:22Z,-21.7164419,166.1692969,23.0,51558.1,5.180,145,68,125
2026-07-22T22:00:23Z,-21.7164190,166.1692539,23.0,51563.0,5.120,145,68,125
2026-07-22T22:00:24Z,-21.7164009,166.1692210,23.2,51568.1,5.040,144,69,125
2026-07-22T22:00:25Z,-21.7163889,166.1691780,23.2,51573.0,5.000,144,69,125
2026-07-22T22:00:26Z,-21.7163830,166.1691139,23.2,51578.3,5.040,145,69,124
2026-07-22T22:00:27Z,-21.7163859,166.1690709,23.0,51583.6,5.100,145,69,124
2026-07-22T22:00:28Z,-21.7163970,166.1690070,23.0,51589.3,5.260,143,69,124
2026-07-22T22:00:29Z,-21.7164139,166.1689640,22.8,51595.7,5.520,142,69,124
2026-07-22T22:00:30Z,-21.7164330,166.1689000,22.6,51602.0,5.800,143,69,125
2026-07-22T22:00:31Z,-21.7164490,166.1688460,22.4,51608.9,6.120,143,69,124
2026-07-22T22:00:32Z,-21.7164459,166.1687710,22.0,51616.1,6.500,141,69,125
2026-07-22T22:00:33Z,-21.7164190,166.1687060,21.6,51623.9,6.920,141,70,125
2026-07-22T22:00:34Z,-21.7163729,166.1686420,21.4,51631.8,7.220,141,70,124
2026-07-22T22:00:35Z,-21.7162999,166.1686099,21.0,51640.5,7.700,141,70,125
2026-07-22T22:00:36Z,-21.7162250,166.1686099,20.8,51648.8,7.980,140,70,125
2026-07-22T22:00:37Z,-21.7161429,166.1686420,20.6,51658.2,8.420,140,70,125
2026-07-22T22:00:38Z,-21.7160709,166.1686740,20.4,51667.2,8.660,139,71,124
2026-07-22T22:00:39Z,-21.7159979,166.1687170,20.6,51676.5,8.940,140,71,124
2026-07-22T22:00:40Z,-21.7159350,166.1687710,20.8,51685.1,8.920,139,71,124
2026-07-22T22:00:41Z,-21.7158740,166.1688140,21.2,51693.5,8.940,140,71,125
2026-07-22T22:00:42Z,-21.7158170,166.1688570,21.4,51701.2,8.600,140,71,125
2026-07-22T22:00:43Z,-21.7157600,166.1689000,21.6,51709.2,8.400,139,72,124
2026-07-22T22:00:44Z,-21.7157050,166.1689529,21.8,51716.6,8.020,139,72,124
2026-07-22T22:00:45Z,-21.7156519,166.1689959,22.0,51723.6,7.700,139,72,125
2026-07-22T22:00:46Z,-21.7156010,166.1690279,22.2,51730.8,7.460,138,72,126
2026-07-22T22:00:47Z,-21.7155539,166.1690709,22.4,51737.3,7.220,138,73,125
2026-07-22T22:00:48Z,-21.7155050,166.1691030,22.6,51743.9,6.940,137,76,125
2026-07-22T22:00:49Z,-21.7154580,166.1691460,22.8,51750.3,6.740,138,77,124
2026-07-22T22:00:50Z,-21.7154150,166.1691780,23.0,51756.3,6.540,138,77,125
2026-07-22T22:00:51Z,-21.7153720,166.1692109,23.2,51762.0,6.240,138,77,124
2026-07-22T22:00:52Z,-21.7153290,166.1692429,23.4,51767.7,6.080,137,78,124
2026-07-22T22:00:53Z,-21.7152860,166.1692750,23.6,51773.4,5.900,136,78,125
2026-07-22T22:00:54Z,-21.7152470,166.1692969,23.8,51778.7,5.680,136,78,125
2026-07-22T22:00:55Z,-21.7152069,166.1693289,23.8,51784.1,5.560,136,78,125
2026-07-22T22:00:56Z,-21.7151710,166.1693610,24.0,51789.2,5.440,136,78,125
2026-07-22T22:00:57Z,-21.7151349,166.1693930,24.2,51794.3,5.320,136,79,125
2026-07-22T22:00:58Z,-21.7150980,166.1694250,24.4,51799.2,5.160,136,78,124
2026-07-22T22:00:59Z,-21.7150649,166.1694360,24.4,51803.7,5.000,136,78,125
2026-07-22T22:01:00Z,-21.7150310,166.1694680,24.6,51808.4,4.860,136,78,124
2026-07-22T22:01:01Z,-21.7149970,166.1694999,24.8,51813.1,4.780,136,78,124
2026-07-22T22:01:02Z,-21.7149639,166.1695110,24.8,51817.6,4.660,137,78,125
2026-07-22T22:01:03Z,-21.7149290,166.1695429,25.0,51822.1,4.580,137,78,125
2026-07-22T22:01:04Z,-21.7149000,166.1695749,25.2,51826.3,4.520,137,77,124
2026-07-22T22:01:05Z,-21.7148650,166.1695859,25.2,51830.9,4.500,136,76,124
2026-07-22T22:01:06Z,-21.7148329,166.1696179,25.2,51835.4,4.460,136,75,125
2026-07-22T22:01:07Z,-21.7147970,166.1696510,25.2,51840.3,4.540,136,75,125
2026-07-22T22:01:08Z,-21.7147609,166.1696830,25.2,51845.4,4.660,135,76,125
2026-07-22T22:01:09Z,-21.7147220,166.1697149,25.2,51850.6,4.860,136,77,125
2026-07-22T22:01:10Z,-21.7146830,166.1697469,25.2,51855.9,5.000,136,78,125
2026-07-22T22:01:11Z,-21.7146439,166.1697690,25.2,51861.3,5.180,136,78,124
2026-07-22T22:01:12Z,-21.7146039,166.1698009,25.2,51866.8,5.300,135,77,125
2026-07-22T22:01:13Z,-21.7145609,166.1698329,25.2,51872.8,5.480,135,78,125
2026-07-22T22:01:14Z,-21.7145159,166.1698650,25.2,51878.6,5.600,135,77,125
2026-07-22T22:01:15Z,-21.7144749,166.1698970,25.2,51884.4,5.700,135,77,125
2026-07-22T22:01:16Z,-21.7144309,166.1699299,25.2,51890.5,5.840,135,78,125
2026-07-22T22:01:17Z,-21.7143849,166.1699719,25.2,51896.7,5.980,134,78,125
2026-07-22T22:01:18Z,-21.7143390,166.1700049,25.2,51902.9,6.020,134,79,125
2026-07-22T22:01:19Z,-21.7142910,166.1700370,25.2,51909.3,6.140,134,79,125
2026-07-22T22:01:20Z,-21.7142459,166.1700800,25.2,51915.6,6.240,134,79,124
2026-07-22T22:01:21Z,-21.7141970,166.1701120,25.2,51922.1,6.320,134,79,125
2026-07-22T22:01:22Z,-21.7141480,166.1701440,25.2,51928.6,6.380,134,80,125
2026-07-22T22:01:23Z,-21.7140979,166.1701870,25.2,51935.3,6.480,133,81,125
2026-07-22T22:01:24Z,-21.7140480,166.1702189,25.0,51942.0,6.540,133,80,125
2026-07-22T22:01:25Z,-21.7139969,166.1702619,24.8,51948.9,6.660,133,80,125
2026-07-22T22:01:26Z,-21.7139439,166.1702939,24.6,51956.2,6.820,132,81,125
2026-07-22T22:01:27Z,-21.7138890,166.1703369,24.4,51963.8,7.040,132,83,125
2026-07-22T22:01:28Z,-21.7138310,166.1703799,24.2,51971.5,7.240,133,82,125
2026-07-22T22:01:29Z,-21.7137720,166.1704339,24.0,51979.6,7.520,134,83,125
2026-07-22T22:01:30Z,-21.7137089,166.1704769,23.8,51987.9,7.800,135,83,125
2026-07-22T22:01:31Z,-21.7136450,166.1705199,23.4,51996.7,8.100,134,84,125
2026-07-22T22:01:32Z,-21.7135799,166.1705629,23.2,52005.7,8.380,134,85,125
2026-07-22T22:01:33Z,-21.7135129,166.1706270,23.0,52014.8,8.660,135,87,125
2026-07-22T22:01:34Z,-21.7134450,166.1706700,22.6,52024.1,8.900,134,90,125
2026-07-22T22:01:35Z,-21.7133750,166.1707229,22.4,52033.3,9.080,134,90,125
2026-07-22T22:01:36Z,-21.7133030,166.1707770,22.2,52043.1,9.280,135,90,125
2026-07-22T22:01:37Z,-21.7132300,166.1708410,21.8,52053.1,9.480,135,90,125
2026-07-22T22:01:38Z,-21.7131580,166.1708840,21.6,52063.1,9.660,136,89,124
2026-07-22T22:01:39Z,-21.7130840,166.1709490,21.2,52073.4,9.860,135,89,124
2026-07-22T22:01:40Z,-21.7130089,166.1710129,21.0,52083.5,10.040,135,89,124
2026-07-22T22:01:41Z,-21.7129310,166.1710669,20.6,52094.1,10.200,135,88,125
2026-07-22T22:01:42Z,-21.7128489,166.1711310,20.4,52105.1,10.400,134,88,125
2026-07-22T22:01:43Z,-21.7127730,166.1711740,20.0,52115.3,10.440,134,88,124
2026-07-22T22:01:44Z,-21.7126929,166.1712490,19.6,52126.4,10.600,133,88,124
2026-07-22T22:01:45Z,-21.7126189,166.1713139,19.4,52137.5,10.800,133,88,124
2026-07-22T22:01:46Z,-21.7125599,166.1714100,19.2,52148.5,10.880,132,88,125
2026-07-22T22:01:47Z,-21.7125260,166.1714960,19.0,52159.3,10.840,132,88,125
2026-07-22T22:01:48Z,-21.7125380,166.1716030,18.6,52170.6,11.060,131,88,125
2026-07-22T22:01:49Z,-21.7125830,166.1716999,18.4,52181.2,10.960,131,88,124
2026-07-22T22:01:50Z,-21.7126520,166.1717749,18.2,52192.4,10.980,131,88,124
2026-07-22T22:01:51Z,-21.7127410,166.1718289,18.0,52203.9,11.080,129,87,124
2026-07-22T22:01:52Z,-21.7128359,166.1718820,18.0,52215.1,11.160,129,87,125
2026-07-22T22:01:53Z,-21.7129310,166.1718820,18.0,52225.8,11.040,128,87,124
2026-07-22T22:01:54Z,-21.7130209,166.1718500,18.2,52236.3,11.020,128,87,125
2026-07-22T22:01:55Z,-21.7130980,166.1717859,18.6,52246.5,10.820,128,86,125
2026-07-22T22:01:56Z,-21.7131629,166.1717210,18.8,52256.5,10.520,127,86,125
2026-07-22T22:01:57Z,-21.7132199,166.1716680,19.2,52265.6,10.100,127,86,124
2026-07-22T22:01:58Z,-21.7132760,166.1716030,19.4,52274.7,9.780,127,86,125
2026-07-22T22:01:59Z,-21.7133340,166.1715279,19.8,52283.7,9.480,127,87,125
2026-07-22T22:02:00Z,-21.7133850,166.1714849,20.0,52292.0,9.100,127,87,125
2026-07-22T22:02:01Z,-21.7134420,166.1714210,20.0,52300.4,8.780,127,87,124
2026-07-22T22:02:02Z,-21.7135000,166.1713780,20.2,52308.2,8.520,127,88,124
2026-07-22T22:02:03Z,-21.7135669,166.1713460,20.2,52316.2,8.300,127,88,125
2026-07-22T22:02:04Z,-21.7136369,166.1713350,20.0,52324.3,8.119,127,88,124
2026-07-22T22:02:05Z,-21.7137119,166.1713139,19.8,52332.7,8.140,126,87,124
2026-07-22T22:02:06Z,-21.7137859,166.1713139,19.6,52341.0,8.119,126,86,124
2026-07-22T22:02:07Z,-21.7138630,166.1713030,19.2,52349.8,8.320,126,85,125
2026-07-22T22:02:08Z,-21.7139439,166.1713030,19.0,52358.6,8.480,126,86,125
2026-07-22T22:02:09Z,-21.7140240,166.1712709,18.6,52368.0,8.740,127,86,125
2026-07-22T22:02:10Z,-21.7140969,166.1712060,18.2,52377.7,9.000,127,87,125
2026-07-22T22:02:11Z,-21.7141569,166.1711419,18.0,52387.3,9.260,128,87,125
2026-07-22T22:02:12Z,-21.7142090,166.1710669,17.6,52397.2,9.480,128,87,125
2026-07-22T22:02:13Z,-21.7142589,166.1709809,17.2,52407.5,9.780,128,89,125
2026-07-22T22:02:14Z,-21.7143060,166.1709060,17.0,52417.5,9.900,128,89,124
2026-07-22T22:02:15Z,-21.7143680,166.1708089,16.6,52428.7,10.200,130,90,125
2026-07-22T22:02:16Z,-21.7144390,166.1707450,16.4,52439.3,10.400,129,90,125
2026-07-22T22:02:17Z,-21.7145240,166.1707020,16.0,52449.8,10.520,129,90,124
2026-07-22T22:02:18Z,-21.7146210,166.1706909,15.8,52460.8,10.660,129,90,125
2026-07-22T22:02:19Z,-21.7147189,166.1706700,15.6,52471.5,10.800,130,90,125
2026-07-22T22:02:20Z,-21.7148100,166.1706590,15.4,52481.9,10.640,130,90,125
2026-07-22T22:02:21Z,-21.7148870,166.1705840,15.2,52493.1,10.760,130,91,125
2026-07-22T22:02:22Z,-21.7149339,166.1704870,15.0,52503.9,10.820,130,91,125
2026-07-22T22:02:23Z,-21.7149560,166.1704020,14.8,52514.6,10.760,129,91,124
2026-07-22T22:02:24Z,-21.7149560,166.1702939,14.8,52525.2,10.740,130,91,124
2026-07-22T22:02:25Z,-21.7149169,166.1701980,14.8,52536.0,10.820,129,91,124
2026-07-22T22:02:26Z,-21.7148479,166.1701440,14.8,52546.5,10.680,128,92,125
2026-07-22T22:02:27Z,-21.7147710,166.1700580,14.8,52557.4,10.700,128,92,124
2026-07-22T22:02:28Z,-21.7146970,166.1700049,14.8,52567.9,10.660,128,92,125
2026-07-22T22:02:29Z,-21.7146260,166.1699400,14.8,52577.6,10.480,127,92,125
2026-07-22T22:02:30Z,-21.7145540,166.1698759,14.8,52587.8,10.360,127,92,124
2026-07-22T22:02:31Z,-21.7144879,166.1698220,14.8,52597.6,10.220,127,92,124
2026-07-22T22:02:32Z,-21.7144169,166.1697579,14.8,52608.1,10.140,127,91,125
2026-07-22T22:02:33Z,-21.7143490,166.1696930,14.8,52618.1,10.040,127,91,125
2026-07-22T22:02:34Z,-21.7142820,166.1696400,14.8,52627.5,9.980,126,91,125
2026-07-22T22:02:35Z,-21.7142149,166.1695749,14.8,52637.1,9.860,126,91,125
2026-07-22T22:02:36Z,-21.7141419,166.1695110,14.8,52647.2,9.920,126,91,125
2026-07-22T22:02:37Z,-21.7140780,166.1694569,14.8,52656.5,9.680,126,91,124
2026-07-22T22:02:38Z,-21.7140119,166.1694040,14.8,52665.9,9.560,125,91,124
2026-07-22T22:02:39Z,-21.7139460,166.1693500,14.8,52675.3,9.560,125,91,125
2026-07-22T22:02:40Z,-21.7138870,166.1692859,14.6,52684.3,9.440,125,91,124
2026-07-22T22:02:41Z,-21.7138380,166.1692109,14.6,52693.7,9.300,125,91,125
2026-07-22T22:02:42Z,-21.7138119,166.1691360,14.6,52702.5,9.200,125,91,125
2026-07-22T22:02:43Z,-21.7138080,166.1690389,14.6,52711.9,9.200,125,91,125
2026-07-22T22:02:44Z,-21.7138259,166.1689529,14.6,52721.1,9.160,125,91,125
2026-07-22T22:02:45Z,-21.7138539,166.1688780,14.6,52729.7,9.080,125,91,125
2026-07-22T22:02:46Z,-21.7138890,166.1687920,14.6,52738.4,8.940,125,91,125
2026-07-22T22:02:47Z,-21.7139330,166.1687170,14.6,52747.5,9.000,125,91,125
2026-07-22T22:02:48Z,-21.7139760,166.1686639,14.6,52756.4,8.900,125,91,125
2026-07-22T22:02:49Z,-21.7140220,166.1685880,14.6,52765.1,8.800,125,91,125
2026-07-22T22:02:50Z,-21.7140699,166.1685239,14.6,52773.8,8.820,125,91,125
2026-07-22T22:02:51Z,-21.7141149,166.1684600,14.6,52782.1,8.740,125,91,125
2026-07-22T22:02:52Z,-21.7141650,166.1683850,14.6,52790.9,8.680,125,91,125
2026-07-22T22:02:53Z,-21.7142129,166.1683199,14.6,52799.6,8.640,125,91,124
2026-07-22T22:02:54Z,-21.7142589,166.1682670,14.6,52808.0,8.580,125,91,124
2026-07-22T22:02:55Z,-21.7143009,166.1681909,14.6,52816.3,8.500,125,91,124
2026-07-22T22:02:56Z,-21.7143419,166.1681270,14.6,52824.8,8.540,126,91,125
2026-07-22T22:02:57Z,-21.7143820,166.1680520,14.6,52833.4,8.500,127,90,125
2026-07-22T22:02:58Z,-21.7144169,166.1679879,14.6,52841.6,8.400,127,90,124
2026-07-22T22:02:59Z,-21.7144449,166.1679120,14.6,52849.9,8.380,127,90,124
2026-07-22T22:03:00Z,-21.7144749,166.1678370,14.6,52858.4,8.420,127,90,125
2026-07-22T22:03:01Z,-21.7145039,166.1677619,14.6,52866.4,8.320,127,90,125
2026-07-22T22:03:02Z,-21.7145370,166.1676869,14.6,52874.9,8.300,127,90,124
2026-07-22T22:03:03Z,-21.7145670,166.1676009,14.6,52883.0,8.280,128,90,124
2026-07-22T22:03:04Z,-21.7145930,166.1675480,14.6,52890.9,8.200,128,90,124
2026-07-22T22:03:05Z,-21.7146130,166.1674729,14.6,52899.0,8.119,129,89,125
2026-07-22T22:03:06Z,-21.7146210,166.1673970,14.6,52906.9,8.100,129,89,124
2026-07-22T22:03:07Z,-21.7146169,166.1673119,14.6,52915.3,8.080,129,88,125
2026-07-22T22:03:08Z,-21.7145980,166.1672259,14.6,52923.6,8.119,129,88,124
2026-07-22T22:03:09Z,-21.7145749,166.1671610,14.4,52931.4,8.100,129,88,125
2026-07-22T22:03:10Z,-21.7145449,166.1670859,14.2,52939.9,8.180,128,88,125
2026-07-22T22:03:11Z,-21.7145070,166.1670109,14.0,52948.7,8.360,128,87,125
2026-07-22T22:03:12Z,-21.7144630,166.1669470,14.0,52957.0,8.340,128,87,124
2026-07-22T22:03:13Z,-21.7144090,166.1668720,13.8,52966.0,8.480,128,87,124
2026-07-22T22:03:14Z,-21.7143530,166.1668290,13.6,52974.4,8.600,127,87,124
2026-07-22T22:03:15Z,-21.7142820,166.1667860,13.4,52983.7,8.760,127,87,124
2026-07-22T22:03:16Z,-21.7142050,166.1667539,13.4,52992.7,8.800,127,86,124
2026-07-22T22:03:17Z,-21.7141279,166.1667320,13.4,53001.5,8.900,126,86,124
2026-07-22T22:03:18Z,-21.7140460,166.1667320,13.6,53010.7,8.940,126,86,124
2026-07-22T22:03:19Z,-21.7139689,166.1667539,13.8,53019.3,8.980,126,86,125
2026-07-22T22:03:20Z,-21.7138979,166.1667860,13.8,53027.7,8.800,125,86,124
2026-07-22T22:03:21Z,-21.7138340,166.1668180,14.0,53035.6,8.580,125,86,125
2026-07-22T22:03:22Z,-21.7137709,166.1668610,14.2,53043.5,8.400,125,86,125
2026-07-22T22:03:23Z,-21.7137050,166.1668930,14.4,53051.7,8.200,124,86,124
2026-07-22T22:03:24Z,-21.7136460,166.1669360,14.4,53059.1,7.960,124,86,124
2026-07-22T22:03:25Z,-21.7135900,166.1669679,14.6,53066.4,7.740,124,86,124
2026-07-22T22:03:26Z,-21.7135280,166.1669790,14.6,53073.6,7.600,124,86,124
2026-07-22T22:03:27Z,-21.7134649,166.1670109,14.6,53081.1,7.520,124,86,124
2026-07-22T22:03:28Z,-21.7134010,166.1670429,14.6,53088.7,7.400,123,86,124
2026-07-22T22:03:29Z,-21.7133379,166.1670539,14.4,53096.2,7.420,123,86,125
2026-07-22T22:03:30Z,-21.7132730,166.1670859,14.0,53104.0,7.520,124,86,125
2026-07-22T22:03:31Z,-21.7131980,166.1671190,13.8,53112.5,7.780,124,87,125
2026-07-22T22:03:32Z,-21.7131260,166.1671190,13.6,53120.6,7.900,124,87,124
2026-07-22T22:03:33Z,-21.7130489,166.1671190,13.6,53129.3,8.119,124,87,125
2026-07-22T22:03:34Z,-21.7129769,166.1670859,13.6,53137.7,8.300,124,87,125
2026-07-22T22:03:35Z,-21.7129140,166.1670429,13.6,53146.1,8.420,124,87,124
2026-07-22T22:03:36Z,-21.7128570,166.1670010,13.8,53154.4,8.380,124,86,124
2026-07-22T22:03:37Z,-21.7128049,166.1669360,14.0,53162.3,8.340,124,86,124
2026-07-22T22:03:38Z,-21.7127520,166.1668930,14.4,53170.2,8.180,124,86,125
2026-07-22T22:03:39Z,-21.7126980,166.1668399,14.4,53177.6,7.980,124,86,125
2026-07-22T22:03:40Z,-21.7126420,166.1668180,14.6,53184.7,7.720,124,86,125
2026-07-22T22:03:41Z,-21.7125800,166.1667969,14.6,53191.9,7.500,124,86,125
2026-07-22T22:03:42Z,-21.7125159,166.1667860,14.6,53199.0,7.340,124,86,125
2026-07-22T22:03:43Z,-21.7124479,166.1667860,14.6,53206.5,7.260,124,86,124
2026-07-22T22:03:44Z,-21.7123810,166.1667860,14.4,53214.0,7.280,124,86,124
2026-07-22T22:03:45Z,-21.7123159,166.1667860,14.4,53221.4,7.340,125,86,125
2026-07-22T22:03:46Z,-21.7122459,166.1667860,14.2,53229.0,7.420,125,86,124
2026-07-22T22:03:47Z,-21.7121760,166.1667860,14.2,53236.8,7.560,125,86,124
2026-07-22T22:03:48Z,-21.7121050,166.1667640,14.2,53244.6,7.620,125,85,124
2026-07-22T22:03:49Z,-21.7120350,166.1667640,14.0,53252.5,7.700,125,85,124
2026-07-22T22:03:50Z,-21.7119620,166.1667539,14.0,53260.5,7.820,125,86,124
2026-07-22T22:03:51Z,-21.7118930,166.1667219,13.8,53268.6,7.920,125,86,124
2026-07-22T22:03:52Z,-21.7118299,166.1666789,13.8,53277.1,8.060,125,86,124
2026-07-22T22:03:53Z,-21.7117869,166.1666140,13.8,53285.1,8.100,125,85,124
2026-07-22T22:03:54Z,-21.7117660,166.1665389,13.8,53293.4,8.180,125,85,124
2026-07-22T22:03:55Z,-21.7117620,166.1664639,13.8,53301.6,8.220,124,85,125
2026-07-22T22:03:56Z,-21.7117670,166.1663890,13.8,53309.8,8.240,123,85,125
2026-07-22T22:03:57Z,-21.7117780,166.1663140,13.6,53317.9,8.160,123,86,125
2026-07-22T22:03:58Z,-21.7117829,166.1662280,13.6,53326.1,8.200,123,86,124
2026-07-22T22:03:59Z,-21.7117829,166.1661420,13.6,53334.5,8.220,123,86,124
2026-07-22T22:04:00Z,-21.7117810,166.1660670,13.4,53342.8,8.240,123,86,124
2026-07-22T22:04:01Z,-21.7117810,166.1659919,13.4,53351.2,8.280,123,86,124
2026-07-22T22:04:02Z,-21.7117829,166.1659169,13.2,53359.4,8.300,123,86,124
2026-07-22T22:04:03Z,-21.7117849,166.1658199,13.0,53368.0,8.380,123,85,125
2026-07-22T22:04:04Z,-21.7117829,166.1657449,13.0,53376.7,8.440,123,85,124
2026-07-22T22:04:05Z,-21.7117810,166.1656490,13.0,53385.1,8.460,124,85,124
2026-07-22T22:04:06Z,-21.7117810,166.1655739,13.0,53393.9,8.540,123,84,124
2026-07-22T22:04:07Z,-21.7117829,166.1654879,13.0,53402.5,8.620,123,84,124
2026-07-22T22:04:08Z,-21.7117890,166.1654130,13.0,53410.8,8.560,123,84,124
2026-07-22T22:04:09Z,-21.7117940,166.1653380,13.0,53419.5,8.560,123,83,124
2026-07-22T22:04:10Z,-21.7118020,166.1652409,13.0,53428.1,8.600,123,83,125
2026-07-22T22:04:11Z,-21.7118109,166.1651660,13.0,53436.4,8.500,123,83,124
2026-07-22T22:04:12Z,-21.7118210,166.1650910,13.0,53444.9,8.480,122,83,125
2026-07-22T22:04:13Z,-21.7118299,166.1649940,13.0,53453.2,8.480,122,83,124
2026-07-22T22:04:14Z,-21.7118370,166.1649190,13.0,53461.4,8.380,122,83,124
2026-07-22T22:04:15Z,-21.7118380,166.1648440,13.0,53469.8,8.340,122,83,124
2026-07-22T22:04:16Z,-21.7118399,166.1647689,13.0,53478.1,8.340,122,83,124
2026-07-22T22:04:17Z,-21.7118399,166.1646720,13.0,53486.4,8.300,122,83,124
2026-07-22T22:04:18Z,-21.7118380,166.1645969,13.0,53494.9,8.340,122,82,125
2026-07-22T22:04:19Z,-21.7118299,166.1645219,13.0,53503.2,8.360,121,82,125
2026-07-22T22:04:20Z,-21.7118139,166.1644470,13.0,53511.3,8.300,121,83,125
2026-07-22T22:04:21Z,-21.7117810,166.1643720,13.0,53519.4,8.260,122,83,125
2026-07-22T22:04:22Z,-21.7117310,166.1643079,13.0,53528.2,8.360,122,83,124
2026-07-22T22:04:23Z,-21.7116790,166.1642540,13.0,53536.2,8.260,122,84,124
2026-07-22T22:04:24Z,-21.7116170,166.1642000,13.0,53544.5,8.260,122,84,125
2026-07-22T22:04:25Z,-21.7115569,166.1641570,13.0,53552.6,8.260,122,84,125
2026-07-22T22:04:26Z,-21.7115030,166.1641140,13.0,53560.7,8.260,123,84,125
2026-07-22T22:04:27Z,-21.7114529,166.1640499,13.0,53569.0,8.160,123,84,125
2026-07-22T22:04:28Z,-21.7114050,166.1639860,13.0,53577.1,8.180,123,84,124
2026-07-22T22:04:29Z,-21.7113539,166.1639319,13.0,53585.3,8.160,123,83,125
2026-07-22T22:04:30Z,-21.7112990,166.1638779,13.0,53593.7,8.220,123,83,124
2026-07-22T22:04:31Z,-21.7112430,166.1638359,13.0,53601.9,8.240,123,83,124
2026-07-22T22:04:32Z,-21.7111880,166.1637820,13.0,53609.7,8.140,123,82,124
2026-07-22T22:04:33Z,-21.7111330,166.1637280,13.0,53617.9,8.160,123,82,125
2026-07-22T22:04:34Z,-21.7110779,166.1636749,13.0,53626.2,8.180,124,82,125
2026-07-22T22:04:35Z,-21.7110260,166.1636209,13.0,53634.4,8.140,124,82,125
2026-07-22T22:04:36Z,-21.7109789,166.1635670,13.0,53642.3,8.080,124,82,124
2026-07-22T22:04:37Z,-21.7109300,166.1635029,13.0,53650.4,8.140,124,82,125
2026-07-22T22:04:38Z,-21.7108750,166.1634599,13.0,53658.4,8.100,124,82,125
2026-07-22T22:04:39Z,-21.7108199,166.1633960,13.0,53666.6,8.080,124,82,124
2026-07-22T22:04:40Z,-21.7107590,166.1633530,13.0,53675.0,8.119,124,82,124
2026-07-22T22:04:41Z,-21.7107039,166.1632990,13.0,53683.0,8.140,124,83,125
2026-07-22T22:04:42Z,-21.7106459,166.1632559,13.0,53691.3,8.180,124,84,125
2026-07-22T22:04:43Z,-21.7106000,166.1631920,13.0,53699.3,8.180,124,85,124
2026-07-22T22:04:44Z,-21.7105660,166.1631169,13.0,53707.4,8.160,123,85,125
2026-07-22T22:04:45Z,-21.7105510,166.1630419,13.0,53715.4,8.080,123,84,124
2026-07-22T22:04:46Z,-21.7105449,166.1629660,13.0,53723.3,8.060,123,84,124
2026-07-22T22:04:47Z,-21.7105449,166.1628910,13.0,53731.4,8.020,124,84,124
2026-07-22T22:04:48Z,-21.7105489,166.1628160,13.0,53739.5,8.039,124,83,125
2026-07-22T22:04:49Z,-21.7105520,166.1627409,13.0,53747.9,8.100,123,83,124
2026-07-22T22:04:50Z,-21.7105550,166.1626660,13.0,53755.7,8.060,123,83,124
2026-07-22T22:04:51Z,-21.7105590,166.1625910,13.0,53763.9,8.119,123,83,125
2026-07-22T22:04:52Z,-21.7105599,166.1624939,13.0,53772.0,8.119,124,81,124
2026-07-22T22:04:53Z,-21.7105590,166.1624190,13.0,53780.1,8.119,124,82,124
2026-07-22T22:04:54Z,-21.7105510,166.1623440,13.2,53787.7,7.960,124,82,125
2026-07-22T22:04:55Z,-21.7105370,166.1622799,13.4,53795.6,7.980,124,82,125
2026-07-22T22:04:56Z,-21.7105240,166.1622050,13.8,53802.9,7.800,124,82,125
2026-07-22T22:04:57Z,-21.7105069,166.1621400,14.2,53810.2,7.640,124,82,125
2026-07-22T22:04:58Z,-21.7104960,166.1620870,14.4,53816.6,7.300,124,82,124
2026-07-22T22:04:59Z,-21.7104840,166.1620219,14.6,53822.9,7.040,124,82,124
2026-07-22T22:05:00Z,-21.7104729,166.1619580,15.0,53828.8,6.640,124,82,124
2026-07-22T22:05:01Z,-21.7104639,166.1619040,15.2,53834.7,6.360,124,83,124
2026-07-22T22:05:02Z,-21.7104540,166.1618509,15.4,53840.0,5.960,124,83,124
2026-07-22T22:05:03Z,-21.7104430,166.1618079,15.6,53845.3,5.740,124,83,125
2026-07-22T22:05:04Z,-21.7104339,166.1617649,15.8,53850.4,5.500,124,83,124
2026-07-22T22:05:05Z,-21.7104230,166.1617219,16.0,53855.3,5.300,124,84,124
2026-07-22T22:05:06Z,-21.7104070,166.1616680,16.0,53860.1,5.080,124,84,124
2026-07-22T22:05:07Z,-21.7103940,166.1616250,16.2,53864.7,4.940,124,84,124
2026-07-22T22:05:08Z,-21.7103780,166.1615820,16.2,53869.3,4.800,124,84,125
2026-07-22T22:05:09Z,-21.7103599,166.1615499,16.4,53874.1,4.740,124,83,124
2026-07-22T22:05:10Z,-21.7103439,166.1614860,16.2,53879.3,4.800,125,84,124
2026-07-22T22:05:11Z,-21.7103309,166.1614430,16.2,53884.4,4.860,124,84,125
2026-07-22T22:05:12Z,-21.7103199,166.1614000,16.0,53890.0,5.060,125,84,124
2026-07-22T22:05:13Z,-21.7103080,166.1613360,15.8,53896.2,5.380,125,84,124
2026-07-22T22:05:14Z,-21.7102970,166.1612710,15.6,53902.7,5.720,125,83,124
2026-07-22T22:05:15Z,-21.7102800,166.1612179,15.2,53909.6,6.060,125,84,124
2026-07-22T22:05:16Z,-21.7102520,166.1611319,14.8,53917.3,6.580,125,84,125
2026-07-22T22:05:17Z,-21.7102090,166.1610780,14.4,53925.2,7.040,126,84,124
2026-07-22T22:05:18Z,-21.7101579,166.1610139,14.0,53933.6,7.480,126,83,125
2026-07-22T22:05:19Z,-21.7101120,166.1609490,13.8,53942.9,8.039,126,83,125
2026-07-22T22:05:20Z,-21.7100810,166.1608640,13.4,53952.0,8.480,126,84,125
2026-07-22T22:05:21Z,-21.7100410,166.1607890,13.2,53961.1,8.760,125,84,124
2026-07-22T22:05:22Z,-21.7099770,166.1607240,13.2,53970.6,9.080,125,85,125
2026-07-22T22:05:23Z,-21.7099060,166.1606810,13.2,53980.0,9.280,126,85,125
2026-07-22T22:05:24Z,-21.7098320,166.1606380,13.2,53989.6,9.340,126,84,124
2026-07-22T22:05:25Z,-21.7097640,166.1605849,13.0,53998.5,9.300,126,86,125
2026-07-22T22:05:26Z,-21.7097139,166.1605099,13.0,54007.8,9.340,126,86,124
2026-07-22T22:05:27Z,-21.7096969,166.1604340,13.0,54017.1,9.300,126,86,124
2026-07-22T22:05:28Z,-21.7096920,166.1603490,13.0,54026.4,9.280,126,86,124
2026-07-22T22:05:29Z,-21.7096920,166.1602519,13.0,54035.7,9.220,127,86,124
2026-07-22T22:05:30Z,-21.7096920,166.1601560,13.0,54044.7,9.240,127,87,124
2026-07-22T22:05:31Z,-21.7096940,166.1600700,13.0,54053.6,9.160,127,87,125
2026-07-22T22:05:32Z,-21.7097009,166.1599949,13.0,54062.5,9.080,127,87,125
2026-07-22T22:05:33Z,-21.7097139,166.1598980,13.0,54071.4,9.000,127,88,125
2026-07-22T22:05:34Z,-21.7097539,166.1598229,13.0,54080.6,8.980,128,88,124
2026-07-22T22:05:35Z,-21.7098129,166.1597799,13.0,54089.1,8.880,128,88,124
2026-07-22T22:05:36Z,-21.7098900,166.1597479,13.0,54097.9,8.860,128,88,124
2026-07-22T22:05:37Z,-21.7099690,166.1597369,13.0,54106.9,8.880,128,88,124
2026-07-22T22:05:38Z,-21.7100480,166.1597369,13.0,54115.5,8.820,128,88,125
2026-07-22T22:05:39Z,-21.7101230,166.1597369,13.0,54124.1,8.700,128,88,124
2026-07-22T22:05:40Z,-21.7102019,166.1597479,13.0,54132.7,8.720,128,88,125
2026-07-22T22:05:41Z,-21.7102800,166.1597479,13.0,54141.4,8.700,128,88,125
2026-07-22T22:05:42Z,-21.7103560,166.1597479,13.0,54149.9,8.600,128,88,125
2026-07-22T22:05:43Z,-21.7104329,166.1597479,13.0,54158.3,8.560,128,88,125
2026-07-22T22:05:44Z,-21.7105090,166.1597479,13.0,54166.8,8.540,128,87,124
2026-07-22T22:05:45Z,-21.7105870,166.1597479,13.0,54175.3,8.520,127,88,124
2026-07-22T22:05:46Z,-21.7106629,166.1597479,13.0,54183.8,8.480,127,88,125
2026-07-22T22:05:47Z,-21.7107400,166.1597479,13.0,54192.2,8.460,127,88,125
2026-07-22T22:05:48Z,-21.7108160,166.1597590,13.0,54200.6,8.460,127,88,125
2026-07-22T22:05:49Z,-21.7108899,166.1597590,13.0,54208.9,8.420,127,88,124
2026-07-22T22:05:50Z,-21.7109669,166.1597590,13.0,54217.3,8.400,127,89,125
2026-07-22T22:05:51Z,-21.7110420,166.1597590,13.0,54225.7,8.380,126,89,124
2026-07-22T22:05:52Z,-21.7111150,166.1597590,13.0,54233.9,8.340,126,89,125
2026-07-22T22:05:53Z,-21.7111929,166.1597590,13.0,54242.4,8.360,126,88,125
2026-07-22T22:05:54Z,-21.7112659,166.1597590,13.0,54250.6,8.340,126,88,125
2026-07-22T22:05:55Z,-21.7113409,166.1597590,13.0,54258.7,8.280,126,88,125
2026-07-22T22:05:56Z,-21.7114170,166.1597590,13.0,54267.3,8.320,126,88,124
2026-07-22T22:05:57Z,-21.7114900,166.1597590,13.0,54275.3,8.280,126,88,124
2026-07-22T22:05:58Z,-21.7115659,166.1597590,13.0,54283.7,8.260,126,88,125
2026-07-22T22:05:59Z,-21.7116379,166.1597590,13.0,54291.8,8.240,127,88,125
2026-07-22T22:06:00Z,-21.7117149,166.1597590,13.0,54300.2,8.300,127,90,125
2026-07-22T22:06:01Z,-21.7117869,166.1597590,13.0,54308.2,8.180,126,89,125
2026-07-22T22:06:02Z,-21.7118610,166.1597590,13.0,54316.5,8.240,127,90,125
2026-07-22T22:06:03Z,-21.7119360,166.1597590,13.0,54324.6,8.180,126,90,125
2026-07-22T22:06:04Z,-21.7120110,166.1597590,13.0,54333.0,8.240,125,91,124
2026-07-22T22:06:05Z,-21.7120810,166.1597590,13.0,54340.8,8.119,126,91,124
2026-07-22T22:06:06Z,-21.7121569,166.1597590,13.0,54349.2,8.200,126,91,125
2026-07-22T22:06:07Z,-21.7122299,166.1597590,13.0,54357.2,8.140,126,90,124
2026-07-22T22:06:08Z,-21.7123039,166.1597590,13.0,54365.3,8.140,126,89,125
2026-07-22T22:06:09Z,-21.7123800,166.1597590,13.0,54373.7,8.140,125,89,125
2026-07-22T22:06:10Z,-21.7124520,166.1597590,13.0,54381.7,8.180,125,89,124
2026-07-22T22:06:11Z,-21.7125240,166.1597590,13.0,54389.7,8.100,125,91,124
2026-07-22T22:06:12Z,-21.7125970,166.1597479,13.0,54397.9,8.140,125,89,124
2026-07-22T22:06:13Z,-21.7126720,166.1597479,13.0,54406.1,8.160,125,89,124
2026-07-22T22:06:14Z,-21.7127420,166.1597369,13.0,54414.0,8.060,125,88,125
2026-07-22T22:06:15Z,-21.7128169,166.1597369,13.0,54422.3,8.119,125,88,125
2026-07-22T22:06:16Z,-21.7128870,166.1597049,13.0,54430.4,8.140,125,88,124
2026-07-22T22:06:17Z,-21.7129499,166.1596730,13.0,54438.4,8.100,125,87,124
2026-07-22T22:06:18Z,-21.7129980,166.1596079,13.0,54446.6,8.100,125,87,124
2026-07-22T22:06:19Z,-21.7130440,166.1595550,13.0,54454.8,8.160,125,87,124
2026-07-22T22:06:20Z,-21.7130850,166.1594899,13.0,54462.8,8.100,125,87,125
2026-07-22T22:06:21Z,-21.7131239,166.1594260,13.0,54470.7,8.060,125,87,125
2026-07-22T22:06:22Z,-21.7131580,166.1593510,13.0,54479.0,8.119,125,87,125
2026-07-22T22:06:23Z,-21.7131939,166.1592759,13.0,54487.2,8.119,125,88,125
2026-07-22T22:06:24Z,-21.7132300,166.1592110,13.0,54495.3,8.100,125,88,125
2026-07-22T22:06:25Z,-21.7132669,166.1591579,13.0,54503.1,8.060,125,88,125
2026-07-22T22:06:26Z,-21.7133050,166.1590719,13.0,54511.1,8.080,125,88,125
2026-07-22T22:06:27Z,-21.7133420,166.1590179,13.0,54519.1,8.020,125,88,124
2026-07-22T22:06:28Z,-21.7133779,166.1589429,13.0,54527.4,8.039,125,88,125
2026-07-22T22:06:29Z,-21.7134089,166.1588790,13.0,54535.4,8.020,125,88,124
2026-07-22T22:06:30Z,-21.7134340,166.1588040,13.0,54543.5,8.080,125,89,125
2026-07-22T22:06:31Z,-21.7134640,166.1587289,13.0,54551.8,8.140,125,89,124
2026-07-22T22:06:32Z,-21.7134949,166.1586530,13.0,54560.2,8.220,126,89,125
2026-07-22T22:06:33Z,-21.7135239,166.1585890,13.0,54568.3,8.180,126,90,125
2026-07-22T22:06:34Z,-21.7135559,166.1585139,13.0,54576.6,8.240,126,90,125
2026-07-22T22:06:35Z,-21.7135910,166.1584389,13.0,54584.8,8.260,127,91,124
2026-07-22T22:06:36Z,-21.7136269,166.1583750,13.0,54593.3,8.300,127,91,124
2026-07-22T22:06:37Z,-21.7136590,166.1582989,13.0,54601.2,8.200,128,91,124
2026-07-22T22:06:38Z,-21.7136940,166.1582350,13.0,54609.5,8.240,129,93,125
2026-07-22T22:06:39Z,-21.7137310,166.1581600,13.0,54617.6,8.200,129,93,125
2026-07-22T22:06:40Z,-21.7137679,166.1580959,13.0,54625.8,8.200,129,93,124
2026-07-22T22:06:41Z,-21.7138109,166.1580200,13.0,54633.9,8.119,130,92,124
2026-07-22T22:06:42Z,-21.7138620,166.1579779,13.0,54642.1,8.180,130,90,124
2026-07-22T22:06:43Z,-21.7139210,166.1579349,13.0,54650.2,8.140,130,90,124
2026-07-22T22:06:44Z,-21.7139839,166.1578919,13.0,54657.9,8.060,130,90,125
2026-07-22T22:06:45Z,-21.7140559,166.1578700,13.0,54666.4,8.119,130,90,124
2026-07-22T22:06:46Z,-21.7141230,166.1578600,13.0,54674.1,8.039,129,90,125
2026-07-22T22:06:47Z,-21.7141970,166.1578270,13.0,54682.4,8.060,129,90,125
2026-07-22T22:06:48Z,-21.7142630,166.1577949,13.0,54690.4,8.039,129,90,124
2026-07-22T22:06:49Z,-21.7143220,166.1577519,13.0,54698.4,8.100,129,90,125
2026-07-22T22:06:50Z,-21.7143729,166.1576990,13.0,54706.6,8.039,129,90,77
2026-07-22T22:06:51Z,-21.7144210,166.1576450,13.0,54714.6,8.100,129,90,0
2026-07-22T22:06:52Z,-21.7144630,166.1575809,13.0,54722.4,8.000,128,90,95
2026-07-22T22:06:53Z,-21.7144990,166.1575160,13.0,54730.2,7.960,127,87,124
2026-07-22T22:06:54Z,-21.7145339,166.1574410,13.0,54737.9,7.900,127,88,124
2026-07-22T22:06:55Z,-21.7145630,166.1573870,13.0,54745.6,7.800,127,89,124
2026-07-22T22:06:56Z,-21.7145859,166.1573020,13.0,54753.5,7.780,126,89,124
2026-07-22T22:06:57Z,-21.7146039,166.1572270,13.0,54761.5,7.820,126,89,124
2026-07-22T22:06:58Z,-21.7146100,166.1571510,13.0,54769.3,7.820,126,88,124
2026-07-22T22:06:59Z,-21.7146120,166.1570980,13.0,54776.8,7.780,126,88,125
2026-07-22T22:07:00Z,-21.7146059,166.1570009,13.0,54785.0,7.880,126,89,124
2026-07-22T22:07:01Z,-21.7145980,166.1569370,13.0,54792.8,7.860,126,89,124
2026-07-22T22:07:02Z,-21.7145899,166.1568619,13.0,54800.7,7.840,126,88,125
2026-07-22T22:07:03Z,-21.7145830,166.1567869,13.0,54808.6,7.860,126,88,125
2026-07-22T22:07:04Z,-21.7145769,166.1567120,13.0,54816.4,7.920,126,87,125
2026-07-22T22:07:05Z,-21.7145710,166.1566360,13.0,54824.1,7.820,126,87,125
2026-07-22T22:07:06Z,-21.7145609,166.1565610,13.0,54832.2,7.880,127,87,124
2026-07-22T22:07:07Z,-21.7145449,166.1564859,13.0,54840.2,7.900,127,87,124
2026-07-22T22:07:08Z,-21.7145220,166.1564109,13.0,54848.0,7.880,127,87,76
2026-07-22T22:07:09Z,-21.7144940,166.1563470,13.0,54855.7,7.860,127,87,49
2026-07-22T22:07:10Z,-21.7144569,166.1562719,13.2,54863.6,7.900,127,84,125
2026-07-22T22:07:11Z,-21.7144189,166.1562070,13.2,54871.1,7.780,126,84,124
2026-07-22T22:07:12Z,-21.7143820,166.1561430,13.2,54878.9,7.740,127,85,125
2026-07-22T22:07:13Z,-21.7143459,166.1560890,13.0,54886.7,7.740,125,85,124
2026-07-22T22:07:14Z,-21.7143139,166.1560249,13.0,54894.6,7.780,125,85,124
2026-07-22T22:07:15Z,-21.7142859,166.1559500,12.8,54902.6,7.800,125,85,125
2026-07-22T22:07:16Z,-21.7142559,166.1558750,12.6,54910.9,7.960,125,85,124
2026-07-22T22:07:17Z,-21.7142279,166.1558000,12.2,54919.2,8.060,125,84,125
2026-07-22T22:07:18Z,-21.7141970,166.1557249,12.0,54928.3,8.320,125,84,124
2026-07-22T22:07:19Z,-21.7141640,166.1556389,11.6,54937.1,8.500,125,84,125
2026-07-22T22:07:20Z,-21.7141230,166.1555529,11.4,54946.7,8.820,125,84,125
2026-07-22T22:07:21Z,-21.7140829,166.1554779,11.0,54956.4,9.100,125,86,124
2026-07-22T22:07:22Z,-21.7140510,166.1553810,10.6,54966.3,9.420,125,85,125
2026-07-22T22:07:23Z,-21.7140320,166.1552950,10.6,54976.4,9.620,125,85,124
2026-07-22T22:07:24Z,-21.7140259,166.1551990,10.4,54986.1,9.800,125,85,124
2026-07-22T22:07:25Z,-21.7140259,166.1550919,10.6,54996.3,9.920,125,85,124
2026-07-22T22:07:26Z,-21.7140340,166.1550059,10.6,55006.0,9.920,125,85,124
2026-07-22T22:07:27Z,-21.7140480,166.1549090,10.8,55015.6,9.860,125,86,124
2026-07-22T22:07:28Z,-21.7140750,166.1548339,10.8,55025.0,9.720,125,86,124
2026-07-22T22:07:29Z,-21.7141139,166.1547479,10.8,55034.2,9.620,125,86,124
2026-07-22T22:07:30Z,-21.7141640,166.1546840,11.0,55043.2,9.380,125,86,124
2026-07-22T22:07:31Z,-21.7142200,166.1546190,11.0,55052.3,9.260,125,86,125
2026-07-22T22:07:32Z,-21.7142820,166.1545550,11.0,55061.0,9.080,125,86,125
2026-07-22T22:07:33Z,-21.7143459,166.1545120,11.2,55069.9,8.980,125,86,124
2026-07-22T22:07:34Z,-21.7144090,166.1544689,11.2,55078.3,8.820,126,86,124
2026-07-22T22:07:35Z,-21.7144749,166.1544259,11.2,55087.1,8.780,125,87,125
2026-07-22T22:07:36Z,-21.7145390,166.1543729,11.4,55095.5,8.640,125,88,124
2026-07-22T22:07:37Z,-21.7146000,166.1543299,11.6,55103.5,8.500,125,88,124
2026-07-22T22:07:38Z,-21.7146609,166.1542979,11.6,55111.6,8.340,125,86,124
2026-07-22T22:07:39Z,-21.7147240,166.1542549,11.8,55119.5,8.240,125,86,124
2026-07-22T22:07:40Z,-21.7147889,166.1542220,12.0,55127.2,8.020,125,86,124
2026-07-22T22:07:41Z,-21.7148540,166.1542119,12.0,55134.9,7.880,125,86,124
2026-07-22T22:07:42Z,-21.7149199,166.1541900,12.2,55142.5,7.800,126,87,124
2026-07-22T22:07:43Z,-21.7149860,166.1541800,12.4,55149.6,7.600,125,86,124
2026-07-22T22:07:44Z,-21.7150499,166.1541800,12.4,55156.8,7.460,126,86,125
2026-07-22T22:07:45Z,-21.7151130,166.1541800,12.6,55163.9,7.340,126,86,125
2026-07-22T22:07:46Z,-21.7151750,166.1541800,12.6,55170.7,7.160,126,86,124
2026-07-22T22:07:47Z,-21.7152369,166.1541900,12.8,55177.8,7.060,126,86,124
2026-07-22T22:07:48Z,-21.7152939,166.1542119,12.8,55184.3,6.940,126,85,124
2026-07-22T22:07:49Z,-21.7153529,166.1542220,12.8,55191.1,6.860,126,85,125
2026-07-22T22:07:50Z,-21.7154109,166.1542549,13.0,55197.9,6.800,126,85,124
2026-07-22T22:07:51Z,-21.7154659,166.1542869,13.0,55204.8,6.820,126,85,124
2026-07-22T22:07:52Z,-21.7155239,166.1543190,13.0,55211.8,6.800,126,85,125
2026-07-22T22:07:53Z,-21.7155789,166.1543510,13.0,55218.6,6.860,126,85,124
2026-07-22T22:07:54Z,-21.7156320,166.1543729,13.0,55225.4,6.860,126,85,125
2026-07-22T22:07:55Z,-21.7156910,166.1544050,13.0,55232.7,6.960,125,85,125
2026-07-22T22:07:56Z,-21.7157490,166.1544370,13.0,55239.6,6.960,126,85,124
2026-07-22T22:07:57Z,-21.7158080,166.1544689,13.0,55246.7,6.980,126,86,124
2026-07-22T22:07:58Z,-21.7158669,166.1544800,13.0,55253.7,7.020,125,85,125
2026-07-22T22:07:59Z,-21.7159269,166.1545009,13.0,55260.8,7.080,126,86,125
2026-07-22T22:08:00Z,-21.7159900,166.1545340,13.0,55268.0,7.060,126,86,124
2026-07-22T22:08:01Z,-21.7160520,166.1545439,13.0,55274.9,7.060,126,86,125
2026-07-22T22:08:02Z,-21.7161149,166.1545550,13.0,55282.1,7.080,125,87,125
2026-07-22T22:08:03Z,-21.7161829,166.1545550,13.0,55289.7,7.200,125,86,125
2026-07-22T22:08:04Z,-21.7162480,166.1545770,13.0,55297.0,7.240,125,86,124
2026-07-22T22:08:05Z,-21.7163139,166.1545770,13.0,55304.2,7.240,125,86,125
2026-07-22T22:08:06Z,-21.7163820,166.1545770,13.0,55311.8,7.380,125,86,124
2026-07-22T22:08:07Z,-21.7164459,166.1545770,13.0,55319.0,7.380,126,86,124
2026-07-22T22:08:08Z,-21.7165149,166.1545770,13.0,55326.6,7.380,125,86,124
2026-07-22T22:08:09Z,-21.7165800,166.1545770,13.0,55333.9,7.380,125,86,125
2026-07-22T22:08:10Z,-21.7166530,166.1545770,13.0,55341.9,7.540,126,86,124
2026-07-22T22:08:11Z,-21.7167169,166.1545770,13.0,55349.1,7.460,126,85,124
2026-07-22T22:08:12Z,-21.7167899,166.1545550,13.0,55357.1,7.620,126,85,124
2026-07-22T22:08:13Z,-21.7168530,166.1545439,13.0,55364.4,7.560,126,85,125
2026-07-22T22:08:14Z,-21.7169199,166.1545120,13.0,55372.1,7.640,125,85,125
2026-07-22T22:08:15Z,-21.7169840,166.1545009,13.0,55379.7,7.560,126,86,124
2026-07-22T22:08:16Z,-21.7170469,166.1544689,13.0,55387.4,7.660,126,87,125
2026-07-22T22:08:17Z,-21.7171090,166.1544259,13.0,55395.0,7.580,126,88,124
2026-07-22T22:08:18Z,-21.7171690,166.1543940,13.0,55402.8,7.680,126,88,125
2026-07-22T22:08:19Z,-21.7172310,166.1543620,13.0,55410.5,7.680,125,88,125
2026-07-22T22:08:20Z,-21.7172909,166.1543190,13.0,55418.4,7.740,126,88,125
2026-07-22T22:08:21Z,-21.7173499,166.1542650,13.0,55426.1,7.740,126,88,125
2026-07-22T22:08:22Z,-21.7174079,166.1542439,13.0,55433.9,7.780,126,87,125
2026-07-22T22:08:23Z,-21.7174659,166.1541800,13.0,55442.1,7.860,126,87,125
2026-07-22T22:08:24Z,-21.7175160,166.1541370,13.0,55449.7,7.840,126,87,125
2026-07-22T22:08:25Z,-21.7175659,166.1540829,13.0,55457.6,7.840,126,87,124
2026-07-22T22:08:26Z,-21.7176140,166.1540290,13.0,55465.9,7.960,125,87,124
2026-07-22T22:08:27Z,-21.7176519,166.1539539,13.0,55473.7,7.960,125,87,43
2026-07-22T22:08:28Z,-21.7176840,166.1538900,13.2,55481.1,7.800,125,87,32
2026-07-22T22:08:29Z,-21.7177119,166.1538259,13.2,55488.7,7.800,124,63,114
2026-07-22T22:08:30Z,-21.7177379,166.1537720,13.4,55495.9,7.660,124,63,76
2026-07-22T22:08:31Z,-21.7177610,166.1537079,13.6,55502.8,7.380,123,63,115
2026-07-22T22:08:32Z,-21.7177860,166.1536430,13.6,55509.7,7.200,123,85,124
2026-07-22T22:08:33Z,-21.7178089,166.1535679,13.8,55516.7,7.120,122,86,125
2026-07-22T22:08:34Z,-21.7178330,166.1535249,13.8,55523.3,6.920,122,88,109
2026-07-22T22:08:35Z,-21.7178610,166.1534610,14.0,55530.0,6.820,122,88,62
2026-07-22T22:08:36Z,-21.7178920,166.1534180,14.0,55536.3,6.700,122,83,110
2026-07-22T22:08:37Z,-21.7179269,166.1533529,14.2,55542.8,6.620,122,89,124
2026-07-22T22:08:38Z,-21.7179630,166.1533110,14.2,55549.1,6.480,123,89,125
2026-07-22T22:08:39Z,-21.7180030,166.1532680,14.2,55555.6,6.460,124,89,125
2026-07-22T22:08:40Z,-21.7180450,166.1532140,14.2,55562.1,6.420,124,89,124
2026-07-22T22:08:41Z,-21.7180859,166.1531820,14.2,55568.3,6.400,124,90,124
2026-07-22T22:08:42Z,-21.7181320,166.1531390,14.2,55575.0,6.440,125,90,124
2026-07-22T22:08:43Z,-21.7181790,166.1530960,14.2,55581.8,6.540,126,90,124
2026-07-22T22:08:44Z,-21.7182249,166.1530530,14.2,55588.4,6.560,127,90,124
2026-07-22T22:08:45Z,-21.7182699,166.1529990,14.2,55595.3,6.640,127,90,124
2026-07-22T22:08:46Z,-21.7183200,166.1529560,14.0,55602.4,6.820,127,90,124
2026-07-22T22:08:47Z,-21.7183729,166.1529240,13.6,55609.8,6.960,128,90,125
2026-07-22T22:08:48Z,-21.7184299,166.1528810,13.4,55617.9,7.220,128,90,124
2026-07-22T22:08:49Z,-21.7184849,166.1528169,13.0,55626.0,7.520,128,90,124
2026-07-22T22:08:50Z,-21.7185370,166.1527629,13.0,55634.7,7.880,128,90,124
2026-07-22T22:08:51Z,-21.7185790,166.1526990,13.2,55643.0,8.119,128,90,125
2026-07-22T22:08:52Z,-21.7186139,166.1526240,13.4,55650.9,8.220,128,90,124
2026-07-22T22:08:53Z,-21.7186469,166.1525599,13.8,55658.8,8.180,128,89,125
2026-07-22T22:08:54Z,-21.7186780,166.1524950,14.0,55666.4,8.080,128,89,124
2026-07-22T22:08:55Z,-21.7187100,166.1524419,14.2,55673.6,7.780,128,88,124
2026-07-22T22:08:56Z,-21.7187459,166.1523770,14.4,55680.5,7.500,128,88,125
2026-07-22T22:08:57Z,-21.7187869,166.1523340,14.6,55687.1,7.240,128,88,124
2026-07-22T22:08:58Z,-21.7188309,166.1522910,14.6,55693.9,7.020,128,88,124
2026-07-22T22:08:59Z,-21.7188800,166.1522380,14.8,55700.6,6.840,128,88,125
2026-07-22T22:09:00Z,-21.7189299,166.1522050,14.8,55707.1,6.700,127,88,124
2026-07-22T22:09:01Z,-21.7189810,166.1521839,14.8,55713.7,6.640,127,88,125
2026-07-22T22:09:02Z,-21.7190349,166.1521520,14.8,55720.5,6.680,127,88,125
2026-07-22T22:09:03Z,-21.7190840,166.1521090,14.8,55727.4,6.700,127,88,124
2026-07-22T22:09:04Z,-21.7191300,166.1520549,14.6,55734.2,6.720,127,88,125
2026-07-22T22:09:05Z,-21.7191739,166.1520119,14.6,55741.4,6.860,126,88,125
2026-07-22T22:09:06Z,-21.7192179,166.1519689,14.4,55748.8,7.020,126,88,125
2026-07-22T22:09:07Z,-21.7192609,166.1519050,14.2,55756.3,7.160,126,88,124
2026-07-22T22:09:08Z,-21.7193059,166.1518409,14.2,55764.1,7.340,126,88,124
2026-07-22T22:09:09Z,-21.7193540,166.1517870,14.0,55771.9,7.540,125,88,125
2026-07-22T22:09:10Z,-21.7194049,166.1517330,13.8,55780.1,7.740,125,87,125
2026-07-22T22:09:11Z,-21.7194639,166.1516799,13.8,55788.7,7.980,125,87,124
2026-07-22T22:09:12Z,-21.7195229,166.1516259,13.6,55797.2,8.180,125,87,124
2026-07-22T22:09:13Z,-21.7195840,166.1515720,13.4,55805.8,8.340,125,87,125
2026-07-22T22:09:14Z,-21.7196450,166.1515190,13.2,55814.5,8.520,124,86,124
2026-07-22T22:09:15Z,-21.7197120,166.1514760,13.2,55823.4,8.660,124,86,125
2026-07-22T22:09:16Z,-21.7197799,166.1514330,13.0,55832.3,8.720,124,86,125
2026-07-22T22:09:17Z,-21.7198529,166.1514010,12.8,55841.1,8.780,124,86,125
2026-07-22T22:09:18Z,-21.7199340,166.1513690,12.8,55850.5,8.940,124,86,125
2026-07-22T22:09:19Z,-21.7200140,166.1513580,12.8,55859.3,8.960,124,86,125
2026-07-22T22:09:20Z,-21.7200969,166.1513580,12.8,55868.4,9.000,124,86,124
2026-07-22T22:09:21Z,-21.7201770,166.1513690,12.8,55877.4,9.020,124,86,125
2026-07-22T22:09:22Z,-21.7202549,166.1513690,13.0,55886.2,9.020,124,86,125
2026-07-22T22:09:23Z,-21.7203340,166.1513900,13.0,55894.9,8.880,124,85,124
2026-07-22T22:09:24Z,-21.7204109,166.1514219,13.0,55903.6,8.860,124,85,124
2026-07-22T22:09:25Z,-21.7204829,166.1514330,13.0,55912.1,8.740,123,85,124
2026-07-22T22:09:26Z,-21.7205530,166.1514760,13.0,55920.8,8.680,123,85,124
2026-07-22T22:09:27Z,-21.7206159,166.1515190,13.0,55929.1,8.580,124,85,125
2026-07-22T22:09:28Z,-21.7206770,166.1515720,13.0,55937.6,8.540,124,85,125
2026-07-22T22:09:29Z,-21.7207380,166.1516150,13.0,55946.0,8.480,124,85,124
2026-07-22T22:09:30Z,-21.7208050,166.1516580,13.0,55954.5,8.480,124,85,124
2026-07-22T22:09:31Z,-21.7208770,166.1516799,13.0,55963.0,8.440,124,85,124
2026-07-22T22:09:32Z,-21.7209500,166.1517119,13.0,55971.2,8.420,124,85,124
2026-07-22T22:09:33Z,-21.7210230,166.1517229,13.0,55979.6,8.400,124,84,125
2026-07-22T22:09:34Z,-21.7210970,166.1517330,13.0,55987.9,8.380,124,84,124
2026-07-22T22:09:35Z,-21.7211710,166.1517549,13.0,55996.2,8.340,124,84,125
2026-07-22T22:09:36Z,-21.7212449,166.1517549,13.0,56004.6,8.320,124,84,124
2026-07-22T22:09:37Z,-21.7213199,166.1517659,13.0,56012.9,8.340,125,84,124
2026-07-22T22:09:38Z,-21.7213940,166.1517870,13.0,56021.2,8.320,124,84,124
2026-07-22T22:09:39Z,-21.7214690,166.1517979,13.2,56029.5,8.320,124,84,124
2026-07-22T22:09:40Z,-21.7215410,166.1518089,13.2,56037.6,8.280,124,84,125
2026-07-22T22:09:41Z,-21.7216120,166.1518300,13.2,56045.6,8.200,124,84,125
2026-07-22T22:09:42Z,-21.7216820,166.1518409,13.2,56053.6,8.140,124,84,125
2026-07-22T22:09:43Z,-21.7217540,166.1518409,13.2,56061.7,8.100,124,84,124
2026-07-22T22:09:44Z,-21.7218249,166.1518620,13.4,56069.6,8.020,124,84,124
2026-07-22T22:09:45Z,-21.7218980,166.1518730,13.4,56077.6,8.000,124,84,124
2026-07-22T22:09:46Z,-21.7219700,166.1518730,13.4,56085.7,8.020,124,83,125
2026-07-22T22:09:47Z,-21.7220389,166.1518940,13.4,56093.4,7.960,124,83,124
2026-07-22T22:09:48Z,-21.7221109,166.1518940,13.4,56101.5,7.960,124,83,124
2026-07-22T22:09:49Z,-21.7221819,166.1518730,13.2,56109.4,7.960,124,83,125
2026-07-22T22:09:50Z,-21.7222519,166.1518620,13.0,56117.5,7.980,124,83,125
2026-07-22T22:09:51Z,-21.7223220,166.1518300,13.0,56125.7,8.000,123,82,125
2026-07-22T22:09:52Z,-21.7223949,166.1517979,12.8,56134.3,8.180,123,82,125
2026-07-22T22:09:53Z,-21.7224719,166.1517979,12.8,56142.8,8.260,123,82,125
2026-07-22T22:09:54Z,-21.7225480,166.1518089,12.8,56151.2,8.360,123,83,168
2026-07-22T22:09:55Z,-21.7226259,166.1518300,12.8,56160.0,8.500,122,83,187
2026-07-22T22:09:56Z,-21.7226989,166.1518409,13.0,56168.2,8.500,122,82,181
2026-07-22T22:09:57Z,-21.7227709,166.1518620,13.0,56176.5,8.440,122,81,177
2026-07-22T22:09:58Z,-21.7228429,166.1518730,13.2,56184.8,8.400,121,79,174
2026-07-22T22:09:59Z,-21.7229159,166.1518940,13.4,56193.1,8.380,121,80,169
2026-07-22T22:10:00Z,-21.7229869,166.1519160,13.4,56201.1,8.220,121,79,165
2026-07-22T22:10:01Z,-21.7230579,166.1519370,13.6,56209.3,8.220,121,79,164
2026-07-22T22:10:02Z,-21.7231280,166.1519689,13.8,56217.4,8.180,121,80,166
2026-07-22T22:10:03Z,-21.7231950,166.1520020,13.8,56225.3,8.100,121,82,165
2026-07-22T22:10:04Z,-21.7232670,166.1520119,13.8,56233.7,8.119,122,82,164
2026-07-22T22:10:05Z,-21.7233380,166.1520450,14.0,56241.8,8.140,122,82,164
2026-07-22T22:10:06Z,-21.7234080,166.1520549,14.0,56250.2,8.180,123,81,164
2026-07-22T22:10:07Z,-21.7234749,166.1520869,14.0,56258.1,8.140,123,81,165
2026-07-22T22:10:08Z,-21.7235459,166.1521200,13.8,56266.5,8.240,123,80,165
2026-07-22T22:10:09Z,-21.7236189,166.1521520,13.6,56275.2,8.300,123,80,164
2026-07-22T22:10:10Z,-21.7236870,166.1521950,13.4,56283.8,8.400,124,81,164
2026-07-22T22:10:11Z,-21.7237580,166.1522269,13.2,56292.7,8.500,124,81,165
2026-07-22T22:10:12Z,-21.7238359,166.1522699,13.0,56302.4,8.860,124,81,164
2026-07-22T22:10:13Z,-21.7239140,166.1523129,12.6,56312.3,9.160,124,82,165
2026-07-22T22:10:14Z,-21.7239890,166.1523660,12.4,56321.8,9.320,125,81,164
2026-07-22T22:10:15Z,-21.7240720,166.1524090,12.2,56332.2,9.680,124,81,164
2026-07-22T22:10:16Z,-21.7241560,166.1524520,12.0,56342.3,9.920,125,81,164
2026-07-22T22:10:17Z,-21.7242460,166.1524840,12.0,56352.8,10.080,125,81,164
2026-07-22T22:10:18Z,-21.7243330,166.1525169,12.0,56363.0,10.140,126,81,164
2026-07-22T22:10:19Z,-21.7244200,166.1525490,12.0,56373.2,10.280,126,80,164
2026-07-22T22:10:20Z,-21.7245129,166.1525599,12.2,56383.5,10.260,126,81,164
2026-07-22T22:10:21Z,-21.7245959,166.1525810,12.4,56393.0,10.140,126,80,164
2026-07-22T22:10:22Z,-21.7246859,166.1526019,12.6,56403.1,10.060,126,80,164
2026-07-22T22:10:23Z,-21.7247679,166.1526240,12.6,56412.3,9.860,127,79,164
2026-07-22T22:10:24Z,-21.7248520,166.1526350,12.8,56421.8,9.720,128,78,164
2026-07-22T22:10:25Z,-21.7249340,166.1526560,13.0,56430.9,9.480,128,79,165
2026-07-22T22:10:26Z,-21.7250159,166.1526879,13.2,56440.4,9.480,128,79,165
2026-07-22T22:10:27Z,-21.7250910,166.1526990,13.4,56448.9,9.160,128,79,165
2026-07-22T22:10:28Z,-21.7251650,166.1527309,13.8,56457.8,9.100,129,80,165
2026-07-22T22:10:29Z,-21.7252329,166.1527629,14.0,56465.9,8.820,129,78,165
2026-07-22T22:10:30Z,-21.7253029,166.1527960,14.2,56474.2,8.660,129,82,165
2026-07-22T22:10:31Z,-21.7253670,166.1528169,14.4,56482.1,8.340,130,84,165
2026-07-22T22:10:32Z,-21.7254319,166.1528489,14.4,56490.0,8.220,131,85,164
2026-07-22T22:10:33Z,-21.7254970,166.1528810,14.6,56497.9,8.020,131,84,164
2026-07-22T22:10:34Z,-21.7255629,166.1529140,14.6,56505.9,8.000,131,83,164
2026-07-22T22:10:35Z,-21.7256260,166.1529459,14.8,56513.7,7.900,132,83,164
2026-07-22T22:10:36Z,-21.7256919,166.1529779,14.8,56521.5,7.880,132,82,164
2026-07-22T22:10:37Z,-21.7257580,166.1530209,14.8,56529.8,7.960,133,83,164
2026-07-22T22:10:38Z,-21.7258209,166.1530530,14.8,56537.7,7.960,133,83,165
2026-07-22T22:10:39Z,-21.7258840,166.1530850,14.8,56545.7,7.960,134,83,164
2026-07-22T22:10:40Z,-21.7259489,166.1531280,14.8,56554.0,8.060,135,84,165
2026-07-22T22:10:41Z,-21.7260099,166.1531710,14.8,56562.2,8.140,135,83,165
2026-07-22T22:10:42Z,-21.7260710,166.1532140,14.6,56570.6,8.160,135,84,164
2026-07-22T22:10:43Z,-21.7261339,166.1532779,14.6,56579.6,8.380,135,83,164
2026-07-22T22:10:44Z,-21.7261949,166.1533209,14.4,56588.4,8.540,136,83,165
2026-07-22T22:10:45Z,-21.7262539,166.1533860,14.2,56597.2,8.640,136,83,164
2026-07-22T22:10:46Z,-21.7263190,166.1534499,14.0,56606.8,8.920,136,83,165
2026-07-22T22:10:47Z,-21.7263839,166.1535040,14.0,56616.1,9.100,136,83,164
2026-07-22T22:10:48Z,-21.7264509,166.1535679,13.8,56625.5,9.180,136,83,164
2026-07-22T22:10:49Z,-21.7265229,166.1536109,13.8,56635.2,9.360,136,83,164
2026-07-22T22:10:50Z,-21.7265920,166.1536750,13.6,56644.9,9.540,136,83,164
2026-07-22T22:10:51Z,-21.7266510,166.1537399,13.6,56654.6,9.560,136,83,164
2026-07-22T22:10:52Z,-21.7267020,166.1538259,13.6,56664.7,9.720,136,83,165
2026-07-22T22:10:53Z,-21.7267460,166.1539010,13.4,56674.3,9.760,136,82,165
2026-07-22T22:10:54Z,-21.7267849,166.1539760,13.4,56683.9,9.740,136,83,165
2026-07-22T22:10:55Z,-21.7268170,166.1540719,13.4,56693.7,9.760,136,86,164
2026-07-22T22:10:56Z,-21.7268439,166.1541689,13.4,56703.5,9.780,135,86,165
2026-07-22T22:10:57Z,-21.7268590,166.1542549,13.2,56713.1,9.680,135,86,165
2026-07-22T22:10:58Z,-21.7268600,166.1543510,13.2,56722.8,9.700,135,86,165
2026-07-22T22:10:59Z,-21.7268409,166.1544370,13.2,56732.7,9.760,134,87,165
2026-07-22T22:11:00Z,-21.7268170,166.1545340,13.2,56742.3,9.720,135,86,164
2026-07-22T22:11:01Z,-21.7267920,166.1546190,13.2,56752.0,9.700,134,85,165
2026-07-22T22:11:02Z,-21.7267669,166.1547159,13.2,56761.4,9.660,134,85,164
2026-07-22T22:11:03Z,-21.7267379,166.1548019,13.2,56771.1,9.660,134,85,165
2026-07-22T22:11:04Z,-21.7267099,166.1548769,13.2,56780.4,9.540,135,84,164
2026-07-22T22:11:05Z,-21.7266780,166.1549520,13.2,56789.6,9.460,135,83,164
2026-07-22T22:11:06Z,-21.7266409,166.1550489,13.2,56799.2,9.440,134,82,165
2026-07-22T22:11:07Z,-21.7266050,166.1551240,13.2,56808.9,9.500,134,83,164
2026-07-22T22:11:08Z,-21.7265770,166.1552199,13.2,56818.0,9.380,135,84,165
2026-07-22T22:11:09Z,-21.7265470,166.1553059,13.4,56827.4,9.400,135,84,164
2026-07-22T22:11:10Z,-21.7265190,166.1553810,13.4,56836.6,9.400,135,85,164
2026-07-22T22:11:11Z,-21.7264790,166.1554560,13.4,56845.9,9.340,135,82,165
2026-07-22T22:11:12Z,-21.7264249,166.1555420,13.4,56855.0,9.220,135,83,165
2026-07-22T22:11:13Z,-21.7263570,166.1555850,13.2,56864.2,9.240,136,86,165
2026-07-22T22:11:14Z,-21.7262730,166.1555850,13.2,56873.5,9.220,136,85,164
2026-07-22T22:11:15Z,-21.7261929,166.1555850,13.0,56882.6,9.200,136,85,165
2026-07-22T22:11:16Z,-21.7261120,166.1555529,12.8,56892.1,9.240,136,85,164
2026-07-22T22:11:17Z,-21.7260310,166.1555099,12.8,56901.9,9.380,136,85,164
2026-07-22T22:11:18Z,-21.7259469,166.1554779,12.6,56911.6,9.480,136,85,165
2026-07-22T22:11:19Z,-21.7258609,166.1554560,12.4,56921.4,9.580,136,85,165
2026-07-22T22:11:20Z,-21.7257749,166.1554880,12.2,56931.3,9.740,136,86,165
2026-07-22T22:11:21Z,-21.7257150,166.1555529,12.2,56941.3,9.840,136,86,165
2026-07-22T22:11:22Z,-21.7256820,166.1556389,12.2,56951.2,9.860,136,85,164
2026-07-22T22:11:23Z,-21.7256690,166.1557349,12.2,56961.1,9.900,135,85,165
2026-07-22T22:11:24Z,-21.7256619,166.1558320,12.2,56970.9,9.900,135,85,164
2026-07-22T22:11:25Z,-21.7256609,166.1559280,12.4,56980.6,9.860,135,85,165
2026-07-22T22:11:26Z,-21.7256570,166.1560249,12.4,56990.2,9.780,135,85,165
2026-07-22T22:11:27Z,-21.7256459,166.1561210,12.4,56999.8,9.720,135,85,165
2026-07-22T22:11:28Z,-21.7256189,166.1561969,12.4,57009.1,9.600,134,85,165
2026-07-22T22:11:29Z,-21.7255830,166.1562819,12.2,57018.6,9.540,134,85,142
2026-07-22T22:11:30Z,-21.7255400,166.1563579,12.2,57028.2,9.520,134,85,155
2026-07-22T22:11:31Z,-21.7254950,166.1564330,12.0,57037.8,9.520,137,83,165
2026-07-22T22:11:32Z,-21.7254479,166.1565180,12.0,57047.5,9.540,137,83,165
2026-07-22T22:11:33Z,-21.7253980,166.1565940,11.8,57057.3,9.640,137,83,164
2026-07-22T22:11:34Z,-21.7253449,166.1566790,11.6,57067.4,9.760,133,82,164
2026-07-22T22:11:35Z,-21.7252920,166.1567540,11.6,57077.1,9.780,133,82,164
2026-07-22T22:11:36Z,-21.7252370,166.1568299,11.4,57087.1,9.860,134,82,165
2026-07-22T22:11:37Z,-21.7251840,166.1569149,11.2,57097.3,9.960,134,82,164
2026-07-22T22:11:38Z,-21.7251340,166.1569909,11.2,57107.1,9.960,134,82,164
2026-07-22T22:11:39Z,-21.7250830,166.1570660,11.0,57117.4,10.000,134,82,165
2026-07-22T22:11:40Z,-21.7250350,166.1571510,10.8,57127.8,10.140,134,82,165
2026-07-22T22:11:41Z,-21.7249930,166.1572479,10.8,57137.8,10.140,134,81,165
2026-07-22T22:11:42Z,-21.7249530,166.1573339,10.6,57148.3,10.200,134,82,165
2026-07-22T22:11:43Z,-21.7249259,166.1574300,10.6,57158.4,10.260,134,82,165
2026-07-22T22:11:44Z,-21.7249070,166.1575160,10.6,57168.9,10.300,135,81,165
2026-07-22T22:11:45Z,-21.7249060,166.1576239,10.6,57179.2,10.280,134,82,165
2026-07-22T22:11:46Z,-21.7249190,166.1577199,10.4,57189.1,10.260,135,81,165
2026-07-22T22:11:47Z,-21.7249530,166.1578059,10.4,57199.1,10.160,135,83,165
2026-07-22T22:11:48Z,-21.7250029,166.1579020,10.4,57209.6,10.240,135,84,165
2026-07-22T22:11:49Z,-21.7250599,166.1579669,10.4,57219.6,10.140,136,85,163
2026-07-22T22:11:50Z,-21.7251250,166.1580420,10.2,57229.6,10.080,135,84,164
2026-07-22T22:11:51Z,-21.7251999,166.1580850,10.2,57239.6,10.100,135,83,164
2026-07-22T22:11:52Z,-21.7252859,166.1581280,10.4,57249.7,10.120,135,80,164
2026-07-22T22:11:53Z,-21.7253690,166.1581490,10.6,57259.4,9.960,135,80,164
2026-07-22T22:11:54Z,-21.7254500,166.1581600,10.8,57268.6,9.800,136,79,164
2026-07-22T22:11:55Z,-21.7255360,166.1581809,11.0,57278.1,9.700,136,79,164
2026-07-22T22:11:56Z,-21.7256150,166.1581920,11.4,57287.1,9.500,136,80,165
2026-07-22T22:11:57Z,-21.7256929,166.1582030,11.6,57295.7,9.200,136,81,165
2026-07-22T22:11:58Z,-21.7257680,166.1582239,11.8,57304.2,8.960,136,84,164
2026-07-22T22:11:59Z,-21.7258410,166.1582350,12.0,57312.4,8.760,136,84,165
2026-07-22T22:12:00Z,-21.7259140,166.1582569,12.2,57320.6,8.500,136,84,164
2026-07-22T22:12:01Z,-21.7259830,166.1582669,12.4,57328.3,8.240,137,84,165
2026-07-22T22:12:02Z,-21.7260509,166.1582890,12.4,57336.0,8.060,137,83,164
2026-07-22T22:12:03Z,-21.7261180,166.1582890,12.6,57343.6,7.880,137,83,164
2026-07-22T22:12:04Z,-21.7261870,166.1582989,12.8,57351.3,7.780,136,83,165
2026-07-22T22:12:05Z,-21.7262519,166.1583099,13.0,57358.4,7.560,136,83,164
2026-07-22T22:12:06Z,-21.7263150,166.1583099,13.2,57365.6,7.460,136,83,165
2026-07-22T22:12:07Z,-21.7263799,166.1583320,13.4,57372.7,7.340,136,83,164
2026-07-22T22:12:08Z,-21.7264430,166.1583419,13.6,57379.8,7.240,135,82,164
2026-07-22T22:12:09Z,-21.7265060,166.1583640,13.8,57386.9,7.120,135,82,164
2026-07-22T22:12:10Z,-21.7265659,166.1583750,14.0,57393.9,7.100,135,82,165
2026-07-22T22:12:11Z,-21.7266290,166.1583750,14.0,57400.8,7.040,135,83,164
2026-07-22T22:12:12Z,-21.7266880,166.1583849,14.2,57407.5,6.960,134,83,165
2026-07-22T22:12:13Z,-21.7267490,166.1583849,14.4,57414.0,6.840,134,83,164
2026-07-22T22:12:14Z,-21.7268090,166.1584070,14.6,57421.0,6.820,133,83,164
2026-07-22T22:12:15Z,-21.7268679,166.1584170,14.8,57427.6,6.740,133,82,164
2026-07-22T22:12:16Z,-21.7269269,166.1584389,14.8,57434.1,6.660,133,82,164
2026-07-22T22:12:17Z,-21.7269820,166.1584500,15.0,57440.5,6.600,132,81,164
2026-07-22T22:12:18Z,-21.7270340,166.1584709,15.2,57446.9,6.580,132,82,164
2026-07-22T22:12:19Z,-21.7270800,166.1585139,15.2,57453.5,6.500,132,83,164
2026-07-22T22:12:20Z,-21.7271210,166.1585569,15.2,57460.2,6.520,132,83,165
2026-07-22T22:12:21Z,-21.7271559,166.1586210,15.2,57466.8,6.540,132,83,165
2026-07-22T22:12:22Z,-21.7271869,166.1586640,15.2,57473.8,6.660,132,83,164
2026-07-22T22:12:23Z,-21.7272139,166.1587390,15.2,57481.1,6.840,132,84,164
2026-07-22T22:12:24Z,-21.7272340,166.1588040,15.2,57488.4,6.980,132,84,165
2026-07-22T22:12:25Z,-21.7272480,166.1588680,15.2,57495.5,7.060,132,84,164
2026-07-22T22:12:26Z,-21.7272569,166.1589429,15.2,57503.5,7.340,132,84,165
2026-07-22T22:12:27Z,-21.7272599,166.1590179,15.0,57511.3,7.500,132,84,165
2026-07-22T22:12:28Z,-21.7272530,166.1590930,15.0,57519.0,7.580,132,84,164
2026-07-22T22:12:29Z,-21.7272330,166.1591680,15.0,57527.3,7.780,132,84,165
2026-07-22T22:12:30Z,-21.7271980,166.1592439,15.0,57535.4,7.980,132,84,165
2026-07-22T22:12:31Z,-21.7271419,166.1593080,15.0,57544.1,8.119,132,85,165
2026-07-22T22:12:32Z,-21.7270790,166.1593510,15.0,57552.6,8.260,132,85,164
2026-07-22T22:12:33Z,-21.7270159,166.1593830,15.0,57560.9,8.380,132,86,164
2026-07-22T22:12:34Z,-21.7269480,166.1594260,15.0,57569.6,8.460,132,85,165
2026-07-22T22:12:35Z,-21.7268839,166.1594690,15.0,57578.0,8.520,132,85,165
2026-07-22T22:12:36Z,-21.7268170,166.1595230,15.0,57586.7,8.520,132,85,164
2026-07-22T22:12:37Z,-21.7267490,166.1595649,15.0,57595.6,8.600,131,85,165
2026-07-22T22:12:38Z,-21.7266790,166.1596079,15.0,57604.4,8.700,131,85,165
2026-07-22T22:12:39Z,-21.7266160,166.1596410,15.0,57612.8,8.640,131,85,164
2026-07-22T22:12:40Z,-21.7265519,166.1596830,15.0,57621.2,8.640,131,85,164
2026-07-22T22:12:41Z,-21.7264829,166.1597369,15.0,57630.1,8.680,131,85,165
2026-07-22T22:12:42Z,-21.7264160,166.1597799,15.0,57638.6,8.600,131,85,164
2026-07-22T22:12:43Z,-21.7263490,166.1598229,15.0,57647.0,8.520,131,85,164
2026-07-22T22:12:44Z,-21.7262829,166.1598659,15.0,57655.9,8.620,131,85,164
2026-07-22T22:12:45Z,-21.7262160,166.1598980,15.0,57664.4,8.640,131,83,165
2026-07-22T22:12:46Z,-21.7261489,166.1599519,15.0,57673.1,8.600,131,82,165
2026-07-22T22:12:47Z,-21.7260850,166.1599949,15.0,57681.6,8.600,132,82,164
2026-07-22T22:12:48Z,-21.7260219,166.1600379,15.0,57690.0,8.600,132,82,164
2026-07-22T22:12:49Z,-21.7259550,166.1600799,15.0,57698.8,8.580,132,84,164
2026-07-22T22:12:50Z,-21.7258880,166.1601340,15.0,57707.5,8.620,132,84,164
2026-07-22T22:12:51Z,-21.7258229,166.1601770,15.0,57716.1,8.600,131,84,165
2026-07-22T22:12:52Z,-21.7257520,166.1602200,15.0,57725.2,8.720,131,84,164
2026-07-22T22:12:53Z,-21.7256850,166.1602630,15.0,57733.9,8.780,131,84,164
2026-07-22T22:12:54Z,-21.7256150,166.1603160,15.0,57742.7,8.780,132,84,164
2026-07-22T22:12:55Z,-21.7255479,166.1603490,15.0,57751.5,8.800,132,84,164
2026-07-22T22:12:56Z,-21.7254810,166.1603920,15.0,57760.1,8.800,132,84,164
2026-07-22T22:12:57Z,-21.7254140,166.1604340,15.0,57768.9,8.740,132,84,164
2026-07-22T22:12:58Z,-21.7253449,166.1604770,15.0,57778.0,8.820,132,83,164
2026-07-22T22:12:59Z,-21.7252770,166.1605310,15.0,57786.6,8.780,132,82,165
2026-07-22T22:13:00Z,-21.7252100,166.1605740,15.0,57795.4,8.780,132,82,164
2026-07-22T22:13:01Z,-21.7251429,166.1606170,15.0,57804.1,8.800,132,82,164
2026-07-22T22:13:02Z,-21.7250790,166.1606600,15.0,57813.0,8.820,131,82,164
2026-07-22T22:13:03Z,-21.7250210,166.1607240,15.0,57821.8,8.760,132,82,164
2026-07-22T22:13:04Z,-21.7249699,166.1607890,15.0,57830.6,8.800,131,82,164
2026-07-22T22:13:05Z,-21.7249330,166.1608640,15.0,57839.2,8.760,131,82,165
2026-07-22T22:13:06Z,-21.7249100,166.1609390,15.0,57847.8,8.740,131,81,164
2026-07-22T22:13:07Z,-21.7249060,166.1610350,15.0,57856.8,8.760,131,81,165
2026-07-22T22:13:08Z,-21.7249129,166.1611100,15.0,57865.3,8.700,131,81,164
2026-07-22T22:13:09Z,-21.7249330,166.1611960,15.0,57874.3,8.740,131,82,164
2026-07-22T22:13:10Z,-21.7249569,166.1612710,15.0,57883.1,8.780,131,82,164
2026-07-22T22:13:11Z,-21.7249879,166.1613459,15.0,57891.7,8.780,131,82,165
2026-07-22T22:13:12Z,-21.7250200,166.1614220,15.0,57900.5,8.740,131,82,164
2026-07-22T22:13:13Z,-21.7250550,166.1615069,15.0,57909.1,8.760,131,82,164
2026-07-22T22:13:14Z,-21.7250920,166.1615820,15.0,57917.7,8.680,132,81,164
2026-07-22T22:13:15Z,-21.7251309,166.1616580,15.0,57926.3,8.640,132,81,164
2026-07-22T22:13:16Z,-21.7251690,166.1617219,15.2,57934.9,8.640,132,81,164
2026-07-22T22:13:17Z,-21.7252060,166.1617970,15.2,57943.6,8.620,132,80,165
2026-07-22T22:13:18Z,-21.7252429,166.1618720,15.2,57952.2,8.620,132,80,164
2026-07-22T22:13:19Z,-21.7252770,166.1619470,15.0,57960.8,8.620,132,80,165
2026-07-22T22:13:20Z,-21.7253100,166.1620219,15.0,57969.5,8.640,132,80,164
2026-07-22T22:13:21Z,-21.7253400,166.1620970,15.0,57978.3,8.680,131,80,164
2026-07-22T22:13:22Z,-21.7253629,166.1621730,14.8,57987.3,8.740,131,79,165
2026-07-22T22:13:23Z,-21.7253810,166.1622689,14.6,57996.4,8.840,131,80,165
2026-07-22T22:13:24Z,-21.7253899,166.1623549,14.4,58005.7,8.980,130,80,165
2026-07-22T22:13:25Z,-21.7253940,166.1624519,14.0,58015.2,9.140,130,80,165
2026-07-22T22:13:26Z,-21.7253950,166.1625369,13.6,58025.1,9.360,130,81,165
2026-07-22T22:13:27Z,-21.7253950,166.1626450,13.4,58035.4,9.620,130,80,165
2026-07-22T22:13:28Z,-21.7253980,166.1627409,13.0,58045.8,9.880,130,79,164
2026-07-22T22:13:29Z,-21.7254080,166.1628480,12.6,58056.5,10.160,129,79,165
2026-07-22T22:13:30Z,-21.7254299,166.1629559,12.2,58067.4,10.440,129,79,164
2026-07-22T22:13:31Z,-21.7254710,166.1630419,11.8,58078.5,10.680,129,79,164
2026-07-22T22:13:32Z,-21.7255339,166.1631380,11.8,58089.6,10.840,129,79,164
2026-07-22T22:13:33Z,-21.7256209,166.1631810,11.8,58100.7,10.980,129,79,164
2026-07-22T22:13:34Z,-21.7257189,166.1631920,11.8,58111.7,11.040,128,79,165
2026-07-22T22:13:35Z,-21.7258150,166.1632129,12.0,58122.4,11.000,129,79,164
2026-07-22T22:13:36Z,-21.7259089,166.1632129,12.2,58132.9,10.880,128,79,164
2026-07-22T22:13:37Z,-21.7260000,166.1632129,12.4,58143.0,10.680,128,79,165
2026-07-22T22:13:38Z,-21.7260900,166.1632240,12.6,58152.9,10.440,128,80,164
2026-07-22T22:13:39Z,-21.7261710,166.1632559,12.8,58162.4,10.140,128,79,164
2026-07-22T22:13:40Z,-21.7262399,166.1632990,12.8,58172.2,9.960,129,79,165
2026-07-22T22:13:41Z,-21.7262900,166.1633850,12.8,58181.5,9.720,129,78,165
2026-07-22T22:13:42Z,-21.7263219,166.1634710,12.6,58191.0,9.600,129,78,165
2026-07-22T22:13:43Z,-21.7263379,166.1635670,12.6,58200.4,9.500,129,78,165
2026-07-22T22:13:44Z,-21.7263440,166.1636530,12.4,58210.3,9.580,128,79,165
2026-07-22T22:13:45Z,-21.7263420,166.1637499,12.2,58220.2,9.600,128,79,164
2026-07-22T22:13:46Z,-21.7263379,166.1638359,12.0,58229.9,9.680,128,78,164
2026-07-22T22:13:47Z,-21.7263330,166.1639430,12.0,58240.0,9.800,128,78,165
2026-07-22T22:13:48Z,-21.7263340,166.1640390,11.8,58250.0,9.920,128,78,165
2026-07-22T22:13:49Z,-21.7263450,166.1641250,11.8,58260.1,9.960,128,78,164
2026-07-22T22:13:50Z,-21.7263740,166.1642219,11.8,58270.0,9.960,127,78,164
2026-07-22T22:13:51Z,-21.7264239,166.1642969,11.8,58280.0,10.020,127,78,165
2026-07-22T22:13:52Z,-21.7264969,166.1643610,12.0,58289.9,9.980,128,78,164
2026-07-22T22:13:53Z,-21.7265770,166.1643829,12.4,58299.4,9.880,127,78,165
2026-07-22T22:13:54Z,-21.7266559,166.1644040,12.6,58308.6,9.700,127,78,165
2026-07-22T22:13:55Z,-21.7267350,166.1644150,13.0,58317.2,9.440,127,78,165
2026-07-22T22:13:56Z,-21.7268129,166.1644150,13.4,58325.7,9.140,127,79,166
2026-07-22T22:13:57Z,-21.7268839,166.1644359,13.6,58333.6,8.740,127,79,165
2026-07-22T22:13:58Z,-21.7269539,166.1644359,14.0,58341.4,8.400,127,81,164
2026-07-22T22:13:59Z,-21.7270210,166.1644470,14.2,58349.1,8.100,128,81,165
2026-07-22T22:14:00Z,-21.7270810,166.1644789,14.4,58356.3,7.820,128,82,164
2026-07-22T22:14:01Z,-21.7271380,166.1645109,14.6,58363.2,7.500,128,83,165
2026-07-22T22:14:02Z,-21.7271869,166.1645539,14.8,58370.2,7.320,129,81,164
2026-07-22T22:14:03Z,-21.7272330,166.1645969,15.0,58376.9,7.100,129,81,164
2026-07-22T22:14:04Z,-21.7272729,166.1646290,15.2,58383.3,6.840,129,81,164
2026-07-22T22:14:05Z,-21.7273149,166.1646939,15.4,58390.1,6.760,130,82,164
2026-07-22T22:14:06Z,-21.7273510,166.1647370,15.4,58396.4,6.640,130,82,165
2026-07-22T22:14:07Z,-21.7273869,166.1647800,15.6,58403.2,6.600,130,82,165
2026-07-22T22:14:08Z,-21.7274189,166.1648440,15.6,58410.1,6.640,130,82,164
2026-07-22T22:14:09Z,-21.7274490,166.1649080,15.8,58416.6,6.660,131,82,164
2026-07-22T22:14:10Z,-21.7274729,166.1649620,15.8,58423.5,6.680,131,82,164
2026-07-22T22:14:11Z,-21.7274970,166.1650259,16.0,58430.5,6.820,131,81,165
2026-07-22T22:14:12Z,-21.7275179,166.1650910,16.2,58437.5,6.860,131,81,164
2026-07-22T22:14:13Z,-21.7275370,166.1651549,16.4,58444.4,6.860,131,81,164
2026-07-22T22:14:14Z,-21.7275510,166.1652090,16.4,58451.2,6.920,131,80,165
2026-07-22T22:14:15Z,-21.7275629,166.1652729,16.6,58457.7,6.840,131,80,164
2026-07-22T22:14:16Z,-21.7275710,166.1653480,16.8,58464.8,6.860,131,80,165
2026-07-22T22:14:17Z,-21.7275759,166.1654130,17.0,58471.3,6.760,131,80,165
2026-07-22T22:14:18Z,-21.7275769,166.1654660,17.2,58477.9,6.700,131,80,164
2026-07-22T22:14:19Z,-21.7275800,166.1655309,17.4,58484.1,6.580,131,81,165
2026-07-22T22:14:20Z,-21.7275800,166.1655950,17.6,58490.8,6.620,131,81,165
2026-07-22T22:14:21Z,-21.7275759,166.1656490,17.8,58496.9,6.420,131,80,165
2026-07-22T22:14:22Z,-21.7275710,166.1657130,18.0,58503.2,6.380,132,79,165
2026-07-22T22:14:23Z,-21.7275640,166.1657769,18.0,58509.1,6.240,132,80,165
2026-07-22T22:14:24Z,-21.7275599,166.1658420,18.2,58515.3,6.240,132,81,165
2026-07-22T22:14:25Z,-21.7275570,166.1658850,18.4,58521.2,6.080,132,81,164
2026-07-22T22:14:26Z,-21.7275550,166.1659380,18.6,58526.9,6.000,132,81,165
2026-07-22T22:14:27Z,-21.7275530,166.1660029,18.8,58533.1,5.980,132,81,164
2026-07-22T22:14:28Z,-21.7275530,166.1660670,18.8,58539.1,6.000,131,81,164
2026-07-22T22:14:29Z,-21.7275530,166.1661100,19.0,58544.8,5.900,131,81,164
2026-07-22T22:14:30Z,-21.7275530,166.1661740,19.2,58550.8,5.920,131,80,164
2026-07-22T22:14:31Z,-21.7275570,166.1662280,19.2,58556.6,5.940,131,80,165
2026-07-22T22:14:32Z,-21.7275599,166.1662820,19.4,58562.4,5.860,131,80,164
2026-07-22T22:14:33Z,-21.7275680,166.1663349,19.6,58568.1,5.800,131,80,164
2026-07-22T22:14:34Z,-21.7275769,166.1664000,19.6,58574.1,5.860,131,80,165
2026-07-22T22:14:35Z,-21.7275940,166.1664430,19.6,58580.1,5.860,131,80,164
2026-07-22T22:14:36Z,-21.7276140,166.1665069,19.8,58586.4,5.960,130,80,165
2026-07-22T22:14:37Z,-21.7276400,166.1665499,19.8,58592.4,6.000,130,81,164
2026-07-22T22:14:38Z,-21.7276690,166.1666140,19.8,58598.9,6.160,131,80,165
2026-07-22T22:14:39Z,-21.7276990,166.1666570,19.8,58605.2,6.220,130,80,165
2026-07-22T22:14:40Z,-21.7277359,166.1667219,19.8,58612.0,6.380,130,80,164
2026-07-22T22:14:41Z,-21.7277749,166.1667640,19.8,58618.6,6.440,130,80,164
2026-07-22T22:14:42Z,-21.7278150,166.1668290,19.8,58625.9,6.700,130,80,164
2026-07-22T22:14:43Z,-21.7278509,166.1668720,19.8,58633.0,6.820,130,79,164
2026-07-22T22:14:44Z,-21.7278830,166.1669360,19.6,58640.3,7.020,129,79,164
2026-07-22T22:14:45Z,-21.7279069,166.1670109,19.6,58647.7,7.140,129,79,164
2026-07-22T22:14:46Z,-21.7279250,166.1670760,19.6,58655.1,7.300,129,80,165
2026-07-22T22:14:47Z,-21.7279300,166.1671510,19.6,58663.0,7.420,129,79,165
2026-07-22T22:14:48Z,-21.7279209,166.1672259,19.6,58670.5,7.500,129,80,165
2026-07-22T22:14:49Z,-21.7279010,166.1673009,19.6,58678.6,7.660,129,80,165
2026-07-22T22:14:50Z,-21.7278749,166.1673650,19.6,58686.2,7.700,129,80,165
2026-07-22T22:14:51Z,-21.7278440,166.1674400,19.6,58694.4,7.860,130,80,164
2026-07-22T22:14:52Z,-21.7278120,166.1675050,19.6,58702.2,7.840,131,80,164
2026-07-22T22:14:53Z,-21.7277759,166.1675800,19.6,58710.1,7.920,131,81,165
2026-07-22T22:14:54Z,-21.7277359,166.1676340,19.6,58718.2,7.920,131,81,165
2026-07-22T22:14:55Z,-21.7276940,166.1676980,19.6,58726.2,8.000,132,81,164
2026-07-22T22:14:56Z,-21.7276459,166.1677619,19.8,58734.6,8.039,132,81,165
2026-07-22T22:14:57Z,-21.7276000,166.1678159,19.8,58742.5,8.060,132,81,165
2026-07-22T22:14:58Z,-21.7275510,166.1678800,19.8,58750.7,8.119,132,82,165
2026-07-22T22:14:59Z,-21.7275009,166.1679449,19.8,58759.0,8.160,132,83,165
2026-07-22T22:15:00Z,-21.7274490,166.1679980,19.8,58767.5,8.260,132,83,165
2026-07-22T22:15:01Z,-21.7273960,166.1680520,19.8,58775.5,8.180,132,83,165
2026-07-22T22:15:02Z,-21.7273410,166.1681059,19.8,58784.0,8.300,132,82,164
2026-07-22T22:15:03Z,-21.7272859,166.1681700,19.8,58792.3,8.320,133,82,165
2026-07-22T22:15:04Z,-21.7272299,166.1682130,19.8,58800.6,8.320,132,82,164
2026-07-22T22:15:05Z,-21.7271780,166.1682769,19.8,58808.9,8.280,132,81,165
2026-07-22T22:15:06Z,-21.7271200,166.1683199,19.8,58817.2,8.340,132,81,164
2026-07-22T22:15:07Z,-21.7270660,166.1683850,19.8,58825.4,8.280,132,81,165
2026-07-22T22:15:08Z,-21.7270119,166.1684270,19.8,58833.8,8.300,132,80,165
2026-07-22T22:15:09Z,-21.7269569,166.1684919,19.8,58842.1,8.300,132,80,165
2026-07-22T22:15:10Z,-21.7268999,166.1685560,19.8,58850.7,8.360,131,80,164
2026-07-22T22:15:11Z,-21.7268480,166.1686099,19.8,58859.2,8.400,131,81,165
2026-07-22T22:15:12Z,-21.7267920,166.1686639,19.8,58867.7,8.460,131,81,165
2026-07-22T22:15:13Z,-21.7267379,166.1687170,19.8,58875.9,8.420,131,82,164
2026-07-22T22:15:14Z,-21.7266829,166.1687819,19.8,58884.4,8.460,131,82,164
2026-07-22T22:15:15Z,-21.7266269,166.1688460,19.8,58893.3,8.520,131,81,164
2026-07-22T22:15:16Z,-21.7265699,166.1688890,19.8,58901.4,8.440,131,81,164
2026-07-22T22:15:17Z,-21.7265099,166.1689529,19.8,58910.6,8.580,131,80,165
2026-07-22T22:15:18Z,-21.7264580,166.1690070,19.8,58918.8,8.580,131,80,165
2026-07-22T22:15:19Z,-21.7263990,166.1690709,19.8,58928.1,8.740,131,80,164
2026-07-22T22:15:20Z,-21.7263440,166.1691360,19.8,58936.5,8.640,131,80,164
2026-07-22T22:15:21Z,-21.7262860,166.1691890,19.8,58945.5,8.820,131,79,165
2026-07-22T22:15:22Z,-21.7262270,166.1692539,19.8,58954.6,8.800,131,79,165
2026-07-22T22:15:23Z,-21.7261720,166.1693180,19.8,58963.3,8.900,131,81,165
2026-07-22T22:15:24Z,-21.7261140,166.1693610,19.8,58971.9,8.760,131,81,164
2026-07-22T22:15:25Z,-21.7260550,166.1694250,19.8,58980.9,8.880,131,81,164
2026-07-22T22:15:26Z,-21.7259960,166.1694790,19.8,58989.7,8.840,131,80,164
2026-07-22T22:15:27Z,-21.7259430,166.1695429,19.8,58998.3,8.740,131,80,164
2026-07-22T22:15:28Z,-21.7258840,166.1696080,19.8,59007.5,8.840,131,80,165
2026-07-22T22:15:29Z,-21.7258270,166.1696609,19.8,59016.3,8.880,131,78,165
2026-07-22T22:15:30Z,-21.7257700,166.1697149,19.8,59024.8,8.780,131,79,164
2026-07-22T22:15:31Z,-21.7257120,166.1697690,19.8,59033.7,8.800,131,79,164
2026-07-22T22:15:32Z,-21.7256560,166.1698329,19.8,59042.6,8.860,130,78,165
2026-07-22T22:15:33Z,-21.7255980,166.1698970,19.8,59051.5,8.800,130,76,142
2026-07-22T22:15:34Z,-21.7255400,166.1699619,19.8,59060.3,8.800,130,76,42
2026-07-22T22:15:35Z,-21.7254850,166.1700150,19.8,59068.7,8.780,130,76,126
2026-07-22T22:15:36Z,-21.7254280,166.1700800,19.8,59077.7,8.800,130,71,165
2026-07-22T22:15:37Z,-21.7253729,166.1701230,19.8,59085.9,8.660,129,71,165
2026-07-22T22:15:38Z,-21.7253149,166.1701870,19.8,59094.8,8.660,129,72,165
2026-07-22T22:15:39Z,-21.7252630,166.1702510,19.8,59103.1,8.560,129,73,165
2026-07-22T22:15:40Z,-21.7252050,166.1703049,19.8,59111.8,8.620,129,75,165
2026-07-22T22:15:41Z,-21.7251469,166.1703690,19.8,59120.6,8.580,130,76,165
2026-07-22T22:15:42Z,-21.7250920,166.1704120,19.8,59129.1,8.640,130,78,164
2026-07-22T22:15:43Z,-21.7250370,166.1704769,19.8,59137.8,8.600,130,78,165
2026-07-22T22:15:44Z,-21.7249800,166.1705410,19.8,59146.6,8.700,130,79,165
2026-07-22T22:15:45Z,-21.7249250,166.1705949,19.8,59155.2,8.680,131,80,165
2026-07-22T22:15:46Z,-21.7248699,166.1706590,19.8,59163.8,8.640,131,80,76
2026-07-22T22:15:47Z,-21.7248129,166.1707020,19.6,59172.3,8.640,131,80,90
2026-07-22T22:15:48Z,-21.7247569,166.1707659,19.6,59181.1,8.660,132,65,141
2026-07-22T22:15:49Z,-21.7247030,166.1708310,19.6,59189.3,8.540,132,79,165
2026-07-22T22:15:50Z,-21.7246460,166.1708840,19.6,59198.1,8.580,132,79,165
2026-07-22T22:15:51Z,-21.7245910,166.1709379,19.6,59206.6,8.560,132,80,164
2026-07-22T22:15:52Z,-21.7245360,166.1709920,19.6,59215.1,8.560,132,79,164
2026-07-22T22:15:53Z,-21.7244809,166.1710559,19.6,59223.6,8.500,132,79,164
2026-07-22T22:15:54Z,-21.7244249,166.1711200,19.6,59232.3,8.600,133,79,164
2026-07-22T22:15:55Z,-21.7243679,166.1711630,19.6,59240.9,8.560,133,78,164
2026-07-22T22:15:56Z,-21.7243119,166.1712279,19.6,59249.5,8.580,133,80,164
2026-07-22T22:15:57Z,-21.7242570,166.1712809,19.6,59258.0,8.580,133,80,164
2026-07-22T22:15:58Z,-21.7242020,166.1713460,19.6,59266.6,8.600,134,79,164
2026-07-22T22:15:59Z,-21.7241470,166.1714100,19.6,59275.1,8.560,134,79,164
2026-07-22T22:16:00Z,-21.7240890,166.1714530,19.6,59283.9,8.600,134,78,165
2026-07-22T22:16:01Z,-21.7240340,166.1715170,19.6,59292.3,8.560,133,78,164
2026-07-22T22:16:02Z,-21.7239769,166.1715709,19.6,59301.1,8.620,133,78,165
2026-07-22T22:16:03Z,-21.7239229,166.1716350,19.6,59309.6,8.600,133,78,164
2026-07-22T22:16:04Z,-21.7238760,166.1716999,19.6,59318.2,8.620,133,79,165
2026-07-22T22:16:05Z,-21.7238320,166.1717749,19.6,59326.9,8.600,133,79,164
2026-07-22T22:16:06Z,-21.7237939,166.1718500,19.6,59335.6,8.660,133,79,165
2026-07-22T22:16:07Z,-21.7237590,166.1719139,19.6,59344.2,8.620,132,79,164
2026-07-22T22:16:08Z,-21.7237280,166.1719999,19.6,59353.2,8.720,132,78,164
2026-07-22T22:16:09Z,-21.7237000,166.1720749,19.6,59361.6,8.680,132,78,165
2026-07-22T22:16:10Z,-21.7236730,166.1721500,19.6,59370.4,8.700,132,78,164
2026-07-22T22:16:11Z,-21.7236469,166.1722250,19.6,59379.3,8.740,132,78,165
2026-07-22T22:16:12Z,-21.7236229,166.1723110,19.6,59387.9,8.740,132,79,165
2026-07-22T22:16:13Z,-21.7235960,166.1723970,19.6,59396.8,8.720,132,79,165
2026-07-22T22:16:14Z,-21.7235690,166.1724720,19.6,59405.4,8.760,132,80,165
2026-07-22T22:16:15Z,-21.7235380,166.1725469,19.6,59414.2,8.760,132,81,164
2026-07-22T22:16:16Z,-21.7235029,166.1726219,19.6,59423.1,8.760,132,81,164
2026-07-22T22:16:17Z,-21.7234670,166.1727079,19.6,59431.8,8.780,132,81,164
2026-07-22T22:16:18Z,-21.7234270,166.1727830,19.6,59440.4,8.720,132,80,164
2026-07-22T22:16:19Z,-21.7233840,166.1728369,19.6,59449.5,8.820,132,80,164
2026-07-22T22:16:20Z,-21.7233400,166.1729120,19.6,59458.0,8.760,132,79,165
2026-07-22T22:16:21Z,-21.7232909,166.1729760,19.6,59466.9,8.760,132,78,165
2026-07-22T22:16:22Z,-21.7232430,166.1730519,19.6,59475.9,8.820,132,78,165
2026-07-22T22:16:23Z,-21.7231930,166.1731160,19.6,59484.8,8.880,132,78,165
2026-07-22T22:16:24Z,-21.7231410,166.1731910,19.6,59493.5,8.800,132,79,164
2026-07-22T22:16:25Z,-21.7230899,166.1732549,19.6,59502.5,8.900,132,78,164
2026-07-22T22:16:26Z,-21.7230360,166.1733089,19.6,59511.2,8.860,132,78,164
2026-07-22T22:16:27Z,-21.7229830,166.1733730,19.6,59520.1,8.840,131,78,164
2026-07-22T22:16:28Z,-21.7229289,166.1734379,19.6,59529.1,8.860,131,78,165
2026-07-22T22:16:29Z,-21.7228780,166.1734910,19.6,59537.6,8.820,131,78,164
2026-07-22T22:16:30Z,-21.7228190,166.1735770,19.6,59547.0,8.900,131,78,164
2026-07-22T22:16:31Z,-21.7227620,166.1736310,19.6,59555.9,8.940,131,78,165
2026-07-22T22:16:32Z,-21.7227070,166.1736849,19.6,59564.4,8.860,131,78,164
2026-07-22T22:16:33Z,-21.7226480,166.1737380,19.6,59573.4,8.860,131,78,165
2026-07-22T22:16:34Z,-21.7225890,166.1738029,19.6,59582.4,8.960,131,78,164
2026-07-22T22:16:35Z,-21.7225299,166.1738670,19.6,59591.8,8.960,130,78,164
2026-07-22T22:16:36Z,-21.7224829,166.1739419,19.6,59600.7,8.960,131,79,164
2026-07-22T22:16:37Z,-21.7224490,166.1740169,19.6,59609.5,9.020,131,79,165
2026-07-22T22:16:38Z,-21.7224180,166.1740920,19.6,59618.7,9.060,130,79,165
2026-07-22T22:16:39Z,-21.7223910,166.1741780,19.6,59628.2,9.160,131,79,165
2026-07-22T22:16:40Z,-21.7223740,166.1742749,19.6,59637.2,9.080,131,79,164
2026-07-22T22:16:41Z,-21.7223610,166.1743710,19.6,59646.4,9.140,131,79,165
2026-07-22T22:16:42Z,-21.7223510,166.1744459,19.6,59655.4,9.180,131,78,165
2026-07-22T22:16:43Z,-21.7223440,166.1745319,19.6,59665.0,9.260,131,78,164
2026-07-22T22:16:44Z,-21.7223419,166.1746290,19.6,59674.3,9.220,131,78,164
2026-07-22T22:16:45Z,-21.7223419,166.1747150,19.6,59684.0,9.360,130,79,165
2026-07-22T22:16:46Z,-21.7223440,166.1748110,19.4,59693.4,9.400,130,78,164
2026-07-22T22:16:47Z,-21.7223510,166.1748970,19.2,59702.6,9.440,130,79,164
2026-07-22T22:16:48Z,-21.7223590,166.1749939,19.0,59712.4,9.480,131,79,164
2026-07-22T22:16:49Z,-21.7223669,166.1750789,18.8,59722.2,9.580,132,79,165
2026-07-22T22:16:50Z,-21.7223740,166.1751870,18.4,59732.4,9.680,132,79,164
2026-07-22T22:16:51Z,-21.7223900,166.1752939,17.8,59743.3,9.980,132,78,164
2026-07-22T22:16:52Z,-21.7224099,166.1753900,17.4,59754.2,10.320,133,77,164
2026-07-22T22:16:53Z,-21.7224330,166.1754979,17.0,59764.9,10.500,133,77,164
2026-07-22T22:16:54Z,-21.7224600,166.1756050,16.6,59776.7,10.900,133,77,164
2026-07-22T22:16:55Z,-21.7224810,166.1757119,16.4,59787.7,11.060,134,76,165
2026-07-22T22:16:56Z,-21.7224959,166.1758200,16.2,59799.3,11.200,134,76,165
2026-07-22T22:16:57Z,-21.7225070,166.1759269,16.2,59810.6,11.280,134,76,164
2026-07-22T22:16:58Z,-21.7225040,166.1760449,16.6,59822.3,11.480,133,76,165
2026-07-22T22:16:59Z,-21.7224959,166.1761419,16.8,59832.9,11.240,133,75,164
2026-07-22T22:17:00Z,-21.7224810,166.1762380,17.4,59843.6,11.180,133,75,164
2026-07-22T22:17:01Z,-21.7224660,166.1763350,17.8,59853.2,10.780,133,75,165
2026-07-22T22:17:02Z,-21.7224490,166.1764309,18.2,59862.5,10.380,132,75,165
2026-07-22T22:17:03Z,-21.7224320,166.1765169,18.4,59871.6,9.860,133,75,164
2026-07-22T22:17:04Z,-21.7224139,166.1765919,18.6,59880.3,9.480,132,75,165
2026-07-22T22:17:05Z,-21.7223989,166.1766670,18.8,59888.7,9.020,132,75,164
2026-07-22T22:17:06Z,-21.7223859,166.1767420,18.8,59896.8,8.720,132,75,165
2026-07-22T22:17:07Z,-21.7223689,166.1768390,18.8,59905.6,8.620,132,75,165
2026-07-22T22:17:08Z,-21.7223460,166.1769140,18.6,59914.4,8.560,132,74,164
2026-07-22T22:17:09Z,-21.7223229,166.1769890,18.2,59923.1,8.560,132,75,165
2026-07-22T22:17:10Z,-21.7222959,166.1770860,18.0,59932.4,8.740,132,75,164
2026-07-22T22:17:11Z,-21.7222679,166.1771610,17.6,59941.7,8.980,132,75,164
2026-07-22T22:17:12Z,-21.7222430,166.1772470,17.4,59951.3,9.140,132,74,164
2026-07-22T22:17:13Z,-21.7222220,166.1773539,17.0,59961.7,9.460,131,75,165
2026-07-22T22:17:14Z,-21.7222089,166.1774500,16.8,59972.0,9.780,131,75,165
2026-07-22T22:17:15Z,-21.7222060,166.1775360,16.6,59982.1,9.940,131,75,165
2026-07-22T22:17:16Z,-21.7222200,166.1776440,16.8,59992.7,10.200,131,75,164
2026-07-22T22:17:17Z,-21.7222409,166.1777399,17.0,60002.2,10.180,131,75,164
2026-07-22T22:17:18Z,-21.7222689,166.1778259,17.4,60011.9,10.040,131,75,165
2026-07-22T22:17:19Z,-21.7223020,166.1779009,17.8,60021.4,9.880,131,75,165
2026-07-22T22:17:20Z,-21.7223360,166.1779869,18.2,60029.9,9.560,131,75,165
2026-07-22T22:17:21Z,-21.7223709,166.1780620,18.6,60038.6,9.180,130,75,165
2026-07-22T22:17:22Z,-21.7224030,166.1781370,19.0,60046.4,8.840,131,75,164
2026-07-22T22:17:23Z,-21.7224399,166.1782009,19.2,60054.4,8.500,131,76,165
2026-07-22T22:17:24Z,-21.7224709,166.1782550,19.4,60061.7,8.060,130,76,165
2026-07-22T22:17:25Z,-21.7225040,166.1783190,19.4,60069.3,7.880,131,75,164
2026-07-22T22:17:26Z,-21.7225360,166.1783840,19.4,60076.5,7.580,130,75,165
2026-07-22T22:17:27Z,-21.7225750,166.1784589,19.2,60084.5,7.620,130,74,164
2026-07-22T22:17:28Z,-21.7226109,166.1785130,19.0,60092.4,7.600,130,74,165
2026-07-22T22:17:29Z,-21.7226530,166.1785769,18.6,60101.2,7.900,130,73,164
2026-07-22T22:17:30Z,-21.7226969,166.1786520,18.4,60110.0,8.140,130,73,164
2026-07-22T22:17:31Z,-21.7227439,166.1787270,18.0,60119.4,8.580,129,73,165
2026-07-22T22:17:32Z,-21.7227940,166.1788019,17.6,60129.1,8.920,130,73,164
2026-07-22T22:17:33Z,-21.7228459,166.1788880,17.2,60139.2,9.360,130,73,165
2026-07-22T22:17:34Z,-21.7229009,166.1789740,16.8,60150.0,9.760,130,73,165
2026-07-22T22:17:35Z,-21.7229550,166.1790489,16.8,60160.5,10.100,130,73,165
2026-07-22T22:17:36Z,-21.7230080,166.1791460,16.8,60171.1,10.340,130,74,164
2026-07-22T22:17:37Z,-21.7230589,166.1792310,17.2,60181.6,10.500,130,74,165
2026-07-22T22:17:38Z,-21.7231090,166.1793069,17.6,60192.1,10.580,129,75,165
2026-07-22T22:17:39Z,-21.7231570,166.1793819,18.0,60201.7,10.340,130,75,165
2026-07-22T22:17:40Z,-21.7232049,166.1794669,18.4,60210.9,10.080,129,76,165
2026-07-22T22:17:41Z,-21.7232579,166.1795430,18.4,60220.3,9.840,129,76,164
2026-07-22T22:17:42Z,-21.7233070,166.1795959,18.4,60229.2,9.520,129,76,164
2026-07-22T22:17:43Z,-21.7233619,166.1796710,18.2,60238.3,9.240,129,76,165
2026-07-22T22:17:44Z,-21.7234159,166.1797360,18.0,60247.4,9.140,129,77,165
2026-07-22T22:17:45Z,-21.7234759,166.1797999,17.6,60257.2,9.260,129,77,165
2026-07-22T22:17:46Z,-21.7235420,166.1798750,17.2,60267.6,9.460,129,78,165
2026-07-22T22:17:47Z,-21.7236059,166.1799500,16.6,60277.9,9.740,129,78,164
2026-07-22T22:17:48Z,-21.7236789,166.1800149,16.2,60288.8,10.100,129,78,164
2026-07-22T22:17:49Z,-21.7237540,166.1800900,15.8,60299.7,10.460,130,78,165
2026-07-22T22:17:50Z,-21.7238320,166.1801539,15.8,60310.8,10.720,130,78,164
2026-07-22T22:17:51Z,-21.7239140,166.1802080,15.8,60321.7,10.820,130,78,164
2026-07-22T22:17:52Z,-21.7239949,166.1802719,16.0,60332.5,10.920,130,78,165
2026-07-22T22:17:53Z,-21.7240770,166.1803149,16.4,60343.0,10.840,130,78,164
2026-07-22T22:17:54Z,-21.7241600,166.1803579,16.6,60353.2,10.700,130,77,164
2026-07-22T22:17:55Z,-21.7242379,166.1804120,17.0,60362.8,10.400,130,77,165
2026-07-22T22:17:56Z,-21.7243160,166.1804439,17.4,60372.2,10.100,130,77,165
2026-07-22T22:17:57Z,-21.7243880,166.1804650,17.8,60380.9,9.680,130,78,165
2026-07-22T22:17:58Z,-21.7244630,166.1804970,18.0,60389.6,9.320,129,78,164
2026-07-22T22:17:59Z,-21.7245360,166.1805299,18.2,60398.0,8.960,129,76,164
2026-07-22T22:18:00Z,-21.7246080,166.1805510,18.2,60406.3,8.700,129,77,164
2026-07-22T22:18:01Z,-21.7246849,166.1805619,18.0,60414.8,8.520,129,77,164
2026-07-22T22:18:02Z,-21.7247620,166.1805619,17.8,60423.6,8.540,128,78,165
2026-07-22T22:18:03Z,-21.7248470,166.1805619,17.4,60432.9,8.660,128,78,165
2026-07-22T22:18:04Z,-21.7249340,166.1805619,17.0,60442.6,8.920,128,77,165
2026-07-22T22:18:05Z,-21.7250210,166.1805619,16.8,60452.4,9.220,128,78,165
2026-07-22T22:18:06Z,-21.7251149,166.1805510,16.8,60462.7,9.580,128,79,165
2026-07-22T22:18:07Z,-21.7252039,166.1805510,16.8,60472.5,9.780,129,79,165
2026-07-22T22:18:08Z,-21.7252920,166.1805299,16.8,60482.6,9.940,129,80,164
2026-07-22T22:18:09Z,-21.7253810,166.1805299,17.0,60492.2,9.920,129,80,165
2026-07-22T22:18:10Z,-21.7254670,166.1805189,17.2,60501.7,9.860,130,80,165
2026-07-22T22:18:11Z,-21.7255479,166.1805189,17.4,60510.9,9.640,130,81,165
2026-07-22T22:18:12Z,-21.7256300,166.1804970,17.6,60520.0,9.500,130,81,164
2026-07-22T22:18:13Z,-21.7257110,166.1804869,17.8,60528.8,9.240,131,81,165
2026-07-22T22:18:14Z,-21.7257870,166.1804869,17.8,60537.5,9.060,131,81,164
2026-07-22T22:18:15Z,-21.7258639,166.1804650,18.0,60545.9,8.840,131,81,165
2026-07-22T22:18:16Z,-21.7259369,166.1804540,18.2,60554.3,8.680,131,81,165
2026-07-22T22:18:17Z,-21.7260120,166.1804439,18.2,60562.6,8.520,131,80,164
2026-07-22T22:18:18Z,-21.7260819,166.1804220,18.2,60570.8,8.400,132,80,165
2026-07-22T22:18:19Z,-21.7261570,166.1803900,18.2,60579.3,8.360,132,80,164
2026-07-22T22:18:20Z,-21.7262229,166.1803579,18.2,60587.3,8.280,132,80,165
2026-07-22T22:18:21Z,-21.7262929,166.1803360,18.0,60595.8,8.300,132,81,165
2026-07-22T22:18:22Z,-21.7263580,166.1802830,17.8,60604.5,8.380,132,81,164
2026-07-22T22:18:23Z,-21.7264249,166.1802400,17.4,60613.5,8.540,132,81,165
2026-07-22T22:18:24Z,-21.7264880,166.1801760,17.2,60622.9,8.720,132,81,165
2026-07-22T22:18:25Z,-21.7265529,166.1801220,16.8,60632.4,9.020,132,81,165
2026-07-22T22:18:26Z,-21.7266200,166.1800579,16.4,60642.4,9.320,132,81,164
2026-07-22T22:18:27Z,-21.7266910,166.1799819,16.0,60653.0,9.700,132,81,165
2026-07-22T22:18:28Z,-21.7267650,166.1799180,15.6,60663.6,10.020,132,81,164
2026-07-22T22:18:29Z,-21.7268409,166.1798640,15.6,60674.2,10.260,132,81,164
2026-07-22T22:18:30Z,-21.7269159,166.1797999,15.6,60684.9,10.500,132,81,165
2026-07-22T22:18:31Z,-21.7269859,166.1797249,15.4,60695.4,10.600,132,81,164
2026-07-22T22:18:32Z,-21.7270530,166.1796500,14.8,60706.2,10.640,132,81,165
2026-07-22T22:18:33Z,-21.7271050,166.1795529,14.4,60717.2,10.720,131,81,164
2026-07-22T22:18:34Z,-21.7271380,166.1794460,14.2,60728.5,10.860,132,81,165
2026-07-22T22:18:35Z,-21.7271480,166.1793389,13.8,60739.9,11.000,132,81,165
2026-07-22T22:18:36Z,-21.7271480,166.1792310,13.6,60751.1,11.140,131,81,165
2026-07-22T22:18:37Z,-21.7271470,166.1791239,13.4,60762.7,11.300,132,81,164
2026-07-22T22:18:38Z,-21.7271439,166.1790059,12.8,60774.6,11.480,131,81,164
2026-07-22T22:18:39Z,-21.7271210,166.1788990,12.8,60786.1,11.520,131,82,165
2026-07-22T22:18:40Z,-21.7270839,166.1787919,13.0,60797.5,11.520,131,82,165
2026-07-22T22:18:41Z,-21.7270559,166.1786950,13.0,60808.8,11.540,131,82,165
2026-07-22T22:18:42Z,-21.7270569,166.1785769,13.0,60820.2,11.500,131,82,165
2026-07-22T22:18:43Z,-21.7270950,166.1784909,13.0,60831.2,11.320,131,82,165
2026-07-22T22:18:44Z,-21.7271540,166.1784049,13.0,60841.9,11.160,131,82,165
2026-07-22T22:18:45Z,-21.7272250,166.1783299,13.2,60852.6,11.020,131,82,164
2026-07-22T22:18:46Z,-21.7272999,166.1782770,13.6,60863.3,10.900,132,83,165
2026-07-22T22:18:47Z,-21.7273680,166.1782120,14.0,60873.1,10.580,132,83,164
2026-07-22T22:18:48Z,-21.7274329,166.1781480,14.4,60882.6,10.280,132,83,164
2026-07-22T22:18:49Z,-21.7274940,166.1780940,14.6,60891.8,9.980,132,83,165
2026-07-22T22:18:50Z,-21.7275360,166.1780080,14.8,60900.7,9.620,132,84,164
2026-07-22T22:18:51Z,-21.7275360,166.1779330,15.0,60909.3,9.200,133,83,164
2026-07-22T22:18:52Z,-21.7274970,166.1778579,15.4,60917.6,8.900,132,83,165
2026-07-22T22:18:53Z,-21.7274459,166.1778149,15.4,60925.7,8.620,133,83,164
2026-07-22T22:18:54Z,-21.7273879,166.1777719,15.6,60933.6,8.360,133,83,165
2026-07-22T22:18:55Z,-21.7273250,166.1777190,15.8,60941.7,8.200,133,82,164
2026-07-22T22:18:56Z,-21.7272690,166.1776760,15.8,60949.3,8.000,132,82,164
2026-07-22T22:18:57Z,-21.7272269,166.1776109,16.0,60957.2,7.920,132,82,164
2026-07-22T22:18:58Z,-21.7272190,166.1775580,16.2,60964.8,7.820,132,82,165
2026-07-22T22:18:59Z,-21.7272330,166.1774829,16.4,60972.2,7.720,131,83,164
2026-07-22T22:19:00Z,-21.7272700,166.1774180,16.6,60979.6,7.580,132,83,165
2026-07-22T22:19:01Z,-21.7273279,166.1773860,16.6,60986.9,7.520,131,83,164
2026-07-22T22:19:02Z,-21.7273950,166.1773750,16.6,60994.3,7.420,131,84,164
2026-07-22T22:19:03Z,-21.7274609,166.1773750,16.6,61001.8,7.400,131,84,165
2026-07-22T22:19:04Z,-21.7275280,166.1773539,16.6,61009.2,7.400,131,84,164
2026-07-22T22:19:05Z,-21.7276000,166.1773539,16.6,61017.2,7.520,131,84,164
2026-07-22T22:19:06Z,-21.7276710,166.1773539,16.4,61025.1,7.640,130,84,164
2026-07-22T22:19:07Z,-21.7277420,166.1773430,16.4,61033.1,7.760,130,84,165
2026-07-22T22:19:08Z,-21.7278160,166.1773109,16.4,61041.5,7.940,130,84,165
2026-07-22T22:19:09Z,-21.7278850,166.1773000,16.6,61049.5,8.060,130,85,165
2026-07-22T22:19:10Z,-21.7279560,166.1772679,16.6,61058.1,8.180,130,85,165
2026-07-22T22:19:11Z,-21.7280069,166.1772040,16.8,61066.4,8.260,130,85,164
2026-07-22T22:19:12Z,-21.7280199,166.1771290,17.0,61074.5,8.280,130,85,164
2026-07-22T22:19:13Z,-21.7280089,166.1770529,17.2,61082.1,8.119,130,86,165
2026-07-22T22:19:14Z,-21.7279890,166.1769779,17.4,61090.4,8.180,130,86,165
2026-07-22T22:19:15Z,-21.7279700,166.1769030,17.6,61097.9,7.960,130,86,165
2026-07-22T22:19:16Z,-21.7279560,166.1768390,17.8,61105.6,7.840,130,87,165
2026-07-22T22:19:17Z,-21.7279440,166.1767639,18.0,61113.1,7.720,130,87,165
2026-07-22T22:19:18Z,-21.7279369,166.1766889,18.2,61120.4,7.660,130,87,164
2026-07-22T22:19:19Z,-21.7279229,166.1766240,18.4,61127.9,7.500,129,87,165
2026-07-22T22:19:20Z,-21.7278929,166.1765599,18.6,61134.9,7.400,129,87,164
2026-07-22T22:19:21Z,-21.7278479,166.1765169,18.6,61141.8,7.240,129,87,164
2026-07-22T22:19:22Z,-21.7277889,166.1764850,18.8,61148.9,7.160,130,87,164
2026-07-22T22:19:23Z,-21.7277290,166.1765059,18.8,61156.0,7.120,130,88,165
2026-07-22T22:19:24Z,-21.7276660,166.1765280,18.8,61163.5,7.120,130,88,165
2026-07-22T22:19:25Z,-21.7276039,166.1765489,18.8,61170.8,7.180,130,89,165
2026-07-22T22:19:26Z,-21.7275410,166.1765810,18.6,61178.4,7.320,131,89,164
2026-07-22T22:19:27Z,-21.7274719,166.1765919,18.6,61186.3,7.480,131,89,165
2026-07-22T22:19:28Z,-21.7273999,166.1765810,18.8,61194.4,7.680,131,90,164
2026-07-22T22:19:29Z,-21.7273390,166.1765280,18.8,61202.3,7.760,132,89,164
2026-07-22T22:19:30Z,-21.7272970,166.1764850,19.0,61210.0,7.840,132,89,164
2026-07-22T22:19:31Z,-21.7272780,166.1764100,19.2,61217.9,7.900,132,89,165
2026-07-22T22:19:32Z,-21.7272780,166.1763350,19.4,61225.6,7.860,132,88,164
2026-07-22T22:19:33Z,-21.7272859,166.1762599,19.6,61233.0,7.720,132,88,164
2026-07-22T22:19:34Z,-21.7272970,166.1761950,19.8,61240.2,7.580,132,87,165
2026-07-22T22:19:35Z,-21.7273090,166.1761200,20.0,61247.4,7.480,133,87,164
2026-07-22T22:19:36Z,-21.7273149,166.1760559,20.0,61254.4,7.300,133,86,164
2026-07-22T22:19:37Z,-21.7273159,166.1759810,20.2,61261.5,7.180,133,86,164
2026-07-22T22:19:38Z,-21.7273090,166.1759269,20.2,61268.8,7.160,133,85,164
2026-07-22T22:19:39Z,-21.7272859,166.1758409,20.0,61276.4,7.240,133,84,164
2026-07-22T22:19:40Z,-21.7272370,166.1757979,19.8,61284.1,7.340,133,84,164
2026-07-22T22:19:41Z,-21.7271670,166.1757660,19.8,61291.9,7.500,134,84,165
2026-07-22T22:19:42Z,-21.7270930,166.1757660,19.8,61300.2,7.740,134,84,165
2026-07-22T22:19:43Z,-21.7270220,166.1757869,20.0,61308.2,7.880,134,85,165
2026-07-22T22:19:44Z,-21.7269520,166.1758200,20.0,61316.1,7.940,133,85,164
2026-07-22T22:19:45Z,-21.7268839,166.1758299,20.2,61324.2,8.020,133,85,165
2026-07-22T22:19:46Z,-21.7268139,166.1758409,20.2,61331.9,8.000,133,86,164
2026-07-22T22:19:47Z,-21.7267450,166.1758729,20.4,61340.0,7.960,133,86,165
2026-07-22T22:19:48Z,-21.7266780,166.1758950,20.4,61347.7,7.900,133,86,164
2026-07-22T22:19:49Z,-21.7266060,166.1758729,20.4,61355.6,7.900,133,86,165
2026-07-22T22:19:50Z,-21.7265419,166.1758409,20.4,61363.5,7.860,132,86,164
2026-07-22T22:19:51Z,-21.7264939,166.1757869,20.2,61372.0,8.020,132,86,164
2026-07-22T22:19:52Z,-21.7264669,166.1757119,20.0,61380.2,8.039,132,86,164
2026-07-22T22:19:53Z,-21.7264659,166.1756370,19.8,61389.0,8.260,132,87,164
2026-07-22T22:19:54Z,-21.7264910,166.1755409,19.4,61398.0,8.480,132,87,165
2026-07-22T22:19:55Z,-21.7265500,166.1754760,19.2,61407.5,8.800,132,87,165
2026-07-22T22:19:56Z,-21.7266269,166.1754330,18.8,61417.1,9.020,132,87,164
2026-07-22T22:19:57Z,-21.7267119,166.1754010,18.6,61427.0,9.360,132,87,165
2026-07-22T22:19:58Z,-21.7267979,166.1753900,18.4,61437.0,9.600,132,86,165
2026-07-22T22:19:59Z,-21.7268839,166.1753480,18.2,61447.1,9.820,132,86,164
2026-07-22T22:20:00Z,-21.7269660,166.1752939,18.0,61457.4,9.980,132,87,164
2026-07-22T22:20:01Z,-21.7270439,166.1752509,17.8,61467.7,10.120,132,87,165
2026-07-22T22:20:02Z,-21.7271119,166.1751760,17.4,61478.5,10.300,132,88,164
2026-07-22T22:20:03Z,-21.7271480,166.1750789,17.0,61489.4,10.480,132,88,164
2026-07-22T22:20:04Z,-21.7271240,166.1749720,16.4,61500.5,10.680,132,88,164
2026-07-22T22:20:05Z,-21.7270480,166.1748970,16.2,61511.8,10.880,132,88,165
2026-07-22T22:20:06Z,-21.7269520,166.1748540,16.0,61523.4,11.140,132,88,164
2026-07-22T22:20:07Z,-21.7268640,166.1748110,15.8,61534.8,11.260,132,88,164
2026-07-22T22:20:08Z,-21.7268259,166.1747039,15.4,61546.5,11.420,133,88,164
2026-07-22T22:20:09Z,-21.7268630,166.1745970,15.0,61558.3,11.560,132,87,164
2026-07-22T22:20:10Z,-21.7269439,166.1745319,14.8,61570.1,11.660,132,87,164
2026-07-22T22:20:11Z,-21.7270490,166.1745209,14.6,61581.9,11.700,132,87,164
2026-07-22T22:20:12Z,-21.7271510,166.1745540,14.6,61593.6,11.760,132,86,165
2026-07-22T22:20:13Z,-21.7272390,166.1746069,14.8,61605.1,11.720,132,86,165
2026-07-22T22:20:14Z,-21.7273329,166.1746390,15.0,61616.2,11.580,132,87,164
2026-07-22T22:20:15Z,-21.7274309,166.1746609,15.0,61627.2,11.420,132,87,164
2026-07-22T22:20:16Z,-21.7275210,166.1746290,14.8,61638.1,11.240,132,86,164
2026-07-22T22:20:17Z,-21.7275720,166.1745319,14.4,61649.1,11.100,131,85,164
2026-07-22T22:20:18Z,-21.7275710,166.1744250,13.8,61660.4,11.060,131,83,164
2026-07-22T22:20:19Z,-21.7275049,166.1743390,13.6,61672.0,11.160,131,83,165
2026-07-22T22:20:20Z,-21.7274370,166.1742420,13.2,61683.6,11.280,131,83,164
2026-07-22T22:20:21Z,-21.7274179,166.1741350,13.0,61695.3,11.440,131,82,164
2026-07-22T22:20:22Z,-21.7274630,166.1740490,12.8,61707.1,11.600,131,82,165
2026-07-22T22:20:23Z,-21.7275510,166.1739849,12.6,61718.9,11.700,131,81,164
2026-07-22T22:20:24Z,-21.7276540,166.1739530,12.4,61730.6,11.720,131,81,164
2026-07-22T22:20:25Z,-21.7277580,166.1739530,12.4,61742.3,11.740,132,80,164
2026-07-22T22:20:26Z,-21.7278599,166.1739849,12.6,61753.7,11.680,132,80,164
2026-07-22T22:20:27Z,-21.7279570,166.1739739,13.0,61764.7,11.520,132,80,164
2026-07-22T22:20:28Z,-21.7280240,166.1739100,13.0,61775.4,11.300,133,80,165
2026-07-22T22:20:29Z,-21.7280240,166.1738029,13.0,61785.9,11.060,133,79,165
2026-07-22T22:20:30Z,-21.7279860,166.1737060,13.0,61796.4,10.820,133,79,164
2026-07-22T22:20:31Z,-21.7279380,166.1736200,13.2,61806.7,10.600,133,79,165
2026-07-22T22:20:32Z,-21.7279020,166.1735450,13.6,61816.7,10.400,133,79,164
2026-07-22T22:20:33Z,-21.7279010,166.1734379,13.6,61826.4,10.200,133,79,165
2026-07-22T22:20:34Z,-21.7279420,166.1733630,14.0,61835.9,10.000,133,79,165
2026-07-22T22:20:35Z,-21.7280089,166.1733089,14.2,61845.0,9.720,133,79,165
2026-07-22T22:20:36Z,-21.7280880,166.1732979,14.6,61853.9,9.440,134,79,164
2026-07-22T22:20:37Z,-21.7281649,166.1733089,14.8,61862.5,9.160,133,80,165
2026-07-22T22:20:38Z,-21.7282359,166.1733409,15.0,61870.6,8.840,133,80,165
2026-07-22T22:20:39Z,-21.7283099,166.1733409,15.2,61878.8,8.580,134,82,165
2026-07-22T22:20:40Z,-21.7283809,166.1733310,15.6,61886.7,8.340,134,83,165
2026-07-22T22:20:41Z,-21.7284480,166.1733089,15.8,61894.1,8.039,134,83,164
2026-07-22T22:20:42Z,-21.7285119,166.1732979,16.0,61901.5,7.800,134,82,164
2026-07-22T22:20:43Z,-21.7285699,166.1732659,16.4,61908.7,7.620,134,81,165
2026-07-22T22:20:44Z,-21.7286060,166.1732229,16.6,61915.3,7.300,134,81,164
2026-07-22T22:20:45Z,-21.7286170,166.1731480,16.8,61922.1,7.080,134,82,165
2026-07-22T22:20:46Z,-21.7286150,166.1730839,17.0,61928.7,6.920,135,83,164
2026-07-22T22:20:47Z,-21.7286070,166.1730190,17.0,61935.2,6.740,135,83,164
2026-07-22T22:20:48Z,-21.7285939,166.1729659,17.2,61942.1,6.680,135,82,164
2026-07-22T22:20:49Z,-21.7285710,166.1729010,17.2,61948.9,6.720,135,82,164
2026-07-22T22:20:50Z,-21.7285389,166.1728369,17.2,61955.9,6.760,135,82,165
2026-07-22T22:20:51Z,-21.7285180,166.1727830,17.2,61963.0,6.860,135,82,164
2026-07-22T22:20:52Z,-21.7285200,166.1727189,17.4,61970.0,6.960,135,81,164
2026-07-22T22:20:53Z,-21.7285440,166.1726440,17.6,61977.1,7.000,135,82,165
2026-07-22T22:20:54Z,-21.7285900,166.1726010,17.8,61984.0,7.020,135,82,165
2026-07-22T22:20:55Z,-21.7286500,166.1726010,18.0,61990.8,6.980,135,81,164
2026-07-22T22:20:56Z,-21.7287070,166.1726010,18.2,61997.4,6.880,135,80,164
2026-07-22T22:20:57Z,-21.7287640,166.1726219,18.2,62004.1,6.820,135,80,165
2026-07-22T22:20:58Z,-21.7288180,166.1726440,18.4,62010.5,6.680,135,80,165
2026-07-22T22:20:59Z,-21.7288699,166.1726759,18.6,62017.3,6.660,135,81,165
2026-07-22T22:21:00Z,-21.7289239,166.1727079,18.6,62023.9,6.620,134,81,164
2026-07-22T22:21:01Z,-21.7289760,166.1727300,18.8,62030.4,6.600,134,81,164
2026-07-22T22:21:02Z,-21.7290259,166.1727619,18.8,62036.8,6.540,134,81,164
2026-07-22T22:21:03Z,-21.7290790,166.1728049,19.0,62043.6,6.620,134,81,164
2026-07-22T22:21:04Z,-21.7291259,166.1728369,19.0,62050.1,6.560,133,80,164
2026-07-22T22:21:05Z,-21.7291750,166.1728910,19.2,62056.7,6.560,133,80,165
2026-07-22T22:21:06Z,-21.7292139,166.1729340,19.2,62063.3,6.580,133,80,165
2026-07-22T22:21:07Z,-21.7292510,166.1729760,19.2,62070.2,6.680,133,81,164
2026-07-22T22:21:08Z,-21.7292849,166.1730410,19.2,62077.1,6.700,133,81,164
2026-07-22T22:21:09Z,-21.7293289,166.1730839,19.2,62084.4,6.860,133,80,165
2026-07-22T22:21:10Z,-21.7293760,166.1731269,19.4,62091.3,6.920,133,80,166
2026-07-22T22:21:11Z,-21.7294319,166.1731590,19.6,62098.3,7.000,133,81,165
2026-07-22T22:21:12Z,-21.7294950,166.1731799,19.8,62105.5,7.060,133,83,165
2026-07-22T22:21:13Z,-21.7295560,166.1731799,20.0,62112.3,7.040,133,83,164
2026-07-22T22:21:14Z,-21.7296090,166.1731480,20.2,62118.9,6.900,133,82,164
2026-07-22T22:21:15Z,-21.7296530,166.1731160,20.4,62125.1,6.760,133,82,165
2026-07-22T22:21:16Z,-21.7296869,166.1730730,20.8,62131.2,6.580,133,82,164
2026-07-22T22:21:17Z,-21.7297140,166.1730089,21.0,62137.3,6.360,133,81,164
2026-07-22T22:21:18Z,-21.7297349,166.1729659,21.0,62143.0,6.140,133,81,164
2026-07-22T22:21:19Z,-21.7297550,166.1729120,21.2,62148.6,5.940,133,82,164
2026-07-22T22:21:20Z,-21.7297810,166.1728580,21.4,62154.4,5.860,133,82,164
2026-07-22T22:21:21Z,-21.7298090,166.1728260,21.6,62160.1,5.780,133,81,165
2026-07-22T22:21:22Z,-21.7298400,166.1727830,21.8,62165.6,5.660,134,81,164
2026-07-22T22:21:23Z,-21.7298710,166.1727300,22.0,62171.0,5.600,134,81,164
2026-07-22T22:21:24Z,-21.7299029,166.1726870,22.2,62176.6,5.600,134,81,165
2026-07-22T22:21:25Z,-21.7299339,166.1726550,22.4,62181.6,5.440,134,82,164
2026-07-22T22:21:26Z,-21.7299629,166.1726120,22.6,62187.0,5.380,134,81,164
2026-07-22T22:21:27Z,-21.7299929,166.1725799,22.8,62191.8,5.240,133,81,164
2026-07-22T22:21:28Z,-21.7300240,166.1725469,23.0,62196.9,5.180,133,80,164
2026-07-22T22:21:29Z,-21.7300489,166.1725039,23.2,62202.0,5.080,134,80,165
2026-07-22T22:21:30Z,-21.7300749,166.1724720,23.2,62206.5,4.980,134,80,164
2026-07-22T22:21:31Z,-21.7300960,166.1724290,23.4,62211.4,4.880,134,79,164
2026-07-22T22:21:32Z,-21.7301160,166.1723860,23.6,62216.3,4.900,133,79,164
2026-07-22T22:21:33Z,-21.7301319,166.1723329,23.8,62221.1,4.840,133,79,164
2026-07-22T22:21:34Z,-21.7301469,166.1723110,23.8,62225.9,4.780,133,79,164
2026-07-22T22:21:35Z,-21.7301659,166.1722580,24.0,62230.8,4.860,133,79,166
2026-07-22T22:21:36Z,-21.7301890,166.1722150,24.2,62235.4,4.800,133,80,165
2026-07-22T22:21:37Z,-21.7302209,166.1721830,24.4,62240.3,4.800,133,81,165
2026-07-22T22:21:38Z,-21.7302570,166.1721720,24.4,62245.1,4.800,133,81,164
2026-07-22T22:21:39Z,-21.7302970,166.1721500,24.6,62249.7,4.760,133,80,164
2026-07-22T22:21:40Z,-21.7303410,166.1721500,24.8,62254.6,4.760,132,80,165
2026-07-22T22:21:41Z,-21.7303819,166.1721500,24.8,62259.2,4.760,132,81,165
2026-07-22T22:21:42Z,-21.7304260,166.1721830,25.0,62264.3,4.800,132,81,165
2026-07-22T22:21:43Z,-21.7304639,166.1722039,25.0,62269.1,4.800,132,82,165
2026-07-22T22:21:44Z,-21.7305050,166.1722250,25.0,62274.5,4.960,132,83,164
2026-07-22T22:21:45Z,-21.7305450,166.1722469,25.2,62279.6,5.000,132,82,164
2026-07-22T22:21:46Z,-21.7305860,166.1722790,25.2,62285.1,5.180,132,82,164
2026-07-22T22:21:47Z,-21.7306239,166.1723220,25.0,62290.8,5.300,132,81,164
2026-07-22T22:21:48Z,-21.7306610,166.1723650,25.0,62296.9,5.560,132,80,165
2026-07-22T22:21:49Z,-21.7306979,166.1724079,24.6,62303.4,5.780,132,81,164
2026-07-22T22:21:50Z,-21.7307529,166.1724400,24.4,62310.4,6.160,132,81,165
2026-07-22T22:21:51Z,-21.7308200,166.1724400,24.2,62318.1,6.600,132,81,164
2026-07-22T22:21:52Z,-21.7308689,166.1723860,24.0,62325.8,7.000,132,82,164
2026-07-22T22:21:53Z,-21.7308979,166.1723110,23.8,62334.1,7.440,132,82,165
2026-07-22T22:21:54Z,-21.7309180,166.1722250,23.6,62342.4,7.800,132,81,164
2026-07-22T22:21:55Z,-21.7309330,166.1721500,23.2,62351.4,8.200,132,82,164
2026-07-22T22:21:56Z,-21.7309480,166.1720650,22.8,62360.6,8.500,132,82,165
2026-07-22T22:21:57Z,-21.7309610,166.1719680,22.4,62369.9,8.820,132,82,165
2026-07-22T22:21:58Z,-21.7309800,166.1718820,22.2,62379.7,9.120,132,82,164
2026-07-22T22:21:59Z,-21.7310160,166.1717859,22.0,62389.8,9.480,132,82,164
2026-07-22T22:22:00Z,-21.7310819,166.1717210,21.8,62399.9,9.700,132,81,164
2026-07-22T22:22:01Z,-21.7311689,166.1716999,21.6,62410.0,9.880,132,81,165
2026-07-22T22:22:02Z,-21.7312640,166.1716999,21.2,62420.7,10.160,132,82,165
2026-07-22T22:22:03Z,-21.7313579,166.1716999,20.8,62431.1,10.280,132,82,164
2026-07-22T22:22:04Z,-21.7314569,166.1716780,20.6,62442.4,10.520,133,81,164
2026-07-22T22:22:05Z,-21.7314879,166.1715709,20.2,62453.3,10.680,132,80,163
2026-07-22T22:22:06Z,-21.7314630,166.1714849,20.0,62464.2,10.840,132,78,163
2026-07-22T22:22:07Z,-21.7314380,166.1713780,19.8,62475.4,10.940,132,78,166
2026-07-22T22:22:08Z,-21.7314719,166.1712709,19.8,62487.1,11.200,132,80,166
2026-07-22T22:22:09Z,-21.7315579,166.1712279,19.4,62497.8,11.080,133,82,164
2026-07-22T22:22:10Z,-21.7316540,166.1712709,19.2,62509.2,11.180,133,82,164
2026-07-22T22:22:11Z,-21.7317090,166.1713559,19.0,62520.5,11.260,133,83,164
2026-07-22T22:22:12Z,-21.7317400,166.1714530,19.0,62531.7,11.260,133,82,165
2026-07-22T22:22:13Z,-21.7318019,166.1715390,18.6,62543.0,11.180,133,82,164
2026-07-22T22:22:14Z,-21.7318769,166.1716250,18.4,62554.6,11.360,134,81,165
2026-07-22T22:22:15Z,-21.7319629,166.1716780,18.0,62566.4,11.440,133,80,165
2026-07-22T22:22:16Z,-21.7320530,166.1716350,17.6,62578.1,11.520,134,80,164
2026-07-22T22:22:17Z,-21.7320929,166.1715279,17.2,62589.8,11.620,134,80,165
2026-07-22T22:22:18Z,-21.7321400,166.1714210,16.8,62602.0,11.800,134,80,165
2026-07-22T22:22:19Z,-21.7322339,166.1713780,16.4,62614.0,11.880,134,80,165
2026-07-22T22:22:20Z,-21.7323369,166.1713890,16.2,62626.0,11.920,134,81,165
2026-07-22T22:22:21Z,-21.7323929,166.1714960,16.0,62638.1,12.000,134,82,164
2026-07-22T22:22:22Z,-21.7324189,166.1716030,15.8,62650.6,12.160,134,82,164
2026-07-22T22:22:23Z,-21.7324680,166.1717100,15.6,62662.6,12.120,134,82,165
2026-07-22T22:22:24Z,-21.7325690,166.1717429,15.2,62674.6,12.120,134,82,165
2026-07-22T22:22:25Z,-21.7326499,166.1716460,14.8,62687.0,12.200,134,82,165
2026-07-22T22:22:26Z,-21.7326870,166.1715390,14.4,62699.3,12.240,134,82,165
2026-07-22T22:22:27Z,-21.7327410,166.1714530,14.2,62711.2,12.120,133,82,164
2026-07-22T22:22:28Z,-21.7328480,166.1714210,14.0,62723.8,12.240,133,82,164
2026-07-22T22:22:29Z,-21.7329470,166.1714640,13.6,62736.4,12.360,133,81,164
2026-07-22T22:22:30Z,-21.7329939,166.1715709,13.4,62748.9,12.380,133,81,165
2026-07-22T22:22:31Z,-21.7330119,166.1716999,13.6,62761.3,12.400,133,81,165
2026-07-22T22:22:32Z,-21.7330239,166.1718070,13.6,62772.5,12.260,133,82,164
2026-07-22T22:22:33Z,-21.7330369,166.1719139,13.8,62784.3,12.100,133,82,164
2026-07-22T22:22:34Z,-21.7330500,166.1720319,14.0,62795.5,11.820,133,82,164
2026-07-22T22:22:35Z,-21.7330689,166.1721400,14.2,62806.8,11.580,133,82,165
2026-07-22T22:22:36Z,-21.7330969,166.1722250,14.6,62817.7,11.280,133,81,165
2026-07-22T22:22:37Z,-21.7331429,166.1723220,15.0,62828.0,11.100,133,81,165
2026-07-22T22:22:38Z,-21.7332249,166.1723540,15.4,62837.9,10.720,133,81,164
2026-07-22T22:22:39Z,-21.7333109,166.1723329,15.6,62847.3,10.360,133,81,165
2026-07-22T22:22:40Z,-21.7333869,166.1723220,16.0,62856.2,9.880,133,82,164
2026-07-22T22:22:41Z,-21.7334680,166.1723110,16.2,62865.1,9.480,133,81,164
2026-07-22T22:22:42Z,-21.7335429,166.1723110,16.4,62873.4,9.080,133,81,164
2026-07-22T22:22:43Z,-21.7336070,166.1723540,16.8,62881.8,8.780,133,81,164
2026-07-22T22:22:44Z,-21.7336470,166.1724079,17.0,62889.8,8.500,133,81,164
2026-07-22T22:22:45Z,-21.7336699,166.1724939,17.2,62897.4,8.240,133,82,165
2026-07-22T22:22:46Z,-21.7336900,166.1725469,17.4,62905.1,8.000,133,81,164
2026-07-22T22:22:47Z,-21.7337240,166.1726120,17.4,62912.5,7.820,133,81,165
2026-07-22T22:22:48Z,-21.7337729,166.1726550,17.4,62919.9,7.620,133,80,165
2026-07-22T22:22:49Z,-21.7338380,166.1726759,17.6,62927.4,7.520,133,81,165
2026-07-22T22:22:50Z,-21.7339009,166.1726550,18.0,62934.8,7.480,134,83,165
2026-07-22T22:22:51Z,-21.7339410,166.1726010,18.2,62941.8,7.340,134,82,164
2026-07-22T22:22:52Z,-21.7339599,166.1725369,18.4,62948.4,7.180,133,82,164
2026-07-22T22:22:53Z,-21.7339729,166.1724720,18.6,62955.0,7.020,133,82,164
2026-07-22T22:22:54Z,-21.7340009,166.1724290,18.8,62961.4,6.800,133,81,164
2026-07-22T22:22:55Z,-21.7340500,166.1723860,19.0,62967.9,6.620,133,81,165
2026-07-22T22:22:56Z,-21.7341049,166.1723860,19.0,62974.1,6.460,133,80,165
2026-07-22T22:22:57Z,-21.7341599,166.1723970,19.2,62980.6,6.440,133,80,165
2026-07-22T22:22:58Z,-21.7341980,166.1724400,19.4,62986.7,6.340,133,80,165
2026-07-22T22:22:59Z,-21.7342270,166.1724939,19.6,62992.8,6.280,133,80,165
2026-07-22T22:23:00Z,-21.7342530,166.1725369,19.8,62998.6,6.140,134,81,165
2026-07-22T22:23:01Z,-21.7342779,166.1726010,20.0,63004.4,6.060,134,81,164
2026-07-22T22:23:02Z,-21.7343020,166.1726440,20.2,63010.1,5.900,134,81,165
2026-07-22T22:23:03Z,-21.7343260,166.1726870,20.4,63015.6,5.780,134,81,165
2026-07-22T22:23:04Z,-21.7343469,166.1727300,20.6,63021.0,5.640,134,82,164
2026-07-22T22:23:05Z,-21.7343700,166.1727830,20.8,63026.1,5.500,134,83,165
2026-07-22T22:23:06Z,-21.7343939,166.1728260,21.0,63031.4,5.400,134,83,164
2026-07-22T22:23:07Z,-21.7344240,166.1728580,21.2,63036.4,5.260,134,82,164
2026-07-22T22:23:08Z,-21.7344560,166.1728910,21.4,63041.5,5.180,134,82,164
2026-07-22T22:23:09Z,-21.7344939,166.1729120,21.6,63046.4,5.080,134,82,164
2026-07-22T22:23:10Z,-21.7345379,166.1729340,21.8,63051.4,5.060,134,82,165
2026-07-22T22:23:11Z,-21.7345789,166.1729120,21.8,63056.3,4.980,134,82,164
2026-07-22T22:23:12Z,-21.7346239,166.1729010,22.0,63061.2,4.960,134,81,164
2026-07-22T22:23:13Z,-21.7346639,166.1728910,22.2,63066.1,4.920,134,81,165
2026-07-22T22:23:14Z,-21.7347000,166.1728580,22.4,63070.9,4.900,134,82,164
2026-07-22T22:23:15Z,-21.7347339,166.1728369,22.6,63075.6,4.840,134,82,164
2026-07-22T22:23:16Z,-21.7347669,166.1728049,22.8,63080.2,4.780,134,82,165
2026-07-22T22:23:17Z,-21.7347990,166.1727830,23.0,63084.8,4.720,134,82,165
2026-07-22T22:23:18Z,-21.7348300,166.1727509,23.2,63089.2,4.620,134,82,165
2026-07-22T22:23:19Z,-21.7348600,166.1727189,23.2,63093.7,4.560,134,84,164
2026-07-22T22:23:20Z,-21.7348920,166.1727079,23.4,63098.2,4.520,134,83,164
2026-07-22T22:23:21Z,-21.7349229,166.1726759,23.6,63102.7,4.500,135,82,165
2026-07-22T22:23:22Z,-21.7349549,166.1726440,23.8,63107.2,4.480,135,82,165
2026-07-22T22:23:23Z,-21.7349880,166.1726120,23.8,63111.7,4.500,135,82,165
2026-07-22T22:23:24Z,-21.7350219,166.1726010,24.0,63116.2,4.500,135,83,165
2026-07-22T22:23:25Z,-21.7350570,166.1725690,24.0,63120.8,4.520,134,84,164
2026-07-22T22:23:26Z,-21.7350900,166.1725369,24.2,63125.5,4.560,135,83,164
2026-07-22T22:23:27Z,-21.7351269,166.1725150,24.4,63130.2,4.600,134,84,164
2026-07-22T22:23:28Z,-21.7351630,166.1724939,24.4,63135.0,4.660,133,84,164
2026-07-22T22:23:29Z,-21.7352020,166.1724720,24.6,63140.0,4.760,133,84,165
2026-07-22T22:23:30Z,-21.7352419,166.1724400,24.6,63145.0,4.840,133,84,165
2026-07-22T22:23:31Z,-21.7352819,166.1724079,24.6,63150.2,4.940,133,83,164
2026-07-22T22:23:32Z,-21.7353279,166.1723970,24.6,63155.7,5.100,133,84,164
2026-07-22T22:23:33Z,-21.7353790,166.1723860,24.4,63161.6,5.320,133,83,164
2026-07-22T22:23:34Z,-21.7354360,166.1723970,24.4,63167.8,5.560,132,83,164
2026-07-22T22:23:35Z,-21.7354869,166.1724079,24.2,63174.3,5.860,132,83,165
2026-07-22T22:23:36Z,-21.7355289,166.1724720,24.0,63181.2,6.200,132,83,165
2026-07-22T22:23:37Z,-21.7355490,166.1725369,23.8,63188.4,6.540,132,83,164
2026-07-22T22:23:38Z,-21.7355490,166.1726120,23.8,63196.0,6.880,132,82,164
2026-07-22T22:23:39Z,-21.7355419,166.1726870,23.6,63203.8,7.200,132,82,165
2026-07-22T22:23:40Z,-21.7355330,166.1727619,23.4,63211.6,7.460,132,82,165
2026-07-22T22:23:41Z,-21.7355230,166.1728369,23.4,63219.8,7.720,132,83,165
2026-07-22T22:23:42Z,-21.7355129,166.1729120,23.2,63228.2,7.960,132,83,165
2026-07-22T22:23:43Z,-21.7354969,166.1729980,23.0,63237.0,8.200,131,83,164
2026-07-22T22:23:44Z,-21.7354869,166.1730839,23.0,63245.8,8.400,132,84,164
2026-07-22T22:23:45Z,-21.7355139,166.1731590,22.6,63254.7,8.620,132,84,164
2026-07-22T22:23:46Z,-21.7355810,166.1732229,22.4,63264.1,8.860,132,83,164
2026-07-22T22:23:47Z,-21.7356620,166.1732340,22.2,63273.2,9.000,133,84,164
2026-07-22T22:23:48Z,-21.7357470,166.1732549,22.0,63282.9,9.180,133,83,164
2026-07-22T22:23:49Z,-21.7358250,166.1732979,21.8,63292.8,9.400,133,82,165
2026-07-22T22:23:50Z,-21.7358719,166.1733730,21.6,63302.7,9.600,133,82,165
2026-07-22T22:23:51Z,-21.7358960,166.1734809,21.4,63312.8,9.740,133,81,165
2026-07-22T22:23:52Z,-21.7359070,166.1735770,21.2,63323.0,9.960,133,82,165
2026-07-22T22:23:53Z,-21.7359190,166.1736849,20.8,63333.6,10.140,133,82,165
2026-07-22T22:23:54Z,-21.7359289,166.1737699,20.6,63343.9,10.220,133,82,164
2026-07-22T22:23:55Z,-21.7359550,166.1738780,20.4,63354.4,10.340,133,83,164
2026-07-22T22:23:56Z,-21.7360420,166.1738879,20.2,63365.5,10.540,133,82,164
2026-07-22T22:23:57Z,-21.7361240,166.1738459,20.2,63375.9,10.580,133,83,165
2026-07-22T22:23:58Z,-21.7362049,166.1737810,20.0,63386.7,10.620,133,84,165
2026-07-22T22:23:59Z,-21.7362870,166.1737380,20.0,63397.3,10.680,134,85,164
2026-07-22T22:24:00Z,-21.7363779,166.1737060,20.0,63408.0,10.720,134,85,164
2026-07-22T22:24:01Z,-21.7364700,166.1737380,19.8,63418.7,10.640,134,84,164
2026-07-22T22:24:02Z,-21.7365310,166.1738129,19.4,63429.4,10.700,134,85,164
2026-07-22T22:24:03Z,-21.7365590,166.1739210,19.2,63440.3,10.720,133,85,165
2026-07-22T22:24:04Z,-21.7365720,166.1740169,19.0,63451.0,10.740,134,85,164
2026-07-22T22:24:05Z,-21.7365830,166.1741350,18.8,63462.6,10.920,134,84,164
2026-07-22T22:24:06Z,-21.7365880,166.1742319,18.6,63473.5,10.960,134,84,165
2026-07-22T22:24:07Z,-21.7365980,166.1743500,18.4,63484.8,11.080,134,84,165
2026-07-22T22:24:08Z,-21.7366059,166.1744570,18.0,63496.2,11.180,134,84,165
2026-07-22T22:24:09Z,-21.7366120,166.1745639,17.8,63507.0,11.200,134,84,164
2026-07-22T22:24:10Z,-21.7366219,166.1746720,17.6,63518.6,11.200,134,84,165
2026-07-22T22:24:11Z,-21.7366300,166.1747789,17.4,63529.9,11.280,134,84,164
2026-07-22T22:24:12Z,-21.7366379,166.1748860,17.2,63541.3,11.300,134,83,164
2026-07-22T22:24:13Z,-21.7366450,166.1750040,17.0,63552.8,11.320,134,83,165
2026-07-22T22:24:14Z,-21.7366530,166.1751120,16.6,63564.1,11.420,134,84,165
2026-07-22T22:24:15Z,-21.7366609,166.1752190,16.4,63575.6,11.400,134,84,164
2026-07-22T22:24:16Z,-21.7366690,166.1753259,16.2,63587.4,11.500,134,82,164
2026-07-22T22:24:17Z,-21.7366779,166.1754549,16.0,63599.0,11.540,134,83,164
2026-07-22T22:24:18Z,-21.7366880,166.1755510,15.8,63611.2,11.680,134,83,164
2026-07-22T22:24:19Z,-21.7366939,166.1756800,15.4,63623.1,11.800,134,83,164
2026-07-22T22:24:20Z,-21.7367160,166.1757869,15.2,63634.7,11.820,134,83,165
2026-07-22T22:24:21Z,-21.7367610,166.1758729,15.0,63646.0,11.720,134,82,165
2026-07-22T22:24:22Z,-21.7368339,166.1759810,14.6,63658.7,11.940,134,84,164
2026-07-22T22:24:23Z,-21.7369130,166.1760559,14.2,63670.3,11.820,134,84,165
2026-07-22T22:24:24Z,-21.7369919,166.1761419,14.0,63682.3,11.840,133,84,164
2026-07-22T22:24:25Z,-21.7370710,166.1762169,13.8,63694.0,11.860,134,84,165
2026-07-22T22:24:26Z,-21.7371529,166.1762920,13.6,63706.2,12.040,134,83,165
2026-07-22T22:24:27Z,-21.7372330,166.1763670,13.6,63717.9,11.840,134,84,165
2026-07-22T22:24:28Z,-21.7373150,166.1764420,13.4,63730.4,12.020,133,84,165
2026-07-22T22:24:29Z,-21.7373930,166.1765169,13.2,63742.0,11.940,133,84,165
2026-07-22T22:24:30Z,-21.7374709,166.1765919,13.0,63753.4,11.880,133,85,165
2026-07-22T22:24:31Z,-21.7375510,166.1766670,13.0,63765.4,11.840,133,84,164
2026-07-22T22:24:32Z,-21.7376249,166.1767420,13.0,63776.6,11.740,133,84,165
2026-07-22T22:24:33Z,-21.7377050,166.1768280,13.0,63788.4,11.600,133,84,165
2026-07-22T22:24:34Z,-21.7377780,166.1768820,13.0,63799.4,11.480,133,84,164
2026-07-22T22:24:35Z,-21.7378579,166.1769570,13.0,63811.1,11.540,133,83,163
2026-07-22T22:24:36Z,-21.7379309,166.1770320,13.0,63821.8,11.280,133,83,164
2026-07-22T22:24:37Z,-21.7380129,166.1770860,13.0,63832.0,11.080,133,82,164
2026-07-22T22:24:38Z,-21.7381149,166.1770959,13.0,63843.5,11.020,133,81,164
2026-07-22T22:24:39Z,-21.7382029,166.1770639,13.0,63853.7,10.860,133,82,164
2026-07-22T22:24:40Z,-21.7382749,166.1770110,13.0,63864.3,10.640,133,82,164
2026-07-22T22:24:41Z,-21.7383280,166.1769140,13.0,63875.1,10.660,133,82,164
2026-07-22T22:24:42Z,-21.7383640,166.1768280,13.0,63885.5,10.700,133,82,164
2026-07-22T22:24:43Z,-21.7384039,166.1767319,13.0,63895.7,10.440,133,83,164
2026-07-22T22:24:44Z,-21.7384440,166.1766560,13.0,63905.5,10.360,133,82,141
2026-07-22T22:24:45Z,-21.7384820,166.1765489,13.0,63916.1,10.360,133,82,157
2026-07-22T22:24:46Z,-21.7385169,166.1764739,13.0,63925.9,10.160,132,81,165
2026-07-22T22:24:47Z,-21.7385499,166.1763780,13.0,63935.9,10.080,132,80,164
2026-07-22T22:24:48Z,-21.7385800,166.1762920,13.0,63945.8,10.020,133,80,164
2026-07-22T22:24:49Z,-21.7386120,166.1761950,13.0,63956.3,10.160,133,81,165
2026-07-22T22:24:50Z,-21.7386479,166.1761090,13.0,63965.9,9.960,133,80,165
2026-07-22T22:24:51Z,-21.7386840,166.1760340,13.0,63975.4,9.900,133,81,164
2026-07-22T22:24:52Z,-21.7387170,166.1759380,13.0,63985.6,9.940,134,81,165
2026-07-22T22:24:53Z,-21.7387479,166.1758409,13.0,63994.9,9.820,133,80,165
2026-07-22T22:24:54Z,-21.7387799,166.1757549,13.0,64005.2,9.780,133,82,165
2026-07-22T22:24:55Z,-21.7388110,166.1756590,13.0,64014.6,9.740,133,82,164
2026-07-22T22:24:56Z,-21.7388400,166.1755730,13.0,64024.6,9.840,133,82,165
2026-07-22T22:24:57Z,-21.7388659,166.1754979,13.0,64034.2,9.720,133,82,164
2026-07-22T22:24:58Z,-21.7388799,166.1754010,13.0,64043.4,9.700,133,81,164
2026-07-22T22:24:59Z,-21.7388870,166.1753150,13.0,64053.1,9.580,134,82,164
2026-07-22T22:25:00Z,-21.7388700,166.1752079,13.0,64063.4,9.760,134,81,164
2026-07-22T22:25:01Z,-21.7388369,166.1751330,13.0,64072.6,9.600,134,81,165
2026-07-22T22:25:02Z,-21.7387840,166.1750580,13.0,64082.5,9.660,134,81,164
2026-07-22T22:25:03Z,-21.7387290,166.1749939,13.0,64091.8,9.680,134,82,164
2026-07-22T22:25:04Z,-21.7386710,166.1749180,13.0,64101.6,9.700,134,83,164
2026-07-22T22:25:05Z,-21.7386120,166.1748430,13.0,64111.2,9.560,134,81,165
2026-07-22T22:25:06Z,-21.7385489,166.1747789,13.0,64121.0,9.680,133,82,165
2026-07-22T22:25:07Z,-21.7384909,166.1747150,13.0,64130.1,9.520,133,82,165
2026-07-22T22:25:08Z,-21.7384280,166.1746390,13.0,64140.1,9.660,133,81,164
2026-07-22T22:25:09Z,-21.7383720,166.1745749,13.0,64149.4,9.560,133,82,165
2026-07-22T22:25:10Z,-21.7383090,166.1745209,13.0,64159.3,9.620,133,81,164
2026-07-22T22:25:11Z,-21.7382500,166.1744459,13.0,64168.7,9.540,133,81,164
2026-07-22T22:25:12Z,-21.7381899,166.1743820,13.0,64178.3,9.640,132,81,164
2026-07-22T22:25:13Z,-21.7381279,166.1743070,13.0,64188.2,9.620,132,81,141
2026-07-22T22:25:14Z,-21.7380680,166.1742420,13.0,64197.7,9.660,133,81,142
2026-07-22T22:25:15Z,-21.7380090,166.1741780,13.0,64207.1,9.560,133,79,166
2026-07-22T22:25:16Z,-21.7379480,166.1741029,13.0,64216.7,9.600,133,80,165
2026-07-22T22:25:17Z,-21.7378869,166.1740490,13.0,64226.5,9.640,133,82,165
2026-07-22T22:25:18Z,-21.7378279,166.1739739,13.0,64236.1,9.580,133,83,165
2026-07-22T22:25:19Z,-21.7377689,166.1739100,13.0,64246.0,9.660,133,84,164
2026-07-22T22:25:20Z,-21.7377190,166.1738350,13.0,64255.0,9.580,133,85,164
2026-07-22T22:25:21Z,-21.7376750,166.1737600,13.0,64265.2,9.700,133,83,164
2026-07-22T22:25:22Z,-21.7376500,166.1736630,13.0,64274.4,9.580,133,83,164
2026-07-22T22:25:23Z,-21.7376409,166.1735770,13.0,64283.7,9.520,133,82,164
2026-07-22T22:25:24Z,-21.7376500,166.1734809,13.0,64293.5,9.500,133,81,164
2026-07-22T22:25:25Z,-21.7376729,166.1733949,13.0,64302.8,9.560,133,81,165
2026-07-22T22:25:26Z,-21.7377080,166.1733089,13.0,64312.0,9.360,133,82,165
2026-07-22T22:25:27Z,-21.7377500,166.1732340,13.0,64321.6,9.440,134,83,164
2026-07-22T22:25:28Z,-21.7377950,166.1731590,13.0,64330.7,9.400,134,83,164
2026-07-22T22:25:29Z,-21.7378439,166.1730839,13.0,64339.8,9.260,134,83,164
2026-07-22T22:25:30Z,-21.7378950,166.1730089,13.0,64349.4,9.320,134,82,164
2026-07-22T22:25:31Z,-21.7379439,166.1729440,13.0,64358.6,9.320,134,81,164
2026-07-22T22:25:32Z,-21.7379940,166.1728690,13.0,64367.9,9.260,134,79,164
2026-07-22T22:25:33Z,-21.7380449,166.1727939,13.0,64377.1,9.280,134,79,165
2026-07-22T22:25:34Z,-21.7380930,166.1727300,13.0,64386.1,9.260,134,80,165
2026-07-22T22:25:35Z,-21.7381429,166.1726550,13.0,64395.4,9.200,134,80,164
2026-07-22T22:25:36Z,-21.7381899,166.1725799,13.0,64404.4,9.160,134,80,164
2026-07-22T22:25:37Z,-21.7382380,166.1725150,13.0,64413.6,9.140,134,79,164
2026-07-22T22:25:38Z,-21.7382879,166.1724400,13.0,64422.8,9.140,133,80,165
2026-07-22T22:25:39Z,-21.7383360,166.1723650,13.0,64432.0,9.180,133,80,165
2026-07-22T22:25:40Z,-21.7383850,166.1722899,13.0,64441.3,9.180,133,81,164
2026-07-22T22:25:41Z,-21.7384319,166.1722250,13.0,64450.3,9.180,133,81,164
2026-07-22T22:25:42Z,-21.7384810,166.1721500,13.0,64459.2,9.120,133,82,165
2026-07-22T22:25:43Z,-21.7385300,166.1720970,13.0,64468.4,9.120,134,83,164
2026-07-22T22:25:44Z,-21.7385769,166.1720220,13.0,64477.4,9.080,134,83,164
2026-07-22T22:25:45Z,-21.7386250,166.1719360,13.0,64486.5,9.040,134,83,165
2026-07-22T22:25:46Z,-21.7386710,166.1718820,13.0,64495.4,9.020,134,83,164
2026-07-22T22:25:47Z,-21.7387209,166.1718070,13.0,64504.8,9.120,134,84,164
2026-07-22T22:25:48Z,-21.7387659,166.1717210,13.0,64513.9,9.100,134,85,165
2026-07-22T22:25:49Z,-21.7388120,166.1716460,13.0,64522.7,9.060,134,84,164
2026-07-22T22:25:50Z,-21.7388619,166.1715920,13.0,64532.0,9.100,134,83,164
2026-07-22T22:25:51Z,-21.7389069,166.1715170,13.0,64540.9,9.100,134,83,164
2026-07-22T22:25:52Z,-21.7389550,166.1714320,13.0,64549.9,9.020,134,83,164
2026-07-22T22:25:53Z,-21.7390010,166.1713559,13.0,64559.3,9.080,133,83,165
2026-07-22T22:25:54Z,-21.7390430,166.1712809,13.0,64568.5,9.160,133,84,164
2026-07-22T22:25:55Z,-21.7390830,166.1712060,13.0,64577.7,9.140,134,83,165
2026-07-22T22:25:56Z,-21.7391190,166.1711310,13.0,64586.8,9.180,134,83,164
2026-07-22T22:25:57Z,-21.7391539,166.1710559,13.0,64596.0,9.220,134,83,164
2026-07-22T22:25:58Z,-21.7391860,166.1709590,13.0,64605.3,9.200,134,83,165
2026-07-22T22:25:59Z,-21.7392140,166.1708840,13.0,64614.4,9.180,134,83,164
2026-07-22T22:26:00Z,-21.7392440,166.1708089,13.0,64623.5,9.160,135,83,165
2026-07-22T22:26:01Z,-21.7392720,166.1707229,13.0,64632.9,9.220,135,83,164
2026-07-22T22:26:02Z,-21.7393000,166.1706479,13.0,64641.8,9.160,135,84,164
2026-07-22T22:26:03Z,-21.7393269,166.1705519,13.0,64651.2,9.180,135,85,165
2026-07-22T22:26:04Z,-21.7393500,166.1704769,13.0,64660.1,9.140,135,86,164
2026-07-22T22:26:05Z,-21.7393669,166.1703799,13.0,64669.2,9.140,135,86,165
2026-07-22T22:26:06Z,-21.7393809,166.1702939,13.0,64678.1,9.040,135,86,164
2026-07-22T22:26:07Z,-21.7393910,166.1702189,13.0,64687.4,9.120,135,85,164
2026-07-22T22:26:08Z,-21.7394070,166.1701230,13.0,64697.0,9.160,135,85,165
2026-07-22T22:26:09Z,-21.7394180,166.1700370,13.0,64706.1,9.200,134,84,165
2026-07-22T22:26:10Z,-21.7394269,166.1699400,13.0,64715.3,9.220,134,85,165
2026-07-22T22:26:11Z,-21.7394350,166.1698540,13.0,64724.6,9.300,133,84,164
2026-07-22T22:26:12Z,-21.7394409,166.1697579,13.0,64733.9,9.300,133,84,165
2026-07-22T22:26:13Z,-21.7394450,166.1696830,13.0,64743.1,9.220,133,84,164
2026-07-22T22:26:14Z,-21.7394490,166.1695859,13.0,64752.5,9.280,133,84,164
2026-07-22T22:26:15Z,-21.7394529,166.1694999,13.0,64761.7,9.280,133,84,165
2026-07-22T22:26:16Z,-21.7394539,166.1694040,13.0,64771.0,9.280,132,83,164
2026-07-22T22:26:17Z,-21.7394570,166.1693180,13.0,64780.2,9.260,132,83,164
2026-07-22T22:26:18Z,-21.7394610,166.1692210,13.0,64789.9,9.360,133,83,164
2026-07-22T22:26:19Z,-21.7394610,166.1691360,13.0,64798.9,9.280,133,83,164
2026-07-22T22:26:20Z,-21.7394620,166.1690389,13.0,64808.5,9.360,133,83,164
2026-07-22T22:26:21Z,-21.7394650,166.1689640,13.0,64817.2,9.240,133,83,164
2026-07-22T22:26:22Z,-21.7394650,166.1688780,13.0,64826.8,9.320,133,83,164
2026-07-22T22:26:23Z,-21.7394650,166.1687819,13.0,64836.0,9.220,133,83,165
2026-07-22T22:26:24Z,-21.7394659,166.1686850,13.0,64845.0,9.220,133,83,165
2026-07-22T22:26:25Z,-21.7394650,166.1685990,13.0,64854.5,9.200,133,83,164
2026-07-22T22:26:26Z,-21.7394650,166.1685030,13.0,64863.5,9.260,133,83,164
2026-07-22T22:26:27Z,-21.7394620,166.1684270,13.0,64872.5,9.140,133,83,164
2026-07-22T22:26:28Z,-21.7394580,166.1683420,13.0,64881.9,9.180,133,83,164
2026-07-22T22:26:29Z,-21.7394539,166.1682450,13.0,64890.9,9.180,133,82,164
2026-07-22T22:26:30Z,-21.7394440,166.1681590,13.0,64899.9,9.080,133,81,164
2026-07-22T22:26:31Z,-21.7394220,166.1680840,13.0,64909.3,9.160,133,81,164
2026-07-22T22:26:32Z,-21.7393989,166.1679879,13.0,64918.1,9.120,133,81,92
2026-07-22T22:26:33Z,-21.7393750,166.1679120,13.0,64927.5,9.120,133,81,51
2026-07-22T22:26:34Z,-21.7393519,166.1678159,13.0,64936.4,9.100,132,65,154
2026-07-22T22:26:35Z,-21.7393229,166.1677410,13.0,64945.2,9.060,132,72,166
2026-07-22T22:26:36Z,-21.7392910,166.1676660,13.0,64954.0,8.940,132,74,165
2026-07-22T22:26:37Z,-21.7392539,166.1675910,13.0,64963.0,8.980,132,76,165
2026-07-22T22:26:38Z,-21.7392219,166.1675159,13.0,64971.9,8.880,132,76,164
2026-07-22T22:26:39Z,-21.7391870,166.1674190,13.0,64980.9,8.900,132,76,164
2026-07-22T22:26:40Z,-21.7391539,166.1673439,13.0,64990.0,8.960,131,76,164
2026-07-22T22:26:41Z,-21.7391190,166.1672689,13.0,64999.2,9.040,132,76,164
2026-07-22T22:26:42Z,-21.7390830,166.1671940,13.0,65008.5,9.100,132,76,164
2026-07-22T22:26:43Z,-21.7390509,166.1671190,13.0,65017.3,9.080,132,76,164
2026-07-22T22:26:44Z,-21.7390120,166.1670220,13.0,65026.7,9.160,132,76,164
2026-07-22T22:26:45Z,-21.7389740,166.1669470,13.0,65036.1,9.220,132,75,164
2026-07-22T22:26:46Z,-21.7389339,166.1668720,13.0,65045.2,9.200,132,75,165
2026-07-22T22:26:47Z,-21.7388919,166.1667969,13.0,65054.5,9.200,132,74,164
2026-07-22T22:26:48Z,-21.7388479,166.1667219,13.0,65063.5,9.240,132,74,165
2026-07-22T22:26:49Z,-21.7387970,166.1666570,13.0,65072.6,9.180,132,76,165
2026-07-22T22:26:50Z,-21.7387410,166.1665819,13.0,65081.7,9.120,132,76,164
2026-07-22T22:26:51Z,-21.7386789,166.1665280,13.0,65091.1,9.180,132,76,165
2026-07-22T22:26:52Z,-21.7386120,166.1664750,13.0,65100.4,9.180,132,76,165
2026-07-22T22:26:53Z,-21.7385410,166.1664209,13.0,65109.8,9.260,131,76,164
2026-07-22T22:26:54Z,-21.7384710,166.1663679,13.0,65119.1,9.300,132,76,164
2026-07-22T22:26:55Z,-21.7383970,166.1663250,13.0,65128.5,9.360,132,76,165
2026-07-22T22:26:56Z,-21.7383290,166.1662820,13.0,65137.9,9.360,132,75,165
2026-07-22T22:26:57Z,-21.7382609,166.1662170,13.0,65147.5,9.420,132,75,164
2026-07-22T22:26:58Z,-21.7381980,166.1661530,13.0,65157.1,9.460,132,76,165
2026-07-22T22:26:59Z,-21.7381469,166.1660779,13.0,65166.5,9.480,132,76,165
2026-07-22T22:27:00Z,-21.7381019,166.1660029,13.0,65176.0,9.500,132,76,165
2026-07-22T22:27:01Z,-21.7380780,166.1659169,13.0,65185.4,9.500,132,77,164
2026-07-22T22:27:02Z,-21.7380650,166.1658199,13.0,65194.9,9.480,133,76,164
2026-07-22T22:27:03Z,-21.7380540,166.1657349,13.0,65204.5,9.480,133,76,165
2026-07-22T22:27:04Z,-21.7380490,166.1656380,13.0,65214.1,9.520,133,76,164
2026-07-22T22:27:05Z,-21.7380449,166.1655410,13.0,65223.2,9.440,133,76,164
2026-07-22T22:27:06Z,-21.7380429,166.1654560,13.0,65232.6,9.440,133,75,163
2026-07-22T22:27:07Z,-21.7380429,166.1653589,13.0,65242.3,9.480,133,73,136
2026-07-22T22:27:08Z,-21.7380449,166.1652729,13.0,65251.7,9.440,132,73,138
2026-07-22T22:27:09Z,-21.7380469,166.1651770,13.0,65261.0,9.380,132,69,165
2026-07-22T22:27:10Z,-21.7380490,166.1651019,13.0,65270.2,9.400,132,68,166
2026-07-22T22:27:11Z,-21.7380510,166.1650159,13.0,65279.5,9.380,132,70,165
2026-07-22T22:27:12Z,-21.7380530,166.1649190,13.0,65289.1,9.360,132,71,165
2026-07-22T22:27:13Z,-21.7380530,166.1648330,13.0,65298.4,9.340,132,71,165
2026-07-22T22:27:14Z,-21.7380490,166.1647370,13.0,65307.6,9.320,132,72,164
2026-07-22T22:27:15Z,-21.7380419,166.1646509,13.0,65317.2,9.400,133,72,164
2026-07-22T22:27:16Z,-21.7380299,166.1645539,13.0,65326.6,9.420,133,71,164
2026-07-22T22:27:17Z,-21.7380169,166.1644689,13.0,65335.9,9.360,133,71,166
2026-07-22T22:27:18Z,-21.7380029,166.1643720,13.0,65345.7,9.460,133,72,165
2026-07-22T22:27:19Z,-21.7379989,166.1642750,13.0,65354.5,9.380,133,73,165
2026-07-22T22:27:20Z,-21.7380029,166.1641900,13.0,65364.2,9.400,134,75,165
2026-07-22T22:27:21Z,-21.7380090,166.1641140,13.0,65373.2,9.320,134,76,164
2026-07-22T22:27:22Z,-21.7380070,166.1640180,13.0,65382.5,9.320,134,76,165
2026-07-22T22:27:23Z,-21.7380029,166.1639319,13.0,65392.2,9.300,135,77,165
2026-07-22T22:27:24Z,-21.7379989,166.1638359,13.0,65401.4,9.380,135,77,164
2026-07-22T22:27:25Z,-21.7379989,166.1637499,13.0,65410.3,9.220,135,77,164
2026-07-22T22:27:26Z,-21.7380029,166.1636530,13.0,65419.4,9.240,135,76,164
2026-07-22T22:27:27Z,-21.7380110,166.1635670,13.0,65429.0,9.300,134,75,164
2026-07-22T22:27:28Z,-21.7380250,166.1634810,13.0,65437.9,9.140,134,75,164
2026-07-22T22:27:29Z,-21.7380490,166.1633960,13.0,65447.4,9.200,134,75,164
2026-07-22T22:27:30Z,-21.7380800,166.1633210,13.0,65456.5,9.240,134,75,165
2026-07-22T22:27:31Z,-21.7381149,166.1632449,13.0,65465.3,9.180,133,75,165
2026-07-22T22:27:32Z,-21.7381569,166.1631699,13.0,65474.6,9.120,132,75,165
2026-07-22T22:27:33Z,-21.7382070,166.1630950,13.0,65483.9,9.200,132,75,165
2026-07-22T22:27:34Z,-21.7382629,166.1630309,13.0,65492.8,9.080,132,75,164
2026-07-22T22:27:35Z,-21.7383250,166.1629660,13.0,65502.1,9.120,132,75,164
2026-07-22T22:27:36Z,-21.7383879,166.1629019,13.0,65511.2,9.180,131,75,164
2026-07-22T22:27:37Z,-21.7384510,166.1628589,13.0,65520.1,9.100,131,75,164
2026-07-22T22:27:38Z,-21.7385169,166.1627950,13.0,65529.3,9.080,131,76,165
2026-07-22T22:27:39Z,-21.7385759,166.1627409,13.0,65538.3,9.100,130,76,164
2026-07-22T22:27:40Z,-21.7386359,166.1626770,13.0,65547.4,9.060,130,76,165
2026-07-22T22:27:41Z,-21.7386980,166.1626119,13.0,65556.6,9.080,130,77,165
2026-07-22T22:27:42Z,-21.7387540,166.1625699,13.0,65565.2,9.020,130,77,165
2026-07-22T22:27:43Z,-21.7388170,166.1625050,13.0,65574.5,9.040,129,78,164
2026-07-22T22:27:44Z,-21.7388750,166.1624519,13.0,65583.3,9.000,129,79,165
2026-07-22T22:27:45Z,-21.7389369,166.1623870,13.0,65592.5,9.020,129,80,165
2026-07-22T22:27:46Z,-21.7389980,166.1623229,13.0,65601.6,9.000,129,81,164
2026-07-22T22:27:47Z,-21.7390600,166.1622689,13.0,65610.5,9.060,128,82,164
2026-07-22T22:27:48Z,-21.7391229,166.1622150,13.0,65619.7,9.040,128,82,164
2026-07-22T22:27:49Z,-21.7391829,166.1621620,13.0,65628.4,9.020,129,82,164
2026-07-22T22:27:50Z,-21.7392490,166.1621079,13.0,65637.7,9.040,128,82,164
2026-07-22T22:27:51Z,-21.7393119,166.1620550,13.0,65646.6,9.000,128,84,165
2026-07-22T22:27:52Z,-21.7393750,166.1620120,13.0,65655.5,9.000,128,84,165
2026-07-22T22:27:53Z,-21.7394379,166.1619470,13.0,65664.7,9.000,129,84,165
2026-07-22T22:27:54Z,-21.7394989,166.1618830,13.0,65673.6,9.040,128,84,164
2026-07-22T22:27:55Z,-21.7395519,166.1618189,13.0,65682.3,8.920,129,84,164
2026-07-22T22:27:56Z,-21.7396099,166.1617649,13.0,65691.7,9.020,129,84,165
2026-07-22T22:27:57Z,-21.7396620,166.1616899,13.0,65700.7,9.040,129,84,165
2026-07-22T22:27:58Z,-21.7397180,166.1616250,13.0,65709.5,8.960,129,84,164
2026-07-22T22:27:59Z,-21.7397829,166.1615609,13.0,65718.9,9.060,130,84,164
2026-07-22T22:28:00Z,-21.7398419,166.1615179,13.0,65727.9,9.120,130,83,164
2026-07-22T22:28:01Z,-21.7398950,166.1614430,13.0,65737.1,9.080,130,83,165
2026-07-22T22:28:02Z,-21.7399419,166.1613790,13.0,65746.1,9.080,130,83,164
2026-07-22T22:28:03Z,-21.7399910,166.1613039,13.0,65755.5,9.200,131,84,165
2026-07-22T22:28:04Z,-21.7400350,166.1612280,13.0,65764.5,9.120,131,84,164
2026-07-22T22:28:05Z,-21.7400810,166.1611530,13.0,65773.7,9.160,131,84,165
2026-07-22T22:28:06Z,-21.7401250,166.1610780,13.0,65782.8,9.140,131,85,164
2026-07-22T22:28:07Z,-21.7401739,166.1610139,13.0,65791.8,9.140,131,85,165
2026-07-22T22:28:08Z,-21.7402270,166.1609390,13.0,65801.1,9.120,131,86,164
2026-07-22T22:28:09Z,-21.7402859,166.1608739,13.0,65810.3,9.160,131,86,164
2026-07-22T22:28:10Z,-21.7403530,166.1608309,13.0,65819.4,9.140,131,86,164
2026-07-22T22:28:11Z,-21.7404210,166.1607890,13.0,65828.4,9.120,131,85,164
2026-07-22T22:28:12Z,-21.7404919,166.1607350,13.0,65837.4,9.120,131,85,165
2026-07-22T22:28:13Z,-21.7405650,166.1606920,13.0,65846.4,9.060,131,85,165
2026-07-22T22:28:14Z,-21.7406360,166.1606490,13.0,65855.4,9.020,131,85,165
2026-07-22T22:28:15Z,-21.7407080,166.1606060,13.0,65864.4,9.000,131,86,165
2026-07-22T22:28:16Z,-21.7407779,166.1605529,13.0,65873.4,9.000,131,86,165
2026-07-22T22:28:17Z,-21.7408489,166.1605310,13.0,65882.4,9.000,131,86,165
2026-07-22T22:28:18Z,-21.7409199,166.1604770,13.0,65891.4,9.000,131,86,165
2026-07-22T22:28:19Z,-21.7409860,166.1604239,13.0,65900.4,9.000,131,85,164
2026-07-22T22:28:20Z,-21.7410519,166.1603699,13.0,65909.4,9.000,131,85,165
2026-07-22T22:28:21Z,-21.7411069,166.1603160,13.0,65918.0,8.920,131,85,164
2026-07-22T22:28:22Z,-21.7411570,166.1602409,13.0,65927.3,8.980,131,85,165
2026-07-22T22:28:23Z,-21.7412020,166.1601770,13.0,65936.3,8.980,131,85,165
2026-07-22T22:28:24Z,-21.7412379,166.1600799,13.0,65945.3,8.980,131,85,164
2026-07-22T22:28:25Z,-21.7412730,166.1600050,13.0,65954.3,8.980,131,85,164
2026-07-22T22:28:26Z,-21.7413010,166.1599300,13.0,65963.3,9.060,131,85,165
2026-07-22T22:28:27Z,-21.7413280,166.1598550,13.0,65972.2,8.980,131,85,164
2026-07-22T22:28:28Z,-21.7413529,166.1597590,13.0,65981.2,8.980,131,85,164
2026-07-22T22:28:29Z,-21.7413630,166.1596730,13.0,65990.2,8.980,131,84,164
2026-07-22T22:28:30Z,-21.7413639,166.1595980,13.0,65999.1,8.960,132,84,164
2026-07-22T22:28:31Z,-21.7413730,166.1595010,13.0,66008.0,8.940,131,83,165
2026-07-22T22:28:32Z,-21.7413870,166.1594260,13.0,66017.0,8.960,131,83,164
2026-07-22T22:28:33Z,-21.7414000,166.1593400,13.0,66026.0,8.960,131,83,164
2026-07-22T22:28:34Z,-21.7414150,166.1592439,13.0,66035.2,9.000,131,83,164
2026-07-22T22:28:35Z,-21.7414350,166.1591680,13.0,66044.1,9.000,131,82,164
2026-07-22T22:28:36Z,-21.7414580,166.1590719,13.0,66053.1,9.020,131,82,165
2026-07-22T22:28:37Z,-21.7414850,166.1589970,13.0,66062.2,9.040,131,82,165
2026-07-22T22:28:38Z,-21.7415180,166.1589110,12.8,66071.4,9.080,131,82,164
2026-07-22T22:28:39Z,-21.7415610,166.1588360,12.8,66080.8,9.120,131,82,164
2026-07-22T22:28:40Z,-21.7416080,166.1587610,12.8,66090.1,9.200,130,83,165
2026-07-22T22:28:41Z,-21.7416620,166.1586960,12.8,66099.5,9.280,130,83,164
2026-07-22T22:28:42Z,-21.7417150,166.1586210,12.8,66108.8,9.320,130,82,164
2026-07-22T22:28:43Z,-21.7417689,166.1585569,12.6,66118.1,9.340,130,82,164
2026-07-22T22:28:44Z,-21.7418239,166.1584819,12.6,66127.4,9.320,131,83,164
2026-07-22T22:28:45Z,-21.7418750,166.1584170,12.6,66136.5,9.280,130,83,165
2026-07-22T22:28:46Z,-21.7419289,166.1583419,12.6,66145.8,9.260,130,83,164
2026-07-22T22:28:47Z,-21.7419820,166.1582890,12.6,66155.1,9.260,130,83,164
2026-07-22T22:28:48Z,-21.7420360,166.1582030,12.6,66164.3,9.240,130,82,165
2026-07-22T22:28:49Z,-21.7420879,166.1581490,12.6,66173.5,9.220,130,82,165
2026-07-22T22:28:50Z,-21.7421409,166.1580740,12.8,66182.5,9.200,130,83,165
2026-07-22T22:28:51Z,-21.7421940,166.1580099,12.8,66191.7,9.180,130,83,165
2026-07-22T22:28:52Z,-21.7422449,166.1579450,12.8,66200.6,9.100,130,83,165
2026-07-22T22:28:53Z,-21.7422970,166.1578700,12.8,66209.6,9.060,130,83,165
2026-07-22T22:28:54Z,-21.7423480,166.1578059,12.8,66218.7,9.040,130,84,165
2026-07-22T22:28:55Z,-21.7424019,166.1577310,12.8,66227.7,9.040,130,84,165
2026-07-22T22:28:56Z,-21.7424530,166.1576769,12.8,66236.7,9.000,130,84,164
2026-07-22T22:28:57Z,-21.7425049,166.1576130,12.8,66245.7,9.020,130,84,164
2026-07-22T22:28:58Z,-21.7425550,166.1575380,12.8,66254.5,8.980,131,84,164
2026-07-22T22:28:59Z,-21.7426059,166.1574730,12.8,66263.5,8.960,131,84,164
2026-07-22T22:29:00Z,-21.7426570,166.1574090,12.8,66272.4,8.940,131,84,164
2026-07-22T22:29:01Z,-21.7427090,166.1573339,12.8,66281.3,8.920,131,84,165
2026-07-22T22:29:02Z,-21.7427599,166.1572800,12.8,66290.1,8.880,131,84,164
2026-07-22T22:29:03Z,-21.7428120,166.1572159,12.8,66299.1,8.920,132,84,165
2026-07-22T22:29:04Z,-21.7428609,166.1571410,12.8,66307.9,8.880,132,83,164
2026-07-22T22:29:05Z,-21.7429130,166.1570759,12.8,66316.9,8.900,132,83,164
2026-07-22T22:29:06Z,-21.7429639,166.1570120,12.8,66325.6,8.860,132,84,164
2026-07-22T22:29:07Z,-21.7430179,166.1569370,12.8,66334.4,8.860,132,84,164
2026-07-22T22:29:08Z,-21.7430700,166.1568830,12.6,66343.1,8.800,131,85,165
2026-07-22T22:29:09Z,-21.7431219,166.1568190,12.6,66352.0,8.820,131,85,165
2026-07-22T22:29:10Z,-21.7431740,166.1567439,12.6,66361.2,8.860,131,85,164
2026-07-22T22:29:11Z,-21.7432209,166.1566790,12.6,66369.8,8.840,131,85,164
2026-07-22T22:29:12Z,-21.7432740,166.1566149,12.6,66378.8,8.880,131,85,164
2026-07-22T22:29:13Z,-21.7433249,166.1565399,12.6,66387.8,8.940,131,85,164
2026-07-22T22:29:14Z,-21.7433760,166.1564859,12.6,66396.7,8.940,131,85,165
2026-07-22T22:29:15Z,-21.7434290,166.1564220,12.6,66405.8,8.920,131,85,165
2026-07-22T22:29:16Z,-21.7434829,166.1563579,12.6,66414.7,8.980,131,85,164
2026-07-22T22:29:17Z,-21.7435410,166.1562819,12.6,66423.7,8.980,131,86,164
2026-07-22T22:29:18Z,-21.7436010,166.1562399,12.6,66432.6,8.960,131,86,164
2026-07-22T22:29:19Z,-21.7436710,166.1561750,12.6,66441.7,9.000,131,86,164
2026-07-22T22:29:20Z,-21.7437399,166.1561430,12.8,66450.6,8.960,130,86,164
2026-07-22T22:29:21Z,-21.7438119,166.1561000,12.8,66459.3,8.920,130,86,165
2026-07-22T22:29:22Z,-21.7438809,166.1560679,13.0,66468.0,8.860,130,86,164
2026-07-22T22:29:23Z,-21.7439480,166.1560249,13.0,66476.4,8.760,130,87,164
2026-07-22T22:29:24Z,-21.7440070,166.1559819,13.0,66484.7,8.600,130,87,164
2026-07-22T22:29:25Z,-21.7440689,166.1559280,13.0,66493.3,8.540,130,86,164
2026-07-22T22:29:26Z,-21.7441249,166.1558750,13.0,66501.9,8.520,130,86,164
2026-07-22T22:29:27Z,-21.7441910,166.1558320,13.0,66510.6,8.520,130,85,164
2026-07-22T22:29:28Z,-21.7442510,166.1557779,13.0,66519.4,8.600,130,84,165
2026-07-22T22:29:29Z,-21.7443040,166.1557249,13.0,66527.6,8.580,130,85,143
2026-07-22T22:29:30Z,-21.7443449,166.1556389,13.0,66536.5,8.640,130,85,31
2026-07-22T22:29:31Z,-21.7443640,166.1555639,13.0,66544.8,8.580,130,85,113
2026-07-22T22:29:32Z,-21.7443719,166.1554779,13.0,66553.7,8.620,130,82,164
2026-07-22T22:29:33Z,-21.7443729,166.1554030,13.0,66562.3,8.580,129,82,48
2026-07-22T22:29:34Z,-21.7443719,166.1553059,13.0,66570.9,8.660,129,82,0
2026-07-22T22:29:35Z,-21.7443670,166.1552310,13.0,66579.2,8.540,129,65,99
2026-07-22T22:29:36Z,-21.7443569,166.1551560,13.0,66587.7,8.580,129,74,166
2026-07-22T22:29:37Z,-21.7443400,166.1550589,13.0,66596.5,8.560,129,76,166
2026-07-22T22:29:38Z,-21.7443100,166.1549840,13.0,66605.0,8.540,129,79,166
2026-07-22T22:29:39Z,-21.7442549,166.1549410,13.0,66613.7,8.560,129,81,166
2026-07-22T22:29:40Z,-21.7441820,166.1548980,13.0,66622.7,8.700,129,83,165
2026-07-22T22:29:41Z,-21.7441090,166.1548660,13.0,66631.5,8.760,129,83,164
2026-07-22T22:29:42Z,-21.7440370,166.1548339,13.0,66640.1,8.720,129,83,164
2026-07-22T22:29:43Z,-21.7439579,166.1548230,13.0,66649.0,8.800,129,83,164
2026-07-22T22:29:44Z,-21.7438800,166.1548019,13.0,66657.8,8.820,129,83,165
2026-07-22T22:29:45Z,-21.7437989,166.1547909,13.0,66666.8,8.820,130,82,164
2026-07-22T22:29:46Z,-21.7437190,166.1547909,13.0,66675.8,8.860,130,82,165
2026-07-22T22:29:47Z,-21.7436399,166.1547700,13.0,66684.6,8.900,130,81,165
2026-07-22T22:29:48Z,-21.7435610,166.1547589,13.0,66693.6,8.920,130,81,164
2026-07-22T22:29:49Z,-21.7434910,166.1547159,13.0,66702.5,8.940,130,81,165
2026-07-22T22:29:50Z,-21.7434389,166.1546520,13.0,66711.3,8.900,130,82,165
2026-07-22T22:29:51Z,-21.7434150,166.1545770,13.0,66720.2,8.880,130,82,165
2026-07-22T22:29:52Z,-21.7434160,166.1544800,13.0,66729.1,8.900,130,82,165
2026-07-22T22:29:53Z,-21.7434410,166.1543940,13.0,66738.2,8.920,130,83,165
2026-07-22T22:29:54Z,-21.7434679,166.1543190,13.0,66746.8,8.860,130,83,164
2026-07-22T22:29:55Z,-21.7434959,166.1542439,13.0,66755.9,8.920,130,83,164
2026-07-22T22:29:56Z,-21.7435180,166.1541470,13.0,66764.9,8.940,130,83,164
2026-07-22T22:29:57Z,-21.7435190,166.1540719,13.0,66773.6,8.900,130,84,165
2026-07-22T22:29:58Z,-21.7434959,166.1539760,13.0,66782.7,8.900,131,84,165
2026-07-22T22:29:59Z,-21.7434560,166.1539220,13.0,66791.5,8.940,131,84,164
2026-07-22T22:30:00Z,-21.7434089,166.1538470,13.0,66800.5,8.920,131,83,164
2026-07-22T22:30:01Z,-21.7433600,166.1537720,13.0,66809.8,8.980,131,84,164
2026-07-22T22:30:02Z,-21.7433110,166.1537079,13.0,66818.5,8.980,131,82,164
2026-07-22T22:30:03Z,-21.7432619,166.1536320,13.0,66827.5,8.960,131,82,164
2026-07-22T22:30:04Z,-21.7432120,166.1535679,13.0,66836.8,9.060,131,81,165
2026-07-22T22:30:05Z,-21.7431659,166.1534929,13.0,66845.3,8.960,131,82,164
2026-07-22T22:30:06Z,-21.7431130,166.1534290,13.0,66854.5,8.940,131,82,164
2026-07-22T22:30:07Z,-21.7430580,166.1533750,13.0,66863.6,9.020,131,82,164
2026-07-22T22:30:08Z,-21.7429960,166.1533110,13.0,66872.5,9.000,131,82,164
2026-07-22T22:30:09Z,-21.7429280,166.1532460,13.0,66881.6,8.960,131,82,164
2026-07-22T22:30:10Z,-21.7428629,166.1532030,13.0,66890.8,9.100,131,83,164
2026-07-22T22:30:11Z,-21.7428059,166.1531280,13.0,66900.2,9.140,131,83,165
2026-07-22T22:30:12Z,-21.7427650,166.1530639,13.0,66909.1,9.100,132,84,164
2026-07-22T22:30:13Z,-21.7427370,166.1529779,13.0,66918.3,9.160,132,84,164
2026-07-22T22:30:14Z,-21.7427159,166.1528810,13.0,66927.5,9.180,132,84,164
2026-07-22T22:30:15Z,-21.7427010,166.1528059,13.0,66937.0,9.240,132,84,164
2026-07-22T22:30:16Z,-21.7426919,166.1527100,13.0,66946.3,9.220,132,84,164
2026-07-22T22:30:17Z,-21.7426860,166.1526240,13.0,66955.6,9.300,132,85,164
2026-07-22T22:30:18Z,-21.7426860,166.1525270,13.0,66964.6,9.260,132,85,164
2026-07-22T22:30:19Z,-21.7426889,166.1524419,13.0,66973.8,9.260,132,85,165
2026-07-22T22:30:20Z,-21.7426970,166.1523660,13.0,66983.2,9.240,132,85,165
2026-07-22T22:30:21Z,-21.7427100,166.1522699,13.0,66992.3,9.200,132,85,164
2026-07-22T22:30:22Z,-21.7427319,166.1521839,13.0,67001.4,9.160,132,85,164
2026-07-22T22:30:23Z,-21.7427629,166.1521090,13.0,67010.1,9.100,132,85,164
2026-07-22T22:30:24Z,-21.7428120,166.1520230,13.0,67019.3,9.100,131,85,165
2026-07-22T22:30:25Z,-21.7428769,166.1519800,13.0,67028.3,9.020,131,84,164
2026-07-22T22:30:26Z,-21.7429530,166.1519480,13.0,67037.5,9.040,131,84,165
2026-07-22T22:30:27Z,-21.7430310,166.1519160,13.0,67046.4,9.000,131,84,165
2026-07-22T22:30:28Z,-21.7431110,166.1519160,13.0,67055.5,9.080,131,84,164
2026-07-22T22:30:29Z,-21.7431970,166.1519160,13.0,67064.8,9.100,131,85,165
2026-07-22T22:30:30Z,-21.7432779,166.1519370,13.0,67073.8,9.100,131,85,165
2026-07-22T22:30:31Z,-21.7433529,166.1519480,13.0,67082.6,9.020,131,85,165
2026-07-22T22:30:32Z,-21.7434330,166.1519800,13.0,67091.9,9.100,132,86,165
2026-07-22T22:30:33Z,-21.7435079,166.1520119,13.0,67100.7,9.040,133,87,165
2026-07-22T22:30:34Z,-21.7435809,166.1520450,13.0,67109.7,8.980,133,87,165
2026-07-22T22:30:35Z,-21.7436590,166.1520869,13.0,67119.1,9.060,132,88,164
2026-07-22T22:30:36Z,-21.7437310,166.1521200,13.0,67128.1,9.100,132,88,165
2026-07-22T22:30:37Z,-21.7438030,166.1521630,13.0,67136.9,9.000,132,88,164
2026-07-22T22:30:38Z,-21.7438790,166.1521950,13.0,67146.1,9.080,133,87,164
2026-07-22T22:30:39Z,-21.7439510,166.1522269,13.0,67154.9,9.040,133,87,164
2026-07-22T22:30:40Z,-21.7440289,166.1522699,13.0,67164.2,9.020,133,87,164
2026-07-22T22:30:41Z,-21.7441050,166.1522910,13.0,67173.2,9.020,133,87,165
2026-07-22T22:30:42Z,-21.7441820,166.1523129,13.0,67181.9,9.000,133,87,164
2026-07-22T22:30:43Z,-21.7442650,166.1523129,13.0,67191.1,9.000,132,86,165
2026-07-22T22:30:44Z,-21.7443449,166.1523019,13.0,67200.2,9.060,132,86,165
2026-07-22T22:30:45Z,-21.7444159,166.1522589,13.0,67208.9,8.940,132,87,165
2026-07-22T22:30:46Z,-21.7444849,166.1522050,13.0,67217.9,8.940,132,87,164
2026-07-22T22:30:47Z,-21.7445449,166.1521520,13.0,67227.2,9.060,132,87,165
2026-07-22T22:30:48Z,-21.7445990,166.1520869,13.0,67236.1,9.000,132,87,165
2026-07-22T22:30:49Z,-21.7446479,166.1520119,13.0,67245.3,9.020,131,87,165
2026-07-22T22:30:50Z,-21.7446970,166.1519480,13.0,67254.0,9.020,131,87,164
2026-07-22T22:30:51Z,-21.7447400,166.1518730,13.0,67263.3,9.080,131,87,165
2026-07-22T22:30:52Z,-21.7447739,166.1517979,13.0,67272.1,8.980,131,87,164
2026-07-22T22:30:53Z,-21.7448070,166.1517119,13.0,67281.2,9.020,131,87,164
2026-07-22T22:30:54Z,-21.7448329,166.1516259,13.0,67290.5,9.040,131,87,164
2026-07-22T22:30:55Z,-21.7448560,166.1515399,13.0,67299.6,9.120,131,86,165
2026-07-22T22:30:56Z,-21.7448739,166.1514649,13.0,67308.8,9.100,131,86,164
2026-07-22T22:30:57Z,-21.7448830,166.1513690,13.0,67317.5,9.080,131,86,164
2026-07-22T22:30:58Z,-21.7448790,166.1512830,13.0,67326.9,9.140,131,85,164
2026-07-22T22:30:59Z,-21.7448550,166.1512079,13.0,67335.9,9.080,131,84,164
2026-07-22T22:31:00Z,-21.7448120,166.1511219,13.0,67344.9,9.060,131,84,165
2026-07-22T22:31:01Z,-21.7447599,166.1510680,13.0,67353.9,9.020,131,84,164
2026-07-22T22:31:02Z,-21.7446930,166.1510039,13.0,67363.1,9.120,131,84,164
2026-07-22T22:31:03Z,-21.7446179,166.1509720,13.0,67372.1,9.040,131,84,164
2026-07-22T22:31:04Z,-21.7445410,166.1509390,13.0,67381.3,9.080,130,84,164
2026-07-22T22:31:05Z,-21.7444660,166.1509179,13.0,67390.4,9.100,130,84,164
2026-07-22T22:31:06Z,-21.7443950,166.1508639,13.0,67399.4,9.100,130,84,165
2026-07-22T22:31:07Z,-21.7443320,166.1508110,13.0,67408.5,9.080,130,84,164
2026-07-22T22:31:08Z,-21.7442780,166.1507459,13.0,67417.6,9.100,130,84,164
2026-07-22T22:31:09Z,-21.7442549,166.1506500,13.0,67426.6,9.060,130,83,164
2026-07-22T22:31:10Z,-21.7442549,166.1505749,13.0,67435.6,9.040,131,83,165
2026-07-22T22:31:11Z,-21.7442689,166.1504889,13.0,67444.5,9.020,131,83,165
2026-07-22T22:31:12Z,-21.7442960,166.1504139,13.0,67453.5,9.000,131,83,165
2026-07-22T22:31:13Z,-21.7443309,166.1503169,13.0,67462.5,8.980,131,83,165
2026-07-22T22:31:14Z,-21.7443640,166.1502419,13.0,67471.5,8.980,131,83,164
2026-07-22T22:31:15Z,-21.7443999,166.1501670,13.0,67480.5,8.980,131,82,165
2026-07-22T22:31:16Z,-21.7444350,166.1500920,13.0,67489.5,9.000,131,82,164
2026-07-22T22:31:17Z,-21.7444630,166.1499950,13.0,67498.5,9.000,131,82,164
2026-07-22T22:31:18Z,-21.7444859,166.1499200,13.0,67507.4,8.980,130,82,165
2026-07-22T22:31:19Z,-21.7444999,166.1498340,13.0,67516.6,9.020,131,82,164
2026-07-22T22:31:20Z,-21.7444950,166.1497490,13.0,67525.5,9.000,131,82,164
2026-07-22T22:31:21Z,-21.7444770,166.1496630,13.0,67534.5,9.000,131,82,164
2026-07-22T22:31:22Z,-21.7444490,166.1495880,13.0,67543.4,8.980,130,82,164
2026-07-22T22:31:23Z,-21.7444139,166.1495129,13.0,67552.5,9.020,131,82,165
2026-07-22T22:31:24Z,-21.7443729,166.1494369,13.0,67561.5,8.980,130,82,164
2026-07-22T22:31:25Z,-21.7443279,166.1493620,13.0,67570.5,9.000,130,82,164
2026-07-22T22:31:26Z,-21.7442810,166.1492760,13.0,67579.5,9.000,131,82,165
2026-07-22T22:31:27Z,-21.7442309,166.1492229,13.0,67588.5,9.020,131,82,165
2026-07-22T22:31:28Z,-21.7441820,166.1491479,13.0,67597.5,9.000,131,82,164
2026-07-22T22:31:29Z,-21.7441279,166.1490830,13.0,67606.6,9.020,131,82,165
2026-07-22T22:31:30Z,-21.7440729,166.1490189,13.0,67615.5,9.000,131,83,165
2026-07-22T22:31:31Z,-21.7440030,166.1489649,13.0,67624.6,9.020,131,83,165
2026-07-22T22:31:32Z,-21.7439279,166.1489440,13.0,67633.7,9.040,131,83,165
2026-07-22T22:31:33Z,-21.7438440,166.1489440,13.0,67643.0,9.100,131,82,164
2026-07-22T22:31:34Z,-21.7437630,166.1489649,13.0,67652.1,9.100,132,82,165
2026-07-22T22:31:35Z,-21.7436910,166.1490079,13.0,67661.4,9.180,132,82,165
2026-07-22T22:31:36Z,-21.7436219,166.1490509,13.0,67670.6,9.200,132,83,164
2026-07-22T22:31:37Z,-21.7435509,166.1490939,13.0,67679.9,9.240,132,83,164
2026-07-22T22:31:38Z,-21.7434789,166.1491479,13.0,67689.1,9.220,132,82,164
2026-07-22T22:31:39Z,-21.7434010,166.1491580,13.0,67698.3,9.240,132,82,165
2026-07-22T22:31:40Z,-21.7433190,166.1491690,13.0,67707.4,9.200,132,82,165
2026-07-22T22:31:41Z,-21.7432390,166.1491910,13.0,67716.5,9.180,132,82,164
2026-07-22T22:31:42Z,-21.7431570,166.1492010,13.0,67725.6,9.140,133,82,165
2026-07-22T22:31:43Z,-21.7430749,166.1492010,13.0,67734.7,9.120,133,82,164
2026-07-22T22:31:44Z,-21.7429929,166.1492010,13.0,67743.7,9.080,133,81,164
2026-07-22T22:31:45Z,-21.7429100,166.1491910,13.0,67752.8,9.080,133,81,165
2026-07-22T22:31:46Z,-21.7428349,166.1491580,13.0,67761.8,9.060,133,83,165
2026-07-22T22:31:47Z,-21.7427690,166.1491160,13.0,67770.8,9.040,132,84,165
2026-07-22T22:31:48Z,-21.7427159,166.1490400,13.0,67779.9,9.040,132,84,164
2026-07-22T22:31:49Z,-21.7426700,166.1489759,13.0,67789.1,9.080,132,85,164
2026-07-22T22:31:50Z,-21.7426270,166.1489010,13.0,67798.1,9.060,132,85,164
2026-07-22T22:31:51Z,-21.7425840,166.1488260,13.0,67806.8,9.000,132,83,165
2026-07-22T22:31:52Z,-21.7425289,166.1487619,13.0,67815.9,9.020,132,83,164
2026-07-22T22:31:53Z,-21.7424579,166.1487189,13.0,67824.9,9.000,132,83,164
2026-07-22T22:31:54Z,-21.7423770,166.1486970,13.0,67833.9,8.960,132,83,164
2026-07-22T22:31:55Z,-21.7422930,166.1487189,13.0,67843.1,9.000,132,84,164
2026-07-22T22:31:56Z,-21.7422120,166.1487189,13.0,67852.4,9.120,132,84,164
2026-07-22T22:31:57Z,-21.7421279,166.1487189,13.0,67861.5,9.120,132,83,164
2026-07-22T22:31:58Z,-21.7420549,166.1486860,13.0,67870.7,9.160,132,83,164
2026-07-22T22:31:59Z,-21.7419880,166.1486220,13.0,67880.0,9.220,132,83,164
2026-07-22T22:32:00Z,-21.7419269,166.1485680,13.0,67889.1,9.200,132,82,164
2026-07-22T22:32:01Z,-21.7418699,166.1485039,13.0,67898.1,9.140,131,82,164
2026-07-22T22:32:02Z,-21.7418119,166.1484400,13.0,67907.1,9.120,132,82,166
2026-07-22T22:32:03Z,-21.7417559,166.1483749,13.0,67916.2,9.100,132,84,165
2026-07-22T22:32:04Z,-21.7416940,166.1483220,13.0,67925.3,9.060,131,85,164
2026-07-22T22:32:05Z,-21.7416210,166.1482790,13.0,67934.4,9.060,131,84,164
2026-07-22T22:32:06Z,-21.7415440,166.1482569,13.0,67943.5,9.080,131,83,164
2026-07-22T22:32:07Z,-21.7414620,166.1482569,13.0,67952.5,9.080,131,83,164
2026-07-22T22:32:08Z,-21.7413870,166.1482889,13.0,67961.3,9.020,131,83,165
2026-07-22T22:32:09Z,-21.7413180,166.1483319,13.0,67970.6,9.060,131,82,164
2026-07-22T22:32:10Z,-21.7412669,166.1484070,13.0,67979.6,9.040,132,82,165
2026-07-22T22:32:11Z,-21.7412270,166.1484830,13.0,67988.8,9.060,132,81,165
2026-07-22T22:32:12Z,-21.7411919,166.1485680,13.0,67997.9,9.080,132,80,165
2026-07-22T22:32:13Z,-21.7411560,166.1486430,13.0,68007.1,9.160,132,81,164
2026-07-22T22:32:14Z,-21.7411209,166.1487189,13.0,68016.2,9.120,133,80,165
2026-07-22T22:32:15Z,-21.7410820,166.1487939,13.0,68025.2,9.120,133,81,165
2026-07-22T22:32:16Z,-21.7410290,166.1488690,13.0,68034.3,9.100,133,81,165
2026-07-22T22:32:17Z,-21.7409580,166.1489010,13.0,68043.3,9.080,133,81,164
2026-07-22T22:32:18Z,-21.7408759,166.1489120,13.0,68052.5,9.080,134,82,165
2026-07-22T22:32:19Z,-21.7407950,166.1489010,13.0,68061.5,9.060,134,82,165
2026-07-22T22:32:20Z,-21.7407140,166.1489010,13.0,68070.5,9.060,134,82,165
2026-07-22T22:32:21Z,-21.7406290,166.1489120,13.0,68079.8,9.100,134,82,164
2026-07-22T22:32:22Z,-21.7405550,166.1489440,13.0,68088.5,9.040,134,81,164
2026-07-22T22:32:23Z,-21.7404780,166.1489759,13.0,68097.7,9.040,134,81,165
2026-07-22T22:32:24Z,-21.7404009,166.1490079,13.0,68106.7,9.040,134,80,165
2026-07-22T22:32:25Z,-21.7403250,166.1490400,13.0,68115.8,9.060,134,80,164
2026-07-22T22:32:26Z,-21.7402500,166.1490619,13.0,68124.7,8.980,134,79,164
2026-07-22T22:32:27Z,-21.7401699,166.1490939,13.0,68134.0,9.100,134,78,165
2026-07-22T22:32:28Z,-21.7400940,166.1491260,13.0,68143.2,9.100,134,79,165
2026-07-22T22:32:29Z,-21.7400180,166.1491580,13.0,68152.3,9.120,134,79,164
2026-07-22T22:32:30Z,-21.7399399,166.1491910,13.0,68161.6,9.160,134,79,164
2026-07-22T22:32:31Z,-21.7398650,166.1492340,13.0,68170.6,9.180,134,79,164
2026-07-22T22:32:32Z,-21.7397910,166.1492659,13.0,68179.8,9.160,134,79,164
2026-07-22T22:32:33Z,-21.7397139,166.1492980,13.0,68189.2,9.200,135,78,165
2026-07-22T22:32:34Z,-21.7396429,166.1493410,13.0,68198.1,9.160,135,80,165
2026-07-22T22:32:35Z,-21.7395709,166.1493840,13.0,68207.6,9.200,135,80,165
2026-07-22T22:32:36Z,-21.7395080,166.1494480,13.0,68216.5,9.180,135,81,163
2026-07-22T22:32:37Z,-21.7394529,166.1495129,13.0,68225.7,9.180,135,80,165
2026-07-22T22:32:38Z,-21.7394150,166.1495880,13.0,68235.0,9.160,135,79,165
2026-07-22T22:32:39Z,-21.7393949,166.1496730,13.0,68244.2,9.220,135,79,165
2026-07-22T22:32:40Z,-21.7393989,166.1497699,13.0,68253.4,9.160,134,80,164
2026-07-22T22:32:41Z,-21.7394170,166.1498450,13.0,68262.4,9.180,135,81,164
2026-07-22T22:32:42Z,-21.7394490,166.1499419,13.0,68271.7,9.200,135,81,165
2026-07-22T22:32:43Z,-21.7395010,166.1499950,13.0,68280.8,9.160,135,81,164
2026-07-22T22:32:44Z,-21.7395699,166.1500600,13.0,68290.2,9.200,135,81,164
2026-07-22T22:32:45Z,-21.7396389,166.1500920,13.0,68299.0,9.120,135,81,165
2026-07-22T22:32:46Z,-21.7397119,166.1501350,13.0,68308.3,9.180,134,80,164
2026-07-22T22:32:47Z,-21.7397839,166.1501780,13.0,68317.5,9.160,135,80,165
2026-07-22T22:32:48Z,-21.7398539,166.1502309,13.0,68326.6,9.160,135,80,164
2026-07-22T22:32:49Z,-21.7399139,166.1502849,13.0,68335.9,9.140,135,81,164
2026-07-22T22:32:50Z,-21.7399549,166.1503599,13.0,68345.1,9.220,135,81,164
2026-07-22T22:32:51Z,-21.7399800,166.1504569,13.0,68354.3,9.200,135,81,164
2026-07-22T22:32:52Z,-21.7399920,166.1505420,13.0,68363.7,9.240,135,82,165
2026-07-22T22:32:53Z,-21.7399989,166.1506280,13.0,68372.9,9.260,135,81,165
2026-07-22T22:32:54Z,-21.7399960,166.1507140,13.0,68382.0,9.220,135,81,164
2026-07-22T22:32:55Z,-21.7399890,166.1508110,13.0,68391.2,9.220,135,80,165
2026-07-22T22:32:56Z,-21.7399719,166.1508970,13.0,68400.4,9.220,135,80,165
2026-07-22T22:32:57Z,-21.7399460,166.1509720,13.0,68409.4,9.140,136,80,165
2026-07-22T22:32:58Z,-21.7399060,166.1510469,13.0,68418.6,9.140,136,80,164
2026-07-22T22:32:59Z,-21.7398449,166.1511110,13.0,68427.8,9.160,136,80,164
2026-07-22T22:33:00Z,-21.7397679,166.1511430,13.0,68436.8,9.120,136,80,165
2026-07-22T22:33:01Z,-21.7396849,166.1511540,13.0,68446.0,9.120,136,81,164
2026-07-22T22:33:02Z,-21.7396030,166.1511540,13.0,68455.1,9.140,135,82,164
2026-07-22T22:33:03Z,-21.7395210,166.1511540,13.0,68464.1,9.100,135,80,165
2026-07-22T22:33:04Z,-21.7394399,166.1511540,13.0,68473.2,9.080,135,81,164
2026-07-22T22:33:05Z,-21.7393580,166.1511540,13.0,68482.3,9.100,135,81,164
2026-07-22T22:33:06Z,-21.7392770,166.1511540,13.0,68491.2,9.040,135,81,165
2026-07-22T22:33:07Z,-21.7391969,166.1511540,13.0,68500.2,9.020,135,82,165
2026-07-22T22:33:08Z,-21.7391219,166.1512079,13.0,68509.4,9.060,135,81,164
2026-07-22T22:33:09Z,-21.7390679,166.1512610,13.0,68518.6,9.080,135,81,165
2026-07-22T22:33:10Z,-21.7390430,166.1513359,13.0,68527.3,9.000,135,81,164
2026-07-22T22:33:11Z,-21.7390320,166.1514330,13.0,68536.7,9.100,136,81,165
2026-07-22T22:33:12Z,-21.7390280,166.1515190,13.0,68545.6,9.080,136,82,165
2026-07-22T22:33:13Z,-21.7390239,166.1516150,13.0,68555.0,9.120,136,82,164
2026-07-22T22:33:14Z,-21.7390160,166.1516900,13.0,68564.0,9.080,136,81,164
2026-07-22T22:33:15Z,-21.7389890,166.1517870,13.0,68573.1,9.160,136,80,164
2026-07-22T22:33:16Z,-21.7389460,166.1518620,13.0,68582.7,9.200,136,79,164
2026-07-22T22:33:17Z,-21.7388960,166.1519160,13.0,68591.7,9.220,137,80,165
2026-07-22T22:33:18Z,-21.7388349,166.1519800,13.0,68600.8,9.160,137,80,165
2026-07-22T22:33:19Z,-21.7387659,166.1520450,13.0,68610.2,9.240,137,81,165
2026-07-22T22:33:20Z,-21.7386980,166.1520869,13.0,68619.3,9.240,137,81,164
2026-07-22T22:33:21Z,-21.7386250,166.1521200,13.0,68628.4,9.140,137,81,165
2026-07-22T22:33:22Z,-21.7385489,166.1521630,13.2,68637.8,9.220,137,81,165
2026-07-22T22:33:23Z,-21.7384739,166.1521950,13.2,68646.6,9.160,137,82,165
2026-07-22T22:33:24Z,-21.7384000,166.1522269,13.2,68655.5,9.060,137,81,164
2026-07-22T22:33:25Z,-21.7383240,166.1522589,13.4,68664.5,9.040,137,81,164
2026-07-22T22:33:26Z,-21.7382469,166.1522910,13.4,68673.3,8.980,137,81,164
2026-07-22T22:33:27Z,-21.7381749,166.1523129,13.6,68681.9,8.820,137,81,165
2026-07-22T22:33:28Z,-21.7381019,166.1523340,13.6,68690.2,8.720,137,81,165
2026-07-22T22:33:29Z,-21.7380309,166.1523660,13.8,68698.4,8.580,137,80,164
2026-07-22T22:33:30Z,-21.7379589,166.1523770,13.8,68706.9,8.480,137,80,165
2026-07-22T22:33:31Z,-21.7378869,166.1524090,14.0,68715.3,8.400,137,80,165
2026-07-22T22:33:32Z,-21.7378180,166.1524419,14.0,68723.3,8.280,137,81,164
2026-07-22T22:33:33Z,-21.7377480,166.1524520,14.2,68731.5,8.260,137,81,164
2026-07-22T22:33:34Z,-21.7376810,166.1524840,14.2,68739.4,8.200,137,81,164
2026-07-22T22:33:35Z,-21.7376139,166.1525169,14.2,68747.6,8.140,137,81,165
2026-07-22T22:33:36Z,-21.7375549,166.1525599,14.4,68755.7,8.080,137,81,164
2026-07-22T22:33:37Z,-21.7374920,166.1526019,14.2,68764.0,8.140,136,81,164
2026-07-22T22:33:38Z,-21.7374279,166.1526350,14.2,68772.1,8.119,136,80,166
2026-07-22T22:33:39Z,-21.7373549,166.1526670,14.2,68780.5,8.220,136,80,165
2026-07-22T22:33:40Z,-21.7372819,166.1526990,14.2,68788.9,8.260,136,81,164
2026-07-22T22:33:41Z,-21.7372079,166.1527100,14.2,68797.5,8.360,136,81,165
2026-07-22T22:33:42Z,-21.7371340,166.1527309,14.2,68806.0,8.400,136,82,165
2026-07-22T22:33:43Z,-21.7370580,166.1527420,14.2,68814.5,8.480,135,85,165
2026-07-22T22:33:44Z,-21.7369850,166.1527739,14.2,68822.9,8.480,136,86,164
2026-07-22T22:33:45Z,-21.7369089,166.1527960,14.2,68831.4,8.500,136,86,163
2026-07-22T22:33:46Z,-21.7368280,166.1528059,14.2,68840.4,8.580,135,84,164
2026-07-22T22:33:47Z,-21.7367560,166.1528169,14.2,68848.8,8.560,135,82,165
2026-07-22T22:33:48Z,-21.7366799,166.1528380,14.2,68857.5,8.600,135,82,165
2026-07-22T22:33:49Z,-21.7366020,166.1528489,14.2,68866.3,8.680,135,83,164
2026-07-22T22:33:50Z,-21.7365230,166.1528810,14.2,68875.1,8.740,135,83,164
2026-07-22T22:33:51Z,-21.7364479,166.1528919,14.2,68884.0,8.720,134,83,164
2026-07-22T22:33:52Z,-21.7363710,166.1529140,14.2,68892.7,8.780,134,83,164
2026-07-22T22:33:53Z,-21.7362950,166.1529240,14.2,68901.4,8.780,135,84,165
2026-07-22T22:33:54Z,-21.7362159,166.1529560,14.2,68910.2,8.780,134,83,164
2026-07-22T22:33:55Z,-21.7361400,166.1529779,14.2,68918.8,8.740,134,83,164
2026-07-22T22:33:56Z,-21.7360609,166.1529889,14.2,68927.7,8.740,134,82,164
2026-07-22T22:33:57Z,-21.7359879,166.1529990,14.2,68936.2,8.700,134,81,164
2026-07-22T22:33:58Z,-21.7359110,166.1530209,14.2,68944.8,8.680,134,82,165
2026-07-22T22:33:59Z,-21.7358309,166.1530530,14.2,68954.0,8.760,135,81,165
2026-07-22T22:34:00Z,-21.7357540,166.1530639,14.2,68962.6,8.760,135,82,165
2026-07-22T22:34:01Z,-21.7356780,166.1530850,14.2,68971.4,8.740,135,81,165
2026-07-22T22:34:02Z,-21.7356030,166.1530960,14.2,68980.0,8.760,135,81,164
2026-07-22T22:34:03Z,-21.7355279,166.1531280,14.2,68988.5,8.740,134,82,164
2026-07-22T22:34:04Z,-21.7354470,166.1531390,14.2,68997.5,8.700,134,82,165
2026-07-22T22:34:05Z,-21.7353709,166.1531600,14.2,69006.3,8.740,134,82,164
2026-07-22T22:34:06Z,-21.7352969,166.1531710,14.2,69014.8,8.680,134,81,163
2026-07-22T22:34:07Z,-21.7352200,166.1531820,14.2,69023.4,8.680,134,80,163
2026-07-22T22:34:08Z,-21.7351440,166.1532140,14.2,69032.3,8.760,134,80,164
2026-07-22T22:34:09Z,-21.7350679,166.1532349,14.2,69041.0,8.700,134,78,165
2026-07-22T22:34:10Z,-21.7349910,166.1532460,14.2,69049.6,8.660,134,78,165
2026-07-22T22:34:11Z,-21.7349130,166.1532779,14.2,69058.6,8.760,135,79,164
2026-07-22T22:34:12Z,-21.7348359,166.1532890,14.2,69067.4,8.800,135,80,164
2026-07-22T22:34:13Z,-21.7347550,166.1533110,14.2,69076.5,8.840,135,79,164
2026-07-22T22:34:14Z,-21.7346789,166.1533209,14.2,69085.1,8.820,135,79,165
2026-07-22T22:34:15Z,-21.7346010,166.1533430,14.2,69093.8,8.840,135,80,164
2026-07-22T22:34:16Z,-21.7345160,166.1533209,14.2,69103.3,8.940,135,80,163
2026-07-22T22:34:17Z,-21.7344390,166.1532890,14.0,69112.4,9.000,134,79,164
2026-07-22T22:34:18Z,-21.7343670,166.1532460,14.0,69121.5,9.000,135,80,165
2026-07-22T22:34:19Z,-21.7342940,166.1532030,13.8,69131.1,9.200,135,79,165
2026-07-22T22:34:20Z,-21.7342120,166.1531600,13.6,69141.0,9.440,135,80,165
2026-07-22T22:34:21Z,-21.7341270,166.1531390,13.4,69150.7,9.480,135,80,164
2026-07-22T22:34:22Z,-21.7340360,166.1531069,13.2,69161.0,9.720,135,80,164
2026-07-22T22:34:23Z,-21.7339449,166.1530960,13.0,69171.3,9.960,135,80,165
2026-07-22T22:34:24Z,-21.7338510,166.1530960,13.0,69181.6,10.100,134,79,165
2026-07-22T22:34:25Z,-21.7337559,166.1531069,13.0,69192.2,10.240,135,80,165
2026-07-22T22:34:26Z,-21.7336650,166.1531280,13.0,69202.2,10.300,134,80,165
2026-07-22T22:34:27Z,-21.7335709,166.1531280,13.0,69212.8,10.360,135,80,164
2026-07-22T22:34:28Z,-21.7334820,166.1531390,13.2,69222.6,10.260,135,80,165
2026-07-22T22:34:29Z,-21.7333940,166.1531600,13.2,69232.5,10.180,135,80,165
2026-07-22T22:34:30Z,-21.7333040,166.1531600,13.0,69242.5,10.060,135,81,165
2026-07-22T22:34:31Z,-21.7332090,166.1531600,13.0,69253.0,10.160,135,81,164
2026-07-22T22:34:32Z,-21.7331160,166.1531390,12.8,69263.1,10.060,135,80,165
2026-07-22T22:34:33Z,-21.7330249,166.1531390,12.6,69273.5,10.180,135,79,164
2026-07-22T22:34:34Z,-21.7329310,166.1531280,12.2,69283.8,10.260,135,79,164
2026-07-22T22:34:35Z,-21.7328389,166.1531069,12.2,69294.3,10.360,135,79,165
2026-07-22T22:34:36Z,-21.7327450,166.1531069,12.2,69304.7,10.340,135,79,164
2026-07-22T22:34:37Z,-21.7326470,166.1531069,12.4,69315.4,10.460,135,79,165
2026-07-22T22:34:38Z,-21.7325560,166.1531069,12.6,69325.6,10.420,135,79,165
2026-07-22T22:34:39Z,-21.7324680,166.1531280,12.8,69335.3,10.300,136,79,164
2026-07-22T22:34:40Z,-21.7323799,166.1531280,13.0,69345.0,10.140,135,80,163
2026-07-22T22:34:41Z,-21.7322970,166.1531280,13.2,69354.3,9.920,135,79,164
2026-07-22T22:34:42Z,-21.7322120,166.1531280,13.0,69363.7,9.660,135,78,164
2026-07-22T22:34:43Z,-21.7321319,166.1531280,13.0,69372.6,9.400,135,77,164
2026-07-22T22:34:44Z,-21.7320499,166.1531600,13.0,69382.1,9.360,135,78,164
2026-07-22T22:34:45Z,-21.7319739,166.1531820,13.0,69391.5,9.300,135,77,165
2026-07-22T22:34:46Z,-21.7319039,166.1532349,13.0,69400.4,9.220,135,78,165
2026-07-22T22:34:47Z,-21.7318329,166.1532779,13.0,69409.8,9.220,136,78,164
2026-07-22T22:34:48Z,-21.7317660,166.1533430,13.0,69419.1,9.300,136,78,165
2026-07-22T22:34:49Z,-21.7316960,166.1533860,13.0,69428.6,9.300,136,79,165
2026-07-22T22:34:50Z,-21.7316250,166.1534290,13.0,69437.3,9.160,137,80,165
2026-07-22T22:34:51Z,-21.7315510,166.1534610,13.0,69446.6,9.240,136,81,164
2026-07-22T22:34:52Z,-21.7314749,166.1535040,13.0,69456.0,9.240,137,81,165
2026-07-22T22:34:53Z,-21.7314040,166.1535570,13.0,69464.9,9.160,137,80,164
2026-07-22T22:34:54Z,-21.7313340,166.1536000,13.0,69474.2,9.120,137,80,164
2026-07-22T22:34:55Z,-21.7312640,166.1536430,13.0,69483.3,9.200,138,80,165
2026-07-22T22:34:56Z,-21.7311960,166.1536860,13.0,69492.6,9.200,138,80,165
2026-07-22T22:34:57Z,-21.7311269,166.1537499,13.0,69502.0,9.200,138,81,164
2026-07-22T22:34:58Z,-21.7310600,166.1537930,13.0,69511.1,9.240,138,81,165
2026-07-22T22:34:59Z,-21.7309930,166.1538580,13.0,69520.4,9.240,138,81,165
2026-07-22T22:35:00Z,-21.7309249,166.1539010,13.0,69529.4,9.220,138,81,165
2026-07-22T22:35:01Z,-21.7308549,166.1539539,13.0,69538.8,9.240,138,81,164
2026-07-22T22:35:02Z,-21.7307829,166.1539969,13.0,69547.8,9.160,138,81,165
2026-07-22T22:35:03Z,-21.7307119,166.1540290,13.0,69556.6,9.100,138,82,164
2026-07-22T22:35:04Z,-21.7306389,166.1540719,13.0,69565.7,9.060,138,82,165
2026-07-22T22:35:05Z,-21.7305630,166.1541149,13.2,69575.1,9.140,138,82,165
2026-07-22T22:35:06Z,-21.7304890,166.1541470,13.2,69584.1,9.060,138,82,164
2026-07-22T22:35:07Z,-21.7304150,166.1541800,13.2,69592.8,9.000,137,82,165
2026-07-22T22:35:08Z,-21.7303410,166.1542119,13.2,69601.8,9.040,138,82,164
2026-07-22T22:35:09Z,-21.7302690,166.1542549,13.2,69610.6,8.980,138,83,164
2026-07-22T22:35:10Z,-21.7301909,166.1542650,13.2,69619.6,8.900,137,82,164
2026-07-22T22:35:11Z,-21.7301199,166.1542979,13.4,69628.0,8.780,137,82,165
2026-07-22T22:35:12Z,-21.7300380,166.1543299,13.4,69637.2,8.880,137,82,165
2026-07-22T22:35:13Z,-21.7299629,166.1543510,13.4,69645.7,8.780,137,82,164
2026-07-22T22:35:14Z,-21.7298899,166.1543620,13.6,69654.2,8.720,137,82,164
2026-07-22T22:35:15Z,-21.7298080,166.1543620,13.6,69663.1,8.700,137,82,165
2026-07-22T22:35:16Z,-21.7297329,166.1543620,13.8,69671.4,8.680,136,82,164
2026-07-22T22:35:17Z,-21.7296560,166.1543510,13.8,69679.9,8.540,136,81,164
2026-07-22T22:35:18Z,-21.7295840,166.1543299,14.0,69688.1,8.480,136,82,165
2026-07-22T22:35:19Z,-21.7295139,166.1543190,14.2,69696.4,8.440,136,84,165
2026-07-22T22:35:20Z,-21.7294459,166.1542869,14.2,69704.6,8.300,136,84,165
2026-07-22T22:35:21Z,-21.7293800,166.1542549,14.4,69712.4,8.200,136,85,165
2026-07-22T22:35:22Z,-21.7293200,166.1542119,14.6,69720.3,8.080,136,85,165
2026-07-22T22:35:23Z,-21.7292620,166.1541689,14.6,69728.1,8.000,136,86,166
2026-07-22T22:35:24Z,-21.7292119,166.1541149,14.6,69736.0,7.920,137,88,166
2026-07-22T22:35:25Z,-21.7291750,166.1540620,14.6,69743.5,7.780,137,89,164
2026-07-22T22:35:26Z,-21.7291409,166.1539760,14.6,69751.5,7.820,135,88,164
2026-07-22T22:35:27Z,-21.7291090,166.1539220,14.6,69759.6,7.860,135,87,164
2026-07-22T22:35:28Z,-21.7290630,166.1538580,14.4,69767.9,7.960,136,86,164
2026-07-22T22:35:29Z,-21.7290060,166.1538150,14.6,69775.8,7.960,135,85,164
2026-07-22T22:35:30Z,-21.7289330,166.1537829,14.8,69784.3,8.160,134,84,164
2026-07-22T22:35:31Z,-21.7288640,166.1537720,15.0,69792.2,8.140,134,84,164
2026-07-22T22:35:32Z,-21.7287920,166.1537499,15.2,69800.0,8.080,134,83,164
2026-07-22T22:35:33Z,-21.7287239,166.1537499,15.4,69807.8,7.980,134,82,164
2026-07-22T22:35:34Z,-21.7286570,166.1537499,15.6,69815.1,7.860,134,82,165
2026-07-22T22:35:35Z,-21.7285939,166.1537499,15.8,69822.1,7.560,134,82,165
2026-07-22T22:35:36Z,-21.7285300,166.1537499,16.0,69829.2,7.400,133,82,165
2026-07-22T22:35:37Z,-21.7284669,166.1537499,16.2,69836.3,7.260,133,81,164
2026-07-22T22:35:38Z,-21.7284079,166.1537720,16.4,69842.8,7.000,133,81,164
2026-07-22T22:35:39Z,-21.7283460,166.1537720,16.6,69849.6,6.900,133,81,164
2026-07-22T22:35:40Z,-21.7282860,166.1537829,16.6,69856.4,6.860,132,81,164
2026-07-22T22:35:41Z,-21.7282270,166.1537829,16.6,69863.0,6.760,132,81,164
2026-07-22T22:35:42Z,-21.7281649,166.1537930,16.6,69870.0,6.740,132,81,164
2026-07-22T22:35:43Z,-21.7281020,166.1538150,16.6,69877.0,6.840,132,81,164
2026-07-22T22:35:44Z,-21.7280410,166.1538259,16.4,69884.1,6.900,132,81,165
2026-07-22T22:35:45Z,-21.7279740,166.1538580,16.2,69892.2,7.160,132,81,165
2026-07-22T22:35:46Z,-21.7279110,166.1539010,16.0,69900.1,7.420,132,81,164
2026-07-22T22:35:47Z,-21.7278430,166.1539330,15.8,69908.5,7.700,132,81,165
2026-07-22T22:35:48Z,-21.7277759,166.1539760,15.4,69917.2,8.039,132,81,165
2026-07-22T22:35:49Z,-21.7276980,166.1540290,15.0,69927.0,8.580,133,81,165
2026-07-22T22:35:50Z,-21.7276220,166.1540620,14.6,69936.4,8.840,133,82,165
2026-07-22T22:35:51Z,-21.7275370,166.1541040,14.2,69946.5,9.280,133,82,164
2026-07-22T22:35:52Z,-21.7274490,166.1541149,13.8,69956.8,9.660,134,82,164
2026-07-22T22:35:53Z,-21.7273490,166.1541370,13.6,69967.7,10.100,134,81,164
2026-07-22T22:35:54Z,-21.7272569,166.1541370,13.4,69977.9,10.180,134,81,164
2026-07-22T22:35:55Z,-21.7271599,166.1541370,13.4,69988.8,10.480,135,81,165
2026-07-22T22:35:56Z,-21.7270680,166.1541800,13.2,69999.5,10.600,135,81,164
2026-07-22T22:35:57Z,-21.7269820,166.1542220,13.2,70010.5,10.740,134,81,165
2026-07-22T22:35:58Z,-21.7269159,166.1542869,13.2,70020.4,10.540,134,81,165
2026-07-22T22:35:59Z,-21.7268679,166.1543729,13.2,70031.2,10.660,134,81,165
2026-07-22T22:36:00Z,-21.7268399,166.1544689,13.2,70041.6,10.560,134,81,164
2026-07-22T22:36:01Z,-21.7268129,166.1545550,13.2,70051.6,10.420,134,81,164
2026-07-22T22:36:02Z,-21.7267859,166.1546620,13.2,70061.7,10.240,134,80,164
2026-07-22T22:36:03Z,-21.7267579,166.1547589,13.2,70072.1,10.340,134,80,165
2026-07-22T22:36:04Z,-21.7267289,166.1548550,13.2,70082.2,10.200,134,79,165
2026-07-22T22:36:05Z,-21.7266949,166.1549410,13.2,70092.3,10.140,134,80,164
2026-07-22T22:36:06Z,-21.7266590,166.1550159,13.2,70102.1,10.100,134,79,165
2026-07-22T22:36:07Z,-21.7266200,166.1551130,13.2,70112.1,10.080,134,79,164
2026-07-22T22:36:08Z,-21.7265900,166.1551990,13.2,70121.4,9.860,134,78,164
2026-07-22T22:36:09Z,-21.7265610,166.1552950,13.2,70131.2,9.800,134,78,164
2026-07-22T22:36:10Z,-21.7265290,166.1553700,13.4,70141.2,9.780,134,78,165
2026-07-22T22:36:11Z,-21.7264910,166.1554560,13.4,70150.6,9.700,134,78,165
2026-07-22T22:36:12Z,-21.7264379,166.1555420,13.4,70160.2,9.620,134,79,164
2026-07-22T22:36:13Z,-21.7263659,166.1555850,13.2,70169.9,9.700,134,79,164
2026-07-22T22:36:14Z,-21.7262850,166.1555959,13.2,70179.1,9.580,134,79,164
2026-07-22T22:36:15Z,-21.7261969,166.1555959,13.0,70189.0,9.560,134,80,165
2026-07-22T22:36:16Z,-21.7261130,166.1555639,12.8,70198.7,9.620,134,79,164
2026-07-22T22:36:17Z,-21.7260320,166.1555209,12.8,70208.4,9.640,133,79,164
2026-07-22T22:36:18Z,-21.7259509,166.1554880,12.6,70218.4,9.700,133,79,164
2026-07-22T22:36:19Z,-21.7258639,166.1554560,12.4,70228.2,9.820,134,79,164
2026-07-22T22:36:20Z,-21.7257779,166.1554880,12.2,70238.4,9.880,134,80,165
2026-07-22T22:36:21Z,-21.7257150,166.1555639,12.2,70248.7,10.000,134,79,165
2026-07-22T22:36:22Z,-21.7256820,166.1556600,12.2,70258.8,10.080,134,79,165
2026-07-22T22:36:23Z,-21.7256690,166.1557460,12.2,70268.8,10.080,133,80,165
2026-07-22T22:36:24Z,-21.7256649,166.1558430,12.4,70278.7,10.100,134,79,164
2026-07-22T22:36:25Z,-21.7256619,166.1559500,12.4,70288.8,10.080,134,80,164
2026-07-22T22:36:26Z,-21.7256580,166.1560360,12.4,70298.3,9.920,133,78,164
2026-07-22T22:36:27Z,-21.7256420,166.1561320,12.4,70308.1,9.860,133,78,164
2026-07-22T22:36:28Z,-21.7256110,166.1562070,12.4,70317.6,9.760,133,77,164
2026-07-22T22:36:29Z,-21.7255720,166.1563040,12.2,70327.1,9.680,133,77,165
2026-07-22T22:36:30Z,-21.7255299,166.1563790,12.2,70336.9,9.620,134,77,165
2026-07-22T22:36:31Z,-21.7254840,166.1564539,12.0,70346.6,9.660,133,78,164
2026-07-22T22:36:32Z,-21.7254339,166.1565399,12.0,70356.5,9.680,133,78,165
2026-07-22T22:36:33Z,-21.7253820,166.1566149,11.8,70366.6,9.800,133,79,165
2026-07-22T22:36:34Z,-21.7253309,166.1567009,11.6,70376.3,9.840,133,79,164
2026-07-22T22:36:35Z,-21.7252759,166.1567760,11.6,70386.4,9.900,133,80,165
2026-07-22T22:36:36Z,-21.7252220,166.1568510,11.4,70396.4,9.960,133,79,165
2026-07-22T22:36:37Z,-21.7251690,166.1569260,11.2,70406.6,10.020,132,79,164
2026-07-22T22:36:38Z,-21.7251149,166.1570120,11.0,70417.1,10.100,132,79,165
2026-07-22T22:36:39Z,-21.7250680,166.1570980,11.0,70427.1,10.160,132,79,164
2026-07-22T22:36:40Z,-21.7250210,166.1571840,10.8,70437.6,10.240,132,80,165
2026-07-22T22:36:41Z,-21.7249780,166.1572800,10.8,70448.1,10.340,132,79,164
2026-07-22T22:36:42Z,-21.7249439,166.1573660,10.6,70458.6,10.400,132,79,164
2026-07-22T22:36:43Z,-21.7249190,166.1574629,10.6,70468.8,10.340,131,79,164
2026-07-22T22:36:44Z,-21.7249060,166.1575700,10.6,70479.2,10.420,131,78,165
2026-07-22T22:36:45Z,-21.7249070,166.1576560,10.4,70489.2,10.320,131,78,165
2026-07-22T22:36:46Z,-21.7249299,166.1577629,10.4,70499.6,10.300,131,78,164
2026-07-22T22:36:47Z,-21.7249699,166.1578379,10.4,70509.9,10.260,131,79,165
2026-07-22T22:36:48Z,-21.7250210,166.1579349,10.4,70519.9,10.220,131,79,165
2026-07-22T22:36:49Z,-21.7250830,166.1579880,10.4,70530.1,10.180,131,79,164
2026-07-22T22:36:50Z,-21.7251540,166.1580740,10.2,70540.2,10.200,131,80,164
2026-07-22T22:36:51Z,-21.7252319,166.1581170,10.4,70550.2,10.120,131,81,164
2026-07-22T22:36:52Z,-21.7253149,166.1581490,10.4,70560.0,10.020,131,80,165
2026-07-22T22:36:53Z,-21.7254039,166.1581600,10.8,70569.8,9.980,132,80,165
2026-07-22T22:36:54Z,-21.7254850,166.1581809,11.0,70579.0,9.780,132,80,164
2026-07-22T22:36:55Z,-21.7255660,166.1581920,11.2,70588.0,9.560,132,80,165
2026-07-22T22:36:56Z,-21.7256479,166.1582030,11.4,70597.2,9.400,131,81,164
2026-07-22T22:36:57Z,-21.7257209,166.1582239,11.6,70605.7,9.140,132,79,164
2026-07-22T22:36:58Z,-21.7257980,166.1582350,11.8,70614.1,8.860,132,79,165
2026-07-22T22:36:59Z,-21.7258730,166.1582350,12.0,70622.5,8.700,132,79,165
2026-07-22T22:37:00Z,-21.7259450,166.1582569,12.2,70630.7,8.540,132,79,164
2026-07-22T22:37:01Z,-21.7260140,166.1582669,12.4,70638.4,8.240,132,81,165
2026-07-22T22:37:02Z,-21.7260819,166.1582890,12.6,70646.1,8.080,132,80,164
2026-07-22T22:37:03Z,-21.7261489,166.1582989,12.8,70653.6,7.900,132,80,165
2026-07-22T22:37:04Z,-21.7262160,166.1582989,13.0,70661.0,7.700,132,80,165
2026-07-22T22:37:05Z,-21.7262809,166.1583099,13.2,70668.3,7.520,132,80,164
2026-07-22T22:37:06Z,-21.7263450,166.1583320,13.2,70675.6,7.440,133,80,165
2026-07-22T22:37:07Z,-21.7264109,166.1583320,13.4,70682.7,7.320,133,80,164
2026-07-22T22:37:08Z,-21.7264740,166.1583419,13.6,70689.8,7.240,132,80,165
2026-07-22T22:37:09Z,-21.7265340,166.1583640,13.8,70696.8,7.160,132,79,164
2026-07-22T22:37:10Z,-21.7265959,166.1583750,14.0,70703.6,7.060,132,79,165
2026-07-22T22:37:11Z,-21.7266559,166.1583750,14.2,70710.5,6.980,132,79,164
2026-07-22T22:37:12Z,-21.7267180,166.1583849,14.4,70717.3,6.920,132,79,165
2026-07-22T22:37:13Z,-21.7267780,166.1584070,14.4,70724.1,6.860,132,80,164
2026-07-22T22:37:14Z,-21.7268370,166.1584170,14.6,70730.7,6.780,132,80,165
2026-07-22T22:37:15Z,-21.7268960,166.1584170,14.8,70737.4,6.760,131,80,164
2026-07-22T22:37:16Z,-21.7269569,166.1584389,15.0,70744.0,6.700,131,80,165
2026-07-22T22:37:17Z,-21.7270119,166.1584709,15.0,70750.6,6.660,131,80,164
2026-07-22T22:37:18Z,-21.7270579,166.1584930,15.2,70757.2,6.620,131,80,164
2026-07-22T22:37:19Z,-21.7271029,166.1585460,15.2,70763.9,6.640,130,80,165
2026-07-22T22:37:20Z,-21.7271390,166.1585890,15.2,70770.7,6.660,130,80,165
2026-07-22T22:37:21Z,-21.7271709,166.1586530,15.2,70777.5,6.700,130,81,165
2026-07-22T22:37:22Z,-21.7272009,166.1587070,15.2,70784.6,6.800,131,81,119
2026-07-22T22:37:23Z,-21.7272250,166.1587719,15.2,70791.7,6.900,131,81,119
2026-07-22T22:37:24Z,-21.7272439,166.1588470,15.2,70799.0,7.020,130,77,164
2026-07-22T22:37:25Z,-21.7272559,166.1589110,15.2,70806.3,7.120,130,77,164
2026-07-22T22:37:26Z,-21.7272609,166.1589859,15.2,70814.0,7.300,131,77,164
2026-07-22T22:37:27Z,-21.7272599,166.1590609,15.0,70821.6,7.400,131,78,164
2026-07-22T22:37:28Z,-21.7272480,166.1591360,15.0,70829.3,7.520,130,78,164
2026-07-22T22:37:29Z,-21.7272190,166.1592009,15.0,70837.2,7.640,131,77,164
2026-07-22T22:37:30Z,-21.7271780,166.1592650,15.0,70845.1,7.760,131,77,164
2026-07-22T22:37:31Z,-21.7271210,166.1593080,15.0,70853.2,7.840,132,77,164
2026-07-22T22:37:32Z,-21.7270579,166.1593510,15.0,70861.2,7.920,132,77,165
2026-07-22T22:37:33Z,-21.7269950,166.1593940,15.0,70869.3,8.000,133,77,165
2026-07-22T22:37:34Z,-21.7269350,166.1594260,15.0,70877.4,8.039,133,77,164
2026-07-22T22:37:35Z,-21.7268719,166.1594690,15.0,70885.7,8.119,134,76,164
2026-07-22T22:37:36Z,-21.7268080,166.1595230,15.0,70894.0,8.160,134,76,164
2026-07-22T22:37:37Z,-21.7267460,166.1595649,15.0,70902.2,8.200,134,77,164
2026-07-22T22:37:38Z,-21.7266819,166.1596079,15.0,70910.6,8.260,134,75,164
2026-07-22T22:37:39Z,-21.7266190,166.1596619,15.0,70918.9,8.300,134,75,164
2026-07-22T22:37:40Z,-21.7265559,166.1596830,15.0,70927.0,8.260,134,75,164
2026-07-22T22:37:41Z,-21.7264910,166.1597369,15.0,70935.5,8.300,134,75,165
2026-07-22T22:37:42Z,-21.7264280,166.1597799,15.0,70943.6,8.280,134,76,165
2026-07-22T22:37:43Z,-21.7263620,166.1598120,15.0,70952.0,8.280,134,75,165
2026-07-22T22:37:44Z,-21.7262949,166.1598550,15.0,70960.5,8.320,133,76,165
2026-07-22T22:37:45Z,-21.7262310,166.1598980,15.0,70969.0,8.400,133,77,166
2026-07-22T22:37:46Z,-21.7261679,166.1599519,15.0,70977.3,8.360,133,78,165
2026-07-22T22:37:47Z,-21.7261040,166.1599949,15.0,70985.8,8.440,133,80,165
2026-07-22T22:37:48Z,-21.7260369,166.1600270,15.0,70994.5,8.500,133,79,164
2026-07-22T22:37:49Z,-21.7259690,166.1600700,15.0,71002.9,8.480,133,79,164
2026-07-22T22:37:50Z,-21.7259049,166.1601130,15.0,71011.5,8.500,133,78,164
2026-07-22T22:37:51Z,-21.7258410,166.1601560,15.0,71020.0,8.540,133,78,165
2026-07-22T22:37:52Z,-21.7257749,166.1602089,15.0,71028.5,8.540,133,79,164
2026-07-22T22:37:53Z,-21.7257079,166.1602519,15.0,71037.0,8.500,133,80,165
2026-07-22T22:37:54Z,-21.7256420,166.1602839,15.0,71045.6,8.540,133,80,164
2026-07-22T22:37:55Z,-21.7255749,166.1603269,15.0,71054.4,8.580,133,80,165
2026-07-22T22:37:56Z,-21.7255070,166.1603699,15.0,71063.1,8.620,133,79,164
2026-07-22T22:37:57Z,-21.7254400,166.1604239,15.0,71071.9,8.680,133,79,165
2026-07-22T22:37:58Z,-21.7253729,166.1604669,15.0,71080.6,8.720,133,79,164
2026-07-22T22:37:59Z,-21.7253060,166.1605099,15.0,71089.4,8.760,133,80,164
2026-07-22T22:38:00Z,-21.7252400,166.1605529,15.0,71098.1,8.740,132,80,164
2026-07-22T22:38:01Z,-21.7251700,166.1606060,15.0,71106.9,8.760,132,80,164
2026-07-22T22:38:02Z,-21.7251060,166.1606490,15.0,71115.6,8.740,132,80,164
2026-07-22T22:38:03Z,-21.7250429,166.1606920,15.0,71124.4,8.760,132,80,164
2026-07-22T22:38:04Z,-21.7249889,166.1607559,15.0,71133.1,8.740,132,80,164
2026-07-22T22:38:05Z,-21.7249439,166.1608309,15.0,71142.0,8.780,132,80,164
2026-07-22T22:38:06Z,-21.7249149,166.1609070,15.0,71150.8,8.780,132,79,164
2026-07-22T22:38:07Z,-21.7249060,166.1610029,15.0,71159.8,8.840,133,79,164
2026-07-22T22:38:08Z,-21.7249110,166.1610780,15.0,71168.4,8.800,132,78,165
2026-07-22T22:38:09Z,-21.7249259,166.1611640,15.0,71177.5,8.880,132,77,165
2026-07-22T22:38:10Z,-21.7249490,166.1612390,15.0,71186.5,8.900,132,78,164
2026-07-22T22:38:11Z,-21.7249780,166.1613360,15.0,71195.2,8.880,133,78,164
2026-07-22T22:38:12Z,-21.7250110,166.1614110,15.0,71204.3,8.900,132,78,165
2026-07-22T22:38:13Z,-21.7250449,166.1614860,15.0,71213.1,8.940,132,78,165
2026-07-22T22:38:14Z,-21.7250830,166.1615609,15.0,71221.8,8.860,132,78,164
2026-07-22T22:38:15Z,-21.7251190,166.1616250,15.0,71230.4,8.780,133,78,164
2026-07-22T22:38:16Z,-21.7251589,166.1617000,15.0,71239.2,8.800,132,78,165
2026-07-22T22:38:17Z,-21.7251970,166.1617759,15.2,71247.9,8.720,132,78,165
2026-07-22T22:38:18Z,-21.7252360,166.1618509,15.2,71256.9,8.760,133,79,165
2026-07-22T22:38:19Z,-21.7252719,166.1619260,15.0,71265.8,8.800,132,79,164
2026-07-22T22:38:20Z,-21.7253039,166.1620120,15.0,71274.5,8.820,132,78,164
2026-07-22T22:38:21Z,-21.7253350,166.1620870,15.0,71283.3,8.820,132,78,165
2026-07-22T22:38:22Z,-21.7253589,166.1621730,14.8,71292.2,8.860,132,77,164
2026-07-22T22:38:23Z,-21.7253769,166.1622480,14.6,71301.6,8.940,132,77,164
2026-07-22T22:38:24Z,-21.7253889,166.1623440,14.4,71310.9,9.020,132,77,164
2026-07-22T22:38:25Z,-21.7253909,166.1624300,14.0,71320.5,9.200,131,77,164
2026-07-22T22:38:26Z,-21.7253940,166.1625369,13.8,71330.5,9.440,131,77,164
2026-07-22T22:38:27Z,-21.7253940,166.1626340,13.4,71340.5,9.660,131,77,165
2026-07-22T22:38:28Z,-21.7253950,166.1627409,13.0,71350.9,9.860,131,77,164
2026-07-22T22:38:29Z,-21.7254049,166.1628480,12.6,71361.9,10.200,131,77,164
2026-07-22T22:38:30Z,-21.7254260,166.1629340,12.2,71372.7,10.440,131,76,164
2026-07-22T22:38:31Z,-21.7254670,166.1630419,12.0,71383.8,10.660,131,72,164
2026-07-22T22:38:32Z,-21.7255270,166.1631169,11.8,71395.0,10.900,131,71,164
2026-07-22T22:38:33Z,-21.7256130,166.1631810,11.8,71406.0,11.020,131,74,164
2026-07-22T22:38:34Z,-21.7257110,166.1631920,11.8,71417.1,11.040,131,74,164
2026-07-22T22:38:35Z,-21.7258059,166.1632129,12.0,71427.8,11.020,131,74,165
2026-07-22T22:38:36Z,-21.7259010,166.1632129,12.2,71438.4,10.920,131,75,165
2026-07-22T22:38:37Z,-21.7259919,166.1632129,12.4,71448.5,10.700,131,75,165
2026-07-22T22:38:38Z,-21.7260860,166.1632240,12.6,71458.8,10.560,132,77,165
2026-07-22T22:38:39Z,-21.7261710,166.1632559,12.8,71468.7,10.320,132,78,165
2026-07-22T22:38:40Z,-21.7262359,166.1632990,12.8,71477.8,10.000,132,79,166
2026-07-22T22:38:41Z,-21.7262890,166.1633850,12.8,71487.6,9.840,132,79,74
2026-07-22T22:38:42Z,-21.7263209,166.1634710,12.6,71497.1,9.720,133,79,0
2026-07-22T22:38:43Z,-21.7263379,166.1635459,12.6,71506.6,9.560,134,66,119
2026-07-22T22:38:44Z,-21.7263440,166.1636420,12.4,71516.0,9.460,133,76,164
2026-07-22T22:38:45Z,-21.7263420,166.1637280,12.2,71525.6,9.560,133,75,165
2026-07-22T22:38:46Z,-21.7263379,166.1638250,12.2,71534.8,9.440,133,75,165
2026-07-22T22:38:47Z,-21.7263340,166.1639110,12.0,71544.5,9.480,133,75,164
2026-07-22T22:38:48Z,-21.7263330,166.1640180,11.8,71554.4,9.560,133,75,164
2026-07-22T22:38:49Z,-21.7263420,166.1641140,11.8,71564.3,9.660,133,76,164
2026-07-22T22:38:50Z,-21.7263659,166.1642000,11.6,71574.4,9.760,133,74,164
2026-07-22T22:38:51Z,-21.7264150,166.1642969,11.8,71584.5,9.940,133,74,164
2026-07-22T22:38:52Z,-21.7264790,166.1643399,12.0,71594.1,9.920,133,74,165
2026-07-22T22:38:53Z,-21.7265559,166.1643829,12.2,71603.4,9.800,133,74,165
2026-07-22T22:38:54Z,-21.7266360,166.1644040,12.6,71612.5,9.640,133,74,164
2026-07-22T22:38:55Z,-21.7267150,166.1644150,13.0,71621.4,9.400,133,73,164
2026-07-22T22:38:56Z,-21.7267920,166.1644150,13.2,71629.8,9.060,133,73,164
2026-07-22T22:38:57Z,-21.7268640,166.1644150,13.6,71637.9,8.760,134,73,165
2026-07-22T22:38:58Z,-21.7269350,166.1644359,13.8,71645.8,8.480,134,73,164
2026-07-22T22:38:59Z,-21.7270019,166.1644470,14.2,71653.2,8.140,133,74,164
2026-07-22T22:39:00Z,-21.7270620,166.1644689,14.4,71660.4,7.800,133,73,165
2026-07-22T22:39:01Z,-21.7271200,166.1644900,14.6,71667.2,7.480,134,73,165
2026-07-22T22:39:02Z,-21.7271709,166.1645440,14.8,71674.1,7.240,134,74,165
2026-07-22T22:39:03Z,-21.7272149,166.1645649,15.0,71680.5,6.940,134,74,164
2026-07-22T22:39:04Z,-21.7272569,166.1646190,15.2,71687.0,6.760,133,75,165
2026-07-22T22:39:05Z,-21.7272999,166.1646620,15.2,71693.9,6.700,133,75,164
2026-07-22T22:39:06Z,-21.7273370,166.1647050,15.4,71700.3,6.620,134,74,164
2026-07-22T22:39:07Z,-21.7273719,166.1647689,15.6,71706.7,6.520,133,74,164
2026-07-22T22:39:08Z,-21.7273999,166.1648119,15.6,71712.8,6.460,134,74,164
2026-07-22T22:39:09Z,-21.7274309,166.1648760,15.8,71719.4,6.480,134,73,165
2026-07-22T22:39:10Z,-21.7274579,166.1649190,15.8,71725.9,6.400,133,74,165
2026-07-22T22:39:11Z,-21.7274810,166.1649839,16.0,71732.0,6.340,133,72,164
2026-07-22T22:39:12Z,-21.7275009,166.1650480,16.0,71738.5,6.360,133,72,164
2026-07-22T22:39:13Z,-21.7275210,166.1650910,16.2,71745.1,6.460,133,72,165
2026-07-22T22:39:14Z,-21.7275360,166.1651549,16.4,71751.3,6.380,133,71,164
2026-07-22T22:39:15Z,-21.7275489,166.1652090,16.4,71757.8,6.380,133,72,163
2026-07-22T22:39:16Z,-21.7275589,166.1652729,16.6,71763.8,6.360,133,71,163
2026-07-22T22:39:17Z,-21.7275670,166.1653380,16.8,71769.9,6.280,133,70,164
2026-07-22T22:39:18Z,-21.7275710,166.1653910,17.0,71776.1,6.200,133,68,165
2026-07-22T22:39:19Z,-21.7275729,166.1654560,17.2,71782.2,6.180,132,68,165
2026-07-22T22:39:20Z,-21.7275729,166.1654980,17.4,71788.0,6.040,132,68,165
2026-07-22T22:39:21Z,-21.7275729,166.1655630,17.4,71793.9,6.020,132,68,165
2026-07-22T22:39:22Z,-21.7275729,166.1656060,17.6,71799.3,5.880,132,68,165
2026-07-22T22:39:23Z,-21.7275720,166.1656700,17.8,71805.2,5.820,132,68,164
2026-07-22T22:39:24Z,-21.7275680,166.1657349,18.0,71810.9,5.740,131,68,165
2026-07-22T22:39:25Z,-21.7275670,166.1657769,18.2,71816.5,5.700,132,70,165
2026-07-22T22:39:26Z,-21.7275629,166.1658420,18.2,71821.8,5.580,131,69,165
2026-07-22T22:39:27Z,-21.7275599,166.1658850,18.4,71827.2,5.580,132,70,164
2026-07-22T22:39:28Z,-21.7275589,166.1659380,18.6,71832.6,5.480,132,70,164
2026-07-22T22:39:29Z,-21.7275550,166.1659919,18.8,71838.3,5.480,132,69,164
2026-07-22T22:39:30Z,-21.7275550,166.1660349,18.8,71843.6,5.420,132,70,164
2026-07-22T22:39:31Z,-21.7275550,166.1660990,19.0,71849.3,5.500,132,69,165
2026-07-22T22:39:32Z,-21.7275550,166.1661420,19.2,71854.6,5.480,132,69,164
2026-07-22T22:39:33Z,-21.7275570,166.1662069,19.2,71860.0,5.480,132,69,165
2026-07-22T22:39:34Z,-21.7275599,166.1662499,19.4,71865.5,5.440,132,69,164
2026-07-22T22:39:35Z,-21.7275670,166.1663140,19.4,71871.0,5.480,132,70,164
2026-07-22T22:39:36Z,-21.7275729,166.1663570,19.6,71876.5,5.440,132,69,165
2026-07-22T22:39:37Z,-21.7275830,166.1664209,19.6,71882.0,5.480,132,69,164
2026-07-22T22:39:38Z,-21.7276000,166.1664639,19.6,71887.8,5.560,132,69,164
2026-07-22T22:39:39Z,-21.7276220,166.1665069,19.8,71893.4,5.580,132,69,164
2026-07-22T22:39:40Z,-21.7276459,166.1665710,19.8,71899.6,5.720,132,70,164
2026-07-22T22:39:41Z,-21.7276769,166.1666140,19.8,71905.6,5.820,132,69,164
2026-07-22T22:39:42Z,-21.7277080,166.1666570,19.8,71911.8,5.960,132,68,164
2026-07-22T22:39:43Z,-21.7277400,166.1667109,19.8,71918.0,6.040,133,68,164
2026-07-22T22:39:44Z,-21.7277759,166.1667640,19.8,71924.7,6.260,133,68,165
2026-07-22T22:39:45Z,-21.7278110,166.1668180,19.8,71931.3,6.340,132,68,164
2026-07-22T22:39:46Z,-21.7278469,166.1668720,19.8,71938.5,6.580,132,67,164
2026-07-22T22:39:47Z,-21.7278789,166.1669360,19.8,71945.4,6.720,132,67,164
2026-07-22T22:39:48Z,-21.7279059,166.1670010,19.6,71952.4,6.880,132,68,165
2026-07-22T22:39:49Z,-21.7279250,166.1670539,19.6,71959.9,7.040,132,68,164
2026-07-22T22:39:50Z,-21.7279329,166.1671289,19.6,71967.4,7.220,132,70,164
2026-07-22T22:39:51Z,-21.7279260,166.1672149,19.6,71974.9,7.280,132,69,165
2026-07-22T22:39:52Z,-21.7279069,166.1672689,19.6,71982.8,7.480,132,69,165
2026-07-22T22:39:53Z,-21.7278850,166.1673439,19.6,71990.2,7.560,132,70,165
2026-07-22T22:39:54Z,-21.7278560,166.1674190,19.6,71998.3,7.680,132,71,165
2026-07-22T22:39:55Z,-21.7278219,166.1674830,19.6,72006.2,7.760,132,73,164
2026-07-22T22:39:56Z,-21.7277879,166.1675480,19.6,72014.1,7.840,132,72,164
2026-07-22T22:39:57Z,-21.7277479,166.1676230,19.6,72022.0,7.840,132,72,164
2026-07-22T22:39:58Z,-21.7277080,166.1676869,19.6,72029.8,7.920,132,71,164
2026-07-22T22:39:59Z,-21.7276589,166.1677410,19.6,72038.7,8.080,132,72,164
2026-07-22T22:40:00Z,-21.7276199,166.1678049,19.8,72045.7,7.900,132,73,164
2026-07-22T22:40:01Z,-21.7275680,166.1678700,19.8,72054.3,8.039,132,72,164
2026-07-22T22:40:02Z,-21.7275179,166.1679120,19.8,72062.4,8.080,132,72,164
2026-07-22T22:40:03Z,-21.7274690,166.1679769,19.8,72070.4,8.119,132,71,164
2026-07-22T22:40:04Z,-21.7274179,166.1680309,19.8,72078.4,7.940,132,71,165
2026-07-22T22:40:05Z,-21.7273640,166.1680840,19.8,72086.6,8.180,132,73,164
2026-07-22T22:40:06Z,-21.7273110,166.1681380,19.8,72095.0,8.140,132,72,165
2026-07-22T22:40:07Z,-21.7272559,166.1682020,19.8,72103.4,8.200,132,72,164
2026-07-22T22:40:08Z,-21.7272019,166.1682450,19.8,72111.4,8.200,132,72,165
2026-07-22T22:40:09Z,-21.7271439,166.1683089,19.8,72119.9,8.300,132,72,165
2026-07-22T22:40:10Z,-21.7270920,166.1683519,19.8,72128.1,8.300,132,73,164
2026-07-22T22:40:11Z,-21.7270360,166.1684170,19.8,72136.6,8.320,132,72,164
2026-07-22T22:40:12Z,-21.7269820,166.1684600,19.8,72144.6,8.240,132,72,164
2026-07-22T22:40:13Z,-21.7269269,166.1685239,19.8,72153.2,8.360,132,71,165
2026-07-22T22:40:14Z,-21.7268719,166.1685880,19.8,72161.5,8.320,132,71,164
2026-07-22T22:40:15Z,-21.7268170,166.1686420,19.8,72170.0,8.380,132,72,164
2026-07-22T22:40:16Z,-21.7267630,166.1686850,19.8,72178.5,8.380,132,71,165
2026-07-22T22:40:17Z,-21.7267080,166.1687490,19.8,72187.0,8.480,132,71,164
2026-07-22T22:40:18Z,-21.7266519,166.1688140,19.8,72195.4,8.440,132,71,164
2026-07-22T22:40:19Z,-21.7265969,166.1688780,19.8,72203.8,8.460,132,71,164
2026-07-22T22:40:20Z,-21.7265419,166.1689210,19.8,72212.5,8.500,132,71,165
2026-07-22T22:40:21Z,-21.7264870,166.1689750,19.8,72220.9,8.480,132,71,165
2026-07-22T22:40:22Z,-21.7264330,166.1690389,19.8,72229.3,8.460,131,70,165
2026-07-22T22:40:23Z,-21.7263760,166.1691030,19.8,72238.1,8.540,131,70,165
2026-07-22T22:40:24Z,-21.7263209,166.1691460,19.8,72246.6,8.560,131,71,165
2026-07-22T22:40:25Z,-21.7262659,166.1692109,19.8,72255.3,8.560,131,72,164
2026-07-22T22:40:26Z,-21.7262099,166.1692750,19.8,72263.7,8.560,131,74,165
2026-07-22T22:40:27Z,-21.7261550,166.1693289,19.8,72272.3,8.600,131,73,165
2026-07-22T22:40:28Z,-21.7260980,166.1693719,19.8,72280.9,8.560,130,73,164
2026-07-22T22:40:29Z,-21.7260420,166.1694360,19.8,72289.4,8.560,130,73,165
2026-07-22T22:40:30Z,-21.7259870,166.1694999,19.8,72297.9,8.520,130,74,165
2026-07-22T22:40:31Z,-21.7259290,166.1695650,19.8,72306.8,8.620,130,75,164
2026-07-22T22:40:32Z,-21.7258740,166.1696179,19.8,72315.5,8.640,130,75,164
2026-07-22T22:40:33Z,-21.7258189,166.1696609,19.8,72323.9,8.600,130,76,165
2026-07-22T22:40:34Z,-21.7257619,166.1697260,19.8,72332.6,8.640,130,77,164
2026-07-22T22:40:35Z,-21.7257069,166.1697899,19.8,72341.3,8.680,130,77,164
2026-07-22T22:40:36Z,-21.7256489,166.1698540,19.8,72350.0,8.640,130,78,165
2026-07-22T22:40:37Z,-21.7255940,166.1699080,19.8,72358.6,8.620,131,78,165
2026-07-22T22:40:38Z,-21.7255360,166.1699619,19.8,72367.3,8.680,131,80,164
2026-07-22T22:40:39Z,-21.7254810,166.1700150,19.8,72375.8,8.640,133,81,164
2026-07-22T22:40:40Z,-21.7254250,166.1700800,19.8,72384.7,8.680,132,81,165
2026-07-22T22:40:41Z,-21.7253690,166.1701440,19.8,72393.3,8.660,132,81,164
2026-07-22T22:40:42Z,-21.7253140,166.1701980,19.8,72402.0,8.680,132,79,164
2026-07-22T22:40:43Z,-21.7252560,166.1702510,19.8,72410.8,8.700,133,79,164
2026-07-22T22:40:44Z,-21.7251999,166.1703049,19.8,72419.6,8.760,133,78,164
2026-07-22T22:40:45Z,-21.7251429,166.1703690,19.8,72428.2,8.700,133,77,164
2026-07-22T22:40:46Z,-21.7250869,166.1704339,19.8,72436.9,8.720,133,78,164
2026-07-22T22:40:47Z,-21.7250289,166.1704870,19.8,72445.8,8.760,133,76,165
2026-07-22T22:40:48Z,-21.7249760,166.1705410,19.8,72454.2,8.680,133,76,165
2026-07-22T22:40:49Z,-21.7249169,166.1705949,19.8,72463.3,8.740,133,77,165
2026-07-22T22:40:50Z,-21.7248620,166.1706590,19.8,72471.9,8.740,133,77,165
2026-07-22T22:40:51Z,-21.7248070,166.1707229,19.6,72480.5,8.720,133,78,165
2026-07-22T22:40:52Z,-21.7247490,166.1707770,19.6,72489.2,8.680,133,78,165
2026-07-22T22:40:53Z,-21.7246910,166.1708410,19.6,72498.1,8.780,133,78,164
2026-07-22T22:40:54Z,-21.7246350,166.1709060,19.6,72507.0,8.740,132,78,164
2026-07-22T22:40:55Z,-21.7245790,166.1709490,19.6,72515.6,8.740,132,77,164
2026-07-22T22:40:56Z,-21.7245239,166.1710129,19.6,72524.2,8.740,132,79,165
2026-07-22T22:40:57Z,-21.7244669,166.1710669,19.6,72533.1,8.780,132,79,165
2026-07-22T22:40:58Z,-21.7244099,166.1711310,19.6,72541.8,8.740,131,80,165
2026-07-22T22:40:59Z,-21.7243519,166.1711959,19.6,72550.6,8.720,131,80,164
2026-07-22T22:41:00Z,-21.7242969,166.1712490,19.6,72559.3,8.740,131,80,165
2026-07-22T22:41:01Z,-21.7242389,166.1713030,19.6,72568.1,8.780,131,80,164
2026-07-22T22:41:02Z,-21.7241829,166.1713559,19.6,72576.8,8.740,131,79,164
2026-07-22T22:41:03Z,-21.7241270,166.1714210,19.6,72585.6,8.760,131,80,164
2026-07-22T22:41:04Z,-21.7240700,166.1714849,19.6,72594.3,8.740,131,80,165
2026-07-22T22:41:05Z,-21.7240130,166.1715390,19.6,72603.1,8.760,131,80,164
2026-07-22T22:41:06Z,-21.7239580,166.1716030,19.6,72611.9,8.760,131,80,164
2026-07-22T22:41:07Z,-21.7239040,166.1716680,19.6,72620.7,8.780,131,81,165
2026-07-22T22:41:08Z,-21.7238590,166.1717210,19.6,72629.4,8.760,131,81,165
2026-07-22T22:41:09Z,-21.7238180,166.1718070,19.6,72638.0,8.740,132,81,164
2026-07-22T22:41:10Z,-21.7237820,166.1718820,19.6,72646.7,8.720,132,81,164
2026-07-22T22:41:11Z,-21.7237469,166.1719569,19.6,72655.5,8.720,132,81,165
2026-07-22T22:41:12Z,-21.7237179,166.1720319,19.6,72664.2,8.700,132,79,164
2026-07-22T22:41:13Z,-21.7236909,166.1721070,19.6,72672.7,8.660,132,80,164
2026-07-22T22:41:14Z,-21.7236639,166.1721830,19.6,72681.5,8.700,133,81,165
2026-07-22T22:41:15Z,-21.7236369,166.1722580,19.6,72690.2,8.700,133,81,165
2026-07-22T22:41:16Z,-21.7236100,166.1723540,19.6,72699.2,8.740,133,80,164
2026-07-22T22:41:17Z,-21.7235840,166.1724290,19.6,72707.9,8.740,133,79,164
2026-07-22T22:41:18Z,-21.7235530,166.1725039,19.6,72716.8,8.820,133,80,164
2026-07-22T22:41:19Z,-21.7235230,166.1725799,19.6,72725.5,8.800,133,79,164
2026-07-22T22:41:20Z,-21.7234870,166.1726550,19.6,72734.4,8.840,133,79,164
2026-07-22T22:41:21Z,-21.7234479,166.1727300,19.6,72743.3,8.820,132,79,164
2026-07-22T22:41:22Z,-21.7234069,166.1728049,19.6,72751.9,8.800,133,78,164
2026-07-22T22:41:23Z,-21.7233609,166.1728910,19.6,72761.1,8.860,132,77,164
2026-07-22T22:41:24Z,-21.7233150,166.1729440,19.6,72769.7,8.840,132,78,164
2026-07-22T22:41:25Z,-21.7232670,166.1730190,19.6,72778.7,8.860,132,77,164
2026-07-22T22:41:26Z,-21.7232159,166.1730839,19.6,72787.6,8.860,132,77,164
2026-07-22T22:41:27Z,-21.7231670,166.1731480,19.6,72796.4,8.900,132,77,165
2026-07-22T22:41:28Z,-21.7231139,166.1732229,19.6,72805.2,8.820,132,76,164
2026-07-22T22:41:29Z,-21.7230609,166.1732880,19.6,72814.2,8.900,132,77,165
2026-07-22T22:41:30Z,-21.7230080,166.1733409,19.6,72823.0,8.860,132,78,165
2026-07-22T22:41:31Z,-21.7229550,166.1734060,19.6,72831.9,8.860,132,78,165
2026-07-22T22:41:32Z,-21.7229009,166.1734809,19.6,72840.8,8.880,132,77,164
2026-07-22T22:41:33Z,-21.7228459,166.1735450,19.6,72849.8,8.920,132,77,165
2026-07-22T22:41:34Z,-21.7227900,166.1735989,19.6,72858.6,8.880,132,78,164
2026-07-22T22:41:35Z,-21.7227330,166.1736630,19.6,72867.4,8.880,132,78,165
2026-07-22T22:41:36Z,-21.7226760,166.1737279,19.6,72876.4,8.900,132,79,164
2026-07-22T22:41:37Z,-21.7226180,166.1737699,19.6,72885.0,8.840,132,79,164
2026-07-22T22:41:38Z,-21.7225579,166.1738350,19.6,72894.0,8.840,132,79,164
2026-07-22T22:41:39Z,-21.7224989,166.1738879,19.6,72902.9,8.860,133,79,164
2026-07-22T22:41:40Z,-21.7224399,166.1739530,19.6,72911.9,8.900,132,79,165
2026-07-22T22:41:41Z,-21.7223819,166.1740169,19.6,72921.0,8.920,133,79,164
2026-07-22T22:41:42Z,-21.7223229,166.1740820,19.6,72929.7,8.940,133,78,164
2026-07-22T22:41:43Z,-21.7222559,166.1741240,19.4,72939.1,9.020,133,78,165
2026-07-22T22:41:44Z,-21.7221890,166.1741670,19.2,72948.0,9.020,133,78,165
2026-07-22T22:41:45Z,-21.7221160,166.1742100,19.0,72957.5,9.120,133,77,165
2026-07-22T22:41:46Z,-21.7220409,166.1742640,18.8,72967.0,9.200,133,78,165
2026-07-22T22:41:47Z,-21.7219620,166.1743070,18.6,72976.5,9.360,133,79,165
2026-07-22T22:41:48Z,-21.7218799,166.1743390,18.6,72986.4,9.460,133,79,165
2026-07-22T22:41:49Z,-21.7217959,166.1743710,18.4,72996.0,9.600,133,80,165
2026-07-22T22:41:50Z,-21.7217030,166.1743820,18.2,73006.4,9.780,133,79,165
2026-07-22T22:41:51Z,-21.7216150,166.1743820,18.2,73016.1,9.820,133,81,165
2026-07-22T22:41:52Z,-21.7215319,166.1743500,18.2,73025.8,9.860,133,81,164
2026-07-22T22:41:53Z,-21.7214509,166.1743070,18.4,73035.6,9.840,133,81,165
2026-07-22T22:41:54Z,-21.7213670,166.1742749,18.6,73045.7,9.940,133,80,165
2026-07-22T22:41:55Z,-21.7212889,166.1742420,19.0,73054.9,9.700,133,80,165
2026-07-22T22:41:56Z,-21.7212130,166.1742100,19.2,73063.8,9.540,134,80,165
2026-07-22T22:41:57Z,-21.7211400,166.1741780,19.6,73072.3,9.300,133,80,164
2026-07-22T22:41:58Z,-21.7210700,166.1741670,20.0,73080.4,8.960,133,80,164
2026-07-22T22:41:59Z,-21.7210029,166.1741350,20.4,73088.1,8.480,133,80,165
2026-07-22T22:42:00Z,-21.7209360,166.1741240,20.6,73095.8,8.180,133,80,164
2026-07-22T22:42:01Z,-21.7208719,166.1741029,21.0,73103.2,7.880,134,80,164
2026-07-22T22:42:02Z,-21.7208100,166.1740920,21.2,73110.1,7.560,134,79,164
2026-07-22T22:42:03Z,-21.7207510,166.1740820,21.4,73116.7,7.260,135,79,164
2026-07-22T22:42:04Z,-21.7206920,166.1740599,21.6,73123.3,7.040,135,78,164
2026-07-22T22:42:05Z,-21.7206330,166.1740490,21.6,73130.0,6.840,136,77,164
2026-07-22T22:42:06Z,-21.7205739,166.1740490,21.8,73136.7,6.700,136,77,164
2026-07-22T22:42:07Z,-21.7205190,166.1740279,21.6,73143.1,6.600,136,78,165
2026-07-22T22:42:08Z,-21.7204559,166.1740169,21.6,73150.0,6.660,136,77,164
2026-07-22T22:42:09Z,-21.7203900,166.1739960,21.4,73157.5,6.840,137,77,165
2026-07-22T22:42:10Z,-21.7203249,166.1739849,21.2,73165.0,7.000,136,77,164
2026-07-22T22:42:11Z,-21.7202549,166.1739739,21.0,73172.8,7.220,137,77,164
2026-07-22T22:42:12Z,-21.7201809,166.1739530,20.6,73181.1,7.600,137,76,164
2026-07-22T22:42:13Z,-21.7201010,166.1739530,20.2,73190.1,8.020,136,76,164
2026-07-22T22:42:14Z,-21.7200200,166.1739419,19.8,73199.1,8.320,136,76,165
2026-07-22T22:42:15Z,-21.7199330,166.1739530,19.4,73208.8,8.760,137,76,165
2026-07-22T22:42:16Z,-21.7198430,166.1739530,19.0,73218.8,9.200,136,76,164
2026-07-22T22:42:17Z,-21.7197529,166.1739849,18.8,73229.0,9.580,136,77,164
2026-07-22T22:42:18Z,-21.7196620,166.1739960,18.8,73239.5,9.880,136,76,164
2026-07-22T22:42:19Z,-21.7195760,166.1740490,18.6,73249.6,10.100,136,76,164
2026-07-22T22:42:20Z,-21.7194919,166.1740820,18.6,73259.7,10.180,136,77,165
2026-07-22T22:42:21Z,-21.7194059,166.1741240,18.4,73270.2,10.280,136,77,165
2026-07-22T22:42:22Z,-21.7193240,166.1741670,18.4,73280.4,10.280,136,77,165
2026-07-22T22:42:23Z,-21.7192450,166.1742100,18.4,73290.5,10.200,136,77,164
2026-07-22T22:42:24Z,-21.7191619,166.1742640,18.4,73300.9,10.260,135,77,164
2026-07-22T22:42:25Z,-21.7190830,166.1743070,18.2,73311.0,10.260,135,77,164
2026-07-22T22:42:26Z,-21.7190019,166.1743500,18.2,73321.2,10.200,135,77,165
2026-07-22T22:42:27Z,-21.7189220,166.1743930,18.2,73331.3,10.180,134,78,165
2026-07-22T22:42:28Z,-21.7188439,166.1744459,18.2,73340.9,10.080,134,79,165
2026-07-22T22:42:29Z,-21.7187560,166.1744570,18.2,73351.0,10.020,134,78,164
2026-07-22T22:42:30Z,-21.7186640,166.1744570,18.2,73361.0,10.000,134,78,164
2026-07-22T22:42:31Z,-21.7185810,166.1744250,18.2,73370.9,9.940,135,78,165
2026-07-22T22:42:32Z,-21.7185019,166.1743930,18.2,73380.5,9.840,135,78,165
2026-07-22T22:42:33Z,-21.7184299,166.1743390,18.2,73390.3,9.880,134,78,164
2026-07-22T22:42:34Z,-21.7183610,166.1742749,18.2,73400.1,9.820,135,79,165
2026-07-22T22:42:35Z,-21.7183020,166.1741999,18.2,73409.9,9.780,135,79,165
2026-07-22T22:42:36Z,-21.7182530,166.1741350,18.2,73419.1,9.640,135,80,165
2026-07-22T22:42:37Z,-21.7182030,166.1740599,18.4,73428.5,9.600,135,80,164
2026-07-22T22:42:38Z,-21.7181549,166.1739849,18.6,73438.2,9.580,136,80,165
2026-07-22T22:42:39Z,-21.7181090,166.1739100,18.6,73447.4,9.460,136,80,165
2026-07-22T22:42:40Z,-21.7180660,166.1738350,18.8,73456.4,9.300,135,80,165
2026-07-22T22:42:41Z,-21.7180220,166.1737600,19.0,73465.2,9.220,136,81,165
2026-07-22T22:42:42Z,-21.7179809,166.1736950,19.0,73473.6,9.020,136,81,165
2026-07-22T22:42:43Z,-21.7179360,166.1736200,19.2,73482.3,8.820,136,81,165
2026-07-22T22:42:44Z,-21.7178920,166.1735559,19.2,73490.9,8.700,135,81,164
2026-07-22T22:42:45Z,-21.7178500,166.1734809,19.4,73499.5,8.620,135,81,164
2026-07-22T22:42:46Z,-21.7178020,166.1734160,19.4,73508.2,8.600,135,82,165
2026-07-22T22:42:47Z,-21.7177570,166.1733630,19.4,73516.5,8.580,136,82,164
2026-07-22T22:42:48Z,-21.7177069,166.1732979,19.6,73525.1,8.560,135,82,164
2026-07-22T22:42:49Z,-21.7176570,166.1732340,19.6,73533.6,8.540,136,83,164
2026-07-22T22:42:50Z,-21.7176059,166.1731590,19.6,73542.4,8.580,136,83,164
2026-07-22T22:42:51Z,-21.7175570,166.1731160,19.6,73550.8,8.520,135,83,164
2026-07-22T22:42:52Z,-21.7174990,166.1730519,19.8,73559.6,8.620,135,83,164
2026-07-22T22:42:53Z,-21.7174400,166.1729980,19.8,73568.1,8.600,135,82,164
2026-07-22T22:42:54Z,-21.7173809,166.1729440,19.8,73576.4,8.560,135,82,165
2026-07-22T22:42:55Z,-21.7173130,166.1729010,19.8,73585.2,8.560,135,83,165
2026-07-22T22:42:56Z,-21.7172440,166.1728690,19.8,73593.8,8.600,135,82,165
2026-07-22T22:42:57Z,-21.7171749,166.1728260,20.0,73602.4,8.560,135,82,165
2026-07-22T22:42:58Z,-21.7171090,166.1727939,20.0,73610.6,8.500,135,82,164
2026-07-22T22:42:59Z,-21.7170339,166.1727509,20.0,73619.7,8.660,135,82,164
2026-07-22T22:43:00Z,-21.7169639,166.1727189,20.0,73628.3,8.620,135,82,164
2026-07-22T22:43:01Z,-21.7168980,166.1726870,20.0,73636.5,8.540,135,82,165
2026-07-22T22:43:02Z,-21.7168309,166.1726440,20.0,73645.2,8.560,135,82,165
2026-07-22T22:43:03Z,-21.7167650,166.1725799,20.0,73654.4,8.760,134,82,164
2026-07-22T22:43:04Z,-21.7167080,166.1725369,19.8,73662.7,8.600,134,82,165
2026-07-22T22:43:05Z,-21.7166530,166.1724720,19.8,73671.6,8.660,134,82,164
2026-07-22T22:43:06Z,-21.7166029,166.1723970,19.6,73680.6,8.820,134,82,164
2026-07-22T22:43:07Z,-21.7165579,166.1723220,19.4,73690.0,8.960,134,82,165
2026-07-22T22:43:08Z,-21.7165169,166.1722469,19.2,73698.9,8.900,134,82,165
2026-07-22T22:43:09Z,-21.7164810,166.1721720,19.0,73708.3,9.120,133,82,164
2026-07-22T22:43:10Z,-21.7164449,166.1720749,18.8,73718.1,9.300,133,82,164
2026-07-22T22:43:11Z,-21.7164100,166.1719889,18.6,73728.1,9.500,133,82,165
2026-07-22T22:43:12Z,-21.7163770,166.1719139,18.4,73738.0,9.600,133,82,165
2026-07-22T22:43:13Z,-21.7163419,166.1718179,18.2,73747.9,9.800,134,82,165
2026-07-22T22:43:14Z,-21.7163009,166.1717210,18.0,73758.3,10.000,134,83,164
2026-07-22T22:43:15Z,-21.7162569,166.1716350,17.8,73768.6,10.100,133,83,165
2026-07-22T22:43:16Z,-21.7162080,166.1715600,17.6,73778.8,10.140,133,83,165
2026-07-22T22:43:17Z,-21.7161470,166.1714849,17.6,73789.1,10.220,133,83,165
2026-07-22T22:43:18Z,-21.7160760,166.1714100,17.4,73799.7,10.360,134,83,165
2026-07-22T22:43:19Z,-21.7159999,166.1713559,17.4,73810.1,10.360,134,83,165
2026-07-22T22:43:20Z,-21.7159180,166.1713030,17.4,73820.7,10.420,134,83,165
2026-07-22T22:43:21Z,-21.7158399,166.1712490,17.4,73830.9,10.420,134,83,165
2026-07-22T22:43:22Z,-21.7157620,166.1711959,17.6,73841.0,10.380,134,83,164
2026-07-22T22:43:23Z,-21.7156900,166.1711419,17.6,73850.9,10.240,134,83,164
2026-07-22T22:43:24Z,-21.7156229,166.1710669,17.6,73860.9,10.160,134,83,164
2026-07-22T22:43:25Z,-21.7155649,166.1710129,17.6,73870.7,10.000,135,83,164
2026-07-22T22:43:26Z,-21.7155249,166.1709170,17.6,73880.5,9.920,134,83,164
2026-07-22T22:43:27Z,-21.7155010,166.1708310,17.6,73890.1,9.820,134,83,164
2026-07-22T22:43:28Z,-21.7154910,166.1707340,17.8,73899.7,9.760,134,83,165
2026-07-22T22:43:29Z,-21.7154929,166.1706479,17.8,73909.0,9.620,134,83,165
2026-07-22T22:43:30Z,-21.7155060,166.1705519,18.0,73918.4,9.540,135,83,164
2026-07-22T22:43:31Z,-21.7155249,166.1704769,18.0,73927.2,9.340,134,82,164
2026-07-22T22:43:32Z,-21.7155499,166.1704020,18.2,73936.2,9.220,134,82,164
2026-07-22T22:43:33Z,-21.7155829,166.1703049,18.4,73945.2,9.100,134,81,164
2026-07-22T22:43:34Z,-21.7156190,166.1702510,18.6,73953.6,8.920,134,81,164
2026-07-22T22:43:35Z,-21.7156640,166.1701660,18.8,73962.4,8.800,134,81,165
2026-07-22T22:43:36Z,-21.7157140,166.1701120,19.0,73970.7,8.700,135,82,164
2026-07-22T22:43:37Z,-21.7157679,166.1700580,19.2,73978.7,8.500,134,82,164
2026-07-22T22:43:38Z,-21.7158310,166.1700150,19.4,73986.7,8.300,134,81,165
2026-07-22T22:43:39Z,-21.7158999,166.1700049,19.6,73994.9,8.260,134,81,165
2026-07-22T22:43:40Z,-21.7159699,166.1699830,19.8,74002.6,8.039,134,81,164
2026-07-22T22:43:41Z,-21.7160360,166.1699830,20.2,74010.0,7.860,134,81,165
2026-07-22T22:43:42Z,-21.7161020,166.1699719,20.4,74017.1,7.680,134,81,164
2026-07-22T22:43:43Z,-21.7161670,166.1699719,20.6,74024.5,7.560,134,81,164
2026-07-22T22:43:44Z,-21.7162330,166.1699830,20.8,74031.7,7.360,134,81,165
2026-07-22T22:43:45Z,-21.7162930,166.1699830,21.0,74038.5,7.180,134,81,164
2026-07-22T22:43:46Z,-21.7163599,166.1699719,21.2,74045.8,7.160,134,80,165
2026-07-22T22:43:47Z,-21.7164179,166.1699719,21.2,74052.3,7.040,134,80,165
2026-07-22T22:43:48Z,-21.7164770,166.1699400,21.4,74059.3,6.960,134,81,164
2026-07-22T22:43:49Z,-21.7165279,166.1699080,21.6,74065.9,6.840,134,80,164
2026-07-22T22:43:50Z,-21.7165670,166.1698650,21.6,74072.4,6.780,134,80,165
2026-07-22T22:43:51Z,-21.7166009,166.1698009,21.6,74079.6,6.760,134,80,164
2026-07-22T22:43:52Z,-21.7166210,166.1697469,21.6,74086.3,6.800,134,80,165
2026-07-22T22:43:53Z,-21.7166270,166.1696830,21.8,74093.1,6.760,133,81,165
2026-07-22T22:43:54Z,-21.7166210,166.1696179,22.0,74099.9,6.800,133,80,164
2026-07-22T22:43:55Z,-21.7165990,166.1695429,22.2,74107.0,6.920,133,81,165
2026-07-22T22:43:56Z,-21.7165719,166.1694999,22.4,74113.4,6.760,133,81,164
2026-07-22T22:43:57Z,-21.7165400,166.1694360,22.6,74119.7,6.680,133,81,164
2026-07-22T22:43:58Z,-21.7165050,166.1693930,22.8,74126.3,6.640,133,82,165
2026-07-22T22:43:59Z,-21.7164719,166.1693500,22.8,74132.5,6.520,133,83,164
2026-07-22T22:44:00Z,-21.7164419,166.1692969,23.0,74138.4,6.280,133,83,164
2026-07-22T22:44:01Z,-21.7164149,166.1692429,23.0,74144.5,6.220,134,83,164
2026-07-22T22:44:02Z,-21.7163970,166.1691890,23.2,74150.5,6.160,134,83,164
2026-07-22T22:44:03Z,-21.7163869,166.1691360,23.2,74157.0,6.140,134,83,164
2026-07-22T22:44:04Z,-21.7163889,166.1690709,23.0,74163.3,6.160,134,83,164
2026-07-22T22:44:05Z,-21.7164019,166.1689959,23.0,74170.2,6.360,135,83,164
2026-07-22T22:44:06Z,-21.7164220,166.1689320,22.8,74177.3,6.560,135,83,164
2026-07-22T22:44:07Z,-21.7164410,166.1688780,22.4,74184.4,6.780,135,83,164
2026-07-22T22:44:08Z,-21.7164490,166.1687920,22.0,74192.5,7.100,135,82,164
2026-07-22T22:44:09Z,-21.7164279,166.1687170,21.8,74200.7,7.480,135,82,164
2026-07-22T22:44:10Z,-21.7163820,166.1686420,21.4,74209.4,7.840,135,82,164
2026-07-22T22:44:11Z,-21.7163050,166.1686099,21.0,74218.8,8.300,136,82,165
2026-07-22T22:44:12Z,-21.7162210,166.1686099,20.8,74228.1,8.740,135,82,164
2026-07-22T22:44:13Z,-21.7161340,166.1686420,20.4,74238.2,9.140,135,82,165
2026-07-22T22:44:14Z,-21.7160569,166.1686740,20.4,74247.5,9.360,135,81,165
2026-07-22T22:44:15Z,-21.7159839,166.1687389,20.6,74257.5,9.620,135,81,165
2026-07-22T22:44:16Z,-21.7159129,166.1687819,21.0,74267.1,9.660,135,81,164
2026-07-22T22:44:17Z,-21.7158480,166.1688460,21.2,74276.0,9.580,135,81,165
2026-07-22T22:44:18Z,-21.7157849,166.1688890,21.4,74284.5,9.260,135,82,164
2026-07-22T22:44:19Z,-21.7157229,166.1689320,21.8,74293.0,9.100,135,82,164
2026-07-22T22:44:20Z,-21.7156640,166.1689750,22.0,74301.1,8.720,135,82,164
2026-07-22T22:44:21Z,-21.7156050,166.1690279,22.2,74309.1,8.400,134,82,164
2026-07-22T22:44:22Z,-21.7155480,166.1690709,22.4,74316.9,8.180,134,82,165
2026-07-22T22:44:23Z,-21.7154929,166.1691139,22.8,74324.4,7.980,134,81,164
2026-07-22T22:44:24Z,-21.7154420,166.1691460,23.0,74331.5,7.700,135,81,164
2026-07-22T22:44:25Z,-21.7153880,166.1691890,23.2,74338.6,7.500,135,81,165
2026-07-22T22:44:26Z,-21.7153389,166.1692210,23.4,74345.4,7.260,135,81,164
2026-07-22T22:44:27Z,-21.7152890,166.1692750,23.6,74352.1,7.040,135,81,164
2026-07-22T22:44:28Z,-21.7152410,166.1692969,23.8,74358.7,6.860,135,82,164
2026-07-22T22:44:29Z,-21.7151949,166.1693500,24.0,74365.0,6.700,135,82,165
2026-07-22T22:44:30Z,-21.7151479,166.1693719,24.2,74371.4,6.560,135,83,165
2026-07-22T22:44:31Z,-21.7151039,166.1694040,24.4,74377.5,6.420,135,83,164
2026-07-22T22:44:32Z,-21.7150600,166.1694569,24.4,74383.5,6.280,135,83,164
2026-07-22T22:44:33Z,-21.7150179,166.1694790,24.6,74389.3,6.120,135,83,165
2026-07-22T22:44:34Z,-21.7149759,166.1695110,24.8,74395.1,6.020,135,83,165
2026-07-22T22:44:35Z,-21.7149339,166.1695429,25.0,74400.6,5.840,135,83,164
2026-07-22T22:44:36Z,-21.7148929,166.1695749,25.2,74406.2,5.740,135,83,164
2026-07-22T22:44:37Z,-21.7148499,166.1696080,25.2,74412.0,5.700,135,83,165
2026-07-22T22:44:38Z,-21.7148069,166.1696400,25.2,74417.9,5.720,135,83,165
2026-07-22T22:44:39Z,-21.7147619,166.1696830,25.2,74424.0,5.780,135,83,165
2026-07-22T22:44:40Z,-21.7147189,166.1697149,25.2,74430.0,5.880,135,83,164
2026-07-22T22:44:41Z,-21.7146710,166.1697469,25.2,74436.5,6.060,135,82,164
2026-07-22T22:44:42Z,-21.7146220,166.1697899,25.2,74443.0,6.200,135,82,165
2026-07-22T22:44:43Z,-21.7145749,166.1698220,25.2,74449.7,6.360,135,82,165
2026-07-22T22:44:44Z,-21.7145260,166.1698650,25.2,74456.4,6.480,135,82,164
2026-07-22T22:44:45Z,-21.7144759,166.1698970,25.2,74463.1,6.620,135,82,165
2026-07-22T22:44:46Z,-21.7144250,166.1699400,25.2,74470.1,6.720,135,82,164
2026-07-22T22:44:47Z,-21.7143729,166.1699719,25.2,74477.2,6.840,135,82,164
2026-07-22T22:44:48Z,-21.7143190,166.1700150,25.2,74484.4,6.940,135,82,164
2026-07-22T22:44:49Z,-21.7142670,166.1700580,25.2,74491.7,7.060,135,83,165
2026-07-22T22:44:50Z,-21.7142129,166.1700899,25.2,74499.1,7.200,135,84,165
2026-07-22T22:44:51Z,-21.7141559,166.1701440,25.2,74506.8,7.340,135,84,165
2026-07-22T22:44:52Z,-21.7141009,166.1701870,25.2,74514.3,7.420,135,84,165
2026-07-22T22:44:53Z,-21.7140460,166.1702300,25.0,74521.9,7.500,135,84,164
2026-07-22T22:44:54Z,-21.7139849,166.1702730,24.8,74529.8,7.620,134,84,164
2026-07-22T22:44:55Z,-21.7139259,166.1703260,24.6,74538.0,7.780,134,85,165
2026-07-22T22:44:56Z,-21.7138630,166.1703690,24.4,74546.5,7.940,135,84,165
2026-07-22T22:44:57Z,-21.7137989,166.1704120,24.0,74555.3,8.200,135,85,165
2026-07-22T22:44:58Z,-21.7137320,166.1704550,23.8,74564.3,8.480,136,86,165
2026-07-22T22:44:59Z,-21.7136659,166.1705089,23.6,74573.3,8.700,136,86,165
2026-07-22T22:45:00Z,-21.7135920,166.1705629,23.2,74583.2,9.040,137,86,164
2026-07-22T22:45:01Z,-21.7135229,166.1706160,23.0,74592.8,9.260,137,86,164
2026-07-22T22:45:02Z,-21.7134460,166.1706700,22.6,74602.9,9.520,137,86,165
2026-07-22T22:45:03Z,-21.7133700,166.1707340,22.4,74613.3,9.800,138,85,164
2026-07-22T22:45:04Z,-21.7132929,166.1707990,22.0,74623.7,10.080,138,85,165
2026-07-22T22:45:05Z,-21.7132160,166.1708519,21.8,74634.3,10.220,138,86,164
2026-07-22T22:45:06Z,-21.7131379,166.1709060,21.4,74644.9,10.420,138,85,164
2026-07-22T22:45:07Z,-21.7130570,166.1709809,21.2,74655.8,10.580,138,86,164
2026-07-22T22:45:08Z,-21.7129769,166.1710350,20.8,74666.7,10.680,138,86,165
2026-07-22T22:45:09Z,-21.7128950,166.1710989,20.4,74677.9,10.840,138,86,164
2026-07-22T22:45:10Z,-21.7128110,166.1711630,20.2,74689.3,11.000,138,86,164
2026-07-22T22:45:11Z,-21.7127250,166.1712279,19.8,74700.7,11.160,138,86,164
2026-07-22T22:45:12Z,-21.7126430,166.1712809,19.6,74712.3,11.300,138,86,164
2026-07-22T22:45:13Z,-21.7125749,166.1713780,19.4,74723.8,11.420,138,85,164
2026-07-22T22:45:14Z,-21.7125299,166.1714640,19.0,74735.4,11.500,137,85,165
2026-07-22T22:45:15Z,-21.7125299,166.1715920,18.8,74747.0,11.540,137,85,164
2026-07-22T22:45:16Z,-21.7125749,166.1716999,18.4,74759.0,11.660,137,85,164
2026-07-22T22:45:17Z,-21.7126469,166.1717749,18.2,74770.8,11.700,137,85,165
2026-07-22T22:45:18Z,-21.7127339,166.1718289,18.0,74782.6,11.760,137,85,165
2026-07-22T22:45:19Z,-21.7128319,166.1718820,18.0,74794.1,11.740,137,85,164
2026-07-22T22:45:20Z,-21.7129349,166.1718820,18.0,74805.7,11.740,137,85,165
2026-07-22T22:45:21Z,-21.7130320,166.1718500,18.2,74817.0,11.600,136,85,164
2026-07-22T22:45:22Z,-21.7131150,166.1717859,18.6,74828.2,11.480,136,85,164
2026-07-22T22:45:23Z,-21.7131789,166.1717100,19.0,74838.4,11.160,136,84,164
2026-07-22T22:45:24Z,-21.7132400,166.1716350,19.2,74848.3,10.840,136,84,164
2026-07-22T22:45:25Z,-21.7132990,166.1715709,19.6,74858.3,10.520,136,84,165
2026-07-22T22:45:26Z,-21.7133550,166.1714960,19.8,74867.4,10.080,136,84,164
2026-07-22T22:45:27Z,-21.7134140,166.1714530,20.0,74876.3,9.620,136,84,165
2026-07-22T22:45:28Z,-21.7134780,166.1713890,20.2,74885.1,9.340,136,84,164
2026-07-22T22:45:29Z,-21.7135509,166.1713559,20.2,74894.2,9.180,136,85,164
2026-07-22T22:45:30Z,-21.7136259,166.1713350,20.0,74902.8,8.900,136,85,165
2026-07-22T22:45:31Z,-21.7137040,166.1713139,19.8,74911.5,8.820,136,85,164
2026-07-22T22:45:32Z,-21.7137859,166.1713139,19.6,74920.6,8.860,136,85,164
2026-07-22T22:45:33Z,-21.7138740,166.1713030,19.2,74930.3,9.040,136,85,165
2026-07-22T22:45:34Z,-21.7139559,166.1712809,18.8,74939.7,9.100,136,85,164
2026-07-22T22:45:35Z,-21.7140429,166.1712490,18.4,74950.1,9.460,136,86,164
2026-07-22T22:45:36Z,-21.7141180,166.1711959,18.2,74960.3,9.760,136,86,164
2026-07-22T22:45:37Z,-21.7141780,166.1711200,17.8,74970.8,10.040,136,86,164
2026-07-22T22:45:38Z,-21.7142319,166.1710350,17.4,74981.4,10.220,137,86,164
2026-07-22T22:45:39Z,-21.7142820,166.1709490,17.0,74992.1,10.480,138,86,164
2026-07-22T22:45:40Z,-21.7143370,166.1708519,16.8,75003.3,10.640,138,85,164
2026-07-22T22:45:41Z,-21.7144050,166.1707770,16.4,75014.8,10.900,137,85,164
2026-07-22T22:45:42Z,-21.7144980,166.1707229,16.2,75026.5,11.140,138,85,165
2026-07-22T22:45:43Z,-21.7145970,166.1706909,16.0,75037.7,11.260,138,85,164
2026-07-22T22:45:44Z,-21.7146919,166.1706909,15.8,75048.4,11.260,138,85,165
2026-07-22T22:45:45Z,-21.7147940,166.1706590,15.6,75060.0,11.340,138,85,165
2026-07-22T22:45:46Z,-21.7148789,166.1705949,15.2,75071.5,11.340,138,85,165
2026-07-22T22:45:47Z,-21.7149339,166.1704870,15.0,75083.8,11.460,138,85,165
2026-07-22T22:45:48Z,-21.7149599,166.1703799,14.8,75095.5,11.560,138,85,165
2026-07-22T22:45:49Z,-21.7149540,166.1702730,14.8,75107.0,11.720,138,85,165
2026-07-22T22:45:50Z,-21.7149069,166.1701870,14.8,75117.5,11.500,138,85,164
2026-07-22T22:45:51Z,-21.7148329,166.1701230,14.8,75128.5,11.400,138,84,164
2026-07-22T22:45:52Z,-21.7147520,166.1700479,14.8,75140.0,11.240,138,84,164
2026-07-22T22:45:53Z,-21.7146790,166.1699830,14.8,75150.6,11.020,137,83,164
2026-07-22T22:45:54Z,-21.7145980,166.1699080,14.8,75161.8,10.960,138,83,164
2026-07-22T22:45:55Z,-21.7145240,166.1698540,14.8,75172.5,11.000,137,83,165
2026-07-22T22:45:56Z,-21.7144530,166.1697899,14.8,75182.7,10.840,137,83,164
2026-07-22T22:45:57Z,-21.7143780,166.1697260,14.8,75193.2,10.640,138,83,164
2026-07-22T22:45:58Z,-21.7143060,166.1696609,14.8,75203.6,10.600,138,83,164
2026-07-22T22:45:59Z,-21.7142360,166.1696080,14.8,75213.7,10.380,137,83,164
2026-07-22T22:46:00Z,-21.7141640,166.1695330,14.8,75224.1,10.320,137,84,164
2026-07-22T22:46:01Z,-21.7140930,166.1694680,14.8,75234.2,10.300,137,84,165
2026-07-22T22:46:02Z,-21.7140240,166.1694250,14.8,75244.0,10.160,137,84,165
2026-07-22T22:46:03Z,-21.7139530,166.1693500,14.8,75254.1,10.100,137,84,164
2026-07-22T22:46:04Z,-21.7138870,166.1692859,14.8,75263.8,10.020,137,84,164
2026-07-22T22:46:05Z,-21.7138310,166.1692109,14.6,75274.1,10.000,137,84,164
2026-07-22T22:46:06Z,-21.7138070,166.1691139,14.6,75283.7,9.900,137,83,164
2026-07-22T22:46:07Z,-21.7138070,166.1690389,14.6,75293.0,9.800,137,83,164
2026-07-22T22:46:08Z,-21.7138300,166.1689320,14.6,75302.9,9.760,137,83,164
2026-07-22T22:46:09Z,-21.7138620,166.1688570,14.6,75312.4,9.720,137,83,164
2026-07-22T22:46:10Z,-21.7139040,166.1687710,14.6,75322.1,9.600,137,83,165
2026-07-22T22:46:11Z,-21.7139480,166.1687060,14.6,75331.3,9.520,137,83,165
2026-07-22T22:46:12Z,-21.7139989,166.1686099,14.6,75341.2,9.640,137,83,165
2026-07-22T22:46:13Z,-21.7140470,166.1685560,14.6,75350.3,9.480,137,82,164
2026-07-22T22:46:14Z,-21.7140979,166.1684809,14.6,75359.7,9.460,137,82,165
2026-07-22T22:46:15Z,-21.7141500,166.1683949,14.6,75369.1,9.400,137,81,164
2026-07-22T22:46:16Z,-21.7142009,166.1683420,14.6,75378.5,9.440,137,81,164
2026-07-22T22:46:17Z,-21.7142510,166.1682670,14.6,75387.5,9.260,137,81,164
2026-07-22T22:46:18Z,-21.7142989,166.1681909,14.6,75396.8,9.300,137,80,165
2026-07-22T22:46:19Z,-21.7143459,166.1681059,14.6,75406.3,9.320,137,80,165
2026-07-22T22:46:20Z,-21.7143889,166.1680309,14.6,75415.5,9.280,137,79,165
2026-07-22T22:46:21Z,-21.7144250,166.1679550,14.6,75424.6,9.220,137,81,164
2026-07-22T22:46:22Z,-21.7144569,166.1678800,14.6,75433.7,9.240,137,82,164
2026-07-22T22:46:23Z,-21.7144879,166.1677940,14.6,75442.7,9.180,138,82,165
2026-07-22T22:46:24Z,-21.7145220,166.1677090,14.6,75451.7,9.080,138,83,165
2026-07-22T22:46:25Z,-21.7145570,166.1676340,14.6,75460.8,9.060,138,83,164
2026-07-22T22:46:26Z,-21.7145859,166.1675579,14.6,75469.8,9.040,138,83,165
2026-07-22T22:46:27Z,-21.7146080,166.1674729,14.6,75478.7,9.000,137,84,165
2026-07-22T22:46:28Z,-21.7146169,166.1673970,14.6,75487.7,9.000,137,83,164
2026-07-22T22:46:29Z,-21.7146120,166.1673009,14.6,75496.7,9.000,137,83,164
2026-07-22T22:46:30Z,-21.7145930,166.1672149,14.4,75505.7,8.980,137,83,165
2026-07-22T22:46:31Z,-21.7145619,166.1671289,14.4,75514.8,9.000,137,83,165
2026-07-22T22:46:32Z,-21.7145240,166.1670539,14.2,75524.3,9.120,137,84,165
2026-07-22T22:46:33Z,-21.7144800,166.1669790,14.0,75533.4,9.140,137,84,165
2026-07-22T22:46:34Z,-21.7144250,166.1669040,13.8,75543.1,9.280,137,85,165
2026-07-22T22:46:35Z,-21.7143640,166.1668399,13.6,75552.5,9.360,137,85,164
2026-07-22T22:46:36Z,-21.7142910,166.1667860,13.6,75562.3,9.500,136,84,164
2026-07-22T22:46:37Z,-21.7142090,166.1667539,13.4,75572.4,9.620,137,84,164
2026-07-22T22:46:38Z,-21.7141279,166.1667320,13.4,75581.6,9.640,137,83,165
2026-07-22T22:46:39Z,-21.7140390,166.1667320,13.6,75591.4,9.660,137,83,164
2026-07-22T22:46:40Z,-21.7139530,166.1667640,13.8,75601.1,9.720,137,84,164
2026-07-22T22:46:41Z,-21.7138770,166.1667969,14.0,75610.2,9.580,137,84,165
2026-07-22T22:46:42Z,-21.7138070,166.1668290,14.2,75619.0,9.320,137,84,165
2026-07-22T22:46:43Z,-21.7137360,166.1668720,14.2,75627.8,9.240,137,85,164
2026-07-22T22:46:44Z,-21.7136679,166.1669150,14.4,75636.7,9.060,137,85,164
2026-07-22T22:46:45Z,-21.7136000,166.1669470,14.6,75644.9,8.760,137,84,164
2026-07-22T22:46:46Z,-21.7135330,166.1669790,14.6,75653.1,8.580,137,83,164
2026-07-22T22:46:47Z,-21.7134600,166.1670109,14.6,75661.8,8.560,137,82,164
2026-07-22T22:46:48Z,-21.7133910,166.1670429,14.4,75669.7,8.380,137,82,164
2026-07-22T22:46:49Z,-21.7133190,166.1670760,14.2,75678.5,8.360,137,82,165
2026-07-22T22:46:50Z,-21.7132440,166.1671080,14.0,75687.3,8.480,137,82,164
2026-07-22T22:46:51Z,-21.7131620,166.1671190,13.6,75696.5,8.680,137,82,165
2026-07-22T22:46:52Z,-21.7130759,166.1671190,13.6,75706.1,8.860,138,82,165
2026-07-22T22:46:53Z,-21.7129980,166.1671080,13.6,75715.1,9.080,137,82,165
2026-07-22T22:46:54Z,-21.7129189,166.1670539,13.6,75725.0,9.300,137,82,164
2026-07-22T22:46:55Z,-21.7128590,166.1670010,13.8,75733.9,9.320,136,82,165
2026-07-22T22:46:56Z,-21.7128010,166.1669360,14.0,75742.5,9.200,137,82,164
2026-07-22T22:46:57Z,-21.7127459,166.1668930,14.4,75751.0,8.980,137,82,164
2026-07-22T22:46:58Z,-21.7126830,166.1668290,14.6,75759.7,8.920,137,82,165
2026-07-22T22:46:59Z,-21.7126120,166.1667969,14.6,75768.1,8.620,137,82,165
2026-07-22T22:47:00Z,-21.7125420,166.1667860,14.6,75776.1,8.440,136,82,164
2026-07-22T22:47:01Z,-21.7124670,166.1667860,14.6,75784.2,8.340,136,83,165
2026-07-22T22:47:02Z,-21.7123930,166.1667860,14.4,75792.7,8.340,136,83,164
2026-07-22T22:47:03Z,-21.7123169,166.1667860,14.4,75801.0,8.260,136,83,165
2026-07-22T22:47:04Z,-21.7122370,166.1667860,14.2,75809.8,8.340,136,83,164
2026-07-22T22:47:05Z,-21.7121599,166.1667860,14.2,75818.4,8.460,136,82,164
2026-07-22T22:47:06Z,-21.7120820,166.1667640,14.0,75827.1,8.580,136,82,165
2026-07-22T22:47:07Z,-21.7120019,166.1667640,14.0,75835.9,8.640,136,82,165
2026-07-22T22:47:08Z,-21.7119240,166.1667320,14.0,75845.0,8.800,136,83,165
2026-07-22T22:47:09Z,-21.7118500,166.1667109,13.8,75854.1,8.860,136,83,165
2026-07-22T22:47:10Z,-21.7117969,166.1666460,13.8,75862.9,8.900,136,83,164
2026-07-22T22:47:11Z,-21.7117670,166.1665499,13.8,75871.9,8.960,136,83,164
2026-07-22T22:47:12Z,-21.7117600,166.1664639,13.8,75881.4,9.100,136,83,164
2026-07-22T22:47:13Z,-21.7117660,166.1663890,13.8,75890.3,9.060,136,83,165
2026-07-22T22:47:14Z,-21.7117750,166.1662919,13.6,75899.4,9.060,136,83,165
2026-07-22T22:47:15Z,-21.7117829,166.1662069,13.6,75908.8,9.180,136,83,165
2026-07-22T22:47:16Z,-21.7117829,166.1661100,13.6,75917.5,9.120,137,83,165
2026-07-22T22:47:17Z,-21.7117829,166.1660240,13.4,75927.2,9.160,137,83,164
2026-07-22T22:47:18Z,-21.7117829,166.1659280,13.2,75936.8,9.300,137,83,165
2026-07-22T22:47:19Z,-21.7117829,166.1658420,13.2,75946.4,9.400,137,83,164
2026-07-22T22:47:20Z,-21.7117829,166.1657449,13.0,75955.6,9.360,137,83,164
2026-07-22T22:47:21Z,-21.7117640,166.1656490,13.0,75965.9,9.680,137,83,165
2026-07-22T22:47:22Z,-21.7117180,166.1655739,13.0,75975.3,9.620,137,82,165
2026-07-22T22:47:23Z,-21.7116559,166.1655200,13.0,75985.3,9.700,137,82,165
2026-07-22T22:47:24Z,-21.7115819,166.1654560,13.0,75995.1,9.740,136,82,164
2026-07-22T22:47:25Z,-21.7115070,166.1654130,13.0,76004.8,9.840,136,82,165
2026-07-22T22:47:26Z,-21.7114239,166.1653800,13.0,76014.6,9.740,136,83,164
2026-07-22T22:47:27Z,-21.7113369,166.1653480,13.0,76024.5,9.840,136,84,165
2026-07-22T22:47:28Z,-21.7112509,166.1653480,13.0,76034.0,9.740,136,84,165
2026-07-22T22:47:29Z,-21.7111649,166.1653589,13.0,76043.5,9.680,136,84,165
2026-07-22T22:47:30Z,-21.7110809,166.1653589,13.0,76052.9,9.620,136,84,164
2026-07-22T22:47:31Z,-21.7109929,166.1653800,13.0,76062.6,9.600,136,83,165
2026-07-22T22:47:32Z,-21.7109120,166.1653800,13.0,76071.8,9.460,136,83,164
2026-07-22T22:47:33Z,-21.7108229,166.1653800,13.0,76081.5,9.500,137,82,164
2026-07-22T22:47:34Z,-21.7107410,166.1653800,13.0,76090.5,9.400,137,82,164
2026-07-22T22:47:35Z,-21.7106509,166.1653800,13.0,76100.4,9.500,137,81,165
2026-07-22T22:47:36Z,-21.7105700,166.1653589,13.0,76109.5,9.380,137,80,165
2026-07-22T22:47:37Z,-21.7104879,166.1653589,13.0,76118.6,9.360,137,81,165
2026-07-22T22:47:38Z,-21.7104019,166.1653589,13.0,76128.2,9.340,137,82,164
2026-07-22T22:47:39Z,-21.7103189,166.1653589,13.0,76137.4,9.380,137,83,164
2026-07-22T22:47:40Z,-21.7102339,166.1653589,13.0,76146.6,9.240,137,83,164
2026-07-22T22:47:41Z,-21.7101520,166.1653800,13.0,76155.6,9.220,137,83,165
2026-07-22T22:47:42Z,-21.7100680,166.1653800,13.0,76165.0,9.280,138,83,164
2026-07-22T22:47:43Z,-21.7099820,166.1653800,13.0,76174.5,9.260,139,83,165
2026-07-22T22:47:44Z,-21.7099040,166.1653589,13.0,76183.3,9.180,138,82,164
2026-07-22T22:47:45Z,-21.7098190,166.1653589,13.0,76192.8,9.240,138,81,165
2026-07-22T22:47:46Z,-21.7097370,166.1653589,13.0,76202.0,9.280,138,81,165
2026-07-22T22:47:47Z,-21.7096520,166.1653480,13.0,76211.2,9.240,138,80,164
2026-07-22T22:47:48Z,-21.7095740,166.1653480,13.0,76219.9,9.080,138,80,164
2026-07-22T22:47:49Z,-21.7094930,166.1653480,13.0,76229.1,9.160,138,80,165
2026-07-22T22:47:50Z,-21.7094070,166.1653480,13.0,76238.4,9.120,138,80,165
2026-07-22T22:47:51Z,-21.7093249,166.1653480,13.0,76247.5,9.100,138,80,165
2026-07-22T22:47:52Z,-21.7092450,166.1653480,13.0,76256.2,9.000,139,80,164
2026-07-22T22:47:53Z,-21.7091630,166.1653480,13.0,76265.5,9.120,139,80,164
2026-07-22T22:47:54Z,-21.7090779,166.1653589,13.0,76274.7,9.120,139,81,165
2026-07-22T22:47:55Z,-21.7089959,166.1653589,13.0,76283.8,9.080,139,82,164
2026-07-22T22:47:56Z,-21.7089150,166.1653589,13.0,76292.8,9.060,138,83,164
2026-07-22T22:47:57Z,-21.7088330,166.1653589,13.0,76301.9,9.140,138,83,164
2026-07-22T22:47:58Z,-21.7087540,166.1653589,13.0,76310.6,9.020,138,83,164
2026-07-22T22:47:59Z,-21.7086750,166.1653589,13.0,76319.6,8.980,138,82,164
2026-07-22T22:48:00Z,-21.7085909,166.1653480,13.0,76328.8,9.000,138,81,164
2026-07-22T22:48:01Z,-21.7085100,166.1653480,13.0,76337.8,9.000,138,82,164
2026-07-22T22:48:02Z,-21.7084300,166.1653589,13.0,76346.8,8.980,140,80,164
2026-07-22T22:48:03Z,-21.7083550,166.1653910,13.0,76356.0,9.080,140,79,164
2026-07-22T22:48:04Z,-21.7082960,166.1654560,13.0,76364.8,9.040,140,78,164
2026-07-22T22:48:05Z,-21.7082550,166.1655309,13.0,76374.0,9.040,138,78,164
2026-07-22T22:48:06Z,-21.7082329,166.1656270,13.0,76383.0,9.040,138,79,165
2026-07-22T22:48:07Z,-21.7082280,166.1657130,13.0,76392.5,9.140,138,78,164
2026-07-22T22:48:08Z,-21.7082329,166.1657879,13.0,76401.5,9.100,138,78,164
2026-07-22T22:48:09Z,-21.7082510,166.1658850,13.0,76410.2,9.080,138,78,164
2026-07-22T22:48:10Z,-21.7082700,166.1659599,13.0,76419.0,9.000,138,79,165
2026-07-22T22:48:11Z,-21.7082909,166.1660459,13.0,76428.1,9.020,138,80,165
2026-07-22T22:48:12Z,-21.7083100,166.1661310,13.0,76436.8,8.860,138,79,164
2026-07-22T22:48:13Z,-21.7083179,166.1662170,13.0,76445.8,8.860,138,79,164
2026-07-22T22:48:14Z,-21.7083100,166.1662919,13.0,76454.8,8.920,138,79,164
2026-07-22T22:48:15Z,-21.7082919,166.1663890,13.0,76463.9,8.980,138,79,164
2026-07-22T22:48:16Z,-21.7082660,166.1664639,13.0,76472.5,8.880,138,80,165
2026-07-22T22:48:17Z,-21.7082319,166.1665389,13.0,76481.4,8.920,138,79,164
2026-07-22T22:48:18Z,-21.7081879,166.1666140,13.0,76490.4,8.920,137,79,164
2026-07-22T22:48:19Z,-21.7081329,166.1666789,13.0,76499.3,8.900,138,79,164
2026-07-22T22:48:20Z,-21.7080700,166.1667320,13.0,76508.4,8.900,137,79,165
2026-07-22T22:48:21Z,-21.7080039,166.1667860,13.0,76517.2,8.940,137,80,165
2026-07-22T22:48:22Z,-21.7079400,166.1668399,13.0,76526.4,9.000,138,79,165
2026-07-22T22:48:23Z,-21.7078810,166.1669040,13.0,76535.3,8.980,137,79,164
2026-07-22T22:48:24Z,-21.7078299,166.1669679,13.0,76544.3,9.000,138,79,164
2026-07-22T22:48:25Z,-21.7077830,166.1670220,13.0,76552.9,8.900,137,78,164
2026-07-22T22:48:26Z,-21.7077330,166.1671080,13.0,76561.9,8.940,138,79,164
2026-07-22T22:48:27Z,-21.7076780,166.1671610,13.0,76570.8,8.880,137,77,165
2026-07-22T22:48:28Z,-21.7076190,166.1672259,13.0,76579.8,8.900,137,77,164
2026-07-22T22:48:29Z,-21.7075559,166.1672900,13.0,76588.9,8.920,138,78,165
2026-07-22T22:48:30Z,-21.7074930,166.1673330,13.0,76597.8,8.980,137,78,165
2026-07-22T22:48:31Z,-21.7074289,166.1673760,13.0,76606.7,8.960,137,79,164
2026-07-22T22:48:32Z,-21.7073600,166.1674400,13.0,76615.9,9.020,137,79,164
2026-07-22T22:48:33Z,-21.7072890,166.1674729,13.0,76624.8,9.000,138,77,164
2026-07-22T22:48:34Z,-21.7072150,166.1675159,13.0,76633.7,8.960,137,76,164
2026-07-22T22:48:35Z,-21.7071389,166.1675260,13.0,76642.5,8.940,137,76,165
2026-07-22T22:48:36Z,-21.7070630,166.1675480,13.0,76651.1,8.880,138,76,165
2026-07-22T22:48:37Z,-21.7069809,166.1675579,13.0,76660.3,8.880,138,78,165
2026-07-22T22:48:38Z,-21.7068980,166.1675579,13.0,76669.3,8.900,138,78,165
2026-07-22T22:48:39Z,-21.7068200,166.1675579,13.0,76678.0,8.860,138,78,165
2026-07-22T22:48:40Z,-21.7067379,166.1675579,13.0,76687.0,8.900,138,78,164
2026-07-22T22:48:41Z,-21.7066560,166.1675800,13.0,76696.1,9.000,138,78,164
2026-07-22T22:48:42Z,-21.7065759,166.1675800,13.0,76704.9,8.920,138,79,164
2026-07-22T22:48:43Z,-21.7064939,166.1675800,13.0,76714.0,8.940,138,78,165
2026-07-22T22:48:44Z,-21.7064179,166.1675910,13.0,76722.6,8.920,138,78,164
2026-07-22T22:48:45Z,-21.7063319,166.1675910,13.0,76732.1,9.020,138,78,165
2026-07-22T22:48:46Z,-21.7062499,166.1675910,13.0,76741.2,9.020,138,78,165
2026-07-22T22:48:47Z,-21.7061680,166.1676009,13.0,76750.3,9.080,138,79,165
2026-07-22T22:48:48Z,-21.7060860,166.1676009,13.0,76759.3,9.060,137,78,164
2026-07-22T22:48:49Z,-21.7060059,166.1676009,13.0,76768.3,9.140,137,78,164
2026-07-22T22:48:50Z,-21.7059240,166.1676230,13.0,76777.5,9.080,137,79,165
2026-07-22T22:48:51Z,-21.7058480,166.1676230,13.0,76786.0,8.960,137,79,164
2026-07-22T22:48:52Z,-21.7057620,166.1676340,13.0,76795.5,9.040,137,79,165
2026-07-22T22:48:53Z,-21.7056839,166.1676550,13.2,76804.3,9.000,137,78,164
2026-07-22T22:48:54Z,-21.7056070,166.1676550,13.2,76812.7,8.880,137,78,165
2026-07-22T22:48:55Z,-21.7055269,166.1676660,13.4,76821.6,8.820,138,78,164
2026-07-22T22:48:56Z,-21.7054470,166.1676869,13.4,76830.7,8.940,137,78,165
2026-07-22T22:48:57Z,-21.7053729,166.1676980,13.6,76839.0,8.700,137,79,165
2026-07-22T22:48:58Z,-21.7052979,166.1677090,13.8,76847.3,8.600,137,79,164
2026-07-22T22:48:59Z,-21.7052210,166.1677299,13.8,76856.0,8.660,137,79,165
2026-07-22T22:49:00Z,-21.7051510,166.1677410,14.0,76864.0,8.480,138,81,165
2026-07-22T22:49:01Z,-21.7050760,166.1677619,14.2,76872.3,8.320,137,80,165
2026-07-22T22:49:02Z,-21.7050000,166.1677729,14.2,76880.8,8.360,138,79,165
2026-07-22T22:49:03Z,-21.7049280,166.1677729,14.4,76888.9,8.320,138,79,165
2026-07-22T22:49:04Z,-21.7048549,166.1677940,14.6,76897.1,8.220,138,80,165
2026-07-22T22:49:05Z,-21.7047829,166.1678049,14.6,76905.2,8.240,138,81,165
2026-07-22T22:49:06Z,-21.7047140,166.1678159,14.8,76913.0,8.140,138,81,165
2026-07-22T22:49:07Z,-21.7046430,166.1678479,14.8,76921.3,8.100,138,81,164
2026-07-22T22:49:08Z,-21.7045750,166.1678700,15.0,76929.2,8.060,138,81,164
2026-07-22T22:49:09Z,-21.7045049,166.1679019,15.0,76937.5,8.080,138,81,164
2026-07-22T22:49:10Z,-21.7044339,166.1679230,15.0,76945.7,8.100,137,82,164
2026-07-22T22:49:11Z,-21.7043670,166.1679449,15.2,76953.7,8.140,137,81,164
2026-07-22T22:49:12Z,-21.7042990,166.1679769,15.2,76961.9,8.119,138,81,165
2026-07-22T22:49:13Z,-21.7042300,166.1679879,15.2,76969.8,8.119,138,81,164
2026-07-22T22:49:14Z,-21.7041540,166.1679980,15.0,76978.2,8.140,138,81,165
2026-07-22T22:49:15Z,-21.7040810,166.1680199,15.0,76986.4,8.140,138,81,164
2026-07-22T22:49:16Z,-21.7040049,166.1680309,15.0,76994.9,8.240,138,80,164
2026-07-22T22:49:17Z,-21.7039280,166.1680520,15.0,77003.7,8.360,139,80,164
2026-07-22T22:49:18Z,-21.7038570,166.1680840,15.2,77011.8,8.400,139,80,165
2026-07-22T22:49:19Z,-21.7037879,166.1680950,15.4,77019.9,8.340,139,81,164
2026-07-22T22:49:20Z,-21.7037189,166.1681270,15.6,77027.9,8.300,139,81,165
2026-07-22T22:49:21Z,-21.7036490,166.1681380,15.6,77035.9,8.200,139,81,164
2026-07-22T22:49:22Z,-21.7035800,166.1681590,15.6,77044.0,8.060,138,81,164
2026-07-22T22:49:23Z,-21.7035090,166.1681909,15.6,77052.1,8.060,138,81,165
2026-07-22T22:49:24Z,-21.7034419,166.1682020,15.6,77060.1,8.039,138,81,165
2026-07-22T22:49:25Z,-21.7033729,166.1682339,15.6,77067.9,8.000,138,83,165
2026-07-22T22:49:26Z,-21.7033009,166.1682450,15.4,77076.4,8.100,138,83,164
2026-07-22T22:49:27Z,-21.7032269,166.1682769,15.0,77085.1,8.220,138,84,164
2026-07-22T22:49:28Z,-21.7031520,166.1683089,14.6,77093.9,8.360,138,84,164
2026-07-22T22:49:29Z,-21.7030740,166.1683519,14.2,77103.4,8.660,139,83,165
2026-07-22T22:49:30Z,-21.7029979,166.1683949,13.8,77113.4,9.100,139,83,76
2026-07-22T22:49:31Z,-21.7029249,166.1684600,13.4,77123.7,9.460,139,83,69
2026-07-22T22:49:32Z,-21.7028570,166.1685239,13.2,77133.9,9.760,140,80,162
2026-07-22T22:49:33Z,-21.7027880,166.1685990,13.0,77144.2,10.060,139,80,165
2026-07-22T22:49:34Z,-21.7027190,166.1686639,13.0,77154.6,10.240,139,81,165
2026-07-22T22:49:35Z,-21.7026560,166.1687389,13.0,77164.6,10.240,139,82,165
2026-07-22T22:49:36Z,-21.7025910,166.1687920,13.0,77174.8,10.220,139,82,165
2026-07-22T22:49:37Z,-21.7025270,166.1688780,13.0,77184.9,10.200,138,83,165
2026-07-22T22:49:38Z,-21.7024600,166.1689320,13.0,77195.0,10.160,138,82,165
2026-07-22T22:49:39Z,-21.7023919,166.1689959,13.0,77205.0,10.080,138,84,165
2026-07-22T22:49:40Z,-21.7023189,166.1690600,13.0,77214.9,10.060,138,84,165
2026-07-22T22:49:41Z,-21.7022400,166.1691030,13.0,77224.7,9.980,138,84,164
2026-07-22T22:49:42Z,-21.7021609,166.1691360,13.0,77234.3,9.880,138,83,165
2026-07-22T22:49:43Z,-21.7020759,166.1691679,13.0,77244.0,9.800,138,83,165
2026-07-22T22:49:44Z,-21.7019929,166.1691890,13.0,77253.7,9.740,138,84,164
2026-07-22T22:49:45Z,-21.7019069,166.1692109,13.0,77263.5,9.720,138,83,164
2026-07-22T22:49:46Z,-21.7018230,166.1692429,13.0,77273.1,9.680,138,83,164
2026-07-22T22:49:47Z,-21.7017380,166.1692539,13.0,77282.7,9.680,138,83,165
2026-07-22T22:49:48Z,-21.7016570,166.1692750,13.0,77291.9,9.580,139,83,164
2026-07-22T22:49:49Z,-21.7015729,166.1692969,13.0,77301.4,9.540,138,83,164
2026-07-22T22:49:50Z,-21.7014899,166.1693180,13.0,77310.9,9.480,138,83,164
2026-07-22T22:49:51Z,-21.7014070,166.1693500,13.0,77320.3,9.440,138,83,164
2026-07-22T22:49:52Z,-21.7013250,166.1693610,13.0,77329.7,9.400,139,83,164
2026-07-22T22:49:53Z,-21.7012449,166.1693930,13.0,77339.1,9.440,138,83,164
2026-07-22T22:49:54Z,-21.7011630,166.1694040,13.0,77348.5,9.420,139,82,165
2026-07-22T22:49:55Z,-21.7010770,166.1694360,13.0,77358.3,9.480,138,83,164
2026-07-22T22:49:56Z,-21.7009950,166.1694680,13.0,77367.8,9.500,138,83,165
2026-07-22T22:49:57Z,-21.7009109,166.1694790,13.0,77377.5,9.560,138,83,164
2026-07-22T22:49:58Z,-21.7008249,166.1695110,13.0,77387.2,9.620,138,83,164
2026-07-22T22:49:59Z,-21.7007419,166.1695330,13.0,77396.9,9.680,139,82,164
2026-07-22T22:50:00Z,-21.7006529,166.1695650,13.0,77406.9,9.720,138,82,164
2026-07-22T22:50:01Z,-21.7005679,166.1695749,13.0,77416.5,9.740,138,82,164
2026-07-22T22:50:02Z,-21.7004799,166.1695859,13.0,77426.5,9.800,136,82,164
2026-07-22T22:50:03Z,-21.7003919,166.1696080,13.0,77436.2,9.800,136,82,165
2026-07-22T22:50:04Z,-21.7003059,166.1696179,13.0,77445.9,9.800,137,82,165
2026-07-22T22:50:05Z,-21.7002229,166.1696510,13.0,77455.4,9.700,138,82,164
2026-07-22T22:50:06Z,-21.7001369,166.1696609,13.0,77465.1,9.720,138,83,164
2026-07-22T22:50:07Z,-21.7000530,166.1696830,13.0,77474.8,9.660,138,82,164
2026-07-22T22:50:08Z,-21.6999690,166.1697149,13.0,77484.4,9.640,138,82,164
2026-07-22T22:50:09Z,-21.6998850,166.1697469,13.0,77493.9,9.600,138,82,164
2026-07-22T22:50:10Z,-21.6998000,166.1697579,13.0,77503.4,9.600,138,82,164
2026-07-22T22:50:11Z,-21.6997189,166.1697690,13.0,77512.9,9.560,138,82,164
2026-07-22T22:50:12Z,-21.6996329,166.1698009,13.0,77522.5,9.540,138,82,165
2026-07-22T22:50:13Z,-21.6995510,166.1698220,13.0,77531.8,9.480,139,82,165
2026-07-22T22:50:14Z,-21.6994729,166.1698540,13.0,77541.3,9.480,139,82,164
2026-07-22T22:50:15Z,-21.6994049,166.1699080,13.0,77550.8,9.480,139,82,165
2026-07-22T22:50:16Z,-21.6993490,166.1699719,13.0,77560.0,9.420,139,82,165
2026-07-22T22:50:17Z,-21.6992989,166.1700479,13.0,77569.4,9.380,139,83,165
2026-07-22T22:50:18Z,-21.6992630,166.1701230,13.0,77578.7,9.380,139,83,164
2026-07-22T22:50:19Z,-21.6992439,166.1702189,13.0,77587.9,9.320,139,83,165
2026-07-22T22:50:20Z,-21.6992400,166.1703049,13.0,77597.3,9.300,139,84,164
2026-07-22T22:50:21Z,-21.6992470,166.1704020,13.0,77606.3,9.260,138,82,164
2026-07-22T22:50:22Z,-21.6992569,166.1704870,13.0,77615.8,9.280,139,81,164
2026-07-22T22:50:23Z,-21.6992709,166.1705629,13.0,77624.6,9.180,138,81,165
2026-07-22T22:50:24Z,-21.6992859,166.1706590,13.0,77633.8,9.180,139,81,164
2026-07-22T22:50:25Z,-21.6993019,166.1707450,13.0,77643.2,9.180,139,81,165
2026-07-22T22:50:26Z,-21.6993110,166.1708310,13.0,77652.1,9.160,139,81,165
2026-07-22T22:50:27Z,-21.6993159,166.1709170,13.0,77661.1,9.060,139,81,165
2026-07-22T22:50:28Z,-21.6993120,166.1710129,13.0,77670.1,9.100,139,81,165
2026-07-22T22:50:29Z,-21.6992920,166.1710880,13.0,77679.2,9.080,138,82,164
2026-07-22T22:50:30Z,-21.6992520,166.1711630,13.0,77688.1,8.980,138,83,165
2026-07-22T22:50:31Z,-21.6991940,166.1712279,13.0,77697.1,9.000,138,82,165
2026-07-22T22:50:32Z,-21.6991299,166.1712709,13.0,77706.0,8.980,139,82,164
2026-07-22T22:50:33Z,-21.6990579,166.1713139,13.0,77715.2,9.020,138,82,164
2026-07-22T22:50:34Z,-21.6989890,166.1713559,13.0,77723.9,8.940,139,82,164
2026-07-22T22:50:35Z,-21.6989149,166.1714100,13.0,77733.1,9.000,139,82,164
2026-07-22T22:50:36Z,-21.6988460,166.1714320,13.0,77741.8,8.940,138,81,165
2026-07-22T22:50:37Z,-21.6987770,166.1714849,13.0,77750.4,8.880,139,82,165
2026-07-22T22:50:38Z,-21.6987050,166.1715279,13.0,77759.6,8.880,139,82,164
2026-07-22T22:50:39Z,-21.6986379,166.1715600,13.0,77768.1,8.840,138,82,164
2026-07-22T22:50:40Z,-21.6985669,166.1716030,13.0,77777.0,8.780,139,82,164
2026-07-22T22:50:41Z,-21.6984939,166.1716460,13.0,77786.1,8.860,138,83,165
2026-07-22T22:50:42Z,-21.6984269,166.1716999,13.0,77794.9,8.900,138,83,165
2026-07-22T22:50:43Z,-21.6983590,166.1717429,13.0,77804.0,8.880,138,83,164
2026-07-22T22:50:44Z,-21.6982939,166.1717859,13.0,77812.7,8.920,138,83,164
2026-07-22T22:50:45Z,-21.6982290,166.1718289,13.0,77821.4,8.880,138,83,164
2026-07-22T22:50:46Z,-21.6981700,166.1718930,13.0,77830.0,8.780,138,83,165
2026-07-22T22:50:47Z,-21.6981130,166.1719360,13.0,77838.5,8.720,138,84,164
2026-07-22T22:50:48Z,-21.6980600,166.1720220,13.0,77847.9,8.780,139,84,164
2026-07-22T22:50:49Z,-21.6980150,166.1720749,13.0,77856.1,8.680,140,83,164
2026-07-22T22:50:50Z,-21.6979700,166.1721500,13.0,77865.1,8.740,140,82,164
2026-07-22T22:50:51Z,-21.6979339,166.1722250,13.0,77873.7,8.740,140,82,165
2026-07-22T22:50:52Z,-21.6978990,166.1723110,13.0,77882.5,8.800,140,82,165
2026-07-22T22:50:53Z,-21.6978730,166.1723860,13.0,77891.3,8.680,140,81,164
2026-07-22T22:50:54Z,-21.6978560,166.1724720,13.0,77900.4,8.860,140,81,164
2026-07-22T22:50:55Z,-21.6978440,166.1725469,13.0,77909.1,8.800,140,81,164
2026-07-22T22:50:56Z,-21.6978400,166.1726440,13.0,77918.0,8.860,140,81,164
2026-07-22T22:50:57Z,-21.6978420,166.1727189,13.0,77926.2,8.740,140,81,164
2026-07-22T22:50:58Z,-21.6978520,166.1727939,13.0,77935.2,8.780,140,82,165
2026-07-22T22:50:59Z,-21.6978710,166.1728910,13.0,77943.8,8.680,140,81,164
2026-07-22T22:51:00Z,-21.6978990,166.1729659,13.0,77953.0,8.780,140,81,164
2026-07-22T22:51:01Z,-21.6979379,166.1730410,13.0,77961.8,8.760,142,80,164
2026-07-22T22:51:02Z,-21.6979789,166.1731160,13.0,77970.3,8.820,142,80,164
2026-07-22T22:51:03Z,-21.6980280,166.1731799,13.0,77978.7,8.700,142,80,164
2026-07-22T22:51:04Z,-21.6980840,166.1732340,13.0,77987.8,8.800,139,79,164
2026-07-22T22:51:05Z,-21.6981400,166.1732880,13.0,77996.1,8.620,139,78,164
2026-07-22T22:51:06Z,-21.6982050,166.1733409,13.0,78005.3,8.700,139,78,165
2026-07-22T22:51:07Z,-21.6982730,166.1733949,13.0,78013.9,8.720,139,78,164
2026-07-22T22:51:08Z,-21.6983450,166.1734160,13.0,78022.6,8.780,139,78,164
2026-07-22T22:51:09Z,-21.6984219,166.1734379,13.0,78031.2,8.680,139,79,164
2026-07-22T22:51:10Z,-21.6985000,166.1734490,13.0,78040.2,8.820,138,78,165
2026-07-22T22:51:11Z,-21.6985760,166.1734699,13.0,78049.0,8.740,138,78,165
2026-07-22T22:51:12Z,-21.6986510,166.1734910,13.0,78057.5,8.720,138,78,164
2026-07-22T22:51:13Z,-21.6987249,166.1735129,13.0,78066.2,8.720,138,78,164
2026-07-22T22:51:14Z,-21.6988009,166.1735450,13.0,78075.1,8.780,137,78,164
2026-07-22T22:51:15Z,-21.6988719,166.1735880,13.0,78083.8,8.720,138,78,164
2026-07-22T22:51:16Z,-21.6989419,166.1736200,13.0,78092.5,8.700,138,77,164
2026-07-22T22:51:17Z,-21.6990119,166.1736520,13.0,78100.9,8.680,137,77,165
2026-07-22T22:51:18Z,-21.6990839,166.1736950,13.0,78109.9,8.740,137,78,164
2026-07-22T22:51:19Z,-21.6991530,166.1737279,13.0,78118.5,8.680,137,78,164
2026-07-22T22:51:20Z,-21.6992220,166.1737699,13.0,78127.4,8.720,137,78,164
2026-07-22T22:51:21Z,-21.6992859,166.1738129,13.0,78136.0,8.700,137,78,164
2026-07-22T22:51:22Z,-21.6993380,166.1738780,13.0,78144.6,8.740,137,78,164
2026-07-22T22:51:23Z,-21.6993700,166.1739530,13.0,78153.4,8.700,137,78,165
2026-07-22T22:51:24Z,-21.6993849,166.1740490,13.0,78162.0,8.700,137,80,165
2026-07-22T22:51:25Z,-21.6993910,166.1741240,13.0,78171.0,8.720,137,80,164
2026-07-22T22:51:26Z,-21.6993889,166.1742100,13.0,78179.5,8.700,137,80,165
2026-07-22T22:51:27Z,-21.6993849,166.1742850,13.0,78188.2,8.720,137,80,164
2026-07-22T22:51:28Z,-21.6993780,166.1743820,13.0,78196.8,8.680,137,80,165
2026-07-22T22:51:29Z,-21.6993709,166.1744570,13.0,78205.9,8.780,137,80,165
2026-07-22T22:51:30Z,-21.6993690,166.1745540,13.0,78214.5,8.700,136,80,165
2026-07-22T22:51:31Z,-21.6993579,166.1746290,13.0,78223.1,8.720,136,81,165
2026-07-22T22:51:32Z,-21.6993510,166.1747150,13.0,78231.8,8.720,136,81,165
2026-07-22T22:51:33Z,-21.6993469,166.1747899,13.0,78240.6,8.760,136,82,165
2026-07-22T22:51:34Z,-21.6993530,166.1748860,13.0,78249.3,8.680,136,82,164
2026-07-22T22:51:35Z,-21.6993700,166.1749610,13.0,78258.1,8.720,136,81,164
2026-07-22T22:51:36Z,-21.6994019,166.1750359,13.0,78267.0,8.780,136,82,164
2026-07-22T22:51:37Z,-21.6994609,166.1751010,13.0,78276.3,8.900,136,82,164
2026-07-22T22:51:38Z,-21.6995280,166.1751440,13.0,78284.9,8.860,136,82,165
2026-07-22T22:51:39Z,-21.6996100,166.1751760,13.0,78294.5,9.040,136,82,164
2026-07-22T22:51:40Z,-21.6996850,166.1752079,13.0,78303.1,9.000,136,81,164
2026-07-22T22:51:41Z,-21.6997670,166.1752190,13.0,78312.6,9.120,136,81,164
2026-07-22T22:51:42Z,-21.6998499,166.1752509,13.0,78322.0,9.140,136,81,165
2026-07-22T22:51:43Z,-21.6999290,166.1752620,13.0,78330.8,9.180,136,81,164
2026-07-22T22:51:44Z,-21.7000120,166.1752620,13.0,78340.2,9.140,136,81,164
2026-07-22T22:51:45Z,-21.7000939,166.1752939,13.0,78349.6,9.300,136,81,164
2026-07-22T22:51:46Z,-21.7001710,166.1753259,13.0,78359.1,9.300,136,81,165
2026-07-22T22:51:47Z,-21.7002190,166.1754010,13.0,78368.5,9.300,137,81,164
2026-07-22T22:51:48Z,-21.7002280,166.1754979,13.0,78377.6,9.360,137,82,165
2026-07-22T22:51:49Z,-21.7002229,166.1755839,13.0,78386.9,9.340,136,82,165
2026-07-22T22:51:50Z,-21.7002199,166.1756800,13.0,78396.5,9.380,137,83,165
2026-07-22T22:51:51Z,-21.7002470,166.1757549,13.0,78405.5,9.280,137,84,164
2026-07-22T22:51:52Z,-21.7002990,166.1758299,13.0,78414.8,9.260,137,85,165
2026-07-22T22:51:53Z,-21.7003679,166.1758729,13.0,78424.4,9.360,137,85,165
2026-07-22T22:51:54Z,-21.7004420,166.1759269,13.0,78433.6,9.340,136,85,165
2026-07-22T22:51:55Z,-21.7005180,166.1759480,13.0,78442.6,9.220,136,85,165
2026-07-22T22:51:56Z,-21.7005979,166.1759810,13.0,78452.1,9.320,136,84,164
2026-07-22T22:51:57Z,-21.7006750,166.1760340,13.0,78461.5,9.340,136,83,164
2026-07-22T22:51:58Z,-21.7007490,166.1760770,13.0,78471.3,9.380,136,83,165
2026-07-22T22:51:59Z,-21.7008210,166.1761200,13.0,78480.6,9.400,137,83,164
2026-07-22T22:52:00Z,-21.7008999,166.1761520,13.0,78490.0,9.480,137,83,164
2026-07-22T22:52:01Z,-21.7009829,166.1761630,13.0,78499.2,9.420,138,83,165
2026-07-22T22:52:02Z,-21.7010650,166.1761840,13.0,78508.5,9.400,138,82,165
2026-07-22T22:52:03Z,-21.7011539,166.1761950,13.0,78518.3,9.400,138,82,165
2026-07-22T22:52:04Z,-21.7012309,166.1762270,13.0,78527.6,9.400,139,82,164
2026-07-22T22:52:05Z,-21.7013070,166.1762700,13.0,78537.4,9.480,139,82,165
2026-07-22T22:52:06Z,-21.7013680,166.1763449,13.0,78547.1,9.580,139,81,164
2026-07-22T22:52:07Z,-21.7014260,166.1764100,13.0,78556.4,9.580,139,81,165
2026-07-22T22:52:08Z,-21.7014780,166.1764850,13.0,78565.7,9.480,139,81,165
2026-07-22T22:52:09Z,-21.7015309,166.1765489,13.0,78575.3,9.540,140,82,165
2026-07-22T22:52:10Z,-21.7015800,166.1766240,13.0,78584.4,9.400,140,83,165
2026-07-22T22:52:11Z,-21.7016319,166.1766990,13.0,78593.9,9.360,140,83,164
2026-07-22T22:52:12Z,-21.7016909,166.1767639,13.0,78603.4,9.400,141,83,165
2026-07-22T22:52:13Z,-21.7017540,166.1768280,13.0,78612.4,9.340,141,85,165
2026-07-22T22:52:14Z,-21.7018309,166.1768710,13.0,78622.2,9.380,141,84,165
2026-07-22T22:52:15Z,-21.7019069,166.1769030,13.0,78631.4,9.400,141,84,165
2026-07-22T22:52:16Z,-21.7019860,166.1769250,13.0,78640.9,9.400,141,84,165
2026-07-22T22:52:17Z,-21.7020680,166.1769570,13.0,78650.6,9.440,142,84,164
2026-07-22T22:52:18Z,-21.7021469,166.1770110,13.0,78660.0,9.520,143,85,165
2026-07-22T22:52:19Z,-21.7022250,166.1770320,13.0,78669.5,9.460,142,85,165
2026-07-22T22:52:20Z,-21.7023059,166.1770639,13.0,78679.0,9.520,142,85,165
2026-07-22T22:52:21Z,-21.7023860,166.1771180,13.0,78688.5,9.520,143,85,165
2026-07-22T22:52:22Z,-21.7024690,166.1771290,13.0,78698.2,9.520,142,85,165
2026-07-22T22:52:23Z,-21.7025550,166.1771389,13.0,78707.7,9.540,143,86,164
2026-07-22T22:52:24Z,-21.7026399,166.1771389,13.0,78717.1,9.520,142,85,164
2026-07-22T22:52:25Z,-21.7027290,166.1771389,13.0,78726.9,9.580,142,85,165
2026-07-22T22:52:26Z,-21.7028129,166.1771389,13.0,78736.4,9.580,142,85,165
2026-07-22T22:52:27Z,-21.7029010,166.1771290,13.0,78746.0,9.560,143,86,165
2026-07-22T22:52:28Z,-21.7029839,166.1771290,13.0,78755.4,9.540,143,87,164
2026-07-22T22:52:29Z,-21.7030730,166.1771290,13.0,78765.1,9.600,143,88,164
2026-07-22T22:52:30Z,-21.7031590,166.1771290,12.8,78774.6,9.540,142,88,164
2026-07-22T22:52:31Z,-21.7032439,166.1771290,12.8,78784.0,9.520,142,88,164
2026-07-22T22:52:32Z,-21.7033299,166.1771290,12.8,78793.5,9.500,142,88,164
2026-07-22T22:52:33Z,-21.7034159,166.1771290,12.8,78803.0,9.520,142,88,164
2026-07-22T22:52:34Z,-21.7034979,166.1771290,13.0,78812.2,9.420,143,87,164
2026-07-22T22:52:35Z,-21.7035800,166.1771180,13.0,78821.3,9.340,142,87,165
2026-07-22T22:52:36Z,-21.7036630,166.1771180,13.0,78830.5,9.300,142,87,165
2026-07-22T22:52:37Z,-21.7037459,166.1770959,13.0,78839.6,9.220,142,88,164
2026-07-22T22:52:38Z,-21.7038280,166.1770860,13.2,78848.7,9.140,142,87,164
2026-07-22T22:52:39Z,-21.7039070,166.1770639,13.2,78857.7,9.100,142,86,164
2026-07-22T22:52:40Z,-21.7039860,166.1770639,13.4,78866.6,9.060,143,86,165
2026-07-22T22:52:41Z,-21.7040629,166.1770639,13.4,78874.8,8.860,143,87,165
2026-07-22T22:52:42Z,-21.7041420,166.1770639,13.6,78883.9,8.860,143,88,164
2026-07-22T22:52:43Z,-21.7042130,166.1770959,13.6,78892.0,8.660,143,88,164
2026-07-22T22:52:44Z,-21.7042850,166.1771290,13.8,78900.7,8.600,143,87,165
2026-07-22T22:52:45Z,-21.7043499,166.1771610,13.8,78908.8,8.440,143,86,165
2026-07-22T22:52:46Z,-21.7044110,166.1772040,14.0,78917.0,8.440,143,87,164
2026-07-22T22:52:47Z,-21.7044690,166.1772470,14.2,78925.0,8.220,143,87,164
2026-07-22T22:52:48Z,-21.7045199,166.1773109,14.2,78933.0,8.200,143,87,164
2026-07-22T22:52:49Z,-21.7045680,166.1773750,14.4,78940.9,8.039,142,87,165
2026-07-22T22:52:50Z,-21.7046069,166.1774290,14.6,78948.6,7.960,142,87,164
2026-07-22T22:52:51Z,-21.7046379,166.1774930,14.8,78956.3,7.860,142,87,165
2026-07-22T22:52:52Z,-21.7046610,166.1775580,15.0,78963.8,7.760,143,88,165
2026-07-22T22:52:53Z,-21.7046779,166.1776330,15.2,78970.8,7.560,142,88,165
2026-07-22T22:52:54Z,-21.7046860,166.1776969,15.6,78977.6,7.340,143,87,164
2026-07-22T22:52:55Z,-21.7046860,166.1777719,15.6,78984.8,7.240,142,87,164
2026-07-22T22:52:56Z,-21.7046770,166.1778259,15.8,78991.5,7.040,142,87,165
2026-07-22T22:52:57Z,-21.7046509,166.1778900,15.8,78998.3,6.900,142,87,164
2026-07-22T22:52:58Z,-21.7046150,166.1779330,15.8,79005.1,6.860,142,88,165
2026-07-22T22:52:59Z,-21.7045710,166.1779869,15.8,79011.9,6.860,142,89,165
2026-07-22T22:53:00Z,-21.7045180,166.1780299,15.8,79019.5,6.940,142,90,164
2026-07-22T22:53:01Z,-21.7044649,166.1780729,16.0,79026.5,7.000,142,89,165
2026-07-22T22:53:02Z,-21.7044110,166.1781050,16.2,79033.4,7.020,142,89,165
2026-07-22T22:53:03Z,-21.7043540,166.1781159,16.6,79040.3,7.040,141,89,164
2026-07-22T22:53:04Z,-21.7043000,166.1781480,16.8,79046.7,6.960,141,88,164
2026-07-22T22:53:05Z,-21.7042489,166.1781690,17.2,79052.7,6.640,142,87,165
2026-07-22T22:53:06Z,-21.7041980,166.1782009,17.4,79058.7,6.440,141,88,165
2026-07-22T22:53:07Z,-21.7041510,166.1782120,17.6,79064.2,6.160,142,88,165
2026-07-22T22:53:08Z,-21.7041039,166.1782230,18.0,79069.7,5.880,142,88,164
2026-07-22T22:53:09Z,-21.7040599,166.1782439,18.2,79074.9,5.640,142,88,165
2026-07-22T22:53:10Z,-21.7040179,166.1782550,18.4,79079.9,5.440,141,87,164
2026-07-22T22:53:11Z,-21.7039790,166.1782869,18.6,79084.7,5.200,141,87,164
2026-07-22T22:53:12Z,-21.7039430,166.1782980,19.0,79089.3,5.020,142,88,165
2026-07-22T22:53:13Z,-21.7039150,166.1783299,19.0,79093.7,4.800,142,88,164
2026-07-22T22:53:14Z,-21.7038869,166.1783620,19.2,79098.4,4.700,142,89,165
2026-07-22T22:53:15Z,-21.7038650,166.1784049,19.4,79102.9,4.600,142,89,165
2026-07-22T22:53:16Z,-21.7038479,166.1784589,19.4,79107.8,4.620,141,89,165
2026-07-22T22:53:17Z,-21.7038390,166.1785019,19.4,79113.2,4.780,141,88,164
2026-07-22T22:53:18Z,-21.7038430,166.1785660,19.4,79118.7,5.000,141,88,165
2026-07-22T22:53:19Z,-21.7038570,166.1786090,19.4,79124.4,5.200,142,87,165
2026-07-22T22:53:20Z,-21.7038869,166.1786520,19.4,79130.4,5.500,142,88,164
2026-07-22T22:53:21Z,-21.7039280,166.1786950,19.4,79136.9,5.820,141,88,164
2026-07-22T22:53:22Z,-21.7039739,166.1787489,19.4,79143.4,6.040,141,88,165
2026-07-22T22:53:23Z,-21.7040260,166.1787810,19.2,79150.1,6.280,142,88,165
2026-07-22T22:53:24Z,-21.7040789,166.1788019,19.2,79157.0,6.520,143,89,165
2026-07-22T22:53:25Z,-21.7041359,166.1788339,19.2,79164.1,6.740,143,90,164
2026-07-22T22:53:26Z,-21.7041950,166.1788670,19.2,79171.5,6.920,143,91,165
2026-07-22T22:53:27Z,-21.7042540,166.1789100,19.2,79178.9,7.100,144,91,165
2026-07-22T22:53:28Z,-21.7043120,166.1789420,19.2,79186.3,7.240,144,90,164
2026-07-22T22:53:29Z,-21.7043710,166.1789850,19.2,79194.0,7.400,143,90,165
2026-07-22T22:53:30Z,-21.7044219,166.1790380,19.4,79201.9,7.560,143,90,164
2026-07-22T22:53:31Z,-21.7044619,166.1790919,19.4,79209.5,7.600,143,90,164
2026-07-22T22:53:32Z,-21.7044919,166.1791560,19.6,79217.1,7.640,143,90,164
2026-07-22T22:53:33Z,-21.7045020,166.1792310,19.8,79224.9,7.720,142,90,164
2026-07-22T22:53:34Z,-21.7044980,166.1793069,20.0,79232.1,7.620,143,89,165
2026-07-22T22:53:35Z,-21.7044799,166.1793710,20.2,79239.1,7.440,142,89,165
2026-07-22T22:53:36Z,-21.7044509,166.1794349,20.6,79245.9,7.280,142,89,165
2026-07-22T22:53:37Z,-21.7044150,166.1794779,20.8,79252.1,7.000,142,89,165
2026-07-22T22:53:38Z,-21.7043700,166.1795099,21.2,79258.6,6.740,140,89,164
2026-07-22T22:53:39Z,-21.7043250,166.1795430,21.4,79264.5,6.480,141,88,164
2026-07-22T22:53:40Z,-21.7042799,166.1795750,21.8,79270.2,6.220,141,88,164
2026-07-22T22:53:41Z,-21.7042369,166.1795959,22.0,79275.6,5.940,140,89,165
2026-07-22T22:53:42Z,-21.7041939,166.1796180,22.2,79280.9,5.760,140,89,164
2026-07-22T22:53:43Z,-21.7041510,166.1796500,22.4,79286.0,5.480,141,90,165
2026-07-22T22:53:44Z,-21.7041120,166.1796610,22.6,79290.9,5.280,141,91,165
2026-07-22T22:53:45Z,-21.7040730,166.1796710,22.8,79295.6,5.080,141,93,165
2026-07-22T22:53:46Z,-21.7040360,166.1797030,23.0,79300.4,4.960,140,93,164
2026-07-22T22:53:47Z,-21.7039990,166.1797249,23.2,79305.0,4.820,140,92,164
2026-07-22T22:53:48Z,-21.7039629,166.1797360,23.4,79309.4,4.680,141,91,164
2026-07-22T22:53:49Z,-21.7039309,166.1797679,23.6,79313.7,4.560,140,90,164
2026-07-22T22:53:50Z,-21.7039000,166.1797790,23.8,79318.0,4.480,140,89,164
2026-07-22T22:53:51Z,-21.7038710,166.1798109,24.0,79322.3,4.380,140,89,165
2026-07-22T22:53:52Z,-21.7038449,166.1798429,24.2,79326.4,4.280,139,88,164
2026-07-22T22:53:53Z,-21.7038199,166.1798750,24.2,79330.8,4.280,140,88,165
2026-07-22T22:53:54Z,-21.7037980,166.1799180,24.4,79335.1,4.280,140,87,165
2026-07-22T22:53:55Z,-21.7037840,166.1799500,24.4,79339.6,4.320,140,87,165
2026-07-22T22:53:56Z,-21.7037780,166.1799930,24.4,79344.4,4.420,140,88,165
2026-07-22T22:53:57Z,-21.7037780,166.1800470,24.4,79349.4,4.600,140,88,164
2026-07-22T22:53:58Z,-21.7037850,166.1800999,24.4,79354.6,4.760,141,88,165
2026-07-22T22:53:59Z,-21.7038009,166.1801539,24.6,79360.0,4.980,140,88,165
2026-07-22T22:54:00Z,-21.7038210,166.1801969,24.6,79365.7,5.220,140,88,165
2026-07-22T22:54:01Z,-21.7038469,166.1802400,24.6,79371.5,5.420,140,88,165
2026-07-22T22:54:02Z,-21.7038769,166.1802830,24.6,79377.5,5.620,140,87,164
2026-07-22T22:54:03Z,-21.7039100,166.1803470,24.6,79383.7,5.820,140,87,164
2026-07-22T22:54:04Z,-21.7039420,166.1803900,24.6,79390.0,6.000,140,86,164
2026-07-22T22:54:05Z,-21.7039729,166.1804439,24.6,79396.5,6.160,139,85,164
2026-07-22T22:54:06Z,-21.7040039,166.1804970,24.6,79403.0,6.300,139,85,165
2026-07-22T22:54:07Z,-21.7040319,166.1805619,24.6,79409.6,6.420,139,85,164
2026-07-22T22:54:08Z,-21.7039869,166.1805510,24.6,79415.9,6.440,139,84,164
2026-07-22T22:54:09Z,-21.7039500,166.1804970,24.6,79422.5,6.500,139,83,164
2026-07-22T22:54:10Z,-21.7039150,166.1804439,24.6,79429.3,6.560,138,83,165
2026-07-22T22:54:11Z,-21.7038810,166.1803900,24.6,79436.0,6.600,138,83,165
2026-07-22T22:54:12Z,-21.7038469,166.1803360,24.6,79443.0,6.680,138,83,164
2026-07-22T22:54:13Z,-21.7038120,166.1802719,24.6,79450.1,6.840,138,82,165
2026-07-22T22:54:14Z,-21.7037800,166.1802080,24.6,79457.3,6.960,137,82,165
2026-07-22T22:54:15Z,-21.7037530,166.1801539,24.6,79464.6,7.060,137,82,164
2026-07-22T22:54:16Z,-21.7037380,166.1800679,24.4,79472.3,7.260,137,82,164
2026-07-22T22:54:17Z,-21.7037340,166.1799930,24.4,79479.8,7.360,137,83,164
2026-07-22T22:54:18Z,-21.7037469,166.1799399,24.4,79487.5,7.480,137,83,164
2026-07-22T22:54:19Z,-21.7037800,166.1798640,24.2,79495.4,7.620,138,83,165
2026-07-22T22:54:20Z,-21.7038250,166.1797999,24.0,79503.7,7.820,137,84,164
2026-07-22T22:54:21Z,-21.7038830,166.1797570,23.8,79512.1,7.960,137,85,165
2026-07-22T22:54:22Z,-21.7039500,166.1796930,23.4,79521.1,8.260,138,84,165
2026-07-22T22:54:23Z,-21.7040240,166.1796610,23.0,79530.4,8.580,137,84,164
2026-07-22T22:54:24Z,-21.7041029,166.1796180,22.6,79540.0,8.920,137,84,164
2026-07-22T22:54:25Z,-21.7041850,166.1795750,22.2,79550.1,9.280,137,83,164
2026-07-22T22:54:26Z,-21.7042700,166.1795209,21.6,79560.7,9.720,137,84,164
2026-07-22T22:54:27Z,-21.7043499,166.1794779,21.2,79571.1,10.000,138,84,165
2026-07-22T22:54:28Z,-21.7044219,166.1794030,20.6,79582.2,10.360,137,82,164
2026-07-22T22:54:29Z,-21.7044690,166.1793069,20.0,79593.9,10.780,137,82,165
2026-07-22T22:54:30Z,-21.7044649,166.1791880,19.6,79605.6,11.100,137,81,165
2026-07-22T22:54:31Z,-21.7044189,166.1790919,19.4,79617.3,11.320,137,81,164
2026-07-22T22:54:32Z,-21.7043430,166.1790059,19.2,79629.3,11.640,137,82,164
2026-07-22T22:54:33Z,-21.7042540,166.1789420,19.2,79641.1,11.780,137,81,165
2026-07-22T22:54:34Z,-21.7041629,166.1788990,19.2,79652.5,11.720,137,81,165
2026-07-22T22:54:35Z,-21.7040730,166.1788339,19.2,79663.9,11.660,137,81,165
2026-07-22T22:54:36Z,-21.7039820,166.1787919,19.2,79675.5,11.640,137,82,165
2026-07-22T22:54:37Z,-21.7039000,166.1787270,19.4,79686.5,11.440,137,83,164
2026-07-22T22:54:38Z,-21.7038410,166.1786410,19.4,79697.4,11.260,137,81,164
2026-07-22T22:54:39Z,-21.7038100,166.1785449,19.4,79708.6,11.220,137,81,164
2026-07-22T22:54:40Z,-21.7038199,166.1784370,19.4,79719.5,11.120,137,80,164
2026-07-22T22:54:41Z,-21.7038680,166.1783299,19.2,79730.8,11.060,137,80,165
2026-07-22T22:54:42Z,-21.7039400,166.1782770,18.8,79741.8,11.060,137,81,165
2026-07-22T22:54:43Z,-21.7040240,166.1782120,18.4,79752.6,11.040,137,80,165
2026-07-22T22:54:44Z,-21.7041270,166.1781690,17.8,79764.8,11.240,137,80,165
2026-07-22T22:54:45Z,-21.7042300,166.1781370,17.2,79777.1,11.520,137,79,165
2026-07-22T22:54:46Z,-21.7043329,166.1780940,16.6,79789.1,11.660,137,79,165
2026-07-22T22:54:47Z,-21.7044390,166.1780409,16.0,79802.2,12.080,137,80,164
2026-07-22T22:54:48Z,-21.7045389,166.1779650,15.8,79815.3,12.540,137,80,165
2026-07-22T22:54:49Z,-21.7046190,166.1778800,15.8,79828.6,12.760,137,80,164
2026-07-22T22:54:50Z,-21.7046509,166.1777719,15.6,79841.0,12.780,136,79,164
2026-07-22T22:54:51Z,-21.7046470,166.1776440,15.4,79853.2,12.820,136,79,164
2026-07-22T22:54:52Z,-21.7046150,166.1775259,15.0,79866.5,12.860,136,77,164
2026-07-22T22:54:53Z,-21.7045610,166.1774180,14.6,79879.3,12.800,136,77,164
2026-07-22T22:54:54Z,-21.7044890,166.1773219,14.2,79891.7,12.620,136,77,164
2026-07-22T22:54:55Z,-21.7044059,166.1772359,14.0,79904.3,12.660,136,77,91
2026-07-22T22:54:56Z,-21.7043120,166.1771710,13.8,79916.7,12.700,135,77,0
2026-07-22T22:54:57Z,-21.7042029,166.1771290,13.6,79929.7,12.640,135,77,0
2026-07-22T22:54:58Z,-21.7041000,166.1770959,13.6,79941.4,12.420,135,0,0
2026-07-22T22:54:59Z,-21.7039950,166.1770959,13.4,79953.1,12.280,135,0,0
2026-07-22T22:55:00Z,-21.7038840,166.1771180,13.2,79965.4,12.220,135,0,0
2026-07-22T22:55:01Z,-21.7037820,166.1771180,13.2,79976.8,12.020,135,68,75
2026-07-22T22:55:02Z,-21.7036830,166.1771290,13.0,79987.9,11.640,135,50,111
2026-07-22T22:55:03Z,-21.7035800,166.1771389,13.0,79999.4,11.600,134,51,112
2026-07-22T22:55:04Z,-21.7034780,166.1771610,12.8,80010.5,11.480,134,52,111
2026-07-22T22:55:05Z,-21.7033810,166.1771610,12.8,80021.3,11.180,133,55,111
2026-07-22T22:55:06Z,-21.7032859,166.1771610,12.8,80032.0,11.040,133,57,110
2026-07-22T22:55:07Z,-21.7031869,166.1771610,12.8,80042.9,11.000,133,59,110
2026-07-22T22:55:08Z,-21.7030890,166.1771610,13.0,80053.7,10.860,132,60,110
2026-07-22T22:55:09Z,-21.7029940,166.1771610,13.0,80064.2,10.740,132,61,110
2026-07-22T22:55:10Z,-21.7028979,166.1771710,13.0,80074.7,10.680,132,61,110
2026-07-22T22:55:11Z,-21.7027989,166.1771710,13.0,80085.7,10.740,131,62,110
2026-07-22T22:55:12Z,-21.7027050,166.1771710,13.0,80096.1,10.640,131,63,110
2026-07-22T22:55:13Z,-21.7026130,166.1771710,13.0,80106.3,10.520,131,63,109
2026-07-22T22:55:14Z,-21.7025200,166.1771710,13.0,80116.5,10.460,130,64,110
2026-07-22T22:55:15Z,-21.7024339,166.1771610,13.0,80126.2,10.300,130,64,110
2026-07-22T22:55:16Z,-21.7023470,166.1771290,13.0,80136.3,10.120,130,64,110
2026-07-22T22:55:17Z,-21.7022600,166.1770959,13.0,80146.7,10.120,130,64,109
2026-07-22T22:55:18Z,-21.7021799,166.1770639,13.0,80156.2,9.980,130,65,109
2026-07-22T22:55:19Z,-21.7020990,166.1770209,13.0,80166.0,9.900,131,65,71
2026-07-22T22:55:20Z,-21.7020209,166.1769890,13.0,80175.5,9.860,130,65,60
2026-07-22T22:55:21Z,-21.7019400,166.1769460,13.0,80185.5,9.840,131,58,111
2026-07-22T22:55:22Z,-21.7018580,166.1769140,13.0,80195.1,9.680,130,59,111
2026-07-22T22:55:23Z,-21.7017830,166.1768820,13.0,80204.1,9.580,130,65,111
2026-07-22T22:55:24Z,-21.7017090,166.1768280,13.0,80214.1,9.620,129,67,110
2026-07-22T22:55:25Z,-21.7016459,166.1767639,13.0,80223.2,9.540,129,69,110
2026-07-22T22:55:26Z,-21.7015879,166.1766990,13.0,80232.5,9.400,129,70,110
2026-07-22T22:55:27Z,-21.7015329,166.1766240,13.0,80242.2,9.420,129,71,110
2026-07-22T22:55:28Z,-21.7014810,166.1765599,13.0,80251.7,9.520,128,71,110
2026-07-22T22:55:29Z,-21.7014309,166.1764850,13.0,80260.7,9.320,129,72,109
2026-07-22T22:55:30Z,-21.7013820,166.1764100,13.0,80270.0,9.360,129,72,110
2026-07-22T22:55:31Z,-21.7013289,166.1763449,13.0,80279.0,9.300,129,73,110
2026-07-22T22:55:32Z,-21.7012640,166.1762920,13.0,80288.4,9.240,130,74,110
2026-07-22T22:55:33Z,-21.7011940,166.1762380,13.0,80297.4,9.140,130,74,110
2026-07-22T22:55:34Z,-21.7011109,166.1762270,13.0,80307.0,9.260,130,74,110
2026-07-22T22:55:35Z,-21.7010360,166.1762169,13.0,80315.5,9.100,131,75,110
2026-07-22T22:55:36Z,-21.7009500,166.1761950,13.0,80325.0,9.200,131,75,110
2026-07-22T22:55:37Z,-21.7008689,166.1761840,13.0,80334.1,9.140,131,76,110
2026-07-22T22:55:38Z,-21.7007930,166.1761520,13.0,80343.0,9.120,132,76,109
2026-07-22T22:55:39Z,-21.7007220,166.1761090,13.0,80352.2,9.040,132,76,110
2026-07-22T22:55:40Z,-21.7006570,166.1760559,13.0,80360.8,9.060,132,78,110
2026-07-22T22:55:41Z,-21.7005860,166.1760129,13.0,80369.9,8.980,132,77,110
2026-07-22T22:55:42Z,-21.7005099,166.1759810,13.0,80379.0,8.980,132,77,109
2026-07-22T22:55:43Z,-21.7004379,166.1759480,13.0,80387.6,8.920,132,78,110
2026-07-22T22:55:44Z,-21.7003649,166.1759269,13.0,80396.4,8.840,132,78,110
2026-07-22T22:55:45Z,-21.7002970,166.1758729,13.0,80405.4,8.920,132,78,109
2026-07-22T22:55:46Z,-21.7002400,166.1758200,13.0,80414.4,8.900,132,78,110
2026-07-22T22:55:47Z,-21.7002000,166.1757450,13.0,80423.6,8.920,132,79,110
2026-07-22T22:55:48Z,-21.7001870,166.1756590,13.0,80432.1,8.900,132,79,109
2026-07-22T22:55:49Z,-21.7001909,166.1755730,13.0,80440.6,8.840,132,80,109
2026-07-22T22:55:50Z,-21.7002000,166.1754979,13.0,80449.4,8.800,132,80,110
2026-07-22T22:55:51Z,-21.7001840,166.1754010,13.0,80458.3,8.780,132,81,110
2026-07-22T22:55:52Z,-21.7001290,166.1753480,13.0,80467.0,8.680,132,81,110
2026-07-22T22:55:53Z,-21.7000570,166.1753150,13.0,80475.6,8.700,132,80,110
2026-07-22T22:55:54Z,-21.6999759,166.1752939,13.0,80484.8,8.840,131,81,110
2026-07-22T22:55:55Z,-21.6999000,166.1752829,13.0,80493.4,8.800,131,81,109
2026-07-22T22:55:56Z,-21.6998230,166.1752829,13.0,80501.9,8.720,131,81,109
2026-07-22T22:55:57Z,-21.6997459,166.1752620,13.0,80510.8,8.760,131,81,109
2026-07-22T22:55:58Z,-21.6996720,166.1752399,13.0,80519.4,8.760,131,82,110
2026-07-22T22:55:59Z,-21.6995930,166.1752190,13.0,80528.4,8.720,131,82,110
2026-07-22T22:56:00Z,-21.6995189,166.1751870,13.0,80537.2,8.760,131,83,109
2026-07-22T22:56:01Z,-21.6994520,166.1751440,13.0,80545.7,8.760,131,82,109
2026-07-22T22:56:02Z,-21.6993930,166.1750789,13.0,80554.5,8.740,131,82,110
2026-07-22T22:56:03Z,-21.6993530,166.1750260,13.0,80563.0,8.720,131,82,110
2026-07-22T22:56:04Z,-21.6993279,166.1749509,13.0,80571.5,8.620,131,83,110
2026-07-22T22:56:05Z,-21.6993149,166.1748540,13.0,80580.1,8.580,131,83,109
2026-07-22T22:56:06Z,-21.6993120,166.1747789,13.0,80588.8,8.620,131,84,110
2026-07-22T22:56:07Z,-21.6993190,166.1746820,13.0,80597.7,8.640,131,84,110
2026-07-22T22:56:08Z,-21.6993260,166.1746069,13.0,80606.2,8.640,132,85,109
2026-07-22T22:56:09Z,-21.6993350,166.1745319,13.0,80614.4,8.580,132,85,110
2026-07-22T22:56:10Z,-21.6993449,166.1744459,13.0,80623.1,8.600,132,84,110
2026-07-22T22:56:11Z,-21.6993530,166.1743710,13.0,80631.2,8.480,132,84,109
2026-07-22T22:56:12Z,-21.6993579,166.1742850,13.0,80639.7,8.400,132,85,110
2026-07-22T22:56:13Z,-21.6993620,166.1741999,13.0,80647.9,8.340,132,85,110
2026-07-22T22:56:14Z,-21.6993620,166.1741240,13.0,80656.3,8.380,132,85,110
2026-07-22T22:56:15Z,-21.6993579,166.1740490,13.0,80664.4,8.260,131,85,109
2026-07-22T22:56:16Z,-21.6993419,166.1739739,13.0,80672.4,8.240,131,85,109
2026-07-22T22:56:17Z,-21.6993070,166.1738879,13.0,80680.6,8.180,131,86,109
2026-07-22T22:56:18Z,-21.6992559,166.1738459,13.0,80688.8,8.180,131,86,109
2026-07-22T22:56:19Z,-21.6991940,166.1738029,13.0,80696.7,8.080,131,86,109
2026-07-22T22:56:20Z,-21.6991340,166.1737699,13.0,80704.5,8.020,131,86,110
2026-07-22T22:56:21Z,-21.6990680,166.1737279,13.0,80712.5,8.020,131,86,110
2026-07-22T22:56:22Z,-21.6990040,166.1736950,13.0,80720.6,8.000,131,86,110
2026-07-22T22:56:23Z,-21.6989399,166.1736630,13.0,80728.6,7.960,131,86,109
2026-07-22T22:56:24Z,-21.6988780,166.1736310,13.0,80736.1,7.880,131,87,109
2026-07-22T22:56:25Z,-21.6988109,166.1735989,13.0,80744.1,7.920,131,87,110
2026-07-22T22:56:26Z,-21.6987480,166.1735770,13.0,80751.8,7.860,131,87,109
2026-07-22T22:56:27Z,-21.6986819,166.1735450,13.0,80759.8,7.840,131,86,109
2026-07-22T22:56:28Z,-21.6986150,166.1735240,13.0,80767.5,7.780,131,86,110
2026-07-22T22:56:29Z,-21.6985470,166.1734910,13.0,80775.4,7.860,131,86,110
2026-07-22T22:56:30Z,-21.6984799,166.1734809,13.0,80783.0,7.780,131,86,109
2026-07-22T22:56:31Z,-21.6984109,166.1734699,13.0,80790.7,7.780,130,86,110
2026-07-22T22:56:32Z,-21.6983410,166.1734490,13.0,80798.4,7.720,130,87,109
2026-07-22T22:56:33Z,-21.6982770,166.1734379,13.0,80805.9,7.680,130,86,109
2026-07-22T22:56:34Z,-21.6982170,166.1733949,13.0,80813.5,7.620,130,86,110
2026-07-22T22:56:35Z,-21.6981560,166.1733630,13.0,80821.4,7.680,130,86,110
2026-07-22T22:56:36Z,-21.6981040,166.1733089,13.0,80828.8,7.620,130,86,110
2026-07-22T22:56:37Z,-21.6980540,166.1732549,13.0,80836.5,7.620,129,87,109
2026-07-22T22:56:38Z,-21.6980059,166.1732020,13.0,80844.2,7.660,129,86,109
2026-07-22T22:56:39Z,-21.6979619,166.1731480,13.0,80851.8,7.660,129,86,109
2026-07-22T22:56:40Z,-21.6979229,166.1730839,13.0,80859.2,7.560,129,86,110
2026-07-22T22:56:41Z,-21.6978880,166.1730190,13.0,80866.9,7.620,129,87,109
2026-07-22T22:56:42Z,-21.6978570,166.1729659,13.0,80874.4,7.580,129,87,110
2026-07-22T22:56:43Z,-21.6978339,166.1728910,13.0,80882.1,7.580,129,87,110
2026-07-22T22:56:44Z,-21.6978199,166.1728260,13.0,80889.7,7.580,129,87,109
2026-07-22T22:56:45Z,-21.6978100,166.1727509,13.0,80897.2,7.600,128,87,110
2026-07-22T22:56:46Z,-21.6978039,166.1726759,13.0,80904.9,7.600,128,88,110
2026-07-22T22:56:47Z,-21.6978059,166.1726120,13.0,80912.3,7.580,128,88,109
2026-07-22T22:56:48Z,-21.6978100,166.1725369,13.0,80920.0,7.580,128,88,109
2026-07-22T22:56:49Z,-21.6978199,166.1724619,13.0,80927.4,7.540,128,88,109
2026-07-22T22:56:50Z,-21.6978339,166.1723970,13.0,80934.8,7.520,128,88,110
2026-07-22T22:56:51Z,-21.6978560,166.1723220,13.0,80942.5,7.520,128,89,110
2026-07-22T22:56:52Z,-21.6978799,166.1722580,13.0,80949.8,7.500,128,89,109
2026-07-22T22:56:53Z,-21.6979100,166.1721830,13.0,80957.3,7.460,127,88,109
2026-07-22T22:56:54Z,-21.6979420,166.1721179,13.0,80964.6,7.440,127,88,109
2026-07-22T22:56:55Z,-21.6979779,166.1720650,13.0,80972.0,7.440,127,88,109
2026-07-22T22:56:56Z,-21.6980150,166.1719999,13.0,80979.3,7.360,127,88,109
2026-07-22T22:56:57Z,-21.6980570,166.1719569,13.0,80986.8,7.400,127,88,110
2026-07-22T22:56:58Z,-21.6981040,166.1718930,13.0,80994.0,7.340,127,87,109
2026-07-22T22:56:59Z,-21.6981509,166.1718500,13.0,81001.4,7.360,126,87,109
2026-07-22T22:57:00Z,-21.6982050,166.1718070,13.0,81008.8,7.360,126,86,109
2026-07-22T22:57:01Z,-21.6982600,166.1717530,13.0,81016.2,7.380,126,87,110
2026-07-22T22:57:02Z,-21.6983150,166.1717210,13.0,81023.5,7.340,126,88,110
2026-07-22T22:57:03Z,-21.6983710,166.1716780,13.0,81030.9,7.380,126,88,109
2026-07-22T22:57:04Z,-21.6984259,166.1716460,13.0,81038.2,7.360,126,88,109
2026-07-22T22:57:05Z,-21.6984839,166.1716030,13.0,81045.6,7.360,126,88,109
2026-07-22T22:57:06Z,-21.6985399,166.1715709,13.0,81052.9,7.340,126,88,110
2026-07-22T22:57:07Z,-21.6985989,166.1715279,13.0,81060.5,7.400,127,88,109
2026-07-22T22:57:08Z,-21.6986580,166.1714960,13.0,81068.0,7.420,127,88,109
2026-07-22T22:57:09Z,-21.6987160,166.1714640,13.0,81075.4,7.440,127,88,110
2026-07-22T22:57:10Z,-21.6987750,166.1714320,13.0,81082.8,7.440,127,88,109
2026-07-22T22:57:11Z,-21.6988340,166.1714100,13.0,81090.3,7.480,127,88,110
2026-07-22T22:57:12Z,-21.6988930,166.1713559,13.0,81097.6,7.420,128,88,110
2026-07-22T22:57:13Z,-21.6989500,166.1713350,13.0,81105.0,7.400,128,88,109
2026-07-22T22:57:14Z,-21.6990119,166.1713030,13.0,81112.5,7.420,128,88,109
2026-07-22T22:57:15Z,-21.6990680,166.1712709,13.0,81120.0,7.440,128,88,109
2026-07-22T22:57:16Z,-21.6991250,166.1712279,13.0,81127.2,7.380,128,88,109
2026-07-22T22:57:17Z,-21.6991770,166.1711740,13.0,81134.8,7.440,128,88,110
2026-07-22T22:57:18Z,-21.6992220,166.1711310,13.0,81142.0,7.400,128,88,110
2026-07-22T22:57:19Z,-21.6992530,166.1710669,13.0,81149.5,7.400,128,88,109
2026-07-22T22:57:20Z,-21.6992719,166.1709920,13.0,81156.8,7.360,129,88,110
2026-07-22T22:57:21Z,-21.6992760,166.1709379,13.0,81164.4,7.440,128,87,110
2026-07-22T22:57:22Z,-21.6992749,166.1708519,13.0,81171.8,7.400,129,87,109
2026-07-22T22:57:23Z,-21.6992670,166.1707770,13.0,81179.2,7.440,129,86,110
2026-07-22T22:57:24Z,-21.6992569,166.1707229,13.0,81186.6,7.420,129,88,110
2026-07-22T22:57:25Z,-21.6992470,166.1706479,13.0,81193.8,7.400,129,88,110
2026-07-22T22:57:26Z,-21.6992350,166.1705840,13.0,81201.3,7.380,128,88,110
2026-07-22T22:57:27Z,-21.6992220,166.1705089,13.0,81208.6,7.360,128,88,110
2026-07-22T22:57:28Z,-21.6992120,166.1704440,13.0,81215.9,7.340,129,89,109
2026-07-22T22:57:29Z,-21.6992040,166.1703690,13.0,81223.4,7.360,129,88,109
2026-07-22T22:57:30Z,-21.6992019,166.1702939,13.0,81230.6,7.360,129,88,109
2026-07-22T22:57:31Z,-21.6992040,166.1702300,13.0,81238.1,7.360,129,88,110
2026-07-22T22:57:32Z,-21.6992159,166.1701550,13.0,81245.4,7.360,128,88,109
2026-07-22T22:57:33Z,-21.6992360,166.1700899,13.0,81252.9,7.400,128,88,110
2026-07-22T22:57:34Z,-21.6992670,166.1700150,13.0,81260.3,7.380,128,88,110
2026-07-22T22:57:35Z,-21.6993060,166.1699719,13.0,81267.6,7.400,128,88,109
2026-07-22T22:57:36Z,-21.6993469,166.1699080,13.0,81275.0,7.380,128,87,109
2026-07-22T22:57:37Z,-21.6993970,166.1698650,13.0,81282.2,7.360,128,87,109
2026-07-22T22:57:38Z,-21.6994500,166.1698220,13.0,81289.6,7.340,127,87,110
2026-07-22T22:57:39Z,-21.6995110,166.1697899,13.0,81297.0,7.340,127,88,110
2026-07-22T22:57:40Z,-21.6995739,166.1697690,13.0,81304.4,7.360,127,88,109
2026-07-22T22:57:41Z,-21.6996420,166.1697579,13.0,81312.0,7.400,126,88,109
2026-07-22T22:57:42Z,-21.6997080,166.1697469,13.0,81319.1,7.380,126,88,109
2026-07-22T22:57:43Z,-21.6997720,166.1697260,13.0,81326.5,7.380,126,88,110
2026-07-22T22:57:44Z,-21.6998390,166.1697149,13.0,81334.2,7.440,126,88,109
2026-07-22T22:57:45Z,-21.6999039,166.1696930,13.0,81341.6,7.440,126,89,109
2026-07-22T22:57:46Z,-21.6999690,166.1696830,13.0,81349.2,7.440,126,89,109
2026-07-22T22:57:47Z,-21.7000349,166.1696510,13.0,81356.9,7.560,126,89,109
2026-07-22T22:57:48Z,-21.7001010,166.1696400,13.0,81364.4,7.580,126,89,109
2026-07-22T22:57:49Z,-21.7001669,166.1696179,13.0,81372.0,7.560,126,89,109
2026-07-22T22:57:50Z,-21.7002320,166.1696080,13.0,81379.6,7.600,126,89,110
2026-07-22T22:57:51Z,-21.7002990,166.1695859,13.0,81387.2,7.600,126,89,109
2026-07-22T22:57:52Z,-21.7003649,166.1695749,13.0,81394.8,7.580,126,89,109
2026-07-22T22:57:53Z,-21.7004320,166.1695650,13.0,81402.2,7.560,126,89,109
2026-07-22T22:57:54Z,-21.7004990,166.1695429,13.0,81409.8,7.560,126,89,110
2026-07-22T22:57:55Z,-21.7005659,166.1695429,13.0,81417.3,7.540,126,89,110
2026-07-22T22:57:56Z,-21.7006320,166.1695330,13.0,81424.9,7.540,126,89,109
2026-07-22T22:57:57Z,-21.7006989,166.1694999,13.0,81432.5,7.540,126,89,110
2026-07-22T22:57:58Z,-21.7007650,166.1694790,13.0,81440.1,7.580,126,90,109
2026-07-22T22:57:59Z,-21.7008300,166.1694680,13.0,81447.7,7.580,126,90,109
2026-07-22T22:58:00Z,-21.7008979,166.1694569,13.0,81455.3,7.600,126,90,110
2026-07-22T22:58:01Z,-21.7009630,166.1694250,13.0,81462.8,7.580,126,90,110
2026-07-22T22:58:02Z,-21.7010289,166.1694040,13.0,81470.5,7.600,126,91,110
2026-07-22T22:58:03Z,-21.7010950,166.1693930,13.0,81478.0,7.580,127,91,109
2026-07-22T22:58:04Z,-21.7011589,166.1693719,13.0,81485.4,7.540,127,91,109
2026-07-22T22:58:05Z,-21.7012259,166.1693500,13.0,81493.1,7.560,127,91,110
2026-07-22T22:58:06Z,-21.7012930,166.1693289,13.0,81500.8,7.600,127,91,109
2026-07-22T22:58:07Z,-21.7013589,166.1693180,13.0,81508.4,7.580,127,92,109
2026-07-22T22:58:08Z,-21.7014260,166.1692969,13.0,81516.0,7.600,127,92,110
2026-07-22T22:58:09Z,-21.7014899,166.1692750,13.0,81523.5,7.620,128,92,109
2026-07-22T22:58:10Z,-21.7015569,166.1692539,13.0,81531.1,7.600,128,92,109
2026-07-22T22:58:11Z,-21.7016240,166.1692429,13.0,81538.7,7.580,128,92,110
2026-07-22T22:58:12Z,-21.7016909,166.1692210,13.0,81546.1,7.540,128,92,109
2026-07-22T22:58:13Z,-21.7017589,166.1692109,13.0,81553.9,7.580,128,91,109
2026-07-22T22:58:14Z,-21.7018240,166.1691890,13.0,81561.5,7.600,128,91,110
2026-07-22T22:58:15Z,-21.7018909,166.1691780,13.0,81569.0,7.580,128,92,110
2026-07-22T22:58:16Z,-21.7019580,166.1691679,13.0,81576.6,7.580,128,92,109
2026-07-22T22:58:17Z,-21.7020250,166.1691360,13.0,81584.3,7.640,127,92,110
2026-07-22T22:58:18Z,-21.7020899,166.1691139,13.0,81591.8,7.580,127,92,109
2026-07-22T22:58:19Z,-21.7021540,166.1691030,13.0,81599.4,7.580,128,92,110
2026-07-22T22:58:20Z,-21.7022199,166.1690709,13.0,81607.1,7.620,128,92,110
2026-07-22T22:58:21Z,-21.7022789,166.1690389,13.0,81614.5,7.580,127,91,110
2026-07-22T22:58:22Z,-21.7023379,166.1689959,13.0,81622.2,7.580,127,91,109
2026-07-22T22:58:23Z,-21.7023929,166.1689529,13.0,81630.0,7.640,127,91,109
2026-07-22T22:58:24Z,-21.7024420,166.1689000,13.0,81637.4,7.600,127,92,109
2026-07-22T22:58:25Z,-21.7024949,166.1688570,13.0,81645.1,7.600,127,91,109
2026-07-22T22:58:26Z,-21.7025440,166.1687920,13.0,81652.9,7.680,128,91,109
2026-07-22T22:58:27Z,-21.7025900,166.1687490,13.0,81660.1,7.580,128,91,110
2026-07-22T22:58:28Z,-21.7026410,166.1686850,13.0,81668.0,7.600,128,91,109
2026-07-22T22:58:29Z,-21.7026910,166.1686420,13.0,81675.7,7.660,128,91,109
2026-07-22T22:58:30Z,-21.7027399,166.1685880,13.0,81683.5,7.680,128,91,109
2026-07-22T22:58:31Z,-21.7027900,166.1685349,13.0,81690.9,7.600,128,91,109
2026-07-22T22:58:32Z,-21.7028389,166.1684919,13.2,81698.6,7.700,128,90,110
2026-07-22T22:58:33Z,-21.7028890,166.1684489,13.4,81705.9,7.580,128,91,110
2026-07-22T22:58:34Z,-21.7029370,166.1683949,13.6,81712.9,7.440,128,91,110
2026-07-22T22:58:35Z,-21.7029880,166.1683519,13.8,81719.9,7.280,128,91,109
2026-07-22T22:58:36Z,-21.7030340,166.1683199,14.0,81726.2,7.060,128,91,110
2026-07-22T22:58:37Z,-21.7030839,166.1682880,14.4,81732.4,6.760,128,91,110
2026-07-22T22:58:38Z,-21.7031340,166.1682769,14.6,81738.5,6.520,128,91,110
2026-07-22T22:58:39Z,-21.7031790,166.1682450,14.8,81743.8,6.180,128,91,109
2026-07-22T22:58:40Z,-21.7032230,166.1682339,15.2,81748.9,5.800,128,91,109
2026-07-22T22:58:41Z,-21.7032650,166.1682130,15.4,81753.9,5.540,128,91,110
2026-07-22T22:58:42Z,-21.7033050,166.1682020,15.4,81758.5,5.220,128,91,110
2026-07-22T22:58:43Z,-21.7033419,166.1681909,15.6,81762.9,4.880,128,90,110
2026-07-22T22:58:44Z,-21.7033829,166.1681700,15.6,81767.6,4.760,129,91,110
2026-07-22T22:58:45Z,-21.7034230,166.1681590,15.6,81772.2,4.660,129,91,110
2026-07-22T22:58:46Z,-21.7034640,166.1681590,15.6,81777.1,4.640,129,91,110
2026-07-22T22:58:47Z,-21.7035070,166.1681380,15.6,81782.0,4.700,129,91,109
2026-07-22T22:58:48Z,-21.7035500,166.1681270,15.6,81787.0,4.820,129,90,109
2026-07-22T22:58:49Z,-21.7035940,166.1681059,15.6,81792.1,4.900,129,90,110
2026-07-22T22:58:50Z,-21.7036429,166.1680950,15.6,81797.5,5.060,129,90,110
2026-07-22T22:58:51Z,-21.7036920,166.1680840,15.6,81803.2,5.220,129,91,110
2026-07-22T22:58:52Z,-21.7037459,166.1680629,15.4,81809.4,5.480,129,91,110
2026-07-22T22:58:53Z,-21.7037970,166.1680520,15.4,81815.4,5.680,129,90,110
2026-07-22T22:58:54Z,-21.7038510,166.1680309,15.2,81821.7,5.920,129,91,109
2026-07-22T22:58:55Z,-21.7039110,166.1680199,15.0,81828.6,6.220,128,91,109
2026-07-22T22:58:56Z,-21.7039700,166.1679980,15.0,81835.5,6.460,128,91,109
2026-07-22T22:58:57Z,-21.7040319,166.1679879,15.0,81842.3,6.580,128,91,110
2026-07-22T22:58:58Z,-21.7040950,166.1679769,15.0,81849.4,6.800,127,91,110
2026-07-22T22:58:59Z,-21.7041590,166.1679550,15.0,81856.6,6.980,127,91,110
2026-07-22T22:59:00Z,-21.7042179,166.1679550,15.2,81863.3,6.940,127,91,109
2026-07-22T22:59:01Z,-21.7042799,166.1679449,15.2,81870.0,6.900,127,92,110
2026-07-22T22:59:02Z,-21.7043400,166.1679230,15.2,81877.2,6.980,126,92,110
2026-07-22T22:59:03Z,-21.7044020,166.1679120,15.0,81884.1,6.940,126,92,109
2026-07-22T22:59:04Z,-21.7044610,166.1678800,15.0,81891.2,6.920,126,92,109
2026-07-22T22:59:05Z,-21.7045209,166.1678479,15.0,81898.3,7.000,126,92,109
2026-07-22T22:59:06Z,-21.7045840,166.1678370,15.0,81905.8,7.160,126,92,109
2026-07-22T22:59:07Z,-21.7046499,166.1678159,14.8,81913.2,7.200,126,91,110
2026-07-22T22:59:08Z,-21.7047140,166.1677940,14.8,81920.8,7.340,126,92,109
2026-07-22T22:59:09Z,-21.7047809,166.1677729,14.6,81928.4,7.440,126,92,109
2026-07-22T22:59:10Z,-21.7048480,166.1677619,14.6,81935.9,7.520,126,92,110
2026-07-22T22:59:11Z,-21.7049210,166.1677410,14.4,81944.0,7.640,126,91,109
2026-07-22T22:59:12Z,-21.7049930,166.1677299,14.2,81952.3,7.820,125,91,109
2026-07-22T22:59:13Z,-21.7050630,166.1677090,14.2,81960.3,7.900,125,91,109
2026-07-22T22:59:14Z,-21.7051350,166.1676980,14.0,81968.3,7.980,125,91,109
2026-07-22T22:59:15Z,-21.7052119,166.1676980,13.8,81977.1,8.240,125,90,110
2026-07-22T22:59:16Z,-21.7052869,166.1676869,13.8,81985.4,8.280,125,90,109
2026-07-22T22:59:17Z,-21.7053660,166.1676660,13.6,81994.4,8.420,125,90,109
2026-07-22T22:59:18Z,-21.7054429,166.1676550,13.4,82002.9,8.520,125,90,110
2026-07-22T22:59:19Z,-21.7055220,166.1676340,13.4,82011.7,8.680,124,90,109
2026-07-22T22:59:20Z,-21.7056029,166.1676230,13.2,82020.8,8.740,125,90,110
2026-07-22T22:59:21Z,-21.7056839,166.1676009,13.2,82029.8,8.880,125,90,109
2026-07-22T22:59:22Z,-21.7057660,166.1676009,13.0,82039.0,8.920,125,90,110
2026-07-22T22:59:23Z,-21.7058449,166.1675910,13.0,82047.8,8.980,125,90,110
2026-07-22T22:59:24Z,-21.7059240,166.1675910,13.0,82056.5,8.960,125,90,109
2026-07-22T22:59:25Z,-21.7060059,166.1675800,13.0,82065.5,8.940,126,90,110
2026-07-22T22:59:26Z,-21.7060840,166.1675800,13.0,82074.3,8.900,126,90,109
2026-07-22T22:59:27Z,-21.7061639,166.1675579,13.0,82083.1,8.820,126,90,110
2026-07-22T22:59:28Z,-21.7062459,166.1675579,13.0,82092.3,8.900,126,90,109
2026-07-22T22:59:29Z,-21.7063209,166.1675480,13.0,82100.6,8.820,126,90,110
2026-07-22T22:59:30Z,-21.7063990,166.1675480,13.0,82109.1,8.720,127,90,109
2026-07-22T22:59:31Z,-21.7064749,166.1675480,13.0,82117.7,8.680,127,89,109
2026-07-22T22:59:32Z,-21.7065519,166.1675480,13.0,82126.0,8.580,126,89,109
2026-07-22T22:59:33Z,-21.7066280,166.1675260,13.0,82134.6,8.460,126,89,110
2026-07-22T22:59:34Z,-21.7067020,166.1675260,13.0,82142.9,8.460,127,89,109
2026-07-22T22:59:35Z,-21.7067799,166.1675159,13.0,82151.4,8.460,126,89,110
2026-07-22T22:59:36Z,-21.7068519,166.1675159,13.0,82159.5,8.360,126,89,109
2026-07-22T22:59:37Z,-21.7069280,166.1675159,13.0,82168.1,8.420,126,89,109
2026-07-22T22:59:38Z,-21.7070000,166.1675159,13.0,82175.9,8.260,126,89,109
2026-07-22T22:59:39Z,-21.7070730,166.1675159,13.0,82183.9,8.200,126,89,109
2026-07-22T22:59:40Z,-21.7071460,166.1675050,13.0,82192.2,8.160,126,89,109
2026-07-22T22:59:41Z,-21.7072170,166.1674729,13.0,82200.5,8.200,125,89,109
2026-07-22T22:59:42Z,-21.7072809,166.1674400,13.0,82208.5,8.080,125,89,109
2026-07-22T22:59:43Z,-21.7073429,166.1673970,13.0,82216.2,8.060,125,89,110
2026-07-22T22:59:44Z,-21.7074060,166.1673439,13.0,82224.4,8.100,125,89,110
2026-07-22T22:59:45Z,-21.7074620,166.1673009,13.0,82232.3,8.020,125,90,110
2026-07-22T22:59:46Z,-21.7075190,166.1672579,13.0,82240.0,7.900,125,90,110
2026-07-22T22:59:47Z,-21.7075750,166.1672149,13.0,82248.1,7.920,126,90,110
2026-07-22T22:59:48Z,-21.7076309,166.1671610,13.0,82256.1,7.980,126,91,110
2026-07-22T22:59:49Z,-21.7076820,166.1671080,13.0,82264.2,7.960,126,90,110
2026-07-22T22:59:50Z,-21.7077260,166.1670539,13.0,82271.9,7.920,126,90,109
2026-07-22T22:59:51Z,-21.7077690,166.1670010,13.0,82279.9,7.980,126,90,109
2026-07-22T22:59:52Z,-21.7078139,166.1669150,13.0,82288.0,7.980,126,91,109
2026-07-22T22:59:53Z,-21.7078589,166.1668720,13.0,82295.8,7.940,126,91,110
2026-07-22T22:59:54Z,-21.7079090,166.1668180,13.0,82303.5,7.860,125,91,110
2026-07-22T22:59:55Z,-21.7079650,166.1667640,13.0,82311.3,7.880,125,91,110
2026-07-22T22:59:56Z,-21.7080200,166.1667219,13.0,82319.0,7.820,125,91,109
2026-07-22T22:59:57Z,-21.7080790,166.1666789,13.0,82327.0,7.800,125,91,109
2026-07-22T22:59:58Z,-21.7081299,166.1666249,13.0,82334.7,7.780,125,91,110
2026-07-22T22:59:59Z,-21.7081739,166.1665710,13.0,82342.4,7.780,126,91,110
2026-07-22T23:00:00Z,-21.7082110,166.1665069,13.0,82350.4,7.820,126,91,110
2026-07-22T23:00:01Z,-21.7082370,166.1664320,13.0,82358.3,7.860,126,91,109
2026-07-22T23:00:02Z,-21.7082599,166.1663679,13.0,82366.0,7.800,126,91,110
2026-07-22T23:00:03Z,-21.7082749,166.1662919,13.0,82373.8,7.820,126,91,110
2026-07-22T23:00:04Z,-21.7082820,166.1662170,13.0,82381.6,7.840,126,90,110
2026-07-22T23:00:05Z,-21.7082749,166.1661420,13.0,82389.3,7.780,126,90,110
2026-07-22T23:00:06Z,-21.7082599,166.1660670,13.0,82397.1,7.760,126,90,110
2026-07-22T23:00:07Z,-21.7082410,166.1659919,13.0,82405.1,7.820,126,90,110
2026-07-22T23:00:08Z,-21.7082240,166.1659280,13.0,82412.9,7.820,126,90,110
2026-07-22T23:00:09Z,-21.7082070,166.1658530,13.0,82420.5,7.780,126,90,110
2026-07-22T23:00:10Z,-21.7081930,166.1657769,13.0,82428.1,7.760,126,90,110
2026-07-22T23:00:11Z,-21.7081889,166.1657019,13.0,82435.9,7.760,126,90,110
2026-07-22T23:00:12Z,-21.7081930,166.1656270,13.0,82443.5,7.680,126,90,109
2026-07-22T23:00:13Z,-21.7082070,166.1655630,13.0,82451.1,7.640,126,90,109
2026-07-22T23:00:14Z,-21.7082329,166.1654879,13.0,82458.9,7.680,126,91,110
2026-07-22T23:00:15Z,-21.7082710,166.1654230,13.0,82466.5,7.680,126,91,110
2026-07-22T23:00:16Z,-21.7083209,166.1653800,13.0,82474.0,7.620,126,90,110
2026-07-22T23:00:17Z,-21.7083879,166.1653380,13.0,82482.2,7.740,126,90,109
2026-07-22T23:00:18Z,-21.7084530,166.1653159,13.0,82489.8,7.740,126,90,109
2026-07-22T23:00:19Z,-21.7085219,166.1653159,13.0,82497.3,7.680,126,90,110
2026-07-22T23:00:20Z,-21.7085899,166.1653159,13.0,82504.8,7.660,126,90,110
2026-07-22T23:00:21Z,-21.7086609,166.1653159,13.0,82512.7,7.740,126,90,110
2026-07-22T23:00:22Z,-21.7087300,166.1653159,13.0,82520.3,7.620,126,90,109
2026-07-22T23:00:23Z,-21.7087990,166.1653159,13.0,82528.2,7.680,126,89,109
2026-07-22T23:00:24Z,-21.7088659,166.1653380,13.0,82535.6,7.660,126,89,109
2026-07-22T23:00:25Z,-21.7089349,166.1653159,13.0,82543.3,7.700,125,89,109
2026-07-22T23:00:26Z,-21.7090069,166.1653159,13.0,82551.2,7.700,125,88,109
2026-07-22T23:00:27Z,-21.7090740,166.1653159,13.0,82558.7,7.680,125,88,110
2026-07-22T23:00:28Z,-21.7091470,166.1653159,13.0,82566.6,7.680,125,88,110
2026-07-22T23:00:29Z,-21.7092140,166.1653159,13.0,82574.2,7.720,125,88,109
2026-07-22T23:00:30Z,-21.7092850,166.1653050,13.0,82582.0,7.740,125,88,110
2026-07-22T23:00:31Z,-21.7093500,166.1653050,13.0,82589.4,7.640,125,88,109
2026-07-22T23:00:32Z,-21.7094220,166.1653050,13.0,82597.2,7.700,125,87,109
2026-07-22T23:00:33Z,-21.7094900,166.1653050,13.0,82604.9,7.660,125,88,109
2026-07-22T23:00:34Z,-21.7095579,166.1653050,13.0,82612.4,7.640,125,88,110
2026-07-22T23:00:35Z,-21.7096279,166.1653050,13.0,82620.1,7.620,124,89,109
2026-07-22T23:00:36Z,-21.7096969,166.1653159,13.0,82627.7,7.660,125,88,109
2026-07-22T23:00:37Z,-21.7097680,166.1653159,13.0,82635.6,7.680,125,88,109
2026-07-22T23:00:38Z,-21.7098360,166.1653159,13.0,82643.3,7.680,125,88,110
2026-07-22T23:00:39Z,-21.7099040,166.1653380,13.0,82651.0,7.720,125,88,109
2026-07-22T23:00:40Z,-21.7099749,166.1653380,13.0,82658.8,7.740,125,88,109
2026-07-22T23:00:41Z,-21.7100410,166.1653380,13.0,82666.3,7.720,125,88,110
2026-07-22T23:00:42Z,-21.7101120,166.1653380,13.0,82674.2,7.720,125,87,109
2026-07-22T23:00:43Z,-21.7101790,166.1653380,13.0,82681.6,7.660,124,88,110
2026-07-22T23:00:44Z,-21.7102490,166.1653380,13.0,82689.4,7.680,124,88,110
2026-07-22T23:00:45Z,-21.7103199,166.1653380,13.0,82697.2,7.680,124,88,109
2026-07-22T23:00:46Z,-21.7103889,166.1653380,13.0,82704.9,7.720,124,88,110
2026-07-22T23:00:47Z,-21.7104570,166.1653380,13.0,82712.6,7.680,124,88,109
2026-07-22T23:00:48Z,-21.7105270,166.1653380,13.0,82720.3,7.740,124,88,110
2026-07-22T23:00:49Z,-21.7105950,166.1653380,13.0,82727.9,7.700,124,88,109
2026-07-22T23:00:50Z,-21.7106629,166.1653380,13.0,82735.5,7.660,124,88,109
2026-07-22T23:00:51Z,-21.7107300,166.1653380,13.0,82742.9,7.600,124,88,110
2026-07-22T23:00:52Z,-21.7107990,166.1653380,13.0,82750.5,7.580,124,88,109
2026-07-22T23:00:53Z,-21.7108700,166.1653380,13.0,82758.4,7.620,124,88,109
2026-07-22T23:00:54Z,-21.7109379,166.1653380,13.0,82766.2,7.660,124,88,109
2026-07-22T23:00:55Z,-21.7110069,166.1653380,13.0,82773.9,7.680,124,88,110
2026-07-22T23:00:56Z,-21.7110740,166.1653380,13.0,82781.3,7.680,124,88,110
2026-07-22T23:00:57Z,-21.7111420,166.1653159,13.0,82789.0,7.700,124,88,109
2026-07-22T23:00:58Z,-21.7112130,166.1653159,13.0,82796.9,7.700,124,88,110
2026-07-22T23:00:59Z,-21.7112819,166.1653159,13.0,82804.5,7.660,125,87,110
2026-07-22T23:01:00Z,-21.7113490,166.1653050,13.0,82812.0,7.620,125,87,109
2026-07-22T23:01:01Z,-21.7114180,166.1653159,13.0,82819.9,7.720,125,87,110
2026-07-22T23:01:02Z,-21.7114910,166.1653159,13.0,82827.8,7.760,125,87,110
2026-07-22T23:01:03Z,-21.7115569,166.1653050,13.0,82835.2,7.660,126,87,109
2026-07-22T23:01:04Z,-21.7116249,166.1652839,13.0,82843.1,7.720,126,87,109
2026-07-22T23:01:05Z,-21.7116890,166.1652729,13.0,82850.7,7.740,126,87,109
2026-07-22T23:01:06Z,-21.7117470,166.1652299,13.0,82858.3,7.680,126,87,109
2026-07-22T23:01:07Z,-21.7117890,166.1651770,13.0,82865.7,7.580,126,87,110
2026-07-22T23:01:08Z,-21.7118139,166.1651019,13.0,82873.5,7.660,126,87,110
2026-07-22T23:01:09Z,-21.7118279,166.1650259,13.0,82881.5,7.680,126,87,110
2026-07-22T23:01:10Z,-21.7118330,166.1649620,13.0,82888.8,7.620,127,87,109
2026-07-22T23:01:11Z,-21.7118370,166.1648870,13.0,82896.6,7.660,127,87,109
2026-07-22T23:01:12Z,-21.7118380,166.1648119,13.0,82904.5,7.760,127,87,110
2026-07-22T23:01:13Z,-21.7118399,166.1647370,13.0,82912.1,7.720,127,87,109
2026-07-22T23:01:14Z,-21.7118380,166.1646620,13.0,82919.8,7.660,127,87,109
2026-07-22T23:01:15Z,-21.7118370,166.1645870,13.0,82927.3,7.700,127,87,109
2026-07-22T23:01:16Z,-21.7118289,166.1645109,13.0,82935.1,7.700,127,87,110
2026-07-22T23:01:17Z,-21.7118109,166.1644470,13.0,82942.8,7.660,127,86,110
2026-07-22T23:01:18Z,-21.7117829,166.1643829,13.0,82950.2,7.620,127,86,109
2026-07-22T23:01:19Z,-21.7117389,166.1643290,13.0,82958.1,7.660,127,86,110
2026-07-22T23:01:20Z,-21.7116930,166.1642649,13.0,82965.6,7.660,127,86,110
2026-07-22T23:01:21Z,-21.7116379,166.1642219,13.0,82973.2,7.620,127,86,110
2026-07-22T23:01:22Z,-21.7115809,166.1641900,13.0,82980.8,7.600,126,86,110
2026-07-22T23:01:23Z,-21.7115259,166.1641470,13.0,82988.8,7.720,126,85,110
2026-07-22T23:01:24Z,-21.7114770,166.1640820,13.0,82996.4,7.660,126,86,110
2026-07-22T23:01:25Z,-21.7114350,166.1640390,13.0,83003.8,7.640,126,86,110
2026-07-22T23:01:26Z,-21.7113860,166.1639749,13.0,83011.8,7.720,126,86,109
2026-07-22T23:01:27Z,-21.7113379,166.1639319,13.0,83019.5,7.740,126,86,110
2026-07-22T23:01:28Z,-21.7112870,166.1638680,13.0,83027.2,7.680,126,87,109
2026-07-22T23:01:29Z,-21.7112359,166.1638250,13.0,83034.7,7.660,125,86,109
2026-07-22T23:01:30Z,-21.7111819,166.1637820,13.0,83042.5,7.740,126,87,110
2026-07-22T23:01:31Z,-21.7111330,166.1637280,13.0,83049.9,7.620,126,87,110
2026-07-22T23:01:32Z,-21.7110789,166.1636850,13.0,83057.9,7.680,125,86,109
2026-07-22T23:01:33Z,-21.7110339,166.1636209,13.0,83065.3,7.620,126,87,110
2026-07-22T23:01:34Z,-21.7109880,166.1635779,13.0,83073.1,7.680,126,87,110
2026-07-22T23:01:35Z,-21.7109400,166.1635140,13.0,83080.8,7.660,126,87,110
2026-07-22T23:01:36Z,-21.7108899,166.1634710,13.0,83088.5,7.720,126,88,110
2026-07-22T23:01:37Z,-21.7108390,166.1634280,13.0,83096.1,7.640,126,88,109
2026-07-22T23:01:38Z,-21.7107840,166.1633850,13.0,83103.9,7.720,126,88,109
2026-07-22T23:01:39Z,-21.7107300,166.1633309,13.0,83111.3,7.640,126,88,109
2026-07-22T23:01:40Z,-21.7106769,166.1632879,13.0,83119.0,7.640,126,88,109
2026-07-22T23:01:41Z,-21.7106270,166.1632240,13.0,83126.7,7.640,126,87,109
2026-07-22T23:01:42Z,-21.7105870,166.1631699,13.0,83134.3,7.640,126,87,110
2026-07-22T23:01:43Z,-21.7105599,166.1631060,13.0,83142.1,7.640,125,88,110
2026-07-22T23:01:44Z,-21.7105489,166.1630309,13.0,83149.8,7.700,125,87,109
2026-07-22T23:01:45Z,-21.7105449,166.1629559,13.0,83157.5,7.700,125,87,110
2026-07-22T23:01:46Z,-21.7105449,166.1628810,13.0,83165.3,7.720,125,87,109
2026-07-22T23:01:47Z,-21.7105489,166.1627950,13.0,83173.0,7.740,124,87,109
2026-07-22T23:01:48Z,-21.7105510,166.1627409,13.0,83180.5,7.680,124,87,110
2026-07-22T23:01:49Z,-21.7105550,166.1626660,13.0,83187.9,7.620,124,87,110
2026-07-22T23:01:50Z,-21.7105590,166.1625910,13.0,83196.0,7.700,123,87,109
2026-07-22T23:01:51Z,-21.7105599,166.1625050,13.0,83203.6,7.660,123,87,109
2026-07-22T23:01:52Z,-21.7105599,166.1624519,13.0,83211.0,7.600,123,86,110
2026-07-22T23:01:53Z,-21.7105520,166.1623760,13.2,83218.9,7.680,123,87,109
2026-07-22T23:01:54Z,-21.7105410,166.1623010,13.4,83226.1,7.640,124,88,110
2026-07-22T23:01:55Z,-21.7105280,166.1622369,13.6,83233.1,7.420,124,88,109
2026-07-22T23:01:56Z,-21.7105150,166.1621730,14.0,83239.8,7.240,124,88,109
2026-07-22T23:01:57Z,-21.7105010,166.1621079,14.2,83246.0,7.000,124,86,109
2026-07-22T23:01:58Z,-21.7104899,166.1620550,14.6,83252.0,6.620,124,87,110
2026-07-22T23:01:59Z,-21.7104779,166.1619900,14.8,83257.8,6.340,124,87,110
2026-07-22T23:02:00Z,-21.7104700,166.1619470,15.0,83262.8,5.940,124,87,110
2026-07-22T23:02:01Z,-21.7104609,166.1619040,15.2,83268.2,5.680,124,87,110
2026-07-22T23:02:02Z,-21.7104540,166.1618509,15.4,83272.9,5.380,124,87,110
2026-07-22T23:02:03Z,-21.7104430,166.1618079,15.6,83277.5,5.100,123,88,110
2026-07-22T23:02:04Z,-21.7104370,166.1617649,15.8,83281.9,4.820,123,88,109
2026-07-22T23:02:05Z,-21.7104270,166.1617329,15.8,83286.2,4.680,123,88,110
2026-07-22T23:02:06Z,-21.7104150,166.1616899,16.0,83290.6,4.480,124,88,110
2026-07-22T23:02:07Z,-21.7104019,166.1616580,16.2,83294.6,4.340,124,87,110
2026-07-22T23:02:08Z,-21.7103889,166.1616150,16.2,83298.6,4.220,125,88,110
2026-07-22T23:02:09Z,-21.7103749,166.1615820,16.2,83302.6,4.140,125,88,109
2026-07-22T23:02:10Z,-21.7103599,166.1615499,16.4,83306.9,4.140,125,88,109
2026-07-22T23:02:11Z,-21.7103469,166.1615069,16.2,83311.4,4.160,124,88,109
2026-07-22T23:02:12Z,-21.7103339,166.1614540,16.2,83316.1,4.300,124,88,110
2026-07-22T23:02:13Z,-21.7103210,166.1614110,16.0,83321.0,4.480,124,88,110
2026-07-22T23:02:14Z,-21.7103120,166.1613680,15.8,83326.6,4.800,124,88,110
2026-07-22T23:02:15Z,-21.7103029,166.1613039,15.6,83332.4,5.100,124,88,109
2026-07-22T23:02:16Z,-21.7102889,166.1612390,15.4,83338.9,5.500,124,88,110
2026-07-22T23:02:17Z,-21.7102690,166.1611859,15.0,83345.9,5.960,124,88,110
2026-07-22T23:02:18Z,-21.7102360,166.1611210,14.8,83353.1,6.420,124,87,110
2026-07-22T23:02:19Z,-21.7101899,166.1610569,14.4,83361.3,6.940,125,88,110
2026-07-22T23:02:20Z,-21.7101400,166.1610029,14.0,83369.7,7.460,125,88,110
2026-07-22T23:02:21Z,-21.7101039,166.1609279,13.6,83378.0,7.820,125,88,109
2026-07-22T23:02:22Z,-21.7100729,166.1608419,13.4,83386.8,8.180,125,88,109
2026-07-22T23:02:23Z,-21.7100279,166.1607670,13.2,83396.2,8.620,124,88,110
2026-07-22T23:02:24Z,-21.7099650,166.1607240,13.2,83405.0,8.740,124,88,109
2026-07-22T23:02:25Z,-21.7098950,166.1606810,13.2,83414.4,8.940,124,87,109
2026-07-22T23:02:26Z,-21.7098240,166.1606380,13.0,83423.2,9.040,124,87,109
2026-07-22T23:02:27Z,-21.7097559,166.1605849,13.0,83432.4,9.120,124,88,110
2026-07-22T23:02:28Z,-21.7097109,166.1605099,13.0,83441.6,9.080,124,87,110
2026-07-22T23:02:29Z,-21.7096969,166.1604239,13.0,83450.3,9.060,124,88,110
2026-07-22T23:02:30Z,-21.7096920,166.1603490,13.0,83459.2,8.960,125,88,109
2026-07-22T23:02:31Z,-21.7096910,166.1602519,13.0,83467.9,8.940,124,87,109
2026-07-22T23:02:32Z,-21.7096920,166.1601770,13.0,83476.6,8.840,124,87,110
2026-07-22T23:02:33Z,-21.7096940,166.1600799,13.0,83485.5,8.780,124,88,109
2026-07-22T23:02:34Z,-21.7096979,166.1600050,13.0,83494.0,8.740,124,88,109
2026-07-22T23:02:35Z,-21.7097100,166.1599199,13.0,83502.8,8.720,124,88,109
2026-07-22T23:02:36Z,-21.7097419,166.1598440,13.0,83511.4,8.700,124,88,110
2026-07-22T23:02:37Z,-21.7097969,166.1597909,13.0,83520.1,8.700,124,88,110
2026-07-22T23:02:38Z,-21.7098699,166.1597479,13.0,83528.7,8.640,124,88,110
2026-07-22T23:02:39Z,-21.7099419,166.1597369,13.0,83536.9,8.580,124,88,110
2026-07-22T23:02:40Z,-21.7100169,166.1597369,13.0,83545.1,8.460,124,88,109
2026-07-22T23:02:41Z,-21.7100950,166.1597369,13.0,83553.6,8.440,124,87,109
2026-07-22T23:02:42Z,-21.7101729,166.1597369,13.0,83562.3,8.440,124,86,110
2026-07-22T23:02:43Z,-21.7102490,166.1597479,13.0,83570.9,8.440,124,86,110
2026-07-22T23:02:44Z,-21.7103240,166.1597479,13.0,83579.2,8.460,124,86,110
2026-07-22T23:02:45Z,-21.7103980,166.1597479,13.0,83587.5,8.480,124,86,109
2026-07-22T23:02:46Z,-21.7104729,166.1597590,13.0,83595.6,8.400,125,86,109
2026-07-22T23:02:47Z,-21.7105469,166.1597590,13.0,83603.9,8.320,125,86,109
2026-07-22T23:02:48Z,-21.7106230,166.1597590,13.0,83612.3,8.280,125,87,109
2026-07-22T23:02:49Z,-21.7106980,166.1597590,13.0,83620.5,8.260,125,86,109
2026-07-22T23:02:50Z,-21.7107710,166.1597590,13.0,83628.7,8.240,125,86,109
2026-07-22T23:02:51Z,-21.7108430,166.1597590,13.0,83636.7,8.220,125,85,109
2026-07-22T23:02:52Z,-21.7109160,166.1597590,13.0,83644.5,8.119,125,85,109
2026-07-22T23:02:53Z,-21.7109890,166.1597590,13.0,83652.9,8.119,126,85,109
2026-07-22T23:02:54Z,-21.7110639,166.1597590,13.0,83661.1,8.119,125,85,110
2026-07-22T23:02:55Z,-21.7111369,166.1597590,13.0,83669.2,8.100,125,85,110
2026-07-22T23:02:56Z,-21.7112089,166.1597590,13.0,83677.0,8.060,125,85,110
2026-07-22T23:02:57Z,-21.7112789,166.1597590,13.0,83684.9,8.080,125,85,110
2026-07-22T23:02:58Z,-21.7113500,166.1597590,13.0,83692.7,7.960,125,84,110
2026-07-22T23:02:59Z,-21.7114239,166.1597799,13.0,83700.9,7.960,125,84,80
2026-07-22T23:03:00Z,-21.7114949,166.1597799,13.0,83708.6,7.880,125,84,36
2026-07-22T23:03:01Z,-21.7115659,166.1597799,13.0,83716.3,7.860,126,84,104
2026-07-22T23:03:02Z,-21.7116379,166.1597799,13.0,83724.4,7.900,126,82,110
2026-07-22T23:03:03Z,-21.7117040,166.1597799,13.0,83732.0,7.860,125,82,110
2026-07-22T23:03:04Z,-21.7117790,166.1597799,13.0,83740.1,7.840,125,83,109
2026-07-22T23:03:05Z,-21.7118460,166.1597799,13.0,83747.6,7.800,125,83,110
2026-07-22T23:03:06Z,-21.7119190,166.1597799,13.0,83755.7,7.880,125,82,110
2026-07-22T23:03:07Z,-21.7119859,166.1597799,13.0,83763.2,7.760,125,82,109
2026-07-22T23:03:08Z,-21.7120559,166.1597799,13.0,83771.0,7.800,125,83,109
2026-07-22T23:03:09Z,-21.7121269,166.1597799,13.0,83779.0,7.780,125,82,110
2026-07-22T23:03:10Z,-21.7121960,166.1597590,13.0,83786.7,7.820,126,82,110
2026-07-22T23:03:11Z,-21.7122670,166.1597590,13.0,83794.4,7.740,126,83,109
2026-07-22T23:03:12Z,-21.7123340,166.1597590,13.0,83801.9,7.740,126,84,110
2026-07-22T23:03:13Z,-21.7124070,166.1597590,13.0,83809.7,7.740,126,85,109
2026-07-22T23:03:14Z,-21.7124749,166.1597590,13.0,83817.3,7.660,127,84,109
2026-07-22T23:03:15Z,-21.7125439,166.1597590,13.0,83825.0,7.660,128,84,109
2026-07-22T23:03:16Z,-21.7126150,166.1597479,13.0,83832.8,7.680,128,84,110
2026-07-22T23:03:17Z,-21.7126820,166.1597479,13.0,83840.2,7.660,128,84,109
2026-07-22T23:03:18Z,-21.7127520,166.1597479,13.0,83847.9,7.640,128,85,110
2026-07-22T23:03:19Z,-21.7128199,166.1597369,13.0,83855.5,7.640,127,85,110
2026-07-22T23:03:20Z,-21.7128899,166.1597160,13.0,83863.3,7.660,127,85,110
2026-07-22T23:03:21Z,-21.7129489,166.1596730,13.0,83870.9,7.620,128,85,109
2026-07-22T23:03:22Z,-21.7129960,166.1596300,13.0,83878.7,7.700,128,86,109
2026-07-22T23:03:23Z,-21.7130359,166.1595649,13.0,83886.3,7.680,127,86,110
2026-07-22T23:03:24Z,-21.7130799,166.1595010,13.0,83893.9,7.680,127,86,110
2026-07-22T23:03:25Z,-21.7131160,166.1594469,13.0,83901.3,7.600,127,86,110
2026-07-22T23:03:26Z,-21.7131489,166.1593830,13.0,83908.9,7.600,127,86,109
2026-07-22T23:03:27Z,-21.7131830,166.1593080,13.0,83916.7,7.600,127,86,109
2026-07-22T23:03:28Z,-21.7132160,166.1592439,13.0,83924.1,7.560,127,86,110
2026-07-22T23:03:29Z,-21.7132529,166.1591790,13.0,83932.0,7.620,126,86,109
2026-07-22T23:03:30Z,-21.7132890,166.1591260,13.0,83939.4,7.620,127,86,109
2026-07-22T23:03:31Z,-21.7133239,166.1590609,13.0,83946.9,7.600,126,86,109
2026-07-22T23:03:32Z,-21.7133560,166.1589970,13.0,83954.5,7.560,126,85,109
2026-07-22T23:03:33Z,-21.7133870,166.1589220,13.0,83962.1,7.600,126,86,109
2026-07-22T23:03:34Z,-21.7134150,166.1588680,13.0,83969.7,7.540,126,86,109
2026-07-22T23:03:35Z,-21.7134450,166.1587820,13.0,83977.3,7.580,127,86,109
2026-07-22T23:03:36Z,-21.7134700,166.1587289,13.0,83985.5,7.720,127,86,110
2026-07-22T23:03:37Z,-21.7134959,166.1586530,13.0,83993.1,7.720,127,85,109
2026-07-22T23:03:38Z,-21.7135239,166.1585890,13.0,84000.7,7.720,127,85,109
2026-07-22T23:03:39Z,-21.7135549,166.1585139,13.0,84008.6,7.780,127,85,110
2026-07-22T23:03:40Z,-21.7135870,166.1584500,13.0,84016.6,7.860,127,85,109
2026-07-22T23:03:41Z,-21.7136180,166.1583750,13.0,84024.3,7.760,127,84,109
2026-07-22T23:03:42Z,-21.7136500,166.1583099,13.0,84031.9,7.760,127,84,110
2026-07-22T23:03:43Z,-21.7136819,166.1582569,13.0,84039.6,7.780,127,84,110
2026-07-22T23:03:44Z,-21.7137160,166.1581809,13.0,84047.4,7.760,128,84,109
2026-07-22T23:03:45Z,-21.7137490,166.1581170,13.0,84054.8,7.640,127,85,109
2026-07-22T23:03:46Z,-21.7137880,166.1580529,13.0,84062.8,7.700,128,85,110
2026-07-22T23:03:47Z,-21.7138300,166.1579880,13.0,84070.4,7.700,128,85,110
2026-07-22T23:03:48Z,-21.7138810,166.1579450,13.0,84077.9,7.660,128,86,110
2026-07-22T23:03:49Z,-21.7139419,166.1579130,13.0,84085.8,7.680,128,86,109
2026-07-22T23:03:50Z,-21.7140050,166.1578919,13.0,84093.5,7.740,128,85,109
2026-07-22T23:03:51Z,-21.7140699,166.1578600,13.0,84101.0,7.640,128,86,109
2026-07-22T23:03:52Z,-21.7141380,166.1578379,13.0,84108.8,7.680,128,86,110
2026-07-22T23:03:53Z,-21.7142040,166.1578270,13.0,84116.1,7.640,128,86,110
2026-07-22T23:03:54Z,-21.7142699,166.1577949,13.0,84124.2,7.680,128,87,110
2026-07-22T23:03:55Z,-21.7143230,166.1577519,13.0,84131.8,7.660,127,86,109
2026-07-22T23:03:56Z,-21.7143729,166.1576990,13.0,84139.4,7.680,127,86,109
2026-07-22T23:03:57Z,-21.7144169,166.1576450,13.0,84147.0,7.640,127,87,110
2026-07-22T23:03:58Z,-21.7144589,166.1575809,13.0,84154.8,7.740,127,87,110
2026-07-22T23:03:59Z,-21.7144980,166.1575160,13.0,84162.3,7.620,127,87,109
2026-07-22T23:04:00Z,-21.7145309,166.1574629,13.0,84170.3,7.700,127,87,109
2026-07-22T23:04:01Z,-21.7145619,166.1573870,13.0,84178.0,7.720,127,87,109
2026-07-22T23:04:02Z,-21.7145850,166.1573230,13.0,84185.8,7.760,127,87,109
2026-07-22T23:04:03Z,-21.7146019,166.1572479,13.0,84193.2,7.680,126,87,109
2026-07-22T23:04:04Z,-21.7146100,166.1571729,13.0,84200.8,7.700,126,87,109
2026-07-22T23:04:05Z,-21.7146120,166.1570980,13.0,84208.6,7.660,125,87,110
2026-07-22T23:04:06Z,-21.7146080,166.1570120,13.0,84216.4,7.680,125,87,109
2026-07-22T23:04:07Z,-21.7146000,166.1569579,13.0,84224.0,7.640,125,87,110
2026-07-22T23:04:08Z,-21.7145930,166.1568830,13.0,84231.5,7.660,126,87,109
2026-07-22T23:04:09Z,-21.7145850,166.1568080,13.0,84239.4,7.720,126,87,110
2026-07-22T23:04:10Z,-21.7145790,166.1567220,13.0,84246.9,7.660,126,87,109
2026-07-22T23:04:11Z,-21.7145710,166.1566690,13.0,84254.5,7.620,125,86,110
2026-07-22T23:04:12Z,-21.7145630,166.1565940,13.0,84262.2,7.640,125,86,109
2026-07-22T23:04:13Z,-21.7145500,166.1565180,13.0,84270.0,7.700,125,86,109
2026-07-22T23:04:14Z,-21.7145309,166.1564330,13.0,84277.8,7.680,125,87,109
2026-07-22T23:04:15Z,-21.7145070,166.1563790,13.0,84285.5,7.720,125,86,110
2026-07-22T23:04:16Z,-21.7144749,166.1563040,13.0,84293.0,7.700,125,86,110
2026-07-22T23:04:17Z,-21.7144400,166.1562399,13.2,84300.5,7.660,125,86,110
2026-07-22T23:04:18Z,-21.7144019,166.1561750,13.2,84308.3,7.660,125,86,109
2026-07-22T23:04:19Z,-21.7143650,166.1561210,13.2,84316.0,7.640,125,86,110
2026-07-22T23:04:20Z,-21.7143330,166.1560570,13.0,84323.4,7.580,125,85,109
2026-07-22T23:04:21Z,-21.7143029,166.1559819,12.8,84331.2,7.640,125,85,110
2026-07-22T23:04:22Z,-21.7142760,166.1559180,12.6,84338.8,7.660,125,85,109
2026-07-22T23:04:23Z,-21.7142470,166.1558430,12.4,84347.2,7.780,125,85,110
2026-07-22T23:04:24Z,-21.7142190,166.1557669,12.2,84355.8,7.960,125,85,110
2026-07-22T23:04:25Z,-21.7141879,166.1556919,11.8,84364.5,8.220,125,85,110
2026-07-22T23:04:26Z,-21.7141520,166.1556170,11.6,84373.5,8.460,125,84,110
2026-07-22T23:04:27Z,-21.7141110,166.1555420,11.2,84382.9,8.820,125,84,110
2026-07-22T23:04:28Z,-21.7140740,166.1554460,10.8,84392.1,8.980,125,84,110
2026-07-22T23:04:29Z,-21.7140460,166.1553700,10.6,84401.8,9.200,124,84,109
2026-07-22T23:04:30Z,-21.7140299,166.1552740,10.4,84411.5,9.400,125,84,110
2026-07-22T23:04:31Z,-21.7140220,166.1551670,10.4,84421.9,9.680,124,84,109
2026-07-22T23:04:32Z,-21.7140259,166.1550810,10.6,84431.3,9.680,124,84,109
2026-07-22T23:04:33Z,-21.7140350,166.1549840,10.6,84440.6,9.700,124,85,110
2026-07-22T23:04:34Z,-21.7140520,166.1548980,10.8,84450.1,9.660,124,84,109
2026-07-22T23:04:35Z,-21.7140790,166.1548230,10.8,84459.5,9.600,124,84,109
2026-07-22T23:04:36Z,-21.7141149,166.1547479,10.8,84468.2,9.260,124,84,110
2026-07-22T23:04:37Z,-21.7141650,166.1546840,11.0,84476.8,9.100,124,84,109
2026-07-22T23:04:38Z,-21.7142200,166.1546190,11.0,84485.6,9.000,124,84,109
2026-07-22T23:04:39Z,-21.7142790,166.1545550,11.0,84494.1,8.800,124,83,109
2026-07-22T23:04:40Z,-21.7143459,166.1545120,11.2,84503.0,8.700,124,83,109
2026-07-22T23:04:41Z,-21.7144050,166.1544689,11.2,84511.2,8.600,125,83,110
2026-07-22T23:04:42Z,-21.7144670,166.1544259,11.2,84519.2,8.480,124,83,110
2026-07-22T23:04:43Z,-21.7145299,166.1543729,11.4,84527.6,8.400,124,83,109
2026-07-22T23:04:44Z,-21.7145889,166.1543299,11.4,84535.3,8.240,124,83,109
2026-07-22T23:04:45Z,-21.7146469,166.1542979,11.6,84542.9,7.980,124,83,109
2026-07-22T23:04:46Z,-21.7147070,166.1542650,11.8,84550.5,7.860,124,83,110
2026-07-22T23:04:47Z,-21.7147690,166.1542439,12.0,84558.0,7.760,124,83,110
2026-07-22T23:04:48Z,-21.7148290,166.1542119,12.0,84565.1,7.500,124,83,109
2026-07-22T23:04:49Z,-21.7148909,166.1541900,12.2,84572.3,7.400,124,83,110
2026-07-22T23:04:50Z,-21.7149540,166.1541800,12.2,84579.3,7.280,124,82,109
2026-07-22T23:04:51Z,-21.7150150,166.1541800,12.4,84586.3,7.160,124,82,110
2026-07-22T23:04:52Z,-21.7150759,166.1541800,12.6,84592.8,6.960,124,82,110
2026-07-22T23:04:53Z,-21.7151369,166.1541800,12.6,84599.7,6.920,124,81,109
2026-07-22T23:04:54Z,-21.7151949,166.1541900,12.8,84606.2,6.780,123,81,110
2026-07-22T23:04:55Z,-21.7152529,166.1541900,12.8,84612.6,6.660,123,81,109
2026-07-22T23:04:56Z,-21.7153079,166.1542119,12.8,84619.0,6.540,123,81,109
2026-07-22T23:04:57Z,-21.7153629,166.1542439,12.8,84625.5,6.540,123,81,110
2026-07-22T23:04:58Z,-21.7153890,166.1542439,13.0,84628.7,5.800,123,81,110
2026-07-22T23:04:59Z,-21.7154550,166.1542650,13.0,84636.5,6.060,123,81,109
2026-07-22T23:05:00Z,-21.7155200,166.1543190,13.0,84644.6,6.400,123,81,0
2026-07-22T23:05:01Z,-21.7155689,166.1543299,13.0,84650.8,6.360,123,81,0
2026-07-22T23:05:02Z,-21.7156190,166.1543620,13.0,84656.9,6.280,122,0,0
2026-07-22T23:05:03Z,-21.7156640,166.1543940,13.0,84662.7,6.800,122,0,0
2026-07-22T23:05:04Z,-21.7157140,166.1544259,13.0,84668.7,6.440,122,0,0
2026-07-22T23:05:05Z,-21.7157600,166.1544370,13.0,84674.3,5.940,121,0,0
2026-07-22T23:05:06Z,-21.7158080,166.1544589,13.0,84680.0,5.840,121,0,0
2026-07-22T23:05:07Z,-21.7158539,166.1544800,13.0,84685.2,5.660,120,0,0
2026-07-22T23:05:08Z,-21.7158900,166.1544800,13.0,84689.5,5.360,119,0,0
2026-07-22T23:05:09Z,-21.7159230,166.1545009,13.0,84693.5,4.960,119,0,0
2026-07-22T23:05:10Z,-21.7159500,166.1545120,13.0,84696.5,4.440,119,0,0
2026-07-22T23:05:11Z,-21.7159730,166.1545120,13.0,84699.0,3.800,118,0,0
2026-07-22T23:05:12Z,-21.7159890,166.1545120,13.0,84700.8,3.120,118,0,0
2026-07-22T23:05:13Z,-21.7159999,166.1545340,13.0,84702.0,2.500,120,0,0
2026-07-22T23:05:14Z,-21.7160060,166.1545340,13.0,84702.5,1.800,120,0,0
2026-07-22T23:05:15Z,-21.7160060,166.1545340,13.0,84702.5,1.200,120,0,0
2026-07-22T23:05:16Z,-21.7160060,166.1545340,13.0,84702.5,0.700,119,0,0
2026-07-22T23:05:17Z,-21.7160060,166.1545340,13.0,84702.5,0.340,118,0,0
