timestamp,lat,lon,altitude_m,distance_m,speed_ms,heart_rate_bpm,cadence_rpm,power_w
2026-07-24T17:57:17Z,35.1673488,-106.7114915,1606.4,0.0,0.000,93,0,0
2026-07-24T17:57:18Z,35.1673488,-106.7114895,1619.0,0.0,0.000,94,0,0
2026-07-24T17:57:19Z,35.1673488,-106.7114871,1619.2,0.0,0.000,93,0,0
2026-07-24T17:57:20Z,35.1673486,-106.7114844,1619.2,0.1,0.065,93,0,0
2026-07-24T17:57:21Z,35.1673464,-106.7114845,1619.2,2.4,2.351,93,0,0
2026-07-24T17:57:22Z,35.1673254,-106.7114902,1619.2,4.9,2.454,94,0,0
2026-07-24T17:57:23Z,35.1673037,-106.7114843,1619.0,7.2,2.277,96,0,0
2026-07-24T17:57:24Z,35.1672871,-106.7114766,1618.8,9.5,2.379,96,0,0
2026-07-24T17:57:25Z,35.1672740,-106.7114553,1618.8,12.1,2.585,97,0,0
2026-07-24T17:57:26Z,35.1672720,-106.7114308,1618.6,14.5,2.361,98,0,0
2026-07-24T17:57:27Z,35.1672717,-106.7114113,1618.6,16.8,2.361,98,0,0
2026-07-24T17:57:28Z,35.1672716,-106.7113877,1618.4,19.0,2.118,98,0,0
2026-07-24T17:57:29Z,35.1672731,-106.7113586,1618.6,21.2,2.277,98,0,0
2026-07-24T17:57:30Z,35.1672740,-106.7113376,1618.6,24.9,3.620,98,0,0
2026-07-24T17:57:31Z,35.1672805,-106.7113051,1618.6,28.9,4.068,98,0,0
2026-07-24T17:57:32Z,35.1672926,-106.7112642,1618.6,33.9,5.020,100,51,293
2026-07-24T17:57:33Z,35.1673064,-106.7112153,1618.4,39.1,5.197,100,58,260
2026-07-24T17:57:34Z,35.1673200,-106.7111633,1618.4,44.7,5.533,101,63,255
2026-07-24T17:57:35Z,35.1673359,-106.7111075,1618.2,50.4,5.757,103,63,215
2026-07-24T17:57:36Z,35.1673564,-106.7110492,1618.0,56.4,5.972,103,68,215
2026-07-24T17:57:37Z,35.1673796,-106.7109912,1617.8,62.5,6.158,105,68,201
2026-07-24T17:57:38Z,35.1674046,-106.7109314,1617.4,68.8,6.242,105,71,201
2026-07-24T17:57:39Z,35.1674308,-106.7108719,1617.4,75.1,6.345,108,74,186
2026-07-24T17:57:40Z,35.1674613,-106.7108138,1617.2,81.6,6.429,108,74,184
2026-07-24T17:57:41Z,35.1674966,-106.7107593,1617.0,88.1,6.503,109,74,184
2026-07-24T17:57:42Z,35.1675383,-106.7107098,1616.8,94.8,6.681,111,76,184
2026-07-24T17:57:43Z,35.1675859,-106.7106671,1616.6,101.3,6.569,111,77,190
2026-07-24T17:57:44Z,35.1676463,-106.7106245,1616.4,107.9,6.559,112,77,176
2026-07-24T17:57:45Z,35.1676892,-106.7106020,1616.2,114.3,6.410,112,77,176
2026-07-24T17:57:46Z,35.1677437,-106.7105801,1616.2,120.8,6.513,114,76,186
2026-07-24T17:57:47Z,35.1677986,-106.7105627,1616.0,127.2,6.410,114,75,193
2026-07-24T17:57:48Z,35.1678542,-106.7105506,1615.8,133.5,6.317,114,75,204
2026-07-24T17:57:49Z,35.1679101,-106.7105435,1615.8,140.0,6.485,115,76,200
2026-07-24T17:57:50Z,35.1679673,-106.7105381,1615.8,146.4,6.354,116,76,201
2026-07-24T17:57:51Z,35.1680242,-106.7105318,1615.8,152.9,6.541,116,76,201
2026-07-24T17:57:52Z,35.1680786,-106.7105259,1615.8,159.3,6.420,116,75,191
2026-07-24T17:57:53Z,35.1681359,-106.7105192,1615.8,165.8,6.466,118,75,192
2026-07-24T17:57:54Z,35.1681930,-106.7105134,1615.6,172.1,6.336,118,75,202
2026-07-24T17:57:55Z,35.1682505,-106.7105077,1615.6,178.4,6.280,119,75,214
2026-07-24T17:57:56Z,35.1683090,-106.7105020,1615.6,184.7,6.298,119,75,218
2026-07-24T17:57:57Z,35.1683667,-106.7105055,1615.6,191.1,6.354,121,75,221
2026-07-24T17:57:58Z,35.1684230,-106.7105208,1615.6,197.5,6.429,121,75,252
2026-07-24T17:57:59Z,35.1684731,-106.7105514,1615.6,204.0,6.485,122,75,252
2026-07-24T17:58:00Z,35.1685099,-106.7106044,1615.8,210.5,6.541,122,76,248
2026-07-24T17:58:01Z,35.1685261,-106.7106710,1615.8,217.3,6.746,122,77,298
2026-07-24T17:58:02Z,35.1685118,-106.7107377,1615.8,224.1,6.793,123,79,307
2026-07-24T17:58:03Z,35.1684795,-106.7108005,1616.0,231.0,6.942,124,80,282
2026-07-24T17:58:04Z,35.1684455,-106.7108636,1616.0,238.0,7.007,124,80,257
2026-07-24T17:58:05Z,35.1684127,-106.7109454,1616.4,245.0,7.026,124,82,257
2026-07-24T17:58:06Z,35.1683892,-106.7110183,1616.6,252.2,7.194,125,84,232
2026-07-24T17:58:07Z,35.1683674,-106.7110910,1617.0,259.5,7.213,125,85,211
2026-07-24T17:58:08Z,35.1683448,-106.7111640,1617.2,266.7,7.278,126,86,194
2026-07-24T17:58:09Z,35.1683180,-106.7112368,1617.4,274.2,7.511,126,87,210
2026-07-24T17:58:10Z,35.1682877,-106.7113109,1617.6,281.7,7.446,126,88,197
2026-07-24T17:58:11Z,35.1682636,-106.7113690,1617.6,289.3,7.670,127,89,194
2026-07-24T17:58:12Z,35.1682282,-106.7114584,1617.8,296.9,7.539,128,89,197
2026-07-24T17:58:13Z,35.1682012,-106.7115340,1617.8,304.6,7.670,128,89,203
2026-07-24T17:58:14Z,35.1681748,-106.7116096,1617.8,312.1,7.558,129,89,203
2026-07-24T17:58:15Z,35.1681494,-106.7116852,1618.0,319.9,7.772,128,90,190
2026-07-24T17:58:16Z,35.1681228,-106.7117632,1618.0,327.4,7.539,129,90,197
2026-07-24T17:58:17Z,35.1680983,-106.7118417,1618.2,335.1,7.726,129,90,218
2026-07-24T17:58:18Z,35.1680769,-106.7119214,1618.2,342.7,7.511,129,89,219
2026-07-24T17:58:19Z,35.1680563,-106.7119995,1618.2,350.0,7.362,129,88,215
2026-07-24T17:58:20Z,35.1680401,-106.7120613,1618.4,357.5,7.437,130,88,216
2026-07-24T17:58:21Z,35.1680140,-106.7121524,1618.4,364.6,7.194,130,86,216
2026-07-24T17:58:22Z,35.1679885,-106.7122258,1618.4,371.9,7.194,130,84,215
2026-07-24T17:58:23Z,35.1679614,-106.7122948,1618.6,379.0,7.194,131,83,223
2026-07-24T17:58:24Z,35.1679343,-106.7123625,1618.8,386.0,6.961,131,82,210
2026-07-24T17:58:25Z,35.1679096,-106.7124316,1618.8,392.9,6.895,132,82,268
2026-07-24T17:58:26Z,35.1678863,-106.7125009,1619.0,399.9,7.007,132,82,228
2026-07-24T17:58:27Z,35.1678630,-106.7125715,1619.0,406.9,6.961,132,82,199
2026-07-24T17:58:28Z,35.1678401,-106.7126429,1619.2,413.8,6.914,132,82,190
2026-07-24T17:58:29Z,35.1678214,-106.7127002,1619.4,420.7,6.933,132,82,194
2026-07-24T17:58:30Z,35.1677917,-106.7127854,1619.6,427.7,6.942,133,83,194
2026-07-24T17:58:31Z,35.1677653,-106.7128559,1619.8,434.7,7.073,133,83,186
2026-07-24T17:58:32Z,35.1677402,-106.7129246,1620.0,441.7,6.951,133,83,179
2026-07-24T17:58:33Z,35.1677147,-106.7129955,1620.2,448.7,6.998,133,82,176
2026-07-24T17:58:34Z,35.1676902,-106.7130649,1620.2,455.6,6.979,133,82,176
2026-07-24T17:58:35Z,35.1676656,-106.7131346,1620.4,462.7,7.026,134,82,181
2026-07-24T17:58:36Z,35.1676402,-106.7132061,1620.4,469.8,7.110,134,83,177
2026-07-24T17:58:37Z,35.1676161,-106.7132776,1620.4,476.8,7.035,133,83,174
2026-07-24T17:58:38Z,35.1675973,-106.7133339,1620.6,483.8,7.007,134,83,178
2026-07-24T17:58:39Z,35.1675673,-106.7134187,1620.6,490.9,7.026,134,83,169
2026-07-24T17:58:40Z,35.1675418,-106.7134881,1620.6,497.8,6.933,134,82,172
2026-07-24T17:58:41Z,35.1675163,-106.7135572,1620.6,504.8,6.998,134,82,178
2026-07-24T17:58:42Z,35.1674909,-106.7136263,1620.6,511.6,6.858,134,81,180
2026-07-24T17:58:43Z,35.1674664,-106.7136970,1620.8,518.5,6.867,134,81,185
2026-07-24T17:58:44Z,35.1674419,-106.7137683,1620.8,525.3,6.830,134,81,175
2026-07-24T17:58:45Z,35.1674168,-106.7138376,1620.8,532.1,6.746,133,81,173
2026-07-24T17:58:46Z,35.1673927,-106.7139074,1621.0,538.9,6.849,134,80,190
2026-07-24T17:58:47Z,35.1673673,-106.7139758,1621.2,545.7,6.718,133,80,188
2026-07-24T17:58:48Z,35.1673403,-106.7140447,1621.2,552.3,6.615,134,80,188
2026-07-24T17:58:49Z,35.1673161,-106.7141137,1621.4,559.0,6.681,133,80,188
2026-07-24T17:58:50Z,35.1672920,-106.7141828,1621.6,565.7,6.765,133,80,180
2026-07-24T17:58:51Z,35.1672682,-106.7142528,1621.6,572.8,7.026,133,81,197
2026-07-24T17:58:52Z,35.1672435,-106.7143224,1621.8,579.8,7.035,133,82,165
2026-07-24T17:58:53Z,35.1672155,-106.7143921,1621.8,586.7,6.895,134,83,148
2026-07-24T17:58:54Z,35.1671859,-106.7144619,1621.8,593.9,7.259,133,84,152
2026-07-24T17:58:55Z,35.1671568,-106.7145330,1621.8,601.1,7.203,133,85,136
2026-07-24T17:58:56Z,35.1671305,-106.7146042,1622.2,608.5,7.371,133,85,146
2026-07-24T17:58:57Z,35.1671068,-106.7146781,1622.2,616.0,7.530,133,85,151
2026-07-24T17:58:58Z,35.1670849,-106.7147553,1622.4,623.6,7.549,133,85,151
2026-07-24T17:58:59Z,35.1670627,-106.7148345,1622.4,630.7,7.110,133,88,151
2026-07-24T17:59:00Z,35.1670376,-106.7149134,1622.6,638.3,7.567,134,69,124
2026-07-24T17:59:01Z,35.1670116,-106.7149910,1622.8,645.8,7.577,134,89,213
2026-07-24T17:59:02Z,35.1669826,-106.7150672,1623.0,653.4,7.549,133,90,179
2026-07-24T17:59:03Z,35.1669553,-106.7151425,1623.0,661.0,7.577,133,89,157
2026-07-24T17:59:04Z,35.1669296,-106.7152188,1623.2,668.4,7.427,133,88,159
2026-07-24T17:59:05Z,35.1669086,-106.7152788,1623.2,675.9,7.474,133,88,154
2026-07-24T17:59:06Z,35.1668824,-106.7153549,1623.2,683.2,7.353,134,88,136
2026-07-24T17:59:07Z,35.1668500,-106.7154438,1623.2,690.7,7.427,134,87,120
2026-07-24T17:59:08Z,35.1668208,-106.7155176,1623.0,698.1,7.474,134,87,109
2026-07-24T17:59:09Z,35.1667925,-106.7155899,1623.4,705.5,7.427,134,87,109
2026-07-24T17:59:10Z,35.1667646,-106.7156630,1623.4,713.1,7.577,134,88,112
2026-07-24T17:59:11Z,35.1667390,-106.7157385,1623.6,721.0,7.819,134,88,108
2026-07-24T17:59:12Z,35.1667135,-106.7158170,1623.6,729.1,8.146,134,93,108
2026-07-24T17:59:13Z,35.1666890,-106.7158996,1623.6,737.5,8.388,133,96,96
2026-07-24T17:59:14Z,35.1666626,-106.7159834,1623.6,746.1,8.659,133,98,90
2026-07-24T17:59:15Z,35.1666391,-106.7160509,1623.6,754.7,8.519,134,100,111
2026-07-24T17:59:16Z,35.1665996,-106.7161512,1623.6,763.3,8.687,134,101,112
2026-07-24T17:59:17Z,35.1665666,-106.7162364,1623.2,772.0,8.640,134,102,102
2026-07-24T17:59:18Z,35.1665343,-106.7163231,1622.8,780.6,8.575,134,102,105
2026-07-24T17:59:19Z,35.1665045,-106.7164117,1622.4,789.3,8.762,133,102,126
2026-07-24T17:59:20Z,35.1664768,-106.7165007,1622.2,797.9,8.575,133,102,112
2026-07-24T17:59:21Z,35.1664504,-106.7165905,1622.0,806.5,8.603,132,102,115
2026-07-24T17:59:22Z,35.1664224,-106.7166787,1622.0,815.0,8.444,131,101,105
2026-07-24T17:59:23Z,35.1663937,-106.7167650,1621.8,823.3,8.379,132,100,109
2026-07-24T17:59:24Z,35.1663706,-106.7168337,1621.8,831.6,8.314,132,99,114
2026-07-24T17:59:25Z,35.1663369,-106.7169357,1621.8,840.1,8.426,132,99,112
2026-07-24T17:59:26Z,35.1663085,-106.7170209,1621.6,848.4,8.379,131,99,121
2026-07-24T17:59:27Z,35.1662785,-106.7171068,1621.4,856.8,8.314,130,99,121
2026-07-24T17:59:28Z,35.1662487,-106.7171925,1621.2,865.2,8.482,130,100,118
2026-07-24T17:59:29Z,35.1662178,-106.7172777,1621.2,873.8,8.622,130,101,119
2026-07-24T17:59:30Z,35.1661865,-106.7173642,1621.0,882.5,8.603,130,101,109
2026-07-24T17:59:31Z,35.1661556,-106.7174505,1621.0,891.0,8.584,128,101,104
2026-07-24T17:59:32Z,35.1661247,-106.7175372,1620.8,899.5,8.482,129,101,103
2026-07-24T17:59:33Z,35.1660959,-106.7176244,1620.8,908.1,8.584,128,101,103
2026-07-24T17:59:34Z,35.1660663,-106.7177122,1620.6,916.8,8.687,127,101,97
2026-07-24T17:59:35Z,35.1660372,-106.7177987,1620.4,925.3,8.482,127,101,76
2026-07-24T17:59:36Z,35.1660068,-106.7178826,1620.4,933.5,8.164,127,90,76
2026-07-24T17:59:37Z,35.1659770,-106.7179671,1620.4,941.8,8.388,127,98,113
2026-07-24T17:59:38Z,35.1659484,-106.7180507,1620.4,950.1,8.295,127,97,113
2026-07-24T17:59:39Z,35.1659238,-106.7181178,1620.2,958.4,8.295,126,99,100
2026-07-24T17:59:40Z,35.1658930,-106.7182027,1620.2,966.7,8.323,126,99,79
2026-07-24T17:59:41Z,35.1658624,-106.7182871,1620.2,975.6,8.827,126,100,90
2026-07-24T17:59:42Z,35.1658315,-106.7183723,1620.2,984.0,8.454,126,100,0
2026-07-24T17:59:43Z,35.1658012,-106.7184581,1620.0,992.5,8.482,125,100,0
2026-07-24T17:59:44Z,35.1657706,-106.7185439,1620.0,1000.9,8.388,125,0,0
2026-07-24T17:59:45Z,35.1657340,-106.7186461,1620.0,1009.3,8.454,125,0,0
2026-07-24T17:59:46Z,35.1657034,-106.7187314,1619.8,1017.8,8.454,124,0,0
2026-07-24T17:59:47Z,35.1656727,-106.7188158,1619.6,1025.8,7.959,124,77,11
2026-07-24T17:59:48Z,35.1656425,-106.7189009,1619.6,1034.3,8.491,123,77,151
2026-07-24T17:59:49Z,35.1656195,-106.7189703,1619.4,1042.8,8.556,123,101,151
2026-07-24T17:59:50Z,35.1655900,-106.7190565,1619.4,1051.4,8.556,123,102,136
2026-07-24T17:59:51Z,35.1655600,-106.7191426,1619.2,1060.1,8.696,123,102,139
2026-07-24T17:59:52Z,35.1655295,-106.7192295,1619.2,1068.5,8.426,123,101,129
2026-07-24T17:59:53Z,35.1655001,-106.7193154,1619.2,1076.7,8.202,123,100,136
2026-07-24T17:59:54Z,35.1654690,-106.7193985,1619.0,1084.8,8.108,123,99,139
2026-07-24T17:59:55Z,35.1654394,-106.7194819,1618.8,1093.1,8.267,123,97,147
2026-07-24T17:59:56Z,35.1654086,-106.7195632,1618.6,1101.2,8.108,124,97,162
2026-07-24T17:59:57Z,35.1653776,-106.7196439,1618.6,1109.2,8.062,126,97,170
2026-07-24T17:59:58Z,35.1653421,-106.7197410,1618.4,1117.4,8.136,127,96,171
2026-07-24T17:59:59Z,35.1653185,-106.7198029,1618.4,1125.4,8.043,127,96,166
2026-07-24T18:00:00Z,35.1652873,-106.7198826,1618.4,1133.5,8.099,127,96,149
2026-07-24T18:00:01Z,35.1652566,-106.7199621,1618.4,1141.6,8.099,127,96,140
2026-07-24T18:00:02Z,35.1652233,-106.7200414,1618.4,1149.9,8.258,127,96,140
2026-07-24T18:00:03Z,35.1651880,-106.7201191,1618.6,1158.0,8.164,127,96,145
2026-07-24T18:00:04Z,35.1651479,-106.7201922,1618.8,1166.2,8.136,127,96,140
2026-07-24T18:00:05Z,35.1651013,-106.7202619,1618.8,1174.7,8.482,126,97,140
2026-07-24T18:00:06Z,35.1650363,-106.7203376,1618.8,1182.9,8.286,126,98,137
2026-07-24T18:00:07Z,35.1649735,-106.7203913,1619.0,1191.1,8.164,125,98,103
2026-07-24T18:00:08Z,35.1649120,-106.7204433,1619.0,1199.5,8.398,124,98,0
2026-07-24T18:00:09Z,35.1648591,-106.7205042,1619.0,1208.0,8.519,124,98,0
2026-07-24T18:00:10Z,35.1648318,-106.7205872,1619.0,1216.4,8.416,122,0,0
2026-07-24T18:00:11Z,35.1648402,-106.7206745,1619.0,1224.5,8.043,122,16,9
2026-07-24T18:00:12Z,35.1648773,-106.7207481,1619.2,1232.3,7.838,121,93,186
2026-07-24T18:00:13Z,35.1649141,-106.7208022,1619.2,1240.2,7.922,122,94,283
2026-07-24T18:00:14Z,35.1649606,-106.7208760,1619.4,1248.2,7.959,122,95,259
2026-07-24T18:00:15Z,35.1650157,-106.7209620,1619.4,1256.3,8.136,123,95,243
2026-07-24T18:00:16Z,35.1650606,-106.7210336,1619.4,1264.4,8.024,123,95,241
2026-07-24T18:00:17Z,35.1651060,-106.7211049,1619.4,1272.3,7.940,124,95,236
2026-07-24T18:00:18Z,35.1651426,-106.7211623,1619.6,1280.4,8.071,124,94,230
2026-07-24T18:00:19Z,35.1651941,-106.7212478,1619.6,1288.2,7.838,125,94,212
2026-07-24T18:00:20Z,35.1652379,-106.7213180,1619.8,1296.2,7.959,125,94,215
2026-07-24T18:00:21Z,35.1652824,-106.7213897,1619.8,1304.0,7.838,127,93,220
2026-07-24T18:00:22Z,35.1653167,-106.7214438,1620.0,1311.8,7.838,127,93,234
2026-07-24T18:00:23Z,35.1653602,-106.7215133,1620.4,1319.5,7.679,127,92,233
2026-07-24T18:00:24Z,35.1654031,-106.7215823,1620.4,1327.4,7.922,127,92,234
2026-07-24T18:00:25Z,35.1654546,-106.7216677,1620.6,1335.3,7.866,127,93,220
2026-07-24T18:00:26Z,35.1654958,-106.7217396,1620.8,1343.1,7.772,129,93,229
2026-07-24T18:00:27Z,35.1655281,-106.7217961,1620.8,1351.0,7.884,129,93,236
2026-07-24T18:00:28Z,35.1655766,-106.7218812,1621.0,1358.9,7.940,129,93,227
2026-07-24T18:00:29Z,35.1656190,-106.7219517,1621.0,1366.8,7.912,130,93,226
2026-07-24T18:00:30Z,35.1656620,-106.7220222,1621.2,1374.8,7.996,130,93,225
2026-07-24T18:00:31Z,35.1656962,-106.7220777,1621.2,1382.9,8.118,131,94,225
2026-07-24T18:00:32Z,35.1657382,-106.7221497,1621.4,1390.8,7.866,132,94,209
2026-07-24T18:00:33Z,35.1657884,-106.7222359,1621.4,1398.7,7.884,132,93,214
2026-07-24T18:00:34Z,35.1658298,-106.7223070,1621.4,1406.7,8.024,133,93,221
2026-07-24T18:00:35Z,35.1658622,-106.7223645,1621.6,1414.7,7.968,133,93,217
2026-07-24T18:00:36Z,35.1659098,-106.7224505,1621.6,1422.5,7.828,134,93,225
2026-07-24T18:00:37Z,35.1659505,-106.7225219,1621.6,1430.4,7.856,134,93,228
2026-07-24T18:00:38Z,35.1659923,-106.7225928,1621.6,1438.2,7.856,134,93,224
2026-07-24T18:00:39Z,35.1660325,-106.7226623,1621.6,1446.0,7.772,134,92,213
2026-07-24T18:00:40Z,35.1660700,-106.7227314,1621.8,1453.7,7.670,135,92,234
2026-07-24T18:00:41Z,35.1661019,-106.7227870,1621.8,1461.5,7.875,136,92,229
2026-07-24T18:00:42Z,35.1661538,-106.7228689,1621.8,1469.4,7.800,136,92,202
2026-07-24T18:00:43Z,35.1661971,-106.7229389,1621.8,1477.3,7.940,137,93,189
2026-07-24T18:00:44Z,35.1662411,-106.7230079,1622.0,1485.4,8.118,137,94,184
2026-07-24T18:00:45Z,35.1662759,-106.7230638,1622.0,1493.5,8.108,137,95,188
2026-07-24T18:00:46Z,35.1663272,-106.7231488,1622.0,1501.8,8.304,137,97,175
2026-07-24T18:00:47Z,35.1663710,-106.7232215,1622.0,1510.3,8.500,137,98,180
2026-07-24T18:00:48Z,35.1664161,-106.7232969,1622.0,1519.0,8.668,138,100,170
2026-07-24T18:00:49Z,35.1664608,-106.7233736,1622.0,1527.5,8.538,137,100,163
2026-07-24T18:00:50Z,35.1665053,-106.7234510,1622.0,1536.0,8.482,138,101,163
2026-07-24T18:00:51Z,35.1665510,-106.7235264,1621.8,1544.4,8.435,137,100,167
2026-07-24T18:00:52Z,35.1665967,-106.7235997,1621.8,1552.9,8.500,138,99,175
2026-07-24T18:00:53Z,35.1666423,-106.7236730,1622.0,1561.2,8.230,138,98,201
2026-07-24T18:00:54Z,35.1666861,-106.7237473,1621.8,1569.3,8.099,138,97,222
2026-07-24T18:00:55Z,35.1667281,-106.7238236,1621.6,1577.3,8.099,138,96,236
2026-07-24T18:00:56Z,35.1667690,-106.7238976,1621.8,1585.3,7.894,138,94,231
2026-07-24T18:00:57Z,35.1668080,-106.7239698,1621.8,1592.9,7.623,138,92,228
2026-07-24T18:00:58Z,35.1668463,-106.7240392,1621.8,1600.5,7.651,139,90,221
2026-07-24T18:00:59Z,35.1668851,-106.7241058,1621.8,1608.0,7.437,139,88,217
2026-07-24T18:01:00Z,35.1669243,-106.7241703,1622.0,1615.2,7.194,140,86,194
2026-07-24T18:01:01Z,35.1669635,-106.7242350,1622.0,1622.1,6.961,139,85,187
2026-07-24T18:01:02Z,35.1669984,-106.7243009,1622.0,1628.9,6.830,140,88,139
2026-07-24T18:01:03Z,35.1670281,-106.7243662,1622.2,1635.7,6.765,140,96,122
2026-07-24T18:01:04Z,35.1670552,-106.7244325,1622.4,1642.2,6.466,140,93,91
2026-07-24T18:01:05Z,35.1670798,-106.7244982,1623.0,1648.4,6.205,140,95,30
2026-07-24T18:01:06Z,35.1671018,-106.7245612,1623.2,1654.4,6.056,140,93,0
2026-07-24T18:01:07Z,35.1671181,-106.7246067,1623.4,1658.4,4.012,140,93,0
2026-07-24T18:01:08Z,35.1671400,-106.7246645,1623.6,1662.2,3.779,140,93,0
2026-07-24T18:01:09Z,35.1671540,-106.7246992,1624.0,1665.0,2.762,141,0,0
2026-07-24T18:01:10Z,35.1671619,-106.7247190,1624.0,1667.8,2.762,140,0,0
2026-07-24T18:01:11Z,35.1671632,-106.7247245,1624.2,1667.8,0.000,140,0,0
2026-07-24T18:01:12Z,35.1671632,-106.7247245,1624.6,1667.8,0.000,140,0,0
2026-07-24T18:01:13Z,35.1671632,-106.7247245,1624.6,1667.8,0.000,140,0,0
2026-07-24T18:01:14Z,35.1671632,-106.7247245,1624.8,1667.8,0.000,140,0,0
2026-07-24T18:01:15Z,35.1671632,-106.7247245,1625.0,1667.8,0.000,139,0,0
2026-07-24T18:01:16Z,35.1671632,-106.7247245,1625.0,1667.8,0.000,140,0,0
2026-07-24T18:01:17Z,35.1671632,-106.7247245,1625.2,1667.8,0.000,139,0,0
2026-07-24T18:01:18Z,35.1671632,-106.7247245,1625.2,1667.8,0.000,138,0,0
2026-07-24T18:01:19Z,35.1671632,-106.7247245,1625.2,1667.8,0.000,137,0,0
2026-07-24T18:01:20Z,35.1671632,-106.7247245,1625.2,1667.8,0.000,136,0,0
2026-07-24T18:01:21Z,35.1671632,-106.7247245,1625.2,1667.8,0.000,134,0,0
2026-07-24T18:01:22Z,35.1671632,-106.7247245,1625.2,1667.8,0.000,132,0,0
2026-07-24T18:01:23Z,35.1671632,-106.7247245,1625.2,1667.8,0.000,131,0,0
2026-07-24T18:01:24Z,35.1671632,-106.7247245,1625.2,1667.8,0.000,128,0,0
2026-07-24T18:01:25Z,35.1671632,-106.7247245,1625.2,1667.8,0.000,127,0,0
2026-07-24T18:01:26Z,35.1671632,-106.7247245,1625.2,1667.8,0.000,125,0,0
2026-07-24T18:01:27Z,35.1671632,-106.7247245,1625.2,1667.8,0.000,122,0,0
2026-07-24T18:01:28Z,35.1671632,-106.7247245,1625.2,1667.8,0.000,120,0,0
2026-07-24T18:01:29Z,35.1671632,-106.7247245,1625.2,1667.8,0.000,118,0,0
2026-07-24T18:01:30Z,35.1671632,-106.7247245,1625.2,1667.8,0.000,116,0,0
2026-07-24T18:01:31Z,35.1671632,-106.7247245,1625.2,1667.8,0.000,114,0,0
2026-07-24T18:01:32Z,35.1671632,-106.7247245,1625.2,1667.8,0.000,113,0,0
2026-07-24T18:01:33Z,35.1671632,-106.7247245,1625.2,1667.8,0.000,112,0,0
2026-07-24T18:01:34Z,35.1671632,-106.7247245,1625.2,1667.8,0.000,112,0,0
2026-07-24T18:01:35Z,35.1671632,-106.7247245,1625.2,1667.8,0.000,111,0,0
2026-07-24T18:01:36Z,35.1671632,-106.7247245,1625.2,1667.8,0.000,110,0,0
2026-07-24T18:01:37Z,35.1671632,-106.7247245,1625.4,1667.8,0.000,110,0,0
2026-07-24T18:01:38Z,35.1671632,-106.7247245,1625.4,1667.8,0.000,108,0,0
2026-07-24T18:01:39Z,35.1671632,-106.7247245,1625.4,1667.8,0.000,108,0,0
2026-07-24T18:01:40Z,35.1671632,-106.7247245,1625.4,1667.8,0.000,109,0,0
2026-07-24T18:01:41Z,35.1671632,-106.7247245,1625.4,1667.8,0.000,109,0,0
2026-07-24T18:01:42Z,35.1671632,-106.7247245,1625.4,1667.8,0.000,108,0,0
2026-07-24T18:01:43Z,35.1671632,-106.7247245,1625.4,1667.8,0.000,108,0,0
2026-07-24T18:01:44Z,35.1671632,-106.7247245,1625.4,1667.8,0.000,106,0,0
2026-07-24T18:01:45Z,35.1671632,-106.7247245,1625.6,1667.8,0.000,104,0,0
2026-07-24T18:01:46Z,35.1671632,-106.7247245,1625.6,1667.8,0.000,102,0,0
2026-07-24T18:01:47Z,35.1671632,-106.7247245,1625.6,1667.8,0.000,102,0,0
2026-07-24T18:01:48Z,35.1671632,-106.7247245,1625.6,1667.8,0.000,102,0,0
2026-07-24T18:01:49Z,35.1671632,-106.7247245,1625.6,1667.8,0.000,102,0,0
2026-07-24T18:01:50Z,35.1671632,-106.7247245,1625.6,1667.8,0.000,103,0,0
2026-07-24T18:01:51Z,35.1671632,-106.7247245,1625.6,1667.8,0.000,105,0,0
2026-07-24T18:01:52Z,35.1671632,-106.7247245,1625.6,1667.8,0.000,104,0,0
2026-07-24T18:01:53Z,35.1671632,-106.7247245,1625.6,1667.8,0.000,104,0,0
2026-07-24T18:01:54Z,35.1671632,-106.7247245,1625.6,1667.8,0.000,105,0,0
2026-07-24T18:01:55Z,35.1671632,-106.7247245,1625.6,1667.8,0.000,106,0,0
2026-07-24T18:01:56Z,35.1671632,-106.7247245,1625.6,1667.8,0.000,105,0,0
2026-07-24T18:01:57Z,35.1671632,-106.7247245,1625.6,1667.8,0.000,105,0,0
2026-07-24T18:01:58Z,35.1671632,-106.7247245,1625.6,1667.8,0.000,105,0,0
2026-07-24T18:01:59Z,35.1671632,-106.7247245,1625.8,1667.8,0.000,106,0,0
2026-07-24T18:02:00Z,35.1671632,-106.7247245,1625.6,1667.8,0.000,106,0,0
2026-07-24T18:02:01Z,35.1671632,-106.7247245,1625.8,1667.8,0.000,106,0,0
2026-07-24T18:02:02Z,35.1671632,-106.7247245,1625.8,1667.8,0.000,106,0,0
2026-07-24T18:02:03Z,35.1671632,-106.7247245,1625.8,1667.8,0.000,106,0,0
2026-07-24T18:02:04Z,35.1671632,-106.7247245,1625.8,1667.8,0.000,106,0,0
2026-07-24T18:02:05Z,35.1671632,-106.7247245,1625.8,1667.8,0.000,106,0,0
2026-07-24T18:02:06Z,35.1671632,-106.7247245,1625.8,1667.8,0.000,105,0,0
2026-07-24T18:02:07Z,35.1671632,-106.7247245,1625.8,1667.8,0.000,105,0,0
2026-07-24T18:02:08Z,35.1671632,-106.7247245,1625.8,1667.8,0.000,104,0,0
2026-07-24T18:02:09Z,35.1671632,-106.7247245,1625.8,1667.8,0.000,105,0,0
2026-07-24T18:02:10Z,35.1671632,-106.7247245,1625.8,1667.8,0.000,106,0,0
2026-07-24T18:02:11Z,35.1671632,-106.7247245,1626.0,1667.8,0.000,106,0,0
2026-07-24T18:02:12Z,35.1671632,-106.7247245,1626.0,1667.8,0.000,106,0,0
2026-07-24T18:02:13Z,35.1671632,-106.7247245,1626.2,1667.8,0.000,106,0,0
2026-07-24T18:02:14Z,35.1671632,-106.7247245,1626.2,1667.8,0.000,107,0,0
2026-07-24T18:02:15Z,35.1671632,-106.7247245,1626.2,1667.8,0.000,107,0,0
2026-07-24T18:02:16Z,35.1671632,-106.7247245,1626.2,1667.8,0.000,106,0,0
2026-07-24T18:02:17Z,35.1671632,-106.7247245,1626.2,1667.8,0.000,105,0,0
2026-07-24T18:02:18Z,35.1671632,-106.7247245,1626.2,1667.8,0.000,105,0,0
2026-07-24T18:02:19Z,35.1671632,-106.7247245,1626.2,1667.8,0.000,105,0,0
2026-07-24T18:02:20Z,35.1671632,-106.7247245,1626.2,1667.8,0.000,105,0,0
2026-07-24T18:02:21Z,35.1671632,-106.7247245,1626.2,1667.8,0.000,105,0,0
2026-07-24T18:02:22Z,35.1671632,-106.7247245,1626.2,1667.8,0.000,104,0,0
2026-07-24T18:02:23Z,35.1671632,-106.7247245,1626.2,1667.8,0.000,104,0,0
2026-07-24T18:02:24Z,35.1671632,-106.7247245,1626.2,1667.8,0.000,104,0,0
2026-07-24T18:02:25Z,35.1671632,-106.7247245,1626.2,1667.8,0.000,102,0,0
2026-07-24T18:02:26Z,35.1671632,-106.7247245,1626.2,1667.8,0.000,102,0,0
2026-07-24T18:02:27Z,35.1671632,-106.7247245,1626.4,1667.8,0.000,102,0,0
2026-07-24T18:02:28Z,35.1671632,-106.7247245,1626.4,1667.8,0.000,105,0,0
2026-07-24T18:02:29Z,35.1671632,-106.7247245,1626.4,1667.8,0.000,106,0,0
2026-07-24T18:02:30Z,35.1671632,-106.7247245,1626.4,1667.8,0.000,106,0,0
2026-07-24T18:02:31Z,35.1671632,-106.7247245,1626.4,1667.8,0.000,106,0,0
2026-07-24T18:02:32Z,35.1671638,-106.7247270,1626.4,1667.9,0.121,107,0,0
2026-07-24T18:02:33Z,35.1671606,-106.7247548,1626.4,1670.3,2.463,108,0,0
2026-07-24T18:02:34Z,35.1671612,-106.7247800,1626.4,1672.5,2.155,110,0,0
2026-07-24T18:02:35Z,35.1671586,-106.7248077,1626.4,1674.6,2.090,112,0,0
2026-07-24T18:02:36Z,35.1671517,-106.7248444,1626.4,1678.6,4.012,113,0,0
2026-07-24T18:02:37Z,35.1671427,-106.7248893,1626.2,1683.4,4.777,115,75,415
2026-07-24T18:02:38Z,35.1671300,-106.7249403,1626.2,1688.7,5.300,117,88,399
2026-07-24T18:02:39Z,35.1671116,-106.7249963,1626.2,1694.5,5.860,119,94,362
2026-07-24T18:02:40Z,35.1670875,-106.7250553,1626.2,1700.8,6.224,120,99,326
2026-07-24T18:02:41Z,35.1670570,-106.7251125,1626.0,1707.4,6.625,121,106,276
2026-07-24T18:02:42Z,35.1670228,-106.7251655,1625.8,1714.2,6.830,123,109,236
2026-07-24T18:02:43Z,35.1669836,-106.7252173,1625.8,1720.7,6.466,124,74,42
2026-07-24T18:02:44Z,35.1669379,-106.7252644,1625.8,1727.2,6.466,124,74,84
2026-07-24T18:02:45Z,35.1668866,-106.7253016,1625.6,1734.0,6.849,124,56,84
2026-07-24T18:02:46Z,35.1668317,-106.7253353,1625.6,1741.1,7.101,126,107,249
2026-07-24T18:02:47Z,35.1667755,-106.7253717,1625.6,1748.4,7.269,126,109,194
2026-07-24T18:02:48Z,35.1667180,-106.7254088,1625.4,1755.6,7.241,127,110,178
2026-07-24T18:02:49Z,35.1666590,-106.7254454,1625.4,1763.1,7.493,128,112,167
2026-07-24T18:02:50Z,35.1666008,-106.7254808,1625.2,1770.5,7.437,128,112,141
2026-07-24T18:02:51Z,35.1665375,-106.7255180,1625.2,1777.9,7.362,129,112,141
2026-07-24T18:02:52Z,35.1664755,-106.7255560,1625.0,1785.3,7.371,129,104,196
2026-07-24T18:02:53Z,35.1664128,-106.7255940,1625.0,1792.6,7.362,129,105,203
2026-07-24T18:02:54Z,35.1663525,-106.7256318,1625.0,1800.0,7.334,130,105,196
2026-07-24T18:02:55Z,35.1663033,-106.7256608,1624.8,1807.4,7.493,131,106,182
2026-07-24T18:02:56Z,35.1662294,-106.7257048,1624.8,1815.0,7.539,130,106,181
2026-07-24T18:02:57Z,35.1661677,-106.7257409,1624.8,1822.4,7.455,132,106,181
2026-07-24T18:02:58Z,35.1661069,-106.7257778,1624.6,1829.9,7.465,132,105,178
2026-07-24T18:02:59Z,35.1660474,-106.7258148,1624.6,1837.5,7.595,133,105,177
2026-07-24T18:03:00Z,35.1659880,-106.7258508,1624.6,1845.1,7.623,135,105,167
2026-07-24T18:03:01Z,35.1659279,-106.7258873,1624.4,1852.7,7.595,135,106,179
2026-07-24T18:03:02Z,35.1658671,-106.7259238,1624.4,1861.1,8.416,135,107,231
2026-07-24T18:03:03Z,35.1658067,-106.7259618,1624.4,1868.8,7.679,136,107,176
2026-07-24T18:03:04Z,35.1657449,-106.7260017,1624.4,1876.7,7.838,136,109,173
2026-07-24T18:03:05Z,35.1656827,-106.7260403,1624.4,1884.7,8.034,137,109,158
2026-07-24T18:03:06Z,35.1656196,-106.7260786,1624.4,1892.7,8.043,136,111,158
2026-07-24T18:03:07Z,35.1655563,-106.7261175,1624.4,1901.0,8.258,137,112,153
2026-07-24T18:03:08Z,35.1654937,-106.7261587,1624.4,1909.1,8.136,137,113,143
2026-07-24T18:03:09Z,35.1654304,-106.7262014,1624.4,1917.2,8.071,138,113,145
2026-07-24T18:03:10Z,35.1653657,-106.7262425,1624.4,1925.1,7.931,138,113,148
2026-07-24T18:03:11Z,35.1653014,-106.7262815,1624.2,1933.2,8.024,138,113,131
2026-07-24T18:03:12Z,35.1652346,-106.7263212,1624.2,1941.3,8.192,138,112,133
2026-07-24T18:03:13Z,35.1651707,-106.7263592,1624.2,1949.2,7.866,138,109,145
2026-07-24T18:03:14Z,35.1651074,-106.7263951,1624.2,1957.0,7.754,138,101,193
2026-07-24T18:03:15Z,35.1650445,-106.7264300,1624.2,1964.6,7.651,138,101,142
2026-07-24T18:03:16Z,35.1649810,-106.7264649,1624.4,1972.5,7.903,138,101,171
2026-07-24T18:03:17Z,35.1649162,-106.7265000,1624.4,1980.6,8.108,138,102,165
2026-07-24T18:03:18Z,35.1648508,-106.7265338,1624.4,1988.6,7.959,138,104,143
2026-07-24T18:03:19Z,35.1647843,-106.7265668,1624.4,1996.8,8.202,138,105,149
2026-07-24T18:03:20Z,35.1647163,-106.7266013,1624.6,2005.2,8.435,138,106,134
2026-07-24T18:03:21Z,35.1646481,-106.7266372,1624.6,2014.2,9.004,139,109,127
2026-07-24T18:03:22Z,35.1645779,-106.7266746,1624.6,2023.0,8.743,139,110,110
2026-07-24T18:03:23Z,35.1645072,-106.7267099,1624.8,2031.6,8.584,139,111,91
2026-07-24T18:03:24Z,35.1644343,-106.7267444,1624.8,2040.4,8.827,139,106,110
2026-07-24T18:03:25Z,35.1643617,-106.7267764,1624.8,2049.2,8.790,139,104,125
2026-07-24T18:03:26Z,35.1642875,-106.7268061,1624.8,2058.3,9.079,139,105,130
2026-07-24T18:03:27Z,35.1642119,-106.7268370,1624.6,2067.2,8.939,139,106,119
2026-07-24T18:03:28Z,35.1641350,-106.7268670,1624.6,2076.2,9.004,140,106,127
2026-07-24T18:03:29Z,35.1640577,-106.7268980,1624.6,2085.3,9.079,140,107,119
2026-07-24T18:03:30Z,35.1639817,-106.7269314,1624.4,2094.4,9.125,140,106,123
2026-07-24T18:03:31Z,35.1639046,-106.7269649,1624.4,2103.5,9.125,137,106,124
2026-07-24T18:03:32Z,35.1638273,-106.7269957,1624.4,2112.4,8.864,136,106,128
2026-07-24T18:03:33Z,35.1637480,-106.7270224,1624.4,2121.4,8.995,136,105,131
2026-07-24T18:03:34Z,35.1636705,-106.7270433,1624.4,2130.3,8.939,135,105,148
2026-07-24T18:03:35Z,35.1635925,-106.7270610,1624.4,2139.3,8.939,135,106,142
2026-07-24T18:03:36Z,35.1635137,-106.7270795,1624.2,2148.2,8.920,136,106,121
2026-07-24T18:03:37Z,35.1634345,-106.7270963,1624.2,2157.2,9.004,136,106,142
2026-07-24T18:03:38Z,35.1633558,-106.7271118,1624.0,2166.2,9.041,135,106,145
2026-07-24T18:03:39Z,35.1632746,-106.7271279,1624.0,2175.2,8.957,135,107,148
2026-07-24T18:03:40Z,35.1631935,-106.7271406,1624.0,2184.3,9.125,134,106,142
2026-07-24T18:03:41Z,35.1631124,-106.7271514,1624.0,2193.4,9.079,135,106,148
2026-07-24T18:03:42Z,35.1630307,-106.7271587,1624.0,2202.4,9.004,134,107,145
2026-07-24T18:03:43Z,35.1629492,-106.7271644,1623.8,2211.5,9.079,134,107,138
2026-07-24T18:03:44Z,35.1628674,-106.7271700,1623.8,2220.6,9.125,134,107,153
2026-07-24T18:03:45Z,35.1627861,-106.7271754,1623.8,2229.7,9.107,134,106,157
2026-07-24T18:03:46Z,35.1627053,-106.7271782,1623.6,2238.9,9.200,134,107,156
2026-07-24T18:03:47Z,35.1626232,-106.7271772,1623.6,2248.0,9.125,134,107,141
2026-07-24T18:03:48Z,35.1625420,-106.7271721,1623.4,2257.1,9.079,135,107,141
2026-07-24T18:03:49Z,35.1624601,-106.7271676,1623.4,2266.4,9.275,134,107,130
2026-07-24T18:03:50Z,35.1623792,-106.7271602,1623.4,2275.5,9.079,135,107,130
2026-07-24T18:03:51Z,35.1622966,-106.7271511,1623.4,2284.6,9.097,135,108,132
2026-07-24T18:03:52Z,35.1622137,-106.7271408,1623.2,2293.8,9.163,135,108,135
2026-07-24T18:03:53Z,35.1621327,-106.7271309,1623.2,2302.9,9.200,135,108,137
2026-07-24T18:03:54Z,35.1620514,-106.7271181,1623.2,2311.9,8.939,134,108,107
2026-07-24T18:03:55Z,35.1619697,-106.7271044,1623.2,2321.2,9.312,135,108,115
2026-07-24T18:03:56Z,35.1618872,-106.7270887,1623.2,2330.3,9.079,135,108,109
2026-07-24T18:03:57Z,35.1618058,-106.7270723,1623.2,2339.4,9.125,135,108,108
2026-07-24T18:03:58Z,35.1617245,-106.7270535,1623.2,2348.6,9.200,135,108,100
2026-07-24T18:03:59Z,35.1616429,-106.7270297,1623.2,2357.7,9.125,135,108,101
2026-07-24T18:04:00Z,35.1615629,-106.7270048,1623.0,2367.0,9.256,134,109,97
2026-07-24T18:04:01Z,35.1614832,-106.7269792,1623.0,2376.3,9.312,134,109,96
2026-07-24T18:04:02Z,35.1614031,-106.7269515,1623.0,2385.5,9.237,134,108,104
2026-07-24T18:04:03Z,35.1613243,-106.7269225,1623.0,2394.7,9.200,134,109,122
2026-07-24T18:04:04Z,35.1612449,-106.7268911,1623.0,2404.0,9.275,135,109,123
2026-07-24T18:04:05Z,35.1611669,-106.7268559,1623.0,2413.3,9.275,134,109,126
2026-07-24T18:04:06Z,35.1610903,-106.7268189,1622.8,2422.5,9.200,134,110,123
2026-07-24T18:04:07Z,35.1610137,-106.7267809,1622.8,2431.8,9.312,134,110,130
2026-07-24T18:04:08Z,35.1609372,-106.7267407,1622.8,2441.1,9.396,133,110,122
2026-07-24T18:04:09Z,35.1608616,-106.7266999,1622.6,2450.5,9.359,134,111,125
2026-07-24T18:04:10Z,35.1607849,-106.7266553,1622.6,2459.9,9.396,133,111,120
2026-07-24T18:04:11Z,35.1607092,-106.7266095,1622.6,2469.3,9.433,133,111,120
2026-07-24T18:04:12Z,35.1606344,-106.7265632,1622.6,2478.8,9.405,133,111,119
2026-07-24T18:04:13Z,35.1605594,-106.7265163,1622.6,2488.2,9.433,133,111,120
2026-07-24T18:04:14Z,35.1604859,-106.7264671,1622.4,2497.6,9.396,133,112,109
2026-07-24T18:04:15Z,35.1604123,-106.7264147,1622.4,2507.3,9.685,132,112,96
2026-07-24T18:04:16Z,35.1603381,-106.7263594,1622.4,2516.9,9.648,132,114,93
2026-07-24T18:04:17Z,35.1602632,-106.7263046,1622.2,2526.9,9.956,133,115,92
2026-07-24T18:04:18Z,35.1601873,-106.7262501,1622.2,2536.8,9.965,133,108,148
2026-07-24T18:04:19Z,35.1601094,-106.7261952,1622.2,2546.7,9.909,133,108,147
2026-07-24T18:04:20Z,35.1600319,-106.7261391,1622.0,2556.7,9.956,133,107,147
2026-07-24T18:04:21Z,35.1599548,-106.7260817,1622.0,2566.6,9.909,133,107,129
2026-07-24T18:04:22Z,35.1598772,-106.7260251,1621.8,2576.8,10.226,134,107,123
2026-07-24T18:04:23Z,35.1597994,-106.7259690,1621.6,2587.1,10.226,133,108,122
2026-07-24T18:04:24Z,35.1597215,-106.7259107,1621.6,2597.1,10.086,133,108,123
2026-07-24T18:04:25Z,35.1596582,-106.7258653,1621.6,2607.0,9.863,133,107,123
2026-07-24T18:04:26Z,35.1595647,-106.7257978,1621.4,2616.9,9.937,134,107,138
2026-07-24T18:04:27Z,35.1594875,-106.7257414,1621.2,2627.1,10.124,134,107,130
2026-07-24T18:04:28Z,35.1594105,-106.7256849,1621.2,2637.0,9.928,133,106,134
2026-07-24T18:04:29Z,35.1593348,-106.7256262,1621.0,2646.9,9.900,133,106,143
2026-07-24T18:04:30Z,35.1592593,-106.7255672,1621.0,2657.0,10.077,132,106,148
2026-07-24T18:04:31Z,35.1591837,-106.7255101,1621.0,2666.9,9.919,132,106,140
2026-07-24T18:04:32Z,35.1591082,-106.7254525,1620.6,2676.8,9.900,132,106,145
2026-07-24T18:04:33Z,35.1590321,-106.7253939,1620.6,2686.6,9.807,132,105,144
2026-07-24T18:04:34Z,35.1589562,-106.7253349,1620.4,2696.2,9.592,132,104,147
2026-07-24T18:04:35Z,35.1588824,-106.7252759,1620.4,2705.9,9.676,132,103,151
2026-07-24T18:04:36Z,35.1588098,-106.7252181,1620.4,2715.4,9.555,131,103,155
2026-07-24T18:04:37Z,35.1587379,-106.7251617,1620.2,2725.4,10.012,131,103,153
2026-07-24T18:04:38Z,35.1586658,-106.7251045,1620.2,2735.2,9.741,131,103,158
2026-07-24T18:04:39Z,35.1585941,-106.7250475,1620.2,2745.0,9.788,131,103,141
2026-07-24T18:04:40Z,35.1585211,-106.7249881,1620.2,2755.0,10.058,131,104,141
2026-07-24T18:04:41Z,35.1584485,-106.7249265,1620.4,2765.4,10.394,131,107,132
2026-07-24T18:04:42Z,35.1583753,-106.7248612,1620.4,2776.0,10.544,132,109,126
2026-07-24T18:04:43Z,35.1583016,-106.7247907,1620.4,2786.5,10.544,132,111,96
2026-07-24T18:04:44Z,35.1582286,-106.7247185,1620.4,2797.2,10.712,132,113,98
2026-07-24T18:04:45Z,35.1581542,-106.7246432,1620.4,2808.3,11.020,132,115,71
2026-07-24T18:04:46Z,35.1580794,-106.7245652,1620.4,2819.4,11.187,131,110,64
2026-07-24T18:04:47Z,35.1580050,-106.7244846,1620.4,2830.8,11.421,131,107,98
2026-07-24T18:04:48Z,35.1579322,-106.7243977,1620.2,2842.4,11.598,131,109,87
2026-07-24T18:04:49Z,35.1578608,-106.7243065,1620.2,2854.1,11.663,131,110,78
2026-07-24T18:04:50Z,35.1577903,-106.7242127,1620.0,2865.7,11.635,131,111,75
2026-07-24T18:04:51Z,35.1577180,-106.7241161,1619.6,2878.1,12.391,131,73,0
2026-07-24T18:04:52Z,35.1576470,-106.7240199,1619.4,2890.2,12.083,131,67,0
2026-07-24T18:04:53Z,35.1575765,-106.7239181,1619.2,2902.5,12.317,131,67,0
2026-07-24T18:04:54Z,35.1575105,-106.7238095,1619.0,2914.9,12.391,131,67,0
2026-07-24T18:04:55Z,35.1574465,-106.7236999,1618.6,2927.6,12.671,131,0,0
2026-07-24T18:04:56Z,35.1573830,-106.7235868,1618.4,2940.4,12.820,130,0,0
2026-07-24T18:04:57Z,35.1573199,-106.7234694,1618.2,2953.5,13.054,129,0,0
2026-07-24T18:04:58Z,35.1572590,-106.7233492,1617.4,2966.8,13.287,128,0,0
2026-07-24T18:04:59Z,35.1571986,-106.7232254,1617.0,2980.3,13.455,127,0,0
2026-07-24T18:05:00Z,35.1571371,-106.7230995,1616.2,2994.2,13.968,126,0,0
2026-07-24T18:05:01Z,35.1570794,-106.7229680,1616.0,3008.2,14.052,126,0,0
2026-07-24T18:05:02Z,35.1570290,-106.7228284,1615.4,3022.7,14.472,124,0,0
2026-07-24T18:05:03Z,35.1569781,-106.7226862,1615.2,3037.8,15.125,123,0,0
2026-07-24T18:05:04Z,35.1569211,-106.7225428,1614.6,3052.9,15.125,122,0,0
2026-07-24T18:05:05Z,35.1568620,-106.7223985,1614.0,3068.5,15.554,121,0,0
2026-07-24T18:05:06Z,35.1568023,-106.7222489,1613.0,3084.0,15.470,120,0,0
2026-07-24T18:05:07Z,35.1567389,-106.7220953,1612.4,3099.9,15.890,120,0,0
2026-07-24T18:05:08Z,35.1566768,-106.7219401,1612.0,3115.9,16.086,119,0,0
2026-07-24T18:05:09Z,35.1566168,-106.7217807,1611.2,3132.3,16.329,116,0,0
2026-07-24T18:05:10Z,35.1565543,-106.7216194,1610.6,3148.7,16.385,116,0,0
2026-07-24T18:05:11Z,35.1564872,-106.7214577,1609.4,3165.2,16.571,114,0,0
2026-07-24T18:05:12Z,35.1564149,-106.7212997,1608.8,3181.9,16.637,112,0,0
2026-07-24T18:05:13Z,35.1563357,-106.7211440,1607.4,3198.6,16.767,111,0,0
2026-07-24T18:05:14Z,35.1562530,-106.7209880,1606.4,3215.4,16.805,111,0,0
2026-07-24T18:05:15Z,35.1561678,-106.7208327,1606.0,3232.2,16.795,110,0,0
2026-07-24T18:05:16Z,35.1560767,-106.7206859,1604.6,3249.2,16.963,108,0,0
2026-07-24T18:05:17Z,35.1559810,-106.7205438,1604.0,3266.2,17.029,108,0,0
2026-07-24T18:05:18Z,35.1558833,-106.7203992,1603.0,3283.3,17.112,108,0,0
2026-07-24T18:05:19Z,35.1557809,-106.7202595,1602.2,3300.5,17.159,106,0,0
2026-07-24T18:05:20Z,35.1556711,-106.7201292,1600.8,3317.8,17.299,105,0,0
2026-07-24T18:05:21Z,35.1555577,-106.7200008,1599.2,3335.4,17.504,105,0,0
2026-07-24T18:05:22Z,35.1554412,-106.7198719,1598.4,3353.0,17.719,105,0,0
2026-07-24T18:05:23Z,35.1553218,-106.7197458,1597.0,3370.7,17.644,105,0,0
2026-07-24T18:05:24Z,35.1551987,-106.7196240,1596.6,3388.1,17.364,106,0,0
2026-07-24T18:05:25Z,35.1550728,-106.7195061,1595.6,3405.4,17.364,106,0,0
2026-07-24T18:05:26Z,35.1549441,-106.7193958,1594.8,3422.8,17.364,106,0,0
2026-07-24T18:05:27Z,35.1548112,-106.7192963,1594.0,3440.0,17.224,106,0,0
2026-07-24T18:05:28Z,35.1546750,-106.7192014,1592.6,3457.1,17.094,106,0,0
2026-07-24T18:05:29Z,35.1545396,-106.7191086,1592.0,3473.7,16.637,105,0,0
2026-07-24T18:05:30Z,35.1544039,-106.7190174,1590.6,3490.3,16.571,106,0,0
2026-07-24T18:05:31Z,35.1542678,-106.7189303,1590.2,3507.3,16.963,106,0,0
2026-07-24T18:05:32Z,35.1541316,-106.7188401,1589.6,3524.2,16.982,106,0,0
2026-07-24T18:05:33Z,35.1539979,-106.7187507,1589.0,3541.0,16.767,105,0,0
2026-07-24T18:05:34Z,35.1538645,-106.7186597,1587.6,3557.3,16.282,105,0,0
2026-07-24T18:05:35Z,35.1537353,-106.7185664,1587.0,3573.0,15.732,105,0,0
2026-07-24T18:05:36Z,35.1536138,-106.7184693,1585.4,3588.8,15.797,105,0,0
2026-07-24T18:05:37Z,35.1534997,-106.7183627,1584.4,3604.4,15.620,106,0,0
2026-07-24T18:05:38Z,35.1533962,-106.7182458,1583.4,3619.5,15.032,106,0,0
2026-07-24T18:05:39Z,35.1532986,-106.7181273,1582.0,3634.2,14.780,106,0,0
2026-07-24T18:05:40Z,35.1532014,-106.7180136,1581.4,3648.5,14.304,106,0,0
2026-07-24T18:05:41Z,35.1531033,-106.7179097,1580.6,3662.2,13.623,106,0,0
2026-07-24T18:05:42Z,35.1530024,-106.7178155,1580.0,3675.1,12.970,106,0,0
2026-07-24T18:05:43Z,35.1529024,-106.7177346,1579.2,3687.1,11.943,107,0,0
2026-07-24T18:05:44Z,35.1528061,-106.7176633,1578.6,3697.4,10.376,109,0,0
2026-07-24T18:05:45Z,35.1527205,-106.7175999,1578.6,3705.7,8.248,109,0,0
2026-07-24T18:05:46Z,35.1526485,-106.7175496,1578.2,3713.0,7.334,109,0,0
2026-07-24T18:05:47Z,35.1525884,-106.7175107,1578.0,3718.9,5.841,108,0,0
2026-07-24T18:05:48Z,35.1525379,-106.7174795,1578.0,3724.2,5.365,108,0,0
2026-07-24T18:05:49Z,35.1524949,-106.7174511,1578.0,3728.8,4.525,108,0,0
2026-07-24T18:05:50Z,35.1524612,-106.7174294,1578.0,3732.6,3.863,107,0,0
2026-07-24T18:05:51Z,35.1524334,-106.7174118,1578.0,3736.1,3.434,107,0,0
2026-07-24T18:05:52Z,35.1524081,-106.7173953,1578.0,3739.0,2.893,107,0,0
2026-07-24T18:05:53Z,35.1523874,-106.7173832,1578.0,3741.5,2.547,107,0,0
2026-07-24T18:05:54Z,35.1523735,-106.7173730,1578.0,3743.5,1.959,107,0,0
2026-07-24T18:05:55Z,35.1523676,-106.7173689,1578.0,3745.4,1.959,107,0,0
2026-07-24T18:05:56Z,35.1523676,-106.7173689,1578.0,3745.4,0.000,109,0,0
2026-07-24T18:05:57Z,35.1523676,-106.7173689,1578.2,3745.4,0.000,110,0,0
2026-07-24T18:05:58Z,35.1523676,-106.7173689,1578.2,3745.4,0.000,110,0,0
2026-07-24T18:05:59Z,35.1523676,-106.7173689,1578.2,3745.4,0.000,110,0,0
2026-07-24T18:06:00Z,35.1523676,-106.7173689,1578.2,3745.4,0.000,110,0,0
2026-07-24T18:06:01Z,35.1523676,-106.7173689,1578.2,3745.4,0.000,110,0,0
2026-07-24T18:06:02Z,35.1523676,-106.7173689,1578.2,3745.4,0.000,108,0,0
2026-07-24T18:06:03Z,35.1523676,-106.7173689,1578.2,3745.4,0.000,107,0,0
2026-07-24T18:06:04Z,35.1523676,-106.7173689,1578.2,3745.4,0.000,105,0,0
2026-07-24T18:06:05Z,35.1523676,-106.7173689,1578.2,3745.4,0.000,105,0,0
2026-07-24T18:06:06Z,35.1523676,-106.7173689,1578.2,3745.4,0.000,104,0,0
2026-07-24T18:06:07Z,35.1523676,-106.7173689,1578.2,3745.4,0.000,103,0,0
2026-07-24T18:06:08Z,35.1523676,-106.7173689,1578.2,3745.4,0.000,103,0,0
2026-07-24T18:06:09Z,35.1523676,-106.7173689,1578.2,3745.4,0.000,102,0,0
2026-07-24T18:06:10Z,35.1523676,-106.7173689,1578.2,3745.4,0.000,101,0,0
2026-07-24T18:06:11Z,35.1523676,-106.7173689,1578.2,3745.4,0.000,101,0,0
2026-07-24T18:06:12Z,35.1523676,-106.7173689,1578.2,3745.4,0.000,101,0,0
2026-07-24T18:06:13Z,35.1523676,-106.7173689,1578.2,3745.4,0.000,101,0,0
2026-07-24T18:06:14Z,35.1523676,-106.7173689,1578.2,3745.4,0.000,102,0,0
2026-07-24T18:06:15Z,35.1523676,-106.7173689,1578.2,3745.4,0.000,102,0,0
2026-07-24T18:06:16Z,35.1523676,-106.7173689,1578.2,3745.4,0.000,101,0,0
2026-07-24T18:06:17Z,35.1523676,-106.7173689,1578.2,3745.4,0.000,101,0,0
2026-07-24T18:06:18Z,35.1523676,-106.7173689,1578.2,3745.4,0.000,100,0,0
2026-07-24T18:06:19Z,35.1523676,-106.7173689,1578.2,3745.4,0.000,100,0,0
2026-07-24T18:06:20Z,35.1523676,-106.7173689,1578.2,3745.4,0.000,99,0,0
2026-07-24T18:06:21Z,35.1523676,-106.7173689,1578.2,3745.4,0.000,100,0,0
2026-07-24T18:06:22Z,35.1523676,-106.7173689,1578.2,3745.4,0.000,100,0,0
2026-07-24T18:06:23Z,35.1523676,-106.7173689,1578.2,3745.4,0.000,101,0,0
2026-07-24T18:06:24Z,35.1523676,-106.7173689,1578.2,3745.4,0.000,103,0,0
2026-07-24T18:06:25Z,35.1523676,-106.7173689,1578.2,3745.4,0.000,103,0,0
2026-07-24T18:06:26Z,35.1523676,-106.7173689,1578.2,3745.4,0.000,103,0,0
2026-07-24T18:06:27Z,35.1523676,-106.7173689,1578.2,3745.4,0.000,103,0,0
2026-07-24T18:06:28Z,35.1523676,-106.7173689,1578.2,3745.4,0.000,103,0,0
2026-07-24T18:06:29Z,35.1523676,-106.7173689,1578.2,3745.4,0.000,103,0,0
2026-07-24T18:06:30Z,35.1523676,-106.7173689,1578.2,3745.4,0.000,102,0,0
2026-07-24T18:06:31Z,35.1523676,-106.7173689,1578.2,3745.4,0.000,102,0,0
2026-07-24T18:06:32Z,35.1523676,-106.7173689,1578.2,3745.4,0.000,102,0,0
2026-07-24T18:06:33Z,35.1523676,-106.7173689,1578.2,3745.4,0.000,101,0,0
2026-07-24T18:06:34Z,35.1523676,-106.7173689,1578.2,3745.4,0.000,100,0,0
2026-07-24T18:06:35Z,35.1523676,-106.7173689,1578.2,3745.4,0.000,100,0,0
2026-07-24T18:06:36Z,35.1523676,-106.7173689,1578.2,3745.4,0.000,99,0,0
2026-07-24T18:06:37Z,35.1523676,-106.7173689,1578.2,3745.4,0.000,99,0,0
2026-07-24T18:06:38Z,35.1523676,-106.7173689,1578.2,3745.4,0.000,99,0,0
2026-07-24T18:06:39Z,35.1523676,-106.7173689,1578.0,3745.4,0.000,100,0,0
2026-07-24T18:06:40Z,35.1523676,-106.7173689,1578.0,3745.4,0.000,101,0,0
2026-07-24T18:06:41Z,35.1523676,-106.7173689,1578.0,3745.4,0.000,101,0,0
2026-07-24T18:06:42Z,35.1523676,-106.7173689,1578.0,3745.4,0.000,100,0,0
2026-07-24T18:06:43Z,35.1523676,-106.7173689,1578.0,3745.4,0.000,98,0,0
2026-07-24T18:06:44Z,35.1523676,-106.7173689,1578.0,3745.4,0.000,97,0,0
2026-07-24T18:06:45Z,35.1523676,-106.7173689,1578.0,3745.4,0.000,96,0,0
2026-07-24T18:06:46Z,35.1523676,-106.7173689,1577.8,3745.4,0.000,95,0,0
2026-07-24T18:06:47Z,35.1523676,-106.7173689,1577.8,3745.4,0.000,95,0,0
2026-07-24T18:06:48Z,35.1523676,-106.7173689,1577.8,3745.4,0.000,95,0,0
2026-07-24T18:06:49Z,35.1523676,-106.7173689,1577.8,3745.4,0.000,95,0,0
2026-07-24T18:06:50Z,35.1523676,-106.7173689,1577.8,3745.4,0.000,96,0,0
2026-07-24T18:06:51Z,35.1523676,-106.7173689,1577.8,3745.4,0.000,96,0,0
2026-07-24T18:06:52Z,35.1523676,-106.7173689,1577.8,3745.4,0.000,97,0,0
2026-07-24T18:06:53Z,35.1523676,-106.7173689,1578.0,3745.4,0.000,98,0,0
2026-07-24T18:06:54Z,35.1523676,-106.7173689,1578.0,3745.4,0.000,98,0,0
2026-07-24T18:06:55Z,35.1523676,-106.7173689,1578.0,3745.4,0.000,97,0,0
2026-07-24T18:06:56Z,35.1523676,-106.7173689,1578.0,3745.4,0.000,97,0,0
2026-07-24T18:06:57Z,35.1523659,-106.7173676,1578.2,3748.1,2.706,98,0,0
2026-07-24T18:06:58Z,35.1523458,-106.7173455,1578.2,3751.1,3.014,101,0,0
2026-07-24T18:06:59Z,35.1523234,-106.7173184,1578.2,3755.0,3.854,102,0,0
2026-07-24T18:07:00Z,35.1522998,-106.7172829,1578.2,3760.0,5.029,106,13,0
2026-07-24T18:07:01Z,35.1522792,-106.7172362,1578.2,3765.5,5.468,109,56,379
2026-07-24T18:07:02Z,35.1522625,-106.7171790,1578.2,3771.4,5.906,110,66,386
2026-07-24T18:07:03Z,35.1522498,-106.7171169,1578.2,3777.4,5.981,112,71,301
2026-07-24T18:07:04Z,35.1522473,-106.7170511,1578.2,3783.4,6.046,114,71,280
2026-07-24T18:07:05Z,35.1522592,-106.7169846,1578.4,3789.7,6.298,116,74,280
2026-07-24T18:07:06Z,35.1522819,-106.7169231,1578.2,3795.6,5.869,116,74,27
2026-07-24T18:07:07Z,35.1523091,-106.7168680,1578.4,3801.4,5.860,120,22,27
2026-07-24T18:07:08Z,35.1523355,-106.7168119,1578.4,3807.7,6.261,121,70,424
2026-07-24T18:07:09Z,35.1523625,-106.7167519,1578.6,3814.4,6.643,122,74,466
2026-07-24T18:07:10Z,35.1523885,-106.7166888,1578.6,3821.1,6.699,123,78,417
2026-07-24T18:07:11Z,35.1524145,-106.7166234,1578.8,3827.9,6.877,124,81,394
2026-07-24T18:07:12Z,35.1524423,-106.7165561,1578.8,3834.9,6.933,124,81,367
2026-07-24T18:07:13Z,35.1524680,-106.7164871,1578.8,3841.8,6.914,125,83,367
2026-07-24T18:07:14Z,35.1524947,-106.7164159,1579.0,3848.8,7.026,125,83,358
2026-07-24T18:07:15Z,35.1525204,-106.7163436,1579.2,3855.7,6.877,126,83,357
2026-07-24T18:07:16Z,35.1525422,-106.7162696,1579.4,3862.8,7.101,127,83,338
2026-07-24T18:07:17Z,35.1525643,-106.7161960,1579.6,3869.8,7.054,127,84,312
2026-07-24T18:07:18Z,35.1525857,-106.7161228,1579.8,3877.0,7.138,128,84,284
2026-07-24T18:07:19Z,35.1526042,-106.7160479,1579.8,3884.3,7.362,129,85,254
2026-07-24T18:07:20Z,35.1526217,-106.7159712,1580.0,3891.7,7.371,129,85,234
2026-07-24T18:07:21Z,35.1526383,-106.7158929,1580.0,3899.1,7.343,131,87,234
2026-07-24T18:07:22Z,35.1526538,-106.7158140,1580.0,3906.5,7.427,131,87,232
2026-07-24T18:07:23Z,35.1526671,-106.7157348,1580.0,3914.0,7.539,132,88,209
2026-07-24T18:07:24Z,35.1526795,-106.7156552,1580.2,3921.6,7.539,133,89,182
2026-07-24T18:07:25Z,35.1526913,-106.7155732,1580.4,3929.3,7.782,134,90,202
2026-07-24T18:07:26Z,35.1526990,-106.7155060,1580.4,3937.0,7.698,135,91,175
2026-07-24T18:07:27Z,35.1527117,-106.7154054,1580.6,3945.0,7.950,136,91,139
2026-07-24T18:07:28Z,35.1527200,-106.7153211,1580.6,3953.1,8.164,136,92,139
2026-07-24T18:07:29Z,35.1527264,-106.7152343,1580.6,3961.1,8.006,138,93,132
2026-07-24T18:07:30Z,35.1527308,-106.7151468,1580.6,3969.0,7.866,138,94,127
2026-07-24T18:07:31Z,35.1527326,-106.7150595,1580.6,3977.2,8.164,139,94,127
2026-07-24T18:07:32Z,35.1527336,-106.7149704,1580.6,3985.3,8.164,139,96,127
2026-07-24T18:07:33Z,35.1527344,-106.7148798,1580.6,3993.7,8.379,139,98,105
2026-07-24T18:07:34Z,35.1527353,-106.7147889,1580.6,4002.3,8.612,140,99,85
2026-07-24T18:07:35Z,35.1527358,-106.7146949,1580.6,4010.9,8.547,139,101,67
2026-07-24T18:07:36Z,35.1527358,-106.7146001,1580.6,4019.6,8.668,139,105,5
2026-07-24T18:07:37Z,35.1527345,-106.7145038,1580.6,4028.3,8.790,139,99,0
2026-07-24T18:07:38Z,35.1527343,-106.7144074,1580.6,4037.3,8.911,139,92,0
2026-07-24T18:07:39Z,35.1527340,-106.7143088,1580.4,4046.6,9.349,139,88,0
2026-07-24T18:07:40Z,35.1527334,-106.7142099,1580.4,4055.8,9.191,139,85,0
2026-07-24T18:07:41Z,35.1527337,-106.7141089,1580.4,4065.5,9.685,139,85,0
2026-07-24T18:07:42Z,35.1527340,-106.7140060,1580.2,4075.1,9.601,139,88,0
2026-07-24T18:07:43Z,35.1527338,-106.7139001,1580.0,4084.9,9.816,139,89,0
2026-07-24T18:07:44Z,35.1527340,-106.7137931,1579.6,4094.8,9.863,139,94,0
2026-07-24T18:07:45Z,35.1527329,-106.7136861,1579.4,4104.9,10.170,138,97,0
2026-07-24T18:07:46Z,35.1527330,-106.7135771,1579.2,4115.1,10.180,138,97,2
2026-07-24T18:07:47Z,35.1527329,-106.7134656,1579.2,4125.2,10.124,137,98,0
2026-07-24T18:07:48Z,35.1527319,-106.7133529,1578.8,4135.7,10.469,137,95,0
2026-07-24T18:07:49Z,35.1527330,-106.7132386,1578.6,4146.1,10.366,137,95,0
2026-07-24T18:07:50Z,35.1527337,-106.7131232,1578.2,4156.8,10.693,136,95,0
2026-07-24T18:07:51Z,35.1527338,-106.7130056,1577.8,4167.3,10.572,136,90,3
2026-07-24T18:07:52Z,35.1527353,-106.7128897,1577.6,4178.0,10.674,135,90,87
2026-07-24T18:07:53Z,35.1527352,-106.7127724,1577.2,4189.0,10.992,135,91,93
2026-07-24T18:07:54Z,35.1527315,-106.7126509,1576.6,4199.9,10.936,135,92,82
2026-07-24T18:07:55Z,35.1527296,-106.7125295,1576.0,4210.8,10.889,135,93,117
2026-07-24T18:07:56Z,35.1527291,-106.7124086,1575.8,4222.0,11.122,133,93,120
2026-07-24T18:07:57Z,35.1527283,-106.7122883,1575.4,4232.6,10.712,133,92,135
2026-07-24T18:07:58Z,35.1527278,-106.7121678,1574.8,4243.5,10.768,133,92,150
2026-07-24T18:07:59Z,35.1527260,-106.7120483,1574.6,4253.9,10.478,132,90,153
2026-07-24T18:08:00Z,35.1527256,-106.7119311,1574.4,4264.6,10.637,131,89,157
2026-07-24T18:08:01Z,35.1527253,-106.7118148,1574.2,4275.0,10.478,131,89,180
2026-07-24T18:08:02Z,35.1527257,-106.7116998,1574.0,4285.5,10.478,130,88,212
2026-07-24T18:08:03Z,35.1527269,-106.7115861,1574.0,4295.8,10.329,131,88,195
2026-07-24T18:08:04Z,35.1527270,-106.7114735,1573.6,4306.2,10.385,130,88,190
2026-07-24T18:08:05Z,35.1527268,-106.7113599,1573.4,4316.6,10.432,130,88,185
2026-07-24T18:08:06Z,35.1527274,-106.7112454,1573.2,4327.0,10.310,130,88,186
2026-07-24T18:08:07Z,35.1527290,-106.7111299,1573.2,4337.2,10.236,130,88,193
2026-07-24T18:08:08Z,35.1527286,-106.7110127,1573.2,4347.5,10.320,130,88,189
2026-07-24T18:08:09Z,35.1527280,-106.7108983,1573.2,4357.8,10.310,130,88,189
2026-07-24T18:08:10Z,35.1527289,-106.7107843,1573.2,4368.4,10.609,131,88,192
2026-07-24T18:08:11Z,35.1527301,-106.7106719,1573.2,4379.0,10.609,131,88,198
2026-07-24T18:08:12Z,35.1527314,-106.7105580,1573.2,4389.6,10.609,132,88,198
2026-07-24T18:08:13Z,35.1527307,-106.7104442,1573.2,4400.1,10.460,132,88,193
2026-07-24T18:08:14Z,35.1527309,-106.7103289,1573.2,4410.6,10.506,132,88,184
2026-07-24T18:08:15Z,35.1527307,-106.7102143,1573.2,4421.3,10.609,133,89,172
2026-07-24T18:08:16Z,35.1527292,-106.7101006,1573.2,4431.5,10.264,133,89,177
2026-07-24T18:08:17Z,35.1527276,-106.7099842,1573.2,4441.7,10.208,133,89,201
2026-07-24T18:08:18Z,35.1527268,-106.7098685,1573.0,4452.2,10.506,133,88,191
2026-07-24T18:08:19Z,35.1527266,-106.7097544,1573.0,4462.5,10.310,134,88,198
2026-07-24T18:08:20Z,35.1527272,-106.7096427,1572.8,4472.5,10.021,133,87,203
2026-07-24T18:08:21Z,35.1527280,-106.7095310,1572.4,4482.6,10.068,134,86,199
2026-07-24T18:08:22Z,35.1527284,-106.7094199,1572.4,4492.5,9.881,134,85,193
2026-07-24T18:08:23Z,35.1527271,-106.7093108,1572.0,4502.4,9.881,134,84,192
2026-07-24T18:08:24Z,35.1527266,-106.7092014,1572.0,4512.4,10.049,134,84,211
2026-07-24T18:08:25Z,35.1527259,-106.7090912,1571.8,4522.2,9.797,134,84,211
2026-07-24T18:08:26Z,35.1527255,-106.7089813,1571.6,4532.2,9.975,134,84,206
2026-07-24T18:08:27Z,35.1527248,-106.7088723,1571.6,4542.2,9.975,134,84,223
2026-07-24T18:08:28Z,35.1527247,-106.7087647,1571.4,4552.4,10.264,133,84,211
2026-07-24T18:08:29Z,35.1527236,-106.7086564,1571.4,4562.6,10.208,134,85,217
2026-07-24T18:08:30Z,35.1527236,-106.7085466,1571.4,4572.6,9.956,133,85,201
2026-07-24T18:08:31Z,35.1527236,-106.7084358,1571.4,4582.8,10.180,134,85,197
2026-07-24T18:08:32Z,35.1527237,-106.7083253,1571.4,4592.8,10.021,134,86,201
2026-07-24T18:08:33Z,35.1527240,-106.7082146,1571.4,4602.8,9.975,134,86,206
2026-07-24T18:08:34Z,35.1527242,-106.7081037,1571.4,4612.8,10.021,134,86,206
2026-07-24T18:08:35Z,35.1527236,-106.7079920,1571.4,4623.0,10.226,134,86,210
2026-07-24T18:08:36Z,35.1527242,-106.7078798,1571.4,4633.2,10.236,134,87,210
2026-07-24T18:08:37Z,35.1527246,-106.7077679,1571.4,4643.5,10.264,134,87,194
2026-07-24T18:08:38Z,35.1527226,-106.7076569,1571.4,4653.5,10.021,134,87,192
2026-07-24T18:08:39Z,35.1527215,-106.7075463,1571.4,4663.6,10.068,135,87,206
2026-07-24T18:08:40Z,35.1527216,-106.7074337,1571.4,4673.9,10.264,135,87,206
2026-07-24T18:08:41Z,35.1527225,-106.7073215,1571.2,4684.0,10.170,135,87,203
2026-07-24T18:08:42Z,35.1527221,-106.7072089,1571.0,4694.1,10.030,135,87,213
2026-07-24T18:08:43Z,35.1527218,-106.7070966,1570.8,4704.2,10.124,135,86,216
2026-07-24T18:08:44Z,35.1527215,-106.7069839,1570.6,4714.3,10.124,136,86,214
2026-07-24T18:08:45Z,35.1527202,-106.7068718,1570.6,4724.4,10.124,135,86,210
2026-07-24T18:08:46Z,35.1527198,-106.7067591,1570.6,4734.6,10.217,136,86,198
2026-07-24T18:08:47Z,35.1527191,-106.7066476,1570.6,4744.7,10.058,136,86,206
2026-07-24T18:08:48Z,35.1527182,-106.7065372,1570.4,4754.7,9.965,136,85,200
2026-07-24T18:08:49Z,35.1527187,-106.7064272,1570.4,4764.5,9.844,136,84,199
2026-07-24T18:08:50Z,35.1527213,-106.7063176,1570.2,4774.1,9.629,136,83,187
2026-07-24T18:08:51Z,35.1527240,-106.7062091,1570.2,4784.0,9.844,136,83,195
2026-07-24T18:08:52Z,35.1527252,-106.7061010,1570.2,4793.6,9.583,136,83,188
2026-07-24T18:08:53Z,35.1527251,-106.7059941,1570.2,4803.2,9.620,136,82,185
2026-07-24T18:08:54Z,35.1527242,-106.7058861,1570.2,4813.0,9.797,136,82,189
2026-07-24T18:08:55Z,35.1527240,-106.7057798,1570.0,4822.7,9.685,136,82,189
2026-07-24T18:08:56Z,35.1527236,-106.7056737,1570.0,4832.0,9.331,136,82,189
2026-07-24T18:08:57Z,35.1527230,-106.7055677,1569.8,4841.5,9.499,136,81,269
2026-07-24T18:08:58Z,35.1527200,-106.7054624,1569.8,4851.0,9.508,136,81,216
2026-07-24T18:08:59Z,35.1527176,-106.7053582,1569.8,4860.6,9.583,136,80,203
2026-07-24T18:09:00Z,35.1527162,-106.7052539,1569.6,4870.0,9.424,137,80,210
2026-07-24T18:09:01Z,35.1527157,-106.7051494,1569.4,4879.4,9.377,136,80,213
2026-07-24T18:09:02Z,35.1527138,-106.7050448,1569.4,4889.0,9.583,137,80,204
2026-07-24T18:09:03Z,35.1527119,-106.7049393,1569.2,4898.6,9.620,137,80,204
2026-07-24T18:09:04Z,35.1527091,-106.7048345,1569.2,4908.3,9.685,137,81,210
2026-07-24T18:09:05Z,35.1527045,-106.7047299,1569.2,4918.2,9.881,137,82,201
2026-07-24T18:09:06Z,35.1526974,-106.7046250,1569.0,4927.9,9.751,137,82,195
2026-07-24T18:09:07Z,35.1526914,-106.7045195,1569.0,4937.8,9.835,137,83,192
2026-07-24T18:09:08Z,35.1526856,-106.7044125,1568.8,4947.5,9.769,137,83,192
2026-07-24T18:09:09Z,35.1526795,-106.7043042,1568.8,4957.3,9.788,137,83,196
2026-07-24T18:09:10Z,35.1526704,-106.7041956,1568.6,4967.1,9.835,137,84,197
2026-07-24T18:09:11Z,35.1526609,-106.7040866,1568.8,4977.1,9.984,137,84,198
2026-07-24T18:09:12Z,35.1526517,-106.7039778,1568.8,4987.2,10.068,137,84,209
2026-07-24T18:09:13Z,35.1526428,-106.7038683,1568.6,4997.4,10.208,137,85,209
2026-07-24T18:09:14Z,35.1526335,-106.7037574,1568.6,5007.7,10.329,138,86,209
2026-07-24T18:09:15Z,35.1526212,-106.7036467,1568.6,5018.2,10.506,137,87,203
2026-07-24T18:09:16Z,35.1526066,-106.7035338,1568.6,5028.7,10.422,138,88,231
2026-07-24T18:09:17Z,35.1525916,-106.7034210,1568.4,5039.0,10.348,138,88,215
2026-07-24T18:09:18Z,35.1525781,-106.7033074,1568.4,5049.6,10.609,139,88,214
2026-07-24T18:09:19Z,35.1525674,-106.7031925,1568.4,5060.0,10.404,139,88,240
2026-07-24T18:09:20Z,35.1525548,-106.7030783,1568.2,5070.6,10.553,139,88,226
2026-07-24T18:09:21Z,35.1525420,-106.7029646,1568.2,5081.2,10.656,139,88,209
2026-07-24T18:09:22Z,35.1525271,-106.7028516,1568.0,5091.6,10.404,139,88,214
2026-07-24T18:09:23Z,35.1525133,-106.7027388,1567.8,5102.1,10.478,140,88,197
2026-07-24T18:09:24Z,35.1525009,-106.7026253,1567.8,5112.5,10.348,140,88,200
2026-07-24T18:09:25Z,35.1524910,-106.7025117,1567.8,5122.8,10.301,140,88,197
2026-07-24T18:09:26Z,35.1524826,-106.7023986,1567.8,5133.2,10.488,141,88,193
2026-07-24T18:09:27Z,35.1524752,-106.7022844,1567.8,5143.5,10.273,141,87,190
2026-07-24T18:09:28Z,35.1524689,-106.7021706,1567.8,5153.9,10.329,141,87,193
2026-07-24T18:09:29Z,35.1524631,-106.7020578,1567.6,5164.0,10.198,141,87,194
2026-07-24T18:09:30Z,35.1524589,-106.7019443,1567.6,5174.2,10.170,141,87,190
2026-07-24T18:09:31Z,35.1524552,-106.7018323,1567.6,5184.1,9.825,141,86,198
2026-07-24T18:09:32Z,35.1524522,-106.7017218,1567.6,5194.0,9.937,141,85,201
2026-07-24T18:09:33Z,35.1524493,-106.7016140,1567.6,5204.0,10.012,141,84,195
2026-07-24T18:09:34Z,35.1524453,-106.7015077,1567.6,5213.6,9.611,141,83,205
2026-07-24T18:09:35Z,35.1524424,-106.7013999,1567.6,5223.3,9.695,141,83,194
2026-07-24T18:09:36Z,35.1524405,-106.7012929,1567.4,5233.0,9.741,142,82,199
2026-07-24T18:09:37Z,35.1524382,-106.7011871,1567.2,5242.9,9.835,141,82,207
2026-07-24T18:09:38Z,35.1524379,-106.7010813,1567.0,5252.8,9.881,141,82,192
2026-07-24T18:09:39Z,35.1524377,-106.7009744,1566.8,5262.4,9.573,141,82,191
2026-07-24T18:09:40Z,35.1524359,-106.7008680,1566.6,5272.0,9.704,141,82,191
2026-07-24T18:09:41Z,35.1524359,-106.7007619,1566.2,5281.8,9.788,141,82,184
2026-07-24T18:09:42Z,35.1524351,-106.7006552,1566.2,5291.4,9.620,141,82,172
2026-07-24T18:09:43Z,35.1524339,-106.7005486,1566.0,5301.1,9.657,140,83,162
2026-07-24T18:09:44Z,35.1524324,-106.7004413,1566.0,5311.1,9.993,140,83,174
2026-07-24T18:09:45Z,35.1524325,-106.7003348,1565.8,5321.2,10.114,140,83,178
2026-07-24T18:09:46Z,35.1524325,-106.7002278,1565.8,5331.3,10.068,140,84,182
2026-07-24T18:09:47Z,35.1524318,-106.7001184,1565.8,5341.6,10.348,140,85,167
2026-07-24T18:09:48Z,35.1524319,-106.7000081,1565.8,5351.8,10.161,140,86,169
2026-07-24T18:09:49Z,35.1524318,-106.6998961,1565.8,5362.0,10.245,140,87,181
2026-07-24T18:09:50Z,35.1524320,-106.6997823,1565.8,5372.5,10.460,140,89,157
2026-07-24T18:09:51Z,35.1524321,-106.6996666,1565.8,5383.2,10.665,139,89,155
2026-07-24T18:09:52Z,35.1524320,-106.6995502,1565.6,5394.1,10.982,140,91,159
2026-07-24T18:09:53Z,35.1524315,-106.6994321,1565.6,5405.4,11.150,140,93,155
2026-07-24T18:09:54Z,35.1524325,-106.6993120,1565.4,5416.6,11.327,140,94,154
2026-07-24T18:09:55Z,35.1524342,-106.6991897,1565.4,5427.6,11.038,139,95,145
2026-07-24T18:09:56Z,35.1524356,-106.6990663,1565.4,5439.1,11.383,140,95,143
2026-07-24T18:09:57Z,35.1524359,-106.6989419,1565.2,5450.2,11.150,139,95,163
2026-07-24T18:09:58Z,35.1524372,-106.6988167,1565.0,5461.2,10.982,139,94,170
2026-07-24T18:09:59Z,35.1524369,-106.6986938,1564.8,5471.9,10.693,140,92,165
2026-07-24T18:10:00Z,35.1524354,-106.6985738,1564.6,5482.3,10.422,139,91,165
2026-07-24T18:10:01Z,35.1524346,-106.6984563,1564.4,5492.9,10.572,140,90,173
2026-07-24T18:10:02Z,35.1524334,-106.6983393,1564.2,5503.4,10.525,139,89,167
2026-07-24T18:10:03Z,35.1524336,-106.6982231,1564.2,5513.8,10.422,139,88,186
2026-07-24T18:10:04Z,35.1524339,-106.6981087,1564.0,5524.0,10.226,139,88,176
2026-07-24T18:10:05Z,35.1524331,-106.6979968,1564.0,5534.2,10.180,139,88,200
2026-07-24T18:10:06Z,35.1524315,-106.6978844,1564.0,5544.3,10.086,139,86,200
2026-07-24T18:10:07Z,35.1524315,-106.6977722,1564.0,5554.2,9.881,139,85,210
2026-07-24T18:10:08Z,35.1524288,-106.6976615,1563.8,5564.0,9.807,139,85,195
2026-07-24T18:10:09Z,35.1524270,-106.6975527,1563.8,5573.8,9.853,139,84,221
2026-07-24T18:10:10Z,35.1524271,-106.6974455,1563.8,5583.5,9.676,139,84,218
2026-07-24T18:10:11Z,35.1524274,-106.6973375,1563.8,5593.4,9.937,139,83,180
2026-07-24T18:10:12Z,35.1524278,-106.6972320,1563.8,5603.3,9.872,139,82,197
2026-07-24T18:10:13Z,35.1524274,-106.6971258,1563.8,5613.0,9.629,139,81,220
2026-07-24T18:10:14Z,35.1524276,-106.6970204,1563.8,5622.2,9.265,139,80,217
2026-07-24T18:10:15Z,35.1524278,-106.6969174,1564.0,5631.1,8.901,140,80,265
2026-07-24T18:10:16Z,35.1524273,-106.6968160,1564.0,5640.1,9.023,139,77,265
2026-07-24T18:10:17Z,35.1524282,-106.6967161,1564.0,5649.1,9.013,140,76,277
2026-07-24T18:10:18Z,35.1524287,-106.6966178,1563.8,5658.1,8.976,140,79,232
2026-07-24T18:10:19Z,35.1524311,-106.6965201,1563.8,5667.2,9.051,140,96,244
2026-07-24T18:10:20Z,35.1524327,-106.6964228,1563.8,5675.9,8.724,140,95,223
2026-07-24T18:10:21Z,35.1524336,-106.6963248,1563.8,5684.8,8.864,141,95,203
2026-07-24T18:10:22Z,35.1524349,-106.6962266,1563.8,5693.5,8.724,141,94,214
2026-07-24T18:10:23Z,35.1524362,-106.6961296,1563.8,5702.2,8.678,141,93,200
2026-07-24T18:10:24Z,35.1524382,-106.6960359,1563.8,5710.8,8.659,142,92,202
2026-07-24T18:10:25Z,35.1524401,-106.6959419,1563.8,5719.3,8.463,142,92,200
2026-07-24T18:10:26Z,35.1524405,-106.6958466,1563.8,5728.0,8.659,142,91,202
2026-07-24T18:10:27Z,35.1524398,-106.6957537,1564.0,5736.4,8.426,143,91,210
2026-07-24T18:10:28Z,35.1524403,-106.6956607,1564.0,5744.7,8.295,142,90,205
2026-07-24T18:10:29Z,35.1524414,-106.6955688,1564.0,5752.9,8.202,143,89,210
2026-07-24T18:10:30Z,35.1524411,-106.6954767,1564.0,5761.0,8.118,143,88,225
2026-07-24T18:10:31Z,35.1524403,-106.6953866,1564.0,5769.4,8.360,143,88,236
2026-07-24T18:10:32Z,35.1524394,-106.6952975,1564.0,5777.6,8.202,143,88,236
2026-07-24T18:10:33Z,35.1524398,-106.6952078,1564.0,5785.7,8.146,143,87,232
2026-07-24T18:10:34Z,35.1524411,-106.6951183,1564.0,5793.8,8.080,143,87,193
2026-07-24T18:10:35Z,35.1524418,-106.6950291,1564.0,5801.8,7.968,142,87,193
2026-07-24T18:10:36Z,35.1524424,-106.6949410,1564.2,5809.6,7.884,143,85,137
2026-07-24T18:10:37Z,35.1524428,-106.6948527,1564.2,5817.5,7.847,142,84,112
2026-07-24T18:10:38Z,35.1524420,-106.6947675,1564.2,5825.1,7.670,142,83,73
2026-07-24T18:10:39Z,35.1524421,-106.6946835,1564.2,5832.5,7.381,142,83,51
2026-07-24T18:10:40Z,35.1524395,-106.6945991,1564.2,5840.2,7.698,142,83,51
2026-07-24T18:10:41Z,35.1524378,-106.6945167,1564.4,5847.6,7.427,143,94,8
2026-07-24T18:10:42Z,35.1524361,-106.6944354,1564.4,5854.8,7.091,142,75,0
2026-07-24T18:10:43Z,35.1524336,-106.6943556,1564.2,5861.2,6.466,143,75,0
2026-07-24T18:10:44Z,35.1524283,-106.6942821,1564.4,5866.9,5.654,142,62,0
2026-07-24T18:10:45Z,35.1524258,-106.6942196,1564.4,5872.1,5.216,142,62,0
2026-07-24T18:10:46Z,35.1524227,-106.6941617,1564.4,5877.0,4.955,142,62,0
2026-07-24T18:10:47Z,35.1524181,-106.6941096,1564.6,5881.8,4.787,141,0,0
2026-07-24T18:10:48Z,35.1524154,-106.6940614,1564.8,5886.1,4.273,141,0,0
2026-07-24T18:10:49Z,35.1524113,-106.6940184,1564.8,5890.0,3.900,140,0,0
2026-07-24T18:10:50Z,35.1524058,-106.6939806,1564.8,5893.1,3.070,140,0,0
2026-07-24T18:10:51Z,35.1524025,-106.6939508,1564.8,5895.0,1.959,139,0,0
2026-07-24T18:10:52Z,35.1524020,-106.6939359,1564.8,5897.0,1.959,139,0,0
2026-07-24T18:10:53Z,35.1524020,-106.6939359,1565.0,5899.0,1.959,139,0,0
2026-07-24T18:10:54Z,35.1524020,-106.6939359,1565.0,5899.0,0.000,139,0,0
2026-07-24T18:10:55Z,35.1524020,-106.6939359,1565.0,5899.0,0.000,139,0,0
2026-07-24T18:10:56Z,35.1524020,-106.6939359,1565.0,5899.0,0.000,138,0,0
2026-07-24T18:10:57Z,35.1524020,-106.6939359,1565.0,5899.0,0.000,138,0,0
2026-07-24T18:10:58Z,35.1524020,-106.6939359,1565.0,5899.0,0.000,138,0,0
2026-07-24T18:10:59Z,35.1524020,-106.6939359,1564.8,5899.0,0.000,137,0,0
2026-07-24T18:11:00Z,35.1524020,-106.6939359,1564.8,5899.0,0.000,136,0,0
2026-07-24T18:11:01Z,35.1524020,-106.6939359,1564.8,5899.0,0.000,136,0,0
2026-07-24T18:11:02Z,35.1524020,-106.6939359,1564.8,5899.0,0.000,135,0,0
2026-07-24T18:11:03Z,35.1524020,-106.6939359,1564.8,5899.0,0.000,134,0,0
2026-07-24T18:11:04Z,35.1524020,-106.6939359,1565.0,5899.0,0.000,134,0,0
2026-07-24T18:11:05Z,35.1524020,-106.6939359,1565.0,5899.0,0.000,134,0,0
2026-07-24T18:11:06Z,35.1524020,-106.6939359,1564.8,5899.0,0.000,134,0,0
2026-07-24T18:11:07Z,35.1524020,-106.6939359,1564.8,5899.0,0.000,134,0,0
2026-07-24T18:11:08Z,35.1524020,-106.6939359,1564.8,5899.0,0.000,134,0,0
2026-07-24T18:11:09Z,35.1524020,-106.6939359,1564.8,5899.0,0.000,134,0,0
2026-07-24T18:11:10Z,35.1524020,-106.6939359,1564.8,5899.0,0.000,134,0,0
2026-07-24T18:11:11Z,35.1524020,-106.6939359,1564.6,5899.0,0.000,133,0,0
2026-07-24T18:11:12Z,35.1524020,-106.6939359,1564.6,5899.0,0.000,133,0,0
2026-07-24T18:11:13Z,35.1524020,-106.6939359,1564.6,5899.0,0.000,132,0,0
2026-07-24T18:11:14Z,35.1524020,-106.6939359,1564.6,5899.0,0.000,131,0,0
2026-07-24T18:11:15Z,35.1524020,-106.6939359,1564.4,5899.0,0.000,130,0,0
2026-07-24T18:11:16Z,35.1524020,-106.6939359,1564.4,5899.0,0.000,130,0,0
2026-07-24T18:11:17Z,35.1524020,-106.6939359,1564.4,5899.0,0.000,127,0,0
2026-07-24T18:11:18Z,35.1524020,-106.6939359,1564.2,5899.0,0.000,126,0,0
2026-07-24T18:11:19Z,35.1524020,-106.6939359,1564.2,5899.0,0.000,125,0,0
2026-07-24T18:11:20Z,35.1524020,-106.6939359,1564.2,5899.0,0.000,124,0,0
2026-07-24T18:11:21Z,35.1524020,-106.6939359,1564.2,5899.0,0.000,124,0,0
2026-07-24T18:11:22Z,35.1524020,-106.6939359,1564.2,5899.0,0.000,123,0,0
2026-07-24T18:11:23Z,35.1524020,-106.6939359,1564.2,5899.0,0.000,123,0,0
2026-07-24T18:11:24Z,35.1524020,-106.6939359,1564.0,5899.0,0.000,122,0,0
2026-07-24T18:11:25Z,35.1524020,-106.6939359,1564.0,5899.0,0.000,122,0,0
2026-07-24T18:11:26Z,35.1524020,-106.6939359,1564.0,5899.0,0.000,121,0,0
2026-07-24T18:11:27Z,35.1524020,-106.6939359,1564.0,5899.0,0.000,119,0,0
2026-07-24T18:11:28Z,35.1524020,-106.6939359,1563.8,5899.0,0.000,118,0,0
2026-07-24T18:11:29Z,35.1524020,-106.6939359,1563.8,5899.0,0.000,117,0,0
2026-07-24T18:11:30Z,35.1524020,-106.6939359,1563.8,5899.0,0.000,116,0,0
2026-07-24T18:11:31Z,35.1524020,-106.6939359,1563.8,5899.0,0.000,115,0,0
2026-07-24T18:11:32Z,35.1524020,-106.6939359,1563.8,5899.0,0.000,114,0,0
2026-07-24T18:11:33Z,35.1524020,-106.6939359,1563.8,5899.0,0.000,113,0,0
2026-07-24T18:11:34Z,35.1524020,-106.6939359,1563.8,5899.0,0.000,113,0,0
2026-07-24T18:11:35Z,35.1524014,-106.6939314,1563.8,5899.0,0.103,115,0,0
2026-07-24T18:11:36Z,35.1523986,-106.6938950,1563.6,5901.8,2.762,115,0,0
2026-07-24T18:11:37Z,35.1523964,-106.6938563,1563.6,5905.8,3.966,116,17,0
2026-07-24T18:11:38Z,35.1523971,-106.6938076,1563.6,5910.5,4.712,117,55,371
2026-07-24T18:11:39Z,35.1523982,-106.6937510,1563.6,5915.5,5.029,118,67,413
2026-07-24T18:11:40Z,35.1523933,-106.6936867,1563.6,5921.7,6.186,120,77,343
2026-07-24T18:11:41Z,35.1523859,-106.6936156,1563.6,5928.3,6.615,120,82,342
2026-07-24T18:11:42Z,35.1523773,-106.6935389,1563.6,5935.3,6.979,120,86,268
2026-07-24T18:11:43Z,35.1523671,-106.6934600,1563.4,5942.8,7.511,121,89,216
2026-07-24T18:11:44Z,35.1523581,-106.6933758,1563.4,5950.4,7.614,123,93,202
2026-07-24T18:11:45Z,35.1523498,-106.6932943,1563.4,5958.0,7.530,123,96,176
2026-07-24T18:11:46Z,35.1523393,-106.6932114,1563.2,5965.6,7.670,125,98,158
2026-07-24T18:11:47Z,35.1523280,-106.6931285,1563.2,5973.4,7.800,125,100,149
2026-07-24T18:11:48Z,35.1523197,-106.6930428,1563.2,5981.4,8.006,126,100,126
2026-07-24T18:11:49Z,35.1523074,-106.6929583,1563.2,5989.4,7.940,127,102,126
2026-07-24T18:11:50Z,35.1522931,-106.6928709,1563.2,5997.5,8.155,126,103,110
2026-07-24T18:11:51Z,35.1522777,-106.6927831,1563.0,6005.7,8.118,128,104,111
2026-07-24T18:11:52Z,35.1522617,-106.6926958,1563.0,6013.7,8.062,129,104,109
2026-07-24T18:11:53Z,35.1522450,-106.6926100,1563.0,6021.7,8.006,129,105,96
2026-07-24T18:11:54Z,35.1522290,-106.6925224,1563.0,6030.0,8.276,129,106,100
2026-07-24T18:11:55Z,35.1522127,-106.6924366,1563.0,6038.1,8.155,130,105,88
2026-07-24T18:11:56Z,35.1521960,-106.6923496,1563.0,6046.8,8.603,130,99,121
2026-07-24T18:11:57Z,35.1521792,-106.6922598,1562.8,6055.3,8.510,131,99,109
2026-07-24T18:11:58Z,35.1521596,-106.6921713,1562.8,6063.6,8.342,131,99,109
2026-07-24T18:11:59Z,35.1521378,-106.6920830,1562.8,6072.2,8.584,132,100,105
2026-07-24T18:12:00Z,35.1521138,-106.6919935,1562.8,6080.7,8.500,132,100,94
2026-07-24T18:12:01Z,35.1520892,-106.6919048,1562.6,6089.2,8.538,132,101,94
2026-07-24T18:12:02Z,35.1520652,-106.6918166,1562.6,6097.7,8.500,132,101,92
2026-07-24T18:12:03Z,35.1520417,-106.6917282,1562.6,6106.5,8.743,132,102,89
2026-07-24T18:12:04Z,35.1520170,-106.6916379,1562.4,6115.2,8.706,132,102,89
2026-07-24T18:12:05Z,35.1519927,-106.6915470,1562.4,6123.9,8.743,132,102,96
2026-07-24T18:12:06Z,35.1519657,-106.6914558,1562.4,6132.8,8.845,131,103,85
2026-07-24T18:12:07Z,35.1519399,-106.6913651,1562.4,6141.5,8.771,132,104,83
2026-07-24T18:12:08Z,35.1519124,-106.6912735,1562.4,6150.6,9.069,132,105,73
2026-07-24T18:12:09Z,35.1518829,-106.6911829,1562.4,6159.7,9.107,131,105,71
2026-07-24T18:12:10Z,35.1518519,-106.6910909,1562.2,6168.9,9.181,132,106,71
2026-07-24T18:12:11Z,35.1518184,-106.6909999,1562.0,6178.0,9.088,132,107,72
2026-07-24T18:12:12Z,35.1517850,-106.6909077,1562.0,6187.2,9.256,132,107,59
2026-07-24T18:12:13Z,35.1517498,-106.6908165,1561.8,6196.5,9.303,132,103,32
2026-07-24T18:12:14Z,35.1517133,-106.6907255,1561.8,6205.9,9.377,132,100,61
2026-07-24T18:12:15Z,35.1516752,-106.6906352,1561.6,6215.4,9.461,131,99,60
2026-07-24T18:12:16Z,35.1516371,-106.6905444,1561.8,6225.1,9.713,131,100,49
2026-07-24T18:12:17Z,35.1515976,-106.6904510,1561.6,6235.0,9.956,130,102,49
2026-07-24T18:12:18Z,35.1515563,-106.6903543,1561.4,6245.4,10.357,130,102,0
2026-07-24T18:12:19Z,35.1515136,-106.6902564,1561.2,6255.9,10.460,129,102,0
2026-07-24T18:12:20Z,35.1514679,-106.6901567,1560.8,6266.7,10.814,129,0,0
2026-07-24T18:12:21Z,35.1514215,-106.6900554,1560.8,6277.7,10.982,129,0,0
2026-07-24T18:12:22Z,35.1513742,-106.6899510,1560.4,6289.0,11.355,128,0,0
2026-07-24T18:12:23Z,35.1513227,-106.6898459,1559.6,6300.6,11.607,127,0,0
2026-07-24T18:12:24Z,35.1512688,-106.6897376,1559.4,6312.4,11.794,127,0,0
2026-07-24T18:12:25Z,35.1512141,-106.6896260,1558.8,6324.7,12.298,125,0,0
2026-07-24T18:12:26Z,35.1511579,-106.6895118,1558.6,6337.5,12.783,124,0,0
2026-07-24T18:12:27Z,35.1510988,-106.6893931,1558.2,6350.4,12.876,124,0,0
2026-07-24T18:12:28Z,35.1510407,-106.6892727,1558.0,6363.5,13.166,123,0,0
2026-07-24T18:12:29Z,35.1509802,-106.6891520,1557.4,6376.4,12.858,122,0,0
2026-07-24T18:12:30Z,35.1509184,-106.6890311,1556.6,6389.3,12.932,121,0,0
2026-07-24T18:12:31Z,35.1508557,-106.6889112,1556.4,6402.1,12.783,119,0,0
2026-07-24T18:12:32Z,35.1507955,-106.6887906,1555.4,6415.0,12.932,118,0,0
2026-07-24T18:12:33Z,35.1507346,-106.6886708,1554.8,6427.8,12.792,117,0,0
2026-07-24T18:12:34Z,35.1506744,-106.6885503,1554.0,6440.6,12.830,115,0,0
2026-07-24T18:12:35Z,35.1506135,-106.6884329,1553.6,6453.4,12.792,114,0,0
2026-07-24T18:12:36Z,35.1505515,-106.6883134,1552.8,6466.3,12.830,113,0,0
2026-07-24T18:12:37Z,35.1504915,-106.6881930,1552.4,6479.0,12.736,112,0,0
2026-07-24T18:12:38Z,35.1504303,-106.6880727,1551.4,6491.8,12.755,112,0,0
2026-07-24T18:12:39Z,35.1503708,-106.6879523,1550.4,6504.5,12.718,112,0,0
2026-07-24T18:12:40Z,35.1503089,-106.6878329,1549.6,6516.9,12.419,111,0,0
2026-07-24T18:12:41Z,35.1502481,-106.6877153,1548.4,6529.3,12.354,110,0,0
2026-07-24T18:12:42Z,35.1501897,-106.6875995,1548.2,6541.6,12.354,110,52,0
2026-07-24T18:12:43Z,35.1501326,-106.6874868,1547.0,6552.7,11.094,110,52,0
2026-07-24T18:12:44Z,35.1500772,-106.6873769,1546.4,6563.2,10.460,110,52,0
2026-07-24T18:12:45Z,35.1500231,-106.6872744,1545.6,6573.0,9.881,110,0,0
2026-07-24T18:12:46Z,35.1499725,-106.6871786,1544.8,6582.3,9.219,110,0,0
2026-07-24T18:12:47Z,35.1499273,-106.6870884,1544.2,6590.8,8.491,109,0,0
2026-07-24T18:12:48Z,35.1498879,-106.6870067,1543.4,6597.7,6.970,109,0,0
2026-07-24T18:12:49Z,35.1498526,-106.6869361,1542.8,6604.2,6.429,108,0,0
2026-07-24T18:12:50Z,35.1498211,-106.6868740,1542.2,6610.1,5.944,108,0,0
2026-07-24T18:12:51Z,35.1497923,-106.6868190,1541.8,6615.6,5.486,107,0,0
2026-07-24T18:12:52Z,35.1497653,-106.6867681,1540.6,6620.5,4.917,106,0,0
2026-07-24T18:12:53Z,35.1497414,-106.6867207,1540.0,6625.2,4.665,106,0,0
2026-07-24T18:12:54Z,35.1497197,-106.6866756,1539.8,6629.6,4.385,106,0,0
2026-07-24T18:12:55Z,35.1496983,-106.6866338,1539.4,6633.7,4.152,107,0,0
2026-07-24T18:12:56Z,35.1496783,-106.6865985,1539.4,6637.0,3.340,107,0,0
2026-07-24T18:12:57Z,35.1496637,-106.6865756,1539.2,6639.4,2.379,108,0,0
2026-07-24T18:12:58Z,35.1496586,-106.6865649,1539.2,6639.4,0.000,108,0,0
2026-07-24T18:12:59Z,35.1496586,-106.6865649,1539.0,6639.4,0.000,110,0,0
2026-07-24T18:13:00Z,35.1496586,-106.6865649,1538.6,6639.4,0.000,111,0,0
2026-07-24T18:13:01Z,35.1496586,-106.6865649,1538.4,6639.4,0.000,111,0,0
2026-07-24T18:13:02Z,35.1496586,-106.6865649,1538.2,6639.4,0.000,111,0,0
2026-07-24T18:13:03Z,35.1496586,-106.6865649,1538.0,6639.4,0.000,112,0,0
2026-07-24T18:13:04Z,35.1496586,-106.6865649,1538.0,6639.4,0.000,112,0,0
2026-07-24T18:13:05Z,35.1496586,-106.6865649,1537.8,6639.4,0.000,112,0,0
2026-07-24T18:13:06Z,35.1496586,-106.6865649,1537.6,6639.4,0.000,112,0,0
2026-07-24T18:13:07Z,35.1496586,-106.6865649,1537.4,6639.4,0.000,112,0,0
2026-07-24T18:13:08Z,35.1496586,-106.6865649,1537.4,6639.4,0.000,111,0,0
2026-07-24T18:13:09Z,35.1496586,-106.6865649,1537.2,6639.4,0.000,111,0,0
2026-07-24T18:13:10Z,35.1496586,-106.6865649,1537.2,6639.4,0.000,111,0,0
2026-07-24T18:13:11Z,35.1496586,-106.6865649,1537.0,6639.4,0.000,110,0,0
2026-07-24T18:13:12Z,35.1496586,-106.6865649,1537.0,6639.4,0.000,110,0,0
2026-07-24T18:13:13Z,35.1496586,-106.6865649,1536.8,6639.4,0.000,110,0,0
2026-07-24T18:13:14Z,35.1496586,-106.6865649,1536.6,6639.4,0.000,110,0,0
2026-07-24T18:13:15Z,35.1496586,-106.6865649,1536.6,6639.4,0.000,109,0,0
2026-07-24T18:13:16Z,35.1496586,-106.6865649,1536.4,6639.4,0.000,109,0,0
2026-07-24T18:13:17Z,35.1496586,-106.6865649,1536.4,6639.4,0.000,108,0,0
2026-07-24T18:13:18Z,35.1496586,-106.6865649,1536.4,6639.4,0.000,108,0,0
2026-07-24T18:13:19Z,35.1496586,-106.6865649,1536.2,6639.4,0.000,108,0,0
2026-07-24T18:13:20Z,35.1496586,-106.6865649,1536.2,6639.4,0.000,107,0,0
2026-07-24T18:13:21Z,35.1496586,-106.6865649,1536.2,6639.4,0.000,107,0,0
2026-07-24T18:13:22Z,35.1496586,-106.6865649,1536.2,6639.4,0.000,107,0,0
2026-07-24T18:13:23Z,35.1496586,-106.6865649,1536.2,6639.4,0.000,106,0,0
2026-07-24T18:13:24Z,35.1496586,-106.6865649,1536.2,6639.4,0.000,106,0,0
2026-07-24T18:13:25Z,35.1496586,-106.6865649,1536.2,6639.4,0.000,106,0,0
2026-07-24T18:13:26Z,35.1496586,-106.6865649,1536.2,6639.4,0.000,106,0,0
2026-07-24T18:13:27Z,35.1496586,-106.6865649,1536.0,6639.4,0.000,105,0,0
2026-07-24T18:13:28Z,35.1496586,-106.6865649,1536.0,6639.4,0.000,105,0,0
2026-07-24T18:13:29Z,35.1496586,-106.6865649,1536.0,6639.4,0.000,105,0,0
2026-07-24T18:13:30Z,35.1496586,-106.6865649,1535.8,6639.4,0.000,105,0,0
2026-07-24T18:13:31Z,35.1496586,-106.6865649,1535.8,6639.4,0.000,105,0,0
2026-07-24T18:13:32Z,35.1496586,-106.6865649,1535.8,6639.4,0.000,105,0,0
2026-07-24T18:13:33Z,35.1496586,-106.6865649,1536.0,6639.4,0.000,105,0,0
2026-07-24T18:13:34Z,35.1496586,-106.6865649,1536.0,6639.4,0.000,105,0,0
2026-07-24T18:13:35Z,35.1496586,-106.6865649,1536.0,6639.4,0.000,105,0,0
2026-07-24T18:13:36Z,35.1496586,-106.6865649,1536.0,6639.4,0.000,104,0,0
2026-07-24T18:13:37Z,35.1496586,-106.6865649,1536.0,6639.4,0.000,104,0,0
2026-07-24T18:13:38Z,35.1496586,-106.6865649,1536.0,6639.4,0.000,104,0,0
2026-07-24T18:13:39Z,35.1496586,-106.6865649,1536.0,6639.4,0.000,103,0,0
2026-07-24T18:13:40Z,35.1496586,-106.6865649,1536.0,6639.4,0.000,102,0,0
2026-07-24T18:13:41Z,35.1496586,-106.6865649,1536.0,6639.4,0.000,101,0,0
2026-07-24T18:13:42Z,35.1496586,-106.6865649,1536.0,6639.4,0.000,101,0,0
2026-07-24T18:13:43Z,35.1496586,-106.6865649,1536.0,6639.4,0.000,101,0,0
2026-07-24T18:13:44Z,35.1496586,-106.6865649,1536.0,6639.4,0.000,100,0,0
2026-07-24T18:13:45Z,35.1496586,-106.6865649,1536.0,6639.4,0.000,100,0,0
2026-07-24T18:13:46Z,35.1496586,-106.6865649,1536.0,6639.4,0.000,100,0,0
2026-07-24T18:13:47Z,35.1496586,-106.6865649,1536.0,6639.4,0.000,101,0,0
2026-07-24T18:13:48Z,35.1496586,-106.6865649,1536.0,6639.4,0.000,100,0,0
2026-07-24T18:13:49Z,35.1496586,-106.6865649,1536.0,6639.4,0.000,100,0,0
2026-07-24T18:13:50Z,35.1496586,-106.6865649,1536.0,6639.4,0.000,100,0,0
2026-07-24T18:13:51Z,35.1496586,-106.6865649,1536.0,6639.4,0.000,100,0,0
2026-07-24T18:13:52Z,35.1496586,-106.6865649,1536.0,6639.4,0.000,99,0,0
2026-07-24T18:13:53Z,35.1496586,-106.6865649,1536.0,6639.4,0.000,99,0,0
2026-07-24T18:13:54Z,35.1496586,-106.6865649,1536.0,6639.4,0.000,99,0,0
2026-07-24T18:13:55Z,35.1496586,-106.6865649,1536.2,6639.4,0.000,99,0,0
2026-07-24T18:13:56Z,35.1496586,-106.6865649,1536.2,6639.4,0.000,100,0,0
2026-07-24T18:13:57Z,35.1496586,-106.6865649,1536.4,6639.4,0.000,100,0,0
2026-07-24T18:13:58Z,35.1496586,-106.6865649,1536.6,6639.4,0.000,101,0,0
2026-07-24T18:13:59Z,35.1496586,-106.6865649,1536.6,6639.4,0.000,101,0,0
2026-07-24T18:14:00Z,35.1496586,-106.6865649,1536.6,6639.4,0.000,101,0,0
2026-07-24T18:14:01Z,35.1496586,-106.6865649,1536.6,6639.4,0.000,101,0,0
2026-07-24T18:14:02Z,35.1496586,-106.6865649,1536.6,6639.4,0.000,100,0,0
2026-07-24T18:14:03Z,35.1496586,-106.6865649,1536.6,6639.4,0.000,99,0,0
2026-07-24T18:14:04Z,35.1496586,-106.6865649,1536.6,6639.4,0.000,99,0,0
2026-07-24T18:14:05Z,35.1496586,-106.6865649,1536.6,6639.4,0.000,99,0,0
2026-07-24T18:14:06Z,35.1496586,-106.6865649,1536.6,6639.4,0.000,99,0,0
2026-07-24T18:14:07Z,35.1496586,-106.6865649,1536.6,6639.4,0.000,100,0,0
2026-07-24T18:14:08Z,35.1496586,-106.6865649,1536.6,6639.4,0.000,100,0,0
2026-07-24T18:14:09Z,35.1496586,-106.6865649,1536.8,6639.4,0.000,100,0,0
2026-07-24T18:14:10Z,35.1496586,-106.6865649,1536.8,6639.4,0.000,100,0,0
2026-07-24T18:14:11Z,35.1496586,-106.6865649,1536.8,6639.4,0.000,100,0,0
2026-07-24T18:14:12Z,35.1496586,-106.6865649,1536.8,6639.4,0.000,100,0,0
2026-07-24T18:14:13Z,35.1496586,-106.6865649,1536.8,6639.4,0.000,100,0,0
2026-07-24T18:14:14Z,35.1496586,-106.6865649,1536.6,6639.4,0.000,100,0,0
2026-07-24T18:14:15Z,35.1496586,-106.6865649,1536.6,6639.4,0.000,100,0,0
2026-07-24T18:14:16Z,35.1496586,-106.6865649,1536.6,6639.4,0.000,101,0,0
2026-07-24T18:14:17Z,35.1496586,-106.6865649,1536.6,6639.4,0.000,101,0,0
2026-07-24T18:14:18Z,35.1496586,-106.6865649,1536.6,6639.4,0.000,102,0,0
2026-07-24T18:14:19Z,35.1496586,-106.6865649,1536.6,6639.4,0.000,103,0,0
2026-07-24T18:14:20Z,35.1496586,-106.6865649,1536.6,6639.4,0.000,104,0,0
2026-07-24T18:14:21Z,35.1496576,-106.6865638,1536.6,6639.4,0.000,104,0,0
2026-07-24T18:14:22Z,35.1496435,-106.6865420,1536.6,6642.6,3.144,105,0,0
2026-07-24T18:14:23Z,35.1496251,-106.6865147,1536.4,6646.6,3.984,105,0,0
2026-07-24T18:14:24Z,35.1496051,-106.6864812,1536.4,6651.6,5.029,105,67,382
2026-07-24T18:14:25Z,35.1495821,-106.6864368,1536.4,6657.2,5.608,105,78,379
2026-07-24T18:14:26Z,35.1495550,-106.6863847,1536.4,6663.0,5.822,108,86,352
2026-07-24T18:14:27Z,35.1495274,-106.6863304,1536.2,6669.2,6.177,109,90,272
2026-07-24T18:14:28Z,35.1494999,-106.6862726,1536.0,6675.6,6.373,110,94,220
2026-07-24T18:14:29Z,35.1494735,-106.6862112,1536.0,6682.3,6.755,111,99,205
2026-07-24T18:14:30Z,35.1494441,-106.6861457,1535.8,6689.3,6.970,113,103,174
2026-07-24T18:14:31Z,35.1494136,-106.6860800,1535.8,6696.5,7.175,116,108,154
2026-07-24T18:14:32Z,35.1493832,-106.6860099,1535.8,6704.0,7.577,117,112,107
2026-07-24T18:14:33Z,35.1493504,-106.6859359,1535.6,6711.8,7.763,119,112,103
2026-07-24T18:14:34Z,35.1493146,-106.6858629,1535.6,6720.3,8.426,121,109,77
2026-07-24T18:14:35Z,35.1492776,-106.6857866,1535.4,6728.8,8.594,123,106,95
2026-07-24T18:14:36Z,35.1492392,-106.6857080,1535.4,6737.9,9.060,124,103,102
2026-07-24T18:14:37Z,35.1491969,-106.6856243,1535.2,6747.4,9.499,125,108,79
2026-07-24T18:14:38Z,35.1491530,-106.6855368,1535.0,6757.0,9.620,126,108,70
2026-07-24T18:14:39Z,35.1491072,-106.6854470,1534.8,6767.1,10.068,127,106,78
2026-07-24T18:14:40Z,35.1490610,-106.6853532,1534.8,6777.5,10.404,127,108,63
2026-07-24T18:14:41Z,35.1490123,-106.6852562,1534.4,6788.0,10.562,128,108,106
2026-07-24T18:14:42Z,35.1489629,-106.6851552,1534.2,6798.6,10.562,129,103,106
2026-07-24T18:14:43Z,35.1489119,-106.6850533,1534.0,6809.6,11.048,129,105,96
2026-07-24T18:14:44Z,35.1488621,-106.6849511,1533.8,6820.6,10.936,129,105,103
2026-07-24T18:14:45Z,35.1488113,-106.6848476,1533.6,6831.5,10.880,130,106,103
2026-07-24T18:14:46Z,35.1487602,-106.6847424,1533.2,6842.3,10.824,130,106,107
2026-07-24T18:14:47Z,35.1487072,-106.6846371,1532.8,6853.0,10.768,131,105,103
2026-07-24T18:14:48Z,35.1486529,-106.6845351,1532.6,6864.1,11.048,131,104,122
2026-07-24T18:14:49Z,35.1486011,-106.6844347,1532.4,6875.0,10.880,131,103,125
2026-07-24T18:14:50Z,35.1485506,-106.6843338,1532.2,6885.5,10.562,132,103,131
2026-07-24T18:14:51Z,35.1485006,-106.6842323,1531.8,6896.1,10.562,132,102,131
2026-07-24T18:14:52Z,35.1484510,-106.6841322,1531.8,6906.6,10.460,132,101,140
2026-07-24T18:14:53Z,35.1484022,-106.6840339,1531.6,6917.1,10.497,132,100,158
2026-07-24T18:14:54Z,35.1483535,-106.6839360,1531.4,6927.3,10.217,131,100,163
2026-07-24T18:14:55Z,35.1483045,-106.6838386,1531.4,6937.6,10.338,131,99,168
2026-07-24T18:14:56Z,35.1482549,-106.6837402,1531.4,6947.9,10.310,131,99,179
2026-07-24T18:14:57Z,35.1482049,-106.6836416,1531.2,6958.2,10.245,130,99,178
2026-07-24T18:14:58Z,35.1481563,-106.6835431,1531.2,6968.6,10.413,130,99,165
2026-07-24T18:14:59Z,35.1481088,-106.6834453,1531.2,6978.9,10.338,130,100,171
2026-07-24T18:15:00Z,35.1480620,-106.6833470,1531.0,6989.5,10.516,130,100,172
2026-07-24T18:15:01Z,35.1480151,-106.6832474,1531.0,6999.8,10.329,130,100,172
2026-07-24T18:15:02Z,35.1479691,-106.6831482,1530.8,7010.1,10.320,130,100,171
2026-07-24T18:15:03Z,35.1479219,-106.6830501,1530.8,7020.5,10.385,130,100,180
2026-07-24T18:15:04Z,35.1478734,-106.6829515,1530.8,7030.9,10.432,130,100,209
2026-07-24T18:15:05Z,35.1478259,-106.6828536,1530.8,7041.2,10.236,131,99,198
2026-07-24T18:15:06Z,35.1477782,-106.6827558,1530.8,7051.3,10.114,131,98,186
2026-07-24T18:15:07Z,35.1477311,-106.6826585,1530.8,7061.4,10.096,131,98,193
2026-07-24T18:15:08Z,35.1476826,-106.6825628,1530.8,7071.6,10.236,131,97,224
2026-07-24T18:15:09Z,35.1476332,-106.6824675,1530.8,7081.5,9.956,132,97,234
2026-07-24T18:15:10Z,35.1475869,-106.6823723,1530.8,7091.5,9.909,132,96,242
2026-07-24T18:15:11Z,35.1475413,-106.6822788,1531.0,7101.6,10.096,132,96,224
2026-07-24T18:15:12Z,35.1474950,-106.6821824,1531.0,7111.5,9.947,133,96,218
2026-07-24T18:15:13Z,35.1474488,-106.6820846,1531.0,7121.3,9.835,133,95,210
2026-07-24T18:15:14Z,35.1474033,-106.6819912,1531.2,7131.0,9.657,133,94,211
2026-07-24T18:15:15Z,35.1473568,-106.6818982,1531.4,7140.8,9.769,133,94,210
2026-07-24T18:15:16Z,35.1473092,-106.6818058,1531.4,7150.7,9.928,133,94,210
2026-07-24T18:15:17Z,35.1472635,-106.6817138,1531.4,7160.4,9.685,134,94,211
2026-07-24T18:15:18Z,35.1472179,-106.6816212,1531.4,7170.2,9.835,134,93,216
2026-07-24T18:15:19Z,35.1471740,-106.6815286,1531.4,7179.8,9.620,134,93,224
2026-07-24T18:15:20Z,35.1471290,-106.6814361,1531.4,7189.7,9.835,135,93,224
2026-07-24T18:15:21Z,35.1470832,-106.6813448,1531.6,7199.3,9.685,135,93,241
2026-07-24T18:15:22Z,35.1470385,-106.6812539,1531.6,7208.9,9.601,136,93,239
2026-07-24T18:15:23Z,35.1469938,-106.6811615,1531.6,7218.4,9.489,136,93,214
2026-07-24T18:15:24Z,35.1469495,-106.6810709,1531.6,7228.0,9.611,136,92,185
2026-07-24T18:15:25Z,35.1469053,-106.6809812,1531.8,7237.0,8.939,137,89,68
2026-07-24T18:15:26Z,35.1468624,-106.6808962,1531.8,7245.5,8.463,137,89,0
2026-07-24T18:15:27Z,35.1468214,-106.6808154,1531.8,7252.5,7.026,138,89,0
2026-07-24T18:15:28Z,35.1467855,-106.6807424,1532.2,7259.3,6.867,138,0,0
2026-07-24T18:15:29Z,35.1467535,-106.6806748,1532.2,7266.1,6.765,139,15,16
2026-07-24T18:15:30Z,35.1467239,-106.6806092,1532.4,7273.3,7.166,139,67,290
2026-07-24T18:15:31Z,35.1466945,-106.6805448,1532.6,7281.1,7.838,141,70,385
2026-07-24T18:15:32Z,35.1466639,-106.6804803,1532.8,7289.5,8.370,141,74,588
2026-07-24T18:15:33Z,35.1466284,-106.6804082,1533.0,7298.3,8.752,142,79,505
2026-07-24T18:15:34Z,35.1465884,-106.6803319,1533.0,7307.3,9.013,142,79,390
2026-07-24T18:15:35Z,35.1465461,-106.6802534,1533.2,7316.5,9.200,143,84,390
2026-07-24T18:15:36Z,35.1465011,-106.6801723,1533.2,7325.7,9.284,144,86,340
2026-07-24T18:15:37Z,35.1464561,-106.6800863,1533.2,7334.9,9.125,144,87,273
2026-07-24T18:15:38Z,35.1464119,-106.6799967,1533.2,7343.9,9.004,145,88,232
2026-07-24T18:15:39Z,35.1463689,-106.6799090,1533.2,7353.4,9.536,145,88,269
2026-07-24T18:15:40Z,35.1463260,-106.6798234,1533.2,7362.6,9.209,146,88,243
2026-07-24T18:15:41Z,35.1462832,-106.6797373,1533.4,7371.7,9.125,146,88,244
2026-07-24T18:15:42Z,35.1462382,-106.6796524,1533.4,7381.0,9.321,147,88,226
2026-07-24T18:15:43Z,35.1461943,-106.6795663,1533.4,7390.2,9.163,147,88,227
2026-07-24T18:15:44Z,35.1461500,-106.6794785,1533.4,7399.8,9.620,147,89,243
2026-07-24T18:15:45Z,35.1461064,-106.6793905,1533.4,7409.0,9.163,148,89,219
2026-07-24T18:15:46Z,35.1460704,-106.6793190,1533.8,7418.4,9.424,148,89,216
2026-07-24T18:15:47Z,35.1460264,-106.6792306,1533.8,7427.3,8.901,148,89,202
2026-07-24T18:15:48Z,35.1459829,-106.6791443,1534.0,7436.4,9.125,148,89,192
2026-07-24T18:15:49Z,35.1459325,-106.6790376,1534.0,7445.8,9.331,148,89,192
2026-07-24T18:15:50Z,35.1458906,-106.6789488,1534.0,7454.8,8.985,148,89,186
2026-07-24T18:15:51Z,35.1458493,-106.6788594,1534.2,7463.9,9.097,148,89,182
2026-07-24T18:15:52Z,35.1458166,-106.6787886,1534.2,7473.1,9.265,148,89,172
2026-07-24T18:15:53Z,35.1457662,-106.6786800,1534.2,7482.4,9.256,148,89,182
2026-07-24T18:15:54Z,35.1457255,-106.6785890,1534.2,7491.8,9.377,147,89,160
2026-07-24T18:15:55Z,35.1456852,-106.6784984,1534.2,7501.1,9.331,147,89,157
2026-07-24T18:15:56Z,35.1456530,-106.6784258,1534.2,7510.4,9.359,148,89,149
2026-07-24T18:15:57Z,35.1456141,-106.6783353,1534.2,7519.8,9.377,148,88,149
2026-07-24T18:15:58Z,35.1455679,-106.6782270,1534.2,7529.4,9.583,147,89,139
2026-07-24T18:15:59Z,35.1455313,-106.6781363,1534.2,7538.5,9.097,148,88,136
2026-07-24T18:16:00Z,35.1454954,-106.6780445,1534.2,7547.7,9.172,148,88,150
2026-07-24T18:16:01Z,35.1454673,-106.6779706,1534.2,7556.8,9.097,147,88,164
2026-07-24T18:16:02Z,35.1454245,-106.6778617,1534.0,7565.8,9.023,148,88,172
2026-07-24T18:16:03Z,35.1453897,-106.6777738,1534.0,7574.6,8.799,147,88,150
2026-07-24T18:16:04Z,35.1453546,-106.6776827,1533.8,7583.9,9.331,148,88,153
2026-07-24T18:16:05Z,35.1453205,-106.6775893,1533.8,7593.2,9.293,147,88,144
2026-07-24T18:16:06Z,35.1452873,-106.6774949,1534.0,7602.4,9.219,147,88,137
2026-07-24T18:16:07Z,35.1452537,-106.6774015,1533.8,7611.7,9.256,147,88,134
2026-07-24T18:16:08Z,35.1452195,-106.6773078,1533.8,7620.8,9.060,148,88,136
2026-07-24T18:16:09Z,35.1451870,-106.6772146,1533.8,7629.9,9.172,147,88,133
2026-07-24T18:16:10Z,35.1451561,-106.6771193,1533.8,7638.9,8.948,147,89,125
2026-07-24T18:16:11Z,35.1451243,-106.6770235,1533.6,7647.6,8.734,146,89,132
2026-07-24T18:16:12Z,35.1450943,-106.6769278,1533.6,7656.8,9.135,146,88,143
2026-07-24T18:16:13Z,35.1450647,-106.6768326,1533.6,7666.1,9.331,146,89,149
2026-07-24T18:16:14Z,35.1450348,-106.6767380,1533.6,7675.3,9.219,146,89,145
2026-07-24T18:16:15Z,35.1450055,-106.6766423,1533.6,7684.5,9.219,146,89,136
2026-07-24T18:16:16Z,35.1449754,-106.6765475,1533.6,7694.0,9.536,145,89,135
2026-07-24T18:16:17Z,35.1449464,-106.6764509,1533.4,7703.3,9.256,145,90,131
2026-07-24T18:16:18Z,35.1449176,-106.6763536,1533.4,7712.6,9.293,145,89,128
2026-07-24T18:16:19Z,35.1448887,-106.6762548,1533.4,7721.9,9.275,144,89,128
2026-07-24T18:16:20Z,35.1448619,-106.6761569,1533.4,7731.2,9.359,144,89,129
2026-07-24T18:16:21Z,35.1448353,-106.6760599,1533.2,7740.4,9.172,144,89,112
2026-07-24T18:16:22Z,35.1448084,-106.6759622,1533.2,7749.9,9.452,144,89,113
2026-07-24T18:16:23Z,35.1447825,-106.6758649,1533.0,7758.9,9.023,144,88,100
2026-07-24T18:16:24Z,35.1447577,-106.6757675,1533.0,7768.3,9.377,144,89,88
2026-07-24T18:16:25Z,35.1447334,-106.6756714,1532.8,7777.3,9.088,143,88,76
2026-07-24T18:16:26Z,35.1447097,-106.6755743,1532.8,7786.5,9.125,143,88,39
2026-07-24T18:16:27Z,35.1446873,-106.6754780,1532.8,7795.3,8.864,142,87,39
2026-07-24T18:16:28Z,35.1446669,-106.6753833,1532.6,7803.8,8.454,142,87,0
2026-07-24T18:16:29Z,35.1446445,-106.6752925,1532.6,7811.2,7.418,141,87,0
2026-07-24T18:16:30Z,35.1446268,-106.6752100,1532.4,7817.4,6.205,141,0,0
2026-07-24T18:16:31Z,35.1446132,-106.6751379,1532.4,7821.9,4.535,140,0,0
2026-07-24T18:16:32Z,35.1446004,-106.6750799,1532.4,7826.1,4.115,139,0,0
2026-07-24T18:16:33Z,35.1445811,-106.6750378,1532.4,7830.2,4.115,138,0,0
2026-07-24T18:16:34Z,35.1445562,-106.6750137,1532.4,7834.2,4.050,138,86,3
2026-07-24T18:16:35Z,35.1445275,-106.6750151,1532.2,7839.4,5.188,137,86,206
2026-07-24T18:16:36Z,35.1444906,-106.6750370,1532.2,7845.5,6.084,136,66,206
2026-07-24T18:16:37Z,35.1444475,-106.6750708,1532.2,7852.3,6.830,135,66,190
2026-07-24T18:16:38Z,35.1443987,-106.6751094,1532.4,7859.2,6.830,134,86,190
2026-07-24T18:16:39Z,35.1443443,-106.6751474,1532.4,7866.4,7.287,134,91,184
2026-07-24T18:16:40Z,35.1442872,-106.6751862,1532.4,7873.9,7.493,134,93,172
2026-07-24T18:16:41Z,35.1442313,-106.6752262,1532.2,7881.0,7.101,133,94,176
2026-07-24T18:16:42Z,35.1441740,-106.6752641,1532.2,7888.3,7.287,133,94,179
2026-07-24T18:16:43Z,35.1441163,-106.6753004,1532.0,7895.7,7.362,133,94,167
2026-07-24T18:16:44Z,35.1440558,-106.6753375,1531.6,7903.1,7.437,133,96,168
2026-07-24T18:16:45Z,35.1439957,-106.6753748,1531.6,7910.5,7.343,133,97,174
2026-07-24T18:16:46Z,35.1439351,-106.6754122,1531.4,7917.9,7.465,132,97,168
2026-07-24T18:16:47Z,35.1438740,-106.6754493,1531.2,7925.5,7.539,132,98,162
2026-07-24T18:16:48Z,35.1438131,-106.6754884,1531.0,7933.0,7.539,132,98,165
2026-07-24T18:16:49Z,35.1437512,-106.6755284,1531.0,7941.0,7.959,132,99,165
2026-07-24T18:16:50Z,35.1436883,-106.6755674,1530.8,7949.0,7.987,132,101,168
2026-07-24T18:16:51Z,35.1436245,-106.6756063,1530.8,7956.8,7.894,133,102,154
2026-07-24T18:16:52Z,35.1435597,-106.6756436,1530.8,7964.8,7.978,133,103,182
2026-07-24T18:16:53Z,35.1434947,-106.6756803,1530.8,7972.9,8.006,133,103,181
2026-07-24T18:16:54Z,35.1434310,-106.6757208,1530.6,7980.8,7.959,133,103,174
2026-07-24T18:16:55Z,35.1433674,-106.6757637,1530.6,7988.9,8.099,133,103,172
2026-07-24T18:16:56Z,35.1433047,-106.6758061,1530.6,7996.9,7.978,133,103,161
2026-07-24T18:16:57Z,35.1432420,-106.6758485,1530.6,8005.0,8.155,134,104,161
2026-07-24T18:16:58Z,35.1431783,-106.6758914,1530.6,8013.0,7.978,134,104,163
2026-07-24T18:16:59Z,35.1431138,-106.6759341,1530.6,8021.0,7.978,134,103,159
2026-07-24T18:17:00Z,35.1430490,-106.6759742,1530.4,8028.9,7.922,134,103,168
2026-07-24T18:17:01Z,35.1429861,-106.6760168,1530.4,8036.9,7.950,133,103,172
2026-07-24T18:17:02Z,35.1429228,-106.6760597,1530.4,8044.9,8.034,133,104,170
2026-07-24T18:17:03Z,35.1428587,-106.6761007,1530.4,8052.9,8.006,133,105,154
2026-07-24T18:17:04Z,35.1427929,-106.6761422,1530.6,8061.1,8.183,133,106,147
2026-07-24T18:17:05Z,35.1427276,-106.6761844,1530.6,8069.2,8.099,133,106,148
2026-07-24T18:17:06Z,35.1426631,-106.6762280,1530.4,8077.4,8.248,133,106,152
2026-07-24T18:17:07Z,35.1425981,-106.6762718,1530.4,8085.5,8.099,133,106,144
2026-07-24T18:17:08Z,35.1425321,-106.6763160,1530.4,8093.7,8.220,133,105,145
2026-07-24T18:17:09Z,35.1424674,-106.6763611,1530.4,8101.9,8.183,133,105,159
2026-07-24T18:17:10Z,35.1424044,-106.6764064,1530.6,8110.0,8.108,133,105,164
2026-07-24T18:17:11Z,35.1423405,-106.6764510,1530.6,8118.0,7.922,133,105,146
2026-07-24T18:17:12Z,35.1422767,-106.6764934,1530.6,8125.9,7.978,133,104,156
2026-07-24T18:17:13Z,35.1422131,-106.6765360,1530.6,8134.3,8.342,133,105,165
2026-07-24T18:17:14Z,35.1421496,-106.6765811,1530.6,8142.3,8.006,134,105,159
2026-07-24T18:17:15Z,35.1420861,-106.6766272,1530.6,8150.4,8.146,133,105,158
2026-07-24T18:17:16Z,35.1420224,-106.6766724,1530.6,8158.6,8.155,134,105,177
2026-07-24T18:17:17Z,35.1419576,-106.6767161,1530.6,8167.0,8.342,134,106,164
2026-07-24T18:17:18Z,35.1418946,-106.6767597,1530.6,8175.3,8.379,134,106,155
2026-07-24T18:17:19Z,35.1418307,-106.6768047,1530.6,8183.7,8.398,134,106,149
2026-07-24T18:17:20Z,35.1417665,-106.6768532,1530.6,8191.8,8.146,134,107,134
2026-07-24T18:17:21Z,35.1417044,-106.6769011,1530.6,8200.0,8.118,134,107,133
2026-07-24T18:17:22Z,35.1416411,-106.6769487,1530.6,8208.2,8.220,134,107,141
2026-07-24T18:17:23Z,35.1415778,-106.6769965,1530.6,8216.2,8.052,134,106,141
2026-07-24T18:17:24Z,35.1415139,-106.6770451,1530.6,8224.3,8.080,135,106,149
2026-07-24T18:17:25Z,35.1414512,-106.6770920,1530.6,8232.6,8.239,135,105,149
2026-07-24T18:17:26Z,35.1413890,-106.6771399,1530.6,8240.8,8.202,135,106,148
2026-07-24T18:17:27Z,35.1413288,-106.6771909,1530.6,8249.3,8.528,135,107,151
2026-07-24T18:17:28Z,35.1412679,-106.6772417,1530.6,8257.7,8.426,135,108,157
2026-07-24T18:17:29Z,35.1412036,-106.6772915,1530.6,8266.0,8.332,136,108,161
2026-07-24T18:17:30Z,35.1411397,-106.6773419,1530.6,8274.3,8.295,136,107,149
2026-07-24T18:17:31Z,35.1410785,-106.6773917,1530.6,8282.5,8.146,136,107,161
2026-07-24T18:17:32Z,35.1410161,-106.6774422,1530.6,8290.7,8.267,136,106,161
2026-07-24T18:17:33Z,35.1409559,-106.6774925,1530.6,8298.9,8.108,136,105,160
2026-07-24T18:17:34Z,35.1408962,-106.6775429,1530.6,8306.9,8.024,136,105,145
2026-07-24T18:17:35Z,35.1408363,-106.6775939,1530.4,8314.8,7.903,137,104,157
2026-07-24T18:17:36Z,35.1407768,-106.6776470,1530.2,8322.9,8.080,136,104,156
2026-07-24T18:17:37Z,35.1407175,-106.6776987,1530.2,8331.0,8.174,137,104,165
2026-07-24T18:17:38Z,35.1406590,-106.6777488,1530.2,8339.0,7.931,137,104,157
2026-07-24T18:17:39Z,35.1406009,-106.6777997,1530.0,8347.0,8.052,137,104,202
2026-07-24T18:17:40Z,35.1405433,-106.6778525,1530.0,8354.8,7.819,137,104,137
2026-07-24T18:17:41Z,35.1404877,-106.6779052,1530.0,8362.9,8.108,137,103,156
2026-07-24T18:17:42Z,35.1404312,-106.6779589,1530.0,8371.0,8.024,137,103,158
2026-07-24T18:17:43Z,35.1403745,-106.6780126,1530.0,8378.9,7.903,137,103,160
2026-07-24T18:17:44Z,35.1403173,-106.6780666,1530.0,8386.8,7.922,137,103,154
2026-07-24T18:17:45Z,35.1402611,-106.6781197,1529.8,8394.6,7.847,137,102,155
2026-07-24T18:17:46Z,35.1402054,-106.6781732,1529.8,8402.5,7.894,137,103,155
2026-07-24T18:17:47Z,35.1401496,-106.6782270,1529.8,8410.5,7.959,137,103,161
2026-07-24T18:17:48Z,35.1400916,-106.6782792,1529.8,8418.3,7.782,137,103,147
2026-07-24T18:17:49Z,35.1400353,-106.6783317,1529.8,8426.2,7.922,137,102,155
2026-07-24T18:17:50Z,35.1399811,-106.6783850,1529.8,8434.3,8.099,137,102,171
2026-07-24T18:17:51Z,35.1399270,-106.6784401,1529.8,8442.2,7.922,136,103,173
2026-07-24T18:17:52Z,35.1398728,-106.6784964,1529.8,8450.1,7.922,137,103,157
2026-07-24T18:17:53Z,35.1398169,-106.6785536,1529.8,8458.1,7.987,137,103,143
2026-07-24T18:17:54Z,35.1397613,-106.6786103,1530.0,8466.2,8.099,137,103,151
2026-07-24T18:17:55Z,35.1397065,-106.6786670,1530.0,8474.2,7.959,137,103,157
2026-07-24T18:17:56Z,35.1396518,-106.6787237,1530.0,8482.2,7.987,137,103,164
2026-07-24T18:17:57Z,35.1395976,-106.6787809,1530.0,8490.1,7.894,137,103,151
2026-07-24T18:17:58Z,35.1395434,-106.6788393,1530.0,8498.1,8.071,137,103,156
2026-07-24T18:17:59Z,35.1394891,-106.6788975,1530.0,8506.0,7.894,137,103,163
2026-07-24T18:18:00Z,35.1394346,-106.6789548,1530.2,8514.0,7.922,138,103,159
2026-07-24T18:18:01Z,35.1393800,-106.6790133,1530.2,8521.8,7.847,138,103,156
2026-07-24T18:18:02Z,35.1393252,-106.6790721,1530.2,8529.8,8.006,138,103,154
2026-07-24T18:18:03Z,35.1392700,-106.6791277,1530.4,8537.8,7.987,138,103,150
2026-07-24T18:18:04Z,35.1392157,-106.6791841,1530.4,8545.7,7.903,138,104,148
2026-07-24T18:18:05Z,35.1391624,-106.6792417,1530.4,8553.6,7.903,139,104,167
2026-07-24T18:18:06Z,35.1391087,-106.6792997,1530.4,8561.8,8.164,139,104,172
2026-07-24T18:18:07Z,35.1390543,-106.6793576,1530.4,8569.8,7.978,139,104,169
2026-07-24T18:18:08Z,35.1389983,-106.6794142,1530.4,8577.7,7.987,140,104,166
2026-07-24T18:18:09Z,35.1389409,-106.6794689,1530.4,8585.7,7.959,140,105,166
2026-07-24T18:18:10Z,35.1388819,-106.6795231,1530.4,8593.9,8.202,140,105,143
2026-07-24T18:18:11Z,35.1388236,-106.6795765,1530.4,8602.0,8.108,140,106,147
2026-07-24T18:18:12Z,35.1387652,-106.6796302,1530.4,8610.1,8.136,140,106,145
2026-07-24T18:18:13Z,35.1387068,-106.6796840,1530.4,8618.2,8.015,141,106,140
2026-07-24T18:18:14Z,35.1386472,-106.6797369,1530.4,8626.2,8.080,141,105,158
2026-07-24T18:18:15Z,35.1385873,-106.6797887,1530.4,8634.3,8.108,140,104,164
2026-07-24T18:18:16Z,35.1385286,-106.6798393,1530.4,8642.5,8.164,140,104,159
2026-07-24T18:18:17Z,35.1384692,-106.6798886,1530.2,8650.5,7.987,140,104,158
2026-07-24T18:18:18Z,35.1384100,-106.6799400,1530.2,8658.6,8.136,140,104,168
2026-07-24T18:18:19Z,35.1383506,-106.6799916,1530.2,8666.6,7.959,140,105,168
2026-07-24T18:18:20Z,35.1382896,-106.6800416,1530.0,8674.8,8.230,140,105,155
2026-07-24T18:18:21Z,35.1382266,-106.6800889,1530.0,8683.2,8.388,140,105,155
2026-07-24T18:18:22Z,35.1381641,-106.6801354,1530.0,8691.2,8.015,140,104,155
2026-07-24T18:18:23Z,35.1381028,-106.6801825,1529.8,8699.2,8.015,140,104,150
2026-07-24T18:18:24Z,35.1380412,-106.6802277,1529.8,8707.2,7.987,140,104,161
2026-07-24T18:18:25Z,35.1379773,-106.6802724,1529.8,8715.4,8.164,140,105,157
2026-07-24T18:18:26Z,35.1379132,-106.6803163,1529.8,8723.6,8.202,139,105,156
2026-07-24T18:18:27Z,35.1378483,-106.6803602,1529.8,8731.8,8.230,140,106,145
2026-07-24T18:18:28Z,35.1377846,-106.6804055,1529.8,8740.1,8.295,139,106,146
2026-07-24T18:18:29Z,35.1377195,-106.6804492,1529.8,8748.5,8.388,139,106,148
2026-07-24T18:18:30Z,35.1376532,-106.6804903,1529.8,8756.8,8.351,139,106,138
2026-07-24T18:18:31Z,35.1375870,-106.6805302,1529.8,8765.2,8.323,138,107,129
2026-07-24T18:18:32Z,35.1375213,-106.6805701,1529.8,8773.3,8.108,139,107,125
2026-07-24T18:18:33Z,35.1374554,-106.6806095,1529.8,8781.4,8.080,138,106,134
2026-07-24T18:18:34Z,35.1373881,-106.6806465,1529.8,8789.7,8.295,138,107,136
2026-07-24T18:18:35Z,35.1373201,-106.6806823,1529.8,8797.8,8.164,138,107,132
2026-07-24T18:18:36Z,35.1372531,-106.6807204,1529.8,8806.1,8.230,138,107,144
2026-07-24T18:18:37Z,35.1371854,-106.6807591,1529.8,8814.3,8.230,138,107,141
2026-07-24T18:18:38Z,35.1371181,-106.6807984,1529.8,8822.7,8.388,138,107,141
2026-07-24T18:18:39Z,35.1370501,-106.6808355,1529.8,8831.0,8.351,138,107,138
2026-07-24T18:18:40Z,35.1369803,-106.6808698,1529.6,8839.4,8.416,138,107,129
2026-07-24T18:18:41Z,35.1369111,-106.6809034,1529.6,8847.7,8.295,138,107,132
2026-07-24T18:18:42Z,35.1368424,-106.6809360,1529.6,8856.0,8.258,138,107,140
2026-07-24T18:18:43Z,35.1367735,-106.6809691,1529.4,8864.4,8.388,138,107,134
2026-07-24T18:18:44Z,35.1367032,-106.6810022,1529.6,8872.8,8.388,138,107,138
2026-07-24T18:18:45Z,35.1366339,-106.6810362,1529.2,8881.0,8.239,138,107,143
2026-07-24T18:18:46Z,35.1365634,-106.6810692,1529.4,8889.2,8.192,138,107,139
2026-07-24T18:18:47Z,35.1364934,-106.6810993,1529.2,8897.4,8.220,138,107,139
2026-07-24T18:18:48Z,35.1364226,-106.6811279,1529.2,8905.6,8.192,138,107,131
2026-07-24T18:18:49Z,35.1363504,-106.6811548,1529.2,8914.0,8.444,138,107,130
2026-07-24T18:18:50Z,35.1362786,-106.6811828,1529.0,8922.3,8.267,138,107,122
2026-07-24T18:18:51Z,35.1362083,-106.6812111,1529.0,8930.6,8.286,138,107,123
2026-07-24T18:18:52Z,35.1361380,-106.6812380,1529.0,8938.9,8.248,138,107,127
2026-07-24T18:18:53Z,35.1360666,-106.6812638,1529.0,8946.9,8.043,138,107,142
2026-07-24T18:18:54Z,35.1359953,-106.6812904,1529.0,8955.2,8.295,138,107,135
2026-07-24T18:18:55Z,35.1359240,-106.6813168,1529.2,8963.5,8.286,138,107,142
2026-07-24T18:18:56Z,35.1358518,-106.6813395,1529.2,8971.8,8.351,138,107,128
2026-07-24T18:18:57Z,35.1357806,-106.6813616,1529.2,8980.0,8.220,138,107,133
2026-07-24T18:18:58Z,35.1357078,-106.6813797,1529.4,8988.3,8.286,138,107,121
2026-07-24T18:18:59Z,35.1356342,-106.6813982,1529.4,8996.7,8.351,138,107,123
2026-07-24T18:19:00Z,35.1355625,-106.6814200,1529.4,9004.9,8.220,139,107,118
2026-07-24T18:19:01Z,35.1354903,-106.6814426,1529.4,9013.3,8.351,138,107,114
2026-07-24T18:19:02Z,35.1354178,-106.6814647,1529.4,9021.5,8.248,139,107,120
2026-07-24T18:19:03Z,35.1353444,-106.6814855,1529.4,9029.6,8.127,138,107,118
2026-07-24T18:19:04Z,35.1352711,-106.6815056,1529.6,9037.9,8.314,139,107,126
2026-07-24T18:19:05Z,35.1351998,-106.6815268,1529.6,9046.2,8.248,139,107,121
2026-07-24T18:19:06Z,35.1351274,-106.6815476,1529.8,9054.5,8.314,138,107,124
2026-07-24T18:19:07Z,35.1350542,-106.6815671,1529.8,9062.6,8.099,139,107,133
2026-07-24T18:19:08Z,35.1349819,-106.6815859,1529.6,9070.9,8.248,138,107,139
2026-07-24T18:19:09Z,35.1349097,-106.6816067,1529.6,9079.4,8.575,138,100,215
2026-07-24T18:19:10Z,35.1348352,-106.6816266,1529.6,9087.8,8.407,138,99,195
2026-07-24T18:19:11Z,35.1347611,-106.6816483,1529.6,9096.2,8.407,138,99,176
2026-07-24T18:19:12Z,35.1346879,-106.6816743,1529.4,9104.5,8.286,138,99,168
2026-07-24T18:19:13Z,35.1346172,-106.6817030,1529.4,9113.0,8.472,137,99,167
2026-07-24T18:19:14Z,35.1345477,-106.6817327,1529.4,9121.5,8.463,138,99,152
2026-07-24T18:19:15Z,35.1344773,-106.6817627,1529.4,9129.9,8.407,138,99,157
2026-07-24T18:19:16Z,35.1344056,-106.6817933,1529.4,9138.4,8.491,138,99,165
2026-07-24T18:19:17Z,35.1343345,-106.6818246,1529.4,9146.9,8.547,138,100,167
2026-07-24T18:19:18Z,35.1342633,-106.6818588,1529.4,9155.3,8.407,138,100,169
2026-07-24T18:19:19Z,35.1341918,-106.6818946,1529.4,9163.8,8.444,139,100,169
2026-07-24T18:19:20Z,35.1341221,-106.6819332,1529.4,9172.2,8.444,138,100,162
2026-07-24T18:19:21Z,35.1340537,-106.6819734,1529.4,9180.8,8.612,138,100,159
2026-07-24T18:19:22Z,35.1339850,-106.6820146,1529.4,9189.4,8.547,139,101,162
2026-07-24T18:19:23Z,35.1339168,-106.6820571,1529.4,9197.9,8.575,139,101,159
2026-07-24T18:19:24Z,35.1338500,-106.6821019,1529.4,9206.6,8.612,139,101,159
2026-07-24T18:19:25Z,35.1337821,-106.6821485,1529.4,9215.2,8.678,139,101,162
2026-07-24T18:19:26Z,35.1337145,-106.6821954,1529.4,9223.7,8.444,140,101,161
2026-07-24T18:19:27Z,35.1336490,-106.6822448,1529.4,9232.3,8.575,139,102,164
2026-07-24T18:19:28Z,35.1335840,-106.6822961,1529.4,9240.9,8.612,139,102,161
2026-07-24T18:19:29Z,35.1335183,-106.6823472,1529.4,9249.5,8.640,139,102,161
2026-07-24T18:19:30Z,35.1334534,-106.6823978,1529.2,9258.1,8.612,140,102,150
2026-07-24T18:19:31Z,35.1333901,-106.6824520,1529.2,9266.8,8.640,140,102,150
2026-07-24T18:19:32Z,35.1333270,-106.6825098,1529.2,9275.5,8.752,140,103,143
2026-07-24T18:19:33Z,35.1332646,-106.6825688,1529.2,9284.3,8.818,140,103,134
2026-07-24T18:19:34Z,35.1332040,-106.6826295,1529.2,9293.0,8.715,140,103,148
2026-07-24T18:19:35Z,35.1331444,-106.6826915,1529.2,9301.8,8.780,140,103,151
2026-07-24T18:19:36Z,35.1330850,-106.6827523,1529.2,9310.6,8.752,140,104,149
2026-07-24T18:19:37Z,35.1330251,-106.6828150,1529.2,9319.5,8.985,140,104,153
2026-07-24T18:19:38Z,35.1329647,-106.6828785,1529.2,9328.4,8.873,139,104,155
2026-07-24T18:19:39Z,35.1329036,-106.6829421,1529.2,9337.3,8.892,140,105,162
2026-07-24T18:19:40Z,35.1328427,-106.6830047,1529.2,9346.2,8.911,140,105,140
2026-07-24T18:19:41Z,35.1327818,-106.6830680,1529.2,9355.3,9.041,140,106,135
2026-07-24T18:19:42Z,35.1327227,-106.6831327,1529.2,9364.4,9.153,139,106,124
2026-07-24T18:19:43Z,35.1326628,-106.6831971,1529.2,9373.3,8.929,140,106,121
2026-07-24T18:19:44Z,35.1326022,-106.6832603,1529.2,9382.2,8.818,139,106,117
2026-07-24T18:19:45Z,35.1325420,-106.6833249,1529.2,9391.1,8.929,139,106,120
2026-07-24T18:19:46Z,35.1324808,-106.6833899,1529.2,9400.2,9.079,139,105,120
2026-07-24T18:19:47Z,35.1324189,-106.6834551,1529.2,9409.2,8.967,139,105,116
2026-07-24T18:19:48Z,35.1323554,-106.6835199,1529.2,9418.2,9.004,140,101,136
2026-07-24T18:19:49Z,35.1322939,-106.6835834,1529.2,9427.0,8.892,139,96,161
2026-07-24T18:19:50Z,35.1322306,-106.6836477,1529.2,9436.1,9.097,140,97,145
2026-07-24T18:19:51Z,35.1321674,-106.6837126,1529.2,9445.3,9.153,139,97,141
2026-07-24T18:19:52Z,35.1321056,-106.6837782,1529.2,9454.4,9.116,139,97,141
2026-07-24T18:19:53Z,35.1320447,-106.6838436,1529.4,9463.6,9.153,139,98,156
2026-07-24T18:19:54Z,35.1319831,-106.6839100,1529.4,9473.0,9.433,139,99,171
2026-07-24T18:19:55Z,35.1319213,-106.6839762,1529.4,9482.2,9.237,139,99,150
2026-07-24T18:19:56Z,35.1318592,-106.6840428,1529.4,9491.4,9.200,138,99,150
2026-07-24T18:19:57Z,35.1317970,-106.6841105,1529.4,9500.7,9.237,139,99,137
2026-07-24T18:19:58Z,35.1317342,-106.6841778,1529.4,9510.0,9.275,139,98,141
2026-07-24T18:19:59Z,35.1316714,-106.6842446,1529.2,9519.1,9.181,138,98,144
2026-07-24T18:20:00Z,35.1316079,-106.6843124,1529.4,9528.5,9.359,139,99,141
2026-07-24T18:20:01Z,35.1315445,-106.6843797,1529.4,9537.8,9.359,139,99,141
2026-07-24T18:20:02Z,35.1314814,-106.6844464,1529.4,9547.3,9.480,138,100,163
2026-07-24T18:20:03Z,35.1314179,-106.6845154,1529.4,9556.6,9.293,139,100,147
2026-07-24T18:20:04Z,35.1313546,-106.6845838,1529.4,9566.0,9.331,138,100,135
2026-07-24T18:20:05Z,35.1312934,-106.6846497,1529.4,9575.3,9.359,139,100,143
2026-07-24T18:20:06Z,35.1312299,-106.6847180,1529.4,9584.7,9.368,138,100,143
2026-07-24T18:20:07Z,35.1311656,-106.6847862,1529.2,9594.1,9.415,138,100,127
2026-07-24T18:20:08Z,35.1311019,-106.6848539,1529.2,9603.3,9.256,138,100,131
2026-07-24T18:20:09Z,35.1310388,-106.6849219,1529.4,9612.7,9.368,138,100,129
2026-07-24T18:20:10Z,35.1309766,-106.6849914,1529.4,9622.3,9.536,138,100,130
2026-07-24T18:20:11Z,35.1309144,-106.6850603,1529.4,9631.6,9.331,138,100,140
2026-07-24T18:20:12Z,35.1308511,-106.6851273,1529.2,9641.2,9.573,137,100,135
2026-07-24T18:20:13Z,35.1307870,-106.6851942,1529.2,9650.8,9.620,137,101,132
2026-07-24T18:20:14Z,35.1307232,-106.6852620,1529.2,9660.3,9.480,138,101,131
2026-07-24T18:20:15Z,35.1306580,-106.6853316,1529.4,9669.9,9.667,138,101,115
2026-07-24T18:20:16Z,35.1305929,-106.6854007,1529.6,9679.3,9.331,137,101,116
2026-07-24T18:20:17Z,35.1305282,-106.6854669,1529.6,9688.8,9.536,137,101,122
2026-07-24T18:20:18Z,35.1304629,-106.6855321,1529.6,9698.4,9.573,139,102,139
2026-07-24T18:20:19Z,35.1303963,-106.6855979,1529.6,9707.8,9.387,138,101,126
2026-07-24T18:20:20Z,35.1303292,-106.6856615,1529.6,9717.0,9.172,137,100,123
2026-07-24T18:20:21Z,35.1302614,-106.6857246,1529.6,9726.4,9.489,136,100,123
2026-07-24T18:20:22Z,35.1301941,-106.6857884,1529.6,9735.9,9.452,136,100,127
2026-07-24T18:20:23Z,35.1301277,-106.6858517,1529.4,9745.2,9.368,137,100,130
2026-07-24T18:20:24Z,35.1300601,-106.6859126,1529.4,9754.6,9.331,136,100,130
2026-07-24T18:20:25Z,35.1299900,-106.6859695,1529.4,9764.1,9.536,136,100,129
2026-07-24T18:20:26Z,35.1299178,-106.6860211,1529.4,9773.3,9.247,136,99,131
2026-07-24T18:20:27Z,35.1298437,-106.6860693,1529.2,9782.6,9.265,135,99,133
2026-07-24T18:20:28Z,35.1297700,-106.6861167,1529.2,9791.9,9.275,136,98,148
2026-07-24T18:20:29Z,35.1296961,-106.6861609,1529.2,9801.1,9.247,136,98,168
2026-07-24T18:20:30Z,35.1296206,-106.6862054,1529.0,9810.3,9.209,136,98,156
2026-07-24T18:20:31Z,35.1295459,-106.6862501,1529.0,9819.4,9.097,136,98,149
2026-07-24T18:20:32Z,35.1294716,-106.6862921,1529.0,9828.5,9.023,136,98,155
2026-07-24T18:20:33Z,35.1293956,-106.6863307,1529.0,9837.8,9.368,136,98,146
2026-07-24T18:20:34Z,35.1293200,-106.6863683,1529.0,9846.9,9.097,136,97,152
2026-07-24T18:20:35Z,35.1292442,-106.6864056,1529.0,9856.0,9.097,136,97,152
2026-07-24T18:20:36Z,35.1291669,-106.6864410,1529.0,9865.3,9.247,137,98,173
2026-07-24T18:20:37Z,35.1290882,-106.6864726,1529.0,9874.6,9.368,137,98,146
2026-07-24T18:20:38Z,35.1290091,-106.6865023,1529.0,9883.9,9.293,138,99,152
2026-07-24T18:20:39Z,35.1289288,-106.6865315,1529.2,9893.3,9.331,138,99,154
2026-07-24T18:20:40Z,35.1288491,-106.6865594,1529.2,9902.7,9.387,138,99,139
2026-07-24T18:20:41Z,35.1287676,-106.6865838,1529.2,9911.9,9.247,138,99,128
2026-07-24T18:20:42Z,35.1286870,-106.6866092,1529.0,9921.1,9.209,139,98,114
2026-07-24T18:20:43Z,35.1286067,-106.6866344,1529.0,9930.3,9.172,140,98,125
2026-07-24T18:20:44Z,35.1285260,-106.6866560,1529.0,9939.6,9.293,139,98,120
2026-07-24T18:20:45Z,35.1284455,-106.6866763,1529.0,9948.7,9.172,140,97,121
2026-07-24T18:20:46Z,35.1283652,-106.6866975,1529.2,9957.9,9.116,140,98,122
2026-07-24T18:20:47Z,35.1282835,-106.6867188,1529.2,9967.2,9.331,140,98,131
2026-07-24T18:20:48Z,35.1282026,-106.6867412,1529.2,9976.3,9.135,140,98,147
2026-07-24T18:20:49Z,35.1281223,-106.6867601,1529.2,9985.4,9.097,140,97,144
2026-07-24T18:20:50Z,35.1280421,-106.6867793,1529.2,9994.6,9.153,140,97,145
2026-07-24T18:20:51Z,35.1279628,-106.6868015,1529.2,10003.7,9.172,140,97,147
2026-07-24T18:20:52Z,35.1278831,-106.6868245,1529.2,10012.8,9.013,139,97,152
2026-07-24T18:20:53Z,35.1278027,-106.6868440,1529.2,10021.8,9.069,139,97,172
2026-07-24T18:20:54Z,35.1277207,-106.6868614,1529.2,10031.0,9.181,139,97,165
2026-07-24T18:20:55Z,35.1276403,-106.6868821,1529.4,10040.0,9.013,139,97,155
2026-07-24T18:20:56Z,35.1275609,-106.6869041,1529.4,10048.8,8.827,139,96,155
2026-07-24T18:20:57Z,35.1274808,-106.6869222,1529.4,10057.8,8.939,139,95,158
2026-07-24T18:20:58Z,35.1274006,-106.6869408,1529.4,10066.8,8.976,139,95,159
2026-07-24T18:20:59Z,35.1273221,-106.6869621,1529.4,10075.7,8.901,139,95,160
2026-07-24T18:21:00Z,35.1272433,-106.6869842,1529.4,10084.5,8.827,140,96,139
2026-07-24T18:21:01Z,35.1271652,-106.6870047,1529.4,10093.5,8.957,140,96,139
2026-07-24T18:21:02Z,35.1270844,-106.6870246,1529.2,10102.4,8.976,140,96,151
2026-07-24T18:21:03Z,35.1270029,-106.6870429,1529.2,10111.5,9.051,140,96,164
2026-07-24T18:21:04Z,35.1269226,-106.6870614,1529.2,10120.6,9.088,140,97,164
2026-07-24T18:21:05Z,35.1268428,-106.6870814,1529.2,10129.9,9.303,141,97,154
2026-07-24T18:21:06Z,35.1267620,-106.6871014,1529.2,10139.2,9.340,141,98,161
2026-07-24T18:21:07Z,35.1266799,-106.6871213,1529.2,10148.5,9.303,141,98,138
2026-07-24T18:21:08Z,35.1265971,-106.6871427,1529.2,10157.6,9.032,142,98,140
2026-07-24T18:21:09Z,35.1265153,-106.6871635,1529.2,10166.9,9.377,142,98,138
2026-07-24T18:21:10Z,35.1264357,-106.6871852,1529.2,10176.1,9.219,142,98,141
2026-07-24T18:21:11Z,35.1263554,-106.6872064,1529.4,10185.3,9.107,142,98,140
2026-07-24T18:21:12Z,35.1262741,-106.6872245,1529.4,10194.3,9.032,143,97,141
2026-07-24T18:21:13Z,35.1261932,-106.6872413,1529.4,10203.3,9.032,143,97,144
2026-07-24T18:21:14Z,35.1261127,-106.6872584,1529.4,10212.2,8.920,144,96,147
2026-07-24T18:21:15Z,35.1260327,-106.6872777,1529.4,10221.0,8.818,144,95,166
2026-07-24T18:21:16Z,35.1259536,-106.6872988,1529.4,10230.2,9.107,144,95,155
2026-07-24T18:21:17Z,35.1258750,-106.6873170,1529.4,10239.0,8.808,145,94,170
2026-07-24T18:21:18Z,35.1257979,-106.6873325,1529.4,10247.7,8.780,145,94,191
2026-07-24T18:21:19Z,35.1257186,-106.6873465,1529.4,10256.6,8.845,145,94,191
2026-07-24T18:21:20Z,35.1256393,-106.6873575,1529.4,10265.3,8.743,146,93,183
2026-07-24T18:21:21Z,35.1255613,-106.6873689,1529.4,10274.1,8.743,146,93,209
2026-07-24T18:21:22Z,35.1254844,-106.6873780,1529.4,10282.9,8.845,146,93,206
2026-07-24T18:21:23Z,35.1254056,-106.6873855,1529.6,10291.9,8.957,146,93,201
2026-07-24T18:21:24Z,35.1253256,-106.6873939,1529.4,10300.5,8.640,146,92,168
2026-07-24T18:21:25Z,35.1252479,-106.6874035,1529.2,10309.0,8.472,145,91,160
2026-07-24T18:21:26Z,35.1251721,-106.6874127,1529.2,10317.7,8.743,145,91,154
2026-07-24T18:21:27Z,35.1250953,-106.6874203,1529.0,10326.2,8.435,146,91,152
2026-07-24T18:21:28Z,35.1250200,-106.6874282,1529.0,10334.6,8.407,146,90,149
2026-07-24T18:21:29Z,35.1249487,-106.6874384,1529.2,10343.2,8.640,146,90,142
2026-07-24T18:21:30Z,35.1248744,-106.6874496,1529.2,10351.6,8.407,146,90,155
2026-07-24T18:21:31Z,35.1247989,-106.6874590,1529.2,10360.1,8.435,146,90,158
2026-07-24T18:21:32Z,35.1247247,-106.6874654,1529.2,10368.4,8.342,146,89,158
2026-07-24T18:21:33Z,35.1246514,-106.6874713,1529.2,10376.7,8.314,146,88,147
2026-07-24T18:21:34Z,35.1245774,-106.6874775,1529.2,10385.0,8.248,145,88,145
2026-07-24T18:21:35Z,35.1245029,-106.6874835,1529.2,10393.2,8.276,145,87,157
2026-07-24T18:21:36Z,35.1244284,-106.6874900,1529.2,10401.4,8.183,145,87,170
2026-07-24T18:21:37Z,35.1243550,-106.6874985,1529.2,10409.5,8.090,145,87,164
2026-07-24T18:21:38Z,35.1242821,-106.6875068,1529.2,10417.8,8.332,144,87,157
2026-07-24T18:21:39Z,35.1242096,-106.6875136,1529.2,10426.1,8.276,144,87,154
2026-07-24T18:21:40Z,35.1241362,-106.6875191,1529.2,10434.6,8.463,143,88,165
2026-07-24T18:21:41Z,35.1240634,-106.6875244,1529.2,10442.9,8.304,144,88,152
2026-07-24T18:21:42Z,35.1239894,-106.6875310,1529.2,10451.2,8.276,143,89,142
2026-07-24T18:21:43Z,35.1239141,-106.6875373,1529.4,10459.4,8.239,142,89,120
2026-07-24T18:21:44Z,35.1238397,-106.6875431,1529.4,10467.8,8.351,143,89,126
2026-07-24T18:21:45Z,35.1237648,-106.6875506,1529.4,10476.1,8.351,143,89,144
2026-07-24T18:21:46Z,35.1236898,-106.6875574,1529.4,10484.5,8.398,142,88,118
2026-07-24T18:21:47Z,35.1236150,-106.6875647,1529.4,10492.8,8.304,143,88,148
2026-07-24T18:21:48Z,35.1235408,-106.6875628,1529.4,10501.2,8.332,142,88,129
2026-07-24T18:21:49Z,35.1234686,-106.6875466,1529.4,10510.4,9.247,142,89,98
2026-07-24T18:21:50Z,35.1233955,-106.6875177,1529.4,10519.3,8.948,141,89,0
2026-07-24T18:21:51Z,35.1233211,-106.6874852,1529.4,10528.7,9.368,141,89,0
2026-07-24T18:21:52Z,35.1232494,-106.6874427,1529.4,10538.9,10.152,141,0,0
2026-07-24T18:21:53Z,35.1231873,-106.6873739,1529.2,10548.3,9.471,141,0,0
2026-07-24T18:21:54Z,35.1231447,-106.6872873,1529.2,10557.4,9.097,141,12,0
2026-07-24T18:21:55Z,35.1231264,-106.6871903,1529.0,10565.9,8.500,141,12,0
2026-07-24T18:21:56Z,35.1231025,-106.6870972,1528.8,10574.1,8.192,140,12,0
2026-07-24T18:21:57Z,35.1230667,-106.6870212,1528.4,10582.3,8.146,140,33,211
2026-07-24T18:21:58Z,35.1230156,-106.6869682,1528.2,10590.3,8.062,140,86,285
2026-07-24T18:21:59Z,35.1229422,-106.6869637,1528.0,10598.7,8.332,140,87,368
2026-07-24T18:22:00Z,35.1228684,-106.6869708,1528.0,10607.0,8.304,141,88,303
2026-07-24T18:22:01Z,35.1227942,-106.6869818,1527.8,10615.2,8.239,141,88,264
2026-07-24T18:22:02Z,35.1227202,-106.6869891,1527.6,10623.3,8.090,141,88,242
2026-07-24T18:22:03Z,35.1226467,-106.6869974,1527.6,10631.7,8.463,141,88,217
2026-07-24T18:22:04Z,35.1225723,-106.6870048,1527.4,10639.9,8.183,143,88,212
2026-07-24T18:22:05Z,35.1224983,-106.6870138,1527.4,10648.2,8.239,143,88,206
2026-07-24T18:22:06Z,35.1224244,-106.6870224,1527.6,10656.6,8.463,144,88,203
2026-07-24T18:22:07Z,35.1223502,-106.6870298,1527.6,10664.9,8.286,144,88,197
2026-07-24T18:22:08Z,35.1222759,-106.6870354,1527.6,10673.4,8.435,145,88,207
2026-07-24T18:22:09Z,35.1222009,-106.6870403,1527.4,10681.8,8.398,145,89,207
2026-07-24T18:22:10Z,35.1221258,-106.6870473,1527.4,10690.1,8.332,146,90,201
2026-07-24T18:22:11Z,35.1220507,-106.6870565,1527.4,10698.5,8.463,146,90,204
2026-07-24T18:22:12Z,35.1219741,-106.6870631,1527.4,10707.1,8.538,146,90,198
2026-07-24T18:22:13Z,35.1218970,-106.6870696,1527.6,10715.7,8.566,146,91,185
2026-07-24T18:22:14Z,35.1218188,-106.6870782,1527.6,10724.3,8.631,145,92,182
2026-07-24T18:22:15Z,35.1217415,-106.6870872,1527.8,10733.1,8.808,145,93,194
2026-07-24T18:22:16Z,35.1216651,-106.6871006,1527.8,10742.0,8.883,145,93,186
2026-07-24T18:22:17Z,35.1215867,-106.6871158,1528.0,10750.6,8.668,145,94,191
2026-07-24T18:22:18Z,35.1215086,-106.6871282,1528.0,10759.5,8.845,145,94,180
2026-07-24T18:22:19Z,35.1214307,-106.6871416,1528.0,10768.4,8.883,145,93,183
2026-07-24T18:22:20Z,35.1213526,-106.6871576,1528.2,10777.0,8.687,144,93,184
2026-07-24T18:22:21Z,35.1212761,-106.6871772,1528.2,10785.8,8.771,144,93,162
2026-07-24T18:22:22Z,35.1211977,-106.6871978,1528.2,10794.7,8.883,144,93,159
2026-07-24T18:22:23Z,35.1211209,-106.6872176,1528.2,10803.3,8.631,143,93,161
2026-07-24T18:22:24Z,35.1210454,-106.6872372,1528.2,10812.0,8.706,143,93,164
2026-07-24T18:22:25Z,35.1209696,-106.6872572,1528.0,10820.9,8.883,143,93,165
2026-07-24T18:22:26Z,35.1208940,-106.6872768,1528.0,10829.5,8.566,142,93,176
2026-07-24T18:22:27Z,35.1208177,-106.6872974,1527.8,10838.3,8.771,142,93,162
2026-07-24T18:22:28Z,35.1207407,-106.6873173,1527.8,10847.0,8.734,142,93,152
2026-07-24T18:22:29Z,35.1205859,-106.6873530,1527.6,10855.9,8.911,141,93,159
2026-07-24T18:22:30Z,35.1205084,-106.6873708,1527.6,10864.6,8.734,142,94,167
2026-07-24T18:22:31Z,35.1204295,-106.6873885,1527.4,10873.5,8.883,141,94,164
2026-07-24T18:22:32Z,35.1203496,-106.6874071,1527.2,10882.4,8.911,141,94,160
2026-07-24T18:22:33Z,35.1202725,-106.6874278,1527.2,10891.2,8.724,141,94,163
2026-07-24T18:22:34Z,35.1201952,-106.6874475,1527.2,10899.9,8.762,140,93,163
2026-07-24T18:22:35Z,35.1201183,-106.6874648,1527.2,10909.0,8.901,141,93,157
2026-07-24T18:22:36Z,35.1200415,-106.6874823,1527.0,10917.6,8.799,140,93,149
2026-07-24T18:22:37Z,35.1199642,-106.6875003,1527.0,10926.6,8.920,140,94,165
2026-07-24T18:22:38Z,35.1198860,-106.6875184,1527.0,10935.6,9.069,141,94,173
2026-07-24T18:22:39Z,35.1198081,-106.6875378,1527.0,10944.7,9.013,140,95,173
2026-07-24T18:22:40Z,35.1197296,-106.6875595,1527.2,10953.5,8.836,141,95,174
2026-07-24T18:22:41Z,35.1196503,-106.6875802,1527.2,10962.3,8.836,140,94,170
2026-07-24T18:22:42Z,35.1195700,-106.6875970,1527.2,10971.3,9.013,141,95,151
2026-07-24T18:22:43Z,35.1194903,-106.6876128,1527.2,10980.3,8.939,141,95,150
2026-07-24T18:22:44Z,35.1194102,-106.6876301,1527.0,10989.1,8.818,140,95,141
2026-07-24T18:22:45Z,35.1193317,-106.6876499,1527.0,10997.9,8.808,140,95,141
2026-07-24T18:22:46Z,35.1192551,-106.6876718,1527.0,11006.8,8.957,142,95,141
2026-07-24T18:22:47Z,35.1191773,-106.6876928,1527.0,11015.7,8.883,141,94,148
2026-07-24T18:22:48Z,35.1190984,-106.6877103,1527.0,11024.9,9.144,142,94,148
2026-07-24T18:22:49Z,35.1190984,-106.6877103,1527.0,11033.9,9.032,141,95,148
2026-07-24T18:22:50Z,35.1189379,-106.6877419,1526.8,11042.9,8.995,142,96,147
2026-07-24T18:22:51Z,35.1188584,-106.6877602,1526.8,11052.0,9.107,142,96,146
2026-07-24T18:22:52Z,35.1187796,-106.6877822,1526.8,11061.1,9.069,141,95,150
2026-07-24T18:22:53Z,35.1187024,-106.6878056,1526.8,11070.1,8.995,141,95,148
2026-07-24T18:22:54Z,35.1186230,-106.6878256,1526.6,11079.0,8.995,141,95,145
2026-07-24T18:22:55Z,35.1185443,-106.6878444,1526.6,11088.1,8.957,141,95,150
2026-07-24T18:22:56Z,35.1184640,-106.6878624,1526.6,11096.9,8.883,140,95,145
2026-07-24T18:22:57Z,35.1183850,-106.6878819,1526.4,11105.9,8.995,140,96,152
2026-07-24T18:22:58Z,35.1183850,-106.6878819,1526.4,11114.8,8.883,140,96,165
2026-07-24T18:22:59Z,35.1182278,-106.6879205,1526.4,11123.7,8.929,139,95,158
2026-07-24T18:23:00Z,35.1181496,-106.6879396,1526.4,11132.5,8.845,139,94,165
2026-07-24T18:23:01Z,35.1180710,-106.6879570,1526.4,11141.4,8.827,139,94,145
2026-07-24T18:23:02Z,35.1179920,-106.6879762,1526.4,11150.4,8.957,140,95,154
2026-07-24T18:23:03Z,35.1179134,-106.6879962,1526.4,11159.3,8.948,139,95,147
2026-07-24T18:23:04Z,35.1178343,-106.6880145,1526.4,11168.2,8.967,139,95,147
2026-07-24T18:23:05Z,35.1177551,-106.6880304,1526.4,11177.3,9.023,139,95,138
2026-07-24T18:23:06Z,35.1176749,-106.6880442,1526.4,11186.5,9.172,139,95,154
2026-07-24T18:23:07Z,35.1175953,-106.6880604,1526.4,11195.3,8.911,139,96,141
2026-07-24T18:23:08Z,35.1175157,-106.6880792,1526.4,11204.3,8.985,139,96,142
2026-07-24T18:23:09Z,35.1175157,-106.6880792,1526.4,11213.3,8.985,140,96,147
2026-07-24T18:23:10Z,35.1173601,-106.6881191,1526.4,11222.2,8.911,139,96,146
2026-07-24T18:23:11Z,35.1173601,-106.6881191,1526.4,11231.2,9.004,139,96,142
2026-07-24T18:23:12Z,35.1172007,-106.6881525,1526.2,11240.1,8.892,140,96,143
2026-07-24T18:23:13Z,35.1171204,-106.6881694,1526.2,11249.3,9.153,140,96,145
2026-07-24T18:23:14Z,35.1170421,-106.6881882,1526.2,11258.2,8.892,140,96,147
2026-07-24T18:23:15Z,35.1169625,-106.6882087,1526.0,11267.3,9.041,140,96,156
2026-07-24T18:23:16Z,35.1168820,-106.6882281,1526.0,11276.3,9.041,140,96,151
2026-07-24T18:23:17Z,35.1168017,-106.6882489,1525.8,11285.3,9.041,140,96,151
2026-07-24T18:23:18Z,35.1167219,-106.6882693,1525.8,11294.3,8.967,140,96,144
2026-07-24T18:23:19Z,35.1166445,-106.6882872,1525.6,11302.9,8.650,140,95,155
2026-07-24T18:23:20Z,35.1166445,-106.6882872,1525.6,11311.9,8.967,140,94,164
2026-07-24T18:23:21Z,35.1164901,-106.6883233,1525.6,11320.7,8.827,140,93,177
2026-07-24T18:23:22Z,35.1164139,-106.6883430,1525.4,11329.3,8.612,140,93,172
2026-07-24T18:23:23Z,35.1163357,-106.6883611,1525.4,11338.1,8.752,140,93,171
2026-07-24T18:23:24Z,35.1162588,-106.6883805,1525.4,11346.9,8.808,140,93,165
2026-07-24T18:23:25Z,35.1161819,-106.6883996,1525.4,11355.5,8.603,140,93,165
2026-07-24T18:23:26Z,35.1161060,-106.6884178,1525.4,11364.4,8.883,140,93,182
2026-07-24T18:23:27Z,35.1160294,-106.6884355,1525.2,11373.0,8.650,140,93,184
2026-07-24T18:23:28Z,35.1159529,-106.6884529,1525.2,11381.7,8.650,140,92,197
2026-07-24T18:23:29Z,35.1158778,-106.6884699,1525.4,11390.2,8.547,140,91,223
2026-07-24T18:23:30Z,35.1158034,-106.6884871,1525.4,11398.6,8.416,140,90,200
2026-07-24T18:23:31Z,35.1157288,-106.6885044,1525.4,11407.1,8.482,140,90,195
2026-07-24T18:23:32Z,35.1156537,-106.6885191,1525.4,11415.7,8.538,140,90,183
2026-07-24T18:23:33Z,35.1155792,-106.6885362,1525.4,11424.2,8.538,141,89,179
2026-07-24T18:23:34Z,35.1155792,-106.6885362,1525.4,11432.5,8.370,140,89,166
2026-07-24T18:23:35Z,35.1154321,-106.6885718,1525.4,11441.0,8.370,140,90,164
2026-07-24T18:23:36Z,35.1153571,-106.6885886,1525.4,11449.5,8.631,140,90,167
2026-07-24T18:23:37Z,35.1152822,-106.6886051,1525.4,11458.1,8.538,140,90,170
2026-07-24T18:23:38Z,35.1152822,-106.6886051,1525.4,11466.4,8.276,140,91,161
2026-07-24T18:23:39Z,35.1151318,-106.6886370,1525.4,11474.9,8.510,139,91,168
2026-07-24T18:23:40Z,35.1151318,-106.6886370,1525.2,11483.3,8.407,140,91,162
2026-07-24T18:23:41Z,35.1149814,-106.6886691,1525.2,11491.8,8.472,140,91,167
2026-07-24T18:23:42Z,35.1149814,-106.6886691,1525.2,11500.3,8.500,140,91,171
2026-07-24T18:23:43Z,35.1148301,-106.6887002,1525.2,11508.7,8.435,140,91,171
2026-07-24T18:23:44Z,35.1147696,-106.6887142,1525.2,11517.3,8.640,139,91,172
2026-07-24T18:23:45Z,35.1146929,-106.6887323,1525.2,11525.9,8.566,139,91,166
2026-07-24T18:23:46Z,35.1146175,-106.6887513,1525.2,11534.4,8.500,140,91,178
2026-07-24T18:23:47Z,35.1145272,-106.6887721,1525.2,11543.1,8.743,139,91,179
2026-07-24T18:23:48Z,35.1144661,-106.6887861,1525.2,11551.7,8.603,140,91,177
2026-07-24T18:23:49Z,35.1143760,-106.6888093,1525.2,11560.1,8.370,140,90,176
2026-07-24T18:23:50Z,35.1143157,-106.6888237,1525.0,11568.4,8.258,140,90,184
2026-07-24T18:23:51Z,35.1143157,-106.6888237,1525.0,11576.8,8.463,140,89,195
2026-07-24T18:23:52Z,35.1141536,-106.6888600,1525.0,11585.2,8.351,140,89,194
2026-07-24T18:23:53Z,35.1140800,-106.6888754,1525.0,11593.5,8.286,141,89,196
2026-07-24T18:23:54Z,35.1140063,-106.6888907,1525.0,11601.9,8.370,140,89,192
2026-07-24T18:23:55Z,35.1139333,-106.6889078,1525.0,11610.2,8.351,140,89,193
2026-07-24T18:23:56Z,35.1138595,-106.6889268,1525.0,11618.5,8.286,140,89,199
2026-07-24T18:23:57Z,35.1137852,-106.6889442,1525.0,11627.0,8.547,140,89,192
2026-07-24T18:23:58Z,35.1137109,-106.6889586,1525.0,11635.4,8.379,141,90,193
2026-07-24T18:23:59Z,35.1136508,-106.6889654,1525.2,11643.9,8.510,140,90,179
2026-07-24T18:24:00Z,35.1136508,-106.6889654,1525.2,11652.6,8.687,141,90,196
2026-07-24T18:24:01Z,35.1134981,-106.6889744,1525.4,11660.9,8.323,140,90,199
2026-07-24T18:24:02Z,35.1134212,-106.6889750,1525.4,11669.4,8.463,141,90,196
2026-07-24T18:24:03Z,35.1133461,-106.6889762,1525.4,11677.9,8.556,141,90,180
2026-07-24T18:24:04Z,35.1132697,-106.6889771,1525.4,11686.6,8.612,141,91,161
2026-07-24T18:24:05Z,35.1131782,-106.6889802,1525.4,11695.2,8.650,141,91,196
2026-07-24T18:24:06Z,35.1131167,-106.6889829,1525.6,11703.7,8.510,141,92,249
2026-07-24T18:24:07Z,35.1130228,-106.6889869,1525.6,11712.4,8.650,141,92,181
2026-07-24T18:24:08Z,35.1129607,-106.6889897,1525.8,11721.1,8.752,141,93,159
2026-07-24T18:24:09Z,35.1129607,-106.6889897,1525.8,11729.9,8.752,141,94,161
2026-07-24T18:24:10Z,35.1127865,-106.6889974,1526.0,11738.6,8.752,141,94,182
2026-07-24T18:24:11Z,35.1127077,-106.6889988,1526.0,11747.4,8.827,141,94,163
2026-07-24T18:24:12Z,35.1126456,-106.6890014,1526.0,11756.3,8.892,142,94,167
2026-07-24T18:24:13Z,35.1125666,-106.6890035,1526.0,11765.2,8.855,141,94,167
2026-07-24T18:24:14Z,35.1124709,-106.6890080,1526.0,11774.1,8.929,142,95,159
2026-07-24T18:24:15Z,35.1124067,-106.6890103,1525.8,11782.9,8.790,141,95,157
2026-07-24T18:24:16Z,35.1123117,-106.6890148,1525.8,11791.7,8.827,141,94,146
2026-07-24T18:24:17Z,35.1122479,-106.6890175,1525.8,11800.6,8.892,141,94,154
2026-07-24T18:24:18Z,35.1122479,-106.6890175,1525.8,11809.3,8.715,141,94,154
2026-07-24T18:24:19Z,35.1120733,-106.6890219,1525.8,11818.2,8.892,141,94,163
2026-07-24T18:24:20Z,35.1120110,-106.6890233,1525.6,11827.1,8.790,141,94,163
2026-07-24T18:24:21Z,35.1119324,-106.6890233,1525.6,11835.7,8.715,141,94,157
2026-07-24T18:24:22Z,35.1118532,-106.6890238,1525.4,11844.5,8.808,141,94,157
2026-07-24T18:24:23Z,35.1118532,-106.6890238,1525.4,11853.5,8.892,141,93,163
2026-07-24T18:24:24Z,35.1116951,-106.6890274,1525.4,11862.2,8.752,141,93,156
2026-07-24T18:24:25Z,35.1116159,-106.6890296,1525.4,11871.0,8.790,141,94,156
2026-07-24T18:24:26Z,35.1115203,-106.6890326,1525.2,11880.0,8.985,140,95,141
2026-07-24T18:24:27Z,35.1114559,-106.6890358,1525.2,11888.9,8.967,140,96,142
2026-07-24T18:24:28Z,35.1113743,-106.6890431,1525.2,11898.1,9.163,140,96,132
2026-07-24T18:24:29Z,35.1112929,-106.6890575,1525.0,11907.2,9.051,141,97,136
2026-07-24T18:24:30Z,35.1111954,-106.6890811,1525.0,11916.6,9.396,140,99,142
2026-07-24T18:24:31Z,35.1111296,-106.6890936,1525.0,11925.8,9.237,140,99,145
2026-07-24T18:24:32Z,35.1110487,-106.6891119,1525.0,11934.9,9.125,139,98,141
2026-07-24T18:24:33Z,35.1109680,-106.6891300,1525.0,11943.9,8.976,139,97,135
2026-07-24T18:24:34Z,35.1108710,-106.6891501,1525.2,11952.8,8.939,140,96,145
2026-07-24T18:24:35Z,35.1108710,-106.6891501,1525.2,11961.7,8.827,140,96,150
2026-07-24T18:24:36Z,35.1107131,-106.6891852,1525.2,11970.6,8.939,140,95,151
2026-07-24T18:24:37Z,35.1106337,-106.6892034,1525.2,11979.6,9.051,140,95,147
2026-07-24T18:24:38Z,35.1105541,-106.6892201,1525.2,11988.5,8.827,140,95,150
2026-07-24T18:24:39Z,35.1104758,-106.6892369,1525.2,11997.4,8.901,140,95,139
2026-07-24T18:24:40Z,35.1103980,-106.6892537,1525.2,12006.3,8.901,139,95,133
2026-07-24T18:24:41Z,35.1103980,-106.6892537,1525.2,12015.1,8.799,139,95,133
2026-07-24T18:24:42Z,35.1102420,-106.6892881,1525.2,12023.8,8.687,140,94,142
2026-07-24T18:24:43Z,35.1101645,-106.6893087,1525.0,12032.6,8.864,139,93,153
2026-07-24T18:24:44Z,35.1100876,-106.6893275,1525.0,12041.3,8.706,139,93,151
2026-07-24T18:24:45Z,35.1100111,-106.6893441,1524.8,12050.1,8.752,139,93,146
2026-07-24T18:24:46Z,35.1099334,-106.6893602,1524.8,12058.9,8.845,139,93,181
2026-07-24T18:24:47Z,35.1099334,-106.6893602,1524.8,12067.7,8.780,139,93,168
2026-07-24T18:24:48Z,35.1097780,-106.6893920,1524.8,12076.5,8.752,139,93,173
2026-07-24T18:24:49Z,35.1097014,-106.6894084,1524.8,12085.0,8.547,139,92,157
2026-07-24T18:24:50Z,35.1097014,-106.6894084,1524.8,12093.8,8.790,138,92,152
2026-07-24T18:24:51Z,35.1095486,-106.6894407,1524.8,12102.4,8.584,138,91,157
2026-07-24T18:24:52Z,35.1094730,-106.6894560,1525.0,12111.0,8.650,138,91,165
2026-07-24T18:24:53Z,35.1093955,-106.6894721,1525.0,12119.8,8.790,138,92,174
2026-07-24T18:24:54Z,35.1093209,-106.6894871,1525.0,12128.5,8.687,137,92,164
2026-07-24T18:24:55Z,35.1092455,-106.6895024,1525.0,12137.1,8.640,138,92,164
2026-07-24T18:24:56Z,35.1091694,-106.6895178,1525.4,12145.6,8.444,138,92,175
2026-07-24T18:24:57Z,35.1090932,-106.6895350,1525.4,12154.2,8.640,138,92,150
2026-07-24T18:24:58Z,35.1090167,-106.6895537,1525.8,12162.9,8.678,138,93,157
2026-07-24T18:24:59Z,35.1089413,-106.6895739,1525.8,12171.5,8.603,139,93,152
2026-07-24T18:25:00Z,35.1088644,-106.6895926,1525.8,12180.2,8.678,138,92,146
2026-07-24T18:25:01Z,35.1087861,-106.6896099,1525.8,12188.7,8.472,139,92,164
2026-07-24T18:25:02Z,35.1087106,-106.6896264,1525.8,12197.1,8.407,139,91,174
2026-07-24T18:25:03Z,35.1086343,-106.6896454,1525.8,12205.8,8.706,139,91,168
2026-07-24T18:25:04Z,35.1085585,-106.6896641,1525.8,12214.2,8.444,139,91,168
2026-07-24T18:25:05Z,35.1084827,-106.6896808,1525.6,12222.6,8.379,139,90,177
2026-07-24T18:25:06Z,35.1084081,-106.6896972,1525.4,12231.0,8.444,140,90,180
2026-07-24T18:25:07Z,35.1083343,-106.6897165,1525.4,12239.3,8.314,140,89,181
2026-07-24T18:25:08Z,35.1082609,-106.6897359,1525.2,12247.8,8.407,139,90,196
2026-07-24T18:25:09Z,35.1081874,-106.6897538,1525.2,12256.2,8.491,140,90,227
2026-07-24T18:25:10Z,35.1081122,-106.6897699,1525.2,12264.8,8.575,140,91,230
2026-07-24T18:25:11Z,35.1080378,-106.6897862,1525.2,12273.2,8.332,140,90,217
2026-07-24T18:25:12Z,35.1079633,-106.6898029,1525.2,12281.3,8.192,140,88,226
2026-07-24T18:25:13Z,35.1078905,-106.6898189,1525.2,12289.5,8.099,141,87,223
2026-07-24T18:25:14Z,35.1078193,-106.6898368,1525.2,12297.4,7.950,140,86,194
2026-07-24T18:25:15Z,35.1077470,-106.6898531,1525.2,12306.0,8.538,141,89,173
2026-07-24T18:25:16Z,35.1076721,-106.6898699,1525.2,12314.4,8.510,141,90,163
2026-07-24T18:25:17Z,35.1075963,-106.6898865,1525.2,12323.1,8.678,141,92,166
2026-07-24T18:25:18Z,35.1075192,-106.6899034,1525.2,12331.8,8.715,142,93,174
2026-07-24T18:25:19Z,35.1074434,-106.6899200,1525.2,12340.5,8.612,141,92,174
2026-07-24T18:25:20Z,35.1073673,-106.6899362,1525.2,12349.0,8.538,141,92,181
2026-07-24T18:25:21Z,35.1073673,-106.6899362,1525.2,12357.7,8.715,142,92,178
2026-07-24T18:25:22Z,35.1072137,-106.6899705,1525.2,12366.3,8.566,142,92,178
2026-07-24T18:25:23Z,35.1071372,-106.6899895,1525.4,12375.0,8.696,142,92,168
2026-07-24T18:25:24Z,35.1070627,-106.6900069,1525.2,12383.9,8.911,142,92,161
2026-07-24T18:25:25Z,35.1069865,-106.6900253,1525.2,12392.6,8.734,141,93,169
2026-07-24T18:25:26Z,35.1069117,-106.6900454,1525.2,12401.2,8.594,142,92,184
2026-07-24T18:25:27Z,35.1068357,-106.6900663,1525.2,12409.7,8.463,142,92,199
2026-07-24T18:25:28Z,35.1067627,-106.6900902,1525.2,12418.0,8.332,142,90,201
2026-07-24T18:25:29Z,35.1066934,-106.6901186,1525.2,12426.0,8.015,142,90,249
2026-07-24T18:25:30Z,35.1066326,-106.6901568,1525.2,12433.4,7.334,142,87,249
2026-07-24T18:25:31Z,35.1065765,-106.6902003,1525.2,12440.5,7.138,142,78,222
2026-07-24T18:25:32Z,35.1065222,-106.6902386,1525.2,12448.3,7.828,142,76,214
2026-07-24T18:25:33Z,35.1064677,-106.6902634,1525.4,12455.3,7.026,142,76,301
2026-07-24T18:25:34Z,35.1064208,-106.6902795,1525.4,12462.1,6.783,142,79,291
2026-07-24T18:25:35Z,35.1063756,-106.6902893,1525.4,12469.2,7.045,142,89,193
2026-07-24T18:25:36Z,35.1063260,-106.6902950,1525.6,12476.0,6.877,142,89,130
2026-07-24T18:25:37Z,35.1062783,-106.6902994,1525.8,12483.0,6.970,142,89,117
2026-07-24T18:25:38Z,35.1062312,-106.6903043,1526.2,12490.0,6.998,142,89,109
2026-07-24T18:25:39Z,35.1061845,-106.6903110,1526.2,12496.8,6.783,142,89,109
2026-07-24T18:25:40Z,35.1061388,-106.6903203,1526.6,12503.5,6.681,142,89,100
2026-07-24T18:25:41Z,35.1060991,-106.6903229,1526.8,12510.5,7.026,142,89,76
2026-07-24T18:25:42Z,35.1060660,-106.6903069,1527.2,12517.6,7.073,142,88,67
2026-07-24T18:25:43Z,35.1060660,-106.6903069,1527.6,12524.8,7.213,142,89,81
2026-07-24T18:25:44Z,35.1059949,-106.6901846,1527.8,12532.0,7.231,142,91,58
2026-07-24T18:25:45Z,35.1059859,-106.6901002,1528.0,12540.0,7.940,142,75,10
2026-07-24T18:25:46Z,35.1059771,-106.6900109,1528.0,12547.8,7.884,142,75,0
2026-07-24T18:25:47Z,35.1059541,-106.6899306,1528.0,12555.6,7.772,142,75,0
2026-07-24T18:25:48Z,35.1059140,-106.6898650,1528.0,12563.2,7.586,141,0,0
2026-07-24T18:25:49Z,35.1058639,-106.6898292,1528.0,12570.4,7.213,142,15,10
2026-07-24T18:25:50Z,35.1057995,-106.6898277,1528.0,12577.7,7.269,141,15,201
2026-07-24T18:25:51Z,35.1057267,-106.6898355,1527.6,12585.1,7.427,141,93,201
2026-07-24T18:25:52Z,35.1056535,-106.6898412,1527.2,12592.6,7.483,141,96,153
2026-07-24T18:25:53Z,35.1055793,-106.6898461,1527.0,12600.6,7.968,141,97,136
2026-07-24T18:25:54Z,35.1055023,-106.6898491,1526.8,12608.4,7.856,141,100,120
2026-07-24T18:25:55Z,35.1054262,-106.6898539,1526.8,12616.2,7.772,141,101,117
2026-07-24T18:25:56Z,35.1053494,-106.6898592,1526.6,12624.0,7.800,141,101,110
2026-07-24T18:25:57Z,35.1052725,-106.6898644,1526.4,12631.9,7.912,140,101,114
2026-07-24T18:25:58Z,35.1051971,-106.6898713,1526.2,12639.8,7.856,140,101,115
2026-07-24T18:25:59Z,35.1051206,-106.6898759,1525.8,12647.7,7.912,140,101,115
2026-07-24T18:26:00Z,35.1050431,-106.6898819,1525.8,12655.9,8.211,140,103,124
2026-07-24T18:26:01Z,35.1049658,-106.6898858,1525.6,12664.0,8.099,140,103,120
2026-07-24T18:26:02Z,35.1048891,-106.6898888,1525.6,12672.0,8.071,139,103,120
2026-07-24T18:26:03Z,35.1048121,-106.6898940,1525.4,12680.1,8.062,140,103,105
2026-07-24T18:26:04Z,35.1047357,-106.6899019,1525.4,12688.0,7.884,139,104,110
2026-07-24T18:26:05Z,35.1047357,-106.6899019,1525.4,12696.3,8.258,139,104,111
2026-07-24T18:26:06Z,35.1046591,-106.6899074,1525.4,12704.4,8.183,139,104,117
2026-07-24T18:26:07Z,35.1045041,-106.6899102,1525.2,12712.5,8.043,138,104,123
2026-07-24T18:26:08Z,35.1044275,-106.6899093,1525.2,12720.8,8.258,138,104,144
2026-07-24T18:26:09Z,35.1043495,-106.6899075,1525.2,12728.8,8.108,137,103,127
2026-07-24T18:26:10Z,35.1042727,-106.6899142,1525.2,12737.2,8.314,137,103,120
2026-07-24T18:26:11Z,35.1041949,-106.6899190,1525.0,12745.3,8.192,137,104,124
2026-07-24T18:26:12Z,35.1041201,-106.6899232,1525.0,12753.7,8.351,136,104,126
2026-07-24T18:26:13Z,35.1040465,-106.6899257,1525.0,12761.8,8.136,136,104,120
2026-07-24T18:26:14Z,35.1039735,-106.6899269,1525.0,12769.9,8.015,137,103,125
2026-07-24T18:26:15Z,35.1038999,-106.6899293,1525.0,12777.9,8.071,136,102,132
2026-07-24T18:26:16Z,35.1038275,-106.6899299,1525.0,12785.9,7.987,136,102,129
2026-07-24T18:26:17Z,35.1037557,-106.6899313,1525.0,12793.8,7.847,137,102,122
2026-07-24T18:26:18Z,35.1036861,-106.6899345,1525.0,12801.8,8.043,137,101,125
2026-07-24T18:26:19Z,35.1036165,-106.6899372,1525.0,12809.8,7.987,137,100,135
2026-07-24T18:26:20Z,35.1035471,-106.6899370,1525.0,12817.6,7.772,136,100,132
2026-07-24T18:26:21Z,35.1035471,-106.6899370,1525.2,12825.3,7.791,136,100,129
2026-07-24T18:26:22Z,35.1034080,-106.6899381,1525.2,12833.1,7.772,136,100,140
2026-07-24T18:26:23Z,35.1033375,-106.6899402,1525.2,12840.9,7.772,135,99,135
2026-07-24T18:26:24Z,35.1032682,-106.6899413,1525.2,12848.6,7.660,135,99,132
2026-07-24T18:26:25Z,35.1031985,-106.6899397,1525.2,12856.3,7.791,135,99,135
2026-07-24T18:26:26Z,35.1031285,-106.6899373,1525.0,12864.2,7.866,134,99,132
2026-07-24T18:26:27Z,35.1030585,-106.6899391,1525.0,12871.9,7.716,136,99,146
2026-07-24T18:26:28Z,35.1029886,-106.6899427,1525.0,12879.6,7.688,135,99,142
2026-07-24T18:26:29Z,35.1029185,-106.6899470,1525.0,12887.5,7.875,134,100,142
2026-07-24T18:26:30Z,35.1028479,-106.6899516,1525.0,12895.6,8.136,135,100,149
2026-07-24T18:26:31Z,35.1027790,-106.6899549,1525.0,12903.7,8.024,135,101,126
2026-07-24T18:26:32Z,35.1027083,-106.6899551,1525.0,12911.6,7.978,135,102,130
2026-07-24T18:26:33Z,35.1026372,-106.6899570,1525.0,12919.5,7.847,135,101,126
2026-07-24T18:26:34Z,35.1025657,-106.6899601,1525.0,12927.7,8.202,134,102,137
2026-07-24T18:26:35Z,35.1024956,-106.6899629,1525.0,12935.6,7.875,135,102,142
2026-07-24T18:26:36Z,35.1024956,-106.6899629,1525.0,12943.4,7.847,135,101,142
2026-07-24T18:26:37Z,35.1023562,-106.6899708,1525.0,12951.4,7.959,135,100,142
2026-07-24T18:26:38Z,35.1022857,-106.6899739,1525.0,12959.3,7.931,135,101,140
2026-07-24T18:26:39Z,35.1022857,-106.6899739,1525.0,12967.5,8.258,136,103,127
2026-07-24T18:26:40Z,35.1021395,-106.6899825,1525.0,12975.8,8.230,136,106,120
2026-07-24T18:26:41Z,35.1020650,-106.6899892,1525.0,12984.3,8.444,136,107,118
2026-07-24T18:26:42Z,35.1019903,-106.6899923,1525.0,12992.7,8.472,136,108,92
2026-07-24T18:26:43Z,35.1019165,-106.6899955,1525.0,13001.3,8.566,136,108,112
2026-07-24T18:26:44Z,35.1018437,-106.6899995,1525.0,13009.9,8.603,136,108,109
2026-07-24T18:26:45Z,35.1017703,-106.6900052,1525.0,13018.2,8.342,136,107,109
2026-07-24T18:26:46Z,35.1016967,-106.6900121,1525.0,13026.5,8.314,136,107,154
2026-07-24T18:26:47Z,35.1016229,-106.6900161,1525.0,13035.2,8.668,136,98,154
2026-07-24T18:26:48Z,35.1015479,-106.6900164,1525.0,13043.6,8.435,136,98,221
2026-07-24T18:26:49Z,35.1014721,-106.6900149,1525.0,13052.1,8.500,136,99,142
2026-07-24T18:26:50Z,35.1013965,-106.6900111,1525.0,13060.5,8.360,136,98,137
2026-07-24T18:26:51Z,35.1013210,-106.6900074,1525.0,13069.0,8.500,136,98,144
2026-07-24T18:26:52Z,35.1012461,-106.6900012,1525.2,13077.3,8.314,137,98,137
2026-07-24T18:26:53Z,35.1011721,-106.6899914,1525.0,13085.7,8.370,136,97,133
2026-07-24T18:26:54Z,35.1010975,-106.6899791,1525.0,13093.9,8.220,137,97,131
2026-07-24T18:26:55Z,35.1010247,-106.6899651,1525.0,13102.1,8.248,137,96,149
2026-07-24T18:26:56Z,35.1009539,-106.6899485,1525.0,13110.4,8.248,136,95,151
2026-07-24T18:26:57Z,35.1008867,-106.6899301,1525.0,13118.4,8.006,137,94,163
2026-07-24T18:26:58Z,35.1008867,-106.6899301,1524.6,13126.7,8.276,137,95,220
2026-07-24T18:26:59Z,35.1007464,-106.6898915,1524.8,13134.8,8.108,137,95,177
2026-07-24T18:27:00Z,35.1006754,-106.6898717,1524.8,13142.8,7.978,136,95,167
2026-07-24T18:27:01Z,35.1006041,-106.6898482,1524.8,13151.1,8.314,136,95,153
2026-07-24T18:27:02Z,35.1005346,-106.6898199,1524.8,13159.3,8.183,136,95,164
2026-07-24T18:27:03Z,35.1004663,-106.6897851,1524.6,13167.5,8.220,135,96,180
2026-07-24T18:27:04Z,35.1003997,-106.6897460,1524.6,13175.8,8.342,135,96,153
2026-07-24T18:27:05Z,35.1003334,-106.6897068,1524.6,13184.0,8.183,136,96,153
2026-07-24T18:27:06Z,35.1002661,-106.6896681,1524.6,13192.4,8.342,135,97,139
2026-07-24T18:27:07Z,35.1001991,-106.6896294,1524.6,13200.6,8.276,135,97,133
2026-07-24T18:27:08Z,35.1001317,-106.6895915,1524.6,13208.8,8.155,135,96,138
2026-07-24T18:27:09Z,35.1000650,-106.6895524,1524.6,13217.1,8.342,135,97,142
2026-07-24T18:27:10Z,35.0999982,-106.6895126,1524.6,13225.4,8.276,135,97,146
2026-07-24T18:27:11Z,35.0999982,-106.6895126,1524.6,13233.7,8.342,135,98,144
2026-07-24T18:27:12Z,35.0998629,-106.6894296,1524.6,13242.3,8.603,136,98,155
2026-07-24T18:27:13Z,35.0997960,-106.6893885,1524.6,13250.7,8.370,135,98,153
2026-07-24T18:27:14Z,35.0997254,-106.6893481,1524.6,13259.1,8.426,136,99,132
2026-07-24T18:27:15Z,35.0996556,-106.6893087,1524.6,13267.6,8.435,136,99,127
2026-07-24T18:27:16Z,35.0995862,-106.6892678,1524.6,13276.2,8.612,135,99,125
2026-07-24T18:27:17Z,35.0995191,-106.6892269,1524.6,13284.6,8.444,136,99,143
2026-07-24T18:27:18Z,35.0994526,-106.6891849,1524.6,13292.9,8.276,136,98,134
2026-07-24T18:27:19Z,35.0993866,-106.6891455,1524.6,13301.1,8.164,135,97,123
2026-07-24T18:27:20Z,35.0993866,-106.6891455,1524.6,13309.3,8.248,136,96,158
2026-07-24T18:27:21Z,35.0992545,-106.6890702,1524.6,13317.5,8.164,136,96,169
2026-07-24T18:27:22Z,35.0991878,-106.6890305,1524.6,13325.8,8.295,136,96,169
2026-07-24T18:27:23Z,35.0991878,-106.6890305,1524.4,13334.3,8.510,136,97,149
2026-07-24T18:27:24Z,35.0990532,-106.6889486,1524.4,13342.8,8.482,135,98,152
2026-07-24T18:27:25Z,35.0989854,-106.6889094,1524.4,13351.1,8.323,136,98,143
2026-07-24T18:27:26Z,35.0989854,-106.6889094,1524.2,13359.3,8.164,135,97,140
2026-07-24T18:27:27Z,35.0988522,-106.6888334,1524.2,13367.7,8.444,136,96,138
2026-07-24T18:27:28Z,35.0987861,-106.6887954,1524.2,13375.8,8.155,136,96,159
2026-07-24T18:27:29Z,35.0987207,-106.6887561,1524.2,13384.2,8.323,136,96,159
2026-07-24T18:27:30Z,35.0986545,-106.6887157,1524.2,13392.5,8.332,137,96,170
2026-07-24T18:27:31Z,35.0985884,-106.6886774,1524.0,13400.7,8.202,136,96,154
2026-07-24T18:27:32Z,35.0985231,-106.6886403,1524.0,13409.0,8.267,136,96,158
2026-07-24T18:27:33Z,35.0984568,-106.6886021,1524.0,13417.3,8.360,137,96,152
2026-07-24T18:27:34Z,35.0983895,-106.6885617,1524.0,13425.6,8.267,137,96,147
2026-07-24T18:27:35Z,35.0983235,-106.6885217,1524.0,13433.9,8.295,138,97,141
2026-07-24T18:27:36Z,35.0982569,-106.6884800,1524.0,13442.2,8.267,138,97,155
2026-07-24T18:27:37Z,35.0981899,-106.6884390,1524.0,13450.6,8.454,138,97,145
2026-07-24T18:27:38Z,35.0981238,-106.6883997,1524.0,13459.0,8.360,138,97,140
2026-07-24T18:27:39Z,35.0980565,-106.6883618,1524.0,13467.2,8.174,138,96,139
2026-07-24T18:27:40Z,35.0979907,-106.6883269,1523.8,13475.4,8.267,138,96,164
2026-07-24T18:27:41Z,35.0979245,-106.6882903,1523.8,13484.0,8.556,138,97,233
2026-07-24T18:27:42Z,35.0979245,-106.6882903,1523.8,13492.3,8.314,139,97,181
2026-07-24T18:27:43Z,35.0977892,-106.6882163,1523.8,13500.7,8.360,138,97,183
2026-07-24T18:27:44Z,35.0977217,-106.6881805,1523.8,13509.0,8.314,138,97,156
2026-07-24T18:27:45Z,35.0976530,-106.6881427,1523.6,13517.4,8.398,138,97,141
2026-07-24T18:27:46Z,35.0975851,-106.6881029,1523.6,13525.8,8.463,138,97,133
2026-07-24T18:27:47Z,35.0975180,-106.6880615,1523.4,13534.2,8.360,138,97,141
2026-07-24T18:27:48Z,35.0974511,-106.6880209,1523.4,13542.5,8.314,138,97,152
2026-07-24T18:27:49Z,35.0973876,-106.6879822,1523.4,13550.7,8.146,138,96,167
2026-07-24T18:27:50Z,35.0973227,-106.6879433,1523.4,13558.8,8.183,137,96,148
2026-07-24T18:27:51Z,35.0972567,-106.6879026,1523.6,13567.0,8.183,138,96,136
2026-07-24T18:27:52Z,35.0971899,-106.6878593,1523.4,13575.5,8.463,137,97,152
2026-07-24T18:27:53Z,35.0971260,-106.6878168,1523.4,13583.9,8.398,138,97,143
2026-07-24T18:27:54Z,35.0970640,-106.6877694,1523.4,13592.1,8.267,138,97,138
2026-07-24T18:27:55Z,35.0970640,-106.6877694,1523.6,13600.8,8.594,138,98,136
2026-07-24T18:27:56Z,35.0969366,-106.6876718,1523.6,13609.2,8.435,138,98,128
2026-07-24T18:27:57Z,35.0968751,-106.6876204,1523.6,13617.6,8.398,138,98,139
2026-07-24T18:27:58Z,35.0968159,-106.6875661,1523.6,13625.7,8.183,138,98,150
2026-07-24T18:27:59Z,35.0967569,-106.6875110,1523.6,13634.0,8.304,138,97,156
2026-07-24T18:28:00Z,35.0966998,-106.6874563,1523.6,13642.3,8.211,138,96,155
2026-07-24T18:28:01Z,35.0966427,-106.6874027,1523.4,13650.4,8.118,138,95,158
2026-07-24T18:28:02Z,35.0965841,-106.6873496,1523.4,13658.5,8.118,138,95,154
2026-07-24T18:28:03Z,35.0965241,-106.6873014,1523.4,13666.7,8.211,138,95,149
2026-07-24T18:28:04Z,35.0964610,-106.6872584,1523.4,13674.9,8.183,138,95,137
2026-07-24T18:28:05Z,35.0963965,-106.6872200,1523.4,13683.0,8.118,138,95,139
2026-07-24T18:28:06Z,35.0963308,-106.6871842,1523.4,13691.2,8.183,138,95,133
2026-07-24T18:28:07Z,35.0962630,-106.6871460,1523.4,13699.5,8.351,138,96,125
2026-07-24T18:28:08Z,35.0961951,-106.6871060,1523.4,13708.0,8.463,138,98,122
2026-07-24T18:28:09Z,35.0961272,-106.6870665,1523.4,13716.5,8.528,138,98,114
2026-07-24T18:28:10Z,35.0960590,-106.6870274,1523.4,13725.0,8.510,138,98,121
2026-07-24T18:28:11Z,35.0959901,-106.6869885,1523.4,13733.4,8.379,138,99,126
2026-07-24T18:28:12Z,35.0959232,-106.6869457,1523.4,13741.8,8.360,138,98,131
2026-07-24T18:28:13Z,35.0958586,-106.6868985,1523.2,13750.0,8.267,138,98,161
2026-07-24T18:28:14Z,35.0957971,-106.6868504,1523.2,13758.4,8.398,138,97,161
2026-07-24T18:28:15Z,35.0957362,-106.6868005,1523.2,13766.7,8.267,138,96,176
2026-07-24T18:28:16Z,35.0956764,-106.6867494,1523.2,13775.0,8.239,138,96,163
2026-07-24T18:28:17Z,35.0956156,-106.6866990,1523.0,13783.2,8.267,137,96,157
2026-07-24T18:28:18Z,35.0955564,-106.6866484,1523.0,13791.3,8.090,138,95,141
2026-07-24T18:28:19Z,35.0954990,-106.6865982,1523.0,13799.4,8.071,138,94,147
2026-07-24T18:28:20Z,35.0954418,-106.6865473,1523.0,13807.6,8.211,138,93,149
2026-07-24T18:28:21Z,35.0953872,-106.6864922,1523.0,13815.6,7.978,138,93,147
2026-07-24T18:28:22Z,35.0953360,-106.6864314,1523.0,13823.5,7.931,138,93,174
2026-07-24T18:28:23Z,35.0952911,-106.6863644,1523.0,13831.6,8.118,138,93,196
2026-07-24T18:28:24Z,35.0952511,-106.6862917,1523.0,13839.6,7.978,138,92,185
2026-07-24T18:28:25Z,35.0952143,-106.6862194,1523.0,13847.5,7.912,138,92,185
2026-07-24T18:28:26Z,35.0951776,-106.6861487,1523.0,13855.4,7.912,138,92,179
2026-07-24T18:28:27Z,35.0951401,-106.6860771,1523.0,13863.7,8.267,139,93,194
2026-07-24T18:28:28Z,35.0951023,-106.6860050,1523.4,13871.7,8.006,139,93,180
2026-07-24T18:28:29Z,35.0950645,-106.6859329,1523.4,13879.7,7.978,139,93,167
2026-07-24T18:28:30Z,35.0950257,-106.6858607,1523.4,13887.7,8.034,139,94,165
2026-07-24T18:28:31Z,35.0949872,-106.6857882,1523.4,13895.8,8.146,139,94,170
2026-07-24T18:28:32Z,35.0949484,-106.6857158,1523.4,13903.9,8.006,140,94,182
2026-07-24T18:28:33Z,35.0949102,-106.6856422,1523.4,13912.0,8.118,140,94,165
2026-07-24T18:28:34Z,35.0948720,-106.6855682,1523.4,13920.4,8.398,140,95,173
2026-07-24T18:28:35Z,35.0948325,-106.6854944,1523.4,13928.5,8.090,140,95,188
2026-07-24T18:28:36Z,35.0947923,-106.6854210,1523.4,13936.7,8.239,140,95,184
2026-07-24T18:28:37Z,35.0947501,-106.6853484,1523.4,13944.9,8.192,140,95,170
2026-07-24T18:28:38Z,35.0947096,-106.6852745,1523.4,13953.0,8.127,140,95,167
2026-07-24T18:28:39Z,35.0946698,-106.6852006,1523.6,13961.0,7.931,141,95,152
2026-07-24T18:28:40Z,35.0946297,-106.6851273,1523.6,13969.3,8.351,141,95,163
2026-07-24T18:28:41Z,35.0945880,-106.6850530,1523.6,13977.5,8.230,141,95,158
2026-07-24T18:28:42Z,35.0945475,-106.6849798,1523.8,13985.6,8.108,141,95,147
2026-07-24T18:28:43Z,35.0945077,-106.6849055,1523.8,13993.7,8.108,141,95,160
2026-07-24T18:28:44Z,35.0944684,-106.6848329,1523.8,14002.0,8.230,141,95,169
2026-07-24T18:28:45Z,35.0944294,-106.6847604,1523.8,14010.2,8.211,141,95,174
2026-07-24T18:28:46Z,35.0943906,-106.6846884,1523.8,14018.3,8.108,141,96,158
2026-07-24T18:28:47Z,35.0943514,-106.6846141,1523.8,14026.6,8.323,141,95,154
2026-07-24T18:28:48Z,35.0943121,-106.6845401,1523.8,14035.0,8.351,141,96,166
2026-07-24T18:28:49Z,35.0942709,-106.6844641,1523.8,14043.1,8.136,141,96,173
2026-07-24T18:28:50Z,35.0942310,-106.6843897,1523.8,14051.3,8.239,141,96,169
2026-07-24T18:28:51Z,35.0941893,-106.6843173,1523.8,14059.5,8.192,141,96,181
2026-07-24T18:28:52Z,35.0941475,-106.6842455,1523.6,14067.7,8.164,141,95,195
2026-07-24T18:28:53Z,35.0941062,-106.6841741,1523.6,14075.7,8.015,141,94,189
2026-07-24T18:28:54Z,35.0940654,-106.6841014,1523.4,14083.7,8.015,141,94,182
2026-07-24T18:28:55Z,35.0940253,-106.6840291,1523.4,14091.9,8.108,141,93,193
2026-07-24T18:28:56Z,35.0939859,-106.6839558,1523.4,14099.9,8.071,141,94,186
2026-07-24T18:28:57Z,35.0939474,-106.6838820,1523.4,14108.0,8.108,141,95,212
2026-07-24T18:28:58Z,35.0939084,-106.6838083,1523.4,14116.4,8.416,140,96,199
2026-07-24T18:28:59Z,35.0938694,-106.6837338,1523.4,14124.7,8.267,141,96,196
2026-07-24T18:29:00Z,35.0938298,-106.6836574,1523.4,14133.0,8.258,140,96,200
2026-07-24T18:29:01Z,35.0937887,-106.6835809,1523.6,14141.5,8.510,141,97,199
2026-07-24T18:29:02Z,35.0937456,-106.6835060,1523.6,14149.7,8.267,141,97,200
2026-07-24T18:29:03Z,35.0937042,-106.6834329,1523.8,14158.1,8.379,141,97,181
2026-07-24T18:29:04Z,35.0936634,-106.6833582,1523.8,14166.4,8.286,141,96,170
2026-07-24T18:29:05Z,35.0936224,-106.6832841,1523.8,14174.7,8.286,140,97,175
2026-07-24T18:29:06Z,35.0935814,-106.6832089,1523.8,14182.9,8.174,141,97,174
2026-07-24T18:29:07Z,35.0935421,-106.6831332,1523.8,14191.2,8.295,141,97,172
2026-07-24T18:29:08Z,35.0935036,-106.6830576,1523.8,14199.6,8.454,141,97,177
2026-07-24T18:29:09Z,35.0934643,-106.6829820,1523.8,14207.9,8.295,141,97,170
2026-07-24T18:29:10Z,35.0934244,-106.6829073,1523.8,14216.4,8.519,141,97,157
2026-07-24T18:29:11Z,35.0933838,-106.6828320,1523.8,14224.9,8.491,141,97,175
2026-07-24T18:29:12Z,35.0933423,-106.6827574,1523.6,14233.3,8.426,141,97,171
2026-07-24T18:29:13Z,35.0932995,-106.6826839,1523.6,14241.6,8.230,141,96,167
2026-07-24T18:29:14Z,35.0932542,-106.6826135,1523.6,14250.0,8.426,141,96,170
2026-07-24T18:29:15Z,35.0932112,-106.6825393,1523.6,14258.5,8.454,141,98,156
2026-07-24T18:29:16Z,35.0931711,-106.6824616,1523.6,14267.1,8.650,141,98,155
2026-07-24T18:29:17Z,35.0931303,-106.6823838,1523.6,14275.5,8.454,141,99,170
2026-07-24T18:29:18Z,35.0930871,-106.6823073,1523.6,14283.9,8.388,141,100,162
2026-07-24T18:29:19Z,35.0930407,-106.6822344,1523.8,14292.6,8.650,142,99,156
2026-07-24T18:29:20Z,35.0929918,-106.6821656,1523.8,14301.0,8.388,141,99,185
2026-07-24T18:29:21Z,35.0929438,-106.6820964,1523.8,14309.2,8.230,142,98,175
2026-07-24T18:29:22Z,35.0928992,-106.6820269,1523.8,14317.3,8.052,142,96,188
2026-07-24T18:29:23Z,35.0928572,-106.6819543,1523.8,14325.6,8.323,142,95,205
2026-07-24T18:29:24Z,35.0928165,-106.6818783,1524.0,14333.9,8.323,143,96,181
2026-07-24T18:29:25Z,35.0927758,-106.6818027,1524.0,14342.3,8.370,142,96,183
2026-07-24T18:29:26Z,35.0927350,-106.6817271,1524.0,14350.9,8.584,142,98,183
2026-07-24T18:29:27Z,35.0926930,-106.6816508,1524.2,14359.5,8.622,142,98,193
2026-07-24T18:29:28Z,35.0926511,-106.6815752,1524.2,14368.1,8.584,142,99,180
2026-07-24T18:29:29Z,35.0926078,-106.6815006,1524.2,14376.4,8.295,142,99,154
2026-07-24T18:29:30Z,35.0925640,-106.6814254,1524.2,14384.9,8.556,143,99,142
2026-07-24T18:29:31Z,35.0925199,-106.6813494,1524.2,14393.4,8.519,143,99,141
2026-07-24T18:29:32Z,35.0924768,-106.6812729,1524.2,14402.0,8.556,143,100,137
2026-07-24T18:29:33Z,35.0924371,-106.6811952,1524.2,14410.3,8.323,143,99,177
2026-07-24T18:29:34Z,35.0923970,-106.6811193,1524.2,14418.9,8.584,143,99,211
2026-07-24T18:29:35Z,35.0923535,-106.6810435,1524.2,14427.3,8.454,143,99,131
2026-07-24T18:29:36Z,35.0923113,-106.6809679,1524.0,14435.4,7.996,143,99,124
2026-07-24T18:29:37Z,35.0922694,-106.6808947,1523.8,14443.5,8.118,143,99,124
2026-07-24T18:29:38Z,35.0922289,-106.6808215,1523.8,14451.5,8.062,144,41,124
2026-07-24T18:29:39Z,35.0921900,-106.6807470,1523.8,14459.7,8.183,143,95,278
2026-07-24T18:29:40Z,35.0921491,-106.6806720,1523.6,14467.8,8.090,143,97,247
2026-07-24T18:29:41Z,35.0921063,-106.6805968,1523.6,14476.1,8.295,143,97,203
2026-07-24T18:29:42Z,35.0920635,-106.6805202,1523.6,14484.6,8.463,143,98,176
2026-07-24T18:29:43Z,35.0920225,-106.6804437,1523.6,14492.9,8.370,143,99,176
2026-07-24T18:29:44Z,35.0919792,-106.6803679,1523.6,14501.3,8.332,143,99,160
2026-07-24T18:29:45Z,35.0919364,-106.6802929,1523.4,14509.7,8.398,143,99,162
2026-07-24T18:29:46Z,35.0918926,-106.6802186,1523.4,14517.9,8.276,144,98,141
2026-07-24T18:29:47Z,35.0918514,-106.6801429,1523.4,14526.1,8.183,143,98,136
2026-07-24T18:29:48Z,35.0918130,-106.6800667,1523.4,14534.3,8.164,144,97,175
2026-07-24T18:29:49Z,35.0917727,-106.6799928,1523.4,14542.5,8.211,143,96,149
2026-07-24T18:29:50Z,35.0917269,-106.6799262,1523.4,14550.5,8.015,144,97,180
2026-07-24T18:29:51Z,35.0916694,-106.6798753,1523.2,14557.9,7.390,144,92,257
2026-07-24T18:29:52Z,35.0916049,-106.6798410,1523.2,14565.3,7.343,144,88,242
2026-07-24T18:29:53Z,35.0915404,-106.6798198,1523.2,14572.4,7.129,144,86,234
2026-07-24T18:29:54Z,35.0914775,-106.6798100,1523.2,14579.0,6.671,144,83,257
2026-07-24T18:29:55Z,35.0914182,-106.6798197,1523.2,14585.6,6.587,144,81,309
2026-07-24T18:29:56Z,35.0913678,-106.6798535,1523.4,14592.2,6.550,144,78,303
2026-07-24T18:29:57Z,35.0913307,-106.6799068,1523.4,14598.8,6.606,144,78,316
2026-07-24T18:29:58Z,35.0912951,-106.6799667,1523.6,14605.9,7.101,144,77,316
2026-07-24T18:29:59Z,35.0912494,-106.6800244,1523.6,14613.3,7.418,144,83,181
2026-07-24T18:30:00Z,35.0911937,-106.6800783,1524.0,14621.3,8.015,144,90,98
2026-07-24T18:30:01Z,35.0911261,-106.6801202,1524.2,14629.7,8.388,144,96,90
2026-07-24T18:30:02Z,35.0910540,-106.6801437,1524.2,14638.0,8.258,144,74,31
2026-07-24T18:30:03Z,35.0909822,-106.6801599,1524.2,14646.8,8.790,145,74,0
2026-07-24T18:30:04Z,35.0909141,-106.6801646,1524.2,14655.6,8.827,144,74,0
2026-07-24T18:30:05Z,35.0908481,-106.6801453,1524.2,14664.6,9.051,145,0,0
2026-07-24T18:30:06Z,35.0907882,-106.6800986,1524.2,14673.2,8.519,144,18,8
2026-07-24T18:30:07Z,35.0907515,-106.6800343,1524.2,14681.6,8.416,145,99,114
2026-07-24T18:30:08Z,35.0907198,-106.6799625,1524.2,14690.0,8.416,144,98,122
2026-07-24T18:30:09Z,35.0906858,-106.6799052,1524.2,14698.3,8.351,144,98,177
2026-07-24T18:30:10Z,35.0906484,-106.6798557,1524.2,14706.7,8.323,144,98,162
2026-07-24T18:30:11Z,35.0906073,-106.6797975,1524.0,14715.1,8.416,144,99,139
2026-07-24T18:30:12Z,35.0905645,-106.6797321,1523.8,14723.4,8.295,144,98,157
2026-07-24T18:30:13Z,35.0905200,-106.6796582,1524.0,14731.4,8.006,144,97,189
2026-07-24T18:30:14Z,35.0904800,-106.6795762,1524.0,14739.1,7.707,145,95,218
2026-07-24T18:30:15Z,35.0904430,-106.6794924,1524.2,14746.8,7.670,144,97,257
2026-07-24T18:30:16Z,35.0904065,-106.6794140,1524.2,14754.0,7.222,144,106,203
2026-07-24T18:30:17Z,35.0903669,-106.6793424,1524.4,14760.9,6.886,144,101,223
2026-07-24T18:30:18Z,35.0903229,-106.6792785,1524.4,14767.6,6.727,144,96,246
2026-07-24T18:30:19Z,35.0902772,-106.6792180,1524.4,14774.1,6.485,144,93,309
2026-07-24T18:30:20Z,35.0902316,-106.6791715,1524.4,14780.4,6.317,144,90,345
2026-07-24T18:30:21Z,35.0901835,-106.6791297,1524.6,14786.7,6.345,144,89,304
2026-07-24T18:30:22Z,35.0901344,-106.6790840,1524.6,14793.3,6.569,145,90,229
2026-07-24T18:30:23Z,35.0900861,-106.6790361,1525.0,14800.1,6.774,144,93,219
2026-07-24T18:30:24Z,35.0900379,-106.6789865,1525.2,14807.0,6.970,144,95,175
2026-07-24T18:30:25Z,35.0899840,-106.6789319,1525.4,14814.2,7.082,144,97,161
2026-07-24T18:30:26Z,35.0899308,-106.6788798,1525.8,14821.0,6.858,145,98,153
2026-07-24T18:30:27Z,35.0898795,-106.6788278,1525.8,14828.1,7.147,144,99,149
2026-07-24T18:30:28Z,35.0898307,-106.6787739,1526.0,14835.3,7.185,146,100,139
2026-07-24T18:30:29Z,35.0897784,-106.6787196,1526.0,14842.7,7.371,145,101,139
2026-07-24T18:30:30Z,35.0897275,-106.6786672,1526.0,14849.9,7.175,146,102,114
2026-07-24T18:30:31Z,35.0896755,-106.6786135,1526.2,14857.2,7.343,145,102,130
2026-07-24T18:30:32Z,35.0896239,-106.6785615,1526.2,14864.8,7.549,145,101,130
2026-07-24T18:30:33Z,35.0895724,-106.6785092,1526.2,14872.3,7.595,145,96,149
2026-07-24T18:30:34Z,35.0895173,-106.6784581,1526.2,14879.8,7.446,145,97,132
2026-07-24T18:30:35Z,35.0894618,-106.6784059,1526.2,14887.2,7.390,145,97,164
2026-07-24T18:30:36Z,35.0894063,-106.6783559,1526.2,14894.8,7.623,145,98,130
2026-07-24T18:30:37Z,35.0893497,-106.6783059,1526.2,14902.5,7.707,145,98,156
2026-07-24T18:30:38Z,35.0892961,-106.6782523,1526.2,14910.3,7.772,144,98,156
2026-07-24T18:30:39Z,35.0892426,-106.6781973,1526.2,14918.2,7.884,144,99,188
2026-07-24T18:30:40Z,35.0891857,-106.6781471,1526.2,14926.1,7.922,144,101,137
2026-07-24T18:30:41Z,35.0891281,-106.6780979,1526.0,14934.0,7.866,144,101,133
2026-07-24T18:30:42Z,35.0890713,-106.6780482,1525.8,14941.8,7.866,143,101,117
2026-07-24T18:30:43Z,35.0890145,-106.6779956,1525.8,14949.6,7.800,143,101,153
2026-07-24T18:30:44Z,35.0889602,-106.6779432,1525.4,14957.7,8.052,144,101,153
2026-07-24T18:30:45Z,35.0889046,-106.6778905,1525.4,14965.7,7.996,144,102,133
2026-07-24T18:30:46Z,35.0888482,-106.6778391,1525.4,14973.3,7.633,144,100,142
2026-07-24T18:30:47Z,35.0887930,-106.6777874,1525.2,14980.9,7.595,144,99,146
2026-07-24T18:30:48Z,35.0887379,-106.6777364,1525.2,14988.5,7.633,143,98,151
2026-07-24T18:30:49Z,35.0886829,-106.6776855,1525.2,14996.3,7.716,145,98,145
2026-07-24T18:30:50Z,35.0886289,-106.6776349,1525.0,15003.9,7.633,143,98,154
2026-07-24T18:30:51Z,35.0885743,-106.6775845,1525.0,15011.5,7.633,142,99,146
2026-07-24T18:30:52Z,35.0885181,-106.6775328,1525.0,15019.4,7.884,143,99,147
2026-07-24T18:30:53Z,35.0884642,-106.6774798,1525.0,15027.0,7.614,143,99,147
2026-07-24T18:30:54Z,35.0884111,-106.6774277,1524.8,15034.8,7.782,143,100,142
2026-07-24T18:30:55Z,35.0883569,-106.6773770,1524.8,15042.7,7.838,144,100,175
2026-07-24T18:30:56Z,35.0883003,-106.6773255,1524.8,15050.5,7.819,144,100,153
2026-07-24T18:30:57Z,35.0882444,-106.6772751,1524.6,15058.1,7.614,144,99,124
2026-07-24T18:30:58Z,35.0881883,-106.6772244,1524.6,15065.7,7.595,145,98,123
2026-07-24T18:30:59Z,35.0881341,-106.6771754,1524.6,15073.2,7.567,145,98,140
2026-07-24T18:31:00Z,35.0880796,-106.6771253,1524.6,15080.8,7.539,145,98,145
2026-07-24T18:31:01Z,35.0880258,-106.6770729,1524.6,15088.3,7.539,146,97,149
2026-07-24T18:31:02Z,35.0879726,-106.6770204,1524.6,15095.8,7.539,145,97,188
2026-07-24T18:31:03Z,35.0879206,-106.6769659,1524.6,15103.6,7.754,145,98,188
2026-07-24T18:31:04Z,35.0878696,-106.6769087,1524.6,15111.2,7.595,145,98,168
2026-07-24T18:31:05Z,35.0878193,-106.6768512,1524.4,15118.7,7.511,145,98,168
2026-07-24T18:31:06Z,35.0877693,-106.6767933,1524.4,15126.2,7.511,145,98,166
2026-07-24T18:31:07Z,35.0877196,-106.6767379,1524.4,15133.9,7.670,145,98,166
2026-07-24T18:31:08Z,35.0876694,-106.6766837,1524.6,15141.5,7.605,145,97,157
2026-07-24T18:31:09Z,35.0876189,-106.6766300,1524.6,15149.1,7.567,144,97,160
2026-07-24T18:31:10Z,35.0875687,-106.6765739,1524.8,15156.7,7.623,144,98,154
2026-07-24T18:31:11Z,35.0875174,-106.6765161,1524.8,15164.3,7.614,145,99,148
2026-07-24T18:31:12Z,35.0874665,-106.6764603,1524.8,15172.1,7.838,144,99,158
2026-07-24T18:31:13Z,35.0874149,-106.6764036,1524.8,15179.8,7.614,144,99,155
2026-07-24T18:31:14Z,35.0873629,-106.6763469,1524.8,15187.6,7.866,144,99,150
2026-07-24T18:31:15Z,35.0873119,-106.6762895,1525.0,15195.3,7.642,144,99,152
2026-07-24T18:31:16Z,35.0872608,-106.6762341,1525.0,15202.8,7.493,144,98,152
2026-07-24T18:31:17Z,35.0872105,-106.6761780,1525.0,15210.3,7.493,143,98,152
2026-07-24T18:31:18Z,35.0871591,-106.6761218,1525.0,15218.1,7.866,143,98,146
2026-07-24T18:31:19Z,35.0871090,-106.6760642,1525.0,15225.8,7.614,142,98,157
2026-07-24T18:31:20Z,35.0870582,-106.6760078,1525.0,15233.4,7.642,142,98,138
2026-07-24T18:31:21Z,35.0870069,-106.6759534,1525.0,15240.8,7.455,142,98,152
2026-07-24T18:31:22Z,35.0869558,-106.6758986,1525.0,15248.5,7.726,142,98,164
2026-07-24T18:31:23Z,35.0869053,-106.6758422,1525.0,15256.2,7.614,142,98,154
2026-07-24T18:31:24Z,35.0868556,-106.6757859,1525.0,15263.9,7.698,141,99,160
2026-07-24T18:31:25Z,35.0868062,-106.6757268,1524.8,15271.8,7.978,141,100,178
2026-07-24T18:31:26Z,35.0867536,-106.6756693,1524.8,15279.6,7.726,141,101,155
2026-07-24T18:31:27Z,35.0867016,-106.6756128,1524.8,15287.5,7.922,141,101,139
2026-07-24T18:31:28Z,35.0866510,-106.6755547,1524.8,15295.2,7.726,140,101,108
2026-07-24T18:31:29Z,35.0865986,-106.6754965,1524.8,15303.1,7.828,140,101,122
2026-07-24T18:31:30Z,35.0865458,-106.6754389,1524.8,15311.0,7.978,140,101,125
2026-07-24T18:31:31Z,35.0864945,-106.6753824,1524.8,15318.9,7.847,141,101,125
2026-07-24T18:31:32Z,35.0864427,-106.6753236,1524.8,15326.6,7.754,140,101,120
2026-07-24T18:31:33Z,35.0863891,-106.6752674,1524.8,15334.5,7.884,140,101,120
2026-07-24T18:31:34Z,35.0863356,-106.6752110,1524.8,15342.4,7.884,141,101,134
2026-07-24T18:31:35Z,35.0862856,-106.6751530,1524.8,15350.2,7.782,141,101,118
2026-07-24T18:31:36Z,35.0862352,-106.6750945,1524.8,15357.8,7.642,141,101,116
2026-07-24T18:31:37Z,35.0861834,-106.6750364,1524.8,15365.6,7.810,141,100,132
2026-07-24T18:31:38Z,35.0861325,-106.6749776,1524.8,15373.5,7.894,141,100,133
2026-07-24T18:31:39Z,35.0860811,-106.6749190,1524.8,15381.3,7.754,141,100,132
2026-07-24T18:31:40Z,35.0860304,-106.6748641,1524.8,15388.9,7.642,141,99,139
2026-07-24T18:31:41Z,35.0859779,-106.6748090,1524.8,15396.5,7.567,140,99,149
2026-07-24T18:31:42Z,35.0859262,-106.6747544,1524.8,15404.2,7.726,140,98,149
2026-07-24T18:31:43Z,35.0858754,-106.6746978,1524.6,15411.7,7.511,139,98,158
2026-07-24T18:31:44Z,35.0858237,-106.6746437,1524.6,15419.3,7.539,139,97,147
2026-07-24T18:31:45Z,35.0857722,-106.6745896,1524.4,15426.8,7.567,139,96,159
2026-07-24T18:31:46Z,35.0857222,-106.6745344,1524.4,15434.2,7.353,139,96,154
2026-07-24T18:31:47Z,35.0856707,-106.6744804,1524.4,15441.6,7.427,139,96,165
2026-07-24T18:31:48Z,35.0856191,-106.6744250,1524.2,15449.0,7.437,139,97,171
2026-07-24T18:31:49Z,35.0855691,-106.6743696,1524.2,15456.7,7.623,139,98,176
2026-07-24T18:31:50Z,35.0855179,-106.6743162,1524.2,15464.3,7.679,140,98,162
2026-07-24T18:31:51Z,35.0854679,-106.6742607,1524.2,15471.9,7.577,140,98,165
2026-07-24T18:31:52Z,35.0854186,-106.6742045,1524.2,15479.4,7.521,140,98,170
2026-07-24T18:31:53Z,35.0853686,-106.6741489,1524.2,15487.2,7.763,140,98,148
2026-07-24T18:31:54Z,35.0853179,-106.6740921,1524.6,15494.8,7.651,141,99,148
2026-07-24T18:31:55Z,35.0852668,-106.6740355,1524.6,15502.6,7.763,141,100,141
2026-07-24T18:31:56Z,35.0852144,-106.6739778,1524.6,15510.4,7.791,141,100,138
2026-07-24T18:31:57Z,35.0851632,-106.6739202,1524.8,15518.3,7.940,141,101,139
2026-07-24T18:31:58Z,35.0851121,-106.6738609,1524.8,15526.2,7.819,142,101,145
2026-07-24T18:31:59Z,35.0850589,-106.6738026,1524.8,15533.9,7.772,142,101,145
2026-07-24T18:32:00Z,35.0850072,-106.6737460,1524.8,15541.8,7.875,142,101,151
2026-07-24T18:32:01Z,35.0849555,-106.6736860,1524.8,15550.0,8.164,142,102,140
2026-07-24T18:32:02Z,35.0849037,-106.6736270,1524.8,15557.9,7.903,142,101,124
2026-07-24T18:32:03Z,35.0848523,-106.6735686,1524.8,15565.7,7.847,142,102,132
2026-07-24T18:32:04Z,35.0848008,-106.6735111,1525.0,15573.7,7.987,142,95,168
2026-07-24T18:32:05Z,35.0847488,-106.6734529,1525.0,15581.8,8.024,142,94,162
2026-07-24T18:32:06Z,35.0846954,-106.6733934,1525.0,15589.9,8.174,142,94,152
2026-07-24T18:32:07Z,35.0846420,-106.6733333,1525.0,15597.9,7.968,142,95,147
2026-07-24T18:32:08Z,35.0845887,-106.6732736,1525.0,15606.3,8.398,141,95,135
2026-07-24T18:32:09Z,35.0845350,-106.6732137,1525.0,15614.5,8.267,141,96,152
2026-07-24T18:32:10Z,35.0844817,-106.6731535,1525.0,15622.6,8.024,142,96,148
2026-07-24T18:32:11Z,35.0844295,-106.6730925,1525.0,15630.8,8.202,141,96,149
2026-07-24T18:32:12Z,35.0843773,-106.6730342,1525.0,15638.9,8.174,141,96,144
2026-07-24T18:32:13Z,35.0843226,-106.6729735,1525.0,15647.3,8.360,140,97,142
2026-07-24T18:32:14Z,35.0842675,-106.6729104,1525.0,15655.5,8.239,140,97,152
2026-07-24T18:32:15Z,35.0842233,-106.6728597,1525.0,15664.0,8.491,140,97,144
2026-07-24T18:32:16Z,35.0841556,-106.6727865,1525.0,15672.3,8.267,140,98,160
2026-07-24T18:32:17Z,35.0840993,-106.6727256,1524.8,15680.7,8.360,140,98,163
2026-07-24T18:32:18Z,35.0840433,-106.6726635,1524.8,15689.1,8.463,140,99,165
2026-07-24T18:32:19Z,35.0839889,-106.6726018,1524.8,15697.5,8.388,139,98,183
2026-07-24T18:32:20Z,35.0839356,-106.6725374,1524.8,15706.0,8.519,140,99,202
2026-07-24T18:32:21Z,35.0838829,-106.6724723,1524.8,15714.5,8.510,140,99,155
2026-07-24T18:32:22Z,35.0838275,-106.6724089,1524.6,15723.0,8.435,139,98,39
2026-07-24T18:32:23Z,35.0837703,-106.6723467,1524.6,15731.5,8.491,139,99,153
2026-07-24T18:32:24Z,35.0837124,-106.6722843,1524.6,15739.8,8.295,139,99,130
2026-07-24T18:32:25Z,35.0836566,-106.6722216,1524.6,15748.0,8.230,139,98,112
2026-07-24T18:32:26Z,35.0836022,-106.6721595,1524.6,15756.3,8.323,139,96,104
2026-07-24T18:32:27Z,35.0835486,-106.6720985,1524.4,15764.6,8.323,139,74,110
2026-07-24T18:32:28Z,35.0834945,-106.6720377,1524.4,15772.9,8.230,139,74,206
2026-07-24T18:32:29Z,35.0834418,-106.6719797,1524.4,15781.3,8.388,139,50,206
2026-07-24T18:32:30Z,35.0833859,-106.6719210,1524.2,15789.4,8.146,138,51,217
2026-07-24T18:32:31Z,35.0833306,-106.6718589,1524.2,15797.7,8.323,138,51,229
2026-07-24T18:32:32Z,35.0832761,-106.6717968,1524.2,15806.3,8.556,139,51,254
2026-07-24T18:32:33Z,35.0832206,-106.6717347,1524.2,15814.8,8.491,138,51,271
2026-07-24T18:32:34Z,35.0831644,-106.6716726,1524.0,15823.4,8.594,139,51,282
2026-07-24T18:32:35Z,35.0831087,-106.6716088,1524.0,15831.6,8.267,139,52,282
2026-07-24T18:32:36Z,35.0830539,-106.6715459,1523.8,15840.3,8.696,139,52,288
2026-07-24T18:32:37Z,35.0829980,-106.6714840,1523.8,15848.8,8.491,139,52,293
2026-07-24T18:32:38Z,35.0829413,-106.6714213,1523.8,15857.5,8.724,140,52,290
2026-07-24T18:32:39Z,35.0828835,-106.6713566,1523.8,15866.2,8.659,140,52,290
2026-07-24T18:32:40Z,35.0828242,-106.6712934,1523.8,15875.1,8.939,141,53,290
2026-07-24T18:32:41Z,35.0827665,-106.6712301,1523.8,15884.2,9.051,142,53,283
2026-07-24T18:32:42Z,35.0827092,-106.6711649,1523.8,15893.2,8.976,142,54,283
2026-07-24T18:32:43Z,35.0826509,-106.6710986,1523.6,15902.0,8.855,142,54,285
2026-07-24T18:32:44Z,35.0825926,-106.6710317,1523.6,15910.7,8.696,142,54,283
2026-07-24T18:32:45Z,35.0825343,-106.6709647,1523.4,15919.7,8.939,143,54,277
2026-07-24T18:32:46Z,35.0824763,-106.6708998,1523.4,15928.6,8.948,144,54,294
2026-07-24T18:32:47Z,35.0824192,-106.6708356,1523.4,15937.5,8.939,145,54,292
2026-07-24T18:32:48Z,35.0823599,-106.6707687,1523.2,15946.6,9.032,145,54,292
2026-07-24T18:32:49Z,35.0822984,-106.6707004,1523.2,15955.6,9.032,145,55,291
2026-07-24T18:32:50Z,35.0822368,-106.6706327,1523.2,15964.4,8.818,146,55,275
2026-07-24T18:32:51Z,35.0821759,-106.6705632,1523.2,15973.5,9.032,147,56,275
2026-07-24T18:32:52Z,35.0821172,-106.6704948,1523.2,15982.5,9.023,148,56,232
2026-07-24T18:32:53Z,35.0820589,-106.6704295,1523.2,15991.3,8.780,148,64,232
2026-07-24T18:32:54Z,35.0819989,-106.6703651,1523.2,16000.3,9.069,148,95,170
2026-07-24T18:32:55Z,35.0819406,-106.6703008,1523.2,16009.3,8.957,149,94,157
2026-07-24T18:32:56Z,35.0818838,-106.6702363,1523.4,16018.0,8.678,149,93,147
2026-07-24T18:32:57Z,35.0818268,-106.6701725,1523.4,16026.7,8.678,149,92,149
2026-07-24T18:32:58Z,35.0817708,-106.6701089,1523.4,16035.2,8.547,149,90,142
2026-07-24T18:32:59Z,35.0817275,-106.6700568,1523.2,16043.6,8.444,150,90,136
2026-07-24T18:33:00Z,35.0816602,-106.6699816,1523.6,16052.3,8.612,149,89,138
2026-07-24T18:33:01Z,35.0816031,-106.6699220,1523.6,16060.6,8.351,150,89,142
2026-07-24T18:33:02Z,35.0815426,-106.6698655,1523.8,16069.0,8.379,150,89,146
2026-07-24T18:33:03Z,35.0814804,-106.6698140,1524.0,16077.5,8.482,150,89,149
2026-07-24T18:33:04Z,35.0814184,-106.6697653,1524.0,16085.8,8.323,150,88,154
2026-07-24T18:33:05Z,35.0813584,-106.6697126,1524.2,16094.1,8.323,150,88,165
2026-07-24T18:33:06Z,35.0813013,-106.6696561,1524.2,16102.5,8.379,150,88,182
2026-07-24T18:33:07Z,35.0812475,-106.6695955,1524.2,16110.6,8.164,150,88,176
2026-07-24T18:33:08Z,35.0811948,-106.6695342,1524.4,16119.0,8.360,150,88,170
2026-07-24T18:33:09Z,35.0811443,-106.6694694,1524.4,16127.2,8.164,149,87,153
2026-07-24T18:33:10Z,35.0810948,-106.6694032,1524.4,16135.6,8.416,150,87,152
2026-07-24T18:33:11Z,35.0810461,-106.6693372,1524.4,16144.0,8.370,149,87,153
2026-07-24T18:33:12Z,35.0809974,-106.6692699,1524.4,16152.3,8.323,150,87,154
2026-07-24T18:33:13Z,35.0809492,-106.6692021,1524.4,16160.4,8.136,149,87,136
2026-07-24T18:33:14Z,35.0808995,-106.6691354,1524.2,16168.7,8.323,149,87,139
2026-07-24T18:33:15Z,35.0808505,-106.6690687,1524.2,16176.9,8.192,149,87,140
2026-07-24T18:33:16Z,35.0808032,-106.6690024,1524.2,16185.0,8.071,149,86,136
2026-07-24T18:33:17Z,35.0807545,-106.6689373,1524.0,16193.2,8.230,149,86,139
2026-07-24T18:33:18Z,35.0807067,-106.6688718,1524.0,16201.2,7.931,149,85,162
2026-07-24T18:33:19Z,35.0806591,-106.6688063,1524.0,16209.2,7.987,148,85,136
2026-07-24T18:33:20Z,35.0806114,-106.6687411,1524.0,16217.2,8.071,148,85,169
2026-07-24T18:33:21Z,35.0805639,-106.6686763,1524.0,16225.2,8.015,148,85,160
2026-07-24T18:33:22Z,35.0805168,-106.6686106,1524.0,16233.2,7.987,148,84,156
2026-07-24T18:33:23Z,35.0804721,-106.6685436,1524.0,16241.5,8.230,148,84,159
2026-07-24T18:33:24Z,35.0804260,-106.6684763,1524.0,16249.5,8.043,148,85,159
2026-07-24T18:33:25Z,35.0803806,-106.6684087,1524.0,16257.4,7.866,147,85,160
2026-07-24T18:33:26Z,35.0803359,-106.6683404,1524.0,16265.4,8.015,148,85,191
2026-07-24T18:33:27Z,35.0802901,-106.6682721,1524.0,16273.2,7.810,147,85,166
2026-07-24T18:33:28Z,35.0802463,-106.6682027,1524.0,16281.4,8.220,147,85,166
2026-07-24T18:33:29Z,35.0802070,-106.6681299,1524.0,16289.5,8.099,147,85,154
2026-07-24T18:33:30Z,35.0801709,-106.6680560,1524.0,16297.5,7.950,147,85,177
2026-07-24T18:33:31Z,35.0801375,-106.6679805,1523.8,16305.5,8.015,147,85,162
2026-07-24T18:33:32Z,35.0801051,-106.6679035,1523.8,16313.4,7.894,147,85,163
2026-07-24T18:33:33Z,35.0800683,-106.6678286,1523.6,16321.2,7.838,146,84,180
2026-07-24T18:33:34Z,35.0800261,-106.6677590,1523.6,16329.0,7.754,146,84,167
2026-07-24T18:33:35Z,35.0799805,-106.6676937,1523.6,16336.9,7.978,146,84,167
2026-07-24T18:33:36Z,35.0799306,-106.6676311,1523.6,16345.2,8.248,145,84,143
2026-07-24T18:33:37Z,35.0798788,-106.6675709,1523.4,16353.4,8.267,145,86,143
2026-07-24T18:33:38Z,35.0798253,-106.6675072,1523.4,16361.9,8.379,145,88,136
2026-07-24T18:33:39Z,35.0797705,-106.6674448,1523.4,16370.3,8.510,144,88,120
2026-07-24T18:33:40Z,35.0797156,-106.6673841,1523.4,16378.5,8.127,144,88,143
2026-07-24T18:33:41Z,35.0796617,-106.6673234,1523.4,16386.7,8.220,144,88,133
2026-07-24T18:33:42Z,35.0796091,-106.6672589,1523.4,16395.1,8.379,144,88,157
2026-07-24T18:33:43Z,35.0795563,-106.6671958,1523.4,16403.2,8.164,144,88,159
2026-07-24T18:33:44Z,35.0795016,-106.6671377,1523.6,16411.5,8.220,144,87,152
2026-07-24T18:33:45Z,35.0794466,-106.6670804,1523.4,16419.8,8.407,143,88,168
2026-07-24T18:33:46Z,35.0793914,-106.6670187,1523.6,16428.2,8.379,143,88,218
2026-07-24T18:33:47Z,35.0793341,-106.6669615,1523.4,16436.6,8.351,143,89,202
2026-07-24T18:33:48Z,35.0792747,-106.6669068,1523.6,16445.0,8.379,143,88,192
2026-07-24T18:33:49Z,35.0792158,-106.6668523,1523.6,16453.2,8.220,143,88,156
2026-07-24T18:33:50Z,35.0791564,-106.6668015,1523.6,16461.6,8.379,143,88,159
2026-07-24T18:33:51Z,35.0790932,-106.6667538,1523.6,16469.7,8.146,143,87,145
2026-07-24T18:33:52Z,35.0790284,-106.6667103,1523.6,16477.9,8.202,143,87,158
2026-07-24T18:33:53Z,35.0789637,-106.6666688,1523.6,16486.1,8.220,143,86,158
2026-07-24T18:33:54Z,35.0789006,-106.6666265,1523.6,16494.3,8.127,143,85,185
2026-07-24T18:33:55Z,35.0788397,-106.6665831,1523.6,16502.2,7.922,143,85,183
2026-07-24T18:33:56Z,35.0787771,-106.6665401,1523.6,16510.2,8.015,143,85,183
2026-07-24T18:33:57Z,35.0787136,-106.6664960,1523.6,16518.2,8.043,143,85,183
2026-07-24T18:33:58Z,35.0786500,-106.6664536,1523.8,16526.3,8.043,143,86,188
2026-07-24T18:33:59Z,35.0785871,-106.6664096,1523.8,16534.6,8.286,143,86,193
2026-07-24T18:34:00Z,35.0785245,-106.6663642,1523.8,16542.8,8.192,144,87,185
2026-07-24T18:34:01Z,35.0784595,-106.6663198,1523.6,16551.0,8.220,143,87,161
2026-07-24T18:34:02Z,35.0783944,-106.6662731,1523.6,16559.3,8.286,144,88,168
2026-07-24T18:34:03Z,35.0783290,-106.6662241,1523.6,16567.7,8.444,143,88,163
2026-07-24T18:34:04Z,35.0782652,-106.6661747,1523.6,16576.1,8.379,144,89,163
2026-07-24T18:34:05Z,35.0782007,-106.6661261,1523.6,16584.6,8.538,143,90,161
2026-07-24T18:34:06Z,35.0781358,-106.6660761,1523.6,16593.0,8.407,143,90,166
2026-07-24T18:34:07Z,35.0780724,-106.6660272,1523.6,16601.5,8.444,143,90,177
2026-07-24T18:34:08Z,35.0780082,-106.6659771,1523.6,16610.0,8.575,143,90,179
2026-07-24T18:34:09Z,35.0779445,-106.6659260,1523.6,16618.6,8.556,143,90,179
2026-07-24T18:34:10Z,35.0778794,-106.6658727,1523.6,16627.2,8.612,143,91,181
2026-07-24T18:34:11Z,35.0778145,-106.6658241,1523.6,16635.7,8.510,143,91,171
2026-07-24T18:34:12Z,35.0777501,-106.6657754,1523.6,16644.3,8.575,142,91,159
2026-07-24T18:34:13Z,35.0776855,-106.6657235,1523.6,16652.9,8.575,143,91,149
2026-07-24T18:34:14Z,35.0776213,-106.6656714,1523.6,16661.5,8.640,142,92,155
2026-07-24T18:34:15Z,35.0775573,-106.6656189,1523.6,16670.1,8.612,142,91,159
2026-07-24T18:34:16Z,35.0774924,-106.6655671,1523.6,16678.8,8.612,142,91,165
2026-07-24T18:34:17Z,35.0774268,-106.6655168,1523.6,16687.4,8.659,142,91,158
2026-07-24T18:34:18Z,35.0773608,-106.6654663,1523.6,16695.9,8.556,142,91,174
2026-07-24T18:34:19Z,35.0772962,-106.6654145,1523.6,16704.6,8.603,142,92,159
2026-07-24T18:34:20Z,35.0772308,-106.6653623,1523.6,16713.4,8.762,142,92,176
2026-07-24T18:34:21Z,35.0771667,-106.6653076,1523.6,16722.2,8.901,142,93,172
2026-07-24T18:34:22Z,35.0771045,-106.6652478,1523.6,16730.9,8.659,142,94,152
2026-07-24T18:34:23Z,35.0770472,-106.6651819,1523.6,16739.6,8.724,142,94,164
2026-07-24T18:34:24Z,35.0769949,-106.6651120,1523.4,16748.3,8.724,142,93,161
2026-07-24T18:34:25Z,35.0769460,-106.6650393,1523.4,16756.9,8.622,142,93,160
2026-07-24T18:34:26Z,35.0768962,-106.6649663,1523.4,16765.5,8.556,142,92,168
2026-07-24T18:34:27Z,35.0768466,-106.6648933,1523.4,16774.2,8.687,142,93,160
2026-07-24T18:34:28Z,35.0767983,-106.6648188,1523.4,16782.9,8.668,142,93,165
2026-07-24T18:34:29Z,35.0767493,-106.6647452,1523.4,16791.5,8.659,142,93,155
2026-07-24T18:34:30Z,35.0767005,-106.6646702,1523.4,16800.3,8.827,142,93,149
2026-07-24T18:34:31Z,35.0766508,-106.6645955,1523.4,16809.1,8.762,142,93,169
2026-07-24T18:34:32Z,35.0766021,-106.6645207,1523.2,16817.9,8.799,142,93,158
2026-07-24T18:34:33Z,35.0765524,-106.6644470,1523.2,16826.8,8.939,142,93,140
2026-07-24T18:34:34Z,35.0765015,-106.6643729,1523.2,16835.8,8.939,142,94,138
2026-07-24T18:34:35Z,35.0764511,-106.6642979,1523.2,16844.6,8.827,141,94,126
2026-07-24T18:34:36Z,35.0764006,-106.6642226,1523.2,16853.5,8.855,141,94,126
2026-07-24T18:34:37Z,35.0763498,-106.6641473,1523.2,16862.3,8.855,141,94,130
2026-07-24T18:34:38Z,35.0762993,-106.6640736,1523.2,16871.1,8.752,141,93,111
2026-07-24T18:34:39Z,35.0762497,-106.6640001,1523.2,16879.8,8.715,141,93,127
2026-07-24T18:34:40Z,35.0762002,-106.6639267,1523.2,16888.4,8.584,140,92,132
2026-07-24T18:34:41Z,35.0761494,-106.6638533,1523.2,16896.9,8.547,140,92,128
2026-07-24T18:34:42Z,35.0761000,-106.6637799,1523.2,16905.4,8.444,140,91,140
2026-07-24T18:34:43Z,35.0760511,-106.6637062,1523.2,16914.0,8.650,140,91,145
2026-07-24T18:34:44Z,35.0760008,-106.6636337,1523.0,16922.5,8.510,140,91,137
2026-07-24T18:34:45Z,35.0759517,-106.6635615,1523.0,16931.1,8.528,140,91,144
2026-07-24T18:34:46Z,35.0759030,-106.6634891,1523.0,16939.6,8.538,139,91,148
2026-07-24T18:34:47Z,35.0758556,-106.6634183,1523.0,16948.2,8.612,139,91,159
2026-07-24T18:34:48Z,35.0758090,-106.6633469,1523.2,16956.6,8.379,139,90,164
2026-07-24T18:34:49Z,35.0757621,-106.6632740,1523.2,16965.1,8.482,139,90,147
2026-07-24T18:34:50Z,35.0757136,-106.6632019,1523.0,16973.7,8.678,139,90,138
2026-07-24T18:34:51Z,35.0756651,-106.6631304,1523.0,16982.3,8.510,138,91,126
2026-07-24T18:34:52Z,35.0756155,-106.6630589,1523.0,16990.8,8.510,139,91,123
2026-07-24T18:34:53Z,35.0755674,-106.6629874,1523.0,16999.1,8.379,138,90,144
2026-07-24T18:34:54Z,35.0755213,-106.6629156,1523.0,17007.3,8.164,138,88,147
2026-07-24T18:34:55Z,35.0754759,-106.6628442,1523.0,17015.5,8.164,138,88,149
2026-07-24T18:34:56Z,35.0754284,-106.6627760,1523.0,17023.6,8.136,138,87,154
2026-07-24T18:34:57Z,35.0753812,-106.6627076,1523.0,17031.6,8.043,139,86,159
2026-07-24T18:34:58Z,35.0753350,-106.6626380,1522.8,17040.0,8.323,138,86,153
2026-07-24T18:34:59Z,35.0752884,-106.6625680,1522.8,17048.1,8.099,139,87,150
2026-07-24T18:35:00Z,35.0752420,-106.6625003,1522.8,17056.3,8.164,138,87,164
2026-07-24T18:35:01Z,35.0751967,-106.6624315,1522.8,17064.4,8.192,138,87,180
2026-07-24T18:35:02Z,35.0751497,-106.6623624,1522.8,17072.7,8.258,138,87,197
2026-07-24T18:35:03Z,35.0751009,-106.6622935,1522.8,17080.9,8.258,139,87,197
2026-07-24T18:35:04Z,35.0750532,-106.6622236,1522.8,17089.3,8.295,138,89,172
2026-07-24T18:35:05Z,35.0750071,-106.6621536,1522.8,17097.6,8.323,139,88,159
2026-07-24T18:35:06Z,35.0749612,-106.6620830,1522.8,17105.9,8.323,138,88,164
2026-07-24T18:35:07Z,35.0749132,-106.6620123,1522.8,17114.3,8.454,138,89,161
2026-07-24T18:35:08Z,35.0748658,-106.6619434,1523.0,17122.6,8.295,138,89,162
2026-07-24T18:35:09Z,35.0748177,-106.6618749,1523.0,17131.1,8.435,139,89,162
2026-07-24T18:35:10Z,35.0747702,-106.6618034,1523.0,17139.3,8.276,138,89,168
2026-07-24T18:35:11Z,35.0747217,-106.6617329,1523.2,17147.6,8.230,138,89,166
2026-07-24T18:35:12Z,35.0746744,-106.6616635,1523.2,17155.8,8.258,138,89,174
2026-07-24T18:35:13Z,35.0746260,-106.6615934,1523.2,17164.0,8.202,138,88,174
2026-07-24T18:35:14Z,35.0745778,-106.6615222,1523.2,17172.3,8.323,138,88,187
2026-07-24T18:35:15Z,35.0745290,-106.6614525,1523.2,17180.7,8.388,138,89,183
2026-07-24T18:35:16Z,35.0744807,-106.6613816,1523.0,17189.3,8.584,138,90,198
2026-07-24T18:35:17Z,35.0744308,-106.6613108,1523.0,17197.9,8.547,139,90,166
2026-07-24T18:35:18Z,35.0743821,-106.6612391,1523.0,17206.4,8.482,138,91,183
2026-07-24T18:35:19Z,35.0743343,-106.6611675,1522.8,17215.0,8.687,138,91,183
2026-07-24T18:35:20Z,35.0742861,-106.6610945,1522.8,17223.4,8.379,138,90,183
2026-07-24T18:35:21Z,35.0742384,-106.6610218,1522.8,17231.8,8.416,138,90,165
2026-07-24T18:35:22Z,35.0741900,-106.6609485,1522.8,17240.5,8.687,138,91,165
2026-07-24T18:35:23Z,35.0741415,-106.6608767,1522.8,17249.0,8.482,138,91,143
2026-07-24T18:35:24Z,35.0740936,-106.6608053,1522.8,17257.5,8.482,137,91,164
2026-07-24T18:35:25Z,35.0740447,-106.6607342,1522.6,17266.3,8.827,138,91,189
2026-07-24T18:35:26Z,35.0739946,-106.6606618,1522.6,17274.9,8.631,138,92,219
2026-07-24T18:35:27Z,35.0739445,-106.6605897,1522.6,17283.5,8.584,139,93,186
2026-07-24T18:35:28Z,35.0738955,-106.6605164,1522.6,17292.2,8.650,139,92,171
2026-07-24T18:35:29Z,35.0738569,-106.6604580,1522.4,17300.7,8.547,139,92,153
2026-07-24T18:35:30Z,35.0737991,-106.6603687,1522.4,17309.3,8.612,139,92,153
2026-07-24T18:35:31Z,35.0737514,-106.6602963,1522.4,17317.7,8.379,140,91,153
2026-07-24T18:35:32Z,35.0737012,-106.6602261,1522.4,17326.2,8.482,140,90,142
2026-07-24T18:35:33Z,35.0736506,-106.6601571,1522.4,17334.5,8.286,140,90,151
2026-07-24T18:35:34Z,35.0736003,-106.6600876,1522.6,17342.7,8.220,141,90,161
2026-07-24T18:35:35Z,35.0735493,-106.6600207,1522.6,17351.1,8.426,141,90,150
2026-07-24T18:35:36Z,35.0734955,-106.6599559,1522.6,17359.5,8.416,141,90,159
2026-07-24T18:35:37Z,35.0734385,-106.6598923,1522.6,17368.1,8.528,141,90,154
2026-07-24T18:35:38Z,35.0733799,-106.6598314,1522.6,17376.6,8.556,141,91,154
2026-07-24T18:35:39Z,35.0733202,-106.6597723,1522.6,17385.0,8.416,141,91,153
2026-07-24T18:35:40Z,35.0732588,-106.6597153,1522.6,17393.6,8.547,142,91,161
2026-07-24T18:35:41Z,35.0731985,-106.6596571,1522.6,17402.2,8.575,142,91,161
2026-07-24T18:35:42Z,35.0731381,-106.6595993,1522.6,17410.7,8.510,142,91,169
2026-07-24T18:35:43Z,35.0730762,-106.6595418,1522.6,17419.2,8.482,143,92,193
2026-07-24T18:35:44Z,35.0730135,-106.6594863,1522.6,17427.8,8.678,142,92,191
2026-07-24T18:35:45Z,35.0729515,-106.6594318,1522.6,17436.4,8.510,142,91,197
2026-07-24T18:35:46Z,35.0728866,-106.6593790,1522.6,17444.7,8.314,142,91,164
2026-07-24T18:35:47Z,35.0728209,-106.6593309,1522.6,17453.2,8.575,142,91,139
2026-07-24T18:35:48Z,35.0727538,-106.6592848,1522.6,17461.7,8.482,142,90,137
2026-07-24T18:35:49Z,35.0726870,-106.6592372,1522.6,17470.3,8.556,141,90,154
2026-07-24T18:35:50Z,35.0726181,-106.6591923,1522.6,17479.1,8.855,142,92,154
2026-07-24T18:35:51Z,35.0725598,-106.6591648,1522.6,17487.8,8.650,141,92,179
2026-07-24T18:35:52Z,35.0724708,-106.6591391,1522.6,17496.2,8.379,142,92,179
2026-07-24T18:35:53Z,35.0723964,-106.6591180,1522.8,17504.9,8.715,141,90,161
2026-07-24T18:35:54Z,35.0723280,-106.6590783,1522.8,17513.3,8.482,142,90,165
2026-07-24T18:35:55Z,35.0722685,-106.6590192,1522.8,17522.0,8.678,141,92,174
2026-07-24T18:35:56Z,35.0722140,-106.6589506,1522.8,17530.8,8.752,141,93,141
2026-07-24T18:35:57Z,35.0721633,-106.6588768,1522.8,17539.6,8.790,141,94,137
2026-07-24T18:35:58Z,35.0721119,-106.6588021,1522.8,17548.6,9.004,141,95,139
2026-07-24T18:35:59Z,35.0720581,-106.6587275,1522.6,17557.9,9.349,141,97,141
2026-07-24T18:36:00Z,35.0720001,-106.6586515,1522.6,17567.3,9.387,141,100,138
2026-07-24T18:36:01Z,35.0719398,-106.6585815,1522.6,17576.9,9.555,141,100,149
2026-07-24T18:36:02Z,35.0718716,-106.6585187,1522.6,17586.2,9.275,141,100,155
2026-07-24T18:36:03Z,35.0717964,-106.6584668,1522.6,17595.5,9.349,141,100,149
2026-07-24T18:36:04Z,35.0717182,-106.6584233,1522.4,17604.8,9.312,141,99,146
2026-07-24T18:36:05Z,35.0716419,-106.6583817,1522.4,17614.0,9.153,141,99,144
2026-07-24T18:36:06Z,35.0715675,-106.6583384,1522.2,17623.0,9.041,141,98,141
2026-07-24T18:36:07Z,35.0714929,-106.6582953,1522.2,17632.1,9.116,141,97,136
2026-07-24T18:36:08Z,35.0714168,-106.6582516,1522.2,17641.3,9.228,141,98,145
2026-07-24T18:36:09Z,35.0713406,-106.6582080,1522.2,17650.6,9.275,141,99,131
2026-07-24T18:36:10Z,35.0712631,-106.6581640,1522.2,17659.7,9.116,140,99,125
2026-07-24T18:36:11Z,35.0711863,-106.6581199,1522.2,17668.7,8.967,140,99,125
2026-07-24T18:36:12Z,35.0711106,-106.6580758,1522.2,17678.1,9.387,141,98,139
2026-07-24T18:36:13Z,35.0710353,-106.6580328,1522.2,17687.0,8.892,141,98,143
2026-07-24T18:36:14Z,35.0709608,-106.6579936,1522.2,17696.2,9.228,141,97,150
2026-07-24T18:36:15Z,35.0708863,-106.6579554,1522.2,17705.3,9.116,141,96,150
2026-07-24T18:36:16Z,35.0708123,-106.6579201,1522.2,17714.2,8.883,141,95,154
2026-07-24T18:36:17Z,35.0707372,-106.6578894,1522.2,17722.9,8.668,141,94,163
2026-07-24T18:36:18Z,35.0706610,-106.6578723,1522.2,17731.5,8.650,140,94,204
2026-07-24T18:36:19Z,35.0705845,-106.6578708,1522.2,17739.8,8.276,141,91,204
2026-07-24T18:36:20Z,35.0705108,-106.6578811,1522.2,17748.0,8.248,140,89,151
2026-07-24T18:36:21Z,35.0704353,-106.6578940,1522.2,17756.7,8.631,140,90,106
2026-07-24T18:36:22Z,35.0703577,-106.6579113,1522.2,17765.7,9.060,139,94,82
2026-07-24T18:36:23Z,35.0702807,-106.6579386,1522.2,17775.3,9.536,140,98,69
2026-07-24T18:36:24Z,35.0702045,-106.6579793,1522.2,17785.3,10.058,139,98,0
2026-07-24T18:36:25Z,35.0701290,-106.6580349,1522.2,17795.3,10.012,139,98,0
2026-07-24T18:36:26Z,35.0700520,-106.6580890,1522.0,17805.3,9.947,139,0,0
2026-07-24T18:36:27Z,35.0699687,-106.6581247,1522.0,17815.5,10.226,139,0,0
2026-07-24T18:36:28Z,35.0698867,-106.6581413,1521.8,17825.1,9.517,138,0,0
2026-07-24T18:36:29Z,35.0698079,-106.6581409,1521.8,17834.4,9.331,138,0,0
2026-07-24T18:36:30Z,35.0697363,-106.6581160,1521.4,17843.3,8.985,137,0,0
2026-07-24T18:36:31Z,35.0696872,-106.6580568,1521.4,17852.1,8.771,137,86,261
2026-07-24T18:36:32Z,35.0696598,-106.6579773,1521.2,17860.7,8.603,137,92,203
2026-07-24T18:36:33Z,35.0696592,-106.6578883,1521.0,17869.3,8.631,137,92,319
2026-07-24T18:36:34Z,35.0696771,-106.6577934,1520.8,17877.8,8.407,137,91,320
2026-07-24T18:36:35Z,35.0696922,-106.6577008,1520.8,17885.8,8.006,137,88,339
2026-07-24T18:36:36Z,35.0697015,-106.6576300,1520.8,17893.4,7.642,137,85,400
2026-07-24T18:36:37Z,35.0697121,-106.6575288,1520.8,17900.7,7.306,137,83,415
2026-07-24T18:36:38Z,35.0697171,-106.6574433,1520.8,17908.2,7.483,137,80,237
2026-07-24T18:36:39Z,35.0697125,-106.6573761,1521.0,17916.1,7.856,137,80,0
2026-07-24T18:36:40Z,35.0696913,-106.6572906,1521.0,17924.5,8.463,137,80,0
2026-07-24T18:36:41Z,35.0696548,-106.6572054,1521.2,17933.2,8.631,138,0,0
2026-07-24T18:36:42Z,35.0696084,-106.6571250,1521.2,17939.3,6.121,138,15,5
2026-07-24T18:36:43Z,35.0695522,-106.6570334,1521.4,17948.3,9.023,138,15,16
2026-07-24T18:36:44Z,35.0695074,-106.6569854,1521.4,17957.4,9.144,138,24,16
2026-07-24T18:36:45Z,35.0694339,-106.6569478,1521.4,17966.4,8.985,138,95,264
2026-07-24T18:36:46Z,35.0693351,-106.6569228,1521.4,17975.8,9.415,139,97,176
2026-07-24T18:36:47Z,35.0692532,-106.6569066,1521.4,17985.1,9.256,138,98,156
2026-07-24T18:36:48Z,35.0691720,-106.6568866,1521.2,17994.4,9.331,139,99,182
2026-07-24T18:36:49Z,35.0691074,-106.6568680,1521.2,18003.9,9.452,139,99,131
2026-07-24T18:36:50Z,35.0690104,-106.6568451,1521.0,18013.2,9.284,138,98,104
2026-07-24T18:36:51Z,35.0689313,-106.6568278,1520.8,18021.8,8.668,138,99,173
2026-07-24T18:36:52Z,35.0688506,-106.6568036,1520.6,18030.9,9.079,138,99,165
2026-07-24T18:36:53Z,35.0687862,-106.6567835,1520.6,18040.1,9.172,139,83,165
2026-07-24T18:36:54Z,35.0687061,-106.6567610,1520.6,18049.2,9.116,139,97,181
2026-07-24T18:36:55Z,35.0686271,-106.6567407,1520.4,18058.3,9.135,139,97,138
2026-07-24T18:36:56Z,35.0685317,-106.6567132,1520.4,18067.3,8.948,139,97,138
2026-07-24T18:36:57Z,35.0684500,-106.6566905,1520.4,18076.3,9.023,138,97,138
2026-07-24T18:36:58Z,35.0683861,-106.6566757,1520.4,18085.2,8.845,138,96,123
2026-07-24T18:36:59Z,35.0682888,-106.6566523,1520.4,18094.0,8.883,138,95,137
2026-07-24T18:37:00Z,35.0682103,-106.6566336,1520.4,18102.8,8.734,138,94,179
2026-07-24T18:37:01Z,35.0681514,-106.6566193,1520.6,18111.5,8.706,138,93,157
2026-07-24T18:37:02Z,35.0680790,-106.6566012,1520.6,18120.4,8.911,138,93,178
2026-07-24T18:37:03Z,35.0680081,-106.6565814,1520.6,18129.3,8.911,138,93,173
2026-07-24T18:37:04Z,35.0679193,-106.6565593,1520.6,18138.1,8.771,138,93,171
2026-07-24T18:37:05Z,35.0678403,-106.6565388,1520.6,18146.7,8.603,138,93,171
2026-07-24T18:37:06Z,35.0677630,-106.6565204,1520.6,18155.3,8.584,138,93,172
2026-07-24T18:37:07Z,35.0676877,-106.6565028,1520.6,18163.9,8.622,138,92,174
2026-07-24T18:37:08Z,35.0676076,-106.6564833,1520.6,18172.4,8.556,139,92,151
2026-07-24T18:37:09Z,35.0675300,-106.6564667,1520.6,18181.0,8.556,139,92,173
2026-07-24T18:37:10Z,35.0674545,-106.6564521,1520.6,18190.0,9.051,139,93,185
2026-07-24T18:37:11Z,35.0673825,-106.6564399,1520.6,18198.9,8.864,139,94,239
2026-07-24T18:37:12Z,35.0673105,-106.6564229,1520.6,18207.8,8.929,138,95,231
2026-07-24T18:37:13Z,35.0672355,-106.6564026,1520.6,18216.8,8.939,139,95,195
2026-07-24T18:37:14Z,35.0671599,-106.6563831,1520.4,18225.6,8.818,139,94,185
2026-07-24T18:37:15Z,35.0670836,-106.6563662,1520.4,18234.5,8.939,139,94,206
2026-07-24T18:37:16Z,35.0670034,-106.6563456,1520.4,18243.7,9.163,139,95,167
2026-07-24T18:37:17Z,35.0669239,-106.6563273,1520.4,18252.5,8.827,140,95,170
2026-07-24T18:37:18Z,35.0668436,-106.6563066,1520.4,18261.3,8.762,139,95,159
2026-07-24T18:37:19Z,35.0667654,-106.6562840,1520.4,18270.1,8.780,140,94,159
2026-07-24T18:37:20Z,35.0667003,-106.6562648,1520.4,18279.0,8.957,140,94,157
2026-07-24T18:37:21Z,35.0666027,-106.6562425,1520.4,18287.9,8.864,140,94,176
2026-07-24T18:37:22Z,35.0665207,-106.6562291,1520.4,18296.8,8.901,140,94,185
2026-07-24T18:37:23Z,35.0664406,-106.6562094,1520.4,18305.6,8.827,139,95,186
2026-07-24T18:37:24Z,35.0663668,-106.6561888,1520.4,18314.6,8.939,140,95,188
2026-07-24T18:37:25Z,35.0662946,-106.6561670,1520.4,18323.2,8.659,139,94,190
2026-07-24T18:37:26Z,35.0662207,-106.6561427,1520.4,18332.1,8.827,140,94,191
2026-07-24T18:37:27Z,35.0661441,-106.6561198,1520.4,18340.9,8.864,140,93,182
2026-07-24T18:37:28Z,35.0660674,-106.6561087,1520.4,18349.6,8.678,140,93,193
2026-07-24T18:37:29Z,35.0659901,-106.6560992,1520.4,18358.5,8.939,140,93,205
2026-07-24T18:37:30Z,35.0659136,-106.6560808,1520.6,18367.3,8.762,141,93,202
2026-07-24T18:37:31Z,35.0658430,-106.6560496,1520.6,18376.0,8.724,140,94,217
2026-07-24T18:37:32Z,35.0657699,-106.6560104,1520.6,18384.8,8.827,141,94,219
2026-07-24T18:37:33Z,35.0656931,-106.6559769,1520.6,18393.6,8.799,140,94,167
2026-07-24T18:37:34Z,35.0656143,-106.6559498,1520.8,18402.5,8.864,141,94,150
2026-07-24T18:37:35Z,35.0655350,-106.6559245,1520.8,18411.1,8.640,141,93,169
2026-07-24T18:37:36Z,35.0654566,-106.6559002,1520.8,18419.8,8.687,141,93,164
2026-07-24T18:37:37Z,35.0653783,-106.6558769,1521.0,18428.7,8.901,141,94,181
2026-07-24T18:37:38Z,35.0653001,-106.6558546,1521.0,18437.5,8.799,141,94,181
2026-07-24T18:37:39Z,35.0652201,-106.6558308,1521.0,18446.5,9.013,142,95,177
2026-07-24T18:37:40Z,35.0651419,-106.6558077,1521.0,18455.6,9.032,141,95,168
2026-07-24T18:37:41Z,35.0650640,-106.6557869,1521.0,18464.4,8.864,142,95,173
2026-07-24T18:37:42Z,35.0649857,-106.6557662,1521.0,18473.3,8.864,142,95,217
2026-07-24T18:37:43Z,35.0649085,-106.6557445,1521.0,18482.3,9.013,142,95,198
2026-07-24T18:37:44Z,35.0648283,-106.6557194,1520.8,18491.1,8.827,142,95,175
2026-07-24T18:37:45Z,35.0647490,-106.6556956,1520.8,18499.9,8.799,143,95,175
2026-07-24T18:37:46Z,35.0646721,-106.6556722,1520.8,18508.7,8.790,142,95,173
2026-07-24T18:37:47Z,35.0645945,-106.6556497,1520.8,18517.8,9.041,143,95,152
2026-07-24T18:37:48Z,35.0645167,-106.6556268,1520.6,18526.7,8.967,143,95,156
2026-07-24T18:37:49Z,35.0644363,-106.6556010,1520.6,18535.4,8.678,143,94,155
2026-07-24T18:37:50Z,35.0643579,-106.6555773,1520.4,18544.2,8.818,143,94,168
2026-07-24T18:37:51Z,35.0642801,-106.6555507,1520.4,18553.2,8.929,144,94,177
2026-07-24T18:37:52Z,35.0642022,-106.6555250,1520.4,18561.9,8.790,143,94,158
2026-07-24T18:37:53Z,35.0641255,-106.6555008,1520.4,18571.0,9.079,143,94,153
2026-07-24T18:37:54Z,35.0640477,-106.6554765,1520.2,18580.1,9.116,144,94,153
2026-07-24T18:37:55Z,35.0639715,-106.6554516,1520.2,18589.0,8.855,143,95,159
2026-07-24T18:37:56Z,35.0638935,-106.6554270,1520.2,18597.9,8.892,144,95,176
2026-07-24T18:37:57Z,35.0638155,-106.6554017,1520.2,18606.8,8.892,144,95,168
2026-07-24T18:37:58Z,35.0637379,-106.6553783,1520.2,18615.6,8.845,144,95,159
2026-07-24T18:37:59Z,35.0636582,-106.6553564,1520.2,18624.4,8.808,143,95,171
2026-07-24T18:38:00Z,35.0635793,-106.6553324,1520.2,18633.3,8.883,143,95,170
2026-07-24T18:38:01Z,35.0635034,-106.6553080,1520.2,18642.3,8.995,144,95,169
2026-07-24T18:38:02Z,35.0634274,-106.6552822,1520.2,18651.2,8.845,144,95,193
2026-07-24T18:38:03Z,35.0633501,-106.6552560,1520.2,18660.0,8.845,144,94,169
2026-07-24T18:38:04Z,35.0632725,-106.6552317,1520.2,18668.8,8.808,144,94,169
2026-07-24T18:38:05Z,35.0631959,-106.6552099,1520.2,18677.5,8.743,144,94,169
2026-07-24T18:38:06Z,35.0631188,-106.6551916,1520.2,18686.3,8.780,144,94,184
2026-07-24T18:38:07Z,35.0630390,-106.6551750,1520.2,18695.2,8.883,145,94,186
2026-07-24T18:38:08Z,35.0629615,-106.6551547,1520.2,18703.9,8.743,145,94,179
2026-07-24T18:38:09Z,35.0628852,-106.6551325,1520.2,18712.7,8.706,145,94,179
2026-07-24T18:38:10Z,35.0628097,-106.6551077,1520.2,18721.6,8.901,145,94,175
2026-07-24T18:38:11Z,35.0627315,-106.6550812,1520.2,18730.3,8.762,146,93,175
2026-07-24T18:38:12Z,35.0626549,-106.6550575,1520.2,18739.0,8.659,146,94,175
2026-07-24T18:38:13Z,35.0625790,-106.6550352,1520.4,18747.7,8.696,145,94,174
2026-07-24T18:38:14Z,35.0625013,-106.6550097,1520.6,18756.6,8.939,146,94,172
2026-07-24T18:38:15Z,35.0624246,-106.6549862,1520.6,18765.4,8.799,145,94,165
2026-07-24T18:38:16Z,35.0623465,-106.6549641,1520.6,18774.1,8.622,145,94,163
2026-07-24T18:38:17Z,35.0622681,-106.6549405,1520.6,18783.3,9.321,145,95,152
2026-07-24T18:38:18Z,35.0621892,-106.6549170,1520.6,18792.5,9.163,145,96,154
2026-07-24T18:38:19Z,35.0621114,-106.6548930,1520.6,18801.6,9.125,145,96,142
2026-07-24T18:38:20Z,35.0620303,-106.6548673,1520.6,18810.9,9.284,145,98,137
2026-07-24T18:38:21Z,35.0619481,-106.6548434,1520.6,18820.4,9.480,145,99,125
2026-07-24T18:38:22Z,35.0618655,-106.6548206,1520.4,18829.7,9.321,145,99,126
2026-07-24T18:38:23Z,35.0617844,-106.6547964,1520.4,18839.1,9.359,144,99,132
2026-07-24T18:38:24Z,35.0617046,-106.6547726,1520.4,18848.5,9.396,144,99,135
2026-07-24T18:38:25Z,35.0616241,-106.6547492,1520.4,18858.0,9.480,143,99,129
2026-07-24T18:38:26Z,35.0615420,-106.6547271,1520.4,18867.4,9.433,143,99,136
2026-07-24T18:38:27Z,35.0614591,-106.6547065,1520.4,18876.6,9.237,143,100,117
2026-07-24T18:38:28Z,35.0613756,-106.6546865,1520.2,18886.1,9.499,143,99,128
2026-07-24T18:38:29Z,35.0612946,-106.6546663,1520.2,18895.6,9.480,143,100,182
2026-07-24T18:38:30Z,35.0612168,-106.6546451,1520.2,18905.2,9.555,143,101,208
2026-07-24T18:38:31Z,35.0611377,-106.6546185,1520.2,18914.7,9.536,143,102,150
2026-07-24T18:38:32Z,35.0610541,-106.6545901,1520.2,18924.4,9.685,143,102,137
2026-07-24T18:38:33Z,35.0609691,-106.6545651,1520.2,18933.9,9.517,143,102,131
2026-07-24T18:38:34Z,35.0608871,-106.6545396,1520.0,18943.2,9.275,142,100,123
2026-07-24T18:38:35Z,35.0608044,-106.6545102,1520.0,18952.5,9.359,142,100,149
2026-07-24T18:38:36Z,35.0607236,-106.6544804,1519.8,18961.8,9.293,142,99,153
2026-07-24T18:38:37Z,35.0606408,-106.6544505,1519.8,18971.1,9.237,142,99,144
2026-07-24T18:38:38Z,35.0605578,-106.6544232,1519.8,18980.3,9.219,142,98,141
2026-07-24T18:38:39Z,35.0604783,-106.6543997,1519.6,18989.3,9.041,142,97,129
2026-07-24T18:38:40Z,35.0604145,-106.6543828,1519.4,18998.2,8.883,142,96,137
2026-07-24T18:38:41Z,35.0603184,-106.6543593,1519.2,19007.3,9.060,142,96,140
2026-07-24T18:38:42Z,35.0602394,-106.6543402,1519.2,19016.0,8.734,141,95,148
2026-07-24T18:38:43Z,35.0601603,-106.6543256,1519.2,19025.1,9.097,141,95,144
2026-07-24T18:38:44Z,35.0600824,-106.6543116,1519.2,19034.0,8.911,141,95,129
2026-07-24T18:38:45Z,35.0600040,-106.6542980,1519.2,19042.9,8.911,141,95,127
2026-07-24T18:38:46Z,35.0599231,-106.6542848,1519.2,19051.9,8.985,142,95,146
2026-07-24T18:38:47Z,35.0598445,-106.6542719,1519.2,19061.0,9.097,141,95,126
2026-07-24T18:38:48Z,35.0597652,-106.6542547,1519.4,19070.0,9.023,141,96,138
2026-07-24T18:38:49Z,35.0597012,-106.6542389,1519.4,19079.0,8.985,141,96,86
2026-07-24T18:38:50Z,35.0596052,-106.6542240,1519.6,19087.8,8.808,141,96,22
2026-07-24T18:38:51Z,35.0595297,-106.6542289,1519.6,19096.4,8.622,140,96,22
2026-07-24T18:38:52Z,35.0594614,-106.6542524,1519.6,19105.0,8.566,140,36,22
2026-07-24T18:38:53Z,35.0593979,-106.6542967,1519.8,19113.5,8.500,140,35,191
2026-07-24T18:38:54Z,35.0593313,-106.6543431,1519.8,19122.3,8.771,140,90,311
2026-07-24T18:38:55Z,35.0592569,-106.6543708,1519.8,19131.3,8.985,140,93,240
2026-07-24T18:38:56Z,35.0591779,-106.6543834,1519.8,19140.2,8.948,140,94,216
2026-07-24T18:38:57Z,35.0590989,-106.6543919,1519.8,19149.1,8.911,140,95,204
2026-07-24T18:38:58Z,35.0590198,-106.6543995,1519.8,19158.0,8.883,139,95,189
2026-07-24T18:38:59Z,35.0589400,-106.6544064,1519.8,19167.1,9.060,140,95,183
2026-07-24T18:39:00Z,35.0588613,-106.6544117,1519.6,19176.2,9.097,140,96,173
2026-07-24T18:39:01Z,35.0587805,-106.6544145,1519.6,19185.1,8.911,140,97,174
2026-07-24T18:39:02Z,35.0586998,-106.6544212,1519.6,19194.3,9.256,140,97,163
2026-07-24T18:39:03Z,35.0586196,-106.6544306,1519.6,19203.3,9.023,140,97,162
2026-07-24T18:39:04Z,35.0585399,-106.6544429,1519.4,19212.3,8.985,140,96,166
2026-07-24T18:39:05Z,35.0584618,-106.6544575,1519.4,19221.4,9.097,139,96,183
2026-07-24T18:39:06Z,35.0583824,-106.6544710,1519.6,19230.6,9.172,139,96,169
2026-07-24T18:39:07Z,35.0583173,-106.6544824,1519.6,19239.6,8.985,140,96,195
2026-07-24T18:39:08Z,35.0582223,-106.6545002,1519.4,19248.5,8.911,139,96,195
2026-07-24T18:39:09Z,35.0581423,-106.6545169,1519.4,19257.4,8.948,140,96,200
2026-07-24T18:39:10Z,35.0580632,-106.6545365,1519.4,19266.6,9.097,139,96,200
2026-07-24T18:39:11Z,35.0579864,-106.6545571,1519.6,19275.5,8.985,139,96,181
2026-07-24T18:39:12Z,35.0579100,-106.6545821,1519.6,19284.4,8.845,139,95,179
2026-07-24T18:39:13Z,35.0578321,-106.6546089,1519.4,19293.4,9.023,139,95,177
2026-07-24T18:39:14Z,35.0577543,-106.6546337,1519.4,19302.4,8.985,139,95,170
2026-07-24T18:39:15Z,35.0576761,-106.6546600,1519.4,19311.4,8.976,140,95,178
2026-07-24T18:39:16Z,35.0576136,-106.6546819,1519.4,19320.4,9.060,139,96,177
2026-07-24T18:39:17Z,35.0575211,-106.6547196,1519.4,19329.6,9.219,139,96,188
2026-07-24T18:39:18Z,35.0574443,-106.6547537,1519.4,19338.6,8.985,139,97,171
2026-07-24T18:39:19Z,35.0573661,-106.6547831,1519.4,19347.6,8.985,139,97,178
2026-07-24T18:39:20Z,35.0572865,-106.6548098,1519.4,19356.8,9.153,140,96,174
2026-07-24T18:39:21Z,35.0572095,-106.6548402,1519.4,19365.8,8.985,140,96,174
2026-07-24T18:39:22Z,35.0571338,-106.6548704,1519.4,19374.9,9.172,140,96,174
2026-07-24T18:39:23Z,35.0570557,-106.6549020,1519.4,19384.2,9.219,140,97,174
2026-07-24T18:39:24Z,35.0569787,-106.6549317,1519.4,19393.2,9.060,140,97,175
2026-07-24T18:39:25Z,35.0569165,-106.6549538,1519.4,19402.4,9.191,140,97,170
2026-07-24T18:39:26Z,35.0568224,-106.6549898,1519.2,19411.6,9.153,141,97,176
2026-07-24T18:39:27Z,35.0567451,-106.6550208,1519.2,19420.6,9.060,141,97,158
2026-07-24T18:39:28Z,35.0566678,-106.6550494,1519.0,19429.7,9.023,141,96,154
2026-07-24T18:39:29Z,35.0565903,-106.6550783,1518.8,19438.5,8.911,142,96,164
2026-07-24T18:39:30Z,35.0565127,-106.6551092,1518.8,19447.6,9.088,142,96,160
2026-07-24T18:39:31Z,35.0564355,-106.6551392,1518.8,19456.9,9.228,142,96,163
2026-07-24T18:39:32Z,35.0563583,-106.6551680,1518.8,19466.1,9.228,143,96,177
2026-07-24T18:39:33Z,35.0562793,-106.6551980,1518.8,19475.1,9.041,142,97,172
2026-07-24T18:39:34Z,35.0562171,-106.6552226,1518.8,19484.5,9.331,143,98,163
2026-07-24T18:39:35Z,35.0561229,-106.6552609,1518.8,19493.9,9.424,143,98,157
2026-07-24T18:39:36Z,35.0560428,-106.6552904,1518.8,19503.3,9.387,143,98,156
2026-07-24T18:39:37Z,35.0559640,-106.6553221,1518.8,19512.4,9.153,143,98,142
2026-07-24T18:39:38Z,35.0558864,-106.6553546,1518.8,19521.7,9.228,144,98,136
2026-07-24T18:39:39Z,35.0558097,-106.6553870,1519.0,19530.8,9.116,143,98,157
2026-07-24T18:39:40Z,35.0557305,-106.6554169,1519.0,19540.0,9.275,143,97,156
2026-07-24T18:39:41Z,35.0556521,-106.6554447,1519.2,19549.3,9.228,143,97,143
2026-07-24T18:39:42Z,35.0555895,-106.6554679,1519.2,19558.6,9.368,143,98,159
2026-07-24T18:39:43Z,35.0554958,-106.6555039,1519.2,19567.9,9.275,143,98,160
2026-07-24T18:39:44Z,35.0554169,-106.6555333,1519.4,19576.9,9.041,143,98,198
2026-07-24T18:39:45Z,35.0553388,-106.6555634,1519.4,19586.1,9.116,143,98,139
2026-07-24T18:39:46Z,35.0552615,-106.6555935,1519.4,19595.3,9.191,143,97,140
2026-07-24T18:39:47Z,35.0551982,-106.6556169,1519.4,19604.3,9.079,143,97,145
2026-07-24T18:39:48Z,35.0551037,-106.6556486,1519.4,19613.4,9.041,143,97,124
2026-07-24T18:39:49Z,35.0550259,-106.6556781,1519.4,19622.4,9.041,143,96,146
2026-07-24T18:39:50Z,35.0549485,-106.6557075,1519.4,19631.3,8.883,143,96,153
2026-07-24T18:39:51Z,35.0548728,-106.6557385,1519.4,19640.2,8.855,143,95,164
2026-07-24T18:39:52Z,35.0547962,-106.6557708,1519.2,19649.1,8.920,143,95,175
2026-07-24T18:39:53Z,35.0547191,-106.6557992,1519.0,19657.9,8.855,143,95,163
2026-07-24T18:39:54Z,35.0546406,-106.6558270,1519.0,19666.8,8.836,143,95,173
2026-07-24T18:39:55Z,35.0545636,-106.6558556,1519.0,19675.7,8.920,143,95,164
2026-07-24T18:39:56Z,35.0544871,-106.6558823,1519.0,19684.6,8.883,143,95,171
2026-07-24T18:39:57Z,35.0544114,-106.6559104,1519.0,19693.4,8.790,143,94,156
2026-07-24T18:39:58Z,35.0543360,-106.6559401,1519.0,19702.1,8.743,143,94,144
2026-07-24T18:39:59Z,35.0542606,-106.6559670,1519.0,19711.0,8.920,143,94,154
2026-07-24T18:40:00Z,35.0541847,-106.6559932,1519.0,19719.9,8.818,144,94,154
2026-07-24T18:40:01Z,35.0541080,-106.6560207,1519.0,19728.7,8.855,143,94,160
2026-07-24T18:40:02Z,35.0540318,-106.6560489,1519.4,19737.5,8.771,144,94,160
2026-07-24T18:40:03Z,35.0539575,-106.6560790,1519.4,19746.3,8.845,144,94,168
2026-07-24T18:40:04Z,35.0538832,-106.6561078,1519.6,19755.0,8.668,144,94,151
2026-07-24T18:40:05Z,35.0538078,-106.6561333,1519.6,19763.6,8.631,144,93,163
2026-07-24T18:40:06Z,35.0537321,-106.6561615,1519.8,19772.3,8.734,144,92,164
2026-07-24T18:40:07Z,35.0536581,-106.6561919,1519.8,19780.9,8.603,144,92,164
2026-07-24T18:40:08Z,35.0535838,-106.6562208,1519.8,19789.5,8.547,143,92,179
2026-07-24T18:40:09Z,35.0535237,-106.6562414,1519.8,19798.3,8.808,143,91,179
2026-07-24T18:40:10Z,35.0534341,-106.6562717,1519.8,19807.0,8.706,143,91,204
2026-07-24T18:40:11Z,35.0533609,-106.6563003,1519.8,19815.4,8.435,143,91,177
2026-07-24T18:40:12Z,35.0532885,-106.6563308,1519.6,19824.1,8.603,143,91,170
2026-07-24T18:40:13Z,35.0532161,-106.6563630,1519.6,19832.8,8.734,143,92,158
2026-07-24T18:40:14Z,35.0531428,-106.6563933,1519.4,19841.4,8.603,142,92,157
2026-07-24T18:40:15Z,35.0530687,-106.6564234,1519.4,19850.3,8.911,142,92,161
2026-07-24T18:40:16Z,35.0529939,-106.6564547,1519.4,19859.0,8.734,142,92,160
2026-07-24T18:40:17Z,35.0529197,-106.6564848,1519.4,19867.7,8.631,142,92,164
2026-07-24T18:40:18Z,35.0528466,-106.6565145,1519.4,19876.3,8.668,142,92,164
2026-07-24T18:40:19Z,35.0527883,-106.6565371,1519.2,19884.9,8.603,142,92,185
2026-07-24T18:40:20Z,35.0527001,-106.6565705,1519.2,19893.6,8.668,142,92,192
2026-07-24T18:40:21Z,35.0526259,-106.6565964,1519.2,19902.5,8.901,142,93,179
2026-07-24T18:40:22Z,35.0525516,-106.6566212,1519.4,19911.5,8.985,142,93,162
2026-07-24T18:40:23Z,35.0524773,-106.6566494,1519.4,19920.2,8.734,142,93,162
2026-07-24T18:40:24Z,35.0524031,-106.6566794,1519.4,19928.8,8.631,141,93,153
2026-07-24T18:40:25Z,35.0523278,-106.6567103,1519.4,19937.8,8.948,142,93,154
2026-07-24T18:40:26Z,35.0522524,-106.6567373,1519.4,19946.5,8.706,141,93,213
2026-07-24T18:40:27Z,35.0521774,-106.6567647,1519.4,19955.2,8.706,142,93,213
2026-07-24T18:40:28Z,35.0521197,-106.6567898,1519.4,19964.2,8.967,142,93,178
2026-07-24T18:40:29Z,35.0520324,-106.6568273,1519.4,19972.9,8.687,142,93,205
2026-07-24T18:40:30Z,35.0519576,-106.6568553,1519.4,19981.7,8.790,142,93,186
2026-07-24T18:40:31Z,35.0518827,-106.6568790,1519.4,19990.5,8.864,143,93,196
2026-07-24T18:40:32Z,35.0518073,-106.6569028,1519.4,19999.2,8.687,142,93,172
2026-07-24T18:40:33Z,35.0517335,-106.6569295,1519.4,20008.0,8.808,142,93,200
2026-07-24T18:40:34Z,35.0516581,-106.6569590,1519.4,20016.7,8.724,143,93,199
2026-07-24T18:40:35Z,35.0515830,-106.6569867,1519.4,20025.6,8.901,143,93,179
2026-07-24T18:40:36Z,35.0515074,-106.6570139,1519.4,20034.4,8.752,144,94,179
2026-07-24T18:40:37Z,35.0514482,-106.6570367,1519.4,20042.9,8.547,144,94,178
2026-07-24T18:40:38Z,35.0513584,-106.6570711,1519.4,20051.8,8.827,144,93,193
2026-07-24T18:40:39Z,35.0512854,-106.6570994,1519.4,20060.4,8.622,144,92,206
2026-07-24T18:40:40Z,35.0512117,-106.6571269,1519.4,20069.0,8.612,145,92,214
2026-07-24T18:40:41Z,35.0511537,-106.6571501,1519.4,20077.7,8.734,145,92,210
2026-07-24T18:40:42Z,35.0510634,-106.6571859,1519.4,20086.5,8.734,146,92,201
2026-07-24T18:40:43Z,35.0509896,-106.6572140,1519.4,20095.2,8.734,146,93,201
2026-07-24T18:40:44Z,35.0509164,-106.6572432,1519.4,20104.2,8.948,146,93,203
2026-07-24T18:40:45Z,35.0508431,-106.6572742,1519.4,20112.9,8.771,147,94,184
2026-07-24T18:40:46Z,35.0507716,-106.6573051,1519.4,20121.8,8.873,147,95,181
2026-07-24T18:40:47Z,35.0506976,-106.6573390,1519.4,20130.9,9.079,147,95,197
2026-07-24T18:40:48Z,35.0506248,-106.6573759,1519.4,20139.9,9.060,147,96,176
2026-07-24T18:40:49Z,35.0505508,-106.6574155,1519.4,20149.1,9.135,147,96,169
2026-07-24T18:40:50Z,35.0504941,-106.6574514,1519.2,20158.3,9.256,147,97,165
2026-07-24T18:40:51Z,35.0504089,-106.6575076,1519.2,20167.7,9.415,147,98,161
2026-07-24T18:40:52Z,35.0503346,-106.6575570,1519.0,20177.2,9.415,148,100,182
2026-07-24T18:40:53Z,35.0502594,-106.6576050,1518.8,20186.5,9.377,147,100,169
2026-07-24T18:40:54Z,35.0501827,-106.6576514,1518.6,20195.8,9.219,147,100,190
2026-07-24T18:40:55Z,35.0501050,-106.6576925,1518.4,20205.1,9.312,147,100,190
2026-07-24T18:40:56Z,35.0500296,-106.6577345,1518.4,20214.4,9.293,148,98,217
2026-07-24T18:40:57Z,35.0499544,-106.6577795,1518.2,20223.5,9.097,147,98,208
2026-07-24T18:40:58Z,35.0498784,-106.6578248,1518.2,20232.6,9.116,148,98,223
2026-07-24T18:40:59Z,35.0498179,-106.6578606,1518.2,20241.7,9.172,148,97,231
2026-07-24T18:41:00Z,35.0497289,-106.6579162,1517.8,20250.9,9.153,148,97,225
2026-07-24T18:41:01Z,35.0496547,-106.6579608,1517.8,20259.9,8.985,147,97,218
2026-07-24T18:41:02Z,35.0495793,-106.6580007,1517.4,20269.1,9.172,148,96,211
2026-07-24T18:41:03Z,35.0495065,-106.6580440,1517.4,20278.2,9.172,147,96,240
2026-07-24T18:41:04Z,35.0494362,-106.6580880,1517.4,20287.2,8.985,148,96,239
2026-07-24T18:41:05Z,35.0493684,-106.6581333,1517.4,20296.2,8.948,148,96,228
2026-07-24T18:41:06Z,35.0492991,-106.6581789,1517.4,20305.3,9.135,148,96,238
2026-07-24T18:41:07Z,35.0492294,-106.6582265,1517.6,20314.2,8.948,147,96,238
2026-07-24T18:41:08Z,35.0491607,-106.6582747,1517.8,20323.1,8.808,147,95,219
2026-07-24T18:41:09Z,35.0490926,-106.6583260,1518.0,20331.8,8.771,147,95,210
2026-07-24T18:41:10Z,35.0490248,-106.6583784,1517.8,20340.8,8.985,147,94,223
2026-07-24T18:41:11Z,35.0489562,-106.6584286,1517.8,20349.8,8.948,146,94,215
2026-07-24T18:41:12Z,35.0488912,-106.6584765,1517.8,20358.6,8.845,147,94,226
2026-07-24T18:41:13Z,35.0488254,-106.6585284,1517.8,20367.3,8.752,147,94,229
2026-07-24T18:41:14Z,35.0487561,-106.6585825,1517.8,20376.2,8.873,147,94,250
2026-07-24T18:41:15Z,35.0486863,-106.6586351,1517.8,20385.1,8.873,147,94,250
2026-07-24T18:41:16Z,35.0486175,-106.6586878,1517.8,20394.1,8.985,147,95,264
2026-07-24T18:41:17Z,35.0485641,-106.6587304,1517.8,20403.1,9.032,147,95,222
2026-07-24T18:41:18Z,35.0484844,-106.6587901,1517.8,20412.1,8.957,146,95,205
2026-07-24T18:41:19Z,35.0484188,-106.6588377,1517.8,20420.8,8.706,147,96,199
2026-07-24T18:41:20Z,35.0483506,-106.6588913,1517.8,20430.0,9.265,147,97,203
2026-07-24T18:41:21Z,35.0482823,-106.6589464,1517.8,20439.2,9.144,147,97,186
2026-07-24T18:41:22Z,35.0482120,-106.6590021,1517.8,20448.3,9.069,147,97,186
2026-07-24T18:41:23Z,35.0481416,-106.6590571,1517.8,20457.5,9.219,147,97,157
2026-07-24T18:41:24Z,35.0480716,-106.6591104,1517.8,20466.5,9.032,147,97,147
2026-07-24T18:41:25Z,35.0480021,-106.6591603,1517.8,20475.6,9.032,148,96,151
2026-07-24T18:41:26Z,35.0479448,-106.6592007,1517.6,20484.5,8.920,148,96,146
2026-07-24T18:41:27Z,35.0478617,-106.6592639,1517.6,20493.7,9.163,149,96,143
2026-07-24T18:41:28Z,35.0477926,-106.6593181,1517.6,20502.7,9.069,149,97,137
2026-07-24T18:41:29Z,35.0477224,-106.6593719,1517.6,20511.7,8.995,148,97,156
2026-07-24T18:41:30Z,35.0476531,-106.6594226,1517.6,20520.7,8.967,148,97,182
2026-07-24T18:41:31Z,35.0475837,-106.6594755,1517.6,20529.7,8.995,148,97,167
2026-07-24T18:41:32Z,35.0475138,-106.6595278,1517.6,20538.6,8.967,148,96,156
2026-07-24T18:41:33Z,35.0474441,-106.6595822,1517.6,20547.5,8.818,148,96,154
2026-07-24T18:41:34Z,35.0473770,-106.6596361,1517.6,20556.4,8.967,149,96,162
2026-07-24T18:41:35Z,35.0473229,-106.6596795,1517.6,20565.3,8.929,148,95,152
2026-07-24T18:41:36Z,35.0472433,-106.6597427,1517.6,20574.5,9.153,148,95,169
2026-07-24T18:41:37Z,35.0471763,-106.6597973,1517.4,20583.6,9.051,148,96,162
2026-07-24T18:41:38Z,35.0471072,-106.6598506,1517.4,20592.5,8.929,148,96,174
2026-07-24T18:41:39Z,35.0470363,-106.6599030,1517.4,20601.3,8.855,148,96,164
2026-07-24T18:41:40Z,35.0469674,-106.6599569,1517.4,20610.2,8.929,148,95,169
2026-07-24T18:41:41Z,35.0468976,-106.6600109,1517.2,20619.3,9.041,148,95,182
2026-07-24T18:41:42Z,35.0468308,-106.6600621,1517.2,20628.2,8.892,148,95,175
2026-07-24T18:41:43Z,35.0467638,-106.6601130,1517.4,20636.9,8.762,148,94,186
2026-07-24T18:41:44Z,35.0467079,-106.6601530,1517.4,20645.8,8.892,148,94,184
2026-07-24T18:41:45Z,35.0466276,-106.6602079,1517.2,20654.6,8.752,147,94,179
2026-07-24T18:41:46Z,35.0465625,-106.6602509,1517.2,20663.1,8.510,148,93,181
2026-07-24T18:41:47Z,35.0464948,-106.6602987,1517.2,20671.7,8.640,147,92,160
2026-07-24T18:41:48Z,35.0464322,-106.6603494,1517.2,20680.3,8.575,148,92,167
2026-07-24T18:41:49Z,35.0463680,-106.6604022,1517.2,20688.9,8.575,147,92,174
2026-07-24T18:41:50Z,35.0463044,-106.6604554,1517.2,20697.5,8.640,147,92,170
2026-07-24T18:41:51Z,35.0462400,-106.6605072,1517.2,20706.4,8.929,147,93,170
2026-07-24T18:41:52Z,35.0461752,-106.6605610,1517.2,20715.3,8.855,147,94,165
2026-07-24T18:41:53Z,35.0461235,-106.6606054,1517.2,20724.2,8.929,147,95,159
2026-07-24T18:41:54Z,35.0460454,-106.6606740,1517.4,20733.4,9.163,147,96,161
2026-07-24T18:41:55Z,35.0459773,-106.6607327,1517.4,20742.4,8.976,147,96,174
2026-07-24T18:41:56Z,35.0459104,-106.6607860,1517.4,20751.2,8.790,147,95,194
2026-07-24T18:41:57Z,35.0458420,-106.6608319,1517.4,20759.7,8.547,146,94,280
2026-07-24T18:41:58Z,35.0457734,-106.6608767,1517.6,20768.4,8.650,147,94,265
2026-07-24T18:41:59Z,35.0457059,-106.6609254,1517.6,20776.9,8.584,146,93,265
2026-07-24T18:42:00Z,35.0456381,-106.6609777,1517.6,20785.6,8.622,147,92,251
2026-07-24T18:42:01Z,35.0455717,-106.6610290,1517.6,20794.2,8.584,146,91,211
2026-07-24T18:42:02Z,35.0455178,-106.6610659,1517.8,20802.5,8.323,146,91,200
2026-07-24T18:42:03Z,35.0454352,-106.6611165,1518.0,20810.8,8.332,146,90,201
2026-07-24T18:42:04Z,35.0453673,-106.6611587,1518.2,20819.3,8.454,147,90,198
2026-07-24T18:42:05Z,35.0453047,-106.6612029,1518.2,20827.6,8.323,147,90,185
2026-07-24T18:42:06Z,35.0452436,-106.6612494,1518.2,20836.0,8.388,147,90,207
2026-07-24T18:42:07Z,35.0451831,-106.6613007,1518.4,20844.5,8.547,147,90,208
2026-07-24T18:42:08Z,35.0451221,-106.6613518,1518.4,20852.9,8.416,147,90,173
2026-07-24T18:42:09Z,35.0450608,-106.6614038,1518.4,20861.5,8.584,146,91,173
2026-07-24T18:42:10Z,35.0449949,-106.6614563,1518.4,20869.9,8.416,147,92,158
2026-07-24T18:42:11Z,35.0449282,-106.6615071,1518.4,20878.6,8.687,147,92,139
2026-07-24T18:42:12Z,35.0448602,-106.6615591,1518.4,20887.2,8.519,147,92,161
2026-07-24T18:42:13Z,35.0447952,-106.6616097,1518.2,20895.6,8.454,147,91,144
2026-07-24T18:42:14Z,35.0447307,-106.6616611,1518.2,20904.1,8.547,148,91,138
2026-07-24T18:42:15Z,35.0446662,-106.6617147,1518.2,20912.6,8.416,147,91,188
2026-07-24T18:42:16Z,35.0446020,-106.6617657,1518.0,20921.1,8.519,147,91,153
2026-07-24T18:42:17Z,35.0445371,-106.6618174,1518.0,20929.5,8.454,146,91,170
2026-07-24T18:42:18Z,35.0444744,-106.6618689,1518.0,20938.0,8.426,146,91,156
2026-07-24T18:42:19Z,35.0444227,-106.6619092,1518.0,20946.4,8.426,145,91,73
2026-07-24T18:42:20Z,35.0443580,-106.6619588,1517.8,20954.6,8.202,146,91,73
2026-07-24T18:42:21Z,35.0442784,-106.6620164,1517.8,20963.0,8.398,145,55,73
2026-07-24T18:42:22Z,35.0442105,-106.6620619,1517.6,20971.2,8.174,145,77,128
2026-07-24T18:42:23Z,35.0441446,-106.6621064,1517.6,20979.4,8.202,145,88,208
2026-07-24T18:42:24Z,35.0440819,-106.6621510,1517.6,20987.7,8.304,145,88,163
2026-07-24T18:42:25Z,35.0440223,-106.6621958,1517.6,20995.9,8.267,145,89,177
2026-07-24T18:42:26Z,35.0439618,-106.6622442,1517.6,21004.4,8.426,144,90,150
2026-07-24T18:42:27Z,35.0438986,-106.6622966,1517.8,21012.9,8.566,144,91,150
2026-07-24T18:42:28Z,35.0438351,-106.6623477,1517.8,21021.6,8.631,144,92,146
2026-07-24T18:42:29Z,35.0437764,-106.6623983,1518.0,21030.3,8.734,143,94,129
2026-07-24T18:42:30Z,35.0437157,-106.6624502,1518.0,21039.3,9.023,143,94,140
2026-07-24T18:42:31Z,35.0436479,-106.6625085,1517.8,21048.3,8.948,143,96,140
2026-07-24T18:42:32Z,35.0435774,-106.6625638,1517.8,21057.3,9.060,144,97,164
2026-07-24T18:42:33Z,35.0435053,-106.6626169,1517.6,21066.4,9.097,144,97,161
2026-07-24T18:42:34Z,35.0434318,-106.6626656,1517.6,21075.2,8.771,144,95,174
2026-07-24T18:42:35Z,35.0433610,-106.6627118,1517.6,21083.7,8.463,143,93,171
2026-07-24T18:42:36Z,35.0432921,-106.6627586,1517.4,21092.1,8.426,144,92,178
2026-07-24T18:42:37Z,35.0432219,-106.6628053,1517.4,21100.6,8.491,143,92,170
2026-07-24T18:42:38Z,35.0431541,-106.6628550,1517.4,21109.2,8.566,143,92,169
2026-07-24T18:42:39Z,35.0430865,-106.6629083,1517.2,21117.6,8.491,143,92,168
2026-07-24T18:42:40Z,35.0430236,-106.6629582,1517.4,21126.4,8.771,143,92,176
2026-07-24T18:42:41Z,35.0429601,-106.6630093,1517.2,21135.0,8.594,143,92,173
2026-07-24T18:42:42Z,35.0428967,-106.6630575,1517.2,21143.6,8.566,144,92,167
2026-07-24T18:42:43Z,35.0428335,-106.6631054,1517.2,21152.2,8.650,143,92,188
2026-07-24T18:42:44Z,35.0427677,-106.6631543,1517.2,21160.7,8.528,144,92,155
2026-07-24T18:42:45Z,35.0427011,-106.6632015,1517.0,21169.2,8.491,143,91,155
2026-07-24T18:42:46Z,35.0426347,-106.6632476,1517.0,21177.9,8.668,143,91,159
2026-07-24T18:42:47Z,35.0425697,-106.6632942,1517.0,21186.4,8.528,143,92,166
2026-07-24T18:42:48Z,35.0425037,-106.6633462,1517.0,21195.1,8.631,143,92,164
2026-07-24T18:42:49Z,35.0424381,-106.6634041,1517.0,21203.8,8.734,143,93,159
2026-07-24T18:42:50Z,35.0423761,-106.6634633,1517.0,21212.4,8.594,143,93,152
2026-07-24T18:42:51Z,35.0423272,-106.6635105,1517.0,21220.9,8.547,143,93,163
2026-07-24T18:42:52Z,35.0422519,-106.6635770,1517.0,21229.6,8.668,143,92,153
2026-07-24T18:42:53Z,35.0421860,-106.6636229,1517.0,21238.2,8.575,142,92,187
2026-07-24T18:42:54Z,35.0421163,-106.6636604,1517.0,21246.8,8.678,142,92,180
2026-07-24T18:42:55Z,35.0420436,-106.6636984,1517.0,21255.4,8.566,143,92,191
2026-07-24T18:42:56Z,35.0419736,-106.6637389,1517.0,21264.0,8.631,143,92,217
2026-07-24T18:42:57Z,35.0419077,-106.6637843,1517.0,21272.7,8.650,143,92,215
2026-07-24T18:42:58Z,35.0418446,-106.6638350,1517.0,21281.3,8.594,143,92,181
2026-07-24T18:42:59Z,35.0417824,-106.6638855,1517.0,21289.9,8.668,143,93,170
2026-07-24T18:43:00Z,35.0417286,-106.6639264,1517.0,21298.5,8.528,143,92,204
2026-07-24T18:43:01Z,35.0416486,-106.6639868,1517.2,21307.0,8.528,143,92,207
2026-07-24T18:43:02Z,35.0415836,-106.6640381,1517.2,21315.7,8.668,143,92,192
2026-07-24T18:43:03Z,35.0415179,-106.6640896,1517.2,21324.5,8.836,143,93,191
2026-07-24T18:43:04Z,35.0414530,-106.6641422,1517.4,21333.3,8.771,142,94,158
2026-07-24T18:43:05Z,35.0413860,-106.6641948,1517.4,21342.1,8.836,143,95,154
2026-07-24T18:43:06Z,35.0413165,-106.6642476,1517.4,21351.2,9.060,143,95,139
2026-07-24T18:43:07Z,35.0412452,-106.6643006,1517.4,21360.1,8.948,143,95,134
2026-07-24T18:43:08Z,35.0411744,-106.6643551,1517.4,21368.9,8.734,143,95,134
2026-07-24T18:43:09Z,35.0411210,-106.6643980,1517.4,21378.0,9.135,143,94,94
2026-07-24T18:43:10Z,35.0410391,-106.6644568,1517.4,21386.8,8.827,142,94,146
2026-07-24T18:43:11Z,35.0409724,-106.6645028,1517.6,21395.7,8.855,142,80,146
2026-07-24T18:43:12Z,35.0409060,-106.6645569,1517.6,21404.4,8.696,142,83,109
2026-07-24T18:43:13Z,35.0408421,-106.6646127,1517.6,21413.2,8.790,142,56,124
2026-07-24T18:43:14Z,35.0407746,-106.6646650,1517.6,21422.0,8.855,141,95,207
2026-07-24T18:43:15Z,35.0407044,-106.6647164,1517.6,21430.8,8.790,141,95,263
2026-07-24T18:43:16Z,35.0406307,-106.6647681,1517.6,21439.7,8.873,141,95,189
2026-07-24T18:43:17Z,35.0405592,-106.6648187,1517.4,21448.4,8.687,141,94,167
2026-07-24T18:43:18Z,35.0405046,-106.6648607,1517.4,21457.0,8.650,140,94,159
2026-07-24T18:43:19Z,35.0404239,-106.6649214,1517.4,21465.6,8.584,140,93,171
2026-07-24T18:43:20Z,35.0403567,-106.6649680,1517.4,21474.2,8.547,140,92,172
2026-07-24T18:43:21Z,35.0402900,-106.6650153,1517.6,21482.6,8.416,141,91,184
2026-07-24T18:43:22Z,35.0402365,-106.6650532,1517.4,21490.9,8.351,140,91,205
2026-07-24T18:43:23Z,35.0401568,-106.6651130,1517.6,21499.5,8.612,141,91,213
2026-07-24T18:43:24Z,35.0400909,-106.6651639,1517.6,21507.9,8.379,141,90,213
2026-07-24T18:43:25Z,35.0400285,-106.6652145,1517.6,21516.1,8.164,141,90,214
2026-07-24T18:43:26Z,35.0399652,-106.6652657,1517.6,21524.4,8.286,142,89,244
2026-07-24T18:43:27Z,35.0399151,-106.6653071,1517.6,21532.6,8.192,142,89,225
2026-07-24T18:43:28Z,35.0398400,-106.6653642,1517.6,21540.7,8.127,142,89,209
2026-07-24T18:43:29Z,35.0397768,-106.6654105,1517.6,21549.0,8.314,142,89,209
2026-07-24T18:43:30Z,35.0397122,-106.6654560,1517.6,21557.2,8.220,143,88,196
2026-07-24T18:43:31Z,35.0396502,-106.6655044,1517.8,21565.4,8.248,143,88,189
2026-07-24T18:43:32Z,35.0396004,-106.6655444,1517.8,21573.7,8.248,143,88,197
2026-07-24T18:43:33Z,35.0395268,-106.6656029,1517.8,21581.8,8.127,144,87,197
2026-07-24T18:43:34Z,35.0394659,-106.6656547,1517.8,21590.3,8.510,144,87,209
2026-07-24T18:43:35Z,35.0394198,-106.6656952,1517.8,21598.8,8.482,144,88,240
2026-07-24T18:43:36Z,35.0393592,-106.6657452,1518.0,21607.1,8.286,145,89,223
2026-07-24T18:43:37Z,35.0392976,-106.6657962,1518.0,21615.3,8.220,144,89,192
2026-07-24T18:43:38Z,35.0392337,-106.6658445,1518.0,21623.8,8.482,144,89,188
2026-07-24T18:43:39Z,35.0391712,-106.6658949,1518.0,21632.2,8.379,144,89,204
2026-07-24T18:43:40Z,35.0391095,-106.6659448,1518.0,21640.5,8.286,145,89,197
2026-07-24T18:43:41Z,35.0390473,-106.6659921,1518.0,21648.8,8.332,145,89,209
2026-07-24T18:43:42Z,35.0389843,-106.6660370,1518.0,21656.9,8.090,145,88,166
2026-07-24T18:43:43Z,35.0389220,-106.6660860,1518.0,21665.2,8.276,145,88,155
2026-07-24T18:43:44Z,35.0388583,-106.6661358,1518.0,21673.4,8.211,145,88,187
2026-07-24T18:43:45Z,35.0387945,-106.6661827,1518.0,21681.6,8.192,145,88,222
2026-07-24T18:43:46Z,35.0387279,-106.6662267,1518.0,21689.7,8.146,144,87,215
2026-07-24T18:43:47Z,35.0386621,-106.6662655,1518.0,21697.7,7.987,145,87,202
2026-07-24T18:43:48Z,35.0385941,-106.6662997,1518.0,21705.6,7.866,145,86,188
2026-07-24T18:43:49Z,35.0385252,-106.6663287,1518.0,21713.6,8.024,145,86,173
2026-07-24T18:43:50Z,35.0384560,-106.6663568,1518.2,21721.7,8.118,145,86,204
2026-07-24T18:43:51Z,35.0383849,-106.6663850,1518.2,21729.9,8.118,145,87,204
2026-07-24T18:43:52Z,35.0383134,-106.6664121,1518.2,21737.9,8.118,144,88,210
2026-07-24T18:43:53Z,35.0382404,-106.6664365,1518.4,21746.3,8.332,144,89,208
2026-07-24T18:43:54Z,35.0381668,-106.6664566,1518.4,21754.5,8.211,145,89,198
2026-07-24T18:43:55Z,35.0380939,-106.6664781,1518.4,21762.8,8.239,144,90,198
2026-07-24T18:43:56Z,35.0380206,-106.6665003,1518.4,21771.1,8.398,144,90,244
2026-07-24T18:43:57Z,35.0379484,-106.6665209,1518.4,21779.5,8.332,144,90,233
2026-07-24T18:43:58Z,35.0378749,-106.6665409,1518.4,21788.0,8.538,144,90,198
2026-07-24T18:43:59Z,35.0377992,-106.6665591,1518.2,21796.5,8.463,144,91,200
2026-07-24T18:44:00Z,35.0377256,-106.6665766,1518.2,21804.9,8.435,145,91,196
2026-07-24T18:44:01Z,35.0376382,-106.6665974,1518.2,21813.3,8.398,145,91,219
2026-07-24T18:44:02Z,35.0375641,-106.6666129,1518.2,21821.8,8.463,145,91,204
2026-07-24T18:44:03Z,35.0375037,-106.6666268,1518.0,21830.2,8.398,145,91,183
2026-07-24T18:44:04Z,35.0374276,-106.6666452,1518.0,21838.6,8.435,145,91,193
2026-07-24T18:44:05Z,35.0373519,-106.6666654,1518.0,21846.9,8.332,145,90,193
2026-07-24T18:44:06Z,35.0372784,-106.6666858,1518.0,21855.3,8.370,145,90,201
2026-07-24T18:44:07Z,35.0372051,-106.6667055,1518.0,21863.5,8.211,146,89,174
2026-07-24T18:44:08Z,35.0371333,-106.6667250,1518.0,21872.0,8.472,145,89,191
2026-07-24T18:44:09Z,35.0370606,-106.6667455,1518.0,21880.4,8.407,146,90,206
2026-07-24T18:44:10Z,35.0369866,-106.6667633,1518.0,21889.1,8.678,145,91,182
2026-07-24T18:44:11Z,35.0369122,-106.6667781,1517.8,21897.7,8.659,145,93,177
2026-07-24T18:44:12Z,35.0368376,-106.6667939,1518.0,21906.3,8.603,146,93,186
2026-07-24T18:44:13Z,35.0367612,-106.6668111,1518.0,21915.0,8.640,146,93,199
2026-07-24T18:44:14Z,35.0366845,-106.6668302,1518.0,21923.8,8.818,146,93,199
2026-07-24T18:44:15Z,35.0366074,-106.6668500,1517.8,21932.5,8.743,146,93,187
2026-07-24T18:44:16Z,35.0365297,-106.6668727,1517.8,21941.1,8.603,146,93,189
2026-07-24T18:44:17Z,35.0364521,-106.6668921,1517.8,21949.7,8.575,145,92,181
2026-07-24T18:44:18Z,35.0363759,-106.6669110,1517.8,21958.1,8.370,146,91,172
2026-07-24T18:44:19Z,35.0363018,-106.6669308,1517.8,21966.2,8.090,146,89,174
2026-07-24T18:44:20Z,35.0362277,-106.6669490,1517.8,21974.1,7.968,146,93,123
2026-07-24T18:44:21Z,35.0361408,-106.6669686,1517.6,21982.2,8.034,146,103,143
2026-07-24T18:44:22Z,35.0360836,-106.6669824,1517.4,21990.0,7.828,146,103,134
2026-07-24T18:44:23Z,35.0360125,-106.6670003,1517.2,21997.7,7.744,146,103,134
2026-07-24T18:44:24Z,35.0359432,-106.6670206,1517.0,22005.3,7.586,147,101,137
2026-07-24T18:44:25Z,35.0358744,-106.6670417,1517.0,22013.1,7.800,147,100,135
2026-07-24T18:44:26Z,35.0358068,-106.6670622,1516.8,22020.8,7.716,147,100,156
2026-07-24T18:44:27Z,35.0357396,-106.6670818,1516.8,22028.6,7.800,146,100,138
2026-07-24T18:44:28Z,35.0356711,-106.6671021,1516.8,22036.5,7.800,146,100,223
2026-07-24T18:44:29Z,35.0356032,-106.6671249,1516.8,22044.3,7.884,146,100,168
2026-07-24T18:44:30Z,35.0355342,-106.6671468,1516.8,22052.4,8.062,146,103,168
2026-07-24T18:44:31Z,35.0354488,-106.6671684,1517.2,22060.5,8.155,146,106,128
2026-07-24T18:44:32Z,35.0353908,-106.6671807,1517.4,22068.7,8.155,145,106,106
2026-07-24T18:44:33Z,35.0353177,-106.6671954,1517.4,22076.9,8.248,146,99,141
2026-07-24T18:44:34Z,35.0352445,-106.6672130,1517.6,22085.1,8.136,146,97,148
2026-07-24T18:44:35Z,35.0351722,-106.6672333,1517.6,22093.4,8.304,146,97,136
2026-07-24T18:44:36Z,35.0350996,-106.6672515,1517.6,22101.8,8.370,146,97,137
2026-07-24T18:44:37Z,35.0350266,-106.6672695,1517.6,22109.9,8.183,146,98,142
2026-07-24T18:44:38Z,35.0349525,-106.6672887,1517.6,22118.2,8.286,146,98,156
2026-07-24T18:44:39Z,35.0348774,-106.6673044,1517.6,22126.6,8.370,146,98,164
2026-07-24T18:44:40Z,35.0348027,-106.6673207,1517.4,22135.0,8.435,146,98,159
2026-07-24T18:44:41Z,35.0347278,-106.6673366,1517.2,22143.2,8.155,146,98,184
2026-07-24T18:44:42Z,35.0346541,-106.6673522,1517.2,22151.5,8.276,146,98,158
2026-07-24T18:44:43Z,35.0345800,-106.6673703,1517.2,22159.6,8.155,146,98,157
2026-07-24T18:44:44Z,35.0345060,-106.6673887,1517.0,22167.9,8.248,146,97,152
2026-07-24T18:44:45Z,35.0344195,-106.6674112,1517.0,22175.9,8.034,145,97,165
2026-07-24T18:44:46Z,35.0343617,-106.6674263,1516.8,22184.0,8.062,145,96,165
2026-07-24T18:44:47Z,35.0342897,-106.6674455,1516.8,22192.0,8.015,145,96,168
2026-07-24T18:44:48Z,35.0342185,-106.6674657,1516.8,22200.4,8.416,145,96,167
2026-07-24T18:44:49Z,35.0341458,-106.6674859,1516.8,22208.6,8.164,145,97,174
2026-07-24T18:44:50Z,35.0340729,-106.6675064,1516.8,22216.8,8.258,145,98,171
2026-07-24T18:44:51Z,35.0339999,-106.6675289,1516.8,22225.3,8.482,145,98,159
2026-07-24T18:44:52Z,35.0339255,-106.6675514,1516.8,22234.0,8.715,145,99,159
2026-07-24T18:44:53Z,35.0338525,-106.6675723,1516.8,22242.4,8.351,145,100,166
2026-07-24T18:44:54Z,35.0337789,-106.6675891,1516.8,22250.9,8.584,144,100,175
2026-07-24T18:44:55Z,35.0337020,-106.6676036,1516.8,22259.5,8.519,144,101,175
2026-07-24T18:44:56Z,35.0336259,-106.6676200,1517.0,22268.0,8.500,144,101,166
2026-07-24T18:44:57Z,35.0335488,-106.6676341,1517.0,22276.4,8.416,144,100,149
2026-07-24T18:44:58Z,35.0334729,-106.6676519,1517.2,22284.8,8.444,143,100,149
2026-07-24T18:44:59Z,35.0333975,-106.6676713,1517.2,22293.3,8.444,144,99,154
2026-07-24T18:45:00Z,35.0333226,-106.6676911,1517.2,22301.6,8.351,144,99,154
2026-07-24T18:45:01Z,35.0332486,-106.6677121,1517.0,22310.0,8.416,143,100,154
2026-07-24T18:45:02Z,35.0331736,-106.6677325,1517.0,22318.4,8.398,143,100,149
2026-07-24T18:45:03Z,35.0330980,-106.6677503,1517.0,22327.1,8.668,144,100,146
2026-07-24T18:45:04Z,35.0330062,-106.6677723,1516.8,22335.5,8.398,144,101,146
2026-07-24T18:45:05Z,35.0329316,-106.6677935,1517.0,22344.0,8.463,144,101,164
2026-07-24T18:45:06Z,35.0328723,-106.6678095,1516.6,22352.6,8.594,144,102,143
2026-07-24T18:45:07Z,35.0327795,-106.6678314,1516.6,22361.3,8.734,144,102,162
2026-07-24T18:45:08Z,35.0327023,-106.6678490,1516.6,22369.9,8.640,144,103,167
2026-07-24T18:45:09Z,35.0326252,-106.6678671,1516.6,22378.5,8.510,144,102,189
2026-07-24T18:45:10Z,35.0325467,-106.6678860,1516.6,22387.0,8.594,144,102,174
2026-07-24T18:45:11Z,35.0324703,-106.6679040,1516.6,22395.5,8.491,144,101,173
2026-07-24T18:45:12Z,35.0323960,-106.6679206,1516.6,22403.9,8.426,143,101,177
2026-07-24T18:45:13Z,35.0323215,-106.6679372,1516.4,22412.2,8.230,143,99,177
2026-07-24T18:45:14Z,35.0322482,-106.6679538,1516.4,22420.3,8.099,143,97,201
2026-07-24T18:45:15Z,35.0321770,-106.6679731,1516.4,22428.4,8.164,143,96,212
2026-07-24T18:45:16Z,35.0321066,-106.6679933,1516.4,22436.3,7.838,142,94,218
2026-07-24T18:45:17Z,35.0320370,-106.6680095,1516.4,22444.2,7.866,143,93,217
2026-07-24T18:45:18Z,35.0319668,-106.6680250,1516.4,22452.0,7.894,142,92,203
2026-07-24T18:45:19Z,35.0318982,-106.6680437,1516.6,22460.0,7.894,143,93,171
2026-07-24T18:45:20Z,35.0318290,-106.6680623,1516.6,22468.0,8.071,143,94,187
2026-07-24T18:45:21Z,35.0317592,-106.6680796,1516.6,22476.2,8.192,143,94,175
2026-07-24T18:45:22Z,35.0316898,-106.6680963,1516.6,22484.2,8.034,142,95,175
2026-07-24T18:45:23Z,35.0316188,-106.6681144,1516.6,22492.4,8.164,142,95,182
2026-07-24T18:45:24Z,35.0315487,-106.6681330,1516.6,22500.4,7.987,143,95,225
2026-07-24T18:45:25Z,35.0314818,-106.6681543,1516.6,22508.6,8.192,142,96,192
2026-07-24T18:45:26Z,35.0314114,-106.6681740,1516.6,22516.6,8.062,142,96,187
2026-07-24T18:45:27Z,35.0313394,-106.6681919,1516.6,22524.8,8.118,142,96,184
2026-07-24T18:45:28Z,35.0312679,-106.6682120,1516.6,22532.9,8.183,142,97,262
2026-07-24T18:45:29Z,35.0311947,-106.6682296,1516.6,22541.3,8.332,142,97,186
2026-07-24T18:45:30Z,35.0311219,-106.6682452,1516.6,22549.5,8.276,142,98,186
2026-07-24T18:45:31Z,35.0310487,-106.6682604,1516.8,22557.9,8.304,142,98,166
2026-07-24T18:45:32Z,35.0309746,-106.6682779,1516.8,22566.3,8.500,142,98,152
2026-07-24T18:45:33Z,35.0309148,-106.6682934,1516.8,22574.7,8.332,142,99,170
2026-07-24T18:45:34Z,35.0308242,-106.6683136,1516.8,22583.0,8.276,142,98,154
2026-07-24T18:45:35Z,35.0307482,-106.6683294,1516.8,22591.3,8.304,142,99,189
2026-07-24T18:45:36Z,35.0306742,-106.6683494,1516.8,22599.6,8.323,142,98,186
2026-07-24T18:45:37Z,35.0306025,-106.6683718,1516.8,22608.1,8.500,142,98,170
2026-07-24T18:45:38Z,35.0305281,-106.6683926,1517.0,22616.6,8.500,143,98,240
2026-07-24T18:45:39Z,35.0304531,-106.6684117,1517.0,22624.9,8.286,143,98,95
2026-07-24T18:45:40Z,35.0303804,-106.6684298,1517.0,22633.2,8.332,143,59,95
2026-07-24T18:45:41Z,35.0303095,-106.6684469,1517.0,22641.4,8.239,143,87,151
2026-07-24T18:45:42Z,35.0302367,-106.6684652,1516.8,22649.7,8.267,143,87,164
2026-07-24T18:45:43Z,35.0301660,-106.6684870,1516.8,22657.8,8.118,143,96,164
2026-07-24T18:45:44Z,35.0300968,-106.6685089,1516.8,22666.1,8.239,143,96,167
2026-07-24T18:45:45Z,35.0300277,-106.6685276,1516.8,22674.4,8.332,143,95,166
2026-07-24T18:45:46Z,35.0299589,-106.6685474,1517.0,22682.4,7.978,144,95,164
2026-07-24T18:45:47Z,35.0298907,-106.6685645,1517.0,22690.2,7.828,143,94,170
2026-07-24T18:45:48Z,35.0298232,-106.6685810,1517.0,22698.3,8.080,144,93,175
2026-07-24T18:45:49Z,35.0297553,-106.6685956,1517.0,22706.2,7.912,144,93,172
2026-07-24T18:45:50Z,35.0296859,-106.6686093,1517.0,22714.2,7.968,144,94,162
2026-07-24T18:45:51Z,35.0296291,-106.6686226,1517.0,22722.5,8.295,144,96,149
2026-07-24T18:45:52Z,35.0295423,-106.6686447,1517.0,22730.7,8.267,144,98,148
2026-07-24T18:45:53Z,35.0294676,-106.6686647,1517.0,22739.1,8.360,144,99,140
2026-07-24T18:45:54Z,35.0293933,-106.6686842,1517.0,22747.5,8.388,144,100,158
2026-07-24T18:45:55Z,35.0293177,-106.6687016,1517.0,22756.1,8.659,143,101,157
2026-07-24T18:45:56Z,35.0292422,-106.6687219,1517.0,22764.8,8.622,143,101,156
2026-07-24T18:45:57Z,35.0291656,-106.6687407,1517.0,22773.2,8.482,143,99,181
2026-07-24T18:45:58Z,35.0290893,-106.6687542,1516.8,22781.6,8.351,143,101,177
2026-07-24T18:45:59Z,35.0290292,-106.6687627,1516.8,22790.0,8.416,143,100,161
2026-07-24T18:46:00Z,35.0289411,-106.6687701,1516.8,22798.3,8.323,143,100,163
2026-07-24T18:46:01Z,35.0288667,-106.6687742,1516.8,22806.6,8.295,143,98,168
2026-07-24T18:46:02Z,35.0287900,-106.6687797,1516.8,22815.1,8.454,142,98,152
2026-07-24T18:46:03Z,35.0287146,-106.6687879,1516.8,22823.6,8.472,143,98,146
2026-07-24T18:46:04Z,35.0286375,-106.6687944,1516.8,22831.9,8.388,142,99,131
2026-07-24T18:46:05Z,35.0285607,-106.6688020,1516.8,22840.2,8.230,142,99,131
2026-07-24T18:46:06Z,35.0284848,-106.6688088,1516.8,22848.4,8.202,142,99,132
2026-07-24T18:46:07Z,35.0284102,-106.6688148,1516.8,22856.7,8.295,142,99,124
2026-07-24T18:46:08Z,35.0283347,-106.6688206,1516.8,22865.0,8.342,142,98,124
2026-07-24T18:46:09Z,35.0282743,-106.6688267,1516.8,22873.3,8.258,143,98,109
2026-07-24T18:46:10Z,35.0281854,-106.6688386,1516.6,22881.6,8.323,142,98,109
2026-07-24T18:46:11Z,35.0281126,-106.6688473,1516.6,22889.8,8.202,142,98,114
2026-07-24T18:46:12Z,35.0280376,-106.6688523,1516.6,22898.1,8.295,142,97,112
2026-07-24T18:46:13Z,35.0279671,-106.6688595,1516.6,22906.3,8.174,142,97,111
2026-07-24T18:46:14Z,35.0278967,-106.6688671,1516.6,22914.5,8.267,142,97,93
2026-07-24T18:46:15Z,35.0278226,-106.6688750,1516.6,22922.5,7.931,142,94,38
2026-07-24T18:46:16Z,35.0277505,-106.6688829,1516.6,22930.3,7.875,141,81,0
2026-07-24T18:46:17Z,35.0276829,-106.6688931,1516.6,22938.2,7.875,141,71,0
2026-07-24T18:46:18Z,35.0276310,-106.6689044,1516.4,22944.3,6.084,140,71,0
2026-07-24T18:46:19Z,35.0275695,-106.6689203,1516.4,22948.4,4.133,140,71,0
2026-07-24T18:46:20Z,35.0275377,-106.6689291,1516.2,22951.3,2.855,140,0,0
2026-07-24T18:46:21Z,35.0275215,-106.6689250,1516.2,22953.9,2.650,139,0,0
2026-07-24T18:46:22Z,35.0275221,-106.6689126,1516.2,22956.8,2.883,139,0,0
2026-07-24T18:46:23Z,35.0275337,-106.6689075,1516.4,22958.9,2.099,139,66,3
2026-07-24T18:46:24Z,35.0275509,-106.6689043,1516.4,22961.6,2.669,139,66,306
2026-07-24T18:46:25Z,35.0275745,-106.6688978,1516.6,22964.9,3.303,139,66,306
2026-07-24T18:46:26Z,35.0276088,-106.6688908,1516.6,22968.4,3.536,139,57,306
2026-07-24T18:46:27Z,35.0276491,-106.6688832,1516.6,22973.4,4.945,138,74,279
2026-07-24T18:46:28Z,35.0276936,-106.6688780,1516.6,22978.4,5.076,138,84,200
2026-07-24T18:46:29Z,35.0277406,-106.6688741,1516.8,22983.6,5.141,138,89,176
2026-07-24T18:46:30Z,35.0277887,-106.6688693,1516.8,22989.0,5.402,137,91,172
2026-07-24T18:46:31Z,35.0278387,-106.6688616,1516.8,22994.7,5.682,138,93,178
2026-07-24T18:46:32Z,35.0278894,-106.6688516,1516.8,23000.4,5.720,137,95,167
2026-07-24T18:46:33Z,35.0279416,-106.6688447,1516.8,23006.3,5.962,137,96,147
2026-07-24T18:46:34Z,35.0279942,-106.6688388,1516.8,23012.3,5.953,138,99,154
2026-07-24T18:46:35Z,35.0280475,-106.6688337,1516.8,23018.4,6.084,138,100,152
2026-07-24T18:46:36Z,35.0281010,-106.6688294,1516.6,23024.6,6.168,137,101,165
2026-07-24T18:46:37Z,35.0281556,-106.6688225,1516.6,23030.7,6.186,137,102,143
2026-07-24T18:46:38Z,35.0282124,-106.6688144,1516.4,23036.9,6.149,137,103,133
2026-07-24T18:46:39Z,35.0282671,-106.6688096,1516.4,23043.1,6.186,137,104,140
2026-07-24T18:46:40Z,35.0283189,-106.6688036,1516.2,23049.5,6.457,137,105,134
2026-07-24T18:46:41Z,35.0283739,-106.6687978,1516.2,23056.1,6.559,137,106,129
2026-07-24T18:46:42Z,35.0284313,-106.6687916,1516.2,23062.4,6.354,138,107,116
2026-07-24T18:46:43Z,35.0284891,-106.6687884,1516.2,23069.0,6.578,138,107,118
2026-07-24T18:46:44Z,35.0285470,-106.6687821,1516.2,23075.4,6.420,138,108,99
2026-07-24T18:46:45Z,35.0286053,-106.6687756,1516.2,23081.9,6.466,138,107,98
2026-07-24T18:46:46Z,35.0286653,-106.6687696,1516.2,23088.4,6.494,137,100,162
2026-07-24T18:46:47Z,35.0287259,-106.6687608,1516.2,23095.0,6.597,138,99,168
2026-07-24T18:46:48Z,35.0287856,-106.6687541,1516.2,23101.5,6.457,138,100,136
2026-07-24T18:46:49Z,35.0288474,-106.6687510,1516.2,23108.2,6.737,138,101,145
2026-07-24T18:46:50Z,35.0289093,-106.6687473,1516.2,23115.2,6.970,139,103,137
2026-07-24T18:46:51Z,35.0289722,-106.6687417,1516.2,23122.2,7.017,139,106,141
2026-07-24T18:46:52Z,35.0290362,-106.6687371,1516.2,23129.4,7.175,139,107,124
2026-07-24T18:46:53Z,35.0291008,-106.6687289,1516.2,23136.5,7.129,139,107,117
2026-07-24T18:46:54Z,35.0291658,-106.6687218,1516.4,23143.7,7.175,140,108,117
2026-07-24T18:46:55Z,35.0292285,-106.6687088,1516.2,23150.7,6.989,140,108,178
2026-07-24T18:46:56Z,35.0292902,-106.6686892,1516.2,23157.7,7.082,140,107,136
2026-07-24T18:46:57Z,35.0293525,-106.6686745,1516.2,23164.8,7.026,139,107,156
2026-07-24T18:46:58Z,35.0294158,-106.6686605,1516.2,23171.8,7.063,140,106,144
2026-07-24T18:46:59Z,35.0294795,-106.6686434,1516.2,23178.9,7.110,140,106,127
2026-07-24T18:47:00Z,35.0295424,-106.6686283,1516.2,23186.0,7.063,140,105,138
2026-07-24T18:47:01Z,35.0296030,-106.6686150,1516.2,23192.7,6.709,139,104,145
2026-07-24T18:47:02Z,35.0296502,-106.6686034,1516.2,23199.4,6.690,139,102,146
2026-07-24T18:47:03Z,35.0297208,-106.6685846,1516.2,23206.2,6.821,139,102,143
2026-07-24T18:47:04Z,35.0297792,-106.6685717,1516.2,23213.2,6.989,139,102,156
2026-07-24T18:47:05Z,35.0298398,-106.6685593,1516.4,23220.1,6.923,139,104,129
2026-07-24T18:47:06Z,35.0299005,-106.6685465,1516.4,23227.2,7.035,139,104,127
2026-07-24T18:47:07Z,35.0299613,-106.6685301,1516.6,23234.3,7.129,139,107,127
2026-07-24T18:47:08Z,35.0300232,-106.6685114,1516.8,23241.4,7.110,139,109,110
2026-07-24T18:47:09Z,35.0300867,-106.6684927,1516.8,23248.9,7.493,139,109,98
2026-07-24T18:47:10Z,35.0301511,-106.6684733,1517.0,23256.3,7.446,139,104,109
2026-07-24T18:47:11Z,35.0302031,-106.6684598,1517.0,23263.8,7.418,139,105,136
2026-07-24T18:47:12Z,35.0302813,-106.6684400,1517.0,23271.3,7.521,138,105,113
2026-07-24T18:47:13Z,35.0303481,-106.6684233,1517.0,23278.9,7.586,139,105,124
2026-07-24T18:47:14Z,35.0304163,-106.6684068,1517.0,23286.5,7.605,138,105,129
2026-07-24T18:47:15Z,35.0304842,-106.6683913,1517.0,23293.9,7.418,138,105,143
2026-07-24T18:47:16Z,35.0305510,-106.6683749,1517.0,23301.2,7.306,138,104,134
2026-07-24T18:47:17Z,35.0306160,-106.6683578,1517.0,23308.6,7.427,138,104,162
2026-07-24T18:47:18Z,35.0306810,-106.6683400,1517.0,23316.0,7.399,137,104,154
2026-07-24T18:47:19Z,35.0307464,-106.6683225,1517.0,23323.4,7.418,138,104,150
2026-07-24T18:47:20Z,35.0308001,-106.6683116,1517.0,23331.0,7.567,137,104,147
2026-07-24T18:47:21Z,35.0308771,-106.6682909,1517.0,23338.5,7.521,137,105,155
2026-07-24T18:47:22Z,35.0309435,-106.6682727,1517.0,23346.0,7.493,137,104,174
2026-07-24T18:47:23Z,35.0310101,-106.6682559,1517.0,23353.5,7.521,137,105,143
2026-07-24T18:47:24Z,35.0310752,-106.6682412,1517.0,23360.8,7.315,137,105,135
2026-07-24T18:47:25Z,35.0311400,-106.6682265,1517.0,23368.3,7.465,137,104,157
2026-07-24T18:47:26Z,35.0312036,-106.6682131,1517.0,23375.9,7.586,137,105,137
2026-07-24T18:47:27Z,35.0312672,-106.6681998,1517.0,23383.3,7.390,137,105,134
2026-07-24T18:47:28Z,35.0313328,-106.6681833,1517.2,23390.8,7.521,137,105,135
2026-07-24T18:47:29Z,35.0313977,-106.6681638,1517.2,23398.3,7.493,137,105,164
2026-07-24T18:47:30Z,35.0314642,-106.6681419,1517.4,23405.8,7.521,137,105,145
2026-07-24T18:47:31Z,35.0315300,-106.6681242,1517.4,23413.3,7.465,137,105,126
2026-07-24T18:47:32Z,35.0315956,-106.6681072,1517.6,23420.8,7.493,137,105,157
2026-07-24T18:47:33Z,35.0316577,-106.6680896,1517.6,23428.3,7.549,137,105,129
2026-07-24T18:47:34Z,35.0317209,-106.6680713,1517.8,23435.7,7.390,137,105,145
2026-07-24T18:47:35Z,35.0317864,-106.6680532,1517.8,23443.1,7.362,137,105,162
2026-07-24T18:47:36Z,35.0318526,-106.6680362,1517.8,23450.5,7.381,137,104,162
2026-07-24T18:47:37Z,35.0319053,-106.6680231,1518.0,23457.7,7.222,137,102,166
2026-07-24T18:47:38Z,35.0319703,-106.6680082,1518.0,23464.9,7.241,137,102,132
2026-07-24T18:47:39Z,35.0320464,-106.6679889,1518.0,23472.2,7.269,138,103,132
2026-07-24T18:47:40Z,35.0321110,-106.6679705,1518.0,23479.7,7.465,137,103,66
2026-07-24T18:47:41Z,35.0321767,-106.6679542,1518.0,23487.0,7.362,138,55,66
2026-07-24T18:47:42Z,35.0322430,-106.6679392,1518.0,23494.7,7.651,138,105,184
2026-07-24T18:47:43Z,35.0323092,-106.6679238,1518.0,23502.3,7.679,138,108,161
2026-07-24T18:47:44Z,35.0323780,-106.6679083,1518.0,23510.2,7.866,138,107,107
2026-07-24T18:47:45Z,35.0324350,-106.6678968,1517.8,23518.2,7.968,138,102,155
2026-07-24T18:47:46Z,35.0325061,-106.6678813,1517.8,23526.3,8.062,138,104,161
2026-07-24T18:47:47Z,35.0325781,-106.6678642,1517.6,23534.5,8.248,138,105,136
2026-07-24T18:47:48Z,35.0326500,-106.6678463,1517.6,23542.6,8.127,138,105,126
2026-07-24T18:47:49Z,35.0327223,-106.6678279,1517.4,23550.6,8.006,139,105,130
2026-07-24T18:47:50Z,35.0327934,-106.6678072,1517.4,23558.7,8.034,139,104,137
2026-07-24T18:47:51Z,35.0328650,-106.6677878,1517.2,23566.6,7.950,139,103,142
2026-07-24T18:47:52Z,35.0329508,-106.6677672,1517.2,23574.6,7.950,139,102,142
2026-07-24T18:47:53Z,35.0330214,-106.6677508,1517.2,23582.3,7.782,139,102,163
2026-07-24T18:47:54Z,35.0330897,-106.6677335,1517.2,23590.1,7.754,139,101,163
2026-07-24T18:47:55Z,35.0331568,-106.6677156,1517.0,23598.0,7.894,139,100,183
2026-07-24T18:47:56Z,35.0332121,-106.6677009,1517.0,23605.8,7.782,139,100,180
2026-07-24T18:47:57Z,35.0332961,-106.6676777,1516.8,23613.5,7.698,139,100,190
2026-07-24T18:47:58Z,35.0333658,-106.6676607,1517.0,23621.0,7.539,139,100,194
2026-07-24T18:47:59Z,35.0334351,-106.6676440,1517.0,23628.8,7.838,140,100,195
2026-07-24T18:48:00Z,35.0334901,-106.6676313,1517.0,23636.7,7.866,139,101,181
2026-07-24T18:48:01Z,35.0335609,-106.6676120,1517.0,23644.7,7.922,139,102,171
2026-07-24T18:48:02Z,35.0336288,-106.6675968,1517.0,23652.6,7.950,140,102,184
2026-07-24T18:48:03Z,35.0337160,-106.6675819,1516.8,23660.7,8.071,140,102,184
2026-07-24T18:48:04Z,35.0337746,-106.6675769,1516.8,23668.5,7.810,140,102,201
2026-07-24T18:48:05Z,35.0338457,-106.6675663,1516.8,23676.4,7.978,140,103,201
2026-07-24T18:48:06Z,35.0339179,-106.6675489,1516.8,23684.4,7.978,141,104,178
2026-07-24T18:48:07Z,35.0339869,-106.6675255,1516.8,23692.5,8.099,141,104,180
2026-07-24T18:48:08Z,35.0340546,-106.6674987,1516.8,23700.8,8.248,141,105,193
2026-07-24T18:48:09Z,35.0341209,-106.6674737,1516.8,23708.8,8.052,141,105,195
2026-07-24T18:48:10Z,35.0341896,-106.6674529,1516.8,23716.9,8.118,141,105,171
2026-07-24T18:48:11Z,35.0342601,-106.6674352,1517.0,23724.9,8.006,141,105,171
2026-07-24T18:48:12Z,35.0343314,-106.6674190,1517.0,23733.2,8.248,141,105,174
2026-07-24T18:48:13Z,35.0344044,-106.6674005,1517.0,23741.4,8.248,142,106,170
2026-07-24T18:48:14Z,35.0344777,-106.6673820,1517.2,23749.7,8.220,142,106,142
2026-07-24T18:48:15Z,35.0345523,-106.6673653,1517.2,23758.0,8.286,143,107,142
2026-07-24T18:48:16Z,35.0346267,-106.6673486,1517.2,23766.2,8.220,143,107,136
2026-07-24T18:48:17Z,35.0347004,-106.6673325,1517.2,23774.4,8.286,143,106,127
2026-07-24T18:48:18Z,35.0347741,-106.6673172,1517.2,23782.8,8.286,143,106,117
2026-07-24T18:48:19Z,35.0348484,-106.6673019,1517.4,23790.8,8.099,143,106,131
2026-07-24T18:48:20Z,35.0349214,-106.6672877,1517.4,23798.9,8.071,143,105,136
2026-07-24T18:48:21Z,35.0349924,-106.6672735,1517.4,23806.9,7.968,143,104,135
2026-07-24T18:48:22Z,35.0350637,-106.6672554,1517.4,23815.0,8.090,144,104,147
2026-07-24T18:48:23Z,35.0351343,-106.6672352,1517.4,23822.7,7.772,143,104,159
2026-07-24T18:48:24Z,35.0352043,-106.6672150,1517.4,23830.5,7.716,143,104,159
2026-07-24T18:48:25Z,35.0352738,-106.6671968,1517.4,23838.3,7.800,143,103,159
2026-07-24T18:48:26Z,35.0353437,-106.6671794,1517.4,23846.3,7.996,143,102,166
2026-07-24T18:48:27Z,35.0354141,-106.6671630,1517.4,23854.4,8.118,144,103,209
2026-07-24T18:48:28Z,35.0354828,-106.6671460,1517.4,23862.3,7.940,144,104,229
2026-07-24T18:48:29Z,35.0355497,-106.6671261,1517.4,23870.2,7.912,144,104,209
2026-07-24T18:48:30Z,35.0356172,-106.6671043,1517.4,23878.0,7.800,144,104,90
2026-07-24T18:48:31Z,35.0356851,-106.6670859,1517.4,23886.1,8.024,144,54,90
2026-07-24T18:48:32Z,35.0357541,-106.6670659,1517.4,23893.9,7.884,144,52,153
2026-07-24T18:48:33Z,35.0358251,-106.6670461,1517.4,23902.0,8.043,144,104,236
2026-07-24T18:48:34Z,35.0358968,-106.6670280,1517.6,23910.2,8.258,144,105,171
2026-07-24T18:48:35Z,35.0359692,-106.6670091,1517.8,23918.4,8.211,143,106,139
2026-07-24T18:48:36Z,35.0360413,-106.6669897,1517.8,23926.7,8.239,144,107,113
2026-07-24T18:48:37Z,35.0361138,-106.6669696,1517.8,23934.9,8.239,144,107,103
2026-07-24T18:48:38Z,35.0361875,-106.6669484,1517.8,23943.2,8.239,143,105,104
2026-07-24T18:48:39Z,35.0362618,-106.6669285,1518.0,23951.5,8.304,143,98,162
2026-07-24T18:48:40Z,35.0363366,-106.6669101,1518.2,23959.7,8.211,143,99,135
2026-07-24T18:48:41Z,35.0364119,-106.6668917,1518.2,23968.3,8.603,143,100,135
2026-07-24T18:48:42Z,35.0364880,-106.6668752,1518.2,23976.8,8.528,143,101,132
2026-07-24T18:48:43Z,35.0365639,-106.6668581,1518.0,23985.3,8.463,144,101,141
2026-07-24T18:48:44Z,35.0366402,-106.6668385,1518.0,23993.8,8.500,144,100,141
2026-07-24T18:48:45Z,35.0367155,-106.6668212,1518.0,24002.3,8.566,144,100,147
2026-07-24T18:48:46Z,35.0367905,-106.6668066,1518.0,24010.9,8.566,144,101,157
2026-07-24T18:48:47Z,35.0368654,-106.6667931,1518.0,24019.4,8.528,144,101,143
2026-07-24T18:48:48Z,35.0369415,-106.6667793,1518.0,24027.9,8.435,143,101,157
2026-07-24T18:48:49Z,35.0370162,-106.6667644,1518.0,24036.3,8.463,144,100,157
2026-07-24T18:48:50Z,35.0370889,-106.6667482,1518.0,24044.7,8.332,143,99,179
2026-07-24T18:48:51Z,35.0371600,-106.6667312,1518.0,24053.0,8.304,143,99,178
2026-07-24T18:48:52Z,35.0372303,-106.6667122,1518.0,24061.3,8.370,143,99,176
2026-07-24T18:48:53Z,35.0373021,-106.6666892,1518.0,24069.7,8.398,142,99,162
2026-07-24T18:48:54Z,35.0373761,-106.6666666,1518.2,24078.1,8.342,144,99,165
2026-07-24T18:48:55Z,35.0374505,-106.6666468,1518.2,24086.4,8.342,143,99,203
2026-07-24T18:48:56Z,35.0375251,-106.6666271,1518.2,24094.8,8.342,142,99,191
2026-07-24T18:48:57Z,35.0375976,-106.6666102,1518.2,24103.0,8.202,142,98,189
2026-07-24T18:48:58Z,35.0376703,-106.6665941,1518.4,24111.1,8.090,142,97,192
2026-07-24T18:48:59Z,35.0377415,-106.6665735,1518.4,24119.3,8.304,142,97,203
2026-07-24T18:49:00Z,35.0378114,-106.6665502,1518.4,24127.5,8.183,141,97,203
2026-07-24T18:49:01Z,35.0378835,-106.6665293,1518.4,24135.6,8.034,142,96,201
2026-07-24T18:49:02Z,35.0379575,-106.6665140,1518.4,24143.7,8.155,142,96,240
2026-07-24T18:49:03Z,35.0380302,-106.6664985,1518.4,24151.9,8.183,142,96,192
2026-07-24T18:49:04Z,35.0381006,-106.6664802,1518.4,24160.0,8.118,142,96,206
2026-07-24T18:49:05Z,35.0381714,-106.6664576,1518.6,24168.1,8.062,142,96,195
2026-07-24T18:49:06Z,35.0382436,-106.6664367,1518.6,24176.0,7.912,142,95,188
2026-07-24T18:49:07Z,35.0383166,-106.6664164,1518.6,24184.2,8.155,142,95,188
2026-07-24T18:49:08Z,35.0383876,-106.6663935,1518.8,24192.1,7.978,142,95,186
2026-07-24T18:49:09Z,35.0384574,-106.6663692,1518.8,24200.2,8.099,142,95,193
2026-07-24T18:49:10Z,35.0385258,-106.6663439,1518.8,24208.5,8.248,142,96,191
2026-07-24T18:49:11Z,35.0385939,-106.6663165,1518.8,24216.7,8.183,142,96,172
2026-07-24T18:49:12Z,35.0386619,-106.6662814,1519.0,24225.0,8.342,142,97,177
2026-07-24T18:49:13Z,35.0387288,-106.6662400,1519.2,24233.4,8.426,142,98,170
2026-07-24T18:49:14Z,35.0387947,-106.6661950,1519.2,24241.9,8.519,142,100,176
2026-07-24T18:49:15Z,35.0388604,-106.6661443,1519.2,24250.3,8.379,142,100,183
2026-07-24T18:49:16Z,35.0389251,-106.6660926,1519.4,24258.8,8.472,142,101,177
2026-07-24T18:49:17Z,35.0389904,-106.6660410,1519.4,24267.4,8.603,142,101,166
2026-07-24T18:49:18Z,35.0390567,-106.6659856,1519.4,24276.1,8.715,143,101,162
2026-07-24T18:49:19Z,35.0391204,-106.6659323,1519.6,24284.6,8.454,142,101,156
2026-07-24T18:49:20Z,35.0391815,-106.6658791,1519.6,24293.2,8.594,142,101,165
2026-07-24T18:49:21Z,35.0392439,-106.6658271,1519.6,24301.6,8.444,143,101,153
2026-07-24T18:49:22Z,35.0393098,-106.6657755,1519.6,24310.2,8.603,142,100,155
2026-07-24T18:49:23Z,35.0393762,-106.6657230,1519.6,24318.5,8.276,143,100,166
2026-07-24T18:49:24Z,35.0394423,-106.6656722,1519.6,24326.9,8.379,142,99,161
2026-07-24T18:49:25Z,35.0395063,-106.6656225,1519.4,24335.1,8.202,143,98,171
2026-07-24T18:49:26Z,35.0395697,-106.6655745,1519.2,24343.3,8.202,143,98,178
2026-07-24T18:49:27Z,35.0396357,-106.6655262,1519.2,24351.4,8.146,143,97,178
2026-07-24T18:49:28Z,35.0396985,-106.6654780,1519.2,24359.6,8.183,143,97,183
2026-07-24T18:49:29Z,35.0397601,-106.6654268,1519.2,24368.0,8.407,143,98,183
2026-07-24T18:49:30Z,35.0398179,-106.6653763,1519.2,24376.2,8.220,143,98,190
2026-07-24T18:49:31Z,35.0398777,-106.6653261,1519.0,24384.4,8.183,143,98,176
2026-07-24T18:49:32Z,35.0399397,-106.6652767,1518.8,24392.7,8.314,143,98,182
2026-07-24T18:49:33Z,35.0400040,-106.6652258,1518.8,24401.1,8.379,142,99,172
2026-07-24T18:49:34Z,35.0400682,-106.6651777,1518.8,24409.7,8.640,143,99,193
2026-07-24T18:49:35Z,35.0401312,-106.6651298,1519.0,24418.0,8.248,144,56,99
2026-07-24T18:49:36Z,35.0401941,-106.6650829,1518.8,24426.2,8.155,144,70,138
2026-07-24T18:49:37Z,35.0402578,-106.6650371,1518.8,24434.3,8.127,143,70,179
2026-07-24T18:49:38Z,35.0403203,-106.6649887,1518.8,24442.4,8.155,143,97,179
2026-07-24T18:49:39Z,35.0403833,-106.6649389,1518.8,24450.7,8.248,143,98,159
2026-07-24T18:49:40Z,35.0404471,-106.6648882,1518.8,24459.0,8.314,143,98,156
2026-07-24T18:49:41Z,35.0405097,-106.6648369,1518.8,24467.2,8.192,143,98,177
2026-07-24T18:49:42Z,35.0405734,-106.6647902,1518.6,24475.7,8.482,143,98,163
2026-07-24T18:49:43Z,35.0406393,-106.6647461,1518.6,24484.0,8.286,143,99,149
2026-07-24T18:49:44Z,35.0407068,-106.6647022,1518.6,24492.2,8.248,143,99,151
2026-07-24T18:49:45Z,35.0407734,-106.6646571,1518.4,24500.6,8.416,143,98,149
2026-07-24T18:49:46Z,35.0408401,-106.6646132,1518.4,24508.5,7.922,143,98,166
2026-07-24T18:49:47Z,35.0409026,-106.6645659,1518.2,24516.2,7.614,143,52,102
2026-07-24T18:49:48Z,35.0409589,-106.6645148,1518.2,24523.6,7.465,143,90,219
2026-07-24T18:49:49Z,35.0410142,-106.6644682,1518.2,24530.5,6.914,143,90,80
2026-07-24T18:49:50Z,35.0410689,-106.6644268,1518.2,24537.7,7.166,142,49,80
2026-07-24T18:49:51Z,35.0411210,-106.6643872,1518.2,24544.8,7.073,142,63,239
2026-07-24T18:49:52Z,35.0411720,-106.6643444,1518.2,24552.2,7.437,141,87,310
2026-07-24T18:49:53Z,35.0412270,-106.6642978,1518.2,24559.8,7.539,141,89,268
2026-07-24T18:49:54Z,35.0412828,-106.6642515,1518.0,24567.3,7.595,141,89,239
2026-07-24T18:49:55Z,35.0413396,-106.6642075,1517.8,24575.0,7.670,141,90,222
2026-07-24T18:49:56Z,35.0413966,-106.6641635,1518.0,24582.7,7.726,141,90,228
2026-07-24T18:49:57Z,35.0414535,-106.6641193,1518.0,24590.2,7.483,141,89,205
2026-07-24T18:49:58Z,35.0415110,-106.6640761,1518.0,24597.8,7.595,142,89,222
2026-07-24T18:49:59Z,35.0415674,-106.6640345,1518.2,24605.5,7.698,142,89,222
2026-07-24T18:50:00Z,35.0416228,-106.6639931,1518.2,24613.1,7.567,142,89,205
2026-07-24T18:50:01Z,35.0416802,-106.6639528,1518.2,24620.7,7.642,143,89,201
2026-07-24T18:50:02Z,35.0417389,-106.6639095,1518.2,24628.5,7.810,143,90,224
2026-07-24T18:50:03Z,35.0417968,-106.6638656,1518.2,24636.1,7.614,143,90,190
2026-07-24T18:50:04Z,35.0418557,-106.6638205,1518.2,24643.8,7.614,144,90,186
2026-07-24T18:50:05Z,35.0419151,-106.6637748,1518.4,24651.6,7.810,144,90,210
2026-07-24T18:50:06Z,35.0419736,-106.6637297,1518.4,24659.3,7.698,144,91,210
2026-07-24T18:50:07Z,35.0420335,-106.6636850,1518.6,24667.2,7.912,144,92,191
2026-07-24T18:50:08Z,35.0420980,-106.6636460,1518.6,24675.3,8.099,144,93,186
2026-07-24T18:50:09Z,35.0421640,-106.6636111,1518.6,24683.0,7.763,144,93,159
2026-07-24T18:50:10Z,35.0422278,-106.6635728,1518.6,24690.9,7.894,144,93,176
2026-07-24T18:50:11Z,35.0422878,-106.6635242,1518.6,24698.9,7.940,144,94,177
2026-07-24T18:50:12Z,35.0423414,-106.6634683,1518.6,24706.9,8.034,145,94,181
2026-07-24T18:50:13Z,35.0423973,-106.6634139,1518.6,24714.9,7.968,144,95,171
2026-07-24T18:50:14Z,35.0424551,-106.6633611,1518.8,24723.0,8.164,144,96,168
2026-07-24T18:50:15Z,35.0425134,-106.6633088,1518.6,24731.1,7.978,144,96,177
2026-07-24T18:50:16Z,35.0425745,-106.6632602,1518.6,24739.1,8.052,144,96,184
2026-07-24T18:50:17Z,35.0426362,-106.6632146,1518.6,24746.9,7.838,145,94,184
2026-07-24T18:50:18Z,35.0426973,-106.6631681,1518.6,24754.9,8.006,145,94,204
2026-07-24T18:50:19Z,35.0427580,-106.6631224,1518.6,24762.9,8.006,145,94,182
2026-07-24T18:50:20Z,35.0428195,-106.6630762,1518.4,24770.9,8.006,144,94,175
2026-07-24T18:50:21Z,35.0428810,-106.6630295,1518.2,24778.9,7.922,145,94,166
2026-07-24T18:50:22Z,35.0429433,-106.6629830,1518.2,24786.7,7.810,145,93,169
2026-07-24T18:50:23Z,35.0430058,-106.6629401,1518.2,24794.6,7.866,145,93,170
2026-07-24T18:50:24Z,35.0430682,-106.6628966,1518.2,24802.5,7.950,145,93,167
2026-07-24T18:50:25Z,35.0431309,-106.6628532,1518.0,24810.5,8.006,145,93,170
2026-07-24T18:50:26Z,35.0431916,-106.6628086,1517.8,24818.3,7.782,145,93,177
2026-07-24T18:50:27Z,35.0432526,-106.6627639,1517.8,24826.1,7.838,145,92,200
2026-07-24T18:50:28Z,35.0433136,-106.6627198,1517.6,24834.2,8.071,145,93,192
2026-07-24T18:50:29Z,35.0433743,-106.6626738,1517.6,24842.4,8.248,145,95,168
2026-07-24T18:50:30Z,35.0434374,-106.6626293,1517.6,24850.8,8.435,145,98,154
2026-07-24T18:50:31Z,35.0435025,-106.6625882,1517.6,24859.1,8.211,145,100,167
2026-07-24T18:50:32Z,35.0435679,-106.6625437,1517.6,24867.3,8.248,145,99,178
2026-07-24T18:50:33Z,35.0436323,-106.6624941,1517.8,24875.4,8.062,145,98,219
2026-07-24T18:50:34Z,35.0436914,-106.6624423,1517.8,24883.4,8.034,145,97,218
2026-07-24T18:50:35Z,35.0437495,-106.6623908,1518.0,24891.5,8.090,145,96,222
2026-07-24T18:50:36Z,35.0438102,-106.6623425,1518.2,24899.5,8.015,145,96,217
2026-07-24T18:50:37Z,35.0438727,-106.6622960,1518.4,24907.5,8.006,145,96,217
2026-07-24T18:50:38Z,35.0439344,-106.6622485,1518.4,24915.6,8.034,145,94,217
2026-07-24T18:50:39Z,35.0439943,-106.6621983,1518.6,24923.5,7.931,145,94,216
2026-07-24T18:50:40Z,35.0440531,-106.6621522,1518.6,24931.3,7.828,146,93,215
2026-07-24T18:50:41Z,35.0441110,-106.6621097,1518.8,24939.3,7.978,146,93,211
2026-07-24T18:50:42Z,35.0441700,-106.6620677,1519.0,24947.3,7.978,146,94,188
2026-07-24T18:50:43Z,35.0442323,-106.6620295,1519.2,24955.4,8.118,146,95,208
2026-07-24T18:50:44Z,35.0442963,-106.6619930,1519.2,24963.4,8.034,147,96,194
2026-07-24T18:50:45Z,35.0443586,-106.6619470,1519.2,24971.7,8.248,147,96,281
2026-07-24T18:50:46Z,35.0444199,-106.6618938,1519.2,24979.8,8.118,147,97,228
2026-07-24T18:50:47Z,35.0444802,-106.6618392,1519.2,24988.0,8.183,146,97,195
2026-07-24T18:50:48Z,35.0445428,-106.6617879,1519.2,24996.3,8.304,146,97,197
2026-07-24T18:50:49Z,35.0446062,-106.6617380,1519.4,25004.6,8.370,147,97,183
2026-07-24T18:50:50Z,35.0446676,-106.6616880,1519.4,25012.6,7.978,147,96,200
2026-07-24T18:50:51Z,35.0447272,-106.6616376,1519.4,25020.7,8.062,147,96,185
2026-07-24T18:50:52Z,35.0447895,-106.6615879,1519.4,25028.7,8.062,148,96,214
2026-07-24T18:50:53Z,35.0448525,-106.6615391,1519.4,25037.0,8.276,147,96,193
2026-07-24T18:50:54Z,35.0449161,-106.6614897,1519.2,25045.2,8.155,148,96,211
2026-07-24T18:50:55Z,35.0449791,-106.6614418,1519.2,25053.1,7.940,148,96,211
2026-07-24T18:50:56Z,35.0450416,-106.6613937,1519.0,25061.4,8.276,149,96,201
2026-07-24T18:50:57Z,35.0451041,-106.6613450,1519.0,25069.4,8.034,149,96,194
2026-07-24T18:50:58Z,35.0451666,-106.6612960,1518.8,25077.4,8.034,149,96,192
2026-07-24T18:50:59Z,35.0452288,-106.6612464,1518.8,25085.6,8.164,149,95,218
2026-07-24T18:51:00Z,35.0452910,-106.6611996,1518.6,25093.7,8.127,149,96,247
2026-07-24T18:51:01Z,35.0453540,-106.6611545,1518.6,25101.7,7.978,150,96,263
2026-07-24T18:51:02Z,35.0454188,-106.6611111,1518.4,25110.0,8.286,150,97,214
2026-07-24T18:51:03Z,35.0454995,-106.6610647,1518.2,25118.4,8.379,150,97,179
2026-07-24T18:51:04Z,35.0455538,-106.6610356,1518.2,25126.8,8.379,149,98,187
2026-07-24T18:51:05Z,35.0456217,-106.6609955,1518.0,25135.4,8.594,149,101,237
2026-07-24T18:51:06Z,35.0456886,-106.6609513,1517.8,25144.2,8.873,149,103,212
2026-07-24T18:51:07Z,35.0457561,-106.6609016,1517.8,25153.2,8.948,149,105,188
2026-07-24T18:51:08Z,35.0458205,-106.6608480,1517.8,25162.3,9.079,149,106,205
2026-07-24T18:51:09Z,35.0458863,-106.6607932,1517.8,25171.0,8.752,149,106,180
2026-07-24T18:51:10Z,35.0459513,-106.6607410,1517.8,25180.0,8.976,149,106,181
2026-07-24T18:51:11Z,35.0460176,-106.6606885,1517.8,25188.6,8.650,149,106,135
2026-07-24T18:51:12Z,35.0460851,-106.6606379,1517.8,25197.4,8.752,149,105,127
2026-07-24T18:51:13Z,35.0461525,-106.6605850,1518.0,25205.9,8.482,149,103,157
2026-07-24T18:51:14Z,35.0462176,-106.6605298,1518.0,25214.2,8.351,148,101,148
2026-07-24T18:51:15Z,35.0462800,-106.6604752,1518.0,25222.3,8.043,148,99,150
2026-07-24T18:51:16Z,35.0463405,-106.6604211,1518.2,25230.6,8.286,148,99,180
2026-07-24T18:51:17Z,35.0464004,-106.6603694,1518.2,25238.8,8.220,148,97,180
2026-07-24T18:51:18Z,35.0464598,-106.6603186,1518.2,25247.1,8.314,148,98,177
2026-07-24T18:51:19Z,35.0465188,-106.6602675,1518.2,25255.3,8.248,148,98,158
2026-07-24T18:51:20Z,35.0465802,-106.6602170,1518.2,25263.9,8.584,148,99,155
2026-07-24T18:51:21Z,35.0466432,-106.6601703,1518.4,25272.3,8.435,148,100,157
2026-07-24T18:51:22Z,35.0467070,-106.6601270,1518.4,25281.0,8.640,147,101,152
2026-07-24T18:51:23Z,35.0467737,-106.6600809,1518.4,25289.4,8.407,147,102,149
2026-07-24T18:51:24Z,35.0468414,-106.6600320,1518.6,25298.1,8.668,148,102,138
2026-07-24T18:51:25Z,35.0469077,-106.6599809,1518.6,25306.7,8.603,148,102,138
2026-07-24T18:51:26Z,35.0469750,-106.6599299,1518.8,25315.3,8.650,147,102,136
2026-07-24T18:51:27Z,35.0470421,-106.6598790,1518.8,25324.0,8.659,147,102,141
2026-07-24T18:51:28Z,35.0471086,-106.6598265,1518.8,25332.5,8.538,147,101,133
2026-07-24T18:51:29Z,35.0471745,-106.6597732,1518.8,25340.9,8.370,148,100,135
2026-07-24T18:51:30Z,35.0472389,-106.6597203,1518.8,25349.2,8.304,147,99,148
2026-07-24T18:51:31Z,35.0473039,-106.6596721,1518.8,25357.6,8.360,147,98,156
2026-07-24T18:51:32Z,35.0473683,-106.6596260,1519.0,25365.9,8.342,146,98,169
2026-07-24T18:51:33Z,35.0474327,-106.6595780,1519.0,25374.2,8.342,147,98,188
2026-07-24T18:51:34Z,35.0474969,-106.6595290,1519.0,25382.6,8.332,147,99,188
2026-07-24T18:51:35Z,35.0475610,-106.6594768,1519.0,25390.9,8.304,146,99,174
2026-07-24T18:51:36Z,35.0476246,-106.6594270,1519.0,25399.3,8.435,147,98,167
2026-07-24T18:51:37Z,35.0476865,-106.6593795,1518.8,25407.5,8.239,146,98,174
2026-07-24T18:51:38Z,35.0477458,-106.6593325,1518.8,25415.9,8.370,146,98,171
2026-07-24T18:51:39Z,35.0478089,-106.6592854,1518.8,25424.4,8.435,147,98,221
2026-07-24T18:51:40Z,35.0478732,-106.6592382,1518.8,25432.5,8.118,147,98,193
2026-07-24T18:51:41Z,35.0479375,-106.6591885,1518.8,25440.6,8.146,146,97,177
2026-07-24T18:51:42Z,35.0480012,-106.6591377,1519.0,25448.8,8.192,146,96,177
2026-07-24T18:51:43Z,35.0480613,-106.6590870,1519.0,25457.0,8.183,146,96,150
2026-07-24T18:51:44Z,35.0481249,-106.6590406,1519.2,25465.1,8.118,146,96,177
2026-07-24T18:51:45Z,35.0481884,-106.6589943,1519.2,25473.2,8.118,146,96,165
2026-07-24T18:51:46Z,35.0482514,-106.6589478,1519.2,25481.3,8.024,145,95,209
2026-07-24T18:51:47Z,35.0483140,-106.6588989,1519.2,25489.3,8.090,146,95,166
2026-07-24T18:51:48Z,35.0483757,-106.6588524,1519.2,25497.2,7.856,147,94,160
2026-07-24T18:51:49Z,35.0484374,-106.6588079,1519.2,25505.0,7.800,145,93,170
2026-07-24T18:51:50Z,35.0484992,-106.6587666,1519.2,25513.1,8.062,145,93,177
2026-07-24T18:51:51Z,35.0485592,-106.6587257,1519.2,25521.0,7.912,146,93,180
2026-07-24T18:51:52Z,35.0486182,-106.6586808,1519.2,25528.8,7.800,146,93,170
2026-07-24T18:51:53Z,35.0486782,-106.6586332,1519.2,25536.9,8.090,145,94,155
2026-07-24T18:51:54Z,35.0487364,-106.6585855,1519.2,25544.9,8.024,145,95,158
2026-07-24T18:51:55Z,35.0487938,-106.6585385,1519.2,25552.9,8.062,145,95,144
2026-07-24T18:51:56Z,35.0488538,-106.6584909,1519.2,25561.2,8.211,145,96,147
2026-07-24T18:51:57Z,35.0489155,-106.6584435,1519.2,25569.4,8.211,144,97,168
2026-07-24T18:51:58Z,35.0489769,-106.6583993,1519.2,25577.5,8.118,144,97,165
2026-07-24T18:51:59Z,35.0490372,-106.6583557,1519.2,25585.8,8.304,145,97,153
2026-07-24T18:52:00Z,35.0490987,-106.6583096,1519.2,25594.1,8.276,145,97,153
2026-07-24T18:52:01Z,35.0491614,-106.6582612,1519.2,25602.3,8.183,145,97,171
2026-07-24T18:52:02Z,35.0492253,-106.6582142,1519.2,25610.6,8.342,144,98,174
2026-07-24T18:52:03Z,35.0492917,-106.6581713,1519.4,25619.0,8.407,144,98,170
2026-07-24T18:52:04Z,35.0493586,-106.6581311,1519.4,25627.5,8.472,144,99,170
2026-07-24T18:52:05Z,35.0494246,-106.6580893,1519.2,25635.7,8.183,143,99,162
2026-07-24T18:52:06Z,35.0494893,-106.6580478,1519.2,25643.9,8.248,143,98,171
2026-07-24T18:52:07Z,35.0495539,-106.6580041,1519.2,25652.3,8.435,143,98,186
2026-07-24T18:52:08Z,35.0496190,-106.6579584,1519.2,25660.7,8.388,143,99,180
2026-07-24T18:52:09Z,35.0496986,-106.6579037,1519.2,25669.3,8.538,142,100,156
2026-07-24T18:52:10Z,35.0497557,-106.6578701,1519.2,25677.9,8.603,143,101,148
2026-07-24T18:52:11Z,35.0498272,-106.6578279,1519.2,25686.6,8.706,143,101,159
2026-07-24T18:52:12Z,35.0498980,-106.6577873,1519.2,25695.1,8.538,143,101,163
2026-07-24T18:52:13Z,35.0499699,-106.6577473,1519.4,25703.6,8.538,142,102,163
2026-07-24T18:52:14Z,35.0500419,-106.6577071,1519.2,25712.3,8.706,142,102,139
2026-07-24T18:52:15Z,35.0501132,-106.6576653,1519.2,25721.0,8.668,142,102,150
2026-07-24T18:52:16Z,35.0501829,-106.6576238,1519.2,25729.6,8.556,143,102,145
2026-07-24T18:52:17Z,35.0502543,-106.6575846,1519.2,25738.0,8.463,142,101,149
2026-07-24T18:52:18Z,35.0503386,-106.6575374,1519.2,25746.3,8.304,141,100,159
2026-07-24T18:52:19Z,35.0503918,-106.6575024,1519.4,25754.4,8.062,141,97,199
2026-07-24T18:52:20Z,35.0504551,-106.6574545,1519.2,25762.4,7.996,141,97,202
2026-07-24T18:52:21Z,35.0505303,-106.6574005,1519.2,25770.3,7.856,141,95,202
2026-07-24T18:52:22Z,35.0505832,-106.6573702,1519.2,25778.2,7.940,141,95,228
2026-07-24T18:52:23Z,35.0506636,-106.6573278,1519.4,25786.3,8.062,141,94,228
2026-07-24T18:52:24Z,35.0507176,-106.6573036,1519.4,25794.1,7.884,141,93,200
2026-07-24T18:52:25Z,35.0507839,-106.6572739,1519.4,25801.9,7.716,141,93,208
2026-07-24T18:52:26Z,35.0508642,-106.6572385,1519.6,25809.8,7.940,142,93,200
2026-07-24T18:52:27Z,35.0509170,-106.6572138,1519.6,25817.5,7.744,142,93,197
2026-07-24T18:52:28Z,35.0509844,-106.6571825,1519.6,25825.4,7.884,142,93,187
2026-07-24T18:52:29Z,35.0510509,-106.6571538,1519.8,25833.3,7.912,142,93,189
2026-07-24T18:52:30Z,35.0511178,-106.6571284,1520.0,25841.2,7.828,143,93,195
2026-07-24T18:52:31Z,35.0511858,-106.6571048,1520.0,25849.1,7.912,143,93,193
2026-07-24T18:52:32Z,35.0512678,-106.6570781,1520.2,25857.1,7.968,143,94,197
2026-07-24T18:52:33Z,35.0513227,-106.6570586,1520.2,25865.1,7.996,143,95,200
2026-07-24T18:52:34Z,35.0513939,-106.6570338,1520.4,25873.1,8.062,143,96,182
2026-07-24T18:52:35Z,35.0514652,-106.6570114,1520.4,25881.3,8.183,144,96,200
2026-07-24T18:52:36Z,35.0515371,-106.6569885,1520.4,25889.7,8.435,144,97,203
2026-07-24T18:52:37Z,35.0516090,-106.6569628,1520.4,25898.1,8.370,144,98,199
2026-07-24T18:52:38Z,35.0516797,-106.6569332,1520.4,25906.3,8.239,144,98,200
2026-07-24T18:52:39Z,35.0517509,-106.6569051,1520.2,25914.5,8.146,145,98,211
2026-07-24T18:52:40Z,35.0518233,-106.6568797,1520.2,25923.0,8.500,143,98,207
2026-07-24T18:52:41Z,35.0518952,-106.6568540,1520.2,25931.3,8.304,143,99,199
2026-07-24T18:52:42Z,35.0519676,-106.6568295,1520.2,25939.7,8.332,143,99,189
2026-07-24T18:52:43Z,35.0520381,-106.6568036,1520.2,25948.1,8.454,143,98,171
2026-07-24T18:52:44Z,35.0521095,-106.6567750,1520.2,25956.6,8.519,143,99,142
2026-07-24T18:52:45Z,35.0521813,-106.6567479,1520.2,25965.0,8.370,144,99,143
2026-07-24T18:52:46Z,35.0522536,-106.6567228,1520.2,25973.4,8.416,144,100,165
2026-07-24T18:52:47Z,35.0523269,-106.6566948,1520.2,25981.9,8.482,146,100,141
2026-07-24T18:52:48Z,35.0523991,-106.6566632,1520.2,25990.2,8.323,145,99,141
2026-07-24T18:52:49Z,35.0524715,-106.6566334,1520.4,25998.4,8.258,146,99,135
2026-07-24T18:52:50Z,35.0525434,-106.6566058,1520.4,26006.6,8.164,146,98,121
2026-07-24T18:52:51Z,35.0526152,-106.6565803,1520.4,26014.9,8.295,147,97,138
2026-07-24T18:52:52Z,35.0526867,-106.6565547,1520.2,26022.9,8.043,146,97,142
2026-07-24T18:52:53Z,35.0527569,-106.6565282,1520.2,26031.0,8.043,147,96,141
2026-07-24T18:52:54Z,35.0528258,-106.6565000,1520.2,26039.1,8.136,147,95,137
2026-07-24T18:52:55Z,35.0528960,-106.6564735,1520.4,26047.3,8.202,148,95,144
2026-07-24T18:52:56Z,35.0529655,-106.6564470,1520.4,26055.3,7.940,147,96,142
2026-07-24T18:52:57Z,35.0530354,-106.6564178,1520.4,26063.4,8.174,147,95,142
2026-07-24T18:52:58Z,35.0531044,-106.6563884,1520.4,26071.3,7.903,147,95,144
2026-07-24T18:52:59Z,35.0531733,-106.6563599,1520.4,26079.2,7.875,146,94,144
2026-07-24T18:53:00Z,35.0532564,-106.6563280,1520.4,26087.1,7.875,147,94,157
2026-07-24T18:53:01Z,35.0533106,-106.6563063,1520.2,26094.9,7.847,147,94,167
2026-07-24T18:53:02Z,35.0533797,-106.6562814,1520.2,26102.6,7.688,147,93,156
2026-07-24T18:53:03Z,35.0534481,-106.6562569,1520.2,26110.4,7.763,147,93,161
2026-07-24T18:53:04Z,35.0535158,-106.6562300,1520.2,26118.2,7.763,147,93,174
2026-07-24T18:53:05Z,35.0535836,-106.6562039,1520.0,26126.2,8.024,147,93,140
2026-07-24T18:53:06Z,35.0536514,-106.6561790,1520.0,26134.0,7.819,147,93,159
2026-07-24T18:53:07Z,35.0537191,-106.6561535,1520.0,26141.7,7.660,146,93,155
2026-07-24T18:53:08Z,35.0537874,-106.6561279,1520.0,26149.7,8.052,146,94,187
2026-07-24T18:53:09Z,35.0538550,-106.6561027,1520.0,26157.8,8.099,145,94,178
2026-07-24T18:53:10Z,35.0539239,-106.6560781,1520.0,26166.0,8.183,146,96,201
2026-07-24T18:53:11Z,35.0539935,-106.6560518,1519.8,26174.2,8.248,145,97,185
2026-07-24T18:53:12Z,35.0540637,-106.6560260,1519.8,26182.4,8.183,145,97,156
2026-07-24T18:53:13Z,35.0541347,-106.6560003,1519.8,26190.5,8.090,145,97,164
2026-07-24T18:53:14Z,35.0542049,-106.6559727,1519.8,26198.7,8.183,145,97,158
2026-07-24T18:53:15Z,35.0542748,-106.6559452,1519.8,26206.9,8.211,146,97,142
2026-07-24T18:53:16Z,35.0543453,-106.6559200,1519.8,26215.1,8.183,145,97,149
2026-07-24T18:53:17Z,35.0544173,-106.6558977,1519.8,26223.3,8.155,145,96,154
2026-07-24T18:53:18Z,35.0544880,-106.6558727,1520.0,26231.4,8.155,146,96,172
2026-07-24T18:53:19Z,35.0545577,-106.6558444,1520.0,26239.7,8.276,146,96,172
2026-07-24T18:53:20Z,35.0546274,-106.6558185,1519.8,26247.8,8.118,145,97,165
2026-07-24T18:53:21Z,35.0546954,-106.6557918,1519.8,26256.0,8.211,146,96,154
2026-07-24T18:53:22Z,35.0547656,-106.6557650,1519.8,26264.2,8.211,146,96,168
2026-07-24T18:53:23Z,35.0548358,-106.6557394,1520.0,26272.1,7.912,145,96,169
2026-07-24T18:53:24Z,35.0549058,-106.6557131,1520.0,26280.3,8.136,146,96,167
2026-07-24T18:53:25Z,35.0549754,-106.6556867,1520.0,26288.5,8.230,145,97,157
2026-07-24T18:53:26Z,35.0550449,-106.6556595,1520.0,26296.6,8.080,146,97,169
2026-07-24T18:53:27Z,35.0551141,-106.6556313,1520.2,26304.7,8.108,145,97,169
2026-07-24T18:53:28Z,35.0551850,-106.6556044,1520.2,26313.0,8.295,145,97,176
2026-07-24T18:53:29Z,35.0552556,-106.6555776,1520.2,26321.3,8.295,145,97,172
2026-07-24T18:53:30Z,35.0553256,-106.6555505,1520.2,26329.2,7.959,145,96,168
2026-07-24T18:53:31Z,35.0553962,-106.6555243,1520.2,26337.4,8.202,145,96,172
2026-07-24T18:53:32Z,35.0554669,-106.6554978,1520.2,26345.5,8.090,145,96,179
2026-07-24T18:53:33Z,35.0555377,-106.6554694,1520.2,26353.6,8.043,144,96,178
2026-07-24T18:53:34Z,35.0556079,-106.6554407,1520.0,26361.4,7.847,145,95,208
2026-07-24T18:53:35Z,35.0556768,-106.6554115,1520.0,26369.4,8.015,144,95,198
2026-07-24T18:53:36Z,35.0557455,-106.6553831,1520.2,26377.4,7.931,144,95,200
2026-07-24T18:53:37Z,35.0558159,-106.6553556,1520.2,26385.5,8.118,143,96,187
2026-07-24T18:53:38Z,35.0558856,-106.6553283,1520.2,26393.6,8.146,144,97,187
2026-07-24T18:53:39Z,35.0559537,-106.6553011,1520.4,26401.9,8.332,144,97,192
2026-07-24T18:53:40Z,35.0560231,-106.6552745,1520.4,26410.3,8.304,144,98,185
2026-07-24T18:53:41Z,35.0560938,-106.6552480,1520.4,26418.3,8.052,143,98,173
2026-07-24T18:53:42Z,35.0561647,-106.6552224,1520.4,26426.6,8.267,143,98,187
2026-07-24T18:53:43Z,35.0562358,-106.6551941,1520.4,26434.8,8.239,143,98,173
2026-07-24T18:53:44Z,35.0563059,-106.6551654,1520.4,26443.0,8.202,143,97,170
2026-07-24T18:53:45Z,35.0563766,-106.6551377,1520.4,26451.3,8.239,143,97,196
2026-07-24T18:53:46Z,35.0564483,-106.6551110,1520.6,26459.4,8.118,143,98,183
2026-07-24T18:53:47Z,35.0565200,-106.6550840,1520.6,26467.6,8.174,143,97,179
2026-07-24T18:53:48Z,35.0565916,-106.6550548,1520.6,26475.8,8.202,143,97,181
2026-07-24T18:53:49Z,35.0566636,-106.6550278,1520.6,26483.9,8.174,142,97,179
2026-07-24T18:53:50Z,35.0567354,-106.6550005,1520.6,26492.1,8.202,143,98,189
2026-07-24T18:53:51Z,35.0568072,-106.6549746,1520.6,26500.7,8.594,142,99,169
2026-07-24T18:53:52Z,35.0568799,-106.6549475,1520.6,26509.1,8.379,143,100,160
2026-07-24T18:53:53Z,35.0569532,-106.6549203,1520.6,26517.4,8.342,142,100,164
2026-07-24T18:53:54Z,35.0570269,-106.6548937,1520.8,26525.9,8.472,143,100,170
2026-07-24T18:53:55Z,35.0570999,-106.6548662,1520.8,26534.3,8.407,143,99,166
2026-07-24T18:53:56Z,35.0571726,-106.6548388,1520.8,26542.7,8.407,143,99,165
2026-07-24T18:53:57Z,35.0572452,-106.6548136,1520.8,26551.1,8.342,143,99,168
2026-07-24T18:53:58Z,35.0573167,-106.6547871,1520.8,26559.3,8.276,143,99,172
2026-07-24T18:53:59Z,35.0573898,-106.6547626,1520.8,26567.7,8.342,143,99,172
2026-07-24T18:54:00Z,35.0574625,-106.6547358,1520.8,26576.0,8.342,143,100,162
2026-07-24T18:54:01Z,35.0575346,-106.6547075,1520.8,26584.3,8.295,143,99,169
2026-07-24T18:54:02Z,35.0576054,-106.6546782,1520.8,26592.8,8.472,143,99,186
2026-07-24T18:54:03Z,35.0576761,-106.6546512,1520.8,26601.1,8.267,143,99,166
2026-07-24T18:54:04Z,35.0577479,-106.6546266,1520.8,26609.4,8.314,143,99,177
2026-07-24T18:54:05Z,35.0578348,-106.6545984,1520.8,26617.7,8.314,142,98,165
2026-07-24T18:54:06Z,35.0578936,-106.6545810,1520.8,26626.0,8.295,143,98,174
2026-07-24T18:54:07Z,35.0579674,-106.6545583,1520.8,26634.2,8.174,142,97,178
2026-07-24T18:54:08Z,35.0580407,-106.6545384,1520.8,26642.3,8.174,143,98,158
2026-07-24T18:54:09Z,35.0581148,-106.6545198,1520.8,26650.4,8.024,142,97,171
2026-07-24T18:54:10Z,35.0581883,-106.6545030,1520.8,26658.7,8.332,142,97,173
2026-07-24T18:54:11Z,35.0582603,-106.6544865,1520.8,26666.8,8.080,143,97,161
2026-07-24T18:54:13Z,35.0583336,-106.6544709,1520.8,26675.0,8.267,143,97,157
2026-07-24T18:54:14Z,35.0584039,-106.6544567,1520.8,26683.3,8.295,143,97,170
2026-07-24T18:54:15Z,35.0584761,-106.6544467,1520.8,26691.5,8.174,142,97,148
2026-07-24T18:54:16Z,35.0585492,-106.6544373,1520.8,26699.6,8.080,142,96,150
2026-07-24T18:54:17Z,35.0586215,-106.6544255,1520.8,26707.8,8.202,142,96,166
2026-07-24T18:54:18Z,35.0586949,-106.6544146,1520.8,26716.2,8.398,142,97,166
2026-07-24T18:54:19Z,35.0587683,-106.6544072,1520.8,26724.5,8.332,142,98,153
2026-07-24T18:54:20Z,35.0588431,-106.6544021,1520.8,26732.9,8.332,142,99,149
2026-07-24T18:54:21Z,35.0589192,-106.6543990,1520.8,26741.2,8.360,142,99,145
2026-07-24T18:54:22Z,35.0589936,-106.6543989,1520.8,26749.6,8.360,142,98,145
2026-07-24T18:54:23Z,35.0590682,-106.6543966,1520.8,26757.9,8.332,142,98,167
2026-07-24T18:54:24Z,35.0591443,-106.6543942,1520.8,26766.3,8.332,142,98,159
2026-07-24T18:54:25Z,35.0592197,-106.6543909,1520.8,26774.6,8.398,141,99,149
2026-07-24T18:54:26Z,35.0592951,-106.6543874,1521.0,26783.0,8.360,142,99,144
2026-07-24T18:54:27Z,35.0593696,-106.6543748,1521.0,26791.3,8.267,142,98,144
2026-07-24T18:54:28Z,35.0594383,-106.6543440,1521.0,26799.3,7.996,142,97,157
2026-07-24T18:54:29Z,35.0594953,-106.6542948,1521.0,26807.8,8.594,142,96,169
2026-07-24T18:54:30Z,35.0595558,-106.6542473,1521.0,26816.3,8.426,142,98,218
2026-07-24T18:54:31Z,35.0596253,-106.6542262,1521.0,26824.4,8.174,142,97,212
2026-07-24T18:54:32Z,35.0596982,-106.6542272,1521.0,26832.5,8.052,142,97,201
2026-07-24T18:54:33Z,35.0597706,-106.6542363,1520.8,26840.6,8.118,142,96,177
2026-07-24T18:54:34Z,35.0598426,-106.6542475,1521.0,26848.6,7.940,142,95,184
2026-07-24T18:54:35Z,35.0599144,-106.6542593,1520.8,26856.5,7.912,143,94,184
2026-07-24T18:54:36Z,35.0599856,-106.6542690,1520.8,26864.3,7.884,142,93,181
2026-07-24T18:54:37Z,35.0600560,-106.6542786,1520.8,26872.1,7.744,143,93,197
2026-07-24T18:54:38Z,35.0601243,-106.6542918,1520.8,26880.0,7.866,143,92,204
2026-07-24T18:54:39Z,35.0601923,-106.6543074,1521.0,26887.8,7.866,143,92,185
2026-07-24T18:54:40Z,35.0602623,-106.6543241,1521.0,26895.6,7.744,143,92,182
2026-07-24T18:54:41Z,35.0603459,-106.6543421,1521.0,26903.5,7.912,143,93,182
2026-07-24T18:54:42Z,35.0604140,-106.6543581,1521.2,26911.3,7.847,143,93,170
2026-07-24T18:54:43Z,35.0604695,-106.6543736,1521.4,26919.3,7.940,144,94,166
2026-07-24T18:54:44Z,35.0605389,-106.6543920,1521.6,26927.2,7.968,143,94,173
2026-07-24T18:54:45Z,35.0606079,-106.6544140,1521.6,26935.2,7.940,144,94,170
2026-07-24T18:54:46Z,35.0606902,-106.6544420,1521.8,26943.1,7.940,144,94,169
2026-07-24T18:54:47Z,35.0607611,-106.6544666,1522.0,26951.1,7.940,143,95,188
2026-07-24T18:54:48Z,35.0608153,-106.6544890,1522.0,26959.0,7.940,144,95,188
2026-07-24T18:54:49Z,35.0608861,-106.6545182,1522.2,26967.2,8.174,143,95,191
2026-07-24T18:54:50Z,35.0609687,-106.6545476,1522.2,26975.3,8.146,144,96,218
2026-07-24T18:54:51Z,35.0610396,-106.6545676,1522.2,26983.5,8.174,144,96,226
2026-07-24T18:54:52Z,35.0611106,-106.6545848,1522.2,26991.7,8.239,143,96,203
2026-07-24T18:54:53Z,35.0611660,-106.6545995,1522.2,26999.9,8.118,143,96,207
2026-07-24T18:54:54Z,35.0612504,-106.6546253,1522.2,27008.0,8.118,143,96,207
2026-07-24T18:54:55Z,35.0613198,-106.6546444,1522.2,27016.2,8.192,143,95,243
2026-07-24T18:54:56Z,35.0613876,-106.6546606,1522.4,27024.3,8.146,143,96,199
2026-07-24T18:54:57Z,35.0614436,-106.6546746,1522.4,27032.4,8.146,143,96,180
2026-07-24T18:54:58Z,35.0615156,-106.6546940,1522.6,27040.6,8.146,143,96,170
2026-07-24T18:54:59Z,35.0616017,-106.6547162,1522.6,27048.7,8.052,144,95,175
2026-07-24T18:55:00Z,35.0616586,-106.6547310,1522.6,27056.7,8.024,144,94,172
2026-07-24T18:55:01Z,35.0617289,-106.6547503,1522.6,27064.6,7.968,144,94,175
2026-07-24T18:55:02Z,35.0617985,-106.6547709,1522.8,27072.7,8.024,144,94,168
2026-07-24T18:55:03Z,35.0618683,-106.6547943,1523.0,27080.6,7.940,144,94,170
2026-07-24T18:55:04Z,35.0619377,-106.6548163,1523.0,27088.4,7.763,144,94,177
2026-07-24T18:55:05Z,35.0620073,-106.6548357,1523.2,27096.1,7.716,144,93,178
2026-07-24T18:55:06Z,35.0620770,-106.6548552,1523.2,27103.9,7.763,145,92,180
2026-07-24T18:55:07Z,35.0621450,-106.6548743,1523.2,27111.4,7.577,144,92,178
2026-07-24T18:55:08Z,35.0622122,-106.6548953,1523.2,27119.2,7.763,144,91,180
2026-07-24T18:55:09Z,35.0622928,-106.6549203,1523.4,27126.9,7.735,145,91,182
2026-07-24T18:55:10Z,35.0623464,-106.6549352,1523.4,27134.6,7.660,145,91,182
2026-07-24T18:55:11Z,35.0624128,-106.6549548,1523.4,27142.3,7.735,145,92,181
2026-07-24T18:55:12Z,35.0624949,-106.6549817,1523.6,27150.2,7.847,145,92,176
2026-07-24T18:55:13Z,35.0625489,-106.6549995,1523.4,27157.9,7.660,145,92,170
2026-07-24T18:55:14Z,35.0626166,-106.6550219,1523.4,27165.5,7.688,145,92,157
2026-07-24T18:55:15Z,35.0626847,-106.6550444,1523.4,27173.5,7.968,146,93,145
2026-07-24T18:55:16Z,35.0627537,-106.6550651,1523.4,27181.4,7.903,145,93,171
2026-07-24T18:55:17Z,35.0628224,-106.6550877,1523.4,27189.3,7.922,145,94,145
2026-07-24T18:55:18Z,35.0628916,-106.6551107,1523.6,27197.3,7.968,145,94,153
2026-07-24T18:55:19Z,35.0629629,-106.6551371,1523.6,27205.4,8.071,145,95,138
2026-07-24T18:55:20Z,35.0630333,-106.6551591,1523.6,27213.3,7.996,145,96,137
2026-07-24T18:55:21Z,35.0631193,-106.6551832,1523.8,27221.6,8.211,145,96,154
2026-07-24T18:55:22Z,35.0631921,-106.6552041,1523.8,27229.6,8.062,145,96,151
2026-07-24T18:55:23Z,35.0632637,-106.6552214,1524.0,27237.8,8.211,145,97,137
2026-07-24T18:55:24Z,35.0633199,-106.6552340,1524.0,27246.0,8.136,145,96,138
2026-07-24T18:55:25Z,35.0633928,-106.6552534,1524.0,27254.1,8.146,145,97,144
2026-07-24T18:55:26Z,35.0634646,-106.6552758,1524.0,27262.3,8.183,145,97,129
2026-07-24T18:55:27Z,35.0635367,-106.6552990,1524.0,27270.5,8.239,145,97,127
2026-07-24T18:55:28Z,35.0636080,-106.6553241,1524.2,27278.8,8.211,144,97,139
2026-07-24T18:55:29Z,35.0636796,-106.6553492,1524.2,27287.0,8.276,145,97,146
2026-07-24T18:55:30Z,35.0637642,-106.6553766,1524.0,27295.2,8.146,144,97,140
2026-07-24T18:55:31Z,35.0638337,-106.6553995,1524.0,27303.3,8.146,145,97,127
2026-07-24T18:55:32Z,35.0638906,-106.6554153,1523.8,27311.4,8.118,144,96,129
2026-07-24T18:55:33Z,35.0639629,-106.6554329,1523.6,27319.6,8.211,145,96,130
2026-07-24T18:55:34Z,35.0640334,-106.6554549,1523.6,27327.6,7.912,145,95,125
2026-07-24T18:55:35Z,35.0641039,-106.6554793,1523.2,27335.4,7.866,144,94,151
2026-07-24T18:55:36Z,35.0641726,-106.6555013,1523.2,27343.3,7.922,144,93,162
2026-07-24T18:55:37Z,35.0642417,-106.6555231,1522.8,27351.0,7.670,145,92,147
2026-07-24T18:55:38Z,35.0643092,-106.6555452,1522.8,27358.8,7.735,144,92,146
2026-07-24T18:55:39Z,35.0643760,-106.6555690,1522.6,27366.6,7.800,145,92,159
2026-07-24T18:55:40Z,35.0644434,-106.6555919,1522.6,27374.5,7.950,144,92,186
2026-07-24T18:55:41Z,35.0645133,-106.6556122,1522.6,27382.4,7.894,144,92,179
2026-07-24T18:55:42Z,35.0645837,-106.6556299,1522.4,27390.3,7.950,144,94,179
2026-07-24T18:55:43Z,35.0646685,-106.6556536,1522.4,27398.4,7.987,144,94,162
2026-07-24T18:55:44Z,35.0647236,-106.6556688,1522.4,27406.2,7.903,144,93,141
2026-07-24T18:55:45Z,35.0648066,-106.6556927,1522.4,27414.2,7.922,143,93,140
2026-07-24T18:55:46Z,35.0648629,-106.6557080,1522.2,27422.0,7.838,144,93,125
2026-07-24T18:55:47Z,35.0649324,-106.6557274,1522.2,27429.8,7.847,143,93,141
2026-07-24T18:55:48Z,35.0650018,-106.6557503,1522.2,27437.6,7.782,143,93,148
2026-07-24T18:55:49Z,35.0650703,-106.6557710,1522.2,27445.4,7.810,144,93,158
2026-07-24T18:55:50Z,35.0651535,-106.6557972,1522.0,27453.5,8.034,144,93,154
2026-07-24T18:55:51Z,35.0652095,-106.6558130,1522.0,27461.4,7.950,144,93,153
2026-07-24T18:55:52Z,35.0652794,-106.6558328,1522.0,27469.1,7.698,144,93,156
2026-07-24T18:55:53Z,35.0653493,-106.6558525,1522.0,27477.0,7.922,144,93,156
2026-07-24T18:55:54Z,35.0654317,-106.6558765,1522.0,27484.8,7.782,143,92,170
2026-07-24T18:55:55Z,35.0654856,-106.6558952,1522.0,27492.7,7.838,143,92,161
2026-07-24T18:55:56Z,35.0655540,-106.6559189,1522.2,27500.6,7.922,142,92,153
2026-07-24T18:55:57Z,35.0656347,-106.6559477,1522.2,27508.3,7.754,142,93,149
2026-07-24T18:55:58Z,35.0657010,-106.6559729,1522.4,27516.0,7.670,142,92,151
2026-07-24T18:55:59Z,35.0657663,-106.6559981,1522.4,27523.9,7.894,143,92,146
2026-07-24T18:56:00Z,35.0658152,-106.6560189,1522.4,27531.6,7.698,142,92,185
2026-07-24T18:56:01Z,35.0658866,-106.6560488,1522.4,27539.4,7.810,143,92,180
2026-07-24T18:56:02Z,35.0659401,-106.6560694,1522.4,27547.4,8.006,142,93,177
2026-07-24T18:56:03Z,35.0660243,-106.6560918,1522.4,27555.3,7.866,142,94,190
2026-07-24T18:56:04Z,35.0660824,-106.6560991,1522.6,27563.3,7.978,141,94,164
2026-07-24T18:56:05Z,35.0661539,-106.6561061,1522.6,27571.3,8.006,141,95,159
2026-07-24T18:56:06Z,35.0662388,-106.6561227,1522.6,27579.5,8.220,141,95,157
2026-07-24T18:56:07Z,35.0663096,-106.6561436,1522.6,27587.5,8.062,141,96,161
2026-07-24T18:56:08Z,35.0663651,-106.6561602,1522.6,27595.8,8.220,141,97,174
2026-07-24T18:56:09Z,35.0664366,-106.6561837,1522.6,27604.0,8.220,141,97,155
2026-07-24T18:56:10Z,35.0665095,-106.6562017,1522.6,27612.2,8.183,141,96,175
2026-07-24T18:56:11Z,35.0665834,-106.6562132,1522.6,27620.4,8.220,141,96,176
2026-07-24T18:56:12Z,35.0666713,-106.6562270,1522.8,27628.5,8.146,140,96,157
2026-07-24T18:56:13Z,35.0667293,-106.6562403,1522.8,27636.7,8.155,140,96,168
2026-07-24T18:56:14Z,35.0667993,-106.6562596,1522.8,27644.8,8.062,140,95,176
2026-07-24T18:56:15Z,35.0668858,-106.6562841,1522.8,27653.0,8.276,140,96,175
2026-07-24T18:56:16Z,35.0669437,-106.6562997,1522.8,27661.2,8.183,141,96,198
2026-07-24T18:56:17Z,35.0670166,-106.6563204,1522.6,27669.4,8.155,141,95,178
2026-07-24T18:56:18Z,35.0670862,-106.6563405,1522.6,27677.1,7.726,141,94,186
2026-07-24T18:56:19Z,35.0671646,-106.6563622,1522.6,27684.9,7.782,141,93,242
2026-07-24T18:56:20Z,35.0672245,-106.6563766,1522.6,27692.7,7.819,142,93,213
2026-07-24T18:56:21Z,35.0672910,-106.6563904,1522.6,27700.6,7.940,142,94,213
2026-07-24T18:56:22Z,35.0673473,-106.6564026,1522.4,27708.4,7.819,142,95,184
2026-07-24T18:56:23Z,35.0674283,-106.6564208,1522.4,27716.4,7.996,142,94,203
2026-07-24T18:56:24Z,35.0674970,-106.6564369,1522.4,27724.4,7.959,142,94,244
2026-07-24T18:56:25Z,35.0675533,-106.6564474,1522.6,27732.4,7.996,143,94,207
2026-07-24T18:56:26Z,35.0676255,-106.6564607,1522.6,27740.3,7.950,142,94,164
2026-07-24T18:56:27Z,35.0676975,-106.6564752,1522.6,27748.2,7.847,143,94,189
2026-07-24T18:56:28Z,35.0677683,-106.6564911,1522.8,27756.2,7.940,142,95,167
2026-07-24T18:56:29Z,35.0678559,-106.6565152,1522.8,27764.3,8.174,143,95,173
2026-07-24T18:56:30Z,35.0679156,-106.6565303,1523.0,27772.5,8.146,143,96,173
2026-07-24T18:56:31Z,35.0679885,-106.6565478,1523.0,27780.6,8.118,143,96,159
2026-07-24T18:56:32Z,35.0680609,-106.6565648,1523.0,27788.7,8.118,142,96,157
2026-07-24T18:56:33Z,35.0681326,-106.6565770,1523.2,27796.8,8.118,143,96,173
2026-07-24T18:56:34Z,35.0682074,-106.6565969,1523.2,27804.8,8.034,143,95,178
2026-07-24T18:56:35Z,35.0682808,-106.6566162,1523.2,27812.8,7.978,143,96,177
2026-07-24T18:56:36Z,35.0683529,-106.6566319,1523.2,27820.9,8.062,142,96,173
2026-07-24T18:56:37Z,35.0684253,-106.6566497,1523.2,27829.3,8.407,142,97,171
2026-07-24T18:56:38Z,35.0685109,-106.6566706,1523.2,27837.4,8.136,142,97,168
2026-07-24T18:56:39Z,35.0685680,-106.6566842,1523.2,27845.5,8.034,143,98,169
2026-07-24T18:56:40Z,35.0686418,-106.6567036,1523.2,27853.8,8.295,142,98,176
2026-07-24T18:56:41Z,35.0687310,-106.6567273,1523.2,27862.1,8.370,142,98,171
2026-07-24T18:56:42Z,35.0688053,-106.6567460,1523.2,27870.3,8.211,142,98,163
2026-07-24T18:56:43Z,35.0688646,-106.6567604,1523.2,27878.3,8.006,143,98,93
2026-07-24T18:56:44Z,35.0689392,-106.6567794,1523.0,27886.3,7.978,142,98,93
2026-07-24T18:56:45Z,35.0690239,-106.6568002,1523.0,27894.3,8.006,143,41,93
2026-07-24T18:56:46Z,35.0690785,-106.6568163,1523.0,27902.3,8.006,143,57,167
2026-07-24T18:56:47Z,35.0691599,-106.6568387,1523.0,27910.2,7.856,141,94,221
2026-07-24T18:56:48Z,35.0692160,-106.6568471,1523.0,27918.1,7.940,142,95,184
2026-07-24T18:56:49Z,35.0692875,-106.6568617,1523.0,27925.9,7.800,141,95,149
2026-07-24T18:56:50Z,35.0693734,-106.6568802,1523.0,27933.7,7.800,143,93,150
2026-07-24T18:56:51Z,35.0694434,-106.6568927,1523.2,27941.4,7.660,142,92,144
2026-07-24T18:56:52Z,35.0694986,-106.6569123,1523.2,27948.9,7.530,142,91,141
2026-07-24T18:56:53Z,35.0695598,-106.6569481,1523.2,27955.8,6.886,143,88,243
2026-07-24T18:56:54Z,35.0696085,-106.6569992,1523.2,27962.3,6.550,143,87,230
2026-07-24T18:56:55Z,35.0696488,-106.6570596,1523.2,27968.8,6.420,143,102,221
2026-07-24T18:56:56Z,35.0696963,-106.6571305,1523.2,27975.2,6.382,143,100,182
2026-07-24T18:56:57Z,35.0697247,-106.6571775,1523.2,27980.9,5.710,144,98,399
2026-07-24T18:56:58Z,35.0697485,-106.6572351,1523.2,27986.2,5.356,144,86,278
2026-07-24T18:56:59Z,35.0697595,-106.6572944,1523.2,27991.5,5.300,144,82,205
2026-07-24T18:57:00Z,35.0697611,-106.6573656,1523.4,27997.1,5.608,144,81,157
2026-07-24T18:57:01Z,35.0697607,-106.6574135,1523.4,28002.8,5.645,144,82,120
2026-07-24T18:57:02Z,35.0697599,-106.6574717,1523.8,28009.3,6.476,144,88,86
2026-07-24T18:57:03Z,35.0697504,-106.6575496,1524.0,28016.0,6.737,145,96,39
2026-07-24T18:57:04Z,35.0697400,-106.6576087,1524.2,28023.3,7.325,144,100,42
2026-07-24T18:57:05Z,35.0697231,-106.6577005,1524.2,28031.1,7.744,145,100,45
2026-07-24T18:57:06Z,35.0697146,-106.6577668,1524.2,28038.9,7.856,144,106,45
2026-07-24T18:57:07Z,35.0697069,-106.6578505,1524.2,28046.7,7.744,144,106,0
2026-07-24T18:57:08Z,35.0697143,-106.6579532,1524.2,28054.6,7.894,144,106,0
2026-07-24T18:57:09Z,35.0697412,-106.6580361,1524.0,28062.4,7.884,145,0,0
2026-07-24T18:57:10Z,35.0697724,-106.6580907,1524.0,28070.6,8.146,144,0,0
2026-07-24T18:57:11Z,35.0698207,-106.6581352,1523.8,28078.2,7.558,144,22,17
2026-07-24T18:57:12Z,35.0698897,-106.6581588,1523.6,28085.5,7.371,143,98,183
2026-07-24T18:57:13Z,35.0699388,-106.6581628,1523.4,28092.9,7.437,143,97,152
2026-07-24T18:57:14Z,35.0699976,-106.6581634,1523.4,28099.9,6.933,142,93,221
2026-07-24T18:57:15Z,35.0700525,-106.6581336,1523.4,28106.9,7.045,142,97,194
2026-07-24T18:57:16Z,35.0701063,-106.6580858,1523.4,28113.9,7.007,141,108,213
2026-07-24T18:57:17Z,35.0701625,-106.6580433,1523.2,28120.6,6.634,142,106,195
2026-07-24T18:57:18Z,35.0702295,-106.6580059,1523.2,28126.7,6.112,141,101,219
2026-07-24T18:57:19Z,35.0702833,-106.6579849,1523.2,28132.7,5.990,142,94,259
2026-07-24T18:57:20Z,35.0703254,-106.6579675,1523.2,28138.7,6.046,142,91,363
2026-07-24T18:57:21Z,35.0703901,-106.6579468,1523.4,28144.4,5.664,142,90,355
2026-07-24T18:57:22Z,35.0704456,-106.6579344,1523.4,28150.4,6.028,142,89,316
2026-07-24T18:57:23Z,35.0705014,-106.6579235,1523.8,28156.6,6.177,143,91,266
2026-07-24T18:57:24Z,35.0705491,-106.6579171,1523.8,28163.0,6.401,142,93,197
2026-07-24T18:57:25Z,35.0706115,-106.6579140,1524.0,28169.7,6.690,143,99,121
2026-07-24T18:57:26Z,35.0706852,-106.6579147,1524.6,28176.5,6.858,142,104,95
2026-07-24T18:57:27Z,35.0707505,-106.6579297,1524.8,28183.8,7.297,144,106,94
2026-07-24T18:57:28Z,35.0708040,-106.6579479,1525.2,28191.1,7.315,144,102,124
2026-07-24T18:57:29Z,35.0708693,-106.6579751,1525.2,28198.5,7.334,144,102,112
2026-07-24T18:57:30Z,35.0709443,-106.6580116,1525.4,28205.9,7.446,143,104,112
2026-07-24T18:57:31Z,35.0709936,-106.6580380,1525.4,28213.3,7.297,144,104,109
2026-07-24T18:57:32Z,35.0710668,-106.6580784,1525.4,28220.5,7.250,144,104,107
2026-07-24T18:57:33Z,35.0711163,-106.6581025,1525.4,28227.9,7.399,145,103,96
2026-07-24T18:57:34Z,35.0711775,-106.6581359,1525.4,28235.2,7.371,145,96,132
2026-07-24T18:57:35Z,35.0712504,-106.6581792,1525.2,28242.6,7.371,145,96,128
2026-07-24T18:57:36Z,35.0713127,-106.6582127,1525.2,28250.1,7.474,145,96,125
2026-07-24T18:57:37Z,35.0713624,-106.6582413,1525.2,28257.4,7.353,144,96,125
2026-07-24T18:57:38Z,35.0714227,-106.6582758,1525.2,28264.7,7.287,144,95,132
2026-07-24T18:57:39Z,35.0714955,-106.6583195,1525.2,28272.0,7.278,144,94,134
2026-07-24T18:57:40Z,35.0715425,-106.6583483,1525.2,28279.3,7.325,144,94,131
2026-07-24T18:57:41Z,35.0716134,-106.6583897,1525.2,28286.6,7.278,143,95,148
2026-07-24T18:57:42Z,35.0716628,-106.6584151,1525.4,28293.9,7.297,144,95,137
2026-07-24T18:57:43Z,35.0717253,-106.6584480,1525.4,28301.3,7.409,143,96,132
2026-07-24T18:57:44Z,35.0718006,-106.6584885,1525.6,28308.8,7.502,143,97,130
2026-07-24T18:57:45Z,35.0718637,-106.6585228,1525.6,28316.4,7.558,143,98,126
2026-07-24T18:57:46Z,35.0719126,-106.6585518,1525.8,28324.0,7.660,142,99,131
2026-07-24T18:57:47Z,35.0719676,-106.6585907,1525.8,28331.6,7.577,143,99,162
2026-07-24T18:57:48Z,35.0720275,-106.6586530,1525.8,28339.3,7.660,142,100,156
2026-07-24T18:57:49Z,35.0720717,-106.6587130,1525.8,28346.8,7.530,143,100,152
2026-07-24T18:57:50Z,35.0721156,-106.6587735,1525.8,28354.3,7.474,142,98,165
2026-07-24T18:57:51Z,35.0721527,-106.6588234,1525.8,28361.7,7.427,142,96,164
2026-07-24T18:57:52Z,35.0721990,-106.6588834,1525.8,28368.9,7.203,142,94,179
2026-07-24T18:57:53Z,35.0722429,-106.6589434,1526.0,28376.2,7.325,142,94,184
2026-07-24T18:57:54Z,35.0722861,-106.6590038,1526.0,28383.5,7.278,142,94,174
2026-07-24T18:57:55Z,35.0723318,-106.6590626,1526.0,28390.8,7.297,142,93,174
2026-07-24T18:57:56Z,35.0723840,-106.6591064,1526.0,28398.0,7.203,141,93,166
2026-07-24T18:57:57Z,35.0724454,-106.6591331,1526.0,28405.4,7.446,141,93,166
2026-07-24T18:57:58Z,35.0725116,-106.6591476,1526.0,28412.9,7.474,141,97,166
2026-07-24T18:57:59Z,35.0725908,-106.6591683,1526.0,28420.4,7.446,141,98,181
2026-07-24T18:58:00Z,35.0726414,-106.6591922,1526.2,28428.1,7.772,141,98,169
2026-07-24T18:58:01Z,35.0727018,-106.6592308,1526.2,28435.7,7.558,141,98,169
2026-07-24T18:58:02Z,35.0727606,-106.6592747,1526.4,28443.1,7.437,140,97,153
2026-07-24T18:58:03Z,35.0728294,-106.6593255,1526.4,28450.6,7.474,141,97,173
2026-07-24T18:58:04Z,35.0728762,-106.6593592,1526.6,28458.4,7.800,141,98,158
2026-07-24T18:58:05Z,35.0729359,-106.6594007,1526.6,28466.2,7.772,141,99,149
2026-07-24T18:58:06Z,35.0729950,-106.6594473,1526.6,28474.0,7.800,141,101,158
2026-07-24T18:58:07Z,35.0730638,-106.6595071,1526.8,28482.0,8.024,141,103,131
2026-07-24T18:58:08Z,35.0731089,-106.6595495,1526.8,28490.1,8.090,141,102,138
2026-07-24T18:58:09Z,35.0731666,-106.6596035,1527.0,28498.3,8.183,141,95,170
2026-07-24T18:58:10Z,35.0732246,-106.6596573,1527.0,28506.4,8.062,141,95,160
2026-07-24T18:58:11Z,35.0732828,-106.6597146,1527.0,28514.3,7.996,142,96,156
2026-07-24T18:58:12Z,35.0733516,-106.6597822,1527.0,28522.6,8.276,142,96,156
2026-07-24T18:58:13Z,35.0733956,-106.6598293,1527.0,28530.6,8.024,142,96,151
2026-07-24T18:58:14Z,35.0734503,-106.6598892,1527.0,28538.6,7.912,142,96,161
2026-07-24T18:58:15Z,35.0735047,-106.6599478,1527.0,28546.6,8.062,142,95,159
2026-07-24T18:58:16Z,35.0735567,-106.6600064,1527.0,28554.5,7.828,143,94,165
2026-07-24T18:58:17Z,35.0736077,-106.6600675,1526.8,28562.3,7.856,142,93,155
2026-07-24T18:58:18Z,35.0736557,-106.6601314,1526.6,28570.0,7.716,143,93,195
2026-07-24T18:58:19Z,35.0737007,-106.6601984,1526.2,28578.1,8.090,142,93,215
2026-07-24T18:58:20Z,35.0737441,-106.6602655,1526.2,28586.1,8.024,143,94,204
2026-07-24T18:58:21Z,35.0737905,-106.6603354,1526.0,28594.2,8.024,143,95,211
2026-07-24T18:58:22Z,35.0738367,-106.6604067,1525.8,28602.2,8.090,144,95,193
2026-07-24T18:58:23Z,35.0738820,-106.6604753,1525.8,28610.5,8.239,143,96,197
2026-07-24T18:58:24Z,35.0739285,-106.6605445,1525.6,28618.5,8.062,142,96,194
2026-07-24T18:58:25Z,35.0739747,-106.6606128,1525.6,28626.6,8.090,142,96,185
2026-07-24T18:58:26Z,35.0740209,-106.6606817,1525.4,28634.8,8.183,143,96,174
2026-07-24T18:58:27Z,35.0740679,-106.6607505,1525.4,28642.9,8.062,143,95,172
2026-07-24T18:58:28Z,35.0741129,-106.6608190,1525.4,28650.6,7.744,144,95,193
2026-07-24T18:58:29Z,35.0741576,-106.6608863,1525.4,28658.5,7.856,144,93,194
2026-07-24T18:58:30Z,35.0742027,-106.6609557,1525.2,28666.3,7.772,145,93,189
2026-07-24T18:58:31Z,35.0742467,-106.6610231,1525.2,28674.0,7.726,143,92,184
2026-07-24T18:58:32Z,35.0742923,-106.6610901,1525.0,28681.8,7.791,144,92,169
2026-07-24T18:58:33Z,35.0743369,-106.6611560,1525.0,28689.4,7.595,144,91,184
2026-07-24T18:58:34Z,35.0743818,-106.6612212,1525.0,28697.2,7.763,145,91,188
2026-07-24T18:58:35Z,35.0744363,-106.6612977,1524.8,28704.8,7.679,146,91,195
2026-07-24T18:58:36Z,35.0744710,-106.6613494,1524.8,28712.7,7.931,145,91,231
2026-07-24T18:58:37Z,35.0745153,-106.6614171,1524.8,28720.4,7.707,146,90,233
2026-07-24T18:58:38Z,35.0745589,-106.6614816,1524.8,28728.0,7.595,146,90,222
2026-07-24T18:58:39Z,35.0746117,-106.6615578,1524.8,28735.6,7.549,145,89,203
2026-07-24T18:58:40Z,35.0746450,-106.6616081,1524.8,28743.0,7.390,146,89,185
2026-07-24T18:58:41Z,35.0746862,-106.6616690,1524.8,28750.3,7.315,146,103,132
2026-07-24T18:58:42Z,35.0747278,-106.6617319,1524.8,28757.8,7.465,147,104,119
2026-07-24T18:58:43Z,35.0747711,-106.6617946,1524.6,28765.1,7.343,146,104,131
2026-07-24T18:58:44Z,35.0748240,-106.6618687,1524.4,28772.3,7.222,146,104,127
2026-07-24T18:58:45Z,35.0748569,-106.6619174,1524.4,28779.6,7.315,146,103,138
2026-07-24T18:58:46Z,35.0748978,-106.6619807,1524.6,28787.1,7.418,147,103,145
2026-07-24T18:58:47Z,35.0749481,-106.6620539,1524.6,28794.5,7.483,148,103,148
2026-07-24T18:58:48Z,35.0749910,-106.6621118,1524.6,28801.8,7.278,148,103,152
2026-07-24T18:58:49Z,35.0750243,-106.6621601,1524.6,28809.1,7.241,148,102,127
2026-07-24T18:58:50Z,35.0750669,-106.6622222,1524.8,28816.3,7.287,148,102,113
2026-07-24T18:58:51Z,35.0751194,-106.6622971,1524.8,28823.7,7.334,148,103,113
2026-07-24T18:58:52Z,35.0751536,-106.6623468,1524.8,28830.8,7.138,149,102,122
2026-07-24T18:58:53Z,35.0752038,-106.6624206,1525.0,28838.0,7.203,149,101,126
2026-07-24T18:58:54Z,35.0752356,-106.6624690,1525.0,28845.4,7.409,149,102,127
2026-07-24T18:58:55Z,35.0752767,-106.6625302,1525.2,28852.8,7.334,149,103,139
2026-07-24T18:58:56Z,35.0753188,-106.6625909,1525.2,28860.0,7.250,149,102,153
2026-07-24T18:58:57Z,35.0753683,-106.6626643,1525.2,28867.3,7.287,150,103,155
2026-07-24T18:58:58Z,35.0754007,-106.6627142,1525.2,28874.6,7.334,150,103,132
2026-07-24T18:58:59Z,35.0754448,-106.6627754,1525.2,28882.2,7.511,150,103,127
2026-07-24T18:59:00Z,35.0754969,-106.6628477,1525.2,28889.5,7.390,150,103,127
2026-07-24T18:59:01Z,35.0755298,-106.6628979,1525.2,28896.9,7.334,150,104,133
2026-07-24T18:59:02Z,35.0755714,-106.6629643,1525.2,28904.4,7.511,150,105,134
2026-07-24T18:59:03Z,35.0756143,-106.6630288,1525.4,28911.9,7.530,150,105,115
2026-07-24T18:59:04Z,35.0756587,-106.6630918,1525.4,28919.5,7.595,150,105,115
2026-07-24T18:59:05Z,35.0757015,-106.6631553,1525.4,28926.9,7.409,150,105,120
2026-07-24T18:59:06Z,35.0757437,-106.6632195,1525.4,28934.4,7.446,150,104,134
2026-07-24T18:59:07Z,35.0757857,-106.6632830,1525.2,28941.6,7.259,150,103,135
2026-07-24T18:59:08Z,35.0758276,-106.6633466,1525.2,28949.0,7.390,149,103,133
2026-07-24T18:59:09Z,35.0758775,-106.6634213,1525.2,28956.3,7.287,149,103,119
2026-07-24T18:59:10Z,35.0759115,-106.6634694,1525.2,28963.6,7.306,149,103,123
2026-07-24T18:59:11Z,35.0759533,-106.6635290,1525.2,28970.8,7.213,148,102,118
2026-07-24T18:59:12Z,35.0759942,-106.6635911,1525.2,28978.1,7.231,148,102,125
2026-07-24T18:59:13Z,35.0760349,-106.6636535,1525.4,28985.3,7.306,147,101,120
2026-07-24T18:59:14Z,35.0760757,-106.6637145,1525.2,28992.5,7.166,147,101,114
2026-07-24T18:59:15Z,35.0761256,-106.6637878,1525.2,28999.8,7.241,147,101,118
2026-07-24T18:59:16Z,35.0761587,-106.6638384,1525.2,29007.0,7.250,147,102,109
2026-07-24T18:59:17Z,35.0762009,-106.6639008,1525.4,29014.3,7.278,146,102,111
2026-07-24T18:59:18Z,35.0762524,-106.6639730,1525.4,29021.4,7.082,145,102,119
2026-07-24T18:59:19Z,35.0762851,-106.6640217,1525.4,29028.6,7.231,145,102,115
2026-07-24T18:59:20Z,35.0763260,-106.6640847,1525.4,29035.9,7.278,145,102,112
2026-07-24T18:59:21Z,35.0763652,-106.6641468,1525.4,29043.2,7.325,145,102,111
2026-07-24T18:59:22Z,35.0764052,-106.6642086,1525.4,29050.3,7.110,145,102,115
2026-07-24T18:59:23Z,35.0764470,-106.6642686,1525.4,29057.6,7.278,143,102,130
2026-07-24T18:59:24Z,35.0764892,-106.6643292,1525.4,29064.7,7.129,143,101,120
2026-07-24T18:59:25Z,35.0765315,-106.6643906,1525.4,29072.0,7.250,142,101,115
2026-07-24T18:59:26Z,35.0765714,-106.6644505,1525.4,29079.1,7.129,143,101,147
2026-07-24T18:59:27Z,35.0766215,-106.6645242,1525.4,29086.2,7.063,143,101,133
2026-07-24T18:59:28Z,35.0766543,-106.6645722,1525.4,29093.4,7.231,143,101,119
2026-07-24T18:59:29Z,35.0766951,-106.6646333,1525.4,29100.6,7.250,142,101,119
2026-07-24T18:59:30Z,35.0767368,-106.6646941,1525.4,29107.8,7.129,141,101,174
2026-07-24T18:59:31Z,35.0767778,-106.6647553,1525.4,29115.0,7.250,142,102,157
2026-07-24T18:59:32Z,35.0768176,-106.6648195,1525.4,29122.3,7.287,142,102,121
2026-07-24T18:59:33Z,35.0768642,-106.6648951,1525.4,29129.7,7.390,142,103,118
2026-07-24T18:59:34Z,35.0768967,-106.6649447,1525.4,29137.0,7.287,142,103,118
2026-07-24T18:59:35Z,35.0769381,-106.6650070,1525.4,29144.2,7.203,142,102,116
2026-07-24T18:59:36Z,35.0769893,-106.6650797,1525.4,29151.4,7.166,142,102,123
2026-07-24T18:59:37Z,35.0770241,-106.6651275,1525.4,29158.6,7.213,142,102,121
2026-07-24T18:59:38Z,35.0770686,-106.6651870,1525.4,29165.8,7.287,142,102,119
2026-07-24T18:59:39Z,35.0771152,-106.6652449,1525.2,29173.0,7.119,142,101,136
2026-07-24T18:59:40Z,35.0771631,-106.6652969,1525.2,29180.2,7.194,143,101,146
2026-07-24T18:59:41Z,35.0772143,-106.6653445,1525.2,29187.2,7.073,142,101,153
2026-07-24T18:59:42Z,35.0772789,-106.6653972,1525.2,29194.4,7.119,142,100,196
2026-07-24T18:59:43Z,35.0773226,-106.6654291,1525.2,29201.5,7.166,142,101,178
2026-07-24T18:59:44Z,35.0773767,-106.6654720,1525.2,29208.6,7.054,142,100,151
2026-07-24T18:59:45Z,35.0774295,-106.6655168,1525.2,29215.8,7.166,141,99,148
2026-07-24T18:59:46Z,35.0774825,-106.6655593,1525.2,29222.8,7.054,142,99,140
2026-07-24T18:59:47Z,35.0775348,-106.6656021,1525.0,29229.7,6.914,142,99,136
2026-07-24T18:59:48Z,35.0775881,-106.6656459,1525.0,29236.5,6.830,140,98,144
2026-07-24T18:59:49Z,35.0776422,-106.6656860,1524.8,29243.3,6.727,141,97,147
2026-07-24T18:59:50Z,35.0776950,-106.6657242,1524.8,29250.0,6.746,140,95,157
2026-07-24T18:59:51Z,35.0777451,-106.6657638,1524.8,29256.7,6.699,141,94,163
2026-07-24T18:59:52Z,35.0777960,-106.6658035,1524.8,29263.3,6.634,140,94,166
2026-07-24T18:59:53Z,35.0778463,-106.6658439,1524.8,29269.9,6.578,140,93,178
2026-07-24T18:59:54Z,35.0778968,-106.6658844,1524.6,29276.6,6.643,140,94,180
2026-07-24T18:59:55Z,35.0779471,-106.6659268,1524.6,29283.3,6.699,140,94,166
2026-07-24T18:59:56Z,35.0779975,-106.6659677,1524.6,29290.0,6.765,140,95,159
2026-07-24T18:59:57Z,35.0780487,-106.6660073,1524.8,29296.8,6.765,140,95,145
2026-07-24T18:59:58Z,35.0780999,-106.6660472,1524.8,29303.7,6.914,140,95,154
2026-07-24T18:59:59Z,35.0781514,-106.6660888,1524.8,29310.7,6.933,140,96,198
2026-07-24T19:00:00Z,35.0782128,-106.6661389,1525.0,29317.8,7.119,140,97,152
2026-07-24T19:00:01Z,35.0782559,-106.6661721,1525.2,29324.7,6.961,140,98,147
2026-07-24T19:00:02Z,35.0783089,-106.6662108,1525.2,29331.7,6.979,140,98,152
2026-07-24T19:00:03Z,35.0783758,-106.6662585,1525.4,29338.8,7.119,140,98,144
2026-07-24T19:00:04Z,35.0784209,-106.6662886,1525.4,29345.9,7.063,141,98,160
2026-07-24T19:00:05Z,35.0784753,-106.6663265,1525.6,29352.9,7.054,141,99,161
2026-07-24T19:00:06Z,35.0785305,-106.6663663,1525.6,29360.2,7.213,141,99,157
2026-07-24T19:00:07Z,35.0785847,-106.6664058,1525.8,29367.3,7.110,141,100,156
2026-07-24T19:00:08Z,35.0786400,-106.6664446,1525.8,29374.4,7.101,140,101,145
2026-07-24T19:00:09Z,35.0786964,-106.6664829,1526.0,29381.6,7.241,141,101,133
2026-07-24T19:00:10Z,35.0787534,-106.6665205,1526.2,29388.8,7.213,140,102,135
2026-07-24T19:00:11Z,35.0788111,-106.6665589,1526.4,29396.1,7.306,140,102,131
2026-07-24T19:00:12Z,35.0788688,-106.6666001,1526.4,29403.4,7.241,140,102,119
2026-07-24T19:00:13Z,35.0789256,-106.6666395,1526.4,29410.6,7.259,139,102,120
2026-07-24T19:00:14Z,35.0789827,-106.6666794,1526.4,29418.0,7.390,140,103,132
2026-07-24T19:00:15Z,35.0790394,-106.6667194,1526.4,29425.4,7.362,139,104,99
2026-07-24T19:00:16Z,35.0790962,-106.6667600,1526.4,29432.7,7.259,138,100,88
2026-07-24T19:00:17Z,35.0791533,-106.6668029,1526.4,29440.1,7.483,139,100,130
2026-07-24T19:00:18Z,35.0792101,-106.6668474,1526.6,29447.6,7.465,139,96,130
2026-07-24T19:00:19Z,35.0792653,-106.6668932,1526.6,29455.1,7.539,138,97,130
2026-07-24T19:00:20Z,35.0793201,-106.6669404,1526.6,29462.8,7.698,138,97,125
2026-07-24T19:00:21Z,35.0793747,-106.6669922,1526.6,29470.3,7.465,138,98,117
2026-07-24T19:00:22Z,35.0794276,-106.6670460,1526.6,29478.0,7.754,138,99,122
2026-07-24T19:00:23Z,35.0794806,-106.6671001,1526.6,29485.9,7.894,138,99,128
2026-07-24T19:00:24Z,35.0795319,-106.6671563,1526.6,29493.6,7.642,139,99,134
2026-07-24T19:00:25Z,35.0795828,-106.6672139,1526.6,29501.2,7.614,139,99,144
2026-07-24T19:00:26Z,35.0796339,-106.6672708,1526.6,29508.8,7.595,137,99,134
2026-07-24T19:00:27Z,35.0796951,-106.6673402,1526.6,29516.4,7.595,137,100,129
2026-07-24T19:00:28Z,35.0797357,-106.6673868,1526.6,29524.1,7.698,136,100,131
2026-07-24T19:00:29Z,35.0797867,-106.6674454,1526.4,29531.7,7.595,137,99,131
2026-07-24T19:00:30Z,35.0798366,-106.6675020,1526.4,29539.1,7.437,137,99,140
2026-07-24T19:00:31Z,35.0798850,-106.6675577,1526.4,29546.6,7.511,137,99,160
2026-07-24T19:00:32Z,35.0799324,-106.6676135,1526.4,29553.9,7.306,137,96,160
2026-07-24T19:00:33Z,35.0799791,-106.6676715,1526.2,29561.1,7.166,138,95,164
2026-07-24T19:00:34Z,35.0800233,-106.6677306,1526.2,29568.3,7.194,137,94,152
2026-07-24T19:00:35Z,35.0800733,-106.6678038,1526.2,29575.6,7.287,138,94,143
2026-07-24T19:00:36Z,35.0801033,-106.6678577,1526.2,29583.1,7.539,137,96,143
2026-07-24T19:00:37Z,35.0801437,-106.6679423,1526.2,29590.8,7.642,138,96,136
2026-07-24T19:00:38Z,35.0801666,-106.6680020,1526.2,29598.4,7.642,138,98,136
2026-07-24T19:00:39Z,35.0801985,-106.6680764,1526.2,29606.0,7.567,137,99,140
2026-07-24T19:00:40Z,35.0802320,-106.6681484,1526.2,29613.4,7.465,136,99,139
2026-07-24T19:00:41Z,35.0802696,-106.6682175,1526.2,29620.9,7.437,137,98,150
2026-07-24T19:00:42Z,35.0803099,-106.6682843,1526.0,29628.3,7.483,137,97,156
2026-07-24T19:00:43Z,35.0803512,-106.6683485,1526.0,29635.9,7.511,137,97,137
2026-07-24T19:00:44Z,35.0803949,-106.6684125,1526.0,29643.4,7.511,138,97,143
2026-07-24T19:00:45Z,35.0804385,-106.6684745,1526.0,29650.9,7.539,137,97,140
2026-07-24T19:00:46Z,35.0804831,-106.6685350,1526.0,29658.3,7.362,138,97,135
2026-07-24T19:00:47Z,35.0805295,-106.6685935,1526.0,29665.8,7.465,139,96,146
2026-07-24T19:00:48Z,35.0805747,-106.6686540,1525.8,29673.4,7.642,137,97,160
2026-07-24T19:00:49Z,35.0806177,-106.6687168,1525.8,29680.9,7.539,136,97,150
2026-07-24T19:00:50Z,35.0806603,-106.6687802,1525.8,29688.5,7.567,137,97,133
2026-07-24T19:00:51Z,35.0807050,-106.6688430,1525.8,29696.0,7.511,138,98,147
2026-07-24T19:00:52Z,35.0807487,-106.6689058,1525.8,29703.6,7.595,137,98,140
2026-07-24T19:00:53Z,35.0807929,-106.6689694,1525.8,29711.3,7.670,138,98,140
2026-07-24T19:00:54Z,35.0808373,-106.6690331,1525.8,29718.8,7.595,137,99,122
2026-07-24T19:00:55Z,35.0808827,-106.6690975,1525.8,29726.4,7.567,137,99,129
2026-07-24T19:00:56Z,35.0809271,-106.6691615,1525.8,29734.1,7.614,137,99,135
2026-07-24T19:00:57Z,35.0809710,-106.6692245,1525.8,29741.4,7.418,137,97,133
2026-07-24T19:00:58Z,35.0810167,-106.6692841,1525.8,29748.8,7.362,137,97,138
2026-07-24T19:00:59Z,35.0810616,-106.6693443,1525.8,29756.3,7.465,137,96,154
2026-07-24T19:01:00Z,35.0811072,-106.6694026,1525.8,29763.6,7.334,137,96,159
2026-07-24T19:01:01Z,35.0811531,-106.6694596,1525.8,29770.9,7.259,137,96,154
2026-07-24T19:01:02Z,35.0811996,-106.6695188,1525.8,29778.3,7.455,137,96,149
2026-07-24T19:01:03Z,35.0812456,-106.6695778,1525.8,29785.7,7.353,137,96,135
2026-07-24T19:01:04Z,35.0812924,-106.6696362,1525.6,29793.2,7.511,138,96,143
2026-07-24T19:01:05Z,35.0813412,-106.6696925,1525.6,29800.6,7.381,137,96,145
2026-07-24T19:01:06Z,35.0813928,-106.6697449,1525.6,29808.0,7.409,138,96,145
2026-07-24T19:01:07Z,35.0814476,-106.6697919,1525.6,29815.2,7.213,138,96,137
2026-07-24T19:01:08Z,35.0815050,-106.6698345,1525.6,29822.4,7.231,137,95,137
2026-07-24T19:01:09Z,35.0815605,-106.6698797,1525.6,29829.6,7.213,137,95,138
2026-07-24T19:01:10Z,35.0816133,-106.6699293,1525.6,29837.1,7.455,137,95,176
2026-07-24T19:01:11Z,35.0816647,-106.6699812,1525.4,29844.4,7.353,137,95,163
2026-07-24T19:01:12Z,35.0817154,-106.6700341,1525.4,29851.8,7.306,136,96,123
2026-07-24T19:01:13Z,35.0817659,-106.6700884,1525.4,29859.3,7.511,136,96,132
2026-07-24T19:01:14Z,35.0818150,-106.6701454,1525.4,29866.8,7.511,136,96,128
2026-07-24T19:01:15Z,35.0818731,-106.6702123,1525.4,29874.3,7.511,137,97,128
2026-07-24T19:01:16Z,35.0819133,-106.6702570,1525.4,29881.9,7.586,137,97,126
2026-07-24T19:01:17Z,35.0819624,-106.6703144,1525.4,29889.5,7.642,137,99,126
2026-07-24T19:01:18Z,35.0820125,-106.6703723,1525.4,29897.2,7.614,137,99,127
2026-07-24T19:01:19Z,35.0820630,-106.6704288,1525.4,29904.7,7.586,137,98,121
2026-07-24T19:01:20Z,35.0821135,-106.6704846,1525.4,29912.2,7.530,137,98,123
2026-07-24T19:01:21Z,35.0821754,-106.6705506,1525.4,29919.8,7.549,135,97,125
2026-07-24T19:01:22Z,35.0822157,-106.6705940,1525.4,29927.2,7.381,137,97,117
2026-07-24T19:01:23Z,35.0822645,-106.6706507,1525.4,29934.5,7.334,136,97,118
2026-07-24T19:01:24Z,35.0823142,-106.6707071,1525.4,29942.0,7.511,137,97,121
2026-07-24T19:01:25Z,35.0823732,-106.6707752,1525.4,29949.4,7.437,136,96,144
2026-07-24T19:01:26Z,35.0824122,-106.6708209,1525.4,29956.8,7.353,136,96,160
2026-07-24T19:01:27Z,35.0824615,-106.6708764,1525.4,29964.1,7.334,137,96,134
2026-07-24T19:01:28Z,35.0825114,-106.6709309,1525.6,29971.7,7.530,136,96,136
2026-07-24T19:01:29Z,35.0825591,-106.6709842,1525.6,29979.0,7.306,137,96,147
2026-07-24T19:01:30Z,35.0826086,-106.6710392,1525.6,29986.4,7.455,137,96,151
2026-07-24T19:01:31Z,35.0826591,-106.6710924,1525.6,29994.1,7.670,137,97,154
2026-07-24T19:01:32Z,35.0827107,-106.6711473,1525.6,30001.7,7.586,137,97,133
2026-07-24T19:01:33Z,35.0827710,-106.6712131,1525.6,30009.3,7.558,137,97,132
2026-07-24T19:01:34Z,35.0828096,-106.6712575,1525.8,30016.5,7.231,137,97,142
2026-07-24T19:01:35Z,35.0828581,-106.6713136,1525.8,30023.9,7.455,137,96,144
2026-07-24T19:01:36Z,35.0829084,-106.6713686,1525.8,30031.4,7.418,137,96,145
2026-07-24T19:01:37Z,35.0829586,-106.6714234,1525.8,30038.7,7.381,137,96,141
2026-07-24T19:01:38Z,35.0830087,-106.6714802,1525.8,30046.2,7.427,137,96,153
2026-07-24T19:01:39Z,35.0830691,-106.6715474,1525.8,30053.6,7.483,137,97,162
2026-07-24T19:01:40Z,35.0831092,-106.6715903,1526.0,30061.2,7.586,137,98,150
2026-07-24T19:01:41Z,35.0831595,-106.6716454,1526.0,30068.9,7.698,137,98,129
2026-07-24T19:01:42Z,35.0832201,-106.6717147,1526.0,30076.8,7.828,137,99,112
2026-07-24T19:01:43Z,35.0832605,-106.6717605,1526.0,30084.3,7.502,137,99,109
2026-07-24T19:01:44Z,35.0833104,-106.6718181,1526.0,30091.8,7.549,136,99,117
2026-07-24T19:01:45Z,35.0833606,-106.6718755,1526.0,30099.5,7.670,137,98,117
2026-07-24T19:01:46Z,35.0834092,-106.6719332,1526.0,30107.1,7.577,136,98,119
2026-07-24T19:01:47Z,35.0834596,-106.6719891,1526.0,30114.7,7.633,137,98,107
2026-07-24T19:01:48Z,35.0835211,-106.6720560,1526.0,30122.1,7.371,137,97,121
2026-07-24T19:01:49Z,35.0835621,-106.6721012,1526.0,30129.5,7.474,137,96,143
2026-07-24T19:01:50Z,35.0836119,-106.6721555,1526.0,30137.0,7.446,137,95,139
2026-07-24T19:01:51Z,35.0836607,-106.6722090,1526.0,30144.4,7.390,137,95,125
2026-07-24T19:01:52Z,35.0837091,-106.6722638,1526.0,30151.6,7.250,137,95,137
2026-07-24T19:01:53Z,35.0837566,-106.6723190,1526.0,30159.1,7.446,137,95,137
2026-07-24T19:01:54Z,35.0838047,-106.6723725,1526.0,30166.3,7.259,138,95,132
2026-07-24T19:01:55Z,35.0838532,-106.6724269,1526.0,30173.6,7.278,137,94,126
2026-07-24T19:01:56Z,35.0838997,-106.6724809,1525.8,30181.0,7.446,137,94,130
2026-07-24T19:01:57Z,35.0839462,-106.6725355,1525.8,30188.4,7.353,137,94,132
2026-07-24T19:01:58Z,35.0839948,-106.6725894,1525.8,30195.4,7.045,136,93,126
2026-07-24T19:01:59Z,35.0840440,-106.6726416,1525.8,30202.6,7.203,138,93,133
2026-07-24T19:02:00Z,35.0840929,-106.6726939,1525.8,30209.9,7.250,137,93,142
2026-07-24T19:02:01Z,35.0841416,-106.6727469,1525.6,30217.0,7.138,137,94,150
2026-07-24T19:02:02Z,35.0841884,-106.6727992,1525.6,30224.3,7.250,137,94,153
2026-07-24T19:02:03Z,35.0842339,-106.6728525,1525.6,30231.7,7.381,136,93,152
2026-07-24T19:02:04Z,35.0842805,-106.6729065,1525.6,30238.9,7.250,136,94,158
2026-07-24T19:02:05Z,35.0843279,-106.6729606,1525.6,30246.2,7.278,136,95,155
2026-07-24T19:02:06Z,35.0843782,-106.6730169,1525.6,30253.5,7.325,136,95,167
2026-07-24T19:02:07Z,35.0844277,-106.6730720,1525.6,30260.7,7.157,136,94,156
2026-07-24T19:02:08Z,35.0844760,-106.6731261,1525.6,30267.9,7.203,135,94,154
2026-07-24T19:02:09Z,35.0845309,-106.6731912,1525.6,30275.3,7.474,136,95,149
2026-07-24T19:02:10Z,35.0845675,-106.6732357,1525.6,30282.8,7.399,134,96,134
2026-07-24T19:02:11Z,35.0846159,-106.6732904,1525.6,30290.2,7.427,136,96,148
2026-07-24T19:02:12Z,35.0846652,-106.6733455,1525.6,30297.7,7.474,135,96,159
2026-07-24T19:02:13Z,35.0847162,-106.6733984,1525.8,30305.1,7.399,136,97,147
2026-07-24T19:02:14Z,35.0847662,-106.6734528,1525.8,30312.5,7.446,136,97,149
2026-07-24T19:02:15Z,35.0848156,-106.6735099,1525.8,30320.0,7.502,137,98,150
2026-07-24T19:02:16Z,35.0848625,-106.6735644,1525.8,30327.6,7.633,138,98,139
2026-07-24T19:02:17Z,35.0849145,-106.6736212,1525.8,30335.2,7.605,138,99,156
2026-07-24T19:02:18Z,35.0849660,-106.6736777,1525.8,30343.2,7.912,138,100,146
2026-07-24T19:02:19Z,35.0850173,-106.6737353,1526.0,30350.9,7.716,138,100,137
2026-07-24T19:02:20Z,35.0850678,-106.6737940,1526.0,30358.6,7.716,136,100,128
2026-07-24T19:02:21Z,35.0851179,-106.6738514,1526.0,30366.4,7.810,138,101,128
2026-07-24T19:02:22Z,35.0851701,-106.6739067,1526.0,30374.1,7.716,138,101,125
2026-07-24T19:02:23Z,35.0852229,-106.6739639,1526.0,30381.8,7.633,138,101,114
2026-07-24T19:02:24Z,35.0852847,-106.6740343,1526.0,30389.6,7.800,137,100,116
2026-07-24T19:02:25Z,35.0853253,-106.6740813,1526.2,30397.5,7.940,138,100,102
2026-07-24T19:02:26Z,35.0853775,-106.6741397,1526.2,30405.3,7.828,140,101,106
2026-07-24T19:02:27Z,35.0854393,-106.6742092,1526.4,30412.9,7.633,138,101,107
2026-07-24T19:02:28Z,35.0854803,-106.6742558,1526.4,30420.6,7.633,140,101,103
2026-07-24T19:02:29Z,35.0855317,-106.6743129,1526.4,30428.4,7.875,140,101,101
2026-07-24T19:02:30Z,35.0855833,-106.6743699,1526.6,30436.2,7.763,141,101,93
2026-07-24T19:02:31Z,35.0856458,-106.6744384,1526.6,30443.9,7.707,141,101,93
2026-07-24T19:02:32Z,35.0856877,-106.6744845,1526.6,30451.8,7.847,141,102,93
2026-07-24T19:02:33Z,35.0857418,-106.6745438,1526.6,30459.5,7.772,140,102,81
2026-07-24T19:02:34Z,35.0857956,-106.6746029,1526.6,30467.3,7.763,141,102,78
2026-07-24T19:02:35Z,35.0858496,-106.6746600,1526.6,30475.0,7.735,140,101,64
2026-07-24T19:02:36Z,35.0859033,-106.6747160,1526.6,30482.9,7.875,140,100,73
2026-07-24T19:02:37Z,35.0859540,-106.6747730,1526.6,30490.6,7.707,141,100,94
2026-07-24T19:02:38Z,35.0860050,-106.6748317,1526.6,30498.2,7.577,141,98,110
2026-07-24T19:02:39Z,35.0860551,-106.6748884,1526.6,30505.8,7.595,142,98,129
2026-07-24T19:02:40Z,35.0861065,-106.6749441,1526.6,30513.4,7.623,141,98,112
2026-07-24T19:02:41Z,35.0861580,-106.6749981,1526.6,30521.0,7.549,141,99,127
2026-07-24T19:02:42Z,35.0862089,-106.6750549,1526.6,30528.4,7.474,141,98,127
2026-07-24T19:02:43Z,35.0862587,-106.6751117,1526.6,30536.0,7.577,142,98,119
2026-07-24T19:02:44Z,35.0863091,-106.6751681,1526.6,30543.6,7.539,141,98,116
2026-07-24T19:02:45Z,35.0863599,-106.6752249,1526.6,30551.2,7.614,141,97,127
2026-07-24T19:02:46Z,35.0864197,-106.6752917,1526.6,30558.6,7.455,141,97,145
2026-07-24T19:02:47Z,35.0864601,-106.6753343,1526.6,30565.9,7.306,141,96,130
2026-07-24T19:02:48Z,35.0865116,-106.6753874,1526.4,30573.4,7.483,141,96,157
2026-07-24T19:02:49Z,35.0865612,-106.6754420,1526.4,30580.9,7.455,140,96,175
2026-07-24T19:02:50Z,35.0866089,-106.6754966,1526.2,30588.3,7.437,141,96,162
2026-07-24T19:02:51Z,35.0866583,-106.6755517,1526.2,30595.8,7.521,139,96,163
2026-07-24T19:02:52Z,35.0867061,-106.6756070,1526.2,30603.4,7.614,140,97,155
2026-07-24T19:02:53Z,35.0867549,-106.6756637,1526.0,30611.0,7.530,140,98,142
2026-07-24T19:02:54Z,35.0868062,-106.6757197,1526.0,30618.5,7.511,140,98,122
2026-07-24T19:02:55Z,35.0868685,-106.6757862,1526.0,30626.2,7.698,140,98,139
2026-07-24T19:02:56Z,35.0869101,-106.6758309,1526.0,30633.7,7.558,140,97,152
2026-07-24T19:02:57Z,35.0869618,-106.6758855,1526.2,30641.3,7.511,140,97,134
2026-07-24T19:02:58Z,35.0870130,-106.6759409,1526.2,30648.8,7.539,141,97,150
2026-07-24T19:02:59Z,35.0870637,-106.6759933,1526.2,30656.3,7.483,141,97,147
2026-07-24T19:03:00Z,35.0871146,-106.6760481,1526.4,30663.8,7.483,141,97,150
2026-07-24T19:03:01Z,35.0871653,-106.6761041,1526.4,30671.1,7.353,142,97,144
2026-07-24T19:03:02Z,35.0872168,-106.6761583,1526.4,30678.5,7.437,142,97,148
2026-07-24T19:03:03Z,35.0872662,-106.6762131,1526.4,30686.0,7.437,142,97,149
2026-07-24T19:03:04Z,35.0873158,-106.6762678,1526.6,30693.4,7.483,143,97,150
2026-07-24T19:03:05Z,35.0873663,-106.6763217,1526.6,30701.1,7.642,143,98,150
2026-07-24T19:03:06Z,35.0874180,-106.6763767,1526.6,30708.6,7.437,143,98,144
2026-07-24T19:03:07Z,35.0874692,-106.6764319,1526.6,30716.0,7.437,143,98,158
2026-07-24T19:03:08Z,35.0875191,-106.6764879,1526.6,30723.5,7.511,143,98,175
2026-07-24T19:03:09Z,35.0875684,-106.6765462,1526.6,30731.1,7.586,144,98,156
2026-07-24T19:03:10Z,35.0876181,-106.6766036,1526.6,30738.6,7.539,145,98,156
2026-07-24T19:03:11Z,35.0876684,-106.6766604,1526.6,30746.3,7.670,145,99,154
2026-07-24T19:03:12Z,35.0877192,-106.6767174,1526.6,30753.9,7.614,144,98,147
2026-07-24T19:03:13Z,35.0877797,-106.6767854,1526.6,30761.5,7.614,145,98,144
2026-07-24T19:03:14Z,35.0878192,-106.6768314,1526.6,30769.2,7.670,146,98,146
2026-07-24T19:03:15Z,35.0878682,-106.6768877,1526.6,30776.6,7.409,146,97,143
2026-07-24T19:03:16Z,35.0879277,-106.6769531,1526.6,30783.9,7.278,147,96,141
2026-07-24T19:03:17Z,35.0879663,-106.6769965,1526.4,30791.2,7.353,147,95,138
2026-07-24T19:03:18Z,35.0880128,-106.6770526,1526.4,30798.6,7.334,147,93,94
2026-07-24T19:03:19Z,35.0880588,-106.6771080,1526.4,30805.3,6.783,147,93,0
2026-07-24T19:03:20Z,35.0881041,-106.6771552,1526.2,30811.7,6.382,148,93,0
2026-07-24T19:03:21Z,35.0881508,-106.6771991,1526.2,30817.8,6.102,147,0,0
2026-07-24T19:03:22Z,35.0881958,-106.6772397,1526.2,30823.6,5.785,148,0,0
2026-07-24T19:03:23Z,35.0882396,-106.6772769,1526.2,30828.9,5.309,148,0,0
2026-07-24T19:03:24Z,35.0882791,-106.6773125,1526.2,30834.2,5.263,148,0,0
2026-07-24T19:03:25Z,35.0883263,-106.6773513,1526.2,30840.1,5.916,149,80,260
2026-07-24T19:03:26Z,35.0883610,-106.6773769,1526.2,30846.5,6.382,150,80,308
2026-07-24T19:03:27Z,35.0884068,-106.6774148,1526.4,30853.1,6.578,150,80,308
2026-07-24T19:03:28Z,35.0884541,-106.6774576,1526.4,30859.9,6.867,150,87,283
2026-07-24T19:03:29Z,35.0885035,-106.6775032,1526.6,30867.0,7.119,149,90,226
2026-07-24T19:03:30Z,35.0885540,-106.6775483,1526.6,30874.1,7.054,149,91,193
2026-07-24T19:03:31Z,35.0886059,-106.6775920,1526.8,30881.3,7.231,149,92,182
2026-07-24T19:03:32Z,35.0886582,-106.6776364,1526.8,30888.6,7.278,149,92,181
2026-07-24T19:03:33Z,35.0887090,-106.6776835,1526.8,30895.7,7.138,148,93,178
2026-07-24T19:03:34Z,35.0887596,-106.6777322,1527.0,30902.9,7.119,149,93,194
2026-07-24T19:03:35Z,35.0888216,-106.6777908,1527.0,30910.2,7.353,149,94,170
2026-07-24T19:03:36Z,35.0888642,-106.6778301,1527.0,30917.8,7.586,148,96,157
2026-07-24T19:03:37Z,35.0889189,-106.6778783,1527.0,30925.3,7.539,148,97,155
2026-07-24T19:03:38Z,35.0889747,-106.6779266,1527.0,30932.9,7.539,148,98,164
2026-07-24T19:03:39Z,35.0890294,-106.6779762,1527.0,30940.4,7.558,148,98,145
2026-07-24T19:03:40Z,35.0890846,-106.6780293,1527.0,30948.0,7.586,148,99,145
2026-07-24T19:03:41Z,35.0891389,-106.6780800,1527.0,30955.7,7.642,147,99,150
2026-07-24T19:03:42Z,35.0891946,-106.6781306,1527.0,30963.3,7.688,147,100,142
2026-07-24T19:03:43Z,35.0892511,-106.6781822,1527.0,30971.0,7.633,147,99,134
2026-07-24T19:03:44Z,35.0893064,-106.6782326,1527.0,30978.7,7.688,147,99,155
2026-07-24T19:03:45Z,35.0893612,-106.6782822,1527.0,30986.3,7.577,147,99,141
2026-07-24T19:03:46Z,35.0894124,-106.6783334,1527.0,30993.8,7.605,146,99,191
2026-07-24T19:03:47Z,35.0894643,-106.6783846,1527.0,31001.7,7.856,145,100,132
2026-07-24T19:03:48Z,35.0895203,-106.6784367,1527.0,31009.4,7.660,145,100,142
2026-07-24T19:03:49Z,35.0895766,-106.6784883,1527.0,31017.1,7.735,145,100,142
2026-07-24T19:03:50Z,35.0896318,-106.6785401,1527.2,31024.8,7.744,146,92,121
2026-07-24T19:03:51Z,35.0896860,-106.6785922,1527.2,31032.3,7.474,145,73,290
2026-07-24T19:03:52Z,35.0897405,-106.6786435,1527.2,31040.0,7.660,145,73,211
2026-07-24T19:03:53Z,35.0897976,-106.6786939,1527.2,31047.9,7.884,145,74,225
2026-07-24T19:03:54Z,35.0898563,-106.6787396,1527.2,31055.7,7.772,143,75,241
2026-07-24T19:03:55Z,35.0899144,-106.6787900,1527.2,31063.4,7.791,145,75,207
2026-07-24T19:03:56Z,35.0899705,-106.6788439,1527.2,31071.3,7.856,145,75,228
2026-07-24T19:03:57Z,35.0900265,-106.6788964,1527.2,31079.1,7.800,145,74,223
2026-07-24T19:03:58Z,35.0900964,-106.6789589,1527.2,31086.7,7.633,146,74,242
2026-07-24T19:03:59Z,35.0901435,-106.6790003,1527.2,31094.6,7.884,146,74,213
2026-07-24T19:04:00Z,35.0901981,-106.6790472,1527.2,31102.6,8.043,147,75,213
2026-07-24T19:04:01Z,35.0902646,-106.6791079,1527.2,31111.3,8.603,146,78,204
2026-07-24T19:04:02Z,35.0903111,-106.6791519,1527.2,31120.1,8.845,146,81,174
2026-07-24T19:04:03Z,35.0903671,-106.6792179,1527.2,31129.2,9.107,146,81,0
2026-07-24T19:04:04Z,35.0904204,-106.6792960,1527.0,31138.6,9.424,148,81,0
2026-07-24T19:04:05Z,35.0904685,-106.6793816,1527.0,31148.1,9.461,146,0,0
2026-07-24T19:04:06Z,35.0905133,-106.6794712,1526.8,31157.5,9.377,147,0,0
2026-07-24T19:04:07Z,35.0905599,-106.6795555,1526.8,31166.3,8.883,147,0,0
2026-07-24T19:04:08Z,35.0906047,-106.6796352,1526.8,31175.1,8.771,147,0,0
2026-07-24T19:04:09Z,35.0906485,-106.6797107,1526.6,31183.8,8.724,146,0,0
2026-07-24T19:04:10Z,35.0906909,-106.6797828,1526.6,31192.2,8.370,146,0,0
2026-07-24T19:04:11Z,35.0907301,-106.6798499,1526.4,31200.1,7.912,146,0,0
2026-07-24T19:04:12Z,35.0907616,-106.6799208,1526.2,31208.5,8.370,145,0,0
2026-07-24T19:04:13Z,35.0907862,-106.6799946,1526.2,31216.9,8.370,145,0,0
2026-07-24T19:04:14Z,35.0908183,-106.6800594,1526.0,31224.4,7.567,144,0,0
2026-07-24T19:04:15Z,35.0908613,-106.6801125,1525.8,31231.4,6.933,145,0,0
2026-07-24T19:04:16Z,35.0909159,-106.6801546,1525.8,31237.9,6.550,145,0,0
2026-07-24T19:04:17Z,35.0909508,-106.6801568,1525.8,31244.3,6.401,145,65,254
2026-07-24T19:04:18Z,35.0909969,-106.6801476,1525.8,31250.5,6.177,145,77,224
2026-07-24T19:04:19Z,35.0910587,-106.6801249,1525.8,31256.6,6.112,144,80,283
2026-07-24T19:04:20Z,35.0911021,-106.6801032,1526.0,31262.6,5.962,145,78,316
2026-07-24T19:04:21Z,35.0911476,-106.6800656,1526.2,31268.3,5.757,144,77,280
2026-07-24T19:04:22Z,35.0911879,-106.6800211,1526.2,31274.3,5.972,144,76,361
2026-07-24T19:04:23Z,35.0912302,-106.6799780,1526.8,31280.3,6.046,144,76,284
2026-07-24T19:04:24Z,35.0912694,-106.6799308,1527.0,31286.8,6.476,144,78,284
2026-07-24T19:04:25Z,35.0913176,-106.6798713,1527.2,31293.9,7.082,144,86,176
2026-07-24T19:04:26Z,35.0913623,-106.6798420,1527.4,31301.1,7.175,145,93,124
2026-07-24T19:04:27Z,35.0914261,-106.6798238,1527.6,31308.9,7.828,142,96,95
2026-07-24T19:04:28Z,35.0915094,-106.6798341,1527.6,31317.2,8.332,143,103,84
2026-07-24T19:04:29Z,35.0915792,-106.6798607,1527.6,31326.0,8.743,143,101,95
2026-07-24T19:04:30Z,35.0916346,-106.6798946,1527.6,31334.7,8.771,144,102,76
2026-07-24T19:04:31Z,35.0917009,-106.6799550,1527.6,31343.5,8.771,144,106,85
2026-07-24T19:04:32Z,35.0917580,-106.6800362,1527.6,31352.3,8.743,143,105,97
2026-07-24T19:04:33Z,35.0918067,-106.6801176,1527.6,31361.0,8.771,145,104,91
2026-07-24T19:04:34Z,35.0918547,-106.6801962,1527.4,31369.5,8.510,145,102,118
2026-07-24T19:04:35Z,35.0919032,-106.6802724,1526.8,31378.1,8.566,145,102,108
2026-07-24T19:04:36Z,35.0919507,-106.6803485,1526.6,31386.4,8.332,145,100,108
2026-07-24T19:04:37Z,35.0919962,-106.6804276,1526.2,31394.7,8.211,145,98,117
2026-07-24T19:04:38Z,35.0920388,-106.6805056,1526.0,31402.9,8.239,145,97,127
2026-07-24T19:04:39Z,35.0920844,-106.6805828,1525.8,31410.9,7.987,145,96,143
2026-07-24T19:04:40Z,35.0921267,-106.6806565,1525.6,31418.7,7.856,144,94,154
2026-07-24T19:04:41Z,35.0921670,-106.6807268,1525.6,31426.5,7.772,144,93,159
2026-07-24T19:04:42Z,35.0922074,-106.6807986,1525.4,31434.2,7.716,144,92,160
2026-07-24T19:04:43Z,35.0922460,-106.6808703,1525.4,31441.8,7.577,144,92,159
2026-07-24T19:04:44Z,35.0922840,-106.6809374,1525.2,31449.5,7.716,144,91,194
2026-07-24T19:04:45Z,35.0923247,-106.6810038,1525.2,31457.4,7.912,144,92,223
2026-07-24T19:04:46Z,35.0923655,-106.6810737,1525.2,31465.4,7.950,143,92,215
2026-07-24T19:04:47Z,35.0924063,-106.6811463,1525.2,31473.2,7.838,143,93,215
2026-07-24T19:04:48Z,35.0924473,-106.6812174,1525.2,31481.1,7.894,144,93,198
2026-07-24T19:04:49Z,35.0924886,-106.6812889,1525.2,31489.1,7.978,142,93,193
2026-07-24T19:04:50Z,35.0925303,-106.6813617,1525.0,31497.0,7.866,141,94,194
2026-07-24T19:04:51Z,35.0925701,-106.6814339,1525.2,31504.9,7.950,144,94,187
2026-07-24T19:04:52Z,35.0926102,-106.6815080,1525.2,31512.7,7.810,143,94,178
2026-07-24T19:04:53Z,35.0926520,-106.6815828,1525.4,31520.9,8.164,143,95,176
2026-07-24T19:04:54Z,35.0926935,-106.6816562,1525.4,31528.9,8.071,143,95,189
2026-07-24T19:04:55Z,35.0927334,-106.6817293,1525.6,31537.0,8.043,144,95,167
2026-07-24T19:04:56Z,35.0927713,-106.6818022,1525.6,31545.0,8.006,143,96,167
2026-07-24T19:04:57Z,35.0928102,-106.6818746,1525.8,31553.1,8.043,144,95,176
2026-07-24T19:04:58Z,35.0928508,-106.6819475,1525.8,31560.8,7.782,144,94,181
2026-07-24T19:04:59Z,35.0928912,-106.6820211,1525.8,31568.7,7.838,144,93,192
2026-07-24T19:05:00Z,35.0929327,-106.6820925,1525.8,31576.7,8.034,144,94,177
2026-07-24T19:05:01Z,35.0929851,-106.6821750,1525.8,31584.7,8.006,144,95,194
2026-07-24T19:05:02Z,35.0930225,-106.6822259,1525.8,31592.8,8.062,144,95,190
2026-07-24T19:05:03Z,35.0930708,-106.6822903,1525.8,31600.8,8.052,144,95,185
2026-07-24T19:05:04Z,35.0931151,-106.6823588,1525.8,31608.8,7.959,144,95,173
2026-07-24T19:05:05Z,35.0931559,-106.6824334,1525.8,31616.6,7.838,144,94,186
2026-07-24T19:05:06Z,35.0931960,-106.6825072,1525.8,31624.3,7.726,145,94,189
2026-07-24T19:05:07Z,35.0932361,-106.6825792,1525.8,31632.1,7.782,145,92,176
2026-07-24T19:05:08Z,35.0932766,-106.6826486,1525.8,31639.8,7.642,144,91,181
2026-07-24T19:05:09Z,35.0933185,-106.6827217,1525.8,31647.5,7.698,144,92,186
2026-07-24T19:05:10Z,35.0933585,-106.6827909,1525.8,31655.3,7.866,144,93,180
2026-07-24T19:05:11Z,35.0934063,-106.6828743,1525.8,31663.2,7.922,145,93,177
2026-07-24T19:05:12Z,35.0934388,-106.6829328,1526.2,31671.1,7.866,145,93,174
2026-07-24T19:05:13Z,35.0934782,-106.6830051,1526.2,31679.2,8.099,145,94,174
2026-07-24T19:05:14Z,35.0935185,-106.6830782,1526.2,31687.2,7.950,145,95,157
2026-07-24T19:05:15Z,35.0935591,-106.6831506,1526.2,31695.2,8.006,145,95,167
2026-07-24T19:05:16Z,35.0935976,-106.6832219,1526.2,31703.1,7.950,145,95,169
2026-07-24T19:05:17Z,35.0936366,-106.6832951,1526.2,31711.1,8.006,145,95,159
2026-07-24T19:05:18Z,35.0936757,-106.6833690,1526.4,31719.1,8.006,146,95,160
2026-07-24T19:05:19Z,35.0937153,-106.6834451,1526.4,31727.2,8.080,145,95,161
2026-07-24T19:05:20Z,35.0937551,-106.6835185,1526.4,31735.5,8.295,145,95,157
2026-07-24T19:05:21Z,35.0937950,-106.6835911,1526.6,31743.6,8.146,144,96,149
2026-07-24T19:05:22Z,35.0938342,-106.6836660,1526.6,31751.9,8.239,144,96,155
2026-07-24T19:05:23Z,35.0938759,-106.6837411,1526.8,31760.1,8.239,145,97,153
2026-07-24T19:05:24Z,35.0939168,-106.6838154,1526.8,31768.3,8.174,144,97,136
2026-07-24T19:05:25Z,35.0939575,-106.6838913,1527.0,31776.5,8.192,144,98,134
2026-07-24T19:05:26Z,35.0940000,-106.6839676,1527.0,31784.7,8.174,144,97,147
2026-07-24T19:05:27Z,35.0940430,-106.6840431,1527.2,31793.2,8.491,144,97,137
2026-07-24T19:05:28Z,35.0940853,-106.6841172,1527.2,31801.5,8.314,144,98,133
2026-07-24T19:05:29Z,35.0941266,-106.6841903,1527.2,31809.8,8.332,144,99,152
2026-07-24T19:05:30Z,35.0941675,-106.6842662,1527.2,31818.3,8.463,144,100,127
2026-07-24T19:05:31Z,35.0942098,-106.6843451,1527.2,31826.7,8.463,143,101,127
2026-07-24T19:05:32Z,35.0942522,-106.6844209,1527.2,31835.1,8.332,143,100,112
2026-07-24T19:05:33Z,35.0943028,-106.6845113,1527.0,31843.3,8.211,144,99,128
2026-07-24T19:05:34Z,35.0943358,-106.6845716,1527.0,31851.5,8.211,144,97,142
2026-07-24T19:05:35Z,35.0943778,-106.6846469,1526.8,31859.7,8.211,145,96,137
2026-07-24T19:05:36Z,35.0944275,-106.6847386,1526.6,31867.8,8.062,143,95,133
2026-07-24T19:05:37Z,35.0944702,-106.6848114,1526.4,31875.8,7.996,143,95,147
2026-07-24T19:05:38Z,35.0945036,-106.6848699,1526.4,31883.8,7.996,143,94,202
2026-07-24T19:05:39Z,35.0945432,-106.6849429,1526.2,31891.7,7.940,143,94,170
2026-07-24T19:05:40Z,35.0945827,-106.6850155,1526.2,31899.7,7.940,142,94,149
2026-07-24T19:05:41Z,35.0946221,-106.6850874,1526.2,31907.5,7.912,143,93,132
2026-07-24T19:05:42Z,35.0946704,-106.6851740,1526.2,31915.5,7.912,143,93,134
2026-07-24T19:05:43Z,35.0947008,-106.6852309,1526.2,31923.4,7.912,143,93,132
2026-07-24T19:05:44Z,35.0947391,-106.6853035,1526.2,31931.4,7.996,143,93,123
2026-07-24T19:05:45Z,35.0947867,-106.6853915,1526.2,31939.6,8.183,143,94,131
2026-07-24T19:05:46Z,35.0948186,-106.6854486,1526.2,31947.7,8.136,143,94,158
2026-07-24T19:05:47Z,35.0948590,-106.6855205,1526.2,31955.5,7.819,142,94,139
2026-07-24T19:05:48Z,35.0948968,-106.6855925,1526.2,31963.5,7.987,143,94,158
2026-07-24T19:05:49Z,35.0949356,-106.6856648,1526.2,31971.4,7.894,143,94,158
2026-07-24T19:05:50Z,35.0949750,-106.6857381,1526.2,31979.1,7.763,143,93,155
2026-07-24T19:05:51Z,35.0950154,-106.6858112,1526.2,31987.2,8.052,143,93,153
2026-07-24T19:05:52Z,35.0950543,-106.6858831,1526.2,31995.0,7.847,143,93,150
2026-07-24T19:05:53Z,35.0950928,-106.6859550,1526.2,32003.0,7.950,142,93,151
2026-07-24T19:05:54Z,35.0951309,-106.6860266,1526.2,32010.8,7.847,142,92,160
2026-07-24T19:05:55Z,35.0951672,-106.6860998,1526.2,32018.7,7.866,141,92,170
2026-07-24T19:05:56Z,35.0952038,-106.6861725,1526.2,32026.6,7.931,142,93,156
2026-07-24T19:05:57Z,35.0952433,-106.6862449,1526.2,32034.6,7.931,142,93,156
2026-07-24T19:05:58Z,35.0952830,-106.6863157,1526.2,32042.5,7.903,142,93,155
2026-07-24T19:05:59Z,35.0953238,-106.6863853,1526.2,32050.4,7.912,141,93,164
2026-07-24T19:06:00Z,35.0953675,-106.6864514,1526.2,32058.2,7.847,140,93,176
2026-07-24T19:06:01Z,35.0954161,-106.6865157,1526.2,32066.2,7.959,142,93,168
2026-07-24T19:06:02Z,35.0954694,-106.6865737,1526.2,32073.9,7.707,142,93,173
2026-07-24T19:06:03Z,35.0955266,-106.6866242,1526.2,32081.6,7.735,142,92,194
2026-07-24T19:06:04Z,35.0955852,-106.6866727,1526.2,32089.6,7.978,142,93,187
2026-07-24T19:06:05Z,35.0956438,-106.6867214,1526.0,32097.5,7.903,141,92,172
2026-07-24T19:06:06Z,35.0957017,-106.6867711,1526.0,32105.5,7.959,142,92,181
2026-07-24T19:06:07Z,35.0957591,-106.6868223,1526.0,32113.4,7.903,141,92,182
2026-07-24T19:06:08Z,35.0958166,-106.6868709,1526.0,32121.4,8.015,142,92,191
2026-07-24T19:06:09Z,35.0958767,-106.6869160,1525.8,32129.2,7.847,142,93,198
2026-07-24T19:06:10Z,35.0959378,-106.6869617,1525.8,32137.3,8.034,142,93,169
2026-07-24T19:06:11Z,35.0959999,-106.6870037,1525.8,32145.3,8.052,141,93,161
2026-07-24T19:06:12Z,35.0960634,-106.6870407,1525.8,32153.2,7.903,141,92,188
2026-07-24T19:06:13Z,35.0961271,-106.6870735,1525.8,32160.9,7.707,142,92,196
2026-07-24T19:06:14Z,35.0961917,-106.6871063,1525.8,32168.7,7.726,142,91,187
2026-07-24T19:06:15Z,35.0962554,-106.6871405,1525.8,32176.3,7.642,141,90,199
2026-07-24T19:06:16Z,35.0963188,-106.6871773,1525.8,32183.9,7.539,141,90,222
2026-07-24T19:06:17Z,35.0963807,-106.6872118,1525.8,32191.6,7.763,141,89,218
2026-07-24T19:06:18Z,35.0964427,-106.6872481,1525.8,32199.3,7.679,141,90,202
2026-07-24T19:06:19Z,35.0965041,-106.6872864,1525.8,32207.1,7.819,142,92,180
2026-07-24T19:06:20Z,35.0965656,-106.6873291,1526.0,32215.0,7.931,142,92,170
2026-07-24T19:06:21Z,35.0966237,-106.6873736,1526.0,32223.2,8.136,141,93,167
2026-07-24T19:06:22Z,35.0966801,-106.6874242,1526.0,32231.2,8.052,142,93,165
2026-07-24T19:06:23Z,35.0967359,-106.6874776,1526.2,32239.3,8.052,142,94,159
2026-07-24T19:06:24Z,35.0967920,-106.6875308,1526.2,32247.5,8.248,142,94,157
2026-07-24T19:06:25Z,35.0968469,-106.6875814,1526.4,32255.6,8.108,142,96,174
2026-07-24T19:06:26Z,35.0969063,-106.6876350,1526.4,32264.0,8.388,142,96,158
2026-07-24T19:06:27Z,35.0969669,-106.6876900,1526.4,32272.4,8.351,142,96,160
2026-07-24T19:06:28Z,35.0970296,-106.6877391,1526.4,32280.3,7.959,140,96,161
2026-07-24T19:06:29Z,35.0970921,-106.6877845,1526.6,32288.2,7.903,142,95,169
2026-07-24T19:06:30Z,35.0971554,-106.6878283,1526.6,32296.3,8.052,141,94,162
2026-07-24T19:06:31Z,35.0972174,-106.6878697,1526.6,32304.2,7.903,142,94,171
2026-07-24T19:06:32Z,35.0972810,-106.6879117,1526.6,32312.3,8.080,141,94,171
2026-07-24T19:06:33Z,35.0973452,-106.6879538,1526.6,32320.3,8.015,142,94,145
2026-07-24T19:06:34Z,35.0974100,-106.6879942,1526.8,32328.4,8.080,141,94,158
2026-07-24T19:06:35Z,35.0974762,-106.6880343,1526.8,32336.4,8.080,141,95,162
2026-07-24T19:06:36Z,35.0975416,-106.6880728,1527.0,32344.7,8.258,142,95,159
2026-07-24T19:06:37Z,35.0976205,-106.6881204,1527.0,32353.0,8.323,142,96,173
2026-07-24T19:06:38Z,35.0976863,-106.6881587,1527.0,32361.2,8.164,142,96,154
2026-07-24T19:06:39Z,35.0977395,-106.6881891,1527.2,32369.4,8.202,142,96,185
2026-07-24T19:06:40Z,35.0978201,-106.6882304,1527.2,32377.6,8.230,143,96,165
2026-07-24T19:06:41Z,35.0978873,-106.6882602,1527.2,32385.9,8.323,142,97,171
2026-07-24T19:06:42Z,35.0979419,-106.6882893,1527.2,32394.2,8.295,144,98,160
2026-07-24T19:06:43Z,35.0980261,-106.6883385,1527.2,32402.6,8.351,143,98,167
2026-07-24T19:06:44Z,35.0980812,-106.6883685,1527.2,32411.0,8.454,144,99,166
2026-07-24T19:06:45Z,35.0981620,-106.6884120,1527.4,32419.4,8.416,144,99,152
2026-07-24T19:06:46Z,35.0982301,-106.6884537,1527.4,32428.0,8.528,144,100,138
2026-07-24T19:06:47Z,35.0982855,-106.6884894,1527.4,32436.5,8.547,144,100,141
2026-07-24T19:06:48Z,35.0983524,-106.6885331,1527.6,32445.1,8.547,144,100,128
2026-07-24T19:06:49Z,35.0984207,-106.6885760,1527.6,32453.7,8.584,144,100,126
2026-07-24T19:06:50Z,35.0984896,-106.6886180,1527.6,32462.1,8.454,144,100,124
2026-07-24T19:06:51Z,35.0985576,-106.6886565,1527.6,32470.8,8.687,144,100,131
2026-07-24T19:06:52Z,35.0986259,-106.6886938,1527.6,32479.6,8.752,144,100,146
2026-07-24T19:06:53Z,35.0986951,-106.6887337,1527.8,32488.3,8.715,144,101,130
2026-07-24T19:06:54Z,35.0987667,-106.6887721,1527.8,32496.9,8.650,144,101,122
2026-07-24T19:06:55Z,35.0988367,-106.6888126,1527.8,32505.5,8.584,144,101,124
2026-07-24T19:06:56Z,35.0989051,-106.6888545,1527.8,32514.2,8.696,144,102,110
2026-07-24T19:06:57Z,35.0989739,-106.6888964,1527.8,32523.0,8.799,144,102,98
2026-07-24T19:06:58Z,35.0990440,-106.6889397,1528.0,32531.6,8.556,145,102,98
2026-07-24T19:06:59Z,35.0991147,-106.6889831,1528.4,32540.0,8.463,144,102,100
2026-07-24T19:07:00Z,35.0991856,-106.6890251,1528.6,32548.4,8.426,144,99,99
2026-07-24T19:07:01Z,35.0992552,-106.6890656,1529.2,32556.9,8.426,144,98,144
2026-07-24T19:07:02Z,35.0993228,-106.6891059,1529.2,32565.3,8.360,144,98,143
2026-07-24T19:07:03Z,35.0993893,-106.6891461,1529.2,32573.5,8.267,144,98,125
2026-07-24T19:07:04Z,35.0994579,-106.6891844,1529.0,32581.9,8.426,144,98,120
2026-07-24T19:07:05Z,35.0995267,-106.6892248,1529.0,32590.1,8.202,144,98,112
2026-07-24T19:07:06Z,35.0995946,-106.6892660,1528.8,32598.1,7.940,144,97,125
2026-07-24T19:07:07Z,35.0996631,-106.6893080,1528.8,32606.0,7.940,144,96,140
2026-07-24T19:07:08Z,35.0997286,-106.6893473,1528.6,32613.8,7.828,144,96,150
2026-07-24T19:07:09Z,35.0997934,-106.6893865,1528.6,32621.8,7.903,143,94,150
2026-07-24T19:07:10Z,35.0998579,-106.6894228,1528.6,32629.6,7.810,144,93,158
2026-07-24T19:07:11Z,35.0999205,-106.6894565,1528.4,32637.4,7.875,144,92,183
2026-07-24T19:07:12Z,35.0999823,-106.6894934,1528.4,32645.1,7.716,143,92,173
2026-07-24T19:07:13Z,35.1000463,-106.6895298,1528.4,32653.0,7.819,144,91,170
2026-07-24T19:07:14Z,35.1001094,-106.6895642,1528.4,32660.7,7.763,144,91,170
2026-07-24T19:07:15Z,35.1001742,-106.6896028,1528.4,32668.5,7.763,144,91,161
2026-07-24T19:07:16Z,35.1002361,-106.6896395,1528.4,32676.3,7.763,144,92,153
2026-07-24T19:07:17Z,35.1002994,-106.6896746,1528.4,32684.2,7.931,143,92,171
2026-07-24T19:07:18Z,35.1003637,-106.6897089,1528.2,32692.1,7.875,142,92,195
2026-07-24T19:07:19Z,35.1004289,-106.6897456,1528.2,32700.2,8.108,143,93,189
2026-07-24T19:07:20Z,35.1004933,-106.6897832,1528.2,32708.2,7.996,142,94,183
2026-07-24T19:07:21Z,35.1005602,-106.6898182,1528.2,32716.2,8.024,143,94,189
2026-07-24T19:07:22Z,35.1006287,-106.6898464,1528.2,32724.3,8.146,143,95,190
2026-07-24T19:07:23Z,35.1006980,-106.6898703,1528.4,32732.4,8.080,144,95,187
2026-07-24T19:07:24Z,35.1007689,-106.6898925,1528.4,32740.7,8.295,143,95,156
2026-07-24T19:07:25Z,35.1008411,-106.6899113,1528.4,32748.9,8.202,143,96,156
2026-07-24T19:07:26Z,35.1009139,-106.6899296,1528.4,32757.2,8.267,143,97,154
2026-07-24T19:07:27Z,35.1009862,-106.6899495,1528.4,32765.7,8.491,143,98,170
2026-07-24T19:07:28Z,35.1010590,-106.6899681,1528.4,32774.1,8.463,143,99,187
2026-07-24T19:07:29Z,35.1011330,-106.6899826,1528.6,32782.5,8.388,144,99,177
2026-07-24T19:07:30Z,35.1012071,-106.6899952,1528.6,32791.1,8.547,144,100,162
2026-07-24T19:07:31Z,35.1012822,-106.6900042,1528.6,32799.5,8.454,142,100,150
2026-07-24T19:07:32Z,35.1013583,-106.6900114,1528.6,32808.1,8.622,143,100,167
2026-07-24T19:07:33Z,35.1014351,-106.6900165,1528.6,32816.6,8.519,143,100,137
2026-07-24T19:07:34Z,35.1015132,-106.6900177,1528.8,32825.3,8.640,142,100,137
2026-07-24T19:07:35Z,35.1016059,-106.6900182,1528.8,32833.9,8.603,143,100,135
2026-07-24T19:07:36Z,35.1016812,-106.6900158,1529.0,32842.4,8.491,144,100,206
2026-07-24T19:07:37Z,35.1017569,-106.6900132,1528.8,32850.9,8.491,144,100,213
2026-07-24T19:07:38Z,35.1018321,-106.6900070,1528.8,32859.5,8.659,143,100,157
2026-07-24T19:07:39Z,35.1018897,-106.6899984,1528.8,32868.2,8.622,144,101,157
2026-07-24T19:07:40Z,35.1019780,-106.6899842,1528.8,32876.9,8.724,144,102,154
2026-07-24T19:07:41Z,35.1020405,-106.6899790,1528.8,32885.4,8.491,144,101,179
2026-07-24T19:07:42Z,35.1021174,-106.6899745,1528.8,32894.0,8.584,145,101,173
2026-07-24T19:07:43Z,35.1021938,-106.6899697,1528.8,32902.1,8.080,145,100,168
2026-07-24T19:07:44Z,35.1022840,-106.6899638,1528.8,32910.3,8.295,146,97,186
2026-07-24T19:07:45Z,35.1023584,-106.6899606,1528.8,32918.5,8.202,145,96,163
2026-07-24T19:07:46Z,35.1024182,-106.6899580,1528.8,32926.9,8.295,145,97,169
2026-07-24T19:07:47Z,35.1024928,-106.6899561,1528.8,32935.3,8.454,145,97,164
2026-07-24T19:07:48Z,35.1025696,-106.6899588,1529.0,32943.8,8.491,145,98,157
2026-07-24T19:07:49Z,35.1026441,-106.6899576,1529.0,32952.1,8.295,146,98,158
2026-07-24T19:07:50Z,35.1027348,-106.6899564,1529.0,32960.5,8.388,146,98,146
2026-07-24T19:07:51Z,35.1028103,-106.6899536,1529.0,32969.0,8.519,146,98,165
2026-07-24T19:07:52Z,35.1028704,-106.6899505,1529.2,32977.4,8.379,145,99,165
2026-07-24T19:07:53Z,35.1029602,-106.6899478,1529.2,32985.8,8.454,146,99,166
2026-07-24T19:07:54Z,35.1030220,-106.6899477,1529.2,32994.3,8.454,146,99,163
2026-07-24T19:07:55Z,35.1030973,-106.6899463,1529.4,33002.8,8.519,146,99,154
2026-07-24T19:07:56Z,35.1031733,-106.6899463,1529.6,33011.2,8.426,145,99,159
2026-07-24T19:07:57Z,35.1032491,-106.6899447,1529.6,33019.8,8.519,146,99,143
2026-07-24T19:07:58Z,35.1033247,-106.6899427,1529.6,33028.3,8.603,145,99,150
2026-07-24T19:07:59Z,35.1034158,-106.6899388,1529.6,33037.0,8.603,146,100,138
2026-07-24T19:08:00Z,35.1034770,-106.6899356,1529.6,33045.4,8.510,146,100,140
2026-07-24T19:08:01Z,35.1035538,-106.6899324,1529.6,33054.1,8.603,146,101,132
2026-07-24T19:08:02Z,35.1036311,-106.6899310,1529.8,33062.8,8.734,146,101,145
2026-07-24T19:08:03Z,35.1037088,-106.6899323,1530.0,33071.5,8.715,145,101,145
2026-07-24T19:08:04Z,35.1038025,-106.6899299,1530.0,33080.4,8.883,146,102,138
2026-07-24T19:08:05Z,35.1038649,-106.6899261,1530.0,33089.1,8.771,145,103,123
2026-07-24T19:08:06Z,35.1039425,-106.6899236,1530.0,33098.1,8.911,145,103,118
2026-07-24T19:08:07Z,35.1040376,-106.6899199,1530.0,33107.1,9.023,145,104,118
2026-07-24T19:08:08Z,35.1041177,-106.6899175,1530.0,33116.1,9.060,146,105,112
2026-07-24T19:08:09Z,35.1041829,-106.6899161,1530.0,33124.9,8.808,145,105,111
2026-07-24T19:08:10Z,35.1042634,-106.6899153,1530.0,33133.9,8.911,146,104,115
2026-07-24T19:08:11Z,35.1043416,-106.6899111,1530.0,33142.6,8.771,144,104,115
2026-07-24T19:08:12Z,35.1044197,-106.6899086,1530.0,33151.5,8.883,145,104,117
2026-07-24T19:08:13Z,35.1045160,-106.6899104,1529.8,33160.2,8.696,144,103,119
2026-07-24T19:08:14Z,35.1045793,-106.6899082,1529.8,33169.0,8.762,145,102,121
2026-07-24T19:08:15Z,35.1046578,-106.6899054,1529.8,33177.7,8.762,144,102,127
2026-07-24T19:08:16Z,35.1047516,-106.6899052,1529.6,33186.4,8.640,144,101,127
2026-07-24T19:08:17Z,35.1048129,-106.6899023,1529.6,33194.9,8.528,144,100,125
2026-07-24T19:08:18Z,35.1048896,-106.6898966,1529.6,33203.4,8.491,144,100,131
2026-07-24T19:08:19Z,35.1049663,-106.6898956,1529.4,33212.0,8.594,142,100,143
2026-07-24T19:08:20Z,35.1050420,-106.6898925,1529.4,33220.6,8.594,143,99,136
2026-07-24T19:08:21Z,35.1051175,-106.6898871,1529.4,33229.0,8.398,143,99,132
2026-07-24T19:08:22Z,35.1051935,-106.6898842,1529.4,33237.5,8.556,143,99,129
2026-07-24T19:08:23Z,35.1052691,-106.6898802,1529.4,33245.8,8.239,142,99,121
2026-07-24T19:08:24Z,35.1053447,-106.6898775,1529.4,33254.3,8.528,142,98,123
2026-07-24T19:08:25Z,35.1054196,-106.6898732,1529.4,33262.3,8.024,142,98,125
2026-07-24T19:08:26Z,35.1054948,-106.6898699,1529.4,33270.7,8.332,142,97,136
2026-07-24T19:08:27Z,35.1055678,-106.6898663,1529.4,33278.8,8.118,141,95,140
2026-07-24T19:08:28Z,35.1056410,-106.6898658,1529.4,33286.8,8.034,141,94,110
2026-07-24T19:08:29Z,35.1057136,-106.6898655,1529.4,33294.8,8.015,139,94,15
2026-07-24T19:08:30Z,35.1057826,-106.6898666,1529.4,33302.6,7.819,140,94,15
2026-07-24T19:08:31Z,35.1058401,-106.6898980,1529.4,33310.3,7.651,139,30,15
2026-07-24T19:08:32Z,35.1058808,-106.6899598,1529.4,33317.6,7.325,140,87,208
2026-07-24T19:08:33Z,35.1059034,-106.6900297,1529.4,33324.4,6.737,140,94,263
2026-07-24T19:08:34Z,35.1059121,-106.6901021,1529.4,33330.8,6.420,139,95,247
2026-07-24T19:08:35Z,35.1059183,-106.6901743,1529.4,33337.0,6.224,139,88,231
2026-07-24T19:08:36Z,35.1059349,-106.6902420,1529.6,33343.1,6.056,139,84,171
2026-07-24T19:08:37Z,35.1059675,-106.6902938,1529.6,33349.2,6.140,139,84,159
2026-07-24T19:08:38Z,35.1060072,-106.6903274,1529.8,33355.6,6.448,140,84,218
2026-07-24T19:08:39Z,35.1060496,-106.6903375,1530.0,33361.8,6.186,140,86,230
2026-07-24T19:08:40Z,35.1061002,-106.6903330,1530.0,33368.3,6.466,140,89,209
2026-07-24T19:08:41Z,35.1061523,-106.6903286,1530.2,33374.9,6.615,140,91,159
2026-07-24T19:08:42Z,35.1062008,-106.6903274,1530.2,33381.6,6.737,139,93,136
2026-07-24T19:08:43Z,35.1062372,-106.6903340,1530.6,33388.4,6.737,141,93,84
2026-07-24T19:08:44Z,35.1062673,-106.6903451,1530.6,33395.2,6.849,140,91,84
2026-07-24T19:08:45Z,35.1062987,-106.6903543,1531.0,33401.3,6.074,140,91,62
2026-07-24T19:08:46Z,35.1063328,-106.6903573,1531.2,33406.4,5.057,139,91,62
2026-07-24T19:08:47Z,35.1063696,-106.6903489,1531.2,33411.7,5.328,139,34,62
2026-07-24T19:08:48Z,35.1064088,-106.6903291,1531.4,33417.5,5.832,140,79,235
2026-07-24T19:08:49Z,35.1064556,-106.6902918,1531.4,33423.9,6.354,139,85,200
2026-07-24T19:08:50Z,35.1065083,-106.6902505,1531.6,33430.7,6.783,139,91,136
2026-07-24T19:08:51Z,35.1065657,-106.6902106,1531.6,33438.2,7.549,139,91,117
2026-07-24T19:08:52Z,35.1066305,-106.6901736,1531.6,33446.3,8.108,139,97,117
2026-07-24T19:08:53Z,35.1067042,-106.6901409,1531.6,33454.4,8.108,139,102,124
2026-07-24T19:08:54Z,35.1067802,-106.6901139,1531.6,33462.5,8.118,138,104,119
2026-07-24T19:08:55Z,35.1068552,-106.6900869,1531.6,33470.8,8.258,139,105,113
2026-07-24T19:08:56Z,35.1069328,-106.6900633,1531.4,33479.0,8.164,140,105,104
2026-07-24T19:08:57Z,35.1070095,-106.6900404,1530.8,33487.0,8.015,139,104,114
2026-07-24T19:08:58Z,35.1070854,-106.6900182,1530.6,33494.8,7.847,139,98,153
2026-07-24T19:08:59Z,35.1071623,-106.6899997,1530.2,33502.9,8.071,140,94,172
2026-07-24T19:09:00Z,35.1072451,-106.6899842,1529.8,33510.8,7.931,139,94,192
2026-07-24T19:09:01Z,35.1073247,-106.6899653,1529.8,33519.1,8.258,140,95,192
2026-07-24T19:09:02Z,35.1073993,-106.6899488,1529.6,33527.4,8.286,139,95,180
2026-07-24T19:09:03Z,35.1074769,-106.6899288,1529.6,33535.4,8.071,140,95,169
2026-07-24T19:09:04Z,35.1075544,-106.6899091,1529.4,33543.6,8.136,139,95,163
2026-07-24T19:09:05Z,35.1076304,-106.6898921,1529.4,33551.4,7.875,139,93,167
2026-07-24T19:09:06Z,35.1077044,-106.6898745,1529.2,33559.1,7.605,138,92,191
2026-07-24T19:09:07Z,35.1077763,-106.6898576,1529.2,33566.6,7.549,139,88,215
2026-07-24T19:09:08Z,35.1078452,-106.6898401,1529.2,33574.1,7.549,139,88,191
2026-07-24T19:09:09Z,35.1079123,-106.6898273,1529.2,33582.0,7.838,138,87,191
2026-07-24T19:09:10Z,35.1079852,-106.6898182,1529.2,33590.3,8.276,139,91,176
2026-07-24T19:09:11Z,35.1080537,-106.6897940,1529.2,33598.4,8.155,139,95,160
2026-07-24T19:09:12Z,35.1081276,-106.6897738,1529.2,33607.0,8.528,139,97,144
2026-07-24T19:09:13Z,35.1082069,-106.6897559,1529.2,33615.4,8.435,140,97,153
2026-07-24T19:09:14Z,35.1082816,-106.6897372,1529.2,33624.2,8.762,139,99,153
2026-07-24T19:09:15Z,35.1083564,-106.6897176,1529.2,33632.6,8.491,140,99,160
2026-07-24T19:09:16Z,35.1084313,-106.6896977,1529.2,33641.2,8.528,140,99,133
2026-07-24T19:09:17Z,35.1085057,-106.6896799,1529.2,33649.7,8.528,141,100,150
2026-07-24T19:09:18Z,35.1085805,-106.6896629,1529.2,33658.4,8.678,140,100,142
2026-07-24T19:09:19Z,35.1086555,-106.6896443,1529.2,33667.1,8.696,140,100,147
2026-07-24T19:09:20Z,35.1087306,-106.6896245,1529.2,33675.7,8.659,141,100,134
2026-07-24T19:09:21Z,35.1088045,-106.6896040,1529.4,33684.1,8.388,140,99,148
2026-07-24T19:09:22Z,35.1088774,-106.6895859,1529.4,33692.8,8.650,140,99,0
2026-07-24T19:09:23Z,35.1089513,-106.6895680,1529.2,33701.2,8.426,141,99,0
2026-07-24T19:09:24Z,35.1090256,-106.6895493,1529.2,33709.6,8.388,140,0,0
2026-07-24T19:09:25Z,35.1091002,-106.6895330,1529.2,33717.9,8.360,141,98,159
2026-07-24T19:09:26Z,35.1091746,-106.6895176,1529.2,33726.4,8.491,140,97,184
2026-07-24T19:09:27Z,35.1092474,-106.6895000,1529.2,33734.9,8.454,141,98,150
2026-07-24T19:09:28Z,35.1093221,-106.6894835,1529.2,33743.4,8.556,140,99,178
2026-07-24T19:09:29Z,35.1093966,-106.6894657,1529.6,33752.1,8.650,140,99,166
2026-07-24T19:09:30Z,35.1094715,-106.6894479,1529.6,33760.6,8.556,140,99,159
2026-07-24T19:09:31Z,35.1095455,-106.6894299,1529.6,33769.2,8.519,140,99,159
2026-07-24T19:09:32Z,35.1096206,-106.6894140,1529.6,33777.8,8.650,140,99,151
2026-07-24T19:09:33Z,35.1096952,-106.6893983,1529.6,33786.3,8.519,139,99,137
2026-07-24T19:09:34Z,35.1097700,-106.6893827,1529.8,33794.9,8.538,140,99,144
2026-07-24T19:09:35Z,35.1098450,-106.6893681,1529.8,33803.4,8.547,140,99,146
2026-07-24T19:09:36Z,35.1099209,-106.6893548,1530.0,33812.0,8.538,140,99,150
2026-07-24T19:09:37Z,35.1099953,-106.6893397,1530.0,33820.6,8.631,140,99,148
2026-07-24T19:09:38Z,35.1100693,-106.6893221,1530.2,33829.1,8.566,139,99,153
2026-07-24T19:09:39Z,35.1101438,-106.6893040,1530.4,33837.6,8.472,139,99,147
2026-07-24T19:09:40Z,35.1102185,-106.6892880,1530.4,33846.2,8.538,141,99,139
2026-07-24T19:09:41Z,35.1102944,-106.6892718,1530.4,33854.8,8.603,140,99,147
2026-07-24T19:09:42Z,35.1103691,-106.6892533,1530.4,33863.2,8.435,140,99,141
2026-07-24T19:09:43Z,35.1104442,-106.6892377,1530.4,33871.7,8.472,140,98,138
2026-07-24T19:09:44Z,35.1105182,-106.6892231,1530.4,33880.2,8.547,138,98,140
2026-07-24T19:09:45Z,35.1105917,-106.6892073,1530.4,33888.6,8.435,141,98,137
2026-07-24T19:09:46Z,35.1106804,-106.6891890,1530.6,33897.0,8.360,138,98,131
2026-07-24T19:09:47Z,35.1107534,-106.6891714,1530.6,33905.5,8.519,140,98,135
2026-07-24T19:09:48Z,35.1108116,-106.6891567,1530.6,33914.0,8.500,139,98,152
2026-07-24T19:09:49Z,35.1108852,-106.6891373,1530.6,33922.4,8.379,139,98,143
2026-07-24T19:09:50Z,35.1109579,-106.6891175,1530.6,33931.0,8.575,139,98,139
2026-07-24T19:09:51Z,35.1110315,-106.6891000,1530.6,33939.7,8.706,139,99,144
2026-07-24T19:09:52Z,35.1111052,-106.6890831,1530.6,33948.4,8.706,139,99,133
2026-07-24T19:09:53Z,35.1111802,-106.6890676,1530.6,33957.1,8.743,138,100,127
2026-07-24T19:09:54Z,35.1112562,-106.6890552,1530.6,33965.6,8.500,139,100,148
2026-07-24T19:09:55Z,35.1113317,-106.6890413,1530.6,33974.2,8.575,139,99,162
2026-07-24T19:09:56Z,35.1114070,-106.6890251,1530.6,33982.5,8.286,140,98,172
2026-07-24T19:09:57Z,35.1114794,-106.6890122,1530.6,33990.8,8.332,139,98,173
2026-07-24T19:09:58Z,35.1115537,-106.6890088,1530.6,33999.0,8.164,140,97,157
2026-07-24T19:09:59Z,35.1116277,-106.6890075,1530.6,34007.3,8.248,140,96,141
2026-07-24T19:10:00Z,35.1117004,-106.6890063,1530.6,34015.3,8.015,140,94,134
2026-07-24T19:10:01Z,35.1117873,-106.6890061,1530.6,34023.4,8.071,139,93,139
2026-07-24T19:10:02Z,35.1118449,-106.6890045,1530.6,34031.2,7.903,140,93,153
2026-07-24T19:10:03Z,35.1119154,-106.6889994,1530.6,34039.3,8.071,140,93,142
2026-07-24T19:10:04Z,35.1119871,-106.6889963,1530.6,34047.3,7.987,139,93,134
2026-07-24T19:10:05Z,35.1120583,-106.6889948,1530.6,34055.4,8.052,140,93,130
2026-07-24T19:10:06Z,35.1121293,-106.6889955,1530.6,34063.3,7.931,140,93,157
2026-07-24T19:10:07Z,35.1122008,-106.6889992,1530.8,34071.4,8.071,140,94,145
2026-07-24T19:10:08Z,35.1122725,-106.6889998,1530.8,34079.5,8.127,140,94,147
2026-07-24T19:10:09Z,35.1123447,-106.6889964,1531.0,34087.7,8.220,139,94,142
2026-07-24T19:10:10Z,35.1124169,-106.6889919,1531.0,34095.9,8.164,140,95,151
2026-07-24T19:10:11Z,35.1124888,-106.6889856,1531.0,34104.0,8.127,140,95,157
2026-07-24T19:10:12Z,35.1125580,-106.6889790,1531.0,34112.3,8.286,141,95,146
2026-07-24T19:10:13Z,35.1126305,-106.6889745,1531.2,34120.6,8.342,140,95,155
2026-07-24T19:10:14Z,35.1127034,-106.6889715,1531.2,34128.9,8.220,140,95,141
2026-07-24T19:10:15Z,35.1127763,-106.6889693,1531.2,34136.9,8.090,140,95,145
2026-07-24T19:10:16Z,35.1128489,-106.6889681,1531.2,34145.1,8.211,140,95,141
2026-07-24T19:10:17Z,35.1129221,-106.6889665,1531.2,34153.3,8.192,140,95,154
2026-07-24T19:10:18Z,35.1129947,-106.6889627,1531.6,34161.4,8.099,139,95,145
2026-07-24T19:10:19Z,35.1130671,-106.6889583,1531.4,34169.4,7.987,140,94,145
2026-07-24T19:10:20Z,35.1131393,-106.6889535,1531.4,34177.7,8.248,138,94,147
2026-07-24T19:10:21Z,35.1132114,-106.6889523,1531.4,34185.8,8.164,139,94,136
2026-07-24T19:10:22Z,35.1132827,-106.6889508,1531.6,34193.9,8.043,139,94,140
2026-07-24T19:10:23Z,35.1133542,-106.6889476,1531.6,34202.0,8.127,140,94,146
2026-07-24T19:10:24Z,35.1134262,-106.6889466,1531.8,34210.1,8.043,140,94,143
2026-07-24T19:10:25Z,35.1134979,-106.6889460,1532.0,34218.2,8.192,138,94,143
2026-07-24T19:10:26Z,35.1135707,-106.6889425,1532.0,34226.5,8.286,140,95,137
2026-07-24T19:10:27Z,35.1136432,-106.6889388,1532.2,34234.9,8.351,138,96,136
2026-07-24T19:10:28Z,35.1137145,-106.6889339,1532.2,34243.1,8.192,139,96,146
2026-07-24T19:10:29Z,35.1137866,-106.6889233,1532.4,34251.5,8.416,139,96,139
2026-07-24T19:10:30Z,35.1138589,-106.6889070,1532.4,34259.8,8.351,140,96,151
2026-07-24T19:10:31Z,35.1139297,-106.6888892,1532.4,34268.3,8.444,139,97,139
2026-07-24T19:10:32Z,35.1140031,-106.6888721,1532.4,34276.6,8.379,140,98,138
2026-07-24T19:10:33Z,35.1140773,-106.6888565,1532.4,34285.3,8.594,138,99,138
2026-07-24T19:10:34Z,35.1141516,-106.6888395,1532.6,34293.9,8.640,139,100,136
2026-07-24T19:10:35Z,35.1142256,-106.6888210,1532.6,34302.5,8.575,138,100,117
2026-07-24T19:10:36Z,35.1142998,-106.6888036,1532.6,34311.0,8.547,138,100,119
2026-07-24T19:10:37Z,35.1143759,-106.6887881,1532.6,34319.7,8.687,138,101,119
2026-07-24T19:10:38Z,35.1144518,-106.6887720,1532.6,34328.5,8.780,138,101,128
2026-07-24T19:10:39Z,35.1145281,-106.6887545,1532.6,34337.4,8.883,138,101,125
2026-07-24T19:10:40Z,35.1146047,-106.6887365,1532.6,34346.0,8.678,138,101,125
2026-07-24T19:10:41Z,35.1146808,-106.6887160,1532.6,34354.8,8.743,138,101,129
2026-07-24T19:10:42Z,35.1147570,-106.6886969,1532.6,34363.4,8.594,138,100,121
2026-07-24T19:10:43Z,35.1148326,-106.6886807,1532.6,34371.9,8.566,136,100,125
2026-07-24T19:10:44Z,35.1149068,-106.6886653,1532.6,34380.4,8.463,137,99,118
2026-07-24T19:10:45Z,35.1149795,-106.6886467,1532.6,34388.9,8.500,137,99,124
2026-07-24T19:10:46Z,35.1150542,-106.6886294,1532.6,34397.4,8.528,137,99,197
2026-07-24T19:10:47Z,35.1151295,-106.6886151,1532.6,34406.1,8.631,137,99,136
2026-07-24T19:10:48Z,35.1152051,-106.6885991,1532.6,34414.6,8.500,137,99,150
2026-07-24T19:10:49Z,35.1152805,-106.6885821,1532.6,34423.1,8.528,137,100,112
2026-07-24T19:10:50Z,35.1153555,-106.6885666,1532.6,34431.5,8.435,137,99,140
2026-07-24T19:10:51Z,35.1154311,-106.6885529,1532.6,34440.0,8.435,136,99,124
2026-07-24T19:10:52Z,35.1155061,-106.6885375,1532.6,34448.3,8.370,137,99,126
2026-07-24T19:10:53Z,35.1155804,-106.6885212,1532.6,34457.0,8.659,137,99,127
2026-07-24T19:10:54Z,35.1156539,-106.6885036,1532.8,34465.4,8.435,136,99,123
2026-07-24T19:10:55Z,35.1157294,-106.6884878,1532.8,34474.1,8.659,137,100,120
2026-07-24T19:10:56Z,35.1158036,-106.6884700,1532.8,34482.8,8.696,136,100,124
2026-07-24T19:10:57Z,35.1158799,-106.6884525,1532.8,34491.5,8.762,137,100,130
2026-07-24T19:10:58Z,35.1159562,-106.6884352,1532.8,34500.4,8.836,136,101,127
2026-07-24T19:10:59Z,35.1160321,-106.6884168,1532.8,34509.2,8.836,137,102,115
2026-07-24T19:11:00Z,35.1161093,-106.6883982,1532.6,34518.1,8.855,138,103,112
2026-07-24T19:11:01Z,35.1161875,-106.6883796,1532.6,34527.1,8.976,136,104,109
2026-07-24T19:11:02Z,35.1162653,-106.6883605,1532.6,34535.9,8.836,138,103,113
2026-07-24T19:11:03Z,35.1163428,-106.6883420,1532.4,34544.6,8.752,136,103,106
2026-07-24T19:11:04Z,35.1164200,-106.6883217,1532.4,34553.5,8.836,137,102,100
2026-07-24T19:11:05Z,35.1164961,-106.6883020,1532.4,34562.4,8.911,135,102,100
2026-07-24T19:11:06Z,35.1165716,-106.6882813,1532.2,34571.4,8.976,137,103,98
2026-07-24T19:11:07Z,35.1166493,-106.6882631,1532.2,34580.4,8.995,136,104,97
2026-07-24T19:11:08Z,35.1167282,-106.6882479,1532.0,34589.3,8.967,136,104,96
2026-07-24T19:11:09Z,35.1168072,-106.6882313,1531.8,34598.3,8.967,136,104,96
2026-07-24T19:11:10Z,35.1168854,-106.6882115,1531.8,34607.3,9.041,135,104,87
2026-07-24T19:11:11Z,35.1169620,-106.6881920,1531.6,34616.2,8.827,136,103,99
2026-07-24T19:11:12Z,35.1170405,-106.6881748,1531.6,34624.8,8.687,134,102,97
2026-07-24T19:11:13Z,35.1171182,-106.6881592,1531.6,34633.6,8.724,136,102,104
2026-07-24T19:11:14Z,35.1171944,-106.6881426,1531.4,34642.3,8.687,134,101,104
2026-07-24T19:11:15Z,35.1172709,-106.6881266,1531.4,34650.8,8.556,135,100,106
2026-07-24T19:11:16Z,35.1173462,-106.6881093,1531.4,34659.4,8.622,136,100,103
2026-07-24T19:11:17Z,35.1174198,-106.6880893,1531.2,34668.2,8.724,134,100,129
2026-07-24T19:11:18Z,35.1174943,-106.6880696,1531.2,34676.7,8.519,134,100,155
2026-07-24T19:11:19Z,35.1175695,-106.6880510,1531.2,34685.1,8.388,134,98,120
2026-07-24T19:11:20Z,35.1176439,-106.6880328,1531.0,34693.4,8.360,134,97,120
2026-07-24T19:11:21Z,35.1177160,-106.6880152,1531.0,34701.8,8.332,133,97,116
2026-07-24T19:11:22Z,35.1177874,-106.6879987,1531.0,34710.0,8.267,133,96,119
2026-07-24T19:11:23Z,35.1178597,-106.6879824,1531.0,34718.3,8.239,134,96,150
2026-07-24T19:11:24Z,35.1179325,-106.6879678,1531.0,34726.5,8.211,134,96,150
2026-07-24T19:11:25Z,35.1180040,-106.6879526,1531.0,34734.7,8.211,135,96,168
2026-07-24T19:11:26Z,35.1180739,-106.6879341,1531.0,34742.9,8.211,135,96,171
2026-07-24T19:11:27Z,35.1181450,-106.6879177,1531.0,34751.0,8.118,135,96,138
2026-07-24T19:11:28Z,35.1182177,-106.6879017,1531.0,34759.2,8.183,134,97,142
2026-07-24T19:11:29Z,35.1182909,-106.6878853,1531.0,34767.7,8.491,133,97,142
2026-07-24T19:11:30Z,35.1183640,-106.6878673,1531.0,34776.2,8.491,134,98,134
2026-07-24T19:11:31Z,35.1184378,-106.6878479,1531.4,34784.5,8.360,135,98,153
2026-07-24T19:11:32Z,35.1185106,-106.6878308,1531.4,34792.9,8.360,135,98,192
2026-07-24T19:11:33Z,35.1185851,-106.6878168,1531.4,34801.5,8.622,136,99,164
2026-07-24T19:11:34Z,35.1186605,-106.6877997,1531.4,34809.9,8.360,134,99,151
2026-07-24T19:11:35Z,35.1187358,-106.6877834,1531.6,34818.4,8.500,136,99,154
2026-07-24T19:11:36Z,35.1188091,-106.6877655,1531.6,34826.8,8.398,134,99,161
2026-07-24T19:11:37Z,35.1188835,-106.6877485,1531.6,34835.3,8.528,135,99,158
2026-07-24T19:11:38Z,35.1189575,-106.6877325,1531.6,34843.8,8.454,135,99,162
2026-07-24T19:11:39Z,35.1190317,-106.6877144,1531.6,34852.1,8.342,134,99,168
2026-07-24T19:11:40Z,35.1191048,-106.6876941,1531.6,34860.4,8.276,135,99,177
2026-07-24T19:11:41Z,35.1191789,-106.6876761,1531.6,34868.8,8.435,135,98,164
2026-07-24T19:11:42Z,35.1192524,-106.6876594,1531.6,34877.2,8.370,135,98,158
2026-07-24T19:11:43Z,35.1193260,-106.6876428,1531.6,34885.6,8.370,136,98,158
2026-07-24T19:11:44Z,35.1193990,-106.6876231,1531.6,34894.0,8.435,137,97,150
2026-07-24T19:11:45Z,35.1194691,-106.6876038,1531.4,34902.3,8.342,137,97,154
2026-07-24T19:11:46Z,35.1195415,-106.6875854,1531.4,34910.6,8.248,137,96,165
2026-07-24T19:11:47Z,35.1196141,-106.6875687,1531.2,34918.9,8.342,137,96,165
2026-07-24T19:11:48Z,35.1196865,-106.6875533,1531.2,34927.3,8.370,137,96,162
2026-07-24T19:11:49Z,35.1197589,-106.6875365,1531.2,34935.5,8.230,138,96,172
2026-07-24T19:11:50Z,35.1198314,-106.6875179,1531.2,34943.9,8.351,139,97,154
2026-07-24T19:11:51Z,35.1199028,-106.6874996,1531.2,34952.1,8.258,140,97,170
2026-07-24T19:11:52Z,35.1199750,-106.6874827,1531.2,34960.4,8.230,140,97,176
2026-07-24T19:11:53Z,35.1200461,-106.6874668,1531.2,34968.6,8.202,140,97,201
2026-07-24T19:11:54Z,35.1201194,-106.6874520,1531.2,34976.9,8.323,140,97,197
2026-07-24T19:11:55Z,35.1202082,-106.6874320,1531.0,34985.2,8.304,140,98,197
2026-07-24T19:11:56Z,35.1202674,-106.6874159,1531.0,34993.6,8.435,140,99,181
2026-07-24T19:11:57Z,35.1203407,-106.6873944,1531.0,35002.0,8.407,142,100,149
2026-07-24T19:11:58Z,35.1204148,-106.6873740,1531.0,35010.6,8.547,142,100,135
2026-07-24T19:11:59Z,35.1204894,-106.6873558,1531.2,35019.0,8.454,143,99,133
2026-07-24T19:12:00Z,35.1205637,-106.6873378,1531.2,35027.4,8.351,143,99,142
2026-07-24T19:12:01Z,35.1206384,-106.6873195,1531.2,35035.6,8.230,144,99,161
2026-07-24T19:12:02Z,35.1207128,-106.6873021,1531.2,35043.9,8.314,144,98,180
2026-07-24T19:12:03Z,35.1207848,-106.6872831,1531.2,35052.2,8.276,145,97,182
2026-07-24T19:12:04Z,35.1208710,-106.6872594,1531.4,35060.4,8.155,145,97,204
2026-07-24T19:12:05Z,35.1209278,-106.6872449,1531.4,35068.5,8.127,146,97,204
2026-07-24T19:12:06Z,35.1209993,-106.6872265,1531.4,35076.7,8.183,146,96,184
2026-07-24T19:12:07Z,35.1210712,-106.6872089,1531.4,35084.9,8.248,146,97,162
2026-07-24T19:12:08Z,35.1211433,-106.6871922,1531.4,35093.2,8.276,146,97,172
2026-07-24T19:12:09Z,35.1212173,-106.6871771,1531.4,35101.5,8.276,147,97,170
2026-07-24T19:12:10Z,35.1212905,-106.6871620,1531.6,35109.9,8.407,146,98,165
2026-07-24T19:12:11Z,35.1213644,-106.6871469,1531.6,35118.2,8.314,146,98,165
2026-07-24T19:12:12Z,35.1214380,-106.6871295,1531.8,35126.6,8.379,147,99,152
2026-07-24T19:12:13Z,35.1215132,-106.6871131,1531.8,35135.2,8.594,146,100,148
2026-07-24T19:12:14Z,35.1215895,-106.6870984,1532.0,35143.7,8.538,146,100,154
2026-07-24T19:12:15Z,35.1216658,-106.6870864,1532.0,35152.3,8.594,146,101,154
2026-07-24T19:12:16Z,35.1217431,-106.6870760,1532.2,35160.8,8.538,147,101,144
2026-07-24T19:12:17Z,35.1218207,-106.6870690,1532.4,35169.4,8.603,146,101,138
2026-07-24T19:12:18Z,35.1218977,-106.6870645,1532.4,35178.0,8.538,146,101,127
2026-07-24T19:12:19Z,35.1219752,-106.6870603,1532.6,35186.6,8.678,146,101,123
2026-07-24T19:12:20Z,35.1220527,-106.6870543,1532.6,35195.1,8.472,145,102,123
2026-07-24T19:12:21Z,35.1221300,-106.6870453,1532.8,35203.8,8.706,146,102,122
2026-07-24T19:12:22Z,35.1222084,-106.6870383,1532.8,35212.7,8.818,146,103,126
2026-07-24T19:12:23Z,35.1222867,-106.6870327,1532.8,35221.3,8.696,147,103,131
2026-07-24T19:12:24Z,35.1223655,-106.6870282,1532.6,35230.0,8.687,147,103,131
2026-07-24T19:12:25Z,35.1224437,-106.6870224,1532.6,35238.7,8.706,145,103,142
2026-07-24T19:12:26Z,35.1225226,-106.6870139,1532.6,35247.5,8.780,146,103,125
2026-07-24T19:12:27Z,35.1226003,-106.6870041,1532.6,35256.3,8.818,146,103,99
2026-07-24T19:12:28Z,35.1226797,-106.6869975,1532.6,35265.1,8.818,146,104,90
2026-07-24T19:12:29Z,35.1227586,-106.6869945,1532.4,35273.7,8.603,145,103,88
2026-07-24T19:12:30Z,35.1228378,-106.6869894,1532.4,35282.3,8.510,145,101,66
2026-07-24T19:12:31Z,35.1229165,-106.6869824,1532.2,35290.8,8.510,145,101,0
2026-07-24T19:12:32Z,35.1229914,-106.6869745,1532.2,35299.4,8.640,144,101,0
2026-07-24T19:12:33Z,35.1230650,-106.6869816,1532.2,35307.8,8.379,142,0,0
2026-07-24T19:12:34Z,35.1231297,-106.6870149,1532.2,35316.2,8.379,143,0,0
2026-07-24T19:12:35Z,35.1231695,-106.6870859,1532.2,35324.6,8.444,143,30,34
2026-07-24T19:12:36Z,35.1231881,-106.6871766,1532.2,35333.6,8.995,143,100,138
2026-07-24T19:12:37Z,35.1232033,-106.6872697,1532.2,35342.0,8.444,142,99,208
2026-07-24T19:12:38Z,35.1232316,-106.6873570,1532.2,35349.8,7.698,142,95,334
2026-07-24T19:12:39Z,35.1232799,-106.6874191,1532.4,35356.9,7.194,142,92,369
2026-07-24T19:12:40Z,35.1233380,-106.6874546,1532.4,35363.6,6.643,142,106,296
2026-07-24T19:12:41Z,35.1233975,-106.6874777,1532.4,35370.1,6.541,142,102,285
2026-07-24T19:12:42Z,35.1234548,-106.6874999,1532.4,35376.6,6.522,142,99,276
2026-07-24T19:12:43Z,35.1235102,-106.6875187,1532.8,35383.2,6.559,143,99,238
2026-07-24T19:12:44Z,35.1235679,-106.6875333,1533.0,35390.0,6.765,142,100,208
2026-07-24T19:12:45Z,35.1236276,-106.6875393,1533.4,35396.8,6.802,142,102,178
2026-07-24T19:12:46Z,35.1236880,-106.6875371,1533.4,35403.7,6.914,143,104,148
2026-07-24T19:12:47Z,35.1237492,-106.6875314,1533.8,35410.7,7.054,143,106,159
2026-07-24T19:12:48Z,35.1238118,-106.6875252,1533.8,35417.8,7.017,144,102,180
2026-07-24T19:12:49Z,35.1238749,-106.6875179,1534.2,35424.9,7.101,142,99,204
2026-07-24T19:12:50Z,35.1239387,-106.6875134,1534.4,35432.0,7.166,143,100,163
2026-07-24T19:12:51Z,35.1240026,-106.6875102,1534.6,35439.4,7.362,143,101,166
2026-07-24T19:12:52Z,35.1240676,-106.6875056,1534.6,35446.7,7.362,144,101,183
2026-07-24T19:12:53Z,35.1241325,-106.6874993,1534.8,35454.1,7.334,143,102,183
2026-07-24T19:12:54Z,35.1241990,-106.6874931,1534.8,35461.6,7.539,143,103,146
2026-07-24T19:12:55Z,35.1242650,-106.6874880,1535.0,35469.0,7.343,143,98,179
2026-07-24T19:12:56Z,35.1243317,-106.6874827,1535.0,35476.5,7.539,144,97,191
2026-07-24T19:12:57Z,35.1243993,-106.6874787,1535.2,35484.1,7.614,144,98,178
2026-07-24T19:12:58Z,35.1244670,-106.6874746,1535.2,35491.8,7.688,143,99,175
2026-07-24T19:12:59Z,35.1245356,-106.6874691,1535.4,35499.6,7.838,144,99,164
2026-07-24T19:13:00Z,35.1246050,-106.6874610,1535.4,35507.4,7.782,144,100,178
2026-07-24T19:13:01Z,35.1246750,-106.6874535,1535.4,35515.3,7.894,143,101,162
2026-07-24T19:13:02Z,35.1247459,-106.6874498,1535.4,35523.3,7.922,144,101,151
2026-07-24T19:13:03Z,35.1248164,-106.6874444,1535.4,35531.0,7.744,143,101,148
2026-07-24T19:13:04Z,35.1248863,-106.6874386,1535.4,35538.7,7.735,144,100,147
2026-07-24T19:13:05Z,35.1249545,-106.6874315,1535.4,35546.4,7.651,143,100,146
2026-07-24T19:13:06Z,35.1250245,-106.6874260,1535.4,35554.2,7.782,144,100,147
2026-07-24T19:13:07Z,35.1250943,-106.6874179,1535.4,35562.0,7.810,144,100,146
2026-07-24T19:13:08Z,35.1251641,-106.6874104,1535.2,35569.7,7.754,144,100,144
2026-07-24T19:13:09Z,35.1252325,-106.6874050,1535.2,35577.5,7.782,144,101,147
2026-07-24T19:13:10Z,35.1253021,-106.6873984,1535.2,35585.4,7.931,144,101,141
2026-07-24T19:13:11Z,35.1253723,-106.6873904,1535.2,35593.3,7.894,144,102,135
2026-07-24T19:13:12Z,35.1254430,-106.6873836,1535.0,35601.3,7.894,144,102,132
2026-07-24T19:13:13Z,35.1255126,-106.6873762,1535.0,35609.1,7.884,144,101,131
2026-07-24T19:13:14Z,35.1255816,-106.6873667,1535.0,35617.0,7.866,144,101,124
2026-07-24T19:13:15Z,35.1256525,-106.6873562,1535.0,35624.8,7.782,144,100,130
2026-07-24T19:13:16Z,35.1257214,-106.6873414,1535.0,35632.5,7.772,144,100,136
2026-07-24T19:13:17Z,35.1257903,-106.6873247,1535.0,35640.3,7.782,143,100,133
2026-07-24T19:13:18Z,35.1258597,-106.6873100,1535.0,35648.2,7.866,143,100,134
2026-07-24T19:13:19Z,35.1259295,-106.6872952,1535.0,35656.0,7.838,144,101,134
2026-07-24T19:13:20Z,35.1259992,-106.6872802,1535.2,35664.0,7.959,144,101,135
2026-07-24T19:13:21Z,35.1260689,-106.6872640,1535.2,35671.9,7.894,144,102,129
2026-07-24T19:13:22Z,35.1261386,-106.6872472,1535.2,35679.7,7.866,143,102,120
2026-07-24T19:13:23Z,35.1262079,-106.6872299,1535.2,35687.9,8.164,144,102,117
2026-07-24T19:13:24Z,35.1262773,-106.6872145,1535.2,35695.7,7.782,143,102,123
2026-07-24T19:13:25Z,35.1263482,-106.6871986,1535.4,35703.4,7.707,142,102,118
2026-07-24T19:13:26Z,35.1264187,-106.6871818,1535.4,35711.3,7.959,142,102,138
2026-07-24T19:13:27Z,35.1264887,-106.6871636,1535.4,35719.4,8.099,142,102,137
2026-07-24T19:13:28Z,35.1265589,-106.6871470,1535.4,35727.3,7.894,142,102,148
2026-07-24T19:13:29Z,35.1266295,-106.6871298,1535.4,35735.2,7.894,142,103,148
2026-07-24T19:13:30Z,35.1266986,-106.6871118,1535.4,35743.0,7.735,143,103,120
2026-07-24T19:13:31Z,35.1267690,-106.6870952,1535.4,35751.0,8.015,142,102,121
2026-07-24T19:13:32Z,35.1268387,-106.6870789,1535.4,35759.0,7.987,142,102,130
2026-07-24T19:13:33Z,35.1269082,-106.6870642,1535.4,35767.0,8.043,143,102,148
2026-07-24T19:13:34Z,35.1269778,-106.6870478,1535.4,35775.0,8.043,143,103,147
2026-07-24T19:13:35Z,35.1270480,-106.6870293,1535.2,35783.2,8.136,144,102,125
2026-07-24T19:13:36Z,35.1271183,-106.6870090,1535.2,35791.1,7.903,144,102,170
2026-07-24T19:13:37Z,35.1271887,-106.6869885,1535.2,35798.9,7.847,144,103,175
2026-07-24T19:13:38Z,35.1272585,-106.6869691,1535.4,35807.1,8.136,144,103,152
2026-07-24T19:13:39Z,35.1273282,-106.6869478,1535.4,35815.0,7.903,144,103,120
2026-07-24T19:13:40Z,35.1273985,-106.6869286,1535.4,35823.1,8.108,144,103,119
2026-07-24T19:13:41Z,35.1274831,-106.6869088,1535.4,35831.0,7.959,144,104,122
2026-07-24T19:13:42Z,35.1275400,-106.6868947,1535.6,35839.0,7.987,144,104,128
2026-07-24T19:13:43Z,35.1276109,-106.6868756,1535.6,35847.1,8.118,144,104,133
2026-07-24T19:13:44Z,35.1276819,-106.6868554,1535.6,35855.3,8.174,144,105,133
2026-07-24T19:13:45Z,35.1277532,-106.6868368,1535.6,35863.6,8.295,144,105,123
2026-07-24T19:13:46Z,35.1278265,-106.6868213,1535.6,35871.7,8.043,144,105,140
2026-07-24T19:13:47Z,35.1278983,-106.6868041,1535.6,35879.6,7.996,143,105,139
2026-07-24T19:13:48Z,35.1279698,-106.6867861,1535.6,35887.7,8.024,143,104,120
2026-07-24T19:13:49Z,35.1280408,-106.6867683,1535.6,35895.8,8.136,143,104,125
2026-07-24T19:13:50Z,35.1281115,-106.6867508,1535.6,35904.0,8.174,143,104,137
2026-07-24T19:13:51Z,35.1281827,-106.6867317,1535.6,35912.2,8.202,142,104,141
2026-07-24T19:13:52Z,35.1282534,-106.6867109,1535.6,35920.3,8.118,142,105,140
2026-07-24T19:13:53Z,35.1283242,-106.6866910,1535.4,35928.4,8.090,142,104,140
2026-07-24T19:13:54Z,35.1283967,-106.6866743,1535.4,35936.6,8.174,142,104,142
2026-07-24T19:13:55Z,35.1284670,-106.6866574,1535.4,35944.4,7.884,142,104,147
2026-07-24T19:13:56Z,35.1285376,-106.6866400,1535.4,35952.5,8.052,141,103,151
2026-07-24T19:13:57Z,35.1286081,-106.6866223,1535.4,35960.8,8.267,141,104,155
2026-07-24T19:13:58Z,35.1286782,-106.6866037,1535.4,35969.0,8.230,140,104,153
2026-07-24T19:13:59Z,35.1287486,-106.6865829,1535.4,35977.3,8.230,141,105,151
2026-07-24T19:14:00Z,35.1288194,-106.6865601,1535.4,35985.3,8.071,141,105,144
2026-07-24T19:14:01Z,35.1288904,-106.6865364,1535.4,35993.4,8.118,141,105,151
2026-07-24T19:14:02Z,35.1289606,-106.6865105,1535.4,36001.6,8.136,140,105,162
2026-07-24T19:14:03Z,35.1290305,-106.6864816,1535.4,36009.8,8.230,140,105,141
2026-07-24T19:14:04Z,35.1291014,-106.6864549,1535.2,36017.9,8.071,140,105,143
2026-07-24T19:14:05Z,35.1291703,-106.6864270,1535.2,36025.9,8.015,140,104,145
2026-07-24T19:14:06Z,35.1292381,-106.6863954,1535.2,36033.9,8.015,140,104,144
2026-07-24T19:14:07Z,35.1293049,-106.6863629,1535.2,36041.9,8.015,140,104,140
2026-07-24T19:14:08Z,35.1293718,-106.6863302,1535.2,36049.9,8.015,139,104,137
2026-07-24T19:14:09Z,35.1294378,-106.6862957,1535.0,36058.0,8.043,140,103,144
2026-07-24T19:14:10Z,35.1295035,-106.6862589,1535.0,36066.1,8.099,140,103,151
2026-07-24T19:14:11Z,35.1295689,-106.6862196,1535.0,36074.2,8.164,140,104,145
2026-07-24T19:14:12Z,35.1296343,-106.6861806,1535.0,36082.4,8.230,140,104,139
2026-07-24T19:14:13Z,35.1297131,-106.6861362,1535.0,36090.4,7.931,140,104,160
2026-07-24T19:14:14Z,35.1297665,-106.6861057,1535.0,36098.4,8.071,141,104,130
2026-07-24T19:14:15Z,35.1298311,-106.6860664,1535.0,36106.6,8.136,140,104,130
2026-07-24T19:14:16Z,35.1298942,-106.6860258,1535.0,36114.8,8.192,140,104,148
2026-07-24T19:14:17Z,35.1299576,-106.6859822,1535.0,36122.9,8.136,140,104,152
2026-07-24T19:14:18Z,35.1300201,-106.6859353,1534.8,36131.1,8.136,141,105,152
2026-07-24T19:14:19Z,35.1300815,-106.6858872,1534.8,36139.1,8.071,140,105,140
2026-07-24T19:14:20Z,35.1301415,-106.6858356,1534.8,36147.3,8.164,141,105,143
2026-07-24T19:14:21Z,35.1302006,-106.6857826,1534.8,36155.5,8.192,140,105,144
2026-07-24T19:14:22Z,35.1302579,-106.6857279,1534.8,36163.5,7.987,141,105,139
2026-07-24T19:14:23Z,35.1303142,-106.6856718,1534.8,36171.6,8.164,141,105,141
2026-07-24T19:14:24Z,35.1303708,-106.6856151,1534.6,36179.8,8.136,141,105,120
2026-07-24T19:14:25Z,35.1304273,-106.6855594,1534.6,36187.9,8.146,140,105,128
2026-07-24T19:14:26Z,35.1304839,-106.6855040,1534.6,36196.0,8.071,140,104,124
2026-07-24T19:14:27Z,35.1305385,-106.6854466,1534.6,36204.0,8.015,141,104,130
2026-07-24T19:14:28Z,35.1305919,-106.6853879,1534.8,36212.1,8.062,141,103,124
2026-07-24T19:14:29Z,35.1306455,-106.6853302,1534.8,36220.1,8.043,140,103,127
2026-07-24T19:14:30Z,35.1306996,-106.6852734,1535.0,36228.0,7.894,139,102,132
2026-07-24T19:14:31Z,35.1307528,-106.6852157,1535.0,36235.8,7.754,140,102,139
2026-07-24T19:14:32Z,35.1308061,-106.6851576,1535.0,36243.6,7.838,140,102,125
2026-07-24T19:14:33Z,35.1308605,-106.6851015,1535.0,36251.5,7.931,140,101,130
2026-07-24T19:14:34Z,35.1309138,-106.6850465,1535.0,36259.1,7.595,138,101,140
2026-07-24T19:14:35Z,35.1309665,-106.6849911,1535.0,36266.7,7.623,139,100,146
2026-07-24T19:14:36Z,35.1310182,-106.6849350,1535.0,36274.4,7.660,139,99,156
2026-07-24T19:14:37Z,35.1310707,-106.6848806,1535.0,36282.0,7.623,139,99,148
2026-07-24T19:14:38Z,35.1311222,-106.6848243,1535.2,36289.8,7.754,138,99,152
2026-07-24T19:14:39Z,35.1311732,-106.6847678,1535.2,36297.5,7.735,138,100,136
2026-07-24T19:14:40Z,35.1312243,-106.6847102,1535.2,36305.3,7.782,139,100,196
2026-07-24T19:14:41Z,35.1312751,-106.6846528,1535.0,36313.0,7.707,139,100,160
2026-07-24T19:14:42Z,35.1313275,-106.6845972,1535.0,36320.7,7.735,138,100,148
2026-07-24T19:14:43Z,35.1313808,-106.6845427,1535.0,36328.6,7.847,139,100,144
2026-07-24T19:14:44Z,35.1314336,-106.6844863,1535.0,36336.3,7.679,138,100,169
2026-07-24T19:14:45Z,35.1314858,-106.6844290,1535.0,36344.0,7.744,139,100,163
2026-07-24T19:14:46Z,35.1315382,-106.6843737,1535.0,36351.7,7.679,138,100,163
2026-07-24T19:14:47Z,35.1315905,-106.6843171,1535.0,36359.5,7.791,138,100,148
2026-07-24T19:14:48Z,35.1316417,-106.6842600,1535.0,36367.2,7.735,140,101,144
2026-07-24T19:14:49Z,35.1316945,-106.6842030,1535.0,36375.2,7.959,140,101,139
2026-07-24T19:14:50Z,35.1317476,-106.6841459,1535.0,36383.1,7.894,140,101,132
2026-07-24T19:14:51Z,35.1318009,-106.6840893,1535.0,36390.9,7.791,140,101,133
2026-07-24T19:14:52Z,35.1318559,-106.6840351,1535.0,36398.8,7.903,141,102,139
2026-07-24T19:14:53Z,35.1319093,-106.6839793,1535.0,36406.8,8.043,140,102,141
2026-07-24T19:14:54Z,35.1319631,-106.6839228,1535.0,36414.6,7.791,140,102,140
2026-07-24T19:14:55Z,35.1320157,-106.6838663,1535.0,36422.5,7.931,140,102,133
2026-07-24T19:14:56Z,35.1320693,-106.6838095,1535.0,36430.5,7.959,140,101,138
2026-07-24T19:14:57Z,35.1321237,-106.6837513,1535.0,36438.5,8.006,140,101,134
2026-07-24T19:14:58Z,35.1321775,-106.6836957,1535.0,36446.5,7.978,140,101,132
2026-07-24T19:14:59Z,35.1322307,-106.6836403,1534.8,36454.2,7.754,139,101,128
2026-07-24T19:15:00Z,35.1322839,-106.6835845,1534.8,36462.0,7.772,138,101,139
2026-07-24T19:15:01Z,35.1323377,-106.6835283,1534.8,36469.9,7.856,140,101,142
2026-07-24T19:15:02Z,35.1323922,-106.6834737,1534.8,36477.8,7.978,139,101,140
2026-07-24T19:15:03Z,35.1324464,-106.6834173,1534.8,36485.5,7.642,139,101,141
2026-07-24T19:15:04Z,35.1325018,-106.6833627,1534.8,36493.2,7.698,139,101,140
2026-07-24T19:15:05Z,35.1325557,-106.6833067,1534.8,36501.1,7.978,140,101,136
2026-07-24T19:15:06Z,35.1326094,-106.6832501,1534.8,36509.1,7.978,139,101,133
2026-07-24T19:15:07Z,35.1326627,-106.6831941,1535.0,36517.1,7.922,139,102,122
2026-07-24T19:15:08Z,35.1327162,-106.6831371,1535.0,36525.0,7.950,140,102,134
2026-07-24T19:15:09Z,35.1327698,-106.6830801,1535.0,36532.8,7.800,139,101,131
2026-07-24T19:15:10Z,35.1328233,-106.6830231,1535.0,36540.7,7.931,140,101,151
2026-07-24T19:15:11Z,35.1328761,-106.6829680,1535.0,36548.6,7.838,140,101,141
2026-07-24T19:15:12Z,35.1329295,-106.6829117,1535.2,36556.6,7.996,139,101,148
2026-07-24T19:15:13Z,35.1329821,-106.6828550,1535.2,36564.4,7.875,139,102,148
2026-07-24T19:15:14Z,35.1330353,-106.6828004,1535.2,36572.5,8.024,140,102,150
2026-07-24T19:15:15Z,35.1330893,-106.6827458,1535.4,36580.2,7.763,139,102,143
2026-07-24T19:15:16Z,35.1331442,-106.6826911,1535.4,36588.0,7.819,140,101,134
2026-07-24T19:15:17Z,35.1331992,-106.6826362,1535.4,36595.9,7.856,140,101,129
2026-07-24T19:15:18Z,35.1332533,-106.6825831,1535.4,36603.9,8.024,139,101,131
2026-07-24T19:15:19Z,35.1333071,-106.6825303,1535.4,36611.8,7.847,139,101,133
2026-07-24T19:15:20Z,35.1333625,-106.6824774,1535.4,36619.7,7.903,139,101,133
2026-07-24T19:15:21Z,35.1334187,-106.6824264,1535.4,36627.4,7.735,139,101,136
2026-07-24T19:15:22Z,35.1334756,-106.6823762,1535.2,36635.3,7.875,139,101,137
2026-07-24T19:15:23Z,35.1335328,-106.6823266,1535.2,36643.0,7.707,139,101,140
2026-07-24T19:15:24Z,35.1335912,-106.6822793,1535.2,36650.9,7.875,139,101,149
2026-07-24T19:15:25Z,35.1336511,-106.6822341,1535.2,36658.7,7.819,139,101,152
2026-07-24T19:15:26Z,35.1337121,-106.6821893,1535.2,36666.6,7.959,138,101,136
2026-07-24T19:15:27Z,35.1337733,-106.6821462,1535.2,36674.3,7.679,138,101,141
2026-07-24T19:15:28Z,35.1338342,-106.6821034,1535.2,36682.0,7.679,138,100,140
2026-07-24T19:15:29Z,35.1338960,-106.6820631,1535.0,36689.7,7.707,139,100,141
2026-07-24T19:15:30Z,35.1339588,-106.6820250,1535.0,36697.5,7.819,139,100,141
2026-07-24T19:15:31Z,35.1340218,-106.6819877,1534.8,36705.1,7.605,139,99,152
2026-07-24T19:15:32Z,35.1340842,-106.6819499,1534.8,36712.6,7.502,139,98,155
2026-07-24T19:15:33Z,35.1341448,-106.6819137,1534.6,36720.2,7.539,140,98,168
2026-07-24T19:15:34Z,35.1342063,-106.6818784,1534.8,36727.6,7.427,139,97,168
2026-07-24T19:15:35Z,35.1342682,-106.6818454,1534.6,36735.0,7.427,140,97,164
2026-07-24T19:15:36Z,35.1343297,-106.6818128,1534.8,36742.6,7.549,140,97,167
2026-07-24T19:15:37Z,35.1343917,-106.6817836,1534.8,36750.0,7.399,140,96,198
2026-07-24T19:15:38Z,35.1344562,-106.6817589,1534.8,36757.5,7.502,140,96,190
2026-07-24T19:15:39Z,35.1345198,-106.6817336,1534.8,36764.8,7.353,140,95,182
2026-07-24T19:15:40Z,35.1345828,-106.6817071,1534.8,36772.0,7.175,140,95,200
2026-07-24T19:15:41Z,35.1346446,-106.6816799,1534.8,36779.4,7.427,140,95,193
2026-07-24T19:15:42Z,35.1347077,-106.6816551,1534.8,36786.9,7.418,140,95,193
2026-07-24T19:15:43Z,35.1347719,-106.6816341,1534.8,36794.3,7.483,140,96,174
2026-07-24T19:15:44Z,35.1348370,-106.6816152,1535.0,36801.8,7.474,140,96,161
2026-07-24T19:15:45Z,35.1349017,-106.6815951,1535.0,36809.2,7.437,140,96,175
2026-07-24T19:15:46Z,35.1349667,-106.6815748,1535.0,36816.9,7.633,140,97,176
2026-07-24T19:15:47Z,35.1350323,-106.6815562,1535.2,36824.4,7.549,141,98,170
2026-07-24T19:15:48Z,35.1350988,-106.6815405,1535.4,36832.2,7.763,141,98,174
2026-07-24T19:15:49Z,35.1351652,-106.6815223,1535.6,36839.7,7.502,141,98,176
2026-07-24T19:15:50Z,35.1352307,-106.6815006,1535.8,36847.2,7.530,140,98,176
2026-07-24T19:15:51Z,35.1352977,-106.6814795,1536.0,36854.9,7.735,141,98,158
2026-07-24T19:15:52Z,35.1353647,-106.6814610,1536.2,36862.8,7.791,141,99,171
2026-07-24T19:15:53Z,35.1354322,-106.6814446,1536.4,36870.5,7.735,141,99,170
2026-07-24T19:15:54Z,35.1355004,-106.6814256,1536.6,36878.2,7.735,141,99,165
2026-07-24T19:15:55Z,35.1355682,-106.6814051,1536.6,36886.1,7.903,141,100,161
2026-07-24T19:15:56Z,35.1356358,-106.6813856,1536.8,36894.1,7.996,141,100,177
2026-07-24T19:15:57Z,35.1357035,-106.6813667,1536.8,36901.9,7.763,141,101,177
2026-07-24T19:15:58Z,35.1357738,-106.6813484,1536.8,36909.8,7.931,141,102,170
2026-07-24T19:15:59Z,35.1358433,-106.6813282,1536.8,36917.8,8.015,139,102,152
2026-07-24T19:16:00Z,35.1359109,-106.6813049,1536.8,36925.9,8.043,141,102,150
2026-07-24T19:16:01Z,35.1359798,-106.6812811,1536.8,36933.8,7.959,141,102,158
2026-07-24T19:16:02Z,35.1360475,-106.6812570,1536.8,36941.6,7.791,142,101,165
2026-07-24T19:16:03Z,35.1361153,-106.6812321,1536.8,36949.3,7.679,142,101,170
2026-07-24T19:16:04Z,35.1361830,-106.6812070,1536.8,36957.1,7.819,142,100,169
2026-07-24T19:16:05Z,35.1362497,-106.6811814,1536.6,36964.7,7.577,143,99,179
2026-07-24T19:16:06Z,35.1363157,-106.6811561,1536.6,36972.4,7.763,143,99,177
2026-07-24T19:16:07Z,35.1363811,-106.6811294,1536.6,36980.2,7.707,143,99,195
2026-07-24T19:16:08Z,35.1364473,-106.6811032,1536.6,36988.0,7.847,143,99,200
2026-07-24T19:16:09Z,35.1365124,-106.6810755,1536.6,36995.7,7.707,143,99,177
2026-07-24T19:16:10Z,35.1365761,-106.6810459,1536.6,37003.3,7.577,143,99,166
2026-07-24T19:16:11Z,35.1366408,-106.6810178,1536.6,37010.9,7.595,143,98,167
2026-07-24T19:16:12Z,35.1367049,-106.6809890,1536.4,37018.5,7.642,143,97,165
2026-07-24T19:16:13Z,35.1367674,-106.6809568,1536.4,37026.1,7.549,143,97,169
2026-07-24T19:16:14Z,35.1368299,-106.6809257,1536.4,37033.5,7.418,143,97,173
2026-07-24T19:16:15Z,35.1368918,-106.6808949,1536.4,37040.9,7.418,144,96,169
2026-07-24T19:16:16Z,35.1369540,-106.6808645,1536.4,37048.4,7.511,143,97,181
2026-07-24T19:16:17Z,35.1370165,-106.6808343,1536.4,37056.0,7.577,143,97,178
2026-07-24T19:16:18Z,35.1370788,-106.6808023,1536.4,37063.6,7.651,143,98,183
2026-07-24T19:16:19Z,35.1371422,-106.6807706,1536.6,37071.3,7.679,143,99,172
2026-07-24T19:16:20Z,35.1372054,-106.6807393,1536.6,37079.1,7.772,144,100,173
2026-07-24T19:16:21Z,35.1372687,-106.6807051,1536.8,37086.9,7.735,143,100,149
2026-07-24T19:16:22Z,35.1373317,-106.6806686,1536.8,37094.7,7.903,144,101,149
2026-07-24T19:16:23Z,35.1373950,-106.6806312,1536.8,37102.8,8.071,144,101,163
2026-07-24T19:16:24Z,35.1374584,-106.6805930,1537.0,37110.8,7.987,144,102,145
2026-07-24T19:16:25Z,35.1375229,-106.6805570,1537.0,37118.8,8.015,144,103,142
2026-07-24T19:16:26Z,35.1375884,-106.6805217,1537.4,37126.9,8.034,144,103,135
2026-07-24T19:16:27Z,35.1376538,-106.6804835,1537.6,37135.1,8.258,145,103,130
2026-07-24T19:16:28Z,35.1377186,-106.6804435,1537.8,37143.2,8.071,145,104,126
2026-07-24T19:16:29Z,35.1377811,-106.6804020,1538.0,37151.3,8.099,145,104,120
2026-07-24T19:16:30Z,35.1378438,-106.6803575,1538.0,37159.4,8.071,145,104,120
2026-07-24T19:16:31Z,35.1379072,-106.6803121,1538.0,37167.6,8.286,145,104,120
2026-07-24T19:16:32Z,35.1379704,-106.6802674,1538.2,37175.9,8.230,145,105,122
2026-07-24T19:16:33Z,35.1380336,-106.6802234,1538.2,37184.0,8.164,144,105,109
2026-07-24T19:16:34Z,35.1380971,-106.6801789,1538.2,37192.2,8.183,145,101,141
2026-07-24T19:16:35Z,35.1381604,-106.6801324,1538.2,37200.5,8.323,144,98,167
2026-07-24T19:16:36Z,35.1382232,-106.6800849,1538.2,37208.8,8.304,145,98,137
2026-07-24T19:16:37Z,35.1382867,-106.6800358,1538.4,37217.3,8.444,144,98,137
2026-07-24T19:16:38Z,35.1383507,-106.6799855,1538.4,37225.6,8.304,145,98,129
2026-07-24T19:16:39Z,35.1384122,-106.6799338,1538.4,37234.0,8.416,144,98,127
2026-07-24T19:16:40Z,35.1384741,-106.6798847,1538.2,37242.2,8.211,144,97,137
2026-07-24T19:16:41Z,35.1385367,-106.6798363,1538.2,37250.4,8.230,144,96,133
2026-07-24T19:16:42Z,35.1385971,-106.6797870,1538.2,37258.7,8.286,145,96,129
2026-07-24T19:16:43Z,35.1386545,-106.6797338,1538.0,37267.0,8.258,144,96,133
2026-07-24T19:16:44Z,35.1387112,-106.6796781,1537.8,37275.1,8.108,144,96,132
2026-07-24T19:16:45Z,35.1387699,-106.6796233,1537.4,37283.3,8.202,144,96,139
2026-07-24T19:16:46Z,35.1388299,-106.6795707,1537.4,37291.6,8.258,144,96,133
2026-07-24T19:16:47Z,35.1388888,-106.6795176,1537.2,37299.8,8.202,144,96,139
2026-07-24T19:16:48Z,35.1389458,-106.6794625,1537.2,37308.0,8.230,144,96,128
2026-07-24T19:16:49Z,35.1390014,-106.6794055,1537.0,37316.3,8.342,144,97,137
2026-07-24T19:16:50Z,35.1390579,-106.6793482,1537.0,37324.5,8.164,143,97,135
2026-07-24T19:16:51Z,35.1391155,-106.6792916,1537.0,37332.8,8.258,144,96,130
2026-07-24T19:16:52Z,35.1391716,-106.6792339,1537.0,37340.9,8.136,143,95,134
2026-07-24T19:16:53Z,35.1392248,-106.6791738,1537.0,37349.0,8.118,143,95,139
2026-07-24T19:16:54Z,35.1392793,-106.6791143,1537.0,37357.1,8.136,143,95,141
2026-07-24T19:16:55Z,35.1393323,-106.6790561,1537.0,37365.2,8.052,143,95,150
2026-07-24T19:16:56Z,35.1393862,-106.6789979,1537.0,37373.2,8.006,142,95,147
2026-07-24T19:16:57Z,35.1394408,-106.6789409,1537.0,37381.2,7.978,143,94,150
2026-07-24T19:16:58Z,35.1394956,-106.6788836,1537.0,37389.3,8.062,143,94,140
2026-07-24T19:16:59Z,35.1395504,-106.6788279,1537.0,37397.3,8.052,143,95,141
2026-07-24T19:17:00Z,35.1396052,-106.6787706,1537.0,37405.4,8.127,142,95,142
2026-07-24T19:17:01Z,35.1396594,-106.6787115,1537.0,37413.5,8.099,142,95,148
2026-07-24T19:17:02Z,35.1397138,-106.6786531,1537.0,37421.5,8.006,142,95,143
2026-07-24T19:17:03Z,35.1397677,-106.6785946,1537.0,37429.7,8.155,142,95,143
2026-07-24T19:17:04Z,35.1398227,-106.6785361,1537.0,37437.8,8.099,141,95,139
2026-07-24T19:17:05Z,35.1398780,-106.6784791,1537.0,37445.9,8.127,141,95,143
2026-07-24T19:17:06Z,35.1399353,-106.6784235,1537.0,37454.0,8.127,141,95,147
2026-07-24T19:17:07Z,35.1399919,-106.6783691,1537.0,37462.0,8.006,141,95,143
2026-07-24T19:17:08Z,35.1400487,-106.6783153,1537.0,37470.1,8.062,141,95,138
2026-07-24T19:17:09Z,35.1401066,-106.6782606,1537.0,37478.2,8.127,140,95,141
2026-07-24T19:17:10Z,35.1401641,-106.6782072,1537.0,37486.4,8.146,141,95,155
2026-07-24T19:17:11Z,35.1402227,-106.6781544,1537.0,37494.4,8.062,140,95,147
2026-07-24T19:17:12Z,35.1402799,-106.6780985,1537.0,37502.6,8.146,141,96,147
2026-07-24T19:17:13Z,35.1403380,-106.6780453,1537.0,37510.7,8.108,140,96,151
2026-07-24T19:17:14Z,35.1403951,-106.6779896,1537.0,37518.9,8.174,140,96,145
2026-07-24T19:17:15Z,35.1404530,-106.6779356,1537.0,37527.0,8.155,140,96,151
2026-07-24T19:17:16Z,35.1405118,-106.6778826,1537.0,37535.2,8.174,140,96,145
2026-07-24T19:17:17Z,35.1405710,-106.6778299,1537.2,37543.3,8.146,141,96,145
2026-07-24T19:17:18Z,35.1406302,-106.6777771,1537.2,37551.5,8.146,141,97,143
2026-07-24T19:17:19Z,35.1406887,-106.6777237,1537.0,37559.7,8.211,142,97,143
2026-07-24T19:17:20Z,35.1407476,-106.6776697,1537.0,37567.9,8.155,141,97,160
2026-07-24T19:17:21Z,35.1408084,-106.6776174,1537.0,37576.1,8.230,141,96,166
2026-07-24T19:17:22Z,35.1408688,-106.6775675,1537.0,37584.2,8.108,141,97,159
2026-07-24T19:17:23Z,35.1409281,-106.6775153,1537.0,37592.4,8.202,141,97,149
2026-07-24T19:17:24Z,35.1409890,-106.6774649,1537.0,37600.5,8.080,141,97,140
2026-07-24T19:17:25Z,35.1410489,-106.6774136,1536.8,37608.7,8.230,141,96,132
2026-07-24T19:17:26Z,35.1411224,-106.6773533,1536.8,37616.7,7.987,141,95,133
2026-07-24T19:17:27Z,35.1411715,-106.6773150,1536.6,37624.8,8.080,141,95,141
2026-07-24T19:17:28Z,35.1412334,-106.6772682,1536.4,37632.7,7.931,141,94,135
2026-07-24T19:17:29Z,35.1412953,-106.6772218,1536.2,37640.4,7.679,141,93,136
2026-07-24T19:17:30Z,35.1413546,-106.6771733,1536.2,37647.9,7.493,142,91,148
2026-07-24T19:17:31Z,35.1414104,-106.6771248,1536.0,37655.5,7.605,141,89,155
2026-07-24T19:17:32Z,35.1414659,-106.6770791,1536.0,37662.9,7.474,142,88,198
2026-07-24T19:17:33Z,35.1415223,-106.6770355,1535.8,37670.3,7.390,141,88,192
2026-07-24T19:17:34Z,35.1415811,-106.6769925,1535.8,37677.9,7.605,141,89,175
2026-07-24T19:17:35Z,35.1416393,-106.6769515,1535.8,37685.6,7.679,142,89,170
2026-07-24T19:17:36Z,35.1416961,-106.6769077,1535.8,37693.3,7.623,142,89,173
2026-07-24T19:17:37Z,35.1417543,-106.6768625,1535.8,37701.0,7.735,142,89,169
2026-07-24T19:17:38Z,35.1418126,-106.6768197,1536.0,37708.6,7.651,142,90,168
2026-07-24T19:17:39Z,35.1418731,-106.6767792,1536.0,37716.4,7.791,141,90,203
2026-07-24T19:17:40Z,35.1419326,-106.6767379,1536.2,37724.3,7.856,141,91,210
2026-07-24T19:17:41Z,35.1419911,-106.6766942,1536.2,37732.0,7.707,141,91,156
2026-07-24T19:17:42Z,35.1420511,-106.6766514,1536.6,37739.6,7.623,141,91,151
2026-07-24T19:17:43Z,35.1421105,-106.6766100,1536.6,37747.4,7.791,141,90,174
2026-07-24T19:17:44Z,35.1421702,-106.6765688,1536.6,37755.0,7.605,141,90,167
2026-07-24T19:17:45Z,35.1422312,-106.6765262,1536.6,37762.7,7.707,142,90,173
2026-07-24T19:17:46Z,35.1422905,-106.6764835,1536.6,37770.4,7.726,142,91,171
2026-07-24T19:17:47Z,35.1423502,-106.6764408,1536.6,37778.2,7.735,142,91,171
2026-07-24T19:17:48Z,35.1424101,-106.6763991,1536.6,37785.9,7.744,141,91,171
2026-07-24T19:17:49Z,35.1424715,-106.6763574,1536.6,37793.8,7.903,142,92,175
2026-07-24T19:17:50Z,35.1425339,-106.6763173,1536.6,37801.7,7.819,142,92,175
2026-07-24T19:17:51Z,35.1425942,-106.6762752,1536.4,37809.4,7.707,142,92,171
2026-07-24T19:17:52Z,35.1426542,-106.6762336,1536.2,37817.1,7.782,143,92,163
2026-07-24T19:17:53Z,35.1427159,-106.6761922,1536.2,37824.8,7.651,142,92,174
2026-07-24T19:17:54Z,35.1427776,-106.6761515,1536.0,37832.6,7.782,142,91,168
2026-07-24T19:17:55Z,35.1428392,-106.6761108,1536.0,37840.3,7.707,142,91,174
2026-07-24T19:17:56Z,35.1429005,-106.6760701,1536.0,37848.0,7.772,143,91,168
2026-07-24T19:17:57Z,35.1429617,-106.6760300,1536.0,37855.8,7.735,143,91,179
2026-07-24T19:17:58Z,35.1430229,-106.6759895,1536.2,37863.8,7.987,143,92,173
2026-07-24T19:17:59Z,35.1430847,-106.6759482,1536.2,37871.7,7.959,143,93,171
2026-07-24T19:18:00Z,35.1431477,-106.6759095,1536.2,37879.7,8.015,142,94,155
2026-07-24T19:18:01Z,35.1432112,-106.6758709,1536.4,37887.6,7.866,142,94,159
2026-07-24T19:18:02Z,35.1432747,-106.6758314,1536.4,37895.5,7.866,143,93,147
2026-07-24T19:18:03Z,35.1433373,-106.6757894,1536.8,37903.2,7.754,142,93,153
2026-07-24T19:18:04Z,35.1433986,-106.6757451,1536.8,37911.0,7.754,142,93,176
2026-07-24T19:18:05Z,35.1434584,-106.6756996,1536.8,37919.0,8.015,142,93,162
2026-07-24T19:18:06Z,35.1435178,-106.6756538,1536.8,37927.0,7.959,142,93,159
2026-07-24T19:18:07Z,35.1435768,-106.6756057,1536.8,37934.9,7.931,142,94,127
2026-07-24T19:18:08Z,35.1436342,-106.6755549,1537.0,37942.7,7.791,143,94,121
2026-07-24T19:18:09Z,35.1436901,-106.6755017,1537.0,37951.3,8.622,141,94,107
2026-07-24T19:18:10Z,35.1437486,-106.6754484,1536.6,37959.8,8.454,142,63,19
2026-07-24T19:18:11Z,35.1438108,-106.6753995,1536.8,37968.4,8.659,142,63,0
2026-07-24T19:18:12Z,35.1438756,-106.6753530,1536.6,37977.3,8.864,143,63,0
2026-07-24T19:18:13Z,35.1439408,-106.6752986,1536.4,37986.4,9.088,142,0,0
2026-07-24T19:18:14Z,35.1440079,-106.6752432,1536.6,37995.7,9.331,142,0,0
2026-07-24T19:18:15Z,35.1440767,-106.6751877,1536.6,38005.4,9.648,141,0,0
2026-07-24T19:18:16Z,35.1441461,-106.6751304,1536.4,38015.2,9.844,141,0,0
2026-07-24T19:18:17Z,35.1442148,-106.6750665,1536.4,38025.4,10.236,140,0,0
2026-07-24T19:18:18Z,35.1442785,-106.6749920,1536.2,38035.5,10.096,140,0,0
2026-07-24T19:18:19Z,35.1443407,-106.6749122,1535.8,38045.5,9.956,140,0,0
2026-07-24T19:18:20Z,35.1444071,-106.6748355,1535.8,38055.8,10.376,139,0,0
2026-07-24T19:18:21Z,35.1444761,-106.6747637,1535.6,38066.1,10.254,139,0,0
2026-07-24T19:18:22Z,35.1445475,-106.6747014,1535.4,38076.1,10.021,140,51,9
2026-07-24T19:18:23Z,35.1446143,-106.6746464,1535.2,38085.6,9.527,141,93,125
2026-07-24T19:18:24Z,35.1446841,-106.6745998,1534.6,38095.1,9.443,140,95,176
2026-07-24T19:18:25Z,35.1447787,-106.6745568,1534.4,38104.2,9.125,140,98,167
2026-07-24T19:18:26Z,35.1448452,-106.6745392,1534.2,38112.8,8.575,139,98,222
2026-07-24T19:18:27Z,35.1449266,-106.6745299,1534.0,38121.0,8.230,140,94,222
2026-07-24T19:18:28Z,35.1450043,-106.6745216,1534.0,38129.2,8.146,140,88,239
2026-07-24T19:18:29Z,35.1450786,-106.6745090,1534.0,38136.6,7.446,139,84,250
2026-07-24T19:18:30Z,35.1451481,-106.6744895,1534.0,38144.0,7.371,140,86,237
2026-07-24T19:18:31Z,35.1452158,-106.6744697,1534.0,38151.1,7.110,139,95,213
2026-07-24T19:18:32Z,35.1452795,-106.6744476,1534.0,38157.9,6.821,139,92,195
2026-07-24T19:18:33Z,35.1453395,-106.6744232,1534.2,38164.4,6.457,140,88,221
2026-07-24T19:18:34Z,35.1453982,-106.6744016,1534.4,38170.6,6.224,139,83,225
2026-07-24T19:18:35Z,35.1454555,-106.6743812,1535.0,38176.8,6.168,141,81,225
2026-07-24T19:18:36Z,35.1455092,-106.6743594,1535.4,38182.8,6.074,140,79,258
2026-07-24T19:18:37Z,35.1455622,-106.6743382,1535.6,38188.8,5.953,140,78,232
2026-07-24T19:18:38Z,35.1456157,-106.6743223,1535.8,38194.5,5.748,140,77,171
2026-07-24T19:18:39Z,35.1456675,-106.6743048,1535.8,38199.0,4.469,141,77,0
2026-07-24T19:18:40Z,35.1457133,-106.6742838,1536.0,38203.5,4.469,140,77,0
2026-07-24T19:18:41Z,35.1457458,-106.6742768,1536.2,38207.0,3.499,140,0,0
2026-07-24T19:18:42Z,35.1457597,-106.6742985,1536.2,38210.5,3.499,140,16,9
2026-07-24T19:18:43Z,35.1457486,-106.6743241,1536.6,38214.0,3.536,140,52,177
2026-07-24T19:18:44Z,35.1457222,-106.6743416,1537.0,38218.0,4.022,140,52,158
2026-07-24T19:18:45Z,35.1456906,-106.6743588,1537.2,38222.3,4.283,139,65,158
2026-07-24T19:18:46Z,35.1456552,-106.6743763,1537.2,38226.9,4.609,139,72,132
2026-07-24T19:18:47Z,35.1456202,-106.6743971,1537.2,38231.5,4.553,139,77,117
2026-07-24T19:18:48Z,35.1455762,-106.6744258,1537.2,38236.2,4.712,140,80,115
2026-07-24T19:18:49Z,35.1455458,-106.6744470,1537.2,38241.1,4.927,140,81,120
2026-07-24T19:18:50Z,35.1455075,-106.6744728,1537.2,38246.0,4.889,140,82,126
2026-07-24T19:18:51Z,35.1454695,-106.6744975,1537.2,38251.1,5.141,139,84,144
2026-07-24T19:18:52Z,35.1454294,-106.6745195,1537.2,38256.3,5.160,140,86,115
2026-07-24T19:18:53Z,35.1453891,-106.6745428,1537.2,38261.5,5.188,140,86,115
2026-07-24T19:18:54Z,35.1453497,-106.6745677,1537.2,38267.0,5.486,141,89,115
2026-07-24T19:18:55Z,35.1453078,-106.6745942,1537.2,38272.6,5.617,141,92,104
2026-07-24T19:18:56Z,35.1452630,-106.6746203,1537.2,38278.2,5.645,140,93,97
2026-07-24T19:18:57Z,35.1452202,-106.6746485,1537.2,38283.7,5.449,140,93,98
2026-07-24T19:18:58Z,35.1451765,-106.6746752,1537.0,38289.4,5.654,141,93,98
2026-07-24T19:18:59Z,35.1451348,-106.6747021,1536.8,38294.9,5.542,141,94,104
2026-07-24T19:19:00Z,35.1450934,-106.6747296,1536.8,38300.5,5.617,141,94,104
2026-07-24T19:19:01Z,35.1450513,-106.6747593,1536.8,38306.1,5.617,140,96,87
2026-07-24T19:19:02Z,35.1450052,-106.6747873,1536.8,38311.9,5.804,139,96,90
2026-07-24T19:19:03Z,35.1449607,-106.6748161,1536.8,38317.2,5.263,140,95,98
2026-07-24T19:19:04Z,35.1449161,-106.6748436,1536.8,38322.3,5.113,139,88,111
2026-07-24T19:19:05Z,35.1448727,-106.6748683,1536.8,38326.9,4.535,139,79,137
2026-07-24T19:19:06Z,35.1448328,-106.6748855,1536.8,38330.7,3.844,139,79,103
2026-07-24T19:19:07Z,35.1447972,-106.6749033,1536.8,38336.4,5.720,138,79,103
2026-07-24T19:19:08Z,35.1447690,-106.6749354,1536.8,38340.9,4.497,138,47,103
2026-07-24T19:19:09Z,35.1447627,-106.6749776,1536.8,38345.8,4.861,139,79,310
2026-07-24T19:19:10Z,35.1447699,-106.6750272,1537.0,38350.6,4.796,139,83,269
2026-07-24T19:19:11Z,35.1447813,-106.6750812,1537.0,38355.5,4.917,139,69,169
2026-07-24T19:19:12Z,35.1447937,-106.6751365,1537.2,38361.1,5.617,137,69,24
2026-07-24T19:19:13Z,35.1448057,-106.6751909,1537.4,38365.9,4.861,138,23,24
2026-07-24T19:19:14Z,35.1448171,-106.6752427,1537.4,38371.1,5.197,138,85,193
2026-07-24T19:19:15Z,35.1448274,-106.6752953,1537.6,38376.7,5.542,138,89,170
2026-07-24T19:19:16Z,35.1448391,-106.6753474,1537.6,38382.1,5.449,138,90,163
2026-07-24T19:19:17Z,35.1448499,-106.6753963,1537.6,38387.7,5.552,139,91,160
2026-07-24T19:19:18Z,35.1448620,-106.6754497,1537.8,38392.9,5.225,138,92,130
2026-07-24T19:19:19Z,35.1448754,-106.6755081,1538.0,38398.1,5.160,138,93,132
2026-07-24T19:19:20Z,35.1448935,-106.6755776,1538.0,38403.8,5.673,139,93,131
2026-07-24T19:19:21Z,35.1449069,-106.6756218,1538.2,38408.1,4.301,138,86,164
2026-07-24T19:19:22Z,35.1449213,-106.6756822,1538.4,38414.3,6.270,139,88,157
2026-07-24T19:19:23Z,35.1449375,-106.6757455,1538.4,38420.1,5.822,137,89,150
2026-07-24T19:19:24Z,35.1449535,-106.6758077,1538.6,38426.4,6.205,138,91,134
2026-07-24T19:19:25Z,35.1449685,-106.6758715,1539.0,38432.6,6.289,137,92,141
2026-07-24T19:19:26Z,35.1449839,-106.6759373,1538.8,38438.8,6.121,137,94,160
2026-07-24T19:19:27Z,35.1450021,-106.6760026,1539.0,38441.9,3.098,136,95,130
2026-07-24T19:19:28Z,35.1450179,-106.6760682,1539.0,38445.0,3.172,136,96,129
2026-07-24T19:19:29Z,35.1450397,-106.6761497,1539.0,38447.3,2.230,136,97,126
2026-07-24T19:19:30Z,35.1450552,-106.6762038,1539.2,38450.5,3.247,135,97,116
2026-07-24T19:19:31Z,35.1450748,-106.6762710,1539.2,38452.7,2.193,136,98,123
2026-07-24T19:19:32Z,35.1450946,-106.6763392,1539.2,38455.9,3.182,135,99,122
2026-07-24T19:19:33Z,35.1451135,-106.6764063,1539.2,38462.3,6.438,136,99,119
2026-07-24T19:19:34Z,35.1451324,-106.6764743,1539.2,38465.9,3.527,136,99,110
2026-07-24T19:19:35Z,35.1451524,-106.6765439,1539.0,38472.6,6.737,136,100,113
2026-07-24T19:19:36Z,35.1451728,-106.6766130,1539.0,38479.5,6.951,136,101,115
2026-07-24T19:19:37Z,35.1451946,-106.6766817,1539.0,38485.9,6.382,135,101,117
2026-07-24T19:19:38Z,35.1452206,-106.6767624,1539.0,38492.6,6.699,136,101,122
2026-07-24T19:19:39Z,35.1452378,-106.6768173,1539.0,38499.5,6.905,135,101,115
2026-07-24T19:19:40Z,35.1452581,-106.6768851,1539.0,38502.9,3.415,136,101,115
2026-07-24T19:19:41Z,35.1452814,-106.6769533,1539.0,38506.2,3.247,136,101,114
2026-07-24T19:19:42Z,35.1453045,-106.6770206,1539.0,38509.5,3.350,137,101,116
2026-07-24T19:19:43Z,35.1453280,-106.6770900,1538.8,38516.1,6.541,137,101,117
2026-07-24T19:19:44Z,35.1453514,-106.6771581,1538.8,38522.5,6.438,137,101,120
2026-07-24T19:19:45Z,35.1453728,-106.6772270,1538.8,38528.9,6.364,137,102,110
2026-07-24T19:19:46Z,35.1453959,-106.6772941,1538.8,38535.5,6.671,137,99,122
2026-07-24T19:19:47Z,35.1454200,-106.6773620,1538.8,38542.0,6.476,137,95,132
2026-07-24T19:19:48Z,35.1454429,-106.6774292,1539.0,38548.9,6.905,136,96,121
2026-07-24T19:19:49Z,35.1454676,-106.6774977,1539.0,38557.8,8.901,137,96,119
2026-07-24T19:19:50Z,35.1454930,-106.6775665,1539.0,38564.4,6.587,137,97,127
2026-07-24T19:19:51Z,35.1455183,-106.6776333,1539.2,38569.7,5.272,137,97,12
2026-07-24T19:19:52Z,35.1455398,-106.6776914,1539.4,38574.4,4.749,137,97,12
2026-07-24T19:19:53Z,35.1455583,-106.6777446,1539.4,38579.4,5.020,138,16,12
2026-07-24T19:19:54Z,35.1455782,-106.6777945,1539.6,38582.5,3.023,139,72,161
2026-07-24T19:19:55Z,35.1455968,-106.6778451,1539.8,38585.5,3.023,138,72,0
2026-07-24T19:19:56Z,35.1456185,-106.6778957,1540.0,38590.6,5.095,139,72,0
2026-07-24T19:19:57Z,35.1456393,-106.6779420,1540.0,38595.3,4.675,138,0,0
2026-07-24T19:19:58Z,35.1456594,-106.6779895,1540.2,38599.9,4.591,139,0,0
2026-07-24T19:19:59Z,35.1456797,-106.6780340,1540.4,38605.1,5.300,140,12,8
2026-07-24T19:20:00Z,35.1456994,-106.6780799,1540.6,38610.9,5.720,140,71,261
2026-07-24T19:20:01Z,35.1457184,-106.6781295,1540.8,38616.4,5.514,140,78,251
2026-07-24T19:20:02Z,35.1457394,-106.6781854,1541.0,38622.4,6.056,139,83,204
2026-07-24T19:20:03Z,35.1457628,-106.6782441,1541.2,38628.9,6.494,138,86,176
2026-07-24T19:20:04Z,35.1457896,-106.6783040,1541.2,38635.8,6.849,139,89,155
2026-07-24T19:20:05Z,35.1458167,-106.6783664,1541.0,38642.5,6.727,137,90,151
2026-07-24T19:20:06Z,35.1458441,-106.6784299,1541.4,38649.4,6.830,138,92,134
2026-07-24T19:20:07Z,35.1458731,-106.6784929,1541.4,38656.1,6.811,138,93,133
2026-07-24T19:20:08Z,35.1459040,-106.6785562,1541.4,38662.7,6.550,139,94,128
2026-07-24T19:20:09Z,35.1459338,-106.6786203,1541.4,38669.9,7.185,137,95,130
2026-07-24T19:20:10Z,35.1459636,-106.6786852,1541.4,38677.0,7.073,137,97,117
2026-07-24T19:20:11Z,35.1459936,-106.6787526,1541.4,38680.6,3.630,137,98,114
2026-07-24T19:20:12Z,35.1460246,-106.6788200,1541.4,38687.4,6.849,137,98,114
2026-07-24T19:20:13Z,35.1460579,-106.6788863,1541.4,38694.7,7.250,137,99,104
2026-07-24T19:20:14Z,35.1460910,-106.6789495,1541.4,38702.0,7.278,134,101,93
2026-07-24T19:20:15Z,35.1461231,-106.6790134,1541.4,38709.2,7.231,134,101,111
2026-07-24T19:20:16Z,35.1461549,-106.6790800,1541.4,38716.5,7.353,133,101,93
2026-07-24T19:20:17Z,35.1461860,-106.6791464,1541.4,38724.0,7.446,134,102,81
2026-07-24T19:20:18Z,35.1462194,-106.6792159,1541.4,38731.9,7.922,134,102,78
2026-07-24T19:20:19Z,35.1462538,-106.6792847,1541.4,38739.0,7.091,134,93,58
2026-07-24T19:20:20Z,35.1462969,-106.6793678,1541.6,38745.4,6.382,134,82,14
2026-07-24T19:20:21Z,35.1463230,-106.6794241,1541.6,38752.3,6.877,133,51,14
2026-07-24T19:20:22Z,35.1463557,-106.6794925,1541.6,38759.7,7.418,133,51,0
2026-07-24T19:20:23Z,35.1463899,-106.6795618,1541.6,38766.9,7.194,133,51,0
2026-07-24T19:20:24Z,35.1464233,-106.6796288,1541.6,38773.9,7.035,132,0,0
2026-07-24T19:20:25Z,35.1464552,-106.6796943,1541.6,38781.3,7.409,133,26,26
2026-07-24T19:20:26Z,35.1464862,-106.6797584,1541.6,38788.5,7.222,131,92,156
2026-07-24T19:20:27Z,35.1465187,-106.6798249,1541.6,38796.0,7.465,132,92,0
2026-07-24T19:20:28Z,35.1465508,-106.6798906,1541.6,38803.0,7.017,131,92,0
2026-07-24T19:20:29Z,35.1465821,-106.6799537,1541.6,38810.3,7.287,131,0,0
2026-07-24T19:20:30Z,35.1466140,-106.6800192,1541.6,38816.5,6.224,131,0,0
2026-07-24T19:20:31Z,35.1466458,-106.6800851,1541.6,38823.6,7.017,131,23,23
2026-07-24T19:20:32Z,35.1466792,-106.6801527,1541.6,38831.0,7.409,131,93,151
2026-07-24T19:20:33Z,35.1467121,-106.6802230,1541.8,38837.9,6.989,133,94,125
2026-07-24T19:20:34Z,35.1467464,-106.6802924,1541.8,38845.2,7.287,132,95,100
2026-07-24T19:20:35Z,35.1467818,-106.6803623,1541.8,38852.6,7.390,133,96,95
2026-07-24T19:20:36Z,35.1468147,-106.6804323,1541.6,38860.3,7.698,131,97,90
2026-07-24T19:20:37Z,35.1468479,-106.6805010,1541.6,38868.2,7.884,131,97,88
2026-07-24T19:20:38Z,35.1468846,-106.6805697,1541.6,38875.8,7.614,131,98,91
2026-07-24T19:20:39Z,35.1469193,-106.6806388,1541.6,38884.1,8.202,130,99,88
2026-07-24T19:20:40Z,35.1469543,-106.6807111,1541.4,38891.9,7.856,130,100,93
2026-07-24T19:20:41Z,35.1469903,-106.6807831,1541.4,38900.3,8.454,130,100,78
2026-07-24T19:20:42Z,35.1470266,-106.6808565,1541.2,38907.8,7.483,129,100,77
2026-07-24T19:20:43Z,35.1470651,-106.6809286,1541.0,38915.7,7.856,129,100,74
2026-07-24T19:20:44Z,35.1471031,-106.6810008,1541.0,38923.5,7.838,129,101,74
2026-07-24T19:20:45Z,35.1471383,-106.6810760,1541.0,38931.3,7.800,130,101,83
2026-07-24T19:20:46Z,35.1471733,-106.6811496,1541.0,38939.1,7.838,129,101,73
2026-07-24T19:20:47Z,35.1472092,-106.6812231,1541.0,38947.1,7.968,129,102,73
2026-07-24T19:20:48Z,35.1472460,-106.6812944,1541.0,38955.0,7.884,128,102,93
2026-07-24T19:20:49Z,35.1472839,-106.6813671,1541.0,38963.0,7.968,129,102,88
2026-07-24T19:20:50Z,35.1473200,-106.6814427,1541.0,38971.1,8.174,128,102,83
2026-07-24T19:20:51Z,35.1473579,-106.6815204,1540.8,38979.1,7.940,128,102,85
2026-07-24T19:20:52Z,35.1473936,-106.6815966,1540.8,38987.0,7.940,129,101,83
2026-07-24T19:20:53Z,35.1474304,-106.6816748,1540.8,38995.0,7.978,128,101,77
2026-07-24T19:20:54Z,35.1474676,-106.6817504,1540.6,39002.8,7.828,128,101,88
2026-07-24T19:20:55Z,35.1475033,-106.6818241,1540.6,39010.9,8.052,128,101,91
2026-07-24T19:20:56Z,35.1475398,-106.6818998,1540.6,39019.0,8.080,128,102,78
2026-07-24T19:20:57Z,35.1475767,-106.6819751,1540.6,39027.3,8.295,128,102,67
2026-07-24T19:20:58Z,35.1476132,-106.6820503,1540.6,39035.5,8.230,128,103,69
2026-07-24T19:20:59Z,35.1476500,-106.6821254,1540.6,39043.8,8.267,128,103,82
2026-07-24T19:21:00Z,35.1476889,-106.6822031,1540.4,39052.0,8.267,128,104,77
2026-07-24T19:21:01Z,35.1477267,-106.6822793,1540.4,39060.2,8.146,128,104,72
2026-07-24T19:21:02Z,35.1477635,-106.6823559,1540.4,39068.4,8.267,128,104,65
2026-07-24T19:21:03Z,35.1478009,-106.6824325,1540.4,39076.6,8.174,128,104,84
2026-07-24T19:21:04Z,35.1478369,-106.6825081,1540.4,39085.0,8.360,129,105,85
2026-07-24T19:21:05Z,35.1478735,-106.6825832,1540.4,39093.3,8.295,128,105,76
2026-07-24T19:21:06Z,35.1479117,-106.6826595,1540.4,39101.7,8.482,129,105,74
2026-07-24T19:21:07Z,35.1479501,-106.6827361,1540.4,39110.1,8.388,128,105,62
2026-07-24T19:21:08Z,35.1479893,-106.6828133,1540.4,39118.3,8.183,128,105,59
2026-07-24T19:21:09Z,35.1480285,-106.6828890,1540.2,39126.5,8.164,128,104,67
2026-07-24T19:21:10Z,35.1480684,-106.6829636,1540.2,39134.6,8.164,128,103,82
2026-07-24T19:21:11Z,35.1481059,-106.6830371,1540.2,39142.7,8.024,129,102,90
2026-07-24T19:21:12Z,35.1481424,-106.6831112,1540.0,39150.6,7.931,129,101,88
2026-07-24T19:21:13Z,35.1481786,-106.6831856,1540.0,39158.4,7.847,129,101,88
2026-07-24T19:21:14Z,35.1482147,-106.6832592,1540.0,39166.3,7.875,130,100,105
2026-07-24T19:21:15Z,35.1482503,-106.6833309,1540.0,39174.3,7.959,130,99,112
2026-07-24T19:21:16Z,35.1482864,-106.6834028,1540.0,39181.9,7.651,129,98,118
2026-07-24T19:21:17Z,35.1483228,-106.6834738,1539.8,39189.5,7.586,130,98,122
2026-07-24T19:21:18Z,35.1483606,-106.6835474,1539.8,39197.2,7.688,129,97,128
2026-07-24T19:21:19Z,35.1483967,-106.6836169,1539.8,39204.9,7.744,130,97,138
2026-07-24T19:21:20Z,35.1484342,-106.6836862,1539.8,39212.5,7.577,130,96,130
2026-07-24T19:21:21Z,35.1484697,-106.6837555,1539.8,39220.0,7.474,130,96,135
2026-07-24T19:21:22Z,35.1485062,-106.6838242,1539.8,39227.6,7.605,131,96,156
2026-07-24T19:21:23Z,35.1485424,-106.6838934,1539.8,39235.2,7.605,130,96,157
2026-07-24T19:21:24Z,35.1485782,-106.6839645,1539.8,39242.8,7.577,130,96,158
2026-07-24T19:21:25Z,35.1486127,-106.6840322,1539.8,39250.4,7.605,132,96,168
2026-07-24T19:21:26Z,35.1486482,-106.6841011,1539.8,39257.8,7.446,132,96,160
2026-07-24T19:21:27Z,35.1486846,-106.6841700,1539.8,39265.3,7.446,133,96,160
2026-07-24T19:21:28Z,35.1487218,-106.6842397,1539.8,39272.8,7.474,132,96,166
2026-07-24T19:21:29Z,35.1487576,-106.6843079,1539.6,39280.3,7.549,133,96,169
2026-07-24T19:21:30Z,35.1487929,-106.6843761,1539.6,39287.9,7.577,133,96,174
2026-07-24T19:21:31Z,35.1488289,-106.6844434,1539.6,39295.4,7.521,133,95,165
2026-07-24T19:21:32Z,35.1488637,-106.6845119,1539.6,39302.9,7.474,134,95,178
2026-07-24T19:21:33Z,35.1488989,-106.6845798,1539.6,39310.4,7.474,134,95,187
2026-07-24T19:21:34Z,35.1489349,-106.6846484,1539.6,39317.8,7.427,135,95,195
2026-07-24T19:21:35Z,35.1489706,-106.6847204,1539.6,39325.2,7.465,135,95,197
2026-07-24T19:21:36Z,35.1490040,-106.6847867,1539.6,39332.5,7.306,135,94,202
2026-07-24T19:21:37Z,35.1490390,-106.6848529,1539.8,39339.9,7.325,135,93,220
2026-07-24T19:21:38Z,35.1490733,-106.6849182,1539.8,39347.0,7.091,136,98,201
2026-07-24T19:21:39Z,35.1491074,-106.6849840,1540.0,39353.8,6.821,137,105,174
2026-07-24T19:21:40Z,35.1491399,-106.6850498,1539.8,39360.5,6.681,137,102,185
2026-07-24T19:21:41Z,35.1491726,-106.6851134,1540.2,39367.0,6.541,137,99,209
2026-07-24T19:21:42Z,35.1492022,-106.6851729,1540.2,39373.3,6.308,138,97,231
2026-07-24T19:21:43Z,35.1492314,-106.6852325,1540.4,39379.4,6.074,139,93,245
2026-07-24T19:21:44Z,35.1492623,-106.6852905,1540.4,39385.4,6.009,138,91,273
2026-07-24T19:21:45Z,35.1492913,-106.6853453,1541.0,39391.4,5.990,140,92,290
2026-07-24T19:21:46Z,35.1493188,-106.6853976,1541.0,39397.0,5.645,139,108,237
2026-07-24T19:21:47Z,35.1493466,-106.6854490,1541.4,39402.2,5.197,140,104,221
2026-07-24T19:21:48Z,35.1493737,-106.6854979,1541.6,39407.4,5.141,140,99,267
2026-07-24T19:21:49Z,35.1493983,-106.6855471,1541.8,39412.5,5.095,141,96,297
2026-07-24T19:21:50Z,35.1494221,-106.6855951,1542.0,39417.7,5.207,142,94,307
2026-07-24T19:21:51Z,35.1494446,-106.6856412,1542.2,39422.6,4.955,142,93,233
2026-07-24T19:21:52Z,35.1494669,-106.6856849,1542.4,39427.4,4.749,142,90,158
2026-07-24T19:21:53Z,35.1494874,-106.6857267,1542.6,39431.8,4.376,142,86,92
2026-07-24T19:21:54Z,35.1495079,-106.6857658,1543.4,39435.6,3.882,144,79,14
2026-07-24T19:21:55Z,35.1495274,-106.6858022,1543.6,39439.2,3.536,143,70,0
2026-07-24T19:21:56Z,35.1495446,-106.6858343,1543.8,39442.1,2.883,144,53,0
2026-07-24T19:21:57Z,35.1495625,-106.6858682,1544.0,39445.3,3.284,143,53,0
2026-07-24T19:21:58Z,35.1495722,-106.6858860,1544.2,39448.6,3.284,144,53,0
2026-07-24T19:21:59Z,35.1495840,-106.6859069,1544.4,39448.6,0.000,144,0,0
2026-07-24T19:22:00Z,35.1495922,-106.6859237,1544.6,39448.6,0.000,146,0,0
2026-07-24T19:22:01Z,35.1495958,-106.6859328,1544.8,39448.6,0.000,146,0,0
2026-07-24T19:22:02Z,35.1495958,-106.6859328,1544.8,39448.6,0.000,146,0,0
2026-07-24T19:22:03Z,35.1495958,-106.6859328,1545.0,39448.6,0.000,145,0,0
2026-07-24T19:22:04Z,35.1495958,-106.6859328,1545.2,39448.6,0.000,146,0,0
2026-07-24T19:22:05Z,35.1495958,-106.6859328,1545.2,39448.6,0.000,145,0,0
2026-07-24T19:22:06Z,35.1495958,-106.6859328,1545.4,39448.6,0.000,145,7,0
2026-07-24T19:22:07Z,35.1495953,-106.6859325,1545.4,39450.6,2.006,146,7,0
2026-07-24T19:22:08Z,35.1496011,-106.6859356,1545.4,39452.9,2.286,146,7,0
2026-07-24T19:22:09Z,35.1496125,-106.6859458,1545.6,39455.3,2.389,146,7,0
2026-07-24T19:22:10Z,35.1496261,-106.6859614,1545.6,39458.4,3.135,146,12,0
2026-07-24T19:22:11Z,35.1496419,-106.6859826,1545.6,39461.5,3.079,146,12,0
2026-07-24T19:22:12Z,35.1496578,-106.6860058,1545.6,39465.1,3.592,146,42,288
2026-07-24T19:22:13Z,35.1496725,-106.6860374,1545.6,39469.9,4.759,145,73,425
2026-07-24T19:22:14Z,35.1496905,-106.6860772,1545.6,39474.9,4.992,145,85,326
2026-07-24T19:22:15Z,35.1497119,-106.6861197,1545.6,39480.2,5.374,144,93,211
2026-07-24T19:22:16Z,35.1497354,-106.6861668,1545.6,39485.6,5.337,144,101,160
2026-07-24T19:22:17Z,35.1497593,-106.6862166,1545.6,39491.5,5.944,144,105,122
2026-07-24T19:22:18Z,35.1497840,-106.6862692,1545.4,39497.3,5.748,144,107,114
2026-07-24T19:22:19Z,35.1498091,-106.6863241,1545.4,39502.9,5.636,144,108,155
2026-07-24T19:22:20Z,35.1498288,-106.6863791,1545.2,39508.3,5.449,144,104,167
2026-07-24T19:22:21Z,35.1498466,-106.6864377,1545.0,39513.8,5.449,144,104,164
2026-07-24T19:22:22Z,35.1498667,-106.6864935,1545.0,39519.0,5.244,144,100,164
2026-07-24T19:22:23Z,35.1498931,-106.6865417,1544.8,39523.8,4.796,143,96,317
2026-07-24T19:22:24Z,35.1499224,-106.6865840,1544.8,39528.8,4.955,143,93,339
2026-07-24T19:22:25Z,35.1499478,-106.6866267,1544.8,39533.5,4.740,143,89,287
2026-07-24T19:22:26Z,35.1499682,-106.6866711,1544.8,39538.0,4.497,144,82,247
2026-07-24T19:22:27Z,35.1499860,-106.6867155,1545.0,39542.3,4.245,144,87,248
2026-07-24T19:22:28Z,35.1500041,-106.6867587,1545.2,39546.6,4.329,144,93,331
2026-07-24T19:22:29Z,35.1500239,-106.6867974,1545.6,39550.9,4.245,144,94,344
2026-07-24T19:22:30Z,35.1500473,-106.6868448,1545.6,39555.2,4.376,145,95,314
2026-07-24T19:22:31Z,35.1500631,-106.6868772,1545.8,39559.5,4.320,145,94,304
2026-07-24T19:22:32Z,35.1500818,-106.6869170,1546.0,39563.9,4.385,146,94,297
2026-07-24T19:22:33Z,35.1501010,-106.6869553,1546.2,39568.2,4.273,145,95,297
2026-07-24T19:22:34Z,35.1501186,-106.6869952,1546.4,39572.6,4.395,146,95,290
2026-07-24T19:22:35Z,35.1501397,-106.6870338,1546.6,39577.0,4.376,146,95,280
2026-07-24T19:22:36Z,35.1501602,-106.6870718,1546.8,39581.2,4.199,146,95,268
2026-07-24T19:22:37Z,35.1501785,-106.6871112,1546.8,39585.4,4.264,146,94,277
2026-07-24T19:22:38Z,35.1501972,-106.6871510,1547.0,39589.6,4.171,147,94,268
2026-07-24T19:22:39Z,35.1502196,-106.6871979,1547.2,39593.8,4.217,146,94,255
2026-07-24T19:22:40Z,35.1502351,-106.6872285,1547.4,39598.1,4.283,148,94,274
2026-07-24T19:22:41Z,35.1502526,-106.6872657,1547.6,39602.4,4.320,148,94,269
2026-07-24T19:22:42Z,35.1502729,-106.6873046,1547.8,39606.7,4.292,148,94,267
2026-07-24T19:22:43Z,35.1502918,-106.6873436,1547.8,39611.0,4.311,148,93,271
2026-07-24T19:22:44Z,35.1503100,-106.6873804,1548.0,39615.4,4.413,148,94,268
2026-07-24T19:22:45Z,35.1503296,-106.6874206,1548.4,39619.7,4.255,148,94,258
2026-07-24T19:22:46Z,35.1503496,-106.6874601,1548.4,39624.0,4.273,149,93,261
2026-07-24T19:22:47Z,35.1503702,-106.6874962,1548.6,39628.4,4.376,149,94,281
2026-07-24T19:22:48Z,35.1503914,-106.6875328,1548.8,39632.7,4.367,150,94,283
2026-07-24T19:22:49Z,35.1504137,-106.6875719,1549.0,39637.1,4.376,149,94,263
2026-07-24T19:22:50Z,35.1504361,-106.6876108,1549.0,39641.5,4.385,150,95,263
2026-07-24T19:22:51Z,35.1504592,-106.6876474,1549.2,39645.8,4.264,150,95,276
2026-07-24T19:22:52Z,35.1504804,-106.6876839,1549.4,39650.0,4.227,151,95,239
2026-07-24T19:22:53Z,35.1505018,-106.6877240,1549.4,39654.0,4.059,151,93,244
2026-07-24T19:22:54Z,35.1505220,-106.6877614,1549.8,39658.3,4.236,151,92,251
2026-07-24T19:22:55Z,35.1505436,-106.6877997,1550.0,39662.5,4.227,151,92,271
2026-07-24T19:22:56Z,35.1505636,-106.6878370,1550.2,39666.6,4.096,152,91,256
2026-07-24T19:22:57Z,35.1505833,-106.6878757,1550.2,39671.0,4.395,152,91,280
2026-07-24T19:22:58Z,35.1506038,-106.6879146,1550.6,39675.3,4.301,153,94,314
2026-07-24T19:22:59Z,35.1506234,-106.6879532,1551.0,39679.8,4.507,153,96,315
2026-07-24T19:23:00Z,35.1506440,-106.6879945,1551.2,39684.2,4.376,154,96,267
2026-07-24T19:23:01Z,35.1506641,-106.6880366,1551.4,39688.4,4.283,154,96,288
2026-07-24T19:23:02Z,35.1506854,-106.6880862,1551.6,39692.9,4.413,155,95,272
2026-07-24T19:23:03Z,35.1506997,-106.6881210,1551.8,39697.2,4.376,155,96,256
2026-07-24T19:23:04Z,35.1507175,-106.6881636,1552.0,39701.6,4.413,155,95,259
2026-07-24T19:23:05Z,35.1507362,-106.6882053,1552.2,39706.0,4.348,156,94,256
2026-07-24T19:23:06Z,35.1507552,-106.6882460,1552.6,39710.5,4.469,156,94,267
2026-07-24T19:23:07Z,35.1507736,-106.6882872,1552.8,39714.7,4.264,156,94,254
2026-07-24T19:23:08Z,35.1507917,-106.6883291,1553.2,39719.0,4.283,156,94,272
2026-07-24T19:23:09Z,35.1508089,-106.6883689,1553.2,39723.0,3.956,157,109,184
2026-07-24T19:23:10Z,35.1508270,-106.6884058,1553.4,39726.8,3.835,157,107,174
2026-07-24T19:23:11Z,35.1508459,-106.6884397,1553.4,39730.6,3.770,157,103,189
2026-07-24T19:23:12Z,35.1508642,-106.6884723,1553.6,39734.1,3.546,157,100,215
2026-07-24T19:23:13Z,35.1508798,-106.6885057,1553.8,39737.6,3.452,157,100,235
2026-07-24T19:23:14Z,35.1508957,-106.6885380,1554.0,39741.2,3.667,157,98,235
2026-07-24T19:23:15Z,35.1509123,-106.6885715,1554.2,39744.9,3.676,157,99,252
2026-07-24T19:23:16Z,35.1509277,-106.6886068,1554.4,39748.4,3.434,157,99,238
2026-07-24T19:23:17Z,35.1509425,-106.6886400,1554.6,39751.9,3.518,157,98,240
2026-07-24T19:23:18Z,35.1509588,-106.6886712,1554.6,39755.4,3.518,157,98,231
2026-07-24T19:23:19Z,35.1509755,-106.6887032,1555.0,39758.9,3.546,158,96,231
2026-07-24T19:23:20Z,35.1509920,-106.6887350,1555.2,39762.5,3.583,157,96,239
2026-07-24T19:23:21Z,35.1510097,-106.6887661,1555.4,39766.0,3.508,157,98,247
2026-07-24T19:23:22Z,35.1510277,-106.6887954,1555.8,39769.6,3.546,157,98,234
2026-07-24T19:23:23Z,35.1510445,-106.6888274,1555.8,39773.0,3.434,157,98,229
2026-07-24T19:23:24Z,35.1510593,-106.6888611,1556.2,39776.4,3.434,158,95,239
2026-07-24T19:23:25Z,35.1510743,-106.6888934,1556.2,39780.0,3.546,157,94,253
2026-07-24T19:23:26Z,35.1510916,-106.6889239,1557.0,39783.4,3.368,157,95,246
2026-07-24T19:23:27Z,35.1511097,-106.6889504,1557.0,39786.8,3.406,157,95,247
2026-07-24T19:23:28Z,35.1511271,-106.6889812,1557.4,39790.2,3.490,157,94,250
2026-07-24T19:23:29Z,35.1511415,-106.6890144,1557.8,39793.7,3.415,157,94,278
2026-07-24T19:23:30Z,35.1511571,-106.6890450,1557.8,39797.1,3.443,157,95,278
2026-07-24T19:23:31Z,35.1511728,-106.6890753,1558.2,39800.7,3.546,158,98,245
2026-07-24T19:23:32Z,35.1511898,-106.6891054,1558.4,39804.2,3.536,158,96,268
2026-07-24T19:23:33Z,35.1512041,-106.6891360,1558.4,39807.7,3.536,158,96,268
2026-07-24T19:23:34Z,35.1512160,-106.6891663,1558.6,39811.1,3.359,158,96,267
2026-07-24T19:23:35Z,35.1512318,-106.6891979,1558.8,39814.6,3.490,158,96,298
2026-07-24T19:23:36Z,35.1512468,-106.6892298,1558.8,39818.0,3.434,158,96,298
2026-07-24T19:23:37Z,35.1512620,-106.6892602,1559.2,39821.6,3.602,158,97,318
2026-07-24T19:23:38Z,35.1512767,-106.6892932,1559.4,39825.3,3.648,158,98,298
2026-07-24T19:23:39Z,35.1513104,-106.6893569,1559.4,39828.9,3.602,159,98,307
2026-07-24T19:23:40Z,35.1513292,-106.6893883,1559.6,39832.3,3.490,159,98,307
2026-07-24T19:23:41Z,35.1513466,-106.6894203,1559.6,39836.0,3.611,159,100,296
2026-07-24T19:23:42Z,35.1513626,-106.6894529,1559.8,39839.7,3.732,160,100,302
2026-07-24T19:23:43Z,35.1513782,-106.6894869,1560.0,39843.3,3.658,160,101,309
2026-07-24T19:23:44Z,35.1513915,-106.6895176,1560.4,39847.1,3.704,160,101,302
2026-07-24T19:23:45Z,35.1513915,-106.6895176,1560.6,39850.8,3.742,160,101,281
2026-07-24T19:23:46Z,35.1514252,-106.6895814,1561.0,39854.4,3.648,160,101,302
2026-07-24T19:23:47Z,35.1514419,-106.6896171,1561.6,39858.1,3.620,160,100,283
2026-07-24T19:23:48Z,35.1514608,-106.6896525,1561.8,39861.9,3.854,161,101,296
2026-07-24T19:23:49Z,35.1514608,-106.6896525,1562.2,39865.6,3.658,161,103,253
2026-07-24T19:23:50Z,35.1514952,-106.6897194,1562.4,39869.3,3.751,161,102,257
2026-07-24T19:23:51Z,35.1515122,-106.6897527,1563.0,39872.9,3.574,161,100,236
2026-07-24T19:23:52Z,35.1515281,-106.6897879,1563.2,39876.5,3.639,161,100,246
2026-07-24T19:23:53Z,35.1515281,-106.6897879,1563.4,39880.3,3.760,161,100,236
2026-07-24T19:23:54Z,35.1515443,-106.6898222,1563.8,39884.0,3.676,161,101,227
2026-07-24T19:23:55Z,35.1515777,-106.6898889,1564.0,39887.6,3.639,160,101,223
2026-07-24T19:23:56Z,35.1515928,-106.6899246,1564.6,39891.3,3.658,160,100,233
2026-07-24T19:23:57Z,35.1516073,-106.6899559,1564.8,39894.8,3.564,161,100,223
2026-07-24T19:23:58Z,35.1516247,-106.6899865,1565.0,39898.6,3.732,161,100,225
2026-07-24T19:23:59Z,35.1516426,-106.6900182,1565.2,39902.4,3.770,161,101,213
2026-07-24T19:24:00Z,35.1516587,-106.6900524,1565.4,39905.9,3.574,161,101,213
2026-07-24T19:24:01Z,35.1516727,-106.6900875,1565.6,39909.5,3.620,162,101,222
2026-07-24T19:24:02Z,35.1516861,-106.6901227,1565.8,39913.2,3.676,161,100,206
2026-07-24T19:24:03Z,35.1517002,-106.6901579,1566.0,39916.8,3.592,161,98,217
2026-07-24T19:24:04Z,35.1517177,-106.6901932,1566.2,39920.4,3.546,161,99,237
2026-07-24T19:24:05Z,35.1517360,-106.6902270,1566.6,39924.0,3.686,160,102,231
2026-07-24T19:24:06Z,35.1517512,-106.6902611,1566.8,39927.7,3.676,161,102,229
2026-07-24T19:24:07Z,35.1517660,-106.6902960,1566.8,39931.4,3.742,161,102,222
2026-07-24T19:24:08Z,35.1517660,-106.6902960,1567.2,39935.3,3.826,160,102,227
2026-07-24T19:24:09Z,35.1517945,-106.6903665,1567.4,39939.1,3.882,160,103,222
2026-07-24T19:24:10Z,35.1518108,-106.6904052,1567.8,39943.0,3.863,160,104,230
2026-07-24T19:24:11Z,35.1518108,-106.6904052,1568.0,39946.8,3.760,160,101,279
2026-07-24T19:24:12Z,35.1518269,-106.6904446,1568.2,39951.0,4.199,160,102,274
2026-07-24T19:24:13Z,35.1518584,-106.6905283,1568.4,39955.4,4.423,159,106,205
2026-07-24T19:24:14Z,35.1518751,-106.6905716,1568.4,39959.9,4.553,160,109,182
2026-07-24T19:24:15Z,35.1518919,-106.6906146,1568.8,39964.5,4.535,160,110,164
2026-07-24T19:24:16Z,35.1519085,-106.6906592,1568.8,39969.1,4.656,160,110,119
2026-07-24T19:24:17Z,35.1519239,-106.6907061,1569.0,39973.9,4.796,159,112,119
2026-07-24T19:24:18Z,35.1519408,-106.6907514,1569.0,39978.5,4.581,159,87,142
2026-07-24T19:24:19Z,35.1519610,-106.6907992,1569.0,39983.5,4.973,160,80,249
2026-07-24T19:24:20Z,35.1519803,-106.6908499,1569.0,39988.8,5.225,160,83,197
2026-07-24T19:24:21Z,35.1519990,-106.6909034,1569.2,39993.9,5.235,159,85,162
2026-07-24T19:24:22Z,35.1519990,-106.6909034,1569.2,39999.2,5.225,160,86,142
2026-07-24T19:24:23Z,35.1520359,-106.6910062,1569.2,40004.4,5.207,158,87,115
2026-07-24T19:24:24Z,35.1520553,-106.6910615,1569.4,40009.6,5.235,160,88,117
2026-07-24T19:24:25Z,35.1520553,-106.6910615,1569.4,40015.0,5.384,158,88,110
2026-07-24T19:24:26Z,35.1520900,-106.6911704,1569.6,40020.3,5.281,158,88,129
2026-07-24T19:24:27Z,35.1521069,-106.6912252,1569.6,40025.8,5.468,159,88,129
2026-07-24T19:24:28Z,35.1521069,-106.6912252,1569.6,40031.2,5.440,158,89,129
2026-07-24T19:24:29Z,35.1521379,-106.6913339,1569.8,40036.8,5.589,158,91,129
2026-07-24T19:24:30Z,35.1521559,-106.6913862,1569.8,40042.4,5.608,157,91,133
2026-07-24T19:24:31Z,35.1521559,-106.6913862,1570.0,40048.1,5.692,158,92,126
2026-07-24T19:24:32Z,35.1521906,-106.6914988,1570.0,40053.8,5.720,158,93,142
2026-07-24T19:24:33Z,35.1522058,-106.6915610,1570.2,40059.7,5.888,158,95,159
2026-07-24T19:24:34Z,35.1522197,-106.6916202,1570.2,40065.6,5.962,158,95,130
2026-07-24T19:24:35Z,35.1522371,-106.6916784,1570.2,40071.6,5.888,156,96,130
2026-07-24T19:24:36Z,35.1522570,-106.6917367,1570.2,40077.4,5.916,156,97,127
2026-07-24T19:24:37Z,35.1522762,-106.6917972,1570.2,40083.4,5.944,156,99,135
2026-07-24T19:24:38Z,35.1522927,-106.6918592,1570.2,40089.4,6.009,156,99,157
2026-07-24T19:24:39Z,35.1523082,-106.6919219,1570.2,40095.7,6.252,156,100,145
2026-07-24T19:24:40Z,35.1523254,-106.6919878,1570.4,40102.0,6.317,156,101,139
2026-07-24T19:24:41Z,35.1523431,-106.6920556,1570.4,40108.1,6.177,155,102,142
2026-07-24T19:24:42Z,35.1523584,-106.6921214,1570.4,40114.6,6.429,153,103,140
2026-07-24T19:24:43Z,35.1523730,-106.6921859,1570.6,40120.9,6.270,155,104,127
2026-07-24T19:24:44Z,35.1523886,-106.6922513,1570.6,40127.2,6.326,155,104,126
2026-07-24T19:24:45Z,35.1523886,-106.6922513,1570.6,40133.6,6.429,154,104,123
2026-07-24T19:24:46Z,35.1524165,-106.6923826,1570.6,40140.1,6.485,155,104,118
2026-07-24T19:24:47Z,35.1524324,-106.6924620,1570.6,40146.5,6.410,153,104,122
2026-07-24T19:24:48Z,35.1524324,-106.6924620,1570.6,40153.0,6.466,155,103,111
2026-07-24T19:24:49Z,35.1524565,-106.6925825,1570.8,40159.2,6.233,154,103,116
2026-07-24T19:24:50Z,35.1524696,-106.6926493,1570.8,40165.4,6.177,153,103,108
2026-07-24T19:24:51Z,35.1524696,-106.6926493,1570.8,40171.4,6.009,153,102,110
2026-07-24T19:24:52Z,35.1524929,-106.6927790,1570.8,40177.6,6.224,154,102,132
2026-07-24T19:24:53Z,35.1525045,-106.6928449,1571.0,40183.5,5.850,153,101,134
2026-07-24T19:24:54Z,35.1525045,-106.6928449,1571.0,40189.5,6.000,153,101,121
2026-07-24T19:24:55Z,35.1525248,-106.6929736,1571.0,40195.4,5.888,153,100,103
2026-07-24T19:24:56Z,35.1525335,-106.6930373,1571.0,40201.3,5.944,152,99,93
2026-07-24T19:24:57Z,35.1525429,-106.6931012,1571.0,40207.2,5.897,152,97,72
2026-07-24T19:24:58Z,35.1525503,-106.6931626,1571.0,40212.9,5.720,152,95,52
2026-07-24T19:24:59Z,35.1525503,-106.6931626,1571.0,40218.4,5.542,150,91,12
2026-07-24T19:25:00Z,35.1525631,-106.6932804,1571.0,40223.6,5.179,152,91,0
2026-07-24T19:25:01Z,35.1525703,-106.6933343,1571.0,40228.3,4.647,150,91,0
2026-07-24T19:25:02Z,35.1525781,-106.6933839,1571.0,40232.6,4.273,149,0,0
2026-07-24T19:25:03Z,35.1525850,-106.6934291,1571.2,40236.6,4.031,149,0,0
2026-07-24T19:25:04Z,35.1525905,-106.6934715,1571.2,40240.5,3.882,148,0,0
2026-07-24T19:25:05Z,35.1525962,-106.6935093,1571.2,40244.0,3.574,148,0,0
2026-07-24T19:25:06Z,35.1525991,-106.6935436,1571.4,40247.2,3.191,148,0,0
2026-07-24T19:25:07Z,35.1526002,-106.6935715,1571.4,40250.0,2.799,148,0,0
2026-07-24T19:25:08Z,35.1526002,-106.6935715,1571.6,40252.8,2.799,148,0,0
2026-07-24T19:25:09Z,35.1526026,-106.6935913,1571.6,40252.8,0.000,146,0,0
2026-07-24T19:25:10Z,35.1526026,-106.6935913,1571.6,40252.8,0.000,147,0,0
2026-07-24T19:25:11Z,35.1526026,-106.6935913,1571.6,40252.8,0.000,146,0,0
2026-07-24T19:25:12Z,35.1526026,-106.6935913,1571.6,40252.8,0.000,147,4,0
2026-07-24T19:25:13Z,35.1526026,-106.6935913,1571.6,40252.8,0.000,146,0,0
2026-07-24T19:25:14Z,35.1526026,-106.6935913,1571.8,40252.8,0.000,145,0,0
2026-07-24T19:25:15Z,35.1526026,-106.6935913,1571.8,40252.8,0.000,145,0,0
2026-07-24T19:25:16Z,35.1526026,-106.6935913,1571.8,40252.8,0.000,145,0,0
2026-07-24T19:25:17Z,35.1526026,-106.6935913,1571.8,40252.8,0.000,144,0,0
2026-07-24T19:25:18Z,35.1526026,-106.6935913,1571.6,40252.8,0.000,143,0,0
2026-07-24T19:25:19Z,35.1526026,-106.6935913,1571.6,40252.8,0.000,143,0,0
2026-07-24T19:25:20Z,35.1526026,-106.6935913,1571.6,40252.8,0.000,144,0,0
2026-07-24T19:25:21Z,35.1526026,-106.6935913,1571.6,40252.8,0.000,139,0,0
2026-07-24T19:25:22Z,35.1526026,-106.6935913,1571.6,40252.8,0.000,139,0,0
2026-07-24T19:25:23Z,35.1526036,-106.6935932,1571.6,40252.8,0.000,141,0,0
2026-07-24T19:25:24Z,35.1526082,-106.6936236,1571.6,40255.3,2.501,140,0,0
2026-07-24T19:25:25Z,35.1526117,-106.6936456,1571.6,40257.5,2.137,137,0,0
2026-07-24T19:25:26Z,35.1526144,-106.6936750,1571.6,40260.2,2.706,137,0,0
2026-07-24T19:25:27Z,35.1526167,-106.6937131,1571.6,40264.3,4.124,138,13,0
2026-07-24T19:25:28Z,35.1526190,-106.6937612,1571.6,40268.8,4.460,138,70,312
2026-07-24T19:25:29Z,35.1526211,-106.6938122,1571.6,40273.8,5.020,138,80,228
2026-07-24T19:25:30Z,35.1526268,-106.6938684,1571.6,40279.2,5.365,138,83,205
2026-07-24T19:25:31Z,35.1526268,-106.6938684,1571.6,40284.4,5.309,137,86,202
2026-07-24T19:25:32Z,35.1526421,-106.6939955,1571.6,40289.7,5.300,139,88,206
2026-07-24T19:25:33Z,35.1526474,-106.6940717,1571.6,40295.0,5.300,138,89,209
2026-07-24T19:25:34Z,35.1526474,-106.6940717,1571.6,40300.5,5.468,139,90,203
2026-07-24T19:25:35Z,35.1526514,-106.6941800,1571.8,40306.2,5.673,139,93,186
2026-07-24T19:25:36Z,35.1526542,-106.6942411,1571.8,40312.2,6.065,139,95,159
2026-07-24T19:25:37Z,35.1526575,-106.6943038,1571.8,40318.2,5.981,138,96,154
2026-07-24T19:25:38Z,35.1526613,-106.6943677,1571.8,40324.2,5.934,138,97,150
2026-07-24T19:25:39Z,35.1526655,-106.6944343,1572.0,40330.2,6.009,139,97,146
2026-07-24T19:25:40Z,35.1526703,-106.6945048,1572.2,40336.1,5.962,138,98,157
2026-07-24T19:25:41Z,35.1526748,-106.6945720,1572.2,40342.1,5.934,139,99,142
2026-07-24T19:25:42Z,35.1526800,-106.6946395,1572.6,40348.2,6.149,140,100,154
2026-07-24T19:25:43Z,35.1526840,-106.6947069,1572.6,40354.4,6.158,139,101,137
2026-07-24T19:25:44Z,35.1526832,-106.6947739,1572.8,40360.7,6.336,140,103,127
2026-07-24T19:25:45Z,35.1526832,-106.6947739,1572.8,40366.9,6.242,142,103,105
2026-07-24T19:25:46Z,35.1526789,-106.6949074,1572.8,40373.3,6.336,142,103,113
2026-07-24T19:25:47Z,35.1526813,-106.6949763,1573.0,40379.9,6.559,142,98,113
2026-07-24T19:25:48Z,35.1526843,-106.6950440,1573.0,40386.5,6.681,142,96,120
2026-07-24T19:25:49Z,35.1526892,-106.6951178,1572.8,40393.4,6.886,143,99,108
2026-07-24T19:25:50Z,35.1526910,-106.6951962,1572.8,40400.4,6.970,143,99,101
2026-07-24T19:25:51Z,35.1526902,-106.6952736,1573.0,40407.3,6.867,143,101,101
2026-07-24T19:25:52Z,35.1526910,-106.6953497,1572.8,40414.3,7.082,143,103,95
2026-07-24T19:25:53Z,35.1526931,-106.6954249,1572.8,40421.2,6.886,143,103,86
2026-07-24T19:25:54Z,35.1526931,-106.6954249,1572.8,40428.4,7.147,142,104,77
2026-07-24T19:25:55Z,35.1526981,-106.6955793,1572.8,40435.4,7.017,143,104,64
2026-07-24T19:25:56Z,35.1526988,-106.6956543,1572.6,40442.5,7.101,143,100,78
2026-07-24T19:25:57Z,35.1526988,-106.6956543,1572.6,40449.5,7.063,143,98,86
2026-07-24T19:25:58Z,35.1526978,-106.6958087,1572.6,40456.6,7.063,143,98,84
2026-07-24T19:25:59Z,35.1526958,-106.6958819,1572.8,40463.8,7.147,142,99,87
2026-07-24T19:26:00Z,35.1526971,-106.6959591,1572.8,40470.9,7.147,142,99,83
2026-07-24T19:26:01Z,35.1526989,-106.6960374,1572.8,40478.2,7.287,143,99,89
2026-07-24T19:26:02Z,35.1526964,-106.6961133,1572.8,40485.3,7.147,143,99,89
2026-07-24T19:26:03Z,35.1526944,-106.6961901,1572.6,40492.5,7.147,142,100,87
2026-07-24T19:26:04Z,35.1526937,-106.6962682,1572.8,40499.8,7.353,142,100,91
2026-07-24T19:26:05Z,35.1526920,-106.6963437,1572.8,40507.7,7.884,141,101,90
2026-07-24T19:26:06Z,35.1526915,-106.6964168,1572.8,40514.8,7.101,141,101,88
2026-07-24T19:26:07Z,35.1526911,-106.6964896,1572.8,40522.3,7.465,141,102,84
2026-07-24T19:26:08Z,35.1526905,-106.6965679,1573.0,40529.8,7.502,141,103,79
2026-07-24T19:26:09Z,35.1526927,-106.6966496,1573.0,40537.5,7.688,141,104,85
2026-07-24T19:26:10Z,35.1526918,-106.6967325,1573.0,40545.0,7.511,141,105,76
2026-07-24T19:26:11Z,35.1526884,-106.6968119,1573.0,40552.6,7.614,141,105,65
2026-07-24T19:26:12Z,35.1526861,-106.6968916,1573.2,40560.2,7.558,141,105,65
2026-07-24T19:26:13Z,35.1526853,-106.6969715,1573.2,40568.0,7.828,140,105,68
2026-07-24T19:26:14Z,35.1526855,-106.6970530,1573.2,40575.8,7.772,138,105,67
2026-07-24T19:26:15Z,35.1526843,-106.6971343,1573.2,40583.6,7.800,138,105,38
2026-07-24T19:26:16Z,35.1526857,-106.6972187,1573.2,40591.3,7.744,137,70,38
2026-07-24T19:26:17Z,35.1526854,-106.6973009,1573.2,40598.9,7.558,137,97,112
2026-07-24T19:26:18Z,35.1526827,-106.6973808,1573.2,40606.5,7.642,137,98,123
2026-07-24T19:26:19Z,35.1526785,-106.6974611,1573.0,40614.4,7.940,136,98,104
2026-07-24T19:26:20Z,35.1526759,-106.6975425,1572.8,40622.3,7.856,136,99,105
2026-07-24T19:26:21Z,35.1526741,-106.6976271,1572.8,40630.2,7.912,136,99,107
2026-07-24T19:26:22Z,35.1526740,-106.6977117,1572.6,40638.2,7.940,136,100,107
2026-07-24T19:26:23Z,35.1526780,-106.6977999,1572.4,40646.4,8.202,137,101,105
2026-07-24T19:26:24Z,35.1526784,-106.6978869,1572.4,40654.4,8.015,136,102,105
2026-07-24T19:26:25Z,35.1526771,-106.6979721,1572.4,40662.4,7.959,136,102,122
2026-07-24T19:26:26Z,35.1526755,-106.6980579,1572.2,40670.4,8.015,135,102,105
2026-07-24T19:26:27Z,35.1526712,-106.6981440,1572.2,40678.5,8.164,135,102,104
2026-07-24T19:26:28Z,35.1526674,-106.6982303,1572.2,40686.8,8.286,135,102,108
2026-07-24T19:26:29Z,35.1526658,-106.6983159,1572.2,40694.6,7.791,135,102,108
2026-07-24T19:26:30Z,35.1526653,-106.6984018,1572.2,40702.5,7.931,135,102,118
2026-07-24T19:26:31Z,35.1526662,-106.6984866,1572.2,40710.4,7.875,135,100,151
2026-07-24T19:26:32Z,35.1526665,-106.6985707,1572.2,40718.5,8.099,135,100,160
2026-07-24T19:26:33Z,35.1526657,-106.6986552,1572.2,40726.3,7.763,135,100,154
2026-07-24T19:26:34Z,35.1526636,-106.6987383,1572.2,40734.1,7.800,135,99,146
2026-07-24T19:26:35Z,35.1526604,-106.6988203,1572.2,40741.6,7.577,134,98,176
2026-07-24T19:26:36Z,35.1526588,-106.6989024,1572.0,40749.2,7.539,135,96,204
2026-07-24T19:26:37Z,35.1526593,-106.6989828,1572.0,40756.7,7.502,135,96,210
2026-07-24T19:26:38Z,35.1526603,-106.6990646,1572.0,40764.0,7.371,136,97,213
2026-07-24T19:26:39Z,35.1526592,-106.6991447,1572.0,40771.8,7.744,136,96,205
2026-07-24T19:26:40Z,35.1526590,-106.6992252,1572.0,40779.2,7.427,137,96,210
2026-07-24T19:26:41Z,35.1526579,-106.6993054,1572.2,40786.6,7.427,136,95,210
2026-07-24T19:26:42Z,35.1526566,-106.6993849,1572.2,40794.3,7.633,137,95,188
2026-07-24T19:26:43Z,35.1526567,-106.6994653,1572.2,40801.7,7.409,137,95,200
2026-07-24T19:26:44Z,35.1526588,-106.6995457,1572.4,40809.1,7.455,137,95,188
2026-07-24T19:26:45Z,35.1526608,-106.6996259,1572.6,40816.4,7.259,138,95,186
2026-07-24T19:26:46Z,35.1526620,-106.6997052,1572.6,40823.8,7.409,139,95,209
2026-07-24T19:26:47Z,35.1526616,-106.6997822,1572.8,40830.9,7.147,140,93,209
2026-07-24T19:26:48Z,35.1526629,-106.6998595,1572.8,40838.1,7.166,141,91,207
2026-07-24T19:26:49Z,35.1526638,-106.6999367,1572.8,40845.3,7.194,142,90,214
2026-07-24T19:26:50Z,35.1526634,-106.7000139,1573.0,40852.3,6.933,142,89,230
2026-07-24T19:26:51Z,35.1526643,-106.7000901,1573.0,40859.3,7.007,143,90,263
2026-07-24T19:26:52Z,35.1526676,-106.7001638,1573.4,40866.4,7.119,144,90,223
2026-07-24T19:26:53Z,35.1526688,-106.7002380,1573.4,40873.6,7.213,144,90,195
2026-07-24T19:26:54Z,35.1526669,-106.7003152,1574.0,40880.8,7.166,145,90,178
2026-07-24T19:26:55Z,35.1526664,-106.7003929,1574.0,40887.9,7.166,146,90,170
2026-07-24T19:26:56Z,35.1526656,-106.7004856,1574.4,40895.1,7.166,146,90,164
2026-07-24T19:26:57Z,35.1526643,-106.7005474,1574.4,40902.1,7.045,146,91,165
2026-07-24T19:26:58Z,35.1526643,-106.7006250,1574.6,40909.3,7.147,146,91,156
2026-07-24T19:26:59Z,35.1526651,-106.7007015,1575.0,40916.5,7.166,147,92,150
2026-07-24T19:27:00Z,35.1526639,-106.7007800,1575.2,40923.8,7.306,147,92,149
2026-07-24T19:27:01Z,35.1526614,-106.7008583,1575.4,40931.1,7.343,147,92,146
2026-07-24T19:27:02Z,35.1526604,-106.7009370,1575.6,40938.4,7.278,148,93,149
2026-07-24T19:27:03Z,35.1526614,-106.7010158,1575.6,40945.6,7.278,147,93,158
2026-07-24T19:27:04Z,35.1526639,-106.7010950,1575.6,40952.9,7.269,148,93,149
2026-07-24T19:27:05Z,35.1526652,-106.7011726,1575.6,40960.1,7.166,148,92,153
2026-07-24T19:27:06Z,35.1526667,-106.7012526,1575.6,40967.5,7.381,149,92,203
2026-07-24T19:27:07Z,35.1526685,-106.7013337,1575.6,40974.8,7.353,149,93,203
2026-07-24T19:27:08Z,35.1526696,-106.7014121,1575.8,40981.9,7.119,149,93,158
2026-07-24T19:27:09Z,35.1526697,-106.7014906,1575.8,40989.1,7.166,149,92,152
2026-07-24T19:27:10Z,35.1526707,-106.7015685,1576.0,40996.2,7.091,149,92,146
2026-07-24T19:27:11Z,35.1526723,-106.7016445,1576.0,41003.3,7.138,149,91,144
2026-07-24T19:27:12Z,35.1526738,-106.7017204,1576.0,41010.4,7.035,149,91,161
2026-07-24T19:27:13Z,35.1526730,-106.7017962,1576.0,41017.3,6.923,151,90,151
2026-07-24T19:27:14Z,35.1526736,-106.7018725,1576.0,41024.3,7.007,149,90,168
2026-07-24T19:27:15Z,35.1526755,-106.7019488,1576.0,41031.3,6.961,150,90,165
2026-07-24T19:27:16Z,35.1526782,-106.7020260,1576.2,41038.1,6.877,149,90,180
2026-07-24T19:27:17Z,35.1526813,-106.7021033,1576.4,41045.2,7.101,149,90,175
2026-07-24T19:27:18Z,35.1526848,-106.7021793,1576.6,41052.1,6.811,149,90,158
2026-07-24T19:27:19Z,35.1526885,-106.7022543,1576.6,41059.1,7.054,150,90,142
2026-07-24T19:27:20Z,35.1526960,-106.7023301,1576.6,41066.1,7.035,150,90,153
2026-07-24T19:27:21Z,35.1527040,-106.7024041,1576.6,41073.1,6.942,150,90,153
2026-07-24T19:27:22Z,35.1527104,-106.7024797,1576.6,41080.0,6.942,149,90,152
2026-07-24T19:27:23Z,35.1527145,-106.7025544,1576.6,41087.1,7.063,149,90,153
2026-07-24T19:27:24Z,35.1527192,-106.7026314,1576.6,41094.1,7.054,150,90,161
2026-07-24T19:27:25Z,35.1527239,-106.7027052,1576.8,41101.1,7.007,149,91,153
2026-07-24T19:27:26Z,35.1527318,-106.7027794,1576.8,41108.5,7.315,149,91,156
2026-07-24T19:27:27Z,35.1527417,-106.7028553,1576.8,41115.6,7.166,149,92,135
2026-07-24T19:27:28Z,35.1527468,-106.7029319,1577.0,41122.9,7.222,149,93,152
2026-07-24T19:27:29Z,35.1527544,-106.7030112,1577.0,41130.0,7.166,148,94,137
2026-07-24T19:27:30Z,35.1527620,-106.7030876,1577.2,41137.2,7.194,148,94,141
2026-07-24T19:27:31Z,35.1527706,-106.7031657,1577.4,41144.4,7.241,148,95,137
2026-07-24T19:27:32Z,35.1527822,-106.7032453,1577.4,41151.8,7.315,148,95,130
2026-07-24T19:27:33Z,35.1527934,-106.7033275,1577.4,41159.1,7.315,148,95,142
2026-07-24T19:27:34Z,35.1528039,-106.7034063,1577.6,41166.4,7.334,147,94,163
2026-07-24T19:27:35Z,35.1528127,-106.7034846,1577.8,41173.6,7.241,148,94,161
2026-07-24T19:27:36Z,35.1528221,-106.7035647,1577.8,41181.0,7.343,147,94,151
2026-07-24T19:27:37Z,35.1528327,-106.7036441,1577.8,41188.2,7.194,147,93,143
2026-07-24T19:27:38Z,35.1528429,-106.7037216,1577.8,41195.4,7.147,147,93,142
2026-07-24T19:27:39Z,35.1528526,-106.7038014,1577.8,41202.5,7.175,147,93,149
2026-07-24T19:27:40Z,35.1528599,-106.7038795,1577.8,41209.6,7.054,147,93,140
2026-07-24T19:27:41Z,35.1528675,-106.7039575,1577.8,41216.7,7.147,147,93,133
2026-07-24T19:27:42Z,35.1528743,-106.7040336,1577.8,41223.8,7.082,147,91,133
2026-07-24T19:27:43Z,35.1528809,-106.7041103,1577.8,41230.7,6.895,147,91,151
2026-07-24T19:27:44Z,35.1528863,-106.7041860,1577.8,41237.6,6.877,147,91,142
2026-07-24T19:27:45Z,35.1528863,-106.7041860,1577.8,41244.7,7.101,147,91,142
2026-07-24T19:27:46Z,35.1528967,-106.7043397,1577.8,41251.8,7.054,147,91,146
2026-07-24T19:27:47Z,35.1529029,-106.7044162,1578.0,41258.7,6.989,147,91,143
2026-07-24T19:27:48Z,35.1529079,-106.7044928,1578.0,41265.6,6.895,147,91,163
2026-07-24T19:27:49Z,35.1529106,-106.7045693,1578.2,41272.6,6.970,147,91,170
2026-07-24T19:27:50Z,35.1529139,-106.7046454,1578.2,41279.6,7.045,147,91,170
2026-07-24T19:27:51Z,35.1529184,-106.7047210,1578.2,41286.6,6.979,146,91,187
2026-07-24T19:27:52Z,35.1529229,-106.7047977,1578.4,41293.5,6.886,146,91,189
2026-07-24T19:27:53Z,35.1529273,-106.7048756,1578.4,41300.5,6.989,146,91,198
2026-07-24T19:27:54Z,35.1529314,-106.7049527,1578.6,41307.4,6.970,146,91,186
2026-07-24T19:27:55Z,35.1529341,-106.7050302,1578.6,41314.6,7.129,145,91,183
2026-07-24T19:27:56Z,35.1529351,-106.7051071,1578.6,41321.6,7.054,145,91,183
2026-07-24T19:27:57Z,35.1529377,-106.7051850,1578.6,41328.5,6.895,146,91,183
2026-07-24T19:27:58Z,35.1529408,-106.7052640,1578.6,41335.7,7.194,146,91,189
2026-07-24T19:27:59Z,35.1529423,-106.7053420,1578.6,41342.7,7.007,147,91,191
2026-07-24T19:28:00Z,35.1529440,-106.7054201,1578.6,41349.7,6.989,146,91,184
2026-07-24T19:28:01Z,35.1529447,-106.7054985,1578.6,41356.8,7.082,146,91,196
2026-07-24T19:28:02Z,35.1529443,-106.7055757,1578.6,41363.8,6.989,146,91,201
2026-07-24T19:28:03Z,35.1529433,-106.7056535,1578.6,41370.9,7.101,145,92,186
2026-07-24T19:28:04Z,35.1529435,-106.7057300,1578.6,41378.1,7.194,145,91,195
2026-07-24T19:28:05Z,35.1529437,-106.7058073,1578.8,41385.2,7.129,145,92,211
2026-07-24T19:28:06Z,35.1529421,-106.7059015,1578.8,41392.5,7.315,146,92,182
2026-07-24T19:28:07Z,35.1529431,-106.7059638,1578.8,41399.7,7.110,145,93,166
2026-07-24T19:28:08Z,35.1529453,-106.7060409,1579.2,41406.9,7.278,145,92,151
2026-07-24T19:28:09Z,35.1529457,-106.7061204,1579.2,41414.0,7.063,146,92,153
2026-07-24T19:28:10Z,35.1529448,-106.7061982,1579.4,41421.0,6.998,146,91,166
2026-07-24T19:28:11Z,35.1529443,-106.7062763,1579.4,41428.0,6.998,146,91,165
2026-07-24T19:28:12Z,35.1529448,-106.7063534,1579.4,41434.8,6.821,146,90,172
2026-07-24T19:28:13Z,35.1529472,-106.7064292,1579.6,41441.8,7.017,145,90,170
2026-07-24T19:28:14Z,35.1529508,-106.7065057,1579.6,41448.8,7.017,147,89,176
2026-07-24T19:28:15Z,35.1529494,-106.7065812,1579.6,41455.6,6.783,146,89,174
2026-07-24T19:28:16Z,35.1529447,-106.7066558,1579.6,41462.7,7.091,146,88,204
2026-07-24T19:28:17Z,35.1529417,-106.7067321,1579.4,41469.5,6.783,146,88,182
2026-07-24T19:28:18Z,35.1529411,-106.7068081,1579.4,41476.1,6.615,146,88,183
2026-07-24T19:28:19Z,35.1529424,-106.7068813,1579.4,41482.8,6.681,146,87,173
2026-07-24T19:28:20Z,35.1529466,-106.7069680,1579.4,41489.5,6.755,145,86,157
2026-07-24T19:28:21Z,35.1529476,-106.7070261,1579.4,41496.1,6.597,145,86,154
2026-07-24T19:28:22Z,35.1529477,-106.7070992,1579.4,41502.8,6.634,145,86,166
2026-07-24T19:28:23Z,35.1529452,-106.7071711,1579.4,41509.3,6.559,145,86,170
2026-07-24T19:28:24Z,35.1529440,-106.7072452,1579.4,41515.8,6.503,144,88,170
2026-07-24T19:28:25Z,35.1529425,-106.7073192,1579.4,41522.4,6.550,145,100,148
2026-07-24T19:28:26Z,35.1529418,-106.7073929,1579.6,41529.0,6.606,145,100,125
2026-07-24T19:28:27Z,35.1529436,-106.7074645,1579.8,41535.5,6.513,146,100,123
2026-07-24T19:28:28Z,35.1529455,-106.7075354,1580.0,41542.2,6.662,145,100,165
2026-07-24T19:28:29Z,35.1529471,-106.7076058,1580.2,41548.8,6.643,144,101,170
2026-07-24T19:28:30Z,35.1529464,-106.7076759,1580.4,41555.2,6.392,145,100,149
2026-07-24T19:28:31Z,35.1529458,-106.7077486,1580.6,41561.8,6.615,145,99,135
2026-07-24T19:28:32Z,35.1529460,-106.7078224,1580.6,41568.2,6.410,145,99,125
2026-07-24T19:28:33Z,35.1529474,-106.7078963,1580.6,41574.8,6.550,145,99,141
2026-07-24T19:28:34Z,35.1529461,-106.7079674,1580.6,41581.1,6.373,144,98,137
2026-07-24T19:28:35Z,35.1529437,-106.7080376,1580.6,41587.5,6.354,144,97,142
2026-07-24T19:28:36Z,35.1529427,-106.7081070,1580.6,41593.6,6.158,145,96,143
2026-07-24T19:28:37Z,35.1529448,-106.7081752,1580.8,41600.1,6.410,145,96,137
2026-07-24T19:28:38Z,35.1529449,-106.7082435,1580.8,41606.4,6.345,145,96,153
2026-07-24T19:28:39Z,35.1529448,-106.7083140,1580.8,41612.7,6.242,145,96,139
2026-07-24T19:28:40Z,35.1529455,-106.7083831,1581.0,41619.3,6.587,144,97,145
2026-07-24T19:28:41Z,35.1529459,-106.7084524,1581.0,41625.5,6.280,145,97,150
2026-07-24T19:28:42Z,35.1529440,-106.7085246,1581.2,41632.1,6.578,145,98,146
2026-07-24T19:28:43Z,35.1529445,-106.7085978,1581.4,41638.6,6.466,145,98,149
2026-07-24T19:28:44Z,35.1529438,-106.7086697,1581.4,41645.1,6.559,145,99,147
2026-07-24T19:28:45Z,35.1529443,-106.7087397,1581.4,41651.7,6.559,145,98,139
2026-07-24T19:28:46Z,35.1529461,-106.7088102,1581.4,41658.0,6.354,145,98,154
2026-07-24T19:28:47Z,35.1529468,-106.7088805,1581.8,41664.5,6.429,145,99,143
2026-07-24T19:28:48Z,35.1529464,-106.7089520,1581.8,41671.0,6.559,145,99,144
2026-07-24T19:28:49Z,35.1529459,-106.7090239,1581.8,41677.5,6.429,144,100,136
2026-07-24T19:28:50Z,35.1529466,-106.7090961,1582.0,41684.1,6.681,145,100,131
2026-07-24T19:28:51Z,35.1529490,-106.7091687,1582.0,41690.8,6.662,145,101,131
2026-07-24T19:28:52Z,35.1529503,-106.7092454,1582.0,41697.6,6.793,145,103,125
2026-07-24T19:28:53Z,35.1529497,-106.7093200,1581.8,41704.4,6.765,143,102,116
2026-07-24T19:28:54Z,35.1529526,-106.7093925,1581.8,41711.0,6.662,143,102,106
2026-07-24T19:28:55Z,35.1529547,-106.7094655,1581.6,41717.7,6.662,142,102,106
2026-07-24T19:28:56Z,35.1529539,-106.7095376,1581.6,41724.4,6.662,144,101,113
2026-07-24T19:28:57Z,35.1529532,-106.7096106,1581.6,41730.8,6.485,145,101,107
2026-07-24T19:28:58Z,35.1529547,-106.7096843,1581.6,41737.6,6.765,144,101,102
2026-07-24T19:28:59Z,35.1529557,-106.7097586,1581.6,41744.1,6.541,144,101,104
2026-07-24T19:29:00Z,35.1529562,-106.7098306,1581.6,41750.8,6.625,143,101,103
2026-07-24T19:29:01Z,35.1529563,-106.7099037,1581.6,41757.4,6.690,144,101,112
2026-07-24T19:29:02Z,35.1529578,-106.7099777,1581.6,41764.1,6.681,144,102,112
2026-07-24T19:29:03Z,35.1529583,-106.7100641,1581.6,41770.7,6.559,143,101,123
2026-07-24T19:29:04Z,35.1529593,-106.7101224,1581.6,41777.3,6.615,146,101,110
2026-07-24T19:29:05Z,35.1529606,-106.7101939,1581.6,41783.9,6.597,145,100,122
2026-07-24T19:29:06Z,35.1529623,-106.7102674,1581.6,41790.5,6.578,145,100,132
2026-07-24T19:29:07Z,35.1529617,-106.7103403,1581.6,41797.0,6.485,144,101,127
2026-07-24T19:29:08Z,35.1529606,-106.7104132,1581.8,41803.5,6.559,145,101,127
2026-07-24T19:29:09Z,35.1529601,-106.7104856,1581.8,41810.2,6.662,144,100,144
2026-07-24T19:29:10Z,35.1529610,-106.7105580,1582.0,41816.9,6.681,145,101,153
2026-07-24T19:29:11Z,35.1529599,-106.7106289,1582.0,41823.5,6.662,145,101,151
2026-07-24T19:29:12Z,35.1529591,-106.7107010,1582.0,41830.1,6.597,144,101,151
2026-07-24T19:29:13Z,35.1529585,-106.7107750,1582.0,41836.9,6.727,145,100,144
2026-07-24T19:29:14Z,35.1529585,-106.7108473,1582.0,41843.2,6.354,146,100,146
2026-07-24T19:29:15Z,35.1529562,-106.7109184,1582.0,41849.6,6.410,144,99,154
2026-07-24T19:29:16Z,35.1529564,-106.7109881,1582.0,41856.0,6.364,146,98,160
2026-07-24T19:29:17Z,35.1529562,-106.7110576,1581.8,41862.4,6.410,146,97,165
2026-07-24T19:29:18Z,35.1529572,-106.7111275,1581.8,41868.7,6.317,146,97,159
2026-07-24T19:29:19Z,35.1529596,-106.7111979,1581.6,41875.0,6.317,146,97,148
2026-07-24T19:29:20Z,35.1529571,-106.7112673,1581.6,41881.3,6.242,145,96,173
2026-07-24T19:29:21Z,35.1529524,-106.7113358,1581.4,41887.4,6.149,146,96,196
2026-07-24T19:29:22Z,35.1529512,-106.7114027,1581.4,41893.5,6.046,146,94,196
2026-07-24T19:29:23Z,35.1529514,-106.7114694,1581.2,41899.6,6.102,146,94,206
2026-07-24T19:29:24Z,35.1529525,-106.7115374,1581.2,41905.6,6.065,146,94,200
2026-07-24T19:29:25Z,35.1529537,-106.7116173,1581.2,41911.9,6.280,147,94,208
2026-07-24T19:29:26Z,35.1529542,-106.7116724,1581.2,41917.9,6.000,146,94,206
2026-07-24T19:29:27Z,35.1529516,-106.7117375,1581.2,41924.0,6.084,147,94,187
2026-07-24T19:29:28Z,35.1529500,-106.7118035,1581.2,41930.1,6.140,145,94,191
2026-07-24T19:29:29Z,35.1529510,-106.7118716,1581.2,41936.2,6.084,146,93,178
2026-07-24T19:29:30Z,35.1529491,-106.7119390,1581.2,41942.3,6.084,146,93,183
2026-07-24T19:29:31Z,35.1529480,-106.7120044,1581.2,41948.4,6.056,146,92,176
2026-07-24T19:29:32Z,35.1529475,-106.7120701,1581.4,41954.4,6.018,147,92,180
2026-07-24T19:29:33Z,35.1529511,-106.7121374,1581.6,41960.5,6.168,146,91,183
2026-07-24T19:29:34Z,35.1529532,-106.7122043,1581.8,41966.3,5.785,147,91,172
2026-07-24T19:29:35Z,35.1529530,-106.7122685,1581.8,41972.2,5.869,147,89,194
2026-07-24T19:29:36Z,35.1529526,-106.7123323,1581.8,41978.1,5.897,145,88,220
2026-07-24T19:29:37Z,35.1529529,-106.7123951,1582.0,41983.7,5.598,146,88,216
2026-07-24T19:29:38Z,35.1529535,-106.7124580,1582.0,41989.4,5.748,147,87,253
2026-07-24T19:29:39Z,35.1529540,-106.7125204,1582.0,41995.1,5.654,147,87,258
2026-07-24T19:29:40Z,35.1529542,-106.7125839,1582.0,42000.9,5.757,148,87,243
2026-07-24T19:29:41Z,35.1529554,-106.7126459,1582.2,42006.6,5.729,147,87,243
2026-07-24T19:29:42Z,35.1529550,-106.7127086,1582.2,42012.4,5.850,147,88,238
2026-07-24T19:29:43Z,35.1529542,-106.7127712,1582.4,42017.9,5.468,147,87,253
2026-07-24T19:29:44Z,35.1529542,-106.7128331,1582.6,42023.5,5.636,148,85,242
2026-07-24T19:29:45Z,35.1529538,-106.7128939,1582.8,42028.9,5.346,149,84,238
2026-07-24T19:29:46Z,35.1529526,-106.7129535,1583.0,42034.1,5.263,148,83,258
2026-07-24T19:29:47Z,35.1529521,-106.7130119,1583.2,42039.5,5.318,150,83,240
2026-07-24T19:29:48Z,35.1529528,-106.7130699,1583.2,42044.5,5.048,150,89,240
2026-07-24T19:29:49Z,35.1529532,-106.7131247,1583.2,42049.5,5.020,149,97,212
2026-07-24T19:29:50Z,35.1529539,-106.7131791,1583.4,42054.2,4.712,150,95,207
2026-07-24T19:29:51Z,35.1529545,-106.7132329,1583.6,42059.0,4.712,152,94,202
2026-07-24T19:29:52Z,35.1529546,-106.7132857,1583.8,42063.9,4.927,151,93,217
2026-07-24T19:29:53Z,35.1529557,-106.7133376,1584.0,42068.5,4.628,152,91,196
2026-07-24T19:29:54Z,35.1529585,-106.7133884,1584.2,42073.1,4.609,151,89,195
2026-07-24T19:29:55Z,35.1529581,-106.7134378,1584.2,42077.6,4.479,152,87,196
2026-07-24T19:29:56Z,35.1529537,-106.7134864,1584.6,42081.9,4.301,152,85,245
2026-07-24T19:29:57Z,35.1529528,-106.7135324,1584.6,42086.2,4.283,153,83,199
2026-07-24T19:29:58Z,35.1529545,-106.7135777,1584.8,42090.4,4.264,153,82,225
2026-07-24T19:29:59Z,35.1529541,-106.7136257,1584.8,42094.5,4.087,153,81,200
2026-07-24T19:30:00Z,35.1529554,-106.7136712,1585.0,42098.7,4.143,152,80,210
2026-07-24T19:30:01Z,35.1529547,-106.7137169,1585.0,42102.8,4.078,153,79,234
2026-07-24T19:30:02Z,35.1529526,-106.7137615,1585.2,42106.9,4.133,154,79,230
2026-07-24T19:30:03Z,35.1529528,-106.7138053,1585.4,42110.8,3.947,153,78,230
2026-07-24T19:30:04Z,35.1529536,-106.7138489,1585.6,42114.8,3.928,154,77,245
2026-07-24T19:30:05Z,35.1529537,-106.7138934,1585.8,42118.7,3.984,153,77,233
2026-07-24T19:30:06Z,35.1529541,-106.7139378,1585.8,42122.8,4.087,154,77,211
2026-07-24T19:30:07Z,35.1529538,-106.7139819,1586.0,42126.8,4.012,155,77,211
2026-07-24T19:30:08Z,35.1529535,-106.7140241,1586.0,42130.8,3.966,154,76,227
2026-07-24T19:30:09Z,35.1529523,-106.7140673,1586.4,42134.9,4.087,154,76,218
2026-07-24T19:30:10Z,35.1529516,-106.7141108,1586.6,42138.9,3.994,154,77,218
2026-07-24T19:30:11Z,35.1529520,-106.7141545,1586.8,42142.9,3.994,154,77,203
2026-07-24T19:30:12Z,35.1529503,-106.7141998,1587.2,42147.1,4.180,154,77,205
2026-07-24T19:30:13Z,35.1529491,-106.7142453,1587.2,42151.0,3.966,154,78,194
2026-07-24T19:30:14Z,35.1529508,-106.7142902,1587.6,42155.3,4.227,154,78,207
2026-07-24T19:30:15Z,35.1529524,-106.7143349,1587.6,42159.4,4.133,154,79,207
2026-07-24T19:30:16Z,35.1529539,-106.7143818,1588.0,42163.4,4.022,155,79,191
2026-07-24T19:30:17Z,35.1529542,-106.7144283,1588.0,42167.5,4.087,154,78,202
2026-07-24T19:30:18Z,35.1529522,-106.7144736,1588.2,42171.6,4.115,155,79,193
2026-07-24T19:30:19Z,35.1529517,-106.7145196,1588.4,42175.7,4.133,154,80,196
2026-07-24T19:30:20Z,35.1529514,-106.7145648,1588.6,42180.0,4.264,155,81,178
2026-07-24T19:30:21Z,35.1529490,-106.7146197,1588.8,42184.3,4.264,153,80,185
2026-07-24T19:30:22Z,35.1529476,-106.7146559,1588.8,42188.5,4.245,153,81,185
2026-07-24T19:30:23Z,35.1529490,-106.7147012,1589.0,42192.8,4.236,155,80,182
2026-07-24T19:30:24Z,35.1529497,-106.7147461,1589.0,42197.0,4.199,155,80,169
2026-07-24T19:30:25Z,35.1529500,-106.7148016,1589.2,42201.2,4.208,155,80,173
2026-07-24T19:30:26Z,35.1529520,-106.7148383,1589.4,42205.6,4.395,155,82,172
2026-07-24T19:30:27Z,35.1529518,-106.7148860,1589.6,42209.9,4.348,155,82,163
2026-07-24T19:30:28Z,35.1529510,-106.7149337,1589.6,42214.3,4.423,156,84,163
2026-07-24T19:30:29Z,35.1529505,-106.7149823,1589.8,42218.7,4.367,155,84,154
2026-07-24T19:30:30Z,35.1529522,-106.7150404,1589.8,42223.1,4.423,155,85,154
2026-07-24T19:30:31Z,35.1529516,-106.7150819,1590.0,42227.7,4.591,155,87,170
2026-07-24T19:30:32Z,35.1529500,-106.7151324,1590.0,42232.3,4.591,155,88,181
2026-07-24T19:30:33Z,35.1529469,-106.7151851,1590.2,42236.9,4.553,155,89,178
2026-07-24T19:30:34Z,35.1529451,-106.7152483,1590.2,42241.7,4.880,156,92,151
2026-07-24T19:30:35Z,35.1529438,-106.7152891,1590.2,42246.5,4.796,157,92,137
2026-07-24T19:30:36Z,35.1529408,-106.7153417,1590.2,42251.3,4.749,156,92,139
2026-07-24T19:30:37Z,35.1529371,-106.7153946,1590.4,42256.0,4.740,154,92,134
2026-07-24T19:30:38Z,35.1529329,-106.7154479,1590.4,42260.7,4.675,154,92,143
2026-07-24T19:30:39Z,35.1529292,-106.7155014,1590.4,42265.6,4.955,156,92,155
2026-07-24T19:30:40Z,35.1529243,-106.7155538,1590.4,42270.4,4.787,154,93,170
2026-07-24T19:30:41Z,35.1529184,-106.7156070,1590.4,42275.5,5.048,154,94,145
2026-07-24T19:30:42Z,35.1529137,-106.7156607,1590.4,42280.3,4.843,154,94,128
2026-07-24T19:30:43Z,35.1529068,-106.7157140,1590.4,42285.4,5.067,153,95,135
2026-07-24T19:30:44Z,35.1528993,-106.7157688,1590.4,42290.5,5.085,155,97,120
2026-07-24T19:30:45Z,35.1528886,-106.7158238,1590.4,42295.5,5.020,153,97,105
2026-07-24T19:30:46Z,35.1528789,-106.7158795,1590.2,42300.6,5.095,153,98,109
2026-07-24T19:30:47Z,35.1528680,-106.7159361,1590.2,42305.8,5.225,152,100,107
2026-07-24T19:30:48Z,35.1528559,-106.7159929,1590.2,42311.1,5.291,153,100,103
2026-07-24T19:30:49Z,35.1528433,-106.7160486,1590.2,42316.4,5.263,152,100,96
2026-07-24T19:30:50Z,35.1528308,-106.7161045,1590.2,42321.7,5.356,153,96,98
2026-07-24T19:30:51Z,35.1528195,-106.7161616,1590.2,42327.3,5.533,152,89,110
2026-07-24T19:30:52Z,35.1528086,-106.7162208,1590.2,42332.8,5.524,153,91,92
2026-07-24T19:30:53Z,35.1527928,-106.7162898,1590.2,42338.1,5.291,151,88,76
2026-07-24T19:30:54Z,35.1527812,-106.7163390,1590.2,42343.7,5.608,153,85,92
2026-07-24T19:30:55Z,35.1527630,-106.7163965,1590.2,42349.6,5.962,151,87,84
2026-07-24T19:30:56Z,35.1527433,-106.7164566,1590.2,42355.6,6.009,152,90,78
2026-07-24T19:30:57Z,35.1527230,-106.7165171,1590.2,42361.6,5.962,151,92,55
2026-07-24T19:30:58Z,35.1527009,-106.7165802,1590.2,42367.9,6.242,152,94,61
2026-07-24T19:30:59Z,35.1526772,-106.7166407,1590.0,42374.2,6.326,151,95,45
2026-07-24T19:31:00Z,35.1526510,-106.7167033,1590.0,42380.8,6.597,151,85,43
2026-07-24T19:31:01Z,35.1526265,-106.7167689,1590.0,42387.2,6.448,151,85,0
2026-07-24T19:31:02Z,35.1526031,-106.7168344,1589.8,42393.6,6.429,150,85,0
2026-07-24T19:31:03Z,35.1525765,-106.7168990,1589.8,42400.1,6.466,150,0,0
2026-07-24T19:31:04Z,35.1525429,-106.7169560,1589.8,42406.4,6.261,149,0,0
2026-07-24T19:31:05Z,35.1525045,-106.7170243,1589.6,42412.5,6.149,149,0,0
2026-07-24T19:31:06Z,35.1524778,-106.7170828,1589.6,42418.4,5.832,148,0,0
2026-07-24T19:31:07Z,35.1524575,-106.7171315,1589.6,42424.3,5.897,148,0,0
2026-07-24T19:31:08Z,35.1524461,-106.7171911,1589.6,42430.4,6.168,146,0,0
2026-07-24T19:31:09Z,35.1524478,-106.7172474,1589.6,42436.3,5.869,145,0,0
2026-07-24T19:31:10Z,35.1524741,-106.7172918,1589.6,42442.1,5.822,145,68,143
2026-07-24T19:31:11Z,35.1525129,-106.7173278,1589.6,42448.1,5.944,142,90,190
2026-07-24T19:31:12Z,35.1525620,-106.7173576,1589.6,42454.2,6.158,141,93,253
2026-07-24T19:31:13Z,35.1526100,-106.7173863,1589.6,42460.6,6.429,142,96,203
2026-07-24T19:31:14Z,35.1526604,-106.7174197,1589.6,42467.1,6.429,142,98,179
2026-07-24T19:31:15Z,35.1527240,-106.7174622,1589.6,42473.7,6.597,142,99,160
2026-07-24T19:31:16Z,35.1527666,-106.7174900,1589.4,42480.4,6.765,143,100,154
2026-07-24T19:31:17Z,35.1528206,-106.7175240,1589.4,42487.1,6.699,142,102,140
2026-07-24T19:31:18Z,35.1528742,-106.7175585,1589.4,42493.8,6.699,142,102,121
2026-07-24T19:31:19Z,35.1529283,-106.7175917,1589.2,42500.5,6.625,142,102,131
2026-07-24T19:31:20Z,35.1529822,-106.7176263,1589.2,42507.2,6.765,142,102,144
2026-07-24T19:31:21Z,35.1530347,-106.7176615,1589.2,42513.8,6.541,143,101,150
2026-07-24T19:31:22Z,35.1530866,-106.7176973,1589.2,42520.3,6.485,143,99,177
2026-07-24T19:31:23Z,35.1531397,-106.7177304,1589.2,42526.6,6.317,142,99,172
2026-07-24T19:31:24Z,35.1531867,-106.7177619,1589.2,42532.9,6.326,141,98,173
2026-07-24T19:31:25Z,35.1532350,-106.7177954,1589.2,42539.4,6.522,142,97,187
2026-07-24T19:31:26Z,35.1532833,-106.7178331,1589.2,42545.6,6.224,140,97,195
2026-07-24T19:31:27Z,35.1533307,-106.7178727,1589.4,42551.8,6.205,141,96,197
2026-07-24T19:31:28Z,35.1533784,-106.7179120,1589.4,42558.1,6.261,141,96,206
2026-07-24T19:31:29Z,35.1534261,-106.7179490,1589.4,42564.3,6.149,142,95,209
2026-07-24T19:31:30Z,35.1534726,-106.7179901,1589.4,42570.3,6.084,140,94,219
2026-07-24T19:31:31Z,35.1535162,-106.7180317,1589.4,42576.4,6.084,142,94,226
2026-07-24T19:31:32Z,35.1535586,-106.7180748,1589.6,42582.5,6.065,140,93,235
2026-07-24T19:31:33Z,35.1536023,-106.7181178,1589.6,42588.6,6.065,142,92,252
2026-07-24T19:31:34Z,35.1536478,-106.7181642,1589.6,42594.4,5.832,141,97,243
2026-07-24T19:31:35Z,35.1536910,-106.7182035,1589.8,42600.1,5.673,142,114,199
2026-07-24T19:31:36Z,35.1537324,-106.7182406,1589.8,42605.6,5.580,142,108,173
2026-07-24T19:31:37Z,35.1537751,-106.7182779,1589.8,42611.1,5.505,142,104,187
2026-07-24T19:31:38Z,35.1538145,-106.7183116,1590.0,42616.3,5.132,143,101,216
2026-07-24T19:31:39Z,35.1538606,-106.7183499,1590.2,42621.3,5.011,143,98,230
2026-07-24T19:31:40Z,35.1538925,-106.7183747,1590.4,42626.3,4.964,142,97,259
2026-07-24T19:31:41Z,35.1539322,-106.7184012,1590.6,42631.4,5.113,144,96,301
2026-07-24T19:31:42Z,35.1539736,-106.7184258,1590.8,42636.4,4.992,144,96,302
2026-07-24T19:31:43Z,35.1540151,-106.7184519,1591.0,42641.4,5.020,145,96,298
2026-07-24T19:31:44Z,35.1540529,-106.7184768,1591.2,42646.4,5.020,145,96,309
2026-07-24T19:31:45Z,35.1540907,-106.7185000,1591.2,42651.4,5.057,146,96,309
2026-07-24T19:31:46Z,35.1541295,-106.7185265,1591.4,42656.4,4.927,145,95,303
2026-07-24T19:31:47Z,35.1541688,-106.7185564,1591.6,42661.2,4.852,146,94,307
2026-07-24T19:31:48Z,35.1542066,-106.7185831,1592.2,42666.1,4.861,146,94,316
2026-07-24T19:31:49Z,35.1542453,-106.7186086,1592.8,42671.0,4.927,147,94,319
2026-07-24T19:31:50Z,35.1542856,-106.7186293,1593.0,42675.6,4.628,147,96,285
2026-07-24T19:31:51Z,35.1543236,-106.7186473,1593.4,42679.8,4.115,149,115,49
2026-07-24T19:31:52Z,35.1543600,-106.7186646,1593.4,42683.7,3.919,149,103,167
2026-07-24T19:31:53Z,35.1543936,-106.7186810,1593.8,42687.6,3.956,149,93,225
2026-07-24T19:31:54Z,35.1544237,-106.7186996,1594.0,42691.2,3.555,150,104,217
2026-07-24T19:31:55Z,35.1544514,-106.7187177,1594.4,42694.7,3.518,149,101,247
2026-07-24T19:31:56Z,35.1544776,-106.7187362,1594.8,42698.3,3.564,148,101,244
2026-07-24T19:31:57Z,35.1545056,-106.7187539,1595.0,42701.8,3.546,151,100,252
2026-07-24T19:31:58Z,35.1545337,-106.7187704,1595.4,42705.2,3.415,149,100,275
2026-07-24T19:31:59Z,35.1545604,-106.7187901,1595.6,42708.7,3.443,151,101,257
2026-07-24T19:32:00Z,35.1545882,-106.7188124,1595.8,42712.3,3.592,151,100,255
2026-07-24T19:32:01Z,35.1546161,-106.7188295,1596.0,42715.8,3.536,151,99,258
2026-07-24T19:32:02Z,35.1546453,-106.7188449,1596.4,42719.3,3.527,151,98,261
2026-07-24T19:32:03Z,35.1546732,-106.7188617,1596.6,42722.8,3.452,152,98,261
2026-07-24T19:32:04Z,35.1547005,-106.7188777,1596.8,42726.3,3.499,152,99,270
2026-07-24T19:32:05Z,35.1547299,-106.7188932,1597.0,42729.8,3.471,152,100,266
2026-07-24T19:32:06Z,35.1547574,-106.7189104,1597.2,42733.2,3.480,153,99,251
2026-07-24T19:32:07Z,35.1547849,-106.7189277,1597.4,42736.8,3.611,153,100,244
2026-07-24T19:32:08Z,35.1548155,-106.7189441,1597.6,42740.3,3.434,152,101,199
2026-07-24T19:32:09Z,35.1548487,-106.7189520,1597.6,42744.0,3.686,153,105,217
2026-07-24T19:32:10Z,35.1548801,-106.7189458,1598.0,42747.5,3.555,153,101,264
2026-07-24T19:32:11Z,35.1549172,-106.7189290,1598.4,42750.9,3.378,153,101,203
2026-07-24T19:32:12Z,35.1549385,-106.7189111,1598.6,42754.1,3.256,153,96,203
2026-07-24T19:32:13Z,35.1549597,-106.7188849,1598.8,42757.4,3.238,154,90,134
2026-07-24T19:32:14Z,35.1549796,-106.7188570,1599.0,42760.6,3.172,153,90,114
2026-07-24T19:32:15Z,35.1549975,-106.7188296,1599.0,42763.8,3.275,154,92,105
2026-07-24T19:32:16Z,35.1550177,-106.7188011,1599.2,42767.4,3.508,155,94,93
2026-07-24T19:32:17Z,35.1550405,-106.7187753,1599.4,42770.7,3.378,154,96,87
2026-07-24T19:32:18Z,35.1550643,-106.7187535,1599.6,42774.0,3.312,155,97,89
2026-07-24T19:32:19Z,35.1550900,-106.7187315,1599.8,42777.5,3.471,155,98,75
2026-07-24T19:32:20Z,35.1551158,-106.7187084,1600.0,42781.1,3.592,155,100,65
2026-07-24T19:32:21Z,35.1551433,-106.7186869,1600.2,42784.9,3.760,155,103,52
2026-07-24T19:32:22Z,35.1551747,-106.7186706,1600.2,42788.9,4.003,154,106,78
2026-07-24T19:32:23Z,35.1552081,-106.7186560,1600.4,42792.8,3.975,156,99,75
2026-07-24T19:32:24Z,35.1552439,-106.7186410,1600.4,42797.2,4.329,156,102,54
2026-07-24T19:32:25Z,35.1552816,-106.7186275,1600.4,42801.7,4.563,154,98,59
2026-07-24T19:32:26Z,35.1553223,-106.7186162,1600.6,42806.6,4.833,155,104,17
2026-07-24T19:32:27Z,35.1553670,-106.7186110,1600.6,42811.4,4.889,155,105,41
2026-07-24T19:32:28Z,35.1554116,-106.7186089,1600.6,42816.4,4.983,156,92,27
2026-07-24T19:32:29Z,35.1554582,-106.7186097,1600.6,42821.7,5.225,155,75,28
2026-07-24T19:32:30Z,35.1555075,-106.7186140,1600.8,42827.3,5.608,155,76,83
2026-07-24T19:32:31Z,35.1555575,-106.7186246,1600.8,42833.1,5.850,153,80,86
2026-07-24T19:32:32Z,35.1556085,-106.7186398,1600.8,42839.0,5.916,155,83,113
2026-07-24T19:32:33Z,35.1556613,-106.7186587,1600.8,42845.3,6.224,153,85,121
2026-07-24T19:32:34Z,35.1557136,-106.7186747,1600.8,42851.4,6.112,155,86,111
2026-07-24T19:32:35Z,35.1557674,-106.7186896,1600.4,42857.6,6.186,153,87,107
2026-07-24T19:32:36Z,35.1558223,-106.7187053,1600.4,42863.8,6.280,154,88,105
2026-07-24T19:32:37Z,35.1558778,-106.7187208,1600.6,42870.0,6.168,153,88,102
2026-07-24T19:32:38Z,35.1559332,-106.7187318,1600.6,42876.1,6.112,152,87,118
2026-07-24T19:32:39Z,35.1559895,-106.7187398,1600.6,42882.1,6.000,151,87,141
2026-07-24T19:32:40Z,35.1560437,-106.7187496,1600.6,42888.2,6.084,152,86,138
2026-07-24T19:32:41Z,35.1560984,-106.7187613,1600.4,42894.4,6.205,151,86,139
2026-07-24T19:32:42Z,35.1561503,-106.7187784,1600.4,42900.4,5.944,152,86,143
2026-07-24T19:32:43Z,35.1562127,-106.7188008,1600.6,42906.3,6.000,152,85,161
2026-07-24T19:32:44Z,35.1562564,-106.7188140,1600.6,42912.4,6.102,150,85,144
2026-07-24T19:32:45Z,35.1563107,-106.7188275,1600.6,42918.8,6.364,151,87,121
2026-07-24T19:32:46Z,35.1563652,-106.7188372,1600.8,42925.1,6.242,150,88,104
2026-07-24T19:32:47Z,35.1564197,-106.7188487,1601.0,42931.3,6.289,150,89,121
2026-07-24T19:32:48Z,35.1564756,-106.7188616,1601.2,42937.7,6.317,149,89,129
2026-07-24T19:32:49Z,35.1565324,-106.7188770,1601.2,42944.0,6.382,149,90,128
2026-07-24T19:32:50Z,35.1565890,-106.7188922,1601.2,42950.5,6.503,149,91,130
2026-07-24T19:32:51Z,35.1566461,-106.7189084,1601.4,42957.0,6.476,148,92,131
2026-07-24T19:32:52Z,35.1567037,-106.7189247,1601.4,42963.6,6.559,148,92,119
2026-07-24T19:32:53Z,35.1567638,-106.7189395,1601.4,42970.2,6.643,147,92,115
2026-07-24T19:32:54Z,35.1568222,-106.7189517,1601.4,42976.9,6.727,148,94,126
2026-07-24T19:32:55Z,35.1568807,-106.7189651,1601.6,42983.5,6.587,146,94,114
2026-07-24T19:32:56Z,35.1569392,-106.7189826,1601.6,42990.2,6.699,147,95,134
2026-07-24T19:32:57Z,35.1569989,-106.7190023,1601.8,42997.1,6.849,147,95,114
2026-07-24T19:32:58Z,35.1570596,-106.7190223,1602.0,43003.9,6.811,146,96,114
2026-07-24T19:32:59Z,35.1571207,-106.7190394,1602.0,43010.9,7.026,146,98,93
2026-07-24T19:33:00Z,35.1571831,-106.7190541,1602.0,43018.0,7.073,146,99,83
2026-07-24T19:33:01Z,35.1572462,-106.7190704,1602.0,43025.3,7.269,145,99,82
2026-07-24T19:33:02Z,35.1573109,-106.7190870,1602.0,43032.5,7.194,144,96,82
2026-07-24T19:33:03Z,35.1573740,-106.7191036,1602.0,43039.9,7.437,145,96,77
2026-07-24T19:33:04Z,35.1574405,-106.7191195,1601.8,43047.6,7.679,144,98,67
2026-07-24T19:33:05Z,35.1575092,-106.7191331,1602.0,43055.7,8.136,145,100,42
2026-07-24T19:33:06Z,35.1575805,-106.7191496,1602.0,43063.8,8.080,144,97,78
2026-07-24T19:33:07Z,35.1576546,-106.7191694,1601.8,43072.2,8.407,144,96,64
2026-07-24T19:33:08Z,35.1577318,-106.7191901,1601.8,43080.9,8.734,144,100,50
2026-07-24T19:33:09Z,35.1578097,-106.7192103,1601.6,43089.6,8.696,143,90,15
2026-07-24T19:33:10Z,35.1578879,-106.7192296,1601.6,43098.6,8.948,144,95,65
2026-07-24T19:33:11Z,35.1579695,-106.7192521,1601.6,43107.7,9.116,143,92,13
2026-07-24T19:33:12Z,35.1580526,-106.7192747,1601.4,43117.1,9.387,141,90,72
2026-07-24T19:33:13Z,35.1581357,-106.7192977,1601.2,43126.7,9.592,142,91,76
2026-07-24T19:33:14Z,35.1582217,-106.7193217,1601.0,43136.3,9.657,141,92,71
2026-07-24T19:33:15Z,35.1583076,-106.7193451,1600.8,43146.1,9.816,142,93,71
2026-07-24T19:33:16Z,35.1583942,-106.7193683,1600.4,43156.0,9.853,140,94,79
2026-07-24T19:33:17Z,35.1584813,-106.7193915,1600.4,43166.0,9.965,140,94,82
2026-07-24T19:33:18Z,35.1585686,-106.7194162,1600.2,43176.2,10.226,139,95,83
2026-07-24T19:33:19Z,35.1586560,-106.7194492,1600.0,43186.2,10.040,138,96,93
2026-07-24T19:33:20Z,35.1587427,-106.7194887,1599.8,43196.3,10.040,138,97,93
2026-07-24T19:33:21Z,35.1588282,-106.7195318,1599.4,43206.4,10.086,139,97,87
2026-07-24T19:33:22Z,35.1589124,-106.7195755,1599.2,43216.5,10.161,138,98,85
2026-07-24T19:33:23Z,35.1589973,-106.7196206,1598.8,43226.8,10.254,138,98,88
2026-07-24T19:33:24Z,35.1590807,-106.7196698,1598.6,43237.1,10.329,137,98,88
2026-07-24T19:33:25Z,35.1591627,-106.7197236,1598.4,43247.6,10.478,137,98,91
2026-07-24T19:33:26Z,35.1592422,-106.7197815,1598.2,43258.2,10.581,136,99,94
2026-07-24T19:33:27Z,35.1593198,-106.7198453,1597.8,43268.5,10.376,136,100,87
2026-07-24T19:33:28Z,35.1593950,-106.7199164,1597.8,43279.2,10.684,136,101,87
2026-07-24T19:33:29Z,35.1594681,-106.7199931,1597.6,43289.9,10.656,136,102,101
2026-07-24T19:33:30Z,35.1595397,-106.7200713,1597.6,43300.4,10.581,136,102,103
2026-07-24T19:33:31Z,35.1596079,-106.7201502,1597.6,43310.8,10.301,136,101,110
2026-07-24T19:33:32Z,35.1596750,-106.7202311,1597.4,43321.0,10.226,136,100,118
2026-07-24T19:33:33Z,35.1597423,-106.7203111,1597.2,43331.3,10.329,136,99,117
2026-07-24T19:33:34Z,35.1598107,-106.7203883,1597.0,43341.4,10.105,136,98,131
2026-07-24T19:33:35Z,35.1598786,-106.7204636,1596.6,43351.5,10.086,136,97,134
2026-07-24T19:33:36Z,35.1599440,-106.7205400,1596.6,43361.4,9.947,135,96,157
2026-07-24T19:33:37Z,35.1600051,-106.7206204,1596.2,43371.1,9.685,136,96,182
2026-07-24T19:33:38Z,35.1600646,-106.7207015,1596.2,43380.9,9.788,136,94,182
2026-07-24T19:33:39Z,35.1601366,-106.7207970,1596.2,43390.4,9.489,137,94,206
2026-07-24T19:33:40Z,35.1601834,-106.7208586,1596.2,43399.9,9.471,136,92,232
2026-07-24T19:33:41Z,35.1602410,-106.7209357,1596.2,43409.1,9.191,138,90,229
2026-07-24T19:33:42Z,35.1602958,-106.7210125,1596.2,43418.0,8.883,137,88,259
2026-07-24T19:33:43Z,35.1603486,-106.7210878,1596.4,43426.7,8.780,138,86,270
2026-07-24T19:33:44Z,35.1603991,-106.7211632,1596.4,43435.2,8.435,138,86,265
2026-07-24T19:33:45Z,35.1604504,-106.7212353,1596.4,43443.6,8.407,138,84,265
2026-07-24T19:33:46Z,35.1605038,-106.7213055,1596.6,43452.2,8.603,139,83,292
2026-07-24T19:33:47Z,35.1605585,-106.7213710,1596.6,43460.5,8.276,139,82,309
2026-07-24T19:33:48Z,35.1606235,-106.7214511,1596.6,43468.9,8.435,140,81,289
2026-07-24T19:33:49Z,35.1606663,-106.7215037,1596.6,43477.1,8.211,141,81,235
2026-07-24T19:33:50Z,35.1607217,-106.7215642,1596.8,43485.1,8.034,142,87,235
2026-07-24T19:33:51Z,35.1607784,-106.7216213,1597.0,43492.7,7.530,142,105,144
2026-07-24T19:33:52Z,35.1608347,-106.7216750,1597.0,43500.5,7.838,143,98,218
2026-07-24T19:33:53Z,35.1608901,-106.7217237,1597.2,43508.2,7.716,142,98,226
2026-07-24T19:33:54Z,35.1609475,-106.7217696,1597.2,43515.9,7.633,144,96,226
2026-07-24T19:33:55Z,35.1610056,-106.7218124,1597.4,43523.2,7.353,143,95,206
2026-07-24T19:33:56Z,35.1610632,-106.7218558,1597.4,43530.9,7.660,145,95,201
2026-07-24T19:33:57Z,35.1611202,-106.7219013,1597.6,43538.4,7.530,145,94,211
2026-07-24T19:33:58Z,35.1611771,-106.7219459,1598.0,43545.9,7.455,146,93,203
2026-07-24T19:33:59Z,35.1612366,-106.7219894,1598.0,43553.7,7.828,145,94,220
2026-07-24T19:34:00Z,35.1612951,-106.7220309,1598.8,43561.4,7.688,147,94,210
2026-07-24T19:34:01Z,35.1613532,-106.7220715,1598.8,43568.7,7.297,146,93,203
2026-07-24T19:34:02Z,35.1614096,-106.7221148,1599.2,43576.1,7.399,147,92,193
2026-07-24T19:34:03Z,35.1614660,-106.7221558,1599.2,43583.3,7.250,147,92,213
2026-07-24T19:34:04Z,35.1615238,-106.7221975,1599.4,43590.6,7.297,147,91,200
2026-07-24T19:34:05Z,35.1615804,-106.7222406,1599.6,43598.2,7.558,147,91,195
2026-07-24T19:34:06Z,35.1616357,-106.7222853,1599.6,43605.7,7.502,146,91,196
2026-07-24T19:34:07Z,35.1616908,-106.7223317,1599.6,43612.9,7.203,146,91,191
2026-07-24T19:34:08Z,35.1617440,-106.7223768,1599.6,43620.0,7.110,146,90,191
2026-07-24T19:34:09Z,35.1617982,-106.7224195,1599.6,43627.3,7.325,148,90,181
2026-07-24T19:34:10Z,35.1618545,-106.7224594,1599.6,43634.4,7.073,149,90,204
2026-07-24T19:34:11Z,35.1619227,-106.7225057,1599.8,43641.4,6.961,149,90,204
2026-07-24T19:34:12Z,35.1619674,-106.7225328,1600.2,43648.6,7.194,149,89,230
2026-07-24T19:34:13Z,35.1620220,-106.7225657,1600.2,43655.3,6.746,149,86,260
2026-07-24T19:34:14Z,35.1620762,-106.7226035,1600.4,43661.8,6.522,149,97,220
2026-07-24T19:34:15Z,35.1621276,-106.7226411,1600.6,43668.2,6.410,150,103,178
2026-07-24T19:34:16Z,35.1621753,-106.7226779,1600.8,43674.3,6.065,150,99,183
2026-07-24T19:34:17Z,35.1622217,-106.7227145,1600.8,43680.3,5.962,151,95,203
2026-07-24T19:34:18Z,35.1622681,-106.7227527,1601.2,43686.0,5.757,151,92,167
2026-07-24T19:34:19Z,35.1623128,-106.7227869,1601.4,43691.6,5.552,152,88,163
2026-07-24T19:34:20Z,35.1623571,-106.7228170,1601.6,43696.9,5.374,151,85,199
2026-07-24T19:34:21Z,35.1623995,-106.7228437,1602.0,43702.1,5.132,152,84,242
2026-07-24T19:34:22Z,35.1624413,-106.7228694,1602.2,43707.3,5.244,151,83,227
2026-07-24T19:34:23Z,35.1624811,-106.7228931,1602.6,43712.3,4.983,153,84,205
2026-07-24T19:34:24Z,35.1625207,-106.7229207,1602.6,43717.3,5.001,153,101,188
2026-07-24T19:34:25Z,35.1625570,-106.7229514,1602.8,43722.0,4.721,153,99,176
2026-07-24T19:34:26Z,35.1625922,-106.7229803,1603.0,43727.2,5.169,154,98,175
2026-07-24T19:34:27Z,35.1626269,-106.7230047,1603.0,43731.4,4.255,153,94,251
2026-07-24T19:34:28Z,35.1626606,-106.7230238,1603.2,43735.3,3.900,154,84,289
2026-07-24T19:34:29Z,35.1626923,-106.7230415,1603.4,43739.1,3.798,153,84,286
2026-07-24T19:34:30Z,35.1627213,-106.7230610,1603.8,43742.7,3.592,154,84,286
2026-07-24T19:34:31Z,35.1627477,-106.7230777,1604.0,43746.2,3.480,154,87,286
2026-07-24T19:34:32Z,35.1627733,-106.7230964,1604.4,43749.6,3.415,154,84,268
2026-07-24T19:34:33Z,35.1627975,-106.7231197,1604.6,43752.9,3.247,154,83,287
2026-07-24T19:34:34Z,35.1628190,-106.7231433,1604.8,43756.1,3.284,154,83,287
2026-07-24T19:34:35Z,35.1628414,-106.7231635,1605.2,43759.4,3.294,155,82,287
2026-07-24T19:34:36Z,35.1628664,-106.7231814,1605.2,43762.6,3.172,156,80,311
2026-07-24T19:34:37Z,35.1628932,-106.7231958,1605.6,43765.7,3.116,155,80,320
2026-07-24T19:34:38Z,35.1629191,-106.7232099,1605.8,43768.8,3.079,155,87,296
2026-07-24T19:34:39Z,35.1629423,-106.7232249,1606.0,43771.8,2.995,155,86,292
2026-07-24T19:34:40Z,35.1629643,-106.7232409,1606.2,43774.9,3.042,155,84,297
2026-07-24T19:34:41Z,35.1629885,-106.7232596,1606.6,43777.7,2.883,156,82,251
2026-07-24T19:34:42Z,35.1630114,-106.7232786,1607.0,43780.9,3.144,155,92,254
2026-07-24T19:34:43Z,35.1630351,-106.7232958,1607.0,43784.1,3.191,156,89,289
2026-07-24T19:34:44Z,35.1630603,-106.7233078,1607.4,43787.1,3.051,155,86,323
2026-07-24T19:34:45Z,35.1630855,-106.7233175,1607.6,43790.2,3.060,156,85,342
2026-07-24T19:34:46Z,35.1631112,-106.7233348,1608.0,43793.2,3.023,157,84,337
2026-07-24T19:34:47Z,35.1631349,-106.7233516,1608.2,43796.3,3.079,157,86,348
2026-07-24T19:34:48Z,35.1631570,-106.7233674,1608.6,43799.3,3.032,157,87,355
2026-07-24T19:34:49Z,35.1631797,-106.7233845,1608.6,43802.3,3.023,158,85,323
2026-07-24T19:34:50Z,35.1632056,-106.7233995,1609.0,43805.3,2.967,158,84,346
2026-07-24T19:34:51Z,35.1632298,-106.7234138,1609.4,43808.2,2.911,156,83,352
2026-07-24T19:34:52Z,35.1632543,-106.7234303,1609.4,43811.2,2.995,157,84,328
2026-07-24T19:34:53Z,35.1632771,-106.7234441,1609.6,43814.1,2.846,158,83,303
2026-07-24T19:34:54Z,35.1632983,-106.7234551,1609.8,43816.9,2.827,159,81,304
2026-07-24T19:34:55Z,35.1633199,-106.7234664,1610.2,43819.7,2.827,159,76,273
2026-07-24T19:34:56Z,35.1633420,-106.7234752,1610.4,43822.3,2.613,159,74,269
2026-07-24T19:34:57Z,35.1633684,-106.7234857,1610.8,43824.9,2.613,159,72,268
2026-07-24T19:34:58Z,35.1633843,-106.7234948,1611.2,43827.4,2.454,159,70,249
2026-07-24T19:34:59Z,35.1634039,-106.7235061,1611.2,43829.9,2.454,159,66,237
2026-07-24T19:35:00Z,35.1634223,-106.7235177,1611.6,43832.1,2.277,160,63,236
2026-07-24T19:35:01Z,35.1634400,-106.7235305,1611.8,43834.3,2.202,160,63,249
2026-07-24T19:35:02Z,35.1634566,-106.7235410,1612.0,43836.6,2.295,160,63,249
2026-07-24T19:35:03Z,35.1634750,-106.7235448,1612.2,43838.9,2.267,161,63,273
2026-07-24T19:35:04Z,35.1634947,-106.7235518,1612.6,43841.1,2.211,161,63,273
2026-07-24T19:35:05Z,35.1635133,-106.7235589,1613.0,43843.3,2.193,161,63,287
2026-07-24T19:35:06Z,35.1635311,-106.7235697,1613.2,43845.7,2.379,160,65,287
2026-07-24T19:35:07Z,35.1635495,-106.7235823,1613.6,43848.0,2.333,161,67,270
2026-07-24T19:35:08Z,35.1635666,-106.7235922,1613.6,43850.3,2.333,161,63,225
2026-07-24T19:35:09Z,35.1635828,-106.7235980,1613.8,43852.4,2.062,162,59,204
2026-07-24T19:35:10Z,35.1636006,-106.7236041,1614.0,43854.8,2.351,161,70,223
2026-07-24T19:35:11Z,35.1636215,-106.7236167,1614.2,43857.3,2.547,161,71,272
2026-07-24T19:35:12Z,35.1636407,-106.7236308,1614.2,43859.8,2.491,162,71,281
2026-07-24T19:35:13Z,35.1636594,-106.7236438,1614.4,43862.3,2.491,161,67,281
2026-07-24T19:35:14Z,35.1636785,-106.7236546,1614.6,43864.5,2.258,162,67,338
2026-07-24T19:35:15Z,35.1637053,-106.7236683,1614.8,43867.0,2.426,161,67,338
2026-07-24T19:35:16Z,35.1637216,-106.7236785,1615.0,43869.5,2.519,161,70,334
2026-07-24T19:35:17Z,35.1637415,-106.7236902,1615.2,43872.0,2.538,163,71,308
2026-07-24T19:35:18Z,35.1637615,-106.7237008,1615.4,43874.5,2.501,163,70,333
2026-07-24T19:35:19Z,35.1637828,-106.7237051,1615.6,43877.0,2.501,163,70,334
2026-07-24T19:35:20Z,35.1638042,-106.7237102,1616.0,43879.4,2.417,163,70,292
2026-07-24T19:35:21Z,35.1638230,-106.7237208,1616.2,43881.8,2.370,163,68,292
2026-07-24T19:35:22Z,35.1638401,-106.7237352,1616.4,43884.2,2.361,163,66,320
2026-07-24T19:35:23Z,35.1638573,-106.7237485,1616.8,43886.5,2.333,164,66,304
2026-07-24T19:35:24Z,35.1638732,-106.7237590,1617.0,43888.8,2.333,163,66,289
2026-07-24T19:35:25Z,35.1638900,-106.7237674,1617.2,43891.1,2.249,163,65,289
2026-07-24T19:35:26Z,35.1639093,-106.7237766,1617.4,43893.5,2.426,164,66,300
2026-07-24T19:35:27Z,35.1639285,-106.7237877,1617.6,43895.9,2.398,163,68,313
2026-07-24T19:35:28Z,35.1639451,-106.7237992,1618.0,43898.4,2.501,164,69,309
2026-07-24T19:35:29Z,35.1639645,-106.7238095,1618.2,43900.7,2.323,164,69,284
2026-07-24T19:35:30Z,35.1639835,-106.7238188,1618.6,43903.1,2.323,163,67,264
2026-07-24T19:35:31Z,35.1640024,-106.7238268,1618.8,43905.3,2.249,163,64,285
2026-07-24T19:35:32Z,35.1640223,-106.7238320,1619.2,43907.5,2.221,164,62,276
2026-07-24T19:35:33Z,35.1640408,-106.7238396,1619.4,43909.7,2.174,164,59,265
2026-07-24T19:35:34Z,35.1640568,-106.7238525,1619.8,43911.8,2.090,164,59,272
2026-07-24T19:35:35Z,35.1640677,-106.7238685,1620.0,43913.7,1.931,164,57,272
2026-07-24T19:35:36Z,35.1640822,-106.7238826,1620.2,43915.8,2.043,165,57,279
2026-07-24T19:35:37Z,35.1640988,-106.7238941,1620.4,43917.8,2.062,161,57,263
2026-07-24T19:35:38Z,35.1641166,-106.7239035,1620.6,43919.9,2.062,164,58,263
2026-07-24T19:35:39Z,35.1641318,-106.7239132,1620.8,43921.9,1.959,164,56,245
2026-07-24T19:35:40Z,35.1641483,-106.7239216,1621.0,43923.8,1.922,164,54,191
2026-07-24T19:35:41Z,35.1641656,-106.7239276,1621.4,43926.1,2.379,164,59,156
2026-07-24T19:35:42Z,35.1641831,-106.7239351,1621.6,43928.5,2.351,163,69,216
2026-07-24T19:35:43Z,35.1642019,-106.7239470,1621.8,43930.9,2.426,164,67,222
2026-07-24T19:35:44Z,35.1642187,-106.7239628,1622.4,43933.3,2.361,163,65,218
2026-07-24T19:35:45Z,35.1642340,-106.7239800,1622.6,43935.5,2.230,164,65,227
2026-07-24T19:35:46Z,35.1642502,-106.7239967,1622.8,43937.9,2.333,164,63,196
2026-07-24T19:35:47Z,35.1642665,-106.7240112,1622.8,43940.1,2.230,163,62,206
2026-07-24T19:35:48Z,35.1642840,-106.7240262,1623.0,43942.4,2.314,163,65,207
2026-07-24T19:35:49Z,35.1643013,-106.7240425,1623.2,43944.7,2.295,163,65,189
2026-07-24T19:35:50Z,35.1643183,-106.7240589,1623.4,43947.0,2.295,164,65,200
2026-07-24T19:35:51Z,35.1643353,-106.7240741,1623.8,43949.3,2.267,164,65,200
2026-07-24T19:35:52Z,35.1643538,-106.7240880,1624.0,43951.6,2.398,161,67,251
2026-07-24T19:35:53Z,35.1643706,-106.7241041,1624.2,43954.0,2.389,165,67,257
2026-07-24T19:35:54Z,35.1643858,-106.7241247,1624.2,43956.5,2.463,161,68,257
2026-07-24T19:35:55Z,35.1643993,-106.7241447,1624.4,43959.1,2.603,162,72,278
2026-07-24T19:35:56Z,35.1644140,-106.7241649,1624.6,43961.5,2.435,163,71,278
2026-07-24T19:35:57Z,35.1644315,-106.7241825,1625.0,43964.1,2.613,163,72,304
2026-07-24T19:35:58Z,35.1644519,-106.7241967,1625.2,43966.7,2.566,163,73,319
2026-07-24T19:35:59Z,35.1644728,-106.7242107,1625.2,43969.4,2.697,163,73,284
2026-07-24T19:36:00Z,35.1644909,-106.7242274,1625.6,43971.9,2.519,163,72,284
2026-07-24T19:36:01Z,35.1645060,-106.7242471,1625.6,43974.4,2.519,162,72,270
2026-07-24T19:36:02Z,35.1645234,-106.7242653,1625.8,43977.1,2.594,163,72,269
2026-07-24T19:36:03Z,35.1645399,-106.7242858,1626.0,43979.6,2.547,164,72,240
2026-07-24T19:36:04Z,35.1645566,-106.7243048,1626.4,43982.2,2.594,163,70,240
2026-07-24T19:36:05Z,35.1645793,-106.7243246,1626.8,43984.6,2.398,163,67,219
2026-07-24T19:36:06Z,35.1645924,-106.7243403,1627.0,43987.0,2.426,163,70,302
2026-07-24T19:36:07Z,35.1646052,-106.7243610,1627.2,43989.6,2.575,164,71,261
2026-07-24T19:36:08Z,35.1646204,-106.7243808,1627.4,43992.0,2.445,165,71,176
2026-07-24T19:36:09Z,35.1646332,-106.7244022,1627.8,43994.3,2.286,164,67,176
2026-07-24T19:36:10Z,35.1646442,-106.7244267,1628.0,43996.9,2.631,161,73,159
2026-07-24T19:36:11Z,35.1646586,-106.7244537,1628.2,43999.6,2.631,163,83,176
2026-07-24T19:36:12Z,35.1646733,-106.7244809,1628.4,44002.8,3.182,162,83,153
2026-07-24T19:36:13Z,35.1646897,-106.7245092,1628.4,44005.9,3.191,161,89,153
2026-07-24T19:36:14Z,35.1647073,-106.7245354,1628.6,44009.1,3.182,161,90,151
2026-07-24T19:36:15Z,35.1647249,-106.7245624,1628.6,44012.4,3.284,161,88,159
2026-07-24T19:36:16Z,35.1647425,-106.7245913,1628.8,44015.7,3.284,163,82,167
2026-07-24T19:36:17Z,35.1647587,-106.7246224,1629.0,44019.0,3.340,161,74,124
2026-07-24T19:36:18Z,35.1647760,-106.7246525,1629.0,44022.3,3.284,163,74,156
2026-07-24T19:36:19Z,35.1647940,-106.7246825,1629.2,44025.7,3.378,163,57,156
2026-07-24T19:36:20Z,35.1648122,-106.7247136,1629.6,44029.3,3.564,162,57,193
2026-07-24T19:36:21Z,35.1648297,-106.7247464,1629.8,44032.9,3.620,163,59,193
2026-07-24T19:36:22Z,35.1648465,-106.7247820,1630.0,44036.7,3.779,162,62,201
2026-07-24T19:36:23Z,35.1648649,-106.7248186,1630.2,44040.7,4.031,161,65,209
2026-07-24T19:36:24Z,35.1648849,-106.7248556,1630.4,44044.9,4.236,161,68,227
2026-07-24T19:36:25Z,35.1649039,-106.7248946,1630.6,44049.1,4.106,162,70,210
2026-07-24T19:36:26Z,35.1649224,-106.7249334,1630.6,44053.3,4.227,161,71,204
2026-07-24T19:36:27Z,35.1649461,-106.7249705,1630.8,44057.6,4.376,159,72,210
2026-07-24T19:36:28Z,35.1649704,-106.7250064,1630.8,44062.1,4.469,159,73,216
2026-07-24T19:36:29Z,35.1649959,-106.7250436,1630.8,44066.5,4.395,160,73,218
2026-07-24T19:36:30Z,35.1650181,-106.7250855,1631.0,44070.9,4.413,162,75,218
2026-07-24T19:36:31Z,35.1650383,-106.7251290,1631.0,44075.5,4.609,162,76,211
2026-07-24T19:36:32Z,35.1650615,-106.7251686,1631.2,44080.1,4.572,160,77,184
2026-07-24T19:36:33Z,35.1650870,-106.7252083,1631.2,44084.6,4.488,161,76,191
2026-07-24T19:36:34Z,35.1651099,-106.7252498,1631.4,44088.9,4.264,161,76,194
2026-07-24T19:36:35Z,35.1651302,-106.7252945,1631.6,44093.6,4.703,159,79,184
2026-07-24T19:36:36Z,35.1651504,-106.7253378,1631.8,44098.2,4.600,159,80,164
2026-07-24T19:36:37Z,35.1651697,-106.7253846,1631.8,44102.9,4.768,159,80,176
2026-07-24T19:36:38Z,35.1651898,-106.7254321,1632.0,44107.7,4.777,158,81,166
2026-07-24T19:36:39Z,35.1652121,-106.7254779,1632.2,44112.5,4.824,159,82,168
2026-07-24T19:36:40Z,35.1652371,-106.7255215,1632.4,44117.5,4.992,158,82,156
2026-07-24T19:36:41Z,35.1652646,-106.7255641,1632.6,44122.4,4.899,160,84,164
2026-07-24T19:36:42Z,35.1652921,-106.7256075,1632.6,44127.3,4.871,159,84,160
2026-07-24T19:36:43Z,35.1653230,-106.7256481,1632.8,44132.5,5.235,161,86,143
2026-07-24T19:36:44Z,35.1653631,-106.7256725,1632.8,44138.1,5.598,158,91,150
2026-07-24T19:36:45Z,35.1654135,-106.7256752,1633.0,44144.2,6.065,158,97,102
2026-07-24T19:36:46Z,35.1654677,-106.7256550,1633.2,44151.1,6.895,158,96,111
2026-07-24T19:36:47Z,35.1655321,-106.7256177,1633.4,44158.4,7.315,158,96,0
2026-07-24T19:36:48Z,35.1655774,-106.7255881,1633.8,44165.6,7.241,160,96,0
2026-07-24T19:36:49Z,35.1656371,-106.7255492,1634.0,44173.2,7.511,161,0,0
2026-07-24T19:36:50Z,35.1656956,-106.7255096,1634.2,44180.0,6.830,157,0,0
2026-07-24T19:36:51Z,35.1657532,-106.7254724,1634.4,44186.8,6.849,157,12,5
2026-07-24T19:36:52Z,35.1658081,-106.7254408,1634.4,44193.3,6.438,156,91,169
2026-07-24T19:36:53Z,35.1658599,-106.7254086,1634.6,44199.6,6.364,159,90,241
2026-07-24T19:36:54Z,35.1659109,-106.7253744,1634.6,44205.8,6.205,158,88,237
2026-07-24T19:36:55Z,35.1659605,-106.7253397,1634.6,44212.0,6.130,158,88,260
2026-07-24T19:36:56Z,35.1660108,-106.7253078,1634.6,44218.2,6.205,158,87,244
2026-07-24T19:36:57Z,35.1660587,-106.7252779,1634.6,44224.1,5.962,157,86,248
2026-07-24T19:36:58Z,35.1661075,-106.7252453,1634.6,44230.1,6.000,157,85,210
2026-07-24T19:36:59Z,35.1661563,-106.7252125,1634.6,44236.2,6.084,160,85,215
2026-07-24T19:37:00Z,35.1662060,-106.7251839,1634.6,44242.3,6.065,159,85,200
2026-07-24T19:37:01Z,35.1662572,-106.7251545,1634.8,44248.6,6.326,158,87,194
2026-07-24T19:37:02Z,35.1663080,-106.7251216,1635.0,44255.2,6.615,160,91,179
2026-07-24T19:37:03Z,35.1663613,-106.7250885,1635.2,44261.9,6.681,158,94,173
2026-07-24T19:37:04Z,35.1664174,-106.7250563,1635.4,44268.8,6.849,159,95,157
2026-07-24T19:37:05Z,35.1664729,-106.7250233,1635.8,44275.6,6.830,157,96,186
2026-07-24T19:37:06Z,35.1665272,-106.7249889,1636.0,44282.3,6.718,156,95,192
2026-07-24T19:37:07Z,35.1665807,-106.7249535,1636.0,44289.0,6.718,158,95,192
2026-07-24T19:37:08Z,35.1666361,-106.7249212,1636.2,44295.7,6.681,158,95,199
2026-07-24T19:37:09Z,35.1666919,-106.7248913,1636.2,44302.3,6.597,157,94,189
2026-07-24T19:37:10Z,35.1667483,-106.7248652,1636.2,44308.9,6.569,159,93,201
2026-07-24T19:37:11Z,35.1668065,-106.7248476,1636.4,44315.6,6.690,157,93,252
2026-07-24T19:37:12Z,35.1668643,-106.7248455,1636.4,44322.2,6.653,157,93,252
2026-07-24T19:37:13Z,35.1669229,-106.7248543,1636.6,44328.6,6.345,159,91,155
2026-07-24T19:37:14Z,35.1669855,-106.7248548,1636.8,44335.1,6.531,157,92,185
2026-07-24T19:37:15Z,35.1670448,-106.7248335,1636.8,44341.9,6.858,156,92,1
2026-07-24T19:37:16Z,35.1670925,-106.7247902,1637.0,44349.0,7.082,155,92,1
2026-07-24T19:37:17Z,35.1671160,-106.7247315,1637.0,44355.8,6.783,157,18,1
2026-07-24T19:37:18Z,35.1671082,-106.7246630,1637.0,44362.5,6.718,156,18,99
2026-07-24T19:37:19Z,35.1670847,-106.7245935,1637.2,44369.4,6.839,156,86,99
2026-07-24T19:37:20Z,35.1670544,-106.7245221,1637.2,44376.5,7.129,156,90,99
2026-07-24T19:37:21Z,35.1670272,-106.7244471,1637.2,44383.9,7.446,155,95,96
2026-07-24T19:37:22Z,35.1669967,-106.7243699,1637.2,44391.7,7.716,154,97,86
2026-07-24T19:37:23Z,35.1669591,-106.7242970,1637.4,44399.4,7.772,154,98,77
2026-07-24T19:37:24Z,35.1669176,-106.7242299,1637.4,44407.3,7.912,154,93,105
2026-07-24T19:37:25Z,35.1668719,-106.7241589,1637.4,44415.4,8.024,154,95,77
2026-07-24T19:37:26Z,35.1668240,-106.7240859,1637.4,44423.6,8.239,155,95,79
2026-07-24T19:37:27Z,35.1667771,-106.7240129,1637.4,44431.8,8.211,154,97,79
2026-07-24T19:37:28Z,35.1667323,-106.7239353,1637.2,44440.5,8.706,154,99,80
2026-07-24T19:37:29Z,35.1666862,-106.7238543,1637.2,44449.0,8.510,152,100,83
2026-07-24T19:37:30Z,35.1666402,-106.7237773,1637.2,44457.5,8.500,153,101,87
2026-07-24T19:37:31Z,35.1665945,-106.7236990,1637.2,44466.1,8.528,152,101,90
2026-07-24T19:37:32Z,35.1665484,-106.7236215,1637.0,44474.4,8.370,152,100,110
2026-07-24T19:37:33Z,35.1665018,-106.7235450,1637.0,44482.9,8.426,153,99,120
2026-07-24T19:37:34Z,35.1664566,-106.7234710,1636.8,44491.3,8.370,152,98,140
2026-07-24T19:37:35Z,35.1664126,-106.7233979,1636.8,44499.4,8.211,151,97,135
2026-07-24T19:37:36Z,35.1663717,-106.7233281,1636.6,44506.8,7.371,151,99,63
2026-07-24T19:37:37Z,35.1663315,-106.7232601,1636.6,44513.9,7.091,151,53,38
2026-07-24T19:37:38Z,35.1662925,-106.7231947,1636.4,44521.2,7.278,150,53,157
2026-07-24T19:37:39Z,35.1662545,-106.7231313,1636.4,44528.3,7.110,149,101,157
2026-07-24T19:37:40Z,35.1662183,-106.7230675,1636.4,44535.3,7.045,148,99,142
2026-07-24T19:37:41Z,35.1661815,-106.7230044,1636.4,44542.1,6.783,148,98,145
2026-07-24T19:37:42Z,35.1661446,-106.7229410,1636.4,44549.1,6.998,149,98,148
2026-07-24T19:37:43Z,35.1661075,-106.7228775,1636.4,44556.0,6.933,147,98,128
2026-07-24T19:37:44Z,35.1660687,-106.7228142,1636.4,44563.1,7.045,148,99,128
2026-07-24T19:37:45Z,35.1660302,-106.7227509,1636.4,44570.3,7.203,147,100,120
2026-07-24T19:37:46Z,35.1659926,-106.7226852,1636.6,44577.6,7.325,146,100,112
2026-07-24T19:37:47Z,35.1659534,-106.7226225,1636.6,44585.0,7.390,147,102,112
2026-07-24T19:37:48Z,35.1659133,-106.7225576,1636.6,44592.4,7.353,147,103,110
2026-07-24T19:37:49Z,35.1658751,-106.7224898,1636.6,44599.8,7.455,147,104,107
2026-07-24T19:37:50Z,35.1658364,-106.7224215,1636.6,44607.3,7.530,146,106,100
2026-07-24T19:37:51Z,35.1657955,-106.7223552,1636.6,44614.9,7.558,145,106,88
2026-07-24T19:37:52Z,35.1657544,-106.7222885,1636.6,44622.6,7.744,145,106,83
2026-07-24T19:37:53Z,35.1657153,-106.7222209,1636.6,44630.2,7.558,145,107,79
2026-07-24T19:37:54Z,35.1656763,-106.7221511,1636.6,44637.7,7.511,144,106,55
2026-07-24T19:37:55Z,35.1656371,-106.7220813,1636.6,44645.5,7.754,145,107,73
2026-07-24T19:37:56Z,35.1655969,-106.7220118,1636.6,44653.1,7.623,146,105,71
2026-07-24T19:37:57Z,35.1655584,-106.7219420,1636.6,44660.7,7.623,144,99,96
2026-07-24T19:37:58Z,35.1655206,-106.7218734,1636.6,44668.6,7.866,144,100,97
2026-07-24T19:37:59Z,35.1654804,-106.7218054,1636.6,44676.5,7.922,146,100,100
2026-07-24T19:38:00Z,35.1654375,-106.7217371,1636.6,44684.3,7.810,144,100,98
2026-07-24T19:38:01Z,35.1653942,-106.7216702,1636.6,44692.0,7.726,144,100,104
2026-07-24T19:38:02Z,35.1653497,-106.7216033,1637.0,44699.9,7.838,145,100,99
2026-07-24T19:38:03Z,35.1653070,-106.7215342,1637.0,44707.7,7.810,144,100,88
2026-07-24T19:38:04Z,35.1652662,-106.7214641,1637.4,44715.5,7.838,144,101,100
2026-07-24T19:38:05Z,35.1652248,-106.7213940,1637.4,44723.4,7.838,143,101,97
2026-07-24T19:38:06Z,35.1651845,-106.7213230,1637.4,44731.2,7.810,143,102,97
2026-07-24T19:38:07Z,35.1651422,-106.7212519,1637.6,44739.1,7.959,143,102,80
2026-07-24T19:38:08Z,35.1650997,-106.7211824,1637.6,44747.1,7.996,142,101,82
2026-07-24T19:38:09Z,35.1650569,-106.7211129,1637.4,44754.8,7.660,142,102,80
2026-07-24T19:38:10Z,35.1650144,-106.7210411,1637.2,44762.7,7.884,144,102,72
2026-07-24T19:38:11Z,35.1649730,-106.7209699,1637.0,44770.8,8.080,143,103,73
2026-07-24T19:38:12Z,35.1649318,-106.7208986,1636.8,44778.9,8.174,143,103,70
2026-07-24T19:38:13Z,35.1648910,-106.7208264,1636.6,44787.1,8.174,142,104,67
2026-07-24T19:38:14Z,35.1648583,-106.7207480,1636.4,44795.5,8.426,142,105,85
2026-07-24T19:38:15Z,35.1648414,-106.7206616,1636.2,44803.8,8.295,142,106,121
2026-07-24T19:38:16Z,35.1648430,-106.7205709,1636.0,44812.2,8.398,143,106,126
2026-07-24T19:38:17Z,35.1648636,-106.7204837,1636.0,44820.5,8.295,141,105,143
2026-07-24T19:38:18Z,35.1648984,-106.7204049,1635.8,44828.7,8.174,142,105,127
2026-07-24T19:38:19Z,35.1649461,-106.7203391,1635.8,44836.9,8.239,141,105,100
2026-07-24T19:38:20Z,35.1650015,-106.7202811,1635.6,44845.2,8.267,141,104,108
2026-07-24T19:38:21Z,35.1650571,-106.7202231,1635.6,44853.3,8.080,141,104,111
2026-07-24T19:38:22Z,35.1651076,-106.7201603,1635.6,44861.3,7.996,141,104,111
2026-07-24T19:38:23Z,35.1651514,-106.7200893,1635.4,44869.4,8.080,141,104,110
2026-07-24T19:38:24Z,35.1651887,-106.7200134,1635.4,44877.6,8.239,140,104,107
2026-07-24T19:38:25Z,35.1652217,-106.7199344,1635.4,44885.9,8.295,140,105,107
2026-07-24T19:38:26Z,35.1652539,-106.7198533,1635.4,44894.1,8.239,141,106,97
2026-07-24T19:38:27Z,35.1652873,-106.7197724,1635.4,44902.3,8.146,140,106,88
2026-07-24T19:38:28Z,35.1653205,-106.7196906,1635.4,44910.5,8.202,140,107,93
2026-07-24T19:38:29Z,35.1653527,-106.7196072,1635.4,44918.8,8.295,140,108,78
2026-07-24T19:38:30Z,35.1653840,-106.7195234,1635.2,44927.2,8.426,140,108,80
2026-07-24T19:38:31Z,35.1654149,-106.7194393,1635.2,44935.7,8.491,139,108,80
2026-07-24T19:38:32Z,35.1654449,-106.7193533,1635.2,44944.1,8.463,139,109,80
2026-07-24T19:38:33Z,35.1654717,-106.7192661,1635.0,44952.6,8.426,140,109,73
2026-07-24T19:38:34Z,35.1655017,-106.7191791,1634.8,44961.0,8.463,139,109,73
2026-07-24T19:38:35Z,35.1655330,-106.7190940,1634.8,44969.6,8.528,138,102,127
2026-07-24T19:38:36Z,35.1655654,-106.7190087,1634.8,44978.3,8.696,138,101,160
2026-07-24T19:38:37Z,35.1655970,-106.7189236,1634.6,44986.6,8.360,139,100,144
2026-07-24T19:38:38Z,35.1656254,-106.7188363,1634.6,44995.2,8.528,139,99,149
2026-07-24T19:38:39Z,35.1656522,-106.7187490,1634.6,45003.5,8.379,139,99,162
2026-07-24T19:38:40Z,35.1656790,-106.7186631,1634.6,45011.7,8.202,139,98,162
2026-07-24T19:38:41Z,35.1657075,-106.7185798,1634.6,45019.8,8.090,140,97,187
2026-07-24T19:38:42Z,35.1657367,-106.7184976,1634.8,45027.9,8.118,139,96,193
2026-07-24T19:38:43Z,35.1657667,-106.7184172,1634.8,45035.9,7.968,140,95,207
2026-07-24T19:38:44Z,35.1657943,-106.7183372,1634.8,45043.8,7.847,140,94,212
2026-07-24T19:38:45Z,35.1658213,-106.7182573,1634.8,45051.6,7.884,141,93,220
2026-07-24T19:38:46Z,35.1658490,-106.7181769,1635.0,45059.8,8.146,140,93,221
2026-07-24T19:38:47Z,35.1658769,-106.7180961,1635.0,45067.7,7.912,141,93,219
2026-07-24T19:38:48Z,35.1659055,-106.7180173,1635.0,45075.6,7.912,142,94,230
2026-07-24T19:38:49Z,35.1659338,-106.7179376,1635.2,45083.8,8.174,142,94,226
2026-07-24T19:38:50Z,35.1659617,-106.7178557,1635.2,45091.8,8.052,142,95,223
2026-07-24T19:38:51Z,35.1659914,-106.7177739,1635.4,45100.0,8.192,143,96,217
2026-07-24T19:38:52Z,35.1660218,-106.7176918,1635.4,45108.2,8.118,142,96,229
2026-07-24T19:38:53Z,35.1660543,-106.7176098,1635.4,45116.6,8.491,143,97,229
2026-07-24T19:38:54Z,35.1660860,-106.7175288,1635.4,45124.9,8.314,145,98,216
2026-07-24T19:38:55Z,35.1661143,-106.7174443,1635.4,45133.3,8.332,145,99,204
2026-07-24T19:38:56Z,35.1661468,-106.7173429,1635.6,45141.6,8.360,144,100,204
2026-07-24T19:38:57Z,35.1661687,-106.7172736,1635.8,45150.2,8.594,145,100,194
2026-07-24T19:38:58Z,35.1661985,-106.7171877,1635.8,45158.5,8.267,146,100,194
2026-07-24T19:38:59Z,35.1662295,-106.7171036,1636.0,45167.1,8.556,147,101,198
2026-07-24T19:39:00Z,35.1662617,-106.7170183,1636.0,45175.5,8.463,147,101,195
2026-07-24T19:39:01Z,35.1662912,-106.7169302,1636.0,45184.0,8.528,146,101,189
2026-07-24T19:39:02Z,35.1663204,-106.7168436,1636.2,45192.6,8.556,148,101,204
2026-07-24T19:39:03Z,35.1663507,-106.7167574,1636.2,45201.2,8.631,146,101,201
2026-07-24T19:39:04Z,35.1663825,-106.7166721,1636.4,45209.9,8.631,149,101,194
2026-07-24T19:39:05Z,35.1664137,-106.7165866,1636.4,45218.6,8.734,148,101,190
2026-07-24T19:39:06Z,35.1664433,-106.7164991,1636.4,45227.0,8.370,150,101,192
2026-07-24T19:39:07Z,35.1664721,-106.7164101,1636.4,45235.6,8.668,149,101,207
2026-07-24T19:39:08Z,35.1665027,-106.7163233,1636.6,45244.1,8.500,149,101,207
2026-07-24T19:39:09Z,35.1665353,-106.7162380,1636.6,45252.9,8.743,150,101,212
2026-07-24T19:39:10Z,35.1665684,-106.7161528,1636.8,45261.3,8.407,148,101,217
2026-07-24T19:39:11Z,35.1666013,-106.7160679,1637.0,45269.8,8.538,151,100,226
2026-07-24T19:39:12Z,35.1666327,-106.7159845,1637.0,45278.2,8.342,150,99,222
2026-07-24T19:39:13Z,35.1666623,-106.7159016,1637.2,45286.6,8.472,151,99,242
2026-07-24T19:39:14Z,35.1666881,-106.7158168,1637.2,45294.9,8.248,151,98,233
2026-07-24T19:39:15Z,35.1667142,-106.7157309,1637.4,45303.2,8.295,151,97,239
2026-07-24T19:39:16Z,35.1667416,-106.7156469,1637.6,45311.6,8.435,152,97,314
2026-07-24T19:39:17Z,35.1667722,-106.7155651,1637.6,45319.8,8.183,152,98,277
2026-07-24T19:39:18Z,35.1668037,-106.7154822,1637.8,45328.2,8.407,152,99,196
2026-07-24T19:39:19Z,35.1668338,-106.7153974,1638.0,45336.6,8.426,153,99,189
2026-07-24T19:39:20Z,35.1668618,-106.7153128,1638.0,45345.2,8.594,153,101,164
2026-07-24T19:39:21Z,35.1668911,-106.7152255,1638.0,45354.1,8.911,153,102,148
2026-07-24T19:39:22Z,35.1669205,-106.7151367,1638.2,45362.9,8.771,153,104,153
2026-07-24T19:39:23Z,35.1669513,-106.7150468,1638.2,45372.2,9.331,153,104,127
2026-07-24T19:39:24Z,35.1669828,-106.7149571,1638.4,45380.9,8.650,153,104,4
2026-07-24T19:39:25Z,35.1670122,-106.7148694,1638.4,45389.4,8.482,154,104,4
2026-07-24T19:39:26Z,35.1670426,-106.7147845,1638.6,45398.0,8.631,153,16,4
2026-07-24T19:39:27Z,35.1670741,-106.7147012,1638.6,45406.3,8.295,153,97,128
2026-07-24T19:39:28Z,35.1671043,-106.7146192,1638.6,45414.5,8.239,155,97,187
2026-07-24T19:39:29Z,35.1671357,-106.7145381,1638.6,45422.7,8.118,153,97,147
2026-07-24T19:39:30Z,35.1671644,-106.7144554,1638.6,45430.9,8.267,152,97,138
2026-07-24T19:39:31Z,35.1671922,-106.7143726,1638.6,45439.0,8.080,153,96,115
2026-07-24T19:39:32Z,35.1672183,-106.7142877,1638.6,45447.2,8.183,152,96,99
2026-07-24T19:39:33Z,35.1672474,-106.7142055,1638.8,45455.3,8.136,152,97,109
2026-07-24T19:39:34Z,35.1672782,-106.7141233,1638.8,45463.8,8.416,151,97,111
2026-07-24T19:39:35Z,35.1673079,-106.7140406,1638.8,45472.1,8.351,153,98,97
2026-07-24T19:39:36Z,35.1673367,-106.7139556,1638.8,45480.5,8.416,151,100,97
2026-07-24T19:39:37Z,35.1673640,-106.7138706,1638.8,45489.0,8.519,152,100,70
2026-07-24T19:39:38Z,35.1673932,-106.7137837,1638.8,45497.7,8.687,153,102,89
2026-07-24T19:39:39Z,35.1674253,-106.7136962,1638.8,45506.4,8.715,152,102,67
2026-07-24T19:39:40Z,35.1674609,-106.7136100,1638.8,45515.4,8.939,153,94,82
2026-07-24T19:39:41Z,35.1674981,-106.7135246,1638.6,45524.3,8.967,151,95,75
2026-07-24T19:39:42Z,35.1675399,-106.7134180,1638.4,45533.3,8.939,153,95,73
2026-07-24T19:39:43Z,35.1675682,-106.7133449,1638.4,45542.2,8.901,151,97,78
2026-07-24T19:39:44Z,35.1676030,-106.7132547,1638.4,45551.2,9.004,152,97,65
2026-07-24T19:39:45Z,35.1676339,-106.7131629,1638.2,45560.5,9.359,151,98,64
2026-07-24T19:39:46Z,35.1676617,-106.7130681,1638.2,45569.9,9.312,151,98,55
2026-07-24T19:39:47Z,35.1676906,-106.7129727,1638.0,45578.9,9.079,150,93,55
2026-07-24T19:39:48Z,35.1677223,-106.7128788,1637.8,45588.3,9.340,150,93,62
2026-07-24T19:39:49Z,35.1677579,-106.7127865,1637.6,45597.6,9.312,149,89,62
2026-07-24T19:39:50Z,35.1677953,-106.7126940,1637.6,45606.9,9.359,149,89,59
2026-07-24T19:39:51Z,35.1678315,-106.7126007,1637.4,45616.6,9.648,148,89,53
2026-07-24T19:39:52Z,35.1678682,-106.7125058,1637.4,45626.3,9.685,148,90,53
2026-07-24T19:39:53Z,35.1678996,-106.7124085,1637.4,45635.9,9.601,148,92,51
2026-07-24T19:39:54Z,35.1679283,-106.7123086,1637.4,45645.7,9.816,147,93,60
2026-07-24T19:39:55Z,35.1679599,-106.7122074,1637.4,45655.6,9.863,148,95,54
2026-07-24T19:39:56Z,35.1680003,-106.7120844,1637.2,45666.2,10.637,145,96,40
2026-07-24T19:39:57Z,35.1680284,-106.7120012,1637.2,45676.3,10.114,146,73,15
2026-07-24T19:39:58Z,35.1680658,-106.7118969,1637.0,45686.8,10.478,145,73,0
2026-07-24T19:39:59Z,35.1681040,-106.7117934,1636.8,45697.1,10.357,144,73,0
2026-07-24T19:40:00Z,35.1681402,-106.7116889,1636.6,45707.3,10.189,143,0,0
2026-07-24T19:40:01Z,35.1681775,-106.7115868,1636.6,45717.4,10.096,142,0,0
2026-07-24T19:40:02Z,35.1682191,-106.7114887,1636.4,45727.5,10.049,142,0,0
2026-07-24T19:40:03Z,35.1682614,-106.7113906,1636.2,45737.4,9.909,141,0,0
2026-07-24T19:40:04Z,35.1682990,-106.7112911,1636.0,45747.1,9.732,140,0,0
2026-07-24T19:40:05Z,35.1683375,-106.7111694,1636.0,45756.9,9.779,139,0,0
2026-07-24T19:40:06Z,35.1683576,-106.7110880,1635.8,45766.7,9.779,139,0,0
2026-07-24T19:40:07Z,35.1683856,-106.7109884,1635.8,45776.3,9.601,139,0,0
2026-07-24T19:40:08Z,35.1684220,-106.7108929,1635.6,45785.7,9.433,139,0,0
2026-07-24T19:40:09Z,35.1684598,-106.7107991,1635.6,45794.2,8.519,138,0,0
2026-07-24T19:40:10Z,35.1684868,-106.7107067,1635.4,45802.4,8.230,138,0,0
2026-07-24T19:40:11Z,35.1684902,-106.7106129,1635.4,45810.8,8.351,136,0,0
2026-07-24T19:40:12Z,35.1684616,-106.7105351,1635.2,45818.9,8.071,136,0,0
2026-07-24T19:40:13Z,35.1683994,-106.7104932,1635.2,45826.9,8.062,135,0,0
2026-07-24T19:40:14Z,35.1683286,-106.7104865,1635.2,45834.8,7.894,135,69,173
2026-07-24T19:40:15Z,35.1682522,-106.7104982,1635.2,45842.8,7.959,135,76,142
2026-07-24T19:40:16Z,35.1681749,-106.7105168,1635.0,45850.9,8.164,135,77,167
2026-07-24T19:40:17Z,35.1680968,-106.7105305,1635.0,45858.9,7.987,135,78,165
2026-07-24T19:40:18Z,35.1680200,-106.7105393,1635.0,45867.3,8.351,134,78,176
2026-07-24T19:40:19Z,35.1679446,-106.7105470,1634.8,45875.5,8.164,135,78,171
2026-07-24T19:40:20Z,35.1678665,-106.7105580,1634.8,45883.6,8.192,135,78,154
2026-07-24T19:40:21Z,35.1677907,-106.7105734,1634.6,45891.8,8.136,134,78,154
2026-07-24T19:40:22Z,35.1677190,-106.7106031,1634.6,45899.9,8.099,134,77,159
2026-07-24T19:40:23Z,35.1676527,-106.7106485,1634.4,45907.8,7.894,134,77,161
2026-07-24T19:40:24Z,35.1675884,-106.7107007,1634.4,45915.4,7.651,134,76,148
2026-07-24T19:40:25Z,35.1675310,-106.7107569,1634.2,45923.1,7.679,135,74,133
2026-07-24T19:40:26Z,35.1674781,-106.7108167,1634.0,45930.6,7.465,135,72,142
2026-07-24T19:40:27Z,35.1674385,-106.7108846,1633.8,45938.0,7.465,136,71,132
2026-07-24T19:40:28Z,35.1674059,-106.7109567,1633.6,45945.2,7.138,136,70,114
2026-07-24T19:40:29Z,35.1673764,-106.7110314,1633.4,45952.3,7.147,136,68,139
2026-07-24T19:40:30Z,35.1673502,-106.7111054,1633.4,45959.2,6.877,137,66,114
2026-07-24T19:40:31Z,35.1673283,-106.7111783,1633.4,45965.7,6.503,137,66,0
2026-07-24T19:40:32Z,35.1673058,-106.7112509,1633.2,45972.3,6.587,137,66,0
2026-07-24T19:40:33Z,35.1672775,-106.7113158,1633.2,45978.3,6.037,137,0,0
2026-07-24T19:40:34Z,35.1672555,-106.7113809,1633.2,45984.2,5.925,138,19,11
2026-07-24T19:40:35Z,35.1672488,-106.7114447,1633.2,45990.3,6.056,137,19,0
2026-07-24T19:40:36Z,35.1672742,-106.7114943,1633.2,45995.7,5.393,137,19,0
2026-07-24T19:40:37Z,35.1673027,-106.7115274,1633.2,45999.5,3.807,138,0,0
2026-07-24T19:40:38Z,35.1673288,-106.7115388,1633.2,46002.9,3.396,138,0,0
2026-07-24T19:40:39Z,35.1673581,-106.7115375,1633.2,46006.3,3.396,138,0,0
2026-07-24T19:40:40Z,35.1673802,-106.7115322,1633.2,46008.8,2.473,138,0,0
2026-07-24T19:40:41Z,35.1673939,-106.7115207,1633.4,46011.1,2.277,138,0,0
2026-07-24T19:40:42Z,35.1674012,-106.7115116,1633.4,46011.1,0.000,137,0,0
