<?xml version="1.0" encoding="UTF-8"?>
<TrainingCenterDatabase xmlns="http://www.garmin.com/xmlschemas/TrainingCenterDatabase/v2" xmlns:xsi="http://www.w3.org/2001/XMLSchema-instance" xsi:schemaLocation="http://www.garmin.com/xmlschemas/TrainingCenterDatabase/v2 http://www.garmin.com/xmlschemas/TrainingCenterDatabasev2.xsd">
  <Folders>
    <Courses>
      <CourseFolder Name="Courses">
        <CourseNameRef>
          <Id>GranFondo-Moab</Id>
        </CourseNameRef>
      </CourseFolder>
    </Courses>
  </Folders>
  <Courses>
    <Course>
      <Name>GranFondo-Moab</Name>
      <Lap>
        <TotalTimeSeconds>1584</TotalTimeSeconds>
        <DistanceMeters>91114.1</DistanceMeters>
        <BeginPosition>
          <LatitudeDegrees>38.6028</LatitudeDegrees>
          <LongitudeDegrees>-109.57484</LongitudeDegrees>
        </BeginPosition>
        <EndPosition>
          <LatitudeDegrees>38.54079</LatitudeDegrees>
          <LongitudeDegrees>-109.49579</LongitudeDegrees>
        </EndPosition>
        <Intensity>Active</Intensity>
      </Lap>
      <Track>
        <Trackpoint>
          <Time>2026-07-26T01:08:55Z</Time>
          <Position>
            <LatitudeDegrees>38.6028</LatitudeDegrees>
            <LongitudeDegrees>-109.57484</LongitudeDegrees>
          </Position>
          <AltitudeMeters>1213.1</AltitudeMeters>
          <DistanceMeters>0</DistanceMeters>
        </Trackpoint>
        <Trackpoint>
          <Time>2026-07-26T01:09:05Z</Time>
          <Position>
            <LatitudeDegrees>38.60277</LatitudeDegrees>
            <LongitudeDegrees>-109.57483</LongitudeDegrees>
          </Position>
          <AltitudeMeters>1213.1</AltitudeMeters>
          <DistanceMeters>3.4</DistanceMeters>
        </Trackpoint>
        <Trackpoint>
          <Time>2026-07-26T01:09:15Z</Time>
          <Position>
            <LatitudeDegrees>38.60273</LatitudeDegrees>
            <LongitudeDegrees>-109.57487</LongitudeDegrees>
          </Position>
          <AltitudeMeters>1213.3</AltitudeMeters>
          <DistanceMeters>9.1</DistanceMeters>
        </Trackpoint>
        <Trackpoint>
          <Time>2026-07-26T01:09:25Z</Time>
          <Position>
            <LatitudeDegrees>38.60258</LatitudeDegrees>
            <LongitudeDegrees>-109.57505</LongitudeDegrees>
          </Position>
          <AltitudeMeters>1213.9</AltitudeMeters>
          <DistanceMeters>31.9</DistanceMeters>
        </Trackpoint>
        <Trackpoint>
          <Time>2026-07-26T01:09:35Z</Time>
          <Position>
            <LatitudeDegrees>38.60235</LatitudeDegrees>
            <LongitudeDegrees>-109.5754</LongitudeDegrees>
          </Position>
          <AltitudeMeters>1215.6</AltitudeMeters>
          <DistanceMeters>71.7</DistanceMeters>
        </Trackpoint>
        <Trackpoint>
          <Time>2026-07-26T01:09:45Z</Time>
          <Position>
            <LatitudeDegrees>38.60227</LatitudeDegrees>
            <LongitudeDegrees>-109.57545</LongitudeDegrees>
          </Position>
          <AltitudeMeters>1216.0</AltitudeMeters>
          <DistanceMeters>81.6</DistanceMeters>
        </Trackpoint>
        <Trackpoint>
          <Time>2026-07-26T01:09:55Z</Time>
          <Position>
            <LatitudeDegrees>38.60216</LatitudeDegrees>
            <LongitudeDegrees>-109.57524</LongitudeDegrees>
          </Position>
          <AltitudeMeters>1216.3</AltitudeMeters>
          <DistanceMeters>103.6</DistanceMeters>
        </Trackpoint>
        <Trackpoint>
          <Time>2026-07-26T01:10:05Z</Time>
          <Position>
            <LatitudeDegrees>38.60235</LatitudeDegrees>
            <LongitudeDegrees>-109.57509</LongitudeDegrees>
          </Position>
          <AltitudeMeters>1215.5</AltitudeMeters>
          <DistanceMeters>128.5</DistanceMeters>
        </Trackpoint>
        <Trackpoint>
          <Time>2026-07-26T01:10:15Z</Time>
          <Position>
            <LatitudeDegrees>38.60266</LatitudeDegrees>
            <LongitudeDegrees>-109.57473</LongitudeDegrees>
          </Position>
          <AltitudeMeters>1215.1</AltitudeMeters>
          <DistanceMeters>175.1</DistanceMeters>
        </Trackpoint>
        <Trackpoint>
          <Time>2026-07-26T01:10:25Z</Time>
          <Position>
            <LatitudeDegrees>38.60277</LatitudeDegrees>
            <LongitudeDegrees>-109.57451</LongitudeDegrees>
          </Position>
          <AltitudeMeters>1214.4</AltitudeMeters>
          <DistanceMeters>197.8</DistanceMeters>
        </Trackpoint>
        <Trackpoint>
          <Time>2026-07-26T01:10:35Z</Time>
          <Position>
            <LatitudeDegrees>38.60292</LatitudeDegrees>
            <LongitudeDegrees>-109.57411</LongitudeDegrees>
          </Position>
          <AltitudeMeters>1214.2</AltitudeMeters>
          <DistanceMeters>236.4</DistanceMeters>
        </Trackpoint>
        <Trackpoint>
          <Time>2026-07-26T01:10:45Z</Time>
          <Position>
            <LatitudeDegrees>38.60309</LatitudeDegrees>
            <LongitudeDegrees>-109.57339</LongitudeDegrees>
          </Position>
          <AltitudeMeters>1214.0</AltitudeMeters>
          <DistanceMeters>301.8</DistanceMeters>
        </Trackpoint>
        <Trackpoint>
          <Time>2026-07-26T01:10:55Z</Time>
          <Position>
            <LatitudeDegrees>38.603119</LatitudeDegrees>
            <LongitudeDegrees>-109.57312</LongitudeDegrees>
          </Position>
          <AltitudeMeters>1213.7</AltitudeMeters>
          <DistanceMeters>325.6</DistanceMeters>
        </Trackpoint>
        <Trackpoint>
          <Time>2026-07-26T01:11:05Z</Time>
          <Position>
            <LatitudeDegrees>38.60314</LatitudeDegrees>
            <LongitudeDegrees>-109.57249</LongitudeDegrees>
          </Position>
          <AltitudeMeters>1213.0</AltitudeMeters>
          <DistanceMeters>380.4</DistanceMeters>
        </Trackpoint>
        <Trackpoint>
          <Time>2026-07-26T01:11:15Z</Time>
          <Position>
            <LatitudeDegrees>38.60309</LatitudeDegrees>
            <LongitudeDegrees>-109.57173</LongitudeDegrees>
          </Position>
          <AltitudeMeters>1212.9</AltitudeMeters>
          <DistanceMeters>446.8</DistanceMeters>
        </Trackpoint>
        <Trackpoint>
          <Time>2026-07-26T01:11:25Z</Time>
          <Position>
            <LatitudeDegrees>38.60296</LatitudeDegrees>
            <LongitudeDegrees>-109.57075</LongitudeDegrees>
          </Position>
          <AltitudeMeters>1213.4</AltitudeMeters>
          <DistanceMeters>533.2</DistanceMeters>
        </Trackpoint>
        <Trackpoint>
          <Time>2026-07-26T01:11:35Z</Time>
          <Position>
            <LatitudeDegrees>38.60275</LatitudeDegrees>
            <LongitudeDegrees>-109.56991</LongitudeDegrees>
          </Position>
          <AltitudeMeters>1213.7</AltitudeMeters>
          <DistanceMeters>610.0</DistanceMeters>
        </Trackpoint>
        <Trackpoint>
          <Time>2026-07-26T01:11:45Z</Time>
          <Position>
            <LatitudeDegrees>38.60251</LatitudeDegrees>
            <LongitudeDegrees>-109.56918</LongitudeDegrees>
          </Position>
          <AltitudeMeters>1213.8</AltitudeMeters>
          <DistanceMeters>678.9</DistanceMeters>
        </Trackpoint>
        <Trackpoint>
          <Time>2026-07-26T01:11:55Z</Time>
          <Position>
            <LatitudeDegrees>38.602305</LatitudeDegrees>
            <LongitudeDegrees>-109.568645</LongitudeDegrees>
          </Position>
          <AltitudeMeters>1213.8</AltitudeMeters>
          <DistanceMeters>730.7</DistanceMeters>
        </Trackpoint>
        <Trackpoint>
          <Time>2026-07-26T01:12:05Z</Time>
          <Position>
            <LatitudeDegrees>38.6021</LatitudeDegrees>
            <LongitudeDegrees>-109.56811</LongitudeDegrees>
          </Position>
          <AltitudeMeters>1213.9</AltitudeMeters>
          <DistanceMeters>782.5</DistanceMeters>
        </Trackpoint>
        <Trackpoint>
          <Time>2026-07-26T01:12:15Z</Time>
          <Position>
            <LatitudeDegrees>38.60186</LatitudeDegrees>
            <LongitudeDegrees>-109.56735</LongitudeDegrees>
          </Position>
          <AltitudeMeters>1213.8</AltitudeMeters>
          <DistanceMeters>853.8</DistanceMeters>
        </Trackpoint>
        <Trackpoint>
          <Time>2026-07-26T01:12:25Z</Time>
          <Position>
            <LatitudeDegrees>38.60169</LatitudeDegrees>
            <LongitudeDegrees>-109.56663</LongitudeDegrees>
          </Position>
          <AltitudeMeters>1214.0</AltitudeMeters>
          <DistanceMeters>919.3</DistanceMeters>
        </Trackpoint>
        <Trackpoint>
          <Time>2026-07-26T01:12:35Z</Time>
          <Position>
            <LatitudeDegrees>38.601574</LatitudeDegrees>
            <LongitudeDegrees>-109.566005</LongitudeDegrees>
          </Position>
          <AltitudeMeters>1214.0</AltitudeMeters>
          <DistanceMeters>975.1</DistanceMeters>
        </Trackpoint>
        <Trackpoint>
          <Time>2026-07-26T01:12:45Z</Time>
          <Position>
            <LatitudeDegrees>38.60146</LatitudeDegrees>
            <LongitudeDegrees>-109.56538</LongitudeDegrees>
          </Position>
          <AltitudeMeters>1213.8</AltitudeMeters>
          <DistanceMeters>1031.0</DistanceMeters>
        </Trackpoint>
        <Trackpoint>
          <Time>2026-07-26T01:12:55Z</Time>
          <Position>
            <LatitudeDegrees>38.6014</LatitudeDegrees>
            <LongitudeDegrees>-109.5647</LongitudeDegrees>
          </Position>
          <AltitudeMeters>1213.7</AltitudeMeters>
          <DistanceMeters>1090.5</DistanceMeters>
        </Trackpoint>
        <Trackpoint>
          <Time>2026-07-26T01:13:05Z</Time>
          <Position>
            <LatitudeDegrees>38.601405</LatitudeDegrees>
            <LongitudeDegrees>-109.563875</LongitudeDegrees>
          </Position>
          <AltitudeMeters>1213.7</AltitudeMeters>
          <DistanceMeters>1162.3</DistanceMeters>
        </Trackpoint>
        <Trackpoint>
          <Time>2026-07-26T01:13:15Z</Time>
          <Position>
            <LatitudeDegrees>38.60141</LatitudeDegrees>
            <LongitudeDegrees>-109.56305</LongitudeDegrees>
          </Position>
          <AltitudeMeters>1214.0</AltitudeMeters>
          <DistanceMeters>1234.1</DistanceMeters>
        </Trackpoint>
        <Trackpoint>
          <Time>2026-07-26T01:13:25Z</Time>
          <Position>
            <LatitudeDegrees>38.601439</LatitudeDegrees>
            <LongitudeDegrees>-109.56273</LongitudeDegrees>
          </Position>
          <AltitudeMeters>1214.1</AltitudeMeters>
          <DistanceMeters>1262.1</DistanceMeters>
        </Trackpoint>
        <Trackpoint>
          <Time>2026-07-26T01:13:35Z</Time>
          <Position>
            <LatitudeDegrees>38.60149</LatitudeDegrees>
            <LongitudeDegrees>-109.56246</LongitudeDegrees>
          </Position>
          <AltitudeMeters>1214.1</AltitudeMeters>
          <DistanceMeters>1286.2</DistanceMeters>
        </Trackpoint>
        <Trackpoint>
          <Time>2026-07-26T01:13:45Z</Time>
          <Position>
            <LatitudeDegrees>38.60156</LatitudeDegrees>
            <LongitudeDegrees>-109.56224</LongitudeDegrees>
          </Position>
          <AltitudeMeters>1213.9</AltitudeMeters>
          <DistanceMeters>1306.9</DistanceMeters>
        </Trackpoint>
        <Trackpoint>
          <Time>2026-07-26T01:13:55Z</Time>
          <Position>
            <LatitudeDegrees>38.60183</LatitudeDegrees>
            <LongitudeDegrees>-109.56158</LongitudeDegrees>
          </Position>
          <AltitudeMeters>1213.9</AltitudeMeters>
          <DistanceMeters>1371.7</DistanceMeters>
        </Trackpoint>
        <Trackpoint>
          <Time>2026-07-26T01:14:05Z</Time>
          <Position>
            <LatitudeDegrees>38.602295</LatitudeDegrees>
            <LongitudeDegrees>-109.56077</LongitudeDegrees>
          </Position>
          <AltitudeMeters>1215.0</AltitudeMeters>
          <DistanceMeters>1459.2</DistanceMeters>
        </Trackpoint>
        <Trackpoint>
          <Time>2026-07-26T01:14:15Z</Time>
          <Position>
            <LatitudeDegrees>38.60276</LatitudeDegrees>
            <LongitudeDegrees>-109.55996</LongitudeDegrees>
          </Position>
          <AltitudeMeters>1218.7</AltitudeMeters>
          <DistanceMeters>1546.6</DistanceMeters>
        </Trackpoint>
        <Trackpoint>
          <Time>2026-07-26T01:14:25Z</Time>
          <Position>
            <LatitudeDegrees>38.60335</LatitudeDegrees>
            <LongitudeDegrees>-109.55912</LongitudeDegrees>
          </Position>
          <AltitudeMeters>1223.4</AltitudeMeters>
          <DistanceMeters>1644.8</DistanceMeters>
        </Trackpoint>
        <Trackpoint>
          <Time>2026-07-26T01:14:35Z</Time>
          <Position>
            <LatitudeDegrees>38.603825</LatitudeDegrees>
            <LongitudeDegrees>-109.558535</LongitudeDegrees>
          </Position>
          <AltitudeMeters>1225.3</AltitudeMeters>
          <DistanceMeters>1718.2</DistanceMeters>
        </Trackpoint>
        <Trackpoint>
          <Time>2026-07-26T01:14:45Z</Time>
          <Position>
            <LatitudeDegrees>38.6043</LatitudeDegrees>
            <LongitudeDegrees>-109.55795</LongitudeDegrees>
          </Position>
          <AltitudeMeters>1226.2</AltitudeMeters>
          <DistanceMeters>1791.6</DistanceMeters>
        </Trackpoint>
        <Trackpoint>
          <Time>2026-07-26T01:14:55Z</Time>
          <Position>
            <LatitudeDegrees>38.60457</LatitudeDegrees>
            <LongitudeDegrees>-109.55777</LongitudeDegrees>
          </Position>
          <AltitudeMeters>1226.3</AltitudeMeters>
          <DistanceMeters>1825.5</DistanceMeters>
        </Trackpoint>
        <Trackpoint>
          <Time>2026-07-26T01:15:05Z</Time>
          <Position>
            <LatitudeDegrees>38.60489</LatitudeDegrees>
            <LongitudeDegrees>-109.5576</LongitudeDegrees>
          </Position>
          <AltitudeMeters>1226.6</AltitudeMeters>
          <DistanceMeters>1864.1</DistanceMeters>
        </Trackpoint>
        <Trackpoint>
          <Time>2026-07-26T01:15:15Z</Time>
          <Position>
            <LatitudeDegrees>38.60528</LatitudeDegrees>
            <LongitudeDegrees>-109.55754</LongitudeDegrees>
          </Position>
          <AltitudeMeters>1226.9</AltitudeMeters>
          <DistanceMeters>1907.8</DistanceMeters>
        </Trackpoint>
        <Trackpoint>
          <Time>2026-07-26T01:15:25Z</Time>
          <Position>
            <LatitudeDegrees>38.6057</LatitudeDegrees>
            <LongitudeDegrees>-109.55751</LongitudeDegrees>
          </Position>
          <AltitudeMeters>1227.3</AltitudeMeters>
          <DistanceMeters>1954.6</DistanceMeters>
        </Trackpoint>
        <Trackpoint>
          <Time>2026-07-26T01:15:35Z</Time>
          <Position>
            <LatitudeDegrees>38.606582</LatitudeDegrees>
            <LongitudeDegrees>-109.557495</LongitudeDegrees>
          </Position>
          <AltitudeMeters>1226.6</AltitudeMeters>
          <DistanceMeters>2052.8</DistanceMeters>
        </Trackpoint>
        <Trackpoint>
          <Time>2026-07-26T01:15:45Z</Time>
          <Position>
            <LatitudeDegrees>38.607463</LatitudeDegrees>
            <LongitudeDegrees>-109.55748</LongitudeDegrees>
          </Position>
          <AltitudeMeters>1222.3</AltitudeMeters>
          <DistanceMeters>2150.9</DistanceMeters>
        </Trackpoint>
        <Trackpoint>
          <Time>2026-07-26T01:15:55Z</Time>
          <Position>
            <LatitudeDegrees>38.608345</LatitudeDegrees>
            <LongitudeDegrees>-109.557465</LongitudeDegrees>
          </Position>
          <AltitudeMeters>1214.9</AltitudeMeters>
          <DistanceMeters>2249.1</DistanceMeters>
        </Trackpoint>
        <Trackpoint>
          <Time>2026-07-26T01:16:05Z</Time>
          <Position>
            <LatitudeDegrees>38.609227</LatitudeDegrees>
            <LongitudeDegrees>-109.55745</LongitudeDegrees>
          </Position>
          <AltitudeMeters>1213.0</AltitudeMeters>
          <DistanceMeters>2347.3</DistanceMeters>
        </Trackpoint>
        <Trackpoint>
          <Time>2026-07-26T01:16:15Z</Time>
          <Position>
            <LatitudeDegrees>38.610107</LatitudeDegrees>
            <LongitudeDegrees>-109.557435</LongitudeDegrees>
          </Position>
          <AltitudeMeters>1213.6</AltitudeMeters>
          <DistanceMeters>2445.4</DistanceMeters>
        </Trackpoint>
        <Trackpoint>
          <Time>2026-07-26T01:16:25Z</Time>
          <Position>
            <LatitudeDegrees>38.61099</LatitudeDegrees>
            <LongitudeDegrees>-109.55742</LongitudeDegrees>
          </Position>
          <AltitudeMeters>1213.2</AltitudeMeters>
          <DistanceMeters>2543.6</DistanceMeters>
        </Trackpoint>
        <Trackpoint>
          <Time>2026-07-26T01:16:35Z</Time>
          <Position>
            <LatitudeDegrees>38.61121</LatitudeDegrees>
            <LongitudeDegrees>-109.55741</LongitudeDegrees>
          </Position>
          <AltitudeMeters>1213.2</AltitudeMeters>
          <DistanceMeters>2568.1</DistanceMeters>
        </Trackpoint>
        <Trackpoint>
          <Time>2026-07-26T01:16:45Z</Time>
          <Position>
            <LatitudeDegrees>38.61139</LatitudeDegrees>
            <LongitudeDegrees>-109.55736</LongitudeDegrees>
          </Position>
          <AltitudeMeters>1213.2</AltitudeMeters>
          <DistanceMeters>2588.6</DistanceMeters>
        </Trackpoint>
        <Trackpoint>
          <Time>2026-07-26T01:16:55Z</Time>
          <Position>
            <LatitudeDegrees>38.611759</LatitudeDegrees>
            <LongitudeDegrees>-109.55723</LongitudeDegrees>
          </Position>
          <AltitudeMeters>1213.4</AltitudeMeters>
          <DistanceMeters>2631.3</DistanceMeters>
        </Trackpoint>
        <Trackpoint>
          <Time>2026-07-26T01:17:05Z</Time>
          <Position>
            <LatitudeDegrees>38.61224</LatitudeDegrees>
            <LongitudeDegrees>-109.55687</LongitudeDegrees>
          </Position>
          <AltitudeMeters>1213.8</AltitudeMeters>
          <DistanceMeters>2693.2</DistanceMeters>
        </Trackpoint>
        <Trackpoint>
          <Time>2026-07-26T01:17:15Z</Time>
          <Position>
            <LatitudeDegrees>38.61251</LatitudeDegrees>
            <LongitudeDegrees>-109.55656</LongitudeDegrees>
          </Position>
          <AltitudeMeters>1214.7</AltitudeMeters>
          <DistanceMeters>2733.6</DistanceMeters>
        </Trackpoint>
        <Trackpoint>
          <Time>2026-07-26T01:17:25Z</Time>
          <Position>
            <LatitudeDegrees>38.61272</LatitudeDegrees>
            <LongitudeDegrees>-109.55629</LongitudeDegrees>
          </Position>
          <AltitudeMeters>1214.7</AltitudeMeters>
          <DistanceMeters>2766.7</DistanceMeters>
        </Trackpoint>
        <Trackpoint>
          <Time>2026-07-26T01:17:35Z</Time>
          <Position>
            <LatitudeDegrees>38.61294</LatitudeDegrees>
            <LongitudeDegrees>-109.55588</LongitudeDegrees>
          </Position>
          <AltitudeMeters>1215.4</AltitudeMeters>
          <DistanceMeters>2810.0</DistanceMeters>
        </Trackpoint>
        <Trackpoint>
          <Time>2026-07-26T01:17:45Z</Time>
          <Position>
            <LatitudeDegrees>38.6131</LatitudeDegrees>
            <LongitudeDegrees>-109.55539</LongitudeDegrees>
          </Position>
          <AltitudeMeters>1215.7</AltitudeMeters>
          <DistanceMeters>2856.2</DistanceMeters>
        </Trackpoint>
        <Trackpoint>
          <Time>2026-07-26T01:17:55Z</Time>
          <Position>
            <LatitudeDegrees>38.61319</LatitudeDegrees>
            <LongitudeDegrees>-109.5549</LongitudeDegrees>
          </Position>
          <AltitudeMeters>1215.7</AltitudeMeters>
          <DistanceMeters>2900.0</DistanceMeters>
        </Trackpoint>
        <Trackpoint>
          <Time>2026-07-26T01:18:05Z</Time>
          <Position>
            <LatitudeDegrees>38.61321</LatitudeDegrees>
            <LongitudeDegrees>-109.55445</LongitudeDegrees>
          </Position>
          <AltitudeMeters>1215.3</AltitudeMeters>
          <DistanceMeters>2939.2</DistanceMeters>
        </Trackpoint>
        <Trackpoint>
          <Time>2026-07-26T01:18:15Z</Time>
          <Position>
            <LatitudeDegrees>38.61318</LatitudeDegrees>
            <LongitudeDegrees>-109.55396</LongitudeDegrees>
          </Position>
          <AltitudeMeters>1214.9</AltitudeMeters>
          <DistanceMeters>2981.9</DistanceMeters>
        </Trackpoint>
        <Trackpoint>
          <Time>2026-07-26T01:18:25Z</Time>
          <Position>
            <LatitudeDegrees>38.61312</LatitudeDegrees>
            <LongitudeDegrees>-109.55361</LongitudeDegrees>
          </Position>
          <AltitudeMeters>1214.8</AltitudeMeters>
          <DistanceMeters>3013.1</DistanceMeters>
        </Trackpoint>
        <Trackpoint>
          <Time>2026-07-26T01:18:35Z</Time>
          <Position>
            <LatitudeDegrees>38.61295</LatitudeDegrees>
            <LongitudeDegrees>-109.55307</LongitudeDegrees>
          </Position>
          <AltitudeMeters>1214.8</AltitudeMeters>
          <DistanceMeters>3063.7</DistanceMeters>
        </Trackpoint>
        <Trackpoint>
          <Time>2026-07-26T01:18:45Z</Time>
          <Position>
            <LatitudeDegrees>38.61276</LatitudeDegrees>
            <LongitudeDegrees>-109.55267</LongitudeDegrees>
          </Position>
          <AltitudeMeters>1215.1</AltitudeMeters>
          <DistanceMeters>3104.5</DistanceMeters>
        </Trackpoint>
        <Trackpoint>
          <Time>2026-07-26T01:18:55Z</Time>
          <Position>
            <LatitudeDegrees>38.6123</LatitudeDegrees>
            <LongitudeDegrees>-109.55208</LongitudeDegrees>
          </Position>
          <AltitudeMeters>1215.8</AltitudeMeters>
          <DistanceMeters>3176.9</DistanceMeters>
        </Trackpoint>
        <Trackpoint>
          <Time>2026-07-26T01:19:05Z</Time>
          <Position>
            <LatitudeDegrees>38.611804</LatitudeDegrees>
            <LongitudeDegrees>-109.551475</LongitudeDegrees>
          </Position>
          <AltitudeMeters>1216.8</AltitudeMeters>
          <DistanceMeters>3253.2</DistanceMeters>
        </Trackpoint>
        <Trackpoint>
          <Time>2026-07-26T01:19:15Z</Time>
          <Position>
            <LatitudeDegrees>38.61131</LatitudeDegrees>
            <LongitudeDegrees>-109.55087</LongitudeDegrees>
          </Position>
          <AltitudeMeters>1217.2</AltitudeMeters>
          <DistanceMeters>3329.3</DistanceMeters>
        </Trackpoint>
        <Trackpoint>
          <Time>2026-07-26T01:19:25Z</Time>
          <Position>
            <LatitudeDegrees>38.61079</LatitudeDegrees>
            <LongitudeDegrees>-109.550335</LongitudeDegrees>
          </Position>
          <AltitudeMeters>1217.9</AltitudeMeters>
          <DistanceMeters>3403.6</DistanceMeters>
        </Trackpoint>
        <Trackpoint>
          <Time>2026-07-26T01:19:35Z</Time>
          <Position>
            <LatitudeDegrees>38.61027</LatitudeDegrees>
            <LongitudeDegrees>-109.5498</LongitudeDegrees>
          </Position>
          <AltitudeMeters>1218.2</AltitudeMeters>
          <DistanceMeters>3477.9</DistanceMeters>
        </Trackpoint>
        <Trackpoint>
          <Time>2026-07-26T01:19:45Z</Time>
          <Position>
            <LatitudeDegrees>38.61008</LatitudeDegrees>
            <LongitudeDegrees>-109.54953</LongitudeDegrees>
          </Position>
          <AltitudeMeters>1218.0</AltitudeMeters>
          <DistanceMeters>3509.5</DistanceMeters>
        </Trackpoint>
        <Trackpoint>
          <Time>2026-07-26T01:19:55Z</Time>
          <Position>
            <LatitudeDegrees>38.60963</LatitudeDegrees>
            <LongitudeDegrees>-109.54879</LongitudeDegrees>
          </Position>
          <AltitudeMeters>1216.7</AltitudeMeters>
          <DistanceMeters>3591.1</DistanceMeters>
        </Trackpoint>
        <Trackpoint>
          <Time>2026-07-26T01:20:05Z</Time>
          <Position>
            <LatitudeDegrees>38.60918</LatitudeDegrees>
            <LongitudeDegrees>-109.54805</LongitudeDegrees>
          </Position>
          <AltitudeMeters>1214.6</AltitudeMeters>
          <DistanceMeters>3672.6</DistanceMeters>
        </Trackpoint>
        <Trackpoint>
          <Time>2026-07-26T01:20:15Z</Time>
          <Position>
            <LatitudeDegrees>38.608855</LatitudeDegrees>
            <LongitudeDegrees>-109.547555</LongitudeDegrees>
          </Position>
          <AltitudeMeters>1214.1</AltitudeMeters>
          <DistanceMeters>3728.9</DistanceMeters>
        </Trackpoint>
        <Trackpoint>
          <Time>2026-07-26T01:20:25Z</Time>
          <Position>
            <LatitudeDegrees>38.60853</LatitudeDegrees>
            <LongitudeDegrees>-109.54706</LongitudeDegrees>
          </Position>
          <AltitudeMeters>1214.5</AltitudeMeters>
          <DistanceMeters>3785.1</DistanceMeters>
        </Trackpoint>
        <Trackpoint>
          <Time>2026-07-26T01:20:35Z</Time>
          <Position>
            <LatitudeDegrees>38.60824</LatitudeDegrees>
            <LongitudeDegrees>-109.54657</LongitudeDegrees>
          </Position>
          <AltitudeMeters>1215.0</AltitudeMeters>
          <DistanceMeters>3838.6</DistanceMeters>
        </Trackpoint>
        <Trackpoint>
          <Time>2026-07-26T01:20:45Z</Time>
          <Position>
            <LatitudeDegrees>38.60797</LatitudeDegrees>
            <LongitudeDegrees>-109.54603</LongitudeDegrees>
          </Position>
          <AltitudeMeters>1216.1</AltitudeMeters>
          <DistanceMeters>3894.3</DistanceMeters>
        </Trackpoint>
        <Trackpoint>
          <Time>2026-07-26T01:20:55Z</Time>
          <Position>
            <LatitudeDegrees>38.6078</LatitudeDegrees>
            <LongitudeDegrees>-109.54555</LongitudeDegrees>
          </Position>
          <AltitudeMeters>1216.5</AltitudeMeters>
          <DistanceMeters>3940.2</DistanceMeters>
        </Trackpoint>
        <Trackpoint>
          <Time>2026-07-26T01:21:05Z</Time>
          <Position>
            <LatitudeDegrees>38.607529</LatitudeDegrees>
            <LongitudeDegrees>-109.54456</LongitudeDegrees>
          </Position>
          <AltitudeMeters>1217.4</AltitudeMeters>
          <DistanceMeters>4031.4</DistanceMeters>
        </Trackpoint>
        <Trackpoint>
          <Time>2026-07-26T01:21:15Z</Time>
          <Position>
            <LatitudeDegrees>38.6074</LatitudeDegrees>
            <LongitudeDegrees>-109.54398</LongitudeDegrees>
          </Position>
          <AltitudeMeters>1217.6</AltitudeMeters>
          <DistanceMeters>4083.9</DistanceMeters>
        </Trackpoint>
        <Trackpoint>
          <Time>2026-07-26T01:21:25Z</Time>
          <Position>
            <LatitudeDegrees>38.607349</LatitudeDegrees>
            <LongitudeDegrees>-109.54321</LongitudeDegrees>
          </Position>
          <AltitudeMeters>1217.3</AltitudeMeters>
          <DistanceMeters>4151.1</DistanceMeters>
        </Trackpoint>
        <Trackpoint>
          <Time>2026-07-26T01:21:35Z</Time>
          <Position>
            <LatitudeDegrees>38.60737</LatitudeDegrees>
            <LongitudeDegrees>-109.542585</LongitudeDegrees>
          </Position>
          <AltitudeMeters>1216.9</AltitudeMeters>
          <DistanceMeters>4205.5</DistanceMeters>
        </Trackpoint>
        <Trackpoint>
          <Time>2026-07-26T01:21:45Z</Time>
          <Position>
            <LatitudeDegrees>38.60739</LatitudeDegrees>
            <LongitudeDegrees>-109.54196</LongitudeDegrees>
          </Position>
          <AltitudeMeters>1216.8</AltitudeMeters>
          <DistanceMeters>4259.9</DistanceMeters>
        </Trackpoint>
        <Trackpoint>
          <Time>2026-07-26T01:21:55Z</Time>
          <Position>
            <LatitudeDegrees>38.60743</LatitudeDegrees>
            <LongitudeDegrees>-109.54129</LongitudeDegrees>
          </Position>
          <AltitudeMeters>1216.1</AltitudeMeters>
          <DistanceMeters>4318.4</DistanceMeters>
        </Trackpoint>
        <Trackpoint>
          <Time>2026-07-26T01:22:05Z</Time>
          <Position>
            <LatitudeDegrees>38.60747</LatitudeDegrees>
            <LongitudeDegrees>-109.54062</LongitudeDegrees>
          </Position>
          <AltitudeMeters>1215.4</AltitudeMeters>
          <DistanceMeters>4376.8</DistanceMeters>
        </Trackpoint>
        <Trackpoint>
          <Time>2026-07-26T01:22:15Z</Time>
          <Position>
            <LatitudeDegrees>38.60752</LatitudeDegrees>
            <LongitudeDegrees>-109.54023</LongitudeDegrees>
          </Position>
          <AltitudeMeters>1215.4</AltitudeMeters>
          <DistanceMeters>4411.2</DistanceMeters>
        </Trackpoint>
        <Trackpoint>
          <Time>2026-07-26T01:22:25Z</Time>
          <Position>
            <LatitudeDegrees>38.60764</LatitudeDegrees>
            <LongitudeDegrees>-109.53981</LongitudeDegrees>
          </Position>
          <AltitudeMeters>1215.2</AltitudeMeters>
          <DistanceMeters>4450.1</DistanceMeters>
        </Trackpoint>
        <Trackpoint>
          <Time>2026-07-26T01:22:35Z</Time>
          <Position>
            <LatitudeDegrees>38.607903</LatitudeDegrees>
            <LongitudeDegrees>-109.539093</LongitudeDegrees>
          </Position>
          <AltitudeMeters>1214.9</AltitudeMeters>
          <DistanceMeters>4519.0</DistanceMeters>
        </Trackpoint>
        <Trackpoint>
          <Time>2026-07-26T01:22:45Z</Time>
          <Position>
            <LatitudeDegrees>38.608167</LatitudeDegrees>
            <LongitudeDegrees>-109.538377</LongitudeDegrees>
          </Position>
          <AltitudeMeters>1215.3</AltitudeMeters>
          <DistanceMeters>4587.9</DistanceMeters>
        </Trackpoint>
        <Trackpoint>
          <Time>2026-07-26T01:22:55Z</Time>
          <Position>
            <LatitudeDegrees>38.60843</LatitudeDegrees>
            <LongitudeDegrees>-109.53766</LongitudeDegrees>
          </Position>
          <AltitudeMeters>1217.0</AltitudeMeters>
          <DistanceMeters>4656.8</DistanceMeters>
        </Trackpoint>
        <Trackpoint>
          <Time>2026-07-26T01:23:05Z</Time>
          <Position>
            <LatitudeDegrees>38.608714</LatitudeDegrees>
            <LongitudeDegrees>-109.53719</LongitudeDegrees>
          </Position>
          <AltitudeMeters>1218.1</AltitudeMeters>
          <DistanceMeters>4708.5</DistanceMeters>
        </Trackpoint>
        <Trackpoint>
          <Time>2026-07-26T01:23:15Z</Time>
          <Position>
            <LatitudeDegrees>38.609</LatitudeDegrees>
            <LongitudeDegrees>-109.53672</LongitudeDegrees>
          </Position>
          <AltitudeMeters>1218.6</AltitudeMeters>
          <DistanceMeters>4760.3</DistanceMeters>
        </Trackpoint>
        <Trackpoint>
          <Time>2026-07-26T01:23:25Z</Time>
          <Position>
            <LatitudeDegrees>38.6093</LatitudeDegrees>
            <LongitudeDegrees>-109.53632</LongitudeDegrees>
          </Position>
          <AltitudeMeters>1218.6</AltitudeMeters>
          <DistanceMeters>4808.5</DistanceMeters>
        </Trackpoint>
        <Trackpoint>
          <Time>2026-07-26T01:23:35Z</Time>
          <Position>
            <LatitudeDegrees>38.6095</LatitudeDegrees>
            <LongitudeDegrees>-109.53592</LongitudeDegrees>
          </Position>
          <AltitudeMeters>1218.6</AltitudeMeters>
          <DistanceMeters>4849.8</DistanceMeters>
        </Trackpoint>
        <Trackpoint>
          <Time>2026-07-26T01:23:45Z</Time>
          <Position>
            <LatitudeDegrees>38.60968</LatitudeDegrees>
            <LongitudeDegrees>-109.53545</LongitudeDegrees>
          </Position>
          <AltitudeMeters>1218.1</AltitudeMeters>
          <DistanceMeters>4895.3</DistanceMeters>
        </Trackpoint>
        <Trackpoint>
          <Time>2026-07-26T01:23:55Z</Time>
          <Position>
            <LatitudeDegrees>38.609855</LatitudeDegrees>
            <LongitudeDegrees>-109.53486</LongitudeDegrees>
          </Position>
          <AltitudeMeters>1217.6</AltitudeMeters>
          <DistanceMeters>4950.2</DistanceMeters>
        </Trackpoint>
        <Trackpoint>
          <Time>2026-07-26T01:24:05Z</Time>
          <Position>
            <LatitudeDegrees>38.61003</LatitudeDegrees>
            <LongitudeDegrees>-109.53427</LongitudeDegrees>
          </Position>
          <AltitudeMeters>1217.9</AltitudeMeters>
          <DistanceMeters>5005.1</DistanceMeters>
        </Trackpoint>
        <Trackpoint>
          <Time>2026-07-26T01:24:15Z</Time>
          <Position>
            <LatitudeDegrees>38.61023</LatitudeDegrees>
            <LongitudeDegrees>-109.53394</LongitudeDegrees>
          </Position>
          <AltitudeMeters>1218.8</AltitudeMeters>
          <DistanceMeters>5041.5</DistanceMeters>
        </Trackpoint>
        <Trackpoint>
          <Time>2026-07-26T01:24:25Z</Time>
          <Position>
            <LatitudeDegrees>38.61058</LatitudeDegrees>
            <LongitudeDegrees>-109.53346</LongitudeDegrees>
          </Position>
          <AltitudeMeters>1221.1</AltitudeMeters>
          <DistanceMeters>5098.6</DistanceMeters>
        </Trackpoint>
        <Trackpoint>
          <Time>2026-07-26T01:24:35Z</Time>
          <Position>
            <LatitudeDegrees>38.61095</LatitudeDegrees>
            <LongitudeDegrees>-109.5331</LongitudeDegrees>
          </Position>
          <AltitudeMeters>1222.3</AltitudeMeters>
          <DistanceMeters>5150.3</DistanceMeters>
        </Trackpoint>
        <Trackpoint>
          <Time>2026-07-26T01:24:45Z</Time>
          <Position>
            <LatitudeDegrees>38.611289</LatitudeDegrees>
            <LongitudeDegrees>-109.53279</LongitudeDegrees>
          </Position>
          <AltitudeMeters>1222.0</AltitudeMeters>
          <DistanceMeters>5196.8</DistanceMeters>
        </Trackpoint>
        <Trackpoint>
          <Time>2026-07-26T01:24:55Z</Time>
          <Position>
            <LatitudeDegrees>38.61175</LatitudeDegrees>
            <LongitudeDegrees>-109.532515</LongitudeDegrees>
          </Position>
          <AltitudeMeters>1219.7</AltitudeMeters>
          <DistanceMeters>5253.3</DistanceMeters>
        </Trackpoint>
        <Trackpoint>
          <Time>2026-07-26T01:25:05Z</Time>
          <Position>
            <LatitudeDegrees>38.61221</LatitudeDegrees>
            <LongitudeDegrees>-109.53224</LongitudeDegrees>
          </Position>
          <AltitudeMeters>1218.7</AltitudeMeters>
          <DistanceMeters>5309.8</DistanceMeters>
        </Trackpoint>
        <Trackpoint>
          <Time>2026-07-26T01:25:15Z</Time>
          <Position>
            <LatitudeDegrees>38.61265</LatitudeDegrees>
            <LongitudeDegrees>-109.53189</LongitudeDegrees>
          </Position>
          <AltitudeMeters>1217.8</AltitudeMeters>
          <DistanceMeters>5367.5</DistanceMeters>
        </Trackpoint>
        <Trackpoint>
          <Time>2026-07-26T01:25:25Z</Time>
          <Position>
            <LatitudeDegrees>38.6131</LatitudeDegrees>
            <LongitudeDegrees>-109.53148</LongitudeDegrees>
          </Position>
          <AltitudeMeters>1216.8</AltitudeMeters>
          <DistanceMeters>5429.0</DistanceMeters>
        </Trackpoint>
        <Trackpoint>
          <Time>2026-07-26T01:25:35Z</Time>
          <Position>
            <LatitudeDegrees>38.61356</LatitudeDegrees>
            <LongitudeDegrees>-109.530855</LongitudeDegrees>
          </Position>
          <AltitudeMeters>1215.2</AltitudeMeters>
          <DistanceMeters>5503.7</DistanceMeters>
        </Trackpoint>
        <Trackpoint>
          <Time>2026-07-26T01:25:45Z</Time>
          <Position>
            <LatitudeDegrees>38.614019</LatitudeDegrees>
            <LongitudeDegrees>-109.53023</LongitudeDegrees>
          </Position>
          <AltitudeMeters>1214.9</AltitudeMeters>
          <DistanceMeters>5578.3</DistanceMeters>
        </Trackpoint>
        <Trackpoint>
          <Time>2026-07-26T01:25:55Z</Time>
          <Position>
            <LatitudeDegrees>38.61435</LatitudeDegrees>
            <LongitudeDegrees>-109.52969</LongitudeDegrees>
          </Position>
          <AltitudeMeters>1215.0</AltitudeMeters>
          <DistanceMeters>5638.0</DistanceMeters>
        </Trackpoint>
        <Trackpoint>
          <Time>2026-07-26T01:26:05Z</Time>
          <Position>
            <LatitudeDegrees>38.61466</LatitudeDegrees>
            <LongitudeDegrees>-109.52907</LongitudeDegrees>
          </Position>
          <AltitudeMeters>1215.2</AltitudeMeters>
          <DistanceMeters>5702.0</DistanceMeters>
        </Trackpoint>
        <Trackpoint>
          <Time>2026-07-26T01:26:15Z</Time>
          <Position>
            <LatitudeDegrees>38.61507</LatitudeDegrees>
            <LongitudeDegrees>-109.52831</LongitudeDegrees>
          </Position>
          <AltitudeMeters>1215.6</AltitudeMeters>
          <DistanceMeters>5782.3</DistanceMeters>
        </Trackpoint>
        <Trackpoint>
          <Time>2026-07-26T01:26:25Z</Time>
          <Position>
            <LatitudeDegrees>38.61548</LatitudeDegrees>
            <LongitudeDegrees>-109.52763</LongitudeDegrees>
          </Position>
          <AltitudeMeters>1216.8</AltitudeMeters>
          <DistanceMeters>5857.0</DistanceMeters>
        </Trackpoint>
        <Trackpoint>
          <Time>2026-07-26T01:26:35Z</Time>
          <Position>
            <LatitudeDegrees>38.61605</LatitudeDegrees>
            <LongitudeDegrees>-109.526797</LongitudeDegrees>
          </Position>
          <AltitudeMeters>1218.0</AltitudeMeters>
          <DistanceMeters>5953.3</DistanceMeters>
        </Trackpoint>
        <Trackpoint>
          <Time>2026-07-26T01:26:45Z</Time>
          <Position>
            <LatitudeDegrees>38.61662</LatitudeDegrees>
            <LongitudeDegrees>-109.525963</LongitudeDegrees>
          </Position>
          <AltitudeMeters>1218.5</AltitudeMeters>
          <DistanceMeters>6049.7</DistanceMeters>
        </Trackpoint>
        <Trackpoint>
          <Time>2026-07-26T01:26:55Z</Time>
          <Position>
            <LatitudeDegrees>38.61719</LatitudeDegrees>
            <LongitudeDegrees>-109.52513</LongitudeDegrees>
          </Position>
          <AltitudeMeters>1218.1</AltitudeMeters>
          <DistanceMeters>6146.0</DistanceMeters>
        </Trackpoint>
        <Trackpoint>
          <Time>2026-07-26T01:27:05Z</Time>
          <Position>
            <LatitudeDegrees>38.617565</LatitudeDegrees>
            <LongitudeDegrees>-109.524525</LongitudeDegrees>
          </Position>
          <AltitudeMeters>1217.7</AltitudeMeters>
          <DistanceMeters>6213.2</DistanceMeters>
        </Trackpoint>
        <Trackpoint>
          <Time>2026-07-26T01:27:15Z</Time>
          <Position>
            <LatitudeDegrees>38.61794</LatitudeDegrees>
            <LongitudeDegrees>-109.52392</LongitudeDegrees>
          </Position>
          <AltitudeMeters>1216.6</AltitudeMeters>
          <DistanceMeters>6280.4</DistanceMeters>
        </Trackpoint>
        <Trackpoint>
          <Time>2026-07-26T01:27:25Z</Time>
          <Position>
            <LatitudeDegrees>38.61841</LatitudeDegrees>
            <LongitudeDegrees>-109.5232</LongitudeDegrees>
          </Position>
          <AltitudeMeters>1215.7</AltitudeMeters>
          <DistanceMeters>6362.0</DistanceMeters>
        </Trackpoint>
        <Trackpoint>
          <Time>2026-07-26T01:27:35Z</Time>
          <Position>
            <LatitudeDegrees>38.618865</LatitudeDegrees>
            <LongitudeDegrees>-109.52246</LongitudeDegrees>
          </Position>
          <AltitudeMeters>1214.8</AltitudeMeters>
          <DistanceMeters>6443.9</DistanceMeters>
        </Trackpoint>
        <Trackpoint>
          <Time>2026-07-26T01:27:45Z</Time>
          <Position>
            <LatitudeDegrees>38.61932</LatitudeDegrees>
            <LongitudeDegrees>-109.52172</LongitudeDegrees>
          </Position>
          <AltitudeMeters>1214.9</AltitudeMeters>
          <DistanceMeters>6525.8</DistanceMeters>
        </Trackpoint>
        <Trackpoint>
          <Time>2026-07-26T01:27:55Z</Time>
          <Position>
            <LatitudeDegrees>38.61961</LatitudeDegrees>
            <LongitudeDegrees>-109.521165</LongitudeDegrees>
          </Position>
          <AltitudeMeters>1214.8</AltitudeMeters>
          <DistanceMeters>6583.8</DistanceMeters>
        </Trackpoint>
        <Trackpoint>
          <Time>2026-07-26T01:28:05Z</Time>
          <Position>
            <LatitudeDegrees>38.6199</LatitudeDegrees>
            <LongitudeDegrees>-109.52061</LongitudeDegrees>
          </Position>
          <AltitudeMeters>1214.9</AltitudeMeters>
          <DistanceMeters>6641.9</DistanceMeters>
        </Trackpoint>
        <Trackpoint>
          <Time>2026-07-26T01:28:15Z</Time>
          <Position>
            <LatitudeDegrees>38.620245</LatitudeDegrees>
            <LongitudeDegrees>-109.52001</LongitudeDegrees>
          </Position>
          <AltitudeMeters>1214.8</AltitudeMeters>
          <DistanceMeters>6706.7</DistanceMeters>
        </Trackpoint>
        <Trackpoint>
          <Time>2026-07-26T01:28:25Z</Time>
          <Position>
            <LatitudeDegrees>38.62059</LatitudeDegrees>
            <LongitudeDegrees>-109.51941</LongitudeDegrees>
          </Position>
          <AltitudeMeters>1214.7</AltitudeMeters>
          <DistanceMeters>6771.5</DistanceMeters>
        </Trackpoint>
        <Trackpoint>
          <Time>2026-07-26T01:28:35Z</Time>
          <Position>
            <LatitudeDegrees>38.621027</LatitudeDegrees>
            <LongitudeDegrees>-109.518613</LongitudeDegrees>
          </Position>
          <AltitudeMeters>1215.0</AltitudeMeters>
          <DistanceMeters>6856.2</DistanceMeters>
        </Trackpoint>
        <Trackpoint>
          <Time>2026-07-26T01:28:45Z</Time>
          <Position>
            <LatitudeDegrees>38.621463</LatitudeDegrees>
            <LongitudeDegrees>-109.517817</LongitudeDegrees>
          </Position>
          <AltitudeMeters>1215.3</AltitudeMeters>
          <DistanceMeters>6940.7</DistanceMeters>
        </Trackpoint>
        <Trackpoint>
          <Time>2026-07-26T01:28:55Z</Time>
          <Position>
            <LatitudeDegrees>38.621899</LatitudeDegrees>
            <LongitudeDegrees>-109.51702</LongitudeDegrees>
          </Position>
          <AltitudeMeters>1215.6</AltitudeMeters>
          <DistanceMeters>7025.4</DistanceMeters>
        </Trackpoint>
        <Trackpoint>
          <Time>2026-07-26T01:29:05Z</Time>
          <Position>
            <LatitudeDegrees>38.622307</LatitudeDegrees>
            <LongitudeDegrees>-109.51626</LongitudeDegrees>
          </Position>
          <AltitudeMeters>1216.1</AltitudeMeters>
          <DistanceMeters>7105.6</DistanceMeters>
        </Trackpoint>
        <Trackpoint>
          <Time>2026-07-26T01:29:15Z</Time>
          <Position>
            <LatitudeDegrees>38.622715</LatitudeDegrees>
            <LongitudeDegrees>-109.5155</LongitudeDegrees>
          </Position>
          <AltitudeMeters>1216.2</AltitudeMeters>
          <DistanceMeters>7185.7</DistanceMeters>
        </Trackpoint>
        <Trackpoint>
          <Time>2026-07-26T01:29:25Z</Time>
          <Position>
            <LatitudeDegrees>38.623123</LatitudeDegrees>
            <LongitudeDegrees>-109.51474</LongitudeDegrees>
          </Position>
          <AltitudeMeters>1216.2</AltitudeMeters>
          <DistanceMeters>7265.9</DistanceMeters>
        </Trackpoint>
        <Trackpoint>
          <Time>2026-07-26T01:29:35Z</Time>
          <Position>
            <LatitudeDegrees>38.62353</LatitudeDegrees>
            <LongitudeDegrees>-109.51398</LongitudeDegrees>
          </Position>
          <AltitudeMeters>1215.5</AltitudeMeters>
          <DistanceMeters>7346.1</DistanceMeters>
        </Trackpoint>
        <Trackpoint>
          <Time>2026-07-26T01:29:45Z</Time>
          <Position>
            <LatitudeDegrees>38.623956</LatitudeDegrees>
            <LongitudeDegrees>-109.513128</LongitudeDegrees>
          </Position>
          <AltitudeMeters>1215.2</AltitudeMeters>
          <DistanceMeters>7434.0</DistanceMeters>
        </Trackpoint>
        <Trackpoint>
          <Time>2026-07-26T01:29:55Z</Time>
          <Position>
            <LatitudeDegrees>38.624382</LatitudeDegrees>
            <LongitudeDegrees>-109.512276</LongitudeDegrees>
          </Position>
          <AltitudeMeters>1215.7</AltitudeMeters>
          <DistanceMeters>7522.0</DistanceMeters>
        </Trackpoint>
        <Trackpoint>
          <Time>2026-07-26T01:30:05Z</Time>
          <Position>
            <LatitudeDegrees>38.624808</LatitudeDegrees>
            <LongitudeDegrees>-109.511424</LongitudeDegrees>
          </Position>
          <AltitudeMeters>1217.8</AltitudeMeters>
          <DistanceMeters>7610.0</DistanceMeters>
        </Trackpoint>
        <Trackpoint>
          <Time>2026-07-26T01:30:15Z</Time>
          <Position>
            <LatitudeDegrees>38.625234</LatitudeDegrees>
            <LongitudeDegrees>-109.510572</LongitudeDegrees>
          </Position>
          <AltitudeMeters>1218.5</AltitudeMeters>
          <DistanceMeters>7698.0</DistanceMeters>
        </Trackpoint>
        <Trackpoint>
          <Time>2026-07-26T01:30:25Z</Time>
          <Position>
            <LatitudeDegrees>38.62566</LatitudeDegrees>
            <LongitudeDegrees>-109.50972</LongitudeDegrees>
          </Position>
          <AltitudeMeters>1218.0</AltitudeMeters>
          <DistanceMeters>7785.9</DistanceMeters>
        </Trackpoint>
        <Trackpoint>
          <Time>2026-07-26T01:30:35Z</Time>
          <Position>
            <LatitudeDegrees>38.62608</LatitudeDegrees>
            <LongitudeDegrees>-109.50874</LongitudeDegrees>
          </Position>
          <AltitudeMeters>1218.1</AltitudeMeters>
          <DistanceMeters>7883.1</DistanceMeters>
        </Trackpoint>
        <Trackpoint>
          <Time>2026-07-26T01:30:45Z</Time>
          <Position>
            <LatitudeDegrees>38.62625</LatitudeDegrees>
            <LongitudeDegrees>-109.50825</LongitudeDegrees>
          </Position>
          <AltitudeMeters>1218.3</AltitudeMeters>
          <DistanceMeters>7929.8</DistanceMeters>
        </Trackpoint>
        <Trackpoint>
          <Time>2026-07-26T01:30:55Z</Time>
          <Position>
            <LatitudeDegrees>38.626399</LatitudeDegrees>
            <LongitudeDegrees>-109.50762</LongitudeDegrees>
          </Position>
          <AltitudeMeters>1219.0</AltitudeMeters>
          <DistanceMeters>7987.0</DistanceMeters>
        </Trackpoint>
        <Trackpoint>
          <Time>2026-07-26T01:31:05Z</Time>
          <Position>
            <LatitudeDegrees>38.62655</LatitudeDegrees>
            <LongitudeDegrees>-109.50699</LongitudeDegrees>
          </Position>
          <AltitudeMeters>1219.0</AltitudeMeters>
          <DistanceMeters>8044.3</DistanceMeters>
        </Trackpoint>
        <Trackpoint>
          <Time>2026-07-26T01:31:15Z</Time>
          <Position>
            <LatitudeDegrees>38.62671</LatitudeDegrees>
            <LongitudeDegrees>-109.50638</LongitudeDegrees>
          </Position>
          <AltitudeMeters>1219.0</AltitudeMeters>
          <DistanceMeters>8100.3</DistanceMeters>
        </Trackpoint>
        <Trackpoint>
          <Time>2026-07-26T01:31:25Z</Time>
          <Position>
            <LatitudeDegrees>38.62699</LatitudeDegrees>
            <LongitudeDegrees>-109.50561</LongitudeDegrees>
          </Position>
          <AltitudeMeters>1218.9</AltitudeMeters>
          <DistanceMeters>8174.1</DistanceMeters>
        </Trackpoint>
        <Trackpoint>
          <Time>2026-07-26T01:31:35Z</Time>
          <Position>
            <LatitudeDegrees>38.627345</LatitudeDegrees>
            <LongitudeDegrees>-109.50481</LongitudeDegrees>
          </Position>
          <AltitudeMeters>1218.6</AltitudeMeters>
          <DistanceMeters>8254.2</DistanceMeters>
        </Trackpoint>
        <Trackpoint>
          <Time>2026-07-26T01:31:45Z</Time>
          <Position>
            <LatitudeDegrees>38.6277</LatitudeDegrees>
            <LongitudeDegrees>-109.50401</LongitudeDegrees>
          </Position>
          <AltitudeMeters>1218.5</AltitudeMeters>
          <DistanceMeters>8334.2</DistanceMeters>
        </Trackpoint>
        <Trackpoint>
          <Time>2026-07-26T01:31:55Z</Time>
          <Position>
            <LatitudeDegrees>38.628025</LatitudeDegrees>
            <LongitudeDegrees>-109.50333</LongitudeDegrees>
          </Position>
          <AltitudeMeters>1217.6</AltitudeMeters>
          <DistanceMeters>8403.5</DistanceMeters>
        </Trackpoint>
        <Trackpoint>
          <Time>2026-07-26T01:32:05Z</Time>
          <Position>
            <LatitudeDegrees>38.62835</LatitudeDegrees>
            <LongitudeDegrees>-109.50265</LongitudeDegrees>
          </Position>
          <AltitudeMeters>1217.6</AltitudeMeters>
          <DistanceMeters>8472.8</DistanceMeters>
        </Trackpoint>
        <Trackpoint>
          <Time>2026-07-26T01:32:15Z</Time>
          <Position>
            <LatitudeDegrees>38.628675</LatitudeDegrees>
            <LongitudeDegrees>-109.5018</LongitudeDegrees>
          </Position>
          <AltitudeMeters>1218.8</AltitudeMeters>
          <DistanceMeters>8555.1</DistanceMeters>
        </Trackpoint>
        <Trackpoint>
          <Time>2026-07-26T01:32:25Z</Time>
          <Position>
            <LatitudeDegrees>38.629</LatitudeDegrees>
            <LongitudeDegrees>-109.50095</LongitudeDegrees>
          </Position>
          <AltitudeMeters>1220.6</AltitudeMeters>
          <DistanceMeters>8637.4</DistanceMeters>
        </Trackpoint>
        <Trackpoint>
          <Time>2026-07-26T01:32:35Z</Time>
          <Position>
            <LatitudeDegrees>38.62942</LatitudeDegrees>
            <LongitudeDegrees>-109.5001</LongitudeDegrees>
          </Position>
          <AltitudeMeters>1220.2</AltitudeMeters>
          <DistanceMeters>8724.9</DistanceMeters>
        </Trackpoint>
        <Trackpoint>
          <Time>2026-07-26T01:32:45Z</Time>
          <Position>
            <LatitudeDegrees>38.629869</LatitudeDegrees>
            <LongitudeDegrees>-109.49931</LongitudeDegrees>
          </Position>
          <AltitudeMeters>1218.3</AltitudeMeters>
          <DistanceMeters>8809.9</DistanceMeters>
        </Trackpoint>
        <Trackpoint>
          <Time>2026-07-26T01:32:55Z</Time>
          <Position>
            <LatitudeDegrees>38.63009</LatitudeDegrees>
            <LongitudeDegrees>-109.4988</LongitudeDegrees>
          </Position>
          <AltitudeMeters>1216.6</AltitudeMeters>
          <DistanceMeters>8860.6</DistanceMeters>
        </Trackpoint>
        <Trackpoint>
          <Time>2026-07-26T01:33:05Z</Time>
          <Position>
            <LatitudeDegrees>38.63027</LatitudeDegrees>
            <LongitudeDegrees>-109.498105</LongitudeDegrees>
          </Position>
          <AltitudeMeters>1215.9</AltitudeMeters>
          <DistanceMeters>8924.2</DistanceMeters>
        </Trackpoint>
        <Trackpoint>
          <Time>2026-07-26T01:33:15Z</Time>
          <Position>
            <LatitudeDegrees>38.63045</LatitudeDegrees>
            <LongitudeDegrees>-109.49741</LongitudeDegrees>
          </Position>
          <AltitudeMeters>1216.8</AltitudeMeters>
          <DistanceMeters>8987.9</DistanceMeters>
        </Trackpoint>
        <Trackpoint>
          <Time>2026-07-26T01:33:25Z</Time>
          <Position>
            <LatitudeDegrees>38.63067</LatitudeDegrees>
            <LongitudeDegrees>-109.4963</LongitudeDegrees>
          </Position>
          <AltitudeMeters>1219.8</AltitudeMeters>
          <DistanceMeters>9087.5</DistanceMeters>
        </Trackpoint>
        <Trackpoint>
          <Time>2026-07-26T01:33:35Z</Time>
          <Position>
            <LatitudeDegrees>38.63083</LatitudeDegrees>
            <LongitudeDegrees>-109.49535</LongitudeDegrees>
          </Position>
          <AltitudeMeters>1221.8</AltitudeMeters>
          <DistanceMeters>9172.0</DistanceMeters>
        </Trackpoint>
        <Trackpoint>
          <Time>2026-07-26T01:33:45Z</Time>
          <Position>
            <LatitudeDegrees>38.630899</LatitudeDegrees>
            <LongitudeDegrees>-109.494615</LongitudeDegrees>
          </Position>
          <AltitudeMeters>1223.1</AltitudeMeters>
          <DistanceMeters>9236.4</DistanceMeters>
        </Trackpoint>
        <Trackpoint>
          <Time>2026-07-26T01:33:55Z</Time>
          <Position>
            <LatitudeDegrees>38.63097</LatitudeDegrees>
            <LongitudeDegrees>-109.49388</LongitudeDegrees>
          </Position>
          <AltitudeMeters>1224.8</AltitudeMeters>
          <DistanceMeters>9300.8</DistanceMeters>
        </Trackpoint>
        <Trackpoint>
          <Time>2026-07-26T01:34:05Z</Time>
          <Position>
            <LatitudeDegrees>38.631144</LatitudeDegrees>
            <LongitudeDegrees>-109.493095</LongitudeDegrees>
          </Position>
          <AltitudeMeters>1227.0</AltitudeMeters>
          <DistanceMeters>9371.8</DistanceMeters>
        </Trackpoint>
        <Trackpoint>
          <Time>2026-07-26T01:34:15Z</Time>
          <Position>
            <LatitudeDegrees>38.63132</LatitudeDegrees>
            <LongitudeDegrees>-109.49231</LongitudeDegrees>
          </Position>
          <AltitudeMeters>1227.6</AltitudeMeters>
          <DistanceMeters>9442.8</DistanceMeters>
        </Trackpoint>
        <Trackpoint>
          <Time>2026-07-26T01:34:25Z</Time>
          <Position>
            <LatitudeDegrees>38.631494</LatitudeDegrees>
            <LongitudeDegrees>-109.491406</LongitudeDegrees>
          </Position>
          <AltitudeMeters>1226.0</AltitudeMeters>
          <DistanceMeters>9523.7</DistanceMeters>
        </Trackpoint>
        <Trackpoint>
          <Time>2026-07-26T01:34:35Z</Time>
          <Position>
            <LatitudeDegrees>38.631668</LatitudeDegrees>
            <LongitudeDegrees>-109.490502</LongitudeDegrees>
          </Position>
          <AltitudeMeters>1222.5</AltitudeMeters>
          <DistanceMeters>9604.7</DistanceMeters>
        </Trackpoint>
        <Trackpoint>
          <Time>2026-07-26T01:34:45Z</Time>
          <Position>
            <LatitudeDegrees>38.631842</LatitudeDegrees>
            <LongitudeDegrees>-109.489598</LongitudeDegrees>
          </Position>
          <AltitudeMeters>1220.2</AltitudeMeters>
          <DistanceMeters>9685.7</DistanceMeters>
        </Trackpoint>
        <Trackpoint>
          <Time>2026-07-26T01:34:55Z</Time>
          <Position>
            <LatitudeDegrees>38.632016</LatitudeDegrees>
            <LongitudeDegrees>-109.488694</LongitudeDegrees>
          </Position>
          <AltitudeMeters>1218.2</AltitudeMeters>
          <DistanceMeters>9766.6</DistanceMeters>
        </Trackpoint>
        <Trackpoint>
          <Time>2026-07-26T01:35:05Z</Time>
          <Position>
            <LatitudeDegrees>38.63219</LatitudeDegrees>
            <LongitudeDegrees>-109.48779</LongitudeDegrees>
          </Position>
          <AltitudeMeters>1218.1</AltitudeMeters>
          <DistanceMeters>9847.6</DistanceMeters>
        </Trackpoint>
        <Trackpoint>
          <Time>2026-07-26T01:35:15Z</Time>
          <Position>
            <LatitudeDegrees>38.63238</LatitudeDegrees>
            <LongitudeDegrees>-109.48717</LongitudeDegrees>
          </Position>
          <AltitudeMeters>1219.4</AltitudeMeters>
          <DistanceMeters>9905.5</DistanceMeters>
        </Trackpoint>
        <Trackpoint>
          <Time>2026-07-26T01:35:25Z</Time>
          <Position>
            <LatitudeDegrees>38.63261</LatitudeDegrees>
            <LongitudeDegrees>-109.48662</LongitudeDegrees>
          </Position>
          <AltitudeMeters>1222.0</AltitudeMeters>
          <DistanceMeters>9959.7</DistanceMeters>
        </Trackpoint>
        <Trackpoint>
          <Time>2026-07-26T01:35:35Z</Time>
          <Position>
            <LatitudeDegrees>38.63271</LatitudeDegrees>
            <LongitudeDegrees>-109.48644</LongitudeDegrees>
          </Position>
          <AltitudeMeters>1222.0</AltitudeMeters>
          <DistanceMeters>9978.9</DistanceMeters>
        </Trackpoint>
        <Trackpoint>
          <Time>2026-07-26T01:35:45Z</Time>
          <Position>
            <LatitudeDegrees>38.633232</LatitudeDegrees>
            <LongitudeDegrees>-109.485585</LongitudeDegrees>
          </Position>
          <AltitudeMeters>1224.1</AltitudeMeters>
          <DistanceMeters>10073.3</DistanceMeters>
        </Trackpoint>
        <Trackpoint>
          <Time>2026-07-26T01:35:55Z</Time>
          <Position>
            <LatitudeDegrees>38.633753</LatitudeDegrees>
            <LongitudeDegrees>-109.48473</LongitudeDegrees>
          </Position>
          <AltitudeMeters>1224.9</AltitudeMeters>
          <DistanceMeters>10167.6</DistanceMeters>
        </Trackpoint>
        <Trackpoint>
          <Time>2026-07-26T01:36:05Z</Time>
          <Position>
            <LatitudeDegrees>38.634275</LatitudeDegrees>
            <LongitudeDegrees>-109.483875</LongitudeDegrees>
          </Position>
          <AltitudeMeters>1223.9</AltitudeMeters>
          <DistanceMeters>10262.0</DistanceMeters>
        </Trackpoint>
        <Trackpoint>
          <Time>2026-07-26T01:36:15Z</Time>
          <Position>
            <LatitudeDegrees>38.634797</LatitudeDegrees>
            <LongitudeDegrees>-109.48302</LongitudeDegrees>
          </Position>
          <AltitudeMeters>1223.0</AltitudeMeters>
          <DistanceMeters>10356.3</DistanceMeters>
        </Trackpoint>
        <Trackpoint>
          <Time>2026-07-26T01:36:25Z</Time>
          <Position>
            <LatitudeDegrees>38.635318</LatitudeDegrees>
            <LongitudeDegrees>-109.482165</LongitudeDegrees>
          </Position>
          <AltitudeMeters>1222.0</AltitudeMeters>
          <DistanceMeters>10450.6</DistanceMeters>
        </Trackpoint>
        <Trackpoint>
          <Time>2026-07-26T01:36:35Z</Time>
          <Position>
            <LatitudeDegrees>38.63584</LatitudeDegrees>
            <LongitudeDegrees>-109.48131</LongitudeDegrees>
          </Position>
          <AltitudeMeters>1220.9</AltitudeMeters>
          <DistanceMeters>10545.0</DistanceMeters>
        </Trackpoint>
        <Trackpoint>
          <Time>2026-07-26T01:36:45Z</Time>
          <Position>
            <LatitudeDegrees>38.63612</LatitudeDegrees>
            <LongitudeDegrees>-109.48095</LongitudeDegrees>
          </Position>
          <AltitudeMeters>1220.6</AltitudeMeters>
          <DistanceMeters>10589.2</DistanceMeters>
        </Trackpoint>
        <Trackpoint>
          <Time>2026-07-26T01:36:55Z</Time>
          <Position>
            <LatitudeDegrees>38.63612</LatitudeDegrees>
            <LongitudeDegrees>-109.48094</LongitudeDegrees>
          </Position>
          <AltitudeMeters>1220.6</AltitudeMeters>
          <DistanceMeters>10590.0</DistanceMeters>
        </Trackpoint>
        <Trackpoint>
          <Time>2026-07-26T01:37:05Z</Time>
          <Position>
            <LatitudeDegrees>38.63645</LatitudeDegrees>
            <LongitudeDegrees>-109.48059</LongitudeDegrees>
          </Position>
          <AltitudeMeters>1220.0</AltitudeMeters>
          <DistanceMeters>10637.7</DistanceMeters>
        </Trackpoint>
        <Trackpoint>
          <Time>2026-07-26T01:37:15Z</Time>
          <Position>
            <LatitudeDegrees>38.63689</LatitudeDegrees>
            <LongitudeDegrees>-109.48018</LongitudeDegrees>
          </Position>
          <AltitudeMeters>1219.6</AltitudeMeters>
          <DistanceMeters>10698.3</DistanceMeters>
        </Trackpoint>
        <Trackpoint>
          <Time>2026-07-26T01:37:25Z</Time>
          <Position>
            <LatitudeDegrees>38.637552</LatitudeDegrees>
            <LongitudeDegrees>-109.479643</LongitudeDegrees>
          </Position>
          <AltitudeMeters>1219.3</AltitudeMeters>
          <DistanceMeters>10785.6</DistanceMeters>
        </Trackpoint>
        <Trackpoint>
          <Time>2026-07-26T01:37:35Z</Time>
          <Position>
            <LatitudeDegrees>38.638217</LatitudeDegrees>
            <LongitudeDegrees>-109.479107</LongitudeDegrees>
          </Position>
          <AltitudeMeters>1220.7</AltitudeMeters>
          <DistanceMeters>10873.0</DistanceMeters>
        </Trackpoint>
        <Trackpoint>
          <Time>2026-07-26T01:37:45Z</Time>
          <Position>
            <LatitudeDegrees>38.63888</LatitudeDegrees>
            <LongitudeDegrees>-109.47857</LongitudeDegrees>
          </Position>
          <AltitudeMeters>1222.0</AltitudeMeters>
          <DistanceMeters>10960.4</DistanceMeters>
        </Trackpoint>
        <Trackpoint>
          <Time>2026-07-26T01:37:55Z</Time>
          <Position>
            <LatitudeDegrees>38.639543</LatitudeDegrees>
            <LongitudeDegrees>-109.478033</LongitudeDegrees>
          </Position>
          <AltitudeMeters>1222.8</AltitudeMeters>
          <DistanceMeters>11047.7</DistanceMeters>
        </Trackpoint>
        <Trackpoint>
          <Time>2026-07-26T01:38:05Z</Time>
          <Position>
            <LatitudeDegrees>38.640206</LatitudeDegrees>
            <LongitudeDegrees>-109.477497</LongitudeDegrees>
          </Position>
          <AltitudeMeters>1224.1</AltitudeMeters>
          <DistanceMeters>11135.1</DistanceMeters>
        </Trackpoint>
        <Trackpoint>
          <Time>2026-07-26T01:38:15Z</Time>
          <Position>
            <LatitudeDegrees>38.64087</LatitudeDegrees>
            <LongitudeDegrees>-109.47696</LongitudeDegrees>
          </Position>
          <AltitudeMeters>1225.8</AltitudeMeters>
          <DistanceMeters>11222.4</DistanceMeters>
        </Trackpoint>
        <Trackpoint>
          <Time>2026-07-26T01:38:25Z</Time>
          <Position>
            <LatitudeDegrees>38.641219</LatitudeDegrees>
            <LongitudeDegrees>-109.47673</LongitudeDegrees>
          </Position>
          <AltitudeMeters>1226.3</AltitudeMeters>
          <DistanceMeters>11266.2</DistanceMeters>
        </Trackpoint>
        <Trackpoint>
          <Time>2026-07-26T01:38:35Z</Time>
          <Position>
            <LatitudeDegrees>38.64154</LatitudeDegrees>
            <LongitudeDegrees>-109.47655</LongitudeDegrees>
          </Position>
          <AltitudeMeters>1226.6</AltitudeMeters>
          <DistanceMeters>11305.1</DistanceMeters>
        </Trackpoint>
        <Trackpoint>
          <Time>2026-07-26T01:38:45Z</Time>
          <Position>
            <LatitudeDegrees>38.64171</LatitudeDegrees>
            <LongitudeDegrees>-109.47647</LongitudeDegrees>
          </Position>
          <AltitudeMeters>1226.6</AltitudeMeters>
          <DistanceMeters>11325.3</DistanceMeters>
        </Trackpoint>
        <Trackpoint>
          <Time>2026-07-26T01:38:55Z</Time>
          <Position>
            <LatitudeDegrees>38.64209</LatitudeDegrees>
            <LongitudeDegrees>-109.47633</LongitudeDegrees>
          </Position>
          <AltitudeMeters>1226.4</AltitudeMeters>
          <DistanceMeters>11369.3</DistanceMeters>
        </Trackpoint>
        <Trackpoint>
          <Time>2026-07-26T01:39:05Z</Time>
          <Position>
            <LatitudeDegrees>38.64243</LatitudeDegrees>
            <LongitudeDegrees>-109.47625</LongitudeDegrees>
          </Position>
          <AltitudeMeters>1225.5</AltitudeMeters>
          <DistanceMeters>11407.8</DistanceMeters>
        </Trackpoint>
        <Trackpoint>
          <Time>2026-07-26T01:39:15Z</Time>
          <Position>
            <LatitudeDegrees>38.643217</LatitudeDegrees>
            <LongitudeDegrees>-109.4762</LongitudeDegrees>
          </Position>
          <AltitudeMeters>1223.7</AltitudeMeters>
          <DistanceMeters>11495.5</DistanceMeters>
        </Trackpoint>
        <Trackpoint>
          <Time>2026-07-26T01:39:25Z</Time>
          <Position>
            <LatitudeDegrees>38.644003</LatitudeDegrees>
            <LongitudeDegrees>-109.47615</LongitudeDegrees>
          </Position>
          <AltitudeMeters>1222.6</AltitudeMeters>
          <DistanceMeters>11583.1</DistanceMeters>
        </Trackpoint>
        <Trackpoint>
          <Time>2026-07-26T01:39:35Z</Time>
          <Position>
            <LatitudeDegrees>38.64479</LatitudeDegrees>
            <LongitudeDegrees>-109.4761</LongitudeDegrees>
          </Position>
          <AltitudeMeters>1222.2</AltitudeMeters>
          <DistanceMeters>11670.8</DistanceMeters>
        </Trackpoint>
        <Trackpoint>
          <Time>2026-07-26T01:39:45Z</Time>
          <Position>
            <LatitudeDegrees>38.64514</LatitudeDegrees>
            <LongitudeDegrees>-109.47611</LongitudeDegrees>
          </Position>
          <AltitudeMeters>1222.1</AltitudeMeters>
          <DistanceMeters>11709.8</DistanceMeters>
        </Trackpoint>
        <Trackpoint>
          <Time>2026-07-26T01:39:55Z</Time>
          <Position>
            <LatitudeDegrees>38.64549</LatitudeDegrees>
            <LongitudeDegrees>-109.47616</LongitudeDegrees>
          </Position>
          <AltitudeMeters>1222.0</AltitudeMeters>
          <DistanceMeters>11749.0</DistanceMeters>
        </Trackpoint>
        <Trackpoint>
          <Time>2026-07-26T01:40:05Z</Time>
          <Position>
            <LatitudeDegrees>38.64581</LatitudeDegrees>
            <LongitudeDegrees>-109.47624</LongitudeDegrees>
          </Position>
          <AltitudeMeters>1222.1</AltitudeMeters>
          <DistanceMeters>11785.3</DistanceMeters>
        </Trackpoint>
        <Trackpoint>
          <Time>2026-07-26T01:40:15Z</Time>
          <Position>
            <LatitudeDegrees>38.64621</LatitudeDegrees>
            <LongitudeDegrees>-109.47638</LongitudeDegrees>
          </Position>
          <AltitudeMeters>1222.2</AltitudeMeters>
          <DistanceMeters>11831.4</DistanceMeters>
        </Trackpoint>
        <Trackpoint>
          <Time>2026-07-26T01:40:25Z</Time>
          <Position>
            <LatitudeDegrees>38.64652</LatitudeDegrees>
            <LongitudeDegrees>-109.47655</LongitudeDegrees>
          </Position>
          <AltitudeMeters>1222.2</AltitudeMeters>
          <DistanceMeters>11869.0</DistanceMeters>
        </Trackpoint>
        <Trackpoint>
          <Time>2026-07-26T01:40:35Z</Time>
          <Position>
            <LatitudeDegrees>38.6469</LatitudeDegrees>
            <LongitudeDegrees>-109.47682</LongitudeDegrees>
          </Position>
          <AltitudeMeters>1222.3</AltitudeMeters>
          <DistanceMeters>11917.4</DistanceMeters>
        </Trackpoint>
        <Trackpoint>
          <Time>2026-07-26T01:40:45Z</Time>
          <Position>
            <LatitudeDegrees>38.64723</LatitudeDegrees>
            <LongitudeDegrees>-109.47713</LongitudeDegrees>
          </Position>
          <AltitudeMeters>1222.3</AltitudeMeters>
          <DistanceMeters>11962.9</DistanceMeters>
        </Trackpoint>
        <Trackpoint>
          <Time>2026-07-26T01:40:55Z</Time>
          <Position>
            <LatitudeDegrees>38.64755</LatitudeDegrees>
            <LongitudeDegrees>-109.47746</LongitudeDegrees>
          </Position>
          <AltitudeMeters>1222.5</AltitudeMeters>
          <DistanceMeters>12008.7</DistanceMeters>
        </Trackpoint>
        <Trackpoint>
          <Time>2026-07-26T01:41:05Z</Time>
          <Position>
            <LatitudeDegrees>38.648057</LatitudeDegrees>
            <LongitudeDegrees>-109.478153</LongitudeDegrees>
          </Position>
          <AltitudeMeters>1222.9</AltitudeMeters>
          <DistanceMeters>12091.2</DistanceMeters>
        </Trackpoint>
        <Trackpoint>
          <Time>2026-07-26T01:41:15Z</Time>
          <Position>
            <LatitudeDegrees>38.648563</LatitudeDegrees>
            <LongitudeDegrees>-109.478847</LongitudeDegrees>
          </Position>
          <AltitudeMeters>1223.2</AltitudeMeters>
          <DistanceMeters>12173.8</DistanceMeters>
        </Trackpoint>
        <Trackpoint>
          <Time>2026-07-26T01:41:25Z</Time>
          <Position>
            <LatitudeDegrees>38.64907</LatitudeDegrees>
            <LongitudeDegrees>-109.47954</LongitudeDegrees>
          </Position>
          <AltitudeMeters>1223.9</AltitudeMeters>
          <DistanceMeters>12256.3</DistanceMeters>
        </Trackpoint>
        <Trackpoint>
          <Time>2026-07-26T01:41:35Z</Time>
          <Position>
            <LatitudeDegrees>38.64943</LatitudeDegrees>
            <LongitudeDegrees>-109.480045</LongitudeDegrees>
          </Position>
          <AltitudeMeters>1224.0</AltitudeMeters>
          <DistanceMeters>12315.8</DistanceMeters>
        </Trackpoint>
        <Trackpoint>
          <Time>2026-07-26T01:41:45Z</Time>
          <Position>
            <LatitudeDegrees>38.64979</LatitudeDegrees>
            <LongitudeDegrees>-109.48055</LongitudeDegrees>
          </Position>
          <AltitudeMeters>1224.4</AltitudeMeters>
          <DistanceMeters>12375.2</DistanceMeters>
        </Trackpoint>
        <Trackpoint>
          <Time>2026-07-26T01:41:55Z</Time>
          <Position>
            <LatitudeDegrees>38.65014</LatitudeDegrees>
            <LongitudeDegrees>-109.48112</LongitudeDegrees>
          </Position>
          <AltitudeMeters>1224.2</AltitudeMeters>
          <DistanceMeters>12438.2</DistanceMeters>
        </Trackpoint>
        <Trackpoint>
          <Time>2026-07-26T01:42:05Z</Time>
          <Position>
            <LatitudeDegrees>38.650329</LatitudeDegrees>
            <LongitudeDegrees>-109.48157</LongitudeDegrees>
          </Position>
          <AltitudeMeters>1224.0</AltitudeMeters>
          <DistanceMeters>12482.7</DistanceMeters>
        </Trackpoint>
        <Trackpoint>
          <Time>2026-07-26T01:42:15Z</Time>
          <Position>
            <LatitudeDegrees>38.65051</LatitudeDegrees>
            <LongitudeDegrees>-109.48215</LongitudeDegrees>
          </Position>
          <AltitudeMeters>1223.8</AltitudeMeters>
          <DistanceMeters>12537.0</DistanceMeters>
        </Trackpoint>
        <Trackpoint>
          <Time>2026-07-26T01:42:25Z</Time>
          <Position>
            <LatitudeDegrees>38.65059</LatitudeDegrees>
            <LongitudeDegrees>-109.48282</LongitudeDegrees>
          </Position>
          <AltitudeMeters>1223.5</AltitudeMeters>
          <DistanceMeters>12595.9</DistanceMeters>
        </Trackpoint>
        <Trackpoint>
          <Time>2026-07-26T01:42:35Z</Time>
          <Position>
            <LatitudeDegrees>38.65059</LatitudeDegrees>
            <LongitudeDegrees>-109.48344</LongitudeDegrees>
          </Position>
          <AltitudeMeters>1223.2</AltitudeMeters>
          <DistanceMeters>12649.8</DistanceMeters>
        </Trackpoint>
        <Trackpoint>
          <Time>2026-07-26T01:42:45Z</Time>
          <Position>
            <LatitudeDegrees>38.6505</LatitudeDegrees>
            <LongitudeDegrees>-109.48407</LongitudeDegrees>
          </Position>
          <AltitudeMeters>1223.2</AltitudeMeters>
          <DistanceMeters>12705.5</DistanceMeters>
        </Trackpoint>
        <Trackpoint>
          <Time>2026-07-26T01:42:55Z</Time>
          <Position>
            <LatitudeDegrees>38.650239</LatitudeDegrees>
            <LongitudeDegrees>-109.48512</LongitudeDegrees>
          </Position>
          <AltitudeMeters>1223.7</AltitudeMeters>
          <DistanceMeters>12801.2</DistanceMeters>
        </Trackpoint>
        <Trackpoint>
          <Time>2026-07-26T01:43:05Z</Time>
          <Position>
            <LatitudeDegrees>38.650056</LatitudeDegrees>
            <LongitudeDegrees>-109.485933</LongitudeDegrees>
          </Position>
          <AltitudeMeters>1224.5</AltitudeMeters>
          <DistanceMeters>12874.8</DistanceMeters>
        </Trackpoint>
        <Trackpoint>
          <Time>2026-07-26T01:43:15Z</Time>
          <Position>
            <LatitudeDegrees>38.649873</LatitudeDegrees>
            <LongitudeDegrees>-109.486747</LongitudeDegrees>
          </Position>
          <AltitudeMeters>1224.7</AltitudeMeters>
          <DistanceMeters>12948.5</DistanceMeters>
        </Trackpoint>
        <Trackpoint>
          <Time>2026-07-26T01:43:25Z</Time>
          <Position>
            <LatitudeDegrees>38.64969</LatitudeDegrees>
            <LongitudeDegrees>-109.48756</LongitudeDegrees>
          </Position>
          <AltitudeMeters>1224.5</AltitudeMeters>
          <DistanceMeters>13022.0</DistanceMeters>
        </Trackpoint>
        <Trackpoint>
          <Time>2026-07-26T01:43:35Z</Time>
          <Position>
            <LatitudeDegrees>38.64942</LatitudeDegrees>
            <LongitudeDegrees>-109.48851</LongitudeDegrees>
          </Position>
          <AltitudeMeters>1224.1</AltitudeMeters>
          <DistanceMeters>13109.9</DistanceMeters>
        </Trackpoint>
        <Trackpoint>
          <Time>2026-07-26T01:43:45Z</Time>
          <Position>
            <LatitudeDegrees>38.64917</LatitudeDegrees>
            <LongitudeDegrees>-109.48922</LongitudeDegrees>
          </Position>
          <AltitudeMeters>1223.8</AltitudeMeters>
          <DistanceMeters>13177.6</DistanceMeters>
        </Trackpoint>
        <Trackpoint>
          <Time>2026-07-26T01:43:55Z</Time>
          <Position>
            <LatitudeDegrees>38.6488</LatitudeDegrees>
            <LongitudeDegrees>-109.49009</LongitudeDegrees>
          </Position>
          <AltitudeMeters>1223.2</AltitudeMeters>
          <DistanceMeters>13263.7</DistanceMeters>
        </Trackpoint>
        <Trackpoint>
          <Time>2026-07-26T01:44:05Z</Time>
          <Position>
            <LatitudeDegrees>38.64851</LatitudeDegrees>
            <LongitudeDegrees>-109.49071</LongitudeDegrees>
          </Position>
          <AltitudeMeters>1222.9</AltitudeMeters>
          <DistanceMeters>13326.6</DistanceMeters>
        </Trackpoint>
        <Trackpoint>
          <Time>2026-07-26T01:44:15Z</Time>
          <Position>
            <LatitudeDegrees>38.648145</LatitudeDegrees>
            <LongitudeDegrees>-109.491375</LongitudeDegrees>
          </Position>
          <AltitudeMeters>1222.4</AltitudeMeters>
          <DistanceMeters>13397.2</DistanceMeters>
        </Trackpoint>
        <Trackpoint>
          <Time>2026-07-26T01:44:25Z</Time>
          <Position>
            <LatitudeDegrees>38.64778</LatitudeDegrees>
            <LongitudeDegrees>-109.49204</LongitudeDegrees>
          </Position>
          <AltitudeMeters>1222.1</AltitudeMeters>
          <DistanceMeters>13467.9</DistanceMeters>
        </Trackpoint>
        <Trackpoint>
          <Time>2026-07-26T01:44:35Z</Time>
          <Position>
            <LatitudeDegrees>38.647325</LatitudeDegrees>
            <LongitudeDegrees>-109.49296</LongitudeDegrees>
          </Position>
          <AltitudeMeters>1222.3</AltitudeMeters>
          <DistanceMeters>13562.6</DistanceMeters>
        </Trackpoint>
        <Trackpoint>
          <Time>2026-07-26T01:44:45Z</Time>
          <Position>
            <LatitudeDegrees>38.64687</LatitudeDegrees>
            <LongitudeDegrees>-109.49388</LongitudeDegrees>
          </Position>
          <AltitudeMeters>1222.4</AltitudeMeters>
          <DistanceMeters>13657.3</DistanceMeters>
        </Trackpoint>
        <Trackpoint>
          <Time>2026-07-26T01:44:55Z</Time>
          <Position>
            <LatitudeDegrees>38.64638</LatitudeDegrees>
            <LongitudeDegrees>-109.49475</LongitudeDegrees>
          </Position>
          <AltitudeMeters>1222.4</AltitudeMeters>
          <DistanceMeters>13750.5</DistanceMeters>
        </Trackpoint>
        <Trackpoint>
          <Time>2026-07-26T01:45:05Z</Time>
          <Position>
            <LatitudeDegrees>38.64589</LatitudeDegrees>
            <LongitudeDegrees>-109.49562</LongitudeDegrees>
          </Position>
          <AltitudeMeters>1221.7</AltitudeMeters>
          <DistanceMeters>13843.8</DistanceMeters>
        </Trackpoint>
        <Trackpoint>
          <Time>2026-07-26T01:45:15Z</Time>
          <Position>
            <LatitudeDegrees>38.64571</LatitudeDegrees>
            <LongitudeDegrees>-109.49602</LongitudeDegrees>
          </Position>
          <AltitudeMeters>1221.6</AltitudeMeters>
          <DistanceMeters>13883.9</DistanceMeters>
        </Trackpoint>
        <Trackpoint>
          <Time>2026-07-26T01:45:25Z</Time>
          <Position>
            <LatitudeDegrees>38.6455</LatitudeDegrees>
            <LongitudeDegrees>-109.4967</LongitudeDegrees>
          </Position>
          <AltitudeMeters>1221.9</AltitudeMeters>
          <DistanceMeters>13947.5</DistanceMeters>
        </Trackpoint>
        <Trackpoint>
          <Time>2026-07-26T01:45:35Z</Time>
          <Position>
            <LatitudeDegrees>38.64535</LatitudeDegrees>
            <LongitudeDegrees>-109.4975</LongitudeDegrees>
          </Position>
          <AltitudeMeters>1222.6</AltitudeMeters>
          <DistanceMeters>14019.0</DistanceMeters>
        </Trackpoint>
        <Trackpoint>
          <Time>2026-07-26T01:45:45Z</Time>
          <Position>
            <LatitudeDegrees>38.64521</LatitudeDegrees>
            <LongitudeDegrees>-109.49813</LongitudeDegrees>
          </Position>
          <AltitudeMeters>1223.2</AltitudeMeters>
          <DistanceMeters>14076.0</DistanceMeters>
        </Trackpoint>
        <Trackpoint>
          <Time>2026-07-26T01:45:55Z</Time>
          <Position>
            <LatitudeDegrees>38.645</LatitudeDegrees>
            <LongitudeDegrees>-109.49889</LongitudeDegrees>
          </Position>
          <AltitudeMeters>1223.0</AltitudeMeters>
          <DistanceMeters>14146.0</DistanceMeters>
        </Trackpoint>
        <Trackpoint>
          <Time>2026-07-26T01:46:05Z</Time>
          <Position>
            <LatitudeDegrees>38.64479</LatitudeDegrees>
            <LongitudeDegrees>-109.49965</LongitudeDegrees>
          </Position>
          <AltitudeMeters>1223.2</AltitudeMeters>
          <DistanceMeters>14216.1</DistanceMeters>
        </Trackpoint>
        <Trackpoint>
          <Time>2026-07-26T01:46:15Z</Time>
          <Position>
            <LatitudeDegrees>38.64471</LatitudeDegrees>
            <LongitudeDegrees>-109.5001</LongitudeDegrees>
          </Position>
          <AltitudeMeters>1223.2</AltitudeMeters>
          <DistanceMeters>14256.3</DistanceMeters>
        </Trackpoint>
        <Trackpoint>
          <Time>2026-07-26T01:46:25Z</Time>
          <Position>
            <LatitudeDegrees>38.64469</LatitudeDegrees>
            <LongitudeDegrees>-109.50046</LongitudeDegrees>
          </Position>
          <AltitudeMeters>1223.0</AltitudeMeters>
          <DistanceMeters>14287.6</DistanceMeters>
        </Trackpoint>
        <Trackpoint>
          <Time>2026-07-26T01:46:35Z</Time>
          <Position>
            <LatitudeDegrees>38.64472</LatitudeDegrees>
            <LongitudeDegrees>-109.50079</LongitudeDegrees>
          </Position>
          <AltitudeMeters>1222.6</AltitudeMeters>
          <DistanceMeters>14316.5</DistanceMeters>
        </Trackpoint>
        <Trackpoint>
          <Time>2026-07-26T01:46:45Z</Time>
          <Position>
            <LatitudeDegrees>38.64481</LatitudeDegrees>
            <LongitudeDegrees>-109.50113</LongitudeDegrees>
          </Position>
          <AltitudeMeters>1222.2</AltitudeMeters>
          <DistanceMeters>14347.7</DistanceMeters>
        </Trackpoint>
        <Trackpoint>
          <Time>2026-07-26T01:46:55Z</Time>
          <Position>
            <LatitudeDegrees>38.64503</LatitudeDegrees>
            <LongitudeDegrees>-109.50167</LongitudeDegrees>
          </Position>
          <AltitudeMeters>1221.9</AltitudeMeters>
          <DistanceMeters>14400.7</DistanceMeters>
        </Trackpoint>
        <Trackpoint>
          <Time>2026-07-26T01:47:05Z</Time>
          <Position>
            <LatitudeDegrees>38.64525</LatitudeDegrees>
            <LongitudeDegrees>-109.50221</LongitudeDegrees>
          </Position>
          <AltitudeMeters>1222.4</AltitudeMeters>
          <DistanceMeters>14453.6</DistanceMeters>
        </Trackpoint>
        <Trackpoint>
          <Time>2026-07-26T01:47:15Z</Time>
          <Position>
            <LatitudeDegrees>38.64563</LatitudeDegrees>
            <LongitudeDegrees>-109.50319</LongitudeDegrees>
          </Position>
          <AltitudeMeters>1221.9</AltitudeMeters>
          <DistanceMeters>14548.8</DistanceMeters>
        </Trackpoint>
        <Trackpoint>
          <Time>2026-07-26T01:47:25Z</Time>
          <Position>
            <LatitudeDegrees>38.64578</LatitudeDegrees>
            <LongitudeDegrees>-109.5035</LongitudeDegrees>
          </Position>
          <AltitudeMeters>1221.5</AltitudeMeters>
          <DistanceMeters>14580.5</DistanceMeters>
        </Trackpoint>
        <Trackpoint>
          <Time>2026-07-26T01:47:35Z</Time>
          <Position>
            <LatitudeDegrees>38.64591</LatitudeDegrees>
            <LongitudeDegrees>-109.50373</LongitudeDegrees>
          </Position>
          <AltitudeMeters>1221.4</AltitudeMeters>
          <DistanceMeters>14605.2</DistanceMeters>
        </Trackpoint>
        <Trackpoint>
          <Time>2026-07-26T01:47:45Z</Time>
          <Position>
            <LatitudeDegrees>38.646305</LatitudeDegrees>
            <LongitudeDegrees>-109.504225</LongitudeDegrees>
          </Position>
          <AltitudeMeters>1221.8</AltitudeMeters>
          <DistanceMeters>14666.7</DistanceMeters>
        </Trackpoint>
        <Trackpoint>
          <Time>2026-07-26T01:47:55Z</Time>
          <Position>
            <LatitudeDegrees>38.6467</LatitudeDegrees>
            <LongitudeDegrees>-109.50472</LongitudeDegrees>
          </Position>
          <AltitudeMeters>1222.7</AltitudeMeters>
          <DistanceMeters>14728.2</DistanceMeters>
        </Trackpoint>
        <Trackpoint>
          <Time>2026-07-26T01:48:05Z</Time>
          <Position>
            <LatitudeDegrees>38.64692</LatitudeDegrees>
            <LongitudeDegrees>-109.50494</LongitudeDegrees>
          </Position>
          <AltitudeMeters>1222.7</AltitudeMeters>
          <DistanceMeters>14759.3</DistanceMeters>
        </Trackpoint>
        <Trackpoint>
          <Time>2026-07-26T01:48:15Z</Time>
          <Position>
            <LatitudeDegrees>38.64721</LatitudeDegrees>
            <LongitudeDegrees>-109.50513</LongitudeDegrees>
          </Position>
          <AltitudeMeters>1222.7</AltitudeMeters>
          <DistanceMeters>14795.5</DistanceMeters>
        </Trackpoint>
        <Trackpoint>
          <Time>2026-07-26T01:48:25Z</Time>
          <Position>
            <LatitudeDegrees>38.64752</LatitudeDegrees>
            <LongitudeDegrees>-109.50526</LongitudeDegrees>
          </Position>
          <AltitudeMeters>1222.7</AltitudeMeters>
          <DistanceMeters>14831.9</DistanceMeters>
        </Trackpoint>
        <Trackpoint>
          <Time>2026-07-26T01:48:35Z</Time>
          <Position>
            <LatitudeDegrees>38.648075</LatitudeDegrees>
            <LongitudeDegrees>-109.50532</LongitudeDegrees>
          </Position>
          <AltitudeMeters>1222.4</AltitudeMeters>
          <DistanceMeters>14893.9</DistanceMeters>
        </Trackpoint>
        <Trackpoint>
          <Time>2026-07-26T01:48:45Z</Time>
          <Position>
            <LatitudeDegrees>38.64863</LatitudeDegrees>
            <LongitudeDegrees>-109.50538</LongitudeDegrees>
          </Position>
          <AltitudeMeters>1222.0</AltitudeMeters>
          <DistanceMeters>14955.9</DistanceMeters>
        </Trackpoint>
        <Trackpoint>
          <Time>2026-07-26T01:48:55Z</Time>
          <Position>
            <LatitudeDegrees>38.64918</LatitudeDegrees>
            <LongitudeDegrees>-109.50553</LongitudeDegrees>
          </Position>
          <AltitudeMeters>1223.0</AltitudeMeters>
          <DistanceMeters>15018.5</DistanceMeters>
        </Trackpoint>
        <Trackpoint>
          <Time>2026-07-26T01:49:05Z</Time>
          <Position>
            <LatitudeDegrees>38.64962</LatitudeDegrees>
            <LongitudeDegrees>-109.50561</LongitudeDegrees>
          </Position>
          <AltitudeMeters>1223.4</AltitudeMeters>
          <DistanceMeters>15067.9</DistanceMeters>
        </Trackpoint>
        <Trackpoint>
          <Time>2026-07-26T01:49:15Z</Time>
          <Position>
            <LatitudeDegrees>38.65011</LatitudeDegrees>
            <LongitudeDegrees>-109.50557</LongitudeDegrees>
          </Position>
          <AltitudeMeters>1223.3</AltitudeMeters>
          <DistanceMeters>15122.6</DistanceMeters>
        </Trackpoint>
        <Trackpoint>
          <Time>2026-07-26T01:49:25Z</Time>
          <Position>
            <LatitudeDegrees>38.65043</LatitudeDegrees>
            <LongitudeDegrees>-109.50561</LongitudeDegrees>
          </Position>
          <AltitudeMeters>1223.2</AltitudeMeters>
          <DistanceMeters>15158.4</DistanceMeters>
        </Trackpoint>
        <Trackpoint>
          <Time>2026-07-26T01:49:35Z</Time>
          <Position>
            <LatitudeDegrees>38.65129</LatitudeDegrees>
            <LongitudeDegrees>-109.50575</LongitudeDegrees>
          </Position>
          <AltitudeMeters>1223.5</AltitudeMeters>
          <DistanceMeters>15254.9</DistanceMeters>
        </Trackpoint>
        <Trackpoint>
          <Time>2026-07-26T01:49:45Z</Time>
          <Position>
            <LatitudeDegrees>38.65204</LatitudeDegrees>
            <LongitudeDegrees>-109.50593</LongitudeDegrees>
          </Position>
          <AltitudeMeters>1223.6</AltitudeMeters>
          <DistanceMeters>15339.8</DistanceMeters>
        </Trackpoint>
        <Trackpoint>
          <Time>2026-07-26T01:49:55Z</Time>
          <Position>
            <LatitudeDegrees>38.652299</LatitudeDegrees>
            <LongitudeDegrees>-109.50596</LongitudeDegrees>
          </Position>
          <AltitudeMeters>1223.7</AltitudeMeters>
          <DistanceMeters>15368.9</DistanceMeters>
        </Trackpoint>
        <Trackpoint>
          <Time>2026-07-26T01:50:05Z</Time>
          <Position>
            <LatitudeDegrees>38.65228</LatitudeDegrees>
            <LongitudeDegrees>-109.50596</LongitudeDegrees>
          </Position>
          <AltitudeMeters>1223.7</AltitudeMeters>
          <DistanceMeters>15371.1</DistanceMeters>
        </Trackpoint>
        <Trackpoint>
          <Time>2026-07-26T01:50:15Z</Time>
          <Position>
            <LatitudeDegrees>38.65247</LatitudeDegrees>
            <LongitudeDegrees>-109.50589</LongitudeDegrees>
          </Position>
          <AltitudeMeters>1223.7</AltitudeMeters>
          <DistanceMeters>15393.1</DistanceMeters>
        </Trackpoint>
        <Trackpoint>
          <Time>2026-07-26T01:50:25Z</Time>
          <Position>
            <LatitudeDegrees>38.65272</LatitudeDegrees>
            <LongitudeDegrees>-109.50574</LongitudeDegrees>
          </Position>
          <AltitudeMeters>1223.8</AltitudeMeters>
          <DistanceMeters>15423.8</DistanceMeters>
        </Trackpoint>
        <Trackpoint>
          <Time>2026-07-26T01:50:35Z</Time>
          <Position>
            <LatitudeDegrees>38.65327</LatitudeDegrees>
            <LongitudeDegrees>-109.50526</LongitudeDegrees>
          </Position>
          <AltitudeMeters>1222.9</AltitudeMeters>
          <DistanceMeters>15497.9</DistanceMeters>
        </Trackpoint>
        <Trackpoint>
          <Time>2026-07-26T01:50:45Z</Time>
          <Position>
            <LatitudeDegrees>38.65351</LatitudeDegrees>
            <LongitudeDegrees>-109.50511</LongitudeDegrees>
          </Position>
          <AltitudeMeters>1222.6</AltitudeMeters>
          <DistanceMeters>15527.7</DistanceMeters>
        </Trackpoint>
        <Trackpoint>
          <Time>2026-07-26T01:50:55Z</Time>
          <Position>
            <LatitudeDegrees>38.65415</LatitudeDegrees>
            <LongitudeDegrees>-109.5048</LongitudeDegrees>
          </Position>
          <AltitudeMeters>1222.1</AltitudeMeters>
          <DistanceMeters>15603.8</DistanceMeters>
        </Trackpoint>
        <Trackpoint>
          <Time>2026-07-26T01:51:05Z</Time>
          <Position>
            <LatitudeDegrees>38.65479</LatitudeDegrees>
            <LongitudeDegrees>-109.50449</LongitudeDegrees>
          </Position>
          <AltitudeMeters>1221.2</AltitudeMeters>
          <DistanceMeters>15680.0</DistanceMeters>
        </Trackpoint>
        <Trackpoint>
          <Time>2026-07-26T01:51:15Z</Time>
          <Position>
            <LatitudeDegrees>38.655295</LatitudeDegrees>
            <LongitudeDegrees>-109.504315</LongitudeDegrees>
          </Position>
          <AltitudeMeters>1221.9</AltitudeMeters>
          <DistanceMeters>15738.2</DistanceMeters>
        </Trackpoint>
        <Trackpoint>
          <Time>2026-07-26T01:51:25Z</Time>
          <Position>
            <LatitudeDegrees>38.6558</LatitudeDegrees>
            <LongitudeDegrees>-109.50414</LongitudeDegrees>
          </Position>
          <AltitudeMeters>1222.6</AltitudeMeters>
          <DistanceMeters>15796.5</DistanceMeters>
        </Trackpoint>
        <Trackpoint>
          <Time>2026-07-26T01:51:35Z</Time>
          <Position>
            <LatitudeDegrees>38.65617</LatitudeDegrees>
            <LongitudeDegrees>-109.504</LongitudeDegrees>
          </Position>
          <AltitudeMeters>1223.6</AltitudeMeters>
          <DistanceMeters>15839.4</DistanceMeters>
        </Trackpoint>
        <Trackpoint>
          <Time>2026-07-26T01:51:45Z</Time>
          <Position>
            <LatitudeDegrees>38.65647</LatitudeDegrees>
            <LongitudeDegrees>-109.50378</LongitudeDegrees>
          </Position>
          <AltitudeMeters>1224.5</AltitudeMeters>
          <DistanceMeters>15877.9</DistanceMeters>
        </Trackpoint>
        <Trackpoint>
          <Time>2026-07-26T01:51:55Z</Time>
          <Position>
            <LatitudeDegrees>38.65708</LatitudeDegrees>
            <LongitudeDegrees>-109.50323</LongitudeDegrees>
          </Position>
          <AltitudeMeters>1224.4</AltitudeMeters>
          <DistanceMeters>15961.0</DistanceMeters>
        </Trackpoint>
        <Trackpoint>
          <Time>2026-07-26T01:52:05Z</Time>
          <Position>
            <LatitudeDegrees>38.657269</LatitudeDegrees>
            <LongitudeDegrees>-109.50307</LongitudeDegrees>
          </Position>
          <AltitudeMeters>1224.4</AltitudeMeters>
          <DistanceMeters>15986.3</DistanceMeters>
        </Trackpoint>
        <Trackpoint>
          <Time>2026-07-26T01:52:15Z</Time>
          <Position>
            <LatitudeDegrees>38.65782</LatitudeDegrees>
            <LongitudeDegrees>-109.50287</LongitudeDegrees>
          </Position>
          <AltitudeMeters>1225.4</AltitudeMeters>
          <DistanceMeters>16049.9</DistanceMeters>
        </Trackpoint>
        <Trackpoint>
          <Time>2026-07-26T01:52:25Z</Time>
          <Position>
            <LatitudeDegrees>38.658029</LatitudeDegrees>
            <LongitudeDegrees>-109.5027</LongitudeDegrees>
          </Position>
          <AltitudeMeters>1225.8</AltitudeMeters>
          <DistanceMeters>16077.6</DistanceMeters>
        </Trackpoint>
        <Trackpoint>
          <Time>2026-07-26T01:52:35Z</Time>
          <Position>
            <LatitudeDegrees>38.65848</LatitudeDegrees>
            <LongitudeDegrees>-109.5023</LongitudeDegrees>
          </Position>
          <AltitudeMeters>1226.0</AltitudeMeters>
          <DistanceMeters>16138.6</DistanceMeters>
        </Trackpoint>
        <Trackpoint>
          <Time>2026-07-26T01:52:45Z</Time>
          <Position>
            <LatitudeDegrees>38.65908</LatitudeDegrees>
            <LongitudeDegrees>-109.5017</LongitudeDegrees>
          </Position>
          <AltitudeMeters>1227.6</AltitudeMeters>
          <DistanceMeters>16223.3</DistanceMeters>
        </Trackpoint>
        <Trackpoint>
          <Time>2026-07-26T01:52:55Z</Time>
          <Position>
            <LatitudeDegrees>38.65968</LatitudeDegrees>
            <LongitudeDegrees>-109.5011</LongitudeDegrees>
          </Position>
          <AltitudeMeters>1226.9</AltitudeMeters>
          <DistanceMeters>16308.0</DistanceMeters>
        </Trackpoint>
        <Trackpoint>
          <Time>2026-07-26T01:53:05Z</Time>
          <Position>
            <LatitudeDegrees>38.66005</LatitudeDegrees>
            <LongitudeDegrees>-109.50083</LongitudeDegrees>
          </Position>
          <AltitudeMeters>1226.6</AltitudeMeters>
          <DistanceMeters>16355.4</DistanceMeters>
        </Trackpoint>
        <Trackpoint>
          <Time>2026-07-26T01:53:15Z</Time>
          <Position>
            <LatitudeDegrees>38.6604</LatitudeDegrees>
            <LongitudeDegrees>-109.50065</LongitudeDegrees>
          </Position>
          <AltitudeMeters>1227.1</AltitudeMeters>
          <DistanceMeters>16397.4</DistanceMeters>
        </Trackpoint>
        <Trackpoint>
          <Time>2026-07-26T01:53:25Z</Time>
          <Position>
            <LatitudeDegrees>38.66087</LatitudeDegrees>
            <LongitudeDegrees>-109.50046</LongitudeDegrees>
          </Position>
          <AltitudeMeters>1227.0</AltitudeMeters>
          <DistanceMeters>16452.3</DistanceMeters>
        </Trackpoint>
        <Trackpoint>
          <Time>2026-07-26T01:53:35Z</Time>
          <Position>
            <LatitudeDegrees>38.66164</LatitudeDegrees>
            <LongitudeDegrees>-109.50001</LongitudeDegrees>
          </Position>
          <AltitudeMeters>1227.0</AltitudeMeters>
          <DistanceMeters>16546.5</DistanceMeters>
        </Trackpoint>
        <Trackpoint>
          <Time>2026-07-26T01:53:45Z</Time>
          <Position>
            <LatitudeDegrees>38.6618</LatitudeDegrees>
            <LongitudeDegrees>-109.49994</LongitudeDegrees>
          </Position>
          <AltitudeMeters>1226.9</AltitudeMeters>
          <DistanceMeters>16565.3</DistanceMeters>
        </Trackpoint>
        <Trackpoint>
          <Time>2026-07-26T01:53:55Z</Time>
          <Position>
            <LatitudeDegrees>38.66235</LatitudeDegrees>
            <LongitudeDegrees>-109.499755</LongitudeDegrees>
          </Position>
          <AltitudeMeters>1226.6</AltitudeMeters>
          <DistanceMeters>16628.6</DistanceMeters>
        </Trackpoint>
        <Trackpoint>
          <Time>2026-07-26T01:54:05Z</Time>
          <Position>
            <LatitudeDegrees>38.6629</LatitudeDegrees>
            <LongitudeDegrees>-109.49957</LongitudeDegrees>
          </Position>
          <AltitudeMeters>1224.7</AltitudeMeters>
          <DistanceMeters>16691.9</DistanceMeters>
        </Trackpoint>
        <Trackpoint>
          <Time>2026-07-26T01:54:15Z</Time>
          <Position>
            <LatitudeDegrees>38.66314</LatitudeDegrees>
            <LongitudeDegrees>-109.49956</LongitudeDegrees>
          </Position>
          <AltitudeMeters>1224.8</AltitudeMeters>
          <DistanceMeters>16718.7</DistanceMeters>
        </Trackpoint>
        <Trackpoint>
          <Time>2026-07-26T01:54:25Z</Time>
          <Position>
            <LatitudeDegrees>38.66342</LatitudeDegrees>
            <LongitudeDegrees>-109.49961</LongitudeDegrees>
          </Position>
          <AltitudeMeters>1225.6</AltitudeMeters>
          <DistanceMeters>16750.1</DistanceMeters>
        </Trackpoint>
        <Trackpoint>
          <Time>2026-07-26T01:54:35Z</Time>
          <Position>
            <LatitudeDegrees>38.66389</LatitudeDegrees>
            <LongitudeDegrees>-109.49965</LongitudeDegrees>
          </Position>
          <AltitudeMeters>1225.6</AltitudeMeters>
          <DistanceMeters>16802.6</DistanceMeters>
        </Trackpoint>
        <Trackpoint>
          <Time>2026-07-26T01:54:45Z</Time>
          <Position>
            <LatitudeDegrees>38.66424</LatitudeDegrees>
            <LongitudeDegrees>-109.49953</LongitudeDegrees>
          </Position>
          <AltitudeMeters>1225.1</AltitudeMeters>
          <DistanceMeters>16842.9</DistanceMeters>
        </Trackpoint>
        <Trackpoint>
          <Time>2026-07-26T01:54:55Z</Time>
          <Position>
            <LatitudeDegrees>38.66499</LatitudeDegrees>
            <LongitudeDegrees>-109.4992</LongitudeDegrees>
          </Position>
          <AltitudeMeters>1225.2</AltitudeMeters>
          <DistanceMeters>16931.2</DistanceMeters>
        </Trackpoint>
        <Trackpoint>
          <Time>2026-07-26T01:55:05Z</Time>
          <Position>
            <LatitudeDegrees>38.66555</LatitudeDegrees>
            <LongitudeDegrees>-109.49916</LongitudeDegrees>
          </Position>
          <AltitudeMeters>1227.3</AltitudeMeters>
          <DistanceMeters>16993.6</DistanceMeters>
        </Trackpoint>
        <Trackpoint>
          <Time>2026-07-26T01:55:15Z</Time>
          <Position>
            <LatitudeDegrees>38.66586</LatitudeDegrees>
            <LongitudeDegrees>-109.49912</LongitudeDegrees>
          </Position>
          <AltitudeMeters>1228.0</AltitudeMeters>
          <DistanceMeters>17028.3</DistanceMeters>
        </Trackpoint>
        <Trackpoint>
          <Time>2026-07-26T01:55:25Z</Time>
          <Position>
            <LatitudeDegrees>38.66667</LatitudeDegrees>
            <LongitudeDegrees>-109.49868</LongitudeDegrees>
          </Position>
          <AltitudeMeters>1232.0</AltitudeMeters>
          <DistanceMeters>17126.3</DistanceMeters>
        </Trackpoint>
        <Trackpoint>
          <Time>2026-07-26T01:55:35Z</Time>
          <Position>
            <LatitudeDegrees>38.66695</LatitudeDegrees>
            <LongitudeDegrees>-109.49862</LongitudeDegrees>
          </Position>
          <AltitudeMeters>1234.2</AltitudeMeters>
          <DistanceMeters>17157.9</DistanceMeters>
        </Trackpoint>
        <Trackpoint>
          <Time>2026-07-26T01:55:45Z</Time>
          <Position>
            <LatitudeDegrees>38.66746</LatitudeDegrees>
            <LongitudeDegrees>-109.49862</LongitudeDegrees>
          </Position>
          <AltitudeMeters>1237.8</AltitudeMeters>
          <DistanceMeters>17214.6</DistanceMeters>
        </Trackpoint>
        <Trackpoint>
          <Time>2026-07-26T01:55:55Z</Time>
          <Position>
            <LatitudeDegrees>38.668045</LatitudeDegrees>
            <LongitudeDegrees>-109.498555</LongitudeDegrees>
          </Position>
          <AltitudeMeters>1243.0</AltitudeMeters>
          <DistanceMeters>17280.0</DistanceMeters>
        </Trackpoint>
        <Trackpoint>
          <Time>2026-07-26T01:56:05Z</Time>
          <Position>
            <LatitudeDegrees>38.66863</LatitudeDegrees>
            <LongitudeDegrees>-109.49849</LongitudeDegrees>
          </Position>
          <AltitudeMeters>1247.7</AltitudeMeters>
          <DistanceMeters>17345.4</DistanceMeters>
        </Trackpoint>
        <Trackpoint>
          <Time>2026-07-26T01:56:15Z</Time>
          <Position>
            <LatitudeDegrees>38.66881</LatitudeDegrees>
            <LongitudeDegrees>-109.49844</LongitudeDegrees>
          </Position>
          <AltitudeMeters>1247.7</AltitudeMeters>
          <DistanceMeters>17365.9</DistanceMeters>
        </Trackpoint>
        <Trackpoint>
          <Time>2026-07-26T01:56:25Z</Time>
          <Position>
            <LatitudeDegrees>38.66924</LatitudeDegrees>
            <LongitudeDegrees>-109.49822</LongitudeDegrees>
          </Position>
          <AltitudeMeters>1250.7</AltitudeMeters>
          <DistanceMeters>17417.4</DistanceMeters>
        </Trackpoint>
        <Trackpoint>
          <Time>2026-07-26T01:56:35Z</Time>
          <Position>
            <LatitudeDegrees>38.66952</LatitudeDegrees>
            <LongitudeDegrees>-109.49818</LongitudeDegrees>
          </Position>
          <AltitudeMeters>1251.3</AltitudeMeters>
          <DistanceMeters>17448.8</DistanceMeters>
        </Trackpoint>
        <Trackpoint>
          <Time>2026-07-26T01:56:45Z</Time>
          <Position>
            <LatitudeDegrees>38.66973</LatitudeDegrees>
            <LongitudeDegrees>-109.49822</LongitudeDegrees>
          </Position>
          <AltitudeMeters>1251.1</AltitudeMeters>
          <DistanceMeters>17472.4</DistanceMeters>
        </Trackpoint>
        <Trackpoint>
          <Time>2026-07-26T01:56:55Z</Time>
          <Position>
            <LatitudeDegrees>38.66996</LatitudeDegrees>
            <LongitudeDegrees>-109.49831</LongitudeDegrees>
          </Position>
          <AltitudeMeters>1250.0</AltitudeMeters>
          <DistanceMeters>17499.2</DistanceMeters>
        </Trackpoint>
        <Trackpoint>
          <Time>2026-07-26T01:57:05Z</Time>
          <Position>
            <LatitudeDegrees>38.67024</LatitudeDegrees>
            <LongitudeDegrees>-109.49835</LongitudeDegrees>
          </Position>
          <AltitudeMeters>1247.9</AltitudeMeters>
          <DistanceMeters>17530.5</DistanceMeters>
        </Trackpoint>
        <Trackpoint>
          <Time>2026-07-26T01:57:15Z</Time>
          <Position>
            <LatitudeDegrees>38.67038</LatitudeDegrees>
            <LongitudeDegrees>-109.49831</LongitudeDegrees>
          </Position>
          <AltitudeMeters>1247.0</AltitudeMeters>
          <DistanceMeters>17546.5</DistanceMeters>
        </Trackpoint>
        <Trackpoint>
          <Time>2026-07-26T01:57:25Z</Time>
          <Position>
            <LatitudeDegrees>38.67064</LatitudeDegrees>
            <LongitudeDegrees>-109.49818</LongitudeDegrees>
          </Position>
          <AltitudeMeters>1243.1</AltitudeMeters>
          <DistanceMeters>17577.6</DistanceMeters>
        </Trackpoint>
        <Trackpoint>
          <Time>2026-07-26T01:57:35Z</Time>
          <Position>
            <LatitudeDegrees>38.670879</LatitudeDegrees>
            <LongitudeDegrees>-109.49795</LongitudeDegrees>
          </Position>
          <AltitudeMeters>1240.5</AltitudeMeters>
          <DistanceMeters>17610.9</DistanceMeters>
        </Trackpoint>
        <Trackpoint>
          <Time>2026-07-26T01:57:45Z</Time>
          <Position>
            <LatitudeDegrees>38.67129</LatitudeDegrees>
            <LongitudeDegrees>-109.49741</LongitudeDegrees>
          </Position>
          <AltitudeMeters>1237.8</AltitudeMeters>
          <DistanceMeters>17676.4</DistanceMeters>
        </Trackpoint>
        <Trackpoint>
          <Time>2026-07-26T01:57:55Z</Time>
          <Position>
            <LatitudeDegrees>38.671705</LatitudeDegrees>
            <LongitudeDegrees>-109.496615</LongitudeDegrees>
          </Position>
          <AltitudeMeters>1236.5</AltitudeMeters>
          <DistanceMeters>17759.5</DistanceMeters>
        </Trackpoint>
        <Trackpoint>
          <Time>2026-07-26T01:58:05Z</Time>
          <Position>
            <LatitudeDegrees>38.67212</LatitudeDegrees>
            <LongitudeDegrees>-109.49582</LongitudeDegrees>
          </Position>
          <AltitudeMeters>1234.5</AltitudeMeters>
          <DistanceMeters>17842.6</DistanceMeters>
        </Trackpoint>
        <Trackpoint>
          <Time>2026-07-26T01:58:15Z</Time>
          <Position>
            <LatitudeDegrees>38.6726</LatitudeDegrees>
            <LongitudeDegrees>-109.495</LongitudeDegrees>
          </Position>
          <AltitudeMeters>1233.8</AltitudeMeters>
          <DistanceMeters>17931.7</DistanceMeters>
        </Trackpoint>
        <Trackpoint>
          <Time>2026-07-26T01:58:25Z</Time>
          <Position>
            <LatitudeDegrees>38.67278</LatitudeDegrees>
            <LongitudeDegrees>-109.49464</LongitudeDegrees>
          </Position>
          <AltitudeMeters>1232.3</AltitudeMeters>
          <DistanceMeters>17968.9</DistanceMeters>
        </Trackpoint>
        <Trackpoint>
          <Time>2026-07-26T01:58:35Z</Time>
          <Position>
            <LatitudeDegrees>38.673183</LatitudeDegrees>
            <LongitudeDegrees>-109.493717</LongitudeDegrees>
          </Position>
          <AltitudeMeters>1229.5</AltitudeMeters>
          <DistanceMeters>18060.8</DistanceMeters>
        </Trackpoint>
        <Trackpoint>
          <Time>2026-07-26T01:58:45Z</Time>
          <Position>
            <LatitudeDegrees>38.673587</LatitudeDegrees>
            <LongitudeDegrees>-109.492793</LongitudeDegrees>
          </Position>
          <AltitudeMeters>1230.6</AltitudeMeters>
          <DistanceMeters>18152.8</DistanceMeters>
        </Trackpoint>
        <Trackpoint>
          <Time>2026-07-26T01:58:55Z</Time>
          <Position>
            <LatitudeDegrees>38.67399</LatitudeDegrees>
            <LongitudeDegrees>-109.49187</LongitudeDegrees>
          </Position>
          <AltitudeMeters>1224.8</AltitudeMeters>
          <DistanceMeters>18244.7</DistanceMeters>
        </Trackpoint>
        <Trackpoint>
          <Time>2026-07-26T01:59:05Z</Time>
          <Position>
            <LatitudeDegrees>38.674275</LatitudeDegrees>
            <LongitudeDegrees>-109.491335</LongitudeDegrees>
          </Position>
          <AltitudeMeters>1223.1</AltitudeMeters>
          <DistanceMeters>18301.0</DistanceMeters>
        </Trackpoint>
        <Trackpoint>
          <Time>2026-07-26T01:59:15Z</Time>
          <Position>
            <LatitudeDegrees>38.67456</LatitudeDegrees>
            <LongitudeDegrees>-109.4908</LongitudeDegrees>
          </Position>
          <AltitudeMeters>1222.3</AltitudeMeters>
          <DistanceMeters>18357.3</DistanceMeters>
        </Trackpoint>
        <Trackpoint>
          <Time>2026-07-26T01:59:25Z</Time>
          <Position>
            <LatitudeDegrees>38.67483</LatitudeDegrees>
            <LongitudeDegrees>-109.49034</LongitudeDegrees>
          </Position>
          <AltitudeMeters>1222.6</AltitudeMeters>
          <DistanceMeters>18407.3</DistanceMeters>
        </Trackpoint>
        <Trackpoint>
          <Time>2026-07-26T01:59:35Z</Time>
          <Position>
            <LatitudeDegrees>38.67498</LatitudeDegrees>
            <LongitudeDegrees>-109.49012</LongitudeDegrees>
          </Position>
          <AltitudeMeters>1223.4</AltitudeMeters>
          <DistanceMeters>18432.7</DistanceMeters>
        </Trackpoint>
        <Trackpoint>
          <Time>2026-07-26T01:59:45Z</Time>
          <Position>
            <LatitudeDegrees>38.67535</LatitudeDegrees>
            <LongitudeDegrees>-109.48976</LongitudeDegrees>
          </Position>
          <AltitudeMeters>1226.6</AltitudeMeters>
          <DistanceMeters>18484.4</DistanceMeters>
        </Trackpoint>
        <Trackpoint>
          <Time>2026-07-26T01:59:55Z</Time>
          <Position>
            <LatitudeDegrees>38.67572</LatitudeDegrees>
            <LongitudeDegrees>-109.4894</LongitudeDegrees>
          </Position>
          <AltitudeMeters>1228.0</AltitudeMeters>
          <DistanceMeters>18536.1</DistanceMeters>
        </Trackpoint>
        <Trackpoint>
          <Time>2026-07-26T02:00:05Z</Time>
          <Position>
            <LatitudeDegrees>38.67588</LatitudeDegrees>
            <LongitudeDegrees>-109.48918</LongitudeDegrees>
          </Position>
          <AltitudeMeters>1227.8</AltitudeMeters>
          <DistanceMeters>18562.3</DistanceMeters>
        </Trackpoint>
        <Trackpoint>
          <Time>2026-07-26T02:00:15Z</Time>
          <Position>
            <LatitudeDegrees>38.67628</LatitudeDegrees>
            <LongitudeDegrees>-109.48837</LongitudeDegrees>
          </Position>
          <AltitudeMeters>1225.6</AltitudeMeters>
          <DistanceMeters>18645.6</DistanceMeters>
        </Trackpoint>
        <Trackpoint>
          <Time>2026-07-26T02:00:25Z</Time>
          <Position>
            <LatitudeDegrees>38.67669</LatitudeDegrees>
            <LongitudeDegrees>-109.48774</LongitudeDegrees>
          </Position>
          <AltitudeMeters>1224.9</AltitudeMeters>
          <DistanceMeters>18716.8</DistanceMeters>
        </Trackpoint>
        <Trackpoint>
          <Time>2026-07-26T02:00:35Z</Time>
          <Position>
            <LatitudeDegrees>38.67716</LatitudeDegrees>
            <LongitudeDegrees>-109.48716</LongitudeDegrees>
          </Position>
          <AltitudeMeters>1225.6</AltitudeMeters>
          <DistanceMeters>18789.5</DistanceMeters>
        </Trackpoint>
        <Trackpoint>
          <Time>2026-07-26T02:00:45Z</Time>
          <Position>
            <LatitudeDegrees>38.677475</LatitudeDegrees>
            <LongitudeDegrees>-109.48669</LongitudeDegrees>
          </Position>
          <AltitudeMeters>1227.8</AltitudeMeters>
          <DistanceMeters>18843.3</DistanceMeters>
        </Trackpoint>
        <Trackpoint>
          <Time>2026-07-26T02:00:55Z</Time>
          <Position>
            <LatitudeDegrees>38.67779</LatitudeDegrees>
            <LongitudeDegrees>-109.48622</LongitudeDegrees>
          </Position>
          <AltitudeMeters>1231.9</AltitudeMeters>
          <DistanceMeters>18897.2</DistanceMeters>
        </Trackpoint>
        <Trackpoint>
          <Time>2026-07-26T02:01:05Z</Time>
          <Position>
            <LatitudeDegrees>38.67801</LatitudeDegrees>
            <LongitudeDegrees>-109.48582</LongitudeDegrees>
          </Position>
          <AltitudeMeters>1233.0</AltitudeMeters>
          <DistanceMeters>18939.7</DistanceMeters>
        </Trackpoint>
        <Trackpoint>
          <Time>2026-07-26T02:01:15Z</Time>
          <Position>
            <LatitudeDegrees>38.67827</LatitudeDegrees>
            <LongitudeDegrees>-109.48528</LongitudeDegrees>
          </Position>
          <AltitudeMeters>1232.4</AltitudeMeters>
          <DistanceMeters>18994.8</DistanceMeters>
        </Trackpoint>
        <Trackpoint>
          <Time>2026-07-26T02:01:25Z</Time>
          <Position>
            <LatitudeDegrees>38.6788</LatitudeDegrees>
            <LongitudeDegrees>-109.48443</LongitudeDegrees>
          </Position>
          <AltitudeMeters>1232.5</AltitudeMeters>
          <DistanceMeters>19089.4</DistanceMeters>
        </Trackpoint>
        <Trackpoint>
          <Time>2026-07-26T02:01:35Z</Time>
          <Position>
            <LatitudeDegrees>38.67913</LatitudeDegrees>
            <LongitudeDegrees>-109.48394</LongitudeDegrees>
          </Position>
          <AltitudeMeters>1235.4</AltitudeMeters>
          <DistanceMeters>19145.6</DistanceMeters>
        </Trackpoint>
        <Trackpoint>
          <Time>2026-07-26T02:01:45Z</Time>
          <Position>
            <LatitudeDegrees>38.67946</LatitudeDegrees>
            <LongitudeDegrees>-109.48345</LongitudeDegrees>
          </Position>
          <AltitudeMeters>1236.3</AltitudeMeters>
          <DistanceMeters>19201.8</DistanceMeters>
        </Trackpoint>
        <Trackpoint>
          <Time>2026-07-26T02:01:55Z</Time>
          <Position>
            <LatitudeDegrees>38.67995</LatitudeDegrees>
            <LongitudeDegrees>-109.48266</LongitudeDegrees>
          </Position>
          <AltitudeMeters>1232.2</AltitudeMeters>
          <DistanceMeters>19289.5</DistanceMeters>
        </Trackpoint>
        <Trackpoint>
          <Time>2026-07-26T02:02:05Z</Time>
          <Position>
            <LatitudeDegrees>38.68044</LatitudeDegrees>
            <LongitudeDegrees>-109.48187</LongitudeDegrees>
          </Position>
          <AltitudeMeters>1233.0</AltitudeMeters>
          <DistanceMeters>19377.2</DistanceMeters>
        </Trackpoint>
        <Trackpoint>
          <Time>2026-07-26T02:02:15Z</Time>
          <Position>
            <LatitudeDegrees>38.680929</LatitudeDegrees>
            <LongitudeDegrees>-109.48108</LongitudeDegrees>
          </Position>
          <AltitudeMeters>1237.0</AltitudeMeters>
          <DistanceMeters>19464.9</DistanceMeters>
        </Trackpoint>
        <Trackpoint>
          <Time>2026-07-26T02:02:25Z</Time>
          <Position>
            <LatitudeDegrees>38.68142</LatitudeDegrees>
            <LongitudeDegrees>-109.48029</LongitudeDegrees>
          </Position>
          <AltitudeMeters>1237.9</AltitudeMeters>
          <DistanceMeters>19552.6</DistanceMeters>
        </Trackpoint>
        <Trackpoint>
          <Time>2026-07-26T02:02:35Z</Time>
          <Position>
            <LatitudeDegrees>38.68163</LatitudeDegrees>
            <LongitudeDegrees>-109.47982</LongitudeDegrees>
          </Position>
          <AltitudeMeters>1238.2</AltitudeMeters>
          <DistanceMeters>19599.6</DistanceMeters>
        </Trackpoint>
        <Trackpoint>
          <Time>2026-07-26T02:02:45Z</Time>
          <Position>
            <LatitudeDegrees>38.68181</LatitudeDegrees>
            <LongitudeDegrees>-109.47937</LongitudeDegrees>
          </Position>
          <AltitudeMeters>1237.9</AltitudeMeters>
          <DistanceMeters>19643.6</DistanceMeters>
        </Trackpoint>
        <Trackpoint>
          <Time>2026-07-26T02:02:55Z</Time>
          <Position>
            <LatitudeDegrees>38.68197</LatitudeDegrees>
            <LongitudeDegrees>-109.47874</LongitudeDegrees>
          </Position>
          <AltitudeMeters>1236.7</AltitudeMeters>
          <DistanceMeters>19701.1</DistanceMeters>
        </Trackpoint>
        <Trackpoint>
          <Time>2026-07-26T02:03:05Z</Time>
          <Position>
            <LatitudeDegrees>38.682049</LatitudeDegrees>
            <LongitudeDegrees>-109.47825</LongitudeDegrees>
          </Position>
          <AltitudeMeters>1235.4</AltitudeMeters>
          <DistanceMeters>19744.6</DistanceMeters>
        </Trackpoint>
        <Trackpoint>
          <Time>2026-07-26T02:03:15Z</Time>
          <Position>
            <LatitudeDegrees>38.68215</LatitudeDegrees>
            <LongitudeDegrees>-109.4774</LongitudeDegrees>
          </Position>
          <AltitudeMeters>1230.6</AltitudeMeters>
          <DistanceMeters>19819.3</DistanceMeters>
        </Trackpoint>
        <Trackpoint>
          <Time>2026-07-26T02:03:25Z</Time>
          <Position>
            <LatitudeDegrees>38.682305</LatitudeDegrees>
            <LongitudeDegrees>-109.476434</LongitudeDegrees>
          </Position>
          <AltitudeMeters>1229.8</AltitudeMeters>
          <DistanceMeters>19905.1</DistanceMeters>
        </Trackpoint>
        <Trackpoint>
          <Time>2026-07-26T02:03:35Z</Time>
          <Position>
            <LatitudeDegrees>38.682462</LatitudeDegrees>
            <LongitudeDegrees>-109.475468</LongitudeDegrees>
          </Position>
          <AltitudeMeters>1231.2</AltitudeMeters>
          <DistanceMeters>19990.8</DistanceMeters>
        </Trackpoint>
        <Trackpoint>
          <Time>2026-07-26T02:03:45Z</Time>
          <Position>
            <LatitudeDegrees>38.682618</LatitudeDegrees>
            <LongitudeDegrees>-109.474502</LongitudeDegrees>
          </Position>
          <AltitudeMeters>1231.7</AltitudeMeters>
          <DistanceMeters>20076.5</DistanceMeters>
        </Trackpoint>
        <Trackpoint>
          <Time>2026-07-26T02:03:55Z</Time>
          <Position>
            <LatitudeDegrees>38.682774</LatitudeDegrees>
            <LongitudeDegrees>-109.473536</LongitudeDegrees>
          </Position>
          <AltitudeMeters>1231.7</AltitudeMeters>
          <DistanceMeters>20162.2</DistanceMeters>
        </Trackpoint>
        <Trackpoint>
          <Time>2026-07-26T02:04:05Z</Time>
          <Position>
            <LatitudeDegrees>38.68293</LatitudeDegrees>
            <LongitudeDegrees>-109.47257</LongitudeDegrees>
          </Position>
          <AltitudeMeters>1230.9</AltitudeMeters>
          <DistanceMeters>20247.9</DistanceMeters>
        </Trackpoint>
        <Trackpoint>
          <Time>2026-07-26T02:04:15Z</Time>
          <Position>
            <LatitudeDegrees>38.683135</LatitudeDegrees>
            <LongitudeDegrees>-109.47168</LongitudeDegrees>
          </Position>
          <AltitudeMeters>1232.3</AltitudeMeters>
          <DistanceMeters>20328.6</DistanceMeters>
        </Trackpoint>
        <Trackpoint>
          <Time>2026-07-26T02:04:25Z</Time>
          <Position>
            <LatitudeDegrees>38.68334</LatitudeDegrees>
            <LongitudeDegrees>-109.47079</LongitudeDegrees>
          </Position>
          <AltitudeMeters>1233.2</AltitudeMeters>
          <DistanceMeters>20409.2</DistanceMeters>
        </Trackpoint>
        <Trackpoint>
          <Time>2026-07-26T02:04:35Z</Time>
          <Position>
            <LatitudeDegrees>38.68351</LatitudeDegrees>
            <LongitudeDegrees>-109.47024</LongitudeDegrees>
          </Position>
          <AltitudeMeters>1233.3</AltitudeMeters>
          <DistanceMeters>20460.6</DistanceMeters>
        </Trackpoint>
        <Trackpoint>
          <Time>2026-07-26T02:04:45Z</Time>
          <Position>
            <LatitudeDegrees>38.68365</LatitudeDegrees>
            <LongitudeDegrees>-109.46961</LongitudeDegrees>
          </Position>
          <AltitudeMeters>1233.6</AltitudeMeters>
          <DistanceMeters>20517.5</DistanceMeters>
        </Trackpoint>
        <Trackpoint>
          <Time>2026-07-26T02:04:55Z</Time>
          <Position>
            <LatitudeDegrees>38.683884</LatitudeDegrees>
            <LongitudeDegrees>-109.468715</LongitudeDegrees>
          </Position>
          <AltitudeMeters>1234.0</AltitudeMeters>
          <DistanceMeters>20599.6</DistanceMeters>
        </Trackpoint>
        <Trackpoint>
          <Time>2026-07-26T02:05:05Z</Time>
          <Position>
            <LatitudeDegrees>38.68412</LatitudeDegrees>
            <LongitudeDegrees>-109.46782</LongitudeDegrees>
          </Position>
          <AltitudeMeters>1232.7</AltitudeMeters>
          <DistanceMeters>20681.6</DistanceMeters>
        </Trackpoint>
        <Trackpoint>
          <Time>2026-07-26T02:05:15Z</Time>
          <Position>
            <LatitudeDegrees>38.68431</LatitudeDegrees>
            <LongitudeDegrees>-109.46702</LongitudeDegrees>
          </Position>
          <AltitudeMeters>1233.3</AltitudeMeters>
          <DistanceMeters>20754.3</DistanceMeters>
        </Trackpoint>
        <Trackpoint>
          <Time>2026-07-26T02:05:25Z</Time>
          <Position>
            <LatitudeDegrees>38.68445</LatitudeDegrees>
            <LongitudeDegrees>-109.46626</LongitudeDegrees>
          </Position>
          <AltitudeMeters>1233.8</AltitudeMeters>
          <DistanceMeters>20822.2</DistanceMeters>
        </Trackpoint>
        <Trackpoint>
          <Time>2026-07-26T02:05:35Z</Time>
          <Position>
            <LatitudeDegrees>38.68459</LatitudeDegrees>
            <LongitudeDegrees>-109.4655</LongitudeDegrees>
          </Position>
          <AltitudeMeters>1234.6</AltitudeMeters>
          <DistanceMeters>20890.0</DistanceMeters>
        </Trackpoint>
        <Trackpoint>
          <Time>2026-07-26T02:05:45Z</Time>
          <Position>
            <LatitudeDegrees>38.68465</LatitudeDegrees>
            <LongitudeDegrees>-109.46501</LongitudeDegrees>
          </Position>
          <AltitudeMeters>1234.1</AltitudeMeters>
          <DistanceMeters>20933.1</DistanceMeters>
        </Trackpoint>
        <Trackpoint>
          <Time>2026-07-26T02:05:55Z</Time>
          <Position>
            <LatitudeDegrees>38.68473</LatitudeDegrees>
            <LongitudeDegrees>-109.464135</LongitudeDegrees>
          </Position>
          <AltitudeMeters>1232.5</AltitudeMeters>
          <DistanceMeters>21009.7</DistanceMeters>
        </Trackpoint>
        <Trackpoint>
          <Time>2026-07-26T02:06:05Z</Time>
          <Position>
            <LatitudeDegrees>38.68481</LatitudeDegrees>
            <LongitudeDegrees>-109.46326</LongitudeDegrees>
          </Position>
          <AltitudeMeters>1233.7</AltitudeMeters>
          <DistanceMeters>21086.2</DistanceMeters>
        </Trackpoint>
        <Trackpoint>
          <Time>2026-07-26T02:06:15Z</Time>
          <Position>
            <LatitudeDegrees>38.68482</LatitudeDegrees>
            <LongitudeDegrees>-109.46259</LongitudeDegrees>
          </Position>
          <AltitudeMeters>1236.3</AltitudeMeters>
          <DistanceMeters>21144.4</DistanceMeters>
        </Trackpoint>
        <Trackpoint>
          <Time>2026-07-26T02:06:25Z</Time>
          <Position>
            <LatitudeDegrees>38.68479</LatitudeDegrees>
            <LongitudeDegrees>-109.46187</LongitudeDegrees>
          </Position>
          <AltitudeMeters>1239.6</AltitudeMeters>
          <DistanceMeters>21207.1</DistanceMeters>
        </Trackpoint>
        <Trackpoint>
          <Time>2026-07-26T02:06:35Z</Time>
          <Position>
            <LatitudeDegrees>38.68473</LatitudeDegrees>
            <LongitudeDegrees>-109.4613</LongitudeDegrees>
          </Position>
          <AltitudeMeters>1240.0</AltitudeMeters>
          <DistanceMeters>21257.1</DistanceMeters>
        </Trackpoint>
        <Trackpoint>
          <Time>2026-07-26T02:06:45Z</Time>
          <Position>
            <LatitudeDegrees>38.68451</LatitudeDegrees>
            <LongitudeDegrees>-109.46034</LongitudeDegrees>
          </Position>
          <AltitudeMeters>1236.6</AltitudeMeters>
          <DistanceMeters>21344.0</DistanceMeters>
        </Trackpoint>
        <Trackpoint>
          <Time>2026-07-26T02:06:55Z</Time>
          <Position>
            <LatitudeDegrees>38.68425</LatitudeDegrees>
            <LongitudeDegrees>-109.4594</LongitudeDegrees>
          </Position>
          <AltitudeMeters>1234.6</AltitudeMeters>
          <DistanceMeters>21430.7</DistanceMeters>
        </Trackpoint>
        <Trackpoint>
          <Time>2026-07-26T02:07:05Z</Time>
          <Position>
            <LatitudeDegrees>38.68409</LatitudeDegrees>
            <LongitudeDegrees>-109.45897</LongitudeDegrees>
          </Position>
          <AltitudeMeters>1234.2</AltitudeMeters>
          <DistanceMeters>21472.1</DistanceMeters>
        </Trackpoint>
        <Trackpoint>
          <Time>2026-07-26T02:07:15Z</Time>
          <Position>
            <LatitudeDegrees>38.68381</LatitudeDegrees>
            <LongitudeDegrees>-109.45834</LongitudeDegrees>
          </Position>
          <AltitudeMeters>1233.3</AltitudeMeters>
          <DistanceMeters>21535.1</DistanceMeters>
        </Trackpoint>
        <Trackpoint>
          <Time>2026-07-26T02:07:25Z</Time>
          <Position>
            <LatitudeDegrees>38.6834</LatitudeDegrees>
            <LongitudeDegrees>-109.4576</LongitudeDegrees>
          </Position>
          <AltitudeMeters>1231.9</AltitudeMeters>
          <DistanceMeters>21613.9</DistanceMeters>
        </Trackpoint>
        <Trackpoint>
          <Time>2026-07-26T02:07:35Z</Time>
          <Position>
            <LatitudeDegrees>38.682989</LatitudeDegrees>
            <LongitudeDegrees>-109.45686</LongitudeDegrees>
          </Position>
          <AltitudeMeters>1229.0</AltitudeMeters>
          <DistanceMeters>21692.8</DistanceMeters>
        </Trackpoint>
        <Trackpoint>
          <Time>2026-07-26T02:07:45Z</Time>
          <Position>
            <LatitudeDegrees>38.68244</LatitudeDegrees>
            <LongitudeDegrees>-109.45619</LongitudeDegrees>
          </Position>
          <AltitudeMeters>1228.1</AltitudeMeters>
          <DistanceMeters>21777.3</DistanceMeters>
        </Trackpoint>
        <Trackpoint>
          <Time>2026-07-26T02:07:55Z</Time>
          <Position>
            <LatitudeDegrees>38.68189</LatitudeDegrees>
            <LongitudeDegrees>-109.45552</LongitudeDegrees>
          </Position>
          <AltitudeMeters>1229.0</AltitudeMeters>
          <DistanceMeters>21861.7</DistanceMeters>
        </Trackpoint>
        <Trackpoint>
          <Time>2026-07-26T02:08:05Z</Time>
          <Position>
            <LatitudeDegrees>38.68156</LatitudeDegrees>
            <LongitudeDegrees>-109.45506</LongitudeDegrees>
          </Position>
          <AltitudeMeters>1231.1</AltitudeMeters>
          <DistanceMeters>21916.0</DistanceMeters>
        </Trackpoint>
        <Trackpoint>
          <Time>2026-07-26T02:08:15Z</Time>
          <Position>
            <LatitudeDegrees>38.68119</LatitudeDegrees>
            <LongitudeDegrees>-109.45442</LongitudeDegrees>
          </Position>
          <AltitudeMeters>1235.3</AltitudeMeters>
          <DistanceMeters>21985.2</DistanceMeters>
        </Trackpoint>
        <Trackpoint>
          <Time>2026-07-26T02:08:25Z</Time>
          <Position>
            <LatitudeDegrees>38.68082</LatitudeDegrees>
            <LongitudeDegrees>-109.45378</LongitudeDegrees>
          </Position>
          <AltitudeMeters>1238.9</AltitudeMeters>
          <DistanceMeters>22054.5</DistanceMeters>
        </Trackpoint>
        <Trackpoint>
          <Time>2026-07-26T02:08:35Z</Time>
          <Position>
            <LatitudeDegrees>38.68049</LatitudeDegrees>
            <LongitudeDegrees>-109.45327</LongitudeDegrees>
          </Position>
          <AltitudeMeters>1243.3</AltitudeMeters>
          <DistanceMeters>22112.0</DistanceMeters>
        </Trackpoint>
        <Trackpoint>
          <Time>2026-07-26T02:08:45Z</Time>
          <Position>
            <LatitudeDegrees>38.68018</LatitudeDegrees>
            <LongitudeDegrees>-109.45283</LongitudeDegrees>
          </Position>
          <AltitudeMeters>1244.9</AltitudeMeters>
          <DistanceMeters>22163.5</DistanceMeters>
        </Trackpoint>
        <Trackpoint>
          <Time>2026-07-26T02:08:55Z</Time>
          <Position>
            <LatitudeDegrees>38.67989</LatitudeDegrees>
            <LongitudeDegrees>-109.45246</LongitudeDegrees>
          </Position>
          <AltitudeMeters>1248.2</AltitudeMeters>
          <DistanceMeters>22209.1</DistanceMeters>
        </Trackpoint>
        <Trackpoint>
          <Time>2026-07-26T02:09:05Z</Time>
          <Position>
            <LatitudeDegrees>38.67967</LatitudeDegrees>
            <LongitudeDegrees>-109.45228</LongitudeDegrees>
          </Position>
          <AltitudeMeters>1251.1</AltitudeMeters>
          <DistanceMeters>22238.1</DistanceMeters>
        </Trackpoint>
        <Trackpoint>
          <Time>2026-07-26T02:09:15Z</Time>
          <Position>
            <LatitudeDegrees>38.6793</LatitudeDegrees>
            <LongitudeDegrees>-109.45202</LongitudeDegrees>
          </Position>
          <AltitudeMeters>1252.6</AltitudeMeters>
          <DistanceMeters>22285.1</DistanceMeters>
        </Trackpoint>
        <Trackpoint>
          <Time>2026-07-26T02:09:25Z</Time>
          <Position>
            <LatitudeDegrees>38.678759</LatitudeDegrees>
            <LongitudeDegrees>-109.451595</LongitudeDegrees>
          </Position>
          <AltitudeMeters>1252.4</AltitudeMeters>
          <DistanceMeters>22355.7</DistanceMeters>
        </Trackpoint>
        <Trackpoint>
          <Time>2026-07-26T02:09:35Z</Time>
          <Position>
            <LatitudeDegrees>38.67822</LatitudeDegrees>
            <LongitudeDegrees>-109.45117</LongitudeDegrees>
          </Position>
          <AltitudeMeters>1249.3</AltitudeMeters>
          <DistanceMeters>22426.2</DistanceMeters>
        </Trackpoint>
        <Trackpoint>
          <Time>2026-07-26T02:09:45Z</Time>
          <Position>
            <LatitudeDegrees>38.67801</LatitudeDegrees>
            <LongitudeDegrees>-109.45087</LongitudeDegrees>
          </Position>
          <AltitudeMeters>1247.2</AltitudeMeters>
          <DistanceMeters>22461.2</DistanceMeters>
        </Trackpoint>
        <Trackpoint>
          <Time>2026-07-26T02:09:55Z</Time>
          <Position>
            <LatitudeDegrees>38.677819</LatitudeDegrees>
            <LongitudeDegrees>-109.45049</LongitudeDegrees>
          </Position>
          <AltitudeMeters>1246.0</AltitudeMeters>
          <DistanceMeters>22500.5</DistanceMeters>
        </Trackpoint>
        <Trackpoint>
          <Time>2026-07-26T02:10:05Z</Time>
          <Position>
            <LatitudeDegrees>38.67767</LatitudeDegrees>
            <LongitudeDegrees>-109.45013</LongitudeDegrees>
          </Position>
          <AltitudeMeters>1245.0</AltitudeMeters>
          <DistanceMeters>22535.9</DistanceMeters>
        </Trackpoint>
        <Trackpoint>
          <Time>2026-07-26T02:10:15Z</Time>
          <Position>
            <LatitudeDegrees>38.67759</LatitudeDegrees>
            <LongitudeDegrees>-109.44969</LongitudeDegrees>
          </Position>
          <AltitudeMeters>1244.5</AltitudeMeters>
          <DistanceMeters>22575.2</DistanceMeters>
        </Trackpoint>
        <Trackpoint>
          <Time>2026-07-26T02:10:25Z</Time>
          <Position>
            <LatitudeDegrees>38.67758</LatitudeDegrees>
            <LongitudeDegrees>-109.44929</LongitudeDegrees>
          </Position>
          <AltitudeMeters>1244.3</AltitudeMeters>
          <DistanceMeters>22610.0</DistanceMeters>
        </Trackpoint>
        <Trackpoint>
          <Time>2026-07-26T02:10:35Z</Time>
          <Position>
            <LatitudeDegrees>38.67761</LatitudeDegrees>
            <LongitudeDegrees>-109.44893</LongitudeDegrees>
          </Position>
          <AltitudeMeters>1244.4</AltitudeMeters>
          <DistanceMeters>22641.4</DistanceMeters>
        </Trackpoint>
        <Trackpoint>
          <Time>2026-07-26T02:10:45Z</Time>
          <Position>
            <LatitudeDegrees>38.6777</LatitudeDegrees>
            <LongitudeDegrees>-109.44852</LongitudeDegrees>
          </Position>
          <AltitudeMeters>1245.2</AltitudeMeters>
          <DistanceMeters>22678.4</DistanceMeters>
        </Trackpoint>
        <Trackpoint>
          <Time>2026-07-26T02:10:55Z</Time>
          <Position>
            <LatitudeDegrees>38.677819</LatitudeDegrees>
            <LongitudeDegrees>-109.44821</LongitudeDegrees>
          </Position>
          <AltitudeMeters>1246.2</AltitudeMeters>
          <DistanceMeters>22708.5</DistanceMeters>
        </Trackpoint>
        <Trackpoint>
          <Time>2026-07-26T02:11:05Z</Time>
          <Position>
            <LatitudeDegrees>38.67815</LatitudeDegrees>
            <LongitudeDegrees>-109.44745</LongitudeDegrees>
          </Position>
          <AltitudeMeters>1246.6</AltitudeMeters>
          <DistanceMeters>22784.1</DistanceMeters>
        </Trackpoint>
        <Trackpoint>
          <Time>2026-07-26T02:11:15Z</Time>
          <Position>
            <LatitudeDegrees>38.67848</LatitudeDegrees>
            <LongitudeDegrees>-109.44669</LongitudeDegrees>
          </Position>
          <AltitudeMeters>1245.6</AltitudeMeters>
          <DistanceMeters>22859.7</DistanceMeters>
        </Trackpoint>
        <Trackpoint>
          <Time>2026-07-26T02:11:25Z</Time>
          <Position>
            <LatitudeDegrees>38.67881</LatitudeDegrees>
            <LongitudeDegrees>-109.44593</LongitudeDegrees>
          </Position>
          <AltitudeMeters>1244.4</AltitudeMeters>
          <DistanceMeters>22935.2</DistanceMeters>
        </Trackpoint>
        <Trackpoint>
          <Time>2026-07-26T02:11:35Z</Time>
          <Position>
            <LatitudeDegrees>38.679139</LatitudeDegrees>
            <LongitudeDegrees>-109.44517</LongitudeDegrees>
          </Position>
          <AltitudeMeters>1242.8</AltitudeMeters>
          <DistanceMeters>23010.8</DistanceMeters>
        </Trackpoint>
        <Trackpoint>
          <Time>2026-07-26T02:11:45Z</Time>
          <Position>
            <LatitudeDegrees>38.67955</LatitudeDegrees>
            <LongitudeDegrees>-109.44419</LongitudeDegrees>
          </Position>
          <AltitudeMeters>1239.0</AltitudeMeters>
          <DistanceMeters>23107.4</DistanceMeters>
        </Trackpoint>
        <Trackpoint>
          <Time>2026-07-26T02:11:55Z</Time>
          <Position>
            <LatitudeDegrees>38.67981</LatitudeDegrees>
            <LongitudeDegrees>-109.44342</LongitudeDegrees>
          </Position>
          <AltitudeMeters>1234.7</AltitudeMeters>
          <DistanceMeters>23180.3</DistanceMeters>
        </Trackpoint>
        <Trackpoint>
          <Time>2026-07-26T02:12:05Z</Time>
          <Position>
            <LatitudeDegrees>38.679985</LatitudeDegrees>
            <LongitudeDegrees>-109.4425</LongitudeDegrees>
          </Position>
          <AltitudeMeters>1233.1</AltitudeMeters>
          <DistanceMeters>23262.6</DistanceMeters>
        </Trackpoint>
        <Trackpoint>
          <Time>2026-07-26T02:12:15Z</Time>
          <Position>
            <LatitudeDegrees>38.68016</LatitudeDegrees>
            <LongitudeDegrees>-109.44158</LongitudeDegrees>
          </Position>
          <AltitudeMeters>1232.5</AltitudeMeters>
          <DistanceMeters>23344.9</DistanceMeters>
        </Trackpoint>
        <Trackpoint>
          <Time>2026-07-26T02:12:25Z</Time>
          <Position>
            <LatitudeDegrees>38.68033</LatitudeDegrees>
            <LongitudeDegrees>-109.44087</LongitudeDegrees>
          </Position>
          <AltitudeMeters>1232.7</AltitudeMeters>
          <DistanceMeters>23409.4</DistanceMeters>
        </Trackpoint>
        <Trackpoint>
          <Time>2026-07-26T02:12:35Z</Time>
          <Position>
            <LatitudeDegrees>38.6805</LatitudeDegrees>
            <LongitudeDegrees>-109.4403</LongitudeDegrees>
          </Position>
          <AltitudeMeters>1232.5</AltitudeMeters>
          <DistanceMeters>23462.5</DistanceMeters>
        </Trackpoint>
        <Trackpoint>
          <Time>2026-07-26T02:12:45Z</Time>
          <Position>
            <LatitudeDegrees>38.68078</LatitudeDegrees>
            <LongitudeDegrees>-109.43958</LongitudeDegrees>
          </Position>
          <AltitudeMeters>1232.1</AltitudeMeters>
          <DistanceMeters>23532.4</DistanceMeters>
        </Trackpoint>
        <Trackpoint>
          <Time>2026-07-26T02:12:55Z</Time>
          <Position>
            <LatitudeDegrees>38.681</LatitudeDegrees>
            <LongitudeDegrees>-109.43881</LongitudeDegrees>
          </Position>
          <AltitudeMeters>1231.9</AltitudeMeters>
          <DistanceMeters>23603.6</DistanceMeters>
        </Trackpoint>
        <Trackpoint>
          <Time>2026-07-26T02:13:05Z</Time>
          <Position>
            <LatitudeDegrees>38.68115</LatitudeDegrees>
            <LongitudeDegrees>-109.43809</LongitudeDegrees>
          </Position>
          <AltitudeMeters>1232.1</AltitudeMeters>
          <DistanceMeters>23668.4</DistanceMeters>
        </Trackpoint>
        <Trackpoint>
          <Time>2026-07-26T02:13:15Z</Time>
          <Position>
            <LatitudeDegrees>38.68146</LatitudeDegrees>
            <LongitudeDegrees>-109.43729</LongitudeDegrees>
          </Position>
          <AltitudeMeters>1232.0</AltitudeMeters>
          <DistanceMeters>23746.0</DistanceMeters>
        </Trackpoint>
        <Trackpoint>
          <Time>2026-07-26T02:13:25Z</Time>
          <Position>
            <LatitudeDegrees>38.68161</LatitudeDegrees>
            <LongitudeDegrees>-109.43672</LongitudeDegrees>
          </Position>
          <AltitudeMeters>1232.6</AltitudeMeters>
          <DistanceMeters>23798.3</DistanceMeters>
        </Trackpoint>
        <Trackpoint>
          <Time>2026-07-26T02:13:35Z</Time>
          <Position>
            <LatitudeDegrees>38.681669</LatitudeDegrees>
            <LongitudeDegrees>-109.43626</LongitudeDegrees>
          </Position>
          <AltitudeMeters>1233.7</AltitudeMeters>
          <DistanceMeters>23838.8</DistanceMeters>
        </Trackpoint>
        <Trackpoint>
          <Time>2026-07-26T02:13:45Z</Time>
          <Position>
            <LatitudeDegrees>38.68165</LatitudeDegrees>
            <LongitudeDegrees>-109.43571</LongitudeDegrees>
          </Position>
          <AltitudeMeters>1233.6</AltitudeMeters>
          <DistanceMeters>23886.6</DistanceMeters>
        </Trackpoint>
        <Trackpoint>
          <Time>2026-07-26T02:13:55Z</Time>
          <Position>
            <LatitudeDegrees>38.681579</LatitudeDegrees>
            <LongitudeDegrees>-109.43527</LongitudeDegrees>
          </Position>
          <AltitudeMeters>1233.6</AltitudeMeters>
          <DistanceMeters>23925.7</DistanceMeters>
        </Trackpoint>
        <Trackpoint>
          <Time>2026-07-26T02:14:05Z</Time>
          <Position>
            <LatitudeDegrees>38.68152</LatitudeDegrees>
            <LongitudeDegrees>-109.43466</LongitudeDegrees>
          </Position>
          <AltitudeMeters>1234.2</AltitudeMeters>
          <DistanceMeters>23979.1</DistanceMeters>
        </Trackpoint>
        <Trackpoint>
          <Time>2026-07-26T02:14:15Z</Time>
          <Position>
            <LatitudeDegrees>38.68152</LatitudeDegrees>
            <LongitudeDegrees>-109.43415</LongitudeDegrees>
          </Position>
          <AltitudeMeters>1235.3</AltitudeMeters>
          <DistanceMeters>24023.4</DistanceMeters>
        </Trackpoint>
        <Trackpoint>
          <Time>2026-07-26T02:14:25Z</Time>
          <Position>
            <LatitudeDegrees>38.68156</LatitudeDegrees>
            <LongitudeDegrees>-109.4333</LongitudeDegrees>
          </Position>
          <AltitudeMeters>1234.9</AltitudeMeters>
          <DistanceMeters>24097.4</DistanceMeters>
        </Trackpoint>
        <Trackpoint>
          <Time>2026-07-26T02:14:35Z</Time>
          <Position>
            <LatitudeDegrees>38.681635</LatitudeDegrees>
            <LongitudeDegrees>-109.432455</LongitudeDegrees>
          </Position>
          <AltitudeMeters>1234.9</AltitudeMeters>
          <DistanceMeters>24171.3</DistanceMeters>
        </Trackpoint>
        <Trackpoint>
          <Time>2026-07-26T02:14:45Z</Time>
          <Position>
            <LatitudeDegrees>38.68171</LatitudeDegrees>
            <LongitudeDegrees>-109.43161</LongitudeDegrees>
          </Position>
          <AltitudeMeters>1235.6</AltitudeMeters>
          <DistanceMeters>24245.2</DistanceMeters>
        </Trackpoint>
        <Trackpoint>
          <Time>2026-07-26T02:14:55Z</Time>
          <Position>
            <LatitudeDegrees>38.68182</LatitudeDegrees>
            <LongitudeDegrees>-109.430955</LongitudeDegrees>
          </Position>
          <AltitudeMeters>1237.3</AltitudeMeters>
          <DistanceMeters>24303.4</DistanceMeters>
        </Trackpoint>
        <Trackpoint>
          <Time>2026-07-26T02:15:05Z</Time>
          <Position>
            <LatitudeDegrees>38.68193</LatitudeDegrees>
            <LongitudeDegrees>-109.4303</LongitudeDegrees>
          </Position>
          <AltitudeMeters>1238.0</AltitudeMeters>
          <DistanceMeters>24361.7</DistanceMeters>
        </Trackpoint>
        <Trackpoint>
          <Time>2026-07-26T02:15:15Z</Time>
          <Position>
            <LatitudeDegrees>38.682107</LatitudeDegrees>
            <LongitudeDegrees>-109.42933</LongitudeDegrees>
          </Position>
          <AltitudeMeters>1238.9</AltitudeMeters>
          <DistanceMeters>24448.2</DistanceMeters>
        </Trackpoint>
        <Trackpoint>
          <Time>2026-07-26T02:15:25Z</Time>
          <Position>
            <LatitudeDegrees>38.682283</LatitudeDegrees>
            <LongitudeDegrees>-109.42836</LongitudeDegrees>
          </Position>
          <AltitudeMeters>1239.2</AltitudeMeters>
          <DistanceMeters>24534.8</DistanceMeters>
        </Trackpoint>
        <Trackpoint>
          <Time>2026-07-26T02:15:35Z</Time>
          <Position>
            <LatitudeDegrees>38.68246</LatitudeDegrees>
            <LongitudeDegrees>-109.42739</LongitudeDegrees>
          </Position>
          <AltitudeMeters>1239.1</AltitudeMeters>
          <DistanceMeters>24621.3</DistanceMeters>
        </Trackpoint>
        <Trackpoint>
          <Time>2026-07-26T02:15:45Z</Time>
          <Position>
            <LatitudeDegrees>38.682637</LatitudeDegrees>
            <LongitudeDegrees>-109.42642</LongitudeDegrees>
          </Position>
          <AltitudeMeters>1238.2</AltitudeMeters>
          <DistanceMeters>24707.9</DistanceMeters>
        </Trackpoint>
        <Trackpoint>
          <Time>2026-07-26T02:15:55Z</Time>
          <Position>
            <LatitudeDegrees>38.682813</LatitudeDegrees>
            <LongitudeDegrees>-109.42545</LongitudeDegrees>
          </Position>
          <AltitudeMeters>1237.8</AltitudeMeters>
          <DistanceMeters>24794.4</DistanceMeters>
        </Trackpoint>
        <Trackpoint>
          <Time>2026-07-26T02:16:05Z</Time>
          <Position>
            <LatitudeDegrees>38.682989</LatitudeDegrees>
            <LongitudeDegrees>-109.42448</LongitudeDegrees>
          </Position>
          <AltitudeMeters>1238.7</AltitudeMeters>
          <DistanceMeters>24881.0</DistanceMeters>
        </Trackpoint>
        <Trackpoint>
          <Time>2026-07-26T02:16:15Z</Time>
          <Position>
            <LatitudeDegrees>38.68315</LatitudeDegrees>
            <LongitudeDegrees>-109.4239</LongitudeDegrees>
          </Position>
          <AltitudeMeters>1239.8</AltitudeMeters>
          <DistanceMeters>24934.4</DistanceMeters>
        </Trackpoint>
        <Trackpoint>
          <Time>2026-07-26T02:16:25Z</Time>
          <Position>
            <LatitudeDegrees>38.68334</LatitudeDegrees>
            <LongitudeDegrees>-109.42336</LongitudeDegrees>
          </Position>
          <AltitudeMeters>1240.6</AltitudeMeters>
          <DistanceMeters>24985.9</DistanceMeters>
        </Trackpoint>
        <Trackpoint>
          <Time>2026-07-26T02:16:35Z</Time>
          <Position>
            <LatitudeDegrees>38.68362</LatitudeDegrees>
            <LongitudeDegrees>-109.42268</LongitudeDegrees>
          </Position>
          <AltitudeMeters>1241.1</AltitudeMeters>
          <DistanceMeters>25052.7</DistanceMeters>
        </Trackpoint>
        <Trackpoint>
          <Time>2026-07-26T02:16:45Z</Time>
          <Position>
            <LatitudeDegrees>38.68362</LatitudeDegrees>
            <LongitudeDegrees>-109.42267</LongitudeDegrees>
          </Position>
          <AltitudeMeters>1241.1</AltitudeMeters>
          <DistanceMeters>25053.6</DistanceMeters>
        </Trackpoint>
        <Trackpoint>
          <Time>2026-07-26T02:16:55Z</Time>
          <Position>
            <LatitudeDegrees>38.682893</LatitudeDegrees>
            <LongitudeDegrees>-109.422153</LongitudeDegrees>
          </Position>
          <AltitudeMeters>1243.7</AltitudeMeters>
          <DistanceMeters>25146.1</DistanceMeters>
        </Trackpoint>
        <Trackpoint>
          <Time>2026-07-26T02:17:05Z</Time>
          <Position>
            <LatitudeDegrees>38.682167</LatitudeDegrees>
            <LongitudeDegrees>-109.421637</LongitudeDegrees>
          </Position>
          <AltitudeMeters>1248.0</AltitudeMeters>
          <DistanceMeters>25238.6</DistanceMeters>
        </Trackpoint>
        <Trackpoint>
          <Time>2026-07-26T02:17:15Z</Time>
          <Position>
            <LatitudeDegrees>38.68144</LatitudeDegrees>
            <LongitudeDegrees>-109.42112</LongitudeDegrees>
          </Position>
          <AltitudeMeters>1251.2</AltitudeMeters>
          <DistanceMeters>25331.1</DistanceMeters>
        </Trackpoint>
        <Trackpoint>
          <Time>2026-07-26T02:17:25Z</Time>
          <Position>
            <LatitudeDegrees>38.680985</LatitudeDegrees>
            <LongitudeDegrees>-109.42083</LongitudeDegrees>
          </Position>
          <AltitudeMeters>1254.0</AltitudeMeters>
          <DistanceMeters>25387.7</DistanceMeters>
        </Trackpoint>
        <Trackpoint>
          <Time>2026-07-26T02:17:35Z</Time>
          <Position>
            <LatitudeDegrees>38.68053</LatitudeDegrees>
            <LongitudeDegrees>-109.42054</LongitudeDegrees>
          </Position>
          <AltitudeMeters>1256.2</AltitudeMeters>
          <DistanceMeters>25444.3</DistanceMeters>
        </Trackpoint>
        <Trackpoint>
          <Time>2026-07-26T02:17:45Z</Time>
          <Position>
            <LatitudeDegrees>38.68011</LatitudeDegrees>
            <LongitudeDegrees>-109.42032</LongitudeDegrees>
          </Position>
          <AltitudeMeters>1260.0</AltitudeMeters>
          <DistanceMeters>25494.8</DistanceMeters>
        </Trackpoint>
        <Trackpoint>
          <Time>2026-07-26T02:17:55Z</Time>
          <Position>
            <LatitudeDegrees>38.67971</LatitudeDegrees>
            <LongitudeDegrees>-109.42015</LongitudeDegrees>
          </Position>
          <AltitudeMeters>1264.7</AltitudeMeters>
          <DistanceMeters>25541.7</DistanceMeters>
        </Trackpoint>
        <Trackpoint>
          <Time>2026-07-26T02:18:05Z</Time>
          <Position>
            <LatitudeDegrees>38.67939</LatitudeDegrees>
            <LongitudeDegrees>-109.42009</LongitudeDegrees>
          </Position>
          <AltitudeMeters>1270.0</AltitudeMeters>
          <DistanceMeters>25577.7</DistanceMeters>
        </Trackpoint>
        <Trackpoint>
          <Time>2026-07-26T02:18:15Z</Time>
          <Position>
            <LatitudeDegrees>38.67895</LatitudeDegrees>
            <LongitudeDegrees>-109.42001</LongitudeDegrees>
          </Position>
          <AltitudeMeters>1274.6</AltitudeMeters>
          <DistanceMeters>25627.2</DistanceMeters>
        </Trackpoint>
        <Trackpoint>
          <Time>2026-07-26T02:18:25Z</Time>
          <Position>
            <LatitudeDegrees>38.67843</LatitudeDegrees>
            <LongitudeDegrees>-109.419965</LongitudeDegrees>
          </Position>
          <AltitudeMeters>1279.0</AltitudeMeters>
          <DistanceMeters>25685.2</DistanceMeters>
        </Trackpoint>
        <Trackpoint>
          <Time>2026-07-26T02:18:35Z</Time>
          <Position>
            <LatitudeDegrees>38.67791</LatitudeDegrees>
            <LongitudeDegrees>-109.41992</LongitudeDegrees>
          </Position>
          <AltitudeMeters>1285.0</AltitudeMeters>
          <DistanceMeters>25743.2</DistanceMeters>
        </Trackpoint>
        <Trackpoint>
          <Time>2026-07-26T02:18:45Z</Time>
          <Position>
            <LatitudeDegrees>38.677639</LatitudeDegrees>
            <LongitudeDegrees>-109.41983</LongitudeDegrees>
          </Position>
          <AltitudeMeters>1287.0</AltitudeMeters>
          <DistanceMeters>25774.3</DistanceMeters>
        </Trackpoint>
        <Trackpoint>
          <Time>2026-07-26T02:18:55Z</Time>
          <Position>
            <LatitudeDegrees>38.67746</LatitudeDegrees>
            <LongitudeDegrees>-109.41974</LongitudeDegrees>
          </Position>
          <AltitudeMeters>1288.2</AltitudeMeters>
          <DistanceMeters>25795.8</DistanceMeters>
        </Trackpoint>
        <Trackpoint>
          <Time>2026-07-26T02:19:05Z</Time>
          <Position>
            <LatitudeDegrees>38.67733</LatitudeDegrees>
            <LongitudeDegrees>-109.41965</LongitudeDegrees>
          </Position>
          <AltitudeMeters>1288.8</AltitudeMeters>
          <DistanceMeters>25812.2</DistanceMeters>
        </Trackpoint>
        <Trackpoint>
          <Time>2026-07-26T02:19:15Z</Time>
          <Position>
            <LatitudeDegrees>38.67719</LatitudeDegrees>
            <LongitudeDegrees>-109.41947</LongitudeDegrees>
          </Position>
          <AltitudeMeters>1289.3</AltitudeMeters>
          <DistanceMeters>25834.3</DistanceMeters>
        </Trackpoint>
        <Trackpoint>
          <Time>2026-07-26T02:19:25Z</Time>
          <Position>
            <LatitudeDegrees>38.67666</LatitudeDegrees>
            <LongitudeDegrees>-109.41867</LongitudeDegrees>
          </Position>
          <AltitudeMeters>1290.1</AltitudeMeters>
          <DistanceMeters>25925.5</DistanceMeters>
        </Trackpoint>
        <Trackpoint>
          <Time>2026-07-26T02:19:35Z</Time>
          <Position>
            <LatitudeDegrees>38.67641</LatitudeDegrees>
            <LongitudeDegrees>-109.4183</LongitudeDegrees>
          </Position>
          <AltitudeMeters>1290.7</AltitudeMeters>
          <DistanceMeters>25968.0</DistanceMeters>
        </Trackpoint>
        <Trackpoint>
          <Time>2026-07-26T02:19:45Z</Time>
          <Position>
            <LatitudeDegrees>38.676139</LatitudeDegrees>
            <LongitudeDegrees>-109.41799</LongitudeDegrees>
          </Position>
          <AltitudeMeters>1291.0</AltitudeMeters>
          <DistanceMeters>26008.4</DistanceMeters>
        </Trackpoint>
        <Trackpoint>
          <Time>2026-07-26T02:19:55Z</Time>
          <Position>
            <LatitudeDegrees>38.67583</LatitudeDegrees>
            <LongitudeDegrees>-109.41772</LongitudeDegrees>
          </Position>
          <AltitudeMeters>1291.7</AltitudeMeters>
          <DistanceMeters>26050.1</DistanceMeters>
        </Trackpoint>
        <Trackpoint>
          <Time>2026-07-26T02:20:05Z</Time>
          <Position>
            <LatitudeDegrees>38.67553</LatitudeDegrees>
            <LongitudeDegrees>-109.41754</LongitudeDegrees>
          </Position>
          <AltitudeMeters>1292.8</AltitudeMeters>
          <DistanceMeters>26087.0</DistanceMeters>
        </Trackpoint>
        <Trackpoint>
          <Time>2026-07-26T02:20:15Z</Time>
          <Position>
            <LatitudeDegrees>38.67481</LatitudeDegrees>
            <LongitudeDegrees>-109.41738</LongitudeDegrees>
          </Position>
          <AltitudeMeters>1294.2</AltitudeMeters>
          <DistanceMeters>26168.3</DistanceMeters>
        </Trackpoint>
        <Trackpoint>
          <Time>2026-07-26T02:20:25Z</Time>
          <Position>
            <LatitudeDegrees>38.674152</LatitudeDegrees>
            <LongitudeDegrees>-109.417373</LongitudeDegrees>
          </Position>
          <AltitudeMeters>1296.6</AltitudeMeters>
          <DistanceMeters>26241.5</DistanceMeters>
        </Trackpoint>
        <Trackpoint>
          <Time>2026-07-26T02:20:35Z</Time>
          <Position>
            <LatitudeDegrees>38.673497</LatitudeDegrees>
            <LongitudeDegrees>-109.417367</LongitudeDegrees>
          </Position>
          <AltitudeMeters>1300.0</AltitudeMeters>
          <DistanceMeters>26314.5</DistanceMeters>
        </Trackpoint>
        <Trackpoint>
          <Time>2026-07-26T02:20:45Z</Time>
          <Position>
            <LatitudeDegrees>38.67284</LatitudeDegrees>
            <LongitudeDegrees>-109.41736</LongitudeDegrees>
          </Position>
          <AltitudeMeters>1302.9</AltitudeMeters>
          <DistanceMeters>26387.6</DistanceMeters>
        </Trackpoint>
        <Trackpoint>
          <Time>2026-07-26T02:20:55Z</Time>
          <Position>
            <LatitudeDegrees>38.67242</LatitudeDegrees>
            <LongitudeDegrees>-109.41732</LongitudeDegrees>
          </Position>
          <AltitudeMeters>1307.3</AltitudeMeters>
          <DistanceMeters>26434.5</DistanceMeters>
        </Trackpoint>
        <Trackpoint>
          <Time>2026-07-26T02:21:05Z</Time>
          <Position>
            <LatitudeDegrees>38.67201</LatitudeDegrees>
            <LongitudeDegrees>-109.41723</LongitudeDegrees>
          </Position>
          <AltitudeMeters>1308.6</AltitudeMeters>
          <DistanceMeters>26480.8</DistanceMeters>
        </Trackpoint>
        <Trackpoint>
          <Time>2026-07-26T02:21:15Z</Time>
          <Position>
            <LatitudeDegrees>38.67172</LatitudeDegrees>
            <LongitudeDegrees>-109.41715</LongitudeDegrees>
          </Position>
          <AltitudeMeters>1308.6</AltitudeMeters>
          <DistanceMeters>26513.9</DistanceMeters>
        </Trackpoint>
        <Trackpoint>
          <Time>2026-07-26T02:21:25Z</Time>
          <Position>
            <LatitudeDegrees>38.67093</LatitudeDegrees>
            <LongitudeDegrees>-109.4168</LongitudeDegrees>
          </Position>
          <AltitudeMeters>1314.6</AltitudeMeters>
          <DistanceMeters>26606.9</DistanceMeters>
        </Trackpoint>
        <Trackpoint>
          <Time>2026-07-26T02:21:35Z</Time>
          <Position>
            <LatitudeDegrees>38.67065</LatitudeDegrees>
            <LongitudeDegrees>-109.41662</LongitudeDegrees>
          </Position>
          <AltitudeMeters>1316.4</AltitudeMeters>
          <DistanceMeters>26641.8</DistanceMeters>
        </Trackpoint>
        <Trackpoint>
          <Time>2026-07-26T02:21:45Z</Time>
          <Position>
            <LatitudeDegrees>38.670029</LatitudeDegrees>
            <LongitudeDegrees>-109.41611</LongitudeDegrees>
          </Position>
          <AltitudeMeters>1321.8</AltitudeMeters>
          <DistanceMeters>26723.8</DistanceMeters>
        </Trackpoint>
        <Trackpoint>
          <Time>2026-07-26T02:21:55Z</Time>
          <Position>
            <LatitudeDegrees>38.66984</LatitudeDegrees>
            <LongitudeDegrees>-109.41602</LongitudeDegrees>
          </Position>
          <AltitudeMeters>1322.8</AltitudeMeters>
          <DistanceMeters>26746.4</DistanceMeters>
        </Trackpoint>
        <Trackpoint>
          <Time>2026-07-26T02:22:05Z</Time>
          <Position>
            <LatitudeDegrees>38.66937</LatitudeDegrees>
            <LongitudeDegrees>-109.41589</LongitudeDegrees>
          </Position>
          <AltitudeMeters>1326.6</AltitudeMeters>
          <DistanceMeters>26799.9</DistanceMeters>
        </Trackpoint>
        <Trackpoint>
          <Time>2026-07-26T02:22:15Z</Time>
          <Position>
            <LatitudeDegrees>38.66887</LatitudeDegrees>
            <LongitudeDegrees>-109.41589</LongitudeDegrees>
          </Position>
          <AltitudeMeters>1334.1</AltitudeMeters>
          <DistanceMeters>26855.5</DistanceMeters>
        </Trackpoint>
        <Trackpoint>
          <Time>2026-07-26T02:22:25Z</Time>
          <Position>
            <LatitudeDegrees>38.66862</LatitudeDegrees>
            <LongitudeDegrees>-109.41585</LongitudeDegrees>
          </Position>
          <AltitudeMeters>1334.1</AltitudeMeters>
          <DistanceMeters>26883.6</DistanceMeters>
        </Trackpoint>
        <Trackpoint>
          <Time>2026-07-26T02:22:35Z</Time>
          <Position>
            <LatitudeDegrees>38.66836</LatitudeDegrees>
            <LongitudeDegrees>-109.41575</LongitudeDegrees>
          </Position>
          <AltitudeMeters>1339.8</AltitudeMeters>
          <DistanceMeters>26913.8</DistanceMeters>
        </Trackpoint>
        <Trackpoint>
          <Time>2026-07-26T02:22:45Z</Time>
          <Position>
            <LatitudeDegrees>38.66774</LatitudeDegrees>
            <LongitudeDegrees>-109.41531</LongitudeDegrees>
          </Position>
          <AltitudeMeters>1343.9</AltitudeMeters>
          <DistanceMeters>26992.7</DistanceMeters>
        </Trackpoint>
        <Trackpoint>
          <Time>2026-07-26T02:22:55Z</Time>
          <Position>
            <LatitudeDegrees>38.66758</LatitudeDegrees>
            <LongitudeDegrees>-109.41527</LongitudeDegrees>
          </Position>
          <AltitudeMeters>1346.9</AltitudeMeters>
          <DistanceMeters>27010.9</DistanceMeters>
        </Trackpoint>
        <Trackpoint>
          <Time>2026-07-26T02:23:05Z</Time>
          <Position>
            <LatitudeDegrees>38.6674</LatitudeDegrees>
            <LongitudeDegrees>-109.4153</LongitudeDegrees>
          </Position>
          <AltitudeMeters>1348.4</AltitudeMeters>
          <DistanceMeters>27031.1</DistanceMeters>
        </Trackpoint>
        <Trackpoint>
          <Time>2026-07-26T02:23:15Z</Time>
          <Position>
            <LatitudeDegrees>38.66727</LatitudeDegrees>
            <LongitudeDegrees>-109.41539</LongitudeDegrees>
          </Position>
          <AltitudeMeters>1349.3</AltitudeMeters>
          <DistanceMeters>27047.5</DistanceMeters>
        </Trackpoint>
        <Trackpoint>
          <Time>2026-07-26T02:23:25Z</Time>
          <Position>
            <LatitudeDegrees>38.666945</LatitudeDegrees>
            <LongitudeDegrees>-109.415825</LongitudeDegrees>
          </Position>
          <AltitudeMeters>1352.9</AltitudeMeters>
          <DistanceMeters>27099.9</DistanceMeters>
        </Trackpoint>
        <Trackpoint>
          <Time>2026-07-26T02:23:35Z</Time>
          <Position>
            <LatitudeDegrees>38.66662</LatitudeDegrees>
            <LongitudeDegrees>-109.41626</LongitudeDegrees>
          </Position>
          <AltitudeMeters>1359.3</AltitudeMeters>
          <DistanceMeters>27152.2</DistanceMeters>
        </Trackpoint>
        <Trackpoint>
          <Time>2026-07-26T02:23:45Z</Time>
          <Position>
            <LatitudeDegrees>38.66623</LatitudeDegrees>
            <LongitudeDegrees>-109.41674</LongitudeDegrees>
          </Position>
          <AltitudeMeters>1363.5</AltitudeMeters>
          <DistanceMeters>27212.4</DistanceMeters>
        </Trackpoint>
        <Trackpoint>
          <Time>2026-07-26T02:23:55Z</Time>
          <Position>
            <LatitudeDegrees>38.665565</LatitudeDegrees>
            <LongitudeDegrees>-109.417395</LongitudeDegrees>
          </Position>
          <AltitudeMeters>1373.5</AltitudeMeters>
          <DistanceMeters>27305.8</DistanceMeters>
        </Trackpoint>
        <Trackpoint>
          <Time>2026-07-26T02:24:05Z</Time>
          <Position>
            <LatitudeDegrees>38.6649</LatitudeDegrees>
            <LongitudeDegrees>-109.41805</LongitudeDegrees>
          </Position>
          <AltitudeMeters>1382.9</AltitudeMeters>
          <DistanceMeters>27399.2</DistanceMeters>
        </Trackpoint>
        <Trackpoint>
          <Time>2026-07-26T02:24:15Z</Time>
          <Position>
            <LatitudeDegrees>38.66439</LatitudeDegrees>
            <LongitudeDegrees>-109.41862</LongitudeDegrees>
          </Position>
          <AltitudeMeters>1389.5</AltitudeMeters>
          <DistanceMeters>27474.5</DistanceMeters>
        </Trackpoint>
        <Trackpoint>
          <Time>2026-07-26T02:24:25Z</Time>
          <Position>
            <LatitudeDegrees>38.66377</LatitudeDegrees>
            <LongitudeDegrees>-109.41916</LongitudeDegrees>
          </Position>
          <AltitudeMeters>1385.9</AltitudeMeters>
          <DistanceMeters>27558.0</DistanceMeters>
        </Trackpoint>
        <Trackpoint>
          <Time>2026-07-26T02:24:35Z</Time>
          <Position>
            <LatitudeDegrees>38.66353</LatitudeDegrees>
            <LongitudeDegrees>-109.41934</LongitudeDegrees>
          </Position>
          <AltitudeMeters>1383.6</AltitudeMeters>
          <DistanceMeters>27588.9</DistanceMeters>
        </Trackpoint>
        <Trackpoint>
          <Time>2026-07-26T02:24:45Z</Time>
          <Position>
            <LatitudeDegrees>38.66271</LatitudeDegrees>
            <LongitudeDegrees>-109.41971</LongitudeDegrees>
          </Position>
          <AltitudeMeters>1376.7</AltitudeMeters>
          <DistanceMeters>27685.7</DistanceMeters>
        </Trackpoint>
        <Trackpoint>
          <Time>2026-07-26T02:24:55Z</Time>
          <Position>
            <LatitudeDegrees>38.66191</LatitudeDegrees>
            <LongitudeDegrees>-109.42001</LongitudeDegrees>
          </Position>
          <AltitudeMeters>1373.3</AltitudeMeters>
          <DistanceMeters>27778.5</DistanceMeters>
        </Trackpoint>
        <Trackpoint>
          <Time>2026-07-26T02:25:05Z</Time>
          <Position>
            <LatitudeDegrees>38.66146</LatitudeDegrees>
            <LongitudeDegrees>-109.42005</LongitudeDegrees>
          </Position>
          <AltitudeMeters>1372.4</AltitudeMeters>
          <DistanceMeters>27828.7</DistanceMeters>
        </Trackpoint>
        <Trackpoint>
          <Time>2026-07-26T02:25:15Z</Time>
          <Position>
            <LatitudeDegrees>38.66123</LatitudeDegrees>
            <LongitudeDegrees>-109.42005</LongitudeDegrees>
          </Position>
          <AltitudeMeters>1371.8</AltitudeMeters>
          <DistanceMeters>27854.3</DistanceMeters>
        </Trackpoint>
        <Trackpoint>
          <Time>2026-07-26T02:25:25Z</Time>
          <Position>
            <LatitudeDegrees>38.66064</LatitudeDegrees>
            <LongitudeDegrees>-109.41991</LongitudeDegrees>
          </Position>
          <AltitudeMeters>1370.4</AltitudeMeters>
          <DistanceMeters>27921.1</DistanceMeters>
        </Trackpoint>
        <Trackpoint>
          <Time>2026-07-26T02:25:35Z</Time>
          <Position>
            <LatitudeDegrees>38.66034</LatitudeDegrees>
            <LongitudeDegrees>-109.41974</LongitudeDegrees>
          </Position>
          <AltitudeMeters>1369.9</AltitudeMeters>
          <DistanceMeters>27957.7</DistanceMeters>
        </Trackpoint>
        <Trackpoint>
          <Time>2026-07-26T02:25:45Z</Time>
          <Position>
            <LatitudeDegrees>38.66003</LatitudeDegrees>
            <LongitudeDegrees>-109.41952</LongitudeDegrees>
          </Position>
          <AltitudeMeters>1369.9</AltitudeMeters>
          <DistanceMeters>27997.1</DistanceMeters>
        </Trackpoint>
        <Trackpoint>
          <Time>2026-07-26T02:25:55Z</Time>
          <Position>
            <LatitudeDegrees>38.65982</LatitudeDegrees>
            <LongitudeDegrees>-109.41934</LongitudeDegrees>
          </Position>
          <AltitudeMeters>1370.1</AltitudeMeters>
          <DistanceMeters>28025.2</DistanceMeters>
        </Trackpoint>
        <Trackpoint>
          <Time>2026-07-26T02:26:05Z</Time>
          <Position>
            <LatitudeDegrees>38.659234</LatitudeDegrees>
            <LongitudeDegrees>-109.41856</LongitudeDegrees>
          </Position>
          <AltitudeMeters>1371.9</AltitudeMeters>
          <DistanceMeters>28119.3</DistanceMeters>
        </Trackpoint>
        <Trackpoint>
          <Time>2026-07-26T02:26:15Z</Time>
          <Position>
            <LatitudeDegrees>38.658648</LatitudeDegrees>
            <LongitudeDegrees>-109.41778</LongitudeDegrees>
          </Position>
          <AltitudeMeters>1375.5</AltitudeMeters>
          <DistanceMeters>28213.4</DistanceMeters>
        </Trackpoint>
        <Trackpoint>
          <Time>2026-07-26T02:26:25Z</Time>
          <Position>
            <LatitudeDegrees>38.65806</LatitudeDegrees>
            <LongitudeDegrees>-109.417</LongitudeDegrees>
          </Position>
          <AltitudeMeters>1379.4</AltitudeMeters>
          <DistanceMeters>28307.6</DistanceMeters>
        </Trackpoint>
        <Trackpoint>
          <Time>2026-07-26T02:26:35Z</Time>
          <Position>
            <LatitudeDegrees>38.657475</LatitudeDegrees>
            <LongitudeDegrees>-109.41622</LongitudeDegrees>
          </Position>
          <AltitudeMeters>1382.4</AltitudeMeters>
          <DistanceMeters>28401.7</DistanceMeters>
        </Trackpoint>
        <Trackpoint>
          <Time>2026-07-26T02:26:45Z</Time>
          <Position>
            <LatitudeDegrees>38.656889</LatitudeDegrees>
            <LongitudeDegrees>-109.41544</LongitudeDegrees>
          </Position>
          <AltitudeMeters>1384.0</AltitudeMeters>
          <DistanceMeters>28495.8</DistanceMeters>
        </Trackpoint>
        <Trackpoint>
          <Time>2026-07-26T02:26:55Z</Time>
          <Position>
            <LatitudeDegrees>38.656303</LatitudeDegrees>
            <LongitudeDegrees>-109.41466</LongitudeDegrees>
          </Position>
          <AltitudeMeters>1385.0</AltitudeMeters>
          <DistanceMeters>28589.8</DistanceMeters>
        </Trackpoint>
        <Trackpoint>
          <Time>2026-07-26T02:27:05Z</Time>
          <Position>
            <LatitudeDegrees>38.655716</LatitudeDegrees>
            <LongitudeDegrees>-109.41388</LongitudeDegrees>
          </Position>
          <AltitudeMeters>1385.2</AltitudeMeters>
          <DistanceMeters>28684.0</DistanceMeters>
        </Trackpoint>
        <Trackpoint>
          <Time>2026-07-26T02:27:15Z</Time>
          <Position>
            <LatitudeDegrees>38.65513</LatitudeDegrees>
            <LongitudeDegrees>-109.4131</LongitudeDegrees>
          </Position>
          <AltitudeMeters>1385.9</AltitudeMeters>
          <DistanceMeters>28778.1</DistanceMeters>
        </Trackpoint>
        <Trackpoint>
          <Time>2026-07-26T02:27:25Z</Time>
          <Position>
            <LatitudeDegrees>38.65514</LatitudeDegrees>
            <LongitudeDegrees>-109.41311</LongitudeDegrees>
          </Position>
          <AltitudeMeters>1385.9</AltitudeMeters>
          <DistanceMeters>28779.5</DistanceMeters>
        </Trackpoint>
        <Trackpoint>
          <Time>2026-07-26T02:27:35Z</Time>
          <Position>
            <LatitudeDegrees>38.654829</LatitudeDegrees>
            <LongitudeDegrees>-109.41262</LongitudeDegrees>
          </Position>
          <AltitudeMeters>1386.5</AltitudeMeters>
          <DistanceMeters>28834.3</DistanceMeters>
        </Trackpoint>
        <Trackpoint>
          <Time>2026-07-26T02:27:45Z</Time>
          <Position>
            <LatitudeDegrees>38.65457</LatitudeDegrees>
            <LongitudeDegrees>-109.41212</LongitudeDegrees>
          </Position>
          <AltitudeMeters>1387.2</AltitudeMeters>
          <DistanceMeters>28886.6</DistanceMeters>
        </Trackpoint>
        <Trackpoint>
          <Time>2026-07-26T02:27:55Z</Time>
          <Position>
            <LatitudeDegrees>38.65422</LatitudeDegrees>
            <LongitudeDegrees>-109.41136</LongitudeDegrees>
          </Position>
          <AltitudeMeters>1389.7</AltitudeMeters>
          <DistanceMeters>28963.3</DistanceMeters>
        </Trackpoint>
        <Trackpoint>
          <Time>2026-07-26T02:28:05Z</Time>
          <Position>
            <LatitudeDegrees>38.653855</LatitudeDegrees>
            <LongitudeDegrees>-109.41042</LongitudeDegrees>
          </Position>
          <AltitudeMeters>1393.5</AltitudeMeters>
          <DistanceMeters>29054.5</DistanceMeters>
        </Trackpoint>
        <Trackpoint>
          <Time>2026-07-26T02:28:15Z</Time>
          <Position>
            <LatitudeDegrees>38.65349</LatitudeDegrees>
            <LongitudeDegrees>-109.40948</LongitudeDegrees>
          </Position>
          <AltitudeMeters>1398.1</AltitudeMeters>
          <DistanceMeters>29145.8</DistanceMeters>
        </Trackpoint>
        <Trackpoint>
          <Time>2026-07-26T02:28:25Z</Time>
          <Position>
            <LatitudeDegrees>38.65331</LatitudeDegrees>
            <LongitudeDegrees>-109.408945</LongitudeDegrees>
          </Position>
          <AltitudeMeters>1399.7</AltitudeMeters>
          <DistanceMeters>29196.4</DistanceMeters>
        </Trackpoint>
        <Trackpoint>
          <Time>2026-07-26T02:28:35Z</Time>
          <Position>
            <LatitudeDegrees>38.65313</LatitudeDegrees>
            <LongitudeDegrees>-109.40841</LongitudeDegrees>
          </Position>
          <AltitudeMeters>1401.0</AltitudeMeters>
          <DistanceMeters>29247.1</DistanceMeters>
        </Trackpoint>
        <Trackpoint>
          <Time>2026-07-26T02:28:45Z</Time>
          <Position>
            <LatitudeDegrees>38.6529</LatitudeDegrees>
            <LongitudeDegrees>-109.40757</LongitudeDegrees>
          </Position>
          <AltitudeMeters>1402.8</AltitudeMeters>
          <DistanceMeters>29324.4</DistanceMeters>
        </Trackpoint>
        <Trackpoint>
          <Time>2026-07-26T02:28:55Z</Time>
          <Position>
            <LatitudeDegrees>38.65279</LatitudeDegrees>
            <LongitudeDegrees>-109.40685</LongitudeDegrees>
          </Position>
          <AltitudeMeters>1406.0</AltitudeMeters>
          <DistanceMeters>29388.2</DistanceMeters>
        </Trackpoint>
        <Trackpoint>
          <Time>2026-07-26T02:29:05Z</Time>
          <Position>
            <LatitudeDegrees>38.652679</LatitudeDegrees>
            <LongitudeDegrees>-109.40613</LongitudeDegrees>
          </Position>
          <AltitudeMeters>1407.5</AltitudeMeters>
          <DistanceMeters>29452.0</DistanceMeters>
        </Trackpoint>
        <Trackpoint>
          <Time>2026-07-26T02:29:15Z</Time>
          <Position>
            <LatitudeDegrees>38.65264</LatitudeDegrees>
            <LongitudeDegrees>-109.4056</LongitudeDegrees>
          </Position>
          <AltitudeMeters>1410.0</AltitudeMeters>
          <DistanceMeters>29498.3</DistanceMeters>
        </Trackpoint>
        <Trackpoint>
          <Time>2026-07-26T02:29:25Z</Time>
          <Position>
            <LatitudeDegrees>38.652593</LatitudeDegrees>
            <LongitudeDegrees>-109.40458</LongitudeDegrees>
          </Position>
          <AltitudeMeters>1414.6</AltitudeMeters>
          <DistanceMeters>29587.1</DistanceMeters>
        </Trackpoint>
        <Trackpoint>
          <Time>2026-07-26T02:29:35Z</Time>
          <Position>
            <LatitudeDegrees>38.652546</LatitudeDegrees>
            <LongitudeDegrees>-109.40356</LongitudeDegrees>
          </Position>
          <AltitudeMeters>1418.5</AltitudeMeters>
          <DistanceMeters>29675.9</DistanceMeters>
        </Trackpoint>
        <Trackpoint>
          <Time>2026-07-26T02:29:45Z</Time>
          <Position>
            <LatitudeDegrees>38.652499</LatitudeDegrees>
            <LongitudeDegrees>-109.40254</LongitudeDegrees>
          </Position>
          <AltitudeMeters>1423.5</AltitudeMeters>
          <DistanceMeters>29764.8</DistanceMeters>
        </Trackpoint>
        <Trackpoint>
          <Time>2026-07-26T02:29:55Z</Time>
          <Position>
            <LatitudeDegrees>38.652451</LatitudeDegrees>
            <LongitudeDegrees>-109.40152</LongitudeDegrees>
          </Position>
          <AltitudeMeters>1428.7</AltitudeMeters>
          <DistanceMeters>29853.6</DistanceMeters>
        </Trackpoint>
        <Trackpoint>
          <Time>2026-07-26T02:30:05Z</Time>
          <Position>
            <LatitudeDegrees>38.652404</LatitudeDegrees>
            <LongitudeDegrees>-109.4005</LongitudeDegrees>
          </Position>
          <AltitudeMeters>1432.2</AltitudeMeters>
          <DistanceMeters>29942.4</DistanceMeters>
        </Trackpoint>
        <Trackpoint>
          <Time>2026-07-26T02:30:15Z</Time>
          <Position>
            <LatitudeDegrees>38.652357</LatitudeDegrees>
            <LongitudeDegrees>-109.39948</LongitudeDegrees>
          </Position>
          <AltitudeMeters>1435.6</AltitudeMeters>
          <DistanceMeters>30031.3</DistanceMeters>
        </Trackpoint>
        <Trackpoint>
          <Time>2026-07-26T02:30:25Z</Time>
          <Position>
            <LatitudeDegrees>38.65231</LatitudeDegrees>
            <LongitudeDegrees>-109.39846</LongitudeDegrees>
          </Position>
          <AltitudeMeters>1439.1</AltitudeMeters>
          <DistanceMeters>30120.1</DistanceMeters>
        </Trackpoint>
        <Trackpoint>
          <Time>2026-07-26T02:30:35Z</Time>
          <Position>
            <LatitudeDegrees>38.652254</LatitudeDegrees>
            <LongitudeDegrees>-109.397345</LongitudeDegrees>
          </Position>
          <AltitudeMeters>1442.9</AltitudeMeters>
          <DistanceMeters>30217.2</DistanceMeters>
        </Trackpoint>
        <Trackpoint>
          <Time>2026-07-26T02:30:45Z</Time>
          <Position>
            <LatitudeDegrees>38.6522</LatitudeDegrees>
            <LongitudeDegrees>-109.39623</LongitudeDegrees>
          </Position>
          <AltitudeMeters>1446.9</AltitudeMeters>
          <DistanceMeters>30314.3</DistanceMeters>
        </Trackpoint>
        <Trackpoint>
          <Time>2026-07-26T02:30:55Z</Time>
          <Position>
            <LatitudeDegrees>38.6521</LatitudeDegrees>
            <LongitudeDegrees>-109.39557</LongitudeDegrees>
          </Position>
          <AltitudeMeters>1448.7</AltitudeMeters>
          <DistanceMeters>30372.8</DistanceMeters>
        </Trackpoint>
        <Trackpoint>
          <Time>2026-07-26T02:31:05Z</Time>
          <Position>
            <LatitudeDegrees>38.65195</LatitudeDegrees>
            <LongitudeDegrees>-109.39495</LongitudeDegrees>
          </Position>
          <AltitudeMeters>1452.2</AltitudeMeters>
          <DistanceMeters>30429.2</DistanceMeters>
        </Trackpoint>
        <Trackpoint>
          <Time>2026-07-26T02:31:15Z</Time>
          <Position>
            <LatitudeDegrees>38.65176</LatitudeDegrees>
            <LongitudeDegrees>-109.39444</LongitudeDegrees>
          </Position>
          <AltitudeMeters>1453.4</AltitudeMeters>
          <DistanceMeters>30478.3</DistanceMeters>
        </Trackpoint>
        <Trackpoint>
          <Time>2026-07-26T02:31:25Z</Time>
          <Position>
            <LatitudeDegrees>38.65149</LatitudeDegrees>
            <LongitudeDegrees>-109.3939</LongitudeDegrees>
          </Position>
          <AltitudeMeters>1454.2</AltitudeMeters>
          <DistanceMeters>30534.1</DistanceMeters>
        </Trackpoint>
        <Trackpoint>
          <Time>2026-07-26T02:31:35Z</Time>
          <Position>
            <LatitudeDegrees>38.65122</LatitudeDegrees>
            <LongitudeDegrees>-109.39344</LongitudeDegrees>
          </Position>
          <AltitudeMeters>1454.3</AltitudeMeters>
          <DistanceMeters>30584.1</DistanceMeters>
        </Trackpoint>
        <Trackpoint>
          <Time>2026-07-26T02:31:45Z</Time>
          <Position>
            <LatitudeDegrees>38.65093</LatitudeDegrees>
            <LongitudeDegrees>-109.39298</LongitudeDegrees>
          </Position>
          <AltitudeMeters>1453.9</AltitudeMeters>
          <DistanceMeters>30635.5</DistanceMeters>
        </Trackpoint>
        <Trackpoint>
          <Time>2026-07-26T02:31:55Z</Time>
          <Position>
            <LatitudeDegrees>38.650365</LatitudeDegrees>
            <LongitudeDegrees>-109.392148</LongitudeDegrees>
          </Position>
          <AltitudeMeters>1453.6</AltitudeMeters>
          <DistanceMeters>30731.4</DistanceMeters>
        </Trackpoint>
        <Trackpoint>
          <Time>2026-07-26T02:32:05Z</Time>
          <Position>
            <LatitudeDegrees>38.6498</LatitudeDegrees>
            <LongitudeDegrees>-109.391317</LongitudeDegrees>
          </Position>
          <AltitudeMeters>1454.0</AltitudeMeters>
          <DistanceMeters>30827.1</DistanceMeters>
        </Trackpoint>
        <Trackpoint>
          <Time>2026-07-26T02:32:15Z</Time>
          <Position>
            <LatitudeDegrees>38.649236</LatitudeDegrees>
            <LongitudeDegrees>-109.390485</LongitudeDegrees>
          </Position>
          <AltitudeMeters>1456.4</AltitudeMeters>
          <DistanceMeters>30922.9</DistanceMeters>
        </Trackpoint>
        <Trackpoint>
          <Time>2026-07-26T02:32:25Z</Time>
          <Position>
            <LatitudeDegrees>38.648672</LatitudeDegrees>
            <LongitudeDegrees>-109.389654</LongitudeDegrees>
          </Position>
          <AltitudeMeters>1458.4</AltitudeMeters>
          <DistanceMeters>31018.6</DistanceMeters>
        </Trackpoint>
        <Trackpoint>
          <Time>2026-07-26T02:32:35Z</Time>
          <Position>
            <LatitudeDegrees>38.648107</LatitudeDegrees>
            <LongitudeDegrees>-109.388822</LongitudeDegrees>
          </Position>
          <AltitudeMeters>1461.1</AltitudeMeters>
          <DistanceMeters>31114.5</DistanceMeters>
        </Trackpoint>
        <Trackpoint>
          <Time>2026-07-26T02:32:45Z</Time>
          <Position>
            <LatitudeDegrees>38.647542</LatitudeDegrees>
            <LongitudeDegrees>-109.38799</LongitudeDegrees>
          </Position>
          <AltitudeMeters>1464.1</AltitudeMeters>
          <DistanceMeters>31210.3</DistanceMeters>
        </Trackpoint>
        <Trackpoint>
          <Time>2026-07-26T02:32:55Z</Time>
          <Position>
            <LatitudeDegrees>38.646978</LatitudeDegrees>
            <LongitudeDegrees>-109.387159</LongitudeDegrees>
          </Position>
          <AltitudeMeters>1466.6</AltitudeMeters>
          <DistanceMeters>31306.1</DistanceMeters>
        </Trackpoint>
        <Trackpoint>
          <Time>2026-07-26T02:33:05Z</Time>
          <Position>
            <LatitudeDegrees>38.646413</LatitudeDegrees>
            <LongitudeDegrees>-109.386327</LongitudeDegrees>
          </Position>
          <AltitudeMeters>1467.8</AltitudeMeters>
          <DistanceMeters>31401.9</DistanceMeters>
        </Trackpoint>
        <Trackpoint>
          <Time>2026-07-26T02:33:15Z</Time>
          <Position>
            <LatitudeDegrees>38.645849</LatitudeDegrees>
            <LongitudeDegrees>-109.385496</LongitudeDegrees>
          </Position>
          <AltitudeMeters>1469.8</AltitudeMeters>
          <DistanceMeters>31497.6</DistanceMeters>
        </Trackpoint>
        <Trackpoint>
          <Time>2026-07-26T02:33:25Z</Time>
          <Position>
            <LatitudeDegrees>38.645283</LatitudeDegrees>
            <LongitudeDegrees>-109.384664</LongitudeDegrees>
          </Position>
          <AltitudeMeters>1473.1</AltitudeMeters>
          <DistanceMeters>31593.5</DistanceMeters>
        </Trackpoint>
        <Trackpoint>
          <Time>2026-07-26T02:33:35Z</Time>
          <Position>
            <LatitudeDegrees>38.644719</LatitudeDegrees>
            <LongitudeDegrees>-109.383833</LongitudeDegrees>
          </Position>
          <AltitudeMeters>1475.1</AltitudeMeters>
          <DistanceMeters>31689.3</DistanceMeters>
        </Trackpoint>
        <Trackpoint>
          <Time>2026-07-26T02:33:45Z</Time>
          <Position>
            <LatitudeDegrees>38.644155</LatitudeDegrees>
            <LongitudeDegrees>-109.383001</LongitudeDegrees>
          </Position>
          <AltitudeMeters>1477.8</AltitudeMeters>
          <DistanceMeters>31785.1</DistanceMeters>
        </Trackpoint>
        <Trackpoint>
          <Time>2026-07-26T02:33:55Z</Time>
          <Position>
            <LatitudeDegrees>38.64359</LatitudeDegrees>
            <LongitudeDegrees>-109.38217</LongitudeDegrees>
          </Position>
          <AltitudeMeters>1481.0</AltitudeMeters>
          <DistanceMeters>31880.9</DistanceMeters>
        </Trackpoint>
        <Trackpoint>
          <Time>2026-07-26T02:34:05Z</Time>
          <Position>
            <LatitudeDegrees>38.64325</LatitudeDegrees>
            <LongitudeDegrees>-109.3816</LongitudeDegrees>
          </Position>
          <AltitudeMeters>1483.4</AltitudeMeters>
          <DistanceMeters>31943.2</DistanceMeters>
        </Trackpoint>
        <Trackpoint>
          <Time>2026-07-26T02:34:15Z</Time>
          <Position>
            <LatitudeDegrees>38.64288</LatitudeDegrees>
            <LongitudeDegrees>-109.38089</LongitudeDegrees>
          </Position>
          <AltitudeMeters>1486.8</AltitudeMeters>
          <DistanceMeters>32017.4</DistanceMeters>
        </Trackpoint>
        <Trackpoint>
          <Time>2026-07-26T02:34:25Z</Time>
          <Position>
            <LatitudeDegrees>38.64257</LatitudeDegrees>
            <LongitudeDegrees>-109.3802</LongitudeDegrees>
          </Position>
          <AltitudeMeters>1489.4</AltitudeMeters>
          <DistanceMeters>32086.6</DistanceMeters>
        </Trackpoint>
        <Trackpoint>
          <Time>2026-07-26T02:34:35Z</Time>
          <Position>
            <LatitudeDegrees>38.64226</LatitudeDegrees>
            <LongitudeDegrees>-109.37936</LongitudeDegrees>
          </Position>
          <AltitudeMeters>1492.9</AltitudeMeters>
          <DistanceMeters>32167.4</DistanceMeters>
        </Trackpoint>
        <Trackpoint>
          <Time>2026-07-26T02:34:45Z</Time>
          <Position>
            <LatitudeDegrees>38.64204</LatitudeDegrees>
            <LongitudeDegrees>-109.37869</LongitudeDegrees>
          </Position>
          <AltitudeMeters>1494.6</AltitudeMeters>
          <DistanceMeters>32230.6</DistanceMeters>
        </Trackpoint>
        <Trackpoint>
          <Time>2026-07-26T02:34:55Z</Time>
          <Position>
            <LatitudeDegrees>38.64182</LatitudeDegrees>
            <LongitudeDegrees>-109.37802</LongitudeDegrees>
          </Position>
          <AltitudeMeters>1495.3</AltitudeMeters>
          <DistanceMeters>32293.8</DistanceMeters>
        </Trackpoint>
        <Trackpoint>
          <Time>2026-07-26T02:35:05Z</Time>
          <Position>
            <LatitudeDegrees>38.64167</LatitudeDegrees>
            <LongitudeDegrees>-109.377395</LongitudeDegrees>
          </Position>
          <AltitudeMeters>1496.1</AltitudeMeters>
          <DistanceMeters>32350.6</DistanceMeters>
        </Trackpoint>
        <Trackpoint>
          <Time>2026-07-26T02:35:15Z</Time>
          <Position>
            <LatitudeDegrees>38.64152</LatitudeDegrees>
            <LongitudeDegrees>-109.37677</LongitudeDegrees>
          </Position>
          <AltitudeMeters>1497.6</AltitudeMeters>
          <DistanceMeters>32407.5</DistanceMeters>
        </Trackpoint>
        <Trackpoint>
          <Time>2026-07-26T02:35:25Z</Time>
          <Position>
            <LatitudeDegrees>38.64138</LatitudeDegrees>
            <LongitudeDegrees>-109.37627</LongitudeDegrees>
          </Position>
          <AltitudeMeters>1498.8</AltitudeMeters>
          <DistanceMeters>32453.7</DistanceMeters>
        </Trackpoint>
        <Trackpoint>
          <Time>2026-07-26T02:35:35Z</Time>
          <Position>
            <LatitudeDegrees>38.641219</LatitudeDegrees>
            <LongitudeDegrees>-109.37583</LongitudeDegrees>
          </Position>
          <AltitudeMeters>1501.4</AltitudeMeters>
          <DistanceMeters>32495.9</DistanceMeters>
        </Trackpoint>
        <Trackpoint>
          <Time>2026-07-26T02:35:45Z</Time>
          <Position>
            <LatitudeDegrees>38.640994</LatitudeDegrees>
            <LongitudeDegrees>-109.37533</LongitudeDegrees>
          </Position>
          <AltitudeMeters>1504.4</AltitudeMeters>
          <DistanceMeters>32546.1</DistanceMeters>
        </Trackpoint>
        <Trackpoint>
          <Time>2026-07-26T02:35:55Z</Time>
          <Position>
            <LatitudeDegrees>38.64077</LatitudeDegrees>
            <LongitudeDegrees>-109.37483</LongitudeDegrees>
          </Position>
          <AltitudeMeters>1506.1</AltitudeMeters>
          <DistanceMeters>32596.2</DistanceMeters>
        </Trackpoint>
        <Trackpoint>
          <Time>2026-07-26T02:36:05Z</Time>
          <Position>
            <LatitudeDegrees>38.64053</LatitudeDegrees>
            <LongitudeDegrees>-109.37434</LongitudeDegrees>
          </Position>
          <AltitudeMeters>1506.8</AltitudeMeters>
          <DistanceMeters>32646.5</DistanceMeters>
        </Trackpoint>
        <Trackpoint>
          <Time>2026-07-26T02:36:15Z</Time>
          <Position>
            <LatitudeDegrees>38.64002</LatitudeDegrees>
            <LongitudeDegrees>-109.37344</LongitudeDegrees>
          </Position>
          <AltitudeMeters>1507.6</AltitudeMeters>
          <DistanceMeters>32743.2</DistanceMeters>
        </Trackpoint>
        <Trackpoint>
          <Time>2026-07-26T02:36:25Z</Time>
          <Position>
            <LatitudeDegrees>38.639484</LatitudeDegrees>
            <LongitudeDegrees>-109.372583</LongitudeDegrees>
          </Position>
          <AltitudeMeters>1510.1</AltitudeMeters>
          <DistanceMeters>32838.6</DistanceMeters>
        </Trackpoint>
        <Trackpoint>
          <Time>2026-07-26T02:36:35Z</Time>
          <Position>
            <LatitudeDegrees>38.638948</LatitudeDegrees>
            <LongitudeDegrees>-109.371726</LongitudeDegrees>
          </Position>
          <AltitudeMeters>1513.5</AltitudeMeters>
          <DistanceMeters>32934.0</DistanceMeters>
        </Trackpoint>
        <Trackpoint>
          <Time>2026-07-26T02:36:45Z</Time>
          <Position>
            <LatitudeDegrees>38.638413</LatitudeDegrees>
            <LongitudeDegrees>-109.370868</LongitudeDegrees>
          </Position>
          <AltitudeMeters>1516.1</AltitudeMeters>
          <DistanceMeters>33029.6</DistanceMeters>
        </Trackpoint>
        <Trackpoint>
          <Time>2026-07-26T02:36:55Z</Time>
          <Position>
            <LatitudeDegrees>38.637877</LatitudeDegrees>
            <LongitudeDegrees>-109.370011</LongitudeDegrees>
          </Position>
          <AltitudeMeters>1521.3</AltitudeMeters>
          <DistanceMeters>33125.0</DistanceMeters>
        </Trackpoint>
        <Trackpoint>
          <Time>2026-07-26T02:37:05Z</Time>
          <Position>
            <LatitudeDegrees>38.637341</LatitudeDegrees>
            <LongitudeDegrees>-109.369154</LongitudeDegrees>
          </Position>
          <AltitudeMeters>1525.1</AltitudeMeters>
          <DistanceMeters>33220.5</DistanceMeters>
        </Trackpoint>
        <Trackpoint>
          <Time>2026-07-26T02:37:15Z</Time>
          <Position>
            <LatitudeDegrees>38.636806</LatitudeDegrees>
            <LongitudeDegrees>-109.368297</LongitudeDegrees>
          </Position>
          <AltitudeMeters>1531.5</AltitudeMeters>
          <DistanceMeters>33315.9</DistanceMeters>
        </Trackpoint>
        <Trackpoint>
          <Time>2026-07-26T02:37:25Z</Time>
          <Position>
            <LatitudeDegrees>38.63627</LatitudeDegrees>
            <LongitudeDegrees>-109.36744</LongitudeDegrees>
          </Position>
          <AltitudeMeters>1534.5</AltitudeMeters>
          <DistanceMeters>33411.4</DistanceMeters>
        </Trackpoint>
        <Trackpoint>
          <Time>2026-07-26T02:37:35Z</Time>
          <Position>
            <LatitudeDegrees>38.63592</LatitudeDegrees>
            <LongitudeDegrees>-109.36695</LongitudeDegrees>
          </Position>
          <AltitudeMeters>1535.7</AltitudeMeters>
          <DistanceMeters>33469.1</DistanceMeters>
        </Trackpoint>
        <Trackpoint>
          <Time>2026-07-26T02:37:45Z</Time>
          <Position>
            <LatitudeDegrees>38.63563</LatitudeDegrees>
            <LongitudeDegrees>-109.36665</LongitudeDegrees>
          </Position>
          <AltitudeMeters>1537.3</AltitudeMeters>
          <DistanceMeters>33510.6</DistanceMeters>
        </Trackpoint>
        <Trackpoint>
          <Time>2026-07-26T02:37:55Z</Time>
          <Position>
            <LatitudeDegrees>38.63537</LatitudeDegrees>
            <LongitudeDegrees>-109.36647</LongitudeDegrees>
          </Position>
          <AltitudeMeters>1538.2</AltitudeMeters>
          <DistanceMeters>33543.5</DistanceMeters>
        </Trackpoint>
        <Trackpoint>
          <Time>2026-07-26T02:38:05Z</Time>
          <Position>
            <LatitudeDegrees>38.63512</LatitudeDegrees>
            <LongitudeDegrees>-109.36637</LongitudeDegrees>
          </Position>
          <AltitudeMeters>1538.9</AltitudeMeters>
          <DistanceMeters>33572.7</DistanceMeters>
        </Trackpoint>
        <Trackpoint>
          <Time>2026-07-26T02:38:15Z</Time>
          <Position>
            <LatitudeDegrees>38.63462</LatitudeDegrees>
            <LongitudeDegrees>-109.366265</LongitudeDegrees>
          </Position>
          <AltitudeMeters>1540.2</AltitudeMeters>
          <DistanceMeters>33629.1</DistanceMeters>
        </Trackpoint>
        <Trackpoint>
          <Time>2026-07-26T02:38:25Z</Time>
          <Position>
            <LatitudeDegrees>38.63412</LatitudeDegrees>
            <LongitudeDegrees>-109.36616</LongitudeDegrees>
          </Position>
          <AltitudeMeters>1541.7</AltitudeMeters>
          <DistanceMeters>33685.5</DistanceMeters>
        </Trackpoint>
        <Trackpoint>
          <Time>2026-07-26T02:38:35Z</Time>
          <Position>
            <LatitudeDegrees>38.63371</LatitudeDegrees>
            <LongitudeDegrees>-109.36611</LongitudeDegrees>
          </Position>
          <AltitudeMeters>1542.6</AltitudeMeters>
          <DistanceMeters>33731.3</DistanceMeters>
        </Trackpoint>
        <Trackpoint>
          <Time>2026-07-26T02:38:45Z</Time>
          <Position>
            <LatitudeDegrees>38.63358</LatitudeDegrees>
            <LongitudeDegrees>-109.3661</LongitudeDegrees>
          </Position>
          <AltitudeMeters>1542.6</AltitudeMeters>
          <DistanceMeters>33745.8</DistanceMeters>
        </Trackpoint>
        <Trackpoint>
          <Time>2026-07-26T02:38:55Z</Time>
          <Position>
            <LatitudeDegrees>38.633249</LatitudeDegrees>
            <LongitudeDegrees>-109.36598</LongitudeDegrees>
          </Position>
          <AltitudeMeters>1545.5</AltitudeMeters>
          <DistanceMeters>33784.0</DistanceMeters>
        </Trackpoint>
        <Trackpoint>
          <Time>2026-07-26T02:39:05Z</Time>
          <Position>
            <LatitudeDegrees>38.63302</LatitudeDegrees>
            <LongitudeDegrees>-109.36586</LongitudeDegrees>
          </Position>
          <AltitudeMeters>1545.5</AltitudeMeters>
          <DistanceMeters>33811.6</DistanceMeters>
        </Trackpoint>
        <Trackpoint>
          <Time>2026-07-26T02:39:15Z</Time>
          <Position>
            <LatitudeDegrees>38.63274</LatitudeDegrees>
            <LongitudeDegrees>-109.36564</LongitudeDegrees>
          </Position>
          <AltitudeMeters>1546.6</AltitudeMeters>
          <DistanceMeters>33848.2</DistanceMeters>
        </Trackpoint>
        <Trackpoint>
          <Time>2026-07-26T02:39:25Z</Time>
          <Position>
            <LatitudeDegrees>38.63259</LatitudeDegrees>
            <LongitudeDegrees>-109.36547</LongitudeDegrees>
          </Position>
          <AltitudeMeters>1547.6</AltitudeMeters>
          <DistanceMeters>33870.5</DistanceMeters>
        </Trackpoint>
        <Trackpoint>
          <Time>2026-07-26T02:39:35Z</Time>
          <Position>
            <LatitudeDegrees>38.63236</LatitudeDegrees>
            <LongitudeDegrees>-109.36516</LongitudeDegrees>
          </Position>
          <AltitudeMeters>1549.3</AltitudeMeters>
          <DistanceMeters>33907.7</DistanceMeters>
        </Trackpoint>
        <Trackpoint>
          <Time>2026-07-26T02:39:45Z</Time>
          <Position>
            <LatitudeDegrees>38.63198</LatitudeDegrees>
            <LongitudeDegrees>-109.36454</LongitudeDegrees>
          </Position>
          <AltitudeMeters>1552.1</AltitudeMeters>
          <DistanceMeters>33976.2</DistanceMeters>
        </Trackpoint>
        <Trackpoint>
          <Time>2026-07-26T02:39:55Z</Time>
          <Position>
            <LatitudeDegrees>38.631459</LatitudeDegrees>
            <LongitudeDegrees>-109.363639</LongitudeDegrees>
          </Position>
          <AltitudeMeters>1556.0</AltitudeMeters>
          <DistanceMeters>34073.7</DistanceMeters>
        </Trackpoint>
        <Trackpoint>
          <Time>2026-07-26T02:40:05Z</Time>
          <Position>
            <LatitudeDegrees>38.630938</LatitudeDegrees>
            <LongitudeDegrees>-109.362738</LongitudeDegrees>
          </Position>
          <AltitudeMeters>1559.2</AltitudeMeters>
          <DistanceMeters>34171.2</DistanceMeters>
        </Trackpoint>
        <Trackpoint>
          <Time>2026-07-26T02:40:15Z</Time>
          <Position>
            <LatitudeDegrees>38.630417</LatitudeDegrees>
            <LongitudeDegrees>-109.361837</LongitudeDegrees>
          </Position>
          <AltitudeMeters>1562.5</AltitudeMeters>
          <DistanceMeters>34268.7</DistanceMeters>
        </Trackpoint>
        <Trackpoint>
          <Time>2026-07-26T02:40:25Z</Time>
          <Position>
            <LatitudeDegrees>38.629896</LatitudeDegrees>
            <LongitudeDegrees>-109.360935</LongitudeDegrees>
          </Position>
          <AltitudeMeters>1567.4</AltitudeMeters>
          <DistanceMeters>34366.2</DistanceMeters>
        </Trackpoint>
        <Trackpoint>
          <Time>2026-07-26T02:40:35Z</Time>
          <Position>
            <LatitudeDegrees>38.629375</LatitudeDegrees>
            <LongitudeDegrees>-109.360034</LongitudeDegrees>
          </Position>
          <AltitudeMeters>1572.6</AltitudeMeters>
          <DistanceMeters>34463.7</DistanceMeters>
        </Trackpoint>
        <Trackpoint>
          <Time>2026-07-26T02:40:45Z</Time>
          <Position>
            <LatitudeDegrees>38.628853</LatitudeDegrees>
            <LongitudeDegrees>-109.359133</LongitudeDegrees>
          </Position>
          <AltitudeMeters>1575.9</AltitudeMeters>
          <DistanceMeters>34561.2</DistanceMeters>
        </Trackpoint>
        <Trackpoint>
          <Time>2026-07-26T02:40:55Z</Time>
          <Position>
            <LatitudeDegrees>38.628333</LatitudeDegrees>
            <LongitudeDegrees>-109.358232</LongitudeDegrees>
          </Position>
          <AltitudeMeters>1580.4</AltitudeMeters>
          <DistanceMeters>34658.7</DistanceMeters>
        </Trackpoint>
        <Trackpoint>
          <Time>2026-07-26T02:41:05Z</Time>
          <Position>
            <LatitudeDegrees>38.627812</LatitudeDegrees>
            <LongitudeDegrees>-109.357331</LongitudeDegrees>
          </Position>
          <AltitudeMeters>1585.2</AltitudeMeters>
          <DistanceMeters>34756.1</DistanceMeters>
        </Trackpoint>
        <Trackpoint>
          <Time>2026-07-26T02:41:15Z</Time>
          <Position>
            <LatitudeDegrees>38.627291</LatitudeDegrees>
            <LongitudeDegrees>-109.35643</LongitudeDegrees>
          </Position>
          <AltitudeMeters>1589.2</AltitudeMeters>
          <DistanceMeters>34853.6</DistanceMeters>
        </Trackpoint>
        <Trackpoint>
          <Time>2026-07-26T02:41:25Z</Time>
          <Position>
            <LatitudeDegrees>38.62677</LatitudeDegrees>
            <LongitudeDegrees>-109.355529</LongitudeDegrees>
          </Position>
          <AltitudeMeters>1593.8</AltitudeMeters>
          <DistanceMeters>34951.1</DistanceMeters>
        </Trackpoint>
        <Trackpoint>
          <Time>2026-07-26T02:41:35Z</Time>
          <Position>
            <LatitudeDegrees>38.626249</LatitudeDegrees>
            <LongitudeDegrees>-109.354628</LongitudeDegrees>
          </Position>
          <AltitudeMeters>1596.7</AltitudeMeters>
          <DistanceMeters>35048.6</DistanceMeters>
        </Trackpoint>
        <Trackpoint>
          <Time>2026-07-26T02:41:45Z</Time>
          <Position>
            <LatitudeDegrees>38.625728</LatitudeDegrees>
            <LongitudeDegrees>-109.353727</LongitudeDegrees>
          </Position>
          <AltitudeMeters>1602.8</AltitudeMeters>
          <DistanceMeters>35146.1</DistanceMeters>
        </Trackpoint>
        <Trackpoint>
          <Time>2026-07-26T02:41:55Z</Time>
          <Position>
            <LatitudeDegrees>38.625207</LatitudeDegrees>
            <LongitudeDegrees>-109.352826</LongitudeDegrees>
          </Position>
          <AltitudeMeters>1606.6</AltitudeMeters>
          <DistanceMeters>35243.6</DistanceMeters>
        </Trackpoint>
        <Trackpoint>
          <Time>2026-07-26T02:42:05Z</Time>
          <Position>
            <LatitudeDegrees>38.624685</LatitudeDegrees>
            <LongitudeDegrees>-109.351925</LongitudeDegrees>
          </Position>
          <AltitudeMeters>1608.2</AltitudeMeters>
          <DistanceMeters>35341.1</DistanceMeters>
        </Trackpoint>
        <Trackpoint>
          <Time>2026-07-26T02:42:15Z</Time>
          <Position>
            <LatitudeDegrees>38.624164</LatitudeDegrees>
            <LongitudeDegrees>-109.351024</LongitudeDegrees>
          </Position>
          <AltitudeMeters>1614.6</AltitudeMeters>
          <DistanceMeters>35438.6</DistanceMeters>
        </Trackpoint>
        <Trackpoint>
          <Time>2026-07-26T02:42:25Z</Time>
          <Position>
            <LatitudeDegrees>38.623643</LatitudeDegrees>
            <LongitudeDegrees>-109.350123</LongitudeDegrees>
          </Position>
          <AltitudeMeters>1619.8</AltitudeMeters>
          <DistanceMeters>35536.1</DistanceMeters>
        </Trackpoint>
        <Trackpoint>
          <Time>2026-07-26T02:42:35Z</Time>
          <Position>
            <LatitudeDegrees>38.623122</LatitudeDegrees>
            <LongitudeDegrees>-109.349222</LongitudeDegrees>
          </Position>
          <AltitudeMeters>1623.2</AltitudeMeters>
          <DistanceMeters>35633.6</DistanceMeters>
        </Trackpoint>
        <Trackpoint>
          <Time>2026-07-26T02:42:45Z</Time>
          <Position>
            <LatitudeDegrees>38.622601</LatitudeDegrees>
            <LongitudeDegrees>-109.348321</LongitudeDegrees>
          </Position>
          <AltitudeMeters>1629.8</AltitudeMeters>
          <DistanceMeters>35731.1</DistanceMeters>
        </Trackpoint>
        <Trackpoint>
          <Time>2026-07-26T02:42:55Z</Time>
          <Position>
            <LatitudeDegrees>38.622079</LatitudeDegrees>
            <LongitudeDegrees>-109.34742</LongitudeDegrees>
          </Position>
          <AltitudeMeters>1634.0</AltitudeMeters>
          <DistanceMeters>35828.6</DistanceMeters>
        </Trackpoint>
        <Trackpoint>
          <Time>2026-07-26T02:43:05Z</Time>
          <Position>
            <LatitudeDegrees>38.621581</LatitudeDegrees>
            <LongitudeDegrees>-109.346568</LongitudeDegrees>
          </Position>
          <AltitudeMeters>1640.0</AltitudeMeters>
          <DistanceMeters>35921.1</DistanceMeters>
        </Trackpoint>
        <Trackpoint>
          <Time>2026-07-26T02:43:15Z</Time>
          <Position>
            <LatitudeDegrees>38.621083</LatitudeDegrees>
            <LongitudeDegrees>-109.345715</LongitudeDegrees>
          </Position>
          <AltitudeMeters>1643.6</AltitudeMeters>
          <DistanceMeters>36013.8</DistanceMeters>
        </Trackpoint>
        <Trackpoint>
          <Time>2026-07-26T02:43:25Z</Time>
          <Position>
            <LatitudeDegrees>38.620585</LatitudeDegrees>
            <LongitudeDegrees>-109.344863</LongitudeDegrees>
          </Position>
          <AltitudeMeters>1648.2</AltitudeMeters>
          <DistanceMeters>36106.3</DistanceMeters>
        </Trackpoint>
        <Trackpoint>
          <Time>2026-07-26T02:43:35Z</Time>
          <Position>
            <LatitudeDegrees>38.620086</LatitudeDegrees>
            <LongitudeDegrees>-109.344011</LongitudeDegrees>
          </Position>
          <AltitudeMeters>1651.5</AltitudeMeters>
          <DistanceMeters>36198.9</DistanceMeters>
        </Trackpoint>
        <Trackpoint>
          <Time>2026-07-26T02:43:45Z</Time>
          <Position>
            <LatitudeDegrees>38.619588</LatitudeDegrees>
            <LongitudeDegrees>-109.343158</LongitudeDegrees>
          </Position>
          <AltitudeMeters>1656.9</AltitudeMeters>
          <DistanceMeters>36291.6</DistanceMeters>
        </Trackpoint>
        <Trackpoint>
          <Time>2026-07-26T02:43:55Z</Time>
          <Position>
            <LatitudeDegrees>38.619089</LatitudeDegrees>
            <LongitudeDegrees>-109.342306</LongitudeDegrees>
          </Position>
          <AltitudeMeters>1660.7</AltitudeMeters>
          <DistanceMeters>36384.2</DistanceMeters>
        </Trackpoint>
        <Trackpoint>
          <Time>2026-07-26T02:44:05Z</Time>
          <Position>
            <LatitudeDegrees>38.618591</LatitudeDegrees>
            <LongitudeDegrees>-109.341454</LongitudeDegrees>
          </Position>
          <AltitudeMeters>1669.2</AltitudeMeters>
          <DistanceMeters>36476.7</DistanceMeters>
        </Trackpoint>
        <Trackpoint>
          <Time>2026-07-26T02:44:15Z</Time>
          <Position>
            <LatitudeDegrees>38.618092</LatitudeDegrees>
            <LongitudeDegrees>-109.340601</LongitudeDegrees>
          </Position>
          <AltitudeMeters>1672.9</AltitudeMeters>
          <DistanceMeters>36569.4</DistanceMeters>
        </Trackpoint>
        <Trackpoint>
          <Time>2026-07-26T02:44:25Z</Time>
          <Position>
            <LatitudeDegrees>38.617593</LatitudeDegrees>
            <LongitudeDegrees>-109.339749</LongitudeDegrees>
          </Position>
          <AltitudeMeters>1677.9</AltitudeMeters>
          <DistanceMeters>36661.9</DistanceMeters>
        </Trackpoint>
        <Trackpoint>
          <Time>2026-07-26T02:44:35Z</Time>
          <Position>
            <LatitudeDegrees>38.617095</LatitudeDegrees>
            <LongitudeDegrees>-109.338897</LongitudeDegrees>
          </Position>
          <AltitudeMeters>1683.4</AltitudeMeters>
          <DistanceMeters>36754.5</DistanceMeters>
        </Trackpoint>
        <Trackpoint>
          <Time>2026-07-26T02:44:45Z</Time>
          <Position>
            <LatitudeDegrees>38.616597</LatitudeDegrees>
            <LongitudeDegrees>-109.338044</LongitudeDegrees>
          </Position>
          <AltitudeMeters>1687.2</AltitudeMeters>
          <DistanceMeters>36847.2</DistanceMeters>
        </Trackpoint>
        <Trackpoint>
          <Time>2026-07-26T02:44:55Z</Time>
          <Position>
            <LatitudeDegrees>38.616098</LatitudeDegrees>
            <LongitudeDegrees>-109.337192</LongitudeDegrees>
          </Position>
          <AltitudeMeters>1690.9</AltitudeMeters>
          <DistanceMeters>36939.8</DistanceMeters>
        </Trackpoint>
        <Trackpoint>
          <Time>2026-07-26T02:45:05Z</Time>
          <Position>
            <LatitudeDegrees>38.6156</LatitudeDegrees>
            <LongitudeDegrees>-109.33634</LongitudeDegrees>
          </Position>
          <AltitudeMeters>1694.0</AltitudeMeters>
          <DistanceMeters>37032.3</DistanceMeters>
        </Trackpoint>
        <Trackpoint>
          <Time>2026-07-26T02:45:15Z</Time>
          <Position>
            <LatitudeDegrees>38.61498</LatitudeDegrees>
            <LongitudeDegrees>-109.335528</LongitudeDegrees>
          </Position>
          <AltitudeMeters>1697.7</AltitudeMeters>
          <DistanceMeters>37131.1</DistanceMeters>
        </Trackpoint>
        <Trackpoint>
          <Time>2026-07-26T02:45:25Z</Time>
          <Position>
            <LatitudeDegrees>38.61436</LatitudeDegrees>
            <LongitudeDegrees>-109.334716</LongitudeDegrees>
          </Position>
          <AltitudeMeters>1702.3</AltitudeMeters>
          <DistanceMeters>37229.8</DistanceMeters>
        </Trackpoint>
        <Trackpoint>
          <Time>2026-07-26T02:45:35Z</Time>
          <Position>
            <LatitudeDegrees>38.61374</LatitudeDegrees>
            <LongitudeDegrees>-109.333904</LongitudeDegrees>
          </Position>
          <AltitudeMeters>1708.4</AltitudeMeters>
          <DistanceMeters>37328.6</DistanceMeters>
        </Trackpoint>
        <Trackpoint>
          <Time>2026-07-26T02:45:45Z</Time>
          <Position>
            <LatitudeDegrees>38.61312</LatitudeDegrees>
            <LongitudeDegrees>-109.333092</LongitudeDegrees>
          </Position>
          <AltitudeMeters>1710.1</AltitudeMeters>
          <DistanceMeters>37427.3</DistanceMeters>
        </Trackpoint>
        <Trackpoint>
          <Time>2026-07-26T02:45:55Z</Time>
          <Position>
            <LatitudeDegrees>38.6125</LatitudeDegrees>
            <LongitudeDegrees>-109.33228</LongitudeDegrees>
          </Position>
          <AltitudeMeters>1709.2</AltitudeMeters>
          <DistanceMeters>37526.1</DistanceMeters>
        </Trackpoint>
        <Trackpoint>
          <Time>2026-07-26T02:46:05Z</Time>
          <Position>
            <LatitudeDegrees>38.61192</LatitudeDegrees>
            <LongitudeDegrees>-109.33154</LongitudeDegrees>
          </Position>
          <AltitudeMeters>1713.9</AltitudeMeters>
          <DistanceMeters>37617.2</DistanceMeters>
        </Trackpoint>
        <Trackpoint>
          <Time>2026-07-26T02:46:15Z</Time>
          <Position>
            <LatitudeDegrees>38.61172</LatitudeDegrees>
            <LongitudeDegrees>-109.33122</LongitudeDegrees>
          </Position>
          <AltitudeMeters>1716.8</AltitudeMeters>
          <DistanceMeters>37652.9</DistanceMeters>
        </Trackpoint>
        <Trackpoint>
          <Time>2026-07-26T02:46:25Z</Time>
          <Position>
            <LatitudeDegrees>38.61142</LatitudeDegrees>
            <LongitudeDegrees>-109.33055</LongitudeDegrees>
          </Position>
          <AltitudeMeters>1723.6</AltitudeMeters>
          <DistanceMeters>37720.1</DistanceMeters>
        </Trackpoint>
        <Trackpoint>
          <Time>2026-07-26T02:46:35Z</Time>
          <Position>
            <LatitudeDegrees>38.61112</LatitudeDegrees>
            <LongitudeDegrees>-109.32988</LongitudeDegrees>
          </Position>
          <AltitudeMeters>1728.5</AltitudeMeters>
          <DistanceMeters>37787.2</DistanceMeters>
        </Trackpoint>
        <Trackpoint>
          <Time>2026-07-26T02:46:45Z</Time>
          <Position>
            <LatitudeDegrees>38.610909</LatitudeDegrees>
            <LongitudeDegrees>-109.32954</LongitudeDegrees>
          </Position>
          <AltitudeMeters>1730.1</AltitudeMeters>
          <DistanceMeters>37824.9</DistanceMeters>
        </Trackpoint>
        <Trackpoint>
          <Time>2026-07-26T02:46:55Z</Time>
          <Position>
            <LatitudeDegrees>38.61063</LatitudeDegrees>
            <LongitudeDegrees>-109.32922</LongitudeDegrees>
          </Position>
          <AltitudeMeters>1733.4</AltitudeMeters>
          <DistanceMeters>37866.7</DistanceMeters>
        </Trackpoint>
        <Trackpoint>
          <Time>2026-07-26T02:47:05Z</Time>
          <Position>
            <LatitudeDegrees>38.61027</LatitudeDegrees>
            <LongitudeDegrees>-109.32899</LongitudeDegrees>
          </Position>
          <AltitudeMeters>1738.5</AltitudeMeters>
          <DistanceMeters>37911.5</DistanceMeters>
        </Trackpoint>
        <Trackpoint>
          <Time>2026-07-26T02:47:15Z</Time>
          <Position>
            <LatitudeDegrees>38.609573</LatitudeDegrees>
            <LongitudeDegrees>-109.32862</LongitudeDegrees>
          </Position>
          <AltitudeMeters>1742.8</AltitudeMeters>
          <DistanceMeters>37995.5</DistanceMeters>
        </Trackpoint>
        <Trackpoint>
          <Time>2026-07-26T02:47:25Z</Time>
          <Position>
            <LatitudeDegrees>38.608875</LatitudeDegrees>
            <LongitudeDegrees>-109.32825</LongitudeDegrees>
          </Position>
          <AltitudeMeters>1749.0</AltitudeMeters>
          <DistanceMeters>38079.6</DistanceMeters>
        </Trackpoint>
        <Trackpoint>
          <Time>2026-07-26T02:47:35Z</Time>
          <Position>
            <LatitudeDegrees>38.608178</LatitudeDegrees>
            <LongitudeDegrees>-109.32788</LongitudeDegrees>
          </Position>
          <AltitudeMeters>1754.0</AltitudeMeters>
          <DistanceMeters>38163.6</DistanceMeters>
        </Trackpoint>
        <Trackpoint>
          <Time>2026-07-26T02:47:45Z</Time>
          <Position>
            <LatitudeDegrees>38.60748</LatitudeDegrees>
            <LongitudeDegrees>-109.32751</LongitudeDegrees>
          </Position>
          <AltitudeMeters>1757.8</AltitudeMeters>
          <DistanceMeters>38247.7</DistanceMeters>
        </Trackpoint>
        <Trackpoint>
          <Time>2026-07-26T02:47:55Z</Time>
          <Position>
            <LatitudeDegrees>38.60714</LatitudeDegrees>
            <LongitudeDegrees>-109.32728</LongitudeDegrees>
          </Position>
          <AltitudeMeters>1757.8</AltitudeMeters>
          <DistanceMeters>38290.5</DistanceMeters>
        </Trackpoint>
        <Trackpoint>
          <Time>2026-07-26T02:48:05Z</Time>
          <Position>
            <LatitudeDegrees>38.60692</LatitudeDegrees>
            <LongitudeDegrees>-109.32702</LongitudeDegrees>
          </Position>
          <AltitudeMeters>1761.0</AltitudeMeters>
          <DistanceMeters>38323.9</DistanceMeters>
        </Trackpoint>
        <Trackpoint>
          <Time>2026-07-26T02:48:15Z</Time>
          <Position>
            <LatitudeDegrees>38.606699</LatitudeDegrees>
            <LongitudeDegrees>-109.32671</LongitudeDegrees>
          </Position>
          <AltitudeMeters>1762.5</AltitudeMeters>
          <DistanceMeters>38360.3</DistanceMeters>
        </Trackpoint>
        <Trackpoint>
          <Time>2026-07-26T02:48:25Z</Time>
          <Position>
            <LatitudeDegrees>38.60629</LatitudeDegrees>
            <LongitudeDegrees>-109.32578</LongitudeDegrees>
          </Position>
          <AltitudeMeters>1765.6</AltitudeMeters>
          <DistanceMeters>38453.2</DistanceMeters>
        </Trackpoint>
        <Trackpoint>
          <Time>2026-07-26T02:48:35Z</Time>
          <Position>
            <LatitudeDegrees>38.60588</LatitudeDegrees>
            <LongitudeDegrees>-109.32485</LongitudeDegrees>
          </Position>
          <AltitudeMeters>1767.7</AltitudeMeters>
          <DistanceMeters>38546.1</DistanceMeters>
        </Trackpoint>
        <Trackpoint>
          <Time>2026-07-26T02:48:45Z</Time>
          <Position>
            <LatitudeDegrees>38.60551</LatitudeDegrees>
            <LongitudeDegrees>-109.323982</LongitudeDegrees>
          </Position>
          <AltitudeMeters>1771.4</AltitudeMeters>
          <DistanceMeters>38632.1</DistanceMeters>
        </Trackpoint>
        <Trackpoint>
          <Time>2026-07-26T02:48:55Z</Time>
          <Position>
            <LatitudeDegrees>38.60514</LatitudeDegrees>
            <LongitudeDegrees>-109.323115</LongitudeDegrees>
          </Position>
          <AltitudeMeters>1776.0</AltitudeMeters>
          <DistanceMeters>38718.0</DistanceMeters>
        </Trackpoint>
        <Trackpoint>
          <Time>2026-07-26T02:49:05Z</Time>
          <Position>
            <LatitudeDegrees>38.60477</LatitudeDegrees>
            <LongitudeDegrees>-109.322247</LongitudeDegrees>
          </Position>
          <AltitudeMeters>1778.8</AltitudeMeters>
          <DistanceMeters>38804.0</DistanceMeters>
        </Trackpoint>
        <Trackpoint>
          <Time>2026-07-26T02:49:15Z</Time>
          <Position>
            <LatitudeDegrees>38.6044</LatitudeDegrees>
            <LongitudeDegrees>-109.32138</LongitudeDegrees>
          </Position>
          <AltitudeMeters>1783.8</AltitudeMeters>
          <DistanceMeters>38890.0</DistanceMeters>
        </Trackpoint>
        <Trackpoint>
          <Time>2026-07-26T02:49:25Z</Time>
          <Position>
            <LatitudeDegrees>38.60396</LatitudeDegrees>
            <LongitudeDegrees>-109.32061</LongitudeDegrees>
          </Position>
          <AltitudeMeters>1789.1</AltitudeMeters>
          <DistanceMeters>38972.9</DistanceMeters>
        </Trackpoint>
        <Trackpoint>
          <Time>2026-07-26T02:49:35Z</Time>
          <Position>
            <LatitudeDegrees>38.603478</LatitudeDegrees>
            <LongitudeDegrees>-109.319892</LongitudeDegrees>
          </Position>
          <AltitudeMeters>1792.5</AltitudeMeters>
          <DistanceMeters>39055.3</DistanceMeters>
        </Trackpoint>
        <Trackpoint>
          <Time>2026-07-26T02:49:45Z</Time>
          <Position>
            <LatitudeDegrees>38.602995</LatitudeDegrees>
            <LongitudeDegrees>-109.319175</LongitudeDegrees>
          </Position>
          <AltitudeMeters>1798.5</AltitudeMeters>
          <DistanceMeters>39137.6</DistanceMeters>
        </Trackpoint>
        <Trackpoint>
          <Time>2026-07-26T02:49:55Z</Time>
          <Position>
            <LatitudeDegrees>38.602513</LatitudeDegrees>
            <LongitudeDegrees>-109.318457</LongitudeDegrees>
          </Position>
          <AltitudeMeters>1802.2</AltitudeMeters>
          <DistanceMeters>39220.0</DistanceMeters>
        </Trackpoint>
        <Trackpoint>
          <Time>2026-07-26T02:50:05Z</Time>
          <Position>
            <LatitudeDegrees>38.60203</LatitudeDegrees>
            <LongitudeDegrees>-109.31774</LongitudeDegrees>
          </Position>
          <AltitudeMeters>1809.1</AltitudeMeters>
          <DistanceMeters>39302.3</DistanceMeters>
        </Trackpoint>
        <Trackpoint>
          <Time>2026-07-26T02:50:15Z</Time>
          <Position>
            <LatitudeDegrees>38.60173</LatitudeDegrees>
            <LongitudeDegrees>-109.31731</LongitudeDegrees>
          </Position>
          <AltitudeMeters>1812.1</AltitudeMeters>
          <DistanceMeters>39352.5</DistanceMeters>
        </Trackpoint>
        <Trackpoint>
          <Time>2026-07-26T02:50:25Z</Time>
          <Position>
            <LatitudeDegrees>38.60143</LatitudeDegrees>
            <LongitudeDegrees>-109.31674</LongitudeDegrees>
          </Position>
          <AltitudeMeters>1816.2</AltitudeMeters>
          <DistanceMeters>39412.3</DistanceMeters>
        </Trackpoint>
        <Trackpoint>
          <Time>2026-07-26T02:50:35Z</Time>
          <Position>
            <LatitudeDegrees>38.60107</LatitudeDegrees>
            <LongitudeDegrees>-109.315835</LongitudeDegrees>
          </Position>
          <AltitudeMeters>1820.8</AltitudeMeters>
          <DistanceMeters>39500.6</DistanceMeters>
        </Trackpoint>
        <Trackpoint>
          <Time>2026-07-26T02:50:45Z</Time>
          <Position>
            <LatitudeDegrees>38.60071</LatitudeDegrees>
            <LongitudeDegrees>-109.31493</LongitudeDegrees>
          </Position>
          <AltitudeMeters>1828.9</AltitudeMeters>
          <DistanceMeters>39588.9</DistanceMeters>
        </Trackpoint>
        <Trackpoint>
          <Time>2026-07-26T02:50:55Z</Time>
          <Position>
            <LatitudeDegrees>38.60033</LatitudeDegrees>
            <LongitudeDegrees>-109.31422</LongitudeDegrees>
          </Position>
          <AltitudeMeters>1834.0</AltitudeMeters>
          <DistanceMeters>39663.8</DistanceMeters>
        </Trackpoint>
        <Trackpoint>
          <Time>2026-07-26T02:51:05Z</Time>
          <Position>
            <LatitudeDegrees>38.600029</LatitudeDegrees>
            <LongitudeDegrees>-109.31381</LongitudeDegrees>
          </Position>
          <AltitudeMeters>1838.9</AltitudeMeters>
          <DistanceMeters>39712.7</DistanceMeters>
        </Trackpoint>
        <Trackpoint>
          <Time>2026-07-26T02:51:15Z</Time>
          <Position>
            <LatitudeDegrees>38.59954</LatitudeDegrees>
            <LongitudeDegrees>-109.31327</LongitudeDegrees>
          </Position>
          <AltitudeMeters>1841.8</AltitudeMeters>
          <DistanceMeters>39784.7</DistanceMeters>
        </Trackpoint>
        <Trackpoint>
          <Time>2026-07-26T02:51:25Z</Time>
          <Position>
            <LatitudeDegrees>38.59927</LatitudeDegrees>
            <LongitudeDegrees>-109.31306</LongitudeDegrees>
          </Position>
          <AltitudeMeters>1846.5</AltitudeMeters>
          <DistanceMeters>39819.8</DistanceMeters>
        </Trackpoint>
        <Trackpoint>
          <Time>2026-07-26T02:51:35Z</Time>
          <Position>
            <LatitudeDegrees>38.598999</LatitudeDegrees>
            <LongitudeDegrees>-109.31291</LongitudeDegrees>
          </Position>
          <AltitudeMeters>1848.5</AltitudeMeters>
          <DistanceMeters>39852.6</DistanceMeters>
        </Trackpoint>
        <Trackpoint>
          <Time>2026-07-26T02:51:45Z</Time>
          <Position>
            <LatitudeDegrees>38.59848</LatitudeDegrees>
            <LongitudeDegrees>-109.312755</LongitudeDegrees>
          </Position>
          <AltitudeMeters>1851.8</AltitudeMeters>
          <DistanceMeters>39912.0</DistanceMeters>
        </Trackpoint>
        <Trackpoint>
          <Time>2026-07-26T02:51:55Z</Time>
          <Position>
            <LatitudeDegrees>38.59796</LatitudeDegrees>
            <LongitudeDegrees>-109.3126</LongitudeDegrees>
          </Position>
          <AltitudeMeters>1853.9</AltitudeMeters>
          <DistanceMeters>39971.5</DistanceMeters>
        </Trackpoint>
        <Trackpoint>
          <Time>2026-07-26T02:52:05Z</Time>
          <Position>
            <LatitudeDegrees>38.597589</LatitudeDegrees>
            <LongitudeDegrees>-109.31238</LongitudeDegrees>
          </Position>
          <AltitudeMeters>1855.0</AltitudeMeters>
          <DistanceMeters>40016.9</DistanceMeters>
        </Trackpoint>
        <Trackpoint>
          <Time>2026-07-26T02:52:15Z</Time>
          <Position>
            <LatitudeDegrees>38.5974</LatitudeDegrees>
            <LongitudeDegrees>-109.31224</LongitudeDegrees>
          </Position>
          <AltitudeMeters>1855.9</AltitudeMeters>
          <DistanceMeters>40041.3</DistanceMeters>
        </Trackpoint>
        <Trackpoint>
          <Time>2026-07-26T02:52:25Z</Time>
          <Position>
            <LatitudeDegrees>38.59716</LatitudeDegrees>
            <LongitudeDegrees>-109.31193</LongitudeDegrees>
          </Position>
          <AltitudeMeters>1857.7</AltitudeMeters>
          <DistanceMeters>40079.3</DistanceMeters>
        </Trackpoint>
        <Trackpoint>
          <Time>2026-07-26T02:52:35Z</Time>
          <Position>
            <LatitudeDegrees>38.59698</LatitudeDegrees>
            <LongitudeDegrees>-109.31166</LongitudeDegrees>
          </Position>
          <AltitudeMeters>1859.2</AltitudeMeters>
          <DistanceMeters>40110.1</DistanceMeters>
        </Trackpoint>
        <Trackpoint>
          <Time>2026-07-26T02:52:45Z</Time>
          <Position>
            <LatitudeDegrees>38.596603</LatitudeDegrees>
            <LongitudeDegrees>-109.310787</LongitudeDegrees>
          </Position>
          <AltitudeMeters>1865.4</AltitudeMeters>
          <DistanceMeters>40196.9</DistanceMeters>
        </Trackpoint>
        <Trackpoint>
          <Time>2026-07-26T02:52:55Z</Time>
          <Position>
            <LatitudeDegrees>38.596224</LatitudeDegrees>
            <LongitudeDegrees>-109.309915</LongitudeDegrees>
          </Position>
          <AltitudeMeters>1872.8</AltitudeMeters>
          <DistanceMeters>40283.7</DistanceMeters>
        </Trackpoint>
        <Trackpoint>
          <Time>2026-07-26T02:53:05Z</Time>
          <Position>
            <LatitudeDegrees>38.595847</LatitudeDegrees>
            <LongitudeDegrees>-109.309042</LongitudeDegrees>
          </Position>
          <AltitudeMeters>1880.7</AltitudeMeters>
          <DistanceMeters>40370.4</DistanceMeters>
        </Trackpoint>
        <Trackpoint>
          <Time>2026-07-26T02:53:15Z</Time>
          <Position>
            <LatitudeDegrees>38.59547</LatitudeDegrees>
            <LongitudeDegrees>-109.30817</LongitudeDegrees>
          </Position>
          <AltitudeMeters>1885.9</AltitudeMeters>
          <DistanceMeters>40457.2</DistanceMeters>
        </Trackpoint>
        <Trackpoint>
          <Time>2026-07-26T02:53:25Z</Time>
          <Position>
            <LatitudeDegrees>38.5954</LatitudeDegrees>
            <LongitudeDegrees>-109.30781</LongitudeDegrees>
          </Position>
          <AltitudeMeters>1885.9</AltitudeMeters>
          <DistanceMeters>40489.5</DistanceMeters>
        </Trackpoint>
        <Trackpoint>
          <Time>2026-07-26T02:53:35Z</Time>
          <Position>
            <LatitudeDegrees>38.5954</LatitudeDegrees>
            <LongitudeDegrees>-109.30746</LongitudeDegrees>
          </Position>
          <AltitudeMeters>1885.4</AltitudeMeters>
          <DistanceMeters>40519.9</DistanceMeters>
        </Trackpoint>
        <Trackpoint>
          <Time>2026-07-26T02:53:45Z</Time>
          <Position>
            <LatitudeDegrees>38.59545</LatitudeDegrees>
            <LongitudeDegrees>-109.30718</LongitudeDegrees>
          </Position>
          <AltitudeMeters>1884.1</AltitudeMeters>
          <DistanceMeters>40544.9</DistanceMeters>
        </Trackpoint>
        <Trackpoint>
          <Time>2026-07-26T02:53:55Z</Time>
          <Position>
            <LatitudeDegrees>38.59572</LatitudeDegrees>
            <LongitudeDegrees>-109.30625</LongitudeDegrees>
          </Position>
          <AltitudeMeters>1882.8</AltitudeMeters>
          <DistanceMeters>40631.2</DistanceMeters>
        </Trackpoint>
        <Trackpoint>
          <Time>2026-07-26T02:54:05Z</Time>
          <Position>
            <LatitudeDegrees>38.59576</LatitudeDegrees>
            <LongitudeDegrees>-109.3059</LongitudeDegrees>
          </Position>
          <AltitudeMeters>1882.1</AltitudeMeters>
          <DistanceMeters>40662.0</DistanceMeters>
        </Trackpoint>
        <Trackpoint>
          <Time>2026-07-26T02:54:15Z</Time>
          <Position>
            <LatitudeDegrees>38.595709</LatitudeDegrees>
            <LongitudeDegrees>-109.30553</LongitudeDegrees>
          </Position>
          <AltitudeMeters>1881.6</AltitudeMeters>
          <DistanceMeters>40694.7</DistanceMeters>
        </Trackpoint>
        <Trackpoint>
          <Time>2026-07-26T02:54:25Z</Time>
          <Position>
            <LatitudeDegrees>38.595383</LatitudeDegrees>
            <LongitudeDegrees>-109.304633</LongitudeDegrees>
          </Position>
          <AltitudeMeters>1882.4</AltitudeMeters>
          <DistanceMeters>40780.8</DistanceMeters>
        </Trackpoint>
        <Trackpoint>
          <Time>2026-07-26T02:54:35Z</Time>
          <Position>
            <LatitudeDegrees>38.595057</LatitudeDegrees>
            <LongitudeDegrees>-109.303737</LongitudeDegrees>
          </Position>
          <AltitudeMeters>1886.8</AltitudeMeters>
          <DistanceMeters>40866.8</DistanceMeters>
        </Trackpoint>
        <Trackpoint>
          <Time>2026-07-26T02:54:45Z</Time>
          <Position>
            <LatitudeDegrees>38.59473</LatitudeDegrees>
            <LongitudeDegrees>-109.30284</LongitudeDegrees>
          </Position>
          <AltitudeMeters>1891.6</AltitudeMeters>
          <DistanceMeters>40952.9</DistanceMeters>
        </Trackpoint>
        <Trackpoint>
          <Time>2026-07-26T02:54:55Z</Time>
          <Position>
            <LatitudeDegrees>38.59464</LatitudeDegrees>
            <LongitudeDegrees>-109.30253</LongitudeDegrees>
          </Position>
          <AltitudeMeters>1892.3</AltitudeMeters>
          <DistanceMeters>40981.7</DistanceMeters>
        </Trackpoint>
        <Trackpoint>
          <Time>2026-07-26T02:55:05Z</Time>
          <Position>
            <LatitudeDegrees>38.59463</LatitudeDegrees>
            <LongitudeDegrees>-109.30217</LongitudeDegrees>
          </Position>
          <AltitudeMeters>1893.6</AltitudeMeters>
          <DistanceMeters>41013.0</DistanceMeters>
        </Trackpoint>
        <Trackpoint>
          <Time>2026-07-26T02:55:15Z</Time>
          <Position>
            <LatitudeDegrees>38.59465</LatitudeDegrees>
            <LongitudeDegrees>-109.3019</LongitudeDegrees>
          </Position>
          <AltitudeMeters>1894.1</AltitudeMeters>
          <DistanceMeters>41036.6</DistanceMeters>
        </Trackpoint>
        <Trackpoint>
          <Time>2026-07-26T02:55:25Z</Time>
          <Position>
            <LatitudeDegrees>38.5948</LatitudeDegrees>
            <LongitudeDegrees>-109.30147</LongitudeDegrees>
          </Position>
          <AltitudeMeters>1896.0</AltitudeMeters>
          <DistanceMeters>41077.6</DistanceMeters>
        </Trackpoint>
        <Trackpoint>
          <Time>2026-07-26T02:55:35Z</Time>
          <Position>
            <LatitudeDegrees>38.59503</LatitudeDegrees>
            <LongitudeDegrees>-109.30096</LongitudeDegrees>
          </Position>
          <AltitudeMeters>1898.5</AltitudeMeters>
          <DistanceMeters>41128.8</DistanceMeters>
        </Trackpoint>
        <Trackpoint>
          <Time>2026-07-26T02:55:45Z</Time>
          <Position>
            <LatitudeDegrees>38.59521</LatitudeDegrees>
            <LongitudeDegrees>-109.29989</LongitudeDegrees>
          </Position>
          <AltitudeMeters>1901.1</AltitudeMeters>
          <DistanceMeters>41224.0</DistanceMeters>
        </Trackpoint>
        <Trackpoint>
          <Time>2026-07-26T02:55:55Z</Time>
          <Position>
            <LatitudeDegrees>38.59523</LatitudeDegrees>
            <LongitudeDegrees>-109.29959</LongitudeDegrees>
          </Position>
          <AltitudeMeters>1903.3</AltitudeMeters>
          <DistanceMeters>41250.2</DistanceMeters>
        </Trackpoint>
        <Trackpoint>
          <Time>2026-07-26T02:56:05Z</Time>
          <Position>
            <LatitudeDegrees>38.59521</LatitudeDegrees>
            <LongitudeDegrees>-109.29901</LongitudeDegrees>
          </Position>
          <AltitudeMeters>1906.7</AltitudeMeters>
          <DistanceMeters>41300.7</DistanceMeters>
        </Trackpoint>
        <Trackpoint>
          <Time>2026-07-26T02:56:15Z</Time>
          <Position>
            <LatitudeDegrees>38.59507</LatitudeDegrees>
            <LongitudeDegrees>-109.29819</LongitudeDegrees>
          </Position>
          <AltitudeMeters>1912.5</AltitudeMeters>
          <DistanceMeters>41373.8</DistanceMeters>
        </Trackpoint>
        <Trackpoint>
          <Time>2026-07-26T02:56:25Z</Time>
          <Position>
            <LatitudeDegrees>38.59493</LatitudeDegrees>
            <LongitudeDegrees>-109.29783</LongitudeDegrees>
          </Position>
          <AltitudeMeters>1916.9</AltitudeMeters>
          <DistanceMeters>41408.7</DistanceMeters>
        </Trackpoint>
        <Trackpoint>
          <Time>2026-07-26T02:56:35Z</Time>
          <Position>
            <LatitudeDegrees>38.594397</LatitudeDegrees>
            <LongitudeDegrees>-109.296933</LongitudeDegrees>
          </Position>
          <AltitudeMeters>1925.4</AltitudeMeters>
          <DistanceMeters>41506.8</DistanceMeters>
        </Trackpoint>
        <Trackpoint>
          <Time>2026-07-26T02:56:45Z</Time>
          <Position>
            <LatitudeDegrees>38.593863</LatitudeDegrees>
            <LongitudeDegrees>-109.296037</LongitudeDegrees>
          </Position>
          <AltitudeMeters>1934.3</AltitudeMeters>
          <DistanceMeters>41604.8</DistanceMeters>
        </Trackpoint>
        <Trackpoint>
          <Time>2026-07-26T02:56:55Z</Time>
          <Position>
            <LatitudeDegrees>38.59333</LatitudeDegrees>
            <LongitudeDegrees>-109.29514</LongitudeDegrees>
          </Position>
          <AltitudeMeters>1944.6</AltitudeMeters>
          <DistanceMeters>41702.8</DistanceMeters>
        </Trackpoint>
        <Trackpoint>
          <Time>2026-07-26T02:57:05Z</Time>
          <Position>
            <LatitudeDegrees>38.59314</LatitudeDegrees>
            <LongitudeDegrees>-109.29474</LongitudeDegrees>
          </Position>
          <AltitudeMeters>1947.5</AltitudeMeters>
          <DistanceMeters>41743.6</DistanceMeters>
        </Trackpoint>
        <Trackpoint>
          <Time>2026-07-26T02:57:15Z</Time>
          <Position>
            <LatitudeDegrees>38.59303</LatitudeDegrees>
            <LongitudeDegrees>-109.29433</LongitudeDegrees>
          </Position>
          <AltitudeMeters>1950.8</AltitudeMeters>
          <DistanceMeters>41781.3</DistanceMeters>
        </Trackpoint>
        <Trackpoint>
          <Time>2026-07-26T02:57:25Z</Time>
          <Position>
            <LatitudeDegrees>38.59298</LatitudeDegrees>
            <LongitudeDegrees>-109.2938</LongitudeDegrees>
          </Position>
          <AltitudeMeters>1954.1</AltitudeMeters>
          <DistanceMeters>41827.7</DistanceMeters>
        </Trackpoint>
        <Trackpoint>
          <Time>2026-07-26T02:57:35Z</Time>
          <Position>
            <LatitudeDegrees>38.59301</LatitudeDegrees>
            <LongitudeDegrees>-109.29348</LongitudeDegrees>
          </Position>
          <AltitudeMeters>1955.3</AltitudeMeters>
          <DistanceMeters>41855.8</DistanceMeters>
        </Trackpoint>
        <Trackpoint>
          <Time>2026-07-26T02:57:45Z</Time>
          <Position>
            <LatitudeDegrees>38.593179</LatitudeDegrees>
            <LongitudeDegrees>-109.29312</LongitudeDegrees>
          </Position>
          <AltitudeMeters>1957.9</AltitudeMeters>
          <DistanceMeters>41892.4</DistanceMeters>
        </Trackpoint>
        <Trackpoint>
          <Time>2026-07-26T02:57:55Z</Time>
          <Position>
            <LatitudeDegrees>38.59373</LatitudeDegrees>
            <LongitudeDegrees>-109.29223</LongitudeDegrees>
          </Position>
          <AltitudeMeters>1963.9</AltitudeMeters>
          <DistanceMeters>41991.1</DistanceMeters>
        </Trackpoint>
        <Trackpoint>
          <Time>2026-07-26T02:58:05Z</Time>
          <Position>
            <LatitudeDegrees>38.59395</LatitudeDegrees>
            <LongitudeDegrees>-109.29201</LongitudeDegrees>
          </Position>
          <AltitudeMeters>1965.0</AltitudeMeters>
          <DistanceMeters>42022.2</DistanceMeters>
        </Trackpoint>
        <Trackpoint>
          <Time>2026-07-26T02:58:15Z</Time>
          <Position>
            <LatitudeDegrees>38.59461</LatitudeDegrees>
            <LongitudeDegrees>-109.29174</LongitudeDegrees>
          </Position>
          <AltitudeMeters>1970.3</AltitudeMeters>
          <DistanceMeters>42099.3</DistanceMeters>
        </Trackpoint>
        <Trackpoint>
          <Time>2026-07-26T02:58:25Z</Time>
          <Position>
            <LatitudeDegrees>38.59527</LatitudeDegrees>
            <LongitudeDegrees>-109.29147</LongitudeDegrees>
          </Position>
          <AltitudeMeters>1973.8</AltitudeMeters>
          <DistanceMeters>42176.4</DistanceMeters>
        </Trackpoint>
        <Trackpoint>
          <Time>2026-07-26T02:58:35Z</Time>
          <Position>
            <LatitudeDegrees>38.59543</LatitudeDegrees>
            <LongitudeDegrees>-109.29129</LongitudeDegrees>
          </Position>
          <AltitudeMeters>1975.0</AltitudeMeters>
          <DistanceMeters>42200.2</DistanceMeters>
        </Trackpoint>
        <Trackpoint>
          <Time>2026-07-26T02:58:45Z</Time>
          <Position>
            <LatitudeDegrees>38.59552</LatitudeDegrees>
            <LongitudeDegrees>-109.29102</LongitudeDegrees>
          </Position>
          <AltitudeMeters>1976.2</AltitudeMeters>
          <DistanceMeters>42225.7</DistanceMeters>
        </Trackpoint>
        <Trackpoint>
          <Time>2026-07-26T02:58:55Z</Time>
          <Position>
            <LatitudeDegrees>38.595619</LatitudeDegrees>
            <LongitudeDegrees>-109.29033</LongitudeDegrees>
          </Position>
          <AltitudeMeters>1978.6</AltitudeMeters>
          <DistanceMeters>42286.7</DistanceMeters>
        </Trackpoint>
        <Trackpoint>
          <Time>2026-07-26T02:59:05Z</Time>
          <Position>
            <LatitudeDegrees>38.59545</LatitudeDegrees>
            <LongitudeDegrees>-109.29032</LongitudeDegrees>
          </Position>
          <AltitudeMeters>1980.4</AltitudeMeters>
          <DistanceMeters>42305.7</DistanceMeters>
        </Trackpoint>
        <Trackpoint>
          <Time>2026-07-26T02:59:15Z</Time>
          <Position>
            <LatitudeDegrees>38.59512</LatitudeDegrees>
            <LongitudeDegrees>-109.29044</LongitudeDegrees>
          </Position>
          <AltitudeMeters>1984.2</AltitudeMeters>
          <DistanceMeters>42343.9</DistanceMeters>
        </Trackpoint>
        <Trackpoint>
          <Time>2026-07-26T02:59:25Z</Time>
          <Position>
            <LatitudeDegrees>38.59442</LatitudeDegrees>
            <LongitudeDegrees>-109.29085</LongitudeDegrees>
          </Position>
          <AltitudeMeters>1990.9</AltitudeMeters>
          <DistanceMeters>42429.6</DistanceMeters>
        </Trackpoint>
        <Trackpoint>
          <Time>2026-07-26T02:59:35Z</Time>
          <Position>
            <LatitudeDegrees>38.59426</LatitudeDegrees>
            <LongitudeDegrees>-109.29089</LongitudeDegrees>
          </Position>
          <AltitudeMeters>1992.3</AltitudeMeters>
          <DistanceMeters>42447.7</DistanceMeters>
        </Trackpoint>
        <Trackpoint>
          <Time>2026-07-26T02:59:45Z</Time>
          <Position>
            <LatitudeDegrees>38.59409</LatitudeDegrees>
            <LongitudeDegrees>-109.29084</LongitudeDegrees>
          </Position>
          <AltitudeMeters>1993.1</AltitudeMeters>
          <DistanceMeters>42467.1</DistanceMeters>
        </Trackpoint>
        <Trackpoint>
          <Time>2026-07-26T02:59:55Z</Time>
          <Position>
            <LatitudeDegrees>38.59399</LatitudeDegrees>
            <LongitudeDegrees>-109.29067</LongitudeDegrees>
          </Position>
          <AltitudeMeters>1996.1</AltitudeMeters>
          <DistanceMeters>42485.7</DistanceMeters>
        </Trackpoint>
        <Trackpoint>
          <Time>2026-07-26T03:00:05Z</Time>
          <Position>
            <LatitudeDegrees>38.59396</LatitudeDegrees>
            <LongitudeDegrees>-109.29044</LongitudeDegrees>
          </Position>
          <AltitudeMeters>1997.2</AltitudeMeters>
          <DistanceMeters>42505.9</DistanceMeters>
        </Trackpoint>
        <Trackpoint>
          <Time>2026-07-26T03:00:15Z</Time>
          <Position>
            <LatitudeDegrees>38.59397</LatitudeDegrees>
            <LongitudeDegrees>-109.29009</LongitudeDegrees>
          </Position>
          <AltitudeMeters>1999.1</AltitudeMeters>
          <DistanceMeters>42536.4</DistanceMeters>
        </Trackpoint>
        <Trackpoint>
          <Time>2026-07-26T03:00:25Z</Time>
          <Position>
            <LatitudeDegrees>38.5938</LatitudeDegrees>
            <LongitudeDegrees>-109.28923</LongitudeDegrees>
          </Position>
          <AltitudeMeters>2004.2</AltitudeMeters>
          <DistanceMeters>42613.6</DistanceMeters>
        </Trackpoint>
        <Trackpoint>
          <Time>2026-07-26T03:00:35Z</Time>
          <Position>
            <LatitudeDegrees>38.59368</LatitudeDegrees>
            <LongitudeDegrees>-109.28892</LongitudeDegrees>
          </Position>
          <AltitudeMeters>2007.3</AltitudeMeters>
          <DistanceMeters>42643.7</DistanceMeters>
        </Trackpoint>
        <Trackpoint>
          <Time>2026-07-26T03:00:45Z</Time>
          <Position>
            <LatitudeDegrees>38.59352</LatitudeDegrees>
            <LongitudeDegrees>-109.28874</LongitudeDegrees>
          </Position>
          <AltitudeMeters>2010.2</AltitudeMeters>
          <DistanceMeters>42667.4</DistanceMeters>
        </Trackpoint>
        <Trackpoint>
          <Time>2026-07-26T03:00:55Z</Time>
          <Position>
            <LatitudeDegrees>38.5933</LatitudeDegrees>
            <LongitudeDegrees>-109.2886</LongitudeDegrees>
          </Position>
          <AltitudeMeters>2016.3</AltitudeMeters>
          <DistanceMeters>42694.8</DistanceMeters>
        </Trackpoint>
        <Trackpoint>
          <Time>2026-07-26T03:01:05Z</Time>
          <Position>
            <LatitudeDegrees>38.59302</LatitudeDegrees>
            <LongitudeDegrees>-109.28856</LongitudeDegrees>
          </Position>
          <AltitudeMeters>2016.3</AltitudeMeters>
          <DistanceMeters>42726.1</DistanceMeters>
        </Trackpoint>
        <Trackpoint>
          <Time>2026-07-26T03:01:15Z</Time>
          <Position>
            <LatitudeDegrees>38.592799</LatitudeDegrees>
            <LongitudeDegrees>-109.2886</LongitudeDegrees>
          </Position>
          <AltitudeMeters>2019.4</AltitudeMeters>
          <DistanceMeters>42750.9</DistanceMeters>
        </Trackpoint>
        <Trackpoint>
          <Time>2026-07-26T03:01:25Z</Time>
          <Position>
            <LatitudeDegrees>38.59265</LatitudeDegrees>
            <LongitudeDegrees>-109.2887</LongitudeDegrees>
          </Position>
          <AltitudeMeters>2019.4</AltitudeMeters>
          <DistanceMeters>42769.7</DistanceMeters>
        </Trackpoint>
        <Trackpoint>
          <Time>2026-07-26T03:01:35Z</Time>
          <Position>
            <LatitudeDegrees>38.59212</LatitudeDegrees>
            <LongitudeDegrees>-109.28959</LongitudeDegrees>
          </Position>
          <AltitudeMeters>2030.8</AltitudeMeters>
          <DistanceMeters>42867.0</DistanceMeters>
        </Trackpoint>
        <Trackpoint>
          <Time>2026-07-26T03:01:45Z</Time>
          <Position>
            <LatitudeDegrees>38.59199</LatitudeDegrees>
            <LongitudeDegrees>-109.28968</LongitudeDegrees>
          </Position>
          <AltitudeMeters>2031.7</AltitudeMeters>
          <DistanceMeters>42883.5</DistanceMeters>
        </Trackpoint>
        <Trackpoint>
          <Time>2026-07-26T03:01:55Z</Time>
          <Position>
            <LatitudeDegrees>38.59179</LatitudeDegrees>
            <LongitudeDegrees>-109.28972</LongitudeDegrees>
          </Position>
          <AltitudeMeters>2033.8</AltitudeMeters>
          <DistanceMeters>42906.0</DistanceMeters>
        </Trackpoint>
        <Trackpoint>
          <Time>2026-07-26T03:02:05Z</Time>
          <Position>
            <LatitudeDegrees>38.59163</LatitudeDegrees>
            <LongitudeDegrees>-109.28964</LongitudeDegrees>
          </Position>
          <AltitudeMeters>2035.3</AltitudeMeters>
          <DistanceMeters>42925.2</DistanceMeters>
        </Trackpoint>
        <Trackpoint>
          <Time>2026-07-26T03:02:15Z</Time>
          <Position>
            <LatitudeDegrees>38.59144</LatitudeDegrees>
            <LongitudeDegrees>-109.28945</LongitudeDegrees>
          </Position>
          <AltitudeMeters>2037.4</AltitudeMeters>
          <DistanceMeters>42952.0</DistanceMeters>
        </Trackpoint>
        <Trackpoint>
          <Time>2026-07-26T03:02:25Z</Time>
          <Position>
            <LatitudeDegrees>38.591205</LatitudeDegrees>
            <LongitudeDegrees>-109.28896</LongitudeDegrees>
          </Position>
          <AltitudeMeters>2039.7</AltitudeMeters>
          <DistanceMeters>43002.0</DistanceMeters>
        </Trackpoint>
        <Trackpoint>
          <Time>2026-07-26T03:02:35Z</Time>
          <Position>
            <LatitudeDegrees>38.59097</LatitudeDegrees>
            <LongitudeDegrees>-109.28847</LongitudeDegrees>
          </Position>
          <AltitudeMeters>2042.7</AltitudeMeters>
          <DistanceMeters>43052.0</DistanceMeters>
        </Trackpoint>
        <Trackpoint>
          <Time>2026-07-26T03:02:45Z</Time>
          <Position>
            <LatitudeDegrees>38.590745</LatitudeDegrees>
            <LongitudeDegrees>-109.287845</LongitudeDegrees>
          </Position>
          <AltitudeMeters>2045.1</AltitudeMeters>
          <DistanceMeters>43111.9</DistanceMeters>
        </Trackpoint>
        <Trackpoint>
          <Time>2026-07-26T03:02:55Z</Time>
          <Position>
            <LatitudeDegrees>38.59052</LatitudeDegrees>
            <LongitudeDegrees>-109.28722</LongitudeDegrees>
          </Position>
          <AltitudeMeters>2048.1</AltitudeMeters>
          <DistanceMeters>43171.8</DistanceMeters>
        </Trackpoint>
        <Trackpoint>
          <Time>2026-07-26T03:03:05Z</Time>
          <Position>
            <LatitudeDegrees>38.59044</LatitudeDegrees>
            <LongitudeDegrees>-109.28707</LongitudeDegrees>
          </Position>
          <AltitudeMeters>2048.7</AltitudeMeters>
          <DistanceMeters>43187.6</DistanceMeters>
        </Trackpoint>
        <Trackpoint>
          <Time>2026-07-26T03:03:15Z</Time>
          <Position>
            <LatitudeDegrees>38.59025</LatitudeDegrees>
            <LongitudeDegrees>-109.28677</LongitudeDegrees>
          </Position>
          <AltitudeMeters>2052.0</AltitudeMeters>
          <DistanceMeters>43221.2</DistanceMeters>
        </Trackpoint>
        <Trackpoint>
          <Time>2026-07-26T03:03:25Z</Time>
          <Position>
            <LatitudeDegrees>38.59006</LatitudeDegrees>
            <LongitudeDegrees>-109.28659</LongitudeDegrees>
          </Position>
          <AltitudeMeters>2053.9</AltitudeMeters>
          <DistanceMeters>43247.5</DistanceMeters>
        </Trackpoint>
        <Trackpoint>
          <Time>2026-07-26T03:03:35Z</Time>
          <Position>
            <LatitudeDegrees>38.58985</LatitudeDegrees>
            <LongitudeDegrees>-109.28652</LongitudeDegrees>
          </Position>
          <AltitudeMeters>2055.3</AltitudeMeters>
          <DistanceMeters>43271.7</DistanceMeters>
        </Trackpoint>
        <Trackpoint>
          <Time>2026-07-26T03:03:45Z</Time>
          <Position>
            <LatitudeDegrees>38.58984</LatitudeDegrees>
            <LongitudeDegrees>-109.28651</LongitudeDegrees>
          </Position>
          <AltitudeMeters>2055.4</AltitudeMeters>
          <DistanceMeters>43273.1</DistanceMeters>
        </Trackpoint>
        <Trackpoint>
          <Time>2026-07-26T03:03:55Z</Time>
          <Position>
            <LatitudeDegrees>38.58963</LatitudeDegrees>
            <LongitudeDegrees>-109.28651</LongitudeDegrees>
          </Position>
          <AltitudeMeters>2058.2</AltitudeMeters>
          <DistanceMeters>43296.4</DistanceMeters>
        </Trackpoint>
        <Trackpoint>
          <Time>2026-07-26T03:04:05Z</Time>
          <Position>
            <LatitudeDegrees>38.58945</LatitudeDegrees>
            <LongitudeDegrees>-109.2866</LongitudeDegrees>
          </Position>
          <AltitudeMeters>2061.5</AltitudeMeters>
          <DistanceMeters>43318.0</DistanceMeters>
        </Trackpoint>
        <Trackpoint>
          <Time>2026-07-26T03:04:15Z</Time>
          <Position>
            <LatitudeDegrees>38.58931</LatitudeDegrees>
            <LongitudeDegrees>-109.28681</LongitudeDegrees>
          </Position>
          <AltitudeMeters>2062.5</AltitudeMeters>
          <DistanceMeters>43342.0</DistanceMeters>
        </Trackpoint>
        <Trackpoint>
          <Time>2026-07-26T03:04:25Z</Time>
          <Position>
            <LatitudeDegrees>38.58911</LatitudeDegrees>
            <LongitudeDegrees>-109.287395</LongitudeDegrees>
          </Position>
          <AltitudeMeters>2068.1</AltitudeMeters>
          <DistanceMeters>43397.5</DistanceMeters>
        </Trackpoint>
        <Trackpoint>
          <Time>2026-07-26T03:04:35Z</Time>
          <Position>
            <LatitudeDegrees>38.58891</LatitudeDegrees>
            <LongitudeDegrees>-109.28798</LongitudeDegrees>
          </Position>
          <AltitudeMeters>2074.6</AltitudeMeters>
          <DistanceMeters>43453.1</DistanceMeters>
        </Trackpoint>
        <Trackpoint>
          <Time>2026-07-26T03:04:45Z</Time>
          <Position>
            <LatitudeDegrees>38.58869</LatitudeDegrees>
            <LongitudeDegrees>-109.28842</LongitudeDegrees>
          </Position>
          <AltitudeMeters>2078.9</AltitudeMeters>
          <DistanceMeters>43498.5</DistanceMeters>
        </Trackpoint>
        <Trackpoint>
          <Time>2026-07-26T03:04:55Z</Time>
          <Position>
            <LatitudeDegrees>38.58837</LatitudeDegrees>
            <LongitudeDegrees>-109.288915</LongitudeDegrees>
          </Position>
          <AltitudeMeters>2082.3</AltitudeMeters>
          <DistanceMeters>43554.4</DistanceMeters>
        </Trackpoint>
        <Trackpoint>
          <Time>2026-07-26T03:05:05Z</Time>
          <Position>
            <LatitudeDegrees>38.58805</LatitudeDegrees>
            <LongitudeDegrees>-109.28941</LongitudeDegrees>
          </Position>
          <AltitudeMeters>2088.7</AltitudeMeters>
          <DistanceMeters>43610.3</DistanceMeters>
        </Trackpoint>
        <Trackpoint>
          <Time>2026-07-26T03:05:15Z</Time>
          <Position>
            <LatitudeDegrees>38.58761</LatitudeDegrees>
            <LongitudeDegrees>-109.29006</LongitudeDegrees>
          </Position>
          <AltitudeMeters>2095.7</AltitudeMeters>
          <DistanceMeters>43685.1</DistanceMeters>
        </Trackpoint>
        <Trackpoint>
          <Time>2026-07-26T03:05:25Z</Time>
          <Position>
            <LatitudeDegrees>38.58717</LatitudeDegrees>
            <LongitudeDegrees>-109.29071</LongitudeDegrees>
          </Position>
          <AltitudeMeters>2102.1</AltitudeMeters>
          <DistanceMeters>43760.0</DistanceMeters>
        </Trackpoint>
        <Trackpoint>
          <Time>2026-07-26T03:05:35Z</Time>
          <Position>
            <LatitudeDegrees>38.58705</LatitudeDegrees>
            <LongitudeDegrees>-109.29091</LongitudeDegrees>
          </Position>
          <AltitudeMeters>2103.3</AltitudeMeters>
          <DistanceMeters>43781.9</DistanceMeters>
        </Trackpoint>
        <Trackpoint>
          <Time>2026-07-26T03:05:45Z</Time>
          <Position>
            <LatitudeDegrees>38.58699</LatitudeDegrees>
            <LongitudeDegrees>-109.29111</LongitudeDegrees>
          </Position>
          <AltitudeMeters>2104.7</AltitudeMeters>
          <DistanceMeters>43800.5</DistanceMeters>
        </Trackpoint>
        <Trackpoint>
          <Time>2026-07-26T03:05:55Z</Time>
          <Position>
            <LatitudeDegrees>38.586979</LatitudeDegrees>
            <LongitudeDegrees>-109.29124</LongitudeDegrees>
          </Position>
          <AltitudeMeters>2106.0</AltitudeMeters>
          <DistanceMeters>43811.9</DistanceMeters>
        </Trackpoint>
        <Trackpoint>
          <Time>2026-07-26T03:06:05Z</Time>
          <Position>
            <LatitudeDegrees>38.58701</LatitudeDegrees>
            <LongitudeDegrees>-109.29142</LongitudeDegrees>
          </Position>
          <AltitudeMeters>2107.2</AltitudeMeters>
          <DistanceMeters>43827.9</DistanceMeters>
        </Trackpoint>
        <Trackpoint>
          <Time>2026-07-26T03:06:15Z</Time>
          <Position>
            <LatitudeDegrees>38.587179</LatitudeDegrees>
            <LongitudeDegrees>-109.29165</LongitudeDegrees>
          </Position>
          <AltitudeMeters>2108.6</AltitudeMeters>
          <DistanceMeters>43855.5</DistanceMeters>
        </Trackpoint>
        <Trackpoint>
          <Time>2026-07-26T03:06:25Z</Time>
          <Position>
            <LatitudeDegrees>38.58746</LatitudeDegrees>
            <LongitudeDegrees>-109.29192</LongitudeDegrees>
          </Position>
          <AltitudeMeters>2112.0</AltitudeMeters>
          <DistanceMeters>43894.5</DistanceMeters>
        </Trackpoint>
        <Trackpoint>
          <Time>2026-07-26T03:06:35Z</Time>
          <Position>
            <LatitudeDegrees>38.58785</LatitudeDegrees>
            <LongitudeDegrees>-109.29221</LongitudeDegrees>
          </Position>
          <AltitudeMeters>2115.5</AltitudeMeters>
          <DistanceMeters>43944.7</DistanceMeters>
        </Trackpoint>
        <Trackpoint>
          <Time>2026-07-26T03:06:45Z</Time>
          <Position>
            <LatitudeDegrees>38.58824</LatitudeDegrees>
            <LongitudeDegrees>-109.2925</LongitudeDegrees>
          </Position>
          <AltitudeMeters>2118.1</AltitudeMeters>
          <DistanceMeters>43994.9</DistanceMeters>
        </Trackpoint>
        <Trackpoint>
          <Time>2026-07-26T03:06:55Z</Time>
          <Position>
            <LatitudeDegrees>38.588299</LatitudeDegrees>
            <LongitudeDegrees>-109.29265</LongitudeDegrees>
          </Position>
          <AltitudeMeters>2118.4</AltitudeMeters>
          <DistanceMeters>44009.6</DistanceMeters>
        </Trackpoint>
        <Trackpoint>
          <Time>2026-07-26T03:07:05Z</Time>
          <Position>
            <LatitudeDegrees>38.58827</LatitudeDegrees>
            <LongitudeDegrees>-109.29274</LongitudeDegrees>
          </Position>
          <AltitudeMeters>2118.5</AltitudeMeters>
          <DistanceMeters>44018.1</DistanceMeters>
        </Trackpoint>
        <Trackpoint>
          <Time>2026-07-26T03:07:15Z</Time>
          <Position>
            <LatitudeDegrees>38.58819</LatitudeDegrees>
            <LongitudeDegrees>-109.29282</LongitudeDegrees>
          </Position>
          <AltitudeMeters>2119.0</AltitudeMeters>
          <DistanceMeters>44029.4</DistanceMeters>
        </Trackpoint>
        <Trackpoint>
          <Time>2026-07-26T03:07:25Z</Time>
          <Position>
            <LatitudeDegrees>38.58777</LatitudeDegrees>
            <LongitudeDegrees>-109.29303</LongitudeDegrees>
          </Position>
          <AltitudeMeters>2120.5</AltitudeMeters>
          <DistanceMeters>44079.6</DistanceMeters>
        </Trackpoint>
        <Trackpoint>
          <Time>2026-07-26T03:07:35Z</Time>
          <Position>
            <LatitudeDegrees>38.58761</LatitudeDegrees>
            <LongitudeDegrees>-109.29308</LongitudeDegrees>
          </Position>
          <AltitudeMeters>2121.4</AltitudeMeters>
          <DistanceMeters>44097.9</DistanceMeters>
        </Trackpoint>
        <Trackpoint>
          <Time>2026-07-26T03:07:45Z</Time>
          <Position>
            <LatitudeDegrees>38.5875</LatitudeDegrees>
            <LongitudeDegrees>-109.29317</LongitudeDegrees>
          </Position>
          <AltitudeMeters>2122.6</AltitudeMeters>
          <DistanceMeters>44112.5</DistanceMeters>
        </Trackpoint>
        <Trackpoint>
          <Time>2026-07-26T03:07:55Z</Time>
          <Position>
            <LatitudeDegrees>38.58738</LatitudeDegrees>
            <LongitudeDegrees>-109.29331</LongitudeDegrees>
          </Position>
          <AltitudeMeters>2123.5</AltitudeMeters>
          <DistanceMeters>44130.5</DistanceMeters>
        </Trackpoint>
        <Trackpoint>
          <Time>2026-07-26T03:08:05Z</Time>
          <Position>
            <LatitudeDegrees>38.58717</LatitudeDegrees>
            <LongitudeDegrees>-109.29344</LongitudeDegrees>
          </Position>
          <AltitudeMeters>2126.6</AltitudeMeters>
          <DistanceMeters>44156.5</DistanceMeters>
        </Trackpoint>
        <Trackpoint>
          <Time>2026-07-26T03:08:15Z</Time>
          <Position>
            <LatitudeDegrees>38.58638</LatitudeDegrees>
            <LongitudeDegrees>-109.29357</LongitudeDegrees>
          </Position>
          <AltitudeMeters>2132.0</AltitudeMeters>
          <DistanceMeters>44245.2</DistanceMeters>
        </Trackpoint>
        <Trackpoint>
          <Time>2026-07-26T03:08:25Z</Time>
          <Position>
            <LatitudeDegrees>38.58591</LatitudeDegrees>
            <LongitudeDegrees>-109.2935</LongitudeDegrees>
          </Position>
          <AltitudeMeters>2136.7</AltitudeMeters>
          <DistanceMeters>44297.9</DistanceMeters>
        </Trackpoint>
        <Trackpoint>
          <Time>2026-07-26T03:08:35Z</Time>
          <Position>
            <LatitudeDegrees>38.58579</LatitudeDegrees>
            <LongitudeDegrees>-109.29357</LongitudeDegrees>
          </Position>
          <AltitudeMeters>2137.6</AltitudeMeters>
          <DistanceMeters>44312.5</DistanceMeters>
        </Trackpoint>
        <Trackpoint>
          <Time>2026-07-26T03:08:45Z</Time>
          <Position>
            <LatitudeDegrees>38.58568</LatitudeDegrees>
            <LongitudeDegrees>-109.29368</LongitudeDegrees>
          </Position>
          <AltitudeMeters>2140.1</AltitudeMeters>
          <DistanceMeters>44328.1</DistanceMeters>
        </Trackpoint>
        <Trackpoint>
          <Time>2026-07-26T03:08:55Z</Time>
          <Position>
            <LatitudeDegrees>38.58553</LatitudeDegrees>
            <LongitudeDegrees>-109.29375</LongitudeDegrees>
          </Position>
          <AltitudeMeters>2142.0</AltitudeMeters>
          <DistanceMeters>44345.8</DistanceMeters>
        </Trackpoint>
        <Trackpoint>
          <Time>2026-07-26T03:09:05Z</Time>
          <Position>
            <LatitudeDegrees>38.58538</LatitudeDegrees>
            <LongitudeDegrees>-109.29375</LongitudeDegrees>
          </Position>
          <AltitudeMeters>2142.9</AltitudeMeters>
          <DistanceMeters>44362.5</DistanceMeters>
        </Trackpoint>
        <Trackpoint>
          <Time>2026-07-26T03:09:15Z</Time>
          <Position>
            <LatitudeDegrees>38.58519</LatitudeDegrees>
            <LongitudeDegrees>-109.29371</LongitudeDegrees>
          </Position>
          <AltitudeMeters>2144.5</AltitudeMeters>
          <DistanceMeters>44384.0</DistanceMeters>
        </Trackpoint>
        <Trackpoint>
          <Time>2026-07-26T03:09:25Z</Time>
          <Position>
            <LatitudeDegrees>38.58504</LatitudeDegrees>
            <LongitudeDegrees>-109.29358</LongitudeDegrees>
          </Position>
          <AltitudeMeters>2145.8</AltitudeMeters>
          <DistanceMeters>44404.2</DistanceMeters>
        </Trackpoint>
        <Trackpoint>
          <Time>2026-07-26T03:09:35Z</Time>
          <Position>
            <LatitudeDegrees>38.58475</LatitudeDegrees>
            <LongitudeDegrees>-109.29344</LongitudeDegrees>
          </Position>
          <AltitudeMeters>2148.1</AltitudeMeters>
          <DistanceMeters>44438.7</DistanceMeters>
        </Trackpoint>
        <Trackpoint>
          <Time>2026-07-26T03:09:45Z</Time>
          <Position>
            <LatitudeDegrees>38.58466</LatitudeDegrees>
            <LongitudeDegrees>-109.29344</LongitudeDegrees>
          </Position>
          <AltitudeMeters>2148.9</AltitudeMeters>
          <DistanceMeters>44448.7</DistanceMeters>
        </Trackpoint>
        <Trackpoint>
          <Time>2026-07-26T03:09:55Z</Time>
          <Position>
            <LatitudeDegrees>38.5846</LatitudeDegrees>
            <LongitudeDegrees>-109.29348</LongitudeDegrees>
          </Position>
          <AltitudeMeters>2149.7</AltitudeMeters>
          <DistanceMeters>44456.2</DistanceMeters>
        </Trackpoint>
        <Trackpoint>
          <Time>2026-07-26T03:10:05Z</Time>
          <Position>
            <LatitudeDegrees>38.584539</LatitudeDegrees>
            <LongitudeDegrees>-109.29362</LongitudeDegrees>
          </Position>
          <AltitudeMeters>2150.7</AltitudeMeters>
          <DistanceMeters>44470.1</DistanceMeters>
        </Trackpoint>
        <Trackpoint>
          <Time>2026-07-26T03:10:15Z</Time>
          <Position>
            <LatitudeDegrees>38.58437</LatitudeDegrees>
            <LongitudeDegrees>-109.29421</LongitudeDegrees>
          </Position>
          <AltitudeMeters>2156.7</AltitudeMeters>
          <DistanceMeters>44524.8</DistanceMeters>
        </Trackpoint>
        <Trackpoint>
          <Time>2026-07-26T03:10:25Z</Time>
          <Position>
            <LatitudeDegrees>38.58428</LatitudeDegrees>
            <LongitudeDegrees>-109.29433</LongitudeDegrees>
          </Position>
          <AltitudeMeters>2157.3</AltitudeMeters>
          <DistanceMeters>44539.3</DistanceMeters>
        </Trackpoint>
        <Trackpoint>
          <Time>2026-07-26T03:10:35Z</Time>
          <Position>
            <LatitudeDegrees>38.58401</LatitudeDegrees>
            <LongitudeDegrees>-109.29447</LongitudeDegrees>
          </Position>
          <AltitudeMeters>2158.2</AltitudeMeters>
          <DistanceMeters>44571.7</DistanceMeters>
        </Trackpoint>
        <Trackpoint>
          <Time>2026-07-26T03:10:45Z</Time>
          <Position>
            <LatitudeDegrees>38.58373</LatitudeDegrees>
            <LongitudeDegrees>-109.29456</LongitudeDegrees>
          </Position>
          <AltitudeMeters>2158.9</AltitudeMeters>
          <DistanceMeters>44603.9</DistanceMeters>
        </Trackpoint>
        <Trackpoint>
          <Time>2026-07-26T03:10:55Z</Time>
          <Position>
            <LatitudeDegrees>38.58336</LatitudeDegrees>
            <LongitudeDegrees>-109.2945</LongitudeDegrees>
          </Position>
          <AltitudeMeters>2160.6</AltitudeMeters>
          <DistanceMeters>44645.4</DistanceMeters>
        </Trackpoint>
        <Trackpoint>
          <Time>2026-07-26T03:11:05Z</Time>
          <Position>
            <LatitudeDegrees>38.582723</LatitudeDegrees>
            <LongitudeDegrees>-109.294207</LongitudeDegrees>
          </Position>
          <AltitudeMeters>2163.4</AltitudeMeters>
          <DistanceMeters>44720.7</DistanceMeters>
        </Trackpoint>
        <Trackpoint>
          <Time>2026-07-26T03:11:15Z</Time>
          <Position>
            <LatitudeDegrees>38.582087</LatitudeDegrees>
            <LongitudeDegrees>-109.293913</LongitudeDegrees>
          </Position>
          <AltitudeMeters>2163.4</AltitudeMeters>
          <DistanceMeters>44796.0</DistanceMeters>
        </Trackpoint>
        <Trackpoint>
          <Time>2026-07-26T03:11:25Z</Time>
          <Position>
            <LatitudeDegrees>38.581449</LatitudeDegrees>
            <LongitudeDegrees>-109.29362</LongitudeDegrees>
          </Position>
          <AltitudeMeters>2166.5</AltitudeMeters>
          <DistanceMeters>44871.4</DistanceMeters>
        </Trackpoint>
        <Trackpoint>
          <Time>2026-07-26T03:11:35Z</Time>
          <Position>
            <LatitudeDegrees>38.58124</LatitudeDegrees>
            <LongitudeDegrees>-109.29345</LongitudeDegrees>
          </Position>
          <AltitudeMeters>2167.4</AltitudeMeters>
          <DistanceMeters>44899.0</DistanceMeters>
        </Trackpoint>
        <Trackpoint>
          <Time>2026-07-26T03:11:45Z</Time>
          <Position>
            <LatitudeDegrees>38.581069</LatitudeDegrees>
            <LongitudeDegrees>-109.29326</LongitudeDegrees>
          </Position>
          <AltitudeMeters>2168.2</AltitudeMeters>
          <DistanceMeters>44924.2</DistanceMeters>
        </Trackpoint>
        <Trackpoint>
          <Time>2026-07-26T03:11:55Z</Time>
          <Position>
            <LatitudeDegrees>38.58094</LatitudeDegrees>
            <LongitudeDegrees>-109.29303</LongitudeDegrees>
          </Position>
          <AltitudeMeters>2169.2</AltitudeMeters>
          <DistanceMeters>44948.9</DistanceMeters>
        </Trackpoint>
        <Trackpoint>
          <Time>2026-07-26T03:12:05Z</Time>
          <Position>
            <LatitudeDegrees>38.58083</LatitudeDegrees>
            <LongitudeDegrees>-109.2925</LongitudeDegrees>
          </Position>
          <AltitudeMeters>2169.9</AltitudeMeters>
          <DistanceMeters>44996.6</DistanceMeters>
        </Trackpoint>
        <Trackpoint>
          <Time>2026-07-26T03:12:15Z</Time>
          <Position>
            <LatitudeDegrees>38.58076</LatitudeDegrees>
            <LongitudeDegrees>-109.29232</LongitudeDegrees>
          </Position>
          <AltitudeMeters>2169.9</AltitudeMeters>
          <DistanceMeters>45014.1</DistanceMeters>
        </Trackpoint>
        <Trackpoint>
          <Time>2026-07-26T03:12:25Z</Time>
          <Position>
            <LatitudeDegrees>38.58065</LatitudeDegrees>
            <LongitudeDegrees>-109.29223</LongitudeDegrees>
          </Position>
          <AltitudeMeters>2170.2</AltitudeMeters>
          <DistanceMeters>45028.6</DistanceMeters>
        </Trackpoint>
        <Trackpoint>
          <Time>2026-07-26T03:12:35Z</Time>
          <Position>
            <LatitudeDegrees>38.58012</LatitudeDegrees>
            <LongitudeDegrees>-109.29227</LongitudeDegrees>
          </Position>
          <AltitudeMeters>2174.3</AltitudeMeters>
          <DistanceMeters>45087.7</DistanceMeters>
        </Trackpoint>
        <Trackpoint>
          <Time>2026-07-26T03:12:45Z</Time>
          <Position>
            <LatitudeDegrees>38.579535</LatitudeDegrees>
            <LongitudeDegrees>-109.29227</LongitudeDegrees>
          </Position>
          <AltitudeMeters>2179.4</AltitudeMeters>
          <DistanceMeters>45152.8</DistanceMeters>
        </Trackpoint>
        <Trackpoint>
          <Time>2026-07-26T03:12:55Z</Time>
          <Position>
            <LatitudeDegrees>38.57895</LatitudeDegrees>
            <LongitudeDegrees>-109.29227</LongitudeDegrees>
          </Position>
          <AltitudeMeters>2183.7</AltitudeMeters>
          <DistanceMeters>45218.0</DistanceMeters>
        </Trackpoint>
        <Trackpoint>
          <Time>2026-07-26T03:13:05Z</Time>
          <Position>
            <LatitudeDegrees>38.57833</LatitudeDegrees>
            <LongitudeDegrees>-109.292293</LongitudeDegrees>
          </Position>
          <AltitudeMeters>2186.5</AltitudeMeters>
          <DistanceMeters>45287.0</DistanceMeters>
        </Trackpoint>
        <Trackpoint>
          <Time>2026-07-26T03:13:15Z</Time>
          <Position>
            <LatitudeDegrees>38.57771</LatitudeDegrees>
            <LongitudeDegrees>-109.292317</LongitudeDegrees>
          </Position>
          <AltitudeMeters>2187.9</AltitudeMeters>
          <DistanceMeters>45356.0</DistanceMeters>
        </Trackpoint>
        <Trackpoint>
          <Time>2026-07-26T03:13:25Z</Time>
          <Position>
            <LatitudeDegrees>38.57709</LatitudeDegrees>
            <LongitudeDegrees>-109.29234</LongitudeDegrees>
          </Position>
          <AltitudeMeters>2189.0</AltitudeMeters>
          <DistanceMeters>45425.1</DistanceMeters>
        </Trackpoint>
        <Trackpoint>
          <Time>2026-07-26T03:13:35Z</Time>
          <Position>
            <LatitudeDegrees>38.5766</LatitudeDegrees>
            <LongitudeDegrees>-109.29233</LongitudeDegrees>
          </Position>
          <AltitudeMeters>2192.1</AltitudeMeters>
          <DistanceMeters>45479.6</DistanceMeters>
        </Trackpoint>
        <Trackpoint>
          <Time>2026-07-26T03:13:45Z</Time>
          <Position>
            <LatitudeDegrees>38.57631</LatitudeDegrees>
            <LongitudeDegrees>-109.29236</LongitudeDegrees>
          </Position>
          <AltitudeMeters>2195.7</AltitudeMeters>
          <DistanceMeters>45512.0</DistanceMeters>
        </Trackpoint>
        <Trackpoint>
          <Time>2026-07-26T03:13:55Z</Time>
          <Position>
            <LatitudeDegrees>38.57605</LatitudeDegrees>
            <LongitudeDegrees>-109.29242</LongitudeDegrees>
          </Position>
          <AltitudeMeters>2198.6</AltitudeMeters>
          <DistanceMeters>45541.4</DistanceMeters>
        </Trackpoint>
        <Trackpoint>
          <Time>2026-07-26T03:14:05Z</Time>
          <Position>
            <LatitudeDegrees>38.57589</LatitudeDegrees>
            <LongitudeDegrees>-109.29241</LongitudeDegrees>
          </Position>
          <AltitudeMeters>2200.7</AltitudeMeters>
          <DistanceMeters>45559.3</DistanceMeters>
        </Trackpoint>
        <Trackpoint>
          <Time>2026-07-26T03:14:15Z</Time>
          <Position>
            <LatitudeDegrees>38.57557</LatitudeDegrees>
            <LongitudeDegrees>-109.29214</LongitudeDegrees>
          </Position>
          <AltitudeMeters>2204.0</AltitudeMeters>
          <DistanceMeters>45602.0</DistanceMeters>
        </Trackpoint>
        <Trackpoint>
          <Time>2026-07-26T03:14:25Z</Time>
          <Position>
            <LatitudeDegrees>38.57536</LatitudeDegrees>
            <LongitudeDegrees>-109.29215</LongitudeDegrees>
          </Position>
          <AltitudeMeters>2205.8</AltitudeMeters>
          <DistanceMeters>45625.3</DistanceMeters>
        </Trackpoint>
        <Trackpoint>
          <Time>2026-07-26T03:14:35Z</Time>
          <Position>
            <LatitudeDegrees>38.57512</LatitudeDegrees>
            <LongitudeDegrees>-109.29223</LongitudeDegrees>
          </Position>
          <AltitudeMeters>2207.3</AltitudeMeters>
          <DistanceMeters>45653.0</DistanceMeters>
        </Trackpoint>
        <Trackpoint>
          <Time>2026-07-26T03:14:45Z</Time>
          <Position>
            <LatitudeDegrees>38.57458</LatitudeDegrees>
            <LongitudeDegrees>-109.29242</LongitudeDegrees>
          </Position>
          <AltitudeMeters>2214.6</AltitudeMeters>
          <DistanceMeters>45715.3</DistanceMeters>
        </Trackpoint>
        <Trackpoint>
          <Time>2026-07-26T03:14:55Z</Time>
          <Position>
            <LatitudeDegrees>38.57399</LatitudeDegrees>
            <LongitudeDegrees>-109.29254</LongitudeDegrees>
          </Position>
          <AltitudeMeters>2222.2</AltitudeMeters>
          <DistanceMeters>45781.8</DistanceMeters>
        </Trackpoint>
        <Trackpoint>
          <Time>2026-07-26T03:15:05Z</Time>
          <Position>
            <LatitudeDegrees>38.57347</LatitudeDegrees>
            <LongitudeDegrees>-109.29269</LongitudeDegrees>
          </Position>
          <AltitudeMeters>2227.3</AltitudeMeters>
          <DistanceMeters>45841.1</DistanceMeters>
        </Trackpoint>
        <Trackpoint>
          <Time>2026-07-26T03:15:15Z</Time>
          <Position>
            <LatitudeDegrees>38.57317</LatitudeDegrees>
            <LongitudeDegrees>-109.29295</LongitudeDegrees>
          </Position>
          <AltitudeMeters>2231.4</AltitudeMeters>
          <DistanceMeters>45881.5</DistanceMeters>
        </Trackpoint>
        <Trackpoint>
          <Time>2026-07-26T03:15:25Z</Time>
          <Position>
            <LatitudeDegrees>38.57277</LatitudeDegrees>
            <LongitudeDegrees>-109.29353</LongitudeDegrees>
          </Position>
          <AltitudeMeters>2236.9</AltitudeMeters>
          <DistanceMeters>45948.8</DistanceMeters>
        </Trackpoint>
        <Trackpoint>
          <Time>2026-07-26T03:15:35Z</Time>
          <Position>
            <LatitudeDegrees>38.57268</LatitudeDegrees>
            <LongitudeDegrees>-109.29362</LongitudeDegrees>
          </Position>
          <AltitudeMeters>2238.6</AltitudeMeters>
          <DistanceMeters>45961.5</DistanceMeters>
        </Trackpoint>
        <Trackpoint>
          <Time>2026-07-26T03:15:45Z</Time>
          <Position>
            <LatitudeDegrees>38.57218</LatitudeDegrees>
            <LongitudeDegrees>-109.29384</LongitudeDegrees>
          </Position>
          <AltitudeMeters>2243.9</AltitudeMeters>
          <DistanceMeters>46020.4</DistanceMeters>
        </Trackpoint>
        <Trackpoint>
          <Time>2026-07-26T03:15:55Z</Time>
          <Position>
            <LatitudeDegrees>38.57204</LatitudeDegrees>
            <LongitudeDegrees>-109.29385</LongitudeDegrees>
          </Position>
          <AltitudeMeters>2246.9</AltitudeMeters>
          <DistanceMeters>46036.0</DistanceMeters>
        </Trackpoint>
        <Trackpoint>
          <Time>2026-07-26T03:16:05Z</Time>
          <Position>
            <LatitudeDegrees>38.5719</LatitudeDegrees>
            <LongitudeDegrees>-109.29371</LongitudeDegrees>
          </Position>
          <AltitudeMeters>2249.1</AltitudeMeters>
          <DistanceMeters>46055.8</DistanceMeters>
        </Trackpoint>
        <Trackpoint>
          <Time>2026-07-26T03:16:15Z</Time>
          <Position>
            <LatitudeDegrees>38.57188</LatitudeDegrees>
            <LongitudeDegrees>-109.29357</LongitudeDegrees>
          </Position>
          <AltitudeMeters>2250.1</AltitudeMeters>
          <DistanceMeters>46068.1</DistanceMeters>
        </Trackpoint>
        <Trackpoint>
          <Time>2026-07-26T03:16:25Z</Time>
          <Position>
            <LatitudeDegrees>38.57192</LatitudeDegrees>
            <LongitudeDegrees>-109.29344</LongitudeDegrees>
          </Position>
          <AltitudeMeters>2251.0</AltitudeMeters>
          <DistanceMeters>46080.3</DistanceMeters>
        </Trackpoint>
        <Trackpoint>
          <Time>2026-07-26T03:16:35Z</Time>
          <Position>
            <LatitudeDegrees>38.57204</LatitudeDegrees>
            <LongitudeDegrees>-109.29335</LongitudeDegrees>
          </Position>
          <AltitudeMeters>2252.4</AltitudeMeters>
          <DistanceMeters>46095.8</DistanceMeters>
        </Trackpoint>
        <Trackpoint>
          <Time>2026-07-26T03:16:45Z</Time>
          <Position>
            <LatitudeDegrees>38.572159</LatitudeDegrees>
            <LongitudeDegrees>-109.2933</LongitudeDegrees>
          </Position>
          <AltitudeMeters>2252.4</AltitudeMeters>
          <DistanceMeters>46109.8</DistanceMeters>
        </Trackpoint>
        <Trackpoint>
          <Time>2026-07-26T03:16:55Z</Time>
          <Position>
            <LatitudeDegrees>38.57232</LatitudeDegrees>
            <LongitudeDegrees>-109.29321</LongitudeDegrees>
          </Position>
          <AltitudeMeters>2254.3</AltitudeMeters>
          <DistanceMeters>46129.3</DistanceMeters>
        </Trackpoint>
        <Trackpoint>
          <Time>2026-07-26T03:17:05Z</Time>
          <Position>
            <LatitudeDegrees>38.57247</LatitudeDegrees>
            <LongitudeDegrees>-109.293</LongitudeDegrees>
          </Position>
          <AltitudeMeters>2255.6</AltitudeMeters>
          <DistanceMeters>46154.1</DistanceMeters>
        </Trackpoint>
        <Trackpoint>
          <Time>2026-07-26T03:17:15Z</Time>
          <Position>
            <LatitudeDegrees>38.57257</LatitudeDegrees>
            <LongitudeDegrees>-109.29256</LongitudeDegrees>
          </Position>
          <AltitudeMeters>2259.5</AltitudeMeters>
          <DistanceMeters>46193.9</DistanceMeters>
        </Trackpoint>
        <Trackpoint>
          <Time>2026-07-26T03:17:25Z</Time>
          <Position>
            <LatitudeDegrees>38.57252</LatitudeDegrees>
            <LongitudeDegrees>-109.29246</LongitudeDegrees>
          </Position>
          <AltitudeMeters>2260.0</AltitudeMeters>
          <DistanceMeters>46204.3</DistanceMeters>
        </Trackpoint>
        <Trackpoint>
          <Time>2026-07-26T03:17:35Z</Time>
          <Position>
            <LatitudeDegrees>38.57245</LatitudeDegrees>
            <LongitudeDegrees>-109.29245</LongitudeDegrees>
          </Position>
          <AltitudeMeters>2260.0</AltitudeMeters>
          <DistanceMeters>46212.1</DistanceMeters>
        </Trackpoint>
        <Trackpoint>
          <Time>2026-07-26T03:17:45Z</Time>
          <Position>
            <LatitudeDegrees>38.57239</LatitudeDegrees>
            <LongitudeDegrees>-109.2925</LongitudeDegrees>
          </Position>
          <AltitudeMeters>2262.1</AltitudeMeters>
          <DistanceMeters>46220.1</DistanceMeters>
        </Trackpoint>
        <Trackpoint>
          <Time>2026-07-26T03:17:55Z</Time>
          <Position>
            <LatitudeDegrees>38.572249</LatitudeDegrees>
            <LongitudeDegrees>-109.29287</LongitudeDegrees>
          </Position>
          <AltitudeMeters>2265.2</AltitudeMeters>
          <DistanceMeters>46255.9</DistanceMeters>
        </Trackpoint>
        <Trackpoint>
          <Time>2026-07-26T03:18:05Z</Time>
          <Position>
            <LatitudeDegrees>38.57218</LatitudeDegrees>
            <LongitudeDegrees>-109.29299</LongitudeDegrees>
          </Position>
          <AltitudeMeters>2265.2</AltitudeMeters>
          <DistanceMeters>46268.9</DistanceMeters>
        </Trackpoint>
        <Trackpoint>
          <Time>2026-07-26T03:18:15Z</Time>
          <Position>
            <LatitudeDegrees>38.57184</LatitudeDegrees>
            <LongitudeDegrees>-109.293</LongitudeDegrees>
          </Position>
          <AltitudeMeters>2268.7</AltitudeMeters>
          <DistanceMeters>46306.7</DistanceMeters>
        </Trackpoint>
        <Trackpoint>
          <Time>2026-07-26T03:18:25Z</Time>
          <Position>
            <LatitudeDegrees>38.57152</LatitudeDegrees>
            <LongitudeDegrees>-109.2933</LongitudeDegrees>
          </Position>
          <AltitudeMeters>2275.5</AltitudeMeters>
          <DistanceMeters>46350.9</DistanceMeters>
        </Trackpoint>
        <Trackpoint>
          <Time>2026-07-26T03:18:35Z</Time>
          <Position>
            <LatitudeDegrees>38.57127</LatitudeDegrees>
            <LongitudeDegrees>-109.29335</LongitudeDegrees>
          </Position>
          <AltitudeMeters>2275.5</AltitudeMeters>
          <DistanceMeters>46379.1</DistanceMeters>
        </Trackpoint>
        <Trackpoint>
          <Time>2026-07-26T03:18:45Z</Time>
          <Position>
            <LatitudeDegrees>38.57069</LatitudeDegrees>
            <LongitudeDegrees>-109.29317</LongitudeDegrees>
          </Position>
          <AltitudeMeters>2282.7</AltitudeMeters>
          <DistanceMeters>46445.5</DistanceMeters>
        </Trackpoint>
        <Trackpoint>
          <Time>2026-07-26T03:18:55Z</Time>
          <Position>
            <LatitudeDegrees>38.57061</LatitudeDegrees>
            <LongitudeDegrees>-109.29318</LongitudeDegrees>
          </Position>
          <AltitudeMeters>2282.7</AltitudeMeters>
          <DistanceMeters>46454.5</DistanceMeters>
        </Trackpoint>
        <Trackpoint>
          <Time>2026-07-26T03:19:05Z</Time>
          <Position>
            <LatitudeDegrees>38.57051</LatitudeDegrees>
            <LongitudeDegrees>-109.29326</LongitudeDegrees>
          </Position>
          <AltitudeMeters>2283.9</AltitudeMeters>
          <DistanceMeters>46467.6</DistanceMeters>
        </Trackpoint>
        <Trackpoint>
          <Time>2026-07-26T03:19:15Z</Time>
          <Position>
            <LatitudeDegrees>38.57029</LatitudeDegrees>
            <LongitudeDegrees>-109.29353</LongitudeDegrees>
          </Position>
          <AltitudeMeters>2288.8</AltitudeMeters>
          <DistanceMeters>46501.5</DistanceMeters>
        </Trackpoint>
        <Trackpoint>
          <Time>2026-07-26T03:19:25Z</Time>
          <Position>
            <LatitudeDegrees>38.57018</LatitudeDegrees>
            <LongitudeDegrees>-109.29363</LongitudeDegrees>
          </Position>
          <AltitudeMeters>2288.8</AltitudeMeters>
          <DistanceMeters>46516.6</DistanceMeters>
        </Trackpoint>
        <Trackpoint>
          <Time>2026-07-26T03:19:35Z</Time>
          <Position>
            <LatitudeDegrees>38.570099</LatitudeDegrees>
            <LongitudeDegrees>-109.29366</LongitudeDegrees>
          </Position>
          <AltitudeMeters>2288.8</AltitudeMeters>
          <DistanceMeters>46525.8</DistanceMeters>
        </Trackpoint>
        <Trackpoint>
          <Time>2026-07-26T03:19:45Z</Time>
          <Position>
            <LatitudeDegrees>38.57002</LatitudeDegrees>
            <LongitudeDegrees>-109.29362</LongitudeDegrees>
          </Position>
          <AltitudeMeters>2290.1</AltitudeMeters>
          <DistanceMeters>46535.4</DistanceMeters>
        </Trackpoint>
        <Trackpoint>
          <Time>2026-07-26T03:19:55Z</Time>
          <Position>
            <LatitudeDegrees>38.56993</LatitudeDegrees>
            <LongitudeDegrees>-109.29353</LongitudeDegrees>
          </Position>
          <AltitudeMeters>2290.8</AltitudeMeters>
          <DistanceMeters>46548.1</DistanceMeters>
        </Trackpoint>
        <Trackpoint>
          <Time>2026-07-26T03:20:05Z</Time>
          <Position>
            <LatitudeDegrees>38.56991</LatitudeDegrees>
            <LongitudeDegrees>-109.29336</LongitudeDegrees>
          </Position>
          <AltitudeMeters>2291.9</AltitudeMeters>
          <DistanceMeters>46563.1</DistanceMeters>
        </Trackpoint>
        <Trackpoint>
          <Time>2026-07-26T03:20:15Z</Time>
          <Position>
            <LatitudeDegrees>38.56994</LatitudeDegrees>
            <LongitudeDegrees>-109.29321</LongitudeDegrees>
          </Position>
          <AltitudeMeters>2293.4</AltitudeMeters>
          <DistanceMeters>46576.6</DistanceMeters>
        </Trackpoint>
        <Trackpoint>
          <Time>2026-07-26T03:20:25Z</Time>
          <Position>
            <LatitudeDegrees>38.57004</LatitudeDegrees>
            <LongitudeDegrees>-109.29308</LongitudeDegrees>
          </Position>
          <AltitudeMeters>2293.4</AltitudeMeters>
          <DistanceMeters>46592.4</DistanceMeters>
        </Trackpoint>
        <Trackpoint>
          <Time>2026-07-26T03:20:35Z</Time>
          <Position>
            <LatitudeDegrees>38.57027</LatitudeDegrees>
            <LongitudeDegrees>-109.29283</LongitudeDegrees>
          </Position>
          <AltitudeMeters>2296.2</AltitudeMeters>
          <DistanceMeters>46626.0</DistanceMeters>
        </Trackpoint>
        <Trackpoint>
          <Time>2026-07-26T03:20:45Z</Time>
          <Position>
            <LatitudeDegrees>38.57031</LatitudeDegrees>
            <LongitudeDegrees>-109.29269</LongitudeDegrees>
          </Position>
          <AltitudeMeters>2297.3</AltitudeMeters>
          <DistanceMeters>46639.0</DistanceMeters>
        </Trackpoint>
        <Trackpoint>
          <Time>2026-07-26T03:20:55Z</Time>
          <Position>
            <LatitudeDegrees>38.5703</LatitudeDegrees>
            <LongitudeDegrees>-109.29259</LongitudeDegrees>
          </Position>
          <AltitudeMeters>2300.3</AltitudeMeters>
          <DistanceMeters>46647.8</DistanceMeters>
        </Trackpoint>
        <Trackpoint>
          <Time>2026-07-26T03:21:05Z</Time>
          <Position>
            <LatitudeDegrees>38.57025</LatitudeDegrees>
            <LongitudeDegrees>-109.29251</LongitudeDegrees>
          </Position>
          <AltitudeMeters>2300.3</AltitudeMeters>
          <DistanceMeters>46656.7</DistanceMeters>
        </Trackpoint>
        <Trackpoint>
          <Time>2026-07-26T03:21:15Z</Time>
          <Position>
            <LatitudeDegrees>38.57016</LatitudeDegrees>
            <LongitudeDegrees>-109.29246</LongitudeDegrees>
          </Position>
          <AltitudeMeters>2301.4</AltitudeMeters>
          <DistanceMeters>46667.6</DistanceMeters>
        </Trackpoint>
        <Trackpoint>
          <Time>2026-07-26T03:21:25Z</Time>
          <Position>
            <LatitudeDegrees>38.57003</LatitudeDegrees>
            <LongitudeDegrees>-109.2925</LongitudeDegrees>
          </Position>
          <AltitudeMeters>2302.8</AltitudeMeters>
          <DistanceMeters>46682.5</DistanceMeters>
        </Trackpoint>
        <Trackpoint>
          <Time>2026-07-26T03:21:35Z</Time>
          <Position>
            <LatitudeDegrees>38.56985</LatitudeDegrees>
            <LongitudeDegrees>-109.2926</LongitudeDegrees>
          </Position>
          <AltitudeMeters>2303.9</AltitudeMeters>
          <DistanceMeters>46704.3</DistanceMeters>
        </Trackpoint>
        <Trackpoint>
          <Time>2026-07-26T03:21:45Z</Time>
          <Position>
            <LatitudeDegrees>38.5697</LatitudeDegrees>
            <LongitudeDegrees>-109.29272</LongitudeDegrees>
          </Position>
          <AltitudeMeters>2305.6</AltitudeMeters>
          <DistanceMeters>46724.0</DistanceMeters>
        </Trackpoint>
        <Trackpoint>
          <Time>2026-07-26T03:21:55Z</Time>
          <Position>
            <LatitudeDegrees>38.56949</LatitudeDegrees>
            <LongitudeDegrees>-109.29294</LongitudeDegrees>
          </Position>
          <AltitudeMeters>2306.9</AltitudeMeters>
          <DistanceMeters>46754.3</DistanceMeters>
        </Trackpoint>
        <Trackpoint>
          <Time>2026-07-26T03:22:05Z</Time>
          <Position>
            <LatitudeDegrees>38.5694</LatitudeDegrees>
            <LongitudeDegrees>-109.29313</LongitudeDegrees>
          </Position>
          <AltitudeMeters>2307.8</AltitudeMeters>
          <DistanceMeters>46773.6</DistanceMeters>
        </Trackpoint>
        <Trackpoint>
          <Time>2026-07-26T03:22:15Z</Time>
          <Position>
            <LatitudeDegrees>38.56937</LatitudeDegrees>
            <LongitudeDegrees>-109.29331</LongitudeDegrees>
          </Position>
          <AltitudeMeters>2308.2</AltitudeMeters>
          <DistanceMeters>46789.6</DistanceMeters>
        </Trackpoint>
        <Trackpoint>
          <Time>2026-07-26T03:22:25Z</Time>
          <Position>
            <LatitudeDegrees>38.56937</LatitudeDegrees>
            <LongitudeDegrees>-109.29348</LongitudeDegrees>
          </Position>
          <AltitudeMeters>2308.9</AltitudeMeters>
          <DistanceMeters>46804.4</DistanceMeters>
        </Trackpoint>
        <Trackpoint>
          <Time>2026-07-26T03:22:35Z</Time>
          <Position>
            <LatitudeDegrees>38.569429</LatitudeDegrees>
            <LongitudeDegrees>-109.29366</LongitudeDegrees>
          </Position>
          <AltitudeMeters>2309.4</AltitudeMeters>
          <DistanceMeters>46821.4</DistanceMeters>
        </Trackpoint>
        <Trackpoint>
          <Time>2026-07-26T03:22:45Z</Time>
          <Position>
            <LatitudeDegrees>38.569795</LatitudeDegrees>
            <LongitudeDegrees>-109.294135</LongitudeDegrees>
          </Position>
          <AltitudeMeters>2312.8</AltitudeMeters>
          <DistanceMeters>46879.4</DistanceMeters>
        </Trackpoint>
        <Trackpoint>
          <Time>2026-07-26T03:22:55Z</Time>
          <Position>
            <LatitudeDegrees>38.57016</LatitudeDegrees>
            <LongitudeDegrees>-109.29461</LongitudeDegrees>
          </Position>
          <AltitudeMeters>2316.3</AltitudeMeters>
          <DistanceMeters>46937.4</DistanceMeters>
        </Trackpoint>
        <Trackpoint>
          <Time>2026-07-26T03:23:05Z</Time>
          <Position>
            <LatitudeDegrees>38.57022</LatitudeDegrees>
            <LongitudeDegrees>-109.29474</LongitudeDegrees>
          </Position>
          <AltitudeMeters>2316.4</AltitudeMeters>
          <DistanceMeters>46950.5</DistanceMeters>
        </Trackpoint>
        <Trackpoint>
          <Time>2026-07-26T03:23:15Z</Time>
          <Position>
            <LatitudeDegrees>38.57021</LatitudeDegrees>
            <LongitudeDegrees>-109.29487</LongitudeDegrees>
          </Position>
          <AltitudeMeters>2316.2</AltitudeMeters>
          <DistanceMeters>46961.9</DistanceMeters>
        </Trackpoint>
        <Trackpoint>
          <Time>2026-07-26T03:23:25Z</Time>
          <Position>
            <LatitudeDegrees>38.57014</LatitudeDegrees>
            <LongitudeDegrees>-109.29493</LongitudeDegrees>
          </Position>
          <AltitudeMeters>2316.0</AltitudeMeters>
          <DistanceMeters>46971.3</DistanceMeters>
        </Trackpoint>
        <Trackpoint>
          <Time>2026-07-26T03:23:35Z</Time>
          <Position>
            <LatitudeDegrees>38.57005</LatitudeDegrees>
            <LongitudeDegrees>-109.29497</LongitudeDegrees>
          </Position>
          <AltitudeMeters>2315.1</AltitudeMeters>
          <DistanceMeters>46981.9</DistanceMeters>
        </Trackpoint>
        <Trackpoint>
          <Time>2026-07-26T03:23:45Z</Time>
          <Position>
            <LatitudeDegrees>38.569899</LatitudeDegrees>
            <LongitudeDegrees>-109.29501</LongitudeDegrees>
          </Position>
          <AltitudeMeters>2314.5</AltitudeMeters>
          <DistanceMeters>46998.9</DistanceMeters>
        </Trackpoint>
        <Trackpoint>
          <Time>2026-07-26T03:23:55Z</Time>
          <Position>
            <LatitudeDegrees>38.56928</LatitudeDegrees>
            <LongitudeDegrees>-109.29502</LongitudeDegrees>
          </Position>
          <AltitudeMeters>2312.8</AltitudeMeters>
          <DistanceMeters>47067.9</DistanceMeters>
        </Trackpoint>
        <Trackpoint>
          <Time>2026-07-26T03:24:05Z</Time>
          <Position>
            <LatitudeDegrees>38.56868</LatitudeDegrees>
            <LongitudeDegrees>-109.29492</LongitudeDegrees>
          </Position>
          <AltitudeMeters>2311.4</AltitudeMeters>
          <DistanceMeters>47135.3</DistanceMeters>
        </Trackpoint>
        <Trackpoint>
          <Time>2026-07-26T03:24:15Z</Time>
          <Position>
            <LatitudeDegrees>38.56829</LatitudeDegrees>
            <LongitudeDegrees>-109.29492</LongitudeDegrees>
          </Position>
          <AltitudeMeters>2310.2</AltitudeMeters>
          <DistanceMeters>47178.7</DistanceMeters>
        </Trackpoint>
        <Trackpoint>
          <Time>2026-07-26T03:24:25Z</Time>
          <Position>
            <LatitudeDegrees>38.5679</LatitudeDegrees>
            <LongitudeDegrees>-109.29469</LongitudeDegrees>
          </Position>
          <AltitudeMeters>2309.1</AltitudeMeters>
          <DistanceMeters>47226.5</DistanceMeters>
        </Trackpoint>
        <Trackpoint>
          <Time>2026-07-26T03:24:35Z</Time>
          <Position>
            <LatitudeDegrees>38.56751</LatitudeDegrees>
            <LongitudeDegrees>-109.29456</LongitudeDegrees>
          </Position>
          <AltitudeMeters>2308.4</AltitudeMeters>
          <DistanceMeters>47271.4</DistanceMeters>
        </Trackpoint>
        <Trackpoint>
          <Time>2026-07-26T03:24:45Z</Time>
          <Position>
            <LatitudeDegrees>38.56734</LatitudeDegrees>
            <LongitudeDegrees>-109.29448</LongitudeDegrees>
          </Position>
          <AltitudeMeters>2308.1</AltitudeMeters>
          <DistanceMeters>47291.5</DistanceMeters>
        </Trackpoint>
        <Trackpoint>
          <Time>2026-07-26T03:24:55Z</Time>
          <Position>
            <LatitudeDegrees>38.56673</LatitudeDegrees>
            <LongitudeDegrees>-109.29411</LongitudeDegrees>
          </Position>
          <AltitudeMeters>2308.0</AltitudeMeters>
          <DistanceMeters>47366.7</DistanceMeters>
        </Trackpoint>
        <Trackpoint>
          <Time>2026-07-26T03:25:05Z</Time>
          <Position>
            <LatitudeDegrees>38.56629</LatitudeDegrees>
            <LongitudeDegrees>-109.2939</LongitudeDegrees>
          </Position>
          <AltitudeMeters>2309.0</AltitudeMeters>
          <DistanceMeters>47419.0</DistanceMeters>
        </Trackpoint>
        <Trackpoint>
          <Time>2026-07-26T03:25:15Z</Time>
          <Position>
            <LatitudeDegrees>38.56567</LatitudeDegrees>
            <LongitudeDegrees>-109.29339</LongitudeDegrees>
          </Position>
          <AltitudeMeters>2312.4</AltitudeMeters>
          <DistanceMeters>47501.0</DistanceMeters>
        </Trackpoint>
        <Trackpoint>
          <Time>2026-07-26T03:25:25Z</Time>
          <Position>
            <LatitudeDegrees>38.565205</LatitudeDegrees>
            <LongitudeDegrees>-109.293235</LongitudeDegrees>
          </Position>
          <AltitudeMeters>2313.7</AltitudeMeters>
          <DistanceMeters>47554.5</DistanceMeters>
        </Trackpoint>
        <Trackpoint>
          <Time>2026-07-26T03:25:35Z</Time>
          <Position>
            <LatitudeDegrees>38.56474</LatitudeDegrees>
            <LongitudeDegrees>-109.29308</LongitudeDegrees>
          </Position>
          <AltitudeMeters>2316.1</AltitudeMeters>
          <DistanceMeters>47608.0</DistanceMeters>
        </Trackpoint>
        <Trackpoint>
          <Time>2026-07-26T03:25:45Z</Time>
          <Position>
            <LatitudeDegrees>38.56452</LatitudeDegrees>
            <LongitudeDegrees>-109.29308</LongitudeDegrees>
          </Position>
          <AltitudeMeters>2316.1</AltitudeMeters>
          <DistanceMeters>47632.5</DistanceMeters>
        </Trackpoint>
        <Trackpoint>
          <Time>2026-07-26T03:25:55Z</Time>
          <Position>
            <LatitudeDegrees>38.56431</LatitudeDegrees>
            <LongitudeDegrees>-109.29313</LongitudeDegrees>
          </Position>
          <AltitudeMeters>2317.4</AltitudeMeters>
          <DistanceMeters>47656.3</DistanceMeters>
        </Trackpoint>
        <Trackpoint>
          <Time>2026-07-26T03:26:05Z</Time>
          <Position>
            <LatitudeDegrees>38.56354</LatitudeDegrees>
            <LongitudeDegrees>-109.29308</LongitudeDegrees>
          </Position>
          <AltitudeMeters>2320.0</AltitudeMeters>
          <DistanceMeters>47742.1</DistanceMeters>
        </Trackpoint>
        <Trackpoint>
          <Time>2026-07-26T03:26:15Z</Time>
          <Position>
            <LatitudeDegrees>38.56331</LatitudeDegrees>
            <LongitudeDegrees>-109.29308</LongitudeDegrees>
          </Position>
          <AltitudeMeters>2320.5</AltitudeMeters>
          <DistanceMeters>47767.7</DistanceMeters>
        </Trackpoint>
        <Trackpoint>
          <Time>2026-07-26T03:26:25Z</Time>
          <Position>
            <LatitudeDegrees>38.56304</LatitudeDegrees>
            <LongitudeDegrees>-109.29303</LongitudeDegrees>
          </Position>
          <AltitudeMeters>2321.0</AltitudeMeters>
          <DistanceMeters>47798.1</DistanceMeters>
        </Trackpoint>
        <Trackpoint>
          <Time>2026-07-26T03:26:35Z</Time>
          <Position>
            <LatitudeDegrees>38.56263</LatitudeDegrees>
            <LongitudeDegrees>-109.29277</LongitudeDegrees>
          </Position>
          <AltitudeMeters>2321.3</AltitudeMeters>
          <DistanceMeters>47849.0</DistanceMeters>
        </Trackpoint>
        <Trackpoint>
          <Time>2026-07-26T03:26:45Z</Time>
          <Position>
            <LatitudeDegrees>38.56234</LatitudeDegrees>
            <LongitudeDegrees>-109.29255</LongitudeDegrees>
          </Position>
          <AltitudeMeters>2321.9</AltitudeMeters>
          <DistanceMeters>47886.6</DistanceMeters>
        </Trackpoint>
        <Trackpoint>
          <Time>2026-07-26T03:26:55Z</Time>
          <Position>
            <LatitudeDegrees>38.56198</LatitudeDegrees>
            <LongitudeDegrees>-109.29238</LongitudeDegrees>
          </Position>
          <AltitudeMeters>2322.4</AltitudeMeters>
          <DistanceMeters>47929.3</DistanceMeters>
        </Trackpoint>
        <Trackpoint>
          <Time>2026-07-26T03:27:05Z</Time>
          <Position>
            <LatitudeDegrees>38.5618</LatitudeDegrees>
            <LongitudeDegrees>-109.29236</LongitudeDegrees>
          </Position>
          <AltitudeMeters>2323.0</AltitudeMeters>
          <DistanceMeters>47949.4</DistanceMeters>
        </Trackpoint>
        <Trackpoint>
          <Time>2026-07-26T03:27:15Z</Time>
          <Position>
            <LatitudeDegrees>38.56139</LatitudeDegrees>
            <LongitudeDegrees>-109.29214</LongitudeDegrees>
          </Position>
          <AltitudeMeters>2324.6</AltitudeMeters>
          <DistanceMeters>47998.9</DistanceMeters>
        </Trackpoint>
        <Trackpoint>
          <Time>2026-07-26T03:27:25Z</Time>
          <Position>
            <LatitudeDegrees>38.5612</LatitudeDegrees>
            <LongitudeDegrees>-109.29188</LongitudeDegrees>
          </Position>
          <AltitudeMeters>2324.8</AltitudeMeters>
          <DistanceMeters>48029.9</DistanceMeters>
        </Trackpoint>
        <Trackpoint>
          <Time>2026-07-26T03:27:35Z</Time>
          <Position>
            <LatitudeDegrees>38.56088</LatitudeDegrees>
            <LongitudeDegrees>-109.291295</LongitudeDegrees>
          </Position>
          <AltitudeMeters>2325.3</AltitudeMeters>
          <DistanceMeters>48092.0</DistanceMeters>
        </Trackpoint>
        <Trackpoint>
          <Time>2026-07-26T03:27:45Z</Time>
          <Position>
            <LatitudeDegrees>38.56056</LatitudeDegrees>
            <LongitudeDegrees>-109.29071</LongitudeDegrees>
          </Position>
          <AltitudeMeters>2325.3</AltitudeMeters>
          <DistanceMeters>48154.2</DistanceMeters>
        </Trackpoint>
        <Trackpoint>
          <Time>2026-07-26T03:27:55Z</Time>
          <Position>
            <LatitudeDegrees>38.56041</LatitudeDegrees>
            <LongitudeDegrees>-109.29053</LongitudeDegrees>
          </Position>
          <AltitudeMeters>2325.4</AltitudeMeters>
          <DistanceMeters>48177.1</DistanceMeters>
        </Trackpoint>
        <Trackpoint>
          <Time>2026-07-26T03:28:05Z</Time>
          <Position>
            <LatitudeDegrees>38.55997</LatitudeDegrees>
            <LongitudeDegrees>-109.29036</LongitudeDegrees>
          </Position>
          <AltitudeMeters>2326.5</AltitudeMeters>
          <DistanceMeters>48228.2</DistanceMeters>
        </Trackpoint>
        <Trackpoint>
          <Time>2026-07-26T03:28:15Z</Time>
          <Position>
            <LatitudeDegrees>38.55928</LatitudeDegrees>
            <LongitudeDegrees>-109.290045</LongitudeDegrees>
          </Position>
          <AltitudeMeters>2326.6</AltitudeMeters>
          <DistanceMeters>48309.8</DistanceMeters>
        </Trackpoint>
        <Trackpoint>
          <Time>2026-07-26T03:28:25Z</Time>
          <Position>
            <LatitudeDegrees>38.55859</LatitudeDegrees>
            <LongitudeDegrees>-109.28973</LongitudeDegrees>
          </Position>
          <AltitudeMeters>2327.2</AltitudeMeters>
          <DistanceMeters>48391.3</DistanceMeters>
        </Trackpoint>
        <Trackpoint>
          <Time>2026-07-26T03:28:35Z</Time>
          <Position>
            <LatitudeDegrees>38.557792</LatitudeDegrees>
            <LongitudeDegrees>-109.28935</LongitudeDegrees>
          </Position>
          <AltitudeMeters>2328.0</AltitudeMeters>
          <DistanceMeters>48486.0</DistanceMeters>
        </Trackpoint>
        <Trackpoint>
          <Time>2026-07-26T03:28:45Z</Time>
          <Position>
            <LatitudeDegrees>38.556997</LatitudeDegrees>
            <LongitudeDegrees>-109.28897</LongitudeDegrees>
          </Position>
          <AltitudeMeters>2334.6</AltitudeMeters>
          <DistanceMeters>48580.6</DistanceMeters>
        </Trackpoint>
        <Trackpoint>
          <Time>2026-07-26T03:28:55Z</Time>
          <Position>
            <LatitudeDegrees>38.556199</LatitudeDegrees>
            <LongitudeDegrees>-109.28859</LongitudeDegrees>
          </Position>
          <AltitudeMeters>2343.2</AltitudeMeters>
          <DistanceMeters>48675.3</DistanceMeters>
        </Trackpoint>
        <Trackpoint>
          <Time>2026-07-26T03:29:05Z</Time>
          <Position>
            <LatitudeDegrees>38.555513</LatitudeDegrees>
            <LongitudeDegrees>-109.28831</LongitudeDegrees>
          </Position>
          <AltitudeMeters>2346.3</AltitudeMeters>
          <DistanceMeters>48755.6</DistanceMeters>
        </Trackpoint>
        <Trackpoint>
          <Time>2026-07-26T03:29:15Z</Time>
          <Position>
            <LatitudeDegrees>38.554827</LatitudeDegrees>
            <LongitudeDegrees>-109.28803</LongitudeDegrees>
          </Position>
          <AltitudeMeters>2349.5</AltitudeMeters>
          <DistanceMeters>48835.7</DistanceMeters>
        </Trackpoint>
        <Trackpoint>
          <Time>2026-07-26T03:29:25Z</Time>
          <Position>
            <LatitudeDegrees>38.554139</LatitudeDegrees>
            <LongitudeDegrees>-109.28775</LongitudeDegrees>
          </Position>
          <AltitudeMeters>2352.9</AltitudeMeters>
          <DistanceMeters>48916.0</DistanceMeters>
        </Trackpoint>
        <Trackpoint>
          <Time>2026-07-26T03:29:35Z</Time>
          <Position>
            <LatitudeDegrees>38.55393</LatitudeDegrees>
            <LongitudeDegrees>-109.28768</LongitudeDegrees>
          </Position>
          <AltitudeMeters>2353.7</AltitudeMeters>
          <DistanceMeters>48940.2</DistanceMeters>
        </Trackpoint>
        <Trackpoint>
          <Time>2026-07-26T03:29:45Z</Time>
          <Position>
            <LatitudeDegrees>38.553759</LatitudeDegrees>
            <LongitudeDegrees>-109.28768</LongitudeDegrees>
          </Position>
          <AltitudeMeters>2354.3</AltitudeMeters>
          <DistanceMeters>48959.1</DistanceMeters>
        </Trackpoint>
        <Trackpoint>
          <Time>2026-07-26T03:29:55Z</Time>
          <Position>
            <LatitudeDegrees>38.55359</LatitudeDegrees>
            <LongitudeDegrees>-109.28775</LongitudeDegrees>
          </Position>
          <AltitudeMeters>2354.4</AltitudeMeters>
          <DistanceMeters>48979.0</DistanceMeters>
        </Trackpoint>
        <Trackpoint>
          <Time>2026-07-26T03:30:05Z</Time>
          <Position>
            <LatitudeDegrees>38.55337</LatitudeDegrees>
            <LongitudeDegrees>-109.28789</LongitudeDegrees>
          </Position>
          <AltitudeMeters>2354.4</AltitudeMeters>
          <DistanceMeters>49006.3</DistanceMeters>
        </Trackpoint>
        <Trackpoint>
          <Time>2026-07-26T03:30:15Z</Time>
          <Position>
            <LatitudeDegrees>38.55279</LatitudeDegrees>
            <LongitudeDegrees>-109.288365</LongitudeDegrees>
          </Position>
          <AltitudeMeters>2354.9</AltitudeMeters>
          <DistanceMeters>49083.0</DistanceMeters>
        </Trackpoint>
        <Trackpoint>
          <Time>2026-07-26T03:30:25Z</Time>
          <Position>
            <LatitudeDegrees>38.55221</LatitudeDegrees>
            <LongitudeDegrees>-109.28884</LongitudeDegrees>
          </Position>
          <AltitudeMeters>2360.6</AltitudeMeters>
          <DistanceMeters>49159.7</DistanceMeters>
        </Trackpoint>
        <Trackpoint>
          <Time>2026-07-26T03:30:35Z</Time>
          <Position>
            <LatitudeDegrees>38.55168</LatitudeDegrees>
            <LongitudeDegrees>-109.289313</LongitudeDegrees>
          </Position>
          <AltitudeMeters>2368.4</AltitudeMeters>
          <DistanceMeters>49231.6</DistanceMeters>
        </Trackpoint>
        <Trackpoint>
          <Time>2026-07-26T03:30:45Z</Time>
          <Position>
            <LatitudeDegrees>38.55115</LatitudeDegrees>
            <LongitudeDegrees>-109.289787</LongitudeDegrees>
          </Position>
          <AltitudeMeters>2372.8</AltitudeMeters>
          <DistanceMeters>49303.6</DistanceMeters>
        </Trackpoint>
        <Trackpoint>
          <Time>2026-07-26T03:30:55Z</Time>
          <Position>
            <LatitudeDegrees>38.55062</LatitudeDegrees>
            <LongitudeDegrees>-109.29026</LongitudeDegrees>
          </Position>
          <AltitudeMeters>2379.1</AltitudeMeters>
          <DistanceMeters>49375.6</DistanceMeters>
        </Trackpoint>
        <Trackpoint>
          <Time>2026-07-26T03:31:05Z</Time>
          <Position>
            <LatitudeDegrees>38.55039</LatitudeDegrees>
            <LongitudeDegrees>-109.29044</LongitudeDegrees>
          </Position>
          <AltitudeMeters>2379.1</AltitudeMeters>
          <DistanceMeters>49405.6</DistanceMeters>
        </Trackpoint>
        <Trackpoint>
          <Time>2026-07-26T03:31:15Z</Time>
          <Position>
            <LatitudeDegrees>38.54995</LatitudeDegrees>
            <LongitudeDegrees>-109.29066</LongitudeDegrees>
          </Position>
          <AltitudeMeters>2384.7</AltitudeMeters>
          <DistanceMeters>49458.2</DistanceMeters>
        </Trackpoint>
        <Trackpoint>
          <Time>2026-07-26T03:31:25Z</Time>
          <Position>
            <LatitudeDegrees>38.54927</LatitudeDegrees>
            <LongitudeDegrees>-109.29076</LongitudeDegrees>
          </Position>
          <AltitudeMeters>2388.8</AltitudeMeters>
          <DistanceMeters>49534.4</DistanceMeters>
        </Trackpoint>
        <Trackpoint>
          <Time>2026-07-26T03:31:35Z</Time>
          <Position>
            <LatitudeDegrees>38.548467</LatitudeDegrees>
            <LongitudeDegrees>-109.290867</LongitudeDegrees>
          </Position>
          <AltitudeMeters>2392.6</AltitudeMeters>
          <DistanceMeters>49624.2</DistanceMeters>
        </Trackpoint>
        <Trackpoint>
          <Time>2026-07-26T03:31:45Z</Time>
          <Position>
            <LatitudeDegrees>38.547663</LatitudeDegrees>
            <LongitudeDegrees>-109.290973</LongitudeDegrees>
          </Position>
          <AltitudeMeters>2395.5</AltitudeMeters>
          <DistanceMeters>49714.2</DistanceMeters>
        </Trackpoint>
        <Trackpoint>
          <Time>2026-07-26T03:31:55Z</Time>
          <Position>
            <LatitudeDegrees>38.54686</LatitudeDegrees>
            <LongitudeDegrees>-109.29108</LongitudeDegrees>
          </Position>
          <AltitudeMeters>2400.2</AltitudeMeters>
          <DistanceMeters>49804.1</DistanceMeters>
        </Trackpoint>
        <Trackpoint>
          <Time>2026-07-26T03:32:05Z</Time>
          <Position>
            <LatitudeDegrees>38.54634</LatitudeDegrees>
            <LongitudeDegrees>-109.2912</LongitudeDegrees>
          </Position>
          <AltitudeMeters>2402.7</AltitudeMeters>
          <DistanceMeters>49862.9</DistanceMeters>
        </Trackpoint>
        <Trackpoint>
          <Time>2026-07-26T03:32:15Z</Time>
          <Position>
            <LatitudeDegrees>38.54589</LatitudeDegrees>
            <LongitudeDegrees>-109.29137</LongitudeDegrees>
          </Position>
          <AltitudeMeters>2404.4</AltitudeMeters>
          <DistanceMeters>49915.1</DistanceMeters>
        </Trackpoint>
        <Trackpoint>
          <Time>2026-07-26T03:32:25Z</Time>
          <Position>
            <LatitudeDegrees>38.545879</LatitudeDegrees>
            <LongitudeDegrees>-109.29138</LongitudeDegrees>
          </Position>
          <AltitudeMeters>2404.4</AltitudeMeters>
          <DistanceMeters>49916.6</DistanceMeters>
        </Trackpoint>
        <Trackpoint>
          <Time>2026-07-26T03:32:35Z</Time>
          <Position>
            <LatitudeDegrees>38.54574</LatitudeDegrees>
            <LongitudeDegrees>-109.29151</LongitudeDegrees>
          </Position>
          <AltitudeMeters>2404.4</AltitudeMeters>
          <DistanceMeters>49935.8</DistanceMeters>
        </Trackpoint>
        <Trackpoint>
          <Time>2026-07-26T03:32:45Z</Time>
          <Position>
            <LatitudeDegrees>38.54566</LatitudeDegrees>
            <LongitudeDegrees>-109.29175</LongitudeDegrees>
          </Position>
          <AltitudeMeters>2406.2</AltitudeMeters>
          <DistanceMeters>49958.5</DistanceMeters>
        </Trackpoint>
        <Trackpoint>
          <Time>2026-07-26T03:32:55Z</Time>
          <Position>
            <LatitudeDegrees>38.54559</LatitudeDegrees>
            <LongitudeDegrees>-109.29211</LongitudeDegrees>
          </Position>
          <AltitudeMeters>2407.9</AltitudeMeters>
          <DistanceMeters>49990.8</DistanceMeters>
        </Trackpoint>
        <Trackpoint>
          <Time>2026-07-26T03:33:05Z</Time>
          <Position>
            <LatitudeDegrees>38.54558</LatitudeDegrees>
            <LongitudeDegrees>-109.29251</LongitudeDegrees>
          </Position>
          <AltitudeMeters>2410.4</AltitudeMeters>
          <DistanceMeters>50025.7</DistanceMeters>
        </Trackpoint>
        <Trackpoint>
          <Time>2026-07-26T03:33:15Z</Time>
          <Position>
            <LatitudeDegrees>38.54565</LatitudeDegrees>
            <LongitudeDegrees>-109.29308</LongitudeDegrees>
          </Position>
          <AltitudeMeters>2414.2</AltitudeMeters>
          <DistanceMeters>50075.9</DistanceMeters>
        </Trackpoint>
        <Trackpoint>
          <Time>2026-07-26T03:33:25Z</Time>
          <Position>
            <LatitudeDegrees>38.54577</LatitudeDegrees>
            <LongitudeDegrees>-109.29367</LongitudeDegrees>
          </Position>
          <AltitudeMeters>2418.2</AltitudeMeters>
          <DistanceMeters>50129.0</DistanceMeters>
        </Trackpoint>
        <Trackpoint>
          <Time>2026-07-26T03:33:35Z</Time>
          <Position>
            <LatitudeDegrees>38.54591</LatitudeDegrees>
            <LongitudeDegrees>-109.29421</LongitudeDegrees>
          </Position>
          <AltitudeMeters>2422.5</AltitudeMeters>
          <DistanceMeters>50178.5</DistanceMeters>
        </Trackpoint>
        <Trackpoint>
          <Time>2026-07-26T03:33:45Z</Time>
          <Position>
            <LatitudeDegrees>38.54642</LatitudeDegrees>
            <LongitudeDegrees>-109.29509</LongitudeDegrees>
          </Position>
          <AltitudeMeters>2428.7</AltitudeMeters>
          <DistanceMeters>50273.9</DistanceMeters>
        </Trackpoint>
        <Trackpoint>
          <Time>2026-07-26T03:33:55Z</Time>
          <Position>
            <LatitudeDegrees>38.54651</LatitudeDegrees>
            <LongitudeDegrees>-109.29541</LongitudeDegrees>
          </Position>
          <AltitudeMeters>2429.8</AltitudeMeters>
          <DistanceMeters>50303.5</DistanceMeters>
        </Trackpoint>
        <Trackpoint>
          <Time>2026-07-26T03:34:05Z</Time>
          <Position>
            <LatitudeDegrees>38.54656</LatitudeDegrees>
            <LongitudeDegrees>-109.29604</LongitudeDegrees>
          </Position>
          <AltitudeMeters>2432.8</AltitudeMeters>
          <DistanceMeters>50358.6</DistanceMeters>
        </Trackpoint>
        <Trackpoint>
          <Time>2026-07-26T03:34:15Z</Time>
          <Position>
            <LatitudeDegrees>38.54648</LatitudeDegrees>
            <LongitudeDegrees>-109.29649</LongitudeDegrees>
          </Position>
          <AltitudeMeters>2436.6</AltitudeMeters>
          <DistanceMeters>50398.8</DistanceMeters>
        </Trackpoint>
        <Trackpoint>
          <Time>2026-07-26T03:34:25Z</Time>
          <Position>
            <LatitudeDegrees>38.54636</LatitudeDegrees>
            <LongitudeDegrees>-109.29675</LongitudeDegrees>
          </Position>
          <AltitudeMeters>2437.8</AltitudeMeters>
          <DistanceMeters>50425.1</DistanceMeters>
        </Trackpoint>
        <Trackpoint>
          <Time>2026-07-26T03:34:35Z</Time>
          <Position>
            <LatitudeDegrees>38.54606</LatitudeDegrees>
            <LongitudeDegrees>-109.297185</LongitudeDegrees>
          </Position>
          <AltitudeMeters>2440.2</AltitudeMeters>
          <DistanceMeters>50475.6</DistanceMeters>
        </Trackpoint>
        <Trackpoint>
          <Time>2026-07-26T03:34:45Z</Time>
          <Position>
            <LatitudeDegrees>38.54576</LatitudeDegrees>
            <LongitudeDegrees>-109.29762</LongitudeDegrees>
          </Position>
          <AltitudeMeters>2443.9</AltitudeMeters>
          <DistanceMeters>50526.0</DistanceMeters>
        </Trackpoint>
        <Trackpoint>
          <Time>2026-07-26T03:34:55Z</Time>
          <Position>
            <LatitudeDegrees>38.54568</LatitudeDegrees>
            <LongitudeDegrees>-109.29787</LongitudeDegrees>
          </Position>
          <AltitudeMeters>2445.3</AltitudeMeters>
          <DistanceMeters>50549.6</DistanceMeters>
        </Trackpoint>
        <Trackpoint>
          <Time>2026-07-26T03:35:05Z</Time>
          <Position>
            <LatitudeDegrees>38.54568</LatitudeDegrees>
            <LongitudeDegrees>-109.29815</LongitudeDegrees>
          </Position>
          <AltitudeMeters>2446.9</AltitudeMeters>
          <DistanceMeters>50573.9</DistanceMeters>
        </Trackpoint>
        <Trackpoint>
          <Time>2026-07-26T03:35:15Z</Time>
          <Position>
            <LatitudeDegrees>38.54582</LatitudeDegrees>
            <LongitudeDegrees>-109.29854</LongitudeDegrees>
          </Position>
          <AltitudeMeters>2450.5</AltitudeMeters>
          <DistanceMeters>50611.3</DistanceMeters>
        </Trackpoint>
        <Trackpoint>
          <Time>2026-07-26T03:35:25Z</Time>
          <Position>
            <LatitudeDegrees>38.545879</LatitudeDegrees>
            <LongitudeDegrees>-109.29877</LongitudeDegrees>
          </Position>
          <AltitudeMeters>2451.7</AltitudeMeters>
          <DistanceMeters>50632.4</DistanceMeters>
        </Trackpoint>
        <Trackpoint>
          <Time>2026-07-26T03:35:35Z</Time>
          <Position>
            <LatitudeDegrees>38.54576</LatitudeDegrees>
            <LongitudeDegrees>-109.29939</LongitudeDegrees>
          </Position>
          <AltitudeMeters>2455.8</AltitudeMeters>
          <DistanceMeters>50688.0</DistanceMeters>
        </Trackpoint>
        <Trackpoint>
          <Time>2026-07-26T03:35:45Z</Time>
          <Position>
            <LatitudeDegrees>38.54568</LatitudeDegrees>
            <LongitudeDegrees>-109.29957</LongitudeDegrees>
          </Position>
          <AltitudeMeters>2460.0</AltitudeMeters>
          <DistanceMeters>50706.0</DistanceMeters>
        </Trackpoint>
        <Trackpoint>
          <Time>2026-07-26T03:35:55Z</Time>
          <Position>
            <LatitudeDegrees>38.54557</LatitudeDegrees>
            <LongitudeDegrees>-109.29963</LongitudeDegrees>
          </Position>
          <AltitudeMeters>2460.0</AltitudeMeters>
          <DistanceMeters>50719.3</DistanceMeters>
        </Trackpoint>
        <Trackpoint>
          <Time>2026-07-26T03:36:05Z</Time>
          <Position>
            <LatitudeDegrees>38.54544</LatitudeDegrees>
            <LongitudeDegrees>-109.29957</LongitudeDegrees>
          </Position>
          <AltitudeMeters>2460.9</AltitudeMeters>
          <DistanceMeters>50734.7</DistanceMeters>
        </Trackpoint>
        <Trackpoint>
          <Time>2026-07-26T03:36:15Z</Time>
          <Position>
            <LatitudeDegrees>38.54536</LatitudeDegrees>
            <LongitudeDegrees>-109.29936</LongitudeDegrees>
          </Position>
          <AltitudeMeters>2462.4</AltitudeMeters>
          <DistanceMeters>50755.1</DistanceMeters>
        </Trackpoint>
        <Trackpoint>
          <Time>2026-07-26T03:36:25Z</Time>
          <Position>
            <LatitudeDegrees>38.54542</LatitudeDegrees>
            <LongitudeDegrees>-109.29881</LongitudeDegrees>
          </Position>
          <AltitudeMeters>2464.4</AltitudeMeters>
          <DistanceMeters>50803.4</DistanceMeters>
        </Trackpoint>
        <Trackpoint>
          <Time>2026-07-26T03:36:35Z</Time>
          <Position>
            <LatitudeDegrees>38.54537</LatitudeDegrees>
            <LongitudeDegrees>-109.29859</LongitudeDegrees>
          </Position>
          <AltitudeMeters>2465.4</AltitudeMeters>
          <DistanceMeters>50823.4</DistanceMeters>
        </Trackpoint>
        <Trackpoint>
          <Time>2026-07-26T03:36:45Z</Time>
          <Position>
            <LatitudeDegrees>38.54511</LatitudeDegrees>
            <LongitudeDegrees>-109.29828</LongitudeDegrees>
          </Position>
          <AltitudeMeters>2468.0</AltitudeMeters>
          <DistanceMeters>50862.9</DistanceMeters>
        </Trackpoint>
        <Trackpoint>
          <Time>2026-07-26T03:36:55Z</Time>
          <Position>
            <LatitudeDegrees>38.54492</LatitudeDegrees>
            <LongitudeDegrees>-109.29827</LongitudeDegrees>
          </Position>
          <AltitudeMeters>2471.5</AltitudeMeters>
          <DistanceMeters>50884.1</DistanceMeters>
        </Trackpoint>
        <Trackpoint>
          <Time>2026-07-26T03:37:05Z</Time>
          <Position>
            <LatitudeDegrees>38.5447</LatitudeDegrees>
            <LongitudeDegrees>-109.29838</LongitudeDegrees>
          </Position>
          <AltitudeMeters>2473.5</AltitudeMeters>
          <DistanceMeters>50910.4</DistanceMeters>
        </Trackpoint>
        <Trackpoint>
          <Time>2026-07-26T03:37:15Z</Time>
          <Position>
            <LatitudeDegrees>38.54444</LatitudeDegrees>
            <LongitudeDegrees>-109.29874</LongitudeDegrees>
          </Position>
          <AltitudeMeters>2477.1</AltitudeMeters>
          <DistanceMeters>50953.1</DistanceMeters>
        </Trackpoint>
        <Trackpoint>
          <Time>2026-07-26T03:37:25Z</Time>
          <Position>
            <LatitudeDegrees>38.54436</LatitudeDegrees>
            <LongitudeDegrees>-109.29899</LongitudeDegrees>
          </Position>
          <AltitudeMeters>2479.4</AltitudeMeters>
          <DistanceMeters>50976.6</DistanceMeters>
        </Trackpoint>
        <Trackpoint>
          <Time>2026-07-26T03:37:35Z</Time>
          <Position>
            <LatitudeDegrees>38.544379</LatitudeDegrees>
            <LongitudeDegrees>-109.29921</LongitudeDegrees>
          </Position>
          <AltitudeMeters>2481.3</AltitudeMeters>
          <DistanceMeters>50995.9</DistanceMeters>
        </Trackpoint>
        <Trackpoint>
          <Time>2026-07-26T03:37:45Z</Time>
          <Position>
            <LatitudeDegrees>38.54452</LatitudeDegrees>
            <LongitudeDegrees>-109.29941</LongitudeDegrees>
          </Position>
          <AltitudeMeters>2482.0</AltitudeMeters>
          <DistanceMeters>51019.2</DistanceMeters>
        </Trackpoint>
        <Trackpoint>
          <Time>2026-07-26T03:37:55Z</Time>
          <Position>
            <LatitudeDegrees>38.54515</LatitudeDegrees>
            <LongitudeDegrees>-109.300185</LongitudeDegrees>
          </Position>
          <AltitudeMeters>2488.0</AltitudeMeters>
          <DistanceMeters>51116.6</DistanceMeters>
        </Trackpoint>
        <Trackpoint>
          <Time>2026-07-26T03:38:05Z</Time>
          <Position>
            <LatitudeDegrees>38.54578</LatitudeDegrees>
            <LongitudeDegrees>-109.30096</LongitudeDegrees>
          </Position>
          <AltitudeMeters>2489.9</AltitudeMeters>
          <DistanceMeters>51213.9</DistanceMeters>
        </Trackpoint>
        <Trackpoint>
          <Time>2026-07-26T03:38:15Z</Time>
          <Position>
            <LatitudeDegrees>38.54581</LatitudeDegrees>
            <LongitudeDegrees>-109.30119</LongitudeDegrees>
          </Position>
          <AltitudeMeters>2490.4</AltitudeMeters>
          <DistanceMeters>51234.2</DistanceMeters>
        </Trackpoint>
        <Trackpoint>
          <Time>2026-07-26T03:38:25Z</Time>
          <Position>
            <LatitudeDegrees>38.54576</LatitudeDegrees>
            <LongitudeDegrees>-109.30133</LongitudeDegrees>
          </Position>
          <AltitudeMeters>2490.7</AltitudeMeters>
          <DistanceMeters>51247.6</DistanceMeters>
        </Trackpoint>
        <Trackpoint>
          <Time>2026-07-26T03:38:35Z</Time>
          <Position>
            <LatitudeDegrees>38.54567</LatitudeDegrees>
            <LongitudeDegrees>-109.30145</LongitudeDegrees>
          </Position>
          <AltitudeMeters>2491.3</AltitudeMeters>
          <DistanceMeters>51262.1</DistanceMeters>
        </Trackpoint>
        <Trackpoint>
          <Time>2026-07-26T03:38:45Z</Time>
          <Position>
            <LatitudeDegrees>38.54524</LatitudeDegrees>
            <LongitudeDegrees>-109.30172</LongitudeDegrees>
          </Position>
          <AltitudeMeters>2493.6</AltitudeMeters>
          <DistanceMeters>51315.4</DistanceMeters>
        </Trackpoint>
        <Trackpoint>
          <Time>2026-07-26T03:38:55Z</Time>
          <Position>
            <LatitudeDegrees>38.54502</LatitudeDegrees>
            <LongitudeDegrees>-109.3019</LongitudeDegrees>
          </Position>
          <AltitudeMeters>2495.7</AltitudeMeters>
          <DistanceMeters>51344.5</DistanceMeters>
        </Trackpoint>
        <Trackpoint>
          <Time>2026-07-26T03:39:05Z</Time>
          <Position>
            <LatitudeDegrees>38.54458</LatitudeDegrees>
            <LongitudeDegrees>-109.30257</LongitudeDegrees>
          </Position>
          <AltitudeMeters>2499.5</AltitudeMeters>
          <DistanceMeters>51420.6</DistanceMeters>
        </Trackpoint>
        <Trackpoint>
          <Time>2026-07-26T03:39:15Z</Time>
          <Position>
            <LatitudeDegrees>38.54454</LatitudeDegrees>
            <LongitudeDegrees>-109.30275</LongitudeDegrees>
          </Position>
          <AltitudeMeters>2501.2</AltitudeMeters>
          <DistanceMeters>51436.9</DistanceMeters>
        </Trackpoint>
        <Trackpoint>
          <Time>2026-07-26T03:39:25Z</Time>
          <Position>
            <LatitudeDegrees>38.54453</LatitudeDegrees>
            <LongitudeDegrees>-109.30297</LongitudeDegrees>
          </Position>
          <AltitudeMeters>2501.8</AltitudeMeters>
          <DistanceMeters>51456.1</DistanceMeters>
        </Trackpoint>
        <Trackpoint>
          <Time>2026-07-26T03:39:35Z</Time>
          <Position>
            <LatitudeDegrees>38.54465</LatitudeDegrees>
            <LongitudeDegrees>-109.30357</LongitudeDegrees>
          </Position>
          <AltitudeMeters>2506.2</AltitudeMeters>
          <DistanceMeters>51510.0</DistanceMeters>
        </Trackpoint>
        <Trackpoint>
          <Time>2026-07-26T03:39:45Z</Time>
          <Position>
            <LatitudeDegrees>38.54464</LatitudeDegrees>
            <LongitudeDegrees>-109.30369</LongitudeDegrees>
          </Position>
          <AltitudeMeters>2506.8</AltitudeMeters>
          <DistanceMeters>51520.5</DistanceMeters>
        </Trackpoint>
        <Trackpoint>
          <Time>2026-07-26T03:39:55Z</Time>
          <Position>
            <LatitudeDegrees>38.54459</LatitudeDegrees>
            <LongitudeDegrees>-109.30383</LongitudeDegrees>
          </Position>
          <AltitudeMeters>2507.4</AltitudeMeters>
          <DistanceMeters>51533.9</DistanceMeters>
        </Trackpoint>
        <Trackpoint>
          <Time>2026-07-26T03:40:05Z</Time>
          <Position>
            <LatitudeDegrees>38.54452</LatitudeDegrees>
            <LongitudeDegrees>-109.30396</LongitudeDegrees>
          </Position>
          <AltitudeMeters>2507.8</AltitudeMeters>
          <DistanceMeters>51547.7</DistanceMeters>
        </Trackpoint>
        <Trackpoint>
          <Time>2026-07-26T03:40:15Z</Time>
          <Position>
            <LatitudeDegrees>38.54375</LatitudeDegrees>
            <LongitudeDegrees>-109.30441</LongitudeDegrees>
          </Position>
          <AltitudeMeters>2509.2</AltitudeMeters>
          <DistanceMeters>51641.9</DistanceMeters>
        </Trackpoint>
        <Trackpoint>
          <Time>2026-07-26T03:40:25Z</Time>
          <Position>
            <LatitudeDegrees>38.54363</LatitudeDegrees>
            <LongitudeDegrees>-109.30463</LongitudeDegrees>
          </Position>
          <AltitudeMeters>2509.5</AltitudeMeters>
          <DistanceMeters>51665.3</DistanceMeters>
        </Trackpoint>
        <Trackpoint>
          <Time>2026-07-26T03:40:35Z</Time>
          <Position>
            <LatitudeDegrees>38.54351</LatitudeDegrees>
            <LongitudeDegrees>-109.30494</LongitudeDegrees>
          </Position>
          <AltitudeMeters>2510.6</AltitudeMeters>
          <DistanceMeters>51695.4</DistanceMeters>
        </Trackpoint>
        <Trackpoint>
          <Time>2026-07-26T03:40:45Z</Time>
          <Position>
            <LatitudeDegrees>38.543317</LatitudeDegrees>
            <LongitudeDegrees>-109.305843</LongitudeDegrees>
          </Position>
          <AltitudeMeters>2515.7</AltitudeMeters>
          <DistanceMeters>51776.9</DistanceMeters>
        </Trackpoint>
        <Trackpoint>
          <Time>2026-07-26T03:40:55Z</Time>
          <Position>
            <LatitudeDegrees>38.543123</LatitudeDegrees>
            <LongitudeDegrees>-109.306747</LongitudeDegrees>
          </Position>
          <AltitudeMeters>2520.6</AltitudeMeters>
          <DistanceMeters>51858.5</DistanceMeters>
        </Trackpoint>
        <Trackpoint>
          <Time>2026-07-26T03:41:05Z</Time>
          <Position>
            <LatitudeDegrees>38.54293</LatitudeDegrees>
            <LongitudeDegrees>-109.30765</LongitudeDegrees>
          </Position>
          <AltitudeMeters>2524.1</AltitudeMeters>
          <DistanceMeters>51940.0</DistanceMeters>
        </Trackpoint>
        <Trackpoint>
          <Time>2026-07-26T03:41:15Z</Time>
          <Position>
            <LatitudeDegrees>38.54293</LatitudeDegrees>
            <LongitudeDegrees>-109.30785</LongitudeDegrees>
          </Position>
          <AltitudeMeters>2525.1</AltitudeMeters>
          <DistanceMeters>51957.4</DistanceMeters>
        </Trackpoint>
        <Trackpoint>
          <Time>2026-07-26T03:41:25Z</Time>
          <Position>
            <LatitudeDegrees>38.54307</LatitudeDegrees>
            <LongitudeDegrees>-109.30886</LongitudeDegrees>
          </Position>
          <AltitudeMeters>2529.1</AltitudeMeters>
          <DistanceMeters>52046.7</DistanceMeters>
        </Trackpoint>
        <Trackpoint>
          <Time>2026-07-26T03:41:35Z</Time>
          <Position>
            <LatitudeDegrees>38.54321</LatitudeDegrees>
            <LongitudeDegrees>-109.30987</LongitudeDegrees>
          </Position>
          <AltitudeMeters>2535.9</AltitudeMeters>
          <DistanceMeters>52136.0</DistanceMeters>
        </Trackpoint>
        <Trackpoint>
          <Time>2026-07-26T03:41:45Z</Time>
          <Position>
            <LatitudeDegrees>38.54311</LatitudeDegrees>
            <LongitudeDegrees>-109.31062</LongitudeDegrees>
          </Position>
          <AltitudeMeters>2537.3</AltitudeMeters>
          <DistanceMeters>52202.3</DistanceMeters>
        </Trackpoint>
        <Trackpoint>
          <Time>2026-07-26T03:41:55Z</Time>
          <Position>
            <LatitudeDegrees>38.54302</LatitudeDegrees>
            <LongitudeDegrees>-109.31091</LongitudeDegrees>
          </Position>
          <AltitudeMeters>2537.0</AltitudeMeters>
          <DistanceMeters>52229.5</DistanceMeters>
        </Trackpoint>
        <Trackpoint>
          <Time>2026-07-26T03:42:05Z</Time>
          <Position>
            <LatitudeDegrees>38.542755</LatitudeDegrees>
            <LongitudeDegrees>-109.311595</LongitudeDegrees>
          </Position>
          <AltitudeMeters>2536.6</AltitudeMeters>
          <DistanceMeters>52296.0</DistanceMeters>
        </Trackpoint>
        <Trackpoint>
          <Time>2026-07-26T03:42:15Z</Time>
          <Position>
            <LatitudeDegrees>38.54249</LatitudeDegrees>
            <LongitudeDegrees>-109.31228</LongitudeDegrees>
          </Position>
          <AltitudeMeters>2537.3</AltitudeMeters>
          <DistanceMeters>52362.5</DistanceMeters>
        </Trackpoint>
        <Trackpoint>
          <Time>2026-07-26T03:42:25Z</Time>
          <Position>
            <LatitudeDegrees>38.5422</LatitudeDegrees>
            <LongitudeDegrees>-109.31309</LongitudeDegrees>
          </Position>
          <AltitudeMeters>2538.0</AltitudeMeters>
          <DistanceMeters>52440.1</DistanceMeters>
        </Trackpoint>
        <Trackpoint>
          <Time>2026-07-26T03:42:35Z</Time>
          <Position>
            <LatitudeDegrees>38.54191</LatitudeDegrees>
            <LongitudeDegrees>-109.3139</LongitudeDegrees>
          </Position>
          <AltitudeMeters>2536.8</AltitudeMeters>
          <DistanceMeters>52517.7</DistanceMeters>
        </Trackpoint>
        <Trackpoint>
          <Time>2026-07-26T03:42:45Z</Time>
          <Position>
            <LatitudeDegrees>38.541726</LatitudeDegrees>
            <LongitudeDegrees>-109.314992</LongitudeDegrees>
          </Position>
          <AltitudeMeters>2529.6</AltitudeMeters>
          <DistanceMeters>52614.9</DistanceMeters>
        </Trackpoint>
        <Trackpoint>
          <Time>2026-07-26T03:42:55Z</Time>
          <Position>
            <LatitudeDegrees>38.541542</LatitudeDegrees>
            <LongitudeDegrees>-109.316084</LongitudeDegrees>
          </Position>
          <AltitudeMeters>2521.8</AltitudeMeters>
          <DistanceMeters>52712.2</DistanceMeters>
        </Trackpoint>
        <Trackpoint>
          <Time>2026-07-26T03:43:05Z</Time>
          <Position>
            <LatitudeDegrees>38.541358</LatitudeDegrees>
            <LongitudeDegrees>-109.317176</LongitudeDegrees>
          </Position>
          <AltitudeMeters>2517.1</AltitudeMeters>
          <DistanceMeters>52809.4</DistanceMeters>
        </Trackpoint>
        <Trackpoint>
          <Time>2026-07-26T03:43:15Z</Time>
          <Position>
            <LatitudeDegrees>38.541174</LatitudeDegrees>
            <LongitudeDegrees>-109.318268</LongitudeDegrees>
          </Position>
          <AltitudeMeters>2509.8</AltitudeMeters>
          <DistanceMeters>52906.7</DistanceMeters>
        </Trackpoint>
        <Trackpoint>
          <Time>2026-07-26T03:43:25Z</Time>
          <Position>
            <LatitudeDegrees>38.54099</LatitudeDegrees>
            <LongitudeDegrees>-109.31936</LongitudeDegrees>
          </Position>
          <AltitudeMeters>2508.3</AltitudeMeters>
          <DistanceMeters>53004.0</DistanceMeters>
        </Trackpoint>
        <Trackpoint>
          <Time>2026-07-26T03:43:35Z</Time>
          <Position>
            <LatitudeDegrees>38.540806</LatitudeDegrees>
            <LongitudeDegrees>-109.320452</LongitudeDegrees>
          </Position>
          <AltitudeMeters>2505.9</AltitudeMeters>
          <DistanceMeters>53101.2</DistanceMeters>
        </Trackpoint>
        <Trackpoint>
          <Time>2026-07-26T03:43:45Z</Time>
          <Position>
            <LatitudeDegrees>38.540622</LatitudeDegrees>
            <LongitudeDegrees>-109.321544</LongitudeDegrees>
          </Position>
          <AltitudeMeters>2500.0</AltitudeMeters>
          <DistanceMeters>53198.5</DistanceMeters>
        </Trackpoint>
        <Trackpoint>
          <Time>2026-07-26T03:43:55Z</Time>
          <Position>
            <LatitudeDegrees>38.540438</LatitudeDegrees>
            <LongitudeDegrees>-109.322636</LongitudeDegrees>
          </Position>
          <AltitudeMeters>2496.2</AltitudeMeters>
          <DistanceMeters>53295.7</DistanceMeters>
        </Trackpoint>
        <Trackpoint>
          <Time>2026-07-26T03:44:05Z</Time>
          <Position>
            <LatitudeDegrees>38.540254</LatitudeDegrees>
            <LongitudeDegrees>-109.323728</LongitudeDegrees>
          </Position>
          <AltitudeMeters>2489.1</AltitudeMeters>
          <DistanceMeters>53393.0</DistanceMeters>
        </Trackpoint>
        <Trackpoint>
          <Time>2026-07-26T03:44:15Z</Time>
          <Position>
            <LatitudeDegrees>38.54007</LatitudeDegrees>
            <LongitudeDegrees>-109.32482</LongitudeDegrees>
          </Position>
          <AltitudeMeters>2483.7</AltitudeMeters>
          <DistanceMeters>53490.3</DistanceMeters>
        </Trackpoint>
        <Trackpoint>
          <Time>2026-07-26T03:44:25Z</Time>
          <Position>
            <LatitudeDegrees>38.539793</LatitudeDegrees>
            <LongitudeDegrees>-109.325908</LongitudeDegrees>
          </Position>
          <AltitudeMeters>2481.1</AltitudeMeters>
          <DistanceMeters>53589.9</DistanceMeters>
        </Trackpoint>
        <Trackpoint>
          <Time>2026-07-26T03:44:35Z</Time>
          <Position>
            <LatitudeDegrees>38.539515</LatitudeDegrees>
            <LongitudeDegrees>-109.326995</LongitudeDegrees>
          </Position>
          <AltitudeMeters>2478.5</AltitudeMeters>
          <DistanceMeters>53689.5</DistanceMeters>
        </Trackpoint>
        <Trackpoint>
          <Time>2026-07-26T03:44:45Z</Time>
          <Position>
            <LatitudeDegrees>38.539238</LatitudeDegrees>
            <LongitudeDegrees>-109.328083</LongitudeDegrees>
          </Position>
          <AltitudeMeters>2473.2</AltitudeMeters>
          <DistanceMeters>53789.1</DistanceMeters>
        </Trackpoint>
        <Trackpoint>
          <Time>2026-07-26T03:44:55Z</Time>
          <Position>
            <LatitudeDegrees>38.53896</LatitudeDegrees>
            <LongitudeDegrees>-109.32917</LongitudeDegrees>
          </Position>
          <AltitudeMeters>2465.5</AltitudeMeters>
          <DistanceMeters>53888.7</DistanceMeters>
        </Trackpoint>
        <Trackpoint>
          <Time>2026-07-26T03:45:05Z</Time>
          <Position>
            <LatitudeDegrees>38.53878</LatitudeDegrees>
            <LongitudeDegrees>-109.3295</LongitudeDegrees>
          </Position>
          <AltitudeMeters>2464.6</AltitudeMeters>
          <DistanceMeters>53923.7</DistanceMeters>
        </Trackpoint>
        <Trackpoint>
          <Time>2026-07-26T03:45:15Z</Time>
          <Position>
            <LatitudeDegrees>38.5381</LatitudeDegrees>
            <LongitudeDegrees>-109.33025</LongitudeDegrees>
          </Position>
          <AltitudeMeters>2458.3</AltitudeMeters>
          <DistanceMeters>54023.7</DistanceMeters>
        </Trackpoint>
        <Trackpoint>
          <Time>2026-07-26T03:45:25Z</Time>
          <Position>
            <LatitudeDegrees>38.53784</LatitudeDegrees>
            <LongitudeDegrees>-109.33037</LongitudeDegrees>
          </Position>
          <AltitudeMeters>2456.7</AltitudeMeters>
          <DistanceMeters>54054.4</DistanceMeters>
        </Trackpoint>
        <Trackpoint>
          <Time>2026-07-26T03:45:35Z</Time>
          <Position>
            <LatitudeDegrees>38.5376</LatitudeDegrees>
            <LongitudeDegrees>-109.33037</LongitudeDegrees>
          </Position>
          <AltitudeMeters>2456.0</AltitudeMeters>
          <DistanceMeters>54081.2</DistanceMeters>
        </Trackpoint>
        <Trackpoint>
          <Time>2026-07-26T03:45:45Z</Time>
          <Position>
            <LatitudeDegrees>38.53699</LatitudeDegrees>
            <LongitudeDegrees>-109.330325</LongitudeDegrees>
          </Position>
          <AltitudeMeters>2451.4</AltitudeMeters>
          <DistanceMeters>54149.2</DistanceMeters>
        </Trackpoint>
        <Trackpoint>
          <Time>2026-07-26T03:45:55Z</Time>
          <Position>
            <LatitudeDegrees>38.53638</LatitudeDegrees>
            <LongitudeDegrees>-109.33028</LongitudeDegrees>
          </Position>
          <AltitudeMeters>2449.0</AltitudeMeters>
          <DistanceMeters>54217.2</DistanceMeters>
        </Trackpoint>
        <Trackpoint>
          <Time>2026-07-26T03:46:05Z</Time>
          <Position>
            <LatitudeDegrees>38.53611</LatitudeDegrees>
            <LongitudeDegrees>-109.33037</LongitudeDegrees>
          </Position>
          <AltitudeMeters>2449.5</AltitudeMeters>
          <DistanceMeters>54248.3</DistanceMeters>
        </Trackpoint>
        <Trackpoint>
          <Time>2026-07-26T03:46:15Z</Time>
          <Position>
            <LatitudeDegrees>38.53588</LatitudeDegrees>
            <LongitudeDegrees>-109.33052</LongitudeDegrees>
          </Position>
          <AltitudeMeters>2450.6</AltitudeMeters>
          <DistanceMeters>54277.0</DistanceMeters>
        </Trackpoint>
        <Trackpoint>
          <Time>2026-07-26T03:46:25Z</Time>
          <Position>
            <LatitudeDegrees>38.53557</LatitudeDegrees>
            <LongitudeDegrees>-109.33084</LongitudeDegrees>
          </Position>
          <AltitudeMeters>2452.9</AltitudeMeters>
          <DistanceMeters>54321.4</DistanceMeters>
        </Trackpoint>
        <Trackpoint>
          <Time>2026-07-26T03:46:35Z</Time>
          <Position>
            <LatitudeDegrees>38.53523</LatitudeDegrees>
            <LongitudeDegrees>-109.331</LongitudeDegrees>
          </Position>
          <AltitudeMeters>2453.0</AltitudeMeters>
          <DistanceMeters>54361.7</DistanceMeters>
        </Trackpoint>
        <Trackpoint>
          <Time>2026-07-26T03:46:45Z</Time>
          <Position>
            <LatitudeDegrees>38.53441</LatitudeDegrees>
            <LongitudeDegrees>-109.331165</LongitudeDegrees>
          </Position>
          <AltitudeMeters>2451.4</AltitudeMeters>
          <DistanceMeters>54454.1</DistanceMeters>
        </Trackpoint>
        <Trackpoint>
          <Time>2026-07-26T03:46:55Z</Time>
          <Position>
            <LatitudeDegrees>38.533589</LatitudeDegrees>
            <LongitudeDegrees>-109.33133</LongitudeDegrees>
          </Position>
          <AltitudeMeters>2452.7</AltitudeMeters>
          <DistanceMeters>54546.5</DistanceMeters>
        </Trackpoint>
        <Trackpoint>
          <Time>2026-07-26T03:47:05Z</Time>
          <Position>
            <LatitudeDegrees>38.53328</LatitudeDegrees>
            <LongitudeDegrees>-109.33149</LongitudeDegrees>
          </Position>
          <AltitudeMeters>2452.8</AltitudeMeters>
          <DistanceMeters>54583.7</DistanceMeters>
        </Trackpoint>
        <Trackpoint>
          <Time>2026-07-26T03:47:15Z</Time>
          <Position>
            <LatitudeDegrees>38.53305</LatitudeDegrees>
            <LongitudeDegrees>-109.33172</LongitudeDegrees>
          </Position>
          <AltitudeMeters>2451.7</AltitudeMeters>
          <DistanceMeters>54616.2</DistanceMeters>
        </Trackpoint>
        <Trackpoint>
          <Time>2026-07-26T03:47:25Z</Time>
          <Position>
            <LatitudeDegrees>38.53279</LatitudeDegrees>
            <LongitudeDegrees>-109.33216</LongitudeDegrees>
          </Position>
          <AltitudeMeters>2448.8</AltitudeMeters>
          <DistanceMeters>54664.2</DistanceMeters>
        </Trackpoint>
        <Trackpoint>
          <Time>2026-07-26T03:47:35Z</Time>
          <Position>
            <LatitudeDegrees>38.53239</LatitudeDegrees>
            <LongitudeDegrees>-109.332897</LongitudeDegrees>
          </Position>
          <AltitudeMeters>2442.7</AltitudeMeters>
          <DistanceMeters>54742.3</DistanceMeters>
        </Trackpoint>
        <Trackpoint>
          <Time>2026-07-26T03:47:45Z</Time>
          <Position>
            <LatitudeDegrees>38.53199</LatitudeDegrees>
            <LongitudeDegrees>-109.333633</LongitudeDegrees>
          </Position>
          <AltitudeMeters>2439.0</AltitudeMeters>
          <DistanceMeters>54820.4</DistanceMeters>
        </Trackpoint>
        <Trackpoint>
          <Time>2026-07-26T03:47:55Z</Time>
          <Position>
            <LatitudeDegrees>38.53159</LatitudeDegrees>
            <LongitudeDegrees>-109.33437</LongitudeDegrees>
          </Position>
          <AltitudeMeters>2436.8</AltitudeMeters>
          <DistanceMeters>54898.5</DistanceMeters>
        </Trackpoint>
        <Trackpoint>
          <Time>2026-07-26T03:48:05Z</Time>
          <Position>
            <LatitudeDegrees>38.53123</LatitudeDegrees>
            <LongitudeDegrees>-109.33498</LongitudeDegrees>
          </Position>
          <AltitudeMeters>2434.5</AltitudeMeters>
          <DistanceMeters>54965.0</DistanceMeters>
        </Trackpoint>
        <Trackpoint>
          <Time>2026-07-26T03:48:15Z</Time>
          <Position>
            <LatitudeDegrees>38.53089</LatitudeDegrees>
            <LongitudeDegrees>-109.335455</LongitudeDegrees>
          </Position>
          <AltitudeMeters>2433.9</AltitudeMeters>
          <DistanceMeters>55021.1</DistanceMeters>
        </Trackpoint>
        <Trackpoint>
          <Time>2026-07-26T03:48:25Z</Time>
          <Position>
            <LatitudeDegrees>38.53055</LatitudeDegrees>
            <LongitudeDegrees>-109.33593</LongitudeDegrees>
          </Position>
          <AltitudeMeters>2433.4</AltitudeMeters>
          <DistanceMeters>55077.2</DistanceMeters>
        </Trackpoint>
        <Trackpoint>
          <Time>2026-07-26T03:48:35Z</Time>
          <Position>
            <LatitudeDegrees>38.53015</LatitudeDegrees>
            <LongitudeDegrees>-109.336445</LongitudeDegrees>
          </Position>
          <AltitudeMeters>2432.9</AltitudeMeters>
          <DistanceMeters>55140.4</DistanceMeters>
        </Trackpoint>
        <Trackpoint>
          <Time>2026-07-26T03:48:45Z</Time>
          <Position>
            <LatitudeDegrees>38.52975</LatitudeDegrees>
            <LongitudeDegrees>-109.33696</LongitudeDegrees>
          </Position>
          <AltitudeMeters>2431.9</AltitudeMeters>
          <DistanceMeters>55203.6</DistanceMeters>
        </Trackpoint>
        <Trackpoint>
          <Time>2026-07-26T03:48:55Z</Time>
          <Position>
            <LatitudeDegrees>38.52949</LatitudeDegrees>
            <LongitudeDegrees>-109.33719</LongitudeDegrees>
          </Position>
          <AltitudeMeters>2430.6</AltitudeMeters>
          <DistanceMeters>55238.8</DistanceMeters>
        </Trackpoint>
        <Trackpoint>
          <Time>2026-07-26T03:49:05Z</Time>
          <Position>
            <LatitudeDegrees>38.528889</LatitudeDegrees>
            <LongitudeDegrees>-109.337603</LongitudeDegrees>
          </Position>
          <AltitudeMeters>2427.3</AltitudeMeters>
          <DistanceMeters>55314.6</DistanceMeters>
        </Trackpoint>
        <Trackpoint>
          <Time>2026-07-26T03:49:15Z</Time>
          <Position>
            <LatitudeDegrees>38.52829</LatitudeDegrees>
            <LongitudeDegrees>-109.338017</LongitudeDegrees>
          </Position>
          <AltitudeMeters>2424.7</AltitudeMeters>
          <DistanceMeters>55390.5</DistanceMeters>
        </Trackpoint>
        <Trackpoint>
          <Time>2026-07-26T03:49:25Z</Time>
          <Position>
            <LatitudeDegrees>38.52769</LatitudeDegrees>
            <LongitudeDegrees>-109.33843</LongitudeDegrees>
          </Position>
          <AltitudeMeters>2421.3</AltitudeMeters>
          <DistanceMeters>55466.4</DistanceMeters>
        </Trackpoint>
        <Trackpoint>
          <Time>2026-07-26T03:49:35Z</Time>
          <Position>
            <LatitudeDegrees>38.52751</LatitudeDegrees>
            <LongitudeDegrees>-109.33857</LongitudeDegrees>
          </Position>
          <AltitudeMeters>2420.0</AltitudeMeters>
          <DistanceMeters>55489.8</DistanceMeters>
        </Trackpoint>
        <Trackpoint>
          <Time>2026-07-26T03:49:45Z</Time>
          <Position>
            <LatitudeDegrees>38.52705</LatitudeDegrees>
            <LongitudeDegrees>-109.33875</LongitudeDegrees>
          </Position>
          <AltitudeMeters>2416.4</AltitudeMeters>
          <DistanceMeters>55543.4</DistanceMeters>
        </Trackpoint>
        <Trackpoint>
          <Time>2026-07-26T03:49:55Z</Time>
          <Position>
            <LatitudeDegrees>38.52663</LatitudeDegrees>
            <LongitudeDegrees>-109.33875</LongitudeDegrees>
          </Position>
          <AltitudeMeters>2412.3</AltitudeMeters>
          <DistanceMeters>55590.2</DistanceMeters>
        </Trackpoint>
        <Trackpoint>
          <Time>2026-07-26T03:50:05Z</Time>
          <Position>
            <LatitudeDegrees>38.525799</LatitudeDegrees>
            <LongitudeDegrees>-109.33867</LongitudeDegrees>
          </Position>
          <AltitudeMeters>2405.0</AltitudeMeters>
          <DistanceMeters>55682.8</DistanceMeters>
        </Trackpoint>
        <Trackpoint>
          <Time>2026-07-26T03:50:15Z</Time>
          <Position>
            <LatitudeDegrees>38.52553</LatitudeDegrees>
            <LongitudeDegrees>-109.33871</LongitudeDegrees>
          </Position>
          <AltitudeMeters>2404.0</AltitudeMeters>
          <DistanceMeters>55713.1</DistanceMeters>
        </Trackpoint>
        <Trackpoint>
          <Time>2026-07-26T03:50:25Z</Time>
          <Position>
            <LatitudeDegrees>38.525329</LatitudeDegrees>
            <LongitudeDegrees>-109.33884</LongitudeDegrees>
          </Position>
          <AltitudeMeters>2403.9</AltitudeMeters>
          <DistanceMeters>55738.1</DistanceMeters>
        </Trackpoint>
        <Trackpoint>
          <Time>2026-07-26T03:50:35Z</Time>
          <Position>
            <LatitudeDegrees>38.52514</LatitudeDegrees>
            <LongitudeDegrees>-109.33898</LongitudeDegrees>
          </Position>
          <AltitudeMeters>2404.1</AltitudeMeters>
          <DistanceMeters>55762.5</DistanceMeters>
        </Trackpoint>
        <Trackpoint>
          <Time>2026-07-26T03:50:45Z</Time>
          <Position>
            <LatitudeDegrees>38.52476</LatitudeDegrees>
            <LongitudeDegrees>-109.33937</LongitudeDegrees>
          </Position>
          <AltitudeMeters>2404.6</AltitudeMeters>
          <DistanceMeters>55816.7</DistanceMeters>
        </Trackpoint>
        <Trackpoint>
          <Time>2026-07-26T03:50:55Z</Time>
          <Position>
            <LatitudeDegrees>38.52454</LatitudeDegrees>
            <LongitudeDegrees>-109.33946</LongitudeDegrees>
          </Position>
          <AltitudeMeters>2404.2</AltitudeMeters>
          <DistanceMeters>55842.4</DistanceMeters>
        </Trackpoint>
        <Trackpoint>
          <Time>2026-07-26T03:51:05Z</Time>
          <Position>
            <LatitudeDegrees>38.52457</LatitudeDegrees>
            <LongitudeDegrees>-109.33945</LongitudeDegrees>
          </Position>
          <AltitudeMeters>2404.3</AltitudeMeters>
          <DistanceMeters>55845.9</DistanceMeters>
        </Trackpoint>
        <Trackpoint>
          <Time>2026-07-26T03:51:15Z</Time>
          <Position>
            <LatitudeDegrees>38.52432</LatitudeDegrees>
            <LongitudeDegrees>-109.33946</LongitudeDegrees>
          </Position>
          <AltitudeMeters>2403.2</AltitudeMeters>
          <DistanceMeters>55873.7</DistanceMeters>
        </Trackpoint>
        <Trackpoint>
          <Time>2026-07-26T03:51:25Z</Time>
          <Position>
            <LatitudeDegrees>38.5241</LatitudeDegrees>
            <LongitudeDegrees>-109.33943</LongitudeDegrees>
          </Position>
          <AltitudeMeters>2401.1</AltitudeMeters>
          <DistanceMeters>55898.3</DistanceMeters>
        </Trackpoint>
        <Trackpoint>
          <Time>2026-07-26T03:51:35Z</Time>
          <Position>
            <LatitudeDegrees>38.52377</LatitudeDegrees>
            <LongitudeDegrees>-109.33924</LongitudeDegrees>
          </Position>
          <AltitudeMeters>2399.5</AltitudeMeters>
          <DistanceMeters>55938.6</DistanceMeters>
        </Trackpoint>
        <Trackpoint>
          <Time>2026-07-26T03:51:45Z</Time>
          <Position>
            <LatitudeDegrees>38.523075</LatitudeDegrees>
            <LongitudeDegrees>-109.338745</LongitudeDegrees>
          </Position>
          <AltitudeMeters>2394.2</AltitudeMeters>
          <DistanceMeters>56027.2</DistanceMeters>
        </Trackpoint>
        <Trackpoint>
          <Time>2026-07-26T03:51:55Z</Time>
          <Position>
            <LatitudeDegrees>38.52238</LatitudeDegrees>
            <LongitudeDegrees>-109.33825</LongitudeDegrees>
          </Position>
          <AltitudeMeters>2392.8</AltitudeMeters>
          <DistanceMeters>56115.8</DistanceMeters>
        </Trackpoint>
        <Trackpoint>
          <Time>2026-07-26T03:52:05Z</Time>
          <Position>
            <LatitudeDegrees>38.52172</LatitudeDegrees>
            <LongitudeDegrees>-109.33787</LongitudeDegrees>
          </Position>
          <AltitudeMeters>2394.9</AltitudeMeters>
          <DistanceMeters>56196.3</DistanceMeters>
        </Trackpoint>
        <Trackpoint>
          <Time>2026-07-26T03:52:15Z</Time>
          <Position>
            <LatitudeDegrees>38.52105</LatitudeDegrees>
            <LongitudeDegrees>-109.33736</LongitudeDegrees>
          </Position>
          <AltitudeMeters>2400.0</AltitudeMeters>
          <DistanceMeters>56283.2</DistanceMeters>
        </Trackpoint>
        <Trackpoint>
          <Time>2026-07-26T03:52:25Z</Time>
          <Position>
            <LatitudeDegrees>38.52049</LatitudeDegrees>
            <LongitudeDegrees>-109.336665</LongitudeDegrees>
          </Position>
          <AltitudeMeters>2402.3</AltitudeMeters>
          <DistanceMeters>56370.0</DistanceMeters>
        </Trackpoint>
        <Trackpoint>
          <Time>2026-07-26T03:52:35Z</Time>
          <Position>
            <LatitudeDegrees>38.51993</LatitudeDegrees>
            <LongitudeDegrees>-109.33597</LongitudeDegrees>
          </Position>
          <AltitudeMeters>2403.2</AltitudeMeters>
          <DistanceMeters>56456.9</DistanceMeters>
        </Trackpoint>
        <Trackpoint>
          <Time>2026-07-26T03:52:45Z</Time>
          <Position>
            <LatitudeDegrees>38.519585</LatitudeDegrees>
            <LongitudeDegrees>-109.335455</LongitudeDegrees>
          </Position>
          <AltitudeMeters>2404.5</AltitudeMeters>
          <DistanceMeters>56516.0</DistanceMeters>
        </Trackpoint>
        <Trackpoint>
          <Time>2026-07-26T03:52:55Z</Time>
          <Position>
            <LatitudeDegrees>38.51924</LatitudeDegrees>
            <LongitudeDegrees>-109.33494</LongitudeDegrees>
          </Position>
          <AltitudeMeters>2407.7</AltitudeMeters>
          <DistanceMeters>56575.0</DistanceMeters>
        </Trackpoint>
        <Trackpoint>
          <Time>2026-07-26T03:53:05Z</Time>
          <Position>
            <LatitudeDegrees>38.51892</LatitudeDegrees>
            <LongitudeDegrees>-109.3344</LongitudeDegrees>
          </Position>
          <AltitudeMeters>2412.8</AltitudeMeters>
          <DistanceMeters>56634.0</DistanceMeters>
        </Trackpoint>
        <Trackpoint>
          <Time>2026-07-26T03:53:15Z</Time>
          <Position>
            <LatitudeDegrees>38.51874</LatitudeDegrees>
            <LongitudeDegrees>-109.33427</LongitudeDegrees>
          </Position>
          <AltitudeMeters>2413.5</AltitudeMeters>
          <DistanceMeters>56657.0</DistanceMeters>
        </Trackpoint>
        <Trackpoint>
          <Time>2026-07-26T03:53:25Z</Time>
          <Position>
            <LatitudeDegrees>38.51852</LatitudeDegrees>
            <LongitudeDegrees>-109.33422</LongitudeDegrees>
          </Position>
          <AltitudeMeters>2415.7</AltitudeMeters>
          <DistanceMeters>56681.9</DistanceMeters>
        </Trackpoint>
        <Trackpoint>
          <Time>2026-07-26T03:53:35Z</Time>
          <Position>
            <LatitudeDegrees>38.51772</LatitudeDegrees>
            <LongitudeDegrees>-109.33422</LongitudeDegrees>
          </Position>
          <AltitudeMeters>2419.4</AltitudeMeters>
          <DistanceMeters>56771.0</DistanceMeters>
        </Trackpoint>
        <Trackpoint>
          <Time>2026-07-26T03:53:45Z</Time>
          <Position>
            <LatitudeDegrees>38.51692</LatitudeDegrees>
            <LongitudeDegrees>-109.33397</LongitudeDegrees>
          </Position>
          <AltitudeMeters>2419.9</AltitudeMeters>
          <DistanceMeters>56862.7</DistanceMeters>
        </Trackpoint>
        <Trackpoint>
          <Time>2026-07-26T03:53:55Z</Time>
          <Position>
            <LatitudeDegrees>38.516129</LatitudeDegrees>
            <LongitudeDegrees>-109.33378</LongitudeDegrees>
          </Position>
          <AltitudeMeters>2417.5</AltitudeMeters>
          <DistanceMeters>56952.2</DistanceMeters>
        </Trackpoint>
        <Trackpoint>
          <Time>2026-07-26T03:54:05Z</Time>
          <Position>
            <LatitudeDegrees>38.51543</LatitudeDegrees>
            <LongitudeDegrees>-109.33351</LongitudeDegrees>
          </Position>
          <AltitudeMeters>2415.4</AltitudeMeters>
          <DistanceMeters>57033.5</DistanceMeters>
        </Trackpoint>
        <Trackpoint>
          <Time>2026-07-26T03:54:15Z</Time>
          <Position>
            <LatitudeDegrees>38.514995</LatitudeDegrees>
            <LongitudeDegrees>-109.33332</LongitudeDegrees>
          </Position>
          <AltitudeMeters>2413.6</AltitudeMeters>
          <DistanceMeters>57084.7</DistanceMeters>
        </Trackpoint>
        <Trackpoint>
          <Time>2026-07-26T03:54:25Z</Time>
          <Position>
            <LatitudeDegrees>38.51456</LatitudeDegrees>
            <LongitudeDegrees>-109.33313</LongitudeDegrees>
          </Position>
          <AltitudeMeters>2411.5</AltitudeMeters>
          <DistanceMeters>57135.9</DistanceMeters>
        </Trackpoint>
        <Trackpoint>
          <Time>2026-07-26T03:54:35Z</Time>
          <Position>
            <LatitudeDegrees>38.51443</LatitudeDegrees>
            <LongitudeDegrees>-109.33315</LongitudeDegrees>
          </Position>
          <AltitudeMeters>2410.4</AltitudeMeters>
          <DistanceMeters>57150.5</DistanceMeters>
        </Trackpoint>
        <Trackpoint>
          <Time>2026-07-26T03:54:45Z</Time>
          <Position>
            <LatitudeDegrees>38.51422</LatitudeDegrees>
            <LongitudeDegrees>-109.33324</LongitudeDegrees>
          </Position>
          <AltitudeMeters>2407.9</AltitudeMeters>
          <DistanceMeters>57175.1</DistanceMeters>
        </Trackpoint>
        <Trackpoint>
          <Time>2026-07-26T03:54:55Z</Time>
          <Position>
            <LatitudeDegrees>38.51354</LatitudeDegrees>
            <LongitudeDegrees>-109.33366</LongitudeDegrees>
          </Position>
          <AltitudeMeters>2399.3</AltitudeMeters>
          <DistanceMeters>57259.2</DistanceMeters>
        </Trackpoint>
        <Trackpoint>
          <Time>2026-07-26T03:55:05Z</Time>
          <Position>
            <LatitudeDegrees>38.51326</LatitudeDegrees>
            <LongitudeDegrees>-109.33396</LongitudeDegrees>
          </Position>
          <AltitudeMeters>2397.8</AltitudeMeters>
          <DistanceMeters>57299.9</DistanceMeters>
        </Trackpoint>
        <Trackpoint>
          <Time>2026-07-26T03:55:15Z</Time>
          <Position>
            <LatitudeDegrees>38.51279</LatitudeDegrees>
            <LongitudeDegrees>-109.33476</LongitudeDegrees>
          </Position>
          <AltitudeMeters>2395.8</AltitudeMeters>
          <DistanceMeters>57387.0</DistanceMeters>
        </Trackpoint>
        <Trackpoint>
          <Time>2026-07-26T03:55:25Z</Time>
          <Position>
            <LatitudeDegrees>38.51243</LatitudeDegrees>
            <LongitudeDegrees>-109.335635</LongitudeDegrees>
          </Position>
          <AltitudeMeters>2394.8</AltitudeMeters>
          <DistanceMeters>57473.1</DistanceMeters>
        </Trackpoint>
        <Trackpoint>
          <Time>2026-07-26T03:55:35Z</Time>
          <Position>
            <LatitudeDegrees>38.51207</LatitudeDegrees>
            <LongitudeDegrees>-109.33651</LongitudeDegrees>
          </Position>
          <AltitudeMeters>2393.9</AltitudeMeters>
          <DistanceMeters>57559.2</DistanceMeters>
        </Trackpoint>
        <Trackpoint>
          <Time>2026-07-26T03:55:45Z</Time>
          <Position>
            <LatitudeDegrees>38.51157</LatitudeDegrees>
            <LongitudeDegrees>-109.33725</LongitudeDegrees>
          </Position>
          <AltitudeMeters>2393.8</AltitudeMeters>
          <DistanceMeters>57644.4</DistanceMeters>
        </Trackpoint>
        <Trackpoint>
          <Time>2026-07-26T03:55:55Z</Time>
          <Position>
            <LatitudeDegrees>38.511069</LatitudeDegrees>
            <LongitudeDegrees>-109.33799</LongitudeDegrees>
          </Position>
          <AltitudeMeters>2393.6</AltitudeMeters>
          <DistanceMeters>57729.6</DistanceMeters>
        </Trackpoint>
        <Trackpoint>
          <Time>2026-07-26T03:56:05Z</Time>
          <Position>
            <LatitudeDegrees>38.51065</LatitudeDegrees>
            <LongitudeDegrees>-109.33844</LongitudeDegrees>
          </Position>
          <AltitudeMeters>2391.8</AltitudeMeters>
          <DistanceMeters>57790.6</DistanceMeters>
        </Trackpoint>
        <Trackpoint>
          <Time>2026-07-26T03:56:15Z</Time>
          <Position>
            <LatitudeDegrees>38.51027</LatitudeDegrees>
            <LongitudeDegrees>-109.33877</LongitudeDegrees>
          </Position>
          <AltitudeMeters>2389.1</AltitudeMeters>
          <DistanceMeters>57841.7</DistanceMeters>
        </Trackpoint>
        <Trackpoint>
          <Time>2026-07-26T03:56:25Z</Time>
          <Position>
            <LatitudeDegrees>38.50989</LatitudeDegrees>
            <LongitudeDegrees>-109.3391</LongitudeDegrees>
          </Position>
          <AltitudeMeters>2386.4</AltitudeMeters>
          <DistanceMeters>57892.8</DistanceMeters>
        </Trackpoint>
        <Trackpoint>
          <Time>2026-07-26T03:56:35Z</Time>
          <Position>
            <LatitudeDegrees>38.50936</LatitudeDegrees>
            <LongitudeDegrees>-109.33933</LongitudeDegrees>
          </Position>
          <AltitudeMeters>2384.6</AltitudeMeters>
          <DistanceMeters>57955.2</DistanceMeters>
        </Trackpoint>
        <Trackpoint>
          <Time>2026-07-26T03:56:45Z</Time>
          <Position>
            <LatitudeDegrees>38.5089</LatitudeDegrees>
            <LongitudeDegrees>-109.33948</LongitudeDegrees>
          </Position>
          <AltitudeMeters>2382.1</AltitudeMeters>
          <DistanceMeters>58008.0</DistanceMeters>
        </Trackpoint>
        <Trackpoint>
          <Time>2026-07-26T03:56:55Z</Time>
          <Position>
            <LatitudeDegrees>38.50856</LatitudeDegrees>
            <LongitudeDegrees>-109.33951</LongitudeDegrees>
          </Position>
          <AltitudeMeters>2379.2</AltitudeMeters>
          <DistanceMeters>58045.9</DistanceMeters>
        </Trackpoint>
        <Trackpoint>
          <Time>2026-07-26T03:57:05Z</Time>
          <Position>
            <LatitudeDegrees>38.50826</LatitudeDegrees>
            <LongitudeDegrees>-109.33946</LongitudeDegrees>
          </Position>
          <AltitudeMeters>2378.2</AltitudeMeters>
          <DistanceMeters>58079.6</DistanceMeters>
        </Trackpoint>
        <Trackpoint>
          <Time>2026-07-26T03:57:15Z</Time>
          <Position>
            <LatitudeDegrees>38.50785</LatitudeDegrees>
            <LongitudeDegrees>-109.33907</LongitudeDegrees>
          </Position>
          <AltitudeMeters>2377.4</AltitudeMeters>
          <DistanceMeters>58136.5</DistanceMeters>
        </Trackpoint>
        <Trackpoint>
          <Time>2026-07-26T03:57:25Z</Time>
          <Position>
            <LatitudeDegrees>38.50785</LatitudeDegrees>
            <LongitudeDegrees>-109.33908</LongitudeDegrees>
          </Position>
          <AltitudeMeters>2377.4</AltitudeMeters>
          <DistanceMeters>58137.4</DistanceMeters>
        </Trackpoint>
        <Trackpoint>
          <Time>2026-07-26T03:57:35Z</Time>
          <Position>
            <LatitudeDegrees>38.50732</LatitudeDegrees>
            <LongitudeDegrees>-109.33848</LongitudeDegrees>
          </Position>
          <AltitudeMeters>2377.7</AltitudeMeters>
          <DistanceMeters>58216.2</DistanceMeters>
        </Trackpoint>
        <Trackpoint>
          <Time>2026-07-26T03:57:45Z</Time>
          <Position>
            <LatitudeDegrees>38.50711</LatitudeDegrees>
            <LongitudeDegrees>-109.33818</LongitudeDegrees>
          </Position>
          <AltitudeMeters>2377.9</AltitudeMeters>
          <DistanceMeters>58251.3</DistanceMeters>
        </Trackpoint>
        <Trackpoint>
          <Time>2026-07-26T03:57:55Z</Time>
          <Position>
            <LatitudeDegrees>38.506929</LatitudeDegrees>
            <LongitudeDegrees>-109.33759</LongitudeDegrees>
          </Position>
          <AltitudeMeters>2377.7</AltitudeMeters>
          <DistanceMeters>58306.4</DistanceMeters>
        </Trackpoint>
        <Trackpoint>
          <Time>2026-07-26T03:58:05Z</Time>
          <Position>
            <LatitudeDegrees>38.50674</LatitudeDegrees>
            <LongitudeDegrees>-109.33736</LongitudeDegrees>
          </Position>
          <AltitudeMeters>2377.9</AltitudeMeters>
          <DistanceMeters>58335.6</DistanceMeters>
        </Trackpoint>
        <Trackpoint>
          <Time>2026-07-26T03:58:15Z</Time>
          <Position>
            <LatitudeDegrees>38.50641</LatitudeDegrees>
            <LongitudeDegrees>-109.33706</LongitudeDegrees>
          </Position>
          <AltitudeMeters>2378.6</AltitudeMeters>
          <DistanceMeters>58380.6</DistanceMeters>
        </Trackpoint>
        <Trackpoint>
          <Time>2026-07-26T03:58:25Z</Time>
          <Position>
            <LatitudeDegrees>38.506189</LatitudeDegrees>
            <LongitudeDegrees>-109.33665</LongitudeDegrees>
          </Position>
          <AltitudeMeters>2378.6</AltitudeMeters>
          <DistanceMeters>58424.0</DistanceMeters>
        </Trackpoint>
        <Trackpoint>
          <Time>2026-07-26T03:58:35Z</Time>
          <Position>
            <LatitudeDegrees>38.50594</LatitudeDegrees>
            <LongitudeDegrees>-109.336025</LongitudeDegrees>
          </Position>
          <AltitudeMeters>2377.5</AltitudeMeters>
          <DistanceMeters>58485.1</DistanceMeters>
        </Trackpoint>
        <Trackpoint>
          <Time>2026-07-26T03:58:45Z</Time>
          <Position>
            <LatitudeDegrees>38.50569</LatitudeDegrees>
            <LongitudeDegrees>-109.3354</LongitudeDegrees>
          </Position>
          <AltitudeMeters>2377.2</AltitudeMeters>
          <DistanceMeters>58546.2</DistanceMeters>
        </Trackpoint>
        <Trackpoint>
          <Time>2026-07-26T03:58:55Z</Time>
          <Position>
            <LatitudeDegrees>38.5053</LatitudeDegrees>
            <LongitudeDegrees>-109.3346</LongitudeDegrees>
          </Position>
          <AltitudeMeters>2377.5</AltitudeMeters>
          <DistanceMeters>58628.3</DistanceMeters>
        </Trackpoint>
        <Trackpoint>
          <Time>2026-07-26T03:59:05Z</Time>
          <Position>
            <LatitudeDegrees>38.50515</LatitudeDegrees>
            <LongitudeDegrees>-109.33433</LongitudeDegrees>
          </Position>
          <AltitudeMeters>2377.5</AltitudeMeters>
          <DistanceMeters>58657.2</DistanceMeters>
        </Trackpoint>
        <Trackpoint>
          <Time>2026-07-26T03:59:15Z</Time>
          <Position>
            <LatitudeDegrees>38.50488</LatitudeDegrees>
            <LongitudeDegrees>-109.33405</LongitudeDegrees>
          </Position>
          <AltitudeMeters>2377.5</AltitudeMeters>
          <DistanceMeters>58695.9</DistanceMeters>
        </Trackpoint>
        <Trackpoint>
          <Time>2026-07-26T03:59:25Z</Time>
          <Position>
            <LatitudeDegrees>38.50466</LatitudeDegrees>
            <LongitudeDegrees>-109.33373</LongitudeDegrees>
          </Position>
          <AltitudeMeters>2377.6</AltitudeMeters>
          <DistanceMeters>58733.0</DistanceMeters>
        </Trackpoint>
        <Trackpoint>
          <Time>2026-07-26T03:59:35Z</Time>
          <Position>
            <LatitudeDegrees>38.5046</LatitudeDegrees>
            <LongitudeDegrees>-109.33346</LongitudeDegrees>
          </Position>
          <AltitudeMeters>2377.8</AltitudeMeters>
          <DistanceMeters>58757.5</DistanceMeters>
        </Trackpoint>
        <Trackpoint>
          <Time>2026-07-26T03:59:45Z</Time>
          <Position>
            <LatitudeDegrees>38.50464</LatitudeDegrees>
            <LongitudeDegrees>-109.33317</LongitudeDegrees>
          </Position>
          <AltitudeMeters>2377.9</AltitudeMeters>
          <DistanceMeters>58783.1</DistanceMeters>
        </Trackpoint>
        <Trackpoint>
          <Time>2026-07-26T03:59:55Z</Time>
          <Position>
            <LatitudeDegrees>38.504689</LatitudeDegrees>
            <LongitudeDegrees>-109.33301</LongitudeDegrees>
          </Position>
          <AltitudeMeters>2378.1</AltitudeMeters>
          <DistanceMeters>58798.1</DistanceMeters>
        </Trackpoint>
        <Trackpoint>
          <Time>2026-07-26T04:00:05Z</Time>
          <Position>
            <LatitudeDegrees>38.5052</LatitudeDegrees>
            <LongitudeDegrees>-109.33239</LongitudeDegrees>
          </Position>
          <AltitudeMeters>2378.7</AltitudeMeters>
          <DistanceMeters>58876.5</DistanceMeters>
        </Trackpoint>
        <Trackpoint>
          <Time>2026-07-26T04:00:15Z</Time>
          <Position>
            <LatitudeDegrees>38.50527</LatitudeDegrees>
            <LongitudeDegrees>-109.33209</LongitudeDegrees>
          </Position>
          <AltitudeMeters>2379.6</AltitudeMeters>
          <DistanceMeters>58903.8</DistanceMeters>
        </Trackpoint>
        <Trackpoint>
          <Time>2026-07-26T04:00:25Z</Time>
          <Position>
            <LatitudeDegrees>38.50536</LatitudeDegrees>
            <LongitudeDegrees>-109.33127</LongitudeDegrees>
          </Position>
          <AltitudeMeters>2381.2</AltitudeMeters>
          <DistanceMeters>58975.9</DistanceMeters>
        </Trackpoint>
        <Trackpoint>
          <Time>2026-07-26T04:00:35Z</Time>
          <Position>
            <LatitudeDegrees>38.50536</LatitudeDegrees>
            <LongitudeDegrees>-109.33082</LongitudeDegrees>
          </Position>
          <AltitudeMeters>2382.4</AltitudeMeters>
          <DistanceMeters>59015.1</DistanceMeters>
        </Trackpoint>
        <Trackpoint>
          <Time>2026-07-26T04:00:45Z</Time>
          <Position>
            <LatitudeDegrees>38.50524</LatitudeDegrees>
            <LongitudeDegrees>-109.33042</LongitudeDegrees>
          </Position>
          <AltitudeMeters>2382.9</AltitudeMeters>
          <DistanceMeters>59052.4</DistanceMeters>
        </Trackpoint>
        <Trackpoint>
          <Time>2026-07-26T04:00:55Z</Time>
          <Position>
            <LatitudeDegrees>38.505</LatitudeDegrees>
            <LongitudeDegrees>-109.32997</LongitudeDegrees>
          </Position>
          <AltitudeMeters>2382.6</AltitudeMeters>
          <DistanceMeters>59099.8</DistanceMeters>
        </Trackpoint>
        <Trackpoint>
          <Time>2026-07-26T04:01:05Z</Time>
          <Position>
            <LatitudeDegrees>38.50475</LatitudeDegrees>
            <LongitudeDegrees>-109.3297</LongitudeDegrees>
          </Position>
          <AltitudeMeters>2381.6</AltitudeMeters>
          <DistanceMeters>59136.3</DistanceMeters>
        </Trackpoint>
        <Trackpoint>
          <Time>2026-07-26T04:01:15Z</Time>
          <Position>
            <LatitudeDegrees>38.50448</LatitudeDegrees>
            <LongitudeDegrees>-109.32961</LongitudeDegrees>
          </Position>
          <AltitudeMeters>2381.5</AltitudeMeters>
          <DistanceMeters>59167.3</DistanceMeters>
        </Trackpoint>
        <Trackpoint>
          <Time>2026-07-26T04:01:25Z</Time>
          <Position>
            <LatitudeDegrees>38.50361</LatitudeDegrees>
            <LongitudeDegrees>-109.32948</LongitudeDegrees>
          </Position>
          <AltitudeMeters>2384.0</AltitudeMeters>
          <DistanceMeters>59264.8</DistanceMeters>
        </Trackpoint>
        <Trackpoint>
          <Time>2026-07-26T04:01:35Z</Time>
          <Position>
            <LatitudeDegrees>38.50341</LatitudeDegrees>
            <LongitudeDegrees>-109.32939</LongitudeDegrees>
          </Position>
          <AltitudeMeters>2384.8</AltitudeMeters>
          <DistanceMeters>59288.5</DistanceMeters>
        </Trackpoint>
        <Trackpoint>
          <Time>2026-07-26T04:01:45Z</Time>
          <Position>
            <LatitudeDegrees>38.5032</LatitudeDegrees>
            <LongitudeDegrees>-109.32918</LongitudeDegrees>
          </Position>
          <AltitudeMeters>2384.8</AltitudeMeters>
          <DistanceMeters>59318.1</DistanceMeters>
        </Trackpoint>
        <Trackpoint>
          <Time>2026-07-26T04:01:55Z</Time>
          <Position>
            <LatitudeDegrees>38.502989</LatitudeDegrees>
            <LongitudeDegrees>-109.32867</LongitudeDegrees>
          </Position>
          <AltitudeMeters>2386.7</AltitudeMeters>
          <DistanceMeters>59368.3</DistanceMeters>
        </Trackpoint>
        <Trackpoint>
          <Time>2026-07-26T04:02:05Z</Time>
          <Position>
            <LatitudeDegrees>38.50287</LatitudeDegrees>
            <LongitudeDegrees>-109.32831</LongitudeDegrees>
          </Position>
          <AltitudeMeters>2388.4</AltitudeMeters>
          <DistanceMeters>59402.4</DistanceMeters>
        </Trackpoint>
        <Trackpoint>
          <Time>2026-07-26T04:02:15Z</Time>
          <Position>
            <LatitudeDegrees>38.5027</LatitudeDegrees>
            <LongitudeDegrees>-109.32809</LongitudeDegrees>
          </Position>
          <AltitudeMeters>2390.4</AltitudeMeters>
          <DistanceMeters>59429.4</DistanceMeters>
        </Trackpoint>
        <Trackpoint>
          <Time>2026-07-26T04:02:25Z</Time>
          <Position>
            <LatitudeDegrees>38.50246</LatitudeDegrees>
            <LongitudeDegrees>-109.32793</LongitudeDegrees>
          </Position>
          <AltitudeMeters>2391.3</AltitudeMeters>
          <DistanceMeters>59459.5</DistanceMeters>
        </Trackpoint>
        <Trackpoint>
          <Time>2026-07-26T04:02:35Z</Time>
          <Position>
            <LatitudeDegrees>38.50182</LatitudeDegrees>
            <LongitudeDegrees>-109.32763</LongitudeDegrees>
          </Position>
          <AltitudeMeters>2395.1</AltitudeMeters>
          <DistanceMeters>59535.4</DistanceMeters>
        </Trackpoint>
        <Trackpoint>
          <Time>2026-07-26T04:02:45Z</Time>
          <Position>
            <LatitudeDegrees>38.50118</LatitudeDegrees>
            <LongitudeDegrees>-109.32733</LongitudeDegrees>
          </Position>
          <AltitudeMeters>2398.4</AltitudeMeters>
          <DistanceMeters>59611.3</DistanceMeters>
        </Trackpoint>
        <Trackpoint>
          <Time>2026-07-26T04:02:55Z</Time>
          <Position>
            <LatitudeDegrees>38.5005</LatitudeDegrees>
            <LongitudeDegrees>-109.32716</LongitudeDegrees>
          </Position>
          <AltitudeMeters>2399.7</AltitudeMeters>
          <DistanceMeters>59688.4</DistanceMeters>
        </Trackpoint>
        <Trackpoint>
          <Time>2026-07-26T04:03:05Z</Time>
          <Position>
            <LatitudeDegrees>38.50014</LatitudeDegrees>
            <LongitudeDegrees>-109.32716</LongitudeDegrees>
          </Position>
          <AltitudeMeters>2400.5</AltitudeMeters>
          <DistanceMeters>59728.5</DistanceMeters>
        </Trackpoint>
        <Trackpoint>
          <Time>2026-07-26T04:03:15Z</Time>
          <Position>
            <LatitudeDegrees>38.4998</LatitudeDegrees>
            <LongitudeDegrees>-109.32723</LongitudeDegrees>
          </Position>
          <AltitudeMeters>2402.0</AltitudeMeters>
          <DistanceMeters>59766.8</DistanceMeters>
        </Trackpoint>
        <Trackpoint>
          <Time>2026-07-26T04:03:25Z</Time>
          <Position>
            <LatitudeDegrees>38.499315</LatitudeDegrees>
            <LongitudeDegrees>-109.327375</LongitudeDegrees>
          </Position>
          <AltitudeMeters>2405.5</AltitudeMeters>
          <DistanceMeters>59822.3</DistanceMeters>
        </Trackpoint>
        <Trackpoint>
          <Time>2026-07-26T04:03:35Z</Time>
          <Position>
            <LatitudeDegrees>38.49883</LatitudeDegrees>
            <LongitudeDegrees>-109.32752</LongitudeDegrees>
          </Position>
          <AltitudeMeters>2407.8</AltitudeMeters>
          <DistanceMeters>59877.7</DistanceMeters>
        </Trackpoint>
        <Trackpoint>
          <Time>2026-07-26T04:03:45Z</Time>
          <Position>
            <LatitudeDegrees>38.49843</LatitudeDegrees>
            <LongitudeDegrees>-109.32773</LongitudeDegrees>
          </Position>
          <AltitudeMeters>2410.9</AltitudeMeters>
          <DistanceMeters>59925.8</DistanceMeters>
        </Trackpoint>
        <Trackpoint>
          <Time>2026-07-26T04:03:55Z</Time>
          <Position>
            <LatitudeDegrees>38.49829</LatitudeDegrees>
            <LongitudeDegrees>-109.32783</LongitudeDegrees>
          </Position>
          <AltitudeMeters>2411.4</AltitudeMeters>
          <DistanceMeters>59943.7</DistanceMeters>
        </Trackpoint>
        <Trackpoint>
          <Time>2026-07-26T04:04:05Z</Time>
          <Position>
            <LatitudeDegrees>38.49818</LatitudeDegrees>
            <LongitudeDegrees>-109.32788</LongitudeDegrees>
          </Position>
          <AltitudeMeters>2411.9</AltitudeMeters>
          <DistanceMeters>59956.7</DistanceMeters>
        </Trackpoint>
        <Trackpoint>
          <Time>2026-07-26T04:04:15Z</Time>
          <Position>
            <LatitudeDegrees>38.498</LatitudeDegrees>
            <LongitudeDegrees>-109.32792</LongitudeDegrees>
          </Position>
          <AltitudeMeters>2412.9</AltitudeMeters>
          <DistanceMeters>59977.0</DistanceMeters>
        </Trackpoint>
        <Trackpoint>
          <Time>2026-07-26T04:04:25Z</Time>
          <Position>
            <LatitudeDegrees>38.49789</LatitudeDegrees>
            <LongitudeDegrees>-109.32791</LongitudeDegrees>
          </Position>
          <AltitudeMeters>2413.2</AltitudeMeters>
          <DistanceMeters>59989.3</DistanceMeters>
        </Trackpoint>
        <Trackpoint>
          <Time>2026-07-26T04:04:35Z</Time>
          <Position>
            <LatitudeDegrees>38.49774</LatitudeDegrees>
            <LongitudeDegrees>-109.32786</LongitudeDegrees>
          </Position>
          <AltitudeMeters>2413.4</AltitudeMeters>
          <DistanceMeters>60006.6</DistanceMeters>
        </Trackpoint>
        <Trackpoint>
          <Time>2026-07-26T04:04:45Z</Time>
          <Position>
            <LatitudeDegrees>38.49757</LatitudeDegrees>
            <LongitudeDegrees>-109.32773</LongitudeDegrees>
          </Position>
          <AltitudeMeters>2412.3</AltitudeMeters>
          <DistanceMeters>60028.6</DistanceMeters>
        </Trackpoint>
        <Trackpoint>
          <Time>2026-07-26T04:04:55Z</Time>
          <Position>
            <LatitudeDegrees>38.49743</LatitudeDegrees>
            <LongitudeDegrees>-109.32742</LongitudeDegrees>
          </Position>
          <AltitudeMeters>2409.9</AltitudeMeters>
          <DistanceMeters>60059.8</DistanceMeters>
        </Trackpoint>
        <Trackpoint>
          <Time>2026-07-26T04:05:05Z</Time>
          <Position>
            <LatitudeDegrees>38.49722</LatitudeDegrees>
            <LongitudeDegrees>-109.32661</LongitudeDegrees>
          </Position>
          <AltitudeMeters>2402.2</AltitudeMeters>
          <DistanceMeters>60134.1</DistanceMeters>
        </Trackpoint>
        <Trackpoint>
          <Time>2026-07-26T04:05:15Z</Time>
          <Position>
            <LatitudeDegrees>38.49701</LatitudeDegrees>
            <LongitudeDegrees>-109.3258</LongitudeDegrees>
          </Position>
          <AltitudeMeters>2398.3</AltitudeMeters>
          <DistanceMeters>60208.5</DistanceMeters>
        </Trackpoint>
        <Trackpoint>
          <Time>2026-07-26T04:05:25Z</Time>
          <Position>
            <LatitudeDegrees>38.496845</LatitudeDegrees>
            <LongitudeDegrees>-109.32523</LongitudeDegrees>
          </Position>
          <AltitudeMeters>2394.7</AltitudeMeters>
          <DistanceMeters>60261.4</DistanceMeters>
        </Trackpoint>
        <Trackpoint>
          <Time>2026-07-26T04:05:35Z</Time>
          <Position>
            <LatitudeDegrees>38.49668</LatitudeDegrees>
            <LongitudeDegrees>-109.32466</LongitudeDegrees>
          </Position>
          <AltitudeMeters>2390.9</AltitudeMeters>
          <DistanceMeters>60314.4</DistanceMeters>
        </Trackpoint>
        <Trackpoint>
          <Time>2026-07-26T04:05:45Z</Time>
          <Position>
            <LatitudeDegrees>38.496609</LatitudeDegrees>
            <LongitudeDegrees>-109.3243</LongitudeDegrees>
          </Position>
          <AltitudeMeters>2390.0</AltitudeMeters>
          <DistanceMeters>60346.7</DistanceMeters>
        </Trackpoint>
        <Trackpoint>
          <Time>2026-07-26T04:05:55Z</Time>
          <Position>
            <LatitudeDegrees>38.49666</LatitudeDegrees>
            <LongitudeDegrees>-109.32402</LongitudeDegrees>
          </Position>
          <AltitudeMeters>2388.3</AltitudeMeters>
          <DistanceMeters>60371.7</DistanceMeters>
        </Trackpoint>
        <Trackpoint>
          <Time>2026-07-26T04:06:05Z</Time>
          <Position>
            <LatitudeDegrees>38.49692</LatitudeDegrees>
            <LongitudeDegrees>-109.32352</LongitudeDegrees>
          </Position>
          <AltitudeMeters>2384.7</AltitudeMeters>
          <DistanceMeters>60424.0</DistanceMeters>
        </Trackpoint>
        <Trackpoint>
          <Time>2026-07-26T04:06:15Z</Time>
          <Position>
            <LatitudeDegrees>38.49695</LatitudeDegrees>
            <LongitudeDegrees>-109.32326</LongitudeDegrees>
          </Position>
          <AltitudeMeters>2383.9</AltitudeMeters>
          <DistanceMeters>60446.9</DistanceMeters>
        </Trackpoint>
        <Trackpoint>
          <Time>2026-07-26T04:06:25Z</Time>
          <Position>
            <LatitudeDegrees>38.49687</LatitudeDegrees>
            <LongitudeDegrees>-109.32296</LongitudeDegrees>
          </Position>
          <AltitudeMeters>2381.9</AltitudeMeters>
          <DistanceMeters>60474.5</DistanceMeters>
        </Trackpoint>
        <Trackpoint>
          <Time>2026-07-26T04:06:35Z</Time>
          <Position>
            <LatitudeDegrees>38.49665</LatitudeDegrees>
            <LongitudeDegrees>-109.32272</LongitudeDegrees>
          </Position>
          <AltitudeMeters>2381.2</AltitudeMeters>
          <DistanceMeters>60506.7</DistanceMeters>
        </Trackpoint>
        <Trackpoint>
          <Time>2026-07-26T04:06:45Z</Time>
          <Position>
            <LatitudeDegrees>38.49591</LatitudeDegrees>
            <LongitudeDegrees>-109.32209</LongitudeDegrees>
          </Position>
          <AltitudeMeters>2382.0</AltitudeMeters>
          <DistanceMeters>60605.7</DistanceMeters>
        </Trackpoint>
        <Trackpoint>
          <Time>2026-07-26T04:06:55Z</Time>
          <Position>
            <LatitudeDegrees>38.49574</LatitudeDegrees>
            <LongitudeDegrees>-109.32182</LongitudeDegrees>
          </Position>
          <AltitudeMeters>2382.7</AltitudeMeters>
          <DistanceMeters>60635.9</DistanceMeters>
        </Trackpoint>
        <Trackpoint>
          <Time>2026-07-26T04:07:05Z</Time>
          <Position>
            <LatitudeDegrees>38.49569</LatitudeDegrees>
            <LongitudeDegrees>-109.32151</LongitudeDegrees>
          </Position>
          <AltitudeMeters>2383.8</AltitudeMeters>
          <DistanceMeters>60663.5</DistanceMeters>
        </Trackpoint>
        <Trackpoint>
          <Time>2026-07-26T04:07:15Z</Time>
          <Position>
            <LatitudeDegrees>38.49576</LatitudeDegrees>
            <LongitudeDegrees>-109.32089</LongitudeDegrees>
          </Position>
          <AltitudeMeters>2386.0</AltitudeMeters>
          <DistanceMeters>60718.1</DistanceMeters>
        </Trackpoint>
        <Trackpoint>
          <Time>2026-07-26T04:07:25Z</Time>
          <Position>
            <LatitudeDegrees>38.49556</LatitudeDegrees>
            <LongitudeDegrees>-109.32026</LongitudeDegrees>
          </Position>
          <AltitudeMeters>2388.4</AltitudeMeters>
          <DistanceMeters>60777.3</DistanceMeters>
        </Trackpoint>
        <Trackpoint>
          <Time>2026-07-26T04:07:35Z</Time>
          <Position>
            <LatitudeDegrees>38.495489</LatitudeDegrees>
            <LongitudeDegrees>-109.31996</LongitudeDegrees>
          </Position>
          <AltitudeMeters>2388.9</AltitudeMeters>
          <DistanceMeters>60804.6</DistanceMeters>
        </Trackpoint>
        <Trackpoint>
          <Time>2026-07-26T04:07:45Z</Time>
          <Position>
            <LatitudeDegrees>38.4955</LatitudeDegrees>
            <LongitudeDegrees>-109.31967</LongitudeDegrees>
          </Position>
          <AltitudeMeters>2388.9</AltitudeMeters>
          <DistanceMeters>60829.9</DistanceMeters>
        </Trackpoint>
        <Trackpoint>
          <Time>2026-07-26T04:07:55Z</Time>
          <Position>
            <LatitudeDegrees>38.495624</LatitudeDegrees>
            <LongitudeDegrees>-109.31911</LongitudeDegrees>
          </Position>
          <AltitudeMeters>2388.5</AltitudeMeters>
          <DistanceMeters>60880.6</DistanceMeters>
        </Trackpoint>
        <Trackpoint>
          <Time>2026-07-26T04:08:05Z</Time>
          <Position>
            <LatitudeDegrees>38.49575</LatitudeDegrees>
            <LongitudeDegrees>-109.31855</LongitudeDegrees>
          </Position>
          <AltitudeMeters>2389.0</AltitudeMeters>
          <DistanceMeters>60931.3</DistanceMeters>
        </Trackpoint>
        <Trackpoint>
          <Time>2026-07-26T04:08:15Z</Time>
          <Position>
            <LatitudeDegrees>38.49606</LatitudeDegrees>
            <LongitudeDegrees>-109.31753</LongitudeDegrees>
          </Position>
          <AltitudeMeters>2393.3</AltitudeMeters>
          <DistanceMeters>61026.7</DistanceMeters>
        </Trackpoint>
        <Trackpoint>
          <Time>2026-07-26T04:08:25Z</Time>
          <Position>
            <LatitudeDegrees>38.49602</LatitudeDegrees>
            <LongitudeDegrees>-109.31717</LongitudeDegrees>
          </Position>
          <AltitudeMeters>2394.2</AltitudeMeters>
          <DistanceMeters>61058.3</DistanceMeters>
        </Trackpoint>
        <Trackpoint>
          <Time>2026-07-26T04:08:35Z</Time>
          <Position>
            <LatitudeDegrees>38.49594</LatitudeDegrees>
            <LongitudeDegrees>-109.31673</LongitudeDegrees>
          </Position>
          <AltitudeMeters>2396.6</AltitudeMeters>
          <DistanceMeters>61097.7</DistanceMeters>
        </Trackpoint>
        <Trackpoint>
          <Time>2026-07-26T04:08:45Z</Time>
          <Position>
            <LatitudeDegrees>38.49593</LatitudeDegrees>
            <LongitudeDegrees>-109.31636</LongitudeDegrees>
          </Position>
          <AltitudeMeters>2398.2</AltitudeMeters>
          <DistanceMeters>61130.0</DistanceMeters>
        </Trackpoint>
        <Trackpoint>
          <Time>2026-07-26T04:08:55Z</Time>
          <Position>
            <LatitudeDegrees>38.49597</LatitudeDegrees>
            <LongitudeDegrees>-109.31605</LongitudeDegrees>
          </Position>
          <AltitudeMeters>2399.4</AltitudeMeters>
          <DistanceMeters>61157.3</DistanceMeters>
        </Trackpoint>
        <Trackpoint>
          <Time>2026-07-26T04:09:05Z</Time>
          <Position>
            <LatitudeDegrees>38.49616</LatitudeDegrees>
            <LongitudeDegrees>-109.31555</LongitudeDegrees>
          </Position>
          <AltitudeMeters>2402.6</AltitudeMeters>
          <DistanceMeters>61205.8</DistanceMeters>
        </Trackpoint>
        <Trackpoint>
          <Time>2026-07-26T04:09:15Z</Time>
          <Position>
            <LatitudeDegrees>38.49639</LatitudeDegrees>
            <LongitudeDegrees>-109.31506</LongitudeDegrees>
          </Position>
          <AltitudeMeters>2403.8</AltitudeMeters>
          <DistanceMeters>61255.5</DistanceMeters>
        </Trackpoint>
        <Trackpoint>
          <Time>2026-07-26T04:09:25Z</Time>
          <Position>
            <LatitudeDegrees>38.49654</LatitudeDegrees>
            <LongitudeDegrees>-109.3148</LongitudeDegrees>
          </Position>
          <AltitudeMeters>2403.0</AltitudeMeters>
          <DistanceMeters>61283.7</DistanceMeters>
        </Trackpoint>
        <Trackpoint>
          <Time>2026-07-26T04:09:35Z</Time>
          <Position>
            <LatitudeDegrees>38.49664</LatitudeDegrees>
            <LongitudeDegrees>-109.31454</LongitudeDegrees>
          </Position>
          <AltitudeMeters>2402.0</AltitudeMeters>
          <DistanceMeters>61308.9</DistanceMeters>
        </Trackpoint>
        <Trackpoint>
          <Time>2026-07-26T04:09:45Z</Time>
          <Position>
            <LatitudeDegrees>38.49673</LatitudeDegrees>
            <LongitudeDegrees>-109.31421</LongitudeDegrees>
          </Position>
          <AltitudeMeters>2399.4</AltitudeMeters>
          <DistanceMeters>61339.4</DistanceMeters>
        </Trackpoint>
        <Trackpoint>
          <Time>2026-07-26T04:09:55Z</Time>
          <Position>
            <LatitudeDegrees>38.49687</LatitudeDegrees>
            <LongitudeDegrees>-109.31354</LongitudeDegrees>
          </Position>
          <AltitudeMeters>2396.2</AltitudeMeters>
          <DistanceMeters>61399.8</DistanceMeters>
        </Trackpoint>
        <Trackpoint>
          <Time>2026-07-26T04:10:05Z</Time>
          <Position>
            <LatitudeDegrees>38.49698</LatitudeDegrees>
            <LongitudeDegrees>-109.31318</LongitudeDegrees>
          </Position>
          <AltitudeMeters>2388.5</AltitudeMeters>
          <DistanceMeters>61433.5</DistanceMeters>
        </Trackpoint>
        <Trackpoint>
          <Time>2026-07-26T04:10:15Z</Time>
          <Position>
            <LatitudeDegrees>38.49745</LatitudeDegrees>
            <LongitudeDegrees>-109.31224</LongitudeDegrees>
          </Position>
          <AltitudeMeters>2381.4</AltitudeMeters>
          <DistanceMeters>61530.6</DistanceMeters>
        </Trackpoint>
        <Trackpoint>
          <Time>2026-07-26T04:10:25Z</Time>
          <Position>
            <LatitudeDegrees>38.49763</LatitudeDegrees>
            <LongitudeDegrees>-109.31198</LongitudeDegrees>
          </Position>
          <AltitudeMeters>2378.1</AltitudeMeters>
          <DistanceMeters>61560.9</DistanceMeters>
        </Trackpoint>
        <Trackpoint>
          <Time>2026-07-26T04:10:35Z</Time>
          <Position>
            <LatitudeDegrees>38.49786</LatitudeDegrees>
            <LongitudeDegrees>-109.31184</LongitudeDegrees>
          </Position>
          <AltitudeMeters>2375.6</AltitudeMeters>
          <DistanceMeters>61589.2</DistanceMeters>
        </Trackpoint>
        <Trackpoint>
          <Time>2026-07-26T04:10:45Z</Time>
          <Position>
            <LatitudeDegrees>38.49813</LatitudeDegrees>
            <LongitudeDegrees>-109.31179</LongitudeDegrees>
          </Position>
          <AltitudeMeters>2373.4</AltitudeMeters>
          <DistanceMeters>61619.6</DistanceMeters>
        </Trackpoint>
        <Trackpoint>
          <Time>2026-07-26T04:10:55Z</Time>
          <Position>
            <LatitudeDegrees>38.49839</LatitudeDegrees>
            <LongitudeDegrees>-109.31179</LongitudeDegrees>
          </Position>
          <AltitudeMeters>2371.8</AltitudeMeters>
          <DistanceMeters>61648.5</DistanceMeters>
        </Trackpoint>
        <Trackpoint>
          <Time>2026-07-26T04:11:05Z</Time>
          <Position>
            <LatitudeDegrees>38.49864</LatitudeDegrees>
            <LongitudeDegrees>-109.31171</LongitudeDegrees>
          </Position>
          <AltitudeMeters>2370.2</AltitudeMeters>
          <DistanceMeters>61677.2</DistanceMeters>
        </Trackpoint>
        <Trackpoint>
          <Time>2026-07-26T04:11:15Z</Time>
          <Position>
            <LatitudeDegrees>38.4988</LatitudeDegrees>
            <LongitudeDegrees>-109.31157</LongitudeDegrees>
          </Position>
          <AltitudeMeters>2369.0</AltitudeMeters>
          <DistanceMeters>61698.8</DistanceMeters>
        </Trackpoint>
        <Trackpoint>
          <Time>2026-07-26T04:11:25Z</Time>
          <Position>
            <LatitudeDegrees>38.498869</LatitudeDegrees>
            <LongitudeDegrees>-109.31135</LongitudeDegrees>
          </Position>
          <AltitudeMeters>2367.4</AltitudeMeters>
          <DistanceMeters>61719.5</DistanceMeters>
        </Trackpoint>
        <Trackpoint>
          <Time>2026-07-26T04:11:35Z</Time>
          <Position>
            <LatitudeDegrees>38.49884</LatitudeDegrees>
            <LongitudeDegrees>-109.31105</LongitudeDegrees>
          </Position>
          <AltitudeMeters>2364.0</AltitudeMeters>
          <DistanceMeters>61745.9</DistanceMeters>
        </Trackpoint>
        <Trackpoint>
          <Time>2026-07-26T04:11:45Z</Time>
          <Position>
            <LatitudeDegrees>38.49852</LatitudeDegrees>
            <LongitudeDegrees>-109.31041</LongitudeDegrees>
          </Position>
          <AltitudeMeters>2358.9</AltitudeMeters>
          <DistanceMeters>61812.0</DistanceMeters>
        </Trackpoint>
        <Trackpoint>
          <Time>2026-07-26T04:11:55Z</Time>
          <Position>
            <LatitudeDegrees>38.49843</LatitudeDegrees>
            <LongitudeDegrees>-109.31006</LongitudeDegrees>
          </Position>
          <AltitudeMeters>2357.2</AltitudeMeters>
          <DistanceMeters>61844.1</DistanceMeters>
        </Trackpoint>
        <Trackpoint>
          <Time>2026-07-26T04:12:05Z</Time>
          <Position>
            <LatitudeDegrees>38.49846</LatitudeDegrees>
            <LongitudeDegrees>-109.30973</LongitudeDegrees>
          </Position>
          <AltitudeMeters>2352.3</AltitudeMeters>
          <DistanceMeters>61873.1</DistanceMeters>
        </Trackpoint>
        <Trackpoint>
          <Time>2026-07-26T04:12:15Z</Time>
          <Position>
            <LatitudeDegrees>38.498579</LatitudeDegrees>
            <LongitudeDegrees>-109.30942</LongitudeDegrees>
          </Position>
          <AltitudeMeters>2350.0</AltitudeMeters>
          <DistanceMeters>61903.2</DistanceMeters>
        </Trackpoint>
        <Trackpoint>
          <Time>2026-07-26T04:12:25Z</Time>
          <Position>
            <LatitudeDegrees>38.49875</LatitudeDegrees>
            <LongitudeDegrees>-109.30906</LongitudeDegrees>
          </Position>
          <AltitudeMeters>2347.4</AltitudeMeters>
          <DistanceMeters>61939.8</DistanceMeters>
        </Trackpoint>
        <Trackpoint>
          <Time>2026-07-26T04:12:35Z</Time>
          <Position>
            <LatitudeDegrees>38.49919</LatitudeDegrees>
            <LongitudeDegrees>-109.30853</LongitudeDegrees>
          </Position>
          <AltitudeMeters>2343.0</AltitudeMeters>
          <DistanceMeters>62007.1</DistanceMeters>
        </Trackpoint>
        <Trackpoint>
          <Time>2026-07-26T04:12:45Z</Time>
          <Position>
            <LatitudeDegrees>38.4994</LatitudeDegrees>
            <LongitudeDegrees>-109.30823</LongitudeDegrees>
          </Position>
          <AltitudeMeters>2341.1</AltitudeMeters>
          <DistanceMeters>62042.2</DistanceMeters>
        </Trackpoint>
        <Trackpoint>
          <Time>2026-07-26T04:12:55Z</Time>
          <Position>
            <LatitudeDegrees>38.49954</LatitudeDegrees>
            <LongitudeDegrees>-109.3079</LongitudeDegrees>
          </Position>
          <AltitudeMeters>2339.6</AltitudeMeters>
          <DistanceMeters>62074.9</DistanceMeters>
        </Trackpoint>
        <Trackpoint>
          <Time>2026-07-26T04:13:05Z</Time>
          <Position>
            <LatitudeDegrees>38.49973</LatitudeDegrees>
            <LongitudeDegrees>-109.30732</LongitudeDegrees>
          </Position>
          <AltitudeMeters>2338.4</AltitudeMeters>
          <DistanceMeters>62129.7</DistanceMeters>
        </Trackpoint>
        <Trackpoint>
          <Time>2026-07-26T04:13:15Z</Time>
          <Position>
            <LatitudeDegrees>38.49976</LatitudeDegrees>
            <LongitudeDegrees>-109.30709</LongitudeDegrees>
          </Position>
          <AltitudeMeters>2338.2</AltitudeMeters>
          <DistanceMeters>62150.0</DistanceMeters>
        </Trackpoint>
        <Trackpoint>
          <Time>2026-07-26T04:13:25Z</Time>
          <Position>
            <LatitudeDegrees>38.4997</LatitudeDegrees>
            <LongitudeDegrees>-109.30688</LongitudeDegrees>
          </Position>
          <AltitudeMeters>2338.1</AltitudeMeters>
          <DistanceMeters>62169.5</DistanceMeters>
        </Trackpoint>
        <Trackpoint>
          <Time>2026-07-26T04:13:35Z</Time>
          <Position>
            <LatitudeDegrees>38.49957</LatitudeDegrees>
            <LongitudeDegrees>-109.30677</LongitudeDegrees>
          </Position>
          <AltitudeMeters>2337.8</AltitudeMeters>
          <DistanceMeters>62186.8</DistanceMeters>
        </Trackpoint>
        <Trackpoint>
          <Time>2026-07-26T04:13:45Z</Time>
          <Position>
            <LatitudeDegrees>38.49942</LatitudeDegrees>
            <LongitudeDegrees>-109.30678</LongitudeDegrees>
          </Position>
          <AltitudeMeters>2338.8</AltitudeMeters>
          <DistanceMeters>62203.5</DistanceMeters>
        </Trackpoint>
        <Trackpoint>
          <Time>2026-07-26T04:13:55Z</Time>
          <Position>
            <LatitudeDegrees>38.49929</LatitudeDegrees>
            <LongitudeDegrees>-109.30687</LongitudeDegrees>
          </Position>
          <AltitudeMeters>2339.4</AltitudeMeters>
          <DistanceMeters>62220.0</DistanceMeters>
        </Trackpoint>
        <Trackpoint>
          <Time>2026-07-26T04:14:05Z</Time>
          <Position>
            <LatitudeDegrees>38.49908</LatitudeDegrees>
            <LongitudeDegrees>-109.30727</LongitudeDegrees>
          </Position>
          <AltitudeMeters>2342.4</AltitudeMeters>
          <DistanceMeters>62262.0</DistanceMeters>
        </Trackpoint>
        <Trackpoint>
          <Time>2026-07-26T04:14:15Z</Time>
          <Position>
            <LatitudeDegrees>38.49895</LatitudeDegrees>
            <LongitudeDegrees>-109.30745</LongitudeDegrees>
          </Position>
          <AltitudeMeters>2343.4</AltitudeMeters>
          <DistanceMeters>62283.3</DistanceMeters>
        </Trackpoint>
        <Trackpoint>
          <Time>2026-07-26T04:14:25Z</Time>
          <Position>
            <LatitudeDegrees>38.498779</LatitudeDegrees>
            <LongitudeDegrees>-109.30759</LongitudeDegrees>
          </Position>
          <AltitudeMeters>2343.7</AltitudeMeters>
          <DistanceMeters>62305.8</DistanceMeters>
        </Trackpoint>
        <Trackpoint>
          <Time>2026-07-26T04:14:35Z</Time>
          <Position>
            <LatitudeDegrees>38.49859</LatitudeDegrees>
            <LongitudeDegrees>-109.30768</LongitudeDegrees>
          </Position>
          <AltitudeMeters>2343.8</AltitudeMeters>
          <DistanceMeters>62328.4</DistanceMeters>
        </Trackpoint>
        <Trackpoint>
          <Time>2026-07-26T04:14:45Z</Time>
          <Position>
            <LatitudeDegrees>38.49832</LatitudeDegrees>
            <LongitudeDegrees>-109.30791</LongitudeDegrees>
          </Position>
          <AltitudeMeters>2343.9</AltitudeMeters>
          <DistanceMeters>62364.5</DistanceMeters>
        </Trackpoint>
        <Trackpoint>
          <Time>2026-07-26T04:14:55Z</Time>
          <Position>
            <LatitudeDegrees>38.497865</LatitudeDegrees>
            <LongitudeDegrees>-109.308395</LongitudeDegrees>
          </Position>
          <AltitudeMeters>2343.3</AltitudeMeters>
          <DistanceMeters>62430.5</DistanceMeters>
        </Trackpoint>
        <Trackpoint>
          <Time>2026-07-26T04:15:05Z</Time>
          <Position>
            <LatitudeDegrees>38.49741</LatitudeDegrees>
            <LongitudeDegrees>-109.30888</LongitudeDegrees>
          </Position>
          <AltitudeMeters>2342.4</AltitudeMeters>
          <DistanceMeters>62496.4</DistanceMeters>
        </Trackpoint>
        <Trackpoint>
          <Time>2026-07-26T04:15:15Z</Time>
          <Position>
            <LatitudeDegrees>38.49722</LatitudeDegrees>
            <LongitudeDegrees>-109.30906</LongitudeDegrees>
          </Position>
          <AltitudeMeters>2342.3</AltitudeMeters>
          <DistanceMeters>62522.8</DistanceMeters>
        </Trackpoint>
        <Trackpoint>
          <Time>2026-07-26T04:15:25Z</Time>
          <Position>
            <LatitudeDegrees>38.496685</LatitudeDegrees>
            <LongitudeDegrees>-109.309485</LongitudeDegrees>
          </Position>
          <AltitudeMeters>2341.5</AltitudeMeters>
          <DistanceMeters>62592.9</DistanceMeters>
        </Trackpoint>
        <Trackpoint>
          <Time>2026-07-26T04:15:35Z</Time>
          <Position>
            <LatitudeDegrees>38.49615</LatitudeDegrees>
            <LongitudeDegrees>-109.30991</LongitudeDegrees>
          </Position>
          <AltitudeMeters>2341.1</AltitudeMeters>
          <DistanceMeters>62663.0</DistanceMeters>
        </Trackpoint>
        <Trackpoint>
          <Time>2026-07-26T04:15:45Z</Time>
          <Position>
            <LatitudeDegrees>38.49566</LatitudeDegrees>
            <LongitudeDegrees>-109.31055</LongitudeDegrees>
          </Position>
          <AltitudeMeters>2340.7</AltitudeMeters>
          <DistanceMeters>62741.0</DistanceMeters>
        </Trackpoint>
        <Trackpoint>
          <Time>2026-07-26T04:15:55Z</Time>
          <Position>
            <LatitudeDegrees>38.49515</LatitudeDegrees>
            <LongitudeDegrees>-109.31108</LongitudeDegrees>
          </Position>
          <AltitudeMeters>2341.4</AltitudeMeters>
          <DistanceMeters>62814.2</DistanceMeters>
        </Trackpoint>
        <Trackpoint>
          <Time>2026-07-26T04:16:05Z</Time>
          <Position>
            <LatitudeDegrees>38.49499</LatitudeDegrees>
            <LongitudeDegrees>-109.31117</LongitudeDegrees>
          </Position>
          <AltitudeMeters>2341.5</AltitudeMeters>
          <DistanceMeters>62833.7</DistanceMeters>
        </Trackpoint>
        <Trackpoint>
          <Time>2026-07-26T04:16:15Z</Time>
          <Position>
            <LatitudeDegrees>38.49454</LatitudeDegrees>
            <LongitudeDegrees>-109.31118</LongitudeDegrees>
          </Position>
          <AltitudeMeters>2341.4</AltitudeMeters>
          <DistanceMeters>62883.8</DistanceMeters>
        </Trackpoint>
        <Trackpoint>
          <Time>2026-07-26T04:16:25Z</Time>
          <Position>
            <LatitudeDegrees>38.4943</LatitudeDegrees>
            <LongitudeDegrees>-109.31117</LongitudeDegrees>
          </Position>
          <AltitudeMeters>2340.9</AltitudeMeters>
          <DistanceMeters>62910.5</DistanceMeters>
        </Trackpoint>
        <Trackpoint>
          <Time>2026-07-26T04:16:35Z</Time>
          <Position>
            <LatitudeDegrees>38.494079</LatitudeDegrees>
            <LongitudeDegrees>-109.31112</LongitudeDegrees>
          </Position>
          <AltitudeMeters>2340.8</AltitudeMeters>
          <DistanceMeters>62935.4</DistanceMeters>
        </Trackpoint>
        <Trackpoint>
          <Time>2026-07-26T04:16:45Z</Time>
          <Position>
            <LatitudeDegrees>38.49362</LatitudeDegrees>
            <LongitudeDegrees>-109.31085</LongitudeDegrees>
          </Position>
          <AltitudeMeters>2341.2</AltitudeMeters>
          <DistanceMeters>62991.7</DistanceMeters>
        </Trackpoint>
        <Trackpoint>
          <Time>2026-07-26T04:16:55Z</Time>
          <Position>
            <LatitudeDegrees>38.49333</LatitudeDegrees>
            <LongitudeDegrees>-109.31054</LongitudeDegrees>
          </Position>
          <AltitudeMeters>2341.3</AltitudeMeters>
          <DistanceMeters>63033.8</DistanceMeters>
        </Trackpoint>
        <Trackpoint>
          <Time>2026-07-26T04:17:05Z</Time>
          <Position>
            <LatitudeDegrees>38.4932</LatitudeDegrees>
            <LongitudeDegrees>-109.31032</LongitudeDegrees>
          </Position>
          <AltitudeMeters>2341.1</AltitudeMeters>
          <DistanceMeters>63057.8</DistanceMeters>
        </Trackpoint>
        <Trackpoint>
          <Time>2026-07-26T04:17:15Z</Time>
          <Position>
            <LatitudeDegrees>38.49279</LatitudeDegrees>
            <LongitudeDegrees>-109.30987</LongitudeDegrees>
          </Position>
          <AltitudeMeters>2341.3</AltitudeMeters>
          <DistanceMeters>63118.0</DistanceMeters>
        </Trackpoint>
        <Trackpoint>
          <Time>2026-07-26T04:17:25Z</Time>
          <Position>
            <LatitudeDegrees>38.492669</LatitudeDegrees>
            <LongitudeDegrees>-109.30965</LongitudeDegrees>
          </Position>
          <AltitudeMeters>2342.0</AltitudeMeters>
          <DistanceMeters>63141.4</DistanceMeters>
        </Trackpoint>
        <Trackpoint>
          <Time>2026-07-26T04:17:35Z</Time>
          <Position>
            <LatitudeDegrees>38.492355</LatitudeDegrees>
            <LongitudeDegrees>-109.308825</LongitudeDegrees>
          </Position>
          <AltitudeMeters>2348.4</AltitudeMeters>
          <DistanceMeters>63221.3</DistanceMeters>
        </Trackpoint>
        <Trackpoint>
          <Time>2026-07-26T04:17:45Z</Time>
          <Position>
            <LatitudeDegrees>38.49204</LatitudeDegrees>
            <LongitudeDegrees>-109.308</LongitudeDegrees>
          </Position>
          <AltitudeMeters>2353.5</AltitudeMeters>
          <DistanceMeters>63301.3</DistanceMeters>
        </Trackpoint>
        <Trackpoint>
          <Time>2026-07-26T04:17:55Z</Time>
          <Position>
            <LatitudeDegrees>38.49189</LatitudeDegrees>
            <LongitudeDegrees>-109.30742</LongitudeDegrees>
          </Position>
          <AltitudeMeters>2358.8</AltitudeMeters>
          <DistanceMeters>63354.5</DistanceMeters>
        </Trackpoint>
        <Trackpoint>
          <Time>2026-07-26T04:18:05Z</Time>
          <Position>
            <LatitudeDegrees>38.49176</LatitudeDegrees>
            <LongitudeDegrees>-109.30723</LongitudeDegrees>
          </Position>
          <AltitudeMeters>2359.6</AltitudeMeters>
          <DistanceMeters>63376.5</DistanceMeters>
        </Trackpoint>
        <Trackpoint>
          <Time>2026-07-26T04:18:15Z</Time>
          <Position>
            <LatitudeDegrees>38.4916</LatitudeDegrees>
            <LongitudeDegrees>-109.30714</LongitudeDegrees>
          </Position>
          <AltitudeMeters>2361.4</AltitudeMeters>
          <DistanceMeters>63396.0</DistanceMeters>
        </Trackpoint>
        <Trackpoint>
          <Time>2026-07-26T04:18:25Z</Time>
          <Position>
            <LatitudeDegrees>38.49142</LatitudeDegrees>
            <LongitudeDegrees>-109.30711</LongitudeDegrees>
          </Position>
          <AltitudeMeters>2363.3</AltitudeMeters>
          <DistanceMeters>63416.2</DistanceMeters>
        </Trackpoint>
        <Trackpoint>
          <Time>2026-07-26T04:18:35Z</Time>
          <Position>
            <LatitudeDegrees>38.49127</LatitudeDegrees>
            <LongitudeDegrees>-109.3072</LongitudeDegrees>
          </Position>
          <AltitudeMeters>2365.1</AltitudeMeters>
          <DistanceMeters>63434.6</DistanceMeters>
        </Trackpoint>
        <Trackpoint>
          <Time>2026-07-26T04:18:45Z</Time>
          <Position>
            <LatitudeDegrees>38.491259</LatitudeDegrees>
            <LongitudeDegrees>-109.30721</LongitudeDegrees>
          </Position>
          <AltitudeMeters>2365.1</AltitudeMeters>
          <DistanceMeters>63436.1</DistanceMeters>
        </Trackpoint>
        <Trackpoint>
          <Time>2026-07-26T04:18:55Z</Time>
          <Position>
            <LatitudeDegrees>38.49114</LatitudeDegrees>
            <LongitudeDegrees>-109.30738</LongitudeDegrees>
          </Position>
          <AltitudeMeters>2366.3</AltitudeMeters>
          <DistanceMeters>63456.0</DistanceMeters>
        </Trackpoint>
        <Trackpoint>
          <Time>2026-07-26T04:19:05Z</Time>
          <Position>
            <LatitudeDegrees>38.49104</LatitudeDegrees>
            <LongitudeDegrees>-109.30763</LongitudeDegrees>
          </Position>
          <AltitudeMeters>2369.0</AltitudeMeters>
          <DistanceMeters>63480.5</DistanceMeters>
        </Trackpoint>
        <Trackpoint>
          <Time>2026-07-26T04:19:15Z</Time>
          <Position>
            <LatitudeDegrees>38.49098</LatitudeDegrees>
            <LongitudeDegrees>-109.3079</LongitudeDegrees>
          </Position>
          <AltitudeMeters>2372.5</AltitudeMeters>
          <DistanceMeters>63504.9</DistanceMeters>
        </Trackpoint>
        <Trackpoint>
          <Time>2026-07-26T04:19:25Z</Time>
          <Position>
            <LatitudeDegrees>38.490989</LatitudeDegrees>
            <LongitudeDegrees>-109.30817</LongitudeDegrees>
          </Position>
          <AltitudeMeters>2373.5</AltitudeMeters>
          <DistanceMeters>63528.5</DistanceMeters>
        </Trackpoint>
        <Trackpoint>
          <Time>2026-07-26T04:19:35Z</Time>
          <Position>
            <LatitudeDegrees>38.49109</LatitudeDegrees>
            <LongitudeDegrees>-109.30889</LongitudeDegrees>
          </Position>
          <AltitudeMeters>2379.4</AltitudeMeters>
          <DistanceMeters>63592.2</DistanceMeters>
        </Trackpoint>
        <Trackpoint>
          <Time>2026-07-26T04:19:45Z</Time>
          <Position>
            <LatitudeDegrees>38.49111</LatitudeDegrees>
            <LongitudeDegrees>-109.30926</LongitudeDegrees>
          </Position>
          <AltitudeMeters>2382.7</AltitudeMeters>
          <DistanceMeters>63624.5</DistanceMeters>
        </Trackpoint>
        <Trackpoint>
          <Time>2026-07-26T04:19:55Z</Time>
          <Position>
            <LatitudeDegrees>38.49107</LatitudeDegrees>
            <LongitudeDegrees>-109.3096</LongitudeDegrees>
          </Position>
          <AltitudeMeters>2385.9</AltitudeMeters>
          <DistanceMeters>63654.5</DistanceMeters>
        </Trackpoint>
        <Trackpoint>
          <Time>2026-07-26T04:20:05Z</Time>
          <Position>
            <LatitudeDegrees>38.49087</LatitudeDegrees>
            <LongitudeDegrees>-109.3102</LongitudeDegrees>
          </Position>
          <AltitudeMeters>2390.2</AltitudeMeters>
          <DistanceMeters>63711.3</DistanceMeters>
        </Trackpoint>
        <Trackpoint>
          <Time>2026-07-26T04:20:15Z</Time>
          <Position>
            <LatitudeDegrees>38.4908</LatitudeDegrees>
            <LongitudeDegrees>-109.31051</LongitudeDegrees>
          </Position>
          <AltitudeMeters>2393.6</AltitudeMeters>
          <DistanceMeters>63739.4</DistanceMeters>
        </Trackpoint>
        <Trackpoint>
          <Time>2026-07-26T04:20:25Z</Time>
          <Position>
            <LatitudeDegrees>38.49077</LatitudeDegrees>
            <LongitudeDegrees>-109.31085</LongitudeDegrees>
          </Position>
          <AltitudeMeters>2395.2</AltitudeMeters>
          <DistanceMeters>63769.2</DistanceMeters>
        </Trackpoint>
        <Trackpoint>
          <Time>2026-07-26T04:20:35Z</Time>
          <Position>
            <LatitudeDegrees>38.4908</LatitudeDegrees>
            <LongitudeDegrees>-109.31121</LongitudeDegrees>
          </Position>
          <AltitudeMeters>2397.1</AltitudeMeters>
          <DistanceMeters>63800.7</DistanceMeters>
        </Trackpoint>
        <Trackpoint>
          <Time>2026-07-26T04:20:45Z</Time>
          <Position>
            <LatitudeDegrees>38.49094</LatitudeDegrees>
            <LongitudeDegrees>-109.31229</LongitudeDegrees>
          </Position>
          <AltitudeMeters>2406.6</AltitudeMeters>
          <DistanceMeters>63896.1</DistanceMeters>
        </Trackpoint>
        <Trackpoint>
          <Time>2026-07-26T04:20:55Z</Time>
          <Position>
            <LatitudeDegrees>38.49096</LatitudeDegrees>
            <LongitudeDegrees>-109.31264</LongitudeDegrees>
          </Position>
          <AltitudeMeters>2407.3</AltitudeMeters>
          <DistanceMeters>63926.7</DistanceMeters>
        </Trackpoint>
        <Trackpoint>
          <Time>2026-07-26T04:21:05Z</Time>
          <Position>
            <LatitudeDegrees>38.49096</LatitudeDegrees>
            <LongitudeDegrees>-109.313</LongitudeDegrees>
          </Position>
          <AltitudeMeters>2409.6</AltitudeMeters>
          <DistanceMeters>63958.1</DistanceMeters>
        </Trackpoint>
        <Trackpoint>
          <Time>2026-07-26T04:21:15Z</Time>
          <Position>
            <LatitudeDegrees>38.4909</LatitudeDegrees>
            <LongitudeDegrees>-109.31337</LongitudeDegrees>
          </Position>
          <AltitudeMeters>2411.6</AltitudeMeters>
          <DistanceMeters>63991.0</DistanceMeters>
        </Trackpoint>
        <Trackpoint>
          <Time>2026-07-26T04:21:25Z</Time>
          <Position>
            <LatitudeDegrees>38.4908</LatitudeDegrees>
            <LongitudeDegrees>-109.31373</LongitudeDegrees>
          </Position>
          <AltitudeMeters>2414.2</AltitudeMeters>
          <DistanceMeters>64024.3</DistanceMeters>
        </Trackpoint>
        <Trackpoint>
          <Time>2026-07-26T04:21:35Z</Time>
          <Position>
            <LatitudeDegrees>38.49066</LatitudeDegrees>
            <LongitudeDegrees>-109.31408</LongitudeDegrees>
          </Position>
          <AltitudeMeters>2416.0</AltitudeMeters>
          <DistanceMeters>64058.5</DistanceMeters>
        </Trackpoint>
        <Trackpoint>
          <Time>2026-07-26T04:21:45Z</Time>
          <Position>
            <LatitudeDegrees>38.49049</LatitudeDegrees>
            <LongitudeDegrees>-109.31439</LongitudeDegrees>
          </Position>
          <AltitudeMeters>2417.9</AltitudeMeters>
          <DistanceMeters>64091.5</DistanceMeters>
        </Trackpoint>
        <Trackpoint>
          <Time>2026-07-26T04:21:55Z</Time>
          <Position>
            <LatitudeDegrees>38.49028</LatitudeDegrees>
            <LongitudeDegrees>-109.31466</LongitudeDegrees>
          </Position>
          <AltitudeMeters>2419.1</AltitudeMeters>
          <DistanceMeters>64124.7</DistanceMeters>
        </Trackpoint>
        <Trackpoint>
          <Time>2026-07-26T04:22:05Z</Time>
          <Position>
            <LatitudeDegrees>38.48972</LatitudeDegrees>
            <LongitudeDegrees>-109.31515</LongitudeDegrees>
          </Position>
          <AltitudeMeters>2420.5</AltitudeMeters>
          <DistanceMeters>64200.2</DistanceMeters>
        </Trackpoint>
        <Trackpoint>
          <Time>2026-07-26T04:22:15Z</Time>
          <Position>
            <LatitudeDegrees>38.48941</LatitudeDegrees>
            <LongitudeDegrees>-109.31533</LongitudeDegrees>
          </Position>
          <AltitudeMeters>2420.9</AltitudeMeters>
          <DistanceMeters>64238.1</DistanceMeters>
        </Trackpoint>
        <Trackpoint>
          <Time>2026-07-26T04:22:25Z</Time>
          <Position>
            <LatitudeDegrees>38.4891</LatitudeDegrees>
            <LongitudeDegrees>-109.31546</LongitudeDegrees>
          </Position>
          <AltitudeMeters>2421.4</AltitudeMeters>
          <DistanceMeters>64274.4</DistanceMeters>
        </Trackpoint>
        <Trackpoint>
          <Time>2026-07-26T04:22:35Z</Time>
          <Position>
            <LatitudeDegrees>38.488639</LatitudeDegrees>
            <LongitudeDegrees>-109.31558</LongitudeDegrees>
          </Position>
          <AltitudeMeters>2421.9</AltitudeMeters>
          <DistanceMeters>64326.7</DistanceMeters>
        </Trackpoint>
        <Trackpoint>
          <Time>2026-07-26T04:22:45Z</Time>
          <Position>
            <LatitudeDegrees>38.48819</LatitudeDegrees>
            <LongitudeDegrees>-109.31573</LongitudeDegrees>
          </Position>
          <AltitudeMeters>2421.5</AltitudeMeters>
          <DistanceMeters>64378.5</DistanceMeters>
        </Trackpoint>
        <Trackpoint>
          <Time>2026-07-26T04:22:55Z</Time>
          <Position>
            <LatitudeDegrees>38.4879</LatitudeDegrees>
            <LongitudeDegrees>-109.31591</LongitudeDegrees>
          </Position>
          <AltitudeMeters>2421.3</AltitudeMeters>
          <DistanceMeters>64414.4</DistanceMeters>
        </Trackpoint>
        <Trackpoint>
          <Time>2026-07-26T04:23:05Z</Time>
          <Position>
            <LatitudeDegrees>38.487609</LatitudeDegrees>
            <LongitudeDegrees>-109.31611</LongitudeDegrees>
          </Position>
          <AltitudeMeters>2420.2</AltitudeMeters>
          <DistanceMeters>64451.1</DistanceMeters>
        </Trackpoint>
        <Trackpoint>
          <Time>2026-07-26T04:23:15Z</Time>
          <Position>
            <LatitudeDegrees>38.4873</LatitudeDegrees>
            <LongitudeDegrees>-109.31637</LongitudeDegrees>
          </Position>
          <AltitudeMeters>2419.7</AltitudeMeters>
          <DistanceMeters>64492.3</DistanceMeters>
        </Trackpoint>
        <Trackpoint>
          <Time>2026-07-26T04:23:25Z</Time>
          <Position>
            <LatitudeDegrees>38.48701</LatitudeDegrees>
            <LongitudeDegrees>-109.31664</LongitudeDegrees>
          </Position>
          <AltitudeMeters>2419.1</AltitudeMeters>
          <DistanceMeters>64532.3</DistanceMeters>
        </Trackpoint>
        <Trackpoint>
          <Time>2026-07-26T04:23:35Z</Time>
          <Position>
            <LatitudeDegrees>38.48678</LatitudeDegrees>
            <LongitudeDegrees>-109.31694</LongitudeDegrees>
          </Position>
          <AltitudeMeters>2418.5</AltitudeMeters>
          <DistanceMeters>64568.9</DistanceMeters>
        </Trackpoint>
        <Trackpoint>
          <Time>2026-07-26T04:23:45Z</Time>
          <Position>
            <LatitudeDegrees>38.48662</LatitudeDegrees>
            <LongitudeDegrees>-109.31734</LongitudeDegrees>
          </Position>
          <AltitudeMeters>2417.5</AltitudeMeters>
          <DistanceMeters>64608.0</DistanceMeters>
        </Trackpoint>
        <Trackpoint>
          <Time>2026-07-26T04:23:55Z</Time>
          <Position>
            <LatitudeDegrees>38.4864</LatitudeDegrees>
            <LongitudeDegrees>-109.31816</LongitudeDegrees>
          </Position>
          <AltitudeMeters>2415.1</AltitudeMeters>
          <DistanceMeters>64683.5</DistanceMeters>
        </Trackpoint>
        <Trackpoint>
          <Time>2026-07-26T04:24:05Z</Time>
          <Position>
            <LatitudeDegrees>38.48608</LatitudeDegrees>
            <LongitudeDegrees>-109.31901</LongitudeDegrees>
          </Position>
          <AltitudeMeters>2410.9</AltitudeMeters>
          <DistanceMeters>64765.7</DistanceMeters>
        </Trackpoint>
        <Trackpoint>
          <Time>2026-07-26T04:24:15Z</Time>
          <Position>
            <LatitudeDegrees>38.48576</LatitudeDegrees>
            <LongitudeDegrees>-109.31986</LongitudeDegrees>
          </Position>
          <AltitudeMeters>2407.5</AltitudeMeters>
          <DistanceMeters>64847.9</DistanceMeters>
        </Trackpoint>
        <Trackpoint>
          <Time>2026-07-26T04:24:25Z</Time>
          <Position>
            <LatitudeDegrees>38.485639</LatitudeDegrees>
            <LongitudeDegrees>-109.32027</LongitudeDegrees>
          </Position>
          <AltitudeMeters>2406.0</AltitudeMeters>
          <DistanceMeters>64886.1</DistanceMeters>
        </Trackpoint>
        <Trackpoint>
          <Time>2026-07-26T04:24:35Z</Time>
          <Position>
            <LatitudeDegrees>38.48557</LatitudeDegrees>
            <LongitudeDegrees>-109.32067</LongitudeDegrees>
          </Position>
          <AltitudeMeters>2404.0</AltitudeMeters>
          <DistanceMeters>64921.8</DistanceMeters>
        </Trackpoint>
        <Trackpoint>
          <Time>2026-07-26T04:24:45Z</Time>
          <Position>
            <LatitudeDegrees>38.48552</LatitudeDegrees>
            <LongitudeDegrees>-109.32108</LongitudeDegrees>
          </Position>
          <AltitudeMeters>2400.8</AltitudeMeters>
          <DistanceMeters>64957.9</DistanceMeters>
        </Trackpoint>
        <Trackpoint>
          <Time>2026-07-26T04:24:55Z</Time>
          <Position>
            <LatitudeDegrees>38.485455</LatitudeDegrees>
            <LongitudeDegrees>-109.321725</LongitudeDegrees>
          </Position>
          <AltitudeMeters>2397.2</AltitudeMeters>
          <DistanceMeters>65014.6</DistanceMeters>
        </Trackpoint>
        <Trackpoint>
          <Time>2026-07-26T04:25:05Z</Time>
          <Position>
            <LatitudeDegrees>38.48539</LatitudeDegrees>
            <LongitudeDegrees>-109.32237</LongitudeDegrees>
          </Position>
          <AltitudeMeters>2395.0</AltitudeMeters>
          <DistanceMeters>65071.3</DistanceMeters>
        </Trackpoint>
        <Trackpoint>
          <Time>2026-07-26T04:25:15Z</Time>
          <Position>
            <LatitudeDegrees>38.4853</LatitudeDegrees>
            <LongitudeDegrees>-109.32276</LongitudeDegrees>
          </Position>
          <AltitudeMeters>2393.6</AltitudeMeters>
          <DistanceMeters>65106.7</DistanceMeters>
        </Trackpoint>
        <Trackpoint>
          <Time>2026-07-26T04:25:25Z</Time>
          <Position>
            <LatitudeDegrees>38.48514</LatitudeDegrees>
            <LongitudeDegrees>-109.32309</LongitudeDegrees>
          </Position>
          <AltitudeMeters>2392.8</AltitudeMeters>
          <DistanceMeters>65140.5</DistanceMeters>
        </Trackpoint>
        <Trackpoint>
          <Time>2026-07-26T04:25:35Z</Time>
          <Position>
            <LatitudeDegrees>38.48477</LatitudeDegrees>
            <LongitudeDegrees>-109.32366</LongitudeDegrees>
          </Position>
          <AltitudeMeters>2390.0</AltitudeMeters>
          <DistanceMeters>65205.0</DistanceMeters>
        </Trackpoint>
        <Trackpoint>
          <Time>2026-07-26T04:25:45Z</Time>
          <Position>
            <LatitudeDegrees>38.48468</LatitudeDegrees>
            <LongitudeDegrees>-109.32399</LongitudeDegrees>
          </Position>
          <AltitudeMeters>2388.8</AltitudeMeters>
          <DistanceMeters>65235.5</DistanceMeters>
        </Trackpoint>
        <Trackpoint>
          <Time>2026-07-26T04:25:55Z</Time>
          <Position>
            <LatitudeDegrees>38.48468</LatitudeDegrees>
            <LongitudeDegrees>-109.32437</LongitudeDegrees>
          </Position>
          <AltitudeMeters>2385.8</AltitudeMeters>
          <DistanceMeters>65268.6</DistanceMeters>
        </Trackpoint>
        <Trackpoint>
          <Time>2026-07-26T04:26:05Z</Time>
          <Position>
            <LatitudeDegrees>38.48476</LatitudeDegrees>
            <LongitudeDegrees>-109.32478</LongitudeDegrees>
          </Position>
          <AltitudeMeters>2383.8</AltitudeMeters>
          <DistanceMeters>65305.4</DistanceMeters>
        </Trackpoint>
        <Trackpoint>
          <Time>2026-07-26T04:26:15Z</Time>
          <Position>
            <LatitudeDegrees>38.48501</LatitudeDegrees>
            <LongitudeDegrees>-109.325785</LongitudeDegrees>
          </Position>
          <AltitudeMeters>2376.2</AltitudeMeters>
          <DistanceMeters>65397.3</DistanceMeters>
        </Trackpoint>
        <Trackpoint>
          <Time>2026-07-26T04:26:25Z</Time>
          <Position>
            <LatitudeDegrees>38.485259</LatitudeDegrees>
            <LongitudeDegrees>-109.32679</LongitudeDegrees>
          </Position>
          <AltitudeMeters>2369.9</AltitudeMeters>
          <DistanceMeters>65489.2</DistanceMeters>
        </Trackpoint>
        <Trackpoint>
          <Time>2026-07-26T04:26:35Z</Time>
          <Position>
            <LatitudeDegrees>38.48529</LatitudeDegrees>
            <LongitudeDegrees>-109.3272</LongitudeDegrees>
          </Position>
          <AltitudeMeters>2364.7</AltitudeMeters>
          <DistanceMeters>65525.1</DistanceMeters>
        </Trackpoint>
        <Trackpoint>
          <Time>2026-07-26T04:26:45Z</Time>
          <Position>
            <LatitudeDegrees>38.48524</LatitudeDegrees>
            <LongitudeDegrees>-109.3276</LongitudeDegrees>
          </Position>
          <AltitudeMeters>2363.9</AltitudeMeters>
          <DistanceMeters>65560.4</DistanceMeters>
        </Trackpoint>
        <Trackpoint>
          <Time>2026-07-26T04:26:55Z</Time>
          <Position>
            <LatitudeDegrees>38.4851</LatitudeDegrees>
            <LongitudeDegrees>-109.328</LongitudeDegrees>
          </Position>
          <AltitudeMeters>2360.5</AltitudeMeters>
          <DistanceMeters>65598.6</DistanceMeters>
        </Trackpoint>
        <Trackpoint>
          <Time>2026-07-26T04:27:05Z</Time>
          <Position>
            <LatitudeDegrees>38.484845</LatitudeDegrees>
            <LongitudeDegrees>-109.32861</LongitudeDegrees>
          </Position>
          <AltitudeMeters>2357.8</AltitudeMeters>
          <DistanceMeters>65658.8</DistanceMeters>
        </Trackpoint>
        <Trackpoint>
          <Time>2026-07-26T04:27:15Z</Time>
          <Position>
            <LatitudeDegrees>38.48459</LatitudeDegrees>
            <LongitudeDegrees>-109.32922</LongitudeDegrees>
          </Position>
          <AltitudeMeters>2353.6</AltitudeMeters>
          <DistanceMeters>65719.1</DistanceMeters>
        </Trackpoint>
        <Trackpoint>
          <Time>2026-07-26T04:27:25Z</Time>
          <Position>
            <LatitudeDegrees>38.48448</LatitudeDegrees>
            <LongitudeDegrees>-109.32966</LongitudeDegrees>
          </Position>
          <AltitudeMeters>2351.9</AltitudeMeters>
          <DistanceMeters>65759.3</DistanceMeters>
        </Trackpoint>
        <Trackpoint>
          <Time>2026-07-26T04:27:35Z</Time>
          <Position>
            <LatitudeDegrees>38.48446</LatitudeDegrees>
            <LongitudeDegrees>-109.3301</LongitudeDegrees>
          </Position>
          <AltitudeMeters>2351.4</AltitudeMeters>
          <DistanceMeters>65797.7</DistanceMeters>
        </Trackpoint>
        <Trackpoint>
          <Time>2026-07-26T04:27:45Z</Time>
          <Position>
            <LatitudeDegrees>38.48452</LatitudeDegrees>
            <LongitudeDegrees>-109.33093</LongitudeDegrees>
          </Position>
          <AltitudeMeters>2352.5</AltitudeMeters>
          <DistanceMeters>65870.4</DistanceMeters>
        </Trackpoint>
        <Trackpoint>
          <Time>2026-07-26T04:27:55Z</Time>
          <Position>
            <LatitudeDegrees>38.48458</LatitudeDegrees>
            <LongitudeDegrees>-109.331525</LongitudeDegrees>
          </Position>
          <AltitudeMeters>2352.4</AltitudeMeters>
          <DistanceMeters>65922.6</DistanceMeters>
        </Trackpoint>
        <Trackpoint>
          <Time>2026-07-26T04:28:05Z</Time>
          <Position>
            <LatitudeDegrees>38.48464</LatitudeDegrees>
            <LongitudeDegrees>-109.33212</LongitudeDegrees>
          </Position>
          <AltitudeMeters>2350.7</AltitudeMeters>
          <DistanceMeters>65974.9</DistanceMeters>
        </Trackpoint>
        <Trackpoint>
          <Time>2026-07-26T04:28:15Z</Time>
          <Position>
            <LatitudeDegrees>38.48464</LatitudeDegrees>
            <LongitudeDegrees>-109.33254</LongitudeDegrees>
          </Position>
          <AltitudeMeters>2350.1</AltitudeMeters>
          <DistanceMeters>66011.5</DistanceMeters>
        </Trackpoint>
        <Trackpoint>
          <Time>2026-07-26T04:28:25Z</Time>
          <Position>
            <LatitudeDegrees>38.48456</LatitudeDegrees>
            <LongitudeDegrees>-109.33284</LongitudeDegrees>
          </Position>
          <AltitudeMeters>2349.8</AltitudeMeters>
          <DistanceMeters>66039.1</DistanceMeters>
        </Trackpoint>
        <Trackpoint>
          <Time>2026-07-26T04:28:35Z</Time>
          <Position>
            <LatitudeDegrees>38.48438</LatitudeDegrees>
            <LongitudeDegrees>-109.33311</LongitudeDegrees>
          </Position>
          <AltitudeMeters>2350.1</AltitudeMeters>
          <DistanceMeters>66070.0</DistanceMeters>
        </Trackpoint>
        <Trackpoint>
          <Time>2026-07-26T04:28:45Z</Time>
          <Position>
            <LatitudeDegrees>38.48413</LatitudeDegrees>
            <LongitudeDegrees>-109.33324</LongitudeDegrees>
          </Position>
          <AltitudeMeters>2350.3</AltitudeMeters>
          <DistanceMeters>66100.1</DistanceMeters>
        </Trackpoint>
        <Trackpoint>
          <Time>2026-07-26T04:28:55Z</Time>
          <Position>
            <LatitudeDegrees>38.48388</LatitudeDegrees>
            <LongitudeDegrees>-109.33328</LongitudeDegrees>
          </Position>
          <AltitudeMeters>2351.0</AltitudeMeters>
          <DistanceMeters>66128.1</DistanceMeters>
        </Trackpoint>
        <Trackpoint>
          <Time>2026-07-26T04:29:05Z</Time>
          <Position>
            <LatitudeDegrees>38.48364</LatitudeDegrees>
            <LongitudeDegrees>-109.33315</LongitudeDegrees>
          </Position>
          <AltitudeMeters>2351.1</AltitudeMeters>
          <DistanceMeters>66157.1</DistanceMeters>
        </Trackpoint>
        <Trackpoint>
          <Time>2026-07-26T04:29:15Z</Time>
          <Position>
            <LatitudeDegrees>38.48319</LatitudeDegrees>
            <LongitudeDegrees>-109.33288</LongitudeDegrees>
          </Position>
          <AltitudeMeters>2351.6</AltitudeMeters>
          <DistanceMeters>66212.5</DistanceMeters>
        </Trackpoint>
        <Trackpoint>
          <Time>2026-07-26T04:29:25Z</Time>
          <Position>
            <LatitudeDegrees>38.48289</LatitudeDegrees>
            <LongitudeDegrees>-109.33262</LongitudeDegrees>
          </Position>
          <AltitudeMeters>2351.6</AltitudeMeters>
          <DistanceMeters>66252.8</DistanceMeters>
        </Trackpoint>
        <Trackpoint>
          <Time>2026-07-26T04:29:35Z</Time>
          <Position>
            <LatitudeDegrees>38.482465</LatitudeDegrees>
            <LongitudeDegrees>-109.331965</LongitudeDegrees>
          </Position>
          <AltitudeMeters>2350.4</AltitudeMeters>
          <DistanceMeters>66327.0</DistanceMeters>
        </Trackpoint>
        <Trackpoint>
          <Time>2026-07-26T04:29:45Z</Time>
          <Position>
            <LatitudeDegrees>38.48204</LatitudeDegrees>
            <LongitudeDegrees>-109.33131</LongitudeDegrees>
          </Position>
          <AltitudeMeters>2346.3</AltitudeMeters>
          <DistanceMeters>66401.1</DistanceMeters>
        </Trackpoint>
        <Trackpoint>
          <Time>2026-07-26T04:29:55Z</Time>
          <Position>
            <LatitudeDegrees>38.48178</LatitudeDegrees>
            <LongitudeDegrees>-109.3311</LongitudeDegrees>
          </Position>
          <AltitudeMeters>2344.1</AltitudeMeters>
          <DistanceMeters>66435.4</DistanceMeters>
        </Trackpoint>
        <Trackpoint>
          <Time>2026-07-26T04:30:05Z</Time>
          <Position>
            <LatitudeDegrees>38.48149</LatitudeDegrees>
            <LongitudeDegrees>-109.33109</LongitudeDegrees>
          </Position>
          <AltitudeMeters>2341.6</AltitudeMeters>
          <DistanceMeters>66467.7</DistanceMeters>
        </Trackpoint>
        <Trackpoint>
          <Time>2026-07-26T04:30:15Z</Time>
          <Position>
            <LatitudeDegrees>38.48124</LatitudeDegrees>
            <LongitudeDegrees>-109.33127</LongitudeDegrees>
          </Position>
          <AltitudeMeters>2340.2</AltitudeMeters>
          <DistanceMeters>66499.6</DistanceMeters>
        </Trackpoint>
        <Trackpoint>
          <Time>2026-07-26T04:30:25Z</Time>
          <Position>
            <LatitudeDegrees>38.48106</LatitudeDegrees>
            <LongitudeDegrees>-109.33154</LongitudeDegrees>
          </Position>
          <AltitudeMeters>2338.4</AltitudeMeters>
          <DistanceMeters>66530.5</DistanceMeters>
        </Trackpoint>
        <Trackpoint>
          <Time>2026-07-26T04:30:35Z</Time>
          <Position>
            <LatitudeDegrees>38.48099</LatitudeDegrees>
            <LongitudeDegrees>-109.33185</LongitudeDegrees>
          </Position>
          <AltitudeMeters>2332.3</AltitudeMeters>
          <DistanceMeters>66558.6</DistanceMeters>
        </Trackpoint>
        <Trackpoint>
          <Time>2026-07-26T04:30:45Z</Time>
          <Position>
            <LatitudeDegrees>38.48101</LatitudeDegrees>
            <LongitudeDegrees>-109.33218</LongitudeDegrees>
          </Position>
          <AltitudeMeters>2331.2</AltitudeMeters>
          <DistanceMeters>66587.5</DistanceMeters>
        </Trackpoint>
        <Trackpoint>
          <Time>2026-07-26T04:30:55Z</Time>
          <Position>
            <LatitudeDegrees>38.48122</LatitudeDegrees>
            <LongitudeDegrees>-109.33324</LongitudeDegrees>
          </Position>
          <AltitudeMeters>2323.5</AltitudeMeters>
          <DistanceMeters>66682.7</DistanceMeters>
        </Trackpoint>
        <Trackpoint>
          <Time>2026-07-26T04:31:05Z</Time>
          <Position>
            <LatitudeDegrees>38.48126</LatitudeDegrees>
            <LongitudeDegrees>-109.33356</LongitudeDegrees>
          </Position>
          <AltitudeMeters>2322.1</AltitudeMeters>
          <DistanceMeters>66711.0</DistanceMeters>
        </Trackpoint>
        <Trackpoint>
          <Time>2026-07-26T04:31:15Z</Time>
          <Position>
            <LatitudeDegrees>38.48118</LatitudeDegrees>
            <LongitudeDegrees>-109.33388</LongitudeDegrees>
          </Position>
          <AltitudeMeters>2320.0</AltitudeMeters>
          <DistanceMeters>66740.3</DistanceMeters>
        </Trackpoint>
        <Trackpoint>
          <Time>2026-07-26T04:31:25Z</Time>
          <Position>
            <LatitudeDegrees>38.48098</LatitudeDegrees>
            <LongitudeDegrees>-109.33414</LongitudeDegrees>
          </Position>
          <AltitudeMeters>2313.4</AltitudeMeters>
          <DistanceMeters>66772.0</DistanceMeters>
        </Trackpoint>
        <Trackpoint>
          <Time>2026-07-26T04:31:35Z</Time>
          <Position>
            <LatitudeDegrees>38.48069</LatitudeDegrees>
            <LongitudeDegrees>-109.33433</LongitudeDegrees>
          </Position>
          <AltitudeMeters>2309.9</AltitudeMeters>
          <DistanceMeters>66808.3</DistanceMeters>
        </Trackpoint>
        <Trackpoint>
          <Time>2026-07-26T04:31:45Z</Time>
          <Position>
            <LatitudeDegrees>38.48012</LatitudeDegrees>
            <LongitudeDegrees>-109.33466</LongitudeDegrees>
          </Position>
          <AltitudeMeters>2302.3</AltitudeMeters>
          <DistanceMeters>66878.0</DistanceMeters>
        </Trackpoint>
        <Trackpoint>
          <Time>2026-07-26T04:31:55Z</Time>
          <Position>
            <LatitudeDegrees>38.47955</LatitudeDegrees>
            <LongitudeDegrees>-109.33499</LongitudeDegrees>
          </Position>
          <AltitudeMeters>2297.8</AltitudeMeters>
          <DistanceMeters>66947.6</DistanceMeters>
        </Trackpoint>
        <Trackpoint>
          <Time>2026-07-26T04:32:05Z</Time>
          <Position>
            <LatitudeDegrees>38.47927</LatitudeDegrees>
            <LongitudeDegrees>-109.33518</LongitudeDegrees>
          </Position>
          <AltitudeMeters>2294.6</AltitudeMeters>
          <DistanceMeters>66982.9</DistanceMeters>
        </Trackpoint>
        <Trackpoint>
          <Time>2026-07-26T04:32:15Z</Time>
          <Position>
            <LatitudeDegrees>38.47904</LatitudeDegrees>
            <LongitudeDegrees>-109.33543</LongitudeDegrees>
          </Position>
          <AltitudeMeters>2292.4</AltitudeMeters>
          <DistanceMeters>67016.5</DistanceMeters>
        </Trackpoint>
        <Trackpoint>
          <Time>2026-07-26T04:32:25Z</Time>
          <Position>
            <LatitudeDegrees>38.47889</LatitudeDegrees>
            <LongitudeDegrees>-109.33575</LongitudeDegrees>
          </Position>
          <AltitudeMeters>2288.4</AltitudeMeters>
          <DistanceMeters>67049.0</DistanceMeters>
        </Trackpoint>
        <Trackpoint>
          <Time>2026-07-26T04:32:35Z</Time>
          <Position>
            <LatitudeDegrees>38.478725</LatitudeDegrees>
            <LongitudeDegrees>-109.336355</LongitudeDegrees>
          </Position>
          <AltitudeMeters>2283.5</AltitudeMeters>
          <DistanceMeters>67104.9</DistanceMeters>
        </Trackpoint>
        <Trackpoint>
          <Time>2026-07-26T04:32:45Z</Time>
          <Position>
            <LatitudeDegrees>38.47856</LatitudeDegrees>
            <LongitudeDegrees>-109.33696</LongitudeDegrees>
          </Position>
          <AltitudeMeters>2278.8</AltitudeMeters>
          <DistanceMeters>67160.7</DistanceMeters>
        </Trackpoint>
        <Trackpoint>
          <Time>2026-07-26T04:32:55Z</Time>
          <Position>
            <LatitudeDegrees>38.47843</LatitudeDegrees>
            <LongitudeDegrees>-109.33736</LongitudeDegrees>
          </Position>
          <AltitudeMeters>2274.6</AltitudeMeters>
          <DistanceMeters>67198.5</DistanceMeters>
        </Trackpoint>
        <Trackpoint>
          <Time>2026-07-26T04:33:05Z</Time>
          <Position>
            <LatitudeDegrees>38.47825</LatitudeDegrees>
            <LongitudeDegrees>-109.33772</LongitudeDegrees>
          </Position>
          <AltitudeMeters>2270.9</AltitudeMeters>
          <DistanceMeters>67235.7</DistanceMeters>
        </Trackpoint>
        <Trackpoint>
          <Time>2026-07-26T04:33:15Z</Time>
          <Position>
            <LatitudeDegrees>38.478029</LatitudeDegrees>
            <LongitudeDegrees>-109.33803</LongitudeDegrees>
          </Position>
          <AltitudeMeters>2267.9</AltitudeMeters>
          <DistanceMeters>67272.1</DistanceMeters>
        </Trackpoint>
        <Trackpoint>
          <Time>2026-07-26T04:33:25Z</Time>
          <Position>
            <LatitudeDegrees>38.477559</LatitudeDegrees>
            <LongitudeDegrees>-109.33853</LongitudeDegrees>
          </Position>
          <AltitudeMeters>2260.8</AltitudeMeters>
          <DistanceMeters>67340.2</DistanceMeters>
        </Trackpoint>
        <Trackpoint>
          <Time>2026-07-26T04:33:35Z</Time>
          <Position>
            <LatitudeDegrees>38.47734</LatitudeDegrees>
            <LongitudeDegrees>-109.33879</LongitudeDegrees>
          </Position>
          <AltitudeMeters>2258.0</AltitudeMeters>
          <DistanceMeters>67373.6</DistanceMeters>
        </Trackpoint>
        <Trackpoint>
          <Time>2026-07-26T04:33:45Z</Time>
          <Position>
            <LatitudeDegrees>38.4772</LatitudeDegrees>
            <LongitudeDegrees>-109.33915</LongitudeDegrees>
          </Position>
          <AltitudeMeters>2256.6</AltitudeMeters>
          <DistanceMeters>67408.6</DistanceMeters>
        </Trackpoint>
        <Trackpoint>
          <Time>2026-07-26T04:33:55Z</Time>
          <Position>
            <LatitudeDegrees>38.47715</LatitudeDegrees>
            <LongitudeDegrees>-109.33951</LongitudeDegrees>
          </Position>
          <AltitudeMeters>2254.9</AltitudeMeters>
          <DistanceMeters>67440.5</DistanceMeters>
        </Trackpoint>
        <Trackpoint>
          <Time>2026-07-26T04:34:05Z</Time>
          <Position>
            <LatitudeDegrees>38.47716</LatitudeDegrees>
            <LongitudeDegrees>-109.3404</LongitudeDegrees>
          </Position>
          <AltitudeMeters>2249.0</AltitudeMeters>
          <DistanceMeters>67518.1</DistanceMeters>
        </Trackpoint>
        <Trackpoint>
          <Time>2026-07-26T04:34:15Z</Time>
          <Position>
            <LatitudeDegrees>38.47714</LatitudeDegrees>
            <LongitudeDegrees>-109.34081</LongitudeDegrees>
          </Position>
          <AltitudeMeters>2247.0</AltitudeMeters>
          <DistanceMeters>67553.9</DistanceMeters>
        </Trackpoint>
        <Trackpoint>
          <Time>2026-07-26T04:34:25Z</Time>
          <Position>
            <LatitudeDegrees>38.47703</LatitudeDegrees>
            <LongitudeDegrees>-109.34116</LongitudeDegrees>
          </Position>
          <AltitudeMeters>2242.3</AltitudeMeters>
          <DistanceMeters>67586.7</DistanceMeters>
        </Trackpoint>
        <Trackpoint>
          <Time>2026-07-26T04:34:35Z</Time>
          <Position>
            <LatitudeDegrees>38.47666</LatitudeDegrees>
            <LongitudeDegrees>-109.34174</LongitudeDegrees>
          </Position>
          <AltitudeMeters>2237.7</AltitudeMeters>
          <DistanceMeters>67651.9</DistanceMeters>
        </Trackpoint>
        <Trackpoint>
          <Time>2026-07-26T04:34:45Z</Time>
          <Position>
            <LatitudeDegrees>38.47656</LatitudeDegrees>
            <LongitudeDegrees>-109.34206</LongitudeDegrees>
          </Position>
          <AltitudeMeters>2233.8</AltitudeMeters>
          <DistanceMeters>67681.9</DistanceMeters>
        </Trackpoint>
        <Trackpoint>
          <Time>2026-07-26T04:34:55Z</Time>
          <Position>
            <LatitudeDegrees>38.47657</LatitudeDegrees>
            <LongitudeDegrees>-109.34243</LongitudeDegrees>
          </Position>
          <AltitudeMeters>2229.7</AltitudeMeters>
          <DistanceMeters>67714.2</DistanceMeters>
        </Trackpoint>
        <Trackpoint>
          <Time>2026-07-26T04:35:05Z</Time>
          <Position>
            <LatitudeDegrees>38.47663</LatitudeDegrees>
            <LongitudeDegrees>-109.34287</LongitudeDegrees>
          </Position>
          <AltitudeMeters>2223.4</AltitudeMeters>
          <DistanceMeters>67753.1</DistanceMeters>
        </Trackpoint>
        <Trackpoint>
          <Time>2026-07-26T04:35:15Z</Time>
          <Position>
            <LatitudeDegrees>38.47672</LatitudeDegrees>
            <LongitudeDegrees>-109.34331</LongitudeDegrees>
          </Position>
          <AltitudeMeters>2217.0</AltitudeMeters>
          <DistanceMeters>67792.8</DistanceMeters>
        </Trackpoint>
        <Trackpoint>
          <Time>2026-07-26T04:35:25Z</Time>
          <Position>
            <LatitudeDegrees>38.47684</LatitudeDegrees>
            <LongitudeDegrees>-109.34376</LongitudeDegrees>
          </Position>
          <AltitudeMeters>2212.5</AltitudeMeters>
          <DistanceMeters>67834.2</DistanceMeters>
        </Trackpoint>
        <Trackpoint>
          <Time>2026-07-26T04:35:35Z</Time>
          <Position>
            <LatitudeDegrees>38.47703</LatitudeDegrees>
            <LongitudeDegrees>-109.344325</LongitudeDegrees>
          </Position>
          <AltitudeMeters>2208.2</AltitudeMeters>
          <DistanceMeters>67887.8</DistanceMeters>
        </Trackpoint>
        <Trackpoint>
          <Time>2026-07-26T04:35:45Z</Time>
          <Position>
            <LatitudeDegrees>38.47722</LatitudeDegrees>
            <LongitudeDegrees>-109.34489</LongitudeDegrees>
          </Position>
          <AltitudeMeters>2201.8</AltitudeMeters>
          <DistanceMeters>67941.4</DistanceMeters>
        </Trackpoint>
        <Trackpoint>
          <Time>2026-07-26T04:35:55Z</Time>
          <Position>
            <LatitudeDegrees>38.47722</LatitudeDegrees>
            <LongitudeDegrees>-109.34528</LongitudeDegrees>
          </Position>
          <AltitudeMeters>2199.1</AltitudeMeters>
          <DistanceMeters>67975.4</DistanceMeters>
        </Trackpoint>
        <Trackpoint>
          <Time>2026-07-26T04:36:05Z</Time>
          <Position>
            <LatitudeDegrees>38.4771</LatitudeDegrees>
            <LongitudeDegrees>-109.3456</LongitudeDegrees>
          </Position>
          <AltitudeMeters>2196.1</AltitudeMeters>
          <DistanceMeters>68006.3</DistanceMeters>
        </Trackpoint>
        <Trackpoint>
          <Time>2026-07-26T04:36:15Z</Time>
          <Position>
            <LatitudeDegrees>38.47688</LatitudeDegrees>
            <LongitudeDegrees>-109.34578</LongitudeDegrees>
          </Position>
          <AltitudeMeters>2194.3</AltitudeMeters>
          <DistanceMeters>68035.4</DistanceMeters>
        </Trackpoint>
        <Trackpoint>
          <Time>2026-07-26T04:36:25Z</Time>
          <Position>
            <LatitudeDegrees>38.47661</LatitudeDegrees>
            <LongitudeDegrees>-109.34587</LongitudeDegrees>
          </Position>
          <AltitudeMeters>2190.2</AltitudeMeters>
          <DistanceMeters>68066.4</DistanceMeters>
        </Trackpoint>
        <Trackpoint>
          <Time>2026-07-26T04:36:35Z</Time>
          <Position>
            <LatitudeDegrees>38.47631</LatitudeDegrees>
            <LongitudeDegrees>-109.34573</LongitudeDegrees>
          </Position>
          <AltitudeMeters>2187.8</AltitudeMeters>
          <DistanceMeters>68102.0</DistanceMeters>
        </Trackpoint>
        <Trackpoint>
          <Time>2026-07-26T04:36:45Z</Time>
          <Position>
            <LatitudeDegrees>38.47602</LatitudeDegrees>
            <LongitudeDegrees>-109.34547</LongitudeDegrees>
          </Position>
          <AltitudeMeters>2185.0</AltitudeMeters>
          <DistanceMeters>68141.4</DistanceMeters>
        </Trackpoint>
        <Trackpoint>
          <Time>2026-07-26T04:36:55Z</Time>
          <Position>
            <LatitudeDegrees>38.475335</LatitudeDegrees>
            <LongitudeDegrees>-109.344735</LongitudeDegrees>
          </Position>
          <AltitudeMeters>2183.2</AltitudeMeters>
          <DistanceMeters>68241.0</DistanceMeters>
        </Trackpoint>
        <Trackpoint>
          <Time>2026-07-26T04:37:05Z</Time>
          <Position>
            <LatitudeDegrees>38.474649</LatitudeDegrees>
            <LongitudeDegrees>-109.344</LongitudeDegrees>
          </Position>
          <AltitudeMeters>2180.8</AltitudeMeters>
          <DistanceMeters>68340.6</DistanceMeters>
        </Trackpoint>
        <Trackpoint>
          <Time>2026-07-26T04:37:15Z</Time>
          <Position>
            <LatitudeDegrees>38.47441</LatitudeDegrees>
            <LongitudeDegrees>-109.34385</LongitudeDegrees>
          </Position>
          <AltitudeMeters>2180.2</AltitudeMeters>
          <DistanceMeters>68370.3</DistanceMeters>
        </Trackpoint>
        <Trackpoint>
          <Time>2026-07-26T04:37:25Z</Time>
          <Position>
            <LatitudeDegrees>38.47424</LatitudeDegrees>
            <LongitudeDegrees>-109.34381</LongitudeDegrees>
          </Position>
          <AltitudeMeters>2179.1</AltitudeMeters>
          <DistanceMeters>68389.6</DistanceMeters>
        </Trackpoint>
        <Trackpoint>
          <Time>2026-07-26T04:37:35Z</Time>
          <Position>
            <LatitudeDegrees>38.47404</LatitudeDegrees>
            <LongitudeDegrees>-109.34382</LongitudeDegrees>
          </Position>
          <AltitudeMeters>2177.3</AltitudeMeters>
          <DistanceMeters>68411.9</DistanceMeters>
        </Trackpoint>
        <Trackpoint>
          <Time>2026-07-26T04:37:45Z</Time>
          <Position>
            <LatitudeDegrees>38.47386</LatitudeDegrees>
            <LongitudeDegrees>-109.34395</LongitudeDegrees>
          </Position>
          <AltitudeMeters>2174.7</AltitudeMeters>
          <DistanceMeters>68434.9</DistanceMeters>
        </Trackpoint>
        <Trackpoint>
          <Time>2026-07-26T04:37:55Z</Time>
          <Position>
            <LatitudeDegrees>38.47364</LatitudeDegrees>
            <LongitudeDegrees>-109.3443</LongitudeDegrees>
          </Position>
          <AltitudeMeters>2170.7</AltitudeMeters>
          <DistanceMeters>68474.0</DistanceMeters>
        </Trackpoint>
        <Trackpoint>
          <Time>2026-07-26T04:38:05Z</Time>
          <Position>
            <LatitudeDegrees>38.4734</LatitudeDegrees>
            <LongitudeDegrees>-109.34484</LongitudeDegrees>
          </Position>
          <AltitudeMeters>2165.0</AltitudeMeters>
          <DistanceMeters>68528.1</DistanceMeters>
        </Trackpoint>
        <Trackpoint>
          <Time>2026-07-26T04:38:15Z</Time>
          <Position>
            <LatitudeDegrees>38.47316</LatitudeDegrees>
            <LongitudeDegrees>-109.34538</LongitudeDegrees>
          </Position>
          <AltitudeMeters>2156.1</AltitudeMeters>
          <DistanceMeters>68582.2</DistanceMeters>
        </Trackpoint>
        <Trackpoint>
          <Time>2026-07-26T04:38:25Z</Time>
          <Position>
            <LatitudeDegrees>38.47305</LatitudeDegrees>
            <LongitudeDegrees>-109.34578</LongitudeDegrees>
          </Position>
          <AltitudeMeters>2153.0</AltitudeMeters>
          <DistanceMeters>68619.2</DistanceMeters>
        </Trackpoint>
        <Trackpoint>
          <Time>2026-07-26T04:38:35Z</Time>
          <Position>
            <LatitudeDegrees>38.47302</LatitudeDegrees>
            <LongitudeDegrees>-109.34618</LongitudeDegrees>
          </Position>
          <AltitudeMeters>2148.2</AltitudeMeters>
          <DistanceMeters>68654.2</DistanceMeters>
        </Trackpoint>
        <Trackpoint>
          <Time>2026-07-26T04:38:45Z</Time>
          <Position>
            <LatitudeDegrees>38.47309</LatitudeDegrees>
            <LongitudeDegrees>-109.347</LongitudeDegrees>
          </Position>
          <AltitudeMeters>2139.1</AltitudeMeters>
          <DistanceMeters>68726.1</DistanceMeters>
        </Trackpoint>
        <Trackpoint>
          <Time>2026-07-26T04:38:55Z</Time>
          <Position>
            <LatitudeDegrees>38.47317</LatitudeDegrees>
            <LongitudeDegrees>-109.34739</LongitudeDegrees>
          </Position>
          <AltitudeMeters>2134.8</AltitudeMeters>
          <DistanceMeters>68761.2</DistanceMeters>
        </Trackpoint>
        <Trackpoint>
          <Time>2026-07-26T04:39:05Z</Time>
          <Position>
            <LatitudeDegrees>38.47331</LatitudeDegrees>
            <LongitudeDegrees>-109.34775</LongitudeDegrees>
          </Position>
          <AltitudeMeters>2132.5</AltitudeMeters>
          <DistanceMeters>68796.3</DistanceMeters>
        </Trackpoint>
        <Trackpoint>
          <Time>2026-07-26T04:39:15Z</Time>
          <Position>
            <LatitudeDegrees>38.47348</LatitudeDegrees>
            <LongitudeDegrees>-109.34806</LongitudeDegrees>
          </Position>
          <AltitudeMeters>2127.4</AltitudeMeters>
          <DistanceMeters>68829.2</DistanceMeters>
        </Trackpoint>
        <Trackpoint>
          <Time>2026-07-26T04:39:25Z</Time>
          <Position>
            <LatitudeDegrees>38.47363</LatitudeDegrees>
            <LongitudeDegrees>-109.34842</LongitudeDegrees>
          </Position>
          <AltitudeMeters>2122.2</AltitudeMeters>
          <DistanceMeters>68864.8</DistanceMeters>
        </Trackpoint>
        <Trackpoint>
          <Time>2026-07-26T04:39:35Z</Time>
          <Position>
            <LatitudeDegrees>38.47366</LatitudeDegrees>
            <LongitudeDegrees>-109.34882</LongitudeDegrees>
          </Position>
          <AltitudeMeters>2117.2</AltitudeMeters>
          <DistanceMeters>68899.8</DistanceMeters>
        </Trackpoint>
        <Trackpoint>
          <Time>2026-07-26T04:39:45Z</Time>
          <Position>
            <LatitudeDegrees>38.4735</LatitudeDegrees>
            <LongitudeDegrees>-109.34976</LongitudeDegrees>
          </Position>
          <AltitudeMeters>2111.2</AltitudeMeters>
          <DistanceMeters>68983.6</DistanceMeters>
        </Trackpoint>
        <Trackpoint>
          <Time>2026-07-26T04:39:55Z</Time>
          <Position>
            <LatitudeDegrees>38.47342</LatitudeDegrees>
            <LongitudeDegrees>-109.3501</LongitudeDegrees>
          </Position>
          <AltitudeMeters>2108.5</AltitudeMeters>
          <DistanceMeters>69014.6</DistanceMeters>
        </Trackpoint>
        <Trackpoint>
          <Time>2026-07-26T04:40:05Z</Time>
          <Position>
            <LatitudeDegrees>38.47329</LatitudeDegrees>
            <LongitudeDegrees>-109.3503</LongitudeDegrees>
          </Position>
          <AltitudeMeters>2107.3</AltitudeMeters>
          <DistanceMeters>69037.2</DistanceMeters>
        </Trackpoint>
        <Trackpoint>
          <Time>2026-07-26T04:40:15Z</Time>
          <Position>
            <LatitudeDegrees>38.47251</LatitudeDegrees>
            <LongitudeDegrees>-109.3507</LongitudeDegrees>
          </Position>
          <AltitudeMeters>2102.1</AltitudeMeters>
          <DistanceMeters>69130.8</DistanceMeters>
        </Trackpoint>
        <Trackpoint>
          <Time>2026-07-26T04:40:25Z</Time>
          <Position>
            <LatitudeDegrees>38.47227</LatitudeDegrees>
            <LongitudeDegrees>-109.35101</LongitudeDegrees>
          </Position>
          <AltitudeMeters>2096.7</AltitudeMeters>
          <DistanceMeters>69168.8</DistanceMeters>
        </Trackpoint>
        <Trackpoint>
          <Time>2026-07-26T04:40:35Z</Time>
          <Position>
            <LatitudeDegrees>38.47209</LatitudeDegrees>
            <LongitudeDegrees>-109.35142</LongitudeDegrees>
          </Position>
          <AltitudeMeters>2095.3</AltitudeMeters>
          <DistanceMeters>69209.8</DistanceMeters>
        </Trackpoint>
        <Trackpoint>
          <Time>2026-07-26T04:40:45Z</Time>
          <Position>
            <LatitudeDegrees>38.47175</LatitudeDegrees>
            <LongitudeDegrees>-109.3524</LongitudeDegrees>
          </Position>
          <AltitudeMeters>2085.8</AltitudeMeters>
          <DistanceMeters>69303.2</DistanceMeters>
        </Trackpoint>
        <Trackpoint>
          <Time>2026-07-26T04:40:55Z</Time>
          <Position>
            <LatitudeDegrees>38.4716</LatitudeDegrees>
            <LongitudeDegrees>-109.3529</LongitudeDegrees>
          </Position>
          <AltitudeMeters>2083.4</AltitudeMeters>
          <DistanceMeters>69349.8</DistanceMeters>
        </Trackpoint>
        <Trackpoint>
          <Time>2026-07-26T04:41:05Z</Time>
          <Position>
            <LatitudeDegrees>38.47141</LatitudeDegrees>
            <LongitudeDegrees>-109.35339</LongitudeDegrees>
          </Position>
          <AltitudeMeters>2082.2</AltitudeMeters>
          <DistanceMeters>69397.5</DistanceMeters>
        </Trackpoint>
        <Trackpoint>
          <Time>2026-07-26T04:41:15Z</Time>
          <Position>
            <LatitudeDegrees>38.47111</LatitudeDegrees>
            <LongitudeDegrees>-109.35397</LongitudeDegrees>
          </Position>
          <AltitudeMeters>2079.8</AltitudeMeters>
          <DistanceMeters>69458.1</DistanceMeters>
        </Trackpoint>
        <Trackpoint>
          <Time>2026-07-26T04:41:25Z</Time>
          <Position>
            <LatitudeDegrees>38.47081</LatitudeDegrees>
            <LongitudeDegrees>-109.35455</LongitudeDegrees>
          </Position>
          <AltitudeMeters>2076.6</AltitudeMeters>
          <DistanceMeters>69518.7</DistanceMeters>
        </Trackpoint>
        <Trackpoint>
          <Time>2026-07-26T04:41:35Z</Time>
          <Position>
            <LatitudeDegrees>38.47066</LatitudeDegrees>
            <LongitudeDegrees>-109.35491</LongitudeDegrees>
          </Position>
          <AltitudeMeters>2074.8</AltitudeMeters>
          <DistanceMeters>69554.2</DistanceMeters>
        </Trackpoint>
        <Trackpoint>
          <Time>2026-07-26T04:41:45Z</Time>
          <Position>
            <LatitudeDegrees>38.47059</LatitudeDegrees>
            <LongitudeDegrees>-109.3553</LongitudeDegrees>
          </Position>
          <AltitudeMeters>2072.1</AltitudeMeters>
          <DistanceMeters>69589.1</DistanceMeters>
        </Trackpoint>
        <Trackpoint>
          <Time>2026-07-26T04:41:55Z</Time>
          <Position>
            <LatitudeDegrees>38.4706</LatitudeDegrees>
            <LongitudeDegrees>-109.35571</LongitudeDegrees>
          </Position>
          <AltitudeMeters>2069.3</AltitudeMeters>
          <DistanceMeters>69624.8</DistanceMeters>
        </Trackpoint>
        <Trackpoint>
          <Time>2026-07-26T04:42:05Z</Time>
          <Position>
            <LatitudeDegrees>38.47065</LatitudeDegrees>
            <LongitudeDegrees>-109.356675</LongitudeDegrees>
          </Position>
          <AltitudeMeters>2062.3</AltitudeMeters>
          <DistanceMeters>69709.1</DistanceMeters>
        </Trackpoint>
        <Trackpoint>
          <Time>2026-07-26T04:42:15Z</Time>
          <Position>
            <LatitudeDegrees>38.4707</LatitudeDegrees>
            <LongitudeDegrees>-109.35764</LongitudeDegrees>
          </Position>
          <AltitudeMeters>2057.9</AltitudeMeters>
          <DistanceMeters>69793.4</DistanceMeters>
        </Trackpoint>
        <Trackpoint>
          <Time>2026-07-26T04:42:25Z</Time>
          <Position>
            <LatitudeDegrees>38.470709</LatitudeDegrees>
            <LongitudeDegrees>-109.35863</LongitudeDegrees>
          </Position>
          <AltitudeMeters>2054.7</AltitudeMeters>
          <DistanceMeters>69879.7</DistanceMeters>
        </Trackpoint>
        <Trackpoint>
          <Time>2026-07-26T04:42:35Z</Time>
          <Position>
            <LatitudeDegrees>38.47065</LatitudeDegrees>
            <LongitudeDegrees>-109.35912</LongitudeDegrees>
          </Position>
          <AltitudeMeters>2053.7</AltitudeMeters>
          <DistanceMeters>69922.9</DistanceMeters>
        </Trackpoint>
        <Trackpoint>
          <Time>2026-07-26T04:42:45Z</Time>
          <Position>
            <LatitudeDegrees>38.4705</LatitudeDegrees>
            <LongitudeDegrees>-109.35958</LongitudeDegrees>
          </Position>
          <AltitudeMeters>2051.8</AltitudeMeters>
          <DistanceMeters>69966.4</DistanceMeters>
        </Trackpoint>
        <Trackpoint>
          <Time>2026-07-26T04:42:55Z</Time>
          <Position>
            <LatitudeDegrees>38.470057</LatitudeDegrees>
            <LongitudeDegrees>-109.36057</LongitudeDegrees>
          </Position>
          <AltitudeMeters>2048.9</AltitudeMeters>
          <DistanceMeters>70065.7</DistanceMeters>
        </Trackpoint>
        <Trackpoint>
          <Time>2026-07-26T04:43:05Z</Time>
          <Position>
            <LatitudeDegrees>38.469613</LatitudeDegrees>
            <LongitudeDegrees>-109.36156</LongitudeDegrees>
          </Position>
          <AltitudeMeters>2046.2</AltitudeMeters>
          <DistanceMeters>70165.2</DistanceMeters>
        </Trackpoint>
        <Trackpoint>
          <Time>2026-07-26T04:43:15Z</Time>
          <Position>
            <LatitudeDegrees>38.46917</LatitudeDegrees>
            <LongitudeDegrees>-109.36255</LongitudeDegrees>
          </Position>
          <AltitudeMeters>2042.2</AltitudeMeters>
          <DistanceMeters>70264.6</DistanceMeters>
        </Trackpoint>
        <Trackpoint>
          <Time>2026-07-26T04:43:25Z</Time>
          <Position>
            <LatitudeDegrees>38.46916</LatitudeDegrees>
            <LongitudeDegrees>-109.36256</LongitudeDegrees>
          </Position>
          <AltitudeMeters>2042.2</AltitudeMeters>
          <DistanceMeters>70266.0</DistanceMeters>
        </Trackpoint>
        <Trackpoint>
          <Time>2026-07-26T04:43:35Z</Time>
          <Position>
            <LatitudeDegrees>38.46863</LatitudeDegrees>
            <LongitudeDegrees>-109.36337</LongitudeDegrees>
          </Position>
          <AltitudeMeters>2038.9</AltitudeMeters>
          <DistanceMeters>70358.0</DistanceMeters>
        </Trackpoint>
        <Trackpoint>
          <Time>2026-07-26T04:43:45Z</Time>
          <Position>
            <LatitudeDegrees>38.468359</LatitudeDegrees>
            <LongitudeDegrees>-109.36364</LongitudeDegrees>
          </Position>
          <AltitudeMeters>2036.8</AltitudeMeters>
          <DistanceMeters>70396.2</DistanceMeters>
        </Trackpoint>
        <Trackpoint>
          <Time>2026-07-26T04:43:55Z</Time>
          <Position>
            <LatitudeDegrees>38.46755</LatitudeDegrees>
            <LongitudeDegrees>-109.364</LongitudeDegrees>
          </Position>
          <AltitudeMeters>2030.1</AltitudeMeters>
          <DistanceMeters>70491.6</DistanceMeters>
        </Trackpoint>
        <Trackpoint>
          <Time>2026-07-26T04:44:05Z</Time>
          <Position>
            <LatitudeDegrees>38.46689</LatitudeDegrees>
            <LongitudeDegrees>-109.364343</LongitudeDegrees>
          </Position>
          <AltitudeMeters>2024.5</AltitudeMeters>
          <DistanceMeters>70570.9</DistanceMeters>
        </Trackpoint>
        <Trackpoint>
          <Time>2026-07-26T04:44:15Z</Time>
          <Position>
            <LatitudeDegrees>38.46623</LatitudeDegrees>
            <LongitudeDegrees>-109.364687</LongitudeDegrees>
          </Position>
          <AltitudeMeters>2018.9</AltitudeMeters>
          <DistanceMeters>70650.3</DistanceMeters>
        </Trackpoint>
        <Trackpoint>
          <Time>2026-07-26T04:44:25Z</Time>
          <Position>
            <LatitudeDegrees>38.46557</LatitudeDegrees>
            <LongitudeDegrees>-109.36503</LongitudeDegrees>
          </Position>
          <AltitudeMeters>2013.1</AltitudeMeters>
          <DistanceMeters>70729.6</DistanceMeters>
        </Trackpoint>
        <Trackpoint>
          <Time>2026-07-26T04:44:35Z</Time>
          <Position>
            <LatitudeDegrees>38.46519</LatitudeDegrees>
            <LongitudeDegrees>-109.36516</LongitudeDegrees>
          </Position>
          <AltitudeMeters>2010.9</AltitudeMeters>
          <DistanceMeters>70773.4</DistanceMeters>
        </Trackpoint>
        <Trackpoint>
          <Time>2026-07-26T04:44:45Z</Time>
          <Position>
            <LatitudeDegrees>38.46484</LatitudeDegrees>
            <LongitudeDegrees>-109.36534</LongitudeDegrees>
          </Position>
          <AltitudeMeters>2009.2</AltitudeMeters>
          <DistanceMeters>70815.4</DistanceMeters>
        </Trackpoint>
        <Trackpoint>
          <Time>2026-07-26T04:44:55Z</Time>
          <Position>
            <LatitudeDegrees>38.46423</LatitudeDegrees>
            <LongitudeDegrees>-109.36579</LongitudeDegrees>
          </Position>
          <AltitudeMeters>2006.4</AltitudeMeters>
          <DistanceMeters>70893.8</DistanceMeters>
        </Trackpoint>
        <Trackpoint>
          <Time>2026-07-26T04:45:05Z</Time>
          <Position>
            <LatitudeDegrees>38.46394</LatitudeDegrees>
            <LongitudeDegrees>-109.36592</LongitudeDegrees>
          </Position>
          <AltitudeMeters>2005.1</AltitudeMeters>
          <DistanceMeters>70928.0</DistanceMeters>
        </Trackpoint>
        <Trackpoint>
          <Time>2026-07-26T04:45:15Z</Time>
          <Position>
            <LatitudeDegrees>38.46314</LatitudeDegrees>
            <LongitudeDegrees>-109.365945</LongitudeDegrees>
          </Position>
          <AltitudeMeters>2004.4</AltitudeMeters>
          <DistanceMeters>71017.1</DistanceMeters>
        </Trackpoint>
        <Trackpoint>
          <Time>2026-07-26T04:45:25Z</Time>
          <Position>
            <LatitudeDegrees>38.46234</LatitudeDegrees>
            <LongitudeDegrees>-109.36597</LongitudeDegrees>
          </Position>
          <AltitudeMeters>2002.0</AltitudeMeters>
          <DistanceMeters>71106.2</DistanceMeters>
        </Trackpoint>
        <Trackpoint>
          <Time>2026-07-26T04:45:35Z</Time>
          <Position>
            <LatitudeDegrees>38.46191</LatitudeDegrees>
            <LongitudeDegrees>-109.36601</LongitudeDegrees>
          </Position>
          <AltitudeMeters>1998.1</AltitudeMeters>
          <DistanceMeters>71154.2</DistanceMeters>
        </Trackpoint>
        <Trackpoint>
          <Time>2026-07-26T04:45:45Z</Time>
          <Position>
            <LatitudeDegrees>38.46112</LatitudeDegrees>
            <LongitudeDegrees>-109.36619</LongitudeDegrees>
          </Position>
          <AltitudeMeters>1993.2</AltitudeMeters>
          <DistanceMeters>71243.5</DistanceMeters>
        </Trackpoint>
        <Trackpoint>
          <Time>2026-07-26T04:45:55Z</Time>
          <Position>
            <LatitudeDegrees>38.46034</LatitudeDegrees>
            <LongitudeDegrees>-109.36646</LongitudeDegrees>
          </Position>
          <AltitudeMeters>1989.0</AltitudeMeters>
          <DistanceMeters>71333.5</DistanceMeters>
        </Trackpoint>
        <Trackpoint>
          <Time>2026-07-26T04:46:05Z</Time>
          <Position>
            <LatitudeDegrees>38.459673</LatitudeDegrees>
            <LongitudeDegrees>-109.366777</LongitudeDegrees>
          </Position>
          <AltitudeMeters>1987.2</AltitudeMeters>
          <DistanceMeters>71412.7</DistanceMeters>
        </Trackpoint>
        <Trackpoint>
          <Time>2026-07-26T04:46:15Z</Time>
          <Position>
            <LatitudeDegrees>38.459007</LatitudeDegrees>
            <LongitudeDegrees>-109.367093</LongitudeDegrees>
          </Position>
          <AltitudeMeters>1988.6</AltitudeMeters>
          <DistanceMeters>71491.8</DistanceMeters>
        </Trackpoint>
        <Trackpoint>
          <Time>2026-07-26T04:46:25Z</Time>
          <Position>
            <LatitudeDegrees>38.45834</LatitudeDegrees>
            <LongitudeDegrees>-109.36741</LongitudeDegrees>
          </Position>
          <AltitudeMeters>1990.1</AltitudeMeters>
          <DistanceMeters>71571.0</DistanceMeters>
        </Trackpoint>
        <Trackpoint>
          <Time>2026-07-26T04:46:35Z</Time>
          <Position>
            <LatitudeDegrees>38.45767</LatitudeDegrees>
            <LongitudeDegrees>-109.36777</LongitudeDegrees>
          </Position>
          <AltitudeMeters>1989.8</AltitudeMeters>
          <DistanceMeters>71651.9</DistanceMeters>
        </Trackpoint>
        <Trackpoint>
          <Time>2026-07-26T04:46:45Z</Time>
          <Position>
            <LatitudeDegrees>38.45726</LatitudeDegrees>
            <LongitudeDegrees>-109.36811</LongitudeDegrees>
          </Position>
          <AltitudeMeters>1989.0</AltitudeMeters>
          <DistanceMeters>71706.4</DistanceMeters>
        </Trackpoint>
        <Trackpoint>
          <Time>2026-07-26T04:46:55Z</Time>
          <Position>
            <LatitudeDegrees>38.457009</LatitudeDegrees>
            <LongitudeDegrees>-109.36816</LongitudeDegrees>
          </Position>
          <AltitudeMeters>1988.2</AltitudeMeters>
          <DistanceMeters>71734.5</DistanceMeters>
        </Trackpoint>
        <Trackpoint>
          <Time>2026-07-26T04:47:05Z</Time>
          <Position>
            <LatitudeDegrees>38.45656</LatitudeDegrees>
            <LongitudeDegrees>-109.36812</LongitudeDegrees>
          </Position>
          <AltitudeMeters>1986.9</AltitudeMeters>
          <DistanceMeters>71784.7</DistanceMeters>
        </Trackpoint>
        <Trackpoint>
          <Time>2026-07-26T04:47:15Z</Time>
          <Position>
            <LatitudeDegrees>38.45628</LatitudeDegrees>
            <LongitudeDegrees>-109.36813</LongitudeDegrees>
          </Position>
          <AltitudeMeters>1986.1</AltitudeMeters>
          <DistanceMeters>71815.9</DistanceMeters>
        </Trackpoint>
        <Trackpoint>
          <Time>2026-07-26T04:47:25Z</Time>
          <Position>
            <LatitudeDegrees>38.45587</LatitudeDegrees>
            <LongitudeDegrees>-109.36844</LongitudeDegrees>
          </Position>
          <AltitudeMeters>1984.3</AltitudeMeters>
          <DistanceMeters>71869.0</DistanceMeters>
        </Trackpoint>
        <Trackpoint>
          <Time>2026-07-26T04:47:35Z</Time>
          <Position>
            <LatitudeDegrees>38.45567</LatitudeDegrees>
            <LongitudeDegrees>-109.36875</LongitudeDegrees>
          </Position>
          <AltitudeMeters>1982.9</AltitudeMeters>
          <DistanceMeters>71904.0</DistanceMeters>
        </Trackpoint>
        <Trackpoint>
          <Time>2026-07-26T04:47:45Z</Time>
          <Position>
            <LatitudeDegrees>38.455347</LatitudeDegrees>
            <LongitudeDegrees>-109.369657</LongitudeDegrees>
          </Position>
          <AltitudeMeters>1975.8</AltitudeMeters>
          <DistanceMeters>71990.8</DistanceMeters>
        </Trackpoint>
        <Trackpoint>
          <Time>2026-07-26T04:47:55Z</Time>
          <Position>
            <LatitudeDegrees>38.455023</LatitudeDegrees>
            <LongitudeDegrees>-109.370563</LongitudeDegrees>
          </Position>
          <AltitudeMeters>1968.1</AltitudeMeters>
          <DistanceMeters>72077.7</DistanceMeters>
        </Trackpoint>
        <Trackpoint>
          <Time>2026-07-26T04:48:05Z</Time>
          <Position>
            <LatitudeDegrees>38.4547</LatitudeDegrees>
            <LongitudeDegrees>-109.37147</LongitudeDegrees>
          </Position>
          <AltitudeMeters>1959.5</AltitudeMeters>
          <DistanceMeters>72164.5</DistanceMeters>
        </Trackpoint>
        <Trackpoint>
          <Time>2026-07-26T04:48:15Z</Time>
          <Position>
            <LatitudeDegrees>38.45464</LatitudeDegrees>
            <LongitudeDegrees>-109.37192</LongitudeDegrees>
          </Position>
          <AltitudeMeters>1956.3</AltitudeMeters>
          <DistanceMeters>72204.3</DistanceMeters>
        </Trackpoint>
        <Trackpoint>
          <Time>2026-07-26T04:48:25Z</Time>
          <Position>
            <LatitudeDegrees>38.454659</LatitudeDegrees>
            <LongitudeDegrees>-109.37237</LongitudeDegrees>
          </Position>
          <AltitudeMeters>1951.6</AltitudeMeters>
          <DistanceMeters>72243.6</DistanceMeters>
        </Trackpoint>
        <Trackpoint>
          <Time>2026-07-26T04:48:35Z</Time>
          <Position>
            <LatitudeDegrees>38.45481</LatitudeDegrees>
            <LongitudeDegrees>-109.37322</LongitudeDegrees>
          </Position>
          <AltitudeMeters>1945.4</AltitudeMeters>
          <DistanceMeters>72319.6</DistanceMeters>
        </Trackpoint>
        <Trackpoint>
          <Time>2026-07-26T04:48:45Z</Time>
          <Position>
            <LatitudeDegrees>38.45496</LatitudeDegrees>
            <LongitudeDegrees>-109.37407</LongitudeDegrees>
          </Position>
          <AltitudeMeters>1940.1</AltitudeMeters>
          <DistanceMeters>72395.5</DistanceMeters>
        </Trackpoint>
        <Trackpoint>
          <Time>2026-07-26T04:48:55Z</Time>
          <Position>
            <LatitudeDegrees>38.45511</LatitudeDegrees>
            <LongitudeDegrees>-109.37492</LongitudeDegrees>
          </Position>
          <AltitudeMeters>1936.1</AltitudeMeters>
          <DistanceMeters>72471.5</DistanceMeters>
        </Trackpoint>
        <Trackpoint>
          <Time>2026-07-26T04:49:05Z</Time>
          <Position>
            <LatitudeDegrees>38.455233</LatitudeDegrees>
            <LongitudeDegrees>-109.37589</LongitudeDegrees>
          </Position>
          <AltitudeMeters>1928.8</AltitudeMeters>
          <DistanceMeters>72557.1</DistanceMeters>
        </Trackpoint>
        <Trackpoint>
          <Time>2026-07-26T04:49:15Z</Time>
          <Position>
            <LatitudeDegrees>38.455357</LatitudeDegrees>
            <LongitudeDegrees>-109.37686</LongitudeDegrees>
          </Position>
          <AltitudeMeters>1927.5</AltitudeMeters>
          <DistanceMeters>72642.8</DistanceMeters>
        </Trackpoint>
        <Trackpoint>
          <Time>2026-07-26T04:49:25Z</Time>
          <Position>
            <LatitudeDegrees>38.45548</LatitudeDegrees>
            <LongitudeDegrees>-109.37783</LongitudeDegrees>
          </Position>
          <AltitudeMeters>1923.0</AltitudeMeters>
          <DistanceMeters>72728.5</DistanceMeters>
        </Trackpoint>
        <Trackpoint>
          <Time>2026-07-26T04:49:35Z</Time>
          <Position>
            <LatitudeDegrees>38.45544</LatitudeDegrees>
            <LongitudeDegrees>-109.37814</LongitudeDegrees>
          </Position>
          <AltitudeMeters>1921.8</AltitudeMeters>
          <DistanceMeters>72755.9</DistanceMeters>
        </Trackpoint>
        <Trackpoint>
          <Time>2026-07-26T04:49:45Z</Time>
          <Position>
            <LatitudeDegrees>38.45539</LatitudeDegrees>
            <LongitudeDegrees>-109.37828</LongitudeDegrees>
          </Position>
          <AltitudeMeters>1920.2</AltitudeMeters>
          <DistanceMeters>72769.3</DistanceMeters>
        </Trackpoint>
        <Trackpoint>
          <Time>2026-07-26T04:49:55Z</Time>
          <Position>
            <LatitudeDegrees>38.45527</LatitudeDegrees>
            <LongitudeDegrees>-109.37832</LongitudeDegrees>
          </Position>
          <AltitudeMeters>1919.4</AltitudeMeters>
          <DistanceMeters>72783.1</DistanceMeters>
        </Trackpoint>
        <Trackpoint>
          <Time>2026-07-26T04:50:05Z</Time>
          <Position>
            <LatitudeDegrees>38.45514</LatitudeDegrees>
            <LongitudeDegrees>-109.3782</LongitudeDegrees>
          </Position>
          <AltitudeMeters>1918.2</AltitudeMeters>
          <DistanceMeters>72800.9</DistanceMeters>
        </Trackpoint>
        <Trackpoint>
          <Time>2026-07-26T04:50:15Z</Time>
          <Position>
            <LatitudeDegrees>38.45505</LatitudeDegrees>
            <LongitudeDegrees>-109.37792</LongitudeDegrees>
          </Position>
          <AltitudeMeters>1916.2</AltitudeMeters>
          <DistanceMeters>72827.3</DistanceMeters>
        </Trackpoint>
        <Trackpoint>
          <Time>2026-07-26T04:50:25Z</Time>
          <Position>
            <LatitudeDegrees>38.45491</LatitudeDegrees>
            <LongitudeDegrees>-109.37712</LongitudeDegrees>
          </Position>
          <AltitudeMeters>1909.9</AltitudeMeters>
          <DistanceMeters>72898.8</DistanceMeters>
        </Trackpoint>
        <Trackpoint>
          <Time>2026-07-26T04:50:35Z</Time>
          <Position>
            <LatitudeDegrees>38.4548</LatitudeDegrees>
            <LongitudeDegrees>-109.37668</LongitudeDegrees>
          </Position>
          <AltitudeMeters>1906.5</AltitudeMeters>
          <DistanceMeters>72939.0</DistanceMeters>
        </Trackpoint>
        <Trackpoint>
          <Time>2026-07-26T04:50:45Z</Time>
          <Position>
            <LatitudeDegrees>38.45461</LatitudeDegrees>
            <LongitudeDegrees>-109.37627</LongitudeDegrees>
          </Position>
          <AltitudeMeters>1901.9</AltitudeMeters>
          <DistanceMeters>72980.6</DistanceMeters>
        </Trackpoint>
        <Trackpoint>
          <Time>2026-07-26T04:50:55Z</Time>
          <Position>
            <LatitudeDegrees>38.45434</LatitudeDegrees>
            <LongitudeDegrees>-109.37591</LongitudeDegrees>
          </Position>
          <AltitudeMeters>1898.6</AltitudeMeters>
          <DistanceMeters>73024.0</DistanceMeters>
        </Trackpoint>
        <Trackpoint>
          <Time>2026-07-26T04:51:05Z</Time>
          <Position>
            <LatitudeDegrees>38.454</LatitudeDegrees>
            <LongitudeDegrees>-109.37551</LongitudeDegrees>
          </Position>
          <AltitudeMeters>1893.8</AltitudeMeters>
          <DistanceMeters>73075.5</DistanceMeters>
        </Trackpoint>
        <Trackpoint>
          <Time>2026-07-26T04:51:15Z</Time>
          <Position>
            <LatitudeDegrees>38.45342</LatitudeDegrees>
            <LongitudeDegrees>-109.37492</LongitudeDegrees>
          </Position>
          <AltitudeMeters>1885.5</AltitudeMeters>
          <DistanceMeters>73158.0</DistanceMeters>
        </Trackpoint>
        <Trackpoint>
          <Time>2026-07-26T04:51:25Z</Time>
          <Position>
            <LatitudeDegrees>38.45329</LatitudeDegrees>
            <LongitudeDegrees>-109.37458</LongitudeDegrees>
          </Position>
          <AltitudeMeters>1881.6</AltitudeMeters>
          <DistanceMeters>73191.0</DistanceMeters>
        </Trackpoint>
        <Trackpoint>
          <Time>2026-07-26T04:51:35Z</Time>
          <Position>
            <LatitudeDegrees>38.45327</LatitudeDegrees>
            <LongitudeDegrees>-109.37385</LongitudeDegrees>
          </Position>
          <AltitudeMeters>1875.7</AltitudeMeters>
          <DistanceMeters>73254.7</DistanceMeters>
        </Trackpoint>
        <Trackpoint>
          <Time>2026-07-26T04:51:45Z</Time>
          <Position>
            <LatitudeDegrees>38.453055</LatitudeDegrees>
            <LongitudeDegrees>-109.373155</LongitudeDegrees>
          </Position>
          <AltitudeMeters>1869.4</AltitudeMeters>
          <DistanceMeters>73319.8</DistanceMeters>
        </Trackpoint>
        <Trackpoint>
          <Time>2026-07-26T04:51:55Z</Time>
          <Position>
            <LatitudeDegrees>38.45284</LatitudeDegrees>
            <LongitudeDegrees>-109.37246</LongitudeDegrees>
          </Position>
          <AltitudeMeters>1865.7</AltitudeMeters>
          <DistanceMeters>73385.0</DistanceMeters>
        </Trackpoint>
        <Trackpoint>
          <Time>2026-07-26T04:52:05Z</Time>
          <Position>
            <LatitudeDegrees>38.45268</LatitudeDegrees>
            <LongitudeDegrees>-109.3721</LongitudeDegrees>
          </Position>
          <AltitudeMeters>1862.0</AltitudeMeters>
          <DistanceMeters>73421.1</DistanceMeters>
        </Trackpoint>
        <Trackpoint>
          <Time>2026-07-26T04:52:15Z</Time>
          <Position>
            <LatitudeDegrees>38.45246</LatitudeDegrees>
            <LongitudeDegrees>-109.37188</LongitudeDegrees>
          </Position>
          <AltitudeMeters>1857.7</AltitudeMeters>
          <DistanceMeters>73452.2</DistanceMeters>
        </Trackpoint>
        <Trackpoint>
          <Time>2026-07-26T04:52:25Z</Time>
          <Position>
            <LatitudeDegrees>38.45196</LatitudeDegrees>
            <LongitudeDegrees>-109.37175</LongitudeDegrees>
          </Position>
          <AltitudeMeters>1851.6</AltitudeMeters>
          <DistanceMeters>73509.0</DistanceMeters>
        </Trackpoint>
        <Trackpoint>
          <Time>2026-07-26T04:52:35Z</Time>
          <Position>
            <LatitudeDegrees>38.45178</LatitudeDegrees>
            <LongitudeDegrees>-109.37156</LongitudeDegrees>
          </Position>
          <AltitudeMeters>1849.7</AltitudeMeters>
          <DistanceMeters>73535.0</DistanceMeters>
        </Trackpoint>
        <Trackpoint>
          <Time>2026-07-26T04:52:45Z</Time>
          <Position>
            <LatitudeDegrees>38.4515</LatitudeDegrees>
            <LongitudeDegrees>-109.37102</LongitudeDegrees>
          </Position>
          <AltitudeMeters>1849.7</AltitudeMeters>
          <DistanceMeters>73591.4</DistanceMeters>
        </Trackpoint>
        <Trackpoint>
          <Time>2026-07-26T04:52:55Z</Time>
          <Position>
            <LatitudeDegrees>38.45133</LatitudeDegrees>
            <LongitudeDegrees>-109.37085</LongitudeDegrees>
          </Position>
          <AltitudeMeters>1849.7</AltitudeMeters>
          <DistanceMeters>73615.5</DistanceMeters>
        </Trackpoint>
        <Trackpoint>
          <Time>2026-07-26T04:53:05Z</Time>
          <Position>
            <LatitudeDegrees>38.451099</LatitudeDegrees>
            <LongitudeDegrees>-109.3708</LongitudeDegrees>
          </Position>
          <AltitudeMeters>1849.7</AltitudeMeters>
          <DistanceMeters>73641.5</DistanceMeters>
        </Trackpoint>
        <Trackpoint>
          <Time>2026-07-26T04:53:15Z</Time>
          <Position>
            <LatitudeDegrees>38.45088</LatitudeDegrees>
            <LongitudeDegrees>-109.37085</LongitudeDegrees>
          </Position>
          <AltitudeMeters>1849.7</AltitudeMeters>
          <DistanceMeters>73666.3</DistanceMeters>
        </Trackpoint>
        <Trackpoint>
          <Time>2026-07-26T04:53:25Z</Time>
          <Position>
            <LatitudeDegrees>38.45067</LatitudeDegrees>
            <LongitudeDegrees>-109.37107</LongitudeDegrees>
          </Position>
          <AltitudeMeters>1849.7</AltitudeMeters>
          <DistanceMeters>73696.6</DistanceMeters>
        </Trackpoint>
        <Trackpoint>
          <Time>2026-07-26T04:53:35Z</Time>
          <Position>
            <LatitudeDegrees>38.45041</LatitudeDegrees>
            <LongitudeDegrees>-109.37166</LongitudeDegrees>
          </Position>
          <AltitudeMeters>1849.7</AltitudeMeters>
          <DistanceMeters>73755.6</DistanceMeters>
        </Trackpoint>
        <Trackpoint>
          <Time>2026-07-26T04:53:45Z</Time>
          <Position>
            <LatitudeDegrees>38.450077</LatitudeDegrees>
            <LongitudeDegrees>-109.372537</LongitudeDegrees>
          </Position>
          <AltitudeMeters>1849.7</AltitudeMeters>
          <DistanceMeters>73840.5</DistanceMeters>
        </Trackpoint>
        <Trackpoint>
          <Time>2026-07-26T04:53:55Z</Time>
          <Position>
            <LatitudeDegrees>38.449743</LatitudeDegrees>
            <LongitudeDegrees>-109.373413</LongitudeDegrees>
          </Position>
          <AltitudeMeters>1849.7</AltitudeMeters>
          <DistanceMeters>73925.5</DistanceMeters>
        </Trackpoint>
        <Trackpoint>
          <Time>2026-07-26T04:54:05Z</Time>
          <Position>
            <LatitudeDegrees>38.44941</LatitudeDegrees>
            <LongitudeDegrees>-109.37429</LongitudeDegrees>
          </Position>
          <AltitudeMeters>1849.7</AltitudeMeters>
          <DistanceMeters>74010.4</DistanceMeters>
        </Trackpoint>
        <Trackpoint>
          <Time>2026-07-26T04:54:15Z</Time>
          <Position>
            <LatitudeDegrees>38.44908</LatitudeDegrees>
            <LongitudeDegrees>-109.3751</LongitudeDegrees>
          </Position>
          <AltitudeMeters>1770.2</AltitudeMeters>
          <DistanceMeters>74090.0</DistanceMeters>
        </Trackpoint>
        <Trackpoint>
          <Time>2026-07-26T04:54:25Z</Time>
          <Position>
            <LatitudeDegrees>38.448749</LatitudeDegrees>
            <LongitudeDegrees>-109.37591</LongitudeDegrees>
          </Position>
          <AltitudeMeters>1770.2</AltitudeMeters>
          <DistanceMeters>74169.7</DistanceMeters>
        </Trackpoint>
        <Trackpoint>
          <Time>2026-07-26T04:54:35Z</Time>
          <Position>
            <LatitudeDegrees>38.44842</LatitudeDegrees>
            <LongitudeDegrees>-109.376683</LongitudeDegrees>
          </Position>
          <AltitudeMeters>1770.2</AltitudeMeters>
          <DistanceMeters>74246.4</DistanceMeters>
        </Trackpoint>
        <Trackpoint>
          <Time>2026-07-26T04:54:45Z</Time>
          <Position>
            <LatitudeDegrees>38.44809</LatitudeDegrees>
            <LongitudeDegrees>-109.377457</LongitudeDegrees>
          </Position>
          <AltitudeMeters>1770.2</AltitudeMeters>
          <DistanceMeters>74323.2</DistanceMeters>
        </Trackpoint>
        <Trackpoint>
          <Time>2026-07-26T04:54:55Z</Time>
          <Position>
            <LatitudeDegrees>38.44776</LatitudeDegrees>
            <LongitudeDegrees>-109.37823</LongitudeDegrees>
          </Position>
          <AltitudeMeters>1770.2</AltitudeMeters>
          <DistanceMeters>74400.0</DistanceMeters>
        </Trackpoint>
        <Trackpoint>
          <Time>2026-07-26T04:55:05Z</Time>
          <Position>
            <LatitudeDegrees>38.44761</LatitudeDegrees>
            <LongitudeDegrees>-109.37843</LongitudeDegrees>
          </Position>
          <AltitudeMeters>1770.2</AltitudeMeters>
          <DistanceMeters>74424.1</DistanceMeters>
        </Trackpoint>
        <Trackpoint>
          <Time>2026-07-26T04:55:15Z</Time>
          <Position>
            <LatitudeDegrees>38.44738</LatitudeDegrees>
            <LongitudeDegrees>-109.37868</LongitudeDegrees>
          </Position>
          <AltitudeMeters>1770.2</AltitudeMeters>
          <DistanceMeters>74457.8</DistanceMeters>
        </Trackpoint>
        <Trackpoint>
          <Time>2026-07-26T04:55:25Z</Time>
          <Position>
            <LatitudeDegrees>38.44705</LatitudeDegrees>
            <LongitudeDegrees>-109.37891</LongitudeDegrees>
          </Position>
          <AltitudeMeters>1770.2</AltitudeMeters>
          <DistanceMeters>74499.6</DistanceMeters>
        </Trackpoint>
        <Trackpoint>
          <Time>2026-07-26T04:55:35Z</Time>
          <Position>
            <LatitudeDegrees>38.4468</LatitudeDegrees>
            <LongitudeDegrees>-109.37917</LongitudeDegrees>
          </Position>
          <AltitudeMeters>1769.4</AltitudeMeters>
          <DistanceMeters>74535.5</DistanceMeters>
        </Trackpoint>
        <Trackpoint>
          <Time>2026-07-26T04:55:45Z</Time>
          <Position>
            <LatitudeDegrees>38.44662</LatitudeDegrees>
            <LongitudeDegrees>-109.37945</LongitudeDegrees>
          </Position>
          <AltitudeMeters>1767.1</AltitudeMeters>
          <DistanceMeters>74567.1</DistanceMeters>
        </Trackpoint>
        <Trackpoint>
          <Time>2026-07-26T04:55:55Z</Time>
          <Position>
            <LatitudeDegrees>38.44653</LatitudeDegrees>
            <LongitudeDegrees>-109.37983</LongitudeDegrees>
          </Position>
          <AltitudeMeters>1765.8</AltitudeMeters>
          <DistanceMeters>74601.7</DistanceMeters>
        </Trackpoint>
        <Trackpoint>
          <Time>2026-07-26T04:56:05Z</Time>
          <Position>
            <LatitudeDegrees>38.44652</LatitudeDegrees>
            <LongitudeDegrees>-109.37985</LongitudeDegrees>
          </Position>
          <AltitudeMeters>1765.8</AltitudeMeters>
          <DistanceMeters>74603.8</DistanceMeters>
        </Trackpoint>
        <Trackpoint>
          <Time>2026-07-26T04:56:15Z</Time>
          <Position>
            <LatitudeDegrees>38.44651</LatitudeDegrees>
            <LongitudeDegrees>-109.380765</LongitudeDegrees>
          </Position>
          <AltitudeMeters>1762.2</AltitudeMeters>
          <DistanceMeters>74683.5</DistanceMeters>
        </Trackpoint>
        <Trackpoint>
          <Time>2026-07-26T04:56:25Z</Time>
          <Position>
            <LatitudeDegrees>38.4465</LatitudeDegrees>
            <LongitudeDegrees>-109.38168</LongitudeDegrees>
          </Position>
          <AltitudeMeters>1760.2</AltitudeMeters>
          <DistanceMeters>74763.3</DistanceMeters>
        </Trackpoint>
        <Trackpoint>
          <Time>2026-07-26T04:56:35Z</Time>
          <Position>
            <LatitudeDegrees>38.44656</LatitudeDegrees>
            <LongitudeDegrees>-109.38222</LongitudeDegrees>
          </Position>
          <AltitudeMeters>1759.6</AltitudeMeters>
          <DistanceMeters>74810.9</DistanceMeters>
        </Trackpoint>
        <Trackpoint>
          <Time>2026-07-26T04:56:45Z</Time>
          <Position>
            <LatitudeDegrees>38.44666</LatitudeDegrees>
            <LongitudeDegrees>-109.38278</LongitudeDegrees>
          </Position>
          <AltitudeMeters>1758.3</AltitudeMeters>
          <DistanceMeters>74860.9</DistanceMeters>
        </Trackpoint>
        <Trackpoint>
          <Time>2026-07-26T04:56:55Z</Time>
          <Position>
            <LatitudeDegrees>38.44676</LatitudeDegrees>
            <LongitudeDegrees>-109.38334</LongitudeDegrees>
          </Position>
          <AltitudeMeters>1756.4</AltitudeMeters>
          <DistanceMeters>74911.0</DistanceMeters>
        </Trackpoint>
        <Trackpoint>
          <Time>2026-07-26T04:57:05Z</Time>
          <Position>
            <LatitudeDegrees>38.44696</LatitudeDegrees>
            <LongitudeDegrees>-109.38401</LongitudeDegrees>
          </Position>
          <AltitudeMeters>1753.7</AltitudeMeters>
          <DistanceMeters>74973.5</DistanceMeters>
        </Trackpoint>
        <Trackpoint>
          <Time>2026-07-26T04:57:15Z</Time>
          <Position>
            <LatitudeDegrees>38.44708</LatitudeDegrees>
            <LongitudeDegrees>-109.38469</LongitudeDegrees>
          </Position>
          <AltitudeMeters>1748.1</AltitudeMeters>
          <DistanceMeters>75034.3</DistanceMeters>
        </Trackpoint>
        <Trackpoint>
          <Time>2026-07-26T04:57:25Z</Time>
          <Position>
            <LatitudeDegrees>38.447085</LatitudeDegrees>
            <LongitudeDegrees>-109.38547</LongitudeDegrees>
          </Position>
          <AltitudeMeters>1744.4</AltitudeMeters>
          <DistanceMeters>75102.3</DistanceMeters>
        </Trackpoint>
        <Trackpoint>
          <Time>2026-07-26T04:57:35Z</Time>
          <Position>
            <LatitudeDegrees>38.44709</LatitudeDegrees>
            <LongitudeDegrees>-109.38625</LongitudeDegrees>
          </Position>
          <AltitudeMeters>1741.5</AltitudeMeters>
          <DistanceMeters>75170.3</DistanceMeters>
        </Trackpoint>
        <Trackpoint>
          <Time>2026-07-26T04:57:45Z</Time>
          <Position>
            <LatitudeDegrees>38.44711</LatitudeDegrees>
            <LongitudeDegrees>-109.38669</LongitudeDegrees>
          </Position>
          <AltitudeMeters>1738.6</AltitudeMeters>
          <DistanceMeters>75208.7</DistanceMeters>
        </Trackpoint>
        <Trackpoint>
          <Time>2026-07-26T04:57:55Z</Time>
          <Position>
            <LatitudeDegrees>38.44719</LatitudeDegrees>
            <LongitudeDegrees>-109.38711</LongitudeDegrees>
          </Position>
          <AltitudeMeters>1735.6</AltitudeMeters>
          <DistanceMeters>75246.4</DistanceMeters>
        </Trackpoint>
        <Trackpoint>
          <Time>2026-07-26T04:58:05Z</Time>
          <Position>
            <LatitudeDegrees>38.447465</LatitudeDegrees>
            <LongitudeDegrees>-109.387902</LongitudeDegrees>
          </Position>
          <AltitudeMeters>1730.8</AltitudeMeters>
          <DistanceMeters>75322.0</DistanceMeters>
        </Trackpoint>
        <Trackpoint>
          <Time>2026-07-26T04:58:15Z</Time>
          <Position>
            <LatitudeDegrees>38.44774</LatitudeDegrees>
            <LongitudeDegrees>-109.388695</LongitudeDegrees>
          </Position>
          <AltitudeMeters>1729.2</AltitudeMeters>
          <DistanceMeters>75397.6</DistanceMeters>
        </Trackpoint>
        <Trackpoint>
          <Time>2026-07-26T04:58:25Z</Time>
          <Position>
            <LatitudeDegrees>38.448015</LatitudeDegrees>
            <LongitudeDegrees>-109.389487</LongitudeDegrees>
          </Position>
          <AltitudeMeters>1728.4</AltitudeMeters>
          <DistanceMeters>75473.1</DistanceMeters>
        </Trackpoint>
        <Trackpoint>
          <Time>2026-07-26T04:58:35Z</Time>
          <Position>
            <LatitudeDegrees>38.44829</LatitudeDegrees>
            <LongitudeDegrees>-109.39028</LongitudeDegrees>
          </Position>
          <AltitudeMeters>1725.6</AltitudeMeters>
          <DistanceMeters>75548.7</DistanceMeters>
        </Trackpoint>
        <Trackpoint>
          <Time>2026-07-26T04:58:45Z</Time>
          <Position>
            <LatitudeDegrees>38.448565</LatitudeDegrees>
            <LongitudeDegrees>-109.390925</LongitudeDegrees>
          </Position>
          <AltitudeMeters>1723.5</AltitudeMeters>
          <DistanceMeters>75612.7</DistanceMeters>
        </Trackpoint>
        <Trackpoint>
          <Time>2026-07-26T04:58:55Z</Time>
          <Position>
            <LatitudeDegrees>38.448839</LatitudeDegrees>
            <LongitudeDegrees>-109.39157</LongitudeDegrees>
          </Position>
          <AltitudeMeters>1721.8</AltitudeMeters>
          <DistanceMeters>75676.7</DistanceMeters>
        </Trackpoint>
        <Trackpoint>
          <Time>2026-07-26T04:59:05Z</Time>
          <Position>
            <LatitudeDegrees>38.449165</LatitudeDegrees>
            <LongitudeDegrees>-109.392155</LongitudeDegrees>
          </Position>
          <AltitudeMeters>1720.6</AltitudeMeters>
          <DistanceMeters>75739.3</DistanceMeters>
        </Trackpoint>
        <Trackpoint>
          <Time>2026-07-26T04:59:15Z</Time>
          <Position>
            <LatitudeDegrees>38.44949</LatitudeDegrees>
            <LongitudeDegrees>-109.39274</LongitudeDegrees>
          </Position>
          <AltitudeMeters>1718.0</AltitudeMeters>
          <DistanceMeters>75801.8</DistanceMeters>
        </Trackpoint>
        <Trackpoint>
          <Time>2026-07-26T04:59:25Z</Time>
          <Position>
            <LatitudeDegrees>38.449948</LatitudeDegrees>
            <LongitudeDegrees>-109.393422</LongitudeDegrees>
          </Position>
          <AltitudeMeters>1713.8</AltitudeMeters>
          <DistanceMeters>75880.1</DistanceMeters>
        </Trackpoint>
        <Trackpoint>
          <Time>2026-07-26T04:59:35Z</Time>
          <Position>
            <LatitudeDegrees>38.450405</LatitudeDegrees>
            <LongitudeDegrees>-109.394105</LongitudeDegrees>
          </Position>
          <AltitudeMeters>1710.2</AltitudeMeters>
          <DistanceMeters>75958.5</DistanceMeters>
        </Trackpoint>
        <Trackpoint>
          <Time>2026-07-26T04:59:45Z</Time>
          <Position>
            <LatitudeDegrees>38.450863</LatitudeDegrees>
            <LongitudeDegrees>-109.394787</LongitudeDegrees>
          </Position>
          <AltitudeMeters>1707.9</AltitudeMeters>
          <DistanceMeters>76036.8</DistanceMeters>
        </Trackpoint>
        <Trackpoint>
          <Time>2026-07-26T04:59:55Z</Time>
          <Position>
            <LatitudeDegrees>38.45132</LatitudeDegrees>
            <LongitudeDegrees>-109.39547</LongitudeDegrees>
          </Position>
          <AltitudeMeters>1705.7</AltitudeMeters>
          <DistanceMeters>76115.1</DistanceMeters>
        </Trackpoint>
        <Trackpoint>
          <Time>2026-07-26T05:00:05Z</Time>
          <Position>
            <LatitudeDegrees>38.4516</LatitudeDegrees>
            <LongitudeDegrees>-109.39593</LongitudeDegrees>
          </Position>
          <AltitudeMeters>1703.0</AltitudeMeters>
          <DistanceMeters>76165.9</DistanceMeters>
        </Trackpoint>
        <Trackpoint>
          <Time>2026-07-26T05:00:15Z</Time>
          <Position>
            <LatitudeDegrees>38.45187</LatitudeDegrees>
            <LongitudeDegrees>-109.39655</LongitudeDegrees>
          </Position>
          <AltitudeMeters>1701.2</AltitudeMeters>
          <DistanceMeters>76227.7</DistanceMeters>
        </Trackpoint>
        <Trackpoint>
          <Time>2026-07-26T05:00:25Z</Time>
          <Position>
            <LatitudeDegrees>38.45214</LatitudeDegrees>
            <LongitudeDegrees>-109.39717</LongitudeDegrees>
          </Position>
          <AltitudeMeters>1698.9</AltitudeMeters>
          <DistanceMeters>76289.6</DistanceMeters>
        </Trackpoint>
        <Trackpoint>
          <Time>2026-07-26T05:00:35Z</Time>
          <Position>
            <LatitudeDegrees>38.452509</LatitudeDegrees>
            <LongitudeDegrees>-109.39807</LongitudeDegrees>
          </Position>
          <AltitudeMeters>1694.7</AltitudeMeters>
          <DistanceMeters>76378.2</DistanceMeters>
        </Trackpoint>
        <Trackpoint>
          <Time>2026-07-26T05:00:45Z</Time>
          <Position>
            <LatitudeDegrees>38.45266</LatitudeDegrees>
            <LongitudeDegrees>-109.39856</LongitudeDegrees>
          </Position>
          <AltitudeMeters>1691.7</AltitudeMeters>
          <DistanceMeters>76424.0</DistanceMeters>
        </Trackpoint>
        <Trackpoint>
          <Time>2026-07-26T05:00:55Z</Time>
          <Position>
            <LatitudeDegrees>38.45274</LatitudeDegrees>
            <LongitudeDegrees>-109.39901</LongitudeDegrees>
          </Position>
          <AltitudeMeters>1689.9</AltitudeMeters>
          <DistanceMeters>76464.3</DistanceMeters>
        </Trackpoint>
        <Trackpoint>
          <Time>2026-07-26T05:01:05Z</Time>
          <Position>
            <LatitudeDegrees>38.45279</LatitudeDegrees>
            <LongitudeDegrees>-109.39959</LongitudeDegrees>
          </Position>
          <AltitudeMeters>1687.7</AltitudeMeters>
          <DistanceMeters>76515.1</DistanceMeters>
        </Trackpoint>
        <Trackpoint>
          <Time>2026-07-26T05:01:15Z</Time>
          <Position>
            <LatitudeDegrees>38.452785</LatitudeDegrees>
            <LongitudeDegrees>-109.400305</LongitudeDegrees>
          </Position>
          <AltitudeMeters>1685.5</AltitudeMeters>
          <DistanceMeters>76577.5</DistanceMeters>
        </Trackpoint>
        <Trackpoint>
          <Time>2026-07-26T05:01:25Z</Time>
          <Position>
            <LatitudeDegrees>38.45278</LatitudeDegrees>
            <LongitudeDegrees>-109.40102</LongitudeDegrees>
          </Position>
          <AltitudeMeters>1684.3</AltitudeMeters>
          <DistanceMeters>76639.8</DistanceMeters>
        </Trackpoint>
        <Trackpoint>
          <Time>2026-07-26T05:01:35Z</Time>
          <Position>
            <LatitudeDegrees>38.45282</LatitudeDegrees>
            <LongitudeDegrees>-109.40144</LongitudeDegrees>
          </Position>
          <AltitudeMeters>1683.4</AltitudeMeters>
          <DistanceMeters>76676.7</DistanceMeters>
        </Trackpoint>
        <Trackpoint>
          <Time>2026-07-26T05:01:45Z</Time>
          <Position>
            <LatitudeDegrees>38.453007</LatitudeDegrees>
            <LongitudeDegrees>-109.40242</LongitudeDegrees>
          </Position>
          <AltitudeMeters>1680.8</AltitudeMeters>
          <DistanceMeters>76764.6</DistanceMeters>
        </Trackpoint>
        <Trackpoint>
          <Time>2026-07-26T05:01:55Z</Time>
          <Position>
            <LatitudeDegrees>38.453195</LatitudeDegrees>
            <LongitudeDegrees>-109.4034</LongitudeDegrees>
          </Position>
          <AltitudeMeters>1678.0</AltitudeMeters>
          <DistanceMeters>76852.6</DistanceMeters>
        </Trackpoint>
        <Trackpoint>
          <Time>2026-07-26T05:02:05Z</Time>
          <Position>
            <LatitudeDegrees>38.453383</LatitudeDegrees>
            <LongitudeDegrees>-109.40438</LongitudeDegrees>
          </Position>
          <AltitudeMeters>1676.1</AltitudeMeters>
          <DistanceMeters>76940.5</DistanceMeters>
        </Trackpoint>
        <Trackpoint>
          <Time>2026-07-26T05:02:15Z</Time>
          <Position>
            <LatitudeDegrees>38.45357</LatitudeDegrees>
            <LongitudeDegrees>-109.40536</LongitudeDegrees>
          </Position>
          <AltitudeMeters>1674.2</AltitudeMeters>
          <DistanceMeters>77028.5</DistanceMeters>
        </Trackpoint>
        <Trackpoint>
          <Time>2026-07-26T05:02:25Z</Time>
          <Position>
            <LatitudeDegrees>38.453736</LatitudeDegrees>
            <LongitudeDegrees>-109.406167</LongitudeDegrees>
          </Position>
          <AltitudeMeters>1670.6</AltitudeMeters>
          <DistanceMeters>77101.2</DistanceMeters>
        </Trackpoint>
        <Trackpoint>
          <Time>2026-07-26T05:02:35Z</Time>
          <Position>
            <LatitudeDegrees>38.453902</LatitudeDegrees>
            <LongitudeDegrees>-109.406973</LongitudeDegrees>
          </Position>
          <AltitudeMeters>1667.7</AltitudeMeters>
          <DistanceMeters>77173.9</DistanceMeters>
        </Trackpoint>
        <Trackpoint>
          <Time>2026-07-26T05:02:45Z</Time>
          <Position>
            <LatitudeDegrees>38.45407</LatitudeDegrees>
            <LongitudeDegrees>-109.40778</LongitudeDegrees>
          </Position>
          <AltitudeMeters>1663.9</AltitudeMeters>
          <DistanceMeters>77246.7</DistanceMeters>
        </Trackpoint>
        <Trackpoint>
          <Time>2026-07-26T05:02:55Z</Time>
          <Position>
            <LatitudeDegrees>38.45423</LatitudeDegrees>
            <LongitudeDegrees>-109.40845</LongitudeDegrees>
          </Position>
          <AltitudeMeters>1661.4</AltitudeMeters>
          <DistanceMeters>77307.7</DistanceMeters>
        </Trackpoint>
        <Trackpoint>
          <Time>2026-07-26T05:03:05Z</Time>
          <Position>
            <LatitudeDegrees>38.45441</LatitudeDegrees>
            <LongitudeDegrees>-109.40892</LongitudeDegrees>
          </Position>
          <AltitudeMeters>1659.5</AltitudeMeters>
          <DistanceMeters>77353.3</DistanceMeters>
        </Trackpoint>
        <Trackpoint>
          <Time>2026-07-26T05:03:15Z</Time>
          <Position>
            <LatitudeDegrees>38.45493</LatitudeDegrees>
            <LongitudeDegrees>-109.40981</LongitudeDegrees>
          </Position>
          <AltitudeMeters>1655.7</AltitudeMeters>
          <DistanceMeters>77450.1</DistanceMeters>
        </Trackpoint>
        <Trackpoint>
          <Time>2026-07-26T05:03:25Z</Time>
          <Position>
            <LatitudeDegrees>38.45515</LatitudeDegrees>
            <LongitudeDegrees>-109.4103</LongitudeDegrees>
          </Position>
          <AltitudeMeters>1654.1</AltitudeMeters>
          <DistanceMeters>77499.4</DistanceMeters>
        </Trackpoint>
        <Trackpoint>
          <Time>2026-07-26T05:03:35Z</Time>
          <Position>
            <LatitudeDegrees>38.455425</LatitudeDegrees>
            <LongitudeDegrees>-109.411065</LongitudeDegrees>
          </Position>
          <AltitudeMeters>1651.6</AltitudeMeters>
          <DistanceMeters>77572.7</DistanceMeters>
        </Trackpoint>
        <Trackpoint>
          <Time>2026-07-26T05:03:45Z</Time>
          <Position>
            <LatitudeDegrees>38.4557</LatitudeDegrees>
            <LongitudeDegrees>-109.41183</LongitudeDegrees>
          </Position>
          <AltitudeMeters>1649.1</AltitudeMeters>
          <DistanceMeters>77646.1</DistanceMeters>
        </Trackpoint>
        <Trackpoint>
          <Time>2026-07-26T05:03:55Z</Time>
          <Position>
            <LatitudeDegrees>38.45614</LatitudeDegrees>
            <LongitudeDegrees>-109.4128</LongitudeDegrees>
          </Position>
          <AltitudeMeters>1646.2</AltitudeMeters>
          <DistanceMeters>77743.8</DistanceMeters>
        </Trackpoint>
        <Trackpoint>
          <Time>2026-07-26T05:04:05Z</Time>
          <Position>
            <LatitudeDegrees>38.45664</LatitudeDegrees>
            <LongitudeDegrees>-109.41374</LongitudeDegrees>
          </Position>
          <AltitudeMeters>1643.8</AltitudeMeters>
          <DistanceMeters>77842.9</DistanceMeters>
        </Trackpoint>
        <Trackpoint>
          <Time>2026-07-26T05:04:15Z</Time>
          <Position>
            <LatitudeDegrees>38.457045</LatitudeDegrees>
            <LongitudeDegrees>-109.414255</LongitudeDegrees>
          </Position>
          <AltitudeMeters>1640.6</AltitudeMeters>
          <DistanceMeters>77906.5</DistanceMeters>
        </Trackpoint>
        <Trackpoint>
          <Time>2026-07-26T05:04:25Z</Time>
          <Position>
            <LatitudeDegrees>38.45745</LatitudeDegrees>
            <LongitudeDegrees>-109.41477</LongitudeDegrees>
          </Position>
          <AltitudeMeters>1638.2</AltitudeMeters>
          <DistanceMeters>77970.1</DistanceMeters>
        </Trackpoint>
        <Trackpoint>
          <Time>2026-07-26T05:04:35Z</Time>
          <Position>
            <LatitudeDegrees>38.45768</LatitudeDegrees>
            <LongitudeDegrees>-109.41514</LongitudeDegrees>
          </Position>
          <AltitudeMeters>1635.1</AltitudeMeters>
          <DistanceMeters>78011.3</DistanceMeters>
        </Trackpoint>
        <Trackpoint>
          <Time>2026-07-26T05:04:45Z</Time>
          <Position>
            <LatitudeDegrees>38.4578</LatitudeDegrees>
            <LongitudeDegrees>-109.41553</LongitudeDegrees>
          </Position>
          <AltitudeMeters>1634.2</AltitudeMeters>
          <DistanceMeters>78047.8</DistanceMeters>
        </Trackpoint>
        <Trackpoint>
          <Time>2026-07-26T05:04:55Z</Time>
          <Position>
            <LatitudeDegrees>38.45788</LatitudeDegrees>
            <LongitudeDegrees>-109.41589</LongitudeDegrees>
          </Position>
          <AltitudeMeters>1632.2</AltitudeMeters>
          <DistanceMeters>78080.5</DistanceMeters>
        </Trackpoint>
        <Trackpoint>
          <Time>2026-07-26T05:05:05Z</Time>
          <Position>
            <LatitudeDegrees>38.45792</LatitudeDegrees>
            <LongitudeDegrees>-109.4166</LongitudeDegrees>
          </Position>
          <AltitudeMeters>1629.0</AltitudeMeters>
          <DistanceMeters>78142.5</DistanceMeters>
        </Trackpoint>
        <Trackpoint>
          <Time>2026-07-26T05:05:15Z</Time>
          <Position>
            <LatitudeDegrees>38.458</LatitudeDegrees>
            <LongitudeDegrees>-109.417</LongitudeDegrees>
          </Position>
          <AltitudeMeters>1629.0</AltitudeMeters>
          <DistanceMeters>78178.5</DistanceMeters>
        </Trackpoint>
        <Trackpoint>
          <Time>2026-07-26T05:05:25Z</Time>
          <Position>
            <LatitudeDegrees>38.45826</LatitudeDegrees>
            <LongitudeDegrees>-109.41795</LongitudeDegrees>
          </Position>
          <AltitudeMeters>1625.8</AltitudeMeters>
          <DistanceMeters>78266.2</DistanceMeters>
        </Trackpoint>
        <Trackpoint>
          <Time>2026-07-26T05:05:35Z</Time>
          <Position>
            <LatitudeDegrees>38.458623</LatitudeDegrees>
            <LongitudeDegrees>-109.418847</LongitudeDegrees>
          </Position>
          <AltitudeMeters>1622.3</AltitudeMeters>
          <DistanceMeters>78354.2</DistanceMeters>
        </Trackpoint>
        <Trackpoint>
          <Time>2026-07-26T05:05:45Z</Time>
          <Position>
            <LatitudeDegrees>38.458987</LatitudeDegrees>
            <LongitudeDegrees>-109.419743</LongitudeDegrees>
          </Position>
          <AltitudeMeters>1618.4</AltitudeMeters>
          <DistanceMeters>78442.2</DistanceMeters>
        </Trackpoint>
        <Trackpoint>
          <Time>2026-07-26T05:05:55Z</Time>
          <Position>
            <LatitudeDegrees>38.45935</LatitudeDegrees>
            <LongitudeDegrees>-109.42064</LongitudeDegrees>
          </Position>
          <AltitudeMeters>1615.6</AltitudeMeters>
          <DistanceMeters>78530.2</DistanceMeters>
        </Trackpoint>
        <Trackpoint>
          <Time>2026-07-26T05:06:05Z</Time>
          <Position>
            <LatitudeDegrees>38.459763</LatitudeDegrees>
            <LongitudeDegrees>-109.421613</LongitudeDegrees>
          </Position>
          <AltitudeMeters>1611.7</AltitudeMeters>
          <DistanceMeters>78626.7</DistanceMeters>
        </Trackpoint>
        <Trackpoint>
          <Time>2026-07-26T05:06:15Z</Time>
          <Position>
            <LatitudeDegrees>38.460177</LatitudeDegrees>
            <LongitudeDegrees>-109.422587</LongitudeDegrees>
          </Position>
          <AltitudeMeters>1608.7</AltitudeMeters>
          <DistanceMeters>78723.3</DistanceMeters>
        </Trackpoint>
        <Trackpoint>
          <Time>2026-07-26T05:06:25Z</Time>
          <Position>
            <LatitudeDegrees>38.46059</LatitudeDegrees>
            <LongitudeDegrees>-109.42356</LongitudeDegrees>
          </Position>
          <AltitudeMeters>1605.1</AltitudeMeters>
          <DistanceMeters>78819.8</DistanceMeters>
        </Trackpoint>
        <Trackpoint>
          <Time>2026-07-26T05:06:35Z</Time>
          <Position>
            <LatitudeDegrees>38.46076</LatitudeDegrees>
            <LongitudeDegrees>-109.42385</LongitudeDegrees>
          </Position>
          <AltitudeMeters>1603.8</AltitudeMeters>
          <DistanceMeters>78851.4</DistanceMeters>
        </Trackpoint>
        <Trackpoint>
          <Time>2026-07-26T05:06:45Z</Time>
          <Position>
            <LatitudeDegrees>38.46122</LatitudeDegrees>
            <LongitudeDegrees>-109.4245</LongitudeDegrees>
          </Position>
          <AltitudeMeters>1602.1</AltitudeMeters>
          <DistanceMeters>78927.7</DistanceMeters>
        </Trackpoint>
        <Trackpoint>
          <Time>2026-07-26T05:06:55Z</Time>
          <Position>
            <LatitudeDegrees>38.46168</LatitudeDegrees>
            <LongitudeDegrees>-109.42515</LongitudeDegrees>
          </Position>
          <AltitudeMeters>1599.4</AltitudeMeters>
          <DistanceMeters>79004.1</DistanceMeters>
        </Trackpoint>
        <Trackpoint>
          <Time>2026-07-26T05:07:05Z</Time>
          <Position>
            <LatitudeDegrees>38.46214</LatitudeDegrees>
            <LongitudeDegrees>-109.4258</LongitudeDegrees>
          </Position>
          <AltitudeMeters>1597.0</AltitudeMeters>
          <DistanceMeters>79080.5</DistanceMeters>
        </Trackpoint>
        <Trackpoint>
          <Time>2026-07-26T05:07:15Z</Time>
          <Position>
            <LatitudeDegrees>38.4626</LatitudeDegrees>
            <LongitudeDegrees>-109.42645</LongitudeDegrees>
          </Position>
          <AltitudeMeters>1593.6</AltitudeMeters>
          <DistanceMeters>79156.9</DistanceMeters>
        </Trackpoint>
        <Trackpoint>
          <Time>2026-07-26T05:07:25Z</Time>
          <Position>
            <LatitudeDegrees>38.46278</LatitudeDegrees>
            <LongitudeDegrees>-109.42664</LongitudeDegrees>
          </Position>
          <AltitudeMeters>1592.7</AltitudeMeters>
          <DistanceMeters>79182.8</DistanceMeters>
        </Trackpoint>
        <Trackpoint>
          <Time>2026-07-26T05:07:35Z</Time>
          <Position>
            <LatitudeDegrees>38.463295</LatitudeDegrees>
            <LongitudeDegrees>-109.42713</LongitudeDegrees>
          </Position>
          <AltitudeMeters>1590.4</AltitudeMeters>
          <DistanceMeters>79254.3</DistanceMeters>
        </Trackpoint>
        <Trackpoint>
          <Time>2026-07-26T05:07:45Z</Time>
          <Position>
            <LatitudeDegrees>38.46381</LatitudeDegrees>
            <LongitudeDegrees>-109.42762</LongitudeDegrees>
          </Position>
          <AltitudeMeters>1588.0</AltitudeMeters>
          <DistanceMeters>79325.8</DistanceMeters>
        </Trackpoint>
        <Trackpoint>
          <Time>2026-07-26T05:07:55Z</Time>
          <Position>
            <LatitudeDegrees>38.46416</LatitudeDegrees>
            <LongitudeDegrees>-109.42816</LongitudeDegrees>
          </Position>
          <AltitudeMeters>1585.8</AltitudeMeters>
          <DistanceMeters>79386.9</DistanceMeters>
        </Trackpoint>
        <Trackpoint>
          <Time>2026-07-26T05:08:05Z</Time>
          <Position>
            <LatitudeDegrees>38.46445</LatitudeDegrees>
            <LongitudeDegrees>-109.42853</LongitudeDegrees>
          </Position>
          <AltitudeMeters>1583.1</AltitudeMeters>
          <DistanceMeters>79432.6</DistanceMeters>
        </Trackpoint>
        <Trackpoint>
          <Time>2026-07-26T05:08:15Z</Time>
          <Position>
            <LatitudeDegrees>38.46477</LatitudeDegrees>
            <LongitudeDegrees>-109.42887</LongitudeDegrees>
          </Position>
          <AltitudeMeters>1580.0</AltitudeMeters>
          <DistanceMeters>79478.9</DistanceMeters>
        </Trackpoint>
        <Trackpoint>
          <Time>2026-07-26T05:08:25Z</Time>
          <Position>
            <LatitudeDegrees>38.465412</LatitudeDegrees>
            <LongitudeDegrees>-109.429472</LongitudeDegrees>
          </Position>
          <AltitudeMeters>1577.9</AltitudeMeters>
          <DistanceMeters>79567.6</DistanceMeters>
        </Trackpoint>
        <Trackpoint>
          <Time>2026-07-26T05:08:35Z</Time>
          <Position>
            <LatitudeDegrees>38.466054</LatitudeDegrees>
            <LongitudeDegrees>-109.430074</LongitudeDegrees>
          </Position>
          <AltitudeMeters>1575.5</AltitudeMeters>
          <DistanceMeters>79656.2</DistanceMeters>
        </Trackpoint>
        <Trackpoint>
          <Time>2026-07-26T05:08:45Z</Time>
          <Position>
            <LatitudeDegrees>38.466696</LatitudeDegrees>
            <LongitudeDegrees>-109.430676</LongitudeDegrees>
          </Position>
          <AltitudeMeters>1570.8</AltitudeMeters>
          <DistanceMeters>79744.9</DistanceMeters>
        </Trackpoint>
        <Trackpoint>
          <Time>2026-07-26T05:08:55Z</Time>
          <Position>
            <LatitudeDegrees>38.467338</LatitudeDegrees>
            <LongitudeDegrees>-109.431278</LongitudeDegrees>
          </Position>
          <AltitudeMeters>1568.5</AltitudeMeters>
          <DistanceMeters>79833.5</DistanceMeters>
        </Trackpoint>
        <Trackpoint>
          <Time>2026-07-26T05:09:05Z</Time>
          <Position>
            <LatitudeDegrees>38.46798</LatitudeDegrees>
            <LongitudeDegrees>-109.43188</LongitudeDegrees>
          </Position>
          <AltitudeMeters>1565.0</AltitudeMeters>
          <DistanceMeters>79922.2</DistanceMeters>
        </Trackpoint>
        <Trackpoint>
          <Time>2026-07-26T05:09:15Z</Time>
          <Position>
            <LatitudeDegrees>38.468179</LatitudeDegrees>
            <LongitudeDegrees>-109.43214</LongitudeDegrees>
          </Position>
          <AltitudeMeters>1565.0</AltitudeMeters>
          <DistanceMeters>79954.0</DistanceMeters>
        </Trackpoint>
        <Trackpoint>
          <Time>2026-07-26T05:09:25Z</Time>
          <Position>
            <LatitudeDegrees>38.46875</LatitudeDegrees>
            <LongitudeDegrees>-109.43296</LongitudeDegrees>
          </Position>
          <AltitudeMeters>1560.5</AltitudeMeters>
          <DistanceMeters>80049.5</DistanceMeters>
        </Trackpoint>
        <Trackpoint>
          <Time>2026-07-26T05:09:35Z</Time>
          <Position>
            <LatitudeDegrees>38.46932</LatitudeDegrees>
            <LongitudeDegrees>-109.43378</LongitudeDegrees>
          </Position>
          <AltitudeMeters>1556.9</AltitudeMeters>
          <DistanceMeters>80145.1</DistanceMeters>
        </Trackpoint>
        <Trackpoint>
          <Time>2026-07-26T05:09:45Z</Time>
          <Position>
            <LatitudeDegrees>38.46989</LatitudeDegrees>
            <LongitudeDegrees>-109.4346</LongitudeDegrees>
          </Position>
          <AltitudeMeters>1553.6</AltitudeMeters>
          <DistanceMeters>80240.7</DistanceMeters>
        </Trackpoint>
        <Trackpoint>
          <Time>2026-07-26T05:09:55Z</Time>
          <Position>
            <LatitudeDegrees>38.470377</LatitudeDegrees>
            <LongitudeDegrees>-109.435353</LongitudeDegrees>
          </Position>
          <AltitudeMeters>1548.5</AltitudeMeters>
          <DistanceMeters>80325.8</DistanceMeters>
        </Trackpoint>
        <Trackpoint>
          <Time>2026-07-26T05:10:05Z</Time>
          <Position>
            <LatitudeDegrees>38.470863</LatitudeDegrees>
            <LongitudeDegrees>-109.436107</LongitudeDegrees>
          </Position>
          <AltitudeMeters>1546.0</AltitudeMeters>
          <DistanceMeters>80410.9</DistanceMeters>
        </Trackpoint>
        <Trackpoint>
          <Time>2026-07-26T05:10:15Z</Time>
          <Position>
            <LatitudeDegrees>38.47135</LatitudeDegrees>
            <LongitudeDegrees>-109.43686</LongitudeDegrees>
          </Position>
          <AltitudeMeters>1543.5</AltitudeMeters>
          <DistanceMeters>80496.0</DistanceMeters>
        </Trackpoint>
        <Trackpoint>
          <Time>2026-07-26T05:10:25Z</Time>
          <Position>
            <LatitudeDegrees>38.471916</LatitudeDegrees>
            <LongitudeDegrees>-109.437717</LongitudeDegrees>
          </Position>
          <AltitudeMeters>1539.7</AltitudeMeters>
          <DistanceMeters>80593.8</DistanceMeters>
        </Trackpoint>
        <Trackpoint>
          <Time>2026-07-26T05:10:35Z</Time>
          <Position>
            <LatitudeDegrees>38.472482</LatitudeDegrees>
            <LongitudeDegrees>-109.438573</LongitudeDegrees>
          </Position>
          <AltitudeMeters>1535.4</AltitudeMeters>
          <DistanceMeters>80691.4</DistanceMeters>
        </Trackpoint>
        <Trackpoint>
          <Time>2026-07-26T05:10:45Z</Time>
          <Position>
            <LatitudeDegrees>38.473048</LatitudeDegrees>
            <LongitudeDegrees>-109.43943</LongitudeDegrees>
          </Position>
          <AltitudeMeters>1533.4</AltitudeMeters>
          <DistanceMeters>80789.1</DistanceMeters>
        </Trackpoint>
        <Trackpoint>
          <Time>2026-07-26T05:10:55Z</Time>
          <Position>
            <LatitudeDegrees>38.473613</LatitudeDegrees>
            <LongitudeDegrees>-109.440286</LongitudeDegrees>
          </Position>
          <AltitudeMeters>1529.6</AltitudeMeters>
          <DistanceMeters>80886.7</DistanceMeters>
        </Trackpoint>
        <Trackpoint>
          <Time>2026-07-26T05:11:05Z</Time>
          <Position>
            <LatitudeDegrees>38.474179</LatitudeDegrees>
            <LongitudeDegrees>-109.441143</LongitudeDegrees>
          </Position>
          <AltitudeMeters>1526.8</AltitudeMeters>
          <DistanceMeters>80984.4</DistanceMeters>
        </Trackpoint>
        <Trackpoint>
          <Time>2026-07-26T05:11:15Z</Time>
          <Position>
            <LatitudeDegrees>38.474745</LatitudeDegrees>
            <LongitudeDegrees>-109.442</LongitudeDegrees>
          </Position>
          <AltitudeMeters>1522.8</AltitudeMeters>
          <DistanceMeters>81082.1</DistanceMeters>
        </Trackpoint>
        <Trackpoint>
          <Time>2026-07-26T05:11:25Z</Time>
          <Position>
            <LatitudeDegrees>38.475311</LatitudeDegrees>
            <LongitudeDegrees>-109.442856</LongitudeDegrees>
          </Position>
          <AltitudeMeters>1519.9</AltitudeMeters>
          <DistanceMeters>81179.8</DistanceMeters>
        </Trackpoint>
        <Trackpoint>
          <Time>2026-07-26T05:11:35Z</Time>
          <Position>
            <LatitudeDegrees>38.475876</LatitudeDegrees>
            <LongitudeDegrees>-109.443713</LongitudeDegrees>
          </Position>
          <AltitudeMeters>1516.7</AltitudeMeters>
          <DistanceMeters>81277.5</DistanceMeters>
        </Trackpoint>
        <Trackpoint>
          <Time>2026-07-26T05:11:45Z</Time>
          <Position>
            <LatitudeDegrees>38.476443</LatitudeDegrees>
            <LongitudeDegrees>-109.44457</LongitudeDegrees>
          </Position>
          <AltitudeMeters>1513.5</AltitudeMeters>
          <DistanceMeters>81375.2</DistanceMeters>
        </Trackpoint>
        <Trackpoint>
          <Time>2026-07-26T05:11:55Z</Time>
          <Position>
            <LatitudeDegrees>38.477008</LatitudeDegrees>
            <LongitudeDegrees>-109.445427</LongitudeDegrees>
          </Position>
          <AltitudeMeters>1509.9</AltitudeMeters>
          <DistanceMeters>81472.8</DistanceMeters>
        </Trackpoint>
        <Trackpoint>
          <Time>2026-07-26T05:12:05Z</Time>
          <Position>
            <LatitudeDegrees>38.477574</LatitudeDegrees>
            <LongitudeDegrees>-109.446283</LongitudeDegrees>
          </Position>
          <AltitudeMeters>1506.7</AltitudeMeters>
          <DistanceMeters>81570.5</DistanceMeters>
        </Trackpoint>
        <Trackpoint>
          <Time>2026-07-26T05:12:15Z</Time>
          <Position>
            <LatitudeDegrees>38.47814</LatitudeDegrees>
            <LongitudeDegrees>-109.44714</LongitudeDegrees>
          </Position>
          <AltitudeMeters>1503.5</AltitudeMeters>
          <DistanceMeters>81668.2</DistanceMeters>
        </Trackpoint>
        <Trackpoint>
          <Time>2026-07-26T05:12:25Z</Time>
          <Position>
            <LatitudeDegrees>38.47867</LatitudeDegrees>
            <LongitudeDegrees>-109.44787</LongitudeDegrees>
          </Position>
          <AltitudeMeters>1501.8</AltitudeMeters>
          <DistanceMeters>81755.0</DistanceMeters>
        </Trackpoint>
        <Trackpoint>
          <Time>2026-07-26T05:12:35Z</Time>
          <Position>
            <LatitudeDegrees>38.47866</LatitudeDegrees>
            <LongitudeDegrees>-109.44786</LongitudeDegrees>
          </Position>
          <AltitudeMeters>1501.9</AltitudeMeters>
          <DistanceMeters>81756.4</DistanceMeters>
        </Trackpoint>
        <Trackpoint>
          <Time>2026-07-26T05:12:45Z</Time>
          <Position>
            <LatitudeDegrees>38.47892</LatitudeDegrees>
            <LongitudeDegrees>-109.44813</LongitudeDegrees>
          </Position>
          <AltitudeMeters>1501.1</AltitudeMeters>
          <DistanceMeters>81793.7</DistanceMeters>
        </Trackpoint>
        <Trackpoint>
          <Time>2026-07-26T05:12:55Z</Time>
          <Position>
            <LatitudeDegrees>38.47921</LatitudeDegrees>
            <LongitudeDegrees>-109.44838</LongitudeDegrees>
          </Position>
          <AltitudeMeters>1500.4</AltitudeMeters>
          <DistanceMeters>81832.6</DistanceMeters>
        </Trackpoint>
        <Trackpoint>
          <Time>2026-07-26T05:13:05Z</Time>
          <Position>
            <LatitudeDegrees>38.47959</LatitudeDegrees>
            <LongitudeDegrees>-109.44861</LongitudeDegrees>
          </Position>
          <AltitudeMeters>1499.9</AltitudeMeters>
          <DistanceMeters>81879.4</DistanceMeters>
        </Trackpoint>
        <Trackpoint>
          <Time>2026-07-26T05:13:15Z</Time>
          <Position>
            <LatitudeDegrees>38.480289</LatitudeDegrees>
            <LongitudeDegrees>-109.448823</LongitudeDegrees>
          </Position>
          <AltitudeMeters>1498.3</AltitudeMeters>
          <DistanceMeters>81959.5</DistanceMeters>
        </Trackpoint>
        <Trackpoint>
          <Time>2026-07-26T05:13:25Z</Time>
          <Position>
            <LatitudeDegrees>38.48099</LatitudeDegrees>
            <LongitudeDegrees>-109.449037</LongitudeDegrees>
          </Position>
          <AltitudeMeters>1497.2</AltitudeMeters>
          <DistanceMeters>82039.7</DistanceMeters>
        </Trackpoint>
        <Trackpoint>
          <Time>2026-07-26T05:13:35Z</Time>
          <Position>
            <LatitudeDegrees>38.48169</LatitudeDegrees>
            <LongitudeDegrees>-109.44925</LongitudeDegrees>
          </Position>
          <AltitudeMeters>1496.3</AltitudeMeters>
          <DistanceMeters>82119.8</DistanceMeters>
        </Trackpoint>
        <Trackpoint>
          <Time>2026-07-26T05:13:45Z</Time>
          <Position>
            <LatitudeDegrees>38.4824</LatitudeDegrees>
            <LongitudeDegrees>-109.44956</LongitudeDegrees>
          </Position>
          <AltitudeMeters>1495.4</AltitudeMeters>
          <DistanceMeters>82203.3</DistanceMeters>
        </Trackpoint>
        <Trackpoint>
          <Time>2026-07-26T05:13:55Z</Time>
          <Position>
            <LatitudeDegrees>38.48314</LatitudeDegrees>
            <LongitudeDegrees>-109.44992</LongitudeDegrees>
          </Position>
          <AltitudeMeters>1493.7</AltitudeMeters>
          <DistanceMeters>82291.4</DistanceMeters>
        </Trackpoint>
        <Trackpoint>
          <Time>2026-07-26T05:14:05Z</Time>
          <Position>
            <LatitudeDegrees>38.48361</LatitudeDegrees>
            <LongitudeDegrees>-109.45018</LongitudeDegrees>
          </Position>
          <AltitudeMeters>1492.6</AltitudeMeters>
          <DistanceMeters>82348.4</DistanceMeters>
        </Trackpoint>
        <Trackpoint>
          <Time>2026-07-26T05:14:15Z</Time>
          <Position>
            <LatitudeDegrees>38.484317</LatitudeDegrees>
            <LongitudeDegrees>-109.450513</LongitudeDegrees>
          </Position>
          <AltitudeMeters>1491.0</AltitudeMeters>
          <DistanceMeters>82432.3</DistanceMeters>
        </Trackpoint>
        <Trackpoint>
          <Time>2026-07-26T05:14:25Z</Time>
          <Position>
            <LatitudeDegrees>38.485023</LatitudeDegrees>
            <LongitudeDegrees>-109.450847</LongitudeDegrees>
          </Position>
          <AltitudeMeters>1489.3</AltitudeMeters>
          <DistanceMeters>82516.1</DistanceMeters>
        </Trackpoint>
        <Trackpoint>
          <Time>2026-07-26T05:14:35Z</Time>
          <Position>
            <LatitudeDegrees>38.485729</LatitudeDegrees>
            <LongitudeDegrees>-109.45118</LongitudeDegrees>
          </Position>
          <AltitudeMeters>1488.4</AltitudeMeters>
          <DistanceMeters>82600.0</DistanceMeters>
        </Trackpoint>
        <Trackpoint>
          <Time>2026-07-26T05:14:45Z</Time>
          <Position>
            <LatitudeDegrees>38.486437</LatitudeDegrees>
            <LongitudeDegrees>-109.451513</LongitudeDegrees>
          </Position>
          <AltitudeMeters>1486.6</AltitudeMeters>
          <DistanceMeters>82683.9</DistanceMeters>
        </Trackpoint>
        <Trackpoint>
          <Time>2026-07-26T05:14:55Z</Time>
          <Position>
            <LatitudeDegrees>38.487143</LatitudeDegrees>
            <LongitudeDegrees>-109.451847</LongitudeDegrees>
          </Position>
          <AltitudeMeters>1485.0</AltitudeMeters>
          <DistanceMeters>82767.7</DistanceMeters>
        </Trackpoint>
        <Trackpoint>
          <Time>2026-07-26T05:15:05Z</Time>
          <Position>
            <LatitudeDegrees>38.48785</LatitudeDegrees>
            <LongitudeDegrees>-109.45218</LongitudeDegrees>
          </Position>
          <AltitudeMeters>1483.4</AltitudeMeters>
          <DistanceMeters>82851.6</DistanceMeters>
        </Trackpoint>
        <Trackpoint>
          <Time>2026-07-26T05:15:15Z</Time>
          <Position>
            <LatitudeDegrees>38.488661</LatitudeDegrees>
            <LongitudeDegrees>-109.452571</LongitudeDegrees>
          </Position>
          <AltitudeMeters>1480.4</AltitudeMeters>
          <DistanceMeters>82948.1</DistanceMeters>
        </Trackpoint>
        <Trackpoint>
          <Time>2026-07-26T05:15:25Z</Time>
          <Position>
            <LatitudeDegrees>38.489471</LatitudeDegrees>
            <LongitudeDegrees>-109.452961</LongitudeDegrees>
          </Position>
          <AltitudeMeters>1478.3</AltitudeMeters>
          <DistanceMeters>83044.4</DistanceMeters>
        </Trackpoint>
        <Trackpoint>
          <Time>2026-07-26T05:15:35Z</Time>
          <Position>
            <LatitudeDegrees>38.490282</LatitudeDegrees>
            <LongitudeDegrees>-109.453352</LongitudeDegrees>
          </Position>
          <AltitudeMeters>1476.0</AltitudeMeters>
          <DistanceMeters>83140.9</DistanceMeters>
        </Trackpoint>
        <Trackpoint>
          <Time>2026-07-26T05:15:45Z</Time>
          <Position>
            <LatitudeDegrees>38.491092</LatitudeDegrees>
            <LongitudeDegrees>-109.453742</LongitudeDegrees>
          </Position>
          <AltitudeMeters>1473.3</AltitudeMeters>
          <DistanceMeters>83237.3</DistanceMeters>
        </Trackpoint>
        <Trackpoint>
          <Time>2026-07-26T05:15:55Z</Time>
          <Position>
            <LatitudeDegrees>38.491903</LatitudeDegrees>
            <LongitudeDegrees>-109.454133</LongitudeDegrees>
          </Position>
          <AltitudeMeters>1471.2</AltitudeMeters>
          <DistanceMeters>83333.8</DistanceMeters>
        </Trackpoint>
        <Trackpoint>
          <Time>2026-07-26T05:16:05Z</Time>
          <Position>
            <LatitudeDegrees>38.492714</LatitudeDegrees>
            <LongitudeDegrees>-109.454523</LongitudeDegrees>
          </Position>
          <AltitudeMeters>1468.8</AltitudeMeters>
          <DistanceMeters>83430.2</DistanceMeters>
        </Trackpoint>
        <Trackpoint>
          <Time>2026-07-26T05:16:15Z</Time>
          <Position>
            <LatitudeDegrees>38.493524</LatitudeDegrees>
            <LongitudeDegrees>-109.454914</LongitudeDegrees>
          </Position>
          <AltitudeMeters>1466.9</AltitudeMeters>
          <DistanceMeters>83526.6</DistanceMeters>
        </Trackpoint>
        <Trackpoint>
          <Time>2026-07-26T05:16:25Z</Time>
          <Position>
            <LatitudeDegrees>38.494335</LatitudeDegrees>
            <LongitudeDegrees>-109.455304</LongitudeDegrees>
          </Position>
          <AltitudeMeters>1465.3</AltitudeMeters>
          <DistanceMeters>83623.1</DistanceMeters>
        </Trackpoint>
        <Trackpoint>
          <Time>2026-07-26T05:16:35Z</Time>
          <Position>
            <LatitudeDegrees>38.495145</LatitudeDegrees>
            <LongitudeDegrees>-109.455695</LongitudeDegrees>
          </Position>
          <AltitudeMeters>1463.4</AltitudeMeters>
          <DistanceMeters>83719.5</DistanceMeters>
        </Trackpoint>
        <Trackpoint>
          <Time>2026-07-26T05:16:45Z</Time>
          <Position>
            <LatitudeDegrees>38.495956</LatitudeDegrees>
            <LongitudeDegrees>-109.456086</LongitudeDegrees>
          </Position>
          <AltitudeMeters>1462.1</AltitudeMeters>
          <DistanceMeters>83816.0</DistanceMeters>
        </Trackpoint>
        <Trackpoint>
          <Time>2026-07-26T05:16:55Z</Time>
          <Position>
            <LatitudeDegrees>38.496767</LatitudeDegrees>
            <LongitudeDegrees>-109.456476</LongitudeDegrees>
          </Position>
          <AltitudeMeters>1460.6</AltitudeMeters>
          <DistanceMeters>83912.4</DistanceMeters>
        </Trackpoint>
        <Trackpoint>
          <Time>2026-07-26T05:17:05Z</Time>
          <Position>
            <LatitudeDegrees>38.497577</LatitudeDegrees>
            <LongitudeDegrees>-109.456867</LongitudeDegrees>
          </Position>
          <AltitudeMeters>1459.0</AltitudeMeters>
          <DistanceMeters>84008.8</DistanceMeters>
        </Trackpoint>
        <Trackpoint>
          <Time>2026-07-26T05:17:15Z</Time>
          <Position>
            <LatitudeDegrees>38.498388</LatitudeDegrees>
            <LongitudeDegrees>-109.457257</LongitudeDegrees>
          </Position>
          <AltitudeMeters>1457.6</AltitudeMeters>
          <DistanceMeters>84105.3</DistanceMeters>
        </Trackpoint>
        <Trackpoint>
          <Time>2026-07-26T05:17:25Z</Time>
          <Position>
            <LatitudeDegrees>38.499198</LatitudeDegrees>
            <LongitudeDegrees>-109.457648</LongitudeDegrees>
          </Position>
          <AltitudeMeters>1455.3</AltitudeMeters>
          <DistanceMeters>84201.7</DistanceMeters>
        </Trackpoint>
        <Trackpoint>
          <Time>2026-07-26T05:17:35Z</Time>
          <Position>
            <LatitudeDegrees>38.500009</LatitudeDegrees>
            <LongitudeDegrees>-109.458039</LongitudeDegrees>
          </Position>
          <AltitudeMeters>1453.6</AltitudeMeters>
          <DistanceMeters>84298.2</DistanceMeters>
        </Trackpoint>
        <Trackpoint>
          <Time>2026-07-26T05:17:45Z</Time>
          <Position>
            <LatitudeDegrees>38.500819</LatitudeDegrees>
            <LongitudeDegrees>-109.458429</LongitudeDegrees>
          </Position>
          <AltitudeMeters>1452.2</AltitudeMeters>
          <DistanceMeters>84394.5</DistanceMeters>
        </Trackpoint>
        <Trackpoint>
          <Time>2026-07-26T05:17:55Z</Time>
          <Position>
            <LatitudeDegrees>38.50163</LatitudeDegrees>
            <LongitudeDegrees>-109.45882</LongitudeDegrees>
          </Position>
          <AltitudeMeters>1450.5</AltitudeMeters>
          <DistanceMeters>84491.0</DistanceMeters>
        </Trackpoint>
        <Trackpoint>
          <Time>2026-07-26T05:18:05Z</Time>
          <Position>
            <LatitudeDegrees>38.502203</LatitudeDegrees>
            <LongitudeDegrees>-109.45909</LongitudeDegrees>
          </Position>
          <AltitudeMeters>1449.3</AltitudeMeters>
          <DistanceMeters>84559.0</DistanceMeters>
        </Trackpoint>
        <Trackpoint>
          <Time>2026-07-26T05:18:15Z</Time>
          <Position>
            <LatitudeDegrees>38.502777</LatitudeDegrees>
            <LongitudeDegrees>-109.45936</LongitudeDegrees>
          </Position>
          <AltitudeMeters>1448.6</AltitudeMeters>
          <DistanceMeters>84627.1</DistanceMeters>
        </Trackpoint>
        <Trackpoint>
          <Time>2026-07-26T05:18:25Z</Time>
          <Position>
            <LatitudeDegrees>38.50335</LatitudeDegrees>
            <LongitudeDegrees>-109.45963</LongitudeDegrees>
          </Position>
          <AltitudeMeters>1447.8</AltitudeMeters>
          <DistanceMeters>84695.1</DistanceMeters>
        </Trackpoint>
        <Trackpoint>
          <Time>2026-07-26T05:18:35Z</Time>
          <Position>
            <LatitudeDegrees>38.50395</LatitudeDegrees>
            <LongitudeDegrees>-109.46012</LongitudeDegrees>
          </Position>
          <AltitudeMeters>1446.9</AltitudeMeters>
          <DistanceMeters>84774.3</DistanceMeters>
        </Trackpoint>
        <Trackpoint>
          <Time>2026-07-26T05:18:45Z</Time>
          <Position>
            <LatitudeDegrees>38.50444</LatitudeDegrees>
            <LongitudeDegrees>-109.46075</LongitudeDegrees>
          </Position>
          <AltitudeMeters>1445.6</AltitudeMeters>
          <DistanceMeters>84851.7</DistanceMeters>
        </Trackpoint>
        <Trackpoint>
          <Time>2026-07-26T05:18:55Z</Time>
          <Position>
            <LatitudeDegrees>38.50488</LatitudeDegrees>
            <LongitudeDegrees>-109.46146</LongitudeDegrees>
          </Position>
          <AltitudeMeters>1443.7</AltitudeMeters>
          <DistanceMeters>84930.6</DistanceMeters>
        </Trackpoint>
        <Trackpoint>
          <Time>2026-07-26T05:19:05Z</Time>
          <Position>
            <LatitudeDegrees>38.50529</LatitudeDegrees>
            <LongitudeDegrees>-109.462237</LongitudeDegrees>
          </Position>
          <AltitudeMeters>1442.0</AltitudeMeters>
          <DistanceMeters>85012.3</DistanceMeters>
        </Trackpoint>
        <Trackpoint>
          <Time>2026-07-26T05:19:15Z</Time>
          <Position>
            <LatitudeDegrees>38.5057</LatitudeDegrees>
            <LongitudeDegrees>-109.463015</LongitudeDegrees>
          </Position>
          <AltitudeMeters>1440.2</AltitudeMeters>
          <DistanceMeters>85094.0</DistanceMeters>
        </Trackpoint>
        <Trackpoint>
          <Time>2026-07-26T05:19:25Z</Time>
          <Position>
            <LatitudeDegrees>38.50611</LatitudeDegrees>
            <LongitudeDegrees>-109.463792</LongitudeDegrees>
          </Position>
          <AltitudeMeters>1438.0</AltitudeMeters>
          <DistanceMeters>85175.6</DistanceMeters>
        </Trackpoint>
        <Trackpoint>
          <Time>2026-07-26T05:19:35Z</Time>
          <Position>
            <LatitudeDegrees>38.50652</LatitudeDegrees>
            <LongitudeDegrees>-109.46457</LongitudeDegrees>
          </Position>
          <AltitudeMeters>1436.5</AltitudeMeters>
          <DistanceMeters>85257.3</DistanceMeters>
        </Trackpoint>
        <Trackpoint>
          <Time>2026-07-26T05:19:45Z</Time>
          <Position>
            <LatitudeDegrees>38.50682</LatitudeDegrees>
            <LongitudeDegrees>-109.46523</LongitudeDegrees>
          </Position>
          <AltitudeMeters>1435.1</AltitudeMeters>
          <DistanceMeters>85323.8</DistanceMeters>
        </Trackpoint>
        <Trackpoint>
          <Time>2026-07-26T05:19:55Z</Time>
          <Position>
            <LatitudeDegrees>38.50714</LatitudeDegrees>
            <LongitudeDegrees>-109.46607</LongitudeDegrees>
          </Position>
          <AltitudeMeters>1433.8</AltitudeMeters>
          <DistanceMeters>85405.2</DistanceMeters>
        </Trackpoint>
        <Trackpoint>
          <Time>2026-07-26T05:20:05Z</Time>
          <Position>
            <LatitudeDegrees>38.507399</LatitudeDegrees>
            <LongitudeDegrees>-109.466948</LongitudeDegrees>
          </Position>
          <AltitudeMeters>1432.0</AltitudeMeters>
          <DistanceMeters>85487.0</DistanceMeters>
        </Trackpoint>
        <Trackpoint>
          <Time>2026-07-26T05:20:15Z</Time>
          <Position>
            <LatitudeDegrees>38.50766</LatitudeDegrees>
            <LongitudeDegrees>-109.467826</LongitudeDegrees>
          </Position>
          <AltitudeMeters>1430.6</AltitudeMeters>
          <DistanceMeters>85568.7</DistanceMeters>
        </Trackpoint>
        <Trackpoint>
          <Time>2026-07-26T05:20:25Z</Time>
          <Position>
            <LatitudeDegrees>38.50792</LatitudeDegrees>
            <LongitudeDegrees>-109.468704</LongitudeDegrees>
          </Position>
          <AltitudeMeters>1429.2</AltitudeMeters>
          <DistanceMeters>85650.5</DistanceMeters>
        </Trackpoint>
        <Trackpoint>
          <Time>2026-07-26T05:20:35Z</Time>
          <Position>
            <LatitudeDegrees>38.50818</LatitudeDegrees>
            <LongitudeDegrees>-109.469582</LongitudeDegrees>
          </Position>
          <AltitudeMeters>1427.5</AltitudeMeters>
          <DistanceMeters>85732.3</DistanceMeters>
        </Trackpoint>
        <Trackpoint>
          <Time>2026-07-26T05:20:45Z</Time>
          <Position>
            <LatitudeDegrees>38.50844</LatitudeDegrees>
            <LongitudeDegrees>-109.47046</LongitudeDegrees>
          </Position>
          <AltitudeMeters>1426.2</AltitudeMeters>
          <DistanceMeters>85814.1</DistanceMeters>
        </Trackpoint>
        <Trackpoint>
          <Time>2026-07-26T05:20:55Z</Time>
          <Position>
            <LatitudeDegrees>38.50868</LatitudeDegrees>
            <LongitudeDegrees>-109.47122</LongitudeDegrees>
          </Position>
          <AltitudeMeters>1425.3</AltitudeMeters>
          <DistanceMeters>85885.4</DistanceMeters>
        </Trackpoint>
        <Trackpoint>
          <Time>2026-07-26T05:21:05Z</Time>
          <Position>
            <LatitudeDegrees>38.50893</LatitudeDegrees>
            <LongitudeDegrees>-109.47182</LongitudeDegrees>
          </Position>
          <AltitudeMeters>1423.8</AltitudeMeters>
          <DistanceMeters>85944.7</DistanceMeters>
        </Trackpoint>
        <Trackpoint>
          <Time>2026-07-26T05:21:15Z</Time>
          <Position>
            <LatitudeDegrees>38.5092</LatitudeDegrees>
            <LongitudeDegrees>-109.47228</LongitudeDegrees>
          </Position>
          <AltitudeMeters>1423.1</AltitudeMeters>
          <DistanceMeters>85994.8</DistanceMeters>
        </Trackpoint>
        <Trackpoint>
          <Time>2026-07-26T05:21:25Z</Time>
          <Position>
            <LatitudeDegrees>38.509625</LatitudeDegrees>
            <LongitudeDegrees>-109.47294</LongitudeDegrees>
          </Position>
          <AltitudeMeters>1421.9</AltitudeMeters>
          <DistanceMeters>86069.2</DistanceMeters>
        </Trackpoint>
        <Trackpoint>
          <Time>2026-07-26T05:21:35Z</Time>
          <Position>
            <LatitudeDegrees>38.51005</LatitudeDegrees>
            <LongitudeDegrees>-109.4736</LongitudeDegrees>
          </Position>
          <AltitudeMeters>1421.0</AltitudeMeters>
          <DistanceMeters>86143.7</DistanceMeters>
        </Trackpoint>
        <Trackpoint>
          <Time>2026-07-26T05:21:45Z</Time>
          <Position>
            <LatitudeDegrees>38.51058</LatitudeDegrees>
            <LongitudeDegrees>-109.474405</LongitudeDegrees>
          </Position>
          <AltitudeMeters>1420.0</AltitudeMeters>
          <DistanceMeters>86235.3</DistanceMeters>
        </Trackpoint>
        <Trackpoint>
          <Time>2026-07-26T05:21:55Z</Time>
          <Position>
            <LatitudeDegrees>38.51111</LatitudeDegrees>
            <LongitudeDegrees>-109.47521</LongitudeDegrees>
          </Position>
          <AltitudeMeters>1417.8</AltitudeMeters>
          <DistanceMeters>86326.9</DistanceMeters>
        </Trackpoint>
        <Trackpoint>
          <Time>2026-07-26T05:22:05Z</Time>
          <Position>
            <LatitudeDegrees>38.51164</LatitudeDegrees>
            <LongitudeDegrees>-109.476015</LongitudeDegrees>
          </Position>
          <AltitudeMeters>1416.7</AltitudeMeters>
          <DistanceMeters>86418.6</DistanceMeters>
        </Trackpoint>
        <Trackpoint>
          <Time>2026-07-26T05:22:15Z</Time>
          <Position>
            <LatitudeDegrees>38.51217</LatitudeDegrees>
            <LongitudeDegrees>-109.47682</LongitudeDegrees>
          </Position>
          <AltitudeMeters>1415.8</AltitudeMeters>
          <DistanceMeters>86510.2</DistanceMeters>
        </Trackpoint>
        <Trackpoint>
          <Time>2026-07-26T05:22:25Z</Time>
          <Position>
            <LatitudeDegrees>38.51274</LatitudeDegrees>
            <LongitudeDegrees>-109.47761</LongitudeDegrees>
          </Position>
          <AltitudeMeters>1413.6</AltitudeMeters>
          <DistanceMeters>86603.8</DistanceMeters>
        </Trackpoint>
        <Trackpoint>
          <Time>2026-07-26T05:22:35Z</Time>
          <Position>
            <LatitudeDegrees>38.51311</LatitudeDegrees>
            <LongitudeDegrees>-109.47803</LongitudeDegrees>
          </Position>
          <AltitudeMeters>1412.7</AltitudeMeters>
          <DistanceMeters>86658.9</DistanceMeters>
        </Trackpoint>
        <Trackpoint>
          <Time>2026-07-26T05:22:45Z</Time>
          <Position>
            <LatitudeDegrees>38.513722</LatitudeDegrees>
            <LongitudeDegrees>-109.478598</LongitudeDegrees>
          </Position>
          <AltitudeMeters>1411.7</AltitudeMeters>
          <DistanceMeters>86743.1</DistanceMeters>
        </Trackpoint>
        <Trackpoint>
          <Time>2026-07-26T05:22:55Z</Time>
          <Position>
            <LatitudeDegrees>38.514334</LatitudeDegrees>
            <LongitudeDegrees>-109.479166</LongitudeDegrees>
          </Position>
          <AltitudeMeters>1410.8</AltitudeMeters>
          <DistanceMeters>86827.3</DistanceMeters>
        </Trackpoint>
        <Trackpoint>
          <Time>2026-07-26T05:23:05Z</Time>
          <Position>
            <LatitudeDegrees>38.514946</LatitudeDegrees>
            <LongitudeDegrees>-109.479734</LongitudeDegrees>
          </Position>
          <AltitudeMeters>1409.0</AltitudeMeters>
          <DistanceMeters>86911.5</DistanceMeters>
        </Trackpoint>
        <Trackpoint>
          <Time>2026-07-26T05:23:15Z</Time>
          <Position>
            <LatitudeDegrees>38.515558</LatitudeDegrees>
            <LongitudeDegrees>-109.480302</LongitudeDegrees>
          </Position>
          <AltitudeMeters>1407.5</AltitudeMeters>
          <DistanceMeters>86995.7</DistanceMeters>
        </Trackpoint>
        <Trackpoint>
          <Time>2026-07-26T05:23:25Z</Time>
          <Position>
            <LatitudeDegrees>38.51617</LatitudeDegrees>
            <LongitudeDegrees>-109.48087</LongitudeDegrees>
          </Position>
          <AltitudeMeters>1406.4</AltitudeMeters>
          <DistanceMeters>87079.9</DistanceMeters>
        </Trackpoint>
        <Trackpoint>
          <Time>2026-07-26T05:23:35Z</Time>
          <Position>
            <LatitudeDegrees>38.51682</LatitudeDegrees>
            <LongitudeDegrees>-109.48149</LongitudeDegrees>
          </Position>
          <AltitudeMeters>1405.2</AltitudeMeters>
          <DistanceMeters>87170.2</DistanceMeters>
        </Trackpoint>
        <Trackpoint>
          <Time>2026-07-26T05:23:45Z</Time>
          <Position>
            <LatitudeDegrees>38.51747</LatitudeDegrees>
            <LongitudeDegrees>-109.48211</LongitudeDegrees>
          </Position>
          <AltitudeMeters>1403.8</AltitudeMeters>
          <DistanceMeters>87260.5</DistanceMeters>
        </Trackpoint>
        <Trackpoint>
          <Time>2026-07-26T05:23:55Z</Time>
          <Position>
            <LatitudeDegrees>38.517945</LatitudeDegrees>
            <LongitudeDegrees>-109.48254</LongitudeDegrees>
          </Position>
          <AltitudeMeters>1402.7</AltitudeMeters>
          <DistanceMeters>87325.3</DistanceMeters>
        </Trackpoint>
        <Trackpoint>
          <Time>2026-07-26T05:24:05Z</Time>
          <Position>
            <LatitudeDegrees>38.51842</LatitudeDegrees>
            <LongitudeDegrees>-109.48297</LongitudeDegrees>
          </Position>
          <AltitudeMeters>1401.4</AltitudeMeters>
          <DistanceMeters>87390.1</DistanceMeters>
        </Trackpoint>
        <Trackpoint>
          <Time>2026-07-26T05:24:15Z</Time>
          <Position>
            <LatitudeDegrees>38.519039</LatitudeDegrees>
            <LongitudeDegrees>-109.48367</LongitudeDegrees>
          </Position>
          <AltitudeMeters>1400.2</AltitudeMeters>
          <DistanceMeters>87482.1</DistanceMeters>
        </Trackpoint>
        <Trackpoint>
          <Time>2026-07-26T05:24:25Z</Time>
          <Position>
            <LatitudeDegrees>38.519445</LatitudeDegrees>
            <LongitudeDegrees>-109.48418</LongitudeDegrees>
          </Position>
          <AltitudeMeters>1399.4</AltitudeMeters>
          <DistanceMeters>87545.4</DistanceMeters>
        </Trackpoint>
        <Trackpoint>
          <Time>2026-07-26T05:24:35Z</Time>
          <Position>
            <LatitudeDegrees>38.51985</LatitudeDegrees>
            <LongitudeDegrees>-109.48469</LongitudeDegrees>
          </Position>
          <AltitudeMeters>1398.8</AltitudeMeters>
          <DistanceMeters>87608.7</DistanceMeters>
        </Trackpoint>
        <Trackpoint>
          <Time>2026-07-26T05:24:45Z</Time>
          <Position>
            <LatitudeDegrees>38.520435</LatitudeDegrees>
            <LongitudeDegrees>-109.485457</LongitudeDegrees>
          </Position>
          <AltitudeMeters>1398.1</AltitudeMeters>
          <DistanceMeters>87702.0</DistanceMeters>
        </Trackpoint>
        <Trackpoint>
          <Time>2026-07-26T05:24:55Z</Time>
          <Position>
            <LatitudeDegrees>38.52102</LatitudeDegrees>
            <LongitudeDegrees>-109.486223</LongitudeDegrees>
          </Position>
          <AltitudeMeters>1397.1</AltitudeMeters>
          <DistanceMeters>87795.2</DistanceMeters>
        </Trackpoint>
        <Trackpoint>
          <Time>2026-07-26T05:25:05Z</Time>
          <Position>
            <LatitudeDegrees>38.521605</LatitudeDegrees>
            <LongitudeDegrees>-109.48699</LongitudeDegrees>
          </Position>
          <AltitudeMeters>1396.2</AltitudeMeters>
          <DistanceMeters>87888.5</DistanceMeters>
        </Trackpoint>
        <Trackpoint>
          <Time>2026-07-26T05:25:15Z</Time>
          <Position>
            <LatitudeDegrees>38.52219</LatitudeDegrees>
            <LongitudeDegrees>-109.487757</LongitudeDegrees>
          </Position>
          <AltitudeMeters>1394.5</AltitudeMeters>
          <DistanceMeters>87981.8</DistanceMeters>
        </Trackpoint>
        <Trackpoint>
          <Time>2026-07-26T05:25:25Z</Time>
          <Position>
            <LatitudeDegrees>38.522775</LatitudeDegrees>
            <LongitudeDegrees>-109.488523</LongitudeDegrees>
          </Position>
          <AltitudeMeters>1392.9</AltitudeMeters>
          <DistanceMeters>88075.0</DistanceMeters>
        </Trackpoint>
        <Trackpoint>
          <Time>2026-07-26T05:25:35Z</Time>
          <Position>
            <LatitudeDegrees>38.523359</LatitudeDegrees>
            <LongitudeDegrees>-109.48929</LongitudeDegrees>
          </Position>
          <AltitudeMeters>1391.4</AltitudeMeters>
          <DistanceMeters>88168.3</DistanceMeters>
        </Trackpoint>
        <Trackpoint>
          <Time>2026-07-26T05:25:45Z</Time>
          <Position>
            <LatitudeDegrees>38.523948</LatitudeDegrees>
            <LongitudeDegrees>-109.490042</LongitudeDegrees>
          </Position>
          <AltitudeMeters>1390.2</AltitudeMeters>
          <DistanceMeters>88260.9</DistanceMeters>
        </Trackpoint>
        <Trackpoint>
          <Time>2026-07-26T05:25:55Z</Time>
          <Position>
            <LatitudeDegrees>38.524536</LatitudeDegrees>
            <LongitudeDegrees>-109.490794</LongitudeDegrees>
          </Position>
          <AltitudeMeters>1388.8</AltitudeMeters>
          <DistanceMeters>88353.5</DistanceMeters>
        </Trackpoint>
        <Trackpoint>
          <Time>2026-07-26T05:26:05Z</Time>
          <Position>
            <LatitudeDegrees>38.525124</LatitudeDegrees>
            <LongitudeDegrees>-109.491546</LongitudeDegrees>
          </Position>
          <AltitudeMeters>1387.4</AltitudeMeters>
          <DistanceMeters>88446.1</DistanceMeters>
        </Trackpoint>
        <Trackpoint>
          <Time>2026-07-26T05:26:15Z</Time>
          <Position>
            <LatitudeDegrees>38.525712</LatitudeDegrees>
            <LongitudeDegrees>-109.492298</LongitudeDegrees>
          </Position>
          <AltitudeMeters>1385.1</AltitudeMeters>
          <DistanceMeters>88538.7</DistanceMeters>
        </Trackpoint>
        <Trackpoint>
          <Time>2026-07-26T05:26:25Z</Time>
          <Position>
            <LatitudeDegrees>38.5263</LatitudeDegrees>
            <LongitudeDegrees>-109.49305</LongitudeDegrees>
          </Position>
          <AltitudeMeters>1383.9</AltitudeMeters>
          <DistanceMeters>88631.3</DistanceMeters>
        </Trackpoint>
        <Trackpoint>
          <Time>2026-07-26T05:26:35Z</Time>
          <Position>
            <LatitudeDegrees>38.52672</LatitudeDegrees>
            <LongitudeDegrees>-109.49353</LongitudeDegrees>
          </Position>
          <AltitudeMeters>1383.0</AltitudeMeters>
          <DistanceMeters>88694.0</DistanceMeters>
        </Trackpoint>
        <Trackpoint>
          <Time>2026-07-26T05:26:45Z</Time>
          <Position>
            <LatitudeDegrees>38.527389</LatitudeDegrees>
            <LongitudeDegrees>-109.494227</LongitudeDegrees>
          </Position>
          <AltitudeMeters>1381.0</AltitudeMeters>
          <DistanceMeters>88790.2</DistanceMeters>
        </Trackpoint>
        <Trackpoint>
          <Time>2026-07-26T05:26:55Z</Time>
          <Position>
            <LatitudeDegrees>38.52806</LatitudeDegrees>
            <LongitudeDegrees>-109.494924</LongitudeDegrees>
          </Position>
          <AltitudeMeters>1380.0</AltitudeMeters>
          <DistanceMeters>88886.3</DistanceMeters>
        </Trackpoint>
        <Trackpoint>
          <Time>2026-07-26T05:27:05Z</Time>
          <Position>
            <LatitudeDegrees>38.52873</LatitudeDegrees>
            <LongitudeDegrees>-109.495621</LongitudeDegrees>
          </Position>
          <AltitudeMeters>1378.8</AltitudeMeters>
          <DistanceMeters>88982.5</DistanceMeters>
        </Trackpoint>
        <Trackpoint>
          <Time>2026-07-26T05:27:15Z</Time>
          <Position>
            <LatitudeDegrees>38.5294</LatitudeDegrees>
            <LongitudeDegrees>-109.496318</LongitudeDegrees>
          </Position>
          <AltitudeMeters>1376.7</AltitudeMeters>
          <DistanceMeters>89078.7</DistanceMeters>
        </Trackpoint>
        <Trackpoint>
          <Time>2026-07-26T05:27:25Z</Time>
          <Position>
            <LatitudeDegrees>38.53007</LatitudeDegrees>
            <LongitudeDegrees>-109.497016</LongitudeDegrees>
          </Position>
          <AltitudeMeters>1375.0</AltitudeMeters>
          <DistanceMeters>89174.9</DistanceMeters>
        </Trackpoint>
        <Trackpoint>
          <Time>2026-07-26T05:27:35Z</Time>
          <Position>
            <LatitudeDegrees>38.53074</LatitudeDegrees>
            <LongitudeDegrees>-109.497713</LongitudeDegrees>
          </Position>
          <AltitudeMeters>1374.4</AltitudeMeters>
          <DistanceMeters>89271.0</DistanceMeters>
        </Trackpoint>
        <Trackpoint>
          <Time>2026-07-26T05:27:45Z</Time>
          <Position>
            <LatitudeDegrees>38.53141</LatitudeDegrees>
            <LongitudeDegrees>-109.49841</LongitudeDegrees>
          </Position>
          <AltitudeMeters>1373.4</AltitudeMeters>
          <DistanceMeters>89367.2</DistanceMeters>
        </Trackpoint>
        <Trackpoint>
          <Time>2026-07-26T05:27:55Z</Time>
          <Position>
            <LatitudeDegrees>38.531905</LatitudeDegrees>
            <LongitudeDegrees>-109.49753</LongitudeDegrees>
          </Position>
          <AltitudeMeters>1370.9</AltitudeMeters>
          <DistanceMeters>89461.6</DistanceMeters>
        </Trackpoint>
        <Trackpoint>
          <Time>2026-07-26T05:28:05Z</Time>
          <Position>
            <LatitudeDegrees>38.5324</LatitudeDegrees>
            <LongitudeDegrees>-109.49665</LongitudeDegrees>
          </Position>
          <AltitudeMeters>1369.3</AltitudeMeters>
          <DistanceMeters>89556.0</DistanceMeters>
        </Trackpoint>
        <Trackpoint>
          <Time>2026-07-26T05:28:15Z</Time>
          <Position>
            <LatitudeDegrees>38.53283</LatitudeDegrees>
            <LongitudeDegrees>-109.495975</LongitudeDegrees>
          </Position>
          <AltitudeMeters>1367.5</AltitudeMeters>
          <DistanceMeters>89631.8</DistanceMeters>
        </Trackpoint>
        <Trackpoint>
          <Time>2026-07-26T05:28:25Z</Time>
          <Position>
            <LatitudeDegrees>38.53326</LatitudeDegrees>
            <LongitudeDegrees>-109.4953</LongitudeDegrees>
          </Position>
          <AltitudeMeters>1365.5</AltitudeMeters>
          <DistanceMeters>89707.6</DistanceMeters>
        </Trackpoint>
        <Trackpoint>
          <Time>2026-07-26T05:28:35Z</Time>
          <Position>
            <LatitudeDegrees>38.53375</LatitudeDegrees>
            <LongitudeDegrees>-109.49451</LongitudeDegrees>
          </Position>
          <AltitudeMeters>1361.2</AltitudeMeters>
          <DistanceMeters>89795.4</DistanceMeters>
        </Trackpoint>
        <Trackpoint>
          <Time>2026-07-26T05:28:45Z</Time>
          <Position>
            <LatitudeDegrees>38.534239</LatitudeDegrees>
            <LongitudeDegrees>-109.49372</LongitudeDegrees>
          </Position>
          <AltitudeMeters>1356.4</AltitudeMeters>
          <DistanceMeters>89883.2</DistanceMeters>
        </Trackpoint>
        <Trackpoint>
          <Time>2026-07-26T05:28:55Z</Time>
          <Position>
            <LatitudeDegrees>38.53473</LatitudeDegrees>
            <LongitudeDegrees>-109.49293</LongitudeDegrees>
          </Position>
          <AltitudeMeters>1358.1</AltitudeMeters>
          <DistanceMeters>89971.0</DistanceMeters>
        </Trackpoint>
        <Trackpoint>
          <Time>2026-07-26T05:29:05Z</Time>
          <Position>
            <LatitudeDegrees>38.53522</LatitudeDegrees>
            <LongitudeDegrees>-109.49214</LongitudeDegrees>
          </Position>
          <AltitudeMeters>1363.0</AltitudeMeters>
          <DistanceMeters>90058.7</DistanceMeters>
        </Trackpoint>
        <Trackpoint>
          <Time>2026-07-26T05:29:15Z</Time>
          <Position>
            <LatitudeDegrees>38.53571</LatitudeDegrees>
            <LongitudeDegrees>-109.49135</LongitudeDegrees>
          </Position>
          <AltitudeMeters>1369.3</AltitudeMeters>
          <DistanceMeters>90146.5</DistanceMeters>
        </Trackpoint>
        <Trackpoint>
          <Time>2026-07-26T05:29:25Z</Time>
          <Position>
            <LatitudeDegrees>38.5362</LatitudeDegrees>
            <LongitudeDegrees>-109.49056</LongitudeDegrees>
          </Position>
          <AltitudeMeters>1377.3</AltitudeMeters>
          <DistanceMeters>90234.3</DistanceMeters>
        </Trackpoint>
        <Trackpoint>
          <Time>2026-07-26T05:29:35Z</Time>
          <Position>
            <LatitudeDegrees>38.53669</LatitudeDegrees>
            <LongitudeDegrees>-109.48977</LongitudeDegrees>
          </Position>
          <AltitudeMeters>1382.2</AltitudeMeters>
          <DistanceMeters>90322.1</DistanceMeters>
        </Trackpoint>
        <Trackpoint>
          <Time>2026-07-26T05:29:45Z</Time>
          <Position>
            <LatitudeDegrees>38.53677</LatitudeDegrees>
            <LongitudeDegrees>-109.48958</LongitudeDegrees>
          </Position>
          <AltitudeMeters>1383.8</AltitudeMeters>
          <DistanceMeters>90340.9</DistanceMeters>
        </Trackpoint>
        <Trackpoint>
          <Time>2026-07-26T05:29:55Z</Time>
          <Position>
            <LatitudeDegrees>38.5368</LatitudeDegrees>
            <LongitudeDegrees>-109.48944</LongitudeDegrees>
          </Position>
          <AltitudeMeters>1384.1</AltitudeMeters>
          <DistanceMeters>90353.5</DistanceMeters>
        </Trackpoint>
        <Trackpoint>
          <Time>2026-07-26T05:30:05Z</Time>
          <Position>
            <LatitudeDegrees>38.5368</LatitudeDegrees>
            <LongitudeDegrees>-109.48935</LongitudeDegrees>
          </Position>
          <AltitudeMeters>1384.7</AltitudeMeters>
          <DistanceMeters>90361.4</DistanceMeters>
        </Trackpoint>
        <Trackpoint>
          <Time>2026-07-26T05:30:15Z</Time>
          <Position>
            <LatitudeDegrees>38.53683</LatitudeDegrees>
            <LongitudeDegrees>-109.48928</LongitudeDegrees>
          </Position>
          <AltitudeMeters>1384.9</AltitudeMeters>
          <DistanceMeters>90368.3</DistanceMeters>
        </Trackpoint>
        <Trackpoint>
          <Time>2026-07-26T05:30:25Z</Time>
          <Position>
            <LatitudeDegrees>38.53689</LatitudeDegrees>
            <LongitudeDegrees>-109.48923</LongitudeDegrees>
          </Position>
          <AltitudeMeters>1384.9</AltitudeMeters>
          <DistanceMeters>90376.3</DistanceMeters>
        </Trackpoint>
        <Trackpoint>
          <Time>2026-07-26T05:30:35Z</Time>
          <Position>
            <LatitudeDegrees>38.53698</LatitudeDegrees>
            <LongitudeDegrees>-109.48927</LongitudeDegrees>
          </Position>
          <AltitudeMeters>1385.1</AltitudeMeters>
          <DistanceMeters>90386.9</DistanceMeters>
        </Trackpoint>
        <Trackpoint>
          <Time>2026-07-26T05:30:45Z</Time>
          <Position>
            <LatitudeDegrees>38.53702</LatitudeDegrees>
            <LongitudeDegrees>-109.48932</LongitudeDegrees>
          </Position>
          <AltitudeMeters>1384.9</AltitudeMeters>
          <DistanceMeters>90393.1</DistanceMeters>
        </Trackpoint>
        <Trackpoint>
          <Time>2026-07-26T05:30:55Z</Time>
          <Position>
            <LatitudeDegrees>38.53702</LatitudeDegrees>
            <LongitudeDegrees>-109.48953</LongitudeDegrees>
          </Position>
          <AltitudeMeters>1384.1</AltitudeMeters>
          <DistanceMeters>90411.4</DistanceMeters>
        </Trackpoint>
        <Trackpoint>
          <Time>2026-07-26T05:31:05Z</Time>
          <Position>
            <LatitudeDegrees>38.53709</LatitudeDegrees>
            <LongitudeDegrees>-109.48979</LongitudeDegrees>
          </Position>
          <AltitudeMeters>1381.8</AltitudeMeters>
          <DistanceMeters>90435.4</DistanceMeters>
        </Trackpoint>
        <Trackpoint>
          <Time>2026-07-26T05:31:15Z</Time>
          <Position>
            <LatitudeDegrees>38.53734</LatitudeDegrees>
            <LongitudeDegrees>-109.49052</LongitudeDegrees>
          </Position>
          <AltitudeMeters>1378.3</AltitudeMeters>
          <DistanceMeters>90504.8</DistanceMeters>
        </Trackpoint>
        <Trackpoint>
          <Time>2026-07-26T05:31:25Z</Time>
          <Position>
            <LatitudeDegrees>38.53759</LatitudeDegrees>
            <LongitudeDegrees>-109.49125</LongitudeDegrees>
          </Position>
          <AltitudeMeters>1377.3</AltitudeMeters>
          <DistanceMeters>90574.2</DistanceMeters>
        </Trackpoint>
        <Trackpoint>
          <Time>2026-07-26T05:31:35Z</Time>
          <Position>
            <LatitudeDegrees>38.53792</LatitudeDegrees>
            <LongitudeDegrees>-109.49227</LongitudeDegrees>
          </Position>
          <AltitudeMeters>1375.2</AltitudeMeters>
          <DistanceMeters>90670.3</DistanceMeters>
        </Trackpoint>
        <Trackpoint>
          <Time>2026-07-26T05:31:45Z</Time>
          <Position>
            <LatitudeDegrees>38.537999</LatitudeDegrees>
            <LongitudeDegrees>-109.49244</LongitudeDegrees>
          </Position>
          <AltitudeMeters>1375.1</AltitudeMeters>
          <DistanceMeters>90687.5</DistanceMeters>
        </Trackpoint>
        <Trackpoint>
          <Time>2026-07-26T05:31:55Z</Time>
          <Position>
            <LatitudeDegrees>38.53812</LatitudeDegrees>
            <LongitudeDegrees>-109.49263</LongitudeDegrees>
          </Position>
          <AltitudeMeters>1374.8</AltitudeMeters>
          <DistanceMeters>90708.8</DistanceMeters>
        </Trackpoint>
        <Trackpoint>
          <Time>2026-07-26T05:32:05Z</Time>
          <Position>
            <LatitudeDegrees>38.538763</LatitudeDegrees>
            <LongitudeDegrees>-109.49338</LongitudeDegrees>
          </Position>
          <AltitudeMeters>1372.7</AltitudeMeters>
          <DistanceMeters>90805.7</DistanceMeters>
        </Trackpoint>
        <Trackpoint>
          <Time>2026-07-26T05:32:15Z</Time>
          <Position>
            <LatitudeDegrees>38.539405</LatitudeDegrees>
            <LongitudeDegrees>-109.49413</LongitudeDegrees>
          </Position>
          <AltitudeMeters>1370.1</AltitudeMeters>
          <DistanceMeters>90902.5</DistanceMeters>
        </Trackpoint>
        <Trackpoint>
          <Time>2026-07-26T05:32:25Z</Time>
          <Position>
            <LatitudeDegrees>38.540048</LatitudeDegrees>
            <LongitudeDegrees>-109.49488</LongitudeDegrees>
          </Position>
          <AltitudeMeters>1367.6</AltitudeMeters>
          <DistanceMeters>90999.4</DistanceMeters>
        </Trackpoint>
        <Trackpoint>
          <Time>2026-07-26T05:32:35Z</Time>
          <Position>
            <LatitudeDegrees>38.54069</LatitudeDegrees>
            <LongitudeDegrees>-109.49563</LongitudeDegrees>
          </Position>
          <AltitudeMeters>1365.8</AltitudeMeters>
          <DistanceMeters>91096.2</DistanceMeters>
        </Trackpoint>
        <Trackpoint>
          <Time>2026-07-26T05:32:45Z</Time>
          <Position>
            <LatitudeDegrees>38.54079</LatitudeDegrees>
            <LongitudeDegrees>-109.49579</LongitudeDegrees>
          </Position>
          <AltitudeMeters>1365.8</AltitudeMeters>
          <DistanceMeters>91114.0</DistanceMeters>
        </Trackpoint>
      </Track>
    </Course>
  </Courses>
</TrainingCenterDatabase>
