<?xml version="1.0" encoding="UTF-8"?>
<TrainingCenterDatabase xmlns="http://www.garmin.com/xmlschemas/TrainingCenterDatabase/v2" xmlns:xsi="http://www.w3.org/2001/XMLSchema-instance" xsi:schemaLocation="http://www.garmin.com/xmlschemas/TrainingCenterDatabase/v2 http://www.garmin.com/xmlschemas/TrainingCenterDatabasev2.xsd">
  <Folders>
    <Courses>
      <CourseFolder Name="Courses">
        <CourseNameRef>
          <Id>SFC-Santa-Fe-Ce</Id>
        </CourseNameRef>
      </CourseFolder>
    </Courses>
  </Folders>
  <Courses>
    <Course>
      <Name>SFC-Santa-Fe-Ce</Name>
      <Lap>
        <TotalTimeSeconds>2590</TotalTimeSeconds>
        <DistanceMeters>172549.0</DistanceMeters>
        <BeginPosition>
          <LatitudeDegrees>35.68172</LatitudeDegrees>
          <LongitudeDegrees>-105.94877</LongitudeDegrees>
        </BeginPosition>
        <EndPosition>
          <LatitudeDegrees>35.68245</LatitudeDegrees>
          <LongitudeDegrees>-105.94863</LongitudeDegrees>
        </EndPosition>
        <Intensity>Active</Intensity>
      </Lap>
      <Track>
        <Trackpoint>
          <Time>2026-07-26T01:05:43Z</Time>
          <Position>
            <LatitudeDegrees>35.68172</LatitudeDegrees>
            <LongitudeDegrees>-105.94877</LongitudeDegrees>
          </Position>
          <AltitudeMeters>2121.0</AltitudeMeters>
          <DistanceMeters>0</DistanceMeters>
        </Trackpoint>
        <Trackpoint>
          <Time>2026-07-26T01:05:53Z</Time>
          <Position>
            <LatitudeDegrees>35.68172</LatitudeDegrees>
            <LongitudeDegrees>-105.94864</LongitudeDegrees>
          </Position>
          <AltitudeMeters>2121.1</AltitudeMeters>
          <DistanceMeters>11.7</DistanceMeters>
        </Trackpoint>
        <Trackpoint>
          <Time>2026-07-26T01:06:03Z</Time>
          <Position>
            <LatitudeDegrees>35.68173</LatitudeDegrees>
            <LongitudeDegrees>-105.94809</LongitudeDegrees>
          </Position>
          <AltitudeMeters>2122.0</AltitudeMeters>
          <DistanceMeters>61.4</DistanceMeters>
        </Trackpoint>
        <Trackpoint>
          <Time>2026-07-26T01:06:13Z</Time>
          <Position>
            <LatitudeDegrees>35.68174</LatitudeDegrees>
            <LongitudeDegrees>-105.94753</LongitudeDegrees>
          </Position>
          <AltitudeMeters>2122.9</AltitudeMeters>
          <DistanceMeters>112.1</DistanceMeters>
        </Trackpoint>
        <Trackpoint>
          <Time>2026-07-26T01:06:23Z</Time>
          <Position>
            <LatitudeDegrees>35.68171</LatitudeDegrees>
            <LongitudeDegrees>-105.94723</LongitudeDegrees>
          </Position>
          <AltitudeMeters>2123.4</AltitudeMeters>
          <DistanceMeters>139.4</DistanceMeters>
        </Trackpoint>
        <Trackpoint>
          <Time>2026-07-26T01:06:33Z</Time>
          <Position>
            <LatitudeDegrees>35.68163</LatitudeDegrees>
            <LongitudeDegrees>-105.94671</LongitudeDegrees>
          </Position>
          <AltitudeMeters>2124.3</AltitudeMeters>
          <DistanceMeters>187.3</DistanceMeters>
        </Trackpoint>
        <Trackpoint>
          <Time>2026-07-26T01:06:43Z</Time>
          <Position>
            <LatitudeDegrees>35.68155</LatitudeDegrees>
            <LongitudeDegrees>-105.9463</LongitudeDegrees>
          </Position>
          <AltitudeMeters>2125.1</AltitudeMeters>
          <DistanceMeters>225.4</DistanceMeters>
        </Trackpoint>
        <Trackpoint>
          <Time>2026-07-26T01:06:53Z</Time>
          <Position>
            <LatitudeDegrees>35.68153</LatitudeDegrees>
            <LongitudeDegrees>-105.94603</LongitudeDegrees>
          </Position>
          <AltitudeMeters>2125.8</AltitudeMeters>
          <DistanceMeters>249.9</DistanceMeters>
        </Trackpoint>
        <Trackpoint>
          <Time>2026-07-26T01:07:03Z</Time>
          <Position>
            <LatitudeDegrees>35.68143</LatitudeDegrees>
            <LongitudeDegrees>-105.94565</LongitudeDegrees>
          </Position>
          <AltitudeMeters>2126.8</AltitudeMeters>
          <DistanceMeters>286.0</DistanceMeters>
        </Trackpoint>
        <Trackpoint>
          <Time>2026-07-26T01:07:13Z</Time>
          <Position>
            <LatitudeDegrees>35.68128</LatitudeDegrees>
            <LongitudeDegrees>-105.94492</LongitudeDegrees>
          </Position>
          <AltitudeMeters>2128.3</AltitudeMeters>
          <DistanceMeters>354.1</DistanceMeters>
        </Trackpoint>
        <Trackpoint>
          <Time>2026-07-26T01:07:23Z</Time>
          <Position>
            <LatitudeDegrees>35.68125</LatitudeDegrees>
            <LongitudeDegrees>-105.94472</LongitudeDegrees>
          </Position>
          <AltitudeMeters>2128.8</AltitudeMeters>
          <DistanceMeters>372.5</DistanceMeters>
        </Trackpoint>
        <Trackpoint>
          <Time>2026-07-26T01:07:33Z</Time>
          <Position>
            <LatitudeDegrees>35.68118</LatitudeDegrees>
            <LongitudeDegrees>-105.94384</LongitudeDegrees>
          </Position>
          <AltitudeMeters>2130.0</AltitudeMeters>
          <DistanceMeters>452.5</DistanceMeters>
        </Trackpoint>
        <Trackpoint>
          <Time>2026-07-26T01:07:43Z</Time>
          <Position>
            <LatitudeDegrees>35.68112</LatitudeDegrees>
            <LongitudeDegrees>-105.94346</LongitudeDegrees>
          </Position>
          <AltitudeMeters>2130.7</AltitudeMeters>
          <DistanceMeters>487.5</DistanceMeters>
        </Trackpoint>
        <Trackpoint>
          <Time>2026-07-26T01:07:53Z</Time>
          <Position>
            <LatitudeDegrees>35.68103</LatitudeDegrees>
            <LongitudeDegrees>-105.94307</LongitudeDegrees>
          </Position>
          <AltitudeMeters>2131.0</AltitudeMeters>
          <DistanceMeters>524.1</DistanceMeters>
        </Trackpoint>
        <Trackpoint>
          <Time>2026-07-26T01:08:03Z</Time>
          <Position>
            <LatitudeDegrees>35.68102</LatitudeDegrees>
            <LongitudeDegrees>-105.94288</LongitudeDegrees>
          </Position>
          <AltitudeMeters>2131.3</AltitudeMeters>
          <DistanceMeters>541.4</DistanceMeters>
        </Trackpoint>
        <Trackpoint>
          <Time>2026-07-26T01:08:13Z</Time>
          <Position>
            <LatitudeDegrees>35.68104</LatitudeDegrees>
            <LongitudeDegrees>-105.94274</LongitudeDegrees>
          </Position>
          <AltitudeMeters>2131.5</AltitudeMeters>
          <DistanceMeters>554.2</DistanceMeters>
        </Trackpoint>
        <Trackpoint>
          <Time>2026-07-26T01:08:23Z</Time>
          <Position>
            <LatitudeDegrees>35.68109</LatitudeDegrees>
            <LongitudeDegrees>-105.94256</LongitudeDegrees>
          </Position>
          <AltitudeMeters>2131.8</AltitudeMeters>
          <DistanceMeters>571.4</DistanceMeters>
        </Trackpoint>
        <Trackpoint>
          <Time>2026-07-26T01:08:33Z</Time>
          <Position>
            <LatitudeDegrees>35.68118</LatitudeDegrees>
            <LongitudeDegrees>-105.94238</LongitudeDegrees>
          </Position>
          <AltitudeMeters>2132.0</AltitudeMeters>
          <DistanceMeters>590.5</DistanceMeters>
        </Trackpoint>
        <Trackpoint>
          <Time>2026-07-26T01:08:43Z</Time>
          <Position>
            <LatitudeDegrees>35.68131</LatitudeDegrees>
            <LongitudeDegrees>-105.94224</LongitudeDegrees>
          </Position>
          <AltitudeMeters>2132.2</AltitudeMeters>
          <DistanceMeters>609.7</DistanceMeters>
        </Trackpoint>
        <Trackpoint>
          <Time>2026-07-26T01:08:53Z</Time>
          <Position>
            <LatitudeDegrees>35.68161</LatitudeDegrees>
            <LongitudeDegrees>-105.94202</LongitudeDegrees>
          </Position>
          <AltitudeMeters>2132.0</AltitudeMeters>
          <DistanceMeters>648.6</DistanceMeters>
        </Trackpoint>
        <Trackpoint>
          <Time>2026-07-26T01:09:03Z</Time>
          <Position>
            <LatitudeDegrees>35.68174</LatitudeDegrees>
            <LongitudeDegrees>-105.9418</LongitudeDegrees>
          </Position>
          <AltitudeMeters>2132.2</AltitudeMeters>
          <DistanceMeters>673.2</DistanceMeters>
        </Trackpoint>
        <Trackpoint>
          <Time>2026-07-26T01:09:13Z</Time>
          <Position>
            <LatitudeDegrees>35.68177</LatitudeDegrees>
            <LongitudeDegrees>-105.94169</LongitudeDegrees>
          </Position>
          <AltitudeMeters>2132.3</AltitudeMeters>
          <DistanceMeters>683.7</DistanceMeters>
        </Trackpoint>
        <Trackpoint>
          <Time>2026-07-26T01:09:23Z</Time>
          <Position>
            <LatitudeDegrees>35.68179</LatitudeDegrees>
            <LongitudeDegrees>-105.94147</LongitudeDegrees>
          </Position>
          <AltitudeMeters>2132.6</AltitudeMeters>
          <DistanceMeters>703.7</DistanceMeters>
        </Trackpoint>
        <Trackpoint>
          <Time>2026-07-26T01:09:33Z</Time>
          <Position>
            <LatitudeDegrees>35.68165</LatitudeDegrees>
            <LongitudeDegrees>-105.94069</LongitudeDegrees>
          </Position>
          <AltitudeMeters>2133.8</AltitudeMeters>
          <DistanceMeters>776.0</DistanceMeters>
        </Trackpoint>
        <Trackpoint>
          <Time>2026-07-26T01:09:43Z</Time>
          <Position>
            <LatitudeDegrees>35.68152</LatitudeDegrees>
            <LongitudeDegrees>-105.93992</LongitudeDegrees>
          </Position>
          <AltitudeMeters>2135.1</AltitudeMeters>
          <DistanceMeters>847.1</DistanceMeters>
        </Trackpoint>
        <Trackpoint>
          <Time>2026-07-26T01:09:53Z</Time>
          <Position>
            <LatitudeDegrees>35.68151</LatitudeDegrees>
            <LongitudeDegrees>-105.93901</LongitudeDegrees>
          </Position>
          <AltitudeMeters>2137.0</AltitudeMeters>
          <DistanceMeters>929.4</DistanceMeters>
        </Trackpoint>
        <Trackpoint>
          <Time>2026-07-26T01:10:03Z</Time>
          <Position>
            <LatitudeDegrees>35.68151</LatitudeDegrees>
            <LongitudeDegrees>-105.93809</LongitudeDegrees>
          </Position>
          <AltitudeMeters>2138.8</AltitudeMeters>
          <DistanceMeters>1012.5</DistanceMeters>
        </Trackpoint>
        <Trackpoint>
          <Time>2026-07-26T01:10:13Z</Time>
          <Position>
            <LatitudeDegrees>35.68119</LatitudeDegrees>
            <LongitudeDegrees>-105.93801</LongitudeDegrees>
          </Position>
          <AltitudeMeters>2139.3</AltitudeMeters>
          <DistanceMeters>1048.9</DistanceMeters>
        </Trackpoint>
        <Trackpoint>
          <Time>2026-07-26T01:10:23Z</Time>
          <Position>
            <LatitudeDegrees>35.68119</LatitudeDegrees>
            <LongitudeDegrees>-105.938</LongitudeDegrees>
          </Position>
          <AltitudeMeters>2139.3</AltitudeMeters>
          <DistanceMeters>1049.8</DistanceMeters>
        </Trackpoint>
        <Trackpoint>
          <Time>2026-07-26T01:10:33Z</Time>
          <Position>
            <LatitudeDegrees>35.681</LatitudeDegrees>
            <LongitudeDegrees>-105.93795</LongitudeDegrees>
          </Position>
          <AltitudeMeters>2139.6</AltitudeMeters>
          <DistanceMeters>1071.4</DistanceMeters>
        </Trackpoint>
        <Trackpoint>
          <Time>2026-07-26T01:10:43Z</Time>
          <Position>
            <LatitudeDegrees>35.68072</LatitudeDegrees>
            <LongitudeDegrees>-105.93788</LongitudeDegrees>
          </Position>
          <AltitudeMeters>2139.9</AltitudeMeters>
          <DistanceMeters>1103.2</DistanceMeters>
        </Trackpoint>
        <Trackpoint>
          <Time>2026-07-26T01:10:53Z</Time>
          <Position>
            <LatitudeDegrees>35.68058</LatitudeDegrees>
            <LongitudeDegrees>-105.93785</LongitudeDegrees>
          </Position>
          <AltitudeMeters>2140.1</AltitudeMeters>
          <DistanceMeters>1119.1</DistanceMeters>
        </Trackpoint>
        <Trackpoint>
          <Time>2026-07-26T01:11:03Z</Time>
          <Position>
            <LatitudeDegrees>35.68004</LatitudeDegrees>
            <LongitudeDegrees>-105.9377</LongitudeDegrees>
          </Position>
          <AltitudeMeters>2141.5</AltitudeMeters>
          <DistanceMeters>1180.7</DistanceMeters>
        </Trackpoint>
        <Trackpoint>
          <Time>2026-07-26T01:11:13Z</Time>
          <Position>
            <LatitudeDegrees>35.67898</LatitudeDegrees>
            <LongitudeDegrees>-105.93745</LongitudeDegrees>
          </Position>
          <AltitudeMeters>2143.9</AltitudeMeters>
          <DistanceMeters>1300.8</DistanceMeters>
        </Trackpoint>
        <Trackpoint>
          <Time>2026-07-26T01:11:23Z</Time>
          <Position>
            <LatitudeDegrees>35.67856</LatitudeDegrees>
            <LongitudeDegrees>-105.93736</LongitudeDegrees>
          </Position>
          <AltitudeMeters>2145.1</AltitudeMeters>
          <DistanceMeters>1348.3</DistanceMeters>
        </Trackpoint>
        <Trackpoint>
          <Time>2026-07-26T01:11:33Z</Time>
          <Position>
            <LatitudeDegrees>35.67816</LatitudeDegrees>
            <LongitudeDegrees>-105.93733</LongitudeDegrees>
          </Position>
          <AltitudeMeters>2146.3</AltitudeMeters>
          <DistanceMeters>1392.9</DistanceMeters>
        </Trackpoint>
        <Trackpoint>
          <Time>2026-07-26T01:11:43Z</Time>
          <Position>
            <LatitudeDegrees>35.6778</LatitudeDegrees>
            <LongitudeDegrees>-105.93731</LongitudeDegrees>
          </Position>
          <AltitudeMeters>2147.7</AltitudeMeters>
          <DistanceMeters>1433.0</DistanceMeters>
        </Trackpoint>
        <Trackpoint>
          <Time>2026-07-26T01:11:53Z</Time>
          <Position>
            <LatitudeDegrees>35.6775</LatitudeDegrees>
            <LongitudeDegrees>-105.93728</LongitudeDegrees>
          </Position>
          <AltitudeMeters>2149.2</AltitudeMeters>
          <DistanceMeters>1466.5</DistanceMeters>
        </Trackpoint>
        <Trackpoint>
          <Time>2026-07-26T01:12:03Z</Time>
          <Position>
            <LatitudeDegrees>35.67738</LatitudeDegrees>
            <LongitudeDegrees>-105.93725</LongitudeDegrees>
          </Position>
          <AltitudeMeters>2150.0</AltitudeMeters>
          <DistanceMeters>1480.1</DistanceMeters>
        </Trackpoint>
        <Trackpoint>
          <Time>2026-07-26T01:12:13Z</Time>
          <Position>
            <LatitudeDegrees>35.67715</LatitudeDegrees>
            <LongitudeDegrees>-105.93716</LongitudeDegrees>
          </Position>
          <AltitudeMeters>2151.5</AltitudeMeters>
          <DistanceMeters>1507.0</DistanceMeters>
        </Trackpoint>
        <Trackpoint>
          <Time>2026-07-26T01:12:23Z</Time>
          <Position>
            <LatitudeDegrees>35.67699</LatitudeDegrees>
            <LongitudeDegrees>-105.9371</LongitudeDegrees>
          </Position>
          <AltitudeMeters>2152.2</AltitudeMeters>
          <DistanceMeters>1525.6</DistanceMeters>
        </Trackpoint>
        <Trackpoint>
          <Time>2026-07-26T01:12:33Z</Time>
          <Position>
            <LatitudeDegrees>35.67698</LatitudeDegrees>
            <LongitudeDegrees>-105.9371</LongitudeDegrees>
          </Position>
          <AltitudeMeters>2152.3</AltitudeMeters>
          <DistanceMeters>1526.7</DistanceMeters>
        </Trackpoint>
        <Trackpoint>
          <Time>2026-07-26T01:12:43Z</Time>
          <Position>
            <LatitudeDegrees>35.6767</LatitudeDegrees>
            <LongitudeDegrees>-105.93699</LongitudeDegrees>
          </Position>
          <AltitudeMeters>2153.6</AltitudeMeters>
          <DistanceMeters>1559.5</DistanceMeters>
        </Trackpoint>
        <Trackpoint>
          <Time>2026-07-26T01:12:53Z</Time>
          <Position>
            <LatitudeDegrees>35.67665</LatitudeDegrees>
            <LongitudeDegrees>-105.93698</LongitudeDegrees>
          </Position>
          <AltitudeMeters>2153.8</AltitudeMeters>
          <DistanceMeters>1565.1</DistanceMeters>
        </Trackpoint>
        <Trackpoint>
          <Time>2026-07-26T01:13:13Z</Time>
          <Position>
            <LatitudeDegrees>35.67638</LatitudeDegrees>
            <LongitudeDegrees>-105.93701</LongitudeDegrees>
          </Position>
          <AltitudeMeters>2154.8</AltitudeMeters>
          <DistanceMeters>1595.3</DistanceMeters>
        </Trackpoint>
        <Trackpoint>
          <Time>2026-07-26T01:13:23Z</Time>
          <Position>
            <LatitudeDegrees>35.67584</LatitudeDegrees>
            <LongitudeDegrees>-105.93707</LongitudeDegrees>
          </Position>
          <AltitudeMeters>2156.1</AltitudeMeters>
          <DistanceMeters>1655.6</DistanceMeters>
        </Trackpoint>
        <Trackpoint>
          <Time>2026-07-26T01:13:33Z</Time>
          <Position>
            <LatitudeDegrees>35.67568</LatitudeDegrees>
            <LongitudeDegrees>-105.93709</LongitudeDegrees>
          </Position>
          <AltitudeMeters>2156.6</AltitudeMeters>
          <DistanceMeters>1673.5</DistanceMeters>
        </Trackpoint>
        <Trackpoint>
          <Time>2026-07-26T01:13:43Z</Time>
          <Position>
            <LatitudeDegrees>35.6755</LatitudeDegrees>
            <LongitudeDegrees>-105.9371</LongitudeDegrees>
          </Position>
          <AltitudeMeters>2157.2</AltitudeMeters>
          <DistanceMeters>1693.6</DistanceMeters>
        </Trackpoint>
        <Trackpoint>
          <Time>2026-07-26T01:13:53Z</Time>
          <Position>
            <LatitudeDegrees>35.67529</LatitudeDegrees>
            <LongitudeDegrees>-105.93711</LongitudeDegrees>
          </Position>
          <AltitudeMeters>2157.8</AltitudeMeters>
          <DistanceMeters>1717.0</DistanceMeters>
        </Trackpoint>
        <Trackpoint>
          <Time>2026-07-26T01:14:03Z</Time>
          <Position>
            <LatitudeDegrees>35.67514</LatitudeDegrees>
            <LongitudeDegrees>-105.9371</LongitudeDegrees>
          </Position>
          <AltitudeMeters>2158.4</AltitudeMeters>
          <DistanceMeters>1733.7</DistanceMeters>
        </Trackpoint>
        <Trackpoint>
          <Time>2026-07-26T01:14:13Z</Time>
          <Position>
            <LatitudeDegrees>35.67512</LatitudeDegrees>
            <LongitudeDegrees>-105.9371</LongitudeDegrees>
          </Position>
          <AltitudeMeters>2158.4</AltitudeMeters>
          <DistanceMeters>1735.9</DistanceMeters>
        </Trackpoint>
        <Trackpoint>
          <Time>2026-07-26T01:14:23Z</Time>
          <Position>
            <LatitudeDegrees>35.67491</LatitudeDegrees>
            <LongitudeDegrees>-105.93707</LongitudeDegrees>
          </Position>
          <AltitudeMeters>2159.3</AltitudeMeters>
          <DistanceMeters>1759.5</DistanceMeters>
        </Trackpoint>
        <Trackpoint>
          <Time>2026-07-26T01:14:33Z</Time>
          <Position>
            <LatitudeDegrees>35.67455</LatitudeDegrees>
            <LongitudeDegrees>-105.93699</LongitudeDegrees>
          </Position>
          <AltitudeMeters>2160.6</AltitudeMeters>
          <DistanceMeters>1800.2</DistanceMeters>
        </Trackpoint>
        <Trackpoint>
          <Time>2026-07-26T01:14:43Z</Time>
          <Position>
            <LatitudeDegrees>35.67387</LatitudeDegrees>
            <LongitudeDegrees>-105.93669</LongitudeDegrees>
          </Position>
          <AltitudeMeters>2162.3</AltitudeMeters>
          <DistanceMeters>1880.6</DistanceMeters>
        </Trackpoint>
        <Trackpoint>
          <Time>2026-07-26T01:14:53Z</Time>
          <Position>
            <LatitudeDegrees>35.67374</LatitudeDegrees>
            <LongitudeDegrees>-105.93663</LongitudeDegrees>
          </Position>
          <AltitudeMeters>2162.4</AltitudeMeters>
          <DistanceMeters>1896.1</DistanceMeters>
        </Trackpoint>
        <Trackpoint>
          <Time>2026-07-26T01:15:03Z</Time>
          <Position>
            <LatitudeDegrees>35.67319</LatitudeDegrees>
            <LongitudeDegrees>-105.93638</LongitudeDegrees>
          </Position>
          <AltitudeMeters>2163.0</AltitudeMeters>
          <DistanceMeters>1961.3</DistanceMeters>
        </Trackpoint>
        <Trackpoint>
          <Time>2026-07-26T01:15:13Z</Time>
          <Position>
            <LatitudeDegrees>35.67303</LatitudeDegrees>
            <LongitudeDegrees>-105.93631</LongitudeDegrees>
          </Position>
          <AltitudeMeters>2162.8</AltitudeMeters>
          <DistanceMeters>1980.2</DistanceMeters>
        </Trackpoint>
        <Trackpoint>
          <Time>2026-07-26T01:15:23Z</Time>
          <Position>
            <LatitudeDegrees>35.67272</LatitudeDegrees>
            <LongitudeDegrees>-105.93615</LongitudeDegrees>
          </Position>
          <AltitudeMeters>2163.1</AltitudeMeters>
          <DistanceMeters>2017.6</DistanceMeters>
        </Trackpoint>
        <Trackpoint>
          <Time>2026-07-26T01:15:33Z</Time>
          <Position>
            <LatitudeDegrees>35.67235</LatitudeDegrees>
            <LongitudeDegrees>-105.93597</LongitudeDegrees>
          </Position>
          <AltitudeMeters>2163.3</AltitudeMeters>
          <DistanceMeters>2061.9</DistanceMeters>
        </Trackpoint>
        <Trackpoint>
          <Time>2026-07-26T01:15:43Z</Time>
          <Position>
            <LatitudeDegrees>35.67218</LatitudeDegrees>
            <LongitudeDegrees>-105.93589</LongitudeDegrees>
          </Position>
          <AltitudeMeters>2163.5</AltitudeMeters>
          <DistanceMeters>2082.2</DistanceMeters>
        </Trackpoint>
        <Trackpoint>
          <Time>2026-07-26T01:15:53Z</Time>
          <Position>
            <LatitudeDegrees>35.67192</LatitudeDegrees>
            <LongitudeDegrees>-105.93577</LongitudeDegrees>
          </Position>
          <AltitudeMeters>2163.7</AltitudeMeters>
          <DistanceMeters>2113.1</DistanceMeters>
        </Trackpoint>
        <Trackpoint>
          <Time>2026-07-26T01:16:03Z</Time>
          <Position>
            <LatitudeDegrees>35.67188</LatitudeDegrees>
            <LongitudeDegrees>-105.93577</LongitudeDegrees>
          </Position>
          <AltitudeMeters>2163.6</AltitudeMeters>
          <DistanceMeters>2117.6</DistanceMeters>
        </Trackpoint>
        <Trackpoint>
          <Time>2026-07-26T01:16:13Z</Time>
          <Position>
            <LatitudeDegrees>35.67167</LatitudeDegrees>
            <LongitudeDegrees>-105.93574</LongitudeDegrees>
          </Position>
          <AltitudeMeters>2164.0</AltitudeMeters>
          <DistanceMeters>2141.1</DistanceMeters>
        </Trackpoint>
        <Trackpoint>
          <Time>2026-07-26T01:16:23Z</Time>
          <Position>
            <LatitudeDegrees>35.67155</LatitudeDegrees>
            <LongitudeDegrees>-105.93573</LongitudeDegrees>
          </Position>
          <AltitudeMeters>2164.1</AltitudeMeters>
          <DistanceMeters>2154.5</DistanceMeters>
        </Trackpoint>
        <Trackpoint>
          <Time>2026-07-26T01:16:33Z</Time>
          <Position>
            <LatitudeDegrees>35.67154</LatitudeDegrees>
            <LongitudeDegrees>-105.93573</LongitudeDegrees>
          </Position>
          <AltitudeMeters>2164.2</AltitudeMeters>
          <DistanceMeters>2155.6</DistanceMeters>
        </Trackpoint>
        <Trackpoint>
          <Time>2026-07-26T01:16:43Z</Time>
          <Position>
            <LatitudeDegrees>35.67137</LatitudeDegrees>
            <LongitudeDegrees>-105.93573</LongitudeDegrees>
          </Position>
          <AltitudeMeters>2164.3</AltitudeMeters>
          <DistanceMeters>2174.5</DistanceMeters>
        </Trackpoint>
        <Trackpoint>
          <Time>2026-07-26T01:16:53Z</Time>
          <Position>
            <LatitudeDegrees>35.67125</LatitudeDegrees>
            <LongitudeDegrees>-105.93574</LongitudeDegrees>
          </Position>
          <AltitudeMeters>2164.2</AltitudeMeters>
          <DistanceMeters>2187.9</DistanceMeters>
        </Trackpoint>
        <Trackpoint>
          <Time>2026-07-26T01:17:03Z</Time>
          <Position>
            <LatitudeDegrees>35.67123</LatitudeDegrees>
            <LongitudeDegrees>-105.93574</LongitudeDegrees>
          </Position>
          <AltitudeMeters>2164.2</AltitudeMeters>
          <DistanceMeters>2190.1</DistanceMeters>
        </Trackpoint>
        <Trackpoint>
          <Time>2026-07-26T01:17:13Z</Time>
          <Position>
            <LatitudeDegrees>35.67057</LatitudeDegrees>
            <LongitudeDegrees>-105.93584</LongitudeDegrees>
          </Position>
          <AltitudeMeters>2165.5</AltitudeMeters>
          <DistanceMeters>2264.2</DistanceMeters>
        </Trackpoint>
        <Trackpoint>
          <Time>2026-07-26T01:17:23Z</Time>
          <Position>
            <LatitudeDegrees>35.67005</LatitudeDegrees>
            <LongitudeDegrees>-105.93602</LongitudeDegrees>
          </Position>
          <AltitudeMeters>2165.5</AltitudeMeters>
          <DistanceMeters>2324.3</DistanceMeters>
        </Trackpoint>
        <Trackpoint>
          <Time>2026-07-26T01:17:33Z</Time>
          <Position>
            <LatitudeDegrees>35.66992</LatitudeDegrees>
            <LongitudeDegrees>-105.93606</LongitudeDegrees>
          </Position>
          <AltitudeMeters>2165.7</AltitudeMeters>
          <DistanceMeters>2339.2</DistanceMeters>
        </Trackpoint>
        <Trackpoint>
          <Time>2026-07-26T01:17:43Z</Time>
          <Position>
            <LatitudeDegrees>35.66988</LatitudeDegrees>
            <LongitudeDegrees>-105.93608</LongitudeDegrees>
          </Position>
          <AltitudeMeters>2165.6</AltitudeMeters>
          <DistanceMeters>2344.0</DistanceMeters>
        </Trackpoint>
        <Trackpoint>
          <Time>2026-07-26T01:17:53Z</Time>
          <Position>
            <LatitudeDegrees>35.66964</LatitudeDegrees>
            <LongitudeDegrees>-105.93616</LongitudeDegrees>
          </Position>
          <AltitudeMeters>2164.7</AltitudeMeters>
          <DistanceMeters>2371.7</DistanceMeters>
        </Trackpoint>
        <Trackpoint>
          <Time>2026-07-26T01:18:03Z</Time>
          <Position>
            <LatitudeDegrees>35.66947</LatitudeDegrees>
            <LongitudeDegrees>-105.93621</LongitudeDegrees>
          </Position>
          <AltitudeMeters>2164.1</AltitudeMeters>
          <DistanceMeters>2391.1</DistanceMeters>
        </Trackpoint>
        <Trackpoint>
          <Time>2026-07-26T01:18:13Z</Time>
          <Position>
            <LatitudeDegrees>35.66934</LatitudeDegrees>
            <LongitudeDegrees>-105.9363</LongitudeDegrees>
          </Position>
          <AltitudeMeters>2163.6</AltitudeMeters>
          <DistanceMeters>2407.7</DistanceMeters>
        </Trackpoint>
        <Trackpoint>
          <Time>2026-07-26T01:18:23Z</Time>
          <Position>
            <LatitudeDegrees>35.66931</LatitudeDegrees>
            <LongitudeDegrees>-105.93632</LongitudeDegrees>
          </Position>
          <AltitudeMeters>2163.4</AltitudeMeters>
          <DistanceMeters>2411.5</DistanceMeters>
        </Trackpoint>
        <Trackpoint>
          <Time>2026-07-26T01:18:33Z</Time>
          <Position>
            <LatitudeDegrees>35.669</LatitudeDegrees>
            <LongitudeDegrees>-105.93637</LongitudeDegrees>
          </Position>
          <AltitudeMeters>2161.7</AltitudeMeters>
          <DistanceMeters>2446.3</DistanceMeters>
        </Trackpoint>
        <Trackpoint>
          <Time>2026-07-26T01:18:43Z</Time>
          <Position>
            <LatitudeDegrees>35.66877</LatitudeDegrees>
            <LongitudeDegrees>-105.93641</LongitudeDegrees>
          </Position>
          <AltitudeMeters>2160.1</AltitudeMeters>
          <DistanceMeters>2472.2</DistanceMeters>
        </Trackpoint>
        <Trackpoint>
          <Time>2026-07-26T01:18:53Z</Time>
          <Position>
            <LatitudeDegrees>35.66852</LatitudeDegrees>
            <LongitudeDegrees>-105.93645</LongitudeDegrees>
          </Position>
          <AltitudeMeters>2159.3</AltitudeMeters>
          <DistanceMeters>2500.3</DistanceMeters>
        </Trackpoint>
        <Trackpoint>
          <Time>2026-07-26T01:19:03Z</Time>
          <Position>
            <LatitudeDegrees>35.66842</LatitudeDegrees>
            <LongitudeDegrees>-105.93647</LongitudeDegrees>
          </Position>
          <AltitudeMeters>2159.1</AltitudeMeters>
          <DistanceMeters>2511.5</DistanceMeters>
        </Trackpoint>
        <Trackpoint>
          <Time>2026-07-26T01:19:13Z</Time>
          <Position>
            <LatitudeDegrees>35.66816</LatitudeDegrees>
            <LongitudeDegrees>-105.93651</LongitudeDegrees>
          </Position>
          <AltitudeMeters>2159.5</AltitudeMeters>
          <DistanceMeters>2540.7</DistanceMeters>
        </Trackpoint>
        <Trackpoint>
          <Time>2026-07-26T01:19:23Z</Time>
          <Position>
            <LatitudeDegrees>35.66806</LatitudeDegrees>
            <LongitudeDegrees>-105.93653</LongitudeDegrees>
          </Position>
          <AltitudeMeters>2159.8</AltitudeMeters>
          <DistanceMeters>2552.0</DistanceMeters>
        </Trackpoint>
        <Trackpoint>
          <Time>2026-07-26T01:19:33Z</Time>
          <Position>
            <LatitudeDegrees>35.66793</LatitudeDegrees>
            <LongitudeDegrees>-105.93655</LongitudeDegrees>
          </Position>
          <AltitudeMeters>2160.4</AltitudeMeters>
          <DistanceMeters>2566.6</DistanceMeters>
        </Trackpoint>
        <Trackpoint>
          <Time>2026-07-26T01:19:43Z</Time>
          <Position>
            <LatitudeDegrees>35.66767</LatitudeDegrees>
            <LongitudeDegrees>-105.93659</LongitudeDegrees>
          </Position>
          <AltitudeMeters>2161.8</AltitudeMeters>
          <DistanceMeters>2595.7</DistanceMeters>
        </Trackpoint>
        <Trackpoint>
          <Time>2026-07-26T01:19:53Z</Time>
          <Position>
            <LatitudeDegrees>35.66703</LatitudeDegrees>
            <LongitudeDegrees>-105.93658</LongitudeDegrees>
          </Position>
          <AltitudeMeters>2164.9</AltitudeMeters>
          <DistanceMeters>2667.0</DistanceMeters>
        </Trackpoint>
        <Trackpoint>
          <Time>2026-07-26T01:20:03Z</Time>
          <Position>
            <LatitudeDegrees>35.66668</LatitudeDegrees>
            <LongitudeDegrees>-105.93657</LongitudeDegrees>
          </Position>
          <AltitudeMeters>2165.5</AltitudeMeters>
          <DistanceMeters>2706.0</DistanceMeters>
        </Trackpoint>
        <Trackpoint>
          <Time>2026-07-26T01:20:13Z</Time>
          <Position>
            <LatitudeDegrees>35.66632</LatitudeDegrees>
            <LongitudeDegrees>-105.93656</LongitudeDegrees>
          </Position>
          <AltitudeMeters>2165.8</AltitudeMeters>
          <DistanceMeters>2746.1</DistanceMeters>
        </Trackpoint>
        <Trackpoint>
          <Time>2026-07-26T01:20:23Z</Time>
          <Position>
            <LatitudeDegrees>35.66596</LatitudeDegrees>
            <LongitudeDegrees>-105.93658</LongitudeDegrees>
          </Position>
          <AltitudeMeters>2164.8</AltitudeMeters>
          <DistanceMeters>2786.2</DistanceMeters>
        </Trackpoint>
        <Trackpoint>
          <Time>2026-07-26T01:20:33Z</Time>
          <Position>
            <LatitudeDegrees>35.66542</LatitudeDegrees>
            <LongitudeDegrees>-105.93662</LongitudeDegrees>
          </Position>
          <AltitudeMeters>2160.9</AltitudeMeters>
          <DistanceMeters>2846.4</DistanceMeters>
        </Trackpoint>
        <Trackpoint>
          <Time>2026-07-26T01:20:43Z</Time>
          <Position>
            <LatitudeDegrees>35.6651</LatitudeDegrees>
            <LongitudeDegrees>-105.93665</LongitudeDegrees>
          </Position>
          <AltitudeMeters>2159.4</AltitudeMeters>
          <DistanceMeters>2882.1</DistanceMeters>
        </Trackpoint>
        <Trackpoint>
          <Time>2026-07-26T01:20:53Z</Time>
          <Position>
            <LatitudeDegrees>35.66483</LatitudeDegrees>
            <LongitudeDegrees>-105.93667</LongitudeDegrees>
          </Position>
          <AltitudeMeters>2160.0</AltitudeMeters>
          <DistanceMeters>2912.2</DistanceMeters>
        </Trackpoint>
        <Trackpoint>
          <Time>2026-07-26T01:21:03Z</Time>
          <Position>
            <LatitudeDegrees>35.66454</LatitudeDegrees>
            <LongitudeDegrees>-105.93673</LongitudeDegrees>
          </Position>
          <AltitudeMeters>2163.3</AltitudeMeters>
          <DistanceMeters>2945.0</DistanceMeters>
        </Trackpoint>
        <Trackpoint>
          <Time>2026-07-26T01:21:13Z</Time>
          <Position>
            <LatitudeDegrees>35.66423</LatitudeDegrees>
            <LongitudeDegrees>-105.93682</LongitudeDegrees>
          </Position>
          <AltitudeMeters>2165.7</AltitudeMeters>
          <DistanceMeters>2980.4</DistanceMeters>
        </Trackpoint>
        <Trackpoint>
          <Time>2026-07-26T01:21:23Z</Time>
          <Position>
            <LatitudeDegrees>35.66404</LatitudeDegrees>
            <LongitudeDegrees>-105.93691</LongitudeDegrees>
          </Position>
          <AltitudeMeters>2165.5</AltitudeMeters>
          <DistanceMeters>3003.1</DistanceMeters>
        </Trackpoint>
        <Trackpoint>
          <Time>2026-07-26T01:21:33Z</Time>
          <Position>
            <LatitudeDegrees>35.66399</LatitudeDegrees>
            <LongitudeDegrees>-105.93693</LongitudeDegrees>
          </Position>
          <AltitudeMeters>2165.3</AltitudeMeters>
          <DistanceMeters>3008.9</DistanceMeters>
        </Trackpoint>
        <Trackpoint>
          <Time>2026-07-26T01:21:43Z</Time>
          <Position>
            <LatitudeDegrees>35.66381</LatitudeDegrees>
            <LongitudeDegrees>-105.93701</LongitudeDegrees>
          </Position>
          <AltitudeMeters>2165.3</AltitudeMeters>
          <DistanceMeters>3030.2</DistanceMeters>
        </Trackpoint>
        <Trackpoint>
          <Time>2026-07-26T01:21:53Z</Time>
          <Position>
            <LatitudeDegrees>35.66355</LatitudeDegrees>
            <LongitudeDegrees>-105.93716</LongitudeDegrees>
          </Position>
          <AltitudeMeters>2165.2</AltitudeMeters>
          <DistanceMeters>3062.2</DistanceMeters>
        </Trackpoint>
        <Trackpoint>
          <Time>2026-07-26T01:22:03Z</Time>
          <Position>
            <LatitudeDegrees>35.66301</LatitudeDegrees>
            <LongitudeDegrees>-105.93748</LongitudeDegrees>
          </Position>
          <AltitudeMeters>2165.3</AltitudeMeters>
          <DistanceMeters>3128.9</DistanceMeters>
        </Trackpoint>
        <Trackpoint>
          <Time>2026-07-26T01:22:13Z</Time>
          <Position>
            <LatitudeDegrees>35.66247</LatitudeDegrees>
            <LongitudeDegrees>-105.93781</LongitudeDegrees>
          </Position>
          <AltitudeMeters>2163.5</AltitudeMeters>
          <DistanceMeters>3196.0</DistanceMeters>
        </Trackpoint>
        <Trackpoint>
          <Time>2026-07-26T01:22:23Z</Time>
          <Position>
            <LatitudeDegrees>35.66166</LatitudeDegrees>
            <LongitudeDegrees>-105.9383</LongitudeDegrees>
          </Position>
          <AltitudeMeters>2158.7</AltitudeMeters>
          <DistanceMeters>3296.5</DistanceMeters>
        </Trackpoint>
        <Trackpoint>
          <Time>2026-07-26T01:22:33Z</Time>
          <Position>
            <LatitudeDegrees>35.6615</LatitudeDegrees>
            <LongitudeDegrees>-105.93839</LongitudeDegrees>
          </Position>
          <AltitudeMeters>2158.4</AltitudeMeters>
          <DistanceMeters>3316.1</DistanceMeters>
        </Trackpoint>
        <Trackpoint>
          <Time>2026-07-26T01:22:43Z</Time>
          <Position>
            <LatitudeDegrees>35.66085</LatitudeDegrees>
            <LongitudeDegrees>-105.93878</LongitudeDegrees>
          </Position>
          <AltitudeMeters>2156.0</AltitudeMeters>
          <DistanceMeters>3396.6</DistanceMeters>
        </Trackpoint>
        <Trackpoint>
          <Time>2026-07-26T01:22:53Z</Time>
          <Position>
            <LatitudeDegrees>35.66047</LatitudeDegrees>
            <LongitudeDegrees>-105.93905</LongitudeDegrees>
          </Position>
          <AltitudeMeters>2153.6</AltitudeMeters>
          <DistanceMeters>3445.4</DistanceMeters>
        </Trackpoint>
        <Trackpoint>
          <Time>2026-07-26T01:23:03Z</Time>
          <Position>
            <LatitudeDegrees>35.66032</LatitudeDegrees>
            <LongitudeDegrees>-105.93913</LongitudeDegrees>
          </Position>
          <AltitudeMeters>2153.3</AltitudeMeters>
          <DistanceMeters>3463.6</DistanceMeters>
        </Trackpoint>
        <Trackpoint>
          <Time>2026-07-26T01:23:13Z</Time>
          <Position>
            <LatitudeDegrees>35.66016</LatitudeDegrees>
            <LongitudeDegrees>-105.93923</LongitudeDegrees>
          </Position>
          <AltitudeMeters>2152.9</AltitudeMeters>
          <DistanceMeters>3483.6</DistanceMeters>
        </Trackpoint>
        <Trackpoint>
          <Time>2026-07-26T01:23:23Z</Time>
          <Position>
            <LatitudeDegrees>35.66</LatitudeDegrees>
            <LongitudeDegrees>-105.93934</LongitudeDegrees>
          </Position>
          <AltitudeMeters>2151.2</AltitudeMeters>
          <DistanceMeters>3504.0</DistanceMeters>
        </Trackpoint>
        <Trackpoint>
          <Time>2026-07-26T01:23:33Z</Time>
          <Position>
            <LatitudeDegrees>35.65991</LatitudeDegrees>
            <LongitudeDegrees>-105.93939</LongitudeDegrees>
          </Position>
          <AltitudeMeters>2150.1</AltitudeMeters>
          <DistanceMeters>3515.0</DistanceMeters>
        </Trackpoint>
        <Trackpoint>
          <Time>2026-07-26T01:23:43Z</Time>
          <Position>
            <LatitudeDegrees>35.65984</LatitudeDegrees>
            <LongitudeDegrees>-105.93944</LongitudeDegrees>
          </Position>
          <AltitudeMeters>2149.5</AltitudeMeters>
          <DistanceMeters>3524.0</DistanceMeters>
        </Trackpoint>
        <Trackpoint>
          <Time>2026-07-26T01:23:53Z</Time>
          <Position>
            <LatitudeDegrees>35.65958</LatitudeDegrees>
            <LongitudeDegrees>-105.93961</LongitudeDegrees>
          </Position>
          <AltitudeMeters>2149.2</AltitudeMeters>
          <DistanceMeters>3556.8</DistanceMeters>
        </Trackpoint>
        <Trackpoint>
          <Time>2026-07-26T01:24:03Z</Time>
          <Position>
            <LatitudeDegrees>35.65948</LatitudeDegrees>
            <LongitudeDegrees>-105.93967</LongitudeDegrees>
          </Position>
          <AltitudeMeters>2149.2</AltitudeMeters>
          <DistanceMeters>3569.2</DistanceMeters>
        </Trackpoint>
        <Trackpoint>
          <Time>2026-07-26T01:24:13Z</Time>
          <Position>
            <LatitudeDegrees>35.65923</LatitudeDegrees>
            <LongitudeDegrees>-105.93982</LongitudeDegrees>
          </Position>
          <AltitudeMeters>2149.8</AltitudeMeters>
          <DistanceMeters>3600.1</DistanceMeters>
        </Trackpoint>
        <Trackpoint>
          <Time>2026-07-26T01:24:23Z</Time>
          <Position>
            <LatitudeDegrees>35.65881</LatitudeDegrees>
            <LongitudeDegrees>-105.93995</LongitudeDegrees>
          </Position>
          <AltitudeMeters>2150.5</AltitudeMeters>
          <DistanceMeters>3648.3</DistanceMeters>
        </Trackpoint>
        <Trackpoint>
          <Time>2026-07-26T01:24:33Z</Time>
          <Position>
            <LatitudeDegrees>35.65849</LatitudeDegrees>
            <LongitudeDegrees>-105.94002</LongitudeDegrees>
          </Position>
          <AltitudeMeters>2150.6</AltitudeMeters>
          <DistanceMeters>3684.5</DistanceMeters>
        </Trackpoint>
        <Trackpoint>
          <Time>2026-07-26T01:24:43Z</Time>
          <Position>
            <LatitudeDegrees>35.65827</LatitudeDegrees>
            <LongitudeDegrees>-105.94005</LongitudeDegrees>
          </Position>
          <AltitudeMeters>2151.1</AltitudeMeters>
          <DistanceMeters>3709.1</DistanceMeters>
        </Trackpoint>
        <Trackpoint>
          <Time>2026-07-26T01:24:53Z</Time>
          <Position>
            <LatitudeDegrees>35.65817</LatitudeDegrees>
            <LongitudeDegrees>-105.94006</LongitudeDegrees>
          </Position>
          <AltitudeMeters>2151.4</AltitudeMeters>
          <DistanceMeters>3720.3</DistanceMeters>
        </Trackpoint>
        <Trackpoint>
          <Time>2026-07-26T01:25:03Z</Time>
          <Position>
            <LatitudeDegrees>35.65791</LatitudeDegrees>
            <LongitudeDegrees>-105.94006</LongitudeDegrees>
          </Position>
          <AltitudeMeters>2151.3</AltitudeMeters>
          <DistanceMeters>3749.3</DistanceMeters>
        </Trackpoint>
        <Trackpoint>
          <Time>2026-07-26T01:25:13Z</Time>
          <Position>
            <LatitudeDegrees>35.65775</LatitudeDegrees>
            <LongitudeDegrees>-105.94006</LongitudeDegrees>
          </Position>
          <AltitudeMeters>2151.1</AltitudeMeters>
          <DistanceMeters>3767.1</DistanceMeters>
        </Trackpoint>
        <Trackpoint>
          <Time>2026-07-26T01:25:23Z</Time>
          <Position>
            <LatitudeDegrees>35.65747</LatitudeDegrees>
            <LongitudeDegrees>-105.94</LongitudeDegrees>
          </Position>
          <AltitudeMeters>2151.2</AltitudeMeters>
          <DistanceMeters>3798.7</DistanceMeters>
        </Trackpoint>
        <Trackpoint>
          <Time>2026-07-26T01:25:33Z</Time>
          <Position>
            <LatitudeDegrees>35.65723</LatitudeDegrees>
            <LongitudeDegrees>-105.9399</LongitudeDegrees>
          </Position>
          <AltitudeMeters>2150.2</AltitudeMeters>
          <DistanceMeters>3826.9</DistanceMeters>
        </Trackpoint>
        <Trackpoint>
          <Time>2026-07-26T01:25:43Z</Time>
          <Position>
            <LatitudeDegrees>35.6568</LatitudeDegrees>
            <LongitudeDegrees>-105.93965</LongitudeDegrees>
          </Position>
          <AltitudeMeters>2147.3</AltitudeMeters>
          <DistanceMeters>3879.9</DistanceMeters>
        </Trackpoint>
        <Trackpoint>
          <Time>2026-07-26T01:25:53Z</Time>
          <Position>
            <LatitudeDegrees>35.65626</LatitudeDegrees>
            <LongitudeDegrees>-105.93934</LongitudeDegrees>
          </Position>
          <AltitudeMeters>2143.4</AltitudeMeters>
          <DistanceMeters>3946.2</DistanceMeters>
        </Trackpoint>
        <Trackpoint>
          <Time>2026-07-26T01:26:03Z</Time>
          <Position>
            <LatitudeDegrees>35.65609</LatitudeDegrees>
            <LongitudeDegrees>-105.93924</LongitudeDegrees>
          </Position>
          <AltitudeMeters>2141.9</AltitudeMeters>
          <DistanceMeters>3967.2</DistanceMeters>
        </Trackpoint>
        <Trackpoint>
          <Time>2026-07-26T01:26:13Z</Time>
          <Position>
            <LatitudeDegrees>35.65593</LatitudeDegrees>
            <LongitudeDegrees>-105.93915</LongitudeDegrees>
          </Position>
          <AltitudeMeters>2140.9</AltitudeMeters>
          <DistanceMeters>3986.7</DistanceMeters>
        </Trackpoint>
        <Trackpoint>
          <Time>2026-07-26T01:26:23Z</Time>
          <Position>
            <LatitudeDegrees>35.65577</LatitudeDegrees>
            <LongitudeDegrees>-105.93906</LongitudeDegrees>
          </Position>
          <AltitudeMeters>2140.8</AltitudeMeters>
          <DistanceMeters>4006.3</DistanceMeters>
        </Trackpoint>
        <Trackpoint>
          <Time>2026-07-26T01:26:33Z</Time>
          <Position>
            <LatitudeDegrees>35.65574</LatitudeDegrees>
            <LongitudeDegrees>-105.93904</LongitudeDegrees>
          </Position>
          <AltitudeMeters>2140.8</AltitudeMeters>
          <DistanceMeters>4010.1</DistanceMeters>
        </Trackpoint>
        <Trackpoint>
          <Time>2026-07-26T01:26:43Z</Time>
          <Position>
            <LatitudeDegrees>35.6556</LatitudeDegrees>
            <LongitudeDegrees>-105.93896</LongitudeDegrees>
          </Position>
          <AltitudeMeters>2140.8</AltitudeMeters>
          <DistanceMeters>4027.3</DistanceMeters>
        </Trackpoint>
        <Trackpoint>
          <Time>2026-07-26T01:26:53Z</Time>
          <Position>
            <LatitudeDegrees>35.65551</LatitudeDegrees>
            <LongitudeDegrees>-105.93891</LongitudeDegrees>
          </Position>
          <AltitudeMeters>2140.8</AltitudeMeters>
          <DistanceMeters>4038.3</DistanceMeters>
        </Trackpoint>
        <Trackpoint>
          <Time>2026-07-26T01:27:03Z</Time>
          <Position>
            <LatitudeDegrees>35.6553</LatitudeDegrees>
            <LongitudeDegrees>-105.93883</LongitudeDegrees>
          </Position>
          <AltitudeMeters>2140.8</AltitudeMeters>
          <DistanceMeters>4062.8</DistanceMeters>
        </Trackpoint>
        <Trackpoint>
          <Time>2026-07-26T01:27:13Z</Time>
          <Position>
            <LatitudeDegrees>35.6551</LatitudeDegrees>
            <LongitudeDegrees>-105.93879</LongitudeDegrees>
          </Position>
          <AltitudeMeters>2140.8</AltitudeMeters>
          <DistanceMeters>4085.3</DistanceMeters>
        </Trackpoint>
        <Trackpoint>
          <Time>2026-07-26T01:27:23Z</Time>
          <Position>
            <LatitudeDegrees>35.65494</LatitudeDegrees>
            <LongitudeDegrees>-105.93878</LongitudeDegrees>
          </Position>
          <AltitudeMeters>2140.8</AltitudeMeters>
          <DistanceMeters>4103.2</DistanceMeters>
        </Trackpoint>
        <Trackpoint>
          <Time>2026-07-26T01:27:33Z</Time>
          <Position>
            <LatitudeDegrees>35.65463</LatitudeDegrees>
            <LongitudeDegrees>-105.93877</LongitudeDegrees>
          </Position>
          <AltitudeMeters>2140.8</AltitudeMeters>
          <DistanceMeters>4137.7</DistanceMeters>
        </Trackpoint>
        <Trackpoint>
          <Time>2026-07-26T01:27:43Z</Time>
          <Position>
            <LatitudeDegrees>35.65448</LatitudeDegrees>
            <LongitudeDegrees>-105.9388</LongitudeDegrees>
          </Position>
          <AltitudeMeters>2140.8</AltitudeMeters>
          <DistanceMeters>4154.6</DistanceMeters>
        </Trackpoint>
        <Trackpoint>
          <Time>2026-07-26T01:28:03Z</Time>
          <Position>
            <LatitudeDegrees>35.65443</LatitudeDegrees>
            <LongitudeDegrees>-105.93873</LongitudeDegrees>
          </Position>
          <AltitudeMeters>2140.8</AltitudeMeters>
          <DistanceMeters>4163.0</DistanceMeters>
        </Trackpoint>
        <Trackpoint>
          <Time>2026-07-26T01:28:13Z</Time>
          <Position>
            <LatitudeDegrees>35.65432</LatitudeDegrees>
            <LongitudeDegrees>-105.9386</LongitudeDegrees>
          </Position>
          <AltitudeMeters>2140.8</AltitudeMeters>
          <DistanceMeters>4180.0</DistanceMeters>
        </Trackpoint>
        <Trackpoint>
          <Time>2026-07-26T01:28:23Z</Time>
          <Position>
            <LatitudeDegrees>35.65422</LatitudeDegrees>
            <LongitudeDegrees>-105.93848</LongitudeDegrees>
          </Position>
          <AltitudeMeters>2140.8</AltitudeMeters>
          <DistanceMeters>4195.6</DistanceMeters>
        </Trackpoint>
        <Trackpoint>
          <Time>2026-07-26T01:28:33Z</Time>
          <Position>
            <LatitudeDegrees>35.6542</LatitudeDegrees>
            <LongitudeDegrees>-105.93846</LongitudeDegrees>
          </Position>
          <AltitudeMeters>2140.8</AltitudeMeters>
          <DistanceMeters>4198.4</DistanceMeters>
        </Trackpoint>
        <Trackpoint>
          <Time>2026-07-26T01:28:43Z</Time>
          <Position>
            <LatitudeDegrees>35.65405</LatitudeDegrees>
            <LongitudeDegrees>-105.9383</LongitudeDegrees>
          </Position>
          <AltitudeMeters>2140.8</AltitudeMeters>
          <DistanceMeters>4220.5</DistanceMeters>
        </Trackpoint>
        <Trackpoint>
          <Time>2026-07-26T01:28:53Z</Time>
          <Position>
            <LatitudeDegrees>35.65384</LatitudeDegrees>
            <LongitudeDegrees>-105.9381</LongitudeDegrees>
          </Position>
          <AltitudeMeters>2141.3</AltitudeMeters>
          <DistanceMeters>4250.1</DistanceMeters>
        </Trackpoint>
        <Trackpoint>
          <Time>2026-07-26T01:29:03Z</Time>
          <Position>
            <LatitudeDegrees>35.65369</LatitudeDegrees>
            <LongitudeDegrees>-105.93796</LongitudeDegrees>
          </Position>
          <AltitudeMeters>2141.6</AltitudeMeters>
          <DistanceMeters>4271.0</DistanceMeters>
        </Trackpoint>
        <Trackpoint>
          <Time>2026-07-26T01:29:13Z</Time>
          <Position>
            <LatitudeDegrees>35.65358</LatitudeDegrees>
            <LongitudeDegrees>-105.93786</LongitudeDegrees>
          </Position>
          <AltitudeMeters>2141.7</AltitudeMeters>
          <DistanceMeters>4286.3</DistanceMeters>
        </Trackpoint>
        <Trackpoint>
          <Time>2026-07-26T01:29:23Z</Time>
          <Position>
            <LatitudeDegrees>35.65343</LatitudeDegrees>
            <LongitudeDegrees>-105.93775</LongitudeDegrees>
          </Position>
          <AltitudeMeters>2141.7</AltitudeMeters>
          <DistanceMeters>4305.7</DistanceMeters>
        </Trackpoint>
        <Trackpoint>
          <Time>2026-07-26T01:29:33Z</Time>
          <Position>
            <LatitudeDegrees>35.65325</LatitudeDegrees>
            <LongitudeDegrees>-105.93762</LongitudeDegrees>
          </Position>
          <AltitudeMeters>2141.4</AltitudeMeters>
          <DistanceMeters>4328.9</DistanceMeters>
        </Trackpoint>
        <Trackpoint>
          <Time>2026-07-26T01:29:43Z</Time>
          <Position>
            <LatitudeDegrees>35.65311</LatitudeDegrees>
            <LongitudeDegrees>-105.93752</LongitudeDegrees>
          </Position>
          <AltitudeMeters>2141.1</AltitudeMeters>
          <DistanceMeters>4346.9</DistanceMeters>
        </Trackpoint>
        <Trackpoint>
          <Time>2026-07-26T01:29:53Z</Time>
          <Position>
            <LatitudeDegrees>35.65306</LatitudeDegrees>
            <LongitudeDegrees>-105.93749</LongitudeDegrees>
          </Position>
          <AltitudeMeters>2141.0</AltitudeMeters>
          <DistanceMeters>4353.1</DistanceMeters>
        </Trackpoint>
        <Trackpoint>
          <Time>2026-07-26T01:30:03Z</Time>
          <Position>
            <LatitudeDegrees>35.65297</LatitudeDegrees>
            <LongitudeDegrees>-105.93743</LongitudeDegrees>
          </Position>
          <AltitudeMeters>2140.6</AltitudeMeters>
          <DistanceMeters>4364.5</DistanceMeters>
        </Trackpoint>
        <Trackpoint>
          <Time>2026-07-26T01:30:13Z</Time>
          <Position>
            <LatitudeDegrees>35.65279</LatitudeDegrees>
            <LongitudeDegrees>-105.93732</LongitudeDegrees>
          </Position>
          <AltitudeMeters>2140.3</AltitudeMeters>
          <DistanceMeters>4386.9</DistanceMeters>
        </Trackpoint>
        <Trackpoint>
          <Time>2026-07-26T01:30:23Z</Time>
          <Position>
            <LatitudeDegrees>35.65263</LatitudeDegrees>
            <LongitudeDegrees>-105.93722</LongitudeDegrees>
          </Position>
          <AltitudeMeters>2140.0</AltitudeMeters>
          <DistanceMeters>4406.9</DistanceMeters>
        </Trackpoint>
        <Trackpoint>
          <Time>2026-07-26T01:30:33Z</Time>
          <Position>
            <LatitudeDegrees>35.65249</LatitudeDegrees>
            <LongitudeDegrees>-105.93713</LongitudeDegrees>
          </Position>
          <AltitudeMeters>2140.0</AltitudeMeters>
          <DistanceMeters>4424.5</DistanceMeters>
        </Trackpoint>
        <Trackpoint>
          <Time>2026-07-26T01:30:43Z</Time>
          <Position>
            <LatitudeDegrees>35.65164</LatitudeDegrees>
            <LongitudeDegrees>-105.9366</LongitudeDegrees>
          </Position>
          <AltitudeMeters>2140.2</AltitudeMeters>
          <DistanceMeters>4530.5</DistanceMeters>
        </Trackpoint>
        <Trackpoint>
          <Time>2026-07-26T01:30:53Z</Time>
          <Position>
            <LatitudeDegrees>35.65147</LatitudeDegrees>
            <LongitudeDegrees>-105.9365</LongitudeDegrees>
          </Position>
          <AltitudeMeters>2140.4</AltitudeMeters>
          <DistanceMeters>4551.5</DistanceMeters>
        </Trackpoint>
        <Trackpoint>
          <Time>2026-07-26T01:31:03Z</Time>
          <Position>
            <LatitudeDegrees>35.65131</LatitudeDegrees>
            <LongitudeDegrees>-105.9364</LongitudeDegrees>
          </Position>
          <AltitudeMeters>2140.4</AltitudeMeters>
          <DistanceMeters>4571.5</DistanceMeters>
        </Trackpoint>
        <Trackpoint>
          <Time>2026-07-26T01:31:13Z</Time>
          <Position>
            <LatitudeDegrees>35.65123</LatitudeDegrees>
            <LongitudeDegrees>-105.93635</LongitudeDegrees>
          </Position>
          <AltitudeMeters>2140.4</AltitudeMeters>
          <DistanceMeters>4581.5</DistanceMeters>
        </Trackpoint>
        <Trackpoint>
          <Time>2026-07-26T01:31:23Z</Time>
          <Position>
            <LatitudeDegrees>35.65024</LatitudeDegrees>
            <LongitudeDegrees>-105.93574</LongitudeDegrees>
          </Position>
          <AltitudeMeters>2140.4</AltitudeMeters>
          <DistanceMeters>4704.7</DistanceMeters>
        </Trackpoint>
        <Trackpoint>
          <Time>2026-07-26T01:31:33Z</Time>
          <Position>
            <LatitudeDegrees>35.65012</LatitudeDegrees>
            <LongitudeDegrees>-105.93566</LongitudeDegrees>
          </Position>
          <AltitudeMeters>2140.6</AltitudeMeters>
          <DistanceMeters>4719.9</DistanceMeters>
        </Trackpoint>
        <Trackpoint>
          <Time>2026-07-26T01:31:43Z</Time>
          <Position>
            <LatitudeDegrees>35.64955</LatitudeDegrees>
            <LongitudeDegrees>-105.93531</LongitudeDegrees>
          </Position>
          <AltitudeMeters>2141.5</AltitudeMeters>
          <DistanceMeters>4790.8</DistanceMeters>
        </Trackpoint>
        <Trackpoint>
          <Time>2026-07-26T01:31:53Z</Time>
          <Position>
            <LatitudeDegrees>35.64858</LatitudeDegrees>
            <LongitudeDegrees>-105.9347</LongitudeDegrees>
          </Position>
          <AltitudeMeters>2142.0</AltitudeMeters>
          <DistanceMeters>4912.1</DistanceMeters>
        </Trackpoint>
        <Trackpoint>
          <Time>2026-07-26T01:32:03Z</Time>
          <Position>
            <LatitudeDegrees>35.648</LatitudeDegrees>
            <LongitudeDegrees>-105.93434</LongitudeDegrees>
          </Position>
          <AltitudeMeters>2145.4</AltitudeMeters>
          <DistanceMeters>4984.4</DistanceMeters>
        </Trackpoint>
        <Trackpoint>
          <Time>2026-07-26T01:32:13Z</Time>
          <Position>
            <LatitudeDegrees>35.64775</LatitudeDegrees>
            <LongitudeDegrees>-105.93419</LongitudeDegrees>
          </Position>
          <AltitudeMeters>2146.7</AltitudeMeters>
          <DistanceMeters>5015.4</DistanceMeters>
        </Trackpoint>
        <Trackpoint>
          <Time>2026-07-26T01:32:23Z</Time>
          <Position>
            <LatitudeDegrees>35.64772</LatitudeDegrees>
            <LongitudeDegrees>-105.93418</LongitudeDegrees>
          </Position>
          <AltitudeMeters>2146.8</AltitudeMeters>
          <DistanceMeters>5018.8</DistanceMeters>
        </Trackpoint>
        <Trackpoint>
          <Time>2026-07-26T01:32:33Z</Time>
          <Position>
            <LatitudeDegrees>35.64709</LatitudeDegrees>
            <LongitudeDegrees>-105.93379</LongitudeDegrees>
          </Position>
          <AltitudeMeters>2147.8</AltitudeMeters>
          <DistanceMeters>5097.3</DistanceMeters>
        </Trackpoint>
        <Trackpoint>
          <Time>2026-07-26T01:32:43Z</Time>
          <Position>
            <LatitudeDegrees>35.64682</LatitudeDegrees>
            <LongitudeDegrees>-105.93362</LongitudeDegrees>
          </Position>
          <AltitudeMeters>2147.7</AltitudeMeters>
          <DistanceMeters>5131.1</DistanceMeters>
        </Trackpoint>
        <Trackpoint>
          <Time>2026-07-26T01:32:53Z</Time>
          <Position>
            <LatitudeDegrees>35.64572</LatitudeDegrees>
            <LongitudeDegrees>-105.93294</LongitudeDegrees>
          </Position>
          <AltitudeMeters>2146.6</AltitudeMeters>
          <DistanceMeters>5268.1</DistanceMeters>
        </Trackpoint>
        <Trackpoint>
          <Time>2026-07-26T01:33:03Z</Time>
          <Position>
            <LatitudeDegrees>35.64531</LatitudeDegrees>
            <LongitudeDegrees>-105.93268</LongitudeDegrees>
          </Position>
          <AltitudeMeters>2146.5</AltitudeMeters>
          <DistanceMeters>5319.5</DistanceMeters>
        </Trackpoint>
        <Trackpoint>
          <Time>2026-07-26T01:33:13Z</Time>
          <Position>
            <LatitudeDegrees>35.64523</LatitudeDegrees>
            <LongitudeDegrees>-105.93263</LongitudeDegrees>
          </Position>
          <AltitudeMeters>2146.4</AltitudeMeters>
          <DistanceMeters>5329.5</DistanceMeters>
        </Trackpoint>
        <Trackpoint>
          <Time>2026-07-26T01:33:23Z</Time>
          <Position>
            <LatitudeDegrees>35.6445</LatitudeDegrees>
            <LongitudeDegrees>-105.93217</LongitudeDegrees>
          </Position>
          <AltitudeMeters>2148.0</AltitudeMeters>
          <DistanceMeters>5420.8</DistanceMeters>
        </Trackpoint>
        <Trackpoint>
          <Time>2026-07-26T01:33:33Z</Time>
          <Position>
            <LatitudeDegrees>35.64434</LatitudeDegrees>
            <LongitudeDegrees>-105.93207</LongitudeDegrees>
          </Position>
          <AltitudeMeters>2147.9</AltitudeMeters>
          <DistanceMeters>5440.7</DistanceMeters>
        </Trackpoint>
        <Trackpoint>
          <Time>2026-07-26T01:33:43Z</Time>
          <Position>
            <LatitudeDegrees>35.64412</LatitudeDegrees>
            <LongitudeDegrees>-105.93194</LongitudeDegrees>
          </Position>
          <AltitudeMeters>2147.2</AltitudeMeters>
          <DistanceMeters>5467.9</DistanceMeters>
        </Trackpoint>
        <Trackpoint>
          <Time>2026-07-26T01:33:53Z</Time>
          <Position>
            <LatitudeDegrees>35.64412</LatitudeDegrees>
            <LongitudeDegrees>-105.93193</LongitudeDegrees>
          </Position>
          <AltitudeMeters>2147.2</AltitudeMeters>
          <DistanceMeters>5468.8</DistanceMeters>
        </Trackpoint>
        <Trackpoint>
          <Time>2026-07-26T01:34:03Z</Time>
          <Position>
            <LatitudeDegrees>35.64364</LatitudeDegrees>
            <LongitudeDegrees>-105.93163</LongitudeDegrees>
          </Position>
          <AltitudeMeters>2147.0</AltitudeMeters>
          <DistanceMeters>5528.7</DistanceMeters>
        </Trackpoint>
        <Trackpoint>
          <Time>2026-07-26T01:34:13Z</Time>
          <Position>
            <LatitudeDegrees>35.64337</LatitudeDegrees>
            <LongitudeDegrees>-105.93147</LongitudeDegrees>
          </Position>
          <AltitudeMeters>2147.9</AltitudeMeters>
          <DistanceMeters>5562.1</DistanceMeters>
        </Trackpoint>
        <Trackpoint>
          <Time>2026-07-26T01:34:23Z</Time>
          <Position>
            <LatitudeDegrees>35.64321</LatitudeDegrees>
            <LongitudeDegrees>-105.93137</LongitudeDegrees>
          </Position>
          <AltitudeMeters>2148.5</AltitudeMeters>
          <DistanceMeters>5582.1</DistanceMeters>
        </Trackpoint>
        <Trackpoint>
          <Time>2026-07-26T01:34:33Z</Time>
          <Position>
            <LatitudeDegrees>35.6431</LatitudeDegrees>
            <LongitudeDegrees>-105.9313</LongitudeDegrees>
          </Position>
          <AltitudeMeters>2148.9</AltitudeMeters>
          <DistanceMeters>5595.9</DistanceMeters>
        </Trackpoint>
        <Trackpoint>
          <Time>2026-07-26T01:34:43Z</Time>
          <Position>
            <LatitudeDegrees>35.64297</LatitudeDegrees>
            <LongitudeDegrees>-105.93123</LongitudeDegrees>
          </Position>
          <AltitudeMeters>2149.8</AltitudeMeters>
          <DistanceMeters>5611.7</DistanceMeters>
        </Trackpoint>
        <Trackpoint>
          <Time>2026-07-26T01:34:53Z</Time>
          <Position>
            <LatitudeDegrees>35.64255</LatitudeDegrees>
            <LongitudeDegrees>-105.93098</LongitudeDegrees>
          </Position>
          <AltitudeMeters>2153.4</AltitudeMeters>
          <DistanceMeters>5663.6</DistanceMeters>
        </Trackpoint>
        <Trackpoint>
          <Time>2026-07-26T01:35:03Z</Time>
          <Position>
            <LatitudeDegrees>35.64249</LatitudeDegrees>
            <LongitudeDegrees>-105.93094</LongitudeDegrees>
          </Position>
          <AltitudeMeters>2153.7</AltitudeMeters>
          <DistanceMeters>5671.2</DistanceMeters>
        </Trackpoint>
        <Trackpoint>
          <Time>2026-07-26T01:35:13Z</Time>
          <Position>
            <LatitudeDegrees>35.6424</LatitudeDegrees>
            <LongitudeDegrees>-105.93089</LongitudeDegrees>
          </Position>
          <AltitudeMeters>2153.9</AltitudeMeters>
          <DistanceMeters>5682.2</DistanceMeters>
        </Trackpoint>
        <Trackpoint>
          <Time>2026-07-26T01:35:23Z</Time>
          <Position>
            <LatitudeDegrees>35.64233</LatitudeDegrees>
            <LongitudeDegrees>-105.93084</LongitudeDegrees>
          </Position>
          <AltitudeMeters>2154.0</AltitudeMeters>
          <DistanceMeters>5691.2</DistanceMeters>
        </Trackpoint>
        <Trackpoint>
          <Time>2026-07-26T01:35:33Z</Time>
          <Position>
            <LatitudeDegrees>35.64201</LatitudeDegrees>
            <LongitudeDegrees>-105.93064</LongitudeDegrees>
          </Position>
          <AltitudeMeters>2155.0</AltitudeMeters>
          <DistanceMeters>5731.1</DistanceMeters>
        </Trackpoint>
        <Trackpoint>
          <Time>2026-07-26T01:35:43Z</Time>
          <Position>
            <LatitudeDegrees>35.64176</LatitudeDegrees>
            <LongitudeDegrees>-105.93048</LongitudeDegrees>
          </Position>
          <AltitudeMeters>2156.1</AltitudeMeters>
          <DistanceMeters>5762.5</DistanceMeters>
        </Trackpoint>
        <Trackpoint>
          <Time>2026-07-26T01:35:53Z</Time>
          <Position>
            <LatitudeDegrees>35.64142</LatitudeDegrees>
            <LongitudeDegrees>-105.93027</LongitudeDegrees>
          </Position>
          <AltitudeMeters>2157.3</AltitudeMeters>
          <DistanceMeters>5804.9</DistanceMeters>
        </Trackpoint>
        <Trackpoint>
          <Time>2026-07-26T01:36:03Z</Time>
          <Position>
            <LatitudeDegrees>35.6411</LatitudeDegrees>
            <LongitudeDegrees>-105.93007</LongitudeDegrees>
          </Position>
          <AltitudeMeters>2158.7</AltitudeMeters>
          <DistanceMeters>5844.8</DistanceMeters>
        </Trackpoint>
        <Trackpoint>
          <Time>2026-07-26T01:36:13Z</Time>
          <Position>
            <LatitudeDegrees>35.64094</LatitudeDegrees>
            <LongitudeDegrees>-105.92997</LongitudeDegrees>
          </Position>
          <AltitudeMeters>2159.5</AltitudeMeters>
          <DistanceMeters>5864.8</DistanceMeters>
        </Trackpoint>
        <Trackpoint>
          <Time>2026-07-26T01:36:23Z</Time>
          <Position>
            <LatitudeDegrees>35.64047</LatitudeDegrees>
            <LongitudeDegrees>-105.92969</LongitudeDegrees>
          </Position>
          <AltitudeMeters>2163.1</AltitudeMeters>
          <DistanceMeters>5922.9</DistanceMeters>
        </Trackpoint>
        <Trackpoint>
          <Time>2026-07-26T01:36:33Z</Time>
          <Position>
            <LatitudeDegrees>35.64029</LatitudeDegrees>
            <LongitudeDegrees>-105.9296</LongitudeDegrees>
          </Position>
          <AltitudeMeters>2164.7</AltitudeMeters>
          <DistanceMeters>5944.5</DistanceMeters>
        </Trackpoint>
        <Trackpoint>
          <Time>2026-07-26T01:36:43Z</Time>
          <Position>
            <LatitudeDegrees>35.6402</LatitudeDegrees>
            <LongitudeDegrees>-105.92955</LongitudeDegrees>
          </Position>
          <AltitudeMeters>2165.3</AltitudeMeters>
          <DistanceMeters>5955.5</DistanceMeters>
        </Trackpoint>
        <Trackpoint>
          <Time>2026-07-26T01:36:53Z</Time>
          <Position>
            <LatitudeDegrees>35.64005</LatitudeDegrees>
            <LongitudeDegrees>-105.92949</LongitudeDegrees>
          </Position>
          <AltitudeMeters>2165.3</AltitudeMeters>
          <DistanceMeters>5973.1</DistanceMeters>
        </Trackpoint>
        <Trackpoint>
          <Time>2026-07-26T01:37:03Z</Time>
          <Position>
            <LatitudeDegrees>35.63991</LatitudeDegrees>
            <LongitudeDegrees>-105.92945</LongitudeDegrees>
          </Position>
          <AltitudeMeters>2165.3</AltitudeMeters>
          <DistanceMeters>5989.1</DistanceMeters>
        </Trackpoint>
        <Trackpoint>
          <Time>2026-07-26T01:37:13Z</Time>
          <Position>
            <LatitudeDegrees>35.63983</LatitudeDegrees>
            <LongitudeDegrees>-105.92943</LongitudeDegrees>
          </Position>
          <AltitudeMeters>2165.1</AltitudeMeters>
          <DistanceMeters>5998.2</DistanceMeters>
        </Trackpoint>
        <Trackpoint>
          <Time>2026-07-26T01:37:23Z</Time>
          <Position>
            <LatitudeDegrees>35.6398</LatitudeDegrees>
            <LongitudeDegrees>-105.92942</LongitudeDegrees>
          </Position>
          <AltitudeMeters>2165.1</AltitudeMeters>
          <DistanceMeters>6001.6</DistanceMeters>
        </Trackpoint>
        <Trackpoint>
          <Time>2026-07-26T01:37:33Z</Time>
          <Position>
            <LatitudeDegrees>35.63977</LatitudeDegrees>
            <LongitudeDegrees>-105.92942</LongitudeDegrees>
          </Position>
          <AltitudeMeters>2165.1</AltitudeMeters>
          <DistanceMeters>6005.0</DistanceMeters>
        </Trackpoint>
        <Trackpoint>
          <Time>2026-07-26T01:37:43Z</Time>
          <Position>
            <LatitudeDegrees>35.6396</LatitudeDegrees>
            <LongitudeDegrees>-105.9294</LongitudeDegrees>
          </Position>
          <AltitudeMeters>2165.2</AltitudeMeters>
          <DistanceMeters>6024.0</DistanceMeters>
        </Trackpoint>
        <Trackpoint>
          <Time>2026-07-26T01:37:53Z</Time>
          <Position>
            <LatitudeDegrees>35.6394</LatitudeDegrees>
            <LongitudeDegrees>-105.92939</LongitudeDegrees>
          </Position>
          <AltitudeMeters>2164.5</AltitudeMeters>
          <DistanceMeters>6046.3</DistanceMeters>
        </Trackpoint>
        <Trackpoint>
          <Time>2026-07-26T01:38:03Z</Time>
          <Position>
            <LatitudeDegrees>35.63925</LatitudeDegrees>
            <LongitudeDegrees>-105.92939</LongitudeDegrees>
          </Position>
          <AltitudeMeters>2163.1</AltitudeMeters>
          <DistanceMeters>6063.0</DistanceMeters>
        </Trackpoint>
        <Trackpoint>
          <Time>2026-07-26T01:38:13Z</Time>
          <Position>
            <LatitudeDegrees>35.63904</LatitudeDegrees>
            <LongitudeDegrees>-105.92942</LongitudeDegrees>
          </Position>
          <AltitudeMeters>2161.0</AltitudeMeters>
          <DistanceMeters>6086.5</DistanceMeters>
        </Trackpoint>
        <Trackpoint>
          <Time>2026-07-26T01:38:23Z</Time>
          <Position>
            <LatitudeDegrees>35.63892</LatitudeDegrees>
            <LongitudeDegrees>-105.92945</LongitudeDegrees>
          </Position>
          <AltitudeMeters>2160.5</AltitudeMeters>
          <DistanceMeters>6100.1</DistanceMeters>
        </Trackpoint>
        <Trackpoint>
          <Time>2026-07-26T01:38:33Z</Time>
          <Position>
            <LatitudeDegrees>35.63831</LatitudeDegrees>
            <LongitudeDegrees>-105.92971</LongitudeDegrees>
          </Position>
          <AltitudeMeters>2157.2</AltitudeMeters>
          <DistanceMeters>6172.0</DistanceMeters>
        </Trackpoint>
        <Trackpoint>
          <Time>2026-07-26T01:38:43Z</Time>
          <Position>
            <LatitudeDegrees>35.63817</LatitudeDegrees>
            <LongitudeDegrees>-105.92977</LongitudeDegrees>
          </Position>
          <AltitudeMeters>2157.6</AltitudeMeters>
          <DistanceMeters>6188.5</DistanceMeters>
        </Trackpoint>
        <Trackpoint>
          <Time>2026-07-26T01:38:53Z</Time>
          <Position>
            <LatitudeDegrees>35.63801</LatitudeDegrees>
            <LongitudeDegrees>-105.92985</LongitudeDegrees>
          </Position>
          <AltitudeMeters>2159.0</AltitudeMeters>
          <DistanceMeters>6207.7</DistanceMeters>
        </Trackpoint>
        <Trackpoint>
          <Time>2026-07-26T01:39:03Z</Time>
          <Position>
            <LatitudeDegrees>35.6373</LatitudeDegrees>
            <LongitudeDegrees>-105.93013</LongitudeDegrees>
          </Position>
          <AltitudeMeters>2156.7</AltitudeMeters>
          <DistanceMeters>6290.7</DistanceMeters>
        </Trackpoint>
        <Trackpoint>
          <Time>2026-07-26T01:39:13Z</Time>
          <Position>
            <LatitudeDegrees>35.63707</LatitudeDegrees>
            <LongitudeDegrees>-105.93023</LongitudeDegrees>
          </Position>
          <AltitudeMeters>2158.1</AltitudeMeters>
          <DistanceMeters>6317.9</DistanceMeters>
        </Trackpoint>
        <Trackpoint>
          <Time>2026-07-26T01:39:23Z</Time>
          <Position>
            <LatitudeDegrees>35.63689</LatitudeDegrees>
            <LongitudeDegrees>-105.93031</LongitudeDegrees>
          </Position>
          <AltitudeMeters>2157.9</AltitudeMeters>
          <DistanceMeters>6339.2</DistanceMeters>
        </Trackpoint>
        <Trackpoint>
          <Time>2026-07-26T01:39:33Z</Time>
          <Position>
            <LatitudeDegrees>35.63683</LatitudeDegrees>
            <LongitudeDegrees>-105.93034</LongitudeDegrees>
          </Position>
          <AltitudeMeters>2157.9</AltitudeMeters>
          <DistanceMeters>6346.4</DistanceMeters>
        </Trackpoint>
        <Trackpoint>
          <Time>2026-07-26T01:39:43Z</Time>
          <Position>
            <LatitudeDegrees>35.63676</LatitudeDegrees>
            <LongitudeDegrees>-105.93037</LongitudeDegrees>
          </Position>
          <AltitudeMeters>2157.8</AltitudeMeters>
          <DistanceMeters>6354.6</DistanceMeters>
        </Trackpoint>
        <Trackpoint>
          <Time>2026-07-26T01:39:53Z</Time>
          <Position>
            <LatitudeDegrees>35.63669</LatitudeDegrees>
            <LongitudeDegrees>-105.9304</LongitudeDegrees>
          </Position>
          <AltitudeMeters>2157.8</AltitudeMeters>
          <DistanceMeters>6362.9</DistanceMeters>
        </Trackpoint>
        <Trackpoint>
          <Time>2026-07-26T01:40:03Z</Time>
          <Position>
            <LatitudeDegrees>35.63649</LatitudeDegrees>
            <LongitudeDegrees>-105.93049</LongitudeDegrees>
          </Position>
          <AltitudeMeters>2157.6</AltitudeMeters>
          <DistanceMeters>6386.6</DistanceMeters>
        </Trackpoint>
        <Trackpoint>
          <Time>2026-07-26T01:40:13Z</Time>
          <Position>
            <LatitudeDegrees>35.63634</LatitudeDegrees>
            <LongitudeDegrees>-105.93055</LongitudeDegrees>
          </Position>
          <AltitudeMeters>2157.5</AltitudeMeters>
          <DistanceMeters>6404.2</DistanceMeters>
        </Trackpoint>
        <Trackpoint>
          <Time>2026-07-26T01:40:23Z</Time>
          <Position>
            <LatitudeDegrees>35.63613</LatitudeDegrees>
            <LongitudeDegrees>-105.93064</LongitudeDegrees>
          </Position>
          <AltitudeMeters>2157.3</AltitudeMeters>
          <DistanceMeters>6428.9</DistanceMeters>
        </Trackpoint>
        <Trackpoint>
          <Time>2026-07-26T01:40:33Z</Time>
          <Position>
            <LatitudeDegrees>35.63598</LatitudeDegrees>
            <LongitudeDegrees>-105.9307</LongitudeDegrees>
          </Position>
          <AltitudeMeters>2157.2</AltitudeMeters>
          <DistanceMeters>6446.5</DistanceMeters>
        </Trackpoint>
        <Trackpoint>
          <Time>2026-07-26T01:40:43Z</Time>
          <Position>
            <LatitudeDegrees>35.63577</LatitudeDegrees>
            <LongitudeDegrees>-105.93078</LongitudeDegrees>
          </Position>
          <AltitudeMeters>2157.1</AltitudeMeters>
          <DistanceMeters>6470.9</DistanceMeters>
        </Trackpoint>
        <Trackpoint>
          <Time>2026-07-26T01:40:53Z</Time>
          <Position>
            <LatitudeDegrees>35.63561</LatitudeDegrees>
            <LongitudeDegrees>-105.93085</LongitudeDegrees>
          </Position>
          <AltitudeMeters>2156.9</AltitudeMeters>
          <DistanceMeters>6489.8</DistanceMeters>
        </Trackpoint>
        <Trackpoint>
          <Time>2026-07-26T01:41:03Z</Time>
          <Position>
            <LatitudeDegrees>35.63548</LatitudeDegrees>
            <LongitudeDegrees>-105.93091</LongitudeDegrees>
          </Position>
          <AltitudeMeters>2156.9</AltitudeMeters>
          <DistanceMeters>6505.3</DistanceMeters>
        </Trackpoint>
        <Trackpoint>
          <Time>2026-07-26T01:41:13Z</Time>
          <Position>
            <LatitudeDegrees>35.63539</LatitudeDegrees>
            <LongitudeDegrees>-105.93095</LongitudeDegrees>
          </Position>
          <AltitudeMeters>2156.2</AltitudeMeters>
          <DistanceMeters>6516.0</DistanceMeters>
        </Trackpoint>
        <Trackpoint>
          <Time>2026-07-26T01:41:23Z</Time>
          <Position>
            <LatitudeDegrees>35.63528</LatitudeDegrees>
            <LongitudeDegrees>-105.93101</LongitudeDegrees>
          </Position>
          <AltitudeMeters>2155.4</AltitudeMeters>
          <DistanceMeters>6529.4</DistanceMeters>
        </Trackpoint>
        <Trackpoint>
          <Time>2026-07-26T01:41:33Z</Time>
          <Position>
            <LatitudeDegrees>35.63518</LatitudeDegrees>
            <LongitudeDegrees>-105.93105</LongitudeDegrees>
          </Position>
          <AltitudeMeters>2154.6</AltitudeMeters>
          <DistanceMeters>6541.1</DistanceMeters>
        </Trackpoint>
        <Trackpoint>
          <Time>2026-07-26T01:41:43Z</Time>
          <Position>
            <LatitudeDegrees>35.63507</LatitudeDegrees>
            <LongitudeDegrees>-105.93111</LongitudeDegrees>
          </Position>
          <AltitudeMeters>2153.9</AltitudeMeters>
          <DistanceMeters>6554.5</DistanceMeters>
        </Trackpoint>
        <Trackpoint>
          <Time>2026-07-26T01:41:53Z</Time>
          <Position>
            <LatitudeDegrees>35.63493</LatitudeDegrees>
            <LongitudeDegrees>-105.93118</LongitudeDegrees>
          </Position>
          <AltitudeMeters>2153.8</AltitudeMeters>
          <DistanceMeters>6571.3</DistanceMeters>
        </Trackpoint>
        <Trackpoint>
          <Time>2026-07-26T01:42:03Z</Time>
          <Position>
            <LatitudeDegrees>35.63476</LatitudeDegrees>
            <LongitudeDegrees>-105.93125</LongitudeDegrees>
          </Position>
          <AltitudeMeters>2154.1</AltitudeMeters>
          <DistanceMeters>6591.2</DistanceMeters>
        </Trackpoint>
        <Trackpoint>
          <Time>2026-07-26T01:42:13Z</Time>
          <Position>
            <LatitudeDegrees>35.63463</LatitudeDegrees>
            <LongitudeDegrees>-105.93129</LongitudeDegrees>
          </Position>
          <AltitudeMeters>2154.5</AltitudeMeters>
          <DistanceMeters>6606.1</DistanceMeters>
        </Trackpoint>
        <Trackpoint>
          <Time>2026-07-26T01:42:23Z</Time>
          <Position>
            <LatitudeDegrees>35.63428</LatitudeDegrees>
            <LongitudeDegrees>-105.93143</LongitudeDegrees>
          </Position>
          <AltitudeMeters>2155.6</AltitudeMeters>
          <DistanceMeters>6647.1</DistanceMeters>
        </Trackpoint>
        <Trackpoint>
          <Time>2026-07-26T01:42:33Z</Time>
          <Position>
            <LatitudeDegrees>35.63344</LatitudeDegrees>
            <LongitudeDegrees>-105.93179</LongitudeDegrees>
          </Position>
          <AltitudeMeters>2156.6</AltitudeMeters>
          <DistanceMeters>6746.1</DistanceMeters>
        </Trackpoint>
        <Trackpoint>
          <Time>2026-07-26T01:42:43Z</Time>
          <Position>
            <LatitudeDegrees>35.63314</LatitudeDegrees>
            <LongitudeDegrees>-105.93192</LongitudeDegrees>
          </Position>
          <AltitudeMeters>2156.1</AltitudeMeters>
          <DistanceMeters>6781.5</DistanceMeters>
        </Trackpoint>
        <Trackpoint>
          <Time>2026-07-26T01:42:53Z</Time>
          <Position>
            <LatitudeDegrees>35.63297</LatitudeDegrees>
            <LongitudeDegrees>-105.932</LongitudeDegrees>
          </Position>
          <AltitudeMeters>2155.4</AltitudeMeters>
          <DistanceMeters>6801.8</DistanceMeters>
        </Trackpoint>
        <Trackpoint>
          <Time>2026-07-26T01:43:13Z</Time>
          <Position>
            <LatitudeDegrees>35.63302</LatitudeDegrees>
            <LongitudeDegrees>-105.93218</LongitudeDegrees>
          </Position>
          <AltitudeMeters>2154.9</AltitudeMeters>
          <DistanceMeters>6819.0</DistanceMeters>
        </Trackpoint>
        <Trackpoint>
          <Time>2026-07-26T01:43:23Z</Time>
          <Position>
            <LatitudeDegrees>35.6331</LatitudeDegrees>
            <LongitudeDegrees>-105.93243</LongitudeDegrees>
          </Position>
          <AltitudeMeters>2154.2</AltitudeMeters>
          <DistanceMeters>6843.3</DistanceMeters>
        </Trackpoint>
        <Trackpoint>
          <Time>2026-07-26T01:43:33Z</Time>
          <Position>
            <LatitudeDegrees>35.63312</LatitudeDegrees>
            <LongitudeDegrees>-105.93246</LongitudeDegrees>
          </Position>
          <AltitudeMeters>2154.1</AltitudeMeters>
          <DistanceMeters>6846.8</DistanceMeters>
        </Trackpoint>
        <Trackpoint>
          <Time>2026-07-26T01:43:43Z</Time>
          <Position>
            <LatitudeDegrees>35.63318</LatitudeDegrees>
            <LongitudeDegrees>-105.93262</LongitudeDegrees>
          </Position>
          <AltitudeMeters>2153.6</AltitudeMeters>
          <DistanceMeters>6862.8</DistanceMeters>
        </Trackpoint>
        <Trackpoint>
          <Time>2026-07-26T01:43:53Z</Time>
          <Position>
            <LatitudeDegrees>35.63342</LatitudeDegrees>
            <LongitudeDegrees>-105.93315</LongitudeDegrees>
          </Position>
          <AltitudeMeters>2151.1</AltitudeMeters>
          <DistanceMeters>6917.7</DistanceMeters>
        </Trackpoint>
        <Trackpoint>
          <Time>2026-07-26T01:44:03Z</Time>
          <Position>
            <LatitudeDegrees>35.63364</LatitudeDegrees>
            <LongitudeDegrees>-105.93349</LongitudeDegrees>
          </Position>
          <AltitudeMeters>2149.3</AltitudeMeters>
          <DistanceMeters>6957.0</DistanceMeters>
        </Trackpoint>
        <Trackpoint>
          <Time>2026-07-26T01:44:13Z</Time>
          <Position>
            <LatitudeDegrees>35.6337</LatitudeDegrees>
            <LongitudeDegrees>-105.93357</LongitudeDegrees>
          </Position>
          <AltitudeMeters>2148.9</AltitudeMeters>
          <DistanceMeters>6966.8</DistanceMeters>
        </Trackpoint>
        <Trackpoint>
          <Time>2026-07-26T01:44:23Z</Time>
          <Position>
            <LatitudeDegrees>35.63376</LatitudeDegrees>
            <LongitudeDegrees>-105.93364</LongitudeDegrees>
          </Position>
          <AltitudeMeters>2148.5</AltitudeMeters>
          <DistanceMeters>6976.0</DistanceMeters>
        </Trackpoint>
        <Trackpoint>
          <Time>2026-07-26T01:44:33Z</Time>
          <Position>
            <LatitudeDegrees>35.63384</LatitudeDegrees>
            <LongitudeDegrees>-105.93372</LongitudeDegrees>
          </Position>
          <AltitudeMeters>2148.1</AltitudeMeters>
          <DistanceMeters>6987.5</DistanceMeters>
        </Trackpoint>
        <Trackpoint>
          <Time>2026-07-26T01:44:43Z</Time>
          <Position>
            <LatitudeDegrees>35.63401</LatitudeDegrees>
            <LongitudeDegrees>-105.9339</LongitudeDegrees>
          </Position>
          <AltitudeMeters>2147.4</AltitudeMeters>
          <DistanceMeters>7012.5</DistanceMeters>
        </Trackpoint>
        <Trackpoint>
          <Time>2026-07-26T01:44:53Z</Time>
          <Position>
            <LatitudeDegrees>35.63411</LatitudeDegrees>
            <LongitudeDegrees>-105.93399</LongitudeDegrees>
          </Position>
          <AltitudeMeters>2147.1</AltitudeMeters>
          <DistanceMeters>7026.3</DistanceMeters>
        </Trackpoint>
        <Trackpoint>
          <Time>2026-07-26T01:45:03Z</Time>
          <Position>
            <LatitudeDegrees>35.63427</LatitudeDegrees>
            <LongitudeDegrees>-105.93411</LongitudeDegrees>
          </Position>
          <AltitudeMeters>2146.7</AltitudeMeters>
          <DistanceMeters>7047.1</DistanceMeters>
        </Trackpoint>
        <Trackpoint>
          <Time>2026-07-26T01:45:13Z</Time>
          <Position>
            <LatitudeDegrees>35.63435</LatitudeDegrees>
            <LongitudeDegrees>-105.93416</LongitudeDegrees>
          </Position>
          <AltitudeMeters>2146.6</AltitudeMeters>
          <DistanceMeters>7057.1</DistanceMeters>
        </Trackpoint>
        <Trackpoint>
          <Time>2026-07-26T01:45:23Z</Time>
          <Position>
            <LatitudeDegrees>35.63443</LatitudeDegrees>
            <LongitudeDegrees>-105.93421</LongitudeDegrees>
          </Position>
          <AltitudeMeters>2146.2</AltitudeMeters>
          <DistanceMeters>7067.1</DistanceMeters>
        </Trackpoint>
        <Trackpoint>
          <Time>2026-07-26T01:45:33Z</Time>
          <Position>
            <LatitudeDegrees>35.63453</LatitudeDegrees>
            <LongitudeDegrees>-105.93427</LongitudeDegrees>
          </Position>
          <AltitudeMeters>2146.0</AltitudeMeters>
          <DistanceMeters>7079.5</DistanceMeters>
        </Trackpoint>
        <Trackpoint>
          <Time>2026-07-26T01:45:43Z</Time>
          <Position>
            <LatitudeDegrees>35.63494</LatitudeDegrees>
            <LongitudeDegrees>-105.93454</LongitudeDegrees>
          </Position>
          <AltitudeMeters>2143.5</AltitudeMeters>
          <DistanceMeters>7131.3</DistanceMeters>
        </Trackpoint>
        <Trackpoint>
          <Time>2026-07-26T01:45:53Z</Time>
          <Position>
            <LatitudeDegrees>35.63538</LatitudeDegrees>
            <LongitudeDegrees>-105.93483</LongitudeDegrees>
          </Position>
          <AltitudeMeters>2142.1</AltitudeMeters>
          <DistanceMeters>7186.8</DistanceMeters>
        </Trackpoint>
        <Trackpoint>
          <Time>2026-07-26T01:46:03Z</Time>
          <Position>
            <LatitudeDegrees>35.63539</LatitudeDegrees>
            <LongitudeDegrees>-105.93484</LongitudeDegrees>
          </Position>
          <AltitudeMeters>2142.0</AltitudeMeters>
          <DistanceMeters>7188.3</DistanceMeters>
        </Trackpoint>
        <Trackpoint>
          <Time>2026-07-26T01:46:13Z</Time>
          <Position>
            <LatitudeDegrees>35.63577</LatitudeDegrees>
            <LongitudeDegrees>-105.93508</LongitudeDegrees>
          </Position>
          <AltitudeMeters>2140.7</AltitudeMeters>
          <DistanceMeters>7235.8</DistanceMeters>
        </Trackpoint>
        <Trackpoint>
          <Time>2026-07-26T01:46:23Z</Time>
          <Position>
            <LatitudeDegrees>35.63586</LatitudeDegrees>
            <LongitudeDegrees>-105.93514</LongitudeDegrees>
          </Position>
          <AltitudeMeters>2140.2</AltitudeMeters>
          <DistanceMeters>7247.2</DistanceMeters>
        </Trackpoint>
        <Trackpoint>
          <Time>2026-07-26T01:46:33Z</Time>
          <Position>
            <LatitudeDegrees>35.63606</LatitudeDegrees>
            <LongitudeDegrees>-105.93526</LongitudeDegrees>
          </Position>
          <AltitudeMeters>2139.5</AltitudeMeters>
          <DistanceMeters>7272.0</DistanceMeters>
        </Trackpoint>
        <Trackpoint>
          <Time>2026-07-26T01:46:43Z</Time>
          <Position>
            <LatitudeDegrees>35.63638</LatitudeDegrees>
            <LongitudeDegrees>-105.93546</LongitudeDegrees>
          </Position>
          <AltitudeMeters>2141.0</AltitudeMeters>
          <DistanceMeters>7311.9</DistanceMeters>
        </Trackpoint>
        <Trackpoint>
          <Time>2026-07-26T01:46:53Z</Time>
          <Position>
            <LatitudeDegrees>35.63649</LatitudeDegrees>
            <LongitudeDegrees>-105.93557</LongitudeDegrees>
          </Position>
          <AltitudeMeters>2141.3</AltitudeMeters>
          <DistanceMeters>7327.7</DistanceMeters>
        </Trackpoint>
        <Trackpoint>
          <Time>2026-07-26T01:47:03Z</Time>
          <Position>
            <LatitudeDegrees>35.63657</LatitudeDegrees>
            <LongitudeDegrees>-105.93564</LongitudeDegrees>
          </Position>
          <AltitudeMeters>2141.6</AltitudeMeters>
          <DistanceMeters>7338.6</DistanceMeters>
        </Trackpoint>
        <Trackpoint>
          <Time>2026-07-26T01:47:13Z</Time>
          <Position>
            <LatitudeDegrees>35.63663</LatitudeDegrees>
            <LongitudeDegrees>-105.9357</LongitudeDegrees>
          </Position>
          <AltitudeMeters>2141.6</AltitudeMeters>
          <DistanceMeters>7347.2</DistanceMeters>
        </Trackpoint>
        <Trackpoint>
          <Time>2026-07-26T01:47:23Z</Time>
          <Position>
            <LatitudeDegrees>35.63673</LatitudeDegrees>
            <LongitudeDegrees>-105.93581</LongitudeDegrees>
          </Position>
          <AltitudeMeters>2141.7</AltitudeMeters>
          <DistanceMeters>7362.2</DistanceMeters>
        </Trackpoint>
        <Trackpoint>
          <Time>2026-07-26T01:47:33Z</Time>
          <Position>
            <LatitudeDegrees>35.63688</LatitudeDegrees>
            <LongitudeDegrees>-105.93605</LongitudeDegrees>
          </Position>
          <AltitudeMeters>2141.5</AltitudeMeters>
          <DistanceMeters>7389.6</DistanceMeters>
        </Trackpoint>
        <Trackpoint>
          <Time>2026-07-26T01:47:43Z</Time>
          <Position>
            <LatitudeDegrees>35.63697</LatitudeDegrees>
            <LongitudeDegrees>-105.93622</LongitudeDegrees>
          </Position>
          <AltitudeMeters>2141.3</AltitudeMeters>
          <DistanceMeters>7407.9</DistanceMeters>
        </Trackpoint>
        <Trackpoint>
          <Time>2026-07-26T01:47:53Z</Time>
          <Position>
            <LatitudeDegrees>35.63699</LatitudeDegrees>
            <LongitudeDegrees>-105.93627</LongitudeDegrees>
          </Position>
          <AltitudeMeters>2141.3</AltitudeMeters>
          <DistanceMeters>7413.0</DistanceMeters>
        </Trackpoint>
        <Trackpoint>
          <Time>2026-07-26T01:48:03Z</Time>
          <Position>
            <LatitudeDegrees>35.63704</LatitudeDegrees>
            <LongitudeDegrees>-105.93642</LongitudeDegrees>
          </Position>
          <AltitudeMeters>2140.9</AltitudeMeters>
          <DistanceMeters>7427.6</DistanceMeters>
        </Trackpoint>
        <Trackpoint>
          <Time>2026-07-26T01:48:13Z</Time>
          <Position>
            <LatitudeDegrees>35.63707</LatitudeDegrees>
            <LongitudeDegrees>-105.93648</LongitudeDegrees>
          </Position>
          <AltitudeMeters>2140.6</AltitudeMeters>
          <DistanceMeters>7434.0</DistanceMeters>
        </Trackpoint>
        <Trackpoint>
          <Time>2026-07-26T01:48:23Z</Time>
          <Position>
            <LatitudeDegrees>35.63711</LatitudeDegrees>
            <LongitudeDegrees>-105.93668</LongitudeDegrees>
          </Position>
          <AltitudeMeters>2139.0</AltitudeMeters>
          <DistanceMeters>7452.6</DistanceMeters>
        </Trackpoint>
        <Trackpoint>
          <Time>2026-07-26T01:48:33Z</Time>
          <Position>
            <LatitudeDegrees>35.63714</LatitudeDegrees>
            <LongitudeDegrees>-105.93688</LongitudeDegrees>
          </Position>
          <AltitudeMeters>2137.3</AltitudeMeters>
          <DistanceMeters>7471.0</DistanceMeters>
        </Trackpoint>
        <Trackpoint>
          <Time>2026-07-26T01:48:43Z</Time>
          <Position>
            <LatitudeDegrees>35.63715</LatitudeDegrees>
            <LongitudeDegrees>-105.93706</LongitudeDegrees>
          </Position>
          <AltitudeMeters>2136.1</AltitudeMeters>
          <DistanceMeters>7487.4</DistanceMeters>
        </Trackpoint>
        <Trackpoint>
          <Time>2026-07-26T01:48:53Z</Time>
          <Position>
            <LatitudeDegrees>35.63715</LatitudeDegrees>
            <LongitudeDegrees>-105.93709</LongitudeDegrees>
          </Position>
          <AltitudeMeters>2136.0</AltitudeMeters>
          <DistanceMeters>7490.1</DistanceMeters>
        </Trackpoint>
        <Trackpoint>
          <Time>2026-07-26T01:49:03Z</Time>
          <Position>
            <LatitudeDegrees>35.63713</LatitudeDegrees>
            <LongitudeDegrees>-105.93753</LongitudeDegrees>
          </Position>
          <AltitudeMeters>2134.5</AltitudeMeters>
          <DistanceMeters>7529.9</DistanceMeters>
        </Trackpoint>
        <Trackpoint>
          <Time>2026-07-26T01:49:13Z</Time>
          <Position>
            <LatitudeDegrees>35.63705</LatitudeDegrees>
            <LongitudeDegrees>-105.93827</LongitudeDegrees>
          </Position>
          <AltitudeMeters>2132.3</AltitudeMeters>
          <DistanceMeters>7597.5</DistanceMeters>
        </Trackpoint>
        <Trackpoint>
          <Time>2026-07-26T01:49:23Z</Time>
          <Position>
            <LatitudeDegrees>35.63701</LatitudeDegrees>
            <LongitudeDegrees>-105.9386</LongitudeDegrees>
          </Position>
          <AltitudeMeters>2129.7</AltitudeMeters>
          <DistanceMeters>7627.7</DistanceMeters>
        </Trackpoint>
        <Trackpoint>
          <Time>2026-07-26T01:49:33Z</Time>
          <Position>
            <LatitudeDegrees>35.63699</LatitudeDegrees>
            <LongitudeDegrees>-105.93882</LongitudeDegrees>
          </Position>
          <AltitudeMeters>2128.8</AltitudeMeters>
          <DistanceMeters>7647.7</DistanceMeters>
        </Trackpoint>
        <Trackpoint>
          <Time>2026-07-26T01:49:43Z</Time>
          <Position>
            <LatitudeDegrees>35.63696</LatitudeDegrees>
            <LongitudeDegrees>-105.9391</LongitudeDegrees>
          </Position>
          <AltitudeMeters>2128.2</AltitudeMeters>
          <DistanceMeters>7673.2</DistanceMeters>
        </Trackpoint>
        <Trackpoint>
          <Time>2026-07-26T01:49:53Z</Time>
          <Position>
            <LatitudeDegrees>35.63692</LatitudeDegrees>
            <LongitudeDegrees>-105.93948</LongitudeDegrees>
          </Position>
          <AltitudeMeters>2126.4</AltitudeMeters>
          <DistanceMeters>7707.9</DistanceMeters>
        </Trackpoint>
        <Trackpoint>
          <Time>2026-07-26T01:50:03Z</Time>
          <Position>
            <LatitudeDegrees>35.63685</LatitudeDegrees>
            <LongitudeDegrees>-105.94022</LongitudeDegrees>
          </Position>
          <AltitudeMeters>2124.0</AltitudeMeters>
          <DistanceMeters>7775.3</DistanceMeters>
        </Trackpoint>
        <Trackpoint>
          <Time>2026-07-26T01:50:13Z</Time>
          <Position>
            <LatitudeDegrees>35.63683</LatitudeDegrees>
            <LongitudeDegrees>-105.94048</LongitudeDegrees>
          </Position>
          <AltitudeMeters>2122.9</AltitudeMeters>
          <DistanceMeters>7798.9</DistanceMeters>
        </Trackpoint>
        <Trackpoint>
          <Time>2026-07-26T01:50:23Z</Time>
          <Position>
            <LatitudeDegrees>35.63672</LatitudeDegrees>
            <LongitudeDegrees>-105.94146</LongitudeDegrees>
          </Position>
          <AltitudeMeters>2125.2</AltitudeMeters>
          <DistanceMeters>7888.4</DistanceMeters>
        </Trackpoint>
        <Trackpoint>
          <Time>2026-07-26T01:50:33Z</Time>
          <Position>
            <LatitudeDegrees>35.63669</LatitudeDegrees>
            <LongitudeDegrees>-105.9418</LongitudeDegrees>
          </Position>
          <AltitudeMeters>2126.2</AltitudeMeters>
          <DistanceMeters>7919.4</DistanceMeters>
        </Trackpoint>
        <Trackpoint>
          <Time>2026-07-26T01:50:43Z</Time>
          <Position>
            <LatitudeDegrees>35.63667</LatitudeDegrees>
            <LongitudeDegrees>-105.94202</LongitudeDegrees>
          </Position>
          <AltitudeMeters>2126.4</AltitudeMeters>
          <DistanceMeters>7939.4</DistanceMeters>
        </Trackpoint>
        <Trackpoint>
          <Time>2026-07-26T01:50:53Z</Time>
          <Position>
            <LatitudeDegrees>35.63664</LatitudeDegrees>
            <LongitudeDegrees>-105.94227</LongitudeDegrees>
          </Position>
          <AltitudeMeters>2126.2</AltitudeMeters>
          <DistanceMeters>7962.3</DistanceMeters>
        </Trackpoint>
        <Trackpoint>
          <Time>2026-07-26T01:51:03Z</Time>
          <Position>
            <LatitudeDegrees>35.63662</LatitudeDegrees>
            <LongitudeDegrees>-105.94263</LongitudeDegrees>
          </Position>
          <AltitudeMeters>2125.6</AltitudeMeters>
          <DistanceMeters>7994.9</DistanceMeters>
        </Trackpoint>
        <Trackpoint>
          <Time>2026-07-26T01:51:13Z</Time>
          <Position>
            <LatitudeDegrees>35.63662</LatitudeDegrees>
            <LongitudeDegrees>-105.94268</LongitudeDegrees>
          </Position>
          <AltitudeMeters>2125.5</AltitudeMeters>
          <DistanceMeters>7999.5</DistanceMeters>
        </Trackpoint>
        <Trackpoint>
          <Time>2026-07-26T01:51:23Z</Time>
          <Position>
            <LatitudeDegrees>35.6366</LatitudeDegrees>
            <LongitudeDegrees>-105.94313</LongitudeDegrees>
          </Position>
          <AltitudeMeters>2124.3</AltitudeMeters>
          <DistanceMeters>8040.2</DistanceMeters>
        </Trackpoint>
        <Trackpoint>
          <Time>2026-07-26T01:51:33Z</Time>
          <Position>
            <LatitudeDegrees>35.63658</LatitudeDegrees>
            <LongitudeDegrees>-105.94355</LongitudeDegrees>
          </Position>
          <AltitudeMeters>2123.0</AltitudeMeters>
          <DistanceMeters>8078.3</DistanceMeters>
        </Trackpoint>
        <Trackpoint>
          <Time>2026-07-26T01:51:43Z</Time>
          <Position>
            <LatitudeDegrees>35.63655</LatitudeDegrees>
            <LongitudeDegrees>-105.94445</LongitudeDegrees>
          </Position>
          <AltitudeMeters>2121.1</AltitudeMeters>
          <DistanceMeters>8159.8</DistanceMeters>
        </Trackpoint>
        <Trackpoint>
          <Time>2026-07-26T01:51:53Z</Time>
          <Position>
            <LatitudeDegrees>35.63651</LatitudeDegrees>
            <LongitudeDegrees>-105.9454</LongitudeDegrees>
          </Position>
          <AltitudeMeters>2119.0</AltitudeMeters>
          <DistanceMeters>8245.8</DistanceMeters>
        </Trackpoint>
        <Trackpoint>
          <Time>2026-07-26T01:52:03Z</Time>
          <Position>
            <LatitudeDegrees>35.63648</LatitudeDegrees>
            <LongitudeDegrees>-105.94614</LongitudeDegrees>
          </Position>
          <AltitudeMeters>2116.6</AltitudeMeters>
          <DistanceMeters>8312.9</DistanceMeters>
        </Trackpoint>
        <Trackpoint>
          <Time>2026-07-26T01:52:13Z</Time>
          <Position>
            <LatitudeDegrees>35.63648</LatitudeDegrees>
            <LongitudeDegrees>-105.94622</LongitudeDegrees>
          </Position>
          <AltitudeMeters>2116.6</AltitudeMeters>
          <DistanceMeters>8320.1</DistanceMeters>
        </Trackpoint>
        <Trackpoint>
          <Time>2026-07-26T01:52:23Z</Time>
          <Position>
            <LatitudeDegrees>35.63645</LatitudeDegrees>
            <LongitudeDegrees>-105.94666</LongitudeDegrees>
          </Position>
          <AltitudeMeters>2117.8</AltitudeMeters>
          <DistanceMeters>8360.1</DistanceMeters>
        </Trackpoint>
        <Trackpoint>
          <Time>2026-07-26T01:52:33Z</Time>
          <Position>
            <LatitudeDegrees>35.63645</LatitudeDegrees>
            <LongitudeDegrees>-105.94667</LongitudeDegrees>
          </Position>
          <AltitudeMeters>2117.8</AltitudeMeters>
          <DistanceMeters>8361.0</DistanceMeters>
        </Trackpoint>
        <Trackpoint>
          <Time>2026-07-26T01:52:43Z</Time>
          <Position>
            <LatitudeDegrees>35.63643</LatitudeDegrees>
            <LongitudeDegrees>-105.94688</LongitudeDegrees>
          </Position>
          <AltitudeMeters>2118.4</AltitudeMeters>
          <DistanceMeters>8380.1</DistanceMeters>
        </Trackpoint>
        <Trackpoint>
          <Time>2026-07-26T01:52:53Z</Time>
          <Position>
            <LatitudeDegrees>35.63639</LatitudeDegrees>
            <LongitudeDegrees>-105.94739</LongitudeDegrees>
          </Position>
          <AltitudeMeters>2119.3</AltitudeMeters>
          <DistanceMeters>8426.5</DistanceMeters>
        </Trackpoint>
        <Trackpoint>
          <Time>2026-07-26T01:53:03Z</Time>
          <Position>
            <LatitudeDegrees>35.63635</LatitudeDegrees>
            <LongitudeDegrees>-105.94771</LongitudeDegrees>
          </Position>
          <AltitudeMeters>2120.1</AltitudeMeters>
          <DistanceMeters>8455.7</DistanceMeters>
        </Trackpoint>
        <Trackpoint>
          <Time>2026-07-26T01:53:13Z</Time>
          <Position>
            <LatitudeDegrees>35.63629</LatitudeDegrees>
            <LongitudeDegrees>-105.94816</LongitudeDegrees>
          </Position>
          <AltitudeMeters>2121.1</AltitudeMeters>
          <DistanceMeters>8497.0</DistanceMeters>
        </Trackpoint>
        <Trackpoint>
          <Time>2026-07-26T01:53:23Z</Time>
          <Position>
            <LatitudeDegrees>35.63627</LatitudeDegrees>
            <LongitudeDegrees>-105.94829</LongitudeDegrees>
          </Position>
          <AltitudeMeters>2121.2</AltitudeMeters>
          <DistanceMeters>8509.0</DistanceMeters>
        </Trackpoint>
        <Trackpoint>
          <Time>2026-07-26T01:53:33Z</Time>
          <Position>
            <LatitudeDegrees>35.63626</LatitudeDegrees>
            <LongitudeDegrees>-105.94837</LongitudeDegrees>
          </Position>
          <AltitudeMeters>2121.1</AltitudeMeters>
          <DistanceMeters>8516.3</DistanceMeters>
        </Trackpoint>
        <Trackpoint>
          <Time>2026-07-26T01:53:43Z</Time>
          <Position>
            <LatitudeDegrees>35.6362</LatitudeDegrees>
            <LongitudeDegrees>-105.9487</LongitudeDegrees>
          </Position>
          <AltitudeMeters>2120.4</AltitudeMeters>
          <DistanceMeters>8546.9</DistanceMeters>
        </Trackpoint>
        <Trackpoint>
          <Time>2026-07-26T01:53:53Z</Time>
          <Position>
            <LatitudeDegrees>35.63619</LatitudeDegrees>
            <LongitudeDegrees>-105.94881</LongitudeDegrees>
          </Position>
          <AltitudeMeters>2120.0</AltitudeMeters>
          <DistanceMeters>8556.9</DistanceMeters>
        </Trackpoint>
        <Trackpoint>
          <Time>2026-07-26T01:54:03Z</Time>
          <Position>
            <LatitudeDegrees>35.63615</LatitudeDegrees>
            <LongitudeDegrees>-105.94911</LongitudeDegrees>
          </Position>
          <AltitudeMeters>2118.3</AltitudeMeters>
          <DistanceMeters>8584.4</DistanceMeters>
        </Trackpoint>
        <Trackpoint>
          <Time>2026-07-26T01:54:13Z</Time>
          <Position>
            <LatitudeDegrees>35.63608</LatitudeDegrees>
            <LongitudeDegrees>-105.94946</LongitudeDegrees>
          </Position>
          <AltitudeMeters>2117.1</AltitudeMeters>
          <DistanceMeters>8617.0</DistanceMeters>
        </Trackpoint>
        <Trackpoint>
          <Time>2026-07-26T01:54:23Z</Time>
          <Position>
            <LatitudeDegrees>35.63603</LatitudeDegrees>
            <LongitudeDegrees>-105.94971</LongitudeDegrees>
          </Position>
          <AltitudeMeters>2116.2</AltitudeMeters>
          <DistanceMeters>8640.3</DistanceMeters>
        </Trackpoint>
        <Trackpoint>
          <Time>2026-07-26T01:54:33Z</Time>
          <Position>
            <LatitudeDegrees>35.63603</LatitudeDegrees>
            <LongitudeDegrees>-105.94972</LongitudeDegrees>
          </Position>
          <AltitudeMeters>2116.2</AltitudeMeters>
          <DistanceMeters>8641.2</DistanceMeters>
        </Trackpoint>
        <Trackpoint>
          <Time>2026-07-26T01:54:43Z</Time>
          <Position>
            <LatitudeDegrees>35.63594</LatitudeDegrees>
            <LongitudeDegrees>-105.95011</LongitudeDegrees>
          </Position>
          <AltitudeMeters>2114.6</AltitudeMeters>
          <DistanceMeters>8677.9</DistanceMeters>
        </Trackpoint>
        <Trackpoint>
          <Time>2026-07-26T01:54:53Z</Time>
          <Position>
            <LatitudeDegrees>35.63583</LatitudeDegrees>
            <LongitudeDegrees>-105.95052</LongitudeDegrees>
          </Position>
          <AltitudeMeters>2111.2</AltitudeMeters>
          <DistanceMeters>8717.0</DistanceMeters>
        </Trackpoint>
        <Trackpoint>
          <Time>2026-07-26T01:55:03Z</Time>
          <Position>
            <LatitudeDegrees>35.63573</LatitudeDegrees>
            <LongitudeDegrees>-105.95087</LongitudeDegrees>
          </Position>
          <AltitudeMeters>2109.6</AltitudeMeters>
          <DistanceMeters>8750.5</DistanceMeters>
        </Trackpoint>
        <Trackpoint>
          <Time>2026-07-26T01:55:13Z</Time>
          <Position>
            <LatitudeDegrees>35.63563</LatitudeDegrees>
            <LongitudeDegrees>-105.95114</LongitudeDegrees>
          </Position>
          <AltitudeMeters>2109.1</AltitudeMeters>
          <DistanceMeters>8777.4</DistanceMeters>
        </Trackpoint>
        <Trackpoint>
          <Time>2026-07-26T01:55:23Z</Time>
          <Position>
            <LatitudeDegrees>35.63561</LatitudeDegrees>
            <LongitudeDegrees>-105.95122</LongitudeDegrees>
          </Position>
          <AltitudeMeters>2108.9</AltitudeMeters>
          <DistanceMeters>8784.9</DistanceMeters>
        </Trackpoint>
        <Trackpoint>
          <Time>2026-07-26T01:55:33Z</Time>
          <Position>
            <LatitudeDegrees>35.63553</LatitudeDegrees>
            <LongitudeDegrees>-105.95142</LongitudeDegrees>
          </Position>
          <AltitudeMeters>2108.1</AltitudeMeters>
          <DistanceMeters>8805.1</DistanceMeters>
        </Trackpoint>
        <Trackpoint>
          <Time>2026-07-26T01:55:43Z</Time>
          <Position>
            <LatitudeDegrees>35.63546</LatitudeDegrees>
            <LongitudeDegrees>-105.95159</LongitudeDegrees>
          </Position>
          <AltitudeMeters>2106.7</AltitudeMeters>
          <DistanceMeters>8822.3</DistanceMeters>
        </Trackpoint>
        <Trackpoint>
          <Time>2026-07-26T01:55:53Z</Time>
          <Position>
            <LatitudeDegrees>35.6353</LatitudeDegrees>
            <LongitudeDegrees>-105.95193</LongitudeDegrees>
          </Position>
          <AltitudeMeters>2104.7</AltitudeMeters>
          <DistanceMeters>8857.9</DistanceMeters>
        </Trackpoint>
        <Trackpoint>
          <Time>2026-07-26T01:56:03Z</Time>
          <Position>
            <LatitudeDegrees>35.63517</LatitudeDegrees>
            <LongitudeDegrees>-105.95213</LongitudeDegrees>
          </Position>
          <AltitudeMeters>2104.6</AltitudeMeters>
          <DistanceMeters>8881.1</DistanceMeters>
        </Trackpoint>
        <Trackpoint>
          <Time>2026-07-26T01:56:13Z</Time>
          <Position>
            <LatitudeDegrees>35.63511</LatitudeDegrees>
            <LongitudeDegrees>-105.95223</LongitudeDegrees>
          </Position>
          <AltitudeMeters>2104.5</AltitudeMeters>
          <DistanceMeters>8892.3</DistanceMeters>
        </Trackpoint>
        <Trackpoint>
          <Time>2026-07-26T01:56:23Z</Time>
          <Position>
            <LatitudeDegrees>35.6349</LatitudeDegrees>
            <LongitudeDegrees>-105.95252</LongitudeDegrees>
          </Position>
          <AltitudeMeters>2103.7</AltitudeMeters>
          <DistanceMeters>8927.4</DistanceMeters>
        </Trackpoint>
        <Trackpoint>
          <Time>2026-07-26T01:56:33Z</Time>
          <Position>
            <LatitudeDegrees>35.63481</LatitudeDegrees>
            <LongitudeDegrees>-105.95262</LongitudeDegrees>
          </Position>
          <AltitudeMeters>2103.4</AltitudeMeters>
          <DistanceMeters>8940.9</DistanceMeters>
        </Trackpoint>
        <Trackpoint>
          <Time>2026-07-26T01:56:43Z</Time>
          <Position>
            <LatitudeDegrees>35.63469</LatitudeDegrees>
            <LongitudeDegrees>-105.95276</LongitudeDegrees>
          </Position>
          <AltitudeMeters>2102.7</AltitudeMeters>
          <DistanceMeters>8959.4</DistanceMeters>
        </Trackpoint>
        <Trackpoint>
          <Time>2026-07-26T01:56:53Z</Time>
          <Position>
            <LatitudeDegrees>35.63454</LatitudeDegrees>
            <LongitudeDegrees>-105.95291</LongitudeDegrees>
          </Position>
          <AltitudeMeters>2102.4</AltitudeMeters>
          <DistanceMeters>8980.9</DistanceMeters>
        </Trackpoint>
        <Trackpoint>
          <Time>2026-07-26T01:57:03Z</Time>
          <Position>
            <LatitudeDegrees>35.63436</LatitudeDegrees>
            <LongitudeDegrees>-105.9531</LongitudeDegrees>
          </Position>
          <AltitudeMeters>2103.0</AltitudeMeters>
          <DistanceMeters>9007.3</DistanceMeters>
        </Trackpoint>
        <Trackpoint>
          <Time>2026-07-26T01:57:13Z</Time>
          <Position>
            <LatitudeDegrees>35.63409</LatitudeDegrees>
            <LongitudeDegrees>-105.95329</LongitudeDegrees>
          </Position>
          <AltitudeMeters>2104.5</AltitudeMeters>
          <DistanceMeters>9041.9</DistanceMeters>
        </Trackpoint>
        <Trackpoint>
          <Time>2026-07-26T01:57:23Z</Time>
          <Position>
            <LatitudeDegrees>35.63327</LatitudeDegrees>
            <LongitudeDegrees>-105.9539</LongitudeDegrees>
          </Position>
          <AltitudeMeters>2111.3</AltitudeMeters>
          <DistanceMeters>9148.6</DistanceMeters>
        </Trackpoint>
        <Trackpoint>
          <Time>2026-07-26T01:57:33Z</Time>
          <Position>
            <LatitudeDegrees>35.6329</LatitudeDegrees>
            <LongitudeDegrees>-105.95418</LongitudeDegrees>
          </Position>
          <AltitudeMeters>2109.6</AltitudeMeters>
          <DistanceMeters>9196.9</DistanceMeters>
        </Trackpoint>
        <Trackpoint>
          <Time>2026-07-26T01:57:43Z</Time>
          <Position>
            <LatitudeDegrees>35.63281</LatitudeDegrees>
            <LongitudeDegrees>-105.95425</LongitudeDegrees>
          </Position>
          <AltitudeMeters>2109.5</AltitudeMeters>
          <DistanceMeters>9208.8</DistanceMeters>
        </Trackpoint>
        <Trackpoint>
          <Time>2026-07-26T01:57:53Z</Time>
          <Position>
            <LatitudeDegrees>35.63235</LatitudeDegrees>
            <LongitudeDegrees>-105.95458</LongitudeDegrees>
          </Position>
          <AltitudeMeters>2106.3</AltitudeMeters>
          <DistanceMeters>9268.1</DistanceMeters>
        </Trackpoint>
        <Trackpoint>
          <Time>2026-07-26T01:58:03Z</Time>
          <Position>
            <LatitudeDegrees>35.63225</LatitudeDegrees>
            <LongitudeDegrees>-105.95465</LongitudeDegrees>
          </Position>
          <AltitudeMeters>2105.1</AltitudeMeters>
          <DistanceMeters>9280.9</DistanceMeters>
        </Trackpoint>
        <Trackpoint>
          <Time>2026-07-26T01:58:13Z</Time>
          <Position>
            <LatitudeDegrees>35.63165</LatitudeDegrees>
            <LongitudeDegrees>-105.95506</LongitudeDegrees>
          </Position>
          <AltitudeMeters>2103.1</AltitudeMeters>
          <DistanceMeters>9357.3</DistanceMeters>
        </Trackpoint>
        <Trackpoint>
          <Time>2026-07-26T01:58:23Z</Time>
          <Position>
            <LatitudeDegrees>35.63127</LatitudeDegrees>
            <LongitudeDegrees>-105.95521</LongitudeDegrees>
          </Position>
          <AltitudeMeters>2101.3</AltitudeMeters>
          <DistanceMeters>9401.7</DistanceMeters>
        </Trackpoint>
        <Trackpoint>
          <Time>2026-07-26T01:58:33Z</Time>
          <Position>
            <LatitudeDegrees>35.63121</LatitudeDegrees>
            <LongitudeDegrees>-105.95524</LongitudeDegrees>
          </Position>
          <AltitudeMeters>2101.2</AltitudeMeters>
          <DistanceMeters>9408.9</DistanceMeters>
        </Trackpoint>
        <Trackpoint>
          <Time>2026-07-26T01:58:43Z</Time>
          <Position>
            <LatitudeDegrees>35.63083</LatitudeDegrees>
            <LongitudeDegrees>-105.95533</LongitudeDegrees>
          </Position>
          <AltitudeMeters>2102.4</AltitudeMeters>
          <DistanceMeters>9452.0</DistanceMeters>
        </Trackpoint>
        <Trackpoint>
          <Time>2026-07-26T01:58:53Z</Time>
          <Position>
            <LatitudeDegrees>35.63068</LatitudeDegrees>
            <LongitudeDegrees>-105.95535</LongitudeDegrees>
          </Position>
          <AltitudeMeters>2103.2</AltitudeMeters>
          <DistanceMeters>9468.8</DistanceMeters>
        </Trackpoint>
        <Trackpoint>
          <Time>2026-07-26T01:59:03Z</Time>
          <Position>
            <LatitudeDegrees>35.63063</LatitudeDegrees>
            <LongitudeDegrees>-105.95536</LongitudeDegrees>
          </Position>
          <AltitudeMeters>2103.6</AltitudeMeters>
          <DistanceMeters>9474.4</DistanceMeters>
        </Trackpoint>
        <Trackpoint>
          <Time>2026-07-26T01:59:13Z</Time>
          <Position>
            <LatitudeDegrees>35.63039</LatitudeDegrees>
            <LongitudeDegrees>-105.95537</LongitudeDegrees>
          </Position>
          <AltitudeMeters>2105.7</AltitudeMeters>
          <DistanceMeters>9501.1</DistanceMeters>
        </Trackpoint>
        <Trackpoint>
          <Time>2026-07-26T01:59:23Z</Time>
          <Position>
            <LatitudeDegrees>35.62985</LatitudeDegrees>
            <LongitudeDegrees>-105.95536</LongitudeDegrees>
          </Position>
          <AltitudeMeters>2110.8</AltitudeMeters>
          <DistanceMeters>9561.3</DistanceMeters>
        </Trackpoint>
        <Trackpoint>
          <Time>2026-07-26T01:59:33Z</Time>
          <Position>
            <LatitudeDegrees>35.6296</LatitudeDegrees>
            <LongitudeDegrees>-105.95536</LongitudeDegrees>
          </Position>
          <AltitudeMeters>2110.4</AltitudeMeters>
          <DistanceMeters>9589.1</DistanceMeters>
        </Trackpoint>
        <Trackpoint>
          <Time>2026-07-26T01:59:43Z</Time>
          <Position>
            <LatitudeDegrees>35.62901</LatitudeDegrees>
            <LongitudeDegrees>-105.95535</LongitudeDegrees>
          </Position>
          <AltitudeMeters>2107.3</AltitudeMeters>
          <DistanceMeters>9654.8</DistanceMeters>
        </Trackpoint>
        <Trackpoint>
          <Time>2026-07-26T01:59:53Z</Time>
          <Position>
            <LatitudeDegrees>35.62855</LatitudeDegrees>
            <LongitudeDegrees>-105.95535</LongitudeDegrees>
          </Position>
          <AltitudeMeters>2104.5</AltitudeMeters>
          <DistanceMeters>9706.0</DistanceMeters>
        </Trackpoint>
        <Trackpoint>
          <Time>2026-07-26T02:00:03Z</Time>
          <Position>
            <LatitudeDegrees>35.62837</LatitudeDegrees>
            <LongitudeDegrees>-105.95535</LongitudeDegrees>
          </Position>
          <AltitudeMeters>2106.0</AltitudeMeters>
          <DistanceMeters>9726.0</DistanceMeters>
        </Trackpoint>
        <Trackpoint>
          <Time>2026-07-26T02:00:13Z</Time>
          <Position>
            <LatitudeDegrees>35.62807</LatitudeDegrees>
            <LongitudeDegrees>-105.95535</LongitudeDegrees>
          </Position>
          <AltitudeMeters>2109.8</AltitudeMeters>
          <DistanceMeters>9759.4</DistanceMeters>
        </Trackpoint>
        <Trackpoint>
          <Time>2026-07-26T02:00:23Z</Time>
          <Position>
            <LatitudeDegrees>35.62793</LatitudeDegrees>
            <LongitudeDegrees>-105.95537</LongitudeDegrees>
          </Position>
          <AltitudeMeters>2110.9</AltitudeMeters>
          <DistanceMeters>9775.1</DistanceMeters>
        </Trackpoint>
        <Trackpoint>
          <Time>2026-07-26T02:00:33Z</Time>
          <Position>
            <LatitudeDegrees>35.62784</LatitudeDegrees>
            <LongitudeDegrees>-105.95542</LongitudeDegrees>
          </Position>
          <AltitudeMeters>2111.8</AltitudeMeters>
          <DistanceMeters>9786.1</DistanceMeters>
        </Trackpoint>
        <Trackpoint>
          <Time>2026-07-26T02:00:43Z</Time>
          <Position>
            <LatitudeDegrees>35.62779</LatitudeDegrees>
            <LongitudeDegrees>-105.95549</LongitudeDegrees>
          </Position>
          <AltitudeMeters>2112.4</AltitudeMeters>
          <DistanceMeters>9794.5</DistanceMeters>
        </Trackpoint>
        <Trackpoint>
          <Time>2026-07-26T02:00:53Z</Time>
          <Position>
            <LatitudeDegrees>35.62776</LatitudeDegrees>
            <LongitudeDegrees>-105.95558</LongitudeDegrees>
          </Position>
          <AltitudeMeters>2112.8</AltitudeMeters>
          <DistanceMeters>9803.3</DistanceMeters>
        </Trackpoint>
        <Trackpoint>
          <Time>2026-07-26T02:01:03Z</Time>
          <Position>
            <LatitudeDegrees>35.62775</LatitudeDegrees>
            <LongitudeDegrees>-105.95586</LongitudeDegrees>
          </Position>
          <AltitudeMeters>2112.9</AltitudeMeters>
          <DistanceMeters>9828.7</DistanceMeters>
        </Trackpoint>
        <Trackpoint>
          <Time>2026-07-26T02:01:13Z</Time>
          <Position>
            <LatitudeDegrees>35.62775</LatitudeDegrees>
            <LongitudeDegrees>-105.95603</LongitudeDegrees>
          </Position>
          <AltitudeMeters>2112.9</AltitudeMeters>
          <DistanceMeters>9844.1</DistanceMeters>
        </Trackpoint>
        <Trackpoint>
          <Time>2026-07-26T02:01:23Z</Time>
          <Position>
            <LatitudeDegrees>35.62776</LatitudeDegrees>
            <LongitudeDegrees>-105.95633</LongitudeDegrees>
          </Position>
          <AltitudeMeters>2112.3</AltitudeMeters>
          <DistanceMeters>9871.2</DistanceMeters>
        </Trackpoint>
        <Trackpoint>
          <Time>2026-07-26T02:01:33Z</Time>
          <Position>
            <LatitudeDegrees>35.62776</LatitudeDegrees>
            <LongitudeDegrees>-105.9573</LongitudeDegrees>
          </Position>
          <AltitudeMeters>2109.3</AltitudeMeters>
          <DistanceMeters>9959.0</DistanceMeters>
        </Trackpoint>
        <Trackpoint>
          <Time>2026-07-26T02:01:43Z</Time>
          <Position>
            <LatitudeDegrees>35.62777</LatitudeDegrees>
            <LongitudeDegrees>-105.95831</LongitudeDegrees>
          </Position>
          <AltitudeMeters>2106.6</AltitudeMeters>
          <DistanceMeters>10050.4</DistanceMeters>
        </Trackpoint>
        <Trackpoint>
          <Time>2026-07-26T02:01:53Z</Time>
          <Position>
            <LatitudeDegrees>35.62777</LatitudeDegrees>
            <LongitudeDegrees>-105.95873</LongitudeDegrees>
          </Position>
          <AltitudeMeters>2106.1</AltitudeMeters>
          <DistanceMeters>10088.4</DistanceMeters>
        </Trackpoint>
        <Trackpoint>
          <Time>2026-07-26T02:02:03Z</Time>
          <Position>
            <LatitudeDegrees>35.62778</LatitudeDegrees>
            <LongitudeDegrees>-105.9603</LongitudeDegrees>
          </Position>
          <AltitudeMeters>2097.8</AltitudeMeters>
          <DistanceMeters>10230.5</DistanceMeters>
        </Trackpoint>
        <Trackpoint>
          <Time>2026-07-26T02:02:13Z</Time>
          <Position>
            <LatitudeDegrees>35.62779</LatitudeDegrees>
            <LongitudeDegrees>-105.96054</LongitudeDegrees>
          </Position>
          <AltitudeMeters>2097.1</AltitudeMeters>
          <DistanceMeters>10252.2</DistanceMeters>
        </Trackpoint>
        <Trackpoint>
          <Time>2026-07-26T02:02:23Z</Time>
          <Position>
            <LatitudeDegrees>35.62779</LatitudeDegrees>
            <LongitudeDegrees>-105.96132</LongitudeDegrees>
          </Position>
          <AltitudeMeters>2095.1</AltitudeMeters>
          <DistanceMeters>10322.8</DistanceMeters>
        </Trackpoint>
        <Trackpoint>
          <Time>2026-07-26T02:02:33Z</Time>
          <Position>
            <LatitudeDegrees>35.62781</LatitudeDegrees>
            <LongitudeDegrees>-105.96287</LongitudeDegrees>
          </Position>
          <AltitudeMeters>2094.0</AltitudeMeters>
          <DistanceMeters>10463.0</DistanceMeters>
        </Trackpoint>
        <Trackpoint>
          <Time>2026-07-26T02:02:43Z</Time>
          <Position>
            <LatitudeDegrees>35.62781</LatitudeDegrees>
            <LongitudeDegrees>-105.96309</LongitudeDegrees>
          </Position>
          <AltitudeMeters>2093.5</AltitudeMeters>
          <DistanceMeters>10483.0</DistanceMeters>
        </Trackpoint>
        <Trackpoint>
          <Time>2026-07-26T02:02:53Z</Time>
          <Position>
            <LatitudeDegrees>35.62783</LatitudeDegrees>
            <LongitudeDegrees>-105.96481</LongitudeDegrees>
          </Position>
          <AltitudeMeters>2085.1</AltitudeMeters>
          <DistanceMeters>10638.6</DistanceMeters>
        </Trackpoint>
        <Trackpoint>
          <Time>2026-07-26T02:03:03Z</Time>
          <Position>
            <LatitudeDegrees>35.62783</LatitudeDegrees>
            <LongitudeDegrees>-105.965</LongitudeDegrees>
          </Position>
          <AltitudeMeters>2085.0</AltitudeMeters>
          <DistanceMeters>10655.8</DistanceMeters>
        </Trackpoint>
        <Trackpoint>
          <Time>2026-07-26T02:03:13Z</Time>
          <Position>
            <LatitudeDegrees>35.62783</LatitudeDegrees>
            <LongitudeDegrees>-105.96508</LongitudeDegrees>
          </Position>
          <AltitudeMeters>2084.9</AltitudeMeters>
          <DistanceMeters>10663.0</DistanceMeters>
        </Trackpoint>
        <Trackpoint>
          <Time>2026-07-26T02:03:23Z</Time>
          <Position>
            <LatitudeDegrees>35.62783</LatitudeDegrees>
            <LongitudeDegrees>-105.9653</LongitudeDegrees>
          </Position>
          <AltitudeMeters>2084.8</AltitudeMeters>
          <DistanceMeters>10682.9</DistanceMeters>
        </Trackpoint>
        <Trackpoint>
          <Time>2026-07-26T02:03:33Z</Time>
          <Position>
            <LatitudeDegrees>35.62783</LatitudeDegrees>
            <LongitudeDegrees>-105.96574</LongitudeDegrees>
          </Position>
          <AltitudeMeters>2084.5</AltitudeMeters>
          <DistanceMeters>10722.7</DistanceMeters>
        </Trackpoint>
        <Trackpoint>
          <Time>2026-07-26T02:03:43Z</Time>
          <Position>
            <LatitudeDegrees>35.62785</LatitudeDegrees>
            <LongitudeDegrees>-105.9664</LongitudeDegrees>
          </Position>
          <AltitudeMeters>2084.2</AltitudeMeters>
          <DistanceMeters>10782.5</DistanceMeters>
        </Trackpoint>
        <Trackpoint>
          <Time>2026-07-26T02:03:53Z</Time>
          <Position>
            <LatitudeDegrees>35.62785</LatitudeDegrees>
            <LongitudeDegrees>-105.96668</LongitudeDegrees>
          </Position>
          <AltitudeMeters>2083.2</AltitudeMeters>
          <DistanceMeters>10807.8</DistanceMeters>
        </Trackpoint>
        <Trackpoint>
          <Time>2026-07-26T02:04:03Z</Time>
          <Position>
            <LatitudeDegrees>35.62785</LatitudeDegrees>
            <LongitudeDegrees>-105.96679</LongitudeDegrees>
          </Position>
          <AltitudeMeters>2082.6</AltitudeMeters>
          <DistanceMeters>10817.8</DistanceMeters>
        </Trackpoint>
        <Trackpoint>
          <Time>2026-07-26T02:04:13Z</Time>
          <Position>
            <LatitudeDegrees>35.62786</LatitudeDegrees>
            <LongitudeDegrees>-105.9673</LongitudeDegrees>
          </Position>
          <AltitudeMeters>2080.7</AltitudeMeters>
          <DistanceMeters>10864.0</DistanceMeters>
        </Trackpoint>
        <Trackpoint>
          <Time>2026-07-26T02:04:23Z</Time>
          <Position>
            <LatitudeDegrees>35.62786</LatitudeDegrees>
            <LongitudeDegrees>-105.96742</LongitudeDegrees>
          </Position>
          <AltitudeMeters>2080.5</AltitudeMeters>
          <DistanceMeters>10874.8</DistanceMeters>
        </Trackpoint>
        <Trackpoint>
          <Time>2026-07-26T02:04:33Z</Time>
          <Position>
            <LatitudeDegrees>35.62787</LatitudeDegrees>
            <LongitudeDegrees>-105.96769</LongitudeDegrees>
          </Position>
          <AltitudeMeters>2080.3</AltitudeMeters>
          <DistanceMeters>10899.3</DistanceMeters>
        </Trackpoint>
        <Trackpoint>
          <Time>2026-07-26T02:04:43Z</Time>
          <Position>
            <LatitudeDegrees>35.62788</LatitudeDegrees>
            <LongitudeDegrees>-105.96791</LongitudeDegrees>
          </Position>
          <AltitudeMeters>2080.4</AltitudeMeters>
          <DistanceMeters>10919.2</DistanceMeters>
        </Trackpoint>
        <Trackpoint>
          <Time>2026-07-26T02:04:53Z</Time>
          <Position>
            <LatitudeDegrees>35.62788</LatitudeDegrees>
            <LongitudeDegrees>-105.96813</LongitudeDegrees>
          </Position>
          <AltitudeMeters>2080.4</AltitudeMeters>
          <DistanceMeters>10939.1</DistanceMeters>
        </Trackpoint>
        <Trackpoint>
          <Time>2026-07-26T02:05:03Z</Time>
          <Position>
            <LatitudeDegrees>35.6279</LatitudeDegrees>
            <LongitudeDegrees>-105.96865</LongitudeDegrees>
          </Position>
          <AltitudeMeters>2078.4</AltitudeMeters>
          <DistanceMeters>10986.2</DistanceMeters>
        </Trackpoint>
        <Trackpoint>
          <Time>2026-07-26T02:05:13Z</Time>
          <Position>
            <LatitudeDegrees>35.6279</LatitudeDegrees>
            <LongitudeDegrees>-105.96904</LongitudeDegrees>
          </Position>
          <AltitudeMeters>2075.2</AltitudeMeters>
          <DistanceMeters>11021.5</DistanceMeters>
        </Trackpoint>
        <Trackpoint>
          <Time>2026-07-26T02:05:23Z</Time>
          <Position>
            <LatitudeDegrees>35.6279</LatitudeDegrees>
            <LongitudeDegrees>-105.96926</LongitudeDegrees>
          </Position>
          <AltitudeMeters>2074.7</AltitudeMeters>
          <DistanceMeters>11041.4</DistanceMeters>
        </Trackpoint>
        <Trackpoint>
          <Time>2026-07-26T02:05:33Z</Time>
          <Position>
            <LatitudeDegrees>35.6279</LatitudeDegrees>
            <LongitudeDegrees>-105.9697</LongitudeDegrees>
          </Position>
          <AltitudeMeters>2073.4</AltitudeMeters>
          <DistanceMeters>11081.2</DistanceMeters>
        </Trackpoint>
        <Trackpoint>
          <Time>2026-07-26T02:05:43Z</Time>
          <Position>
            <LatitudeDegrees>35.6279</LatitudeDegrees>
            <LongitudeDegrees>-105.97036</LongitudeDegrees>
          </Position>
          <AltitudeMeters>2070.7</AltitudeMeters>
          <DistanceMeters>11140.9</DistanceMeters>
        </Trackpoint>
        <Trackpoint>
          <Time>2026-07-26T02:05:53Z</Time>
          <Position>
            <LatitudeDegrees>35.62791</LatitudeDegrees>
            <LongitudeDegrees>-105.97044</LongitudeDegrees>
          </Position>
          <AltitudeMeters>2070.6</AltitudeMeters>
          <DistanceMeters>11148.3</DistanceMeters>
        </Trackpoint>
        <Trackpoint>
          <Time>2026-07-26T02:06:03Z</Time>
          <Position>
            <LatitudeDegrees>35.62793</LatitudeDegrees>
            <LongitudeDegrees>-105.97169</LongitudeDegrees>
          </Position>
          <AltitudeMeters>2068.8</AltitudeMeters>
          <DistanceMeters>11261.4</DistanceMeters>
        </Trackpoint>
        <Trackpoint>
          <Time>2026-07-26T02:06:13Z</Time>
          <Position>
            <LatitudeDegrees>35.62792</LatitudeDegrees>
            <LongitudeDegrees>-105.97213</LongitudeDegrees>
          </Position>
          <AltitudeMeters>2068.4</AltitudeMeters>
          <DistanceMeters>11301.2</DistanceMeters>
        </Trackpoint>
        <Trackpoint>
          <Time>2026-07-26T02:06:23Z</Time>
          <Position>
            <LatitudeDegrees>35.6279</LatitudeDegrees>
            <LongitudeDegrees>-105.97267</LongitudeDegrees>
          </Position>
          <AltitudeMeters>2065.6</AltitudeMeters>
          <DistanceMeters>11350.1</DistanceMeters>
        </Trackpoint>
        <Trackpoint>
          <Time>2026-07-26T02:06:33Z</Time>
          <Position>
            <LatitudeDegrees>35.6278</LatitudeDegrees>
            <LongitudeDegrees>-105.97367</LongitudeDegrees>
          </Position>
          <AltitudeMeters>2063.6</AltitudeMeters>
          <DistanceMeters>11441.3</DistanceMeters>
        </Trackpoint>
        <Trackpoint>
          <Time>2026-07-26T02:06:43Z</Time>
          <Position>
            <LatitudeDegrees>35.62767</LatitudeDegrees>
            <LongitudeDegrees>-105.97443</LongitudeDegrees>
          </Position>
          <AltitudeMeters>2061.1</AltitudeMeters>
          <DistanceMeters>11511.6</DistanceMeters>
        </Trackpoint>
        <Trackpoint>
          <Time>2026-07-26T02:06:53Z</Time>
          <Position>
            <LatitudeDegrees>35.6276</LatitudeDegrees>
            <LongitudeDegrees>-105.97483</LongitudeDegrees>
          </Position>
          <AltitudeMeters>2058.4</AltitudeMeters>
          <DistanceMeters>11548.6</DistanceMeters>
        </Trackpoint>
        <Trackpoint>
          <Time>2026-07-26T02:07:03Z</Time>
          <Position>
            <LatitudeDegrees>35.62753</LatitudeDegrees>
            <LongitudeDegrees>-105.97511</LongitudeDegrees>
          </Position>
          <AltitudeMeters>2057.0</AltitudeMeters>
          <DistanceMeters>11575.1</DistanceMeters>
        </Trackpoint>
        <Trackpoint>
          <Time>2026-07-26T02:07:13Z</Time>
          <Position>
            <LatitudeDegrees>35.62732</LatitudeDegrees>
            <LongitudeDegrees>-105.97595</LongitudeDegrees>
          </Position>
          <AltitudeMeters>2057.7</AltitudeMeters>
          <DistanceMeters>11654.6</DistanceMeters>
        </Trackpoint>
        <Trackpoint>
          <Time>2026-07-26T02:07:23Z</Time>
          <Position>
            <LatitudeDegrees>35.6269</LatitudeDegrees>
            <LongitudeDegrees>-105.97726</LongitudeDegrees>
          </Position>
          <AltitudeMeters>2054.6</AltitudeMeters>
          <DistanceMeters>11782.0</DistanceMeters>
        </Trackpoint>
        <Trackpoint>
          <Time>2026-07-26T02:07:33Z</Time>
          <Position>
            <LatitudeDegrees>35.62685</LatitudeDegrees>
            <LongitudeDegrees>-105.97742</LongitudeDegrees>
          </Position>
          <AltitudeMeters>2053.9</AltitudeMeters>
          <DistanceMeters>11797.5</DistanceMeters>
        </Trackpoint>
        <Trackpoint>
          <Time>2026-07-26T02:07:43Z</Time>
          <Position>
            <LatitudeDegrees>35.62684</LatitudeDegrees>
            <LongitudeDegrees>-105.97743</LongitudeDegrees>
          </Position>
          <AltitudeMeters>2053.9</AltitudeMeters>
          <DistanceMeters>11799.0</DistanceMeters>
        </Trackpoint>
        <Trackpoint>
          <Time>2026-07-26T02:07:53Z</Time>
          <Position>
            <LatitudeDegrees>35.62667</LatitudeDegrees>
            <LongitudeDegrees>-105.97796</LongitudeDegrees>
          </Position>
          <AltitudeMeters>2049.5</AltitudeMeters>
          <DistanceMeters>11850.5</DistanceMeters>
        </Trackpoint>
        <Trackpoint>
          <Time>2026-07-26T02:08:03Z</Time>
          <Position>
            <LatitudeDegrees>35.62654</LatitudeDegrees>
            <LongitudeDegrees>-105.97837</LongitudeDegrees>
          </Position>
          <AltitudeMeters>2050.9</AltitudeMeters>
          <DistanceMeters>11890.3</DistanceMeters>
        </Trackpoint>
        <Trackpoint>
          <Time>2026-07-26T02:08:23Z</Time>
          <Position>
            <LatitudeDegrees>35.62631</LatitudeDegrees>
            <LongitudeDegrees>-105.97848</LongitudeDegrees>
          </Position>
          <AltitudeMeters>2052.6</AltitudeMeters>
          <DistanceMeters>11917.8</DistanceMeters>
        </Trackpoint>
        <Trackpoint>
          <Time>2026-07-26T02:08:43Z</Time>
          <Position>
            <LatitudeDegrees>35.62616</LatitudeDegrees>
            <LongitudeDegrees>-105.97895</LongitudeDegrees>
          </Position>
          <AltitudeMeters>2053.7</AltitudeMeters>
          <DistanceMeters>11963.5</DistanceMeters>
        </Trackpoint>
        <Trackpoint>
          <Time>2026-07-26T02:08:53Z</Time>
          <Position>
            <LatitudeDegrees>35.62615</LatitudeDegrees>
            <LongitudeDegrees>-105.97897</LongitudeDegrees>
          </Position>
          <AltitudeMeters>2053.8</AltitudeMeters>
          <DistanceMeters>11965.6</DistanceMeters>
        </Trackpoint>
        <Trackpoint>
          <Time>2026-07-26T02:09:03Z</Time>
          <Position>
            <LatitudeDegrees>35.62612</LatitudeDegrees>
            <LongitudeDegrees>-105.97908</LongitudeDegrees>
          </Position>
          <AltitudeMeters>2054.1</AltitudeMeters>
          <DistanceMeters>11976.1</DistanceMeters>
        </Trackpoint>
        <Trackpoint>
          <Time>2026-07-26T02:09:13Z</Time>
          <Position>
            <LatitudeDegrees>35.62608</LatitudeDegrees>
            <LongitudeDegrees>-105.97916</LongitudeDegrees>
          </Position>
          <AltitudeMeters>2054.5</AltitudeMeters>
          <DistanceMeters>11984.6</DistanceMeters>
        </Trackpoint>
        <Trackpoint>
          <Time>2026-07-26T02:09:23Z</Time>
          <Position>
            <LatitudeDegrees>35.62606</LatitudeDegrees>
            <LongitudeDegrees>-105.97915</LongitudeDegrees>
          </Position>
          <AltitudeMeters>2054.7</AltitudeMeters>
          <DistanceMeters>11987.0</DistanceMeters>
        </Trackpoint>
        <Trackpoint>
          <Time>2026-07-26T02:09:33Z</Time>
          <Position>
            <LatitudeDegrees>35.62612</LatitudeDegrees>
            <LongitudeDegrees>-105.97902</LongitudeDegrees>
          </Position>
          <AltitudeMeters>2054.1</AltitudeMeters>
          <DistanceMeters>12000.6</DistanceMeters>
        </Trackpoint>
        <Trackpoint>
          <Time>2026-07-26T02:09:43Z</Time>
          <Position>
            <LatitudeDegrees>35.62628</LatitudeDegrees>
            <LongitudeDegrees>-105.9785</LongitudeDegrees>
          </Position>
          <AltitudeMeters>2052.8</AltitudeMeters>
          <DistanceMeters>12050.9</DistanceMeters>
        </Trackpoint>
        <Trackpoint>
          <Time>2026-07-26T02:09:53Z</Time>
          <Position>
            <LatitudeDegrees>35.62648</LatitudeDegrees>
            <LongitudeDegrees>-105.97849</LongitudeDegrees>
          </Position>
          <AltitudeMeters>2051.1</AltitudeMeters>
          <DistanceMeters>12073.1</DistanceMeters>
        </Trackpoint>
        <Trackpoint>
          <Time>2026-07-26T02:10:03Z</Time>
          <Position>
            <LatitudeDegrees>35.62609</LatitudeDegrees>
            <LongitudeDegrees>-105.97945</LongitudeDegrees>
          </Position>
          <AltitudeMeters>2054.2</AltitudeMeters>
          <DistanceMeters>12170.3</DistanceMeters>
        </Trackpoint>
        <Trackpoint>
          <Time>2026-07-26T02:10:13Z</Time>
          <Position>
            <LatitudeDegrees>35.6257</LatitudeDegrees>
            <LongitudeDegrees>-105.98041</LongitudeDegrees>
          </Position>
          <AltitudeMeters>2049.4</AltitudeMeters>
          <DistanceMeters>12267.4</DistanceMeters>
        </Trackpoint>
        <Trackpoint>
          <Time>2026-07-26T02:10:23Z</Time>
          <Position>
            <LatitudeDegrees>35.62534</LatitudeDegrees>
            <LongitudeDegrees>-105.98124</LongitudeDegrees>
          </Position>
          <AltitudeMeters>2050.9</AltitudeMeters>
          <DistanceMeters>12352.5</DistanceMeters>
        </Trackpoint>
        <Trackpoint>
          <Time>2026-07-26T02:10:33Z</Time>
          <Position>
            <LatitudeDegrees>35.62495</LatitudeDegrees>
            <LongitudeDegrees>-105.98205</LongitudeDegrees>
          </Position>
          <AltitudeMeters>2049.1</AltitudeMeters>
          <DistanceMeters>12437.7</DistanceMeters>
        </Trackpoint>
        <Trackpoint>
          <Time>2026-07-26T02:10:43Z</Time>
          <Position>
            <LatitudeDegrees>35.62449</LatitudeDegrees>
            <LongitudeDegrees>-105.98285</LongitudeDegrees>
          </Position>
          <AltitudeMeters>2049.1</AltitudeMeters>
          <DistanceMeters>12526.3</DistanceMeters>
        </Trackpoint>
        <Trackpoint>
          <Time>2026-07-26T02:10:53Z</Time>
          <Position>
            <LatitudeDegrees>35.62425</LatitudeDegrees>
            <LongitudeDegrees>-105.98341</LongitudeDegrees>
          </Position>
          <AltitudeMeters>2048.3</AltitudeMeters>
          <DistanceMeters>12583.6</DistanceMeters>
        </Trackpoint>
        <Trackpoint>
          <Time>2026-07-26T02:11:03Z</Time>
          <Position>
            <LatitudeDegrees>35.62379</LatitudeDegrees>
            <LongitudeDegrees>-105.98431</LongitudeDegrees>
          </Position>
          <AltitudeMeters>2044.5</AltitudeMeters>
          <DistanceMeters>12679.8</DistanceMeters>
        </Trackpoint>
        <Trackpoint>
          <Time>2026-07-26T02:11:13Z</Time>
          <Position>
            <LatitudeDegrees>35.62353</LatitudeDegrees>
            <LongitudeDegrees>-105.985</LongitudeDegrees>
          </Position>
          <AltitudeMeters>2044.1</AltitudeMeters>
          <DistanceMeters>12748.6</DistanceMeters>
        </Trackpoint>
        <Trackpoint>
          <Time>2026-07-26T02:11:23Z</Time>
          <Position>
            <LatitudeDegrees>35.62327</LatitudeDegrees>
            <LongitudeDegrees>-105.9857</LongitudeDegrees>
          </Position>
          <AltitudeMeters>2042.5</AltitudeMeters>
          <DistanceMeters>12818.3</DistanceMeters>
        </Trackpoint>
        <Trackpoint>
          <Time>2026-07-26T02:11:33Z</Time>
          <Position>
            <LatitudeDegrees>35.62306</LatitudeDegrees>
            <LongitudeDegrees>-105.9866</LongitudeDegrees>
          </Position>
          <AltitudeMeters>2039.1</AltitudeMeters>
          <DistanceMeters>12903.0</DistanceMeters>
        </Trackpoint>
        <Trackpoint>
          <Time>2026-07-26T02:11:43Z</Time>
          <Position>
            <LatitudeDegrees>35.62285</LatitudeDegrees>
            <LongitudeDegrees>-105.9875</LongitudeDegrees>
          </Position>
          <AltitudeMeters>2038.0</AltitudeMeters>
          <DistanceMeters>12987.7</DistanceMeters>
        </Trackpoint>
        <Trackpoint>
          <Time>2026-07-26T02:11:53Z</Time>
          <Position>
            <LatitudeDegrees>35.62272</LatitudeDegrees>
            <LongitudeDegrees>-105.98831</LongitudeDegrees>
          </Position>
          <AltitudeMeters>2038.0</AltitudeMeters>
          <DistanceMeters>13062.5</DistanceMeters>
        </Trackpoint>
        <Trackpoint>
          <Time>2026-07-26T02:12:03Z</Time>
          <Position>
            <LatitudeDegrees>35.62259</LatitudeDegrees>
            <LongitudeDegrees>-105.98911</LongitudeDegrees>
          </Position>
          <AltitudeMeters>2036.9</AltitudeMeters>
          <DistanceMeters>13136.3</DistanceMeters>
        </Trackpoint>
        <Trackpoint>
          <Time>2026-07-26T02:12:13Z</Time>
          <Position>
            <LatitudeDegrees>35.62246</LatitudeDegrees>
            <LongitudeDegrees>-105.98992</LongitudeDegrees>
          </Position>
          <AltitudeMeters>2034.8</AltitudeMeters>
          <DistanceMeters>13211.0</DistanceMeters>
        </Trackpoint>
        <Trackpoint>
          <Time>2026-07-26T02:12:23Z</Time>
          <Position>
            <LatitudeDegrees>35.62235</LatitudeDegrees>
            <LongitudeDegrees>-105.99043</LongitudeDegrees>
          </Position>
          <AltitudeMeters>2033.9</AltitudeMeters>
          <DistanceMeters>13258.7</DistanceMeters>
        </Trackpoint>
        <Trackpoint>
          <Time>2026-07-26T02:12:33Z</Time>
          <Position>
            <LatitudeDegrees>35.62223</LatitudeDegrees>
            <LongitudeDegrees>-105.99083</LongitudeDegrees>
          </Position>
          <AltitudeMeters>2033.2</AltitudeMeters>
          <DistanceMeters>13297.3</DistanceMeters>
        </Trackpoint>
        <Trackpoint>
          <Time>2026-07-26T02:12:43Z</Time>
          <Position>
            <LatitudeDegrees>35.6222</LatitudeDegrees>
            <LongitudeDegrees>-105.99101</LongitudeDegrees>
          </Position>
          <AltitudeMeters>2032.9</AltitudeMeters>
          <DistanceMeters>13313.9</DistanceMeters>
        </Trackpoint>
        <Trackpoint>
          <Time>2026-07-26T02:12:53Z</Time>
          <Position>
            <LatitudeDegrees>35.62221</LatitudeDegrees>
            <LongitudeDegrees>-105.99119</LongitudeDegrees>
          </Position>
          <AltitudeMeters>2032.4</AltitudeMeters>
          <DistanceMeters>13330.3</DistanceMeters>
        </Trackpoint>
        <Trackpoint>
          <Time>2026-07-26T02:13:03Z</Time>
          <Position>
            <LatitudeDegrees>35.62223</LatitudeDegrees>
            <LongitudeDegrees>-105.99128</LongitudeDegrees>
          </Position>
          <AltitudeMeters>2032.1</AltitudeMeters>
          <DistanceMeters>13338.7</DistanceMeters>
        </Trackpoint>
        <Trackpoint>
          <Time>2026-07-26T02:13:13Z</Time>
          <Position>
            <LatitudeDegrees>35.62222</LatitudeDegrees>
            <LongitudeDegrees>-105.99132</LongitudeDegrees>
          </Position>
          <AltitudeMeters>2032.1</AltitudeMeters>
          <DistanceMeters>13342.5</DistanceMeters>
        </Trackpoint>
        <Trackpoint>
          <Time>2026-07-26T02:13:23Z</Time>
          <Position>
            <LatitudeDegrees>35.62209</LatitudeDegrees>
            <LongitudeDegrees>-105.99154</LongitudeDegrees>
          </Position>
          <AltitudeMeters>2031.9</AltitudeMeters>
          <DistanceMeters>13367.1</DistanceMeters>
        </Trackpoint>
        <Trackpoint>
          <Time>2026-07-26T02:13:33Z</Time>
          <Position>
            <LatitudeDegrees>35.62199</LatitudeDegrees>
            <LongitudeDegrees>-105.9918</LongitudeDegrees>
          </Position>
          <AltitudeMeters>2031.3</AltitudeMeters>
          <DistanceMeters>13393.1</DistanceMeters>
        </Trackpoint>
        <Trackpoint>
          <Time>2026-07-26T02:13:43Z</Time>
          <Position>
            <LatitudeDegrees>35.62183</LatitudeDegrees>
            <LongitudeDegrees>-105.99261</LongitudeDegrees>
          </Position>
          <AltitudeMeters>2027.2</AltitudeMeters>
          <DistanceMeters>13468.6</DistanceMeters>
        </Trackpoint>
        <Trackpoint>
          <Time>2026-07-26T02:13:53Z</Time>
          <Position>
            <LatitudeDegrees>35.62163</LatitudeDegrees>
            <LongitudeDegrees>-105.99331</LongitudeDegrees>
          </Position>
          <AltitudeMeters>2024.0</AltitudeMeters>
          <DistanceMeters>13535.7</DistanceMeters>
        </Trackpoint>
        <Trackpoint>
          <Time>2026-07-26T02:14:13Z</Time>
          <Position>
            <LatitudeDegrees>35.62142</LatitudeDegrees>
            <LongitudeDegrees>-105.99401</LongitudeDegrees>
          </Position>
          <AltitudeMeters>2025.3</AltitudeMeters>
          <DistanceMeters>13603.2</DistanceMeters>
        </Trackpoint>
        <Trackpoint>
          <Time>2026-07-26T02:14:23Z</Time>
          <Position>
            <LatitudeDegrees>35.62119</LatitudeDegrees>
            <LongitudeDegrees>-105.99468</LongitudeDegrees>
          </Position>
          <AltitudeMeters>2026.2</AltitudeMeters>
          <DistanceMeters>13669.0</DistanceMeters>
        </Trackpoint>
        <Trackpoint>
          <Time>2026-07-26T02:14:33Z</Time>
          <Position>
            <LatitudeDegrees>35.62094</LatitudeDegrees>
            <LongitudeDegrees>-105.99532</LongitudeDegrees>
          </Position>
          <AltitudeMeters>2025.7</AltitudeMeters>
          <DistanceMeters>13733.3</DistanceMeters>
        </Trackpoint>
        <Trackpoint>
          <Time>2026-07-26T02:14:43Z</Time>
          <Position>
            <LatitudeDegrees>35.62069</LatitudeDegrees>
            <LongitudeDegrees>-105.99595</LongitudeDegrees>
          </Position>
          <AltitudeMeters>2025.3</AltitudeMeters>
          <DistanceMeters>13796.7</DistanceMeters>
        </Trackpoint>
        <Trackpoint>
          <Time>2026-07-26T02:14:53Z</Time>
          <Position>
            <LatitudeDegrees>35.62045</LatitudeDegrees>
            <LongitudeDegrees>-105.99662</LongitudeDegrees>
          </Position>
          <AltitudeMeters>2023.3</AltitudeMeters>
          <DistanceMeters>13863.0</DistanceMeters>
        </Trackpoint>
        <Trackpoint>
          <Time>2026-07-26T02:15:03Z</Time>
          <Position>
            <LatitudeDegrees>35.62021</LatitudeDegrees>
            <LongitudeDegrees>-105.9973</LongitudeDegrees>
          </Position>
          <AltitudeMeters>2021.7</AltitudeMeters>
          <DistanceMeters>13930.1</DistanceMeters>
        </Trackpoint>
        <Trackpoint>
          <Time>2026-07-26T02:15:13Z</Time>
          <Position>
            <LatitudeDegrees>35.61991</LatitudeDegrees>
            <LongitudeDegrees>-105.99829</LongitudeDegrees>
          </Position>
          <AltitudeMeters>2020.1</AltitudeMeters>
          <DistanceMeters>14025.7</DistanceMeters>
        </Trackpoint>
        <Trackpoint>
          <Time>2026-07-26T02:15:23Z</Time>
          <Position>
            <LatitudeDegrees>35.61967</LatitudeDegrees>
            <LongitudeDegrees>-105.99888</LongitudeDegrees>
          </Position>
          <AltitudeMeters>2020.2</AltitudeMeters>
          <DistanceMeters>14085.4</DistanceMeters>
        </Trackpoint>
        <Trackpoint>
          <Time>2026-07-26T02:15:33Z</Time>
          <Position>
            <LatitudeDegrees>35.61923</LatitudeDegrees>
            <LongitudeDegrees>-105.99969</LongitudeDegrees>
          </Position>
          <AltitudeMeters>2019.1</AltitudeMeters>
          <DistanceMeters>14173.5</DistanceMeters>
        </Trackpoint>
        <Trackpoint>
          <Time>2026-07-26T02:15:43Z</Time>
          <Position>
            <LatitudeDegrees>35.61909</LatitudeDegrees>
            <LongitudeDegrees>-106.00001</LongitudeDegrees>
          </Position>
          <AltitudeMeters>2018.5</AltitudeMeters>
          <DistanceMeters>14206.4</DistanceMeters>
        </Trackpoint>
        <Trackpoint>
          <Time>2026-07-26T02:15:53Z</Time>
          <Position>
            <LatitudeDegrees>35.61905</LatitudeDegrees>
            <LongitudeDegrees>-106.00021</LongitudeDegrees>
          </Position>
          <AltitudeMeters>2018.1</AltitudeMeters>
          <DistanceMeters>14225.1</DistanceMeters>
        </Trackpoint>
        <Trackpoint>
          <Time>2026-07-26T02:16:03Z</Time>
          <Position>
            <LatitudeDegrees>35.61905</LatitudeDegrees>
            <LongitudeDegrees>-106.00036</LongitudeDegrees>
          </Position>
          <AltitudeMeters>2017.8</AltitudeMeters>
          <DistanceMeters>14238.6</DistanceMeters>
        </Trackpoint>
        <Trackpoint>
          <Time>2026-07-26T02:16:13Z</Time>
          <Position>
            <LatitudeDegrees>35.61907</LatitudeDegrees>
            <LongitudeDegrees>-106.00039</LongitudeDegrees>
          </Position>
          <AltitudeMeters>2017.8</AltitudeMeters>
          <DistanceMeters>14242.1</DistanceMeters>
        </Trackpoint>
        <Trackpoint>
          <Time>2026-07-26T02:16:23Z</Time>
          <Position>
            <LatitudeDegrees>35.61909</LatitudeDegrees>
            <LongitudeDegrees>-106.00047</LongitudeDegrees>
          </Position>
          <AltitudeMeters>2017.9</AltitudeMeters>
          <DistanceMeters>14249.7</DistanceMeters>
        </Trackpoint>
        <Trackpoint>
          <Time>2026-07-26T02:16:33Z</Time>
          <Position>
            <LatitudeDegrees>35.619</LatitudeDegrees>
            <LongitudeDegrees>-106.0007</LongitudeDegrees>
          </Position>
          <AltitudeMeters>2017.3</AltitudeMeters>
          <DistanceMeters>14272.8</DistanceMeters>
        </Trackpoint>
        <Trackpoint>
          <Time>2026-07-26T02:16:43Z</Time>
          <Position>
            <LatitudeDegrees>35.61899</LatitudeDegrees>
            <LongitudeDegrees>-106.0009</LongitudeDegrees>
          </Position>
          <AltitudeMeters>2017.2</AltitudeMeters>
          <DistanceMeters>14290.9</DistanceMeters>
        </Trackpoint>
        <Trackpoint>
          <Time>2026-07-26T02:16:53Z</Time>
          <Position>
            <LatitudeDegrees>35.61909</LatitudeDegrees>
            <LongitudeDegrees>-106.00173</LongitudeDegrees>
          </Position>
          <AltitudeMeters>2016.3</AltitudeMeters>
          <DistanceMeters>14366.9</DistanceMeters>
        </Trackpoint>
        <Trackpoint>
          <Time>2026-07-26T02:17:13Z</Time>
          <Position>
            <LatitudeDegrees>35.61907</LatitudeDegrees>
            <LongitudeDegrees>-106.00207</LongitudeDegrees>
          </Position>
          <AltitudeMeters>2015.0</AltitudeMeters>
          <DistanceMeters>14397.7</DistanceMeters>
        </Trackpoint>
        <Trackpoint>
          <Time>2026-07-26T02:17:23Z</Time>
          <Position>
            <LatitudeDegrees>35.61887</LatitudeDegrees>
            <LongitudeDegrees>-106.00301</LongitudeDegrees>
          </Position>
          <AltitudeMeters>2013.2</AltitudeMeters>
          <DistanceMeters>14485.6</DistanceMeters>
        </Trackpoint>
        <Trackpoint>
          <Time>2026-07-26T02:17:33Z</Time>
          <Position>
            <LatitudeDegrees>35.61861</LatitudeDegrees>
            <LongitudeDegrees>-106.00403</LongitudeDegrees>
          </Position>
          <AltitudeMeters>2009.5</AltitudeMeters>
          <DistanceMeters>14582.4</DistanceMeters>
        </Trackpoint>
        <Trackpoint>
          <Time>2026-07-26T02:17:43Z</Time>
          <Position>
            <LatitudeDegrees>35.61832</LatitudeDegrees>
            <LongitudeDegrees>-106.00504</LongitudeDegrees>
          </Position>
          <AltitudeMeters>2009.3</AltitudeMeters>
          <DistanceMeters>14679.3</DistanceMeters>
        </Trackpoint>
        <Trackpoint>
          <Time>2026-07-26T02:17:53Z</Time>
          <Position>
            <LatitudeDegrees>35.61814</LatitudeDegrees>
            <LongitudeDegrees>-106.00557</LongitudeDegrees>
          </Position>
          <AltitudeMeters>2007.9</AltitudeMeters>
          <DistanceMeters>14731.3</DistanceMeters>
        </Trackpoint>
        <Trackpoint>
          <Time>2026-07-26T02:18:03Z</Time>
          <Position>
            <LatitudeDegrees>35.61797</LatitudeDegrees>
            <LongitudeDegrees>-106.0061</LongitudeDegrees>
          </Position>
          <AltitudeMeters>2007.3</AltitudeMeters>
          <DistanceMeters>14782.9</DistanceMeters>
        </Trackpoint>
        <Trackpoint>
          <Time>2026-07-26T02:18:13Z</Time>
          <Position>
            <LatitudeDegrees>35.61779</LatitudeDegrees>
            <LongitudeDegrees>-106.00658</LongitudeDegrees>
          </Position>
          <AltitudeMeters>2008.4</AltitudeMeters>
          <DistanceMeters>14830.7</DistanceMeters>
        </Trackpoint>
        <Trackpoint>
          <Time>2026-07-26T02:18:43Z</Time>
          <Position>
            <LatitudeDegrees>35.61755</LatitudeDegrees>
            <LongitudeDegrees>-106.00723</LongitudeDegrees>
          </Position>
          <AltitudeMeters>2007.9</AltitudeMeters>
          <DistanceMeters>14895.3</DistanceMeters>
        </Trackpoint>
        <Trackpoint>
          <Time>2026-07-26T02:18:53Z</Time>
          <Position>
            <LatitudeDegrees>35.61722</LatitudeDegrees>
            <LongitudeDegrees>-106.00799</LongitudeDegrees>
          </Position>
          <AltitudeMeters>2006.0</AltitudeMeters>
          <DistanceMeters>14973.3</DistanceMeters>
        </Trackpoint>
        <Trackpoint>
          <Time>2026-07-26T02:19:03Z</Time>
          <Position>
            <LatitudeDegrees>35.6169</LatitudeDegrees>
            <LongitudeDegrees>-106.00875</LongitudeDegrees>
          </Position>
          <AltitudeMeters>2005.3</AltitudeMeters>
          <DistanceMeters>15050.7</DistanceMeters>
        </Trackpoint>
        <Trackpoint>
          <Time>2026-07-26T02:19:13Z</Time>
          <Position>
            <LatitudeDegrees>35.61658</LatitudeDegrees>
            <LongitudeDegrees>-106.00951</LongitudeDegrees>
          </Position>
          <AltitudeMeters>2003.9</AltitudeMeters>
          <DistanceMeters>15128.2</DistanceMeters>
        </Trackpoint>
        <Trackpoint>
          <Time>2026-07-26T02:19:33Z</Time>
          <Position>
            <LatitudeDegrees>35.61624</LatitudeDegrees>
            <LongitudeDegrees>-106.01032</LongitudeDegrees>
          </Position>
          <AltitudeMeters>2001.2</AltitudeMeters>
          <DistanceMeters>15210.7</DistanceMeters>
        </Trackpoint>
        <Trackpoint>
          <Time>2026-07-26T02:19:43Z</Time>
          <Position>
            <LatitudeDegrees>35.6159</LatitudeDegrees>
            <LongitudeDegrees>-106.01112</LongitudeDegrees>
          </Position>
          <AltitudeMeters>1998.9</AltitudeMeters>
          <DistanceMeters>15292.4</DistanceMeters>
        </Trackpoint>
        <Trackpoint>
          <Time>2026-07-26T02:19:53Z</Time>
          <Position>
            <LatitudeDegrees>35.61568</LatitudeDegrees>
            <LongitudeDegrees>-106.01169</LongitudeDegrees>
          </Position>
          <AltitudeMeters>1997.5</AltitudeMeters>
          <DistanceMeters>15349.5</DistanceMeters>
        </Trackpoint>
        <Trackpoint>
          <Time>2026-07-26T02:20:03Z</Time>
          <Position>
            <LatitudeDegrees>35.61546</LatitudeDegrees>
            <LongitudeDegrees>-106.01227</LongitudeDegrees>
          </Position>
          <AltitudeMeters>1996.4</AltitudeMeters>
          <DistanceMeters>15407.4</DistanceMeters>
        </Trackpoint>
        <Trackpoint>
          <Time>2026-07-26T02:20:13Z</Time>
          <Position>
            <LatitudeDegrees>35.61522</LatitudeDegrees>
            <LongitudeDegrees>-106.01294</LongitudeDegrees>
          </Position>
          <AltitudeMeters>1996.1</AltitudeMeters>
          <DistanceMeters>15473.6</DistanceMeters>
        </Trackpoint>
        <Trackpoint>
          <Time>2026-07-26T02:20:33Z</Time>
          <Position>
            <LatitudeDegrees>35.61507</LatitudeDegrees>
            <LongitudeDegrees>-106.01336</LongitudeDegrees>
          </Position>
          <AltitudeMeters>1995.6</AltitudeMeters>
          <DistanceMeters>15515.1</DistanceMeters>
        </Trackpoint>
        <Trackpoint>
          <Time>2026-07-26T02:20:43Z</Time>
          <Position>
            <LatitudeDegrees>35.61499</LatitudeDegrees>
            <LongitudeDegrees>-106.01365</LongitudeDegrees>
          </Position>
          <AltitudeMeters>1995.1</AltitudeMeters>
          <DistanceMeters>15542.9</DistanceMeters>
        </Trackpoint>
        <Trackpoint>
          <Time>2026-07-26T02:20:53Z</Time>
          <Position>
            <LatitudeDegrees>35.61478</LatitudeDegrees>
            <LongitudeDegrees>-106.01429</LongitudeDegrees>
          </Position>
          <AltitudeMeters>1993.6</AltitudeMeters>
          <DistanceMeters>15605.3</DistanceMeters>
        </Trackpoint>
        <Trackpoint>
          <Time>2026-07-26T02:21:03Z</Time>
          <Position>
            <LatitudeDegrees>35.61457</LatitudeDegrees>
            <LongitudeDegrees>-106.01493</LongitudeDegrees>
          </Position>
          <AltitudeMeters>1990.6</AltitudeMeters>
          <DistanceMeters>15667.8</DistanceMeters>
        </Trackpoint>
        <Trackpoint>
          <Time>2026-07-26T02:21:13Z</Time>
          <Position>
            <LatitudeDegrees>35.61443</LatitudeDegrees>
            <LongitudeDegrees>-106.01516</LongitudeDegrees>
          </Position>
          <AltitudeMeters>1990.5</AltitudeMeters>
          <DistanceMeters>15693.8</DistanceMeters>
        </Trackpoint>
        <Trackpoint>
          <Time>2026-07-26T02:21:23Z</Time>
          <Position>
            <LatitudeDegrees>35.61399</LatitudeDegrees>
            <LongitudeDegrees>-106.01567</LongitudeDegrees>
          </Position>
          <AltitudeMeters>1988.7</AltitudeMeters>
          <DistanceMeters>15761.1</DistanceMeters>
        </Trackpoint>
        <Trackpoint>
          <Time>2026-07-26T02:21:33Z</Time>
          <Position>
            <LatitudeDegrees>35.61381</LatitudeDegrees>
            <LongitudeDegrees>-106.01597</LongitudeDegrees>
          </Position>
          <AltitudeMeters>1988.1</AltitudeMeters>
          <DistanceMeters>15794.8</DistanceMeters>
        </Trackpoint>
        <Trackpoint>
          <Time>2026-07-26T02:21:43Z</Time>
          <Position>
            <LatitudeDegrees>35.61373</LatitudeDegrees>
            <LongitudeDegrees>-106.01618</LongitudeDegrees>
          </Position>
          <AltitudeMeters>1987.8</AltitudeMeters>
          <DistanceMeters>15815.8</DistanceMeters>
        </Trackpoint>
        <Trackpoint>
          <Time>2026-07-26T02:21:53Z</Time>
          <Position>
            <LatitudeDegrees>35.61367</LatitudeDegrees>
            <LongitudeDegrees>-106.01641</LongitudeDegrees>
          </Position>
          <AltitudeMeters>1987.6</AltitudeMeters>
          <DistanceMeters>15837.7</DistanceMeters>
        </Trackpoint>
        <Trackpoint>
          <Time>2026-07-26T02:22:03Z</Time>
          <Position>
            <LatitudeDegrees>35.61359</LatitudeDegrees>
            <LongitudeDegrees>-106.01696</LongitudeDegrees>
          </Position>
          <AltitudeMeters>1987.6</AltitudeMeters>
          <DistanceMeters>15888.2</DistanceMeters>
        </Trackpoint>
        <Trackpoint>
          <Time>2026-07-26T02:22:13Z</Time>
          <Position>
            <LatitudeDegrees>35.61351</LatitudeDegrees>
            <LongitudeDegrees>-106.01752</LongitudeDegrees>
          </Position>
          <AltitudeMeters>1986.9</AltitudeMeters>
          <DistanceMeters>15939.7</DistanceMeters>
        </Trackpoint>
        <Trackpoint>
          <Time>2026-07-26T02:22:33Z</Time>
          <Position>
            <LatitudeDegrees>35.61346</LatitudeDegrees>
            <LongitudeDegrees>-106.0177</LongitudeDegrees>
          </Position>
          <AltitudeMeters>1986.5</AltitudeMeters>
          <DistanceMeters>15956.9</DistanceMeters>
        </Trackpoint>
        <Trackpoint>
          <Time>2026-07-26T02:22:43Z</Time>
          <Position>
            <LatitudeDegrees>35.61325</LatitudeDegrees>
            <LongitudeDegrees>-106.01826</LongitudeDegrees>
          </Position>
          <AltitudeMeters>1984.8</AltitudeMeters>
          <DistanceMeters>16012.7</DistanceMeters>
        </Trackpoint>
        <Trackpoint>
          <Time>2026-07-26T02:22:53Z</Time>
          <Position>
            <LatitudeDegrees>35.61301</LatitudeDegrees>
            <LongitudeDegrees>-106.01898</LongitudeDegrees>
          </Position>
          <AltitudeMeters>1983.6</AltitudeMeters>
          <DistanceMeters>16083.1</DistanceMeters>
        </Trackpoint>
        <Trackpoint>
          <Time>2026-07-26T02:23:03Z</Time>
          <Position>
            <LatitudeDegrees>35.6128</LatitudeDegrees>
            <LongitudeDegrees>-106.0198</LongitudeDegrees>
          </Position>
          <AltitudeMeters>1982.3</AltitudeMeters>
          <DistanceMeters>16160.9</DistanceMeters>
        </Trackpoint>
        <Trackpoint>
          <Time>2026-07-26T02:23:13Z</Time>
          <Position>
            <LatitudeDegrees>35.61279</LatitudeDegrees>
            <LongitudeDegrees>-106.01993</LongitudeDegrees>
          </Position>
          <AltitudeMeters>1981.8</AltitudeMeters>
          <DistanceMeters>16172.8</DistanceMeters>
        </Trackpoint>
        <Trackpoint>
          <Time>2026-07-26T02:23:23Z</Time>
          <Position>
            <LatitudeDegrees>35.61274</LatitudeDegrees>
            <LongitudeDegrees>-106.02019</LongitudeDegrees>
          </Position>
          <AltitudeMeters>1979.6</AltitudeMeters>
          <DistanceMeters>16196.9</DistanceMeters>
        </Trackpoint>
        <Trackpoint>
          <Time>2026-07-26T02:23:33Z</Time>
          <Position>
            <LatitudeDegrees>35.6126</LatitudeDegrees>
            <LongitudeDegrees>-106.02059</LongitudeDegrees>
          </Position>
          <AltitudeMeters>1976.5</AltitudeMeters>
          <DistanceMeters>16236.4</DistanceMeters>
        </Trackpoint>
        <Trackpoint>
          <Time>2026-07-26T02:23:53Z</Time>
          <Position>
            <LatitudeDegrees>35.61251</LatitudeDegrees>
            <LongitudeDegrees>-106.02084</LongitudeDegrees>
          </Position>
          <AltitudeMeters>1975.2</AltitudeMeters>
          <DistanceMeters>16261.1</DistanceMeters>
        </Trackpoint>
        <Trackpoint>
          <Time>2026-07-26T02:24:03Z</Time>
          <Position>
            <LatitudeDegrees>35.6122</LatitudeDegrees>
            <LongitudeDegrees>-106.02125</LongitudeDegrees>
          </Position>
          <AltitudeMeters>1972.7</AltitudeMeters>
          <DistanceMeters>16311.8</DistanceMeters>
        </Trackpoint>
        <Trackpoint>
          <Time>2026-07-26T02:24:13Z</Time>
          <Position>
            <LatitudeDegrees>35.61206</LatitudeDegrees>
            <LongitudeDegrees>-106.02152</LongitudeDegrees>
          </Position>
          <AltitudeMeters>1971.8</AltitudeMeters>
          <DistanceMeters>16340.7</DistanceMeters>
        </Trackpoint>
        <Trackpoint>
          <Time>2026-07-26T02:24:23Z</Time>
          <Position>
            <LatitudeDegrees>35.61197</LatitudeDegrees>
            <LongitudeDegrees>-106.02179</LongitudeDegrees>
          </Position>
          <AltitudeMeters>1971.5</AltitudeMeters>
          <DistanceMeters>16367.2</DistanceMeters>
        </Trackpoint>
        <Trackpoint>
          <Time>2026-07-26T02:24:33Z</Time>
          <Position>
            <LatitudeDegrees>35.61184</LatitudeDegrees>
            <LongitudeDegrees>-106.02236</LongitudeDegrees>
          </Position>
          <AltitudeMeters>1973.1</AltitudeMeters>
          <DistanceMeters>16420.7</DistanceMeters>
        </Trackpoint>
        <Trackpoint>
          <Time>2026-07-26T02:24:43Z</Time>
          <Position>
            <LatitudeDegrees>35.61179</LatitudeDegrees>
            <LongitudeDegrees>-106.02249</LongitudeDegrees>
          </Position>
          <AltitudeMeters>1973.7</AltitudeMeters>
          <DistanceMeters>16433.7</DistanceMeters>
        </Trackpoint>
        <Trackpoint>
          <Time>2026-07-26T02:24:53Z</Time>
          <Position>
            <LatitudeDegrees>35.61168</LatitudeDegrees>
            <LongitudeDegrees>-106.02266</LongitudeDegrees>
          </Position>
          <AltitudeMeters>1973.9</AltitudeMeters>
          <DistanceMeters>16453.4</DistanceMeters>
        </Trackpoint>
        <Trackpoint>
          <Time>2026-07-26T02:25:03Z</Time>
          <Position>
            <LatitudeDegrees>35.61152</LatitudeDegrees>
            <LongitudeDegrees>-106.02285</LongitudeDegrees>
          </Position>
          <AltitudeMeters>1974.9</AltitudeMeters>
          <DistanceMeters>16478.2</DistanceMeters>
        </Trackpoint>
        <Trackpoint>
          <Time>2026-07-26T02:25:13Z</Time>
          <Position>
            <LatitudeDegrees>35.6114</LatitudeDegrees>
            <LongitudeDegrees>-106.0229</LongitudeDegrees>
          </Position>
          <AltitudeMeters>1975.3</AltitudeMeters>
          <DistanceMeters>16492.3</DistanceMeters>
        </Trackpoint>
        <Trackpoint>
          <Time>2026-07-26T02:25:23Z</Time>
          <Position>
            <LatitudeDegrees>35.61127</LatitudeDegrees>
            <LongitudeDegrees>-106.02293</LongitudeDegrees>
          </Position>
          <AltitudeMeters>1976.0</AltitudeMeters>
          <DistanceMeters>16507.0</DistanceMeters>
        </Trackpoint>
        <Trackpoint>
          <Time>2026-07-26T02:25:33Z</Time>
          <Position>
            <LatitudeDegrees>35.61104</LatitudeDegrees>
            <LongitudeDegrees>-106.02292</LongitudeDegrees>
          </Position>
          <AltitudeMeters>1977.2</AltitudeMeters>
          <DistanceMeters>16532.6</DistanceMeters>
        </Trackpoint>
        <Trackpoint>
          <Time>2026-07-26T02:25:43Z</Time>
          <Position>
            <LatitudeDegrees>35.61081</LatitudeDegrees>
            <LongitudeDegrees>-106.02296</LongitudeDegrees>
          </Position>
          <AltitudeMeters>1976.8</AltitudeMeters>
          <DistanceMeters>16558.5</DistanceMeters>
        </Trackpoint>
        <Trackpoint>
          <Time>2026-07-26T02:25:53Z</Time>
          <Position>
            <LatitudeDegrees>35.61056</LatitudeDegrees>
            <LongitudeDegrees>-106.02305</LongitudeDegrees>
          </Position>
          <AltitudeMeters>1975.7</AltitudeMeters>
          <DistanceMeters>16587.5</DistanceMeters>
        </Trackpoint>
        <Trackpoint>
          <Time>2026-07-26T02:26:03Z</Time>
          <Position>
            <LatitudeDegrees>35.61036</LatitudeDegrees>
            <LongitudeDegrees>-106.02315</LongitudeDegrees>
          </Position>
          <AltitudeMeters>1973.6</AltitudeMeters>
          <DistanceMeters>16611.5</DistanceMeters>
        </Trackpoint>
        <Trackpoint>
          <Time>2026-07-26T02:26:13Z</Time>
          <Position>
            <LatitudeDegrees>35.6102</LatitudeDegrees>
            <LongitudeDegrees>-106.0233</LongitudeDegrees>
          </Position>
          <AltitudeMeters>1971.5</AltitudeMeters>
          <DistanceMeters>16633.9</DistanceMeters>
        </Trackpoint>
        <Trackpoint>
          <Time>2026-07-26T02:26:23Z</Time>
          <Position>
            <LatitudeDegrees>35.61001</LatitudeDegrees>
            <LongitudeDegrees>-106.02359</LongitudeDegrees>
          </Position>
          <AltitudeMeters>1970.4</AltitudeMeters>
          <DistanceMeters>16667.6</DistanceMeters>
        </Trackpoint>
        <Trackpoint>
          <Time>2026-07-26T02:26:33Z</Time>
          <Position>
            <LatitudeDegrees>35.60991</LatitudeDegrees>
            <LongitudeDegrees>-106.02385</LongitudeDegrees>
          </Position>
          <AltitudeMeters>1970.2</AltitudeMeters>
          <DistanceMeters>16693.6</DistanceMeters>
        </Trackpoint>
        <Trackpoint>
          <Time>2026-07-26T02:26:53Z</Time>
          <Position>
            <LatitudeDegrees>35.60986</LatitudeDegrees>
            <LongitudeDegrees>-106.02414</LongitudeDegrees>
          </Position>
          <AltitudeMeters>1970.2</AltitudeMeters>
          <DistanceMeters>16720.5</DistanceMeters>
        </Trackpoint>
        <Trackpoint>
          <Time>2026-07-26T02:27:03Z</Time>
          <Position>
            <LatitudeDegrees>35.60985</LatitudeDegrees>
            <LongitudeDegrees>-106.02437</LongitudeDegrees>
          </Position>
          <AltitudeMeters>1970.0</AltitudeMeters>
          <DistanceMeters>16741.3</DistanceMeters>
        </Trackpoint>
        <Trackpoint>
          <Time>2026-07-26T02:27:13Z</Time>
          <Position>
            <LatitudeDegrees>35.60989</LatitudeDegrees>
            <LongitudeDegrees>-106.02459</LongitudeDegrees>
          </Position>
          <AltitudeMeters>1970.0</AltitudeMeters>
          <DistanceMeters>16761.7</DistanceMeters>
        </Trackpoint>
        <Trackpoint>
          <Time>2026-07-26T02:27:23Z</Time>
          <Position>
            <LatitudeDegrees>35.61006</LatitudeDegrees>
            <LongitudeDegrees>-106.02533</LongitudeDegrees>
          </Position>
          <AltitudeMeters>1969.8</AltitudeMeters>
          <DistanceMeters>16831.3</DistanceMeters>
        </Trackpoint>
        <Trackpoint>
          <Time>2026-07-26T02:27:33Z</Time>
          <Position>
            <LatitudeDegrees>35.61024</LatitudeDegrees>
            <LongitudeDegrees>-106.02607</LongitudeDegrees>
          </Position>
          <AltitudeMeters>1969.8</AltitudeMeters>
          <DistanceMeters>16901.2</DistanceMeters>
        </Trackpoint>
        <Trackpoint>
          <Time>2026-07-26T02:27:43Z</Time>
          <Position>
            <LatitudeDegrees>35.61025</LatitudeDegrees>
            <LongitudeDegrees>-106.02625</LongitudeDegrees>
          </Position>
          <AltitudeMeters>1970.1</AltitudeMeters>
          <DistanceMeters>16917.5</DistanceMeters>
        </Trackpoint>
        <Trackpoint>
          <Time>2026-07-26T02:27:53Z</Time>
          <Position>
            <LatitudeDegrees>35.61022</LatitudeDegrees>
            <LongitudeDegrees>-106.02643</LongitudeDegrees>
          </Position>
          <AltitudeMeters>1970.2</AltitudeMeters>
          <DistanceMeters>16934.2</DistanceMeters>
        </Trackpoint>
        <Trackpoint>
          <Time>2026-07-26T02:28:03Z</Time>
          <Position>
            <LatitudeDegrees>35.61017</LatitudeDegrees>
            <LongitudeDegrees>-106.02659</LongitudeDegrees>
          </Position>
          <AltitudeMeters>1970.3</AltitudeMeters>
          <DistanceMeters>16949.7</DistanceMeters>
        </Trackpoint>
        <Trackpoint>
          <Time>2026-07-26T02:28:13Z</Time>
          <Position>
            <LatitudeDegrees>35.61005</LatitudeDegrees>
            <LongitudeDegrees>-106.02681</LongitudeDegrees>
          </Position>
          <AltitudeMeters>1970.2</AltitudeMeters>
          <DistanceMeters>16973.7</DistanceMeters>
        </Trackpoint>
        <Trackpoint>
          <Time>2026-07-26T02:28:23Z</Time>
          <Position>
            <LatitudeDegrees>35.60976</LatitudeDegrees>
            <LongitudeDegrees>-106.02724</LongitudeDegrees>
          </Position>
          <AltitudeMeters>1970.0</AltitudeMeters>
          <DistanceMeters>17024.2</DistanceMeters>
        </Trackpoint>
        <Trackpoint>
          <Time>2026-07-26T02:28:33Z</Time>
          <Position>
            <LatitudeDegrees>35.60946</LatitudeDegrees>
            <LongitudeDegrees>-106.02768</LongitudeDegrees>
          </Position>
          <AltitudeMeters>1971.3</AltitudeMeters>
          <DistanceMeters>17076.2</DistanceMeters>
        </Trackpoint>
        <Trackpoint>
          <Time>2026-07-26T02:28:43Z</Time>
          <Position>
            <LatitudeDegrees>35.60922</LatitudeDegrees>
            <LongitudeDegrees>-106.028</LongitudeDegrees>
          </Position>
          <AltitudeMeters>1971.0</AltitudeMeters>
          <DistanceMeters>17115.6</DistanceMeters>
        </Trackpoint>
        <Trackpoint>
          <Time>2026-07-26T02:28:53Z</Time>
          <Position>
            <LatitudeDegrees>35.60881</LatitudeDegrees>
            <LongitudeDegrees>-106.02855</LongitudeDegrees>
          </Position>
          <AltitudeMeters>1969.5</AltitudeMeters>
          <DistanceMeters>17183.1</DistanceMeters>
        </Trackpoint>
        <Trackpoint>
          <Time>2026-07-26T02:29:03Z</Time>
          <Position>
            <LatitudeDegrees>35.60838</LatitudeDegrees>
            <LongitudeDegrees>-106.02905</LongitudeDegrees>
          </Position>
          <AltitudeMeters>1967.5</AltitudeMeters>
          <DistanceMeters>17249.0</DistanceMeters>
        </Trackpoint>
        <Trackpoint>
          <Time>2026-07-26T02:29:13Z</Time>
          <Position>
            <LatitudeDegrees>35.60795</LatitudeDegrees>
            <LongitudeDegrees>-106.02955</LongitudeDegrees>
          </Position>
          <AltitudeMeters>1967.5</AltitudeMeters>
          <DistanceMeters>17314.9</DistanceMeters>
        </Trackpoint>
        <Trackpoint>
          <Time>2026-07-26T02:29:23Z</Time>
          <Position>
            <LatitudeDegrees>35.60746</LatitudeDegrees>
            <LongitudeDegrees>-106.03001</LongitudeDegrees>
          </Position>
          <AltitudeMeters>1969.8</AltitudeMeters>
          <DistanceMeters>17383.5</DistanceMeters>
        </Trackpoint>
        <Trackpoint>
          <Time>2026-07-26T02:29:33Z</Time>
          <Position>
            <LatitudeDegrees>35.60697</LatitudeDegrees>
            <LongitudeDegrees>-106.03047</LongitudeDegrees>
          </Position>
          <AltitudeMeters>1970.9</AltitudeMeters>
          <DistanceMeters>17452.1</DistanceMeters>
        </Trackpoint>
        <Trackpoint>
          <Time>2026-07-26T02:29:43Z</Time>
          <Position>
            <LatitudeDegrees>35.6066</LatitudeDegrees>
            <LongitudeDegrees>-106.03078</LongitudeDegrees>
          </Position>
          <AltitudeMeters>1970.2</AltitudeMeters>
          <DistanceMeters>17501.9</DistanceMeters>
        </Trackpoint>
        <Trackpoint>
          <Time>2026-07-26T02:29:53Z</Time>
          <Position>
            <LatitudeDegrees>35.60622</LatitudeDegrees>
            <LongitudeDegrees>-106.0311</LongitudeDegrees>
          </Position>
          <AltitudeMeters>1969.2</AltitudeMeters>
          <DistanceMeters>17553.2</DistanceMeters>
        </Trackpoint>
        <Trackpoint>
          <Time>2026-07-26T02:30:03Z</Time>
          <Position>
            <LatitudeDegrees>35.60578</LatitudeDegrees>
            <LongitudeDegrees>-106.03142</LongitudeDegrees>
          </Position>
          <AltitudeMeters>1967.7</AltitudeMeters>
          <DistanceMeters>17610.1</DistanceMeters>
        </Trackpoint>
        <Trackpoint>
          <Time>2026-07-26T02:30:13Z</Time>
          <Position>
            <LatitudeDegrees>35.60529</LatitudeDegrees>
            <LongitudeDegrees>-106.03175</LongitudeDegrees>
          </Position>
          <AltitudeMeters>1965.6</AltitudeMeters>
          <DistanceMeters>17672.3</DistanceMeters>
        </Trackpoint>
        <Trackpoint>
          <Time>2026-07-26T02:30:23Z</Time>
          <Position>
            <LatitudeDegrees>35.60481</LatitudeDegrees>
            <LongitudeDegrees>-106.03208</LongitudeDegrees>
          </Position>
          <AltitudeMeters>1963.3</AltitudeMeters>
          <DistanceMeters>17733.5</DistanceMeters>
        </Trackpoint>
        <Trackpoint>
          <Time>2026-07-26T02:30:33Z</Time>
          <Position>
            <LatitudeDegrees>35.60438</LatitudeDegrees>
            <LongitudeDegrees>-106.03233</LongitudeDegrees>
          </Position>
          <AltitudeMeters>1959.1</AltitudeMeters>
          <DistanceMeters>17786.5</DistanceMeters>
        </Trackpoint>
        <Trackpoint>
          <Time>2026-07-26T02:30:43Z</Time>
          <Position>
            <LatitudeDegrees>35.60395</LatitudeDegrees>
            <LongitudeDegrees>-106.03257</LongitudeDegrees>
          </Position>
          <AltitudeMeters>1957.1</AltitudeMeters>
          <DistanceMeters>17839.0</DistanceMeters>
        </Trackpoint>
        <Trackpoint>
          <Time>2026-07-26T02:30:53Z</Time>
          <Position>
            <LatitudeDegrees>35.60315</LatitudeDegrees>
            <LongitudeDegrees>-106.033</LongitudeDegrees>
          </Position>
          <AltitudeMeters>1957.7</AltitudeMeters>
          <DistanceMeters>17936.2</DistanceMeters>
        </Trackpoint>
        <Trackpoint>
          <Time>2026-07-26T02:31:03Z</Time>
          <Position>
            <LatitudeDegrees>35.60236</LatitudeDegrees>
            <LongitudeDegrees>-106.03342</LongitudeDegrees>
          </Position>
          <AltitudeMeters>1958.7</AltitudeMeters>
          <DistanceMeters>18032.0</DistanceMeters>
        </Trackpoint>
        <Trackpoint>
          <Time>2026-07-26T02:31:13Z</Time>
          <Position>
            <LatitudeDegrees>35.60156</LatitudeDegrees>
            <LongitudeDegrees>-106.03385</LongitudeDegrees>
          </Position>
          <AltitudeMeters>1954.9</AltitudeMeters>
          <DistanceMeters>18129.2</DistanceMeters>
        </Trackpoint>
        <Trackpoint>
          <Time>2026-07-26T02:31:33Z</Time>
          <Position>
            <LatitudeDegrees>35.60077</LatitudeDegrees>
            <LongitudeDegrees>-106.03426</LongitudeDegrees>
          </Position>
          <AltitudeMeters>1952.7</AltitudeMeters>
          <DistanceMeters>18224.7</DistanceMeters>
        </Trackpoint>
        <Trackpoint>
          <Time>2026-07-26T02:31:43Z</Time>
          <Position>
            <LatitudeDegrees>35.59997</LatitudeDegrees>
            <LongitudeDegrees>-106.03468</LongitudeDegrees>
          </Position>
          <AltitudeMeters>1948.9</AltitudeMeters>
          <DistanceMeters>18321.5</DistanceMeters>
        </Trackpoint>
        <Trackpoint>
          <Time>2026-07-26T02:31:53Z</Time>
          <Position>
            <LatitudeDegrees>35.59982</LatitudeDegrees>
            <LongitudeDegrees>-106.0348</LongitudeDegrees>
          </Position>
          <AltitudeMeters>1947.7</AltitudeMeters>
          <DistanceMeters>18341.4</DistanceMeters>
        </Trackpoint>
        <Trackpoint>
          <Time>2026-07-26T02:32:03Z</Time>
          <Position>
            <LatitudeDegrees>35.59967</LatitudeDegrees>
            <LongitudeDegrees>-106.03498</LongitudeDegrees>
          </Position>
          <AltitudeMeters>1947.2</AltitudeMeters>
          <DistanceMeters>18364.7</DistanceMeters>
        </Trackpoint>
        <Trackpoint>
          <Time>2026-07-26T02:32:13Z</Time>
          <Position>
            <LatitudeDegrees>35.59955</LatitudeDegrees>
            <LongitudeDegrees>-106.03518</LongitudeDegrees>
          </Position>
          <AltitudeMeters>1946.6</AltitudeMeters>
          <DistanceMeters>18387.2</DistanceMeters>
        </Trackpoint>
        <Trackpoint>
          <Time>2026-07-26T02:32:23Z</Time>
          <Position>
            <LatitudeDegrees>35.59946</LatitudeDegrees>
            <LongitudeDegrees>-106.0354</LongitudeDegrees>
          </Position>
          <AltitudeMeters>1946.6</AltitudeMeters>
          <DistanceMeters>18409.5</DistanceMeters>
        </Trackpoint>
        <Trackpoint>
          <Time>2026-07-26T02:32:33Z</Time>
          <Position>
            <LatitudeDegrees>35.59942</LatitudeDegrees>
            <LongitudeDegrees>-106.03563</LongitudeDegrees>
          </Position>
          <AltitudeMeters>1946.4</AltitudeMeters>
          <DistanceMeters>18430.8</DistanceMeters>
        </Trackpoint>
        <Trackpoint>
          <Time>2026-07-26T02:32:43Z</Time>
          <Position>
            <LatitudeDegrees>35.59937</LatitudeDegrees>
            <LongitudeDegrees>-106.03606</LongitudeDegrees>
          </Position>
          <AltitudeMeters>1946.5</AltitudeMeters>
          <DistanceMeters>18470.1</DistanceMeters>
        </Trackpoint>
        <Trackpoint>
          <Time>2026-07-26T02:32:53Z</Time>
          <Position>
            <LatitudeDegrees>35.5993</LatitudeDegrees>
            <LongitudeDegrees>-106.0363</LongitudeDegrees>
          </Position>
          <AltitudeMeters>1946.3</AltitudeMeters>
          <DistanceMeters>18493.2</DistanceMeters>
        </Trackpoint>
        <Trackpoint>
          <Time>2026-07-26T02:33:03Z</Time>
          <Position>
            <LatitudeDegrees>35.59922</LatitudeDegrees>
            <LongitudeDegrees>-106.03647</LongitudeDegrees>
          </Position>
          <AltitudeMeters>1946.0</AltitudeMeters>
          <DistanceMeters>18511.0</DistanceMeters>
        </Trackpoint>
        <Trackpoint>
          <Time>2026-07-26T02:33:13Z</Time>
          <Position>
            <LatitudeDegrees>35.59906</LatitudeDegrees>
            <LongitudeDegrees>-106.03669</LongitudeDegrees>
          </Position>
          <AltitudeMeters>1945.1</AltitudeMeters>
          <DistanceMeters>18537.7</DistanceMeters>
        </Trackpoint>
        <Trackpoint>
          <Time>2026-07-26T02:33:23Z</Time>
          <Position>
            <LatitudeDegrees>35.59891</LatitudeDegrees>
            <LongitudeDegrees>-106.03682</LongitudeDegrees>
          </Position>
          <AltitudeMeters>1944.5</AltitudeMeters>
          <DistanceMeters>18558.1</DistanceMeters>
        </Trackpoint>
        <Trackpoint>
          <Time>2026-07-26T02:33:33Z</Time>
          <Position>
            <LatitudeDegrees>35.59852</LatitudeDegrees>
            <LongitudeDegrees>-106.03703</LongitudeDegrees>
          </Position>
          <AltitudeMeters>1941.8</AltitudeMeters>
          <DistanceMeters>18605.5</DistanceMeters>
        </Trackpoint>
        <Trackpoint>
          <Time>2026-07-26T02:33:43Z</Time>
          <Position>
            <LatitudeDegrees>35.59835</LatitudeDegrees>
            <LongitudeDegrees>-106.03723</LongitudeDegrees>
          </Position>
          <AltitudeMeters>1941.0</AltitudeMeters>
          <DistanceMeters>18631.7</DistanceMeters>
        </Trackpoint>
        <Trackpoint>
          <Time>2026-07-26T02:33:53Z</Time>
          <Position>
            <LatitudeDegrees>35.59819</LatitudeDegrees>
            <LongitudeDegrees>-106.0375</LongitudeDegrees>
          </Position>
          <AltitudeMeters>1940.9</AltitudeMeters>
          <DistanceMeters>18662.0</DistanceMeters>
        </Trackpoint>
        <Trackpoint>
          <Time>2026-07-26T02:34:03Z</Time>
          <Position>
            <LatitudeDegrees>35.59803</LatitudeDegrees>
            <LongitudeDegrees>-106.0379</LongitudeDegrees>
          </Position>
          <AltitudeMeters>1940.0</AltitudeMeters>
          <DistanceMeters>18702.3</DistanceMeters>
        </Trackpoint>
        <Trackpoint>
          <Time>2026-07-26T02:34:13Z</Time>
          <Position>
            <LatitudeDegrees>35.59777</LatitudeDegrees>
            <LongitudeDegrees>-106.03862</LongitudeDegrees>
          </Position>
          <AltitudeMeters>1938.9</AltitudeMeters>
          <DistanceMeters>18773.6</DistanceMeters>
        </Trackpoint>
        <Trackpoint>
          <Time>2026-07-26T02:34:23Z</Time>
          <Position>
            <LatitudeDegrees>35.59835</LatitudeDegrees>
            <LongitudeDegrees>-106.03894</LongitudeDegrees>
          </Position>
          <AltitudeMeters>1938.4</AltitudeMeters>
          <DistanceMeters>18844.4</DistanceMeters>
        </Trackpoint>
        <Trackpoint>
          <Time>2026-07-26T02:34:33Z</Time>
          <Position>
            <LatitudeDegrees>35.59893</LatitudeDegrees>
            <LongitudeDegrees>-106.03925</LongitudeDegrees>
          </Position>
          <AltitudeMeters>1938.3</AltitudeMeters>
          <DistanceMeters>18914.8</DistanceMeters>
        </Trackpoint>
        <Trackpoint>
          <Time>2026-07-26T02:34:43Z</Time>
          <Position>
            <LatitudeDegrees>35.59857</LatitudeDegrees>
            <LongitudeDegrees>-106.04022</LongitudeDegrees>
          </Position>
          <AltitudeMeters>1940.6</AltitudeMeters>
          <DistanceMeters>19011.3</DistanceMeters>
        </Trackpoint>
        <Trackpoint>
          <Time>2026-07-26T02:34:53Z</Time>
          <Position>
            <LatitudeDegrees>35.59821</LatitudeDegrees>
            <LongitudeDegrees>-106.04119</LongitudeDegrees>
          </Position>
          <AltitudeMeters>1945.5</AltitudeMeters>
          <DistanceMeters>19107.8</DistanceMeters>
        </Trackpoint>
        <Trackpoint>
          <Time>2026-07-26T02:35:03Z</Time>
          <Position>
            <LatitudeDegrees>35.59794</LatitudeDegrees>
            <LongitudeDegrees>-106.04182</LongitudeDegrees>
          </Position>
          <AltitudeMeters>1946.1</AltitudeMeters>
          <DistanceMeters>19172.3</DistanceMeters>
        </Trackpoint>
        <Trackpoint>
          <Time>2026-07-26T02:35:13Z</Time>
          <Position>
            <LatitudeDegrees>35.59759</LatitudeDegrees>
            <LongitudeDegrees>-106.04279</LongitudeDegrees>
          </Position>
          <AltitudeMeters>1943.9</AltitudeMeters>
          <DistanceMeters>19268.3</DistanceMeters>
        </Trackpoint>
        <Trackpoint>
          <Time>2026-07-26T02:35:23Z</Time>
          <Position>
            <LatitudeDegrees>35.59725</LatitudeDegrees>
            <LongitudeDegrees>-106.04375</LongitudeDegrees>
          </Position>
          <AltitudeMeters>1941.2</AltitudeMeters>
          <DistanceMeters>19363.1</DistanceMeters>
        </Trackpoint>
        <Trackpoint>
          <Time>2026-07-26T02:35:33Z</Time>
          <Position>
            <LatitudeDegrees>35.5969</LatitudeDegrees>
            <LongitudeDegrees>-106.04471</LongitudeDegrees>
          </Position>
          <AltitudeMeters>1938.9</AltitudeMeters>
          <DistanceMeters>19458.3</DistanceMeters>
        </Trackpoint>
        <Trackpoint>
          <Time>2026-07-26T02:35:43Z</Time>
          <Position>
            <LatitudeDegrees>35.59656</LatitudeDegrees>
            <LongitudeDegrees>-106.04568</LongitudeDegrees>
          </Position>
          <AltitudeMeters>1937.1</AltitudeMeters>
          <DistanceMeters>19553.9</DistanceMeters>
        </Trackpoint>
        <Trackpoint>
          <Time>2026-07-26T02:35:53Z</Time>
          <Position>
            <LatitudeDegrees>35.59621</LatitudeDegrees>
            <LongitudeDegrees>-106.04664</LongitudeDegrees>
          </Position>
          <AltitudeMeters>1935.5</AltitudeMeters>
          <DistanceMeters>19649.2</DistanceMeters>
        </Trackpoint>
        <Trackpoint>
          <Time>2026-07-26T02:36:03Z</Time>
          <Position>
            <LatitudeDegrees>35.59587</LatitudeDegrees>
            <LongitudeDegrees>-106.0476</LongitudeDegrees>
          </Position>
          <AltitudeMeters>1934.3</AltitudeMeters>
          <DistanceMeters>19744.0</DistanceMeters>
        </Trackpoint>
        <Trackpoint>
          <Time>2026-07-26T02:36:13Z</Time>
          <Position>
            <LatitudeDegrees>35.59552</LatitudeDegrees>
            <LongitudeDegrees>-106.04857</LongitudeDegrees>
          </Position>
          <AltitudeMeters>1932.8</AltitudeMeters>
          <DistanceMeters>19840.0</DistanceMeters>
        </Trackpoint>
        <Trackpoint>
          <Time>2026-07-26T02:36:23Z</Time>
          <Position>
            <LatitudeDegrees>35.59518</LatitudeDegrees>
            <LongitudeDegrees>-106.04953</LongitudeDegrees>
          </Position>
          <AltitudeMeters>1930.0</AltitudeMeters>
          <DistanceMeters>19934.8</DistanceMeters>
        </Trackpoint>
        <Trackpoint>
          <Time>2026-07-26T02:36:33Z</Time>
          <Position>
            <LatitudeDegrees>35.59483</LatitudeDegrees>
            <LongitudeDegrees>-106.05049</LongitudeDegrees>
          </Position>
          <AltitudeMeters>1927.1</AltitudeMeters>
          <DistanceMeters>20030.0</DistanceMeters>
        </Trackpoint>
        <Trackpoint>
          <Time>2026-07-26T02:36:43Z</Time>
          <Position>
            <LatitudeDegrees>35.59468</LatitudeDegrees>
            <LongitudeDegrees>-106.05081</LongitudeDegrees>
          </Position>
          <AltitudeMeters>1926.2</AltitudeMeters>
          <DistanceMeters>20063.5</DistanceMeters>
        </Trackpoint>
        <Trackpoint>
          <Time>2026-07-26T02:36:53Z</Time>
          <Position>
            <LatitudeDegrees>35.59454</LatitudeDegrees>
            <LongitudeDegrees>-106.05107</LongitudeDegrees>
          </Position>
          <AltitudeMeters>1925.3</AltitudeMeters>
          <DistanceMeters>20091.7</DistanceMeters>
        </Trackpoint>
        <Trackpoint>
          <Time>2026-07-26T02:37:03Z</Time>
          <Position>
            <LatitudeDegrees>35.59433</LatitudeDegrees>
            <LongitudeDegrees>-106.05138</LongitudeDegrees>
          </Position>
          <AltitudeMeters>1922.9</AltitudeMeters>
          <DistanceMeters>20128.2</DistanceMeters>
        </Trackpoint>
        <Trackpoint>
          <Time>2026-07-26T02:37:13Z</Time>
          <Position>
            <LatitudeDegrees>35.59409</LatitudeDegrees>
            <LongitudeDegrees>-106.05166</LongitudeDegrees>
          </Position>
          <AltitudeMeters>1921.1</AltitudeMeters>
          <DistanceMeters>20165.0</DistanceMeters>
        </Trackpoint>
        <Trackpoint>
          <Time>2026-07-26T02:37:23Z</Time>
          <Position>
            <LatitudeDegrees>35.59382</LatitudeDegrees>
            <LongitudeDegrees>-106.05191</LongitudeDegrees>
          </Position>
          <AltitudeMeters>1919.7</AltitudeMeters>
          <DistanceMeters>20202.7</DistanceMeters>
        </Trackpoint>
        <Trackpoint>
          <Time>2026-07-26T02:37:33Z</Time>
          <Position>
            <LatitudeDegrees>35.59354</LatitudeDegrees>
            <LongitudeDegrees>-106.05212</LongitudeDegrees>
          </Position>
          <AltitudeMeters>1918.2</AltitudeMeters>
          <DistanceMeters>20239.2</DistanceMeters>
        </Trackpoint>
        <Trackpoint>
          <Time>2026-07-26T02:37:43Z</Time>
          <Position>
            <LatitudeDegrees>35.59318</LatitudeDegrees>
            <LongitudeDegrees>-106.05232</LongitudeDegrees>
          </Position>
          <AltitudeMeters>1916.8</AltitudeMeters>
          <DistanceMeters>20283.2</DistanceMeters>
        </Trackpoint>
        <Trackpoint>
          <Time>2026-07-26T02:37:53Z</Time>
          <Position>
            <LatitudeDegrees>35.59299</LatitudeDegrees>
            <LongitudeDegrees>-106.05241</LongitudeDegrees>
          </Position>
          <AltitudeMeters>1916.7</AltitudeMeters>
          <DistanceMeters>20305.8</DistanceMeters>
        </Trackpoint>
        <Trackpoint>
          <Time>2026-07-26T02:38:03Z</Time>
          <Position>
            <LatitudeDegrees>35.59229</LatitudeDegrees>
            <LongitudeDegrees>-106.05274</LongitudeDegrees>
          </Position>
          <AltitudeMeters>1916.4</AltitudeMeters>
          <DistanceMeters>20389.3</DistanceMeters>
        </Trackpoint>
        <Trackpoint>
          <Time>2026-07-26T02:38:13Z</Time>
          <Position>
            <LatitudeDegrees>35.59173</LatitudeDegrees>
            <LongitudeDegrees>-106.05297</LongitudeDegrees>
          </Position>
          <AltitudeMeters>1916.2</AltitudeMeters>
          <DistanceMeters>20455.0</DistanceMeters>
        </Trackpoint>
        <Trackpoint>
          <Time>2026-07-26T02:38:23Z</Time>
          <Position>
            <LatitudeDegrees>35.59134</LatitudeDegrees>
            <LongitudeDegrees>-106.05311</LongitudeDegrees>
          </Position>
          <AltitudeMeters>1917.1</AltitudeMeters>
          <DistanceMeters>20500.2</DistanceMeters>
        </Trackpoint>
        <Trackpoint>
          <Time>2026-07-26T02:38:33Z</Time>
          <Position>
            <LatitudeDegrees>35.59067</LatitudeDegrees>
            <LongitudeDegrees>-106.05333</LongitudeDegrees>
          </Position>
          <AltitudeMeters>1919.6</AltitudeMeters>
          <DistanceMeters>20577.4</DistanceMeters>
        </Trackpoint>
        <Trackpoint>
          <Time>2026-07-26T02:38:43Z</Time>
          <Position>
            <LatitudeDegrees>35.59005</LatitudeDegrees>
            <LongitudeDegrees>-106.05348</LongitudeDegrees>
          </Position>
          <AltitudeMeters>1921.6</AltitudeMeters>
          <DistanceMeters>20647.8</DistanceMeters>
        </Trackpoint>
        <Trackpoint>
          <Time>2026-07-26T02:38:53Z</Time>
          <Position>
            <LatitudeDegrees>35.58943</LatitudeDegrees>
            <LongitudeDegrees>-106.05358</LongitudeDegrees>
          </Position>
          <AltitudeMeters>1922.4</AltitudeMeters>
          <DistanceMeters>20717.4</DistanceMeters>
        </Trackpoint>
        <Trackpoint>
          <Time>2026-07-26T02:39:03Z</Time>
          <Position>
            <LatitudeDegrees>35.58881</LatitudeDegrees>
            <LongitudeDegrees>-106.05364</LongitudeDegrees>
          </Position>
          <AltitudeMeters>1924.0</AltitudeMeters>
          <DistanceMeters>20786.6</DistanceMeters>
        </Trackpoint>
        <Trackpoint>
          <Time>2026-07-26T02:39:13Z</Time>
          <Position>
            <LatitudeDegrees>35.58797</LatitudeDegrees>
            <LongitudeDegrees>-106.05368</LongitudeDegrees>
          </Position>
          <AltitudeMeters>1925.3</AltitudeMeters>
          <DistanceMeters>20880.2</DistanceMeters>
        </Trackpoint>
        <Trackpoint>
          <Time>2026-07-26T02:39:23Z</Time>
          <Position>
            <LatitudeDegrees>35.58732</LatitudeDegrees>
            <LongitudeDegrees>-106.05369</LongitudeDegrees>
          </Position>
          <AltitudeMeters>1924.7</AltitudeMeters>
          <DistanceMeters>20952.5</DistanceMeters>
        </Trackpoint>
        <Trackpoint>
          <Time>2026-07-26T02:39:33Z</Time>
          <Position>
            <LatitudeDegrees>35.58668</LatitudeDegrees>
            <LongitudeDegrees>-106.05369</LongitudeDegrees>
          </Position>
          <AltitudeMeters>1921.2</AltitudeMeters>
          <DistanceMeters>21023.8</DistanceMeters>
        </Trackpoint>
        <Trackpoint>
          <Time>2026-07-26T02:39:43Z</Time>
          <Position>
            <LatitudeDegrees>35.58604</LatitudeDegrees>
            <LongitudeDegrees>-106.05369</LongitudeDegrees>
          </Position>
          <AltitudeMeters>1919.7</AltitudeMeters>
          <DistanceMeters>21095.0</DistanceMeters>
        </Trackpoint>
        <Trackpoint>
          <Time>2026-07-26T02:39:53Z</Time>
          <Position>
            <LatitudeDegrees>35.58541</LatitudeDegrees>
            <LongitudeDegrees>-106.05369</LongitudeDegrees>
          </Position>
          <AltitudeMeters>1915.1</AltitudeMeters>
          <DistanceMeters>21165.2</DistanceMeters>
        </Trackpoint>
        <Trackpoint>
          <Time>2026-07-26T02:40:03Z</Time>
          <Position>
            <LatitudeDegrees>35.58468</LatitudeDegrees>
            <LongitudeDegrees>-106.05371</LongitudeDegrees>
          </Position>
          <AltitudeMeters>1912.0</AltitudeMeters>
          <DistanceMeters>21246.4</DistanceMeters>
        </Trackpoint>
        <Trackpoint>
          <Time>2026-07-26T02:40:13Z</Time>
          <Position>
            <LatitudeDegrees>35.58396</LatitudeDegrees>
            <LongitudeDegrees>-106.05372</LongitudeDegrees>
          </Position>
          <AltitudeMeters>1908.6</AltitudeMeters>
          <DistanceMeters>21326.6</DistanceMeters>
        </Trackpoint>
        <Trackpoint>
          <Time>2026-07-26T02:40:23Z</Time>
          <Position>
            <LatitudeDegrees>35.58327</LatitudeDegrees>
            <LongitudeDegrees>-106.05372</LongitudeDegrees>
          </Position>
          <AltitudeMeters>1907.2</AltitudeMeters>
          <DistanceMeters>21403.4</DistanceMeters>
        </Trackpoint>
        <Trackpoint>
          <Time>2026-07-26T02:40:33Z</Time>
          <Position>
            <LatitudeDegrees>35.58258</LatitudeDegrees>
            <LongitudeDegrees>-106.05372</LongitudeDegrees>
          </Position>
          <AltitudeMeters>1908.4</AltitudeMeters>
          <DistanceMeters>21480.2</DistanceMeters>
        </Trackpoint>
        <Trackpoint>
          <Time>2026-07-26T02:40:43Z</Time>
          <Position>
            <LatitudeDegrees>35.58189</LatitudeDegrees>
            <LongitudeDegrees>-106.05372</LongitudeDegrees>
          </Position>
          <AltitudeMeters>1911.5</AltitudeMeters>
          <DistanceMeters>21557.0</DistanceMeters>
        </Trackpoint>
        <Trackpoint>
          <Time>2026-07-26T02:40:53Z</Time>
          <Position>
            <LatitudeDegrees>35.5812</LatitudeDegrees>
            <LongitudeDegrees>-106.05373</LongitudeDegrees>
          </Position>
          <AltitudeMeters>1914.3</AltitudeMeters>
          <DistanceMeters>21633.8</DistanceMeters>
        </Trackpoint>
        <Trackpoint>
          <Time>2026-07-26T02:41:03Z</Time>
          <Position>
            <LatitudeDegrees>35.58043</LatitudeDegrees>
            <LongitudeDegrees>-106.05371</LongitudeDegrees>
          </Position>
          <AltitudeMeters>1914.5</AltitudeMeters>
          <DistanceMeters>21719.6</DistanceMeters>
        </Trackpoint>
        <Trackpoint>
          <Time>2026-07-26T02:41:13Z</Time>
          <Position>
            <LatitudeDegrees>35.57997</LatitudeDegrees>
            <LongitudeDegrees>-106.05368</LongitudeDegrees>
          </Position>
          <AltitudeMeters>1915.0</AltitudeMeters>
          <DistanceMeters>21770.9</DistanceMeters>
        </Trackpoint>
        <Trackpoint>
          <Time>2026-07-26T02:41:23Z</Time>
          <Position>
            <LatitudeDegrees>35.57925</LatitudeDegrees>
            <LongitudeDegrees>-106.05359</LongitudeDegrees>
          </Position>
          <AltitudeMeters>1916.7</AltitudeMeters>
          <DistanceMeters>21851.4</DistanceMeters>
        </Trackpoint>
        <Trackpoint>
          <Time>2026-07-26T02:41:33Z</Time>
          <Position>
            <LatitudeDegrees>35.57836</LatitudeDegrees>
            <LongitudeDegrees>-106.05359</LongitudeDegrees>
          </Position>
          <AltitudeMeters>1915.4</AltitudeMeters>
          <DistanceMeters>21950.5</DistanceMeters>
        </Trackpoint>
        <Trackpoint>
          <Time>2026-07-26T02:41:43Z</Time>
          <Position>
            <LatitudeDegrees>35.57746</LatitudeDegrees>
            <LongitudeDegrees>-106.05359</LongitudeDegrees>
          </Position>
          <AltitudeMeters>1913.5</AltitudeMeters>
          <DistanceMeters>22050.7</DistanceMeters>
        </Trackpoint>
        <Trackpoint>
          <Time>2026-07-26T02:41:53Z</Time>
          <Position>
            <LatitudeDegrees>35.57656</LatitudeDegrees>
            <LongitudeDegrees>-106.0536</LongitudeDegrees>
          </Position>
          <AltitudeMeters>1915.1</AltitudeMeters>
          <DistanceMeters>22150.9</DistanceMeters>
        </Trackpoint>
        <Trackpoint>
          <Time>2026-07-26T02:42:03Z</Time>
          <Position>
            <LatitudeDegrees>35.57566</LatitudeDegrees>
            <LongitudeDegrees>-106.0536</LongitudeDegrees>
          </Position>
          <AltitudeMeters>1916.1</AltitudeMeters>
          <DistanceMeters>22251.1</DistanceMeters>
        </Trackpoint>
        <Trackpoint>
          <Time>2026-07-26T02:42:13Z</Time>
          <Position>
            <LatitudeDegrees>35.57481</LatitudeDegrees>
            <LongitudeDegrees>-106.05361</LongitudeDegrees>
          </Position>
          <AltitudeMeters>1915.3</AltitudeMeters>
          <DistanceMeters>22345.7</DistanceMeters>
        </Trackpoint>
        <Trackpoint>
          <Time>2026-07-26T02:42:23Z</Time>
          <Position>
            <LatitudeDegrees>35.57396</LatitudeDegrees>
            <LongitudeDegrees>-106.05362</LongitudeDegrees>
          </Position>
          <AltitudeMeters>1913.6</AltitudeMeters>
          <DistanceMeters>22440.3</DistanceMeters>
        </Trackpoint>
        <Trackpoint>
          <Time>2026-07-26T02:42:33Z</Time>
          <Position>
            <LatitudeDegrees>35.57311</LatitudeDegrees>
            <LongitudeDegrees>-106.05363</LongitudeDegrees>
          </Position>
          <AltitudeMeters>1915.1</AltitudeMeters>
          <DistanceMeters>22534.9</DistanceMeters>
        </Trackpoint>
        <Trackpoint>
          <Time>2026-07-26T02:42:43Z</Time>
          <Position>
            <LatitudeDegrees>35.5724</LatitudeDegrees>
            <LongitudeDegrees>-106.05363</LongitudeDegrees>
          </Position>
          <AltitudeMeters>1915.2</AltitudeMeters>
          <DistanceMeters>22614.0</DistanceMeters>
        </Trackpoint>
        <Trackpoint>
          <Time>2026-07-26T02:42:53Z</Time>
          <Position>
            <LatitudeDegrees>35.57169</LatitudeDegrees>
            <LongitudeDegrees>-106.05362</LongitudeDegrees>
          </Position>
          <AltitudeMeters>1915.4</AltitudeMeters>
          <DistanceMeters>22693.0</DistanceMeters>
        </Trackpoint>
        <Trackpoint>
          <Time>2026-07-26T02:43:03Z</Time>
          <Position>
            <LatitudeDegrees>35.57098</LatitudeDegrees>
            <LongitudeDegrees>-106.05362</LongitudeDegrees>
          </Position>
          <AltitudeMeters>1915.5</AltitudeMeters>
          <DistanceMeters>22772.0</DistanceMeters>
        </Trackpoint>
        <Trackpoint>
          <Time>2026-07-26T02:43:13Z</Time>
          <Position>
            <LatitudeDegrees>35.57035</LatitudeDegrees>
            <LongitudeDegrees>-106.05363</LongitudeDegrees>
          </Position>
          <AltitudeMeters>1918.3</AltitudeMeters>
          <DistanceMeters>22842.2</DistanceMeters>
        </Trackpoint>
        <Trackpoint>
          <Time>2026-07-26T02:43:23Z</Time>
          <Position>
            <LatitudeDegrees>35.56972</LatitudeDegrees>
            <LongitudeDegrees>-106.05364</LongitudeDegrees>
          </Position>
          <AltitudeMeters>1920.7</AltitudeMeters>
          <DistanceMeters>22912.3</DistanceMeters>
        </Trackpoint>
        <Trackpoint>
          <Time>2026-07-26T02:43:33Z</Time>
          <Position>
            <LatitudeDegrees>35.56909</LatitudeDegrees>
            <LongitudeDegrees>-106.05365</LongitudeDegrees>
          </Position>
          <AltitudeMeters>1924.4</AltitudeMeters>
          <DistanceMeters>22982.5</DistanceMeters>
        </Trackpoint>
        <Trackpoint>
          <Time>2026-07-26T02:43:43Z</Time>
          <Position>
            <LatitudeDegrees>35.56841</LatitudeDegrees>
            <LongitudeDegrees>-106.05365</LongitudeDegrees>
          </Position>
          <AltitudeMeters>1928.0</AltitudeMeters>
          <DistanceMeters>23058.2</DistanceMeters>
        </Trackpoint>
        <Trackpoint>
          <Time>2026-07-26T02:43:53Z</Time>
          <Position>
            <LatitudeDegrees>35.56773</LatitudeDegrees>
            <LongitudeDegrees>-106.05365</LongitudeDegrees>
          </Position>
          <AltitudeMeters>1928.9</AltitudeMeters>
          <DistanceMeters>23133.8</DistanceMeters>
        </Trackpoint>
        <Trackpoint>
          <Time>2026-07-26T02:44:03Z</Time>
          <Position>
            <LatitudeDegrees>35.56706</LatitudeDegrees>
            <LongitudeDegrees>-106.05365</LongitudeDegrees>
          </Position>
          <AltitudeMeters>1927.4</AltitudeMeters>
          <DistanceMeters>23208.4</DistanceMeters>
        </Trackpoint>
        <Trackpoint>
          <Time>2026-07-26T02:44:13Z</Time>
          <Position>
            <LatitudeDegrees>35.5663</LatitudeDegrees>
            <LongitudeDegrees>-106.05365</LongitudeDegrees>
          </Position>
          <AltitudeMeters>1925.6</AltitudeMeters>
          <DistanceMeters>23293.0</DistanceMeters>
        </Trackpoint>
        <Trackpoint>
          <Time>2026-07-26T02:44:23Z</Time>
          <Position>
            <LatitudeDegrees>35.56554</LatitudeDegrees>
            <LongitudeDegrees>-106.05366</LongitudeDegrees>
          </Position>
          <AltitudeMeters>1927.2</AltitudeMeters>
          <DistanceMeters>23377.6</DistanceMeters>
        </Trackpoint>
        <Trackpoint>
          <Time>2026-07-26T02:44:33Z</Time>
          <Position>
            <LatitudeDegrees>35.56478</LatitudeDegrees>
            <LongitudeDegrees>-106.05367</LongitudeDegrees>
          </Position>
          <AltitudeMeters>1928.8</AltitudeMeters>
          <DistanceMeters>23462.3</DistanceMeters>
        </Trackpoint>
        <Trackpoint>
          <Time>2026-07-26T02:44:43Z</Time>
          <Position>
            <LatitudeDegrees>35.56402</LatitudeDegrees>
            <LongitudeDegrees>-106.05368</LongitudeDegrees>
          </Position>
          <AltitudeMeters>1928.8</AltitudeMeters>
          <DistanceMeters>23546.9</DistanceMeters>
        </Trackpoint>
        <Trackpoint>
          <Time>2026-07-26T02:44:53Z</Time>
          <Position>
            <LatitudeDegrees>35.56326</LatitudeDegrees>
            <LongitudeDegrees>-106.05369</LongitudeDegrees>
          </Position>
          <AltitudeMeters>1928.0</AltitudeMeters>
          <DistanceMeters>23631.5</DistanceMeters>
        </Trackpoint>
        <Trackpoint>
          <Time>2026-07-26T02:45:03Z</Time>
          <Position>
            <LatitudeDegrees>35.5624</LatitudeDegrees>
            <LongitudeDegrees>-106.05369</LongitudeDegrees>
          </Position>
          <AltitudeMeters>1927.6</AltitudeMeters>
          <DistanceMeters>23727.2</DistanceMeters>
        </Trackpoint>
        <Trackpoint>
          <Time>2026-07-26T02:45:13Z</Time>
          <Position>
            <LatitudeDegrees>35.56155</LatitudeDegrees>
            <LongitudeDegrees>-106.05369</LongitudeDegrees>
          </Position>
          <AltitudeMeters>1928.2</AltitudeMeters>
          <DistanceMeters>23821.8</DistanceMeters>
        </Trackpoint>
        <Trackpoint>
          <Time>2026-07-26T02:45:23Z</Time>
          <Position>
            <LatitudeDegrees>35.56069</LatitudeDegrees>
            <LongitudeDegrees>-106.0537</LongitudeDegrees>
          </Position>
          <AltitudeMeters>1927.4</AltitudeMeters>
          <DistanceMeters>23917.6</DistanceMeters>
        </Trackpoint>
        <Trackpoint>
          <Time>2026-07-26T02:45:33Z</Time>
          <Position>
            <LatitudeDegrees>35.55984</LatitudeDegrees>
            <LongitudeDegrees>-106.0537</LongitudeDegrees>
          </Position>
          <AltitudeMeters>1923.3</AltitudeMeters>
          <DistanceMeters>24012.2</DistanceMeters>
        </Trackpoint>
        <Trackpoint>
          <Time>2026-07-26T02:45:43Z</Time>
          <Position>
            <LatitudeDegrees>35.55898</LatitudeDegrees>
            <LongitudeDegrees>-106.0537</LongitudeDegrees>
          </Position>
          <AltitudeMeters>1918.3</AltitudeMeters>
          <DistanceMeters>24107.9</DistanceMeters>
        </Trackpoint>
        <Trackpoint>
          <Time>2026-07-26T02:45:53Z</Time>
          <Position>
            <LatitudeDegrees>35.55812</LatitudeDegrees>
            <LongitudeDegrees>-106.05371</LongitudeDegrees>
          </Position>
          <AltitudeMeters>1913.7</AltitudeMeters>
          <DistanceMeters>24203.7</DistanceMeters>
        </Trackpoint>
        <Trackpoint>
          <Time>2026-07-26T02:46:03Z</Time>
          <Position>
            <LatitudeDegrees>35.55727</LatitudeDegrees>
            <LongitudeDegrees>-106.05371</LongitudeDegrees>
          </Position>
          <AltitudeMeters>1911.7</AltitudeMeters>
          <DistanceMeters>24298.3</DistanceMeters>
        </Trackpoint>
        <Trackpoint>
          <Time>2026-07-26T02:46:13Z</Time>
          <Position>
            <LatitudeDegrees>35.55641</LatitudeDegrees>
            <LongitudeDegrees>-106.05372</LongitudeDegrees>
          </Position>
          <AltitudeMeters>1910.5</AltitudeMeters>
          <DistanceMeters>24394.0</DistanceMeters>
        </Trackpoint>
        <Trackpoint>
          <Time>2026-07-26T02:46:23Z</Time>
          <Position>
            <LatitudeDegrees>35.5556</LatitudeDegrees>
            <LongitudeDegrees>-106.05372</LongitudeDegrees>
          </Position>
          <AltitudeMeters>1912.6</AltitudeMeters>
          <DistanceMeters>24484.2</DistanceMeters>
        </Trackpoint>
        <Trackpoint>
          <Time>2026-07-26T02:46:33Z</Time>
          <Position>
            <LatitudeDegrees>35.5548</LatitudeDegrees>
            <LongitudeDegrees>-106.05373</LongitudeDegrees>
          </Position>
          <AltitudeMeters>1915.8</AltitudeMeters>
          <DistanceMeters>24573.2</DistanceMeters>
        </Trackpoint>
        <Trackpoint>
          <Time>2026-07-26T02:46:43Z</Time>
          <Position>
            <LatitudeDegrees>35.55399</LatitudeDegrees>
            <LongitudeDegrees>-106.05374</LongitudeDegrees>
          </Position>
          <AltitudeMeters>1918.7</AltitudeMeters>
          <DistanceMeters>24663.4</DistanceMeters>
        </Trackpoint>
        <Trackpoint>
          <Time>2026-07-26T02:46:53Z</Time>
          <Position>
            <LatitudeDegrees>35.55318</LatitudeDegrees>
            <LongitudeDegrees>-106.05374</LongitudeDegrees>
          </Position>
          <AltitudeMeters>1920.8</AltitudeMeters>
          <DistanceMeters>24753.6</DistanceMeters>
        </Trackpoint>
        <Trackpoint>
          <Time>2026-07-26T02:47:03Z</Time>
          <Position>
            <LatitudeDegrees>35.55237</LatitudeDegrees>
            <LongitudeDegrees>-106.05375</LongitudeDegrees>
          </Position>
          <AltitudeMeters>1921.2</AltitudeMeters>
          <DistanceMeters>24843.8</DistanceMeters>
        </Trackpoint>
        <Trackpoint>
          <Time>2026-07-26T02:47:13Z</Time>
          <Position>
            <LatitudeDegrees>35.55156</LatitudeDegrees>
            <LongitudeDegrees>-106.05376</LongitudeDegrees>
          </Position>
          <AltitudeMeters>1921.1</AltitudeMeters>
          <DistanceMeters>24933.9</DistanceMeters>
        </Trackpoint>
        <Trackpoint>
          <Time>2026-07-26T02:47:23Z</Time>
          <Position>
            <LatitudeDegrees>35.55075</LatitudeDegrees>
            <LongitudeDegrees>-106.05376</LongitudeDegrees>
          </Position>
          <AltitudeMeters>1919.0</AltitudeMeters>
          <DistanceMeters>25024.1</DistanceMeters>
        </Trackpoint>
        <Trackpoint>
          <Time>2026-07-26T02:47:33Z</Time>
          <Position>
            <LatitudeDegrees>35.54995</LatitudeDegrees>
            <LongitudeDegrees>-106.05377</LongitudeDegrees>
          </Position>
          <AltitudeMeters>1914.1</AltitudeMeters>
          <DistanceMeters>25113.2</DistanceMeters>
        </Trackpoint>
        <Trackpoint>
          <Time>2026-07-26T02:47:43Z</Time>
          <Position>
            <LatitudeDegrees>35.5493</LatitudeDegrees>
            <LongitudeDegrees>-106.0538</LongitudeDegrees>
          </Position>
          <AltitudeMeters>1910.5</AltitudeMeters>
          <DistanceMeters>25185.6</DistanceMeters>
        </Trackpoint>
        <Trackpoint>
          <Time>2026-07-26T02:47:53Z</Time>
          <Position>
            <LatitudeDegrees>35.54856</LatitudeDegrees>
            <LongitudeDegrees>-106.05388</LongitudeDegrees>
          </Position>
          <AltitudeMeters>1906.3</AltitudeMeters>
          <DistanceMeters>25268.3</DistanceMeters>
        </Trackpoint>
        <Trackpoint>
          <Time>2026-07-26T02:48:03Z</Time>
          <Position>
            <LatitudeDegrees>35.54797</LatitudeDegrees>
            <LongitudeDegrees>-106.05396</LongitudeDegrees>
          </Position>
          <AltitudeMeters>1903.6</AltitudeMeters>
          <DistanceMeters>25334.3</DistanceMeters>
        </Trackpoint>
        <Trackpoint>
          <Time>2026-07-26T02:48:13Z</Time>
          <Position>
            <LatitudeDegrees>35.54727</LatitudeDegrees>
            <LongitudeDegrees>-106.05409</LongitudeDegrees>
          </Position>
          <AltitudeMeters>1906.1</AltitudeMeters>
          <DistanceMeters>25413.1</DistanceMeters>
        </Trackpoint>
        <Trackpoint>
          <Time>2026-07-26T02:48:23Z</Time>
          <Position>
            <LatitudeDegrees>35.5464</LatitudeDegrees>
            <LongitudeDegrees>-106.05428</LongitudeDegrees>
          </Position>
          <AltitudeMeters>1910.1</AltitudeMeters>
          <DistanceMeters>25511.5</DistanceMeters>
        </Trackpoint>
        <Trackpoint>
          <Time>2026-07-26T02:48:33Z</Time>
          <Position>
            <LatitudeDegrees>35.54554</LatitudeDegrees>
            <LongitudeDegrees>-106.05446</LongitudeDegrees>
          </Position>
          <AltitudeMeters>1913.7</AltitudeMeters>
          <DistanceMeters>25608.6</DistanceMeters>
        </Trackpoint>
        <Trackpoint>
          <Time>2026-07-26T02:48:43Z</Time>
          <Position>
            <LatitudeDegrees>35.54468</LatitudeDegrees>
            <LongitudeDegrees>-106.05465</LongitudeDegrees>
          </Position>
          <AltitudeMeters>1915.1</AltitudeMeters>
          <DistanceMeters>25705.9</DistanceMeters>
        </Trackpoint>
        <Trackpoint>
          <Time>2026-07-26T02:48:53Z</Time>
          <Position>
            <LatitudeDegrees>35.54381</LatitudeDegrees>
            <LongitudeDegrees>-106.05483</LongitudeDegrees>
          </Position>
          <AltitudeMeters>1917.1</AltitudeMeters>
          <DistanceMeters>25804.1</DistanceMeters>
        </Trackpoint>
        <Trackpoint>
          <Time>2026-07-26T02:49:03Z</Time>
          <Position>
            <LatitudeDegrees>35.54295</LatitudeDegrees>
            <LongitudeDegrees>-106.05502</LongitudeDegrees>
          </Position>
          <AltitudeMeters>1919.1</AltitudeMeters>
          <DistanceMeters>25901.4</DistanceMeters>
        </Trackpoint>
        <Trackpoint>
          <Time>2026-07-26T02:49:13Z</Time>
          <Position>
            <LatitudeDegrees>35.54209</LatitudeDegrees>
            <LongitudeDegrees>-106.05521</LongitudeDegrees>
          </Position>
          <AltitudeMeters>1920.0</AltitudeMeters>
          <DistanceMeters>25998.6</DistanceMeters>
        </Trackpoint>
        <Trackpoint>
          <Time>2026-07-26T02:49:23Z</Time>
          <Position>
            <LatitudeDegrees>35.54123</LatitudeDegrees>
            <LongitudeDegrees>-106.05539</LongitudeDegrees>
          </Position>
          <AltitudeMeters>1920.0</AltitudeMeters>
          <DistanceMeters>26095.7</DistanceMeters>
        </Trackpoint>
        <Trackpoint>
          <Time>2026-07-26T02:49:33Z</Time>
          <Position>
            <LatitudeDegrees>35.54036</LatitudeDegrees>
            <LongitudeDegrees>-106.05558</LongitudeDegrees>
          </Position>
          <AltitudeMeters>1919.3</AltitudeMeters>
          <DistanceMeters>26194.1</DistanceMeters>
        </Trackpoint>
        <Trackpoint>
          <Time>2026-07-26T02:49:43Z</Time>
          <Position>
            <LatitudeDegrees>35.5395</LatitudeDegrees>
            <LongitudeDegrees>-106.05576</LongitudeDegrees>
          </Position>
          <AltitudeMeters>1918.5</AltitudeMeters>
          <DistanceMeters>26291.2</DistanceMeters>
        </Trackpoint>
        <Trackpoint>
          <Time>2026-07-26T02:49:53Z</Time>
          <Position>
            <LatitudeDegrees>35.53864</LatitudeDegrees>
            <LongitudeDegrees>-106.05595</LongitudeDegrees>
          </Position>
          <AltitudeMeters>1917.9</AltitudeMeters>
          <DistanceMeters>26388.5</DistanceMeters>
        </Trackpoint>
        <Trackpoint>
          <Time>2026-07-26T02:50:03Z</Time>
          <Position>
            <LatitudeDegrees>35.53777</LatitudeDegrees>
            <LongitudeDegrees>-106.05613</LongitudeDegrees>
          </Position>
          <AltitudeMeters>1917.9</AltitudeMeters>
          <DistanceMeters>26486.7</DistanceMeters>
        </Trackpoint>
        <Trackpoint>
          <Time>2026-07-26T02:50:13Z</Time>
          <Position>
            <LatitudeDegrees>35.53691</LatitudeDegrees>
            <LongitudeDegrees>-106.05632</LongitudeDegrees>
          </Position>
          <AltitudeMeters>1917.4</AltitudeMeters>
          <DistanceMeters>26584.0</DistanceMeters>
        </Trackpoint>
        <Trackpoint>
          <Time>2026-07-26T02:50:23Z</Time>
          <Position>
            <LatitudeDegrees>35.53604</LatitudeDegrees>
            <LongitudeDegrees>-106.05649</LongitudeDegrees>
          </Position>
          <AltitudeMeters>1916.1</AltitudeMeters>
          <DistanceMeters>26682.0</DistanceMeters>
        </Trackpoint>
        <Trackpoint>
          <Time>2026-07-26T02:50:33Z</Time>
          <Position>
            <LatitudeDegrees>35.53517</LatitudeDegrees>
            <LongitudeDegrees>-106.05666</LongitudeDegrees>
          </Position>
          <AltitudeMeters>1915.1</AltitudeMeters>
          <DistanceMeters>26780.1</DistanceMeters>
        </Trackpoint>
        <Trackpoint>
          <Time>2026-07-26T02:50:43Z</Time>
          <Position>
            <LatitudeDegrees>35.5343</LatitudeDegrees>
            <LongitudeDegrees>-106.05683</LongitudeDegrees>
          </Position>
          <AltitudeMeters>1913.9</AltitudeMeters>
          <DistanceMeters>26878.2</DistanceMeters>
        </Trackpoint>
        <Trackpoint>
          <Time>2026-07-26T02:50:53Z</Time>
          <Position>
            <LatitudeDegrees>35.53343</LatitudeDegrees>
            <LongitudeDegrees>-106.05699</LongitudeDegrees>
          </Position>
          <AltitudeMeters>1914.2</AltitudeMeters>
          <DistanceMeters>26976.1</DistanceMeters>
        </Trackpoint>
        <Trackpoint>
          <Time>2026-07-26T02:51:03Z</Time>
          <Position>
            <LatitudeDegrees>35.53256</LatitudeDegrees>
            <LongitudeDegrees>-106.05716</LongitudeDegrees>
          </Position>
          <AltitudeMeters>1914.4</AltitudeMeters>
          <DistanceMeters>27074.2</DistanceMeters>
        </Trackpoint>
        <Trackpoint>
          <Time>2026-07-26T02:51:13Z</Time>
          <Position>
            <LatitudeDegrees>35.53191</LatitudeDegrees>
            <LongitudeDegrees>-106.05733</LongitudeDegrees>
          </Position>
          <AltitudeMeters>1913.8</AltitudeMeters>
          <DistanceMeters>27148.1</DistanceMeters>
        </Trackpoint>
        <Trackpoint>
          <Time>2026-07-26T02:51:23Z</Time>
          <Position>
            <LatitudeDegrees>35.53125</LatitudeDegrees>
            <LongitudeDegrees>-106.05749</LongitudeDegrees>
          </Position>
          <AltitudeMeters>1912.0</AltitudeMeters>
          <DistanceMeters>27223.0</DistanceMeters>
        </Trackpoint>
        <Trackpoint>
          <Time>2026-07-26T02:51:33Z</Time>
          <Position>
            <LatitudeDegrees>35.53042</LatitudeDegrees>
            <LongitudeDegrees>-106.05767</LongitudeDegrees>
          </Position>
          <AltitudeMeters>1910.4</AltitudeMeters>
          <DistanceMeters>27316.8</DistanceMeters>
        </Trackpoint>
        <Trackpoint>
          <Time>2026-07-26T02:51:43Z</Time>
          <Position>
            <LatitudeDegrees>35.52959</LatitudeDegrees>
            <LongitudeDegrees>-106.05784</LongitudeDegrees>
          </Position>
          <AltitudeMeters>1909.0</AltitudeMeters>
          <DistanceMeters>27410.5</DistanceMeters>
        </Trackpoint>
        <Trackpoint>
          <Time>2026-07-26T02:51:53Z</Time>
          <Position>
            <LatitudeDegrees>35.52876</LatitudeDegrees>
            <LongitudeDegrees>-106.05802</LongitudeDegrees>
          </Position>
          <AltitudeMeters>1906.9</AltitudeMeters>
          <DistanceMeters>27504.3</DistanceMeters>
        </Trackpoint>
        <Trackpoint>
          <Time>2026-07-26T02:52:03Z</Time>
          <Position>
            <LatitudeDegrees>35.52792</LatitudeDegrees>
            <LongitudeDegrees>-106.0582</LongitudeDegrees>
          </Position>
          <AltitudeMeters>1908.8</AltitudeMeters>
          <DistanceMeters>27599.3</DistanceMeters>
        </Trackpoint>
        <Trackpoint>
          <Time>2026-07-26T02:52:13Z</Time>
          <Position>
            <LatitudeDegrees>35.52709</LatitudeDegrees>
            <LongitudeDegrees>-106.05838</LongitudeDegrees>
          </Position>
          <AltitudeMeters>1910.6</AltitudeMeters>
          <DistanceMeters>27693.1</DistanceMeters>
        </Trackpoint>
        <Trackpoint>
          <Time>2026-07-26T02:52:23Z</Time>
          <Position>
            <LatitudeDegrees>35.52626</LatitudeDegrees>
            <LongitudeDegrees>-106.05855</LongitudeDegrees>
          </Position>
          <AltitudeMeters>1910.2</AltitudeMeters>
          <DistanceMeters>27786.7</DistanceMeters>
        </Trackpoint>
        <Trackpoint>
          <Time>2026-07-26T02:52:33Z</Time>
          <Position>
            <LatitudeDegrees>35.52543</LatitudeDegrees>
            <LongitudeDegrees>-106.05873</LongitudeDegrees>
          </Position>
          <AltitudeMeters>1908.8</AltitudeMeters>
          <DistanceMeters>27880.6</DistanceMeters>
        </Trackpoint>
        <Trackpoint>
          <Time>2026-07-26T02:52:43Z</Time>
          <Position>
            <LatitudeDegrees>35.52465</LatitudeDegrees>
            <LongitudeDegrees>-106.0589</LongitudeDegrees>
          </Position>
          <AltitudeMeters>1906.4</AltitudeMeters>
          <DistanceMeters>27968.8</DistanceMeters>
        </Trackpoint>
        <Trackpoint>
          <Time>2026-07-26T02:52:53Z</Time>
          <Position>
            <LatitudeDegrees>35.52386</LatitudeDegrees>
            <LongitudeDegrees>-106.05907</LongitudeDegrees>
          </Position>
          <AltitudeMeters>1904.7</AltitudeMeters>
          <DistanceMeters>28058.0</DistanceMeters>
        </Trackpoint>
        <Trackpoint>
          <Time>2026-07-26T02:53:03Z</Time>
          <Position>
            <LatitudeDegrees>35.52308</LatitudeDegrees>
            <LongitudeDegrees>-106.05924</LongitudeDegrees>
          </Position>
          <AltitudeMeters>1902.9</AltitudeMeters>
          <DistanceMeters>28146.2</DistanceMeters>
        </Trackpoint>
        <Trackpoint>
          <Time>2026-07-26T02:53:13Z</Time>
          <Position>
            <LatitudeDegrees>35.5223</LatitudeDegrees>
            <LongitudeDegrees>-106.05941</LongitudeDegrees>
          </Position>
          <AltitudeMeters>1901.3</AltitudeMeters>
          <DistanceMeters>28234.4</DistanceMeters>
        </Trackpoint>
        <Trackpoint>
          <Time>2026-07-26T02:53:23Z</Time>
          <Position>
            <LatitudeDegrees>35.52152</LatitudeDegrees>
            <LongitudeDegrees>-106.05958</LongitudeDegrees>
          </Position>
          <AltitudeMeters>1902.3</AltitudeMeters>
          <DistanceMeters>28322.6</DistanceMeters>
        </Trackpoint>
        <Trackpoint>
          <Time>2026-07-26T02:53:33Z</Time>
          <Position>
            <LatitudeDegrees>35.52074</LatitudeDegrees>
            <LongitudeDegrees>-106.05975</LongitudeDegrees>
          </Position>
          <AltitudeMeters>1903.4</AltitudeMeters>
          <DistanceMeters>28410.8</DistanceMeters>
        </Trackpoint>
        <Trackpoint>
          <Time>2026-07-26T02:53:43Z</Time>
          <Position>
            <LatitudeDegrees>35.51996</LatitudeDegrees>
            <LongitudeDegrees>-106.05992</LongitudeDegrees>
          </Position>
          <AltitudeMeters>1904.5</AltitudeMeters>
          <DistanceMeters>28499.0</DistanceMeters>
        </Trackpoint>
        <Trackpoint>
          <Time>2026-07-26T02:53:53Z</Time>
          <Position>
            <LatitudeDegrees>35.51918</LatitudeDegrees>
            <LongitudeDegrees>-106.06009</LongitudeDegrees>
          </Position>
          <AltitudeMeters>1904.8</AltitudeMeters>
          <DistanceMeters>28587.1</DistanceMeters>
        </Trackpoint>
        <Trackpoint>
          <Time>2026-07-26T02:54:03Z</Time>
          <Position>
            <LatitudeDegrees>35.51851</LatitudeDegrees>
            <LongitudeDegrees>-106.06022</LongitudeDegrees>
          </Position>
          <AltitudeMeters>1904.3</AltitudeMeters>
          <DistanceMeters>28662.6</DistanceMeters>
        </Trackpoint>
        <Trackpoint>
          <Time>2026-07-26T02:54:13Z</Time>
          <Position>
            <LatitudeDegrees>35.51784</LatitudeDegrees>
            <LongitudeDegrees>-106.06036</LongitudeDegrees>
          </Position>
          <AltitudeMeters>1903.8</AltitudeMeters>
          <DistanceMeters>28738.3</DistanceMeters>
        </Trackpoint>
        <Trackpoint>
          <Time>2026-07-26T02:54:23Z</Time>
          <Position>
            <LatitudeDegrees>35.51701</LatitudeDegrees>
            <LongitudeDegrees>-106.06053</LongitudeDegrees>
          </Position>
          <AltitudeMeters>1903.3</AltitudeMeters>
          <DistanceMeters>28832.0</DistanceMeters>
        </Trackpoint>
        <Trackpoint>
          <Time>2026-07-26T02:54:33Z</Time>
          <Position>
            <LatitudeDegrees>35.51618</LatitudeDegrees>
            <LongitudeDegrees>-106.06071</LongitudeDegrees>
          </Position>
          <AltitudeMeters>1903.8</AltitudeMeters>
          <DistanceMeters>28925.8</DistanceMeters>
        </Trackpoint>
        <Trackpoint>
          <Time>2026-07-26T02:54:43Z</Time>
          <Position>
            <LatitudeDegrees>35.51535</LatitudeDegrees>
            <LongitudeDegrees>-106.06088</LongitudeDegrees>
          </Position>
          <AltitudeMeters>1902.3</AltitudeMeters>
          <DistanceMeters>29019.5</DistanceMeters>
        </Trackpoint>
        <Trackpoint>
          <Time>2026-07-26T02:54:53Z</Time>
          <Position>
            <LatitudeDegrees>35.51452</LatitudeDegrees>
            <LongitudeDegrees>-106.06106</LongitudeDegrees>
          </Position>
          <AltitudeMeters>1898.4</AltitudeMeters>
          <DistanceMeters>29113.3</DistanceMeters>
        </Trackpoint>
        <Trackpoint>
          <Time>2026-07-26T02:55:03Z</Time>
          <Position>
            <LatitudeDegrees>35.51369</LatitudeDegrees>
            <LongitudeDegrees>-106.06123</LongitudeDegrees>
          </Position>
          <AltitudeMeters>1896.3</AltitudeMeters>
          <DistanceMeters>29207.0</DistanceMeters>
        </Trackpoint>
        <Trackpoint>
          <Time>2026-07-26T02:55:13Z</Time>
          <Position>
            <LatitudeDegrees>35.51286</LatitudeDegrees>
            <LongitudeDegrees>-106.06141</LongitudeDegrees>
          </Position>
          <AltitudeMeters>1896.4</AltitudeMeters>
          <DistanceMeters>29300.8</DistanceMeters>
        </Trackpoint>
        <Trackpoint>
          <Time>2026-07-26T02:55:23Z</Time>
          <Position>
            <LatitudeDegrees>35.51203</LatitudeDegrees>
            <LongitudeDegrees>-106.06158</LongitudeDegrees>
          </Position>
          <AltitudeMeters>1895.9</AltitudeMeters>
          <DistanceMeters>29394.4</DistanceMeters>
        </Trackpoint>
        <Trackpoint>
          <Time>2026-07-26T02:55:33Z</Time>
          <Position>
            <LatitudeDegrees>35.5112</LatitudeDegrees>
            <LongitudeDegrees>-106.06176</LongitudeDegrees>
          </Position>
          <AltitudeMeters>1897.9</AltitudeMeters>
          <DistanceMeters>29488.3</DistanceMeters>
        </Trackpoint>
        <Trackpoint>
          <Time>2026-07-26T02:55:43Z</Time>
          <Position>
            <LatitudeDegrees>35.51037</LatitudeDegrees>
            <LongitudeDegrees>-106.06193</LongitudeDegrees>
          </Position>
          <AltitudeMeters>1902.3</AltitudeMeters>
          <DistanceMeters>29581.9</DistanceMeters>
        </Trackpoint>
        <Trackpoint>
          <Time>2026-07-26T02:55:53Z</Time>
          <Position>
            <LatitudeDegrees>35.50954</LatitudeDegrees>
            <LongitudeDegrees>-106.06211</LongitudeDegrees>
          </Position>
          <AltitudeMeters>1901.7</AltitudeMeters>
          <DistanceMeters>29675.8</DistanceMeters>
        </Trackpoint>
        <Trackpoint>
          <Time>2026-07-26T02:56:03Z</Time>
          <Position>
            <LatitudeDegrees>35.50871</LatitudeDegrees>
            <LongitudeDegrees>-106.06228</LongitudeDegrees>
          </Position>
          <AltitudeMeters>1898.9</AltitudeMeters>
          <DistanceMeters>29769.4</DistanceMeters>
        </Trackpoint>
        <Trackpoint>
          <Time>2026-07-26T02:56:13Z</Time>
          <Position>
            <LatitudeDegrees>35.50788</LatitudeDegrees>
            <LongitudeDegrees>-106.06246</LongitudeDegrees>
          </Position>
          <AltitudeMeters>1898.6</AltitudeMeters>
          <DistanceMeters>29863.3</DistanceMeters>
        </Trackpoint>
        <Trackpoint>
          <Time>2026-07-26T02:56:23Z</Time>
          <Position>
            <LatitudeDegrees>35.50705</LatitudeDegrees>
            <LongitudeDegrees>-106.06264</LongitudeDegrees>
          </Position>
          <AltitudeMeters>1897.8</AltitudeMeters>
          <DistanceMeters>29957.1</DistanceMeters>
        </Trackpoint>
        <Trackpoint>
          <Time>2026-07-26T02:56:33Z</Time>
          <Position>
            <LatitudeDegrees>35.50622</LatitudeDegrees>
            <LongitudeDegrees>-106.06281</LongitudeDegrees>
          </Position>
          <AltitudeMeters>1896.7</AltitudeMeters>
          <DistanceMeters>30050.8</DistanceMeters>
        </Trackpoint>
        <Trackpoint>
          <Time>2026-07-26T02:56:43Z</Time>
          <Position>
            <LatitudeDegrees>35.50544</LatitudeDegrees>
            <LongitudeDegrees>-106.06298</LongitudeDegrees>
          </Position>
          <AltitudeMeters>1895.3</AltitudeMeters>
          <DistanceMeters>30138.9</DistanceMeters>
        </Trackpoint>
        <Trackpoint>
          <Time>2026-07-26T02:56:53Z</Time>
          <Position>
            <LatitudeDegrees>35.50467</LatitudeDegrees>
            <LongitudeDegrees>-106.06315</LongitudeDegrees>
          </Position>
          <AltitudeMeters>1893.3</AltitudeMeters>
          <DistanceMeters>30226.0</DistanceMeters>
        </Trackpoint>
        <Trackpoint>
          <Time>2026-07-26T02:57:03Z</Time>
          <Position>
            <LatitudeDegrees>35.50384</LatitudeDegrees>
            <LongitudeDegrees>-106.06335</LongitudeDegrees>
          </Position>
          <AltitudeMeters>1891.4</AltitudeMeters>
          <DistanceMeters>30320.2</DistanceMeters>
        </Trackpoint>
        <Trackpoint>
          <Time>2026-07-26T02:57:13Z</Time>
          <Position>
            <LatitudeDegrees>35.50301</LatitudeDegrees>
            <LongitudeDegrees>-106.06356</LongitudeDegrees>
          </Position>
          <AltitudeMeters>1889.3</AltitudeMeters>
          <DistanceMeters>30414.5</DistanceMeters>
        </Trackpoint>
        <Trackpoint>
          <Time>2026-07-26T02:57:23Z</Time>
          <Position>
            <LatitudeDegrees>35.50218</LatitudeDegrees>
            <LongitudeDegrees>-106.06376</LongitudeDegrees>
          </Position>
          <AltitudeMeters>1886.4</AltitudeMeters>
          <DistanceMeters>30508.7</DistanceMeters>
        </Trackpoint>
        <Trackpoint>
          <Time>2026-07-26T02:57:33Z</Time>
          <Position>
            <LatitudeDegrees>35.5014</LatitudeDegrees>
            <LongitudeDegrees>-106.06392</LongitudeDegrees>
          </Position>
          <AltitudeMeters>1884.4</AltitudeMeters>
          <DistanceMeters>30596.7</DistanceMeters>
        </Trackpoint>
        <Trackpoint>
          <Time>2026-07-26T02:57:43Z</Time>
          <Position>
            <LatitudeDegrees>35.50062</LatitudeDegrees>
            <LongitudeDegrees>-106.06408</LongitudeDegrees>
          </Position>
          <AltitudeMeters>1882.1</AltitudeMeters>
          <DistanceMeters>30684.7</DistanceMeters>
        </Trackpoint>
        <Trackpoint>
          <Time>2026-07-26T02:57:53Z</Time>
          <Position>
            <LatitudeDegrees>35.49983</LatitudeDegrees>
            <LongitudeDegrees>-106.06425</LongitudeDegrees>
          </Position>
          <AltitudeMeters>1881.3</AltitudeMeters>
          <DistanceMeters>30774.0</DistanceMeters>
        </Trackpoint>
        <Trackpoint>
          <Time>2026-07-26T02:58:03Z</Time>
          <Position>
            <LatitudeDegrees>35.49903</LatitudeDegrees>
            <LongitudeDegrees>-106.06442</LongitudeDegrees>
          </Position>
          <AltitudeMeters>1878.6</AltitudeMeters>
          <DistanceMeters>30864.4</DistanceMeters>
        </Trackpoint>
        <Trackpoint>
          <Time>2026-07-26T02:58:13Z</Time>
          <Position>
            <LatitudeDegrees>35.49823</LatitudeDegrees>
            <LongitudeDegrees>-106.06459</LongitudeDegrees>
          </Position>
          <AltitudeMeters>1878.5</AltitudeMeters>
          <DistanceMeters>30954.8</DistanceMeters>
        </Trackpoint>
        <Trackpoint>
          <Time>2026-07-26T02:58:23Z</Time>
          <Position>
            <LatitudeDegrees>35.49743</LatitudeDegrees>
            <LongitudeDegrees>-106.06476</LongitudeDegrees>
          </Position>
          <AltitudeMeters>1875.9</AltitudeMeters>
          <DistanceMeters>31045.1</DistanceMeters>
        </Trackpoint>
        <Trackpoint>
          <Time>2026-07-26T02:58:33Z</Time>
          <Position>
            <LatitudeDegrees>35.49663</LatitudeDegrees>
            <LongitudeDegrees>-106.06493</LongitudeDegrees>
          </Position>
          <AltitudeMeters>1873.1</AltitudeMeters>
          <DistanceMeters>31135.5</DistanceMeters>
        </Trackpoint>
        <Trackpoint>
          <Time>2026-07-26T02:58:43Z</Time>
          <Position>
            <LatitudeDegrees>35.49582</LatitudeDegrees>
            <LongitudeDegrees>-106.0651</LongitudeDegrees>
          </Position>
          <AltitudeMeters>1872.1</AltitudeMeters>
          <DistanceMeters>31227.0</DistanceMeters>
        </Trackpoint>
        <Trackpoint>
          <Time>2026-07-26T02:58:53Z</Time>
          <Position>
            <LatitudeDegrees>35.49502</LatitudeDegrees>
            <LongitudeDegrees>-106.06527</LongitudeDegrees>
          </Position>
          <AltitudeMeters>1874.8</AltitudeMeters>
          <DistanceMeters>31317.4</DistanceMeters>
        </Trackpoint>
        <Trackpoint>
          <Time>2026-07-26T02:59:03Z</Time>
          <Position>
            <LatitudeDegrees>35.49422</LatitudeDegrees>
            <LongitudeDegrees>-106.06545</LongitudeDegrees>
          </Position>
          <AltitudeMeters>1878.2</AltitudeMeters>
          <DistanceMeters>31407.9</DistanceMeters>
        </Trackpoint>
        <Trackpoint>
          <Time>2026-07-26T02:59:13Z</Time>
          <Position>
            <LatitudeDegrees>35.49342</LatitudeDegrees>
            <LongitudeDegrees>-106.06562</LongitudeDegrees>
          </Position>
          <AltitudeMeters>1880.1</AltitudeMeters>
          <DistanceMeters>31498.3</DistanceMeters>
        </Trackpoint>
        <Trackpoint>
          <Time>2026-07-26T02:59:23Z</Time>
          <Position>
            <LatitudeDegrees>35.49351</LatitudeDegrees>
            <LongitudeDegrees>-106.0656</LongitudeDegrees>
          </Position>
          <AltitudeMeters>1880.1</AltitudeMeters>
          <DistanceMeters>31508.5</DistanceMeters>
        </Trackpoint>
        <Trackpoint>
          <Time>2026-07-26T02:59:43Z</Time>
          <Position>
            <LatitudeDegrees>35.49277</LatitudeDegrees>
            <LongitudeDegrees>-106.06577</LongitudeDegrees>
          </Position>
          <AltitudeMeters>1879.6</AltitudeMeters>
          <DistanceMeters>31592.3</DistanceMeters>
        </Trackpoint>
        <Trackpoint>
          <Time>2026-07-26T02:59:53Z</Time>
          <Position>
            <LatitudeDegrees>35.49195</LatitudeDegrees>
            <LongitudeDegrees>-106.06593</LongitudeDegrees>
          </Position>
          <AltitudeMeters>1877.7</AltitudeMeters>
          <DistanceMeters>31684.7</DistanceMeters>
        </Trackpoint>
        <Trackpoint>
          <Time>2026-07-26T03:00:03Z</Time>
          <Position>
            <LatitudeDegrees>35.49112</LatitudeDegrees>
            <LongitudeDegrees>-106.06609</LongitudeDegrees>
          </Position>
          <AltitudeMeters>1876.8</AltitudeMeters>
          <DistanceMeters>31778.2</DistanceMeters>
        </Trackpoint>
        <Trackpoint>
          <Time>2026-07-26T03:00:13Z</Time>
          <Position>
            <LatitudeDegrees>35.49028</LatitudeDegrees>
            <LongitudeDegrees>-106.06627</LongitudeDegrees>
          </Position>
          <AltitudeMeters>1874.6</AltitudeMeters>
          <DistanceMeters>31873.2</DistanceMeters>
        </Trackpoint>
        <Trackpoint>
          <Time>2026-07-26T03:00:23Z</Time>
          <Position>
            <LatitudeDegrees>35.48941</LatitudeDegrees>
            <LongitudeDegrees>-106.06648</LongitudeDegrees>
          </Position>
          <AltitudeMeters>1872.4</AltitudeMeters>
          <DistanceMeters>31971.9</DistanceMeters>
        </Trackpoint>
        <Trackpoint>
          <Time>2026-07-26T03:00:33Z</Time>
          <Position>
            <LatitudeDegrees>35.48853</LatitudeDegrees>
            <LongitudeDegrees>-106.06669</LongitudeDegrees>
          </Position>
          <AltitudeMeters>1872.1</AltitudeMeters>
          <DistanceMeters>32071.6</DistanceMeters>
        </Trackpoint>
        <Trackpoint>
          <Time>2026-07-26T03:00:43Z</Time>
          <Position>
            <LatitudeDegrees>35.48766</LatitudeDegrees>
            <LongitudeDegrees>-106.0669</LongitudeDegrees>
          </Position>
          <AltitudeMeters>1870.9</AltitudeMeters>
          <DistanceMeters>32170.3</DistanceMeters>
        </Trackpoint>
        <Trackpoint>
          <Time>2026-07-26T03:00:53Z</Time>
          <Position>
            <LatitudeDegrees>35.4869</LatitudeDegrees>
            <LongitudeDegrees>-106.06707</LongitudeDegrees>
          </Position>
          <AltitudeMeters>1870.2</AltitudeMeters>
          <DistanceMeters>32256.3</DistanceMeters>
        </Trackpoint>
        <Trackpoint>
          <Time>2026-07-26T03:01:03Z</Time>
          <Position>
            <LatitudeDegrees>35.48613</LatitudeDegrees>
            <LongitudeDegrees>-106.06724</LongitudeDegrees>
          </Position>
          <AltitudeMeters>1869.2</AltitudeMeters>
          <DistanceMeters>32343.4</DistanceMeters>
        </Trackpoint>
        <Trackpoint>
          <Time>2026-07-26T03:01:13Z</Time>
          <Position>
            <LatitudeDegrees>35.48537</LatitudeDegrees>
            <LongitudeDegrees>-106.0674</LongitudeDegrees>
          </Position>
          <AltitudeMeters>1868.1</AltitudeMeters>
          <DistanceMeters>32429.3</DistanceMeters>
        </Trackpoint>
        <Trackpoint>
          <Time>2026-07-26T03:01:23Z</Time>
          <Position>
            <LatitudeDegrees>35.48461</LatitudeDegrees>
            <LongitudeDegrees>-106.06756</LongitudeDegrees>
          </Position>
          <AltitudeMeters>1867.0</AltitudeMeters>
          <DistanceMeters>32515.1</DistanceMeters>
        </Trackpoint>
        <Trackpoint>
          <Time>2026-07-26T03:01:33Z</Time>
          <Position>
            <LatitudeDegrees>35.48385</LatitudeDegrees>
            <LongitudeDegrees>-106.06771</LongitudeDegrees>
          </Position>
          <AltitudeMeters>1865.6</AltitudeMeters>
          <DistanceMeters>32600.8</DistanceMeters>
        </Trackpoint>
        <Trackpoint>
          <Time>2026-07-26T03:01:43Z</Time>
          <Position>
            <LatitudeDegrees>35.4831</LatitudeDegrees>
            <LongitudeDegrees>-106.06787</LongitudeDegrees>
          </Position>
          <AltitudeMeters>1865.0</AltitudeMeters>
          <DistanceMeters>32685.5</DistanceMeters>
        </Trackpoint>
        <Trackpoint>
          <Time>2026-07-26T03:01:53Z</Time>
          <Position>
            <LatitudeDegrees>35.48234</LatitudeDegrees>
            <LongitudeDegrees>-106.06802</LongitudeDegrees>
          </Position>
          <AltitudeMeters>1863.6</AltitudeMeters>
          <DistanceMeters>32771.2</DistanceMeters>
        </Trackpoint>
        <Trackpoint>
          <Time>2026-07-26T03:02:03Z</Time>
          <Position>
            <LatitudeDegrees>35.48158</LatitudeDegrees>
            <LongitudeDegrees>-106.06818</LongitudeDegrees>
          </Position>
          <AltitudeMeters>1860.2</AltitudeMeters>
          <DistanceMeters>32857.1</DistanceMeters>
        </Trackpoint>
        <Trackpoint>
          <Time>2026-07-26T03:02:13Z</Time>
          <Position>
            <LatitudeDegrees>35.48083</LatitudeDegrees>
            <LongitudeDegrees>-106.06833</LongitudeDegrees>
          </Position>
          <AltitudeMeters>1858.8</AltitudeMeters>
          <DistanceMeters>32941.6</DistanceMeters>
        </Trackpoint>
        <Trackpoint>
          <Time>2026-07-26T03:02:23Z</Time>
          <Position>
            <LatitudeDegrees>35.48007</LatitudeDegrees>
            <LongitudeDegrees>-106.0685</LongitudeDegrees>
          </Position>
          <AltitudeMeters>1857.5</AltitudeMeters>
          <DistanceMeters>33027.6</DistanceMeters>
        </Trackpoint>
        <Trackpoint>
          <Time>2026-07-26T03:02:33Z</Time>
          <Position>
            <LatitudeDegrees>35.47932</LatitudeDegrees>
            <LongitudeDegrees>-106.06867</LongitudeDegrees>
          </Position>
          <AltitudeMeters>1856.0</AltitudeMeters>
          <DistanceMeters>33112.5</DistanceMeters>
        </Trackpoint>
        <Trackpoint>
          <Time>2026-07-26T03:02:43Z</Time>
          <Position>
            <LatitudeDegrees>35.47856</LatitudeDegrees>
            <LongitudeDegrees>-106.06884</LongitudeDegrees>
          </Position>
          <AltitudeMeters>1854.4</AltitudeMeters>
          <DistanceMeters>33198.5</DistanceMeters>
        </Trackpoint>
        <Trackpoint>
          <Time>2026-07-26T03:02:53Z</Time>
          <Position>
            <LatitudeDegrees>35.47781</LatitudeDegrees>
            <LongitudeDegrees>-106.06901</LongitudeDegrees>
          </Position>
          <AltitudeMeters>1851.4</AltitudeMeters>
          <DistanceMeters>33283.4</DistanceMeters>
        </Trackpoint>
        <Trackpoint>
          <Time>2026-07-26T03:03:03Z</Time>
          <Position>
            <LatitudeDegrees>35.47705</LatitudeDegrees>
            <LongitudeDegrees>-106.06916</LongitudeDegrees>
          </Position>
          <AltitudeMeters>1848.8</AltitudeMeters>
          <DistanceMeters>33369.1</DistanceMeters>
        </Trackpoint>
        <Trackpoint>
          <Time>2026-07-26T03:03:13Z</Time>
          <Position>
            <LatitudeDegrees>35.4765</LatitudeDegrees>
            <LongitudeDegrees>-106.06922</LongitudeDegrees>
          </Position>
          <AltitudeMeters>1847.2</AltitudeMeters>
          <DistanceMeters>33430.6</DistanceMeters>
        </Trackpoint>
        <Trackpoint>
          <Time>2026-07-26T03:03:23Z</Time>
          <Position>
            <LatitudeDegrees>35.47593</LatitudeDegrees>
            <LongitudeDegrees>-106.06926</LongitudeDegrees>
          </Position>
          <AltitudeMeters>1845.1</AltitudeMeters>
          <DistanceMeters>33494.1</DistanceMeters>
        </Trackpoint>
        <Trackpoint>
          <Time>2026-07-26T03:03:33Z</Time>
          <Position>
            <LatitudeDegrees>35.47518</LatitudeDegrees>
            <LongitudeDegrees>-106.06926</LongitudeDegrees>
          </Position>
          <AltitudeMeters>1841.5</AltitudeMeters>
          <DistanceMeters>33577.6</DistanceMeters>
        </Trackpoint>
        <Trackpoint>
          <Time>2026-07-26T03:03:43Z</Time>
          <Position>
            <LatitudeDegrees>35.47443</LatitudeDegrees>
            <LongitudeDegrees>-106.06926</LongitudeDegrees>
          </Position>
          <AltitudeMeters>1847.3</AltitudeMeters>
          <DistanceMeters>33661.1</DistanceMeters>
        </Trackpoint>
        <Trackpoint>
          <Time>2026-07-26T03:03:53Z</Time>
          <Position>
            <LatitudeDegrees>35.47367</LatitudeDegrees>
            <LongitudeDegrees>-106.06925</LongitudeDegrees>
          </Position>
          <AltitudeMeters>1853.7</AltitudeMeters>
          <DistanceMeters>33745.7</DistanceMeters>
        </Trackpoint>
        <Trackpoint>
          <Time>2026-07-26T03:04:03Z</Time>
          <Position>
            <LatitudeDegrees>35.47292</LatitudeDegrees>
            <LongitudeDegrees>-106.06925</LongitudeDegrees>
          </Position>
          <AltitudeMeters>1859.5</AltitudeMeters>
          <DistanceMeters>33829.2</DistanceMeters>
        </Trackpoint>
        <Trackpoint>
          <Time>2026-07-26T03:04:13Z</Time>
          <Position>
            <LatitudeDegrees>35.47217</LatitudeDegrees>
            <LongitudeDegrees>-106.06925</LongitudeDegrees>
          </Position>
          <AltitudeMeters>1863.3</AltitudeMeters>
          <DistanceMeters>33912.7</DistanceMeters>
        </Trackpoint>
        <Trackpoint>
          <Time>2026-07-26T03:04:23Z</Time>
          <Position>
            <LatitudeDegrees>35.47142</LatitudeDegrees>
            <LongitudeDegrees>-106.06925</LongitudeDegrees>
          </Position>
          <AltitudeMeters>1865.8</AltitudeMeters>
          <DistanceMeters>33996.2</DistanceMeters>
        </Trackpoint>
        <Trackpoint>
          <Time>2026-07-26T03:04:33Z</Time>
          <Position>
            <LatitudeDegrees>35.47086</LatitudeDegrees>
            <LongitudeDegrees>-106.06929</LongitudeDegrees>
          </Position>
          <AltitudeMeters>1867.2</AltitudeMeters>
          <DistanceMeters>34058.6</DistanceMeters>
        </Trackpoint>
        <Trackpoint>
          <Time>2026-07-26T03:04:43Z</Time>
          <Position>
            <LatitudeDegrees>35.47015</LatitudeDegrees>
            <LongitudeDegrees>-106.06937</LongitudeDegrees>
          </Position>
          <AltitudeMeters>1866.6</AltitudeMeters>
          <DistanceMeters>34138.0</DistanceMeters>
        </Trackpoint>
        <Trackpoint>
          <Time>2026-07-26T03:04:53Z</Time>
          <Position>
            <LatitudeDegrees>35.46945</LatitudeDegrees>
            <LongitudeDegrees>-106.06945</LongitudeDegrees>
          </Position>
          <AltitudeMeters>1862.2</AltitudeMeters>
          <DistanceMeters>34216.3</DistanceMeters>
        </Trackpoint>
        <Trackpoint>
          <Time>2026-07-26T03:05:03Z</Time>
          <Position>
            <LatitudeDegrees>35.46875</LatitudeDegrees>
            <LongitudeDegrees>-106.06953</LongitudeDegrees>
          </Position>
          <AltitudeMeters>1858.7</AltitudeMeters>
          <DistanceMeters>34294.5</DistanceMeters>
        </Trackpoint>
        <Trackpoint>
          <Time>2026-07-26T03:05:13Z</Time>
          <Position>
            <LatitudeDegrees>35.46805</LatitudeDegrees>
            <LongitudeDegrees>-106.06961</LongitudeDegrees>
          </Position>
          <AltitudeMeters>1854.6</AltitudeMeters>
          <DistanceMeters>34372.8</DistanceMeters>
        </Trackpoint>
        <Trackpoint>
          <Time>2026-07-26T03:05:23Z</Time>
          <Position>
            <LatitudeDegrees>35.4673</LatitudeDegrees>
            <LongitudeDegrees>-106.06971</LongitudeDegrees>
          </Position>
          <AltitudeMeters>1847.9</AltitudeMeters>
          <DistanceMeters>34456.8</DistanceMeters>
        </Trackpoint>
        <Trackpoint>
          <Time>2026-07-26T03:05:33Z</Time>
          <Position>
            <LatitudeDegrees>35.46656</LatitudeDegrees>
            <LongitudeDegrees>-106.06981</LongitudeDegrees>
          </Position>
          <AltitudeMeters>1850.9</AltitudeMeters>
          <DistanceMeters>34539.6</DistanceMeters>
        </Trackpoint>
        <Trackpoint>
          <Time>2026-07-26T03:05:43Z</Time>
          <Position>
            <LatitudeDegrees>35.46581</LatitudeDegrees>
            <LongitudeDegrees>-106.06991</LongitudeDegrees>
          </Position>
          <AltitudeMeters>1855.0</AltitudeMeters>
          <DistanceMeters>34623.6</DistanceMeters>
        </Trackpoint>
        <Trackpoint>
          <Time>2026-07-26T03:05:53Z</Time>
          <Position>
            <LatitudeDegrees>35.46507</LatitudeDegrees>
            <LongitudeDegrees>-106.07001</LongitudeDegrees>
          </Position>
          <AltitudeMeters>1855.5</AltitudeMeters>
          <DistanceMeters>34706.5</DistanceMeters>
        </Trackpoint>
        <Trackpoint>
          <Time>2026-07-26T03:06:03Z</Time>
          <Position>
            <LatitudeDegrees>35.46459</LatitudeDegrees>
            <LongitudeDegrees>-106.07006</LongitudeDegrees>
          </Position>
          <AltitudeMeters>1853.9</AltitudeMeters>
          <DistanceMeters>34760.1</DistanceMeters>
        </Trackpoint>
        <Trackpoint>
          <Time>2026-07-26T03:06:13Z</Time>
          <Position>
            <LatitudeDegrees>35.46412</LatitudeDegrees>
            <LongitudeDegrees>-106.07011</LongitudeDegrees>
          </Position>
          <AltitudeMeters>1852.6</AltitudeMeters>
          <DistanceMeters>34812.6</DistanceMeters>
        </Trackpoint>
        <Trackpoint>
          <Time>2026-07-26T03:06:23Z</Time>
          <Position>
            <LatitudeDegrees>35.46361</LatitudeDegrees>
            <LongitudeDegrees>-106.07013</LongitudeDegrees>
          </Position>
          <AltitudeMeters>1851.1</AltitudeMeters>
          <DistanceMeters>34869.4</DistanceMeters>
        </Trackpoint>
        <Trackpoint>
          <Time>2026-07-26T03:06:33Z</Time>
          <Position>
            <LatitudeDegrees>35.46309</LatitudeDegrees>
            <LongitudeDegrees>-106.07015</LongitudeDegrees>
          </Position>
          <AltitudeMeters>1849.6</AltitudeMeters>
          <DistanceMeters>34927.3</DistanceMeters>
        </Trackpoint>
        <Trackpoint>
          <Time>2026-07-26T03:06:43Z</Time>
          <Position>
            <LatitudeDegrees>35.46247</LatitudeDegrees>
            <LongitudeDegrees>-106.07014</LongitudeDegrees>
          </Position>
          <AltitudeMeters>1849.2</AltitudeMeters>
          <DistanceMeters>34996.4</DistanceMeters>
        </Trackpoint>
        <Trackpoint>
          <Time>2026-07-26T03:06:53Z</Time>
          <Position>
            <LatitudeDegrees>35.46184</LatitudeDegrees>
            <LongitudeDegrees>-106.07014</LongitudeDegrees>
          </Position>
          <AltitudeMeters>1848.3</AltitudeMeters>
          <DistanceMeters>35066.5</DistanceMeters>
        </Trackpoint>
        <Trackpoint>
          <Time>2026-07-26T03:07:03Z</Time>
          <Position>
            <LatitudeDegrees>35.46101</LatitudeDegrees>
            <LongitudeDegrees>-106.0701</LongitudeDegrees>
          </Position>
          <AltitudeMeters>1843.2</AltitudeMeters>
          <DistanceMeters>35159.0</DistanceMeters>
        </Trackpoint>
        <Trackpoint>
          <Time>2026-07-26T03:07:13Z</Time>
          <Position>
            <LatitudeDegrees>35.46019</LatitudeDegrees>
            <LongitudeDegrees>-106.07007</LongitudeDegrees>
          </Position>
          <AltitudeMeters>1837.3</AltitudeMeters>
          <DistanceMeters>35250.3</DistanceMeters>
        </Trackpoint>
        <Trackpoint>
          <Time>2026-07-26T03:07:23Z</Time>
          <Position>
            <LatitudeDegrees>35.45937</LatitudeDegrees>
            <LongitudeDegrees>-106.07004</LongitudeDegrees>
          </Position>
          <AltitudeMeters>1830.7</AltitudeMeters>
          <DistanceMeters>35341.6</DistanceMeters>
        </Trackpoint>
        <Trackpoint>
          <Time>2026-07-26T03:07:33Z</Time>
          <Position>
            <LatitudeDegrees>35.45854</LatitudeDegrees>
            <LongitudeDegrees>-106.07001</LongitudeDegrees>
          </Position>
          <AltitudeMeters>1830.0</AltitudeMeters>
          <DistanceMeters>35434.0</DistanceMeters>
        </Trackpoint>
        <Trackpoint>
          <Time>2026-07-26T03:07:43Z</Time>
          <Position>
            <LatitudeDegrees>35.45772</LatitudeDegrees>
            <LongitudeDegrees>-106.06998</LongitudeDegrees>
          </Position>
          <AltitudeMeters>1834.8</AltitudeMeters>
          <DistanceMeters>35525.4</DistanceMeters>
        </Trackpoint>
        <Trackpoint>
          <Time>2026-07-26T03:07:53Z</Time>
          <Position>
            <LatitudeDegrees>35.45689</LatitudeDegrees>
            <LongitudeDegrees>-106.06995</LongitudeDegrees>
          </Position>
          <AltitudeMeters>1839.0</AltitudeMeters>
          <DistanceMeters>35617.8</DistanceMeters>
        </Trackpoint>
        <Trackpoint>
          <Time>2026-07-26T03:08:03Z</Time>
          <Position>
            <LatitudeDegrees>35.45607</LatitudeDegrees>
            <LongitudeDegrees>-106.06992</LongitudeDegrees>
          </Position>
          <AltitudeMeters>1844.7</AltitudeMeters>
          <DistanceMeters>35709.1</DistanceMeters>
        </Trackpoint>
        <Trackpoint>
          <Time>2026-07-26T03:08:13Z</Time>
          <Position>
            <LatitudeDegrees>35.45524</LatitudeDegrees>
            <LongitudeDegrees>-106.06989</LongitudeDegrees>
          </Position>
          <AltitudeMeters>1850.8</AltitudeMeters>
          <DistanceMeters>35801.6</DistanceMeters>
        </Trackpoint>
        <Trackpoint>
          <Time>2026-07-26T03:08:23Z</Time>
          <Position>
            <LatitudeDegrees>35.45488</LatitudeDegrees>
            <LongitudeDegrees>-106.0699</LongitudeDegrees>
          </Position>
          <AltitudeMeters>1853.9</AltitudeMeters>
          <DistanceMeters>35841.6</DistanceMeters>
        </Trackpoint>
        <Trackpoint>
          <Time>2026-07-26T03:08:33Z</Time>
          <Position>
            <LatitudeDegrees>35.45455</LatitudeDegrees>
            <LongitudeDegrees>-106.06995</LongitudeDegrees>
          </Position>
          <AltitudeMeters>1855.4</AltitudeMeters>
          <DistanceMeters>35878.7</DistanceMeters>
        </Trackpoint>
        <Trackpoint>
          <Time>2026-07-26T03:08:43Z</Time>
          <Position>
            <LatitudeDegrees>35.45416</LatitudeDegrees>
            <LongitudeDegrees>-106.07008</LongitudeDegrees>
          </Position>
          <AltitudeMeters>1855.6</AltitudeMeters>
          <DistanceMeters>35923.6</DistanceMeters>
        </Trackpoint>
        <Trackpoint>
          <Time>2026-07-26T03:08:53Z</Time>
          <Position>
            <LatitudeDegrees>35.45391</LatitudeDegrees>
            <LongitudeDegrees>-106.07024</LongitudeDegrees>
          </Position>
          <AltitudeMeters>1855.7</AltitudeMeters>
          <DistanceMeters>35955.0</DistanceMeters>
        </Trackpoint>
        <Trackpoint>
          <Time>2026-07-26T03:09:03Z</Time>
          <Position>
            <LatitudeDegrees>35.45353</LatitudeDegrees>
            <LongitudeDegrees>-106.07055</LongitudeDegrees>
          </Position>
          <AltitudeMeters>1854.7</AltitudeMeters>
          <DistanceMeters>36005.8</DistanceMeters>
        </Trackpoint>
        <Trackpoint>
          <Time>2026-07-26T03:09:13Z</Time>
          <Position>
            <LatitudeDegrees>35.45315</LatitudeDegrees>
            <LongitudeDegrees>-106.07098</LongitudeDegrees>
          </Position>
          <AltitudeMeters>1856.7</AltitudeMeters>
          <DistanceMeters>36063.4</DistanceMeters>
        </Trackpoint>
        <Trackpoint>
          <Time>2026-07-26T03:09:23Z</Time>
          <Position>
            <LatitudeDegrees>35.45293</LatitudeDegrees>
            <LongitudeDegrees>-106.07135</LongitudeDegrees>
          </Position>
          <AltitudeMeters>1856.2</AltitudeMeters>
          <DistanceMeters>36104.9</DistanceMeters>
        </Trackpoint>
        <Trackpoint>
          <Time>2026-07-26T03:09:33Z</Time>
          <Position>
            <LatitudeDegrees>35.45272</LatitudeDegrees>
            <LongitudeDegrees>-106.07181</LongitudeDegrees>
          </Position>
          <AltitudeMeters>1855.6</AltitudeMeters>
          <DistanceMeters>36152.7</DistanceMeters>
        </Trackpoint>
        <Trackpoint>
          <Time>2026-07-26T03:09:43Z</Time>
          <Position>
            <LatitudeDegrees>35.45244</LatitudeDegrees>
            <LongitudeDegrees>-106.07264</LongitudeDegrees>
          </Position>
          <AltitudeMeters>1855.8</AltitudeMeters>
          <DistanceMeters>36234.2</DistanceMeters>
        </Trackpoint>
        <Trackpoint>
          <Time>2026-07-26T03:09:53Z</Time>
          <Position>
            <LatitudeDegrees>35.45215</LatitudeDegrees>
            <LongitudeDegrees>-106.07347</LongitudeDegrees>
          </Position>
          <AltitudeMeters>1855.4</AltitudeMeters>
          <DistanceMeters>36316.1</DistanceMeters>
        </Trackpoint>
        <Trackpoint>
          <Time>2026-07-26T03:10:03Z</Time>
          <Position>
            <LatitudeDegrees>35.45187</LatitudeDegrees>
            <LongitudeDegrees>-106.0743</LongitudeDegrees>
          </Position>
          <AltitudeMeters>1855.4</AltitudeMeters>
          <DistanceMeters>36397.5</DistanceMeters>
        </Trackpoint>
        <Trackpoint>
          <Time>2026-07-26T03:10:13Z</Time>
          <Position>
            <LatitudeDegrees>35.45159</LatitudeDegrees>
            <LongitudeDegrees>-106.07512</LongitudeDegrees>
          </Position>
          <AltitudeMeters>1855.0</AltitudeMeters>
          <DistanceMeters>36478.2</DistanceMeters>
        </Trackpoint>
        <Trackpoint>
          <Time>2026-07-26T03:10:23Z</Time>
          <Position>
            <LatitudeDegrees>35.4513</LatitudeDegrees>
            <LongitudeDegrees>-106.07595</LongitudeDegrees>
          </Position>
          <AltitudeMeters>1854.9</AltitudeMeters>
          <DistanceMeters>36560.1</DistanceMeters>
        </Trackpoint>
        <Trackpoint>
          <Time>2026-07-26T03:10:33Z</Time>
          <Position>
            <LatitudeDegrees>35.45113</LatitudeDegrees>
            <LongitudeDegrees>-106.07633</LongitudeDegrees>
          </Position>
          <AltitudeMeters>1855.3</AltitudeMeters>
          <DistanceMeters>36599.4</DistanceMeters>
        </Trackpoint>
        <Trackpoint>
          <Time>2026-07-26T03:10:43Z</Time>
          <Position>
            <LatitudeDegrees>35.45092</LatitudeDegrees>
            <LongitudeDegrees>-106.07668</LongitudeDegrees>
          </Position>
          <AltitudeMeters>1854.4</AltitudeMeters>
          <DistanceMeters>36638.8</DistanceMeters>
        </Trackpoint>
        <Trackpoint>
          <Time>2026-07-26T03:10:53Z</Time>
          <Position>
            <LatitudeDegrees>35.45068</LatitudeDegrees>
            <LongitudeDegrees>-106.07698</LongitudeDegrees>
          </Position>
          <AltitudeMeters>1852.0</AltitudeMeters>
          <DistanceMeters>36676.9</DistanceMeters>
        </Trackpoint>
        <Trackpoint>
          <Time>2026-07-26T03:11:03Z</Time>
          <Position>
            <LatitudeDegrees>35.45042</LatitudeDegrees>
            <LongitudeDegrees>-106.07722</LongitudeDegrees>
          </Position>
          <AltitudeMeters>1850.7</AltitudeMeters>
          <DistanceMeters>36713.1</DistanceMeters>
        </Trackpoint>
        <Trackpoint>
          <Time>2026-07-26T03:11:13Z</Time>
          <Position>
            <LatitudeDegrees>35.45029</LatitudeDegrees>
            <LongitudeDegrees>-106.07731</LongitudeDegrees>
          </Position>
          <AltitudeMeters>1850.2</AltitudeMeters>
          <DistanceMeters>36729.7</DistanceMeters>
        </Trackpoint>
        <Trackpoint>
          <Time>2026-07-26T03:11:23Z</Time>
          <Position>
            <LatitudeDegrees>35.44999</LatitudeDegrees>
            <LongitudeDegrees>-106.07751</LongitudeDegrees>
          </Position>
          <AltitudeMeters>1849.9</AltitudeMeters>
          <DistanceMeters>36767.7</DistanceMeters>
        </Trackpoint>
        <Trackpoint>
          <Time>2026-07-26T03:11:33Z</Time>
          <Position>
            <LatitudeDegrees>35.44975</LatitudeDegrees>
            <LongitudeDegrees>-106.07761</LongitudeDegrees>
          </Position>
          <AltitudeMeters>1850.5</AltitudeMeters>
          <DistanceMeters>36796.0</DistanceMeters>
        </Trackpoint>
        <Trackpoint>
          <Time>2026-07-26T03:11:43Z</Time>
          <Position>
            <LatitudeDegrees>35.44932</LatitudeDegrees>
            <LongitudeDegrees>-106.07774</LongitudeDegrees>
          </Position>
          <AltitudeMeters>1848.8</AltitudeMeters>
          <DistanceMeters>36845.3</DistanceMeters>
        </Trackpoint>
        <Trackpoint>
          <Time>2026-07-26T03:11:53Z</Time>
          <Position>
            <LatitudeDegrees>35.44909</LatitudeDegrees>
            <LongitudeDegrees>-106.07778</LongitudeDegrees>
          </Position>
          <AltitudeMeters>1848.5</AltitudeMeters>
          <DistanceMeters>36871.1</DistanceMeters>
        </Trackpoint>
        <Trackpoint>
          <Time>2026-07-26T03:12:03Z</Time>
          <Position>
            <LatitudeDegrees>35.44887</LatitudeDegrees>
            <LongitudeDegrees>-106.0778</LongitudeDegrees>
          </Position>
          <AltitudeMeters>1847.0</AltitudeMeters>
          <DistanceMeters>36895.7</DistanceMeters>
        </Trackpoint>
        <Trackpoint>
          <Time>2026-07-26T03:12:13Z</Time>
          <Position>
            <LatitudeDegrees>35.44848</LatitudeDegrees>
            <LongitudeDegrees>-106.07776</LongitudeDegrees>
          </Position>
          <AltitudeMeters>1845.8</AltitudeMeters>
          <DistanceMeters>36939.2</DistanceMeters>
        </Trackpoint>
        <Trackpoint>
          <Time>2026-07-26T03:12:23Z</Time>
          <Position>
            <LatitudeDegrees>35.44797</LatitudeDegrees>
            <LongitudeDegrees>-106.07769</LongitudeDegrees>
          </Position>
          <AltitudeMeters>1840.0</AltitudeMeters>
          <DistanceMeters>36996.4</DistanceMeters>
        </Trackpoint>
        <Trackpoint>
          <Time>2026-07-26T03:12:33Z</Time>
          <Position>
            <LatitudeDegrees>35.44746</LatitudeDegrees>
            <LongitudeDegrees>-106.07762</LongitudeDegrees>
          </Position>
          <AltitudeMeters>1836.9</AltitudeMeters>
          <DistanceMeters>37053.5</DistanceMeters>
        </Trackpoint>
        <Trackpoint>
          <Time>2026-07-26T03:12:43Z</Time>
          <Position>
            <LatitudeDegrees>35.44693</LatitudeDegrees>
            <LongitudeDegrees>-106.07758</LongitudeDegrees>
          </Position>
          <AltitudeMeters>1832.0</AltitudeMeters>
          <DistanceMeters>37112.6</DistanceMeters>
        </Trackpoint>
        <Trackpoint>
          <Time>2026-07-26T03:12:53Z</Time>
          <Position>
            <LatitudeDegrees>35.44644</LatitudeDegrees>
            <LongitudeDegrees>-106.0776</LongitudeDegrees>
          </Position>
          <AltitudeMeters>1828.0</AltitudeMeters>
          <DistanceMeters>37167.2</DistanceMeters>
        </Trackpoint>
        <Trackpoint>
          <Time>2026-07-26T03:13:03Z</Time>
          <Position>
            <LatitudeDegrees>35.44616</LatitudeDegrees>
            <LongitudeDegrees>-106.07765</LongitudeDegrees>
          </Position>
          <AltitudeMeters>1827.0</AltitudeMeters>
          <DistanceMeters>37198.7</DistanceMeters>
        </Trackpoint>
        <Trackpoint>
          <Time>2026-07-26T03:13:13Z</Time>
          <Position>
            <LatitudeDegrees>35.4459</LatitudeDegrees>
            <LongitudeDegrees>-106.07771</LongitudeDegrees>
          </Position>
          <AltitudeMeters>1826.7</AltitudeMeters>
          <DistanceMeters>37228.1</DistanceMeters>
        </Trackpoint>
        <Trackpoint>
          <Time>2026-07-26T03:13:23Z</Time>
          <Position>
            <LatitudeDegrees>35.44563</LatitudeDegrees>
            <LongitudeDegrees>-106.07781</LongitudeDegrees>
          </Position>
          <AltitudeMeters>1824.8</AltitudeMeters>
          <DistanceMeters>37259.5</DistanceMeters>
        </Trackpoint>
        <Trackpoint>
          <Time>2026-07-26T03:13:33Z</Time>
          <Position>
            <LatitudeDegrees>35.44511</LatitudeDegrees>
            <LongitudeDegrees>-106.07807</LongitudeDegrees>
          </Position>
          <AltitudeMeters>1819.2</AltitudeMeters>
          <DistanceMeters>37322.0</DistanceMeters>
        </Trackpoint>
        <Trackpoint>
          <Time>2026-07-26T03:13:43Z</Time>
          <Position>
            <LatitudeDegrees>35.44459</LatitudeDegrees>
            <LongitudeDegrees>-106.07839</LongitudeDegrees>
          </Position>
          <AltitudeMeters>1814.9</AltitudeMeters>
          <DistanceMeters>37386.8</DistanceMeters>
        </Trackpoint>
        <Trackpoint>
          <Time>2026-07-26T03:13:53Z</Time>
          <Position>
            <LatitudeDegrees>35.44407</LatitudeDegrees>
            <LongitudeDegrees>-106.0787</LongitudeDegrees>
          </Position>
          <AltitudeMeters>1811.5</AltitudeMeters>
          <DistanceMeters>37451.1</DistanceMeters>
        </Trackpoint>
        <Trackpoint>
          <Time>2026-07-26T03:14:03Z</Time>
          <Position>
            <LatitudeDegrees>35.44349</LatitudeDegrees>
            <LongitudeDegrees>-106.07901</LongitudeDegrees>
          </Position>
          <AltitudeMeters>1808.7</AltitudeMeters>
          <DistanceMeters>37521.5</DistanceMeters>
        </Trackpoint>
        <Trackpoint>
          <Time>2026-07-26T03:14:13Z</Time>
          <Position>
            <LatitudeDegrees>35.44286</LatitudeDegrees>
            <LongitudeDegrees>-106.0793</LongitudeDegrees>
          </Position>
          <AltitudeMeters>1806.6</AltitudeMeters>
          <DistanceMeters>37596.4</DistanceMeters>
        </Trackpoint>
        <Trackpoint>
          <Time>2026-07-26T03:14:23Z</Time>
          <Position>
            <LatitudeDegrees>35.44224</LatitudeDegrees>
            <LongitudeDegrees>-106.07958</LongitudeDegrees>
          </Position>
          <AltitudeMeters>1804.6</AltitudeMeters>
          <DistanceMeters>37670.0</DistanceMeters>
        </Trackpoint>
        <Trackpoint>
          <Time>2026-07-26T03:14:33Z</Time>
          <Position>
            <LatitudeDegrees>35.44162</LatitudeDegrees>
            <LongitudeDegrees>-106.07987</LongitudeDegrees>
          </Position>
          <AltitudeMeters>1802.2</AltitudeMeters>
          <DistanceMeters>37743.8</DistanceMeters>
        </Trackpoint>
        <Trackpoint>
          <Time>2026-07-26T03:14:43Z</Time>
          <Position>
            <LatitudeDegrees>35.44083</LatitudeDegrees>
            <LongitudeDegrees>-106.08028</LongitudeDegrees>
          </Position>
          <AltitudeMeters>1799.5</AltitudeMeters>
          <DistanceMeters>37839.3</DistanceMeters>
        </Trackpoint>
        <Trackpoint>
          <Time>2026-07-26T03:14:53Z</Time>
          <Position>
            <LatitudeDegrees>35.44004</LatitudeDegrees>
            <LongitudeDegrees>-106.0807</LongitudeDegrees>
          </Position>
          <AltitudeMeters>1796.4</AltitudeMeters>
          <DistanceMeters>37935.2</DistanceMeters>
        </Trackpoint>
        <Trackpoint>
          <Time>2026-07-26T03:15:03Z</Time>
          <Position>
            <LatitudeDegrees>35.43925</LatitudeDegrees>
            <LongitudeDegrees>-106.08111</LongitudeDegrees>
          </Position>
          <AltitudeMeters>1797.0</AltitudeMeters>
          <DistanceMeters>38030.6</DistanceMeters>
        </Trackpoint>
        <Trackpoint>
          <Time>2026-07-26T03:15:13Z</Time>
          <Position>
            <LatitudeDegrees>35.43845</LatitudeDegrees>
            <LongitudeDegrees>-106.08152</LongitudeDegrees>
          </Position>
          <AltitudeMeters>1796.9</AltitudeMeters>
          <DistanceMeters>38127.2</DistanceMeters>
        </Trackpoint>
        <Trackpoint>
          <Time>2026-07-26T03:15:23Z</Time>
          <Position>
            <LatitudeDegrees>35.43766</LatitudeDegrees>
            <LongitudeDegrees>-106.08194</LongitudeDegrees>
          </Position>
          <AltitudeMeters>1793.2</AltitudeMeters>
          <DistanceMeters>38223.0</DistanceMeters>
        </Trackpoint>
        <Trackpoint>
          <Time>2026-07-26T03:15:33Z</Time>
          <Position>
            <LatitudeDegrees>35.43687</LatitudeDegrees>
            <LongitudeDegrees>-106.08235</LongitudeDegrees>
          </Position>
          <AltitudeMeters>1788.2</AltitudeMeters>
          <DistanceMeters>38318.5</DistanceMeters>
        </Trackpoint>
        <Trackpoint>
          <Time>2026-07-26T03:15:43Z</Time>
          <Position>
            <LatitudeDegrees>35.43608</LatitudeDegrees>
            <LongitudeDegrees>-106.08277</LongitudeDegrees>
          </Position>
          <AltitudeMeters>1785.0</AltitudeMeters>
          <DistanceMeters>38414.3</DistanceMeters>
        </Trackpoint>
        <Trackpoint>
          <Time>2026-07-26T03:15:53Z</Time>
          <Position>
            <LatitudeDegrees>35.43529</LatitudeDegrees>
            <LongitudeDegrees>-106.08318</LongitudeDegrees>
          </Position>
          <AltitudeMeters>1783.0</AltitudeMeters>
          <DistanceMeters>38509.8</DistanceMeters>
        </Trackpoint>
        <Trackpoint>
          <Time>2026-07-26T03:16:03Z</Time>
          <Position>
            <LatitudeDegrees>35.43469</LatitudeDegrees>
            <LongitudeDegrees>-106.08356</LongitudeDegrees>
          </Position>
          <AltitudeMeters>1783.7</AltitudeMeters>
          <DistanceMeters>38584.9</DistanceMeters>
        </Trackpoint>
        <Trackpoint>
          <Time>2026-07-26T03:16:13Z</Time>
          <Position>
            <LatitudeDegrees>35.43422</LatitudeDegrees>
            <LongitudeDegrees>-106.08394</LongitudeDegrees>
          </Position>
          <AltitudeMeters>1783.2</AltitudeMeters>
          <DistanceMeters>38647.6</DistanceMeters>
        </Trackpoint>
        <Trackpoint>
          <Time>2026-07-26T03:16:23Z</Time>
          <Position>
            <LatitudeDegrees>35.43387</LatitudeDegrees>
            <LongitudeDegrees>-106.08428</LongitudeDegrees>
          </Position>
          <AltitudeMeters>1781.0</AltitudeMeters>
          <DistanceMeters>38697.3</DistanceMeters>
        </Trackpoint>
        <Trackpoint>
          <Time>2026-07-26T03:16:33Z</Time>
          <Position>
            <LatitudeDegrees>35.43357</LatitudeDegrees>
            <LongitudeDegrees>-106.08463</LongitudeDegrees>
          </Position>
          <AltitudeMeters>1780.6</AltitudeMeters>
          <DistanceMeters>38743.4</DistanceMeters>
        </Trackpoint>
        <Trackpoint>
          <Time>2026-07-26T03:16:43Z</Time>
          <Position>
            <LatitudeDegrees>35.43306</LatitudeDegrees>
            <LongitudeDegrees>-106.08532</LongitudeDegrees>
          </Position>
          <AltitudeMeters>1779.9</AltitudeMeters>
          <DistanceMeters>38827.9</DistanceMeters>
        </Trackpoint>
        <Trackpoint>
          <Time>2026-07-26T03:16:53Z</Time>
          <Position>
            <LatitudeDegrees>35.43255</LatitudeDegrees>
            <LongitudeDegrees>-106.08602</LongitudeDegrees>
          </Position>
          <AltitudeMeters>1774.8</AltitudeMeters>
          <DistanceMeters>38913.0</DistanceMeters>
        </Trackpoint>
        <Trackpoint>
          <Time>2026-07-26T03:17:03Z</Time>
          <Position>
            <LatitudeDegrees>35.43204</LatitudeDegrees>
            <LongitudeDegrees>-106.08671</LongitudeDegrees>
          </Position>
          <AltitudeMeters>1773.6</AltitudeMeters>
          <DistanceMeters>38997.5</DistanceMeters>
        </Trackpoint>
        <Trackpoint>
          <Time>2026-07-26T03:17:13Z</Time>
          <Position>
            <LatitudeDegrees>35.43153</LatitudeDegrees>
            <LongitudeDegrees>-106.0874</LongitudeDegrees>
          </Position>
          <AltitudeMeters>1770.7</AltitudeMeters>
          <DistanceMeters>39082.0</DistanceMeters>
        </Trackpoint>
        <Trackpoint>
          <Time>2026-07-26T03:17:23Z</Time>
          <Position>
            <LatitudeDegrees>35.43103</LatitudeDegrees>
            <LongitudeDegrees>-106.08809</LongitudeDegrees>
          </Position>
          <AltitudeMeters>1768.3</AltitudeMeters>
          <DistanceMeters>39165.8</DistanceMeters>
        </Trackpoint>
        <Trackpoint>
          <Time>2026-07-26T03:17:33Z</Time>
          <Position>
            <LatitudeDegrees>35.43068</LatitudeDegrees>
            <LongitudeDegrees>-106.0886</LongitudeDegrees>
          </Position>
          <AltitudeMeters>1766.3</AltitudeMeters>
          <DistanceMeters>39226.3</DistanceMeters>
        </Trackpoint>
        <Trackpoint>
          <Time>2026-07-26T03:17:43Z</Time>
          <Position>
            <LatitudeDegrees>35.43043</LatitudeDegrees>
            <LongitudeDegrees>-106.08901</LongitudeDegrees>
          </Position>
          <AltitudeMeters>1764.8</AltitudeMeters>
          <DistanceMeters>39272.7</DistanceMeters>
        </Trackpoint>
        <Trackpoint>
          <Time>2026-07-26T03:17:53Z</Time>
          <Position>
            <LatitudeDegrees>35.43026</LatitudeDegrees>
            <LongitudeDegrees>-106.08933</LongitudeDegrees>
          </Position>
          <AltitudeMeters>1764.6</AltitudeMeters>
          <DistanceMeters>39307.4</DistanceMeters>
        </Trackpoint>
        <Trackpoint>
          <Time>2026-07-26T03:18:03Z</Time>
          <Position>
            <LatitudeDegrees>35.43</LatitudeDegrees>
            <LongitudeDegrees>-106.08996</LongitudeDegrees>
          </Position>
          <AltitudeMeters>1764.0</AltitudeMeters>
          <DistanceMeters>39371.4</DistanceMeters>
        </Trackpoint>
        <Trackpoint>
          <Time>2026-07-26T03:18:13Z</Time>
          <Position>
            <LatitudeDegrees>35.42976</LatitudeDegrees>
            <LongitudeDegrees>-106.09071</LongitudeDegrees>
          </Position>
          <AltitudeMeters>1761.1</AltitudeMeters>
          <DistanceMeters>39444.5</DistanceMeters>
        </Trackpoint>
        <Trackpoint>
          <Time>2026-07-26T03:18:23Z</Time>
          <Position>
            <LatitudeDegrees>35.42967</LatitudeDegrees>
            <LongitudeDegrees>-106.09111</LongitudeDegrees>
          </Position>
          <AltitudeMeters>1759.9</AltitudeMeters>
          <DistanceMeters>39482.1</DistanceMeters>
        </Trackpoint>
        <Trackpoint>
          <Time>2026-07-26T03:18:33Z</Time>
          <Position>
            <LatitudeDegrees>35.42958</LatitudeDegrees>
            <LongitudeDegrees>-106.09163</LongitudeDegrees>
          </Position>
          <AltitudeMeters>1759.8</AltitudeMeters>
          <DistanceMeters>39530.4</DistanceMeters>
        </Trackpoint>
        <Trackpoint>
          <Time>2026-07-26T03:18:43Z</Time>
          <Position>
            <LatitudeDegrees>35.42953</LatitudeDegrees>
            <LongitudeDegrees>-106.09229</LongitudeDegrees>
          </Position>
          <AltitudeMeters>1758.6</AltitudeMeters>
          <DistanceMeters>39590.5</DistanceMeters>
        </Trackpoint>
        <Trackpoint>
          <Time>2026-07-26T03:18:53Z</Time>
          <Position>
            <LatitudeDegrees>35.42954</LatitudeDegrees>
            <LongitudeDegrees>-106.093</LongitudeDegrees>
          </Position>
          <AltitudeMeters>1758.0</AltitudeMeters>
          <DistanceMeters>39654.9</DistanceMeters>
        </Trackpoint>
        <Trackpoint>
          <Time>2026-07-26T03:19:03Z</Time>
          <Position>
            <LatitudeDegrees>35.42959</LatitudeDegrees>
            <LongitudeDegrees>-106.09358</LongitudeDegrees>
          </Position>
          <AltitudeMeters>1757.4</AltitudeMeters>
          <DistanceMeters>39707.8</DistanceMeters>
        </Trackpoint>
        <Trackpoint>
          <Time>2026-07-26T03:19:13Z</Time>
          <Position>
            <LatitudeDegrees>35.42969</LatitudeDegrees>
            <LongitudeDegrees>-106.09417</LongitudeDegrees>
          </Position>
          <AltitudeMeters>1757.6</AltitudeMeters>
          <DistanceMeters>39762.5</DistanceMeters>
        </Trackpoint>
        <Trackpoint>
          <Time>2026-07-26T03:19:23Z</Time>
          <Position>
            <LatitudeDegrees>35.4298</LatitudeDegrees>
            <LongitudeDegrees>-106.09461</LongitudeDegrees>
          </Position>
          <AltitudeMeters>1758.6</AltitudeMeters>
          <DistanceMeters>39804.2</DistanceMeters>
        </Trackpoint>
        <Trackpoint>
          <Time>2026-07-26T03:19:33Z</Time>
          <Position>
            <LatitudeDegrees>35.42996</LatitudeDegrees>
            <LongitudeDegrees>-106.09511</LongitudeDegrees>
          </Position>
          <AltitudeMeters>1756.9</AltitudeMeters>
          <DistanceMeters>39852.9</DistanceMeters>
        </Trackpoint>
        <Trackpoint>
          <Time>2026-07-26T03:19:43Z</Time>
          <Position>
            <LatitudeDegrees>35.43031</LatitudeDegrees>
            <LongitudeDegrees>-106.09601</LongitudeDegrees>
          </Position>
          <AltitudeMeters>1752.5</AltitudeMeters>
          <DistanceMeters>39943.4</DistanceMeters>
        </Trackpoint>
        <Trackpoint>
          <Time>2026-07-26T03:19:53Z</Time>
          <Position>
            <LatitudeDegrees>35.43067</LatitudeDegrees>
            <LongitudeDegrees>-106.0969</LongitudeDegrees>
          </Position>
          <AltitudeMeters>1751.3</AltitudeMeters>
          <DistanceMeters>40033.5</DistanceMeters>
        </Trackpoint>
        <Trackpoint>
          <Time>2026-07-26T03:20:03Z</Time>
          <Position>
            <LatitudeDegrees>35.43103</LatitudeDegrees>
            <LongitudeDegrees>-106.0978</LongitudeDegrees>
          </Position>
          <AltitudeMeters>1752.5</AltitudeMeters>
          <DistanceMeters>40124.5</DistanceMeters>
        </Trackpoint>
        <Trackpoint>
          <Time>2026-07-26T03:20:13Z</Time>
          <Position>
            <LatitudeDegrees>35.43139</LatitudeDegrees>
            <LongitudeDegrees>-106.09869</LongitudeDegrees>
          </Position>
          <AltitudeMeters>1752.4</AltitudeMeters>
          <DistanceMeters>40214.6</DistanceMeters>
        </Trackpoint>
        <Trackpoint>
          <Time>2026-07-26T03:20:23Z</Time>
          <Position>
            <LatitudeDegrees>35.43174</LatitudeDegrees>
            <LongitudeDegrees>-106.09959</LongitudeDegrees>
          </Position>
          <AltitudeMeters>1752.6</AltitudeMeters>
          <DistanceMeters>40305.0</DistanceMeters>
        </Trackpoint>
        <Trackpoint>
          <Time>2026-07-26T03:20:33Z</Time>
          <Position>
            <LatitudeDegrees>35.4321</LatitudeDegrees>
            <LongitudeDegrees>-106.10048</LongitudeDegrees>
          </Position>
          <AltitudeMeters>1751.5</AltitudeMeters>
          <DistanceMeters>40395.2</DistanceMeters>
        </Trackpoint>
        <Trackpoint>
          <Time>2026-07-26T03:20:43Z</Time>
          <Position>
            <LatitudeDegrees>35.43246</LatitudeDegrees>
            <LongitudeDegrees>-106.10138</LongitudeDegrees>
          </Position>
          <AltitudeMeters>1750.2</AltitudeMeters>
          <DistanceMeters>40486.1</DistanceMeters>
        </Trackpoint>
        <Trackpoint>
          <Time>2026-07-26T03:20:53Z</Time>
          <Position>
            <LatitudeDegrees>35.43281</LatitudeDegrees>
            <LongitudeDegrees>-106.10227</LongitudeDegrees>
          </Position>
          <AltitudeMeters>1755.7</AltitudeMeters>
          <DistanceMeters>40575.7</DistanceMeters>
        </Trackpoint>
        <Trackpoint>
          <Time>2026-07-26T03:21:03Z</Time>
          <Position>
            <LatitudeDegrees>35.43317</LatitudeDegrees>
            <LongitudeDegrees>-106.10316</LongitudeDegrees>
          </Position>
          <AltitudeMeters>1755.2</AltitudeMeters>
          <DistanceMeters>40665.9</DistanceMeters>
        </Trackpoint>
        <Trackpoint>
          <Time>2026-07-26T03:21:13Z</Time>
          <Position>
            <LatitudeDegrees>35.43351</LatitudeDegrees>
            <LongitudeDegrees>-106.10398</LongitudeDegrees>
          </Position>
          <AltitudeMeters>1759.0</AltitudeMeters>
          <DistanceMeters>40749.3</DistanceMeters>
        </Trackpoint>
        <Trackpoint>
          <Time>2026-07-26T03:21:23Z</Time>
          <Position>
            <LatitudeDegrees>35.43388</LatitudeDegrees>
            <LongitudeDegrees>-106.10495</LongitudeDegrees>
          </Position>
          <AltitudeMeters>1763.9</AltitudeMeters>
          <DistanceMeters>40846.5</DistanceMeters>
        </Trackpoint>
        <Trackpoint>
          <Time>2026-07-26T03:21:33Z</Time>
          <Position>
            <LatitudeDegrees>35.43409</LatitudeDegrees>
            <LongitudeDegrees>-106.10555</LongitudeDegrees>
          </Position>
          <AltitudeMeters>1768.9</AltitudeMeters>
          <DistanceMeters>40905.7</DistanceMeters>
        </Trackpoint>
        <Trackpoint>
          <Time>2026-07-26T03:21:43Z</Time>
          <Position>
            <LatitudeDegrees>35.43427</LatitudeDegrees>
            <LongitudeDegrees>-106.10611</LongitudeDegrees>
          </Position>
          <AltitudeMeters>1772.5</AltitudeMeters>
          <DistanceMeters>40960.3</DistanceMeters>
        </Trackpoint>
        <Trackpoint>
          <Time>2026-07-26T03:21:53Z</Time>
          <Position>
            <LatitudeDegrees>35.43452</LatitudeDegrees>
            <LongitudeDegrees>-106.10696</LongitudeDegrees>
          </Position>
          <AltitudeMeters>1773.6</AltitudeMeters>
          <DistanceMeters>41042.3</DistanceMeters>
        </Trackpoint>
        <Trackpoint>
          <Time>2026-07-26T03:22:03Z</Time>
          <Position>
            <LatitudeDegrees>35.4347</LatitudeDegrees>
            <LongitudeDegrees>-106.1077</LongitudeDegrees>
          </Position>
          <AltitudeMeters>1768.4</AltitudeMeters>
          <DistanceMeters>41112.3</DistanceMeters>
        </Trackpoint>
        <Trackpoint>
          <Time>2026-07-26T03:22:13Z</Time>
          <Position>
            <LatitudeDegrees>35.43487</LatitudeDegrees>
            <LongitudeDegrees>-106.10866</LongitudeDegrees>
          </Position>
          <AltitudeMeters>1767.0</AltitudeMeters>
          <DistanceMeters>41201.4</DistanceMeters>
        </Trackpoint>
        <Trackpoint>
          <Time>2026-07-26T03:22:23Z</Time>
          <Position>
            <LatitudeDegrees>35.43505</LatitudeDegrees>
            <LongitudeDegrees>-106.10962</LongitudeDegrees>
          </Position>
          <AltitudeMeters>1762.7</AltitudeMeters>
          <DistanceMeters>41290.8</DistanceMeters>
        </Trackpoint>
        <Trackpoint>
          <Time>2026-07-26T03:22:33Z</Time>
          <Position>
            <LatitudeDegrees>35.43522</LatitudeDegrees>
            <LongitudeDegrees>-106.11058</LongitudeDegrees>
          </Position>
          <AltitudeMeters>1758.9</AltitudeMeters>
          <DistanceMeters>41379.9</DistanceMeters>
        </Trackpoint>
        <Trackpoint>
          <Time>2026-07-26T03:22:43Z</Time>
          <Position>
            <LatitudeDegrees>35.4354</LatitudeDegrees>
            <LongitudeDegrees>-106.11155</LongitudeDegrees>
          </Position>
          <AltitudeMeters>1759.2</AltitudeMeters>
          <DistanceMeters>41470.1</DistanceMeters>
        </Trackpoint>
        <Trackpoint>
          <Time>2026-07-26T03:22:53Z</Time>
          <Position>
            <LatitudeDegrees>35.43557</LatitudeDegrees>
            <LongitudeDegrees>-106.11251</LongitudeDegrees>
          </Position>
          <AltitudeMeters>1755.5</AltitudeMeters>
          <DistanceMeters>41559.2</DistanceMeters>
        </Trackpoint>
        <Trackpoint>
          <Time>2026-07-26T03:23:03Z</Time>
          <Position>
            <LatitudeDegrees>35.43566</LatitudeDegrees>
            <LongitudeDegrees>-106.11315</LongitudeDegrees>
          </Position>
          <AltitudeMeters>1751.1</AltitudeMeters>
          <DistanceMeters>41618.1</DistanceMeters>
        </Trackpoint>
        <Trackpoint>
          <Time>2026-07-26T03:23:13Z</Time>
          <Position>
            <LatitudeDegrees>35.43568</LatitudeDegrees>
            <LongitudeDegrees>-106.1136</LongitudeDegrees>
          </Position>
          <AltitudeMeters>1750.8</AltitudeMeters>
          <DistanceMeters>41659.0</DistanceMeters>
        </Trackpoint>
        <Trackpoint>
          <Time>2026-07-26T03:23:23Z</Time>
          <Position>
            <LatitudeDegrees>35.43568</LatitudeDegrees>
            <LongitudeDegrees>-106.1142</LongitudeDegrees>
          </Position>
          <AltitudeMeters>1750.6</AltitudeMeters>
          <DistanceMeters>41713.4</DistanceMeters>
        </Trackpoint>
        <Trackpoint>
          <Time>2026-07-26T03:23:33Z</Time>
          <Position>
            <LatitudeDegrees>35.43565</LatitudeDegrees>
            <LongitudeDegrees>-106.11448</LongitudeDegrees>
          </Position>
          <AltitudeMeters>1750.5</AltitudeMeters>
          <DistanceMeters>41739.0</DistanceMeters>
        </Trackpoint>
        <Trackpoint>
          <Time>2026-07-26T03:23:43Z</Time>
          <Position>
            <LatitudeDegrees>35.43562</LatitudeDegrees>
            <LongitudeDegrees>-106.11475</LongitudeDegrees>
          </Position>
          <AltitudeMeters>1750.5</AltitudeMeters>
          <DistanceMeters>41763.7</DistanceMeters>
        </Trackpoint>
        <Trackpoint>
          <Time>2026-07-26T03:23:53Z</Time>
          <Position>
            <LatitudeDegrees>35.43553</LatitudeDegrees>
            <LongitudeDegrees>-106.1153</LongitudeDegrees>
          </Position>
          <AltitudeMeters>1750.5</AltitudeMeters>
          <DistanceMeters>41814.6</DistanceMeters>
        </Trackpoint>
        <Trackpoint>
          <Time>2026-07-26T03:24:03Z</Time>
          <Position>
            <LatitudeDegrees>35.43543</LatitudeDegrees>
            <LongitudeDegrees>-106.11572</LongitudeDegrees>
          </Position>
          <AltitudeMeters>1750.5</AltitudeMeters>
          <DistanceMeters>41854.3</DistanceMeters>
        </Trackpoint>
        <Trackpoint>
          <Time>2026-07-26T03:24:13Z</Time>
          <Position>
            <LatitudeDegrees>35.43524</LatitudeDegrees>
            <LongitudeDegrees>-106.11636</LongitudeDegrees>
          </Position>
          <AltitudeMeters>1750.4</AltitudeMeters>
          <DistanceMeters>41916.1</DistanceMeters>
        </Trackpoint>
        <Trackpoint>
          <Time>2026-07-26T03:24:23Z</Time>
          <Position>
            <LatitudeDegrees>35.43504</LatitudeDegrees>
            <LongitudeDegrees>-106.117</LongitudeDegrees>
          </Position>
          <AltitudeMeters>1745.7</AltitudeMeters>
          <DistanceMeters>41978.2</DistanceMeters>
        </Trackpoint>
        <Trackpoint>
          <Time>2026-07-26T03:24:33Z</Time>
          <Position>
            <LatitudeDegrees>35.4349</LatitudeDegrees>
            <LongitudeDegrees>-106.11748</LongitudeDegrees>
          </Position>
          <AltitudeMeters>1742.3</AltitudeMeters>
          <DistanceMeters>42024.5</DistanceMeters>
        </Trackpoint>
        <Trackpoint>
          <Time>2026-07-26T03:24:43Z</Time>
          <Position>
            <LatitudeDegrees>35.43473</LatitudeDegrees>
            <LongitudeDegrees>-106.11804</LongitudeDegrees>
          </Position>
          <AltitudeMeters>1738.3</AltitudeMeters>
          <DistanceMeters>42078.7</DistanceMeters>
        </Trackpoint>
        <Trackpoint>
          <Time>2026-07-26T03:24:53Z</Time>
          <Position>
            <LatitudeDegrees>35.43456</LatitudeDegrees>
            <LongitudeDegrees>-106.1186</LongitudeDegrees>
          </Position>
          <AltitudeMeters>1738.3</AltitudeMeters>
          <DistanceMeters>42132.9</DistanceMeters>
        </Trackpoint>
        <Trackpoint>
          <Time>2026-07-26T03:25:03Z</Time>
          <Position>
            <LatitudeDegrees>35.43449</LatitudeDegrees>
            <LongitudeDegrees>-106.11879</LongitudeDegrees>
          </Position>
          <AltitudeMeters>1738.4</AltitudeMeters>
          <DistanceMeters>42151.8</DistanceMeters>
        </Trackpoint>
        <Trackpoint>
          <Time>2026-07-26T03:25:13Z</Time>
          <Position>
            <LatitudeDegrees>35.43425</LatitudeDegrees>
            <LongitudeDegrees>-106.11931</LongitudeDegrees>
          </Position>
          <AltitudeMeters>1738.3</AltitudeMeters>
          <DistanceMeters>42206.0</DistanceMeters>
        </Trackpoint>
        <Trackpoint>
          <Time>2026-07-26T03:25:23Z</Time>
          <Position>
            <LatitudeDegrees>35.43377</LatitudeDegrees>
            <LongitudeDegrees>-106.12015</LongitudeDegrees>
          </Position>
          <AltitudeMeters>1736.0</AltitudeMeters>
          <DistanceMeters>42299.1</DistanceMeters>
        </Trackpoint>
        <Trackpoint>
          <Time>2026-07-26T03:25:33Z</Time>
          <Position>
            <LatitudeDegrees>35.4335</LatitudeDegrees>
            <LongitudeDegrees>-106.12063</LongitudeDegrees>
          </Position>
          <AltitudeMeters>1734.8</AltitudeMeters>
          <DistanceMeters>42352.0</DistanceMeters>
        </Trackpoint>
        <Trackpoint>
          <Time>2026-07-26T03:25:43Z</Time>
          <Position>
            <LatitudeDegrees>35.43323</LatitudeDegrees>
            <LongitudeDegrees>-106.12111</LongitudeDegrees>
          </Position>
          <AltitudeMeters>1733.5</AltitudeMeters>
          <DistanceMeters>42404.9</DistanceMeters>
        </Trackpoint>
        <Trackpoint>
          <Time>2026-07-26T03:25:53Z</Time>
          <Position>
            <LatitudeDegrees>35.43296</LatitudeDegrees>
            <LongitudeDegrees>-106.1216</LongitudeDegrees>
          </Position>
          <AltitudeMeters>1732.3</AltitudeMeters>
          <DistanceMeters>42458.5</DistanceMeters>
        </Trackpoint>
        <Trackpoint>
          <Time>2026-07-26T03:26:03Z</Time>
          <Position>
            <LatitudeDegrees>35.43268</LatitudeDegrees>
            <LongitudeDegrees>-106.12208</LongitudeDegrees>
          </Position>
          <AltitudeMeters>1732.7</AltitudeMeters>
          <DistanceMeters>42512.1</DistanceMeters>
        </Trackpoint>
        <Trackpoint>
          <Time>2026-07-26T03:26:13Z</Time>
          <Position>
            <LatitudeDegrees>35.43252</LatitudeDegrees>
            <LongitudeDegrees>-106.12243</LongitudeDegrees>
          </Position>
          <AltitudeMeters>1733.5</AltitudeMeters>
          <DistanceMeters>42548.5</DistanceMeters>
        </Trackpoint>
        <Trackpoint>
          <Time>2026-07-26T03:26:23Z</Time>
          <Position>
            <LatitudeDegrees>35.43229</LatitudeDegrees>
            <LongitudeDegrees>-106.12303</LongitudeDegrees>
          </Position>
          <AltitudeMeters>1734.8</AltitudeMeters>
          <DistanceMeters>42608.6</DistanceMeters>
        </Trackpoint>
        <Trackpoint>
          <Time>2026-07-26T03:26:33Z</Time>
          <Position>
            <LatitudeDegrees>35.43216</LatitudeDegrees>
            <LongitudeDegrees>-106.12352</LongitudeDegrees>
          </Position>
          <AltitudeMeters>1734.9</AltitudeMeters>
          <DistanceMeters>42655.4</DistanceMeters>
        </Trackpoint>
        <Trackpoint>
          <Time>2026-07-26T03:26:43Z</Time>
          <Position>
            <LatitudeDegrees>35.43204</LatitudeDegrees>
            <LongitudeDegrees>-106.12404</LongitudeDegrees>
          </Position>
          <AltitudeMeters>1735.3</AltitudeMeters>
          <DistanceMeters>42704.4</DistanceMeters>
        </Trackpoint>
        <Trackpoint>
          <Time>2026-07-26T03:26:53Z</Time>
          <Position>
            <LatitudeDegrees>35.43198</LatitudeDegrees>
            <LongitudeDegrees>-106.1247</LongitudeDegrees>
          </Position>
          <AltitudeMeters>1734.2</AltitudeMeters>
          <DistanceMeters>42764.6</DistanceMeters>
        </Trackpoint>
        <Trackpoint>
          <Time>2026-07-26T03:27:03Z</Time>
          <Position>
            <LatitudeDegrees>35.43198</LatitudeDegrees>
            <LongitudeDegrees>-106.12559</LongitudeDegrees>
          </Position>
          <AltitudeMeters>1733.6</AltitudeMeters>
          <DistanceMeters>42845.3</DistanceMeters>
        </Trackpoint>
        <Trackpoint>
          <Time>2026-07-26T03:27:13Z</Time>
          <Position>
            <LatitudeDegrees>35.43201</LatitudeDegrees>
            <LongitudeDegrees>-106.1263</LongitudeDegrees>
          </Position>
          <AltitudeMeters>1732.4</AltitudeMeters>
          <DistanceMeters>42909.8</DistanceMeters>
        </Trackpoint>
        <Trackpoint>
          <Time>2026-07-26T03:27:23Z</Time>
          <Position>
            <LatitudeDegrees>35.43199</LatitudeDegrees>
            <LongitudeDegrees>-106.12677</LongitudeDegrees>
          </Position>
          <AltitudeMeters>1734.8</AltitudeMeters>
          <DistanceMeters>42952.5</DistanceMeters>
        </Trackpoint>
        <Trackpoint>
          <Time>2026-07-26T03:27:33Z</Time>
          <Position>
            <LatitudeDegrees>35.43195</LatitudeDegrees>
            <LongitudeDegrees>-106.12719</LongitudeDegrees>
          </Position>
          <AltitudeMeters>1736.0</AltitudeMeters>
          <DistanceMeters>42990.9</DistanceMeters>
        </Trackpoint>
        <Trackpoint>
          <Time>2026-07-26T03:27:43Z</Time>
          <Position>
            <LatitudeDegrees>35.43182</LatitudeDegrees>
            <LongitudeDegrees>-106.12787</LongitudeDegrees>
          </Position>
          <AltitudeMeters>1737.0</AltitudeMeters>
          <DistanceMeters>43054.2</DistanceMeters>
        </Trackpoint>
        <Trackpoint>
          <Time>2026-07-26T03:27:53Z</Time>
          <Position>
            <LatitudeDegrees>35.43156</LatitudeDegrees>
            <LongitudeDegrees>-106.12859</LongitudeDegrees>
          </Position>
          <AltitudeMeters>1735.1</AltitudeMeters>
          <DistanceMeters>43125.7</DistanceMeters>
        </Trackpoint>
        <Trackpoint>
          <Time>2026-07-26T03:28:03Z</Time>
          <Position>
            <LatitudeDegrees>35.43113</LatitudeDegrees>
            <LongitudeDegrees>-106.12935</LongitudeDegrees>
          </Position>
          <AltitudeMeters>1732.7</AltitudeMeters>
          <DistanceMeters>43209.6</DistanceMeters>
        </Trackpoint>
        <Trackpoint>
          <Time>2026-07-26T03:28:13Z</Time>
          <Position>
            <LatitudeDegrees>35.43067</LatitudeDegrees>
            <LongitudeDegrees>-106.13014</LongitudeDegrees>
          </Position>
          <AltitudeMeters>1734.8</AltitudeMeters>
          <DistanceMeters>43297.7</DistanceMeters>
        </Trackpoint>
        <Trackpoint>
          <Time>2026-07-26T03:28:23Z</Time>
          <Position>
            <LatitudeDegrees>35.43054</LatitudeDegrees>
            <LongitudeDegrees>-106.13033</LongitudeDegrees>
          </Position>
          <AltitudeMeters>1735.8</AltitudeMeters>
          <DistanceMeters>43320.2</DistanceMeters>
        </Trackpoint>
        <Trackpoint>
          <Time>2026-07-26T03:28:33Z</Time>
          <Position>
            <LatitudeDegrees>35.43041</LatitudeDegrees>
            <LongitudeDegrees>-106.13048</LongitudeDegrees>
          </Position>
          <AltitudeMeters>1737.7</AltitudeMeters>
          <DistanceMeters>43340.0</DistanceMeters>
        </Trackpoint>
        <Trackpoint>
          <Time>2026-07-26T03:28:43Z</Time>
          <Position>
            <LatitudeDegrees>35.43026</LatitudeDegrees>
            <LongitudeDegrees>-106.13062</LongitudeDegrees>
          </Position>
          <AltitudeMeters>1738.2</AltitudeMeters>
          <DistanceMeters>43361.0</DistanceMeters>
        </Trackpoint>
        <Trackpoint>
          <Time>2026-07-26T03:28:53Z</Time>
          <Position>
            <LatitudeDegrees>35.42976</LatitudeDegrees>
            <LongitudeDegrees>-106.13098</LongitudeDegrees>
          </Position>
          <AltitudeMeters>1736.5</AltitudeMeters>
          <DistanceMeters>43425.5</DistanceMeters>
        </Trackpoint>
        <Trackpoint>
          <Time>2026-07-26T03:29:03Z</Time>
          <Position>
            <LatitudeDegrees>35.42954</LatitudeDegrees>
            <LongitudeDegrees>-106.13119</LongitudeDegrees>
          </Position>
          <AltitudeMeters>1736.5</AltitudeMeters>
          <DistanceMeters>43456.6</DistanceMeters>
        </Trackpoint>
        <Trackpoint>
          <Time>2026-07-26T03:29:13Z</Time>
          <Position>
            <LatitudeDegrees>35.42914</LatitudeDegrees>
            <LongitudeDegrees>-106.13176</LongitudeDegrees>
          </Position>
          <AltitudeMeters>1738.9</AltitudeMeters>
          <DistanceMeters>43524.8</DistanceMeters>
        </Trackpoint>
        <Trackpoint>
          <Time>2026-07-26T03:29:23Z</Time>
          <Position>
            <LatitudeDegrees>35.42902</LatitudeDegrees>
            <LongitudeDegrees>-106.13188</LongitudeDegrees>
          </Position>
          <AltitudeMeters>1739.6</AltitudeMeters>
          <DistanceMeters>43542.0</DistanceMeters>
        </Trackpoint>
        <Trackpoint>
          <Time>2026-07-26T03:29:33Z</Time>
          <Position>
            <LatitudeDegrees>35.42889</LatitudeDegrees>
            <LongitudeDegrees>-106.13198</LongitudeDegrees>
          </Position>
          <AltitudeMeters>1740.3</AltitudeMeters>
          <DistanceMeters>43559.1</DistanceMeters>
        </Trackpoint>
        <Trackpoint>
          <Time>2026-07-26T03:29:43Z</Time>
          <Position>
            <LatitudeDegrees>35.42865</LatitudeDegrees>
            <LongitudeDegrees>-106.13214</LongitudeDegrees>
          </Position>
          <AltitudeMeters>1740.5</AltitudeMeters>
          <DistanceMeters>43589.5</DistanceMeters>
        </Trackpoint>
        <Trackpoint>
          <Time>2026-07-26T03:29:53Z</Time>
          <Position>
            <LatitudeDegrees>35.4285</LatitudeDegrees>
            <LongitudeDegrees>-106.1322</LongitudeDegrees>
          </Position>
          <AltitudeMeters>1740.5</AltitudeMeters>
          <DistanceMeters>43607.1</DistanceMeters>
        </Trackpoint>
        <Trackpoint>
          <Time>2026-07-26T03:30:03Z</Time>
          <Position>
            <LatitudeDegrees>35.42779</LatitudeDegrees>
            <LongitudeDegrees>-106.13237</LongitudeDegrees>
          </Position>
          <AltitudeMeters>1739.3</AltitudeMeters>
          <DistanceMeters>43687.6</DistanceMeters>
        </Trackpoint>
        <Trackpoint>
          <Time>2026-07-26T03:30:13Z</Time>
          <Position>
            <LatitudeDegrees>35.42753</LatitudeDegrees>
            <LongitudeDegrees>-106.13251</LongitudeDegrees>
          </Position>
          <AltitudeMeters>1741.7</AltitudeMeters>
          <DistanceMeters>43719.2</DistanceMeters>
        </Trackpoint>
        <Trackpoint>
          <Time>2026-07-26T03:30:23Z</Time>
          <Position>
            <LatitudeDegrees>35.42727</LatitudeDegrees>
            <LongitudeDegrees>-106.13273</LongitudeDegrees>
          </Position>
          <AltitudeMeters>1743.5</AltitudeMeters>
          <DistanceMeters>43754.4</DistanceMeters>
        </Trackpoint>
        <Trackpoint>
          <Time>2026-07-26T03:30:33Z</Time>
          <Position>
            <LatitudeDegrees>35.42709</LatitudeDegrees>
            <LongitudeDegrees>-106.13294</LongitudeDegrees>
          </Position>
          <AltitudeMeters>1743.9</AltitudeMeters>
          <DistanceMeters>43782.0</DistanceMeters>
        </Trackpoint>
        <Trackpoint>
          <Time>2026-07-26T03:30:43Z</Time>
          <Position>
            <LatitudeDegrees>35.42687</LatitudeDegrees>
            <LongitudeDegrees>-106.13335</LongitudeDegrees>
          </Position>
          <AltitudeMeters>1743.9</AltitudeMeters>
          <DistanceMeters>43826.5</DistanceMeters>
        </Trackpoint>
        <Trackpoint>
          <Time>2026-07-26T03:30:53Z</Time>
          <Position>
            <LatitudeDegrees>35.42676</LatitudeDegrees>
            <LongitudeDegrees>-106.13353</LongitudeDegrees>
          </Position>
          <AltitudeMeters>1744.6</AltitudeMeters>
          <DistanceMeters>43846.9</DistanceMeters>
        </Trackpoint>
        <Trackpoint>
          <Time>2026-07-26T03:31:03Z</Time>
          <Position>
            <LatitudeDegrees>35.42657</LatitudeDegrees>
            <LongitudeDegrees>-106.13376</LongitudeDegrees>
          </Position>
          <AltitudeMeters>1745.6</AltitudeMeters>
          <DistanceMeters>43876.6</DistanceMeters>
        </Trackpoint>
        <Trackpoint>
          <Time>2026-07-26T03:31:13Z</Time>
          <Position>
            <LatitudeDegrees>35.42622</LatitudeDegrees>
            <LongitudeDegrees>-106.13412</LongitudeDegrees>
          </Position>
          <AltitudeMeters>1744.5</AltitudeMeters>
          <DistanceMeters>43927.5</DistanceMeters>
        </Trackpoint>
        <Trackpoint>
          <Time>2026-07-26T03:31:23Z</Time>
          <Position>
            <LatitudeDegrees>35.4257</LatitudeDegrees>
            <LongitudeDegrees>-106.13454</LongitudeDegrees>
          </Position>
          <AltitudeMeters>1747.1</AltitudeMeters>
          <DistanceMeters>43996.8</DistanceMeters>
        </Trackpoint>
        <Trackpoint>
          <Time>2026-07-26T03:31:33Z</Time>
          <Position>
            <LatitudeDegrees>35.42529</LatitudeDegrees>
            <LongitudeDegrees>-106.13475</LongitudeDegrees>
          </Position>
          <AltitudeMeters>1748.8</AltitudeMeters>
          <DistanceMeters>44046.2</DistanceMeters>
        </Trackpoint>
        <Trackpoint>
          <Time>2026-07-26T03:31:43Z</Time>
          <Position>
            <LatitudeDegrees>35.42504</LatitudeDegrees>
            <LongitudeDegrees>-106.13483</LongitudeDegrees>
          </Position>
          <AltitudeMeters>1749.6</AltitudeMeters>
          <DistanceMeters>44075.0</DistanceMeters>
        </Trackpoint>
        <Trackpoint>
          <Time>2026-07-26T03:31:53Z</Time>
          <Position>
            <LatitudeDegrees>35.42473</LatitudeDegrees>
            <LongitudeDegrees>-106.13488</LongitudeDegrees>
          </Position>
          <AltitudeMeters>1753.5</AltitudeMeters>
          <DistanceMeters>44109.8</DistanceMeters>
        </Trackpoint>
        <Trackpoint>
          <Time>2026-07-26T03:32:03Z</Time>
          <Position>
            <LatitudeDegrees>35.42398</LatitudeDegrees>
            <LongitudeDegrees>-106.13492</LongitudeDegrees>
          </Position>
          <AltitudeMeters>1750.6</AltitudeMeters>
          <DistanceMeters>44193.4</DistanceMeters>
        </Trackpoint>
        <Trackpoint>
          <Time>2026-07-26T03:32:13Z</Time>
          <Position>
            <LatitudeDegrees>35.42323</LatitudeDegrees>
            <LongitudeDegrees>-106.13496</LongitudeDegrees>
          </Position>
          <AltitudeMeters>1757.1</AltitudeMeters>
          <DistanceMeters>44276.9</DistanceMeters>
        </Trackpoint>
        <Trackpoint>
          <Time>2026-07-26T03:32:23Z</Time>
          <Position>
            <LatitudeDegrees>35.42247</LatitudeDegrees>
            <LongitudeDegrees>-106.13499</LongitudeDegrees>
          </Position>
          <AltitudeMeters>1761.0</AltitudeMeters>
          <DistanceMeters>44361.6</DistanceMeters>
        </Trackpoint>
        <Trackpoint>
          <Time>2026-07-26T03:32:33Z</Time>
          <Position>
            <LatitudeDegrees>35.42222</LatitudeDegrees>
            <LongitudeDegrees>-106.13505</LongitudeDegrees>
          </Position>
          <AltitudeMeters>1765.5</AltitudeMeters>
          <DistanceMeters>44389.9</DistanceMeters>
        </Trackpoint>
        <Trackpoint>
          <Time>2026-07-26T03:32:43Z</Time>
          <Position>
            <LatitudeDegrees>35.42188</LatitudeDegrees>
            <LongitudeDegrees>-106.13519</LongitudeDegrees>
          </Position>
          <AltitudeMeters>1767.6</AltitudeMeters>
          <DistanceMeters>44429.9</DistanceMeters>
        </Trackpoint>
        <Trackpoint>
          <Time>2026-07-26T03:32:53Z</Time>
          <Position>
            <LatitudeDegrees>35.42124</LatitudeDegrees>
            <LongitudeDegrees>-106.13556</LongitudeDegrees>
          </Position>
          <AltitudeMeters>1773.2</AltitudeMeters>
          <DistanceMeters>44508.6</DistanceMeters>
        </Trackpoint>
        <Trackpoint>
          <Time>2026-07-26T03:33:03Z</Time>
          <Position>
            <LatitudeDegrees>35.4206</LatitudeDegrees>
            <LongitudeDegrees>-106.13593</LongitudeDegrees>
          </Position>
          <AltitudeMeters>1776.6</AltitudeMeters>
          <DistanceMeters>44587.4</DistanceMeters>
        </Trackpoint>
        <Trackpoint>
          <Time>2026-07-26T03:33:13Z</Time>
          <Position>
            <LatitudeDegrees>35.42009</LatitudeDegrees>
            <LongitudeDegrees>-106.13624</LongitudeDegrees>
          </Position>
          <AltitudeMeters>1778.0</AltitudeMeters>
          <DistanceMeters>44650.7</DistanceMeters>
        </Trackpoint>
        <Trackpoint>
          <Time>2026-07-26T03:33:23Z</Time>
          <Position>
            <LatitudeDegrees>35.41967</LatitudeDegrees>
            <LongitudeDegrees>-106.13663</LongitudeDegrees>
          </Position>
          <AltitudeMeters>1781.1</AltitudeMeters>
          <DistanceMeters>44709.4</DistanceMeters>
        </Trackpoint>
        <Trackpoint>
          <Time>2026-07-26T03:33:33Z</Time>
          <Position>
            <LatitudeDegrees>35.41931</LatitudeDegrees>
            <LongitudeDegrees>-106.137</LongitudeDegrees>
          </Position>
          <AltitudeMeters>1783.5</AltitudeMeters>
          <DistanceMeters>44761.6</DistanceMeters>
        </Trackpoint>
        <Trackpoint>
          <Time>2026-07-26T03:33:43Z</Time>
          <Position>
            <LatitudeDegrees>35.41895</LatitudeDegrees>
            <LongitudeDegrees>-106.13738</LongitudeDegrees>
          </Position>
          <AltitudeMeters>1784.4</AltitudeMeters>
          <DistanceMeters>44814.5</DistanceMeters>
        </Trackpoint>
        <Trackpoint>
          <Time>2026-07-26T03:33:53Z</Time>
          <Position>
            <LatitudeDegrees>35.41866</LatitudeDegrees>
            <LongitudeDegrees>-106.13763</LongitudeDegrees>
          </Position>
          <AltitudeMeters>1787.2</AltitudeMeters>
          <DistanceMeters>44854.0</DistanceMeters>
        </Trackpoint>
        <Trackpoint>
          <Time>2026-07-26T03:34:03Z</Time>
          <Position>
            <LatitudeDegrees>35.4184</LatitudeDegrees>
            <LongitudeDegrees>-106.13778</LongitudeDegrees>
          </Position>
          <AltitudeMeters>1788.3</AltitudeMeters>
          <DistanceMeters>44885.9</DistanceMeters>
        </Trackpoint>
        <Trackpoint>
          <Time>2026-07-26T03:34:13Z</Time>
          <Position>
            <LatitudeDegrees>35.4181</LatitudeDegrees>
            <LongitudeDegrees>-106.13784</LongitudeDegrees>
          </Position>
          <AltitudeMeters>1788.2</AltitudeMeters>
          <DistanceMeters>44919.8</DistanceMeters>
        </Trackpoint>
        <Trackpoint>
          <Time>2026-07-26T03:34:23Z</Time>
          <Position>
            <LatitudeDegrees>35.41785</LatitudeDegrees>
            <LongitudeDegrees>-106.13783</LongitudeDegrees>
          </Position>
          <AltitudeMeters>1787.4</AltitudeMeters>
          <DistanceMeters>44947.6</DistanceMeters>
        </Trackpoint>
        <Trackpoint>
          <Time>2026-07-26T03:34:33Z</Time>
          <Position>
            <LatitudeDegrees>35.41749</LatitudeDegrees>
            <LongitudeDegrees>-106.13769</LongitudeDegrees>
          </Position>
          <AltitudeMeters>1788.4</AltitudeMeters>
          <DistanceMeters>44989.7</DistanceMeters>
        </Trackpoint>
        <Trackpoint>
          <Time>2026-07-26T03:34:43Z</Time>
          <Position>
            <LatitudeDegrees>35.41727</LatitudeDegrees>
            <LongitudeDegrees>-106.13754</LongitudeDegrees>
          </Position>
          <AltitudeMeters>1790.2</AltitudeMeters>
          <DistanceMeters>45017.7</DistanceMeters>
        </Trackpoint>
        <Trackpoint>
          <Time>2026-07-26T03:34:53Z</Time>
          <Position>
            <LatitudeDegrees>35.4171</LatitudeDegrees>
            <LongitudeDegrees>-106.13736</LongitudeDegrees>
          </Position>
          <AltitudeMeters>1791.6</AltitudeMeters>
          <DistanceMeters>45042.7</DistanceMeters>
        </Trackpoint>
        <Trackpoint>
          <Time>2026-07-26T03:35:03Z</Time>
          <Position>
            <LatitudeDegrees>35.41691</LatitudeDegrees>
            <LongitudeDegrees>-106.13707</LongitudeDegrees>
          </Position>
          <AltitudeMeters>1787.9</AltitudeMeters>
          <DistanceMeters>45076.4</DistanceMeters>
        </Trackpoint>
        <Trackpoint>
          <Time>2026-07-26T03:35:13Z</Time>
          <Position>
            <LatitudeDegrees>35.41671</LatitudeDegrees>
            <LongitudeDegrees>-106.13684</LongitudeDegrees>
          </Position>
          <AltitudeMeters>1786.0</AltitudeMeters>
          <DistanceMeters>45106.9</DistanceMeters>
        </Trackpoint>
        <Trackpoint>
          <Time>2026-07-26T03:35:23Z</Time>
          <Position>
            <LatitudeDegrees>35.41647</LatitudeDegrees>
            <LongitudeDegrees>-106.13665</LongitudeDegrees>
          </Position>
          <AltitudeMeters>1785.1</AltitudeMeters>
          <DistanceMeters>45138.7</DistanceMeters>
        </Trackpoint>
        <Trackpoint>
          <Time>2026-07-26T03:35:33Z</Time>
          <Position>
            <LatitudeDegrees>35.41617</LatitudeDegrees>
            <LongitudeDegrees>-106.13654</LongitudeDegrees>
          </Position>
          <AltitudeMeters>1785.0</AltitudeMeters>
          <DistanceMeters>45173.6</DistanceMeters>
        </Trackpoint>
        <Trackpoint>
          <Time>2026-07-26T03:35:43Z</Time>
          <Position>
            <LatitudeDegrees>35.41591</LatitudeDegrees>
            <LongitudeDegrees>-106.13652</LongitudeDegrees>
          </Position>
          <AltitudeMeters>1785.3</AltitudeMeters>
          <DistanceMeters>45202.6</DistanceMeters>
        </Trackpoint>
        <Trackpoint>
          <Time>2026-07-26T03:35:53Z</Time>
          <Position>
            <LatitudeDegrees>35.41561</LatitudeDegrees>
            <LongitudeDegrees>-106.13656</LongitudeDegrees>
          </Position>
          <AltitudeMeters>1786.7</AltitudeMeters>
          <DistanceMeters>45236.2</DistanceMeters>
        </Trackpoint>
        <Trackpoint>
          <Time>2026-07-26T03:36:03Z</Time>
          <Position>
            <LatitudeDegrees>35.41533</LatitudeDegrees>
            <LongitudeDegrees>-106.13668</LongitudeDegrees>
          </Position>
          <AltitudeMeters>1791.0</AltitudeMeters>
          <DistanceMeters>45269.2</DistanceMeters>
        </Trackpoint>
        <Trackpoint>
          <Time>2026-07-26T03:36:13Z</Time>
          <Position>
            <LatitudeDegrees>35.41511</LatitudeDegrees>
            <LongitudeDegrees>-106.13684</LongitudeDegrees>
          </Position>
          <AltitudeMeters>1792.7</AltitudeMeters>
          <DistanceMeters>45297.7</DistanceMeters>
        </Trackpoint>
        <Trackpoint>
          <Time>2026-07-26T03:36:23Z</Time>
          <Position>
            <LatitudeDegrees>35.41491</LatitudeDegrees>
            <LongitudeDegrees>-106.13707</LongitudeDegrees>
          </Position>
          <AltitudeMeters>1795.2</AltitudeMeters>
          <DistanceMeters>45328.2</DistanceMeters>
        </Trackpoint>
        <Trackpoint>
          <Time>2026-07-26T03:36:33Z</Time>
          <Position>
            <LatitudeDegrees>35.41474</LatitudeDegrees>
            <LongitudeDegrees>-106.13737</LongitudeDegrees>
          </Position>
          <AltitudeMeters>1798.5</AltitudeMeters>
          <DistanceMeters>45361.3</DistanceMeters>
        </Trackpoint>
        <Trackpoint>
          <Time>2026-07-26T03:36:43Z</Time>
          <Position>
            <LatitudeDegrees>35.41464</LatitudeDegrees>
            <LongitudeDegrees>-106.13773</LongitudeDegrees>
          </Position>
          <AltitudeMeters>1799.2</AltitudeMeters>
          <DistanceMeters>45395.8</DistanceMeters>
        </Trackpoint>
        <Trackpoint>
          <Time>2026-07-26T03:36:53Z</Time>
          <Position>
            <LatitudeDegrees>35.41448</LatitudeDegrees>
            <LongitudeDegrees>-106.13851</LongitudeDegrees>
          </Position>
          <AltitudeMeters>1804.9</AltitudeMeters>
          <DistanceMeters>45468.8</DistanceMeters>
        </Trackpoint>
        <Trackpoint>
          <Time>2026-07-26T03:37:03Z</Time>
          <Position>
            <LatitudeDegrees>35.41432</LatitudeDegrees>
            <LongitudeDegrees>-106.13929</LongitudeDegrees>
          </Position>
          <AltitudeMeters>1809.0</AltitudeMeters>
          <DistanceMeters>45541.8</DistanceMeters>
        </Trackpoint>
        <Trackpoint>
          <Time>2026-07-26T03:37:13Z</Time>
          <Position>
            <LatitudeDegrees>35.41416</LatitudeDegrees>
            <LongitudeDegrees>-106.14007</LongitudeDegrees>
          </Position>
          <AltitudeMeters>1812.4</AltitudeMeters>
          <DistanceMeters>45614.7</DistanceMeters>
        </Trackpoint>
        <Trackpoint>
          <Time>2026-07-26T03:37:23Z</Time>
          <Position>
            <LatitudeDegrees>35.41399</LatitudeDegrees>
            <LongitudeDegrees>-106.14059</LongitudeDegrees>
          </Position>
          <AltitudeMeters>1811.3</AltitudeMeters>
          <DistanceMeters>45665.6</DistanceMeters>
        </Trackpoint>
        <Trackpoint>
          <Time>2026-07-26T03:37:33Z</Time>
          <Position>
            <LatitudeDegrees>35.41378</LatitudeDegrees>
            <LongitudeDegrees>-106.14099</LongitudeDegrees>
          </Position>
          <AltitudeMeters>1812.1</AltitudeMeters>
          <DistanceMeters>45708.7</DistanceMeters>
        </Trackpoint>
        <Trackpoint>
          <Time>2026-07-26T03:37:43Z</Time>
          <Position>
            <LatitudeDegrees>35.41352</LatitudeDegrees>
            <LongitudeDegrees>-106.14139</LongitudeDegrees>
          </Position>
          <AltitudeMeters>1810.8</AltitudeMeters>
          <DistanceMeters>45755.2</DistanceMeters>
        </Trackpoint>
        <Trackpoint>
          <Time>2026-07-26T03:37:53Z</Time>
          <Position>
            <LatitudeDegrees>35.4133</LatitudeDegrees>
            <LongitudeDegrees>-106.14164</LongitudeDegrees>
          </Position>
          <AltitudeMeters>1811.1</AltitudeMeters>
          <DistanceMeters>45788.5</DistanceMeters>
        </Trackpoint>
        <Trackpoint>
          <Time>2026-07-26T03:38:03Z</Time>
          <Position>
            <LatitudeDegrees>35.41276</LatitudeDegrees>
            <LongitudeDegrees>-106.14209</LongitudeDegrees>
          </Position>
          <AltitudeMeters>1809.6</AltitudeMeters>
          <DistanceMeters>45861.2</DistanceMeters>
        </Trackpoint>
        <Trackpoint>
          <Time>2026-07-26T03:38:13Z</Time>
          <Position>
            <LatitudeDegrees>35.4125</LatitudeDegrees>
            <LongitudeDegrees>-106.14233</LongitudeDegrees>
          </Position>
          <AltitudeMeters>1812.7</AltitudeMeters>
          <DistanceMeters>45897.4</DistanceMeters>
        </Trackpoint>
        <Trackpoint>
          <Time>2026-07-26T03:38:23Z</Time>
          <Position>
            <LatitudeDegrees>35.41238</LatitudeDegrees>
            <LongitudeDegrees>-106.1425</LongitudeDegrees>
          </Position>
          <AltitudeMeters>1813.9</AltitudeMeters>
          <DistanceMeters>45917.8</DistanceMeters>
        </Trackpoint>
        <Trackpoint>
          <Time>2026-07-26T03:38:33Z</Time>
          <Position>
            <LatitudeDegrees>35.41221</LatitudeDegrees>
            <LongitudeDegrees>-106.14283</LongitudeDegrees>
          </Position>
          <AltitudeMeters>1815.7</AltitudeMeters>
          <DistanceMeters>45953.2</DistanceMeters>
        </Trackpoint>
        <Trackpoint>
          <Time>2026-07-26T03:38:43Z</Time>
          <Position>
            <LatitudeDegrees>35.41215</LatitudeDegrees>
            <LongitudeDegrees>-106.14304</LongitudeDegrees>
          </Position>
          <AltitudeMeters>1817.2</AltitudeMeters>
          <DistanceMeters>45973.4</DistanceMeters>
        </Trackpoint>
        <Trackpoint>
          <Time>2026-07-26T03:38:53Z</Time>
          <Position>
            <LatitudeDegrees>35.41202</LatitudeDegrees>
            <LongitudeDegrees>-106.14395</LongitudeDegrees>
          </Position>
          <AltitudeMeters>1821.6</AltitudeMeters>
          <DistanceMeters>46057.3</DistanceMeters>
        </Trackpoint>
        <Trackpoint>
          <Time>2026-07-26T03:39:03Z</Time>
          <Position>
            <LatitudeDegrees>35.41197</LatitudeDegrees>
            <LongitudeDegrees>-106.14423</LongitudeDegrees>
          </Position>
          <AltitudeMeters>1822.1</AltitudeMeters>
          <DistanceMeters>46083.3</DistanceMeters>
        </Trackpoint>
        <Trackpoint>
          <Time>2026-07-26T03:39:13Z</Time>
          <Position>
            <LatitudeDegrees>35.4119</LatitudeDegrees>
            <LongitudeDegrees>-106.14444</LongitudeDegrees>
          </Position>
          <AltitudeMeters>1822.6</AltitudeMeters>
          <DistanceMeters>46103.8</DistanceMeters>
        </Trackpoint>
        <Trackpoint>
          <Time>2026-07-26T03:39:23Z</Time>
          <Position>
            <LatitudeDegrees>35.41181</LatitudeDegrees>
            <LongitudeDegrees>-106.14465</LongitudeDegrees>
          </Position>
          <AltitudeMeters>1824.4</AltitudeMeters>
          <DistanceMeters>46125.4</DistanceMeters>
        </Trackpoint>
        <Trackpoint>
          <Time>2026-07-26T03:39:33Z</Time>
          <Position>
            <LatitudeDegrees>35.41151</LatitudeDegrees>
            <LongitudeDegrees>-106.14513</LongitudeDegrees>
          </Position>
          <AltitudeMeters>1826.6</AltitudeMeters>
          <DistanceMeters>46180.2</DistanceMeters>
        </Trackpoint>
        <Trackpoint>
          <Time>2026-07-26T03:39:43Z</Time>
          <Position>
            <LatitudeDegrees>35.41136</LatitudeDegrees>
            <LongitudeDegrees>-106.14542</LongitudeDegrees>
          </Position>
          <AltitudeMeters>1827.7</AltitudeMeters>
          <DistanceMeters>46211.4</DistanceMeters>
        </Trackpoint>
        <Trackpoint>
          <Time>2026-07-26T03:39:53Z</Time>
          <Position>
            <LatitudeDegrees>35.41128</LatitudeDegrees>
            <LongitudeDegrees>-106.14564</LongitudeDegrees>
          </Position>
          <AltitudeMeters>1828.1</AltitudeMeters>
          <DistanceMeters>46233.3</DistanceMeters>
        </Trackpoint>
        <Trackpoint>
          <Time>2026-07-26T03:40:03Z</Time>
          <Position>
            <LatitudeDegrees>35.41123</LatitudeDegrees>
            <LongitudeDegrees>-106.14583</LongitudeDegrees>
          </Position>
          <AltitudeMeters>1828.7</AltitudeMeters>
          <DistanceMeters>46251.4</DistanceMeters>
        </Trackpoint>
        <Trackpoint>
          <Time>2026-07-26T03:40:13Z</Time>
          <Position>
            <LatitudeDegrees>35.4112</LatitudeDegrees>
            <LongitudeDegrees>-106.14602</LongitudeDegrees>
          </Position>
          <AltitudeMeters>1830.4</AltitudeMeters>
          <DistanceMeters>46268.9</DistanceMeters>
        </Trackpoint>
        <Trackpoint>
          <Time>2026-07-26T03:40:23Z</Time>
          <Position>
            <LatitudeDegrees>35.41118</LatitudeDegrees>
            <LongitudeDegrees>-106.14689</LongitudeDegrees>
          </Position>
          <AltitudeMeters>1835.0</AltitudeMeters>
          <DistanceMeters>46347.9</DistanceMeters>
        </Trackpoint>
        <Trackpoint>
          <Time>2026-07-26T03:40:33Z</Time>
          <Position>
            <LatitudeDegrees>35.41111</LatitudeDegrees>
            <LongitudeDegrees>-106.1473</LongitudeDegrees>
          </Position>
          <AltitudeMeters>1837.1</AltitudeMeters>
          <DistanceMeters>46385.9</DistanceMeters>
        </Trackpoint>
        <Trackpoint>
          <Time>2026-07-26T03:40:43Z</Time>
          <Position>
            <LatitudeDegrees>35.41098</LatitudeDegrees>
            <LongitudeDegrees>-106.14769</LongitudeDegrees>
          </Position>
          <AltitudeMeters>1839.1</AltitudeMeters>
          <DistanceMeters>46424.1</DistanceMeters>
        </Trackpoint>
        <Trackpoint>
          <Time>2026-07-26T03:40:53Z</Time>
          <Position>
            <LatitudeDegrees>35.41053</LatitudeDegrees>
            <LongitudeDegrees>-106.14852</LongitudeDegrees>
          </Position>
          <AltitudeMeters>1841.6</AltitudeMeters>
          <DistanceMeters>46514.6</DistanceMeters>
        </Trackpoint>
        <Trackpoint>
          <Time>2026-07-26T03:41:03Z</Time>
          <Position>
            <LatitudeDegrees>35.4104</LatitudeDegrees>
            <LongitudeDegrees>-106.14883</LongitudeDegrees>
          </Position>
          <AltitudeMeters>1840.9</AltitudeMeters>
          <DistanceMeters>46546.2</DistanceMeters>
        </Trackpoint>
        <Trackpoint>
          <Time>2026-07-26T03:41:13Z</Time>
          <Position>
            <LatitudeDegrees>35.41027</LatitudeDegrees>
            <LongitudeDegrees>-106.14926</LongitudeDegrees>
          </Position>
          <AltitudeMeters>1838.3</AltitudeMeters>
          <DistanceMeters>46587.8</DistanceMeters>
        </Trackpoint>
        <Trackpoint>
          <Time>2026-07-26T03:41:23Z</Time>
          <Position>
            <LatitudeDegrees>35.41009</LatitudeDegrees>
            <LongitudeDegrees>-106.14996</LongitudeDegrees>
          </Position>
          <AltitudeMeters>1837.0</AltitudeMeters>
          <DistanceMeters>46654.4</DistanceMeters>
        </Trackpoint>
        <Trackpoint>
          <Time>2026-07-26T03:41:33Z</Time>
          <Position>
            <LatitudeDegrees>35.4099</LatitudeDegrees>
            <LongitudeDegrees>-106.15066</LongitudeDegrees>
          </Position>
          <AltitudeMeters>1834.8</AltitudeMeters>
          <DistanceMeters>46721.4</DistanceMeters>
        </Trackpoint>
        <Trackpoint>
          <Time>2026-07-26T03:41:43Z</Time>
          <Position>
            <LatitudeDegrees>35.40976</LatitudeDegrees>
            <LongitudeDegrees>-106.15097</LongitudeDegrees>
          </Position>
          <AltitudeMeters>1834.3</AltitudeMeters>
          <DistanceMeters>46753.5</DistanceMeters>
        </Trackpoint>
        <Trackpoint>
          <Time>2026-07-26T03:41:53Z</Time>
          <Position>
            <LatitudeDegrees>35.40959</LatitudeDegrees>
            <LongitudeDegrees>-106.1512</LongitudeDegrees>
          </Position>
          <AltitudeMeters>1833.5</AltitudeMeters>
          <DistanceMeters>46781.7</DistanceMeters>
        </Trackpoint>
        <Trackpoint>
          <Time>2026-07-26T03:42:03Z</Time>
          <Position>
            <LatitudeDegrees>35.40943</LatitudeDegrees>
            <LongitudeDegrees>-106.1513</LongitudeDegrees>
          </Position>
          <AltitudeMeters>1833.7</AltitudeMeters>
          <DistanceMeters>46801.7</DistanceMeters>
        </Trackpoint>
        <Trackpoint>
          <Time>2026-07-26T03:42:13Z</Time>
          <Position>
            <LatitudeDegrees>35.40857</LatitudeDegrees>
            <LongitudeDegrees>-106.15156</LongitudeDegrees>
          </Position>
          <AltitudeMeters>1834.2</AltitudeMeters>
          <DistanceMeters>46900.3</DistanceMeters>
        </Trackpoint>
        <Trackpoint>
          <Time>2026-07-26T03:42:23Z</Time>
          <Position>
            <LatitudeDegrees>35.4077</LatitudeDegrees>
            <LongitudeDegrees>-106.15183</LongitudeDegrees>
          </Position>
          <AltitudeMeters>1833.6</AltitudeMeters>
          <DistanceMeters>47000.2</DistanceMeters>
        </Trackpoint>
        <Trackpoint>
          <Time>2026-07-26T03:42:33Z</Time>
          <Position>
            <LatitudeDegrees>35.40684</LatitudeDegrees>
            <LongitudeDegrees>-106.15209</LongitudeDegrees>
          </Position>
          <AltitudeMeters>1835.4</AltitudeMeters>
          <DistanceMeters>47098.8</DistanceMeters>
        </Trackpoint>
        <Trackpoint>
          <Time>2026-07-26T03:42:43Z</Time>
          <Position>
            <LatitudeDegrees>35.40598</LatitudeDegrees>
            <LongitudeDegrees>-106.15236</LongitudeDegrees>
          </Position>
          <AltitudeMeters>1838.0</AltitudeMeters>
          <DistanceMeters>47197.6</DistanceMeters>
        </Trackpoint>
        <Trackpoint>
          <Time>2026-07-26T03:42:53Z</Time>
          <Position>
            <LatitudeDegrees>35.40585</LatitudeDegrees>
            <LongitudeDegrees>-106.15241</LongitudeDegrees>
          </Position>
          <AltitudeMeters>1838.6</AltitudeMeters>
          <DistanceMeters>47212.7</DistanceMeters>
        </Trackpoint>
        <Trackpoint>
          <Time>2026-07-26T03:43:03Z</Time>
          <Position>
            <LatitudeDegrees>35.40575</LatitudeDegrees>
            <LongitudeDegrees>-106.15248</LongitudeDegrees>
          </Position>
          <AltitudeMeters>1839.0</AltitudeMeters>
          <DistanceMeters>47225.6</DistanceMeters>
        </Trackpoint>
        <Trackpoint>
          <Time>2026-07-26T03:43:13Z</Time>
          <Position>
            <LatitudeDegrees>35.40567</LatitudeDegrees>
            <LongitudeDegrees>-106.15256</LongitudeDegrees>
          </Position>
          <AltitudeMeters>1839.3</AltitudeMeters>
          <DistanceMeters>47237.1</DistanceMeters>
        </Trackpoint>
        <Trackpoint>
          <Time>2026-07-26T03:43:23Z</Time>
          <Position>
            <LatitudeDegrees>35.40561</LatitudeDegrees>
            <LongitudeDegrees>-106.15265</LongitudeDegrees>
          </Position>
          <AltitudeMeters>1839.4</AltitudeMeters>
          <DistanceMeters>47247.6</DistanceMeters>
        </Trackpoint>
        <Trackpoint>
          <Time>2026-07-26T03:43:33Z</Time>
          <Position>
            <LatitudeDegrees>35.40556</LatitudeDegrees>
            <LongitudeDegrees>-106.15279</LongitudeDegrees>
          </Position>
          <AltitudeMeters>1839.7</AltitudeMeters>
          <DistanceMeters>47261.5</DistanceMeters>
        </Trackpoint>
        <Trackpoint>
          <Time>2026-07-26T03:43:43Z</Time>
          <Position>
            <LatitudeDegrees>35.40553</LatitudeDegrees>
            <LongitudeDegrees>-106.15295</LongitudeDegrees>
          </Position>
          <AltitudeMeters>1839.4</AltitudeMeters>
          <DistanceMeters>47276.4</DistanceMeters>
        </Trackpoint>
        <Trackpoint>
          <Time>2026-07-26T03:43:53Z</Time>
          <Position>
            <LatitudeDegrees>35.40551</LatitudeDegrees>
            <LongitudeDegrees>-106.15352</LongitudeDegrees>
          </Position>
          <AltitudeMeters>1837.1</AltitudeMeters>
          <DistanceMeters>47328.1</DistanceMeters>
        </Trackpoint>
        <Trackpoint>
          <Time>2026-07-26T03:44:03Z</Time>
          <Position>
            <LatitudeDegrees>35.40548</LatitudeDegrees>
            <LongitudeDegrees>-106.15409</LongitudeDegrees>
          </Position>
          <AltitudeMeters>1835.6</AltitudeMeters>
          <DistanceMeters>47380.0</DistanceMeters>
        </Trackpoint>
        <Trackpoint>
          <Time>2026-07-26T03:44:13Z</Time>
          <Position>
            <LatitudeDegrees>35.40546</LatitudeDegrees>
            <LongitudeDegrees>-106.15428</LongitudeDegrees>
          </Position>
          <AltitudeMeters>1837.8</AltitudeMeters>
          <DistanceMeters>47397.3</DistanceMeters>
        </Trackpoint>
        <Trackpoint>
          <Time>2026-07-26T03:44:23Z</Time>
          <Position>
            <LatitudeDegrees>35.40542</LatitudeDegrees>
            <LongitudeDegrees>-106.15441</LongitudeDegrees>
          </Position>
          <AltitudeMeters>1839.4</AltitudeMeters>
          <DistanceMeters>47409.9</DistanceMeters>
        </Trackpoint>
        <Trackpoint>
          <Time>2026-07-26T03:44:33Z</Time>
          <Position>
            <LatitudeDegrees>35.40535</LatitudeDegrees>
            <LongitudeDegrees>-106.15456</LongitudeDegrees>
          </Position>
          <AltitudeMeters>1840.9</AltitudeMeters>
          <DistanceMeters>47425.6</DistanceMeters>
        </Trackpoint>
        <Trackpoint>
          <Time>2026-07-26T03:44:43Z</Time>
          <Position>
            <LatitudeDegrees>35.40527</LatitudeDegrees>
            <LongitudeDegrees>-106.15468</LongitudeDegrees>
          </Position>
          <AltitudeMeters>1842.4</AltitudeMeters>
          <DistanceMeters>47439.7</DistanceMeters>
        </Trackpoint>
        <Trackpoint>
          <Time>2026-07-26T03:44:53Z</Time>
          <Position>
            <LatitudeDegrees>35.40513</LatitudeDegrees>
            <LongitudeDegrees>-106.1548</LongitudeDegrees>
          </Position>
          <AltitudeMeters>1843.8</AltitudeMeters>
          <DistanceMeters>47458.7</DistanceMeters>
        </Trackpoint>
        <Trackpoint>
          <Time>2026-07-26T03:45:03Z</Time>
          <Position>
            <LatitudeDegrees>35.40494</LatitudeDegrees>
            <LongitudeDegrees>-106.15491</LongitudeDegrees>
          </Position>
          <AltitudeMeters>1844.9</AltitudeMeters>
          <DistanceMeters>47482.1</DistanceMeters>
        </Trackpoint>
        <Trackpoint>
          <Time>2026-07-26T03:45:13Z</Time>
          <Position>
            <LatitudeDegrees>35.40481</LatitudeDegrees>
            <LongitudeDegrees>-106.15496</LongitudeDegrees>
          </Position>
          <AltitudeMeters>1845.4</AltitudeMeters>
          <DistanceMeters>47497.3</DistanceMeters>
        </Trackpoint>
        <Trackpoint>
          <Time>2026-07-26T03:45:23Z</Time>
          <Position>
            <LatitudeDegrees>35.40412</LatitudeDegrees>
            <LongitudeDegrees>-106.15522</LongitudeDegrees>
          </Position>
          <AltitudeMeters>1846.5</AltitudeMeters>
          <DistanceMeters>47577.6</DistanceMeters>
        </Trackpoint>
        <Trackpoint>
          <Time>2026-07-26T03:45:33Z</Time>
          <Position>
            <LatitudeDegrees>35.40344</LatitudeDegrees>
            <LongitudeDegrees>-106.15547</LongitudeDegrees>
          </Position>
          <AltitudeMeters>1849.5</AltitudeMeters>
          <DistanceMeters>47656.6</DistanceMeters>
        </Trackpoint>
        <Trackpoint>
          <Time>2026-07-26T03:45:43Z</Time>
          <Position>
            <LatitudeDegrees>35.40289</LatitudeDegrees>
            <LongitudeDegrees>-106.15571</LongitudeDegrees>
          </Position>
          <AltitudeMeters>1850.3</AltitudeMeters>
          <DistanceMeters>47721.6</DistanceMeters>
        </Trackpoint>
        <Trackpoint>
          <Time>2026-07-26T03:45:53Z</Time>
          <Position>
            <LatitudeDegrees>35.40214</LatitudeDegrees>
            <LongitudeDegrees>-106.15623</LongitudeDegrees>
          </Position>
          <AltitudeMeters>1850.7</AltitudeMeters>
          <DistanceMeters>47817.5</DistanceMeters>
        </Trackpoint>
        <Trackpoint>
          <Time>2026-07-26T03:46:03Z</Time>
          <Position>
            <LatitudeDegrees>35.40174</LatitudeDegrees>
            <LongitudeDegrees>-106.15645</LongitudeDegrees>
          </Position>
          <AltitudeMeters>1851.5</AltitudeMeters>
          <DistanceMeters>47866.3</DistanceMeters>
        </Trackpoint>
        <Trackpoint>
          <Time>2026-07-26T03:46:13Z</Time>
          <Position>
            <LatitudeDegrees>35.401</LatitudeDegrees>
            <LongitudeDegrees>-106.15673</LongitudeDegrees>
          </Position>
          <AltitudeMeters>1855.0</AltitudeMeters>
          <DistanceMeters>47952.5</DistanceMeters>
        </Trackpoint>
        <Trackpoint>
          <Time>2026-07-26T03:46:23Z</Time>
          <Position>
            <LatitudeDegrees>35.40026</LatitudeDegrees>
            <LongitudeDegrees>-106.15701</LongitudeDegrees>
          </Position>
          <AltitudeMeters>1856.9</AltitudeMeters>
          <DistanceMeters>48038.7</DistanceMeters>
        </Trackpoint>
        <Trackpoint>
          <Time>2026-07-26T03:46:33Z</Time>
          <Position>
            <LatitudeDegrees>35.3999</LatitudeDegrees>
            <LongitudeDegrees>-106.1572</LongitudeDegrees>
          </Position>
          <AltitudeMeters>1858.3</AltitudeMeters>
          <DistanceMeters>48082.3</DistanceMeters>
        </Trackpoint>
        <Trackpoint>
          <Time>2026-07-26T03:46:43Z</Time>
          <Position>
            <LatitudeDegrees>35.3994</LatitudeDegrees>
            <LongitudeDegrees>-106.15756</LongitudeDegrees>
          </Position>
          <AltitudeMeters>1861.4</AltitudeMeters>
          <DistanceMeters>48146.9</DistanceMeters>
        </Trackpoint>
        <Trackpoint>
          <Time>2026-07-26T03:46:53Z</Time>
          <Position>
            <LatitudeDegrees>35.3989</LatitudeDegrees>
            <LongitudeDegrees>-106.15793</LongitudeDegrees>
          </Position>
          <AltitudeMeters>1862.4</AltitudeMeters>
          <DistanceMeters>48211.9</DistanceMeters>
        </Trackpoint>
        <Trackpoint>
          <Time>2026-07-26T03:47:03Z</Time>
          <Position>
            <LatitudeDegrees>35.39819</LatitudeDegrees>
            <LongitudeDegrees>-106.15846</LongitudeDegrees>
          </Position>
          <AltitudeMeters>1862.0</AltitudeMeters>
          <DistanceMeters>48304.4</DistanceMeters>
        </Trackpoint>
        <Trackpoint>
          <Time>2026-07-26T03:47:13Z</Time>
          <Position>
            <LatitudeDegrees>35.39747</LatitudeDegrees>
            <LongitudeDegrees>-106.15899</LongitudeDegrees>
          </Position>
          <AltitudeMeters>1865.1</AltitudeMeters>
          <DistanceMeters>48397.9</DistanceMeters>
        </Trackpoint>
        <Trackpoint>
          <Time>2026-07-26T03:47:23Z</Time>
          <Position>
            <LatitudeDegrees>35.39675</LatitudeDegrees>
            <LongitudeDegrees>-106.15952</LongitudeDegrees>
          </Position>
          <AltitudeMeters>1867.3</AltitudeMeters>
          <DistanceMeters>48491.3</DistanceMeters>
        </Trackpoint>
        <Trackpoint>
          <Time>2026-07-26T03:47:33Z</Time>
          <Position>
            <LatitudeDegrees>35.39603</LatitudeDegrees>
            <LongitudeDegrees>-106.16005</LongitudeDegrees>
          </Position>
          <AltitudeMeters>1870.9</AltitudeMeters>
          <DistanceMeters>48584.8</DistanceMeters>
        </Trackpoint>
        <Trackpoint>
          <Time>2026-07-26T03:47:43Z</Time>
          <Position>
            <LatitudeDegrees>35.39532</LatitudeDegrees>
            <LongitudeDegrees>-106.16058</LongitudeDegrees>
          </Position>
          <AltitudeMeters>1872.5</AltitudeMeters>
          <DistanceMeters>48677.3</DistanceMeters>
        </Trackpoint>
        <Trackpoint>
          <Time>2026-07-26T03:47:53Z</Time>
          <Position>
            <LatitudeDegrees>35.3946</LatitudeDegrees>
            <LongitudeDegrees>-106.16111</LongitudeDegrees>
          </Position>
          <AltitudeMeters>1875.8</AltitudeMeters>
          <DistanceMeters>48770.8</DistanceMeters>
        </Trackpoint>
        <Trackpoint>
          <Time>2026-07-26T03:48:03Z</Time>
          <Position>
            <LatitudeDegrees>35.39388</LatitudeDegrees>
            <LongitudeDegrees>-106.16164</LongitudeDegrees>
          </Position>
          <AltitudeMeters>1877.0</AltitudeMeters>
          <DistanceMeters>48864.3</DistanceMeters>
        </Trackpoint>
        <Trackpoint>
          <Time>2026-07-26T03:48:13Z</Time>
          <Position>
            <LatitudeDegrees>35.39317</LatitudeDegrees>
            <LongitudeDegrees>-106.16217</LongitudeDegrees>
          </Position>
          <AltitudeMeters>1885.0</AltitudeMeters>
          <DistanceMeters>48956.8</DistanceMeters>
        </Trackpoint>
        <Trackpoint>
          <Time>2026-07-26T03:48:23Z</Time>
          <Position>
            <LatitudeDegrees>35.39245</LatitudeDegrees>
            <LongitudeDegrees>-106.1627</LongitudeDegrees>
          </Position>
          <AltitudeMeters>1893.8</AltitudeMeters>
          <DistanceMeters>49050.3</DistanceMeters>
        </Trackpoint>
        <Trackpoint>
          <Time>2026-07-26T03:48:33Z</Time>
          <Position>
            <LatitudeDegrees>35.39173</LatitudeDegrees>
            <LongitudeDegrees>-106.16323</LongitudeDegrees>
          </Position>
          <AltitudeMeters>1895.7</AltitudeMeters>
          <DistanceMeters>49143.7</DistanceMeters>
        </Trackpoint>
        <Trackpoint>
          <Time>2026-07-26T03:48:43Z</Time>
          <Position>
            <LatitudeDegrees>35.39101</LatitudeDegrees>
            <LongitudeDegrees>-106.16376</LongitudeDegrees>
          </Position>
          <AltitudeMeters>1895.6</AltitudeMeters>
          <DistanceMeters>49237.2</DistanceMeters>
        </Trackpoint>
        <Trackpoint>
          <Time>2026-07-26T03:48:53Z</Time>
          <Position>
            <LatitudeDegrees>35.3903</LatitudeDegrees>
            <LongitudeDegrees>-106.16429</LongitudeDegrees>
          </Position>
          <AltitudeMeters>1896.0</AltitudeMeters>
          <DistanceMeters>49329.7</DistanceMeters>
        </Trackpoint>
        <Trackpoint>
          <Time>2026-07-26T03:49:03Z</Time>
          <Position>
            <LatitudeDegrees>35.38958</LatitudeDegrees>
            <LongitudeDegrees>-106.16482</LongitudeDegrees>
          </Position>
          <AltitudeMeters>1902.1</AltitudeMeters>
          <DistanceMeters>49423.2</DistanceMeters>
        </Trackpoint>
        <Trackpoint>
          <Time>2026-07-26T03:49:13Z</Time>
          <Position>
            <LatitudeDegrees>35.389</LatitudeDegrees>
            <LongitudeDegrees>-106.1653</LongitudeDegrees>
          </Position>
          <AltitudeMeters>1905.9</AltitudeMeters>
          <DistanceMeters>49501.1</DistanceMeters>
        </Trackpoint>
        <Trackpoint>
          <Time>2026-07-26T03:49:23Z</Time>
          <Position>
            <LatitudeDegrees>35.38843</LatitudeDegrees>
            <LongitudeDegrees>-106.16578</LongitudeDegrees>
          </Position>
          <AltitudeMeters>1907.4</AltitudeMeters>
          <DistanceMeters>49578.1</DistanceMeters>
        </Trackpoint>
        <Trackpoint>
          <Time>2026-07-26T03:49:33Z</Time>
          <Position>
            <LatitudeDegrees>35.38785</LatitudeDegrees>
            <LongitudeDegrees>-106.16626</LongitudeDegrees>
          </Position>
          <AltitudeMeters>1911.1</AltitudeMeters>
          <DistanceMeters>49656.0</DistanceMeters>
        </Trackpoint>
        <Trackpoint>
          <Time>2026-07-26T03:49:43Z</Time>
          <Position>
            <LatitudeDegrees>35.38728</LatitudeDegrees>
            <LongitudeDegrees>-106.16674</LongitudeDegrees>
          </Position>
          <AltitudeMeters>1916.6</AltitudeMeters>
          <DistanceMeters>49732.9</DistanceMeters>
        </Trackpoint>
        <Trackpoint>
          <Time>2026-07-26T03:49:53Z</Time>
          <Position>
            <LatitudeDegrees>35.38661</LatitudeDegrees>
            <LongitudeDegrees>-106.16732</LongitudeDegrees>
          </Position>
          <AltitudeMeters>1922.9</AltitudeMeters>
          <DistanceMeters>49824.2</DistanceMeters>
        </Trackpoint>
        <Trackpoint>
          <Time>2026-07-26T03:50:03Z</Time>
          <Position>
            <LatitudeDegrees>35.38594</LatitudeDegrees>
            <LongitudeDegrees>-106.1679</LongitudeDegrees>
          </Position>
          <AltitudeMeters>1930.7</AltitudeMeters>
          <DistanceMeters>49915.5</DistanceMeters>
        </Trackpoint>
        <Trackpoint>
          <Time>2026-07-26T03:50:13Z</Time>
          <Position>
            <LatitudeDegrees>35.38527</LatitudeDegrees>
            <LongitudeDegrees>-106.16848</LongitudeDegrees>
          </Position>
          <AltitudeMeters>1937.9</AltitudeMeters>
          <DistanceMeters>50006.8</DistanceMeters>
        </Trackpoint>
        <Trackpoint>
          <Time>2026-07-26T03:50:23Z</Time>
          <Position>
            <LatitudeDegrees>35.3846</LatitudeDegrees>
            <LongitudeDegrees>-106.16906</LongitudeDegrees>
          </Position>
          <AltitudeMeters>1944.0</AltitudeMeters>
          <DistanceMeters>50098.1</DistanceMeters>
        </Trackpoint>
        <Trackpoint>
          <Time>2026-07-26T03:50:33Z</Time>
          <Position>
            <LatitudeDegrees>35.38388</LatitudeDegrees>
            <LongitudeDegrees>-106.16968</LongitudeDegrees>
          </Position>
          <AltitudeMeters>1949.4</AltitudeMeters>
          <DistanceMeters>50196.0</DistanceMeters>
        </Trackpoint>
        <Trackpoint>
          <Time>2026-07-26T03:50:43Z</Time>
          <Position>
            <LatitudeDegrees>35.38316</LatitudeDegrees>
            <LongitudeDegrees>-106.1703</LongitudeDegrees>
          </Position>
          <AltitudeMeters>1950.7</AltitudeMeters>
          <DistanceMeters>50293.9</DistanceMeters>
        </Trackpoint>
        <Trackpoint>
          <Time>2026-07-26T03:50:53Z</Time>
          <Position>
            <LatitudeDegrees>35.38243</LatitudeDegrees>
            <LongitudeDegrees>-106.17092</LongitudeDegrees>
          </Position>
          <AltitudeMeters>1949.9</AltitudeMeters>
          <DistanceMeters>50392.8</DistanceMeters>
        </Trackpoint>
        <Trackpoint>
          <Time>2026-07-26T03:51:03Z</Time>
          <Position>
            <LatitudeDegrees>35.38171</LatitudeDegrees>
            <LongitudeDegrees>-106.17153</LongitudeDegrees>
          </Position>
          <AltitudeMeters>1956.3</AltitudeMeters>
          <DistanceMeters>50490.2</DistanceMeters>
        </Trackpoint>
        <Trackpoint>
          <Time>2026-07-26T03:51:13Z</Time>
          <Position>
            <LatitudeDegrees>35.38099</LatitudeDegrees>
            <LongitudeDegrees>-106.17215</LongitudeDegrees>
          </Position>
          <AltitudeMeters>1961.6</AltitudeMeters>
          <DistanceMeters>50588.1</DistanceMeters>
        </Trackpoint>
        <Trackpoint>
          <Time>2026-07-26T03:51:23Z</Time>
          <Position>
            <LatitudeDegrees>35.38026</LatitudeDegrees>
            <LongitudeDegrees>-106.17277</LongitudeDegrees>
          </Position>
          <AltitudeMeters>1966.9</AltitudeMeters>
          <DistanceMeters>50687.0</DistanceMeters>
        </Trackpoint>
        <Trackpoint>
          <Time>2026-07-26T03:51:33Z</Time>
          <Position>
            <LatitudeDegrees>35.37954</LatitudeDegrees>
            <LongitudeDegrees>-106.17339</LongitudeDegrees>
          </Position>
          <AltitudeMeters>1972.9</AltitudeMeters>
          <DistanceMeters>50784.9</DistanceMeters>
        </Trackpoint>
        <Trackpoint>
          <Time>2026-07-26T03:51:43Z</Time>
          <Position>
            <LatitudeDegrees>35.37882</LatitudeDegrees>
            <LongitudeDegrees>-106.17401</LongitudeDegrees>
          </Position>
          <AltitudeMeters>1977.5</AltitudeMeters>
          <DistanceMeters>50882.8</DistanceMeters>
        </Trackpoint>
        <Trackpoint>
          <Time>2026-07-26T03:51:53Z</Time>
          <Position>
            <LatitudeDegrees>35.37848</LatitudeDegrees>
            <LongitudeDegrees>-106.17426</LongitudeDegrees>
          </Position>
          <AltitudeMeters>1978.3</AltitudeMeters>
          <DistanceMeters>50927.0</DistanceMeters>
        </Trackpoint>
        <Trackpoint>
          <Time>2026-07-26T03:52:03Z</Time>
          <Position>
            <LatitudeDegrees>35.3781</LatitudeDegrees>
            <LongitudeDegrees>-106.17445</LongitudeDegrees>
          </Position>
          <AltitudeMeters>1984.6</AltitudeMeters>
          <DistanceMeters>50972.6</DistanceMeters>
        </Trackpoint>
        <Trackpoint>
          <Time>2026-07-26T03:52:13Z</Time>
          <Position>
            <LatitudeDegrees>35.3777</LatitudeDegrees>
            <LongitudeDegrees>-106.1746</LongitudeDegrees>
          </Position>
          <AltitudeMeters>1986.9</AltitudeMeters>
          <DistanceMeters>51019.2</DistanceMeters>
        </Trackpoint>
        <Trackpoint>
          <Time>2026-07-26T03:52:23Z</Time>
          <Position>
            <LatitudeDegrees>35.37731</LatitudeDegrees>
            <LongitudeDegrees>-106.1747</LongitudeDegrees>
          </Position>
          <AltitudeMeters>1990.8</AltitudeMeters>
          <DistanceMeters>51063.5</DistanceMeters>
        </Trackpoint>
        <Trackpoint>
          <Time>2026-07-26T03:52:33Z</Time>
          <Position>
            <LatitudeDegrees>35.37686</LatitudeDegrees>
            <LongitudeDegrees>-106.17474</LongitudeDegrees>
          </Position>
          <AltitudeMeters>1992.7</AltitudeMeters>
          <DistanceMeters>51113.8</DistanceMeters>
        </Trackpoint>
        <Trackpoint>
          <Time>2026-07-26T03:52:43Z</Time>
          <Position>
            <LatitudeDegrees>35.37624</LatitudeDegrees>
            <LongitudeDegrees>-106.17473</LongitudeDegrees>
          </Position>
          <AltitudeMeters>1998.5</AltitudeMeters>
          <DistanceMeters>51182.8</DistanceMeters>
        </Trackpoint>
        <Trackpoint>
          <Time>2026-07-26T03:52:53Z</Time>
          <Position>
            <LatitudeDegrees>35.37555</LatitudeDegrees>
            <LongitudeDegrees>-106.17466</LongitudeDegrees>
          </Position>
          <AltitudeMeters>2004.5</AltitudeMeters>
          <DistanceMeters>51259.9</DistanceMeters>
        </Trackpoint>
        <Trackpoint>
          <Time>2026-07-26T03:53:03Z</Time>
          <Position>
            <LatitudeDegrees>35.37486</LatitudeDegrees>
            <LongitudeDegrees>-106.17459</LongitudeDegrees>
          </Position>
          <AltitudeMeters>2009.8</AltitudeMeters>
          <DistanceMeters>51336.9</DistanceMeters>
        </Trackpoint>
        <Trackpoint>
          <Time>2026-07-26T03:53:13Z</Time>
          <Position>
            <LatitudeDegrees>35.37417</LatitudeDegrees>
            <LongitudeDegrees>-106.17453</LongitudeDegrees>
          </Position>
          <AltitudeMeters>2015.9</AltitudeMeters>
          <DistanceMeters>51413.9</DistanceMeters>
        </Trackpoint>
        <Trackpoint>
          <Time>2026-07-26T03:53:23Z</Time>
          <Position>
            <LatitudeDegrees>35.37337</LatitudeDegrees>
            <LongitudeDegrees>-106.17443</LongitudeDegrees>
          </Position>
          <AltitudeMeters>2021.9</AltitudeMeters>
          <DistanceMeters>51503.5</DistanceMeters>
        </Trackpoint>
        <Trackpoint>
          <Time>2026-07-26T03:53:33Z</Time>
          <Position>
            <LatitudeDegrees>35.37257</LatitudeDegrees>
            <LongitudeDegrees>-106.17434</LongitudeDegrees>
          </Position>
          <AltitudeMeters>2027.6</AltitudeMeters>
          <DistanceMeters>51592.9</DistanceMeters>
        </Trackpoint>
        <Trackpoint>
          <Time>2026-07-26T03:53:43Z</Time>
          <Position>
            <LatitudeDegrees>35.37214</LatitudeDegrees>
            <LongitudeDegrees>-106.17433</LongitudeDegrees>
          </Position>
          <AltitudeMeters>2032.2</AltitudeMeters>
          <DistanceMeters>51640.8</DistanceMeters>
        </Trackpoint>
        <Trackpoint>
          <Time>2026-07-26T03:53:53Z</Time>
          <Position>
            <LatitudeDegrees>35.37178</LatitudeDegrees>
            <LongitudeDegrees>-106.17434</LongitudeDegrees>
          </Position>
          <AltitudeMeters>2035.1</AltitudeMeters>
          <DistanceMeters>51680.9</DistanceMeters>
        </Trackpoint>
        <Trackpoint>
          <Time>2026-07-26T03:54:03Z</Time>
          <Position>
            <LatitudeDegrees>35.37155</LatitudeDegrees>
            <LongitudeDegrees>-106.17439</LongitudeDegrees>
          </Position>
          <AltitudeMeters>2037.8</AltitudeMeters>
          <DistanceMeters>51706.9</DistanceMeters>
        </Trackpoint>
        <Trackpoint>
          <Time>2026-07-26T03:54:13Z</Time>
          <Position>
            <LatitudeDegrees>35.37121</LatitudeDegrees>
            <LongitudeDegrees>-106.1745</LongitudeDegrees>
          </Position>
          <AltitudeMeters>2040.3</AltitudeMeters>
          <DistanceMeters>51746.0</DistanceMeters>
        </Trackpoint>
        <Trackpoint>
          <Time>2026-07-26T03:54:23Z</Time>
          <Position>
            <LatitudeDegrees>35.37085</LatitudeDegrees>
            <LongitudeDegrees>-106.17469</LongitudeDegrees>
          </Position>
          <AltitudeMeters>2045.3</AltitudeMeters>
          <DistanceMeters>51789.6</DistanceMeters>
        </Trackpoint>
        <Trackpoint>
          <Time>2026-07-26T03:54:33Z</Time>
          <Position>
            <LatitudeDegrees>35.37053</LatitudeDegrees>
            <LongitudeDegrees>-106.17478</LongitudeDegrees>
          </Position>
          <AltitudeMeters>2046.6</AltitudeMeters>
          <DistanceMeters>51826.2</DistanceMeters>
        </Trackpoint>
        <Trackpoint>
          <Time>2026-07-26T03:54:43Z</Time>
          <Position>
            <LatitudeDegrees>35.37019</LatitudeDegrees>
            <LongitudeDegrees>-106.1748</LongitudeDegrees>
          </Position>
          <AltitudeMeters>2047.4</AltitudeMeters>
          <DistanceMeters>51864.1</DistanceMeters>
        </Trackpoint>
        <Trackpoint>
          <Time>2026-07-26T03:54:53Z</Time>
          <Position>
            <LatitudeDegrees>35.36932</LatitudeDegrees>
            <LongitudeDegrees>-106.17481</LongitudeDegrees>
          </Position>
          <AltitudeMeters>2051.9</AltitudeMeters>
          <DistanceMeters>51960.9</DistanceMeters>
        </Trackpoint>
        <Trackpoint>
          <Time>2026-07-26T03:55:03Z</Time>
          <Position>
            <LatitudeDegrees>35.36889</LatitudeDegrees>
            <LongitudeDegrees>-106.17486</LongitudeDegrees>
          </Position>
          <AltitudeMeters>2051.6</AltitudeMeters>
          <DistanceMeters>52009.0</DistanceMeters>
        </Trackpoint>
        <Trackpoint>
          <Time>2026-07-26T03:55:13Z</Time>
          <Position>
            <LatitudeDegrees>35.3685</LatitudeDegrees>
            <LongitudeDegrees>-106.175</LongitudeDegrees>
          </Position>
          <AltitudeMeters>2052.5</AltitudeMeters>
          <DistanceMeters>52054.2</DistanceMeters>
        </Trackpoint>
        <Trackpoint>
          <Time>2026-07-26T03:55:23Z</Time>
          <Position>
            <LatitudeDegrees>35.36814</LatitudeDegrees>
            <LongitudeDegrees>-106.1752</LongitudeDegrees>
          </Position>
          <AltitudeMeters>2052.3</AltitudeMeters>
          <DistanceMeters>52098.2</DistanceMeters>
        </Trackpoint>
        <Trackpoint>
          <Time>2026-07-26T03:55:33Z</Time>
          <Position>
            <LatitudeDegrees>35.36785</LatitudeDegrees>
            <LongitudeDegrees>-106.17546</LongitudeDegrees>
          </Position>
          <AltitudeMeters>2051.4</AltitudeMeters>
          <DistanceMeters>52138.2</DistanceMeters>
        </Trackpoint>
        <Trackpoint>
          <Time>2026-07-26T03:55:43Z</Time>
          <Position>
            <LatitudeDegrees>35.36755</LatitudeDegrees>
            <LongitudeDegrees>-106.17581</LongitudeDegrees>
          </Position>
          <AltitudeMeters>2051.0</AltitudeMeters>
          <DistanceMeters>52184.3</DistanceMeters>
        </Trackpoint>
        <Trackpoint>
          <Time>2026-07-26T03:55:53Z</Time>
          <Position>
            <LatitudeDegrees>35.36723</LatitudeDegrees>
            <LongitudeDegrees>-106.17638</LongitudeDegrees>
          </Position>
          <AltitudeMeters>2051.3</AltitudeMeters>
          <DistanceMeters>52247.1</DistanceMeters>
        </Trackpoint>
        <Trackpoint>
          <Time>2026-07-26T03:56:03Z</Time>
          <Position>
            <LatitudeDegrees>35.36692</LatitudeDegrees>
            <LongitudeDegrees>-106.17696</LongitudeDegrees>
          </Position>
          <AltitudeMeters>2052.9</AltitudeMeters>
          <DistanceMeters>52310.1</DistanceMeters>
        </Trackpoint>
        <Trackpoint>
          <Time>2026-07-26T03:56:13Z</Time>
          <Position>
            <LatitudeDegrees>35.36657</LatitudeDegrees>
            <LongitudeDegrees>-106.17766</LongitudeDegrees>
          </Position>
          <AltitudeMeters>2054.6</AltitudeMeters>
          <DistanceMeters>52384.6</DistanceMeters>
        </Trackpoint>
        <Trackpoint>
          <Time>2026-07-26T03:56:23Z</Time>
          <Position>
            <LatitudeDegrees>35.36622</LatitudeDegrees>
            <LongitudeDegrees>-106.17835</LongitudeDegrees>
          </Position>
          <AltitudeMeters>2058.6</AltitudeMeters>
          <DistanceMeters>52458.4</DistanceMeters>
        </Trackpoint>
        <Trackpoint>
          <Time>2026-07-26T03:56:33Z</Time>
          <Position>
            <LatitudeDegrees>35.36577</LatitudeDegrees>
            <LongitudeDegrees>-106.17923</LongitudeDegrees>
          </Position>
          <AltitudeMeters>2062.1</AltitudeMeters>
          <DistanceMeters>52552.7</DistanceMeters>
        </Trackpoint>
        <Trackpoint>
          <Time>2026-07-26T03:56:43Z</Time>
          <Position>
            <LatitudeDegrees>35.36533</LatitudeDegrees>
            <LongitudeDegrees>-106.1801</LongitudeDegrees>
          </Position>
          <AltitudeMeters>2066.0</AltitudeMeters>
          <DistanceMeters>52645.6</DistanceMeters>
        </Trackpoint>
        <Trackpoint>
          <Time>2026-07-26T03:56:53Z</Time>
          <Position>
            <LatitudeDegrees>35.36488</LatitudeDegrees>
            <LongitudeDegrees>-106.18098</LongitudeDegrees>
          </Position>
          <AltitudeMeters>2068.1</AltitudeMeters>
          <DistanceMeters>52739.9</DistanceMeters>
        </Trackpoint>
        <Trackpoint>
          <Time>2026-07-26T03:57:03Z</Time>
          <Position>
            <LatitudeDegrees>35.36443</LatitudeDegrees>
            <LongitudeDegrees>-106.18186</LongitudeDegrees>
          </Position>
          <AltitudeMeters>2069.2</AltitudeMeters>
          <DistanceMeters>52834.2</DistanceMeters>
        </Trackpoint>
        <Trackpoint>
          <Time>2026-07-26T03:57:13Z</Time>
          <Position>
            <LatitudeDegrees>35.36398</LatitudeDegrees>
            <LongitudeDegrees>-106.18273</LongitudeDegrees>
          </Position>
          <AltitudeMeters>2069.4</AltitudeMeters>
          <DistanceMeters>52927.7</DistanceMeters>
        </Trackpoint>
        <Trackpoint>
          <Time>2026-07-26T03:57:23Z</Time>
          <Position>
            <LatitudeDegrees>35.36354</LatitudeDegrees>
            <LongitudeDegrees>-106.18361</LongitudeDegrees>
          </Position>
          <AltitudeMeters>2068.8</AltitudeMeters>
          <DistanceMeters>53021.4</DistanceMeters>
        </Trackpoint>
        <Trackpoint>
          <Time>2026-07-26T03:57:33Z</Time>
          <Position>
            <LatitudeDegrees>35.36332</LatitudeDegrees>
            <LongitudeDegrees>-106.18407</LongitudeDegrees>
          </Position>
          <AltitudeMeters>2069.0</AltitudeMeters>
          <DistanceMeters>53069.8</DistanceMeters>
        </Trackpoint>
        <Trackpoint>
          <Time>2026-07-26T03:57:43Z</Time>
          <Position>
            <LatitudeDegrees>35.36298</LatitudeDegrees>
            <LongitudeDegrees>-106.18463</LongitudeDegrees>
          </Position>
          <AltitudeMeters>2068.7</AltitudeMeters>
          <DistanceMeters>53133.2</DistanceMeters>
        </Trackpoint>
        <Trackpoint>
          <Time>2026-07-26T03:57:53Z</Time>
          <Position>
            <LatitudeDegrees>35.36272</LatitudeDegrees>
            <LongitudeDegrees>-106.18497</LongitudeDegrees>
          </Position>
          <AltitudeMeters>2068.8</AltitudeMeters>
          <DistanceMeters>53175.5</DistanceMeters>
        </Trackpoint>
        <Trackpoint>
          <Time>2026-07-26T03:58:03Z</Time>
          <Position>
            <LatitudeDegrees>35.36245</LatitudeDegrees>
            <LongitudeDegrees>-106.18525</LongitudeDegrees>
          </Position>
          <AltitudeMeters>2068.9</AltitudeMeters>
          <DistanceMeters>53214.9</DistanceMeters>
        </Trackpoint>
        <Trackpoint>
          <Time>2026-07-26T03:58:13Z</Time>
          <Position>
            <LatitudeDegrees>35.3622</LatitudeDegrees>
            <LongitudeDegrees>-106.18545</LongitudeDegrees>
          </Position>
          <AltitudeMeters>2068.9</AltitudeMeters>
          <DistanceMeters>53248.1</DistanceMeters>
        </Trackpoint>
        <Trackpoint>
          <Time>2026-07-26T03:58:23Z</Time>
          <Position>
            <LatitudeDegrees>35.3619</LatitudeDegrees>
            <LongitudeDegrees>-106.18566</LongitudeDegrees>
          </Position>
          <AltitudeMeters>2068.7</AltitudeMeters>
          <DistanceMeters>53286.6</DistanceMeters>
        </Trackpoint>
        <Trackpoint>
          <Time>2026-07-26T03:58:33Z</Time>
          <Position>
            <LatitudeDegrees>35.36159</LatitudeDegrees>
            <LongitudeDegrees>-106.18582</LongitudeDegrees>
          </Position>
          <AltitudeMeters>2068.1</AltitudeMeters>
          <DistanceMeters>53324.0</DistanceMeters>
        </Trackpoint>
        <Trackpoint>
          <Time>2026-07-26T03:58:43Z</Time>
          <Position>
            <LatitudeDegrees>35.36104</LatitudeDegrees>
            <LongitudeDegrees>-106.18596</LongitudeDegrees>
          </Position>
          <AltitudeMeters>2066.6</AltitudeMeters>
          <DistanceMeters>53386.5</DistanceMeters>
        </Trackpoint>
        <Trackpoint>
          <Time>2026-07-26T03:58:53Z</Time>
          <Position>
            <LatitudeDegrees>35.36037</LatitudeDegrees>
            <LongitudeDegrees>-106.18605</LongitudeDegrees>
          </Position>
          <AltitudeMeters>2069.9</AltitudeMeters>
          <DistanceMeters>53461.6</DistanceMeters>
        </Trackpoint>
        <Trackpoint>
          <Time>2026-07-26T03:59:03Z</Time>
          <Position>
            <LatitudeDegrees>35.3597</LatitudeDegrees>
            <LongitudeDegrees>-106.18613</LongitudeDegrees>
          </Position>
          <AltitudeMeters>2072.3</AltitudeMeters>
          <DistanceMeters>53536.5</DistanceMeters>
        </Trackpoint>
        <Trackpoint>
          <Time>2026-07-26T03:59:13Z</Time>
          <Position>
            <LatitudeDegrees>35.35903</LatitudeDegrees>
            <LongitudeDegrees>-106.18621</LongitudeDegrees>
          </Position>
          <AltitudeMeters>2076.6</AltitudeMeters>
          <DistanceMeters>53611.4</DistanceMeters>
        </Trackpoint>
        <Trackpoint>
          <Time>2026-07-26T03:59:23Z</Time>
          <Position>
            <LatitudeDegrees>35.35836</LatitudeDegrees>
            <LongitudeDegrees>-106.1863</LongitudeDegrees>
          </Position>
          <AltitudeMeters>2083.1</AltitudeMeters>
          <DistanceMeters>53686.5</DistanceMeters>
        </Trackpoint>
        <Trackpoint>
          <Time>2026-07-26T03:59:33Z</Time>
          <Position>
            <LatitudeDegrees>35.35766</LatitudeDegrees>
            <LongitudeDegrees>-106.18642</LongitudeDegrees>
          </Position>
          <AltitudeMeters>2089.1</AltitudeMeters>
          <DistanceMeters>53765.2</DistanceMeters>
        </Trackpoint>
        <Trackpoint>
          <Time>2026-07-26T03:59:43Z</Time>
          <Position>
            <LatitudeDegrees>35.35697</LatitudeDegrees>
            <LongitudeDegrees>-106.18654</LongitudeDegrees>
          </Position>
          <AltitudeMeters>2094.9</AltitudeMeters>
          <DistanceMeters>53842.7</DistanceMeters>
        </Trackpoint>
        <Trackpoint>
          <Time>2026-07-26T03:59:53Z</Time>
          <Position>
            <LatitudeDegrees>35.35627</LatitudeDegrees>
            <LongitudeDegrees>-106.18665</LongitudeDegrees>
          </Position>
          <AltitudeMeters>2100.9</AltitudeMeters>
          <DistanceMeters>53921.3</DistanceMeters>
        </Trackpoint>
        <Trackpoint>
          <Time>2026-07-26T04:00:03Z</Time>
          <Position>
            <LatitudeDegrees>35.35569</LatitudeDegrees>
            <LongitudeDegrees>-106.1867</LongitudeDegrees>
          </Position>
          <AltitudeMeters>2106.3</AltitudeMeters>
          <DistanceMeters>53986.0</DistanceMeters>
        </Trackpoint>
        <Trackpoint>
          <Time>2026-07-26T04:00:13Z</Time>
          <Position>
            <LatitudeDegrees>35.35487</LatitudeDegrees>
            <LongitudeDegrees>-106.1867</LongitudeDegrees>
          </Position>
          <AltitudeMeters>2111.7</AltitudeMeters>
          <DistanceMeters>54077.3</DistanceMeters>
        </Trackpoint>
        <Trackpoint>
          <Time>2026-07-26T04:00:23Z</Time>
          <Position>
            <LatitudeDegrees>35.35463</LatitudeDegrees>
            <LongitudeDegrees>-106.18671</LongitudeDegrees>
          </Position>
          <AltitudeMeters>2112.2</AltitudeMeters>
          <DistanceMeters>54104.0</DistanceMeters>
        </Trackpoint>
        <Trackpoint>
          <Time>2026-07-26T04:00:33Z</Time>
          <Position>
            <LatitudeDegrees>35.35443</LatitudeDegrees>
            <LongitudeDegrees>-106.18675</LongitudeDegrees>
          </Position>
          <AltitudeMeters>2113.4</AltitudeMeters>
          <DistanceMeters>54126.6</DistanceMeters>
        </Trackpoint>
        <Trackpoint>
          <Time>2026-07-26T04:00:43Z</Time>
          <Position>
            <LatitudeDegrees>35.35423</LatitudeDegrees>
            <LongitudeDegrees>-106.18682</LongitudeDegrees>
          </Position>
          <AltitudeMeters>2117.2</AltitudeMeters>
          <DistanceMeters>54149.7</DistanceMeters>
        </Trackpoint>
        <Trackpoint>
          <Time>2026-07-26T04:00:53Z</Time>
          <Position>
            <LatitudeDegrees>35.35391</LatitudeDegrees>
            <LongitudeDegrees>-106.18705</LongitudeDegrees>
          </Position>
          <AltitudeMeters>2119.9</AltitudeMeters>
          <DistanceMeters>54191.0</DistanceMeters>
        </Trackpoint>
        <Trackpoint>
          <Time>2026-07-26T04:01:03Z</Time>
          <Position>
            <LatitudeDegrees>35.35377</LatitudeDegrees>
            <LongitudeDegrees>-106.18724</LongitudeDegrees>
          </Position>
          <AltitudeMeters>2120.9</AltitudeMeters>
          <DistanceMeters>54214.3</DistanceMeters>
        </Trackpoint>
        <Trackpoint>
          <Time>2026-07-26T04:01:13Z</Time>
          <Position>
            <LatitudeDegrees>35.35364</LatitudeDegrees>
            <LongitudeDegrees>-106.18744</LongitudeDegrees>
          </Position>
          <AltitudeMeters>2122.1</AltitudeMeters>
          <DistanceMeters>54237.5</DistanceMeters>
        </Trackpoint>
        <Trackpoint>
          <Time>2026-07-26T04:01:23Z</Time>
          <Position>
            <LatitudeDegrees>35.35355</LatitudeDegrees>
            <LongitudeDegrees>-106.18767</LongitudeDegrees>
          </Position>
          <AltitudeMeters>2124.9</AltitudeMeters>
          <DistanceMeters>54260.7</DistanceMeters>
        </Trackpoint>
        <Trackpoint>
          <Time>2026-07-26T04:01:33Z</Time>
          <Position>
            <LatitudeDegrees>35.35349</LatitudeDegrees>
            <LongitudeDegrees>-106.18793</LongitudeDegrees>
          </Position>
          <AltitudeMeters>2125.7</AltitudeMeters>
          <DistanceMeters>54285.2</DistanceMeters>
        </Trackpoint>
        <Trackpoint>
          <Time>2026-07-26T04:01:43Z</Time>
          <Position>
            <LatitudeDegrees>35.35339</LatitudeDegrees>
            <LongitudeDegrees>-106.18877</LongitudeDegrees>
          </Position>
          <AltitudeMeters>2127.7</AltitudeMeters>
          <DistanceMeters>54362.3</DistanceMeters>
        </Trackpoint>
        <Trackpoint>
          <Time>2026-07-26T04:01:53Z</Time>
          <Position>
            <LatitudeDegrees>35.35327</LatitudeDegrees>
            <LongitudeDegrees>-106.18932</LongitudeDegrees>
          </Position>
          <AltitudeMeters>2128.9</AltitudeMeters>
          <DistanceMeters>54414.0</DistanceMeters>
        </Trackpoint>
        <Trackpoint>
          <Time>2026-07-26T04:02:03Z</Time>
          <Position>
            <LatitudeDegrees>35.35317</LatitudeDegrees>
            <LongitudeDegrees>-106.18965</LongitudeDegrees>
          </Position>
          <AltitudeMeters>2130.8</AltitudeMeters>
          <DistanceMeters>54445.9</DistanceMeters>
        </Trackpoint>
        <Trackpoint>
          <Time>2026-07-26T04:02:13Z</Time>
          <Position>
            <LatitudeDegrees>35.35297</LatitudeDegrees>
            <LongitudeDegrees>-106.19007</LongitudeDegrees>
          </Position>
          <AltitudeMeters>2132.0</AltitudeMeters>
          <DistanceMeters>54490.1</DistanceMeters>
        </Trackpoint>
        <Trackpoint>
          <Time>2026-07-26T04:02:23Z</Time>
          <Position>
            <LatitudeDegrees>35.35278</LatitudeDegrees>
            <LongitudeDegrees>-106.19034</LongitudeDegrees>
          </Position>
          <AltitudeMeters>2134.3</AltitudeMeters>
          <DistanceMeters>54522.5</DistanceMeters>
        </Trackpoint>
        <Trackpoint>
          <Time>2026-07-26T04:02:33Z</Time>
          <Position>
            <LatitudeDegrees>35.35254</LatitudeDegrees>
            <LongitudeDegrees>-106.19062</LongitudeDegrees>
          </Position>
          <AltitudeMeters>2137.3</AltitudeMeters>
          <DistanceMeters>54559.3</DistanceMeters>
        </Trackpoint>
        <Trackpoint>
          <Time>2026-07-26T04:02:43Z</Time>
          <Position>
            <LatitudeDegrees>35.35196</LatitudeDegrees>
            <LongitudeDegrees>-106.19115</LongitudeDegrees>
          </Position>
          <AltitudeMeters>2142.0</AltitudeMeters>
          <DistanceMeters>54639.9</DistanceMeters>
        </Trackpoint>
        <Trackpoint>
          <Time>2026-07-26T04:02:53Z</Time>
          <Position>
            <LatitudeDegrees>35.35176</LatitudeDegrees>
            <LongitudeDegrees>-106.19138</LongitudeDegrees>
          </Position>
          <AltitudeMeters>2144.3</AltitudeMeters>
          <DistanceMeters>54670.4</DistanceMeters>
        </Trackpoint>
        <Trackpoint>
          <Time>2026-07-26T04:03:03Z</Time>
          <Position>
            <LatitudeDegrees>35.3515</LatitudeDegrees>
            <LongitudeDegrees>-106.19175</LongitudeDegrees>
          </Position>
          <AltitudeMeters>2145.7</AltitudeMeters>
          <DistanceMeters>54714.7</DistanceMeters>
        </Trackpoint>
        <Trackpoint>
          <Time>2026-07-26T04:03:13Z</Time>
          <Position>
            <LatitudeDegrees>35.3513</LatitudeDegrees>
            <LongitudeDegrees>-106.19212</LongitudeDegrees>
          </Position>
          <AltitudeMeters>2143.9</AltitudeMeters>
          <DistanceMeters>54755.0</DistanceMeters>
        </Trackpoint>
        <Trackpoint>
          <Time>2026-07-26T04:03:23Z</Time>
          <Position>
            <LatitudeDegrees>35.35111</LatitudeDegrees>
            <LongitudeDegrees>-106.19268</LongitudeDegrees>
          </Position>
          <AltitudeMeters>2139.7</AltitudeMeters>
          <DistanceMeters>54810.1</DistanceMeters>
        </Trackpoint>
        <Trackpoint>
          <Time>2026-07-26T04:03:33Z</Time>
          <Position>
            <LatitudeDegrees>35.35093</LatitudeDegrees>
            <LongitudeDegrees>-106.19324</LongitudeDegrees>
          </Position>
          <AltitudeMeters>2139.0</AltitudeMeters>
          <DistanceMeters>54864.7</DistanceMeters>
        </Trackpoint>
        <Trackpoint>
          <Time>2026-07-26T04:03:43Z</Time>
          <Position>
            <LatitudeDegrees>35.35076</LatitudeDegrees>
            <LongitudeDegrees>-106.19364</LongitudeDegrees>
          </Position>
          <AltitudeMeters>2138.8</AltitudeMeters>
          <DistanceMeters>54905.7</DistanceMeters>
        </Trackpoint>
        <Trackpoint>
          <Time>2026-07-26T04:03:53Z</Time>
          <Position>
            <LatitudeDegrees>35.35051</LatitudeDegrees>
            <LongitudeDegrees>-106.19403</LongitudeDegrees>
          </Position>
          <AltitudeMeters>2138.2</AltitudeMeters>
          <DistanceMeters>54950.7</DistanceMeters>
        </Trackpoint>
        <Trackpoint>
          <Time>2026-07-26T04:04:03Z</Time>
          <Position>
            <LatitudeDegrees>35.35009</LatitudeDegrees>
            <LongitudeDegrees>-106.19449</LongitudeDegrees>
          </Position>
          <AltitudeMeters>2133.6</AltitudeMeters>
          <DistanceMeters>55013.4</DistanceMeters>
        </Trackpoint>
        <Trackpoint>
          <Time>2026-07-26T04:04:13Z</Time>
          <Position>
            <LatitudeDegrees>35.34962</LatitudeDegrees>
            <LongitudeDegrees>-106.19485</LongitudeDegrees>
          </Position>
          <AltitudeMeters>2131.7</AltitudeMeters>
          <DistanceMeters>55075.1</DistanceMeters>
        </Trackpoint>
        <Trackpoint>
          <Time>2026-07-26T04:04:23Z</Time>
          <Position>
            <LatitudeDegrees>35.34914</LatitudeDegrees>
            <LongitudeDegrees>-106.19521</LongitudeDegrees>
          </Position>
          <AltitudeMeters>2130.7</AltitudeMeters>
          <DistanceMeters>55137.8</DistanceMeters>
        </Trackpoint>
        <Trackpoint>
          <Time>2026-07-26T04:04:33Z</Time>
          <Position>
            <LatitudeDegrees>35.34881</LatitudeDegrees>
            <LongitudeDegrees>-106.19552</LongitudeDegrees>
          </Position>
          <AltitudeMeters>2129.8</AltitudeMeters>
          <DistanceMeters>55184.0</DistanceMeters>
        </Trackpoint>
        <Trackpoint>
          <Time>2026-07-26T04:04:43Z</Time>
          <Position>
            <LatitudeDegrees>35.34848</LatitudeDegrees>
            <LongitudeDegrees>-106.19588</LongitudeDegrees>
          </Position>
          <AltitudeMeters>2125.0</AltitudeMeters>
          <DistanceMeters>55233.2</DistanceMeters>
        </Trackpoint>
        <Trackpoint>
          <Time>2026-07-26T04:04:53Z</Time>
          <Position>
            <LatitudeDegrees>35.34802</LatitudeDegrees>
            <LongitudeDegrees>-106.1965</LongitudeDegrees>
          </Position>
          <AltitudeMeters>2123.2</AltitudeMeters>
          <DistanceMeters>55309.3</DistanceMeters>
        </Trackpoint>
        <Trackpoint>
          <Time>2026-07-26T04:05:03Z</Time>
          <Position>
            <LatitudeDegrees>35.34756</LatitudeDegrees>
            <LongitudeDegrees>-106.19713</LongitudeDegrees>
          </Position>
          <AltitudeMeters>2114.1</AltitudeMeters>
          <DistanceMeters>55386.1</DistanceMeters>
        </Trackpoint>
        <Trackpoint>
          <Time>2026-07-26T04:05:13Z</Time>
          <Position>
            <LatitudeDegrees>35.34727</LatitudeDegrees>
            <LongitudeDegrees>-106.19745</LongitudeDegrees>
          </Position>
          <AltitudeMeters>2109.5</AltitudeMeters>
          <DistanceMeters>55429.5</DistanceMeters>
        </Trackpoint>
        <Trackpoint>
          <Time>2026-07-26T04:05:23Z</Time>
          <Position>
            <LatitudeDegrees>35.3468</LatitudeDegrees>
            <LongitudeDegrees>-106.1978</LongitudeDegrees>
          </Position>
          <AltitudeMeters>2106.5</AltitudeMeters>
          <DistanceMeters>55490.7</DistanceMeters>
        </Trackpoint>
        <Trackpoint>
          <Time>2026-07-26T04:05:33Z</Time>
          <Position>
            <LatitudeDegrees>35.34634</LatitudeDegrees>
            <LongitudeDegrees>-106.19815</LongitudeDegrees>
          </Position>
          <AltitudeMeters>2105.9</AltitudeMeters>
          <DistanceMeters>55551.0</DistanceMeters>
        </Trackpoint>
        <Trackpoint>
          <Time>2026-07-26T04:05:43Z</Time>
          <Position>
            <LatitudeDegrees>35.34609</LatitudeDegrees>
            <LongitudeDegrees>-106.19842</LongitudeDegrees>
          </Position>
          <AltitudeMeters>2104.6</AltitudeMeters>
          <DistanceMeters>55588.1</DistanceMeters>
        </Trackpoint>
        <Trackpoint>
          <Time>2026-07-26T04:05:53Z</Time>
          <Position>
            <LatitudeDegrees>35.34581</LatitudeDegrees>
            <LongitudeDegrees>-106.1988</LongitudeDegrees>
          </Position>
          <AltitudeMeters>2100.9</AltitudeMeters>
          <DistanceMeters>55634.6</DistanceMeters>
        </Trackpoint>
        <Trackpoint>
          <Time>2026-07-26T04:06:03Z</Time>
          <Position>
            <LatitudeDegrees>35.34535</LatitudeDegrees>
            <LongitudeDegrees>-106.19965</LongitudeDegrees>
          </Position>
          <AltitudeMeters>2094.3</AltitudeMeters>
          <DistanceMeters>55727.2</DistanceMeters>
        </Trackpoint>
        <Trackpoint>
          <Time>2026-07-26T04:06:13Z</Time>
          <Position>
            <LatitudeDegrees>35.34489</LatitudeDegrees>
            <LongitudeDegrees>-106.20051</LongitudeDegrees>
          </Position>
          <AltitudeMeters>2087.2</AltitudeMeters>
          <DistanceMeters>55820.6</DistanceMeters>
        </Trackpoint>
        <Trackpoint>
          <Time>2026-07-26T04:06:23Z</Time>
          <Position>
            <LatitudeDegrees>35.34461</LatitudeDegrees>
            <LongitudeDegrees>-106.20111</LongitudeDegrees>
          </Position>
          <AltitudeMeters>2082.8</AltitudeMeters>
          <DistanceMeters>55883.4</DistanceMeters>
        </Trackpoint>
        <Trackpoint>
          <Time>2026-07-26T04:06:33Z</Time>
          <Position>
            <LatitudeDegrees>35.34443</LatitudeDegrees>
            <LongitudeDegrees>-106.20175</LongitudeDegrees>
          </Position>
          <AltitudeMeters>2078.2</AltitudeMeters>
          <DistanceMeters>55944.8</DistanceMeters>
        </Trackpoint>
        <Trackpoint>
          <Time>2026-07-26T04:06:43Z</Time>
          <Position>
            <LatitudeDegrees>35.34435</LatitudeDegrees>
            <LongitudeDegrees>-106.20215</LongitudeDegrees>
          </Position>
          <AltitudeMeters>2078.0</AltitudeMeters>
          <DistanceMeters>55982.2</DistanceMeters>
        </Trackpoint>
        <Trackpoint>
          <Time>2026-07-26T04:06:53Z</Time>
          <Position>
            <LatitudeDegrees>35.34431</LatitudeDegrees>
            <LongitudeDegrees>-106.20246</LongitudeDegrees>
          </Position>
          <AltitudeMeters>2077.5</AltitudeMeters>
          <DistanceMeters>56010.7</DistanceMeters>
        </Trackpoint>
        <Trackpoint>
          <Time>2026-07-26T04:07:03Z</Time>
          <Position>
            <LatitudeDegrees>35.3443</LatitudeDegrees>
            <LongitudeDegrees>-106.20285</LongitudeDegrees>
          </Position>
          <AltitudeMeters>2076.6</AltitudeMeters>
          <DistanceMeters>56046.1</DistanceMeters>
        </Trackpoint>
        <Trackpoint>
          <Time>2026-07-26T04:07:13Z</Time>
          <Position>
            <LatitudeDegrees>35.3443</LatitudeDegrees>
            <LongitudeDegrees>-106.20389</LongitudeDegrees>
          </Position>
          <AltitudeMeters>2069.2</AltitudeMeters>
          <DistanceMeters>56140.6</DistanceMeters>
        </Trackpoint>
        <Trackpoint>
          <Time>2026-07-26T04:07:23Z</Time>
          <Position>
            <LatitudeDegrees>35.34431</LatitudeDegrees>
            <LongitudeDegrees>-106.20493</LongitudeDegrees>
          </Position>
          <AltitudeMeters>2061.2</AltitudeMeters>
          <DistanceMeters>56235.0</DistanceMeters>
        </Trackpoint>
        <Trackpoint>
          <Time>2026-07-26T04:07:33Z</Time>
          <Position>
            <LatitudeDegrees>35.34431</LatitudeDegrees>
            <LongitudeDegrees>-106.20597</LongitudeDegrees>
          </Position>
          <AltitudeMeters>2053.5</AltitudeMeters>
          <DistanceMeters>56329.5</DistanceMeters>
        </Trackpoint>
        <Trackpoint>
          <Time>2026-07-26T04:07:43Z</Time>
          <Position>
            <LatitudeDegrees>35.34419</LatitudeDegrees>
            <LongitudeDegrees>-106.2068</LongitudeDegrees>
          </Position>
          <AltitudeMeters>2048.4</AltitudeMeters>
          <DistanceMeters>56406.0</DistanceMeters>
        </Trackpoint>
        <Trackpoint>
          <Time>2026-07-26T04:07:53Z</Time>
          <Position>
            <LatitudeDegrees>35.34406</LatitudeDegrees>
            <LongitudeDegrees>-106.20716</LongitudeDegrees>
          </Position>
          <AltitudeMeters>2047.5</AltitudeMeters>
          <DistanceMeters>56441.7</DistanceMeters>
        </Trackpoint>
        <Trackpoint>
          <Time>2026-07-26T04:08:03Z</Time>
          <Position>
            <LatitudeDegrees>35.34382</LatitudeDegrees>
            <LongitudeDegrees>-106.2077</LongitudeDegrees>
          </Position>
          <AltitudeMeters>2047.5</AltitudeMeters>
          <DistanceMeters>56497.6</DistanceMeters>
        </Trackpoint>
        <Trackpoint>
          <Time>2026-07-26T04:08:13Z</Time>
          <Position>
            <LatitudeDegrees>35.34339</LatitudeDegrees>
            <LongitudeDegrees>-106.20834</LongitudeDegrees>
          </Position>
          <AltitudeMeters>2048.1</AltitudeMeters>
          <DistanceMeters>56572.9</DistanceMeters>
        </Trackpoint>
        <Trackpoint>
          <Time>2026-07-26T04:08:23Z</Time>
          <Position>
            <LatitudeDegrees>35.3428</LatitudeDegrees>
            <LongitudeDegrees>-106.20912</LongitudeDegrees>
          </Position>
          <AltitudeMeters>2046.5</AltitudeMeters>
          <DistanceMeters>56669.5</DistanceMeters>
        </Trackpoint>
        <Trackpoint>
          <Time>2026-07-26T04:08:33Z</Time>
          <Position>
            <LatitudeDegrees>35.3422</LatitudeDegrees>
            <LongitudeDegrees>-106.2099</LongitudeDegrees>
          </Position>
          <AltitudeMeters>2046.8</AltitudeMeters>
          <DistanceMeters>56766.8</DistanceMeters>
        </Trackpoint>
        <Trackpoint>
          <Time>2026-07-26T04:08:43Z</Time>
          <Position>
            <LatitudeDegrees>35.34161</LatitudeDegrees>
            <LongitudeDegrees>-106.21069</LongitudeDegrees>
          </Position>
          <AltitudeMeters>2046.0</AltitudeMeters>
          <DistanceMeters>56864.1</DistanceMeters>
        </Trackpoint>
        <Trackpoint>
          <Time>2026-07-26T04:08:53Z</Time>
          <Position>
            <LatitudeDegrees>35.34125</LatitudeDegrees>
            <LongitudeDegrees>-106.21121</LongitudeDegrees>
          </Position>
          <AltitudeMeters>2047.2</AltitudeMeters>
          <DistanceMeters>56926.0</DistanceMeters>
        </Trackpoint>
        <Trackpoint>
          <Time>2026-07-26T04:09:03Z</Time>
          <Position>
            <LatitudeDegrees>35.3407</LatitudeDegrees>
            <LongitudeDegrees>-106.21188</LongitudeDegrees>
          </Position>
          <AltitudeMeters>2047.4</AltitudeMeters>
          <DistanceMeters>57012.3</DistanceMeters>
        </Trackpoint>
        <Trackpoint>
          <Time>2026-07-26T04:09:13Z</Time>
          <Position>
            <LatitudeDegrees>35.34018</LatitudeDegrees>
            <LongitudeDegrees>-106.21247</LongitudeDegrees>
          </Position>
          <AltitudeMeters>2046.8</AltitudeMeters>
          <DistanceMeters>57091.2</DistanceMeters>
        </Trackpoint>
        <Trackpoint>
          <Time>2026-07-26T04:09:23Z</Time>
          <Position>
            <LatitudeDegrees>35.33979</LatitudeDegrees>
            <LongitudeDegrees>-106.2128</LongitudeDegrees>
          </Position>
          <AltitudeMeters>2046.6</AltitudeMeters>
          <DistanceMeters>57144.0</DistanceMeters>
        </Trackpoint>
        <Trackpoint>
          <Time>2026-07-26T04:09:33Z</Time>
          <Position>
            <LatitudeDegrees>35.33941</LatitudeDegrees>
            <LongitudeDegrees>-106.21313</LongitudeDegrees>
          </Position>
          <AltitudeMeters>2046.1</AltitudeMeters>
          <DistanceMeters>57195.8</DistanceMeters>
        </Trackpoint>
        <Trackpoint>
          <Time>2026-07-26T04:09:43Z</Time>
          <Position>
            <LatitudeDegrees>35.33892</LatitudeDegrees>
            <LongitudeDegrees>-106.21348</LongitudeDegrees>
          </Position>
          <AltitudeMeters>2045.8</AltitudeMeters>
          <DistanceMeters>57258.9</DistanceMeters>
        </Trackpoint>
        <Trackpoint>
          <Time>2026-07-26T04:09:53Z</Time>
          <Position>
            <LatitudeDegrees>35.33847</LatitudeDegrees>
            <LongitudeDegrees>-106.21377</LongitudeDegrees>
          </Position>
          <AltitudeMeters>2045.6</AltitudeMeters>
          <DistanceMeters>57315.5</DistanceMeters>
        </Trackpoint>
        <Trackpoint>
          <Time>2026-07-26T04:10:03Z</Time>
          <Position>
            <LatitudeDegrees>35.3379</LatitudeDegrees>
            <LongitudeDegrees>-106.21405</LongitudeDegrees>
          </Position>
          <AltitudeMeters>2045.8</AltitudeMeters>
          <DistanceMeters>57383.9</DistanceMeters>
        </Trackpoint>
        <Trackpoint>
          <Time>2026-07-26T04:10:13Z</Time>
          <Position>
            <LatitudeDegrees>35.33739</LatitudeDegrees>
            <LongitudeDegrees>-106.21426</LongitudeDegrees>
          </Position>
          <AltitudeMeters>2046.5</AltitudeMeters>
          <DistanceMeters>57443.8</DistanceMeters>
        </Trackpoint>
        <Trackpoint>
          <Time>2026-07-26T04:10:23Z</Time>
          <Position>
            <LatitudeDegrees>35.33697</LatitudeDegrees>
            <LongitudeDegrees>-106.21439</LongitudeDegrees>
          </Position>
          <AltitudeMeters>2047.1</AltitudeMeters>
          <DistanceMeters>57492.0</DistanceMeters>
        </Trackpoint>
        <Trackpoint>
          <Time>2026-07-26T04:10:33Z</Time>
          <Position>
            <LatitudeDegrees>35.33657</LatitudeDegrees>
            <LongitudeDegrees>-106.21448</LongitudeDegrees>
          </Position>
          <AltitudeMeters>2047.3</AltitudeMeters>
          <DistanceMeters>57537.3</DistanceMeters>
        </Trackpoint>
        <Trackpoint>
          <Time>2026-07-26T04:10:43Z</Time>
          <Position>
            <LatitudeDegrees>35.3359</LatitudeDegrees>
            <LongitudeDegrees>-106.21461</LongitudeDegrees>
          </Position>
          <AltitudeMeters>2046.5</AltitudeMeters>
          <DistanceMeters>57612.8</DistanceMeters>
        </Trackpoint>
        <Trackpoint>
          <Time>2026-07-26T04:10:53Z</Time>
          <Position>
            <LatitudeDegrees>35.33532</LatitudeDegrees>
            <LongitudeDegrees>-106.21465</LongitudeDegrees>
          </Position>
          <AltitudeMeters>2045.2</AltitudeMeters>
          <DistanceMeters>57677.4</DistanceMeters>
        </Trackpoint>
        <Trackpoint>
          <Time>2026-07-26T04:11:03Z</Time>
          <Position>
            <LatitudeDegrees>35.33446</LatitudeDegrees>
            <LongitudeDegrees>-106.21467</LongitudeDegrees>
          </Position>
          <AltitudeMeters>2042.5</AltitudeMeters>
          <DistanceMeters>57773.2</DistanceMeters>
        </Trackpoint>
        <Trackpoint>
          <Time>2026-07-26T04:11:13Z</Time>
          <Position>
            <LatitudeDegrees>35.3336</LatitudeDegrees>
            <LongitudeDegrees>-106.21469</LongitudeDegrees>
          </Position>
          <AltitudeMeters>2039.6</AltitudeMeters>
          <DistanceMeters>57868.9</DistanceMeters>
        </Trackpoint>
        <Trackpoint>
          <Time>2026-07-26T04:11:23Z</Time>
          <Position>
            <LatitudeDegrees>35.33274</LatitudeDegrees>
            <LongitudeDegrees>-106.21471</LongitudeDegrees>
          </Position>
          <AltitudeMeters>2037.1</AltitudeMeters>
          <DistanceMeters>57964.7</DistanceMeters>
        </Trackpoint>
        <Trackpoint>
          <Time>2026-07-26T04:11:33Z</Time>
          <Position>
            <LatitudeDegrees>35.33188</LatitudeDegrees>
            <LongitudeDegrees>-106.21474</LongitudeDegrees>
          </Position>
          <AltitudeMeters>2035.6</AltitudeMeters>
          <DistanceMeters>58060.5</DistanceMeters>
        </Trackpoint>
        <Trackpoint>
          <Time>2026-07-26T04:11:43Z</Time>
          <Position>
            <LatitudeDegrees>35.33102</LatitudeDegrees>
            <LongitudeDegrees>-106.21476</LongitudeDegrees>
          </Position>
          <AltitudeMeters>2034.6</AltitudeMeters>
          <DistanceMeters>58156.2</DistanceMeters>
        </Trackpoint>
        <Trackpoint>
          <Time>2026-07-26T04:11:53Z</Time>
          <Position>
            <LatitudeDegrees>35.33016</LatitudeDegrees>
            <LongitudeDegrees>-106.21478</LongitudeDegrees>
          </Position>
          <AltitudeMeters>2033.9</AltitudeMeters>
          <DistanceMeters>58252.0</DistanceMeters>
        </Trackpoint>
        <Trackpoint>
          <Time>2026-07-26T04:12:03Z</Time>
          <Position>
            <LatitudeDegrees>35.3293</LatitudeDegrees>
            <LongitudeDegrees>-106.2148</LongitudeDegrees>
          </Position>
          <AltitudeMeters>2033.7</AltitudeMeters>
          <DistanceMeters>58347.7</DistanceMeters>
        </Trackpoint>
        <Trackpoint>
          <Time>2026-07-26T04:12:13Z</Time>
          <Position>
            <LatitudeDegrees>35.32843</LatitudeDegrees>
            <LongitudeDegrees>-106.21482</LongitudeDegrees>
          </Position>
          <AltitudeMeters>2034.7</AltitudeMeters>
          <DistanceMeters>58444.6</DistanceMeters>
        </Trackpoint>
        <Trackpoint>
          <Time>2026-07-26T04:12:23Z</Time>
          <Position>
            <LatitudeDegrees>35.32757</LatitudeDegrees>
            <LongitudeDegrees>-106.21484</LongitudeDegrees>
          </Position>
          <AltitudeMeters>2033.9</AltitudeMeters>
          <DistanceMeters>58540.3</DistanceMeters>
        </Trackpoint>
        <Trackpoint>
          <Time>2026-07-26T04:12:33Z</Time>
          <Position>
            <LatitudeDegrees>35.32671</LatitudeDegrees>
            <LongitudeDegrees>-106.21487</LongitudeDegrees>
          </Position>
          <AltitudeMeters>2031.0</AltitudeMeters>
          <DistanceMeters>58636.1</DistanceMeters>
        </Trackpoint>
        <Trackpoint>
          <Time>2026-07-26T04:12:43Z</Time>
          <Position>
            <LatitudeDegrees>35.32585</LatitudeDegrees>
            <LongitudeDegrees>-106.21489</LongitudeDegrees>
          </Position>
          <AltitudeMeters>2032.6</AltitudeMeters>
          <DistanceMeters>58731.9</DistanceMeters>
        </Trackpoint>
        <Trackpoint>
          <Time>2026-07-26T04:12:53Z</Time>
          <Position>
            <LatitudeDegrees>35.32499</LatitudeDegrees>
            <LongitudeDegrees>-106.21491</LongitudeDegrees>
          </Position>
          <AltitudeMeters>2034.0</AltitudeMeters>
          <DistanceMeters>58827.6</DistanceMeters>
        </Trackpoint>
        <Trackpoint>
          <Time>2026-07-26T04:13:03Z</Time>
          <Position>
            <LatitudeDegrees>35.32413</LatitudeDegrees>
            <LongitudeDegrees>-106.21493</LongitudeDegrees>
          </Position>
          <AltitudeMeters>2034.9</AltitudeMeters>
          <DistanceMeters>58923.4</DistanceMeters>
        </Trackpoint>
        <Trackpoint>
          <Time>2026-07-26T04:13:13Z</Time>
          <Position>
            <LatitudeDegrees>35.32327</LatitudeDegrees>
            <LongitudeDegrees>-106.21495</LongitudeDegrees>
          </Position>
          <AltitudeMeters>2035.9</AltitudeMeters>
          <DistanceMeters>59019.1</DistanceMeters>
        </Trackpoint>
        <Trackpoint>
          <Time>2026-07-26T04:13:23Z</Time>
          <Position>
            <LatitudeDegrees>35.32241</LatitudeDegrees>
            <LongitudeDegrees>-106.21497</LongitudeDegrees>
          </Position>
          <AltitudeMeters>2038.0</AltitudeMeters>
          <DistanceMeters>59114.9</DistanceMeters>
        </Trackpoint>
        <Trackpoint>
          <Time>2026-07-26T04:13:33Z</Time>
          <Position>
            <LatitudeDegrees>35.32154</LatitudeDegrees>
            <LongitudeDegrees>-106.215</LongitudeDegrees>
          </Position>
          <AltitudeMeters>2038.3</AltitudeMeters>
          <DistanceMeters>59211.7</DistanceMeters>
        </Trackpoint>
        <Trackpoint>
          <Time>2026-07-26T04:13:43Z</Time>
          <Position>
            <LatitudeDegrees>35.32068</LatitudeDegrees>
            <LongitudeDegrees>-106.21502</LongitudeDegrees>
          </Position>
          <AltitudeMeters>2039.5</AltitudeMeters>
          <DistanceMeters>59307.5</DistanceMeters>
        </Trackpoint>
        <Trackpoint>
          <Time>2026-07-26T04:13:53Z</Time>
          <Position>
            <LatitudeDegrees>35.31982</LatitudeDegrees>
            <LongitudeDegrees>-106.21504</LongitudeDegrees>
          </Position>
          <AltitudeMeters>2039.8</AltitudeMeters>
          <DistanceMeters>59403.2</DistanceMeters>
        </Trackpoint>
        <Trackpoint>
          <Time>2026-07-26T04:14:03Z</Time>
          <Position>
            <LatitudeDegrees>35.31895</LatitudeDegrees>
            <LongitudeDegrees>-106.21506</LongitudeDegrees>
          </Position>
          <AltitudeMeters>2040.3</AltitudeMeters>
          <DistanceMeters>59500.1</DistanceMeters>
        </Trackpoint>
        <Trackpoint>
          <Time>2026-07-26T04:14:13Z</Time>
          <Position>
            <LatitudeDegrees>35.31808</LatitudeDegrees>
            <LongitudeDegrees>-106.21509</LongitudeDegrees>
          </Position>
          <AltitudeMeters>2042.0</AltitudeMeters>
          <DistanceMeters>59597.0</DistanceMeters>
        </Trackpoint>
        <Trackpoint>
          <Time>2026-07-26T04:14:23Z</Time>
          <Position>
            <LatitudeDegrees>35.31721</LatitudeDegrees>
            <LongitudeDegrees>-106.21511</LongitudeDegrees>
          </Position>
          <AltitudeMeters>2042.3</AltitudeMeters>
          <DistanceMeters>59693.9</DistanceMeters>
        </Trackpoint>
        <Trackpoint>
          <Time>2026-07-26T04:14:33Z</Time>
          <Position>
            <LatitudeDegrees>35.31634</LatitudeDegrees>
            <LongitudeDegrees>-106.21514</LongitudeDegrees>
          </Position>
          <AltitudeMeters>2042.3</AltitudeMeters>
          <DistanceMeters>59790.7</DistanceMeters>
        </Trackpoint>
        <Trackpoint>
          <Time>2026-07-26T04:14:43Z</Time>
          <Position>
            <LatitudeDegrees>35.31547</LatitudeDegrees>
            <LongitudeDegrees>-106.21516</LongitudeDegrees>
          </Position>
          <AltitudeMeters>2042.2</AltitudeMeters>
          <DistanceMeters>59887.6</DistanceMeters>
        </Trackpoint>
        <Trackpoint>
          <Time>2026-07-26T04:14:53Z</Time>
          <Position>
            <LatitudeDegrees>35.3146</LatitudeDegrees>
            <LongitudeDegrees>-106.21519</LongitudeDegrees>
          </Position>
          <AltitudeMeters>2041.9</AltitudeMeters>
          <DistanceMeters>59984.5</DistanceMeters>
        </Trackpoint>
        <Trackpoint>
          <Time>2026-07-26T04:15:03Z</Time>
          <Position>
            <LatitudeDegrees>35.31373</LatitudeDegrees>
            <LongitudeDegrees>-106.21521</LongitudeDegrees>
          </Position>
          <AltitudeMeters>2041.4</AltitudeMeters>
          <DistanceMeters>60081.4</DistanceMeters>
        </Trackpoint>
        <Trackpoint>
          <Time>2026-07-26T04:15:13Z</Time>
          <Position>
            <LatitudeDegrees>35.31285</LatitudeDegrees>
            <LongitudeDegrees>-106.21524</LongitudeDegrees>
          </Position>
          <AltitudeMeters>2040.9</AltitudeMeters>
          <DistanceMeters>60179.4</DistanceMeters>
        </Trackpoint>
        <Trackpoint>
          <Time>2026-07-26T04:15:23Z</Time>
          <Position>
            <LatitudeDegrees>35.31198</LatitudeDegrees>
            <LongitudeDegrees>-106.21526</LongitudeDegrees>
          </Position>
          <AltitudeMeters>2039.8</AltitudeMeters>
          <DistanceMeters>60276.2</DistanceMeters>
        </Trackpoint>
        <Trackpoint>
          <Time>2026-07-26T04:15:33Z</Time>
          <Position>
            <LatitudeDegrees>35.31122</LatitudeDegrees>
            <LongitudeDegrees>-106.21529</LongitudeDegrees>
          </Position>
          <AltitudeMeters>2039.4</AltitudeMeters>
          <DistanceMeters>60360.9</DistanceMeters>
        </Trackpoint>
        <Trackpoint>
          <Time>2026-07-26T04:15:43Z</Time>
          <Position>
            <LatitudeDegrees>35.31046</LatitudeDegrees>
            <LongitudeDegrees>-106.21532</LongitudeDegrees>
          </Position>
          <AltitudeMeters>2037.0</AltitudeMeters>
          <DistanceMeters>60445.5</DistanceMeters>
        </Trackpoint>
        <Trackpoint>
          <Time>2026-07-26T04:15:53Z</Time>
          <Position>
            <LatitudeDegrees>35.3097</LatitudeDegrees>
            <LongitudeDegrees>-106.21534</LongitudeDegrees>
          </Position>
          <AltitudeMeters>2040.6</AltitudeMeters>
          <DistanceMeters>60530.1</DistanceMeters>
        </Trackpoint>
        <Trackpoint>
          <Time>2026-07-26T04:16:03Z</Time>
          <Position>
            <LatitudeDegrees>35.3089</LatitudeDegrees>
            <LongitudeDegrees>-106.21538</LongitudeDegrees>
          </Position>
          <AltitudeMeters>2042.5</AltitudeMeters>
          <DistanceMeters>60619.3</DistanceMeters>
        </Trackpoint>
        <Trackpoint>
          <Time>2026-07-26T04:16:13Z</Time>
          <Position>
            <LatitudeDegrees>35.30809</LatitudeDegrees>
            <LongitudeDegrees>-106.21542</LongitudeDegrees>
          </Position>
          <AltitudeMeters>2042.5</AltitudeMeters>
          <DistanceMeters>60709.5</DistanceMeters>
        </Trackpoint>
        <Trackpoint>
          <Time>2026-07-26T04:16:23Z</Time>
          <Position>
            <LatitudeDegrees>35.30729</LatitudeDegrees>
            <LongitudeDegrees>-106.21546</LongitudeDegrees>
          </Position>
          <AltitudeMeters>2042.2</AltitudeMeters>
          <DistanceMeters>60798.6</DistanceMeters>
        </Trackpoint>
        <Trackpoint>
          <Time>2026-07-26T04:16:33Z</Time>
          <Position>
            <LatitudeDegrees>35.30649</LatitudeDegrees>
            <LongitudeDegrees>-106.2155</LongitudeDegrees>
          </Position>
          <AltitudeMeters>2045.9</AltitudeMeters>
          <DistanceMeters>60887.8</DistanceMeters>
        </Trackpoint>
        <Trackpoint>
          <Time>2026-07-26T04:16:43Z</Time>
          <Position>
            <LatitudeDegrees>35.30568</LatitudeDegrees>
            <LongitudeDegrees>-106.21554</LongitudeDegrees>
          </Position>
          <AltitudeMeters>2045.4</AltitudeMeters>
          <DistanceMeters>60978.0</DistanceMeters>
        </Trackpoint>
        <Trackpoint>
          <Time>2026-07-26T04:16:53Z</Time>
          <Position>
            <LatitudeDegrees>35.30491</LatitudeDegrees>
            <LongitudeDegrees>-106.21557</LongitudeDegrees>
          </Position>
          <AltitudeMeters>2046.0</AltitudeMeters>
          <DistanceMeters>61063.8</DistanceMeters>
        </Trackpoint>
        <Trackpoint>
          <Time>2026-07-26T04:17:03Z</Time>
          <Position>
            <LatitudeDegrees>35.30415</LatitudeDegrees>
            <LongitudeDegrees>-106.2156</LongitudeDegrees>
          </Position>
          <AltitudeMeters>2046.4</AltitudeMeters>
          <DistanceMeters>61148.4</DistanceMeters>
        </Trackpoint>
        <Trackpoint>
          <Time>2026-07-26T04:17:13Z</Time>
          <Position>
            <LatitudeDegrees>35.30338</LatitudeDegrees>
            <LongitudeDegrees>-106.21562</LongitudeDegrees>
          </Position>
          <AltitudeMeters>2046.2</AltitudeMeters>
          <DistanceMeters>61234.2</DistanceMeters>
        </Trackpoint>
        <Trackpoint>
          <Time>2026-07-26T04:17:23Z</Time>
          <Position>
            <LatitudeDegrees>35.30261</LatitudeDegrees>
            <LongitudeDegrees>-106.21565</LongitudeDegrees>
          </Position>
          <AltitudeMeters>2045.7</AltitudeMeters>
          <DistanceMeters>61319.9</DistanceMeters>
        </Trackpoint>
        <Trackpoint>
          <Time>2026-07-26T04:17:33Z</Time>
          <Position>
            <LatitudeDegrees>35.30184</LatitudeDegrees>
            <LongitudeDegrees>-106.21568</LongitudeDegrees>
          </Position>
          <AltitudeMeters>2044.8</AltitudeMeters>
          <DistanceMeters>61405.7</DistanceMeters>
        </Trackpoint>
        <Trackpoint>
          <Time>2026-07-26T04:17:43Z</Time>
          <Position>
            <LatitudeDegrees>35.30107</LatitudeDegrees>
            <LongitudeDegrees>-106.21571</LongitudeDegrees>
          </Position>
          <AltitudeMeters>2042.4</AltitudeMeters>
          <DistanceMeters>61491.4</DistanceMeters>
        </Trackpoint>
        <Trackpoint>
          <Time>2026-07-26T04:17:53Z</Time>
          <Position>
            <LatitudeDegrees>35.30021</LatitudeDegrees>
            <LongitudeDegrees>-106.21575</LongitudeDegrees>
          </Position>
          <AltitudeMeters>2041.3</AltitudeMeters>
          <DistanceMeters>61587.2</DistanceMeters>
        </Trackpoint>
        <Trackpoint>
          <Time>2026-07-26T04:18:03Z</Time>
          <Position>
            <LatitudeDegrees>35.29935</LatitudeDegrees>
            <LongitudeDegrees>-106.21578</LongitudeDegrees>
          </Position>
          <AltitudeMeters>2039.8</AltitudeMeters>
          <DistanceMeters>61683.0</DistanceMeters>
        </Trackpoint>
        <Trackpoint>
          <Time>2026-07-26T04:18:13Z</Time>
          <Position>
            <LatitudeDegrees>35.29849</LatitudeDegrees>
            <LongitudeDegrees>-106.21582</LongitudeDegrees>
          </Position>
          <AltitudeMeters>2038.2</AltitudeMeters>
          <DistanceMeters>61778.8</DistanceMeters>
        </Trackpoint>
        <Trackpoint>
          <Time>2026-07-26T04:18:23Z</Time>
          <Position>
            <LatitudeDegrees>35.29763</LatitudeDegrees>
            <LongitudeDegrees>-106.21586</LongitudeDegrees>
          </Position>
          <AltitudeMeters>2036.6</AltitudeMeters>
          <DistanceMeters>61874.6</DistanceMeters>
        </Trackpoint>
        <Trackpoint>
          <Time>2026-07-26T04:18:33Z</Time>
          <Position>
            <LatitudeDegrees>35.29677</LatitudeDegrees>
            <LongitudeDegrees>-106.21589</LongitudeDegrees>
          </Position>
          <AltitudeMeters>2034.4</AltitudeMeters>
          <DistanceMeters>61970.4</DistanceMeters>
        </Trackpoint>
        <Trackpoint>
          <Time>2026-07-26T04:18:43Z</Time>
          <Position>
            <LatitudeDegrees>35.29591</LatitudeDegrees>
            <LongitudeDegrees>-106.21593</LongitudeDegrees>
          </Position>
          <AltitudeMeters>2032.3</AltitudeMeters>
          <DistanceMeters>62066.2</DistanceMeters>
        </Trackpoint>
        <Trackpoint>
          <Time>2026-07-26T04:18:53Z</Time>
          <Position>
            <LatitudeDegrees>35.29505</LatitudeDegrees>
            <LongitudeDegrees>-106.21597</LongitudeDegrees>
          </Position>
          <AltitudeMeters>2029.7</AltitudeMeters>
          <DistanceMeters>62162.0</DistanceMeters>
        </Trackpoint>
        <Trackpoint>
          <Time>2026-07-26T04:19:03Z</Time>
          <Position>
            <LatitudeDegrees>35.29419</LatitudeDegrees>
            <LongitudeDegrees>-106.216</LongitudeDegrees>
          </Position>
          <AltitudeMeters>2025.2</AltitudeMeters>
          <DistanceMeters>62257.8</DistanceMeters>
        </Trackpoint>
        <Trackpoint>
          <Time>2026-07-26T04:19:13Z</Time>
          <Position>
            <LatitudeDegrees>35.29332</LatitudeDegrees>
            <LongitudeDegrees>-106.21604</LongitudeDegrees>
          </Position>
          <AltitudeMeters>2021.8</AltitudeMeters>
          <DistanceMeters>62354.7</DistanceMeters>
        </Trackpoint>
        <Trackpoint>
          <Time>2026-07-26T04:19:23Z</Time>
          <Position>
            <LatitudeDegrees>35.29246</LatitudeDegrees>
            <LongitudeDegrees>-106.21608</LongitudeDegrees>
          </Position>
          <AltitudeMeters>2017.5</AltitudeMeters>
          <DistanceMeters>62450.5</DistanceMeters>
        </Trackpoint>
        <Trackpoint>
          <Time>2026-07-26T04:19:33Z</Time>
          <Position>
            <LatitudeDegrees>35.2916</LatitudeDegrees>
            <LongitudeDegrees>-106.21611</LongitudeDegrees>
          </Position>
          <AltitudeMeters>2012.6</AltitudeMeters>
          <DistanceMeters>62546.3</DistanceMeters>
        </Trackpoint>
        <Trackpoint>
          <Time>2026-07-26T04:19:43Z</Time>
          <Position>
            <LatitudeDegrees>35.29074</LatitudeDegrees>
            <LongitudeDegrees>-106.21615</LongitudeDegrees>
          </Position>
          <AltitudeMeters>2009.2</AltitudeMeters>
          <DistanceMeters>62642.1</DistanceMeters>
        </Trackpoint>
        <Trackpoint>
          <Time>2026-07-26T04:19:53Z</Time>
          <Position>
            <LatitudeDegrees>35.28988</LatitudeDegrees>
            <LongitudeDegrees>-106.21619</LongitudeDegrees>
          </Position>
          <AltitudeMeters>2006.2</AltitudeMeters>
          <DistanceMeters>62737.9</DistanceMeters>
        </Trackpoint>
        <Trackpoint>
          <Time>2026-07-26T04:20:03Z</Time>
          <Position>
            <LatitudeDegrees>35.28902</LatitudeDegrees>
            <LongitudeDegrees>-106.21622</LongitudeDegrees>
          </Position>
          <AltitudeMeters>1998.3</AltitudeMeters>
          <DistanceMeters>62833.6</DistanceMeters>
        </Trackpoint>
        <Trackpoint>
          <Time>2026-07-26T04:20:13Z</Time>
          <Position>
            <LatitudeDegrees>35.28822</LatitudeDegrees>
            <LongitudeDegrees>-106.21623</LongitudeDegrees>
          </Position>
          <AltitudeMeters>1998.4</AltitudeMeters>
          <DistanceMeters>62922.7</DistanceMeters>
        </Trackpoint>
        <Trackpoint>
          <Time>2026-07-26T04:20:23Z</Time>
          <Position>
            <LatitudeDegrees>35.28734</LatitudeDegrees>
            <LongitudeDegrees>-106.21631</LongitudeDegrees>
          </Position>
          <AltitudeMeters>1991.3</AltitudeMeters>
          <DistanceMeters>63020.9</DistanceMeters>
        </Trackpoint>
        <Trackpoint>
          <Time>2026-07-26T04:20:33Z</Time>
          <Position>
            <LatitudeDegrees>35.28681</LatitudeDegrees>
            <LongitudeDegrees>-106.21633</LongitudeDegrees>
          </Position>
          <AltitudeMeters>1990.9</AltitudeMeters>
          <DistanceMeters>63080.0</DistanceMeters>
        </Trackpoint>
        <Trackpoint>
          <Time>2026-07-26T04:20:43Z</Time>
          <Position>
            <LatitudeDegrees>35.28612</LatitudeDegrees>
            <LongitudeDegrees>-106.21628</LongitudeDegrees>
          </Position>
          <AltitudeMeters>1994.2</AltitudeMeters>
          <DistanceMeters>63156.9</DistanceMeters>
        </Trackpoint>
        <Trackpoint>
          <Time>2026-07-26T04:20:53Z</Time>
          <Position>
            <LatitudeDegrees>35.28545</LatitudeDegrees>
            <LongitudeDegrees>-106.21616</LongitudeDegrees>
          </Position>
          <AltitudeMeters>1994.5</AltitudeMeters>
          <DistanceMeters>63232.3</DistanceMeters>
        </Trackpoint>
        <Trackpoint>
          <Time>2026-07-26T04:21:03Z</Time>
          <Position>
            <LatitudeDegrees>35.28495</LatitudeDegrees>
            <LongitudeDegrees>-106.21602</LongitudeDegrees>
          </Position>
          <AltitudeMeters>1994.5</AltitudeMeters>
          <DistanceMeters>63289.4</DistanceMeters>
        </Trackpoint>
        <Trackpoint>
          <Time>2026-07-26T04:21:13Z</Time>
          <Position>
            <LatitudeDegrees>35.28443</LatitudeDegrees>
            <LongitudeDegrees>-106.21581</LongitudeDegrees>
          </Position>
          <AltitudeMeters>1994.3</AltitudeMeters>
          <DistanceMeters>63350.3</DistanceMeters>
        </Trackpoint>
        <Trackpoint>
          <Time>2026-07-26T04:21:23Z</Time>
          <Position>
            <LatitudeDegrees>35.28389</LatitudeDegrees>
            <LongitudeDegrees>-106.21554</LongitudeDegrees>
          </Position>
          <AltitudeMeters>1989.8</AltitudeMeters>
          <DistanceMeters>63415.2</DistanceMeters>
        </Trackpoint>
        <Trackpoint>
          <Time>2026-07-26T04:21:33Z</Time>
          <Position>
            <LatitudeDegrees>35.28343</LatitudeDegrees>
            <LongitudeDegrees>-106.21525</LongitudeDegrees>
          </Position>
          <AltitudeMeters>1987.4</AltitudeMeters>
          <DistanceMeters>63472.8</DistanceMeters>
        </Trackpoint>
        <Trackpoint>
          <Time>2026-07-26T04:21:43Z</Time>
          <Position>
            <LatitudeDegrees>35.28304</LatitudeDegrees>
            <LongitudeDegrees>-106.21493</LongitudeDegrees>
          </Position>
          <AltitudeMeters>1982.1</AltitudeMeters>
          <DistanceMeters>63525.1</DistanceMeters>
        </Trackpoint>
        <Trackpoint>
          <Time>2026-07-26T04:21:53Z</Time>
          <Position>
            <LatitudeDegrees>35.28265</LatitudeDegrees>
            <LongitudeDegrees>-106.21461</LongitudeDegrees>
          </Position>
          <AltitudeMeters>1981.9</AltitudeMeters>
          <DistanceMeters>63577.3</DistanceMeters>
        </Trackpoint>
        <Trackpoint>
          <Time>2026-07-26T04:22:03Z</Time>
          <Position>
            <LatitudeDegrees>35.28217</LatitudeDegrees>
            <LongitudeDegrees>-106.21404</LongitudeDegrees>
          </Position>
          <AltitudeMeters>1979.7</AltitudeMeters>
          <DistanceMeters>63651.8</DistanceMeters>
        </Trackpoint>
        <Trackpoint>
          <Time>2026-07-26T04:22:13Z</Time>
          <Position>
            <LatitudeDegrees>35.28169</LatitudeDegrees>
            <LongitudeDegrees>-106.21347</LongitudeDegrees>
          </Position>
          <AltitudeMeters>1974.8</AltitudeMeters>
          <DistanceMeters>63726.2</DistanceMeters>
        </Trackpoint>
        <Trackpoint>
          <Time>2026-07-26T04:22:23Z</Time>
          <Position>
            <LatitudeDegrees>35.28133</LatitudeDegrees>
            <LongitudeDegrees>-106.21302</LongitudeDegrees>
          </Position>
          <AltitudeMeters>1981.7</AltitudeMeters>
          <DistanceMeters>63783.4</DistanceMeters>
        </Trackpoint>
        <Trackpoint>
          <Time>2026-07-26T04:22:33Z</Time>
          <Position>
            <LatitudeDegrees>35.28098</LatitudeDegrees>
            <LongitudeDegrees>-106.21258</LongitudeDegrees>
          </Position>
          <AltitudeMeters>1986.3</AltitudeMeters>
          <DistanceMeters>63839.3</DistanceMeters>
        </Trackpoint>
        <Trackpoint>
          <Time>2026-07-26T04:22:43Z</Time>
          <Position>
            <LatitudeDegrees>35.28059</LatitudeDegrees>
            <LongitudeDegrees>-106.21216</LongitudeDegrees>
          </Position>
          <AltitudeMeters>1988.2</AltitudeMeters>
          <DistanceMeters>63897.1</DistanceMeters>
        </Trackpoint>
        <Trackpoint>
          <Time>2026-07-26T04:22:53Z</Time>
          <Position>
            <LatitudeDegrees>35.28004</LatitudeDegrees>
            <LongitudeDegrees>-106.21176</LongitudeDegrees>
          </Position>
          <AltitudeMeters>1991.7</AltitudeMeters>
          <DistanceMeters>63968.3</DistanceMeters>
        </Trackpoint>
        <Trackpoint>
          <Time>2026-07-26T04:23:03Z</Time>
          <Position>
            <LatitudeDegrees>35.27953</LatitudeDegrees>
            <LongitudeDegrees>-106.21148</LongitudeDegrees>
          </Position>
          <AltitudeMeters>1995.5</AltitudeMeters>
          <DistanceMeters>64030.5</DistanceMeters>
        </Trackpoint>
        <Trackpoint>
          <Time>2026-07-26T04:23:13Z</Time>
          <Position>
            <LatitudeDegrees>35.27923</LatitudeDegrees>
            <LongitudeDegrees>-106.21137</LongitudeDegrees>
          </Position>
          <AltitudeMeters>1997.8</AltitudeMeters>
          <DistanceMeters>64065.3</DistanceMeters>
        </Trackpoint>
        <Trackpoint>
          <Time>2026-07-26T04:23:23Z</Time>
          <Position>
            <LatitudeDegrees>35.27879</LatitudeDegrees>
            <LongitudeDegrees>-106.21125</LongitudeDegrees>
          </Position>
          <AltitudeMeters>2000.2</AltitudeMeters>
          <DistanceMeters>64115.5</DistanceMeters>
        </Trackpoint>
        <Trackpoint>
          <Time>2026-07-26T04:23:33Z</Time>
          <Position>
            <LatitudeDegrees>35.27839</LatitudeDegrees>
            <LongitudeDegrees>-106.21122</LongitudeDegrees>
          </Position>
          <AltitudeMeters>2000.9</AltitudeMeters>
          <DistanceMeters>64160.1</DistanceMeters>
        </Trackpoint>
        <Trackpoint>
          <Time>2026-07-26T04:23:43Z</Time>
          <Position>
            <LatitudeDegrees>35.27774</LatitudeDegrees>
            <LongitudeDegrees>-106.21124</LongitudeDegrees>
          </Position>
          <AltitudeMeters>2003.9</AltitudeMeters>
          <DistanceMeters>64232.5</DistanceMeters>
        </Trackpoint>
        <Trackpoint>
          <Time>2026-07-26T04:23:53Z</Time>
          <Position>
            <LatitudeDegrees>35.27748</LatitudeDegrees>
            <LongitudeDegrees>-106.2113</LongitudeDegrees>
          </Position>
          <AltitudeMeters>2004.5</AltitudeMeters>
          <DistanceMeters>64262.0</DistanceMeters>
        </Trackpoint>
        <Trackpoint>
          <Time>2026-07-26T04:24:03Z</Time>
          <Position>
            <LatitudeDegrees>35.27678</LatitudeDegrees>
            <LongitudeDegrees>-106.21152</LongitudeDegrees>
          </Position>
          <AltitudeMeters>2006.2</AltitudeMeters>
          <DistanceMeters>64342.4</DistanceMeters>
        </Trackpoint>
        <Trackpoint>
          <Time>2026-07-26T04:24:13Z</Time>
          <Position>
            <LatitudeDegrees>35.27609</LatitudeDegrees>
            <LongitudeDegrees>-106.21174</LongitudeDegrees>
          </Position>
          <AltitudeMeters>2009.3</AltitudeMeters>
          <DistanceMeters>64421.8</DistanceMeters>
        </Trackpoint>
        <Trackpoint>
          <Time>2026-07-26T04:24:23Z</Time>
          <Position>
            <LatitudeDegrees>35.2754</LatitudeDegrees>
            <LongitudeDegrees>-106.21197</LongitudeDegrees>
          </Position>
          <AltitudeMeters>2013.3</AltitudeMeters>
          <DistanceMeters>64501.4</DistanceMeters>
        </Trackpoint>
        <Trackpoint>
          <Time>2026-07-26T04:24:33Z</Time>
          <Position>
            <LatitudeDegrees>35.27454</LatitudeDegrees>
            <LongitudeDegrees>-106.21226</LongitudeDegrees>
          </Position>
          <AltitudeMeters>2017.1</AltitudeMeters>
          <DistanceMeters>64600.7</DistanceMeters>
        </Trackpoint>
        <Trackpoint>
          <Time>2026-07-26T04:24:43Z</Time>
          <Position>
            <LatitudeDegrees>35.27367</LatitudeDegrees>
            <LongitudeDegrees>-106.21256</LongitudeDegrees>
          </Position>
          <AltitudeMeters>2018.0</AltitudeMeters>
          <DistanceMeters>64701.3</DistanceMeters>
        </Trackpoint>
        <Trackpoint>
          <Time>2026-07-26T04:24:53Z</Time>
          <Position>
            <LatitudeDegrees>35.27281</LatitudeDegrees>
            <LongitudeDegrees>-106.21286</LongitudeDegrees>
          </Position>
          <AltitudeMeters>2017.4</AltitudeMeters>
          <DistanceMeters>64800.8</DistanceMeters>
        </Trackpoint>
        <Trackpoint>
          <Time>2026-07-26T04:25:03Z</Time>
          <Position>
            <LatitudeDegrees>35.27222</LatitudeDegrees>
            <LongitudeDegrees>-106.21305</LongitudeDegrees>
          </Position>
          <AltitudeMeters>2017.1</AltitudeMeters>
          <DistanceMeters>64868.7</DistanceMeters>
        </Trackpoint>
        <Trackpoint>
          <Time>2026-07-26T04:25:13Z</Time>
          <Position>
            <LatitudeDegrees>35.27163</LatitudeDegrees>
            <LongitudeDegrees>-106.21325</LongitudeDegrees>
          </Position>
          <AltitudeMeters>2018.5</AltitudeMeters>
          <DistanceMeters>64936.9</DistanceMeters>
        </Trackpoint>
        <Trackpoint>
          <Time>2026-07-26T04:25:23Z</Time>
          <Position>
            <LatitudeDegrees>35.27104</LatitudeDegrees>
            <LongitudeDegrees>-106.21344</LongitudeDegrees>
          </Position>
          <AltitudeMeters>2020.3</AltitudeMeters>
          <DistanceMeters>65004.8</DistanceMeters>
        </Trackpoint>
        <Trackpoint>
          <Time>2026-07-26T04:25:33Z</Time>
          <Position>
            <LatitudeDegrees>35.27057</LatitudeDegrees>
            <LongitudeDegrees>-106.21357</LongitudeDegrees>
          </Position>
          <AltitudeMeters>2019.1</AltitudeMeters>
          <DistanceMeters>65058.4</DistanceMeters>
        </Trackpoint>
        <Trackpoint>
          <Time>2026-07-26T04:25:43Z</Time>
          <Position>
            <LatitudeDegrees>35.27027</LatitudeDegrees>
            <LongitudeDegrees>-106.21361</LongitudeDegrees>
          </Position>
          <AltitudeMeters>2019.7</AltitudeMeters>
          <DistanceMeters>65092.0</DistanceMeters>
        </Trackpoint>
        <Trackpoint>
          <Time>2026-07-26T04:25:53Z</Time>
          <Position>
            <LatitudeDegrees>35.26953</LatitudeDegrees>
            <LongitudeDegrees>-106.21368</LongitudeDegrees>
          </Position>
          <AltitudeMeters>2023.8</AltitudeMeters>
          <DistanceMeters>65174.6</DistanceMeters>
        </Trackpoint>
        <Trackpoint>
          <Time>2026-07-26T04:26:03Z</Time>
          <Position>
            <LatitudeDegrees>35.2688</LatitudeDegrees>
            <LongitudeDegrees>-106.21374</LongitudeDegrees>
          </Position>
          <AltitudeMeters>2026.1</AltitudeMeters>
          <DistanceMeters>65256.1</DistanceMeters>
        </Trackpoint>
        <Trackpoint>
          <Time>2026-07-26T04:26:13Z</Time>
          <Position>
            <LatitudeDegrees>35.26806</LatitudeDegrees>
            <LongitudeDegrees>-106.2138</LongitudeDegrees>
          </Position>
          <AltitudeMeters>2022.9</AltitudeMeters>
          <DistanceMeters>65338.6</DistanceMeters>
        </Trackpoint>
        <Trackpoint>
          <Time>2026-07-26T04:26:23Z</Time>
          <Position>
            <LatitudeDegrees>35.26732</LatitudeDegrees>
            <LongitudeDegrees>-106.21386</LongitudeDegrees>
          </Position>
          <AltitudeMeters>2024.2</AltitudeMeters>
          <DistanceMeters>65421.2</DistanceMeters>
        </Trackpoint>
        <Trackpoint>
          <Time>2026-07-26T04:26:33Z</Time>
          <Position>
            <LatitudeDegrees>35.26714</LatitudeDegrees>
            <LongitudeDegrees>-106.2139</LongitudeDegrees>
          </Position>
          <AltitudeMeters>2024.0</AltitudeMeters>
          <DistanceMeters>65441.6</DistanceMeters>
        </Trackpoint>
        <Trackpoint>
          <Time>2026-07-26T04:26:43Z</Time>
          <Position>
            <LatitudeDegrees>35.26694</LatitudeDegrees>
            <LongitudeDegrees>-106.21397</LongitudeDegrees>
          </Position>
          <AltitudeMeters>2023.3</AltitudeMeters>
          <DistanceMeters>65464.7</DistanceMeters>
        </Trackpoint>
        <Trackpoint>
          <Time>2026-07-26T04:26:53Z</Time>
          <Position>
            <LatitudeDegrees>35.26664</LatitudeDegrees>
            <LongitudeDegrees>-106.21413</LongitudeDegrees>
          </Position>
          <AltitudeMeters>2024.8</AltitudeMeters>
          <DistanceMeters>65501.1</DistanceMeters>
        </Trackpoint>
        <Trackpoint>
          <Time>2026-07-26T04:27:03Z</Time>
          <Position>
            <LatitudeDegrees>35.26642</LatitudeDegrees>
            <LongitudeDegrees>-106.21422</LongitudeDegrees>
          </Position>
          <AltitudeMeters>2025.6</AltitudeMeters>
          <DistanceMeters>65527.0</DistanceMeters>
        </Trackpoint>
        <Trackpoint>
          <Time>2026-07-26T04:27:13Z</Time>
          <Position>
            <LatitudeDegrees>35.26623</LatitudeDegrees>
            <LongitudeDegrees>-106.21425</LongitudeDegrees>
          </Position>
          <AltitudeMeters>2025.7</AltitudeMeters>
          <DistanceMeters>65548.3</DistanceMeters>
        </Trackpoint>
        <Trackpoint>
          <Time>2026-07-26T04:27:23Z</Time>
          <Position>
            <LatitudeDegrees>35.26599</LatitudeDegrees>
            <LongitudeDegrees>-106.21425</LongitudeDegrees>
          </Position>
          <AltitudeMeters>2025.7</AltitudeMeters>
          <DistanceMeters>65575.0</DistanceMeters>
        </Trackpoint>
        <Trackpoint>
          <Time>2026-07-26T04:27:33Z</Time>
          <Position>
            <LatitudeDegrees>35.26543</LatitudeDegrees>
            <LongitudeDegrees>-106.21412</LongitudeDegrees>
          </Position>
          <AltitudeMeters>2027.3</AltitudeMeters>
          <DistanceMeters>65638.5</DistanceMeters>
        </Trackpoint>
        <Trackpoint>
          <Time>2026-07-26T04:27:43Z</Time>
          <Position>
            <LatitudeDegrees>35.26488</LatitudeDegrees>
            <LongitudeDegrees>-106.21399</LongitudeDegrees>
          </Position>
          <AltitudeMeters>2029.4</AltitudeMeters>
          <DistanceMeters>65700.8</DistanceMeters>
        </Trackpoint>
        <Trackpoint>
          <Time>2026-07-26T04:27:53Z</Time>
          <Position>
            <LatitudeDegrees>35.26426</LatitudeDegrees>
            <LongitudeDegrees>-106.21392</LongitudeDegrees>
          </Position>
          <AltitudeMeters>2032.8</AltitudeMeters>
          <DistanceMeters>65770.1</DistanceMeters>
        </Trackpoint>
        <Trackpoint>
          <Time>2026-07-26T04:28:03Z</Time>
          <Position>
            <LatitudeDegrees>35.26363</LatitudeDegrees>
            <LongitudeDegrees>-106.21387</LongitudeDegrees>
          </Position>
          <AltitudeMeters>2037.8</AltitudeMeters>
          <DistanceMeters>65840.4</DistanceMeters>
        </Trackpoint>
        <Trackpoint>
          <Time>2026-07-26T04:28:13Z</Time>
          <Position>
            <LatitudeDegrees>35.26309</LatitudeDegrees>
            <LongitudeDegrees>-106.2139</LongitudeDegrees>
          </Position>
          <AltitudeMeters>2040.8</AltitudeMeters>
          <DistanceMeters>65900.6</DistanceMeters>
        </Trackpoint>
        <Trackpoint>
          <Time>2026-07-26T04:28:23Z</Time>
          <Position>
            <LatitudeDegrees>35.26256</LatitudeDegrees>
            <LongitudeDegrees>-106.214</LongitudeDegrees>
          </Position>
          <AltitudeMeters>2043.3</AltitudeMeters>
          <DistanceMeters>65960.3</DistanceMeters>
        </Trackpoint>
        <Trackpoint>
          <Time>2026-07-26T04:28:33Z</Time>
          <Position>
            <LatitudeDegrees>35.26216</LatitudeDegrees>
            <LongitudeDegrees>-106.21413</LongitudeDegrees>
          </Position>
          <AltitudeMeters>2045.1</AltitudeMeters>
          <DistanceMeters>66006.3</DistanceMeters>
        </Trackpoint>
        <Trackpoint>
          <Time>2026-07-26T04:28:43Z</Time>
          <Position>
            <LatitudeDegrees>35.26178</LatitudeDegrees>
            <LongitudeDegrees>-106.21429</LongitudeDegrees>
          </Position>
          <AltitudeMeters>2046.4</AltitudeMeters>
          <DistanceMeters>66051.1</DistanceMeters>
        </Trackpoint>
        <Trackpoint>
          <Time>2026-07-26T04:28:53Z</Time>
          <Position>
            <LatitudeDegrees>35.26114</LatitudeDegrees>
            <LongitudeDegrees>-106.21463</LongitudeDegrees>
          </Position>
          <AltitudeMeters>2048.5</AltitudeMeters>
          <DistanceMeters>66128.7</DistanceMeters>
        </Trackpoint>
        <Trackpoint>
          <Time>2026-07-26T04:29:03Z</Time>
          <Position>
            <LatitudeDegrees>35.26036</LatitudeDegrees>
            <LongitudeDegrees>-106.21509</LongitudeDegrees>
          </Position>
          <AltitudeMeters>2050.1</AltitudeMeters>
          <DistanceMeters>66225.1</DistanceMeters>
        </Trackpoint>
        <Trackpoint>
          <Time>2026-07-26T04:29:13Z</Time>
          <Position>
            <LatitudeDegrees>35.25959</LatitudeDegrees>
            <LongitudeDegrees>-106.21555</LongitudeDegrees>
          </Position>
          <AltitudeMeters>2050.6</AltitudeMeters>
          <DistanceMeters>66320.5</DistanceMeters>
        </Trackpoint>
        <Trackpoint>
          <Time>2026-07-26T04:29:23Z</Time>
          <Position>
            <LatitudeDegrees>35.25882</LatitudeDegrees>
            <LongitudeDegrees>-106.21601</LongitudeDegrees>
          </Position>
          <AltitudeMeters>2054.4</AltitudeMeters>
          <DistanceMeters>66415.8</DistanceMeters>
        </Trackpoint>
        <Trackpoint>
          <Time>2026-07-26T04:29:33Z</Time>
          <Position>
            <LatitudeDegrees>35.25804</LatitudeDegrees>
            <LongitudeDegrees>-106.21647</LongitudeDegrees>
          </Position>
          <AltitudeMeters>2057.7</AltitudeMeters>
          <DistanceMeters>66512.2</DistanceMeters>
        </Trackpoint>
        <Trackpoint>
          <Time>2026-07-26T04:29:43Z</Time>
          <Position>
            <LatitudeDegrees>35.25727</LatitudeDegrees>
            <LongitudeDegrees>-106.21693</LongitudeDegrees>
          </Position>
          <AltitudeMeters>2056.7</AltitudeMeters>
          <DistanceMeters>66607.6</DistanceMeters>
        </Trackpoint>
        <Trackpoint>
          <Time>2026-07-26T04:29:53Z</Time>
          <Position>
            <LatitudeDegrees>35.25649</LatitudeDegrees>
            <LongitudeDegrees>-106.2174</LongitudeDegrees>
          </Position>
          <AltitudeMeters>2059.1</AltitudeMeters>
          <DistanceMeters>66704.4</DistanceMeters>
        </Trackpoint>
        <Trackpoint>
          <Time>2026-07-26T04:30:03Z</Time>
          <Position>
            <LatitudeDegrees>35.25572</LatitudeDegrees>
            <LongitudeDegrees>-106.21786</LongitudeDegrees>
          </Position>
          <AltitudeMeters>2062.9</AltitudeMeters>
          <DistanceMeters>66799.7</DistanceMeters>
        </Trackpoint>
        <Trackpoint>
          <Time>2026-07-26T04:30:13Z</Time>
          <Position>
            <LatitudeDegrees>35.25495</LatitudeDegrees>
            <LongitudeDegrees>-106.21832</LongitudeDegrees>
          </Position>
          <AltitudeMeters>2065.5</AltitudeMeters>
          <DistanceMeters>66895.1</DistanceMeters>
        </Trackpoint>
        <Trackpoint>
          <Time>2026-07-26T04:30:23Z</Time>
          <Position>
            <LatitudeDegrees>35.25417</LatitudeDegrees>
            <LongitudeDegrees>-106.21878</LongitudeDegrees>
          </Position>
          <AltitudeMeters>2065.7</AltitudeMeters>
          <DistanceMeters>66991.5</DistanceMeters>
        </Trackpoint>
        <Trackpoint>
          <Time>2026-07-26T04:30:33Z</Time>
          <Position>
            <LatitudeDegrees>35.2534</LatitudeDegrees>
            <LongitudeDegrees>-106.21924</LongitudeDegrees>
          </Position>
          <AltitudeMeters>2064.4</AltitudeMeters>
          <DistanceMeters>67086.8</DistanceMeters>
        </Trackpoint>
        <Trackpoint>
          <Time>2026-07-26T04:30:43Z</Time>
          <Position>
            <LatitudeDegrees>35.25263</LatitudeDegrees>
            <LongitudeDegrees>-106.2197</LongitudeDegrees>
          </Position>
          <AltitudeMeters>2062.7</AltitudeMeters>
          <DistanceMeters>67182.2</DistanceMeters>
        </Trackpoint>
        <Trackpoint>
          <Time>2026-07-26T04:30:53Z</Time>
          <Position>
            <LatitudeDegrees>35.25185</LatitudeDegrees>
            <LongitudeDegrees>-106.22016</LongitudeDegrees>
          </Position>
          <AltitudeMeters>2062.0</AltitudeMeters>
          <DistanceMeters>67278.6</DistanceMeters>
        </Trackpoint>
        <Trackpoint>
          <Time>2026-07-26T04:31:03Z</Time>
          <Position>
            <LatitudeDegrees>35.25108</LatitudeDegrees>
            <LongitudeDegrees>-106.22062</LongitudeDegrees>
          </Position>
          <AltitudeMeters>2060.5</AltitudeMeters>
          <DistanceMeters>67374.0</DistanceMeters>
        </Trackpoint>
        <Trackpoint>
          <Time>2026-07-26T04:31:13Z</Time>
          <Position>
            <LatitudeDegrees>35.25031</LatitudeDegrees>
            <LongitudeDegrees>-106.22108</LongitudeDegrees>
          </Position>
          <AltitudeMeters>2060.3</AltitudeMeters>
          <DistanceMeters>67469.3</DistanceMeters>
        </Trackpoint>
        <Trackpoint>
          <Time>2026-07-26T04:31:23Z</Time>
          <Position>
            <LatitudeDegrees>35.24953</LatitudeDegrees>
            <LongitudeDegrees>-106.22155</LongitudeDegrees>
          </Position>
          <AltitudeMeters>2058.1</AltitudeMeters>
          <DistanceMeters>67566.1</DistanceMeters>
        </Trackpoint>
        <Trackpoint>
          <Time>2026-07-26T04:31:33Z</Time>
          <Position>
            <LatitudeDegrees>35.24876</LatitudeDegrees>
            <LongitudeDegrees>-106.22201</LongitudeDegrees>
          </Position>
          <AltitudeMeters>2055.9</AltitudeMeters>
          <DistanceMeters>67661.5</DistanceMeters>
        </Trackpoint>
        <Trackpoint>
          <Time>2026-07-26T04:31:43Z</Time>
          <Position>
            <LatitudeDegrees>35.24828</LatitudeDegrees>
            <LongitudeDegrees>-106.22236</LongitudeDegrees>
          </Position>
          <AltitudeMeters>2053.3</AltitudeMeters>
          <DistanceMeters>67723.7</DistanceMeters>
        </Trackpoint>
        <Trackpoint>
          <Time>2026-07-26T04:31:53Z</Time>
          <Position>
            <LatitudeDegrees>35.24794</LatitudeDegrees>
            <LongitudeDegrees>-106.22268</LongitudeDegrees>
          </Position>
          <AltitudeMeters>2051.5</AltitudeMeters>
          <DistanceMeters>67771.4</DistanceMeters>
        </Trackpoint>
        <Trackpoint>
          <Time>2026-07-26T04:32:03Z</Time>
          <Position>
            <LatitudeDegrees>35.24742</LatitudeDegrees>
            <LongitudeDegrees>-106.22206</LongitudeDegrees>
          </Position>
          <AltitudeMeters>2053.3</AltitudeMeters>
          <DistanceMeters>67852.2</DistanceMeters>
        </Trackpoint>
        <Trackpoint>
          <Time>2026-07-26T04:32:13Z</Time>
          <Position>
            <LatitudeDegrees>35.2469</LatitudeDegrees>
            <LongitudeDegrees>-106.22145</LongitudeDegrees>
          </Position>
          <AltitudeMeters>2053.7</AltitudeMeters>
          <DistanceMeters>67932.4</DistanceMeters>
        </Trackpoint>
        <Trackpoint>
          <Time>2026-07-26T04:32:23Z</Time>
          <Position>
            <LatitudeDegrees>35.24638</LatitudeDegrees>
            <LongitudeDegrees>-106.22083</LongitudeDegrees>
          </Position>
          <AltitudeMeters>2055.7</AltitudeMeters>
          <DistanceMeters>68013.2</DistanceMeters>
        </Trackpoint>
        <Trackpoint>
          <Time>2026-07-26T04:32:33Z</Time>
          <Position>
            <LatitudeDegrees>35.24583</LatitudeDegrees>
            <LongitudeDegrees>-106.22015</LongitudeDegrees>
          </Position>
          <AltitudeMeters>2057.8</AltitudeMeters>
          <DistanceMeters>68100.2</DistanceMeters>
        </Trackpoint>
        <Trackpoint>
          <Time>2026-07-26T04:32:43Z</Time>
          <Position>
            <LatitudeDegrees>35.24527</LatitudeDegrees>
            <LongitudeDegrees>-106.21948</LongitudeDegrees>
          </Position>
          <AltitudeMeters>2059.1</AltitudeMeters>
          <DistanceMeters>68187.3</DistanceMeters>
        </Trackpoint>
        <Trackpoint>
          <Time>2026-07-26T04:32:53Z</Time>
          <Position>
            <LatitudeDegrees>35.24471</LatitudeDegrees>
            <LongitudeDegrees>-106.2188</LongitudeDegrees>
          </Position>
          <AltitudeMeters>2060.9</AltitudeMeters>
          <DistanceMeters>68275.1</DistanceMeters>
        </Trackpoint>
        <Trackpoint>
          <Time>2026-07-26T04:33:03Z</Time>
          <Position>
            <LatitudeDegrees>35.24416</LatitudeDegrees>
            <LongitudeDegrees>-106.21813</LongitudeDegrees>
          </Position>
          <AltitudeMeters>2065.2</AltitudeMeters>
          <DistanceMeters>68361.5</DistanceMeters>
        </Trackpoint>
        <Trackpoint>
          <Time>2026-07-26T04:33:13Z</Time>
          <Position>
            <LatitudeDegrees>35.2436</LatitudeDegrees>
            <LongitudeDegrees>-106.21745</LongitudeDegrees>
          </Position>
          <AltitudeMeters>2067.5</AltitudeMeters>
          <DistanceMeters>68449.3</DistanceMeters>
        </Trackpoint>
        <Trackpoint>
          <Time>2026-07-26T04:33:23Z</Time>
          <Position>
            <LatitudeDegrees>35.24304</LatitudeDegrees>
            <LongitudeDegrees>-106.21678</LongitudeDegrees>
          </Position>
          <AltitudeMeters>2067.2</AltitudeMeters>
          <DistanceMeters>68536.4</DistanceMeters>
        </Trackpoint>
        <Trackpoint>
          <Time>2026-07-26T04:33:33Z</Time>
          <Position>
            <LatitudeDegrees>35.24251</LatitudeDegrees>
            <LongitudeDegrees>-106.21617</LongitudeDegrees>
          </Position>
          <AltitudeMeters>2071.0</AltitudeMeters>
          <DistanceMeters>68617.4</DistanceMeters>
        </Trackpoint>
        <Trackpoint>
          <Time>2026-07-26T04:33:43Z</Time>
          <Position>
            <LatitudeDegrees>35.24197</LatitudeDegrees>
            <LongitudeDegrees>-106.21556</LongitudeDegrees>
          </Position>
          <AltitudeMeters>2074.7</AltitudeMeters>
          <DistanceMeters>68699.2</DistanceMeters>
        </Trackpoint>
        <Trackpoint>
          <Time>2026-07-26T04:34:03Z</Time>
          <Position>
            <LatitudeDegrees>35.24172</LatitudeDegrees>
            <LongitudeDegrees>-106.21528</LongitudeDegrees>
          </Position>
          <AltitudeMeters>2076.5</AltitudeMeters>
          <DistanceMeters>68736.9</DistanceMeters>
        </Trackpoint>
        <Trackpoint>
          <Time>2026-07-26T04:34:13Z</Time>
          <Position>
            <LatitudeDegrees>35.24111</LatitudeDegrees>
            <LongitudeDegrees>-106.21453</LongitudeDegrees>
          </Position>
          <AltitudeMeters>2081.2</AltitudeMeters>
          <DistanceMeters>68833.1</DistanceMeters>
        </Trackpoint>
        <Trackpoint>
          <Time>2026-07-26T04:34:23Z</Time>
          <Position>
            <LatitudeDegrees>35.24051</LatitudeDegrees>
            <LongitudeDegrees>-106.21379</LongitudeDegrees>
          </Position>
          <AltitudeMeters>2083.3</AltitudeMeters>
          <DistanceMeters>68927.9</DistanceMeters>
        </Trackpoint>
        <Trackpoint>
          <Time>2026-07-26T04:34:33Z</Time>
          <Position>
            <LatitudeDegrees>35.24016</LatitudeDegrees>
            <LongitudeDegrees>-106.21326</LongitudeDegrees>
          </Position>
          <AltitudeMeters>2083.5</AltitudeMeters>
          <DistanceMeters>68989.9</DistanceMeters>
        </Trackpoint>
        <Trackpoint>
          <Time>2026-07-26T04:34:43Z</Time>
          <Position>
            <LatitudeDegrees>35.23988</LatitudeDegrees>
            <LongitudeDegrees>-106.21272</LongitudeDegrees>
          </Position>
          <AltitudeMeters>2082.7</AltitudeMeters>
          <DistanceMeters>69048.1</DistanceMeters>
        </Trackpoint>
        <Trackpoint>
          <Time>2026-07-26T04:34:53Z</Time>
          <Position>
            <LatitudeDegrees>35.23958</LatitudeDegrees>
            <LongitudeDegrees>-106.21198</LongitudeDegrees>
          </Position>
          <AltitudeMeters>2085.0</AltitudeMeters>
          <DistanceMeters>69123.2</DistanceMeters>
        </Trackpoint>
        <Trackpoint>
          <Time>2026-07-26T04:35:03Z</Time>
          <Position>
            <LatitudeDegrees>35.23928</LatitudeDegrees>
            <LongitudeDegrees>-106.21125</LongitudeDegrees>
          </Position>
          <AltitudeMeters>2087.9</AltitudeMeters>
          <DistanceMeters>69197.5</DistanceMeters>
        </Trackpoint>
        <Trackpoint>
          <Time>2026-07-26T04:35:13Z</Time>
          <Position>
            <LatitudeDegrees>35.23904</LatitudeDegrees>
            <LongitudeDegrees>-106.21073</LongitudeDegrees>
          </Position>
          <AltitudeMeters>2090.9</AltitudeMeters>
          <DistanceMeters>69251.8</DistanceMeters>
        </Trackpoint>
        <Trackpoint>
          <Time>2026-07-26T04:35:23Z</Time>
          <Position>
            <LatitudeDegrees>35.2388</LatitudeDegrees>
            <LongitudeDegrees>-106.21022</LongitudeDegrees>
          </Position>
          <AltitudeMeters>2092.8</AltitudeMeters>
          <DistanceMeters>69305.3</DistanceMeters>
        </Trackpoint>
        <Trackpoint>
          <Time>2026-07-26T04:35:33Z</Time>
          <Position>
            <LatitudeDegrees>35.23858</LatitudeDegrees>
            <LongitudeDegrees>-106.20985</LongitudeDegrees>
          </Position>
          <AltitudeMeters>2095.1</AltitudeMeters>
          <DistanceMeters>69346.9</DistanceMeters>
        </Trackpoint>
        <Trackpoint>
          <Time>2026-07-26T04:35:43Z</Time>
          <Position>
            <LatitudeDegrees>35.23833</LatitudeDegrees>
            <LongitudeDegrees>-106.20952</LongitudeDegrees>
          </Position>
          <AltitudeMeters>2096.0</AltitudeMeters>
          <DistanceMeters>69387.8</DistanceMeters>
        </Trackpoint>
        <Trackpoint>
          <Time>2026-07-26T04:35:53Z</Time>
          <Position>
            <LatitudeDegrees>35.23815</LatitudeDegrees>
            <LongitudeDegrees>-106.20934</LongitudeDegrees>
          </Position>
          <AltitudeMeters>2096.6</AltitudeMeters>
          <DistanceMeters>69413.7</DistanceMeters>
        </Trackpoint>
        <Trackpoint>
          <Time>2026-07-26T04:36:03Z</Time>
          <Position>
            <LatitudeDegrees>35.23785</LatitudeDegrees>
            <LongitudeDegrees>-106.20913</LongitudeDegrees>
          </Position>
          <AltitudeMeters>2099.4</AltitudeMeters>
          <DistanceMeters>69452.2</DistanceMeters>
        </Trackpoint>
        <Trackpoint>
          <Time>2026-07-26T04:36:13Z</Time>
          <Position>
            <LatitudeDegrees>35.2372</LatitudeDegrees>
            <LongitudeDegrees>-106.20879</LongitudeDegrees>
          </Position>
          <AltitudeMeters>2105.9</AltitudeMeters>
          <DistanceMeters>69530.9</DistanceMeters>
        </Trackpoint>
        <Trackpoint>
          <Time>2026-07-26T04:36:23Z</Time>
          <Position>
            <LatitudeDegrees>35.23692</LatitudeDegrees>
            <LongitudeDegrees>-106.20855</LongitudeDegrees>
          </Position>
          <AltitudeMeters>2109.4</AltitudeMeters>
          <DistanceMeters>69568.9</DistanceMeters>
        </Trackpoint>
        <Trackpoint>
          <Time>2026-07-26T04:36:33Z</Time>
          <Position>
            <LatitudeDegrees>35.23675</LatitudeDegrees>
            <LongitudeDegrees>-106.20837</LongitudeDegrees>
          </Position>
          <AltitudeMeters>2109.2</AltitudeMeters>
          <DistanceMeters>69593.9</DistanceMeters>
        </Trackpoint>
        <Trackpoint>
          <Time>2026-07-26T04:36:43Z</Time>
          <Position>
            <LatitudeDegrees>35.23656</LatitudeDegrees>
            <LongitudeDegrees>-106.20808</LongitudeDegrees>
          </Position>
          <AltitudeMeters>2109.1</AltitudeMeters>
          <DistanceMeters>69627.7</DistanceMeters>
        </Trackpoint>
        <Trackpoint>
          <Time>2026-07-26T04:36:53Z</Time>
          <Position>
            <LatitudeDegrees>35.23644</LatitudeDegrees>
            <LongitudeDegrees>-106.20776</LongitudeDegrees>
          </Position>
          <AltitudeMeters>2112.3</AltitudeMeters>
          <DistanceMeters>69659.7</DistanceMeters>
        </Trackpoint>
        <Trackpoint>
          <Time>2026-07-26T04:37:03Z</Time>
          <Position>
            <LatitudeDegrees>35.23615</LatitudeDegrees>
            <LongitudeDegrees>-106.20691</LongitudeDegrees>
          </Position>
          <AltitudeMeters>2114.9</AltitudeMeters>
          <DistanceMeters>69743.5</DistanceMeters>
        </Trackpoint>
        <Trackpoint>
          <Time>2026-07-26T04:37:13Z</Time>
          <Position>
            <LatitudeDegrees>35.23586</LatitudeDegrees>
            <LongitudeDegrees>-106.20607</LongitudeDegrees>
          </Position>
          <AltitudeMeters>2123.1</AltitudeMeters>
          <DistanceMeters>69826.4</DistanceMeters>
        </Trackpoint>
        <Trackpoint>
          <Time>2026-07-26T04:37:23Z</Time>
          <Position>
            <LatitudeDegrees>35.23557</LatitudeDegrees>
            <LongitudeDegrees>-106.20522</LongitudeDegrees>
          </Position>
          <AltitudeMeters>2133.6</AltitudeMeters>
          <DistanceMeters>69910.2</DistanceMeters>
        </Trackpoint>
        <Trackpoint>
          <Time>2026-07-26T04:37:33Z</Time>
          <Position>
            <LatitudeDegrees>35.23553</LatitudeDegrees>
            <LongitudeDegrees>-106.20506</LongitudeDegrees>
          </Position>
          <AltitudeMeters>2135.8</AltitudeMeters>
          <DistanceMeters>69925.4</DistanceMeters>
        </Trackpoint>
        <Trackpoint>
          <Time>2026-07-26T04:37:43Z</Time>
          <Position>
            <LatitudeDegrees>35.23552</LatitudeDegrees>
            <LongitudeDegrees>-106.20491</LongitudeDegrees>
          </Position>
          <AltitudeMeters>2137.7</AltitudeMeters>
          <DistanceMeters>69939.1</DistanceMeters>
        </Trackpoint>
        <Trackpoint>
          <Time>2026-07-26T04:37:53Z</Time>
          <Position>
            <LatitudeDegrees>35.23555</LatitudeDegrees>
            <LongitudeDegrees>-106.20477</LongitudeDegrees>
          </Position>
          <AltitudeMeters>2140.1</AltitudeMeters>
          <DistanceMeters>69952.2</DistanceMeters>
        </Trackpoint>
        <Trackpoint>
          <Time>2026-07-26T04:38:03Z</Time>
          <Position>
            <LatitudeDegrees>35.23563</LatitudeDegrees>
            <LongitudeDegrees>-106.20441</LongitudeDegrees>
          </Position>
          <AltitudeMeters>2144.1</AltitudeMeters>
          <DistanceMeters>69986.1</DistanceMeters>
        </Trackpoint>
        <Trackpoint>
          <Time>2026-07-26T04:38:13Z</Time>
          <Position>
            <LatitudeDegrees>35.23566</LatitudeDegrees>
            <LongitudeDegrees>-106.20419</LongitudeDegrees>
          </Position>
          <AltitudeMeters>2148.1</AltitudeMeters>
          <DistanceMeters>70006.4</DistanceMeters>
        </Trackpoint>
        <Trackpoint>
          <Time>2026-07-26T04:38:23Z</Time>
          <Position>
            <LatitudeDegrees>35.23566</LatitudeDegrees>
            <LongitudeDegrees>-106.204</LongitudeDegrees>
          </Position>
          <AltitudeMeters>2150.8</AltitudeMeters>
          <DistanceMeters>70023.7</DistanceMeters>
        </Trackpoint>
        <Trackpoint>
          <Time>2026-07-26T04:38:33Z</Time>
          <Position>
            <LatitudeDegrees>35.23561</LatitudeDegrees>
            <LongitudeDegrees>-106.20315</LongitudeDegrees>
          </Position>
          <AltitudeMeters>2161.9</AltitudeMeters>
          <DistanceMeters>70101.2</DistanceMeters>
        </Trackpoint>
        <Trackpoint>
          <Time>2026-07-26T04:38:43Z</Time>
          <Position>
            <LatitudeDegrees>35.23561</LatitudeDegrees>
            <LongitudeDegrees>-106.2028</LongitudeDegrees>
          </Position>
          <AltitudeMeters>2167.4</AltitudeMeters>
          <DistanceMeters>70133.0</DistanceMeters>
        </Trackpoint>
        <Trackpoint>
          <Time>2026-07-26T04:38:53Z</Time>
          <Position>
            <LatitudeDegrees>35.23566</LatitudeDegrees>
            <LongitudeDegrees>-106.20241</LongitudeDegrees>
          </Position>
          <AltitudeMeters>2172.2</AltitudeMeters>
          <DistanceMeters>70168.9</DistanceMeters>
        </Trackpoint>
        <Trackpoint>
          <Time>2026-07-26T04:39:03Z</Time>
          <Position>
            <LatitudeDegrees>35.23566</LatitudeDegrees>
            <LongitudeDegrees>-106.20214</LongitudeDegrees>
          </Position>
          <AltitudeMeters>2173.6</AltitudeMeters>
          <DistanceMeters>70193.5</DistanceMeters>
        </Trackpoint>
        <Trackpoint>
          <Time>2026-07-26T04:39:13Z</Time>
          <Position>
            <LatitudeDegrees>35.23561</LatitudeDegrees>
            <LongitudeDegrees>-106.20157</LongitudeDegrees>
          </Position>
          <AltitudeMeters>2182.0</AltitudeMeters>
          <DistanceMeters>70245.6</DistanceMeters>
        </Trackpoint>
        <Trackpoint>
          <Time>2026-07-26T04:39:23Z</Time>
          <Position>
            <LatitudeDegrees>35.23564</LatitudeDegrees>
            <LongitudeDegrees>-106.2013</LongitudeDegrees>
          </Position>
          <AltitudeMeters>2185.3</AltitudeMeters>
          <DistanceMeters>70270.4</DistanceMeters>
        </Trackpoint>
        <Trackpoint>
          <Time>2026-07-26T04:39:33Z</Time>
          <Position>
            <LatitudeDegrees>35.23565</LatitudeDegrees>
            <LongitudeDegrees>-106.20107</LongitudeDegrees>
          </Position>
          <AltitudeMeters>2188.4</AltitudeMeters>
          <DistanceMeters>70291.3</DistanceMeters>
        </Trackpoint>
        <Trackpoint>
          <Time>2026-07-26T04:39:43Z</Time>
          <Position>
            <LatitudeDegrees>35.23553</LatitudeDegrees>
            <LongitudeDegrees>-106.20037</LongitudeDegrees>
          </Position>
          <AltitudeMeters>2198.8</AltitudeMeters>
          <DistanceMeters>70356.3</DistanceMeters>
        </Trackpoint>
        <Trackpoint>
          <Time>2026-07-26T04:39:53Z</Time>
          <Position>
            <LatitudeDegrees>35.23549</LatitudeDegrees>
            <LongitudeDegrees>-106.20025</LongitudeDegrees>
          </Position>
          <AltitudeMeters>2200.1</AltitudeMeters>
          <DistanceMeters>70368.1</DistanceMeters>
        </Trackpoint>
        <Trackpoint>
          <Time>2026-07-26T04:40:03Z</Time>
          <Position>
            <LatitudeDegrees>35.23543</LatitudeDegrees>
            <LongitudeDegrees>-106.20015</LongitudeDegrees>
          </Position>
          <AltitudeMeters>2201.4</AltitudeMeters>
          <DistanceMeters>70379.4</DistanceMeters>
        </Trackpoint>
        <Trackpoint>
          <Time>2026-07-26T04:40:13Z</Time>
          <Position>
            <LatitudeDegrees>35.23534</LatitudeDegrees>
            <LongitudeDegrees>-106.20004</LongitudeDegrees>
          </Position>
          <AltitudeMeters>2202.7</AltitudeMeters>
          <DistanceMeters>70393.6</DistanceMeters>
        </Trackpoint>
        <Trackpoint>
          <Time>2026-07-26T04:40:23Z</Time>
          <Position>
            <LatitudeDegrees>35.2349</LatitudeDegrees>
            <LongitudeDegrees>-106.19963</LongitudeDegrees>
          </Position>
          <AltitudeMeters>2201.3</AltitudeMeters>
          <DistanceMeters>70455.1</DistanceMeters>
        </Trackpoint>
        <Trackpoint>
          <Time>2026-07-26T04:40:33Z</Time>
          <Position>
            <LatitudeDegrees>35.23474</LatitudeDegrees>
            <LongitudeDegrees>-106.1994</LongitudeDegrees>
          </Position>
          <AltitudeMeters>2200.0</AltitudeMeters>
          <DistanceMeters>70482.6</DistanceMeters>
        </Trackpoint>
        <Trackpoint>
          <Time>2026-07-26T04:40:43Z</Time>
          <Position>
            <LatitudeDegrees>35.23466</LatitudeDegrees>
            <LongitudeDegrees>-106.19924</LongitudeDegrees>
          </Position>
          <AltitudeMeters>2199.1</AltitudeMeters>
          <DistanceMeters>70499.6</DistanceMeters>
        </Trackpoint>
        <Trackpoint>
          <Time>2026-07-26T04:40:53Z</Time>
          <Position>
            <LatitudeDegrees>35.2346</LatitudeDegrees>
            <LongitudeDegrees>-106.19907</LongitudeDegrees>
          </Position>
          <AltitudeMeters>2198.1</AltitudeMeters>
          <DistanceMeters>70516.5</DistanceMeters>
        </Trackpoint>
        <Trackpoint>
          <Time>2026-07-26T04:41:03Z</Time>
          <Position>
            <LatitudeDegrees>35.23454</LatitudeDegrees>
            <LongitudeDegrees>-106.19882</LongitudeDegrees>
          </Position>
          <AltitudeMeters>2196.5</AltitudeMeters>
          <DistanceMeters>70540.2</DistanceMeters>
        </Trackpoint>
        <Trackpoint>
          <Time>2026-07-26T04:41:13Z</Time>
          <Position>
            <LatitudeDegrees>35.2344</LatitudeDegrees>
            <LongitudeDegrees>-106.19797</LongitudeDegrees>
          </Position>
          <AltitudeMeters>2194.1</AltitudeMeters>
          <DistanceMeters>70619.0</DistanceMeters>
        </Trackpoint>
        <Trackpoint>
          <Time>2026-07-26T04:41:23Z</Time>
          <Position>
            <LatitudeDegrees>35.23426</LatitudeDegrees>
            <LongitudeDegrees>-106.19713</LongitudeDegrees>
          </Position>
          <AltitudeMeters>2189.9</AltitudeMeters>
          <DistanceMeters>70697.0</DistanceMeters>
        </Trackpoint>
        <Trackpoint>
          <Time>2026-07-26T04:41:33Z</Time>
          <Position>
            <LatitudeDegrees>35.23417</LatitudeDegrees>
            <LongitudeDegrees>-106.19669</LongitudeDegrees>
          </Position>
          <AltitudeMeters>2190.1</AltitudeMeters>
          <DistanceMeters>70738.2</DistanceMeters>
        </Trackpoint>
        <Trackpoint>
          <Time>2026-07-26T04:41:43Z</Time>
          <Position>
            <LatitudeDegrees>35.23406</LatitudeDegrees>
            <LongitudeDegrees>-106.19627</LongitudeDegrees>
          </Position>
          <AltitudeMeters>2191.1</AltitudeMeters>
          <DistanceMeters>70778.3</DistanceMeters>
        </Trackpoint>
        <Trackpoint>
          <Time>2026-07-26T04:41:53Z</Time>
          <Position>
            <LatitudeDegrees>35.23386</LatitudeDegrees>
            <LongitudeDegrees>-106.19564</LongitudeDegrees>
          </Position>
          <AltitudeMeters>2191.5</AltitudeMeters>
          <DistanceMeters>70839.8</DistanceMeters>
        </Trackpoint>
        <Trackpoint>
          <Time>2026-07-26T04:42:03Z</Time>
          <Position>
            <LatitudeDegrees>35.23365</LatitudeDegrees>
            <LongitudeDegrees>-106.19512</LongitudeDegrees>
          </Position>
          <AltitudeMeters>2189.8</AltitudeMeters>
          <DistanceMeters>70892.5</DistanceMeters>
        </Trackpoint>
        <Trackpoint>
          <Time>2026-07-26T04:42:13Z</Time>
          <Position>
            <LatitudeDegrees>35.23329</LatitudeDegrees>
            <LongitudeDegrees>-106.19443</LongitudeDegrees>
          </Position>
          <AltitudeMeters>2186.2</AltitudeMeters>
          <DistanceMeters>70967.0</DistanceMeters>
        </Trackpoint>
        <Trackpoint>
          <Time>2026-07-26T04:42:23Z</Time>
          <Position>
            <LatitudeDegrees>35.23281</LatitudeDegrees>
            <LongitudeDegrees>-106.19371</LongitudeDegrees>
          </Position>
          <AltitudeMeters>2184.6</AltitudeMeters>
          <DistanceMeters>71051.5</DistanceMeters>
        </Trackpoint>
        <Trackpoint>
          <Time>2026-07-26T04:42:33Z</Time>
          <Position>
            <LatitudeDegrees>35.23233</LatitudeDegrees>
            <LongitudeDegrees>-106.193</LongitudeDegrees>
          </Position>
          <AltitudeMeters>2181.3</AltitudeMeters>
          <DistanceMeters>71135.3</DistanceMeters>
        </Trackpoint>
        <Trackpoint>
          <Time>2026-07-26T04:42:43Z</Time>
          <Position>
            <LatitudeDegrees>35.23184</LatitudeDegrees>
            <LongitudeDegrees>-106.19228</LongitudeDegrees>
          </Position>
          <AltitudeMeters>2174.5</AltitudeMeters>
          <DistanceMeters>71220.5</DistanceMeters>
        </Trackpoint>
        <Trackpoint>
          <Time>2026-07-26T04:42:53Z</Time>
          <Position>
            <LatitudeDegrees>35.23143</LatitudeDegrees>
            <LongitudeDegrees>-106.19168</LongitudeDegrees>
          </Position>
          <AltitudeMeters>2170.2</AltitudeMeters>
          <DistanceMeters>71291.6</DistanceMeters>
        </Trackpoint>
        <Trackpoint>
          <Time>2026-07-26T04:43:03Z</Time>
          <Position>
            <LatitudeDegrees>35.23102</LatitudeDegrees>
            <LongitudeDegrees>-106.19109</LongitudeDegrees>
          </Position>
          <AltitudeMeters>2171.9</AltitudeMeters>
          <DistanceMeters>71362.0</DistanceMeters>
        </Trackpoint>
        <Trackpoint>
          <Time>2026-07-26T04:43:13Z</Time>
          <Position>
            <LatitudeDegrees>35.2306</LatitudeDegrees>
            <LongitudeDegrees>-106.1905</LongitudeDegrees>
          </Position>
          <AltitudeMeters>2169.2</AltitudeMeters>
          <DistanceMeters>71433.2</DistanceMeters>
        </Trackpoint>
        <Trackpoint>
          <Time>2026-07-26T04:43:23Z</Time>
          <Position>
            <LatitudeDegrees>35.23021</LatitudeDegrees>
            <LongitudeDegrees>-106.18996</LongitudeDegrees>
          </Position>
          <AltitudeMeters>2165.1</AltitudeMeters>
          <DistanceMeters>71498.7</DistanceMeters>
        </Trackpoint>
        <Trackpoint>
          <Time>2026-07-26T04:43:33Z</Time>
          <Position>
            <LatitudeDegrees>35.23003</LatitudeDegrees>
            <LongitudeDegrees>-106.18964</LongitudeDegrees>
          </Position>
          <AltitudeMeters>2163.9</AltitudeMeters>
          <DistanceMeters>71534.1</DistanceMeters>
        </Trackpoint>
        <Trackpoint>
          <Time>2026-07-26T04:43:43Z</Time>
          <Position>
            <LatitudeDegrees>35.22987</LatitudeDegrees>
            <LongitudeDegrees>-106.18928</LongitudeDegrees>
          </Position>
          <AltitudeMeters>2162.6</AltitudeMeters>
          <DistanceMeters>71571.3</DistanceMeters>
        </Trackpoint>
        <Trackpoint>
          <Time>2026-07-26T04:43:53Z</Time>
          <Position>
            <LatitudeDegrees>35.22977</LatitudeDegrees>
            <LongitudeDegrees>-106.1889</LongitudeDegrees>
          </Position>
          <AltitudeMeters>2162.3</AltitudeMeters>
          <DistanceMeters>71607.6</DistanceMeters>
        </Trackpoint>
        <Trackpoint>
          <Time>2026-07-26T04:44:03Z</Time>
          <Position>
            <LatitudeDegrees>35.22971</LatitudeDegrees>
            <LongitudeDegrees>-106.1885</LongitudeDegrees>
          </Position>
          <AltitudeMeters>2164.5</AltitudeMeters>
          <DistanceMeters>71644.6</DistanceMeters>
        </Trackpoint>
        <Trackpoint>
          <Time>2026-07-26T04:44:13Z</Time>
          <Position>
            <LatitudeDegrees>35.22969</LatitudeDegrees>
            <LongitudeDegrees>-106.18823</LongitudeDegrees>
          </Position>
          <AltitudeMeters>2164.3</AltitudeMeters>
          <DistanceMeters>71669.3</DistanceMeters>
        </Trackpoint>
        <Trackpoint>
          <Time>2026-07-26T04:44:23Z</Time>
          <Position>
            <LatitudeDegrees>35.2297</LatitudeDegrees>
            <LongitudeDegrees>-106.18796</LongitudeDegrees>
          </Position>
          <AltitudeMeters>2163.3</AltitudeMeters>
          <DistanceMeters>71693.9</DistanceMeters>
        </Trackpoint>
        <Trackpoint>
          <Time>2026-07-26T04:44:33Z</Time>
          <Position>
            <LatitudeDegrees>35.22977</LatitudeDegrees>
            <LongitudeDegrees>-106.1874</LongitudeDegrees>
          </Position>
          <AltitudeMeters>2160.9</AltitudeMeters>
          <DistanceMeters>71745.4</DistanceMeters>
        </Trackpoint>
        <Trackpoint>
          <Time>2026-07-26T04:44:43Z</Time>
          <Position>
            <LatitudeDegrees>35.22984</LatitudeDegrees>
            <LongitudeDegrees>-106.18684</LongitudeDegrees>
          </Position>
          <AltitudeMeters>2160.3</AltitudeMeters>
          <DistanceMeters>71796.9</DistanceMeters>
        </Trackpoint>
        <Trackpoint>
          <Time>2026-07-26T04:44:53Z</Time>
          <Position>
            <LatitudeDegrees>35.22985</LatitudeDegrees>
            <LongitudeDegrees>-106.18622</LongitudeDegrees>
          </Position>
          <AltitudeMeters>2160.7</AltitudeMeters>
          <DistanceMeters>71853.3</DistanceMeters>
        </Trackpoint>
        <Trackpoint>
          <Time>2026-07-26T04:45:03Z</Time>
          <Position>
            <LatitudeDegrees>35.22979</LatitudeDegrees>
            <LongitudeDegrees>-106.18528</LongitudeDegrees>
          </Position>
          <AltitudeMeters>2158.5</AltitudeMeters>
          <DistanceMeters>71939.0</DistanceMeters>
        </Trackpoint>
        <Trackpoint>
          <Time>2026-07-26T04:45:13Z</Time>
          <Position>
            <LatitudeDegrees>35.22971</LatitudeDegrees>
            <LongitudeDegrees>-106.18484</LongitudeDegrees>
          </Position>
          <AltitudeMeters>2156.3</AltitudeMeters>
          <DistanceMeters>71980.0</DistanceMeters>
        </Trackpoint>
        <Trackpoint>
          <Time>2026-07-26T04:45:23Z</Time>
          <Position>
            <LatitudeDegrees>35.22959</LatitudeDegrees>
            <LongitudeDegrees>-106.1843</LongitudeDegrees>
          </Position>
          <AltitudeMeters>2155.3</AltitudeMeters>
          <DistanceMeters>72030.9</DistanceMeters>
        </Trackpoint>
        <Trackpoint>
          <Time>2026-07-26T04:45:33Z</Time>
          <Position>
            <LatitudeDegrees>35.22938</LatitudeDegrees>
            <LongitudeDegrees>-106.18363</LongitudeDegrees>
          </Position>
          <AltitudeMeters>2153.6</AltitudeMeters>
          <DistanceMeters>72096.1</DistanceMeters>
        </Trackpoint>
        <Trackpoint>
          <Time>2026-07-26T04:45:43Z</Time>
          <Position>
            <LatitudeDegrees>35.22914</LatitudeDegrees>
            <LongitudeDegrees>-106.18313</LongitudeDegrees>
          </Position>
          <AltitudeMeters>2150.4</AltitudeMeters>
          <DistanceMeters>72148.9</DistanceMeters>
        </Trackpoint>
        <Trackpoint>
          <Time>2026-07-26T04:45:53Z</Time>
          <Position>
            <LatitudeDegrees>35.22864</LatitudeDegrees>
            <LongitudeDegrees>-106.18226</LongitudeDegrees>
          </Position>
          <AltitudeMeters>2142.0</AltitudeMeters>
          <DistanceMeters>72245.6</DistanceMeters>
        </Trackpoint>
        <Trackpoint>
          <Time>2026-07-26T04:46:03Z</Time>
          <Position>
            <LatitudeDegrees>35.22848</LatitudeDegrees>
            <LongitudeDegrees>-106.18187</LongitudeDegrees>
          </Position>
          <AltitudeMeters>2142.5</AltitudeMeters>
          <DistanceMeters>72285.3</DistanceMeters>
        </Trackpoint>
        <Trackpoint>
          <Time>2026-07-26T04:46:13Z</Time>
          <Position>
            <LatitudeDegrees>35.22838</LatitudeDegrees>
            <LongitudeDegrees>-106.18146</LongitudeDegrees>
          </Position>
          <AltitudeMeters>2144.4</AltitudeMeters>
          <DistanceMeters>72324.2</DistanceMeters>
        </Trackpoint>
        <Trackpoint>
          <Time>2026-07-26T04:46:23Z</Time>
          <Position>
            <LatitudeDegrees>35.22831</LatitudeDegrees>
            <LongitudeDegrees>-106.18108</LongitudeDegrees>
          </Position>
          <AltitudeMeters>2144.9</AltitudeMeters>
          <DistanceMeters>72359.6</DistanceMeters>
        </Trackpoint>
        <Trackpoint>
          <Time>2026-07-26T04:46:33Z</Time>
          <Position>
            <LatitudeDegrees>35.22815</LatitudeDegrees>
            <LongitudeDegrees>-106.18038</LongitudeDegrees>
          </Position>
          <AltitudeMeters>2144.9</AltitudeMeters>
          <DistanceMeters>72425.7</DistanceMeters>
        </Trackpoint>
        <Trackpoint>
          <Time>2026-07-26T04:46:43Z</Time>
          <Position>
            <LatitudeDegrees>35.22787</LatitudeDegrees>
            <LongitudeDegrees>-106.17939</LongitudeDegrees>
          </Position>
          <AltitudeMeters>2145.1</AltitudeMeters>
          <DistanceMeters>72521.0</DistanceMeters>
        </Trackpoint>
        <Trackpoint>
          <Time>2026-07-26T04:46:53Z</Time>
          <Position>
            <LatitudeDegrees>35.22759</LatitudeDegrees>
            <LongitudeDegrees>-106.1784</LongitudeDegrees>
          </Position>
          <AltitudeMeters>2142.8</AltitudeMeters>
          <DistanceMeters>72616.2</DistanceMeters>
        </Trackpoint>
        <Trackpoint>
          <Time>2026-07-26T04:47:03Z</Time>
          <Position>
            <LatitudeDegrees>35.2273</LatitudeDegrees>
            <LongitudeDegrees>-106.17741</LongitudeDegrees>
          </Position>
          <AltitudeMeters>2140.8</AltitudeMeters>
          <DistanceMeters>72711.9</DistanceMeters>
        </Trackpoint>
        <Trackpoint>
          <Time>2026-07-26T04:47:13Z</Time>
          <Position>
            <LatitudeDegrees>35.22702</LatitudeDegrees>
            <LongitudeDegrees>-106.17642</LongitudeDegrees>
          </Position>
          <AltitudeMeters>2136.4</AltitudeMeters>
          <DistanceMeters>72807.1</DistanceMeters>
        </Trackpoint>
        <Trackpoint>
          <Time>2026-07-26T04:47:23Z</Time>
          <Position>
            <LatitudeDegrees>35.22675</LatitudeDegrees>
            <LongitudeDegrees>-106.17554</LongitudeDegrees>
          </Position>
          <AltitudeMeters>2132.7</AltitudeMeters>
          <DistanceMeters>72892.6</DistanceMeters>
        </Trackpoint>
        <Trackpoint>
          <Time>2026-07-26T04:47:33Z</Time>
          <Position>
            <LatitudeDegrees>35.22648</LatitudeDegrees>
            <LongitudeDegrees>-106.17465</LongitudeDegrees>
          </Position>
          <AltitudeMeters>2127.9</AltitudeMeters>
          <DistanceMeters>72979.0</DistanceMeters>
        </Trackpoint>
        <Trackpoint>
          <Time>2026-07-26T04:47:43Z</Time>
          <Position>
            <LatitudeDegrees>35.22632</LatitudeDegrees>
            <LongitudeDegrees>-106.174</LongitudeDegrees>
          </Position>
          <AltitudeMeters>2124.0</AltitudeMeters>
          <DistanceMeters>73040.7</DistanceMeters>
        </Trackpoint>
        <Trackpoint>
          <Time>2026-07-26T04:47:53Z</Time>
          <Position>
            <LatitudeDegrees>35.22627</LatitudeDegrees>
            <LongitudeDegrees>-106.17351</LongitudeDegrees>
          </Position>
          <AltitudeMeters>2121.3</AltitudeMeters>
          <DistanceMeters>73085.6</DistanceMeters>
        </Trackpoint>
        <Trackpoint>
          <Time>2026-07-26T04:48:03Z</Time>
          <Position>
            <LatitudeDegrees>35.22629</LatitudeDegrees>
            <LongitudeDegrees>-106.17256</LongitudeDegrees>
          </Position>
          <AltitudeMeters>2123.2</AltitudeMeters>
          <DistanceMeters>73172.0</DistanceMeters>
        </Trackpoint>
        <Trackpoint>
          <Time>2026-07-26T04:48:13Z</Time>
          <Position>
            <LatitudeDegrees>35.22632</LatitudeDegrees>
            <LongitudeDegrees>-106.17162</LongitudeDegrees>
          </Position>
          <AltitudeMeters>2116.6</AltitudeMeters>
          <DistanceMeters>73257.6</DistanceMeters>
        </Trackpoint>
        <Trackpoint>
          <Time>2026-07-26T04:48:23Z</Time>
          <Position>
            <LatitudeDegrees>35.22634</LatitudeDegrees>
            <LongitudeDegrees>-106.17067</LongitudeDegrees>
          </Position>
          <AltitudeMeters>2114.3</AltitudeMeters>
          <DistanceMeters>73344.0</DistanceMeters>
        </Trackpoint>
        <Trackpoint>
          <Time>2026-07-26T04:48:33Z</Time>
          <Position>
            <LatitudeDegrees>35.22636</LatitudeDegrees>
            <LongitudeDegrees>-106.16972</LongitudeDegrees>
          </Position>
          <AltitudeMeters>2113.0</AltitudeMeters>
          <DistanceMeters>73430.4</DistanceMeters>
        </Trackpoint>
        <Trackpoint>
          <Time>2026-07-26T04:48:43Z</Time>
          <Position>
            <LatitudeDegrees>35.22634</LatitudeDegrees>
            <LongitudeDegrees>-106.16942</LongitudeDegrees>
          </Position>
          <AltitudeMeters>2113.4</AltitudeMeters>
          <DistanceMeters>73457.8</DistanceMeters>
        </Trackpoint>
        <Trackpoint>
          <Time>2026-07-26T04:48:53Z</Time>
          <Position>
            <LatitudeDegrees>35.2263</LatitudeDegrees>
            <LongitudeDegrees>-106.16914</LongitudeDegrees>
          </Position>
          <AltitudeMeters>2113.4</AltitudeMeters>
          <DistanceMeters>73483.6</DistanceMeters>
        </Trackpoint>
        <Trackpoint>
          <Time>2026-07-26T04:49:03Z</Time>
          <Position>
            <LatitudeDegrees>35.22609</LatitudeDegrees>
            <LongitudeDegrees>-106.16818</LongitudeDegrees>
          </Position>
          <AltitudeMeters>2110.6</AltitudeMeters>
          <DistanceMeters>73574.0</DistanceMeters>
        </Trackpoint>
        <Trackpoint>
          <Time>2026-07-26T04:49:13Z</Time>
          <Position>
            <LatitudeDegrees>35.22592</LatitudeDegrees>
            <LongitudeDegrees>-106.16746</LongitudeDegrees>
          </Position>
          <AltitudeMeters>2108.6</AltitudeMeters>
          <DistanceMeters>73642.1</DistanceMeters>
        </Trackpoint>
        <Trackpoint>
          <Time>2026-07-26T04:49:23Z</Time>
          <Position>
            <LatitudeDegrees>35.22574</LatitudeDegrees>
            <LongitudeDegrees>-106.16674</LongitudeDegrees>
          </Position>
          <AltitudeMeters>2108.0</AltitudeMeters>
          <DistanceMeters>73710.6</DistanceMeters>
        </Trackpoint>
        <Trackpoint>
          <Time>2026-07-26T04:49:33Z</Time>
          <Position>
            <LatitudeDegrees>35.22563</LatitudeDegrees>
            <LongitudeDegrees>-106.16611</LongitudeDegrees>
          </Position>
          <AltitudeMeters>2108.1</AltitudeMeters>
          <DistanceMeters>73769.2</DistanceMeters>
        </Trackpoint>
        <Trackpoint>
          <Time>2026-07-26T04:49:43Z</Time>
          <Position>
            <LatitudeDegrees>35.22558</LatitudeDegrees>
            <LongitudeDegrees>-106.16564</LongitudeDegrees>
          </Position>
          <AltitudeMeters>2108.4</AltitudeMeters>
          <DistanceMeters>73812.3</DistanceMeters>
        </Trackpoint>
        <Trackpoint>
          <Time>2026-07-26T04:49:53Z</Time>
          <Position>
            <LatitudeDegrees>35.22557</LatitudeDegrees>
            <LongitudeDegrees>-106.16489</LongitudeDegrees>
          </Position>
          <AltitudeMeters>2108.4</AltitudeMeters>
          <DistanceMeters>73880.5</DistanceMeters>
        </Trackpoint>
        <Trackpoint>
          <Time>2026-07-26T04:50:03Z</Time>
          <Position>
            <LatitudeDegrees>35.22557</LatitudeDegrees>
            <LongitudeDegrees>-106.16384</LongitudeDegrees>
          </Position>
          <AltitudeMeters>2106.8</AltitudeMeters>
          <DistanceMeters>73976.0</DistanceMeters>
        </Trackpoint>
        <Trackpoint>
          <Time>2026-07-26T04:50:13Z</Time>
          <Position>
            <LatitudeDegrees>35.22557</LatitudeDegrees>
            <LongitudeDegrees>-106.16279</LongitudeDegrees>
          </Position>
          <AltitudeMeters>2106.2</AltitudeMeters>
          <DistanceMeters>74071.5</DistanceMeters>
        </Trackpoint>
        <Trackpoint>
          <Time>2026-07-26T04:50:23Z</Time>
          <Position>
            <LatitudeDegrees>35.22557</LatitudeDegrees>
            <LongitudeDegrees>-106.16186</LongitudeDegrees>
          </Position>
          <AltitudeMeters>2105.0</AltitudeMeters>
          <DistanceMeters>74156.0</DistanceMeters>
        </Trackpoint>
        <Trackpoint>
          <Time>2026-07-26T04:50:33Z</Time>
          <Position>
            <LatitudeDegrees>35.22557</LatitudeDegrees>
            <LongitudeDegrees>-106.16093</LongitudeDegrees>
          </Position>
          <AltitudeMeters>2101.8</AltitudeMeters>
          <DistanceMeters>74240.6</DistanceMeters>
        </Trackpoint>
        <Trackpoint>
          <Time>2026-07-26T04:50:43Z</Time>
          <Position>
            <LatitudeDegrees>35.22556</LatitudeDegrees>
            <LongitudeDegrees>-106.16001</LongitudeDegrees>
          </Position>
          <AltitudeMeters>2100.1</AltitudeMeters>
          <DistanceMeters>74324.3</DistanceMeters>
        </Trackpoint>
        <Trackpoint>
          <Time>2026-07-26T04:50:53Z</Time>
          <Position>
            <LatitudeDegrees>35.22556</LatitudeDegrees>
            <LongitudeDegrees>-106.15908</LongitudeDegrees>
          </Position>
          <AltitudeMeters>2100.5</AltitudeMeters>
          <DistanceMeters>74408.8</DistanceMeters>
        </Trackpoint>
        <Trackpoint>
          <Time>2026-07-26T04:51:03Z</Time>
          <Position>
            <LatitudeDegrees>35.22555</LatitudeDegrees>
            <LongitudeDegrees>-106.15815</LongitudeDegrees>
          </Position>
          <AltitudeMeters>2098.0</AltitudeMeters>
          <DistanceMeters>74493.4</DistanceMeters>
        </Trackpoint>
        <Trackpoint>
          <Time>2026-07-26T04:51:13Z</Time>
          <Position>
            <LatitudeDegrees>35.22551</LatitudeDegrees>
            <LongitudeDegrees>-106.15777</LongitudeDegrees>
          </Position>
          <AltitudeMeters>2095.4</AltitudeMeters>
          <DistanceMeters>74528.2</DistanceMeters>
        </Trackpoint>
        <Trackpoint>
          <Time>2026-07-26T04:51:23Z</Time>
          <Position>
            <LatitudeDegrees>35.22544</LatitudeDegrees>
            <LongitudeDegrees>-106.15744</LongitudeDegrees>
          </Position>
          <AltitudeMeters>2092.9</AltitudeMeters>
          <DistanceMeters>74559.3</DistanceMeters>
        </Trackpoint>
        <Trackpoint>
          <Time>2026-07-26T04:51:33Z</Time>
          <Position>
            <LatitudeDegrees>35.22533</LatitudeDegrees>
            <LongitudeDegrees>-106.15713</LongitudeDegrees>
          </Position>
          <AltitudeMeters>2091.3</AltitudeMeters>
          <DistanceMeters>74590.0</DistanceMeters>
        </Trackpoint>
        <Trackpoint>
          <Time>2026-07-26T04:51:43Z</Time>
          <Position>
            <LatitudeDegrees>35.22521</LatitudeDegrees>
            <LongitudeDegrees>-106.1569</LongitudeDegrees>
          </Position>
          <AltitudeMeters>2090.8</AltitudeMeters>
          <DistanceMeters>74614.8</DistanceMeters>
        </Trackpoint>
        <Trackpoint>
          <Time>2026-07-26T04:51:53Z</Time>
          <Position>
            <LatitudeDegrees>35.22505</LatitudeDegrees>
            <LongitudeDegrees>-106.15668</LongitudeDegrees>
          </Position>
          <AltitudeMeters>2090.3</AltitudeMeters>
          <DistanceMeters>74641.6</DistanceMeters>
        </Trackpoint>
        <Trackpoint>
          <Time>2026-07-26T04:52:03Z</Time>
          <Position>
            <LatitudeDegrees>35.2249</LatitudeDegrees>
            <LongitudeDegrees>-106.15651</LongitudeDegrees>
          </Position>
          <AltitudeMeters>2090.2</AltitudeMeters>
          <DistanceMeters>74664.3</DistanceMeters>
        </Trackpoint>
        <Trackpoint>
          <Time>2026-07-26T04:52:13Z</Time>
          <Position>
            <LatitudeDegrees>35.22474</LatitudeDegrees>
            <LongitudeDegrees>-106.15638</LongitudeDegrees>
          </Position>
          <AltitudeMeters>2090.2</AltitudeMeters>
          <DistanceMeters>74685.7</DistanceMeters>
        </Trackpoint>
        <Trackpoint>
          <Time>2026-07-26T04:52:23Z</Time>
          <Position>
            <LatitudeDegrees>35.22446</LatitudeDegrees>
            <LongitudeDegrees>-106.15622</LongitudeDegrees>
          </Position>
          <AltitudeMeters>2089.1</AltitudeMeters>
          <DistanceMeters>74720.1</DistanceMeters>
        </Trackpoint>
        <Trackpoint>
          <Time>2026-07-26T04:52:33Z</Time>
          <Position>
            <LatitudeDegrees>35.22421</LatitudeDegrees>
            <LongitudeDegrees>-106.15616</LongitudeDegrees>
          </Position>
          <AltitudeMeters>2087.8</AltitudeMeters>
          <DistanceMeters>74748.5</DistanceMeters>
        </Trackpoint>
        <Trackpoint>
          <Time>2026-07-26T04:52:43Z</Time>
          <Position>
            <LatitudeDegrees>35.22394</LatitudeDegrees>
            <LongitudeDegrees>-106.15613</LongitudeDegrees>
          </Position>
          <AltitudeMeters>2086.8</AltitudeMeters>
          <DistanceMeters>74778.7</DistanceMeters>
        </Trackpoint>
        <Trackpoint>
          <Time>2026-07-26T04:52:53Z</Time>
          <Position>
            <LatitudeDegrees>35.22304</LatitudeDegrees>
            <LongitudeDegrees>-106.15614</LongitudeDegrees>
          </Position>
          <AltitudeMeters>2087.1</AltitudeMeters>
          <DistanceMeters>74878.9</DistanceMeters>
        </Trackpoint>
        <Trackpoint>
          <Time>2026-07-26T04:53:03Z</Time>
          <Position>
            <LatitudeDegrees>35.22273</LatitudeDegrees>
            <LongitudeDegrees>-106.15613</LongitudeDegrees>
          </Position>
          <AltitudeMeters>2087.2</AltitudeMeters>
          <DistanceMeters>74913.4</DistanceMeters>
        </Trackpoint>
        <Trackpoint>
          <Time>2026-07-26T04:53:13Z</Time>
          <Position>
            <LatitudeDegrees>35.22188</LatitudeDegrees>
            <LongitudeDegrees>-106.15611</LongitudeDegrees>
          </Position>
          <AltitudeMeters>2087.5</AltitudeMeters>
          <DistanceMeters>75008.0</DistanceMeters>
        </Trackpoint>
        <Trackpoint>
          <Time>2026-07-26T04:53:23Z</Time>
          <Position>
            <LatitudeDegrees>35.22103</LatitudeDegrees>
            <LongitudeDegrees>-106.1561</LongitudeDegrees>
          </Position>
          <AltitudeMeters>2089.2</AltitudeMeters>
          <DistanceMeters>75102.6</DistanceMeters>
        </Trackpoint>
        <Trackpoint>
          <Time>2026-07-26T04:53:33Z</Time>
          <Position>
            <LatitudeDegrees>35.22018</LatitudeDegrees>
            <LongitudeDegrees>-106.15608</LongitudeDegrees>
          </Position>
          <AltitudeMeters>2088.3</AltitudeMeters>
          <DistanceMeters>75197.3</DistanceMeters>
        </Trackpoint>
        <Trackpoint>
          <Time>2026-07-26T04:53:43Z</Time>
          <Position>
            <LatitudeDegrees>35.21934</LatitudeDegrees>
            <LongitudeDegrees>-106.15606</LongitudeDegrees>
          </Position>
          <AltitudeMeters>2087.6</AltitudeMeters>
          <DistanceMeters>75290.8</DistanceMeters>
        </Trackpoint>
        <Trackpoint>
          <Time>2026-07-26T04:53:53Z</Time>
          <Position>
            <LatitudeDegrees>35.21849</LatitudeDegrees>
            <LongitudeDegrees>-106.15604</LongitudeDegrees>
          </Position>
          <AltitudeMeters>2085.9</AltitudeMeters>
          <DistanceMeters>75385.4</DistanceMeters>
        </Trackpoint>
        <Trackpoint>
          <Time>2026-07-26T04:54:03Z</Time>
          <Position>
            <LatitudeDegrees>35.21764</LatitudeDegrees>
            <LongitudeDegrees>-106.15603</LongitudeDegrees>
          </Position>
          <AltitudeMeters>2083.5</AltitudeMeters>
          <DistanceMeters>75480.1</DistanceMeters>
        </Trackpoint>
        <Trackpoint>
          <Time>2026-07-26T04:54:13Z</Time>
          <Position>
            <LatitudeDegrees>35.21679</LatitudeDegrees>
            <LongitudeDegrees>-106.15601</LongitudeDegrees>
          </Position>
          <AltitudeMeters>2080.1</AltitudeMeters>
          <DistanceMeters>75574.7</DistanceMeters>
        </Trackpoint>
        <Trackpoint>
          <Time>2026-07-26T04:54:23Z</Time>
          <Position>
            <LatitudeDegrees>35.21595</LatitudeDegrees>
            <LongitudeDegrees>-106.15599</LongitudeDegrees>
          </Position>
          <AltitudeMeters>2077.8</AltitudeMeters>
          <DistanceMeters>75668.2</DistanceMeters>
        </Trackpoint>
        <Trackpoint>
          <Time>2026-07-26T04:54:33Z</Time>
          <Position>
            <LatitudeDegrees>35.21529</LatitudeDegrees>
            <LongitudeDegrees>-106.15599</LongitudeDegrees>
          </Position>
          <AltitudeMeters>2077.8</AltitudeMeters>
          <DistanceMeters>75741.7</DistanceMeters>
        </Trackpoint>
        <Trackpoint>
          <Time>2026-07-26T04:54:43Z</Time>
          <Position>
            <LatitudeDegrees>35.21464</LatitudeDegrees>
            <LongitudeDegrees>-106.15598</LongitudeDegrees>
          </Position>
          <AltitudeMeters>2078.1</AltitudeMeters>
          <DistanceMeters>75814.1</DistanceMeters>
        </Trackpoint>
        <Trackpoint>
          <Time>2026-07-26T04:54:53Z</Time>
          <Position>
            <LatitudeDegrees>35.21377</LatitudeDegrees>
            <LongitudeDegrees>-106.15598</LongitudeDegrees>
          </Position>
          <AltitudeMeters>2077.9</AltitudeMeters>
          <DistanceMeters>75910.9</DistanceMeters>
        </Trackpoint>
        <Trackpoint>
          <Time>2026-07-26T04:55:03Z</Time>
          <Position>
            <LatitudeDegrees>35.2129</LatitudeDegrees>
            <LongitudeDegrees>-106.15598</LongitudeDegrees>
          </Position>
          <AltitudeMeters>2075.5</AltitudeMeters>
          <DistanceMeters>76007.8</DistanceMeters>
        </Trackpoint>
        <Trackpoint>
          <Time>2026-07-26T04:55:13Z</Time>
          <Position>
            <LatitudeDegrees>35.21202</LatitudeDegrees>
            <LongitudeDegrees>-106.15598</LongitudeDegrees>
          </Position>
          <AltitudeMeters>2072.5</AltitudeMeters>
          <DistanceMeters>76105.7</DistanceMeters>
        </Trackpoint>
        <Trackpoint>
          <Time>2026-07-26T04:55:23Z</Time>
          <Position>
            <LatitudeDegrees>35.21115</LatitudeDegrees>
            <LongitudeDegrees>-106.15598</LongitudeDegrees>
          </Position>
          <AltitudeMeters>2071.1</AltitudeMeters>
          <DistanceMeters>76202.6</DistanceMeters>
        </Trackpoint>
        <Trackpoint>
          <Time>2026-07-26T04:55:33Z</Time>
          <Position>
            <LatitudeDegrees>35.21027</LatitudeDegrees>
            <LongitudeDegrees>-106.15598</LongitudeDegrees>
          </Position>
          <AltitudeMeters>2069.4</AltitudeMeters>
          <DistanceMeters>76300.5</DistanceMeters>
        </Trackpoint>
        <Trackpoint>
          <Time>2026-07-26T04:55:43Z</Time>
          <Position>
            <LatitudeDegrees>35.2094</LatitudeDegrees>
            <LongitudeDegrees>-106.15598</LongitudeDegrees>
          </Position>
          <AltitudeMeters>2068.1</AltitudeMeters>
          <DistanceMeters>76397.4</DistanceMeters>
        </Trackpoint>
        <Trackpoint>
          <Time>2026-07-26T04:55:53Z</Time>
          <Position>
            <LatitudeDegrees>35.20853</LatitudeDegrees>
            <LongitudeDegrees>-106.15598</LongitudeDegrees>
          </Position>
          <AltitudeMeters>2069.1</AltitudeMeters>
          <DistanceMeters>76494.2</DistanceMeters>
        </Trackpoint>
        <Trackpoint>
          <Time>2026-07-26T04:56:03Z</Time>
          <Position>
            <LatitudeDegrees>35.20765</LatitudeDegrees>
            <LongitudeDegrees>-106.15598</LongitudeDegrees>
          </Position>
          <AltitudeMeters>2069.9</AltitudeMeters>
          <DistanceMeters>76592.2</DistanceMeters>
        </Trackpoint>
        <Trackpoint>
          <Time>2026-07-26T04:56:13Z</Time>
          <Position>
            <LatitudeDegrees>35.20678</LatitudeDegrees>
            <LongitudeDegrees>-106.15598</LongitudeDegrees>
          </Position>
          <AltitudeMeters>2070.1</AltitudeMeters>
          <DistanceMeters>76689.0</DistanceMeters>
        </Trackpoint>
        <Trackpoint>
          <Time>2026-07-26T04:56:23Z</Time>
          <Position>
            <LatitudeDegrees>35.20591</LatitudeDegrees>
            <LongitudeDegrees>-106.15598</LongitudeDegrees>
          </Position>
          <AltitudeMeters>2070.1</AltitudeMeters>
          <DistanceMeters>76785.9</DistanceMeters>
        </Trackpoint>
        <Trackpoint>
          <Time>2026-07-26T04:56:33Z</Time>
          <Position>
            <LatitudeDegrees>35.20503</LatitudeDegrees>
            <LongitudeDegrees>-106.15598</LongitudeDegrees>
          </Position>
          <AltitudeMeters>2069.2</AltitudeMeters>
          <DistanceMeters>76883.8</DistanceMeters>
        </Trackpoint>
        <Trackpoint>
          <Time>2026-07-26T04:56:43Z</Time>
          <Position>
            <LatitudeDegrees>35.20416</LatitudeDegrees>
            <LongitudeDegrees>-106.15598</LongitudeDegrees>
          </Position>
          <AltitudeMeters>2066.7</AltitudeMeters>
          <DistanceMeters>76980.7</DistanceMeters>
        </Trackpoint>
        <Trackpoint>
          <Time>2026-07-26T04:56:53Z</Time>
          <Position>
            <LatitudeDegrees>35.20329</LatitudeDegrees>
            <LongitudeDegrees>-106.15598</LongitudeDegrees>
          </Position>
          <AltitudeMeters>2065.4</AltitudeMeters>
          <DistanceMeters>77077.5</DistanceMeters>
        </Trackpoint>
        <Trackpoint>
          <Time>2026-07-26T04:57:03Z</Time>
          <Position>
            <LatitudeDegrees>35.20241</LatitudeDegrees>
            <LongitudeDegrees>-106.15598</LongitudeDegrees>
          </Position>
          <AltitudeMeters>2064.6</AltitudeMeters>
          <DistanceMeters>77175.5</DistanceMeters>
        </Trackpoint>
        <Trackpoint>
          <Time>2026-07-26T04:57:13Z</Time>
          <Position>
            <LatitudeDegrees>35.20154</LatitudeDegrees>
            <LongitudeDegrees>-106.15598</LongitudeDegrees>
          </Position>
          <AltitudeMeters>2063.6</AltitudeMeters>
          <DistanceMeters>77272.3</DistanceMeters>
        </Trackpoint>
        <Trackpoint>
          <Time>2026-07-26T04:57:23Z</Time>
          <Position>
            <LatitudeDegrees>35.20066</LatitudeDegrees>
            <LongitudeDegrees>-106.15598</LongitudeDegrees>
          </Position>
          <AltitudeMeters>2062.6</AltitudeMeters>
          <DistanceMeters>77370.3</DistanceMeters>
        </Trackpoint>
        <Trackpoint>
          <Time>2026-07-26T04:57:33Z</Time>
          <Position>
            <LatitudeDegrees>35.19979</LatitudeDegrees>
            <LongitudeDegrees>-106.15598</LongitudeDegrees>
          </Position>
          <AltitudeMeters>2061.3</AltitudeMeters>
          <DistanceMeters>77467.1</DistanceMeters>
        </Trackpoint>
        <Trackpoint>
          <Time>2026-07-26T04:57:43Z</Time>
          <Position>
            <LatitudeDegrees>35.19892</LatitudeDegrees>
            <LongitudeDegrees>-106.15598</LongitudeDegrees>
          </Position>
          <AltitudeMeters>2059.4</AltitudeMeters>
          <DistanceMeters>77564.0</DistanceMeters>
        </Trackpoint>
        <Trackpoint>
          <Time>2026-07-26T04:57:53Z</Time>
          <Position>
            <LatitudeDegrees>35.19804</LatitudeDegrees>
            <LongitudeDegrees>-106.15598</LongitudeDegrees>
          </Position>
          <AltitudeMeters>2058.7</AltitudeMeters>
          <DistanceMeters>77662.0</DistanceMeters>
        </Trackpoint>
        <Trackpoint>
          <Time>2026-07-26T04:58:03Z</Time>
          <Position>
            <LatitudeDegrees>35.19728</LatitudeDegrees>
            <LongitudeDegrees>-106.15597</LongitudeDegrees>
          </Position>
          <AltitudeMeters>2058.5</AltitudeMeters>
          <DistanceMeters>77746.6</DistanceMeters>
        </Trackpoint>
        <Trackpoint>
          <Time>2026-07-26T04:58:13Z</Time>
          <Position>
            <LatitudeDegrees>35.19652</LatitudeDegrees>
            <LongitudeDegrees>-106.15597</LongitudeDegrees>
          </Position>
          <AltitudeMeters>2057.8</AltitudeMeters>
          <DistanceMeters>77831.2</DistanceMeters>
        </Trackpoint>
        <Trackpoint>
          <Time>2026-07-26T04:58:23Z</Time>
          <Position>
            <LatitudeDegrees>35.19576</LatitudeDegrees>
            <LongitudeDegrees>-106.15596</LongitudeDegrees>
          </Position>
          <AltitudeMeters>2056.8</AltitudeMeters>
          <DistanceMeters>77915.8</DistanceMeters>
        </Trackpoint>
        <Trackpoint>
          <Time>2026-07-26T04:58:33Z</Time>
          <Position>
            <LatitudeDegrees>35.195</LatitudeDegrees>
            <LongitudeDegrees>-106.15596</LongitudeDegrees>
          </Position>
          <AltitudeMeters>2055.8</AltitudeMeters>
          <DistanceMeters>78000.4</DistanceMeters>
        </Trackpoint>
        <Trackpoint>
          <Time>2026-07-26T04:58:43Z</Time>
          <Position>
            <LatitudeDegrees>35.19413</LatitudeDegrees>
            <LongitudeDegrees>-106.15596</LongitudeDegrees>
          </Position>
          <AltitudeMeters>2055.4</AltitudeMeters>
          <DistanceMeters>78097.2</DistanceMeters>
        </Trackpoint>
        <Trackpoint>
          <Time>2026-07-26T04:58:53Z</Time>
          <Position>
            <LatitudeDegrees>35.19327</LatitudeDegrees>
            <LongitudeDegrees>-106.15596</LongitudeDegrees>
          </Position>
          <AltitudeMeters>2055.5</AltitudeMeters>
          <DistanceMeters>78193.0</DistanceMeters>
        </Trackpoint>
        <Trackpoint>
          <Time>2026-07-26T04:59:03Z</Time>
          <Position>
            <LatitudeDegrees>35.19241</LatitudeDegrees>
            <LongitudeDegrees>-106.15597</LongitudeDegrees>
          </Position>
          <AltitudeMeters>2053.6</AltitudeMeters>
          <DistanceMeters>78288.7</DistanceMeters>
        </Trackpoint>
        <Trackpoint>
          <Time>2026-07-26T04:59:13Z</Time>
          <Position>
            <LatitudeDegrees>35.19154</LatitudeDegrees>
            <LongitudeDegrees>-106.15597</LongitudeDegrees>
          </Position>
          <AltitudeMeters>2050.8</AltitudeMeters>
          <DistanceMeters>78385.5</DistanceMeters>
        </Trackpoint>
        <Trackpoint>
          <Time>2026-07-26T04:59:23Z</Time>
          <Position>
            <LatitudeDegrees>35.19068</LatitudeDegrees>
            <LongitudeDegrees>-106.15597</LongitudeDegrees>
          </Position>
          <AltitudeMeters>2049.5</AltitudeMeters>
          <DistanceMeters>78481.3</DistanceMeters>
        </Trackpoint>
        <Trackpoint>
          <Time>2026-07-26T04:59:33Z</Time>
          <Position>
            <LatitudeDegrees>35.18982</LatitudeDegrees>
            <LongitudeDegrees>-106.15598</LongitudeDegrees>
          </Position>
          <AltitudeMeters>2050.1</AltitudeMeters>
          <DistanceMeters>78577.0</DistanceMeters>
        </Trackpoint>
        <Trackpoint>
          <Time>2026-07-26T04:59:43Z</Time>
          <Position>
            <LatitudeDegrees>35.18895</LatitudeDegrees>
            <LongitudeDegrees>-106.15598</LongitudeDegrees>
          </Position>
          <AltitudeMeters>2048.8</AltitudeMeters>
          <DistanceMeters>78673.9</DistanceMeters>
        </Trackpoint>
        <Trackpoint>
          <Time>2026-07-26T04:59:53Z</Time>
          <Position>
            <LatitudeDegrees>35.18809</LatitudeDegrees>
            <LongitudeDegrees>-106.15599</LongitudeDegrees>
          </Position>
          <AltitudeMeters>2046.2</AltitudeMeters>
          <DistanceMeters>78769.6</DistanceMeters>
        </Trackpoint>
        <Trackpoint>
          <Time>2026-07-26T05:00:03Z</Time>
          <Position>
            <LatitudeDegrees>35.18723</LatitudeDegrees>
            <LongitudeDegrees>-106.15599</LongitudeDegrees>
          </Position>
          <AltitudeMeters>2043.3</AltitudeMeters>
          <DistanceMeters>78865.3</DistanceMeters>
        </Trackpoint>
        <Trackpoint>
          <Time>2026-07-26T05:00:13Z</Time>
          <Position>
            <LatitudeDegrees>35.18636</LatitudeDegrees>
            <LongitudeDegrees>-106.15599</LongitudeDegrees>
          </Position>
          <AltitudeMeters>2044.9</AltitudeMeters>
          <DistanceMeters>78962.2</DistanceMeters>
        </Trackpoint>
        <Trackpoint>
          <Time>2026-07-26T05:00:23Z</Time>
          <Position>
            <LatitudeDegrees>35.1855</LatitudeDegrees>
            <LongitudeDegrees>-106.156</LongitudeDegrees>
          </Position>
          <AltitudeMeters>2045.6</AltitudeMeters>
          <DistanceMeters>79057.9</DistanceMeters>
        </Trackpoint>
        <Trackpoint>
          <Time>2026-07-26T05:00:33Z</Time>
          <Position>
            <LatitudeDegrees>35.18469</LatitudeDegrees>
            <LongitudeDegrees>-106.15599</LongitudeDegrees>
          </Position>
          <AltitudeMeters>2044.9</AltitudeMeters>
          <DistanceMeters>79148.1</DistanceMeters>
        </Trackpoint>
        <Trackpoint>
          <Time>2026-07-26T05:00:43Z</Time>
          <Position>
            <LatitudeDegrees>35.18388</LatitudeDegrees>
            <LongitudeDegrees>-106.15599</LongitudeDegrees>
          </Position>
          <AltitudeMeters>2042.6</AltitudeMeters>
          <DistanceMeters>79238.3</DistanceMeters>
        </Trackpoint>
        <Trackpoint>
          <Time>2026-07-26T05:00:53Z</Time>
          <Position>
            <LatitudeDegrees>35.18307</LatitudeDegrees>
            <LongitudeDegrees>-106.15598</LongitudeDegrees>
          </Position>
          <AltitudeMeters>2042.2</AltitudeMeters>
          <DistanceMeters>79328.4</DistanceMeters>
        </Trackpoint>
        <Trackpoint>
          <Time>2026-07-26T05:01:03Z</Time>
          <Position>
            <LatitudeDegrees>35.18226</LatitudeDegrees>
            <LongitudeDegrees>-106.15598</LongitudeDegrees>
          </Position>
          <AltitudeMeters>2041.9</AltitudeMeters>
          <DistanceMeters>79418.6</DistanceMeters>
        </Trackpoint>
        <Trackpoint>
          <Time>2026-07-26T05:01:13Z</Time>
          <Position>
            <LatitudeDegrees>35.18145</LatitudeDegrees>
            <LongitudeDegrees>-106.15597</LongitudeDegrees>
          </Position>
          <AltitudeMeters>2041.1</AltitudeMeters>
          <DistanceMeters>79508.8</DistanceMeters>
        </Trackpoint>
        <Trackpoint>
          <Time>2026-07-26T05:01:23Z</Time>
          <Position>
            <LatitudeDegrees>35.18064</LatitudeDegrees>
            <LongitudeDegrees>-106.15597</LongitudeDegrees>
          </Position>
          <AltitudeMeters>2039.6</AltitudeMeters>
          <DistanceMeters>79598.9</DistanceMeters>
        </Trackpoint>
        <Trackpoint>
          <Time>2026-07-26T05:01:33Z</Time>
          <Position>
            <LatitudeDegrees>35.17984</LatitudeDegrees>
            <LongitudeDegrees>-106.15596</LongitudeDegrees>
          </Position>
          <AltitudeMeters>2038.1</AltitudeMeters>
          <DistanceMeters>79688.0</DistanceMeters>
        </Trackpoint>
        <Trackpoint>
          <Time>2026-07-26T05:01:43Z</Time>
          <Position>
            <LatitudeDegrees>35.17903</LatitudeDegrees>
            <LongitudeDegrees>-106.15596</LongitudeDegrees>
          </Position>
          <AltitudeMeters>2038.3</AltitudeMeters>
          <DistanceMeters>79778.2</DistanceMeters>
        </Trackpoint>
        <Trackpoint>
          <Time>2026-07-26T05:01:53Z</Time>
          <Position>
            <LatitudeDegrees>35.17822</LatitudeDegrees>
            <LongitudeDegrees>-106.15595</LongitudeDegrees>
          </Position>
          <AltitudeMeters>2036.9</AltitudeMeters>
          <DistanceMeters>79868.3</DistanceMeters>
        </Trackpoint>
        <Trackpoint>
          <Time>2026-07-26T05:02:03Z</Time>
          <Position>
            <LatitudeDegrees>35.17741</LatitudeDegrees>
            <LongitudeDegrees>-106.15595</LongitudeDegrees>
          </Position>
          <AltitudeMeters>2034.9</AltitudeMeters>
          <DistanceMeters>79958.5</DistanceMeters>
        </Trackpoint>
        <Trackpoint>
          <Time>2026-07-26T05:02:13Z</Time>
          <Position>
            <LatitudeDegrees>35.17661</LatitudeDegrees>
            <LongitudeDegrees>-106.15594</LongitudeDegrees>
          </Position>
          <AltitudeMeters>2031.8</AltitudeMeters>
          <DistanceMeters>80047.6</DistanceMeters>
        </Trackpoint>
        <Trackpoint>
          <Time>2026-07-26T05:02:23Z</Time>
          <Position>
            <LatitudeDegrees>35.17582</LatitudeDegrees>
            <LongitudeDegrees>-106.15594</LongitudeDegrees>
          </Position>
          <AltitudeMeters>2025.8</AltitudeMeters>
          <DistanceMeters>80135.5</DistanceMeters>
        </Trackpoint>
        <Trackpoint>
          <Time>2026-07-26T05:02:33Z</Time>
          <Position>
            <LatitudeDegrees>35.17503</LatitudeDegrees>
            <LongitudeDegrees>-106.15594</LongitudeDegrees>
          </Position>
          <AltitudeMeters>2025.6</AltitudeMeters>
          <DistanceMeters>80223.5</DistanceMeters>
        </Trackpoint>
        <Trackpoint>
          <Time>2026-07-26T05:02:43Z</Time>
          <Position>
            <LatitudeDegrees>35.17423</LatitudeDegrees>
            <LongitudeDegrees>-106.15594</LongitudeDegrees>
          </Position>
          <AltitudeMeters>2029.1</AltitudeMeters>
          <DistanceMeters>80312.5</DistanceMeters>
        </Trackpoint>
        <Trackpoint>
          <Time>2026-07-26T05:02:53Z</Time>
          <Position>
            <LatitudeDegrees>35.17344</LatitudeDegrees>
            <LongitudeDegrees>-106.15594</LongitudeDegrees>
          </Position>
          <AltitudeMeters>2029.6</AltitudeMeters>
          <DistanceMeters>80400.5</DistanceMeters>
        </Trackpoint>
        <Trackpoint>
          <Time>2026-07-26T05:03:03Z</Time>
          <Position>
            <LatitudeDegrees>35.17265</LatitudeDegrees>
            <LongitudeDegrees>-106.15594</LongitudeDegrees>
          </Position>
          <AltitudeMeters>2029.3</AltitudeMeters>
          <DistanceMeters>80488.4</DistanceMeters>
        </Trackpoint>
        <Trackpoint>
          <Time>2026-07-26T05:03:13Z</Time>
          <Position>
            <LatitudeDegrees>35.17212</LatitudeDegrees>
            <LongitudeDegrees>-106.15601</LongitudeDegrees>
          </Position>
          <AltitudeMeters>2029.1</AltitudeMeters>
          <DistanceMeters>80547.7</DistanceMeters>
        </Trackpoint>
        <Trackpoint>
          <Time>2026-07-26T05:03:23Z</Time>
          <Position>
            <LatitudeDegrees>35.17189</LatitudeDegrees>
            <LongitudeDegrees>-106.15611</LongitudeDegrees>
          </Position>
          <AltitudeMeters>2029.1</AltitudeMeters>
          <DistanceMeters>80574.9</DistanceMeters>
        </Trackpoint>
        <Trackpoint>
          <Time>2026-07-26T05:03:33Z</Time>
          <Position>
            <LatitudeDegrees>35.17165</LatitudeDegrees>
            <LongitudeDegrees>-106.15627</LongitudeDegrees>
          </Position>
          <AltitudeMeters>2029.2</AltitudeMeters>
          <DistanceMeters>80605.3</DistanceMeters>
        </Trackpoint>
        <Trackpoint>
          <Time>2026-07-26T05:03:43Z</Time>
          <Position>
            <LatitudeDegrees>35.17141</LatitudeDegrees>
            <LongitudeDegrees>-106.1565</LongitudeDegrees>
          </Position>
          <AltitudeMeters>2029.4</AltitudeMeters>
          <DistanceMeters>80639.3</DistanceMeters>
        </Trackpoint>
        <Trackpoint>
          <Time>2026-07-26T05:03:53Z</Time>
          <Position>
            <LatitudeDegrees>35.17123</LatitudeDegrees>
            <LongitudeDegrees>-106.15677</LongitudeDegrees>
          </Position>
          <AltitudeMeters>2029.9</AltitudeMeters>
          <DistanceMeters>80671.0</DistanceMeters>
        </Trackpoint>
        <Trackpoint>
          <Time>2026-07-26T05:04:03Z</Time>
          <Position>
            <LatitudeDegrees>35.17107</LatitudeDegrees>
            <LongitudeDegrees>-106.15712</LongitudeDegrees>
          </Position>
          <AltitudeMeters>2030.6</AltitudeMeters>
          <DistanceMeters>80707.5</DistanceMeters>
        </Trackpoint>
        <Trackpoint>
          <Time>2026-07-26T05:04:13Z</Time>
          <Position>
            <LatitudeDegrees>35.171</LatitudeDegrees>
            <LongitudeDegrees>-106.15738</LongitudeDegrees>
          </Position>
          <AltitudeMeters>2031.0</AltitudeMeters>
          <DistanceMeters>80732.4</DistanceMeters>
        </Trackpoint>
        <Trackpoint>
          <Time>2026-07-26T05:04:23Z</Time>
          <Position>
            <LatitudeDegrees>35.17096</LatitudeDegrees>
            <LongitudeDegrees>-106.15764</LongitudeDegrees>
          </Position>
          <AltitudeMeters>2031.4</AltitudeMeters>
          <DistanceMeters>80756.4</DistanceMeters>
        </Trackpoint>
        <Trackpoint>
          <Time>2026-07-26T05:04:33Z</Time>
          <Position>
            <LatitudeDegrees>35.17094</LatitudeDegrees>
            <LongitudeDegrees>-106.15801</LongitudeDegrees>
          </Position>
          <AltitudeMeters>2031.9</AltitudeMeters>
          <DistanceMeters>80790.2</DistanceMeters>
        </Trackpoint>
        <Trackpoint>
          <Time>2026-07-26T05:04:43Z</Time>
          <Position>
            <LatitudeDegrees>35.17094</LatitudeDegrees>
            <LongitudeDegrees>-106.15895</LongitudeDegrees>
          </Position>
          <AltitudeMeters>2033.1</AltitudeMeters>
          <DistanceMeters>80875.7</DistanceMeters>
        </Trackpoint>
        <Trackpoint>
          <Time>2026-07-26T05:04:53Z</Time>
          <Position>
            <LatitudeDegrees>35.17094</LatitudeDegrees>
            <LongitudeDegrees>-106.15989</LongitudeDegrees>
          </Position>
          <AltitudeMeters>2034.3</AltitudeMeters>
          <DistanceMeters>80961.3</DistanceMeters>
        </Trackpoint>
        <Trackpoint>
          <Time>2026-07-26T05:05:03Z</Time>
          <Position>
            <LatitudeDegrees>35.17095</LatitudeDegrees>
            <LongitudeDegrees>-106.16084</LongitudeDegrees>
          </Position>
          <AltitudeMeters>2035.5</AltitudeMeters>
          <DistanceMeters>81047.7</DistanceMeters>
        </Trackpoint>
        <Trackpoint>
          <Time>2026-07-26T05:05:13Z</Time>
          <Position>
            <LatitudeDegrees>35.17095</LatitudeDegrees>
            <LongitudeDegrees>-106.16178</LongitudeDegrees>
          </Position>
          <AltitudeMeters>2036.2</AltitudeMeters>
          <DistanceMeters>81133.3</DistanceMeters>
        </Trackpoint>
        <Trackpoint>
          <Time>2026-07-26T05:05:23Z</Time>
          <Position>
            <LatitudeDegrees>35.17095</LatitudeDegrees>
            <LongitudeDegrees>-106.16273</LongitudeDegrees>
          </Position>
          <AltitudeMeters>2036.6</AltitudeMeters>
          <DistanceMeters>81219.7</DistanceMeters>
        </Trackpoint>
        <Trackpoint>
          <Time>2026-07-26T05:05:33Z</Time>
          <Position>
            <LatitudeDegrees>35.17096</LatitudeDegrees>
            <LongitudeDegrees>-106.16355</LongitudeDegrees>
          </Position>
          <AltitudeMeters>2036.6</AltitudeMeters>
          <DistanceMeters>81294.3</DistanceMeters>
        </Trackpoint>
        <Trackpoint>
          <Time>2026-07-26T05:05:43Z</Time>
          <Position>
            <LatitudeDegrees>35.17096</LatitudeDegrees>
            <LongitudeDegrees>-106.16438</LongitudeDegrees>
          </Position>
          <AltitudeMeters>2036.4</AltitudeMeters>
          <DistanceMeters>81369.9</DistanceMeters>
        </Trackpoint>
        <Trackpoint>
          <Time>2026-07-26T05:05:53Z</Time>
          <Position>
            <LatitudeDegrees>35.17097</LatitudeDegrees>
            <LongitudeDegrees>-106.16521</LongitudeDegrees>
          </Position>
          <AltitudeMeters>2035.9</AltitudeMeters>
          <DistanceMeters>81445.4</DistanceMeters>
        </Trackpoint>
        <Trackpoint>
          <Time>2026-07-26T05:06:03Z</Time>
          <Position>
            <LatitudeDegrees>35.17098</LatitudeDegrees>
            <LongitudeDegrees>-106.16604</LongitudeDegrees>
          </Position>
          <AltitudeMeters>2034.7</AltitudeMeters>
          <DistanceMeters>81520.9</DistanceMeters>
        </Trackpoint>
        <Trackpoint>
          <Time>2026-07-26T05:06:13Z</Time>
          <Position>
            <LatitudeDegrees>35.17096</LatitudeDegrees>
            <LongitudeDegrees>-106.16712</LongitudeDegrees>
          </Position>
          <AltitudeMeters>2034.3</AltitudeMeters>
          <DistanceMeters>81619.2</DistanceMeters>
        </Trackpoint>
        <Trackpoint>
          <Time>2026-07-26T05:06:23Z</Time>
          <Position>
            <LatitudeDegrees>35.17097</LatitudeDegrees>
            <LongitudeDegrees>-106.16788</LongitudeDegrees>
          </Position>
          <AltitudeMeters>2036.1</AltitudeMeters>
          <DistanceMeters>81688.4</DistanceMeters>
        </Trackpoint>
        <Trackpoint>
          <Time>2026-07-26T05:06:33Z</Time>
          <Position>
            <LatitudeDegrees>35.17097</LatitudeDegrees>
            <LongitudeDegrees>-106.16864</LongitudeDegrees>
          </Position>
          <AltitudeMeters>2037.5</AltitudeMeters>
          <DistanceMeters>81757.5</DistanceMeters>
        </Trackpoint>
        <Trackpoint>
          <Time>2026-07-26T05:06:43Z</Time>
          <Position>
            <LatitudeDegrees>35.17098</LatitudeDegrees>
            <LongitudeDegrees>-106.1694</LongitudeDegrees>
          </Position>
          <AltitudeMeters>2039.4</AltitudeMeters>
          <DistanceMeters>81826.7</DistanceMeters>
        </Trackpoint>
        <Trackpoint>
          <Time>2026-07-26T05:06:53Z</Time>
          <Position>
            <LatitudeDegrees>35.17097</LatitudeDegrees>
            <LongitudeDegrees>-106.1704</LongitudeDegrees>
          </Position>
          <AltitudeMeters>2040.8</AltitudeMeters>
          <DistanceMeters>81917.7</DistanceMeters>
        </Trackpoint>
        <Trackpoint>
          <Time>2026-07-26T05:07:03Z</Time>
          <Position>
            <LatitudeDegrees>35.17097</LatitudeDegrees>
            <LongitudeDegrees>-106.1714</LongitudeDegrees>
          </Position>
          <AltitudeMeters>2039.9</AltitudeMeters>
          <DistanceMeters>82008.7</DistanceMeters>
        </Trackpoint>
        <Trackpoint>
          <Time>2026-07-26T05:07:13Z</Time>
          <Position>
            <LatitudeDegrees>35.17097</LatitudeDegrees>
            <LongitudeDegrees>-106.17241</LongitudeDegrees>
          </Position>
          <AltitudeMeters>2041.5</AltitudeMeters>
          <DistanceMeters>82100.6</DistanceMeters>
        </Trackpoint>
        <Trackpoint>
          <Time>2026-07-26T05:07:23Z</Time>
          <Position>
            <LatitudeDegrees>35.17098</LatitudeDegrees>
            <LongitudeDegrees>-106.17309</LongitudeDegrees>
          </Position>
          <AltitudeMeters>2039.2</AltitudeMeters>
          <DistanceMeters>82162.5</DistanceMeters>
        </Trackpoint>
        <Trackpoint>
          <Time>2026-07-26T05:07:33Z</Time>
          <Position>
            <LatitudeDegrees>35.17099</LatitudeDegrees>
            <LongitudeDegrees>-106.17377</LongitudeDegrees>
          </Position>
          <AltitudeMeters>2041.9</AltitudeMeters>
          <DistanceMeters>82224.4</DistanceMeters>
        </Trackpoint>
        <Trackpoint>
          <Time>2026-07-26T05:07:43Z</Time>
          <Position>
            <LatitudeDegrees>35.17099</LatitudeDegrees>
            <LongitudeDegrees>-106.17469</LongitudeDegrees>
          </Position>
          <AltitudeMeters>2047.0</AltitudeMeters>
          <DistanceMeters>82308.1</DistanceMeters>
        </Trackpoint>
        <Trackpoint>
          <Time>2026-07-26T05:07:53Z</Time>
          <Position>
            <LatitudeDegrees>35.17099</LatitudeDegrees>
            <LongitudeDegrees>-106.17562</LongitudeDegrees>
          </Position>
          <AltitudeMeters>2050.7</AltitudeMeters>
          <DistanceMeters>82392.7</DistanceMeters>
        </Trackpoint>
        <Trackpoint>
          <Time>2026-07-26T05:08:03Z</Time>
          <Position>
            <LatitudeDegrees>35.17099</LatitudeDegrees>
            <LongitudeDegrees>-106.17654</LongitudeDegrees>
          </Position>
          <AltitudeMeters>2051.0</AltitudeMeters>
          <DistanceMeters>82476.5</DistanceMeters>
        </Trackpoint>
        <Trackpoint>
          <Time>2026-07-26T05:08:13Z</Time>
          <Position>
            <LatitudeDegrees>35.17099</LatitudeDegrees>
            <LongitudeDegrees>-106.17746</LongitudeDegrees>
          </Position>
          <AltitudeMeters>2047.0</AltitudeMeters>
          <DistanceMeters>82560.2</DistanceMeters>
        </Trackpoint>
        <Trackpoint>
          <Time>2026-07-26T05:08:23Z</Time>
          <Position>
            <LatitudeDegrees>35.17099</LatitudeDegrees>
            <LongitudeDegrees>-106.17839</LongitudeDegrees>
          </Position>
          <AltitudeMeters>2050.1</AltitudeMeters>
          <DistanceMeters>82644.8</DistanceMeters>
        </Trackpoint>
        <Trackpoint>
          <Time>2026-07-26T05:08:33Z</Time>
          <Position>
            <LatitudeDegrees>35.17099</LatitudeDegrees>
            <LongitudeDegrees>-106.17931</LongitudeDegrees>
          </Position>
          <AltitudeMeters>2051.2</AltitudeMeters>
          <DistanceMeters>82728.5</DistanceMeters>
        </Trackpoint>
        <Trackpoint>
          <Time>2026-07-26T05:08:43Z</Time>
          <Position>
            <LatitudeDegrees>35.17098</LatitudeDegrees>
            <LongitudeDegrees>-106.18033</LongitudeDegrees>
          </Position>
          <AltitudeMeters>2056.9</AltitudeMeters>
          <DistanceMeters>82821.3</DistanceMeters>
        </Trackpoint>
        <Trackpoint>
          <Time>2026-07-26T05:08:53Z</Time>
          <Position>
            <LatitudeDegrees>35.17096</LatitudeDegrees>
            <LongitudeDegrees>-106.18135</LongitudeDegrees>
          </Position>
          <AltitudeMeters>2060.2</AltitudeMeters>
          <DistanceMeters>82914.2</DistanceMeters>
        </Trackpoint>
        <Trackpoint>
          <Time>2026-07-26T05:09:03Z</Time>
          <Position>
            <LatitudeDegrees>35.17095</LatitudeDegrees>
            <LongitudeDegrees>-106.18237</LongitudeDegrees>
          </Position>
          <AltitudeMeters>2062.9</AltitudeMeters>
          <DistanceMeters>83007.0</DistanceMeters>
        </Trackpoint>
        <Trackpoint>
          <Time>2026-07-26T05:09:13Z</Time>
          <Position>
            <LatitudeDegrees>35.17094</LatitudeDegrees>
            <LongitudeDegrees>-106.18339</LongitudeDegrees>
          </Position>
          <AltitudeMeters>2061.9</AltitudeMeters>
          <DistanceMeters>83099.8</DistanceMeters>
        </Trackpoint>
        <Trackpoint>
          <Time>2026-07-26T05:09:23Z</Time>
          <Position>
            <LatitudeDegrees>35.17092</LatitudeDegrees>
            <LongitudeDegrees>-106.18441</LongitudeDegrees>
          </Position>
          <AltitudeMeters>2064.0</AltitudeMeters>
          <DistanceMeters>83192.7</DistanceMeters>
        </Trackpoint>
        <Trackpoint>
          <Time>2026-07-26T05:09:33Z</Time>
          <Position>
            <LatitudeDegrees>35.17091</LatitudeDegrees>
            <LongitudeDegrees>-106.18543</LongitudeDegrees>
          </Position>
          <AltitudeMeters>2066.5</AltitudeMeters>
          <DistanceMeters>83285.5</DistanceMeters>
        </Trackpoint>
        <Trackpoint>
          <Time>2026-07-26T05:09:43Z</Time>
          <Position>
            <LatitudeDegrees>35.17089</LatitudeDegrees>
            <LongitudeDegrees>-106.18645</LongitudeDegrees>
          </Position>
          <AltitudeMeters>2068.2</AltitudeMeters>
          <DistanceMeters>83378.3</DistanceMeters>
        </Trackpoint>
        <Trackpoint>
          <Time>2026-07-26T05:09:53Z</Time>
          <Position>
            <LatitudeDegrees>35.17088</LatitudeDegrees>
            <LongitudeDegrees>-106.18747</LongitudeDegrees>
          </Position>
          <AltitudeMeters>2070.8</AltitudeMeters>
          <DistanceMeters>83471.2</DistanceMeters>
        </Trackpoint>
        <Trackpoint>
          <Time>2026-07-26T05:10:03Z</Time>
          <Position>
            <LatitudeDegrees>35.17086</LatitudeDegrees>
            <LongitudeDegrees>-106.18849</LongitudeDegrees>
          </Position>
          <AltitudeMeters>2072.3</AltitudeMeters>
          <DistanceMeters>83564.0</DistanceMeters>
        </Trackpoint>
        <Trackpoint>
          <Time>2026-07-26T05:10:13Z</Time>
          <Position>
            <LatitudeDegrees>35.17085</LatitudeDegrees>
            <LongitudeDegrees>-106.18951</LongitudeDegrees>
          </Position>
          <AltitudeMeters>2074.3</AltitudeMeters>
          <DistanceMeters>83656.8</DistanceMeters>
        </Trackpoint>
        <Trackpoint>
          <Time>2026-07-26T05:10:23Z</Time>
          <Position>
            <LatitudeDegrees>35.17077</LatitudeDegrees>
            <LongitudeDegrees>-106.19015</LongitudeDegrees>
          </Position>
          <AltitudeMeters>2074.4</AltitudeMeters>
          <DistanceMeters>83715.7</DistanceMeters>
        </Trackpoint>
        <Trackpoint>
          <Time>2026-07-26T05:10:33Z</Time>
          <Position>
            <LatitudeDegrees>35.17055</LatitudeDegrees>
            <LongitudeDegrees>-106.1907</LongitudeDegrees>
          </Position>
          <AltitudeMeters>2073.5</AltitudeMeters>
          <DistanceMeters>83771.5</DistanceMeters>
        </Trackpoint>
        <Trackpoint>
          <Time>2026-07-26T05:10:43Z</Time>
          <Position>
            <LatitudeDegrees>35.17042</LatitudeDegrees>
            <LongitudeDegrees>-106.19087</LongitudeDegrees>
          </Position>
          <AltitudeMeters>2072.7</AltitudeMeters>
          <DistanceMeters>83792.6</DistanceMeters>
        </Trackpoint>
        <Trackpoint>
          <Time>2026-07-26T05:10:53Z</Time>
          <Position>
            <LatitudeDegrees>35.17031</LatitudeDegrees>
            <LongitudeDegrees>-106.191</LongitudeDegrees>
          </Position>
          <AltitudeMeters>2072.3</AltitudeMeters>
          <DistanceMeters>83809.7</DistanceMeters>
        </Trackpoint>
        <Trackpoint>
          <Time>2026-07-26T05:11:03Z</Time>
          <Position>
            <LatitudeDegrees>35.17009</LatitudeDegrees>
            <LongitudeDegrees>-106.19116</LongitudeDegrees>
          </Position>
          <AltitudeMeters>2071.2</AltitudeMeters>
          <DistanceMeters>83838.2</DistanceMeters>
        </Trackpoint>
        <Trackpoint>
          <Time>2026-07-26T05:11:13Z</Time>
          <Position>
            <LatitudeDegrees>35.16954</LatitudeDegrees>
            <LongitudeDegrees>-106.19138</LongitudeDegrees>
          </Position>
          <AltitudeMeters>2068.4</AltitudeMeters>
          <DistanceMeters>83902.6</DistanceMeters>
        </Trackpoint>
        <Trackpoint>
          <Time>2026-07-26T05:11:23Z</Time>
          <Position>
            <LatitudeDegrees>35.16933</LatitudeDegrees>
            <LongitudeDegrees>-106.19143</LongitudeDegrees>
          </Position>
          <AltitudeMeters>2067.4</AltitudeMeters>
          <DistanceMeters>83926.4</DistanceMeters>
        </Trackpoint>
        <Trackpoint>
          <Time>2026-07-26T05:11:33Z</Time>
          <Position>
            <LatitudeDegrees>35.16852</LatitudeDegrees>
            <LongitudeDegrees>-106.19143</LongitudeDegrees>
          </Position>
          <AltitudeMeters>2063.0</AltitudeMeters>
          <DistanceMeters>84016.6</DistanceMeters>
        </Trackpoint>
        <Trackpoint>
          <Time>2026-07-26T05:11:43Z</Time>
          <Position>
            <LatitudeDegrees>35.16771</LatitudeDegrees>
            <LongitudeDegrees>-106.19143</LongitudeDegrees>
          </Position>
          <AltitudeMeters>2060.3</AltitudeMeters>
          <DistanceMeters>84106.7</DistanceMeters>
        </Trackpoint>
        <Trackpoint>
          <Time>2026-07-26T05:11:53Z</Time>
          <Position>
            <LatitudeDegrees>35.16689</LatitudeDegrees>
            <LongitudeDegrees>-106.19143</LongitudeDegrees>
          </Position>
          <AltitudeMeters>2059.2</AltitudeMeters>
          <DistanceMeters>84198.0</DistanceMeters>
        </Trackpoint>
        <Trackpoint>
          <Time>2026-07-26T05:12:03Z</Time>
          <Position>
            <LatitudeDegrees>35.16608</LatitudeDegrees>
            <LongitudeDegrees>-106.19144</LongitudeDegrees>
          </Position>
          <AltitudeMeters>2056.4</AltitudeMeters>
          <DistanceMeters>84288.2</DistanceMeters>
        </Trackpoint>
        <Trackpoint>
          <Time>2026-07-26T05:12:13Z</Time>
          <Position>
            <LatitudeDegrees>35.16527</LatitudeDegrees>
            <LongitudeDegrees>-106.19145</LongitudeDegrees>
          </Position>
          <AltitudeMeters>2055.5</AltitudeMeters>
          <DistanceMeters>84378.3</DistanceMeters>
        </Trackpoint>
        <Trackpoint>
          <Time>2026-07-26T05:12:23Z</Time>
          <Position>
            <LatitudeDegrees>35.16446</LatitudeDegrees>
            <LongitudeDegrees>-106.19146</LongitudeDegrees>
          </Position>
          <AltitudeMeters>2054.8</AltitudeMeters>
          <DistanceMeters>84468.5</DistanceMeters>
        </Trackpoint>
        <Trackpoint>
          <Time>2026-07-26T05:12:33Z</Time>
          <Position>
            <LatitudeDegrees>35.16365</LatitudeDegrees>
            <LongitudeDegrees>-106.19147</LongitudeDegrees>
          </Position>
          <AltitudeMeters>2054.1</AltitudeMeters>
          <DistanceMeters>84558.7</DistanceMeters>
        </Trackpoint>
        <Trackpoint>
          <Time>2026-07-26T05:12:43Z</Time>
          <Position>
            <LatitudeDegrees>35.16284</LatitudeDegrees>
            <LongitudeDegrees>-106.19148</LongitudeDegrees>
          </Position>
          <AltitudeMeters>2052.9</AltitudeMeters>
          <DistanceMeters>84648.9</DistanceMeters>
        </Trackpoint>
        <Trackpoint>
          <Time>2026-07-26T05:12:53Z</Time>
          <Position>
            <LatitudeDegrees>35.16217</LatitudeDegrees>
            <LongitudeDegrees>-106.19147</LongitudeDegrees>
          </Position>
          <AltitudeMeters>2052.2</AltitudeMeters>
          <DistanceMeters>84723.5</DistanceMeters>
        </Trackpoint>
        <Trackpoint>
          <Time>2026-07-26T05:13:03Z</Time>
          <Position>
            <LatitudeDegrees>35.1615</LatitudeDegrees>
            <LongitudeDegrees>-106.19146</LongitudeDegrees>
          </Position>
          <AltitudeMeters>2051.7</AltitudeMeters>
          <DistanceMeters>84798.0</DistanceMeters>
        </Trackpoint>
        <Trackpoint>
          <Time>2026-07-26T05:13:13Z</Time>
          <Position>
            <LatitudeDegrees>35.16083</LatitudeDegrees>
            <LongitudeDegrees>-106.19145</LongitudeDegrees>
          </Position>
          <AltitudeMeters>2050.7</AltitudeMeters>
          <DistanceMeters>84872.6</DistanceMeters>
        </Trackpoint>
        <Trackpoint>
          <Time>2026-07-26T05:13:23Z</Time>
          <Position>
            <LatitudeDegrees>35.15997</LatitudeDegrees>
            <LongitudeDegrees>-106.19145</LongitudeDegrees>
          </Position>
          <AltitudeMeters>2049.3</AltitudeMeters>
          <DistanceMeters>84968.4</DistanceMeters>
        </Trackpoint>
        <Trackpoint>
          <Time>2026-07-26T05:13:33Z</Time>
          <Position>
            <LatitudeDegrees>35.15912</LatitudeDegrees>
            <LongitudeDegrees>-106.19146</LongitudeDegrees>
          </Position>
          <AltitudeMeters>2048.0</AltitudeMeters>
          <DistanceMeters>85063.0</DistanceMeters>
        </Trackpoint>
        <Trackpoint>
          <Time>2026-07-26T05:13:43Z</Time>
          <Position>
            <LatitudeDegrees>35.15826</LatitudeDegrees>
            <LongitudeDegrees>-106.19147</LongitudeDegrees>
          </Position>
          <AltitudeMeters>2046.9</AltitudeMeters>
          <DistanceMeters>85158.7</DistanceMeters>
        </Trackpoint>
        <Trackpoint>
          <Time>2026-07-26T05:13:53Z</Time>
          <Position>
            <LatitudeDegrees>35.1574</LatitudeDegrees>
            <LongitudeDegrees>-106.19147</LongitudeDegrees>
          </Position>
          <AltitudeMeters>2045.6</AltitudeMeters>
          <DistanceMeters>85254.5</DistanceMeters>
        </Trackpoint>
        <Trackpoint>
          <Time>2026-07-26T05:14:03Z</Time>
          <Position>
            <LatitudeDegrees>35.15654</LatitudeDegrees>
            <LongitudeDegrees>-106.19148</LongitudeDegrees>
          </Position>
          <AltitudeMeters>2044.5</AltitudeMeters>
          <DistanceMeters>85350.2</DistanceMeters>
        </Trackpoint>
        <Trackpoint>
          <Time>2026-07-26T05:14:13Z</Time>
          <Position>
            <LatitudeDegrees>35.15578</LatitudeDegrees>
            <LongitudeDegrees>-106.19148</LongitudeDegrees>
          </Position>
          <AltitudeMeters>2043.8</AltitudeMeters>
          <DistanceMeters>85434.8</DistanceMeters>
        </Trackpoint>
        <Trackpoint>
          <Time>2026-07-26T05:14:23Z</Time>
          <Position>
            <LatitudeDegrees>35.15501</LatitudeDegrees>
            <LongitudeDegrees>-106.19148</LongitudeDegrees>
          </Position>
          <AltitudeMeters>2042.2</AltitudeMeters>
          <DistanceMeters>85520.5</DistanceMeters>
        </Trackpoint>
        <Trackpoint>
          <Time>2026-07-26T05:14:33Z</Time>
          <Position>
            <LatitudeDegrees>35.15424</LatitudeDegrees>
            <LongitudeDegrees>-106.19148</LongitudeDegrees>
          </Position>
          <AltitudeMeters>2039.9</AltitudeMeters>
          <DistanceMeters>85606.2</DistanceMeters>
        </Trackpoint>
        <Trackpoint>
          <Time>2026-07-26T05:14:43Z</Time>
          <Position>
            <LatitudeDegrees>35.15347</LatitudeDegrees>
            <LongitudeDegrees>-106.19148</LongitudeDegrees>
          </Position>
          <AltitudeMeters>2038.3</AltitudeMeters>
          <DistanceMeters>85692.0</DistanceMeters>
        </Trackpoint>
        <Trackpoint>
          <Time>2026-07-26T05:14:53Z</Time>
          <Position>
            <LatitudeDegrees>35.1527</LatitudeDegrees>
            <LongitudeDegrees>-106.19148</LongitudeDegrees>
          </Position>
          <AltitudeMeters>2037.4</AltitudeMeters>
          <DistanceMeters>85777.7</DistanceMeters>
        </Trackpoint>
        <Trackpoint>
          <Time>2026-07-26T05:15:03Z</Time>
          <Position>
            <LatitudeDegrees>35.15194</LatitudeDegrees>
            <LongitudeDegrees>-106.19148</LongitudeDegrees>
          </Position>
          <AltitudeMeters>2036.7</AltitudeMeters>
          <DistanceMeters>85862.3</DistanceMeters>
        </Trackpoint>
        <Trackpoint>
          <Time>2026-07-26T05:15:23Z</Time>
          <Position>
            <LatitudeDegrees>35.15106</LatitudeDegrees>
            <LongitudeDegrees>-106.19148</LongitudeDegrees>
          </Position>
          <AltitudeMeters>2035.1</AltitudeMeters>
          <DistanceMeters>85960.2</DistanceMeters>
        </Trackpoint>
        <Trackpoint>
          <Time>2026-07-26T05:15:33Z</Time>
          <Position>
            <LatitudeDegrees>35.15018</LatitudeDegrees>
            <LongitudeDegrees>-106.19148</LongitudeDegrees>
          </Position>
          <AltitudeMeters>2032.2</AltitudeMeters>
          <DistanceMeters>86058.2</DistanceMeters>
        </Trackpoint>
        <Trackpoint>
          <Time>2026-07-26T05:15:43Z</Time>
          <Position>
            <LatitudeDegrees>35.1493</LatitudeDegrees>
            <LongitudeDegrees>-106.19148</LongitudeDegrees>
          </Position>
          <AltitudeMeters>2030.7</AltitudeMeters>
          <DistanceMeters>86156.2</DistanceMeters>
        </Trackpoint>
        <Trackpoint>
          <Time>2026-07-26T05:15:53Z</Time>
          <Position>
            <LatitudeDegrees>35.14842</LatitudeDegrees>
            <LongitudeDegrees>-106.19148</LongitudeDegrees>
          </Position>
          <AltitudeMeters>2029.3</AltitudeMeters>
          <DistanceMeters>86254.1</DistanceMeters>
        </Trackpoint>
        <Trackpoint>
          <Time>2026-07-26T05:16:03Z</Time>
          <Position>
            <LatitudeDegrees>35.14754</LatitudeDegrees>
            <LongitudeDegrees>-106.19148</LongitudeDegrees>
          </Position>
          <AltitudeMeters>2028.2</AltitudeMeters>
          <DistanceMeters>86352.1</DistanceMeters>
        </Trackpoint>
        <Trackpoint>
          <Time>2026-07-26T05:16:13Z</Time>
          <Position>
            <LatitudeDegrees>35.14666</LatitudeDegrees>
            <LongitudeDegrees>-106.19148</LongitudeDegrees>
          </Position>
          <AltitudeMeters>2027.0</AltitudeMeters>
          <DistanceMeters>86450.0</DistanceMeters>
        </Trackpoint>
        <Trackpoint>
          <Time>2026-07-26T05:16:23Z</Time>
          <Position>
            <LatitudeDegrees>35.14588</LatitudeDegrees>
            <LongitudeDegrees>-106.19148</LongitudeDegrees>
          </Position>
          <AltitudeMeters>2026.2</AltitudeMeters>
          <DistanceMeters>86536.9</DistanceMeters>
        </Trackpoint>
        <Trackpoint>
          <Time>2026-07-26T05:16:33Z</Time>
          <Position>
            <LatitudeDegrees>35.14511</LatitudeDegrees>
            <LongitudeDegrees>-106.19147</LongitudeDegrees>
          </Position>
          <AltitudeMeters>2024.9</AltitudeMeters>
          <DistanceMeters>86622.6</DistanceMeters>
        </Trackpoint>
        <Trackpoint>
          <Time>2026-07-26T05:16:43Z</Time>
          <Position>
            <LatitudeDegrees>35.14433</LatitudeDegrees>
            <LongitudeDegrees>-106.19147</LongitudeDegrees>
          </Position>
          <AltitudeMeters>2024.0</AltitudeMeters>
          <DistanceMeters>86709.4</DistanceMeters>
        </Trackpoint>
        <Trackpoint>
          <Time>2026-07-26T05:16:53Z</Time>
          <Position>
            <LatitudeDegrees>35.14356</LatitudeDegrees>
            <LongitudeDegrees>-106.19146</LongitudeDegrees>
          </Position>
          <AltitudeMeters>2021.5</AltitudeMeters>
          <DistanceMeters>86795.1</DistanceMeters>
        </Trackpoint>
        <Trackpoint>
          <Time>2026-07-26T05:17:03Z</Time>
          <Position>
            <LatitudeDegrees>35.14278</LatitudeDegrees>
            <LongitudeDegrees>-106.19146</LongitudeDegrees>
          </Position>
          <AltitudeMeters>2018.8</AltitudeMeters>
          <DistanceMeters>86882.0</DistanceMeters>
        </Trackpoint>
        <Trackpoint>
          <Time>2026-07-26T05:17:13Z</Time>
          <Position>
            <LatitudeDegrees>35.14201</LatitudeDegrees>
            <LongitudeDegrees>-106.19146</LongitudeDegrees>
          </Position>
          <AltitudeMeters>2019.1</AltitudeMeters>
          <DistanceMeters>86967.7</DistanceMeters>
        </Trackpoint>
        <Trackpoint>
          <Time>2026-07-26T05:17:23Z</Time>
          <Position>
            <LatitudeDegrees>35.14199</LatitudeDegrees>
            <LongitudeDegrees>-106.19037</LongitudeDegrees>
          </Position>
          <AltitudeMeters>2017.7</AltitudeMeters>
          <DistanceMeters>87066.9</DistanceMeters>
        </Trackpoint>
        <Trackpoint>
          <Time>2026-07-26T05:17:33Z</Time>
          <Position>
            <LatitudeDegrees>35.14198</LatitudeDegrees>
            <LongitudeDegrees>-106.18929</LongitudeDegrees>
          </Position>
          <AltitudeMeters>2018.0</AltitudeMeters>
          <DistanceMeters>87165.2</DistanceMeters>
        </Trackpoint>
        <Trackpoint>
          <Time>2026-07-26T05:17:43Z</Time>
          <Position>
            <LatitudeDegrees>35.14196</LatitudeDegrees>
            <LongitudeDegrees>-106.18821</LongitudeDegrees>
          </Position>
          <AltitudeMeters>2018.0</AltitudeMeters>
          <DistanceMeters>87263.6</DistanceMeters>
        </Trackpoint>
        <Trackpoint>
          <Time>2026-07-26T05:17:53Z</Time>
          <Position>
            <LatitudeDegrees>35.14194</LatitudeDegrees>
            <LongitudeDegrees>-106.18713</LongitudeDegrees>
          </Position>
          <AltitudeMeters>2015.2</AltitudeMeters>
          <DistanceMeters>87361.9</DistanceMeters>
        </Trackpoint>
        <Trackpoint>
          <Time>2026-07-26T05:18:03Z</Time>
          <Position>
            <LatitudeDegrees>35.14194</LatitudeDegrees>
            <LongitudeDegrees>-106.18616</LongitudeDegrees>
          </Position>
          <AltitudeMeters>2014.8</AltitudeMeters>
          <DistanceMeters>87450.2</DistanceMeters>
        </Trackpoint>
        <Trackpoint>
          <Time>2026-07-26T05:18:13Z</Time>
          <Position>
            <LatitudeDegrees>35.14194</LatitudeDegrees>
            <LongitudeDegrees>-106.18518</LongitudeDegrees>
          </Position>
          <AltitudeMeters>2013.5</AltitudeMeters>
          <DistanceMeters>87539.4</DistanceMeters>
        </Trackpoint>
        <Trackpoint>
          <Time>2026-07-26T05:18:23Z</Time>
          <Position>
            <LatitudeDegrees>35.14194</LatitudeDegrees>
            <LongitudeDegrees>-106.18421</LongitudeDegrees>
          </Position>
          <AltitudeMeters>2012.5</AltitudeMeters>
          <DistanceMeters>87627.7</DistanceMeters>
        </Trackpoint>
        <Trackpoint>
          <Time>2026-07-26T05:18:33Z</Time>
          <Position>
            <LatitudeDegrees>35.14194</LatitudeDegrees>
            <LongitudeDegrees>-106.18323</LongitudeDegrees>
          </Position>
          <AltitudeMeters>2012.4</AltitudeMeters>
          <DistanceMeters>87716.9</DistanceMeters>
        </Trackpoint>
        <Trackpoint>
          <Time>2026-07-26T05:18:43Z</Time>
          <Position>
            <LatitudeDegrees>35.14194</LatitudeDegrees>
            <LongitudeDegrees>-106.18226</LongitudeDegrees>
          </Position>
          <AltitudeMeters>2012.6</AltitudeMeters>
          <DistanceMeters>87805.2</DistanceMeters>
        </Trackpoint>
        <Trackpoint>
          <Time>2026-07-26T05:18:53Z</Time>
          <Position>
            <LatitudeDegrees>35.14194</LatitudeDegrees>
            <LongitudeDegrees>-106.18129</LongitudeDegrees>
          </Position>
          <AltitudeMeters>2014.5</AltitudeMeters>
          <DistanceMeters>87893.5</DistanceMeters>
        </Trackpoint>
        <Trackpoint>
          <Time>2026-07-26T05:19:03Z</Time>
          <Position>
            <LatitudeDegrees>35.14194</LatitudeDegrees>
            <LongitudeDegrees>-106.18031</LongitudeDegrees>
          </Position>
          <AltitudeMeters>2013.5</AltitudeMeters>
          <DistanceMeters>87982.7</DistanceMeters>
        </Trackpoint>
        <Trackpoint>
          <Time>2026-07-26T05:19:13Z</Time>
          <Position>
            <LatitudeDegrees>35.14195</LatitudeDegrees>
            <LongitudeDegrees>-106.17958</LongitudeDegrees>
          </Position>
          <AltitudeMeters>2011.2</AltitudeMeters>
          <DistanceMeters>88049.2</DistanceMeters>
        </Trackpoint>
        <Trackpoint>
          <Time>2026-07-26T05:19:23Z</Time>
          <Position>
            <LatitudeDegrees>35.14196</LatitudeDegrees>
            <LongitudeDegrees>-106.17884</LongitudeDegrees>
          </Position>
          <AltitudeMeters>2011.5</AltitudeMeters>
          <DistanceMeters>88116.6</DistanceMeters>
        </Trackpoint>
        <Trackpoint>
          <Time>2026-07-26T05:19:33Z</Time>
          <Position>
            <LatitudeDegrees>35.14197</LatitudeDegrees>
            <LongitudeDegrees>-106.17811</LongitudeDegrees>
          </Position>
          <AltitudeMeters>2011.7</AltitudeMeters>
          <DistanceMeters>88183.0</DistanceMeters>
        </Trackpoint>
        <Trackpoint>
          <Time>2026-07-26T05:19:43Z</Time>
          <Position>
            <LatitudeDegrees>35.14196</LatitudeDegrees>
            <LongitudeDegrees>-106.17722</LongitudeDegrees>
          </Position>
          <AltitudeMeters>2011.5</AltitudeMeters>
          <DistanceMeters>88264.0</DistanceMeters>
        </Trackpoint>
        <Trackpoint>
          <Time>2026-07-26T05:19:53Z</Time>
          <Position>
            <LatitudeDegrees>35.14196</LatitudeDegrees>
            <LongitudeDegrees>-106.17634</LongitudeDegrees>
          </Position>
          <AltitudeMeters>2013.6</AltitudeMeters>
          <DistanceMeters>88344.1</DistanceMeters>
        </Trackpoint>
        <Trackpoint>
          <Time>2026-07-26T05:20:03Z</Time>
          <Position>
            <LatitudeDegrees>35.14195</LatitudeDegrees>
            <LongitudeDegrees>-106.17545</LongitudeDegrees>
          </Position>
          <AltitudeMeters>2015.5</AltitudeMeters>
          <DistanceMeters>88425.2</DistanceMeters>
        </Trackpoint>
        <Trackpoint>
          <Time>2026-07-26T05:20:13Z</Time>
          <Position>
            <LatitudeDegrees>35.14195</LatitudeDegrees>
            <LongitudeDegrees>-106.17457</LongitudeDegrees>
          </Position>
          <AltitudeMeters>2015.4</AltitudeMeters>
          <DistanceMeters>88505.3</DistanceMeters>
        </Trackpoint>
        <Trackpoint>
          <Time>2026-07-26T05:20:23Z</Time>
          <Position>
            <LatitudeDegrees>35.14194</LatitudeDegrees>
            <LongitudeDegrees>-106.17368</LongitudeDegrees>
          </Position>
          <AltitudeMeters>2016.0</AltitudeMeters>
          <DistanceMeters>88586.3</DistanceMeters>
        </Trackpoint>
        <Trackpoint>
          <Time>2026-07-26T05:20:33Z</Time>
          <Position>
            <LatitudeDegrees>35.14194</LatitudeDegrees>
            <LongitudeDegrees>-106.17272</LongitudeDegrees>
          </Position>
          <AltitudeMeters>2015.4</AltitudeMeters>
          <DistanceMeters>88673.7</DistanceMeters>
        </Trackpoint>
        <Trackpoint>
          <Time>2026-07-26T05:20:43Z</Time>
          <Position>
            <LatitudeDegrees>35.14194</LatitudeDegrees>
            <LongitudeDegrees>-106.17175</LongitudeDegrees>
          </Position>
          <AltitudeMeters>2014.8</AltitudeMeters>
          <DistanceMeters>88762.0</DistanceMeters>
        </Trackpoint>
        <Trackpoint>
          <Time>2026-07-26T05:20:53Z</Time>
          <Position>
            <LatitudeDegrees>35.14195</LatitudeDegrees>
            <LongitudeDegrees>-106.17079</LongitudeDegrees>
          </Position>
          <AltitudeMeters>2014.0</AltitudeMeters>
          <DistanceMeters>88849.4</DistanceMeters>
        </Trackpoint>
        <Trackpoint>
          <Time>2026-07-26T05:21:03Z</Time>
          <Position>
            <LatitudeDegrees>35.14195</LatitudeDegrees>
            <LongitudeDegrees>-106.16983</LongitudeDegrees>
          </Position>
          <AltitudeMeters>2012.6</AltitudeMeters>
          <DistanceMeters>88936.8</DistanceMeters>
        </Trackpoint>
        <Trackpoint>
          <Time>2026-07-26T05:21:13Z</Time>
          <Position>
            <LatitudeDegrees>35.14195</LatitudeDegrees>
            <LongitudeDegrees>-106.16886</LongitudeDegrees>
          </Position>
          <AltitudeMeters>2010.5</AltitudeMeters>
          <DistanceMeters>89025.1</DistanceMeters>
        </Trackpoint>
        <Trackpoint>
          <Time>2026-07-26T05:21:23Z</Time>
          <Position>
            <LatitudeDegrees>35.14195</LatitudeDegrees>
            <LongitudeDegrees>-106.1679</LongitudeDegrees>
          </Position>
          <AltitudeMeters>2007.0</AltitudeMeters>
          <DistanceMeters>89112.4</DistanceMeters>
        </Trackpoint>
        <Trackpoint>
          <Time>2026-07-26T05:21:33Z</Time>
          <Position>
            <LatitudeDegrees>35.14195</LatitudeDegrees>
            <LongitudeDegrees>-106.16694</LongitudeDegrees>
          </Position>
          <AltitudeMeters>2003.7</AltitudeMeters>
          <DistanceMeters>89199.8</DistanceMeters>
        </Trackpoint>
        <Trackpoint>
          <Time>2026-07-26T05:21:43Z</Time>
          <Position>
            <LatitudeDegrees>35.14195</LatitudeDegrees>
            <LongitudeDegrees>-106.16597</LongitudeDegrees>
          </Position>
          <AltitudeMeters>2001.9</AltitudeMeters>
          <DistanceMeters>89288.1</DistanceMeters>
        </Trackpoint>
        <Trackpoint>
          <Time>2026-07-26T05:21:53Z</Time>
          <Position>
            <LatitudeDegrees>35.14196</LatitudeDegrees>
            <LongitudeDegrees>-106.16488</LongitudeDegrees>
          </Position>
          <AltitudeMeters>1998.3</AltitudeMeters>
          <DistanceMeters>89387.4</DistanceMeters>
        </Trackpoint>
        <Trackpoint>
          <Time>2026-07-26T05:22:03Z</Time>
          <Position>
            <LatitudeDegrees>35.14197</LatitudeDegrees>
            <LongitudeDegrees>-106.1638</LongitudeDegrees>
          </Position>
          <AltitudeMeters>1995.5</AltitudeMeters>
          <DistanceMeters>89485.7</DistanceMeters>
        </Trackpoint>
        <Trackpoint>
          <Time>2026-07-26T05:22:13Z</Time>
          <Position>
            <LatitudeDegrees>35.14198</LatitudeDegrees>
            <LongitudeDegrees>-106.16271</LongitudeDegrees>
          </Position>
          <AltitudeMeters>1993.3</AltitudeMeters>
          <DistanceMeters>89584.9</DistanceMeters>
        </Trackpoint>
        <Trackpoint>
          <Time>2026-07-26T05:22:23Z</Time>
          <Position>
            <LatitudeDegrees>35.14199</LatitudeDegrees>
            <LongitudeDegrees>-106.16162</LongitudeDegrees>
          </Position>
          <AltitudeMeters>1993.5</AltitudeMeters>
          <DistanceMeters>89684.1</DistanceMeters>
        </Trackpoint>
        <Trackpoint>
          <Time>2026-07-26T05:22:33Z</Time>
          <Position>
            <LatitudeDegrees>35.142</LatitudeDegrees>
            <LongitudeDegrees>-106.16053</LongitudeDegrees>
          </Position>
          <AltitudeMeters>1992.4</AltitudeMeters>
          <DistanceMeters>89783.4</DistanceMeters>
        </Trackpoint>
        <Trackpoint>
          <Time>2026-07-26T05:22:43Z</Time>
          <Position>
            <LatitudeDegrees>35.14201</LatitudeDegrees>
            <LongitudeDegrees>-106.15944</LongitudeDegrees>
          </Position>
          <AltitudeMeters>1991.4</AltitudeMeters>
          <DistanceMeters>89882.6</DistanceMeters>
        </Trackpoint>
        <Trackpoint>
          <Time>2026-07-26T05:22:53Z</Time>
          <Position>
            <LatitudeDegrees>35.14202</LatitudeDegrees>
            <LongitudeDegrees>-106.15836</LongitudeDegrees>
          </Position>
          <AltitudeMeters>1988.8</AltitudeMeters>
          <DistanceMeters>89980.9</DistanceMeters>
        </Trackpoint>
        <Trackpoint>
          <Time>2026-07-26T05:23:03Z</Time>
          <Position>
            <LatitudeDegrees>35.14203</LatitudeDegrees>
            <LongitudeDegrees>-106.15727</LongitudeDegrees>
          </Position>
          <AltitudeMeters>1988.0</AltitudeMeters>
          <DistanceMeters>90080.1</DistanceMeters>
        </Trackpoint>
        <Trackpoint>
          <Time>2026-07-26T05:23:13Z</Time>
          <Position>
            <LatitudeDegrees>35.14205</LatitudeDegrees>
            <LongitudeDegrees>-106.15618</LongitudeDegrees>
          </Position>
          <AltitudeMeters>1987.1</AltitudeMeters>
          <DistanceMeters>90179.4</DistanceMeters>
        </Trackpoint>
        <Trackpoint>
          <Time>2026-07-26T05:23:23Z</Time>
          <Position>
            <LatitudeDegrees>35.14205</LatitudeDegrees>
            <LongitudeDegrees>-106.15513</LongitudeDegrees>
          </Position>
          <AltitudeMeters>1987.3</AltitudeMeters>
          <DistanceMeters>90275.0</DistanceMeters>
        </Trackpoint>
        <Trackpoint>
          <Time>2026-07-26T05:23:33Z</Time>
          <Position>
            <LatitudeDegrees>35.14205</LatitudeDegrees>
            <LongitudeDegrees>-106.15408</LongitudeDegrees>
          </Position>
          <AltitudeMeters>1987.4</AltitudeMeters>
          <DistanceMeters>90370.5</DistanceMeters>
        </Trackpoint>
        <Trackpoint>
          <Time>2026-07-26T05:23:43Z</Time>
          <Position>
            <LatitudeDegrees>35.14205</LatitudeDegrees>
            <LongitudeDegrees>-106.15304</LongitudeDegrees>
          </Position>
          <AltitudeMeters>1985.9</AltitudeMeters>
          <DistanceMeters>90465.2</DistanceMeters>
        </Trackpoint>
        <Trackpoint>
          <Time>2026-07-26T05:23:53Z</Time>
          <Position>
            <LatitudeDegrees>35.14205</LatitudeDegrees>
            <LongitudeDegrees>-106.15199</LongitudeDegrees>
          </Position>
          <AltitudeMeters>1982.5</AltitudeMeters>
          <DistanceMeters>90560.8</DistanceMeters>
        </Trackpoint>
        <Trackpoint>
          <Time>2026-07-26T05:24:03Z</Time>
          <Position>
            <LatitudeDegrees>35.14205</LatitudeDegrees>
            <LongitudeDegrees>-106.15094</LongitudeDegrees>
          </Position>
          <AltitudeMeters>1983.9</AltitudeMeters>
          <DistanceMeters>90656.4</DistanceMeters>
        </Trackpoint>
        <Trackpoint>
          <Time>2026-07-26T05:24:13Z</Time>
          <Position>
            <LatitudeDegrees>35.14205</LatitudeDegrees>
            <LongitudeDegrees>-106.1499</LongitudeDegrees>
          </Position>
          <AltitudeMeters>1987.2</AltitudeMeters>
          <DistanceMeters>90751.0</DistanceMeters>
        </Trackpoint>
        <Trackpoint>
          <Time>2026-07-26T05:24:23Z</Time>
          <Position>
            <LatitudeDegrees>35.14205</LatitudeDegrees>
            <LongitudeDegrees>-106.14885</LongitudeDegrees>
          </Position>
          <AltitudeMeters>1987.4</AltitudeMeters>
          <DistanceMeters>90846.6</DistanceMeters>
        </Trackpoint>
        <Trackpoint>
          <Time>2026-07-26T05:24:33Z</Time>
          <Position>
            <LatitudeDegrees>35.14205</LatitudeDegrees>
            <LongitudeDegrees>-106.1478</LongitudeDegrees>
          </Position>
          <AltitudeMeters>1986.9</AltitudeMeters>
          <DistanceMeters>90942.2</DistanceMeters>
        </Trackpoint>
        <Trackpoint>
          <Time>2026-07-26T05:24:43Z</Time>
          <Position>
            <LatitudeDegrees>35.14205</LatitudeDegrees>
            <LongitudeDegrees>-106.14676</LongitudeDegrees>
          </Position>
          <AltitudeMeters>1987.5</AltitudeMeters>
          <DistanceMeters>91036.9</DistanceMeters>
        </Trackpoint>
        <Trackpoint>
          <Time>2026-07-26T05:24:53Z</Time>
          <Position>
            <LatitudeDegrees>35.14205</LatitudeDegrees>
            <LongitudeDegrees>-106.14571</LongitudeDegrees>
          </Position>
          <AltitudeMeters>1987.1</AltitudeMeters>
          <DistanceMeters>91132.4</DistanceMeters>
        </Trackpoint>
        <Trackpoint>
          <Time>2026-07-26T05:25:03Z</Time>
          <Position>
            <LatitudeDegrees>35.14205</LatitudeDegrees>
            <LongitudeDegrees>-106.14466</LongitudeDegrees>
          </Position>
          <AltitudeMeters>1987.1</AltitudeMeters>
          <DistanceMeters>91228.0</DistanceMeters>
        </Trackpoint>
        <Trackpoint>
          <Time>2026-07-26T05:25:13Z</Time>
          <Position>
            <LatitudeDegrees>35.14205</LatitudeDegrees>
            <LongitudeDegrees>-106.14361</LongitudeDegrees>
          </Position>
          <AltitudeMeters>1987.4</AltitudeMeters>
          <DistanceMeters>91323.6</DistanceMeters>
        </Trackpoint>
        <Trackpoint>
          <Time>2026-07-26T05:25:23Z</Time>
          <Position>
            <LatitudeDegrees>35.14205</LatitudeDegrees>
            <LongitudeDegrees>-106.14257</LongitudeDegrees>
          </Position>
          <AltitudeMeters>1986.1</AltitudeMeters>
          <DistanceMeters>91418.3</DistanceMeters>
        </Trackpoint>
        <Trackpoint>
          <Time>2026-07-26T05:25:33Z</Time>
          <Position>
            <LatitudeDegrees>35.14205</LatitudeDegrees>
            <LongitudeDegrees>-106.14152</LongitudeDegrees>
          </Position>
          <AltitudeMeters>1984.7</AltitudeMeters>
          <DistanceMeters>91513.9</DistanceMeters>
        </Trackpoint>
        <Trackpoint>
          <Time>2026-07-26T05:25:43Z</Time>
          <Position>
            <LatitudeDegrees>35.14205</LatitudeDegrees>
            <LongitudeDegrees>-106.14047</LongitudeDegrees>
          </Position>
          <AltitudeMeters>1982.1</AltitudeMeters>
          <DistanceMeters>91609.4</DistanceMeters>
        </Trackpoint>
        <Trackpoint>
          <Time>2026-07-26T05:25:53Z</Time>
          <Position>
            <LatitudeDegrees>35.14205</LatitudeDegrees>
            <LongitudeDegrees>-106.13943</LongitudeDegrees>
          </Position>
          <AltitudeMeters>1981.9</AltitudeMeters>
          <DistanceMeters>91704.1</DistanceMeters>
        </Trackpoint>
        <Trackpoint>
          <Time>2026-07-26T05:26:03Z</Time>
          <Position>
            <LatitudeDegrees>35.14205</LatitudeDegrees>
            <LongitudeDegrees>-106.13838</LongitudeDegrees>
          </Position>
          <AltitudeMeters>1981.0</AltitudeMeters>
          <DistanceMeters>91799.7</DistanceMeters>
        </Trackpoint>
        <Trackpoint>
          <Time>2026-07-26T05:26:13Z</Time>
          <Position>
            <LatitudeDegrees>35.14205</LatitudeDegrees>
            <LongitudeDegrees>-106.13731</LongitudeDegrees>
          </Position>
          <AltitudeMeters>1980.1</AltitudeMeters>
          <DistanceMeters>91897.1</DistanceMeters>
        </Trackpoint>
        <Trackpoint>
          <Time>2026-07-26T05:26:23Z</Time>
          <Position>
            <LatitudeDegrees>35.14205</LatitudeDegrees>
            <LongitudeDegrees>-106.13624</LongitudeDegrees>
          </Position>
          <AltitudeMeters>1979.8</AltitudeMeters>
          <DistanceMeters>91994.5</DistanceMeters>
        </Trackpoint>
        <Trackpoint>
          <Time>2026-07-26T05:26:33Z</Time>
          <Position>
            <LatitudeDegrees>35.14205</LatitudeDegrees>
            <LongitudeDegrees>-106.13517</LongitudeDegrees>
          </Position>
          <AltitudeMeters>1979.3</AltitudeMeters>
          <DistanceMeters>92091.9</DistanceMeters>
        </Trackpoint>
        <Trackpoint>
          <Time>2026-07-26T05:26:43Z</Time>
          <Position>
            <LatitudeDegrees>35.14205</LatitudeDegrees>
            <LongitudeDegrees>-106.1341</LongitudeDegrees>
          </Position>
          <AltitudeMeters>1978.6</AltitudeMeters>
          <DistanceMeters>92189.3</DistanceMeters>
        </Trackpoint>
        <Trackpoint>
          <Time>2026-07-26T05:26:53Z</Time>
          <Position>
            <LatitudeDegrees>35.14206</LatitudeDegrees>
            <LongitudeDegrees>-106.13303</LongitudeDegrees>
          </Position>
          <AltitudeMeters>1978.2</AltitudeMeters>
          <DistanceMeters>92286.7</DistanceMeters>
        </Trackpoint>
        <Trackpoint>
          <Time>2026-07-26T05:27:03Z</Time>
          <Position>
            <LatitudeDegrees>35.14206</LatitudeDegrees>
            <LongitudeDegrees>-106.13196</LongitudeDegrees>
          </Position>
          <AltitudeMeters>1977.3</AltitudeMeters>
          <DistanceMeters>92384.1</DistanceMeters>
        </Trackpoint>
        <Trackpoint>
          <Time>2026-07-26T05:27:13Z</Time>
          <Position>
            <LatitudeDegrees>35.14206</LatitudeDegrees>
            <LongitudeDegrees>-106.13089</LongitudeDegrees>
          </Position>
          <AltitudeMeters>1976.0</AltitudeMeters>
          <DistanceMeters>92481.5</DistanceMeters>
        </Trackpoint>
        <Trackpoint>
          <Time>2026-07-26T05:27:23Z</Time>
          <Position>
            <LatitudeDegrees>35.14206</LatitudeDegrees>
            <LongitudeDegrees>-106.12983</LongitudeDegrees>
          </Position>
          <AltitudeMeters>1974.2</AltitudeMeters>
          <DistanceMeters>92578.0</DistanceMeters>
        </Trackpoint>
        <Trackpoint>
          <Time>2026-07-26T05:27:33Z</Time>
          <Position>
            <LatitudeDegrees>35.14206</LatitudeDegrees>
            <LongitudeDegrees>-106.12876</LongitudeDegrees>
          </Position>
          <AltitudeMeters>1971.8</AltitudeMeters>
          <DistanceMeters>92675.4</DistanceMeters>
        </Trackpoint>
        <Trackpoint>
          <Time>2026-07-26T05:27:43Z</Time>
          <Position>
            <LatitudeDegrees>35.14207</LatitudeDegrees>
            <LongitudeDegrees>-106.12769</LongitudeDegrees>
          </Position>
          <AltitudeMeters>1969.1</AltitudeMeters>
          <DistanceMeters>92772.8</DistanceMeters>
        </Trackpoint>
        <Trackpoint>
          <Time>2026-07-26T05:27:53Z</Time>
          <Position>
            <LatitudeDegrees>35.14207</LatitudeDegrees>
            <LongitudeDegrees>-106.12662</LongitudeDegrees>
          </Position>
          <AltitudeMeters>1964.4</AltitudeMeters>
          <DistanceMeters>92870.2</DistanceMeters>
        </Trackpoint>
        <Trackpoint>
          <Time>2026-07-26T05:28:03Z</Time>
          <Position>
            <LatitudeDegrees>35.14207</LatitudeDegrees>
            <LongitudeDegrees>-106.12555</LongitudeDegrees>
          </Position>
          <AltitudeMeters>1965.4</AltitudeMeters>
          <DistanceMeters>92967.6</DistanceMeters>
        </Trackpoint>
        <Trackpoint>
          <Time>2026-07-26T05:28:13Z</Time>
          <Position>
            <LatitudeDegrees>35.14207</LatitudeDegrees>
            <LongitudeDegrees>-106.12448</LongitudeDegrees>
          </Position>
          <AltitudeMeters>1963.4</AltitudeMeters>
          <DistanceMeters>93065.0</DistanceMeters>
        </Trackpoint>
        <Trackpoint>
          <Time>2026-07-26T05:28:23Z</Time>
          <Position>
            <LatitudeDegrees>35.14208</LatitudeDegrees>
            <LongitudeDegrees>-106.12341</LongitudeDegrees>
          </Position>
          <AltitudeMeters>1962.7</AltitudeMeters>
          <DistanceMeters>93162.4</DistanceMeters>
        </Trackpoint>
        <Trackpoint>
          <Time>2026-07-26T05:28:33Z</Time>
          <Position>
            <LatitudeDegrees>35.14207</LatitudeDegrees>
            <LongitudeDegrees>-106.12254</LongitudeDegrees>
          </Position>
          <AltitudeMeters>1966.4</AltitudeMeters>
          <DistanceMeters>93241.6</DistanceMeters>
        </Trackpoint>
        <Trackpoint>
          <Time>2026-07-26T05:28:43Z</Time>
          <Position>
            <LatitudeDegrees>35.14207</LatitudeDegrees>
            <LongitudeDegrees>-106.12166</LongitudeDegrees>
          </Position>
          <AltitudeMeters>1968.5</AltitudeMeters>
          <DistanceMeters>93321.7</DistanceMeters>
        </Trackpoint>
        <Trackpoint>
          <Time>2026-07-26T05:28:53Z</Time>
          <Position>
            <LatitudeDegrees>35.14207</LatitudeDegrees>
            <LongitudeDegrees>-106.12079</LongitudeDegrees>
          </Position>
          <AltitudeMeters>1969.5</AltitudeMeters>
          <DistanceMeters>93400.9</DistanceMeters>
        </Trackpoint>
        <Trackpoint>
          <Time>2026-07-26T05:29:03Z</Time>
          <Position>
            <LatitudeDegrees>35.14208</LatitudeDegrees>
            <LongitudeDegrees>-106.11986</LongitudeDegrees>
          </Position>
          <AltitudeMeters>1971.9</AltitudeMeters>
          <DistanceMeters>93485.6</DistanceMeters>
        </Trackpoint>
        <Trackpoint>
          <Time>2026-07-26T05:29:13Z</Time>
          <Position>
            <LatitudeDegrees>35.1421</LatitudeDegrees>
            <LongitudeDegrees>-106.11893</LongitudeDegrees>
          </Position>
          <AltitudeMeters>1971.8</AltitudeMeters>
          <DistanceMeters>93570.3</DistanceMeters>
        </Trackpoint>
        <Trackpoint>
          <Time>2026-07-26T05:29:23Z</Time>
          <Position>
            <LatitudeDegrees>35.14211</LatitudeDegrees>
            <LongitudeDegrees>-106.118</LongitudeDegrees>
          </Position>
          <AltitudeMeters>1970.6</AltitudeMeters>
          <DistanceMeters>93654.9</DistanceMeters>
        </Trackpoint>
        <Trackpoint>
          <Time>2026-07-26T05:29:33Z</Time>
          <Position>
            <LatitudeDegrees>35.14212</LatitudeDegrees>
            <LongitudeDegrees>-106.11694</LongitudeDegrees>
          </Position>
          <AltitudeMeters>1970.2</AltitudeMeters>
          <DistanceMeters>93751.4</DistanceMeters>
        </Trackpoint>
        <Trackpoint>
          <Time>2026-07-26T05:29:43Z</Time>
          <Position>
            <LatitudeDegrees>35.14213</LatitudeDegrees>
            <LongitudeDegrees>-106.11588</LongitudeDegrees>
          </Position>
          <AltitudeMeters>1969.4</AltitudeMeters>
          <DistanceMeters>93847.9</DistanceMeters>
        </Trackpoint>
        <Trackpoint>
          <Time>2026-07-26T05:29:53Z</Time>
          <Position>
            <LatitudeDegrees>35.14213</LatitudeDegrees>
            <LongitudeDegrees>-106.11481</LongitudeDegrees>
          </Position>
          <AltitudeMeters>1968.3</AltitudeMeters>
          <DistanceMeters>93945.3</DistanceMeters>
        </Trackpoint>
        <Trackpoint>
          <Time>2026-07-26T05:30:03Z</Time>
          <Position>
            <LatitudeDegrees>35.14214</LatitudeDegrees>
            <LongitudeDegrees>-106.11375</LongitudeDegrees>
          </Position>
          <AltitudeMeters>1966.6</AltitudeMeters>
          <DistanceMeters>94041.8</DistanceMeters>
        </Trackpoint>
        <Trackpoint>
          <Time>2026-07-26T05:30:13Z</Time>
          <Position>
            <LatitudeDegrees>35.14215</LatitudeDegrees>
            <LongitudeDegrees>-106.11269</LongitudeDegrees>
          </Position>
          <AltitudeMeters>1965.0</AltitudeMeters>
          <DistanceMeters>94138.3</DistanceMeters>
        </Trackpoint>
        <Trackpoint>
          <Time>2026-07-26T05:30:23Z</Time>
          <Position>
            <LatitudeDegrees>35.14215</LatitudeDegrees>
            <LongitudeDegrees>-106.11162</LongitudeDegrees>
          </Position>
          <AltitudeMeters>1963.6</AltitudeMeters>
          <DistanceMeters>94235.7</DistanceMeters>
        </Trackpoint>
        <Trackpoint>
          <Time>2026-07-26T05:30:33Z</Time>
          <Position>
            <LatitudeDegrees>35.14216</LatitudeDegrees>
            <LongitudeDegrees>-106.11056</LongitudeDegrees>
          </Position>
          <AltitudeMeters>1962.7</AltitudeMeters>
          <DistanceMeters>94332.2</DistanceMeters>
        </Trackpoint>
        <Trackpoint>
          <Time>2026-07-26T05:30:43Z</Time>
          <Position>
            <LatitudeDegrees>35.14217</LatitudeDegrees>
            <LongitudeDegrees>-106.1095</LongitudeDegrees>
          </Position>
          <AltitudeMeters>1961.1</AltitudeMeters>
          <DistanceMeters>94428.7</DistanceMeters>
        </Trackpoint>
        <Trackpoint>
          <Time>2026-07-26T05:30:53Z</Time>
          <Position>
            <LatitudeDegrees>35.14218</LatitudeDegrees>
            <LongitudeDegrees>-106.10843</LongitudeDegrees>
          </Position>
          <AltitudeMeters>1960.2</AltitudeMeters>
          <DistanceMeters>94526.1</DistanceMeters>
        </Trackpoint>
        <Trackpoint>
          <Time>2026-07-26T05:31:03Z</Time>
          <Position>
            <LatitudeDegrees>35.14218</LatitudeDegrees>
            <LongitudeDegrees>-106.10737</LongitudeDegrees>
          </Position>
          <AltitudeMeters>1958.9</AltitudeMeters>
          <DistanceMeters>94622.6</DistanceMeters>
        </Trackpoint>
        <Trackpoint>
          <Time>2026-07-26T05:31:13Z</Time>
          <Position>
            <LatitudeDegrees>35.14219</LatitudeDegrees>
            <LongitudeDegrees>-106.10631</LongitudeDegrees>
          </Position>
          <AltitudeMeters>1957.9</AltitudeMeters>
          <DistanceMeters>94719.1</DistanceMeters>
        </Trackpoint>
        <Trackpoint>
          <Time>2026-07-26T05:31:23Z</Time>
          <Position>
            <LatitudeDegrees>35.1422</LatitudeDegrees>
            <LongitudeDegrees>-106.10525</LongitudeDegrees>
          </Position>
          <AltitudeMeters>1955.2</AltitudeMeters>
          <DistanceMeters>94815.6</DistanceMeters>
        </Trackpoint>
        <Trackpoint>
          <Time>2026-07-26T05:31:33Z</Time>
          <Position>
            <LatitudeDegrees>35.14222</LatitudeDegrees>
            <LongitudeDegrees>-106.1045</LongitudeDegrees>
          </Position>
          <AltitudeMeters>1953.8</AltitudeMeters>
          <DistanceMeters>94883.9</DistanceMeters>
        </Trackpoint>
        <Trackpoint>
          <Time>2026-07-26T05:31:43Z</Time>
          <Position>
            <LatitudeDegrees>35.14224</LatitudeDegrees>
            <LongitudeDegrees>-106.10376</LongitudeDegrees>
          </Position>
          <AltitudeMeters>1951.7</AltitudeMeters>
          <DistanceMeters>94951.3</DistanceMeters>
        </Trackpoint>
        <Trackpoint>
          <Time>2026-07-26T05:31:53Z</Time>
          <Position>
            <LatitudeDegrees>35.14226</LatitudeDegrees>
            <LongitudeDegrees>-106.10302</LongitudeDegrees>
          </Position>
          <AltitudeMeters>1950.5</AltitudeMeters>
          <DistanceMeters>95018.7</DistanceMeters>
        </Trackpoint>
        <Trackpoint>
          <Time>2026-07-26T05:32:03Z</Time>
          <Position>
            <LatitudeDegrees>35.14224</LatitudeDegrees>
            <LongitudeDegrees>-106.10214</LongitudeDegrees>
          </Position>
          <AltitudeMeters>1948.5</AltitudeMeters>
          <DistanceMeters>95098.8</DistanceMeters>
        </Trackpoint>
        <Trackpoint>
          <Time>2026-07-26T05:32:13Z</Time>
          <Position>
            <LatitudeDegrees>35.14223</LatitudeDegrees>
            <LongitudeDegrees>-106.10126</LongitudeDegrees>
          </Position>
          <AltitudeMeters>1947.2</AltitudeMeters>
          <DistanceMeters>95178.9</DistanceMeters>
        </Trackpoint>
        <Trackpoint>
          <Time>2026-07-26T05:32:23Z</Time>
          <Position>
            <LatitudeDegrees>35.14221</LatitudeDegrees>
            <LongitudeDegrees>-106.10038</LongitudeDegrees>
          </Position>
          <AltitudeMeters>1945.7</AltitudeMeters>
          <DistanceMeters>95259.1</DistanceMeters>
        </Trackpoint>
        <Trackpoint>
          <Time>2026-07-26T05:32:33Z</Time>
          <Position>
            <LatitudeDegrees>35.1422</LatitudeDegrees>
            <LongitudeDegrees>-106.0995</LongitudeDegrees>
          </Position>
          <AltitudeMeters>1944.3</AltitudeMeters>
          <DistanceMeters>95339.2</DistanceMeters>
        </Trackpoint>
        <Trackpoint>
          <Time>2026-07-26T05:32:43Z</Time>
          <Position>
            <LatitudeDegrees>35.14218</LatitudeDegrees>
            <LongitudeDegrees>-106.09862</LongitudeDegrees>
          </Position>
          <AltitudeMeters>1943.9</AltitudeMeters>
          <DistanceMeters>95419.3</DistanceMeters>
        </Trackpoint>
        <Trackpoint>
          <Time>2026-07-26T05:32:53Z</Time>
          <Position>
            <LatitudeDegrees>35.14219</LatitudeDegrees>
            <LongitudeDegrees>-106.09761</LongitudeDegrees>
          </Position>
          <AltitudeMeters>1943.6</AltitudeMeters>
          <DistanceMeters>95511.3</DistanceMeters>
        </Trackpoint>
        <Trackpoint>
          <Time>2026-07-26T05:33:03Z</Time>
          <Position>
            <LatitudeDegrees>35.14219</LatitudeDegrees>
            <LongitudeDegrees>-106.0966</LongitudeDegrees>
          </Position>
          <AltitudeMeters>1943.2</AltitudeMeters>
          <DistanceMeters>95603.2</DistanceMeters>
        </Trackpoint>
        <Trackpoint>
          <Time>2026-07-26T05:33:13Z</Time>
          <Position>
            <LatitudeDegrees>35.1422</LatitudeDegrees>
            <LongitudeDegrees>-106.09559</LongitudeDegrees>
          </Position>
          <AltitudeMeters>1943.0</AltitudeMeters>
          <DistanceMeters>95695.2</DistanceMeters>
        </Trackpoint>
        <Trackpoint>
          <Time>2026-07-26T05:33:23Z</Time>
          <Position>
            <LatitudeDegrees>35.1422</LatitudeDegrees>
            <LongitudeDegrees>-106.09458</LongitudeDegrees>
          </Position>
          <AltitudeMeters>1940.5</AltitudeMeters>
          <DistanceMeters>95787.1</DistanceMeters>
        </Trackpoint>
        <Trackpoint>
          <Time>2026-07-26T05:33:33Z</Time>
          <Position>
            <LatitudeDegrees>35.1422</LatitudeDegrees>
            <LongitudeDegrees>-106.09357</LongitudeDegrees>
          </Position>
          <AltitudeMeters>1937.5</AltitudeMeters>
          <DistanceMeters>95879.0</DistanceMeters>
        </Trackpoint>
        <Trackpoint>
          <Time>2026-07-26T05:33:43Z</Time>
          <Position>
            <LatitudeDegrees>35.14221</LatitudeDegrees>
            <LongitudeDegrees>-106.09256</LongitudeDegrees>
          </Position>
          <AltitudeMeters>1938.0</AltitudeMeters>
          <DistanceMeters>95971.0</DistanceMeters>
        </Trackpoint>
        <Trackpoint>
          <Time>2026-07-26T05:33:53Z</Time>
          <Position>
            <LatitudeDegrees>35.14221</LatitudeDegrees>
            <LongitudeDegrees>-106.09156</LongitudeDegrees>
          </Position>
          <AltitudeMeters>1940.6</AltitudeMeters>
          <DistanceMeters>96062.0</DistanceMeters>
        </Trackpoint>
        <Trackpoint>
          <Time>2026-07-26T05:34:03Z</Time>
          <Position>
            <LatitudeDegrees>35.14221</LatitudeDegrees>
            <LongitudeDegrees>-106.0905</LongitudeDegrees>
          </Position>
          <AltitudeMeters>1937.5</AltitudeMeters>
          <DistanceMeters>96158.5</DistanceMeters>
        </Trackpoint>
        <Trackpoint>
          <Time>2026-07-26T05:34:13Z</Time>
          <Position>
            <LatitudeDegrees>35.14221</LatitudeDegrees>
            <LongitudeDegrees>-106.08945</LongitudeDegrees>
          </Position>
          <AltitudeMeters>1935.3</AltitudeMeters>
          <DistanceMeters>96254.1</DistanceMeters>
        </Trackpoint>
        <Trackpoint>
          <Time>2026-07-26T05:34:23Z</Time>
          <Position>
            <LatitudeDegrees>35.1422</LatitudeDegrees>
            <LongitudeDegrees>-106.0884</LongitudeDegrees>
          </Position>
          <AltitudeMeters>1934.3</AltitudeMeters>
          <DistanceMeters>96349.7</DistanceMeters>
        </Trackpoint>
        <Trackpoint>
          <Time>2026-07-26T05:34:33Z</Time>
          <Position>
            <LatitudeDegrees>35.1422</LatitudeDegrees>
            <LongitudeDegrees>-106.08735</LongitudeDegrees>
          </Position>
          <AltitudeMeters>1932.2</AltitudeMeters>
          <DistanceMeters>96445.2</DistanceMeters>
        </Trackpoint>
        <Trackpoint>
          <Time>2026-07-26T05:34:43Z</Time>
          <Position>
            <LatitudeDegrees>35.1422</LatitudeDegrees>
            <LongitudeDegrees>-106.08629</LongitudeDegrees>
          </Position>
          <AltitudeMeters>1932.3</AltitudeMeters>
          <DistanceMeters>96541.7</DistanceMeters>
        </Trackpoint>
        <Trackpoint>
          <Time>2026-07-26T05:34:53Z</Time>
          <Position>
            <LatitudeDegrees>35.1422</LatitudeDegrees>
            <LongitudeDegrees>-106.08524</LongitudeDegrees>
          </Position>
          <AltitudeMeters>1932.5</AltitudeMeters>
          <DistanceMeters>96637.3</DistanceMeters>
        </Trackpoint>
        <Trackpoint>
          <Time>2026-07-26T05:35:03Z</Time>
          <Position>
            <LatitudeDegrees>35.1422</LatitudeDegrees>
            <LongitudeDegrees>-106.08419</LongitudeDegrees>
          </Position>
          <AltitudeMeters>1934.1</AltitudeMeters>
          <DistanceMeters>96732.9</DistanceMeters>
        </Trackpoint>
        <Trackpoint>
          <Time>2026-07-26T05:35:13Z</Time>
          <Position>
            <LatitudeDegrees>35.14219</LatitudeDegrees>
            <LongitudeDegrees>-106.08314</LongitudeDegrees>
          </Position>
          <AltitudeMeters>1934.9</AltitudeMeters>
          <DistanceMeters>96828.5</DistanceMeters>
        </Trackpoint>
        <Trackpoint>
          <Time>2026-07-26T05:35:23Z</Time>
          <Position>
            <LatitudeDegrees>35.14219</LatitudeDegrees>
            <LongitudeDegrees>-106.08208</LongitudeDegrees>
          </Position>
          <AltitudeMeters>1934.8</AltitudeMeters>
          <DistanceMeters>96925.0</DistanceMeters>
        </Trackpoint>
        <Trackpoint>
          <Time>2026-07-26T05:35:33Z</Time>
          <Position>
            <LatitudeDegrees>35.14219</LatitudeDegrees>
            <LongitudeDegrees>-106.08102</LongitudeDegrees>
          </Position>
          <AltitudeMeters>1934.2</AltitudeMeters>
          <DistanceMeters>97021.5</DistanceMeters>
        </Trackpoint>
        <Trackpoint>
          <Time>2026-07-26T05:35:43Z</Time>
          <Position>
            <LatitudeDegrees>35.14219</LatitudeDegrees>
            <LongitudeDegrees>-106.07995</LongitudeDegrees>
          </Position>
          <AltitudeMeters>1933.9</AltitudeMeters>
          <DistanceMeters>97118.9</DistanceMeters>
        </Trackpoint>
        <Trackpoint>
          <Time>2026-07-26T05:35:53Z</Time>
          <Position>
            <LatitudeDegrees>35.14219</LatitudeDegrees>
            <LongitudeDegrees>-106.07889</LongitudeDegrees>
          </Position>
          <AltitudeMeters>1933.8</AltitudeMeters>
          <DistanceMeters>97215.3</DistanceMeters>
        </Trackpoint>
        <Trackpoint>
          <Time>2026-07-26T05:36:03Z</Time>
          <Position>
            <LatitudeDegrees>35.14219</LatitudeDegrees>
            <LongitudeDegrees>-106.07782</LongitudeDegrees>
          </Position>
          <AltitudeMeters>1932.3</AltitudeMeters>
          <DistanceMeters>97312.7</DistanceMeters>
        </Trackpoint>
        <Trackpoint>
          <Time>2026-07-26T05:36:13Z</Time>
          <Position>
            <LatitudeDegrees>35.1422</LatitudeDegrees>
            <LongitudeDegrees>-106.07676</LongitudeDegrees>
          </Position>
          <AltitudeMeters>1931.7</AltitudeMeters>
          <DistanceMeters>97409.2</DistanceMeters>
        </Trackpoint>
        <Trackpoint>
          <Time>2026-07-26T05:36:23Z</Time>
          <Position>
            <LatitudeDegrees>35.1422</LatitudeDegrees>
            <LongitudeDegrees>-106.0757</LongitudeDegrees>
          </Position>
          <AltitudeMeters>1932.3</AltitudeMeters>
          <DistanceMeters>97505.7</DistanceMeters>
        </Trackpoint>
        <Trackpoint>
          <Time>2026-07-26T05:36:33Z</Time>
          <Position>
            <LatitudeDegrees>35.1422</LatitudeDegrees>
            <LongitudeDegrees>-106.07463</LongitudeDegrees>
          </Position>
          <AltitudeMeters>1933.4</AltitudeMeters>
          <DistanceMeters>97603.1</DistanceMeters>
        </Trackpoint>
        <Trackpoint>
          <Time>2026-07-26T05:36:43Z</Time>
          <Position>
            <LatitudeDegrees>35.1422</LatitudeDegrees>
            <LongitudeDegrees>-106.07357</LongitudeDegrees>
          </Position>
          <AltitudeMeters>1934.2</AltitudeMeters>
          <DistanceMeters>97699.6</DistanceMeters>
        </Trackpoint>
        <Trackpoint>
          <Time>2026-07-26T05:36:53Z</Time>
          <Position>
            <LatitudeDegrees>35.1422</LatitudeDegrees>
            <LongitudeDegrees>-106.0725</LongitudeDegrees>
          </Position>
          <AltitudeMeters>1933.4</AltitudeMeters>
          <DistanceMeters>97797.0</DistanceMeters>
        </Trackpoint>
        <Trackpoint>
          <Time>2026-07-26T05:37:03Z</Time>
          <Position>
            <LatitudeDegrees>35.1422</LatitudeDegrees>
            <LongitudeDegrees>-106.07144</LongitudeDegrees>
          </Position>
          <AltitudeMeters>1932.9</AltitudeMeters>
          <DistanceMeters>97893.5</DistanceMeters>
        </Trackpoint>
        <Trackpoint>
          <Time>2026-07-26T05:37:13Z</Time>
          <Position>
            <LatitudeDegrees>35.1422</LatitudeDegrees>
            <LongitudeDegrees>-106.07037</LongitudeDegrees>
          </Position>
          <AltitudeMeters>1931.0</AltitudeMeters>
          <DistanceMeters>97990.9</DistanceMeters>
        </Trackpoint>
        <Trackpoint>
          <Time>2026-07-26T05:37:23Z</Time>
          <Position>
            <LatitudeDegrees>35.1422</LatitudeDegrees>
            <LongitudeDegrees>-106.06931</LongitudeDegrees>
          </Position>
          <AltitudeMeters>1930.3</AltitudeMeters>
          <DistanceMeters>98087.4</DistanceMeters>
        </Trackpoint>
        <Trackpoint>
          <Time>2026-07-26T05:37:33Z</Time>
          <Position>
            <LatitudeDegrees>35.1422</LatitudeDegrees>
            <LongitudeDegrees>-106.06824</LongitudeDegrees>
          </Position>
          <AltitudeMeters>1927.8</AltitudeMeters>
          <DistanceMeters>98184.8</DistanceMeters>
        </Trackpoint>
        <Trackpoint>
          <Time>2026-07-26T05:37:43Z</Time>
          <Position>
            <LatitudeDegrees>35.1422</LatitudeDegrees>
            <LongitudeDegrees>-106.06718</LongitudeDegrees>
          </Position>
          <AltitudeMeters>1927.2</AltitudeMeters>
          <DistanceMeters>98281.3</DistanceMeters>
        </Trackpoint>
        <Trackpoint>
          <Time>2026-07-26T05:37:53Z</Time>
          <Position>
            <LatitudeDegrees>35.1422</LatitudeDegrees>
            <LongitudeDegrees>-106.06611</LongitudeDegrees>
          </Position>
          <AltitudeMeters>1925.2</AltitudeMeters>
          <DistanceMeters>98378.7</DistanceMeters>
        </Trackpoint>
        <Trackpoint>
          <Time>2026-07-26T05:38:03Z</Time>
          <Position>
            <LatitudeDegrees>35.1422</LatitudeDegrees>
            <LongitudeDegrees>-106.06505</LongitudeDegrees>
          </Position>
          <AltitudeMeters>1924.3</AltitudeMeters>
          <DistanceMeters>98475.2</DistanceMeters>
        </Trackpoint>
        <Trackpoint>
          <Time>2026-07-26T05:38:13Z</Time>
          <Position>
            <LatitudeDegrees>35.1422</LatitudeDegrees>
            <LongitudeDegrees>-106.06398</LongitudeDegrees>
          </Position>
          <AltitudeMeters>1923.2</AltitudeMeters>
          <DistanceMeters>98572.6</DistanceMeters>
        </Trackpoint>
        <Trackpoint>
          <Time>2026-07-26T05:38:23Z</Time>
          <Position>
            <LatitudeDegrees>35.14221</LatitudeDegrees>
            <LongitudeDegrees>-106.06292</LongitudeDegrees>
          </Position>
          <AltitudeMeters>1921.9</AltitudeMeters>
          <DistanceMeters>98669.1</DistanceMeters>
        </Trackpoint>
        <Trackpoint>
          <Time>2026-07-26T05:38:33Z</Time>
          <Position>
            <LatitudeDegrees>35.14221</LatitudeDegrees>
            <LongitudeDegrees>-106.06185</LongitudeDegrees>
          </Position>
          <AltitudeMeters>1922.9</AltitudeMeters>
          <DistanceMeters>98766.5</DistanceMeters>
        </Trackpoint>
        <Trackpoint>
          <Time>2026-07-26T05:38:43Z</Time>
          <Position>
            <LatitudeDegrees>35.14221</LatitudeDegrees>
            <LongitudeDegrees>-106.06079</LongitudeDegrees>
          </Position>
          <AltitudeMeters>1922.1</AltitudeMeters>
          <DistanceMeters>98863.0</DistanceMeters>
        </Trackpoint>
        <Trackpoint>
          <Time>2026-07-26T05:38:53Z</Time>
          <Position>
            <LatitudeDegrees>35.14221</LatitudeDegrees>
            <LongitudeDegrees>-106.05972</LongitudeDegrees>
          </Position>
          <AltitudeMeters>1921.5</AltitudeMeters>
          <DistanceMeters>98960.4</DistanceMeters>
        </Trackpoint>
        <Trackpoint>
          <Time>2026-07-26T05:39:03Z</Time>
          <Position>
            <LatitudeDegrees>35.14221</LatitudeDegrees>
            <LongitudeDegrees>-106.05866</LongitudeDegrees>
          </Position>
          <AltitudeMeters>1920.6</AltitudeMeters>
          <DistanceMeters>99056.9</DistanceMeters>
        </Trackpoint>
        <Trackpoint>
          <Time>2026-07-26T05:39:13Z</Time>
          <Position>
            <LatitudeDegrees>35.14221</LatitudeDegrees>
            <LongitudeDegrees>-106.05759</LongitudeDegrees>
          </Position>
          <AltitudeMeters>1920.3</AltitudeMeters>
          <DistanceMeters>99154.3</DistanceMeters>
        </Trackpoint>
        <Trackpoint>
          <Time>2026-07-26T05:39:23Z</Time>
          <Position>
            <LatitudeDegrees>35.14221</LatitudeDegrees>
            <LongitudeDegrees>-106.05653</LongitudeDegrees>
          </Position>
          <AltitudeMeters>1920.6</AltitudeMeters>
          <DistanceMeters>99250.7</DistanceMeters>
        </Trackpoint>
        <Trackpoint>
          <Time>2026-07-26T05:39:33Z</Time>
          <Position>
            <LatitudeDegrees>35.14221</LatitudeDegrees>
            <LongitudeDegrees>-106.05546</LongitudeDegrees>
          </Position>
          <AltitudeMeters>1920.3</AltitudeMeters>
          <DistanceMeters>99348.1</DistanceMeters>
        </Trackpoint>
        <Trackpoint>
          <Time>2026-07-26T05:39:43Z</Time>
          <Position>
            <LatitudeDegrees>35.14221</LatitudeDegrees>
            <LongitudeDegrees>-106.0544</LongitudeDegrees>
          </Position>
          <AltitudeMeters>1920.0</AltitudeMeters>
          <DistanceMeters>99444.6</DistanceMeters>
        </Trackpoint>
        <Trackpoint>
          <Time>2026-07-26T05:39:53Z</Time>
          <Position>
            <LatitudeDegrees>35.14221</LatitudeDegrees>
            <LongitudeDegrees>-106.05334</LongitudeDegrees>
          </Position>
          <AltitudeMeters>1920.0</AltitudeMeters>
          <DistanceMeters>99541.1</DistanceMeters>
        </Trackpoint>
        <Trackpoint>
          <Time>2026-07-26T05:40:03Z</Time>
          <Position>
            <LatitudeDegrees>35.14221</LatitudeDegrees>
            <LongitudeDegrees>-106.05227</LongitudeDegrees>
          </Position>
          <AltitudeMeters>1918.9</AltitudeMeters>
          <DistanceMeters>99638.5</DistanceMeters>
        </Trackpoint>
        <Trackpoint>
          <Time>2026-07-26T05:40:13Z</Time>
          <Position>
            <LatitudeDegrees>35.14221</LatitudeDegrees>
            <LongitudeDegrees>-106.05121</LongitudeDegrees>
          </Position>
          <AltitudeMeters>1918.7</AltitudeMeters>
          <DistanceMeters>99735.0</DistanceMeters>
        </Trackpoint>
        <Trackpoint>
          <Time>2026-07-26T05:40:23Z</Time>
          <Position>
            <LatitudeDegrees>35.14222</LatitudeDegrees>
            <LongitudeDegrees>-106.05014</LongitudeDegrees>
          </Position>
          <AltitudeMeters>1917.9</AltitudeMeters>
          <DistanceMeters>99832.4</DistanceMeters>
        </Trackpoint>
        <Trackpoint>
          <Time>2026-07-26T05:40:33Z</Time>
          <Position>
            <LatitudeDegrees>35.14221</LatitudeDegrees>
            <LongitudeDegrees>-106.0491</LongitudeDegrees>
          </Position>
          <AltitudeMeters>1917.5</AltitudeMeters>
          <DistanceMeters>99927.1</DistanceMeters>
        </Trackpoint>
        <Trackpoint>
          <Time>2026-07-26T05:40:43Z</Time>
          <Position>
            <LatitudeDegrees>35.14221</LatitudeDegrees>
            <LongitudeDegrees>-106.04805</LongitudeDegrees>
          </Position>
          <AltitudeMeters>1917.8</AltitudeMeters>
          <DistanceMeters>100022.7</DistanceMeters>
        </Trackpoint>
        <Trackpoint>
          <Time>2026-07-26T05:40:53Z</Time>
          <Position>
            <LatitudeDegrees>35.14221</LatitudeDegrees>
            <LongitudeDegrees>-106.04701</LongitudeDegrees>
          </Position>
          <AltitudeMeters>1917.5</AltitudeMeters>
          <DistanceMeters>100117.4</DistanceMeters>
        </Trackpoint>
        <Trackpoint>
          <Time>2026-07-26T05:41:03Z</Time>
          <Position>
            <LatitudeDegrees>35.14221</LatitudeDegrees>
            <LongitudeDegrees>-106.04597</LongitudeDegrees>
          </Position>
          <AltitudeMeters>1916.8</AltitudeMeters>
          <DistanceMeters>100212.0</DistanceMeters>
        </Trackpoint>
        <Trackpoint>
          <Time>2026-07-26T05:41:13Z</Time>
          <Position>
            <LatitudeDegrees>35.14221</LatitudeDegrees>
            <LongitudeDegrees>-106.04493</LongitudeDegrees>
          </Position>
          <AltitudeMeters>1916.4</AltitudeMeters>
          <DistanceMeters>100306.7</DistanceMeters>
        </Trackpoint>
        <Trackpoint>
          <Time>2026-07-26T05:41:23Z</Time>
          <Position>
            <LatitudeDegrees>35.14221</LatitudeDegrees>
            <LongitudeDegrees>-106.04388</LongitudeDegrees>
          </Position>
          <AltitudeMeters>1916.0</AltitudeMeters>
          <DistanceMeters>100402.3</DistanceMeters>
        </Trackpoint>
        <Trackpoint>
          <Time>2026-07-26T05:41:33Z</Time>
          <Position>
            <LatitudeDegrees>35.1422</LatitudeDegrees>
            <LongitudeDegrees>-106.04284</LongitudeDegrees>
          </Position>
          <AltitudeMeters>1915.7</AltitudeMeters>
          <DistanceMeters>100496.9</DistanceMeters>
        </Trackpoint>
        <Trackpoint>
          <Time>2026-07-26T05:41:43Z</Time>
          <Position>
            <LatitudeDegrees>35.1422</LatitudeDegrees>
            <LongitudeDegrees>-106.0418</LongitudeDegrees>
          </Position>
          <AltitudeMeters>1915.1</AltitudeMeters>
          <DistanceMeters>100591.6</DistanceMeters>
        </Trackpoint>
        <Trackpoint>
          <Time>2026-07-26T05:41:53Z</Time>
          <Position>
            <LatitudeDegrees>35.1422</LatitudeDegrees>
            <LongitudeDegrees>-106.04075</LongitudeDegrees>
          </Position>
          <AltitudeMeters>1914.8</AltitudeMeters>
          <DistanceMeters>100687.2</DistanceMeters>
        </Trackpoint>
        <Trackpoint>
          <Time>2026-07-26T05:42:03Z</Time>
          <Position>
            <LatitudeDegrees>35.1422</LatitudeDegrees>
            <LongitudeDegrees>-106.03971</LongitudeDegrees>
          </Position>
          <AltitudeMeters>1914.5</AltitudeMeters>
          <DistanceMeters>100781.9</DistanceMeters>
        </Trackpoint>
        <Trackpoint>
          <Time>2026-07-26T05:42:13Z</Time>
          <Position>
            <LatitudeDegrees>35.1422</LatitudeDegrees>
            <LongitudeDegrees>-106.03867</LongitudeDegrees>
          </Position>
          <AltitudeMeters>1913.9</AltitudeMeters>
          <DistanceMeters>100876.5</DistanceMeters>
        </Trackpoint>
        <Trackpoint>
          <Time>2026-07-26T05:42:23Z</Time>
          <Position>
            <LatitudeDegrees>35.1422</LatitudeDegrees>
            <LongitudeDegrees>-106.03762</LongitudeDegrees>
          </Position>
          <AltitudeMeters>1914.2</AltitudeMeters>
          <DistanceMeters>100972.1</DistanceMeters>
        </Trackpoint>
        <Trackpoint>
          <Time>2026-07-26T05:42:33Z</Time>
          <Position>
            <LatitudeDegrees>35.1422</LatitudeDegrees>
            <LongitudeDegrees>-106.03658</LongitudeDegrees>
          </Position>
          <AltitudeMeters>1913.9</AltitudeMeters>
          <DistanceMeters>101066.8</DistanceMeters>
        </Trackpoint>
        <Trackpoint>
          <Time>2026-07-26T05:42:43Z</Time>
          <Position>
            <LatitudeDegrees>35.14219</LatitudeDegrees>
            <LongitudeDegrees>-106.03554</LongitudeDegrees>
          </Position>
          <AltitudeMeters>1913.3</AltitudeMeters>
          <DistanceMeters>101161.5</DistanceMeters>
        </Trackpoint>
        <Trackpoint>
          <Time>2026-07-26T05:42:53Z</Time>
          <Position>
            <LatitudeDegrees>35.14219</LatitudeDegrees>
            <LongitudeDegrees>-106.0345</LongitudeDegrees>
          </Position>
          <AltitudeMeters>1912.9</AltitudeMeters>
          <DistanceMeters>101256.1</DistanceMeters>
        </Trackpoint>
        <Trackpoint>
          <Time>2026-07-26T05:43:03Z</Time>
          <Position>
            <LatitudeDegrees>35.14219</LatitudeDegrees>
            <LongitudeDegrees>-106.03345</LongitudeDegrees>
          </Position>
          <AltitudeMeters>1912.1</AltitudeMeters>
          <DistanceMeters>101351.7</DistanceMeters>
        </Trackpoint>
        <Trackpoint>
          <Time>2026-07-26T05:43:13Z</Time>
          <Position>
            <LatitudeDegrees>35.14219</LatitudeDegrees>
            <LongitudeDegrees>-106.03241</LongitudeDegrees>
          </Position>
          <AltitudeMeters>1912.1</AltitudeMeters>
          <DistanceMeters>101446.4</DistanceMeters>
        </Trackpoint>
        <Trackpoint>
          <Time>2026-07-26T05:43:23Z</Time>
          <Position>
            <LatitudeDegrees>35.14221</LatitudeDegrees>
            <LongitudeDegrees>-106.03142</LongitudeDegrees>
          </Position>
          <AltitudeMeters>1912.1</AltitudeMeters>
          <DistanceMeters>101536.5</DistanceMeters>
        </Trackpoint>
        <Trackpoint>
          <Time>2026-07-26T05:43:33Z</Time>
          <Position>
            <LatitudeDegrees>35.14222</LatitudeDegrees>
            <LongitudeDegrees>-106.03043</LongitudeDegrees>
          </Position>
          <AltitudeMeters>1912.1</AltitudeMeters>
          <DistanceMeters>101626.6</DistanceMeters>
        </Trackpoint>
        <Trackpoint>
          <Time>2026-07-26T05:43:43Z</Time>
          <Position>
            <LatitudeDegrees>35.14224</LatitudeDegrees>
            <LongitudeDegrees>-106.02943</LongitudeDegrees>
          </Position>
          <AltitudeMeters>1912.1</AltitudeMeters>
          <DistanceMeters>101717.7</DistanceMeters>
        </Trackpoint>
        <Trackpoint>
          <Time>2026-07-26T05:43:53Z</Time>
          <Position>
            <LatitudeDegrees>35.14225</LatitudeDegrees>
            <LongitudeDegrees>-106.02844</LongitudeDegrees>
          </Position>
          <AltitudeMeters>1912.1</AltitudeMeters>
          <DistanceMeters>101807.8</DistanceMeters>
        </Trackpoint>
        <Trackpoint>
          <Time>2026-07-26T05:44:03Z</Time>
          <Position>
            <LatitudeDegrees>35.14227</LatitudeDegrees>
            <LongitudeDegrees>-106.02745</LongitudeDegrees>
          </Position>
          <AltitudeMeters>1912.1</AltitudeMeters>
          <DistanceMeters>101898.0</DistanceMeters>
        </Trackpoint>
        <Trackpoint>
          <Time>2026-07-26T05:44:13Z</Time>
          <Position>
            <LatitudeDegrees>35.14229</LatitudeDegrees>
            <LongitudeDegrees>-106.02646</LongitudeDegrees>
          </Position>
          <AltitudeMeters>1912.1</AltitudeMeters>
          <DistanceMeters>101988.1</DistanceMeters>
        </Trackpoint>
        <Trackpoint>
          <Time>2026-07-26T05:44:23Z</Time>
          <Position>
            <LatitudeDegrees>35.1423</LatitudeDegrees>
            <LongitudeDegrees>-106.02547</LongitudeDegrees>
          </Position>
          <AltitudeMeters>1912.0</AltitudeMeters>
          <DistanceMeters>102078.2</DistanceMeters>
        </Trackpoint>
        <Trackpoint>
          <Time>2026-07-26T05:44:33Z</Time>
          <Position>
            <LatitudeDegrees>35.14232</LatitudeDegrees>
            <LongitudeDegrees>-106.02448</LongitudeDegrees>
          </Position>
          <AltitudeMeters>1911.8</AltitudeMeters>
          <DistanceMeters>102168.4</DistanceMeters>
        </Trackpoint>
        <Trackpoint>
          <Time>2026-07-26T05:44:43Z</Time>
          <Position>
            <LatitudeDegrees>35.14232</LatitudeDegrees>
            <LongitudeDegrees>-106.02353</LongitudeDegrees>
          </Position>
          <AltitudeMeters>1911.8</AltitudeMeters>
          <DistanceMeters>102254.9</DistanceMeters>
        </Trackpoint>
        <Trackpoint>
          <Time>2026-07-26T05:44:53Z</Time>
          <Position>
            <LatitudeDegrees>35.14232</LatitudeDegrees>
            <LongitudeDegrees>-106.02259</LongitudeDegrees>
          </Position>
          <AltitudeMeters>1912.1</AltitudeMeters>
          <DistanceMeters>102340.4</DistanceMeters>
        </Trackpoint>
        <Trackpoint>
          <Time>2026-07-26T05:45:03Z</Time>
          <Position>
            <LatitudeDegrees>35.14233</LatitudeDegrees>
            <LongitudeDegrees>-106.02164</LongitudeDegrees>
          </Position>
          <AltitudeMeters>1912.1</AltitudeMeters>
          <DistanceMeters>102426.9</DistanceMeters>
        </Trackpoint>
        <Trackpoint>
          <Time>2026-07-26T05:45:13Z</Time>
          <Position>
            <LatitudeDegrees>35.14233</LatitudeDegrees>
            <LongitudeDegrees>-106.0207</LongitudeDegrees>
          </Position>
          <AltitudeMeters>1913.8</AltitudeMeters>
          <DistanceMeters>102512.5</DistanceMeters>
        </Trackpoint>
        <Trackpoint>
          <Time>2026-07-26T05:45:23Z</Time>
          <Position>
            <LatitudeDegrees>35.14233</LatitudeDegrees>
            <LongitudeDegrees>-106.01975</LongitudeDegrees>
          </Position>
          <AltitudeMeters>1914.3</AltitudeMeters>
          <DistanceMeters>102599.0</DistanceMeters>
        </Trackpoint>
        <Trackpoint>
          <Time>2026-07-26T05:45:43Z</Time>
          <Position>
            <LatitudeDegrees>35.14227</LatitudeDegrees>
            <LongitudeDegrees>-106.01886</LongitudeDegrees>
          </Position>
          <AltitudeMeters>1914.7</AltitudeMeters>
          <DistanceMeters>102680.3</DistanceMeters>
        </Trackpoint>
        <Trackpoint>
          <Time>2026-07-26T05:45:53Z</Time>
          <Position>
            <LatitudeDegrees>35.14221</LatitudeDegrees>
            <LongitudeDegrees>-106.01797</LongitudeDegrees>
          </Position>
          <AltitudeMeters>1914.8</AltitudeMeters>
          <DistanceMeters>102761.5</DistanceMeters>
        </Trackpoint>
        <Trackpoint>
          <Time>2026-07-26T05:46:03Z</Time>
          <Position>
            <LatitudeDegrees>35.1422</LatitudeDegrees>
            <LongitudeDegrees>-106.01712</LongitudeDegrees>
          </Position>
          <AltitudeMeters>1914.2</AltitudeMeters>
          <DistanceMeters>102838.9</DistanceMeters>
        </Trackpoint>
        <Trackpoint>
          <Time>2026-07-26T05:46:13Z</Time>
          <Position>
            <LatitudeDegrees>35.1422</LatitudeDegrees>
            <LongitudeDegrees>-106.01628</LongitudeDegrees>
          </Position>
          <AltitudeMeters>1912.9</AltitudeMeters>
          <DistanceMeters>102915.4</DistanceMeters>
        </Trackpoint>
        <Trackpoint>
          <Time>2026-07-26T05:46:23Z</Time>
          <Position>
            <LatitudeDegrees>35.14219</LatitudeDegrees>
            <LongitudeDegrees>-106.01544</LongitudeDegrees>
          </Position>
          <AltitudeMeters>1912.1</AltitudeMeters>
          <DistanceMeters>102991.9</DistanceMeters>
        </Trackpoint>
        <Trackpoint>
          <Time>2026-07-26T05:46:33Z</Time>
          <Position>
            <LatitudeDegrees>35.14218</LatitudeDegrees>
            <LongitudeDegrees>-106.01459</LongitudeDegrees>
          </Position>
          <AltitudeMeters>1911.8</AltitudeMeters>
          <DistanceMeters>103069.2</DistanceMeters>
        </Trackpoint>
        <Trackpoint>
          <Time>2026-07-26T05:46:43Z</Time>
          <Position>
            <LatitudeDegrees>35.14219</LatitudeDegrees>
            <LongitudeDegrees>-106.01352</LongitudeDegrees>
          </Position>
          <AltitudeMeters>1912.1</AltitudeMeters>
          <DistanceMeters>103166.6</DistanceMeters>
        </Trackpoint>
        <Trackpoint>
          <Time>2026-07-26T05:46:53Z</Time>
          <Position>
            <LatitudeDegrees>35.14219</LatitudeDegrees>
            <LongitudeDegrees>-106.01245</LongitudeDegrees>
          </Position>
          <AltitudeMeters>1913.2</AltitudeMeters>
          <DistanceMeters>103264.0</DistanceMeters>
        </Trackpoint>
        <Trackpoint>
          <Time>2026-07-26T05:47:03Z</Time>
          <Position>
            <LatitudeDegrees>35.14219</LatitudeDegrees>
            <LongitudeDegrees>-106.01137</LongitudeDegrees>
          </Position>
          <AltitudeMeters>1913.7</AltitudeMeters>
          <DistanceMeters>103362.4</DistanceMeters>
        </Trackpoint>
        <Trackpoint>
          <Time>2026-07-26T05:47:13Z</Time>
          <Position>
            <LatitudeDegrees>35.14219</LatitudeDegrees>
            <LongitudeDegrees>-106.0103</LongitudeDegrees>
          </Position>
          <AltitudeMeters>1914.6</AltitudeMeters>
          <DistanceMeters>103459.8</DistanceMeters>
        </Trackpoint>
        <Trackpoint>
          <Time>2026-07-26T05:47:23Z</Time>
          <Position>
            <LatitudeDegrees>35.14219</LatitudeDegrees>
            <LongitudeDegrees>-106.00923</LongitudeDegrees>
          </Position>
          <AltitudeMeters>1915.4</AltitudeMeters>
          <DistanceMeters>103557.2</DistanceMeters>
        </Trackpoint>
        <Trackpoint>
          <Time>2026-07-26T05:47:33Z</Time>
          <Position>
            <LatitudeDegrees>35.14219</LatitudeDegrees>
            <LongitudeDegrees>-106.00815</LongitudeDegrees>
          </Position>
          <AltitudeMeters>1916.0</AltitudeMeters>
          <DistanceMeters>103655.5</DistanceMeters>
        </Trackpoint>
        <Trackpoint>
          <Time>2026-07-26T05:47:43Z</Time>
          <Position>
            <LatitudeDegrees>35.1422</LatitudeDegrees>
            <LongitudeDegrees>-106.00708</LongitudeDegrees>
          </Position>
          <AltitudeMeters>1916.6</AltitudeMeters>
          <DistanceMeters>103752.9</DistanceMeters>
        </Trackpoint>
        <Trackpoint>
          <Time>2026-07-26T05:47:53Z</Time>
          <Position>
            <LatitudeDegrees>35.1422</LatitudeDegrees>
            <LongitudeDegrees>-106.00601</LongitudeDegrees>
          </Position>
          <AltitudeMeters>1917.0</AltitudeMeters>
          <DistanceMeters>103850.3</DistanceMeters>
        </Trackpoint>
        <Trackpoint>
          <Time>2026-07-26T05:48:03Z</Time>
          <Position>
            <LatitudeDegrees>35.1422</LatitudeDegrees>
            <LongitudeDegrees>-106.00493</LongitudeDegrees>
          </Position>
          <AltitudeMeters>1918.1</AltitudeMeters>
          <DistanceMeters>103948.6</DistanceMeters>
        </Trackpoint>
        <Trackpoint>
          <Time>2026-07-26T05:48:13Z</Time>
          <Position>
            <LatitudeDegrees>35.1422</LatitudeDegrees>
            <LongitudeDegrees>-106.00386</LongitudeDegrees>
          </Position>
          <AltitudeMeters>1918.2</AltitudeMeters>
          <DistanceMeters>104046.0</DistanceMeters>
        </Trackpoint>
        <Trackpoint>
          <Time>2026-07-26T05:48:23Z</Time>
          <Position>
            <LatitudeDegrees>35.1422</LatitudeDegrees>
            <LongitudeDegrees>-106.00277</LongitudeDegrees>
          </Position>
          <AltitudeMeters>1918.8</AltitudeMeters>
          <DistanceMeters>104145.2</DistanceMeters>
        </Trackpoint>
        <Trackpoint>
          <Time>2026-07-26T05:48:33Z</Time>
          <Position>
            <LatitudeDegrees>35.1422</LatitudeDegrees>
            <LongitudeDegrees>-106.00167</LongitudeDegrees>
          </Position>
          <AltitudeMeters>1918.9</AltitudeMeters>
          <DistanceMeters>104245.3</DistanceMeters>
        </Trackpoint>
        <Trackpoint>
          <Time>2026-07-26T05:48:43Z</Time>
          <Position>
            <LatitudeDegrees>35.1422</LatitudeDegrees>
            <LongitudeDegrees>-106.00058</LongitudeDegrees>
          </Position>
          <AltitudeMeters>1919.1</AltitudeMeters>
          <DistanceMeters>104344.6</DistanceMeters>
        </Trackpoint>
        <Trackpoint>
          <Time>2026-07-26T05:48:53Z</Time>
          <Position>
            <LatitudeDegrees>35.14219</LatitudeDegrees>
            <LongitudeDegrees>-105.99975</LongitudeDegrees>
          </Position>
          <AltitudeMeters>1919.6</AltitudeMeters>
          <DistanceMeters>104420.1</DistanceMeters>
        </Trackpoint>
        <Trackpoint>
          <Time>2026-07-26T05:49:03Z</Time>
          <Position>
            <LatitudeDegrees>35.14219</LatitudeDegrees>
            <LongitudeDegrees>-105.99892</LongitudeDegrees>
          </Position>
          <AltitudeMeters>1920.0</AltitudeMeters>
          <DistanceMeters>104495.7</DistanceMeters>
        </Trackpoint>
        <Trackpoint>
          <Time>2026-07-26T05:49:13Z</Time>
          <Position>
            <LatitudeDegrees>35.14218</LatitudeDegrees>
            <LongitudeDegrees>-105.99809</LongitudeDegrees>
          </Position>
          <AltitudeMeters>1920.3</AltitudeMeters>
          <DistanceMeters>104571.2</DistanceMeters>
        </Trackpoint>
        <Trackpoint>
          <Time>2026-07-26T05:49:23Z</Time>
          <Position>
            <LatitudeDegrees>35.14218</LatitudeDegrees>
            <LongitudeDegrees>-105.99727</LongitudeDegrees>
          </Position>
          <AltitudeMeters>1920.6</AltitudeMeters>
          <DistanceMeters>104645.9</DistanceMeters>
        </Trackpoint>
        <Trackpoint>
          <Time>2026-07-26T05:49:33Z</Time>
          <Position>
            <LatitudeDegrees>35.14218</LatitudeDegrees>
            <LongitudeDegrees>-105.99619</LongitudeDegrees>
          </Position>
          <AltitudeMeters>1920.9</AltitudeMeters>
          <DistanceMeters>104744.2</DistanceMeters>
        </Trackpoint>
        <Trackpoint>
          <Time>2026-07-26T05:49:43Z</Time>
          <Position>
            <LatitudeDegrees>35.14218</LatitudeDegrees>
            <LongitudeDegrees>-105.99511</LongitudeDegrees>
          </Position>
          <AltitudeMeters>1921.5</AltitudeMeters>
          <DistanceMeters>104842.5</DistanceMeters>
        </Trackpoint>
        <Trackpoint>
          <Time>2026-07-26T05:49:53Z</Time>
          <Position>
            <LatitudeDegrees>35.14218</LatitudeDegrees>
            <LongitudeDegrees>-105.99403</LongitudeDegrees>
          </Position>
          <AltitudeMeters>1921.8</AltitudeMeters>
          <DistanceMeters>104940.8</DistanceMeters>
        </Trackpoint>
        <Trackpoint>
          <Time>2026-07-26T05:50:03Z</Time>
          <Position>
            <LatitudeDegrees>35.14218</LatitudeDegrees>
            <LongitudeDegrees>-105.99295</LongitudeDegrees>
          </Position>
          <AltitudeMeters>1922.1</AltitudeMeters>
          <DistanceMeters>105039.1</DistanceMeters>
        </Trackpoint>
        <Trackpoint>
          <Time>2026-07-26T05:50:13Z</Time>
          <Position>
            <LatitudeDegrees>35.14218</LatitudeDegrees>
            <LongitudeDegrees>-105.99187</LongitudeDegrees>
          </Position>
          <AltitudeMeters>1922.6</AltitudeMeters>
          <DistanceMeters>105137.4</DistanceMeters>
        </Trackpoint>
        <Trackpoint>
          <Time>2026-07-26T05:50:23Z</Time>
          <Position>
            <LatitudeDegrees>35.14218</LatitudeDegrees>
            <LongitudeDegrees>-105.99079</LongitudeDegrees>
          </Position>
          <AltitudeMeters>1923.1</AltitudeMeters>
          <DistanceMeters>105235.7</DistanceMeters>
        </Trackpoint>
        <Trackpoint>
          <Time>2026-07-26T05:50:33Z</Time>
          <Position>
            <LatitudeDegrees>35.14219</LatitudeDegrees>
            <LongitudeDegrees>-105.98971</LongitudeDegrees>
          </Position>
          <AltitudeMeters>1923.6</AltitudeMeters>
          <DistanceMeters>105334.1</DistanceMeters>
        </Trackpoint>
        <Trackpoint>
          <Time>2026-07-26T05:50:43Z</Time>
          <Position>
            <LatitudeDegrees>35.14219</LatitudeDegrees>
            <LongitudeDegrees>-105.98863</LongitudeDegrees>
          </Position>
          <AltitudeMeters>1924.0</AltitudeMeters>
          <DistanceMeters>105432.4</DistanceMeters>
        </Trackpoint>
        <Trackpoint>
          <Time>2026-07-26T05:50:53Z</Time>
          <Position>
            <LatitudeDegrees>35.14219</LatitudeDegrees>
            <LongitudeDegrees>-105.98755</LongitudeDegrees>
          </Position>
          <AltitudeMeters>1924.3</AltitudeMeters>
          <DistanceMeters>105530.7</DistanceMeters>
        </Trackpoint>
        <Trackpoint>
          <Time>2026-07-26T05:51:03Z</Time>
          <Position>
            <LatitudeDegrees>35.14219</LatitudeDegrees>
            <LongitudeDegrees>-105.98647</LongitudeDegrees>
          </Position>
          <AltitudeMeters>1924.7</AltitudeMeters>
          <DistanceMeters>105629.0</DistanceMeters>
        </Trackpoint>
        <Trackpoint>
          <Time>2026-07-26T05:51:13Z</Time>
          <Position>
            <LatitudeDegrees>35.14219</LatitudeDegrees>
            <LongitudeDegrees>-105.98539</LongitudeDegrees>
          </Position>
          <AltitudeMeters>1925.2</AltitudeMeters>
          <DistanceMeters>105727.3</DistanceMeters>
        </Trackpoint>
        <Trackpoint>
          <Time>2026-07-26T05:51:23Z</Time>
          <Position>
            <LatitudeDegrees>35.14219</LatitudeDegrees>
            <LongitudeDegrees>-105.98432</LongitudeDegrees>
          </Position>
          <AltitudeMeters>1925.6</AltitudeMeters>
          <DistanceMeters>105824.7</DistanceMeters>
        </Trackpoint>
        <Trackpoint>
          <Time>2026-07-26T05:51:33Z</Time>
          <Position>
            <LatitudeDegrees>35.14219</LatitudeDegrees>
            <LongitudeDegrees>-105.98324</LongitudeDegrees>
          </Position>
          <AltitudeMeters>1926.1</AltitudeMeters>
          <DistanceMeters>105923.0</DistanceMeters>
        </Trackpoint>
        <Trackpoint>
          <Time>2026-07-26T05:51:43Z</Time>
          <Position>
            <LatitudeDegrees>35.14219</LatitudeDegrees>
            <LongitudeDegrees>-105.98216</LongitudeDegrees>
          </Position>
          <AltitudeMeters>1926.4</AltitudeMeters>
          <DistanceMeters>106021.3</DistanceMeters>
        </Trackpoint>
        <Trackpoint>
          <Time>2026-07-26T05:51:53Z</Time>
          <Position>
            <LatitudeDegrees>35.1422</LatitudeDegrees>
            <LongitudeDegrees>-105.98108</LongitudeDegrees>
          </Position>
          <AltitudeMeters>1926.7</AltitudeMeters>
          <DistanceMeters>106119.6</DistanceMeters>
        </Trackpoint>
        <Trackpoint>
          <Time>2026-07-26T05:52:03Z</Time>
          <Position>
            <LatitudeDegrees>35.1422</LatitudeDegrees>
            <LongitudeDegrees>-105.98</LongitudeDegrees>
          </Position>
          <AltitudeMeters>1927.3</AltitudeMeters>
          <DistanceMeters>106218.0</DistanceMeters>
        </Trackpoint>
        <Trackpoint>
          <Time>2026-07-26T05:52:13Z</Time>
          <Position>
            <LatitudeDegrees>35.14301</LatitudeDegrees>
            <LongitudeDegrees>-105.97966</LongitudeDegrees>
          </Position>
          <AltitudeMeters>1927.4</AltitudeMeters>
          <DistanceMeters>106313.3</DistanceMeters>
        </Trackpoint>
        <Trackpoint>
          <Time>2026-07-26T05:52:23Z</Time>
          <Position>
            <LatitudeDegrees>35.14381</LatitudeDegrees>
            <LongitudeDegrees>-105.97932</LongitudeDegrees>
          </Position>
          <AltitudeMeters>1927.9</AltitudeMeters>
          <DistanceMeters>106407.6</DistanceMeters>
        </Trackpoint>
        <Trackpoint>
          <Time>2026-07-26T05:52:33Z</Time>
          <Position>
            <LatitudeDegrees>35.14462</LatitudeDegrees>
            <LongitudeDegrees>-105.97898</LongitudeDegrees>
          </Position>
          <AltitudeMeters>1928.5</AltitudeMeters>
          <DistanceMeters>106502.9</DistanceMeters>
        </Trackpoint>
        <Trackpoint>
          <Time>2026-07-26T05:52:43Z</Time>
          <Position>
            <LatitudeDegrees>35.14543</LatitudeDegrees>
            <LongitudeDegrees>-105.97864</LongitudeDegrees>
          </Position>
          <AltitudeMeters>1929.4</AltitudeMeters>
          <DistanceMeters>106598.2</DistanceMeters>
        </Trackpoint>
        <Trackpoint>
          <Time>2026-07-26T05:52:53Z</Time>
          <Position>
            <LatitudeDegrees>35.14624</LatitudeDegrees>
            <LongitudeDegrees>-105.9783</LongitudeDegrees>
          </Position>
          <AltitudeMeters>1930.4</AltitudeMeters>
          <DistanceMeters>106693.6</DistanceMeters>
        </Trackpoint>
        <Trackpoint>
          <Time>2026-07-26T05:53:03Z</Time>
          <Position>
            <LatitudeDegrees>35.14707</LatitudeDegrees>
            <LongitudeDegrees>-105.97794</LongitudeDegrees>
          </Position>
          <AltitudeMeters>1930.5</AltitudeMeters>
          <DistanceMeters>106791.6</DistanceMeters>
        </Trackpoint>
        <Trackpoint>
          <Time>2026-07-26T05:53:13Z</Time>
          <Position>
            <LatitudeDegrees>35.14791</LatitudeDegrees>
            <LongitudeDegrees>-105.97759</LongitudeDegrees>
          </Position>
          <AltitudeMeters>1931.2</AltitudeMeters>
          <DistanceMeters>106890.4</DistanceMeters>
        </Trackpoint>
        <Trackpoint>
          <Time>2026-07-26T05:53:23Z</Time>
          <Position>
            <LatitudeDegrees>35.14874</LatitudeDegrees>
            <LongitudeDegrees>-105.97723</LongitudeDegrees>
          </Position>
          <AltitudeMeters>1931.9</AltitudeMeters>
          <DistanceMeters>106988.4</DistanceMeters>
        </Trackpoint>
        <Trackpoint>
          <Time>2026-07-26T05:53:33Z</Time>
          <Position>
            <LatitudeDegrees>35.14957</LatitudeDegrees>
            <LongitudeDegrees>-105.97688</LongitudeDegrees>
          </Position>
          <AltitudeMeters>1932.6</AltitudeMeters>
          <DistanceMeters>107086.1</DistanceMeters>
        </Trackpoint>
        <Trackpoint>
          <Time>2026-07-26T05:53:43Z</Time>
          <Position>
            <LatitudeDegrees>35.1504</LatitudeDegrees>
            <LongitudeDegrees>-105.97652</LongitudeDegrees>
          </Position>
          <AltitudeMeters>1932.8</AltitudeMeters>
          <DistanceMeters>107184.2</DistanceMeters>
        </Trackpoint>
        <Trackpoint>
          <Time>2026-07-26T05:53:53Z</Time>
          <Position>
            <LatitudeDegrees>35.15124</LatitudeDegrees>
            <LongitudeDegrees>-105.97617</LongitudeDegrees>
          </Position>
          <AltitudeMeters>1933.4</AltitudeMeters>
          <DistanceMeters>107283.0</DistanceMeters>
        </Trackpoint>
        <Trackpoint>
          <Time>2026-07-26T05:54:03Z</Time>
          <Position>
            <LatitudeDegrees>35.15207</LatitudeDegrees>
            <LongitudeDegrees>-105.97581</LongitudeDegrees>
          </Position>
          <AltitudeMeters>1933.4</AltitudeMeters>
          <DistanceMeters>107381.0</DistanceMeters>
        </Trackpoint>
        <Trackpoint>
          <Time>2026-07-26T05:54:13Z</Time>
          <Position>
            <LatitudeDegrees>35.1529</LatitudeDegrees>
            <LongitudeDegrees>-105.97546</LongitudeDegrees>
          </Position>
          <AltitudeMeters>1933.7</AltitudeMeters>
          <DistanceMeters>107478.7</DistanceMeters>
        </Trackpoint>
        <Trackpoint>
          <Time>2026-07-26T05:54:23Z</Time>
          <Position>
            <LatitudeDegrees>35.15373</LatitudeDegrees>
            <LongitudeDegrees>-105.9751</LongitudeDegrees>
          </Position>
          <AltitudeMeters>1934.9</AltitudeMeters>
          <DistanceMeters>107576.8</DistanceMeters>
        </Trackpoint>
        <Trackpoint>
          <Time>2026-07-26T05:54:33Z</Time>
          <Position>
            <LatitudeDegrees>35.15457</LatitudeDegrees>
            <LongitudeDegrees>-105.97475</LongitudeDegrees>
          </Position>
          <AltitudeMeters>1936.4</AltitudeMeters>
          <DistanceMeters>107675.5</DistanceMeters>
        </Trackpoint>
        <Trackpoint>
          <Time>2026-07-26T05:54:43Z</Time>
          <Position>
            <LatitudeDegrees>35.1554</LatitudeDegrees>
            <LongitudeDegrees>-105.9744</LongitudeDegrees>
          </Position>
          <AltitudeMeters>1936.5</AltitudeMeters>
          <DistanceMeters>107773.3</DistanceMeters>
        </Trackpoint>
        <Trackpoint>
          <Time>2026-07-26T05:54:53Z</Time>
          <Position>
            <LatitudeDegrees>35.15623</LatitudeDegrees>
            <LongitudeDegrees>-105.97404</LongitudeDegrees>
          </Position>
          <AltitudeMeters>1936.5</AltitudeMeters>
          <DistanceMeters>107871.3</DistanceMeters>
        </Trackpoint>
        <Trackpoint>
          <Time>2026-07-26T05:55:03Z</Time>
          <Position>
            <LatitudeDegrees>35.15706</LatitudeDegrees>
            <LongitudeDegrees>-105.97369</LongitudeDegrees>
          </Position>
          <AltitudeMeters>1936.5</AltitudeMeters>
          <DistanceMeters>107969.0</DistanceMeters>
        </Trackpoint>
        <Trackpoint>
          <Time>2026-07-26T05:55:13Z</Time>
          <Position>
            <LatitudeDegrees>35.1579</LatitudeDegrees>
            <LongitudeDegrees>-105.97333</LongitudeDegrees>
          </Position>
          <AltitudeMeters>1937.0</AltitudeMeters>
          <DistanceMeters>108068.1</DistanceMeters>
        </Trackpoint>
        <Trackpoint>
          <Time>2026-07-26T05:55:23Z</Time>
          <Position>
            <LatitudeDegrees>35.15873</LatitudeDegrees>
            <LongitudeDegrees>-105.97298</LongitudeDegrees>
          </Position>
          <AltitudeMeters>1937.4</AltitudeMeters>
          <DistanceMeters>108165.9</DistanceMeters>
        </Trackpoint>
        <Trackpoint>
          <Time>2026-07-26T05:55:33Z</Time>
          <Position>
            <LatitudeDegrees>35.15956</LatitudeDegrees>
            <LongitudeDegrees>-105.97262</LongitudeDegrees>
          </Position>
          <AltitudeMeters>1938.1</AltitudeMeters>
          <DistanceMeters>108263.9</DistanceMeters>
        </Trackpoint>
        <Trackpoint>
          <Time>2026-07-26T05:55:43Z</Time>
          <Position>
            <LatitudeDegrees>35.16039</LatitudeDegrees>
            <LongitudeDegrees>-105.97227</LongitudeDegrees>
          </Position>
          <AltitudeMeters>1938.9</AltitudeMeters>
          <DistanceMeters>108361.6</DistanceMeters>
        </Trackpoint>
        <Trackpoint>
          <Time>2026-07-26T05:55:53Z</Time>
          <Position>
            <LatitudeDegrees>35.16123</LatitudeDegrees>
            <LongitudeDegrees>-105.97191</LongitudeDegrees>
          </Position>
          <AltitudeMeters>1939.8</AltitudeMeters>
          <DistanceMeters>108460.7</DistanceMeters>
        </Trackpoint>
        <Trackpoint>
          <Time>2026-07-26T05:56:03Z</Time>
          <Position>
            <LatitudeDegrees>35.16206</LatitudeDegrees>
            <LongitudeDegrees>-105.97156</LongitudeDegrees>
          </Position>
          <AltitudeMeters>1942.6</AltitudeMeters>
          <DistanceMeters>108558.4</DistanceMeters>
        </Trackpoint>
        <Trackpoint>
          <Time>2026-07-26T05:56:13Z</Time>
          <Position>
            <LatitudeDegrees>35.16289</LatitudeDegrees>
            <LongitudeDegrees>-105.97121</LongitudeDegrees>
          </Position>
          <AltitudeMeters>1942.6</AltitudeMeters>
          <DistanceMeters>108656.2</DistanceMeters>
        </Trackpoint>
        <Trackpoint>
          <Time>2026-07-26T05:56:23Z</Time>
          <Position>
            <LatitudeDegrees>35.16372</LatitudeDegrees>
            <LongitudeDegrees>-105.97085</LongitudeDegrees>
          </Position>
          <AltitudeMeters>1943.2</AltitudeMeters>
          <DistanceMeters>108754.2</DistanceMeters>
        </Trackpoint>
        <Trackpoint>
          <Time>2026-07-26T05:56:33Z</Time>
          <Position>
            <LatitudeDegrees>35.16456</LatitudeDegrees>
            <LongitudeDegrees>-105.9705</LongitudeDegrees>
          </Position>
          <AltitudeMeters>1943.5</AltitudeMeters>
          <DistanceMeters>108853.0</DistanceMeters>
        </Trackpoint>
        <Trackpoint>
          <Time>2026-07-26T05:56:43Z</Time>
          <Position>
            <LatitudeDegrees>35.16539</LatitudeDegrees>
            <LongitudeDegrees>-105.97014</LongitudeDegrees>
          </Position>
          <AltitudeMeters>1943.8</AltitudeMeters>
          <DistanceMeters>108951.0</DistanceMeters>
        </Trackpoint>
        <Trackpoint>
          <Time>2026-07-26T05:56:53Z</Time>
          <Position>
            <LatitudeDegrees>35.16622</LatitudeDegrees>
            <LongitudeDegrees>-105.96979</LongitudeDegrees>
          </Position>
          <AltitudeMeters>1942.9</AltitudeMeters>
          <DistanceMeters>109048.7</DistanceMeters>
        </Trackpoint>
        <Trackpoint>
          <Time>2026-07-26T05:57:03Z</Time>
          <Position>
            <LatitudeDegrees>35.16705</LatitudeDegrees>
            <LongitudeDegrees>-105.96943</LongitudeDegrees>
          </Position>
          <AltitudeMeters>1942.9</AltitudeMeters>
          <DistanceMeters>109146.8</DistanceMeters>
        </Trackpoint>
        <Trackpoint>
          <Time>2026-07-26T05:57:13Z</Time>
          <Position>
            <LatitudeDegrees>35.16788</LatitudeDegrees>
            <LongitudeDegrees>-105.96908</LongitudeDegrees>
          </Position>
          <AltitudeMeters>1941.9</AltitudeMeters>
          <DistanceMeters>109244.5</DistanceMeters>
        </Trackpoint>
        <Trackpoint>
          <Time>2026-07-26T05:57:23Z</Time>
          <Position>
            <LatitudeDegrees>35.16872</LatitudeDegrees>
            <LongitudeDegrees>-105.96872</LongitudeDegrees>
          </Position>
          <AltitudeMeters>1937.7</AltitudeMeters>
          <DistanceMeters>109343.6</DistanceMeters>
        </Trackpoint>
        <Trackpoint>
          <Time>2026-07-26T05:57:33Z</Time>
          <Position>
            <LatitudeDegrees>35.16955</LatitudeDegrees>
            <LongitudeDegrees>-105.96837</LongitudeDegrees>
          </Position>
          <AltitudeMeters>1936.6</AltitudeMeters>
          <DistanceMeters>109441.3</DistanceMeters>
        </Trackpoint>
        <Trackpoint>
          <Time>2026-07-26T05:57:43Z</Time>
          <Position>
            <LatitudeDegrees>35.17038</LatitudeDegrees>
            <LongitudeDegrees>-105.96801</LongitudeDegrees>
          </Position>
          <AltitudeMeters>1936.5</AltitudeMeters>
          <DistanceMeters>109539.3</DistanceMeters>
        </Trackpoint>
        <Trackpoint>
          <Time>2026-07-26T05:57:53Z</Time>
          <Position>
            <LatitudeDegrees>35.17121</LatitudeDegrees>
            <LongitudeDegrees>-105.96766</LongitudeDegrees>
          </Position>
          <AltitudeMeters>1937.7</AltitudeMeters>
          <DistanceMeters>109637.1</DistanceMeters>
        </Trackpoint>
        <Trackpoint>
          <Time>2026-07-26T05:58:03Z</Time>
          <Position>
            <LatitudeDegrees>35.17205</LatitudeDegrees>
            <LongitudeDegrees>-105.96731</LongitudeDegrees>
          </Position>
          <AltitudeMeters>1941.2</AltitudeMeters>
          <DistanceMeters>109735.8</DistanceMeters>
        </Trackpoint>
        <Trackpoint>
          <Time>2026-07-26T05:58:13Z</Time>
          <Position>
            <LatitudeDegrees>35.17288</LatitudeDegrees>
            <LongitudeDegrees>-105.96695</LongitudeDegrees>
          </Position>
          <AltitudeMeters>1945.4</AltitudeMeters>
          <DistanceMeters>109833.9</DistanceMeters>
        </Trackpoint>
        <Trackpoint>
          <Time>2026-07-26T05:58:23Z</Time>
          <Position>
            <LatitudeDegrees>35.17371</LatitudeDegrees>
            <LongitudeDegrees>-105.9666</LongitudeDegrees>
          </Position>
          <AltitudeMeters>1948.8</AltitudeMeters>
          <DistanceMeters>109931.6</DistanceMeters>
        </Trackpoint>
        <Trackpoint>
          <Time>2026-07-26T05:58:33Z</Time>
          <Position>
            <LatitudeDegrees>35.17454</LatitudeDegrees>
            <LongitudeDegrees>-105.96624</LongitudeDegrees>
          </Position>
          <AltitudeMeters>1950.3</AltitudeMeters>
          <DistanceMeters>110029.6</DistanceMeters>
        </Trackpoint>
        <Trackpoint>
          <Time>2026-07-26T05:58:43Z</Time>
          <Position>
            <LatitudeDegrees>35.17538</LatitudeDegrees>
            <LongitudeDegrees>-105.96589</LongitudeDegrees>
          </Position>
          <AltitudeMeters>1951.7</AltitudeMeters>
          <DistanceMeters>110128.4</DistanceMeters>
        </Trackpoint>
        <Trackpoint>
          <Time>2026-07-26T05:58:53Z</Time>
          <Position>
            <LatitudeDegrees>35.17621</LatitudeDegrees>
            <LongitudeDegrees>-105.96553</LongitudeDegrees>
          </Position>
          <AltitudeMeters>1953.0</AltitudeMeters>
          <DistanceMeters>110226.4</DistanceMeters>
        </Trackpoint>
        <Trackpoint>
          <Time>2026-07-26T05:59:03Z</Time>
          <Position>
            <LatitudeDegrees>35.17704</LatitudeDegrees>
            <LongitudeDegrees>-105.96518</LongitudeDegrees>
          </Position>
          <AltitudeMeters>1954.5</AltitudeMeters>
          <DistanceMeters>110324.2</DistanceMeters>
        </Trackpoint>
        <Trackpoint>
          <Time>2026-07-26T05:59:13Z</Time>
          <Position>
            <LatitudeDegrees>35.17787</LatitudeDegrees>
            <LongitudeDegrees>-105.96482</LongitudeDegrees>
          </Position>
          <AltitudeMeters>1955.1</AltitudeMeters>
          <DistanceMeters>110422.2</DistanceMeters>
        </Trackpoint>
        <Trackpoint>
          <Time>2026-07-26T05:59:23Z</Time>
          <Position>
            <LatitudeDegrees>35.17871</LatitudeDegrees>
            <LongitudeDegrees>-105.96447</LongitudeDegrees>
          </Position>
          <AltitudeMeters>1955.7</AltitudeMeters>
          <DistanceMeters>110521.0</DistanceMeters>
        </Trackpoint>
        <Trackpoint>
          <Time>2026-07-26T05:59:33Z</Time>
          <Position>
            <LatitudeDegrees>35.17954</LatitudeDegrees>
            <LongitudeDegrees>-105.96412</LongitudeDegrees>
          </Position>
          <AltitudeMeters>1956.0</AltitudeMeters>
          <DistanceMeters>110618.7</DistanceMeters>
        </Trackpoint>
        <Trackpoint>
          <Time>2026-07-26T05:59:43Z</Time>
          <Position>
            <LatitudeDegrees>35.18037</LatitudeDegrees>
            <LongitudeDegrees>-105.96376</LongitudeDegrees>
          </Position>
          <AltitudeMeters>1957.0</AltitudeMeters>
          <DistanceMeters>110716.7</DistanceMeters>
        </Trackpoint>
        <Trackpoint>
          <Time>2026-07-26T05:59:53Z</Time>
          <Position>
            <LatitudeDegrees>35.1812</LatitudeDegrees>
            <LongitudeDegrees>-105.96341</LongitudeDegrees>
          </Position>
          <AltitudeMeters>1957.9</AltitudeMeters>
          <DistanceMeters>110814.5</DistanceMeters>
        </Trackpoint>
        <Trackpoint>
          <Time>2026-07-26T06:00:03Z</Time>
          <Position>
            <LatitudeDegrees>35.18204</LatitudeDegrees>
            <LongitudeDegrees>-105.96305</LongitudeDegrees>
          </Position>
          <AltitudeMeters>1958.5</AltitudeMeters>
          <DistanceMeters>110913.6</DistanceMeters>
        </Trackpoint>
        <Trackpoint>
          <Time>2026-07-26T06:00:13Z</Time>
          <Position>
            <LatitudeDegrees>35.18287</LatitudeDegrees>
            <LongitudeDegrees>-105.9627</LongitudeDegrees>
          </Position>
          <AltitudeMeters>1958.4</AltitudeMeters>
          <DistanceMeters>111011.3</DistanceMeters>
        </Trackpoint>
        <Trackpoint>
          <Time>2026-07-26T06:00:23Z</Time>
          <Position>
            <LatitudeDegrees>35.18362</LatitudeDegrees>
            <LongitudeDegrees>-105.9624</LongitudeDegrees>
          </Position>
          <AltitudeMeters>1958.1</AltitudeMeters>
          <DistanceMeters>111099.1</DistanceMeters>
        </Trackpoint>
        <Trackpoint>
          <Time>2026-07-26T06:00:33Z</Time>
          <Position>
            <LatitudeDegrees>35.18409</LatitudeDegrees>
            <LongitudeDegrees>-105.96225</LongitudeDegrees>
          </Position>
          <AltitudeMeters>1958.2</AltitudeMeters>
          <DistanceMeters>111153.2</DistanceMeters>
        </Trackpoint>
        <Trackpoint>
          <Time>2026-07-26T06:00:43Z</Time>
          <Position>
            <LatitudeDegrees>35.18464</LatitudeDegrees>
            <LongitudeDegrees>-105.9621</LongitudeDegrees>
          </Position>
          <AltitudeMeters>1958.4</AltitudeMeters>
          <DistanceMeters>111215.9</DistanceMeters>
        </Trackpoint>
        <Trackpoint>
          <Time>2026-07-26T06:00:53Z</Time>
          <Position>
            <LatitudeDegrees>35.18525</LatitudeDegrees>
            <LongitudeDegrees>-105.96197</LongitudeDegrees>
          </Position>
          <AltitudeMeters>1958.4</AltitudeMeters>
          <DistanceMeters>111284.8</DistanceMeters>
        </Trackpoint>
        <Trackpoint>
          <Time>2026-07-26T06:01:03Z</Time>
          <Position>
            <LatitudeDegrees>35.18585</LatitudeDegrees>
            <LongitudeDegrees>-105.96184</LongitudeDegrees>
          </Position>
          <AltitudeMeters>1958.6</AltitudeMeters>
          <DistanceMeters>111352.7</DistanceMeters>
        </Trackpoint>
        <Trackpoint>
          <Time>2026-07-26T06:01:13Z</Time>
          <Position>
            <LatitudeDegrees>35.18666</LatitudeDegrees>
            <LongitudeDegrees>-105.96173</LongitudeDegrees>
          </Position>
          <AltitudeMeters>1958.6</AltitudeMeters>
          <DistanceMeters>111443.4</DistanceMeters>
        </Trackpoint>
        <Trackpoint>
          <Time>2026-07-26T06:01:23Z</Time>
          <Position>
            <LatitudeDegrees>35.18742</LatitudeDegrees>
            <LongitudeDegrees>-105.9617</LongitudeDegrees>
          </Position>
          <AltitudeMeters>1958.2</AltitudeMeters>
          <DistanceMeters>111528.0</DistanceMeters>
        </Trackpoint>
        <Trackpoint>
          <Time>2026-07-26T06:01:33Z</Time>
          <Position>
            <LatitudeDegrees>35.18818</LatitudeDegrees>
            <LongitudeDegrees>-105.96167</LongitudeDegrees>
          </Position>
          <AltitudeMeters>1957.0</AltitudeMeters>
          <DistanceMeters>111612.7</DistanceMeters>
        </Trackpoint>
        <Trackpoint>
          <Time>2026-07-26T06:01:43Z</Time>
          <Position>
            <LatitudeDegrees>35.18907</LatitudeDegrees>
            <LongitudeDegrees>-105.96166</LongitudeDegrees>
          </Position>
          <AltitudeMeters>1957.1</AltitudeMeters>
          <DistanceMeters>111711.8</DistanceMeters>
        </Trackpoint>
        <Trackpoint>
          <Time>2026-07-26T06:01:53Z</Time>
          <Position>
            <LatitudeDegrees>35.18996</LatitudeDegrees>
            <LongitudeDegrees>-105.96166</LongitudeDegrees>
          </Position>
          <AltitudeMeters>1957.1</AltitudeMeters>
          <DistanceMeters>111810.8</DistanceMeters>
        </Trackpoint>
        <Trackpoint>
          <Time>2026-07-26T06:02:03Z</Time>
          <Position>
            <LatitudeDegrees>35.19085</LatitudeDegrees>
            <LongitudeDegrees>-105.96165</LongitudeDegrees>
          </Position>
          <AltitudeMeters>1956.9</AltitudeMeters>
          <DistanceMeters>111909.9</DistanceMeters>
        </Trackpoint>
        <Trackpoint>
          <Time>2026-07-26T06:02:13Z</Time>
          <Position>
            <LatitudeDegrees>35.19175</LatitudeDegrees>
            <LongitudeDegrees>-105.96165</LongitudeDegrees>
          </Position>
          <AltitudeMeters>1956.9</AltitudeMeters>
          <DistanceMeters>112010.1</DistanceMeters>
        </Trackpoint>
        <Trackpoint>
          <Time>2026-07-26T06:02:23Z</Time>
          <Position>
            <LatitudeDegrees>35.19264</LatitudeDegrees>
            <LongitudeDegrees>-105.96164</LongitudeDegrees>
          </Position>
          <AltitudeMeters>1957.8</AltitudeMeters>
          <DistanceMeters>112109.2</DistanceMeters>
        </Trackpoint>
        <Trackpoint>
          <Time>2026-07-26T06:02:33Z</Time>
          <Position>
            <LatitudeDegrees>35.19353</LatitudeDegrees>
            <LongitudeDegrees>-105.96164</LongitudeDegrees>
          </Position>
          <AltitudeMeters>1959.0</AltitudeMeters>
          <DistanceMeters>112208.3</DistanceMeters>
        </Trackpoint>
        <Trackpoint>
          <Time>2026-07-26T06:02:43Z</Time>
          <Position>
            <LatitudeDegrees>35.19442</LatitudeDegrees>
            <LongitudeDegrees>-105.96163</LongitudeDegrees>
          </Position>
          <AltitudeMeters>1959.6</AltitudeMeters>
          <DistanceMeters>112307.3</DistanceMeters>
        </Trackpoint>
        <Trackpoint>
          <Time>2026-07-26T06:02:53Z</Time>
          <Position>
            <LatitudeDegrees>35.19532</LatitudeDegrees>
            <LongitudeDegrees>-105.96163</LongitudeDegrees>
          </Position>
          <AltitudeMeters>1959.9</AltitudeMeters>
          <DistanceMeters>112407.5</DistanceMeters>
        </Trackpoint>
        <Trackpoint>
          <Time>2026-07-26T06:03:03Z</Time>
          <Position>
            <LatitudeDegrees>35.19621</LatitudeDegrees>
            <LongitudeDegrees>-105.96162</LongitudeDegrees>
          </Position>
          <AltitudeMeters>1960.5</AltitudeMeters>
          <DistanceMeters>112506.6</DistanceMeters>
        </Trackpoint>
        <Trackpoint>
          <Time>2026-07-26T06:03:13Z</Time>
          <Position>
            <LatitudeDegrees>35.1971</LatitudeDegrees>
            <LongitudeDegrees>-105.96162</LongitudeDegrees>
          </Position>
          <AltitudeMeters>1960.9</AltitudeMeters>
          <DistanceMeters>112605.7</DistanceMeters>
        </Trackpoint>
        <Trackpoint>
          <Time>2026-07-26T06:03:23Z</Time>
          <Position>
            <LatitudeDegrees>35.19799</LatitudeDegrees>
            <LongitudeDegrees>-105.96161</LongitudeDegrees>
          </Position>
          <AltitudeMeters>1961.5</AltitudeMeters>
          <DistanceMeters>112704.8</DistanceMeters>
        </Trackpoint>
        <Trackpoint>
          <Time>2026-07-26T06:03:33Z</Time>
          <Position>
            <LatitudeDegrees>35.19889</LatitudeDegrees>
            <LongitudeDegrees>-105.96161</LongitudeDegrees>
          </Position>
          <AltitudeMeters>1961.8</AltitudeMeters>
          <DistanceMeters>112804.9</DistanceMeters>
        </Trackpoint>
        <Trackpoint>
          <Time>2026-07-26T06:03:43Z</Time>
          <Position>
            <LatitudeDegrees>35.19978</LatitudeDegrees>
            <LongitudeDegrees>-105.9616</LongitudeDegrees>
          </Position>
          <AltitudeMeters>1962.1</AltitudeMeters>
          <DistanceMeters>112904.0</DistanceMeters>
        </Trackpoint>
        <Trackpoint>
          <Time>2026-07-26T06:03:53Z</Time>
          <Position>
            <LatitudeDegrees>35.20067</LatitudeDegrees>
            <LongitudeDegrees>-105.9616</LongitudeDegrees>
          </Position>
          <AltitudeMeters>1962.6</AltitudeMeters>
          <DistanceMeters>113003.1</DistanceMeters>
        </Trackpoint>
        <Trackpoint>
          <Time>2026-07-26T06:04:03Z</Time>
          <Position>
            <LatitudeDegrees>35.20156</LatitudeDegrees>
            <LongitudeDegrees>-105.96159</LongitudeDegrees>
          </Position>
          <AltitudeMeters>1962.6</AltitudeMeters>
          <DistanceMeters>113102.2</DistanceMeters>
        </Trackpoint>
        <Trackpoint>
          <Time>2026-07-26T06:04:13Z</Time>
          <Position>
            <LatitudeDegrees>35.20245</LatitudeDegrees>
            <LongitudeDegrees>-105.96159</LongitudeDegrees>
          </Position>
          <AltitudeMeters>1962.3</AltitudeMeters>
          <DistanceMeters>113201.2</DistanceMeters>
        </Trackpoint>
        <Trackpoint>
          <Time>2026-07-26T06:04:23Z</Time>
          <Position>
            <LatitudeDegrees>35.20335</LatitudeDegrees>
            <LongitudeDegrees>-105.96158</LongitudeDegrees>
          </Position>
          <AltitudeMeters>1961.6</AltitudeMeters>
          <DistanceMeters>113301.4</DistanceMeters>
        </Trackpoint>
        <Trackpoint>
          <Time>2026-07-26T06:04:33Z</Time>
          <Position>
            <LatitudeDegrees>35.20424</LatitudeDegrees>
            <LongitudeDegrees>-105.96158</LongitudeDegrees>
          </Position>
          <AltitudeMeters>1961.5</AltitudeMeters>
          <DistanceMeters>113400.5</DistanceMeters>
        </Trackpoint>
        <Trackpoint>
          <Time>2026-07-26T06:04:43Z</Time>
          <Position>
            <LatitudeDegrees>35.20513</LatitudeDegrees>
            <LongitudeDegrees>-105.96157</LongitudeDegrees>
          </Position>
          <AltitudeMeters>1962.8</AltitudeMeters>
          <DistanceMeters>113499.6</DistanceMeters>
        </Trackpoint>
        <Trackpoint>
          <Time>2026-07-26T06:04:53Z</Time>
          <Position>
            <LatitudeDegrees>35.20602</LatitudeDegrees>
            <LongitudeDegrees>-105.96156</LongitudeDegrees>
          </Position>
          <AltitudeMeters>1963.3</AltitudeMeters>
          <DistanceMeters>113598.7</DistanceMeters>
        </Trackpoint>
        <Trackpoint>
          <Time>2026-07-26T06:05:03Z</Time>
          <Position>
            <LatitudeDegrees>35.20692</LatitudeDegrees>
            <LongitudeDegrees>-105.96156</LongitudeDegrees>
          </Position>
          <AltitudeMeters>1963.9</AltitudeMeters>
          <DistanceMeters>113698.9</DistanceMeters>
        </Trackpoint>
        <Trackpoint>
          <Time>2026-07-26T06:05:13Z</Time>
          <Position>
            <LatitudeDegrees>35.20781</LatitudeDegrees>
            <LongitudeDegrees>-105.96155</LongitudeDegrees>
          </Position>
          <AltitudeMeters>1964.6</AltitudeMeters>
          <DistanceMeters>113797.9</DistanceMeters>
        </Trackpoint>
        <Trackpoint>
          <Time>2026-07-26T06:05:23Z</Time>
          <Position>
            <LatitudeDegrees>35.2087</LatitudeDegrees>
            <LongitudeDegrees>-105.96155</LongitudeDegrees>
          </Position>
          <AltitudeMeters>1966.3</AltitudeMeters>
          <DistanceMeters>113897.0</DistanceMeters>
        </Trackpoint>
        <Trackpoint>
          <Time>2026-07-26T06:05:33Z</Time>
          <Position>
            <LatitudeDegrees>35.20959</LatitudeDegrees>
            <LongitudeDegrees>-105.96154</LongitudeDegrees>
          </Position>
          <AltitudeMeters>1966.9</AltitudeMeters>
          <DistanceMeters>113996.1</DistanceMeters>
        </Trackpoint>
        <Trackpoint>
          <Time>2026-07-26T06:05:43Z</Time>
          <Position>
            <LatitudeDegrees>35.21049</LatitudeDegrees>
            <LongitudeDegrees>-105.96154</LongitudeDegrees>
          </Position>
          <AltitudeMeters>1967.5</AltitudeMeters>
          <DistanceMeters>114096.3</DistanceMeters>
        </Trackpoint>
        <Trackpoint>
          <Time>2026-07-26T06:05:53Z</Time>
          <Position>
            <LatitudeDegrees>35.21138</LatitudeDegrees>
            <LongitudeDegrees>-105.96153</LongitudeDegrees>
          </Position>
          <AltitudeMeters>1968.5</AltitudeMeters>
          <DistanceMeters>114195.3</DistanceMeters>
        </Trackpoint>
        <Trackpoint>
          <Time>2026-07-26T06:06:03Z</Time>
          <Position>
            <LatitudeDegrees>35.21227</LatitudeDegrees>
            <LongitudeDegrees>-105.96153</LongitudeDegrees>
          </Position>
          <AltitudeMeters>1969.6</AltitudeMeters>
          <DistanceMeters>114294.4</DistanceMeters>
        </Trackpoint>
        <Trackpoint>
          <Time>2026-07-26T06:06:13Z</Time>
          <Position>
            <LatitudeDegrees>35.21316</LatitudeDegrees>
            <LongitudeDegrees>-105.96152</LongitudeDegrees>
          </Position>
          <AltitudeMeters>1970.0</AltitudeMeters>
          <DistanceMeters>114393.5</DistanceMeters>
        </Trackpoint>
        <Trackpoint>
          <Time>2026-07-26T06:06:23Z</Time>
          <Position>
            <LatitudeDegrees>35.21406</LatitudeDegrees>
            <LongitudeDegrees>-105.96152</LongitudeDegrees>
          </Position>
          <AltitudeMeters>1970.2</AltitudeMeters>
          <DistanceMeters>114493.7</DistanceMeters>
        </Trackpoint>
        <Trackpoint>
          <Time>2026-07-26T06:06:33Z</Time>
          <Position>
            <LatitudeDegrees>35.21495</LatitudeDegrees>
            <LongitudeDegrees>-105.96151</LongitudeDegrees>
          </Position>
          <AltitudeMeters>1970.9</AltitudeMeters>
          <DistanceMeters>114592.8</DistanceMeters>
        </Trackpoint>
        <Trackpoint>
          <Time>2026-07-26T06:06:43Z</Time>
          <Position>
            <LatitudeDegrees>35.21584</LatitudeDegrees>
            <LongitudeDegrees>-105.96151</LongitudeDegrees>
          </Position>
          <AltitudeMeters>1971.8</AltitudeMeters>
          <DistanceMeters>114691.8</DistanceMeters>
        </Trackpoint>
        <Trackpoint>
          <Time>2026-07-26T06:06:53Z</Time>
          <Position>
            <LatitudeDegrees>35.21673</LatitudeDegrees>
            <LongitudeDegrees>-105.9615</LongitudeDegrees>
          </Position>
          <AltitudeMeters>1972.5</AltitudeMeters>
          <DistanceMeters>114790.9</DistanceMeters>
        </Trackpoint>
        <Trackpoint>
          <Time>2026-07-26T06:07:03Z</Time>
          <Position>
            <LatitudeDegrees>35.21763</LatitudeDegrees>
            <LongitudeDegrees>-105.9615</LongitudeDegrees>
          </Position>
          <AltitudeMeters>1973.3</AltitudeMeters>
          <DistanceMeters>114891.1</DistanceMeters>
        </Trackpoint>
        <Trackpoint>
          <Time>2026-07-26T06:07:13Z</Time>
          <Position>
            <LatitudeDegrees>35.21852</LatitudeDegrees>
            <LongitudeDegrees>-105.96149</LongitudeDegrees>
          </Position>
          <AltitudeMeters>1974.0</AltitudeMeters>
          <DistanceMeters>114990.2</DistanceMeters>
        </Trackpoint>
        <Trackpoint>
          <Time>2026-07-26T06:07:23Z</Time>
          <Position>
            <LatitudeDegrees>35.21941</LatitudeDegrees>
            <LongitudeDegrees>-105.96149</LongitudeDegrees>
          </Position>
          <AltitudeMeters>1975.4</AltitudeMeters>
          <DistanceMeters>115089.3</DistanceMeters>
        </Trackpoint>
        <Trackpoint>
          <Time>2026-07-26T06:07:33Z</Time>
          <Position>
            <LatitudeDegrees>35.2203</LatitudeDegrees>
            <LongitudeDegrees>-105.96148</LongitudeDegrees>
          </Position>
          <AltitudeMeters>1976.4</AltitudeMeters>
          <DistanceMeters>115188.3</DistanceMeters>
        </Trackpoint>
        <Trackpoint>
          <Time>2026-07-26T06:07:43Z</Time>
          <Position>
            <LatitudeDegrees>35.22119</LatitudeDegrees>
            <LongitudeDegrees>-105.96148</LongitudeDegrees>
          </Position>
          <AltitudeMeters>1976.6</AltitudeMeters>
          <DistanceMeters>115287.4</DistanceMeters>
        </Trackpoint>
        <Trackpoint>
          <Time>2026-07-26T06:07:53Z</Time>
          <Position>
            <LatitudeDegrees>35.22209</LatitudeDegrees>
            <LongitudeDegrees>-105.96147</LongitudeDegrees>
          </Position>
          <AltitudeMeters>1978.2</AltitudeMeters>
          <DistanceMeters>115387.6</DistanceMeters>
        </Trackpoint>
        <Trackpoint>
          <Time>2026-07-26T06:08:03Z</Time>
          <Position>
            <LatitudeDegrees>35.22298</LatitudeDegrees>
            <LongitudeDegrees>-105.96146</LongitudeDegrees>
          </Position>
          <AltitudeMeters>1979.5</AltitudeMeters>
          <DistanceMeters>115486.7</DistanceMeters>
        </Trackpoint>
        <Trackpoint>
          <Time>2026-07-26T06:08:13Z</Time>
          <Position>
            <LatitudeDegrees>35.22387</LatitudeDegrees>
            <LongitudeDegrees>-105.96146</LongitudeDegrees>
          </Position>
          <AltitudeMeters>1981.7</AltitudeMeters>
          <DistanceMeters>115585.7</DistanceMeters>
        </Trackpoint>
        <Trackpoint>
          <Time>2026-07-26T06:08:23Z</Time>
          <Position>
            <LatitudeDegrees>35.22476</LatitudeDegrees>
            <LongitudeDegrees>-105.96145</LongitudeDegrees>
          </Position>
          <AltitudeMeters>1983.3</AltitudeMeters>
          <DistanceMeters>115684.8</DistanceMeters>
        </Trackpoint>
        <Trackpoint>
          <Time>2026-07-26T06:08:33Z</Time>
          <Position>
            <LatitudeDegrees>35.22566</LatitudeDegrees>
            <LongitudeDegrees>-105.96145</LongitudeDegrees>
          </Position>
          <AltitudeMeters>1984.9</AltitudeMeters>
          <DistanceMeters>115785.0</DistanceMeters>
        </Trackpoint>
        <Trackpoint>
          <Time>2026-07-26T06:08:43Z</Time>
          <Position>
            <LatitudeDegrees>35.22655</LatitudeDegrees>
            <LongitudeDegrees>-105.96144</LongitudeDegrees>
          </Position>
          <AltitudeMeters>1985.8</AltitudeMeters>
          <DistanceMeters>115884.1</DistanceMeters>
        </Trackpoint>
        <Trackpoint>
          <Time>2026-07-26T06:08:53Z</Time>
          <Position>
            <LatitudeDegrees>35.22744</LatitudeDegrees>
            <LongitudeDegrees>-105.96144</LongitudeDegrees>
          </Position>
          <AltitudeMeters>1986.6</AltitudeMeters>
          <DistanceMeters>115983.2</DistanceMeters>
        </Trackpoint>
        <Trackpoint>
          <Time>2026-07-26T06:09:03Z</Time>
          <Position>
            <LatitudeDegrees>35.22833</LatitudeDegrees>
            <LongitudeDegrees>-105.96143</LongitudeDegrees>
          </Position>
          <AltitudeMeters>1987.7</AltitudeMeters>
          <DistanceMeters>116082.2</DistanceMeters>
        </Trackpoint>
        <Trackpoint>
          <Time>2026-07-26T06:09:13Z</Time>
          <Position>
            <LatitudeDegrees>35.22923</LatitudeDegrees>
            <LongitudeDegrees>-105.96143</LongitudeDegrees>
          </Position>
          <AltitudeMeters>1988.6</AltitudeMeters>
          <DistanceMeters>116182.4</DistanceMeters>
        </Trackpoint>
        <Trackpoint>
          <Time>2026-07-26T06:09:23Z</Time>
          <Position>
            <LatitudeDegrees>35.22975</LatitudeDegrees>
            <LongitudeDegrees>-105.96139</LongitudeDegrees>
          </Position>
          <AltitudeMeters>1988.6</AltitudeMeters>
          <DistanceMeters>116240.4</DistanceMeters>
        </Trackpoint>
        <Trackpoint>
          <Time>2026-07-26T06:09:33Z</Time>
          <Position>
            <LatitudeDegrees>35.23027</LatitudeDegrees>
            <LongitudeDegrees>-105.96135</LongitudeDegrees>
          </Position>
          <AltitudeMeters>1989.0</AltitudeMeters>
          <DistanceMeters>116298.4</DistanceMeters>
        </Trackpoint>
        <Trackpoint>
          <Time>2026-07-26T06:09:43Z</Time>
          <Position>
            <LatitudeDegrees>35.23069</LatitudeDegrees>
            <LongitudeDegrees>-105.9613</LongitudeDegrees>
          </Position>
          <AltitudeMeters>1989.2</AltitudeMeters>
          <DistanceMeters>116345.4</DistanceMeters>
        </Trackpoint>
        <Trackpoint>
          <Time>2026-07-26T06:09:53Z</Time>
          <Position>
            <LatitudeDegrees>35.23137</LatitudeDegrees>
            <LongitudeDegrees>-105.96119</LongitudeDegrees>
          </Position>
          <AltitudeMeters>1988.6</AltitudeMeters>
          <DistanceMeters>116421.8</DistanceMeters>
        </Trackpoint>
        <Trackpoint>
          <Time>2026-07-26T06:10:03Z</Time>
          <Position>
            <LatitudeDegrees>35.23197</LatitudeDegrees>
            <LongitudeDegrees>-105.96104</LongitudeDegrees>
          </Position>
          <AltitudeMeters>1989.1</AltitudeMeters>
          <DistanceMeters>116489.9</DistanceMeters>
        </Trackpoint>
        <Trackpoint>
          <Time>2026-07-26T06:10:13Z</Time>
          <Position>
            <LatitudeDegrees>35.23266</LatitudeDegrees>
            <LongitudeDegrees>-105.96083</LongitudeDegrees>
          </Position>
          <AltitudeMeters>1990.5</AltitudeMeters>
          <DistanceMeters>116569.1</DistanceMeters>
        </Trackpoint>
        <Trackpoint>
          <Time>2026-07-26T06:10:23Z</Time>
          <Position>
            <LatitudeDegrees>35.23336</LatitudeDegrees>
            <LongitudeDegrees>-105.96061</LongitudeDegrees>
          </Position>
          <AltitudeMeters>1991.1</AltitudeMeters>
          <DistanceMeters>116649.5</DistanceMeters>
        </Trackpoint>
        <Trackpoint>
          <Time>2026-07-26T06:10:33Z</Time>
          <Position>
            <LatitudeDegrees>35.23381</LatitudeDegrees>
            <LongitudeDegrees>-105.96044</LongitudeDegrees>
          </Position>
          <AltitudeMeters>1992.0</AltitudeMeters>
          <DistanceMeters>116701.9</DistanceMeters>
        </Trackpoint>
        <Trackpoint>
          <Time>2026-07-26T06:10:43Z</Time>
          <Position>
            <LatitudeDegrees>35.23462</LatitudeDegrees>
            <LongitudeDegrees>-105.96007</LongitudeDegrees>
          </Position>
          <AltitudeMeters>1993.6</AltitudeMeters>
          <DistanceMeters>116798.2</DistanceMeters>
        </Trackpoint>
        <Trackpoint>
          <Time>2026-07-26T06:10:53Z</Time>
          <Position>
            <LatitudeDegrees>35.23527</LatitudeDegrees>
            <LongitudeDegrees>-105.95973</LongitudeDegrees>
          </Position>
          <AltitudeMeters>1994.4</AltitudeMeters>
          <DistanceMeters>116876.9</DistanceMeters>
        </Trackpoint>
        <Trackpoint>
          <Time>2026-07-26T06:11:03Z</Time>
          <Position>
            <LatitudeDegrees>35.2357</LatitudeDegrees>
            <LongitudeDegrees>-105.95948</LongitudeDegrees>
          </Position>
          <AltitudeMeters>1994.8</AltitudeMeters>
          <DistanceMeters>116929.9</DistanceMeters>
        </Trackpoint>
        <Trackpoint>
          <Time>2026-07-26T06:11:13Z</Time>
          <Position>
            <LatitudeDegrees>35.23614</LatitudeDegrees>
            <LongitudeDegrees>-105.95923</LongitudeDegrees>
          </Position>
          <AltitudeMeters>1995.0</AltitudeMeters>
          <DistanceMeters>116983.9</DistanceMeters>
        </Trackpoint>
        <Trackpoint>
          <Time>2026-07-26T06:11:23Z</Time>
          <Position>
            <LatitudeDegrees>35.23689</LatitudeDegrees>
            <LongitudeDegrees>-105.95869</LongitudeDegrees>
          </Position>
          <AltitudeMeters>1994.6</AltitudeMeters>
          <DistanceMeters>117080.7</DistanceMeters>
        </Trackpoint>
        <Trackpoint>
          <Time>2026-07-26T06:11:33Z</Time>
          <Position>
            <LatitudeDegrees>35.23765</LatitudeDegrees>
            <LongitudeDegrees>-105.95816</LongitudeDegrees>
          </Position>
          <AltitudeMeters>1994.6</AltitudeMeters>
          <DistanceMeters>117178.1</DistanceMeters>
        </Trackpoint>
        <Trackpoint>
          <Time>2026-07-26T06:11:43Z</Time>
          <Position>
            <LatitudeDegrees>35.23841</LatitudeDegrees>
            <LongitudeDegrees>-105.95762</LongitudeDegrees>
          </Position>
          <AltitudeMeters>1994.9</AltitudeMeters>
          <DistanceMeters>117275.9</DistanceMeters>
        </Trackpoint>
        <Trackpoint>
          <Time>2026-07-26T06:11:53Z</Time>
          <Position>
            <LatitudeDegrees>35.23917</LatitudeDegrees>
            <LongitudeDegrees>-105.95708</LongitudeDegrees>
          </Position>
          <AltitudeMeters>1994.7</AltitudeMeters>
          <DistanceMeters>117373.7</DistanceMeters>
        </Trackpoint>
        <Trackpoint>
          <Time>2026-07-26T06:12:03Z</Time>
          <Position>
            <LatitudeDegrees>35.23992</LatitudeDegrees>
            <LongitudeDegrees>-105.95655</LongitudeDegrees>
          </Position>
          <AltitudeMeters>1991.3</AltitudeMeters>
          <DistanceMeters>117470.1</DistanceMeters>
        </Trackpoint>
        <Trackpoint>
          <Time>2026-07-26T06:12:13Z</Time>
          <Position>
            <LatitudeDegrees>35.24068</LatitudeDegrees>
            <LongitudeDegrees>-105.95601</LongitudeDegrees>
          </Position>
          <AltitudeMeters>1994.5</AltitudeMeters>
          <DistanceMeters>117567.9</DistanceMeters>
        </Trackpoint>
        <Trackpoint>
          <Time>2026-07-26T06:12:33Z</Time>
          <Position>
            <LatitudeDegrees>35.2414</LatitudeDegrees>
            <LongitudeDegrees>-105.9555</LongitudeDegrees>
          </Position>
          <AltitudeMeters>1994.5</AltitudeMeters>
          <DistanceMeters>117660.5</DistanceMeters>
        </Trackpoint>
        <Trackpoint>
          <Time>2026-07-26T06:12:43Z</Time>
          <Position>
            <LatitudeDegrees>35.24211</LatitudeDegrees>
            <LongitudeDegrees>-105.95499</LongitudeDegrees>
          </Position>
          <AltitudeMeters>1993.6</AltitudeMeters>
          <DistanceMeters>117752.2</DistanceMeters>
        </Trackpoint>
        <Trackpoint>
          <Time>2026-07-26T06:12:53Z</Time>
          <Position>
            <LatitudeDegrees>35.24283</LatitudeDegrees>
            <LongitudeDegrees>-105.95448</LongitudeDegrees>
          </Position>
          <AltitudeMeters>1991.2</AltitudeMeters>
          <DistanceMeters>117844.8</DistanceMeters>
        </Trackpoint>
        <Trackpoint>
          <Time>2026-07-26T06:13:03Z</Time>
          <Position>
            <LatitudeDegrees>35.24354</LatitudeDegrees>
            <LongitudeDegrees>-105.95397</LongitudeDegrees>
          </Position>
          <AltitudeMeters>1992.9</AltitudeMeters>
          <DistanceMeters>117936.4</DistanceMeters>
        </Trackpoint>
        <Trackpoint>
          <Time>2026-07-26T06:13:13Z</Time>
          <Position>
            <LatitudeDegrees>35.24426</LatitudeDegrees>
            <LongitudeDegrees>-105.95346</LongitudeDegrees>
          </Position>
          <AltitudeMeters>1994.7</AltitudeMeters>
          <DistanceMeters>118029.0</DistanceMeters>
        </Trackpoint>
        <Trackpoint>
          <Time>2026-07-26T06:13:23Z</Time>
          <Position>
            <LatitudeDegrees>35.24497</LatitudeDegrees>
            <LongitudeDegrees>-105.95295</LongitudeDegrees>
          </Position>
          <AltitudeMeters>1996.4</AltitudeMeters>
          <DistanceMeters>118120.6</DistanceMeters>
        </Trackpoint>
        <Trackpoint>
          <Time>2026-07-26T06:13:33Z</Time>
          <Position>
            <LatitudeDegrees>35.24569</LatitudeDegrees>
            <LongitudeDegrees>-105.95244</LongitudeDegrees>
          </Position>
          <AltitudeMeters>1998.4</AltitudeMeters>
          <DistanceMeters>118213.2</DistanceMeters>
        </Trackpoint>
        <Trackpoint>
          <Time>2026-07-26T06:13:43Z</Time>
          <Position>
            <LatitudeDegrees>35.2464</LatitudeDegrees>
            <LongitudeDegrees>-105.95193</LongitudeDegrees>
          </Position>
          <AltitudeMeters>2000.8</AltitudeMeters>
          <DistanceMeters>118304.8</DistanceMeters>
        </Trackpoint>
        <Trackpoint>
          <Time>2026-07-26T06:13:53Z</Time>
          <Position>
            <LatitudeDegrees>35.24712</LatitudeDegrees>
            <LongitudeDegrees>-105.95142</LongitudeDegrees>
          </Position>
          <AltitudeMeters>2002.1</AltitudeMeters>
          <DistanceMeters>118397.4</DistanceMeters>
        </Trackpoint>
        <Trackpoint>
          <Time>2026-07-26T06:14:03Z</Time>
          <Position>
            <LatitudeDegrees>35.24784</LatitudeDegrees>
            <LongitudeDegrees>-105.95091</LongitudeDegrees>
          </Position>
          <AltitudeMeters>2003.6</AltitudeMeters>
          <DistanceMeters>118490.0</DistanceMeters>
        </Trackpoint>
        <Trackpoint>
          <Time>2026-07-26T06:14:13Z</Time>
          <Position>
            <LatitudeDegrees>35.24828</LatitudeDegrees>
            <LongitudeDegrees>-105.95061</LongitudeDegrees>
          </Position>
          <AltitudeMeters>2004.4</AltitudeMeters>
          <DistanceMeters>118546.1</DistanceMeters>
        </Trackpoint>
        <Trackpoint>
          <Time>2026-07-26T06:14:23Z</Time>
          <Position>
            <LatitudeDegrees>35.24895</LatitudeDegrees>
            <LongitudeDegrees>-105.95025</LongitudeDegrees>
          </Position>
          <AltitudeMeters>2006.5</AltitudeMeters>
          <DistanceMeters>118627.5</DistanceMeters>
        </Trackpoint>
        <Trackpoint>
          <Time>2026-07-26T06:14:33Z</Time>
          <Position>
            <LatitudeDegrees>35.24959</LatitudeDegrees>
            <LongitudeDegrees>-105.94999</LongitudeDegrees>
          </Position>
          <AltitudeMeters>2007.0</AltitudeMeters>
          <DistanceMeters>118702.6</DistanceMeters>
        </Trackpoint>
        <Trackpoint>
          <Time>2026-07-26T06:14:43Z</Time>
          <Position>
            <LatitudeDegrees>35.25</LatitudeDegrees>
            <LongitudeDegrees>-105.94986</LongitudeDegrees>
          </Position>
          <AltitudeMeters>2007.7</AltitudeMeters>
          <DistanceMeters>118749.7</DistanceMeters>
        </Trackpoint>
        <Trackpoint>
          <Time>2026-07-26T06:14:53Z</Time>
          <Position>
            <LatitudeDegrees>35.25032</LatitudeDegrees>
            <LongitudeDegrees>-105.94978</LongitudeDegrees>
          </Position>
          <AltitudeMeters>2007.7</AltitudeMeters>
          <DistanceMeters>118786.1</DistanceMeters>
        </Trackpoint>
        <Trackpoint>
          <Time>2026-07-26T06:15:03Z</Time>
          <Position>
            <LatitudeDegrees>35.25093</LatitudeDegrees>
            <LongitudeDegrees>-105.94967</LongitudeDegrees>
          </Position>
          <AltitudeMeters>2008.5</AltitudeMeters>
          <DistanceMeters>118854.7</DistanceMeters>
        </Trackpoint>
        <Trackpoint>
          <Time>2026-07-26T06:15:13Z</Time>
          <Position>
            <LatitudeDegrees>35.25129</LatitudeDegrees>
            <LongitudeDegrees>-105.94963</LongitudeDegrees>
          </Position>
          <AltitudeMeters>2008.9</AltitudeMeters>
          <DistanceMeters>118895.0</DistanceMeters>
        </Trackpoint>
        <Trackpoint>
          <Time>2026-07-26T06:15:23Z</Time>
          <Position>
            <LatitudeDegrees>35.25208</LatitudeDegrees>
            <LongitudeDegrees>-105.94963</LongitudeDegrees>
          </Position>
          <AltitudeMeters>2009.7</AltitudeMeters>
          <DistanceMeters>118982.9</DistanceMeters>
        </Trackpoint>
        <Trackpoint>
          <Time>2026-07-26T06:15:33Z</Time>
          <Position>
            <LatitudeDegrees>35.25246</LatitudeDegrees>
            <LongitudeDegrees>-105.94966</LongitudeDegrees>
          </Position>
          <AltitudeMeters>2009.8</AltitudeMeters>
          <DistanceMeters>119025.3</DistanceMeters>
        </Trackpoint>
        <Trackpoint>
          <Time>2026-07-26T06:15:43Z</Time>
          <Position>
            <LatitudeDegrees>35.25325</LatitudeDegrees>
            <LongitudeDegrees>-105.94978</LongitudeDegrees>
          </Position>
          <AltitudeMeters>2009.9</AltitudeMeters>
          <DistanceMeters>119113.9</DistanceMeters>
        </Trackpoint>
        <Trackpoint>
          <Time>2026-07-26T06:15:53Z</Time>
          <Position>
            <LatitudeDegrees>35.25404</LatitudeDegrees>
            <LongitudeDegrees>-105.94989</LongitudeDegrees>
          </Position>
          <AltitudeMeters>2008.4</AltitudeMeters>
          <DistanceMeters>119202.4</DistanceMeters>
        </Trackpoint>
        <Trackpoint>
          <Time>2026-07-26T06:16:03Z</Time>
          <Position>
            <LatitudeDegrees>35.25483</LatitudeDegrees>
            <LongitudeDegrees>-105.95001</LongitudeDegrees>
          </Position>
          <AltitudeMeters>2007.6</AltitudeMeters>
          <DistanceMeters>119291.0</DistanceMeters>
        </Trackpoint>
        <Trackpoint>
          <Time>2026-07-26T06:16:13Z</Time>
          <Position>
            <LatitudeDegrees>35.25562</LatitudeDegrees>
            <LongitudeDegrees>-105.95013</LongitudeDegrees>
          </Position>
          <AltitudeMeters>2007.4</AltitudeMeters>
          <DistanceMeters>119379.7</DistanceMeters>
        </Trackpoint>
        <Trackpoint>
          <Time>2026-07-26T06:16:23Z</Time>
          <Position>
            <LatitudeDegrees>35.25641</LatitudeDegrees>
            <LongitudeDegrees>-105.95024</LongitudeDegrees>
          </Position>
          <AltitudeMeters>2003.1</AltitudeMeters>
          <DistanceMeters>119468.2</DistanceMeters>
        </Trackpoint>
        <Trackpoint>
          <Time>2026-07-26T06:16:33Z</Time>
          <Position>
            <LatitudeDegrees>35.25674</LatitudeDegrees>
            <LongitudeDegrees>-105.95027</LongitudeDegrees>
          </Position>
          <AltitudeMeters>2003.1</AltitudeMeters>
          <DistanceMeters>119505.0</DistanceMeters>
        </Trackpoint>
        <Trackpoint>
          <Time>2026-07-26T06:16:43Z</Time>
          <Position>
            <LatitudeDegrees>35.25705</LatitudeDegrees>
            <LongitudeDegrees>-105.95027</LongitudeDegrees>
          </Position>
          <AltitudeMeters>2002.9</AltitudeMeters>
          <DistanceMeters>119539.5</DistanceMeters>
        </Trackpoint>
        <Trackpoint>
          <Time>2026-07-26T06:16:53Z</Time>
          <Position>
            <LatitudeDegrees>35.25731</LatitudeDegrees>
            <LongitudeDegrees>-105.95024</LongitudeDegrees>
          </Position>
          <AltitudeMeters>2001.6</AltitudeMeters>
          <DistanceMeters>119568.6</DistanceMeters>
        </Trackpoint>
        <Trackpoint>
          <Time>2026-07-26T06:17:03Z</Time>
          <Position>
            <LatitudeDegrees>35.25752</LatitudeDegrees>
            <LongitudeDegrees>-105.95021</LongitudeDegrees>
          </Position>
          <AltitudeMeters>2000.9</AltitudeMeters>
          <DistanceMeters>119592.1</DistanceMeters>
        </Trackpoint>
        <Trackpoint>
          <Time>2026-07-26T06:17:13Z</Time>
          <Position>
            <LatitudeDegrees>35.25775</LatitudeDegrees>
            <LongitudeDegrees>-105.95013</LongitudeDegrees>
          </Position>
          <AltitudeMeters>1996.8</AltitudeMeters>
          <DistanceMeters>119618.7</DistanceMeters>
        </Trackpoint>
        <Trackpoint>
          <Time>2026-07-26T06:17:23Z</Time>
          <Position>
            <LatitudeDegrees>35.25801</LatitudeDegrees>
            <LongitudeDegrees>-105.95001</LongitudeDegrees>
          </Position>
          <AltitudeMeters>1995.0</AltitudeMeters>
          <DistanceMeters>119649.7</DistanceMeters>
        </Trackpoint>
        <Trackpoint>
          <Time>2026-07-26T06:17:33Z</Time>
          <Position>
            <LatitudeDegrees>35.25829</LatitudeDegrees>
            <LongitudeDegrees>-105.94984</LongitudeDegrees>
          </Position>
          <AltitudeMeters>1994.4</AltitudeMeters>
          <DistanceMeters>119684.5</DistanceMeters>
        </Trackpoint>
        <Trackpoint>
          <Time>2026-07-26T06:17:43Z</Time>
          <Position>
            <LatitudeDegrees>35.25888</LatitudeDegrees>
            <LongitudeDegrees>-105.94945</LongitudeDegrees>
          </Position>
          <AltitudeMeters>1988.4</AltitudeMeters>
          <DistanceMeters>119759.1</DistanceMeters>
        </Trackpoint>
        <Trackpoint>
          <Time>2026-07-26T06:17:53Z</Time>
          <Position>
            <LatitudeDegrees>35.25947</LatitudeDegrees>
            <LongitudeDegrees>-105.94906</LongitudeDegrees>
          </Position>
          <AltitudeMeters>1984.5</AltitudeMeters>
          <DistanceMeters>119833.7</DistanceMeters>
        </Trackpoint>
        <Trackpoint>
          <Time>2026-07-26T06:18:03Z</Time>
          <Position>
            <LatitudeDegrees>35.26006</LatitudeDegrees>
            <LongitudeDegrees>-105.94867</LongitudeDegrees>
          </Position>
          <AltitudeMeters>1977.6</AltitudeMeters>
          <DistanceMeters>119908.4</DistanceMeters>
        </Trackpoint>
        <Trackpoint>
          <Time>2026-07-26T06:18:13Z</Time>
          <Position>
            <LatitudeDegrees>35.26075</LatitudeDegrees>
            <LongitudeDegrees>-105.94819</LongitudeDegrees>
          </Position>
          <AltitudeMeters>1975.3</AltitudeMeters>
          <DistanceMeters>119996.7</DistanceMeters>
        </Trackpoint>
        <Trackpoint>
          <Time>2026-07-26T06:18:23Z</Time>
          <Position>
            <LatitudeDegrees>35.26144</LatitudeDegrees>
            <LongitudeDegrees>-105.94772</LongitudeDegrees>
          </Position>
          <AltitudeMeters>1974.0</AltitudeMeters>
          <DistanceMeters>120084.6</DistanceMeters>
        </Trackpoint>
        <Trackpoint>
          <Time>2026-07-26T06:18:33Z</Time>
          <Position>
            <LatitudeDegrees>35.26213</LatitudeDegrees>
            <LongitudeDegrees>-105.94725</LongitudeDegrees>
          </Position>
          <AltitudeMeters>1972.9</AltitudeMeters>
          <DistanceMeters>120172.5</DistanceMeters>
        </Trackpoint>
        <Trackpoint>
          <Time>2026-07-26T06:18:43Z</Time>
          <Position>
            <LatitudeDegrees>35.26281</LatitudeDegrees>
            <LongitudeDegrees>-105.94678</LongitudeDegrees>
          </Position>
          <AltitudeMeters>1971.2</AltitudeMeters>
          <DistanceMeters>120259.4</DistanceMeters>
        </Trackpoint>
        <Trackpoint>
          <Time>2026-07-26T06:18:53Z</Time>
          <Position>
            <LatitudeDegrees>35.26348</LatitudeDegrees>
            <LongitudeDegrees>-105.94633</LongitudeDegrees>
          </Position>
          <AltitudeMeters>1967.5</AltitudeMeters>
          <DistanceMeters>120344.5</DistanceMeters>
        </Trackpoint>
        <Trackpoint>
          <Time>2026-07-26T06:19:03Z</Time>
          <Position>
            <LatitudeDegrees>35.26415</LatitudeDegrees>
            <LongitudeDegrees>-105.94588</LongitudeDegrees>
          </Position>
          <AltitudeMeters>1966.3</AltitudeMeters>
          <DistanceMeters>120429.5</DistanceMeters>
        </Trackpoint>
        <Trackpoint>
          <Time>2026-07-26T06:19:13Z</Time>
          <Position>
            <LatitudeDegrees>35.26459</LatitudeDegrees>
            <LongitudeDegrees>-105.94562</LongitudeDegrees>
          </Position>
          <AltitudeMeters>1967.6</AltitudeMeters>
          <DistanceMeters>120483.9</DistanceMeters>
        </Trackpoint>
        <Trackpoint>
          <Time>2026-07-26T06:19:23Z</Time>
          <Position>
            <LatitudeDegrees>35.26502</LatitudeDegrees>
            <LongitudeDegrees>-105.94537</LongitudeDegrees>
          </Position>
          <AltitudeMeters>1967.3</AltitudeMeters>
          <DistanceMeters>120536.9</DistanceMeters>
        </Trackpoint>
        <Trackpoint>
          <Time>2026-07-26T06:19:33Z</Time>
          <Position>
            <LatitudeDegrees>35.26544</LatitudeDegrees>
            <LongitudeDegrees>-105.94515</LongitudeDegrees>
          </Position>
          <AltitudeMeters>1965.4</AltitudeMeters>
          <DistanceMeters>120587.7</DistanceMeters>
        </Trackpoint>
        <Trackpoint>
          <Time>2026-07-26T06:19:43Z</Time>
          <Position>
            <LatitudeDegrees>35.26587</LatitudeDegrees>
            <LongitudeDegrees>-105.94496</LongitudeDegrees>
          </Position>
          <AltitudeMeters>1963.3</AltitudeMeters>
          <DistanceMeters>120638.6</DistanceMeters>
        </Trackpoint>
        <Trackpoint>
          <Time>2026-07-26T06:19:53Z</Time>
          <Position>
            <LatitudeDegrees>35.26629</LatitudeDegrees>
            <LongitudeDegrees>-105.94477</LongitudeDegrees>
          </Position>
          <AltitudeMeters>1961.1</AltitudeMeters>
          <DistanceMeters>120688.5</DistanceMeters>
        </Trackpoint>
        <Trackpoint>
          <Time>2026-07-26T06:20:03Z</Time>
          <Position>
            <LatitudeDegrees>35.26712</LatitudeDegrees>
            <LongitudeDegrees>-105.94444</LongitudeDegrees>
          </Position>
          <AltitudeMeters>1958.0</AltitudeMeters>
          <DistanceMeters>120785.6</DistanceMeters>
        </Trackpoint>
        <Trackpoint>
          <Time>2026-07-26T06:20:13Z</Time>
          <Position>
            <LatitudeDegrees>35.26795</LatitudeDegrees>
            <LongitudeDegrees>-105.94411</LongitudeDegrees>
          </Position>
          <AltitudeMeters>1958.9</AltitudeMeters>
          <DistanceMeters>120882.8</DistanceMeters>
        </Trackpoint>
        <Trackpoint>
          <Time>2026-07-26T06:20:23Z</Time>
          <Position>
            <LatitudeDegrees>35.26878</LatitudeDegrees>
            <LongitudeDegrees>-105.94378</LongitudeDegrees>
          </Position>
          <AltitudeMeters>1957.3</AltitudeMeters>
          <DistanceMeters>120979.9</DistanceMeters>
        </Trackpoint>
        <Trackpoint>
          <Time>2026-07-26T06:20:33Z</Time>
          <Position>
            <LatitudeDegrees>35.26961</LatitudeDegrees>
            <LongitudeDegrees>-105.94345</LongitudeDegrees>
          </Position>
          <AltitudeMeters>1952.1</AltitudeMeters>
          <DistanceMeters>121077.0</DistanceMeters>
        </Trackpoint>
        <Trackpoint>
          <Time>2026-07-26T06:20:43Z</Time>
          <Position>
            <LatitudeDegrees>35.27044</LatitudeDegrees>
            <LongitudeDegrees>-105.94312</LongitudeDegrees>
          </Position>
          <AltitudeMeters>1952.0</AltitudeMeters>
          <DistanceMeters>121174.2</DistanceMeters>
        </Trackpoint>
        <Trackpoint>
          <Time>2026-07-26T06:20:53Z</Time>
          <Position>
            <LatitudeDegrees>35.27127</LatitudeDegrees>
            <LongitudeDegrees>-105.94279</LongitudeDegrees>
          </Position>
          <AltitudeMeters>1951.6</AltitudeMeters>
          <DistanceMeters>121271.3</DistanceMeters>
        </Trackpoint>
        <Trackpoint>
          <Time>2026-07-26T06:21:03Z</Time>
          <Position>
            <LatitudeDegrees>35.2721</LatitudeDegrees>
            <LongitudeDegrees>-105.94246</LongitudeDegrees>
          </Position>
          <AltitudeMeters>1947.9</AltitudeMeters>
          <DistanceMeters>121368.5</DistanceMeters>
        </Trackpoint>
        <Trackpoint>
          <Time>2026-07-26T06:21:13Z</Time>
          <Position>
            <LatitudeDegrees>35.27293</LatitudeDegrees>
            <LongitudeDegrees>-105.94213</LongitudeDegrees>
          </Position>
          <AltitudeMeters>1945.7</AltitudeMeters>
          <DistanceMeters>121465.6</DistanceMeters>
        </Trackpoint>
        <Trackpoint>
          <Time>2026-07-26T06:21:23Z</Time>
          <Position>
            <LatitudeDegrees>35.27376</LatitudeDegrees>
            <LongitudeDegrees>-105.9418</LongitudeDegrees>
          </Position>
          <AltitudeMeters>1942.9</AltitudeMeters>
          <DistanceMeters>121562.7</DistanceMeters>
        </Trackpoint>
        <Trackpoint>
          <Time>2026-07-26T06:21:33Z</Time>
          <Position>
            <LatitudeDegrees>35.27459</LatitudeDegrees>
            <LongitudeDegrees>-105.94147</LongitudeDegrees>
          </Position>
          <AltitudeMeters>1948.6</AltitudeMeters>
          <DistanceMeters>121659.9</DistanceMeters>
        </Trackpoint>
        <Trackpoint>
          <Time>2026-07-26T06:21:43Z</Time>
          <Position>
            <LatitudeDegrees>35.27542</LatitudeDegrees>
            <LongitudeDegrees>-105.94114</LongitudeDegrees>
          </Position>
          <AltitudeMeters>1948.1</AltitudeMeters>
          <DistanceMeters>121757.0</DistanceMeters>
        </Trackpoint>
        <Trackpoint>
          <Time>2026-07-26T06:21:53Z</Time>
          <Position>
            <LatitudeDegrees>35.27625</LatitudeDegrees>
            <LongitudeDegrees>-105.94081</LongitudeDegrees>
          </Position>
          <AltitudeMeters>1947.5</AltitudeMeters>
          <DistanceMeters>121854.2</DistanceMeters>
        </Trackpoint>
        <Trackpoint>
          <Time>2026-07-26T06:22:03Z</Time>
          <Position>
            <LatitudeDegrees>35.27708</LatitudeDegrees>
            <LongitudeDegrees>-105.94048</LongitudeDegrees>
          </Position>
          <AltitudeMeters>1944.8</AltitudeMeters>
          <DistanceMeters>121951.3</DistanceMeters>
        </Trackpoint>
        <Trackpoint>
          <Time>2026-07-26T06:22:13Z</Time>
          <Position>
            <LatitudeDegrees>35.27791</LatitudeDegrees>
            <LongitudeDegrees>-105.94015</LongitudeDegrees>
          </Position>
          <AltitudeMeters>1939.5</AltitudeMeters>
          <DistanceMeters>122048.4</DistanceMeters>
        </Trackpoint>
        <Trackpoint>
          <Time>2026-07-26T06:22:23Z</Time>
          <Position>
            <LatitudeDegrees>35.27874</LatitudeDegrees>
            <LongitudeDegrees>-105.93982</LongitudeDegrees>
          </Position>
          <AltitudeMeters>1937.5</AltitudeMeters>
          <DistanceMeters>122145.6</DistanceMeters>
        </Trackpoint>
        <Trackpoint>
          <Time>2026-07-26T06:22:33Z</Time>
          <Position>
            <LatitudeDegrees>35.27957</LatitudeDegrees>
            <LongitudeDegrees>-105.93949</LongitudeDegrees>
          </Position>
          <AltitudeMeters>1939.7</AltitudeMeters>
          <DistanceMeters>122242.7</DistanceMeters>
        </Trackpoint>
        <Trackpoint>
          <Time>2026-07-26T06:22:43Z</Time>
          <Position>
            <LatitudeDegrees>35.2804</LatitudeDegrees>
            <LongitudeDegrees>-105.93916</LongitudeDegrees>
          </Position>
          <AltitudeMeters>1940.9</AltitudeMeters>
          <DistanceMeters>122339.9</DistanceMeters>
        </Trackpoint>
        <Trackpoint>
          <Time>2026-07-26T06:22:53Z</Time>
          <Position>
            <LatitudeDegrees>35.28123</LatitudeDegrees>
            <LongitudeDegrees>-105.93883</LongitudeDegrees>
          </Position>
          <AltitudeMeters>1941.1</AltitudeMeters>
          <DistanceMeters>122437.0</DistanceMeters>
        </Trackpoint>
        <Trackpoint>
          <Time>2026-07-26T06:23:03Z</Time>
          <Position>
            <LatitudeDegrees>35.28207</LatitudeDegrees>
            <LongitudeDegrees>-105.9385</LongitudeDegrees>
          </Position>
          <AltitudeMeters>1940.4</AltitudeMeters>
          <DistanceMeters>122535.2</DistanceMeters>
        </Trackpoint>
        <Trackpoint>
          <Time>2026-07-26T06:23:13Z</Time>
          <Position>
            <LatitudeDegrees>35.2829</LatitudeDegrees>
            <LongitudeDegrees>-105.93817</LongitudeDegrees>
          </Position>
          <AltitudeMeters>1937.4</AltitudeMeters>
          <DistanceMeters>122632.3</DistanceMeters>
        </Trackpoint>
        <Trackpoint>
          <Time>2026-07-26T06:23:23Z</Time>
          <Position>
            <LatitudeDegrees>35.28373</LatitudeDegrees>
            <LongitudeDegrees>-105.93784</LongitudeDegrees>
          </Position>
          <AltitudeMeters>1933.5</AltitudeMeters>
          <DistanceMeters>122729.5</DistanceMeters>
        </Trackpoint>
        <Trackpoint>
          <Time>2026-07-26T06:23:33Z</Time>
          <Position>
            <LatitudeDegrees>35.28456</LatitudeDegrees>
            <LongitudeDegrees>-105.93751</LongitudeDegrees>
          </Position>
          <AltitudeMeters>1936.2</AltitudeMeters>
          <DistanceMeters>122826.6</DistanceMeters>
        </Trackpoint>
        <Trackpoint>
          <Time>2026-07-26T06:23:43Z</Time>
          <Position>
            <LatitudeDegrees>35.28539</LatitudeDegrees>
            <LongitudeDegrees>-105.93718</LongitudeDegrees>
          </Position>
          <AltitudeMeters>1939.0</AltitudeMeters>
          <DistanceMeters>122923.8</DistanceMeters>
        </Trackpoint>
        <Trackpoint>
          <Time>2026-07-26T06:23:53Z</Time>
          <Position>
            <LatitudeDegrees>35.28622</LatitudeDegrees>
            <LongitudeDegrees>-105.93685</LongitudeDegrees>
          </Position>
          <AltitudeMeters>1938.5</AltitudeMeters>
          <DistanceMeters>123020.9</DistanceMeters>
        </Trackpoint>
        <Trackpoint>
          <Time>2026-07-26T06:24:03Z</Time>
          <Position>
            <LatitudeDegrees>35.28705</LatitudeDegrees>
            <LongitudeDegrees>-105.93652</LongitudeDegrees>
          </Position>
          <AltitudeMeters>1936.0</AltitudeMeters>
          <DistanceMeters>123118.0</DistanceMeters>
        </Trackpoint>
        <Trackpoint>
          <Time>2026-07-26T06:24:13Z</Time>
          <Position>
            <LatitudeDegrees>35.28788</LatitudeDegrees>
            <LongitudeDegrees>-105.93619</LongitudeDegrees>
          </Position>
          <AltitudeMeters>1935.4</AltitudeMeters>
          <DistanceMeters>123215.2</DistanceMeters>
        </Trackpoint>
        <Trackpoint>
          <Time>2026-07-26T06:24:23Z</Time>
          <Position>
            <LatitudeDegrees>35.28871</LatitudeDegrees>
            <LongitudeDegrees>-105.93586</LongitudeDegrees>
          </Position>
          <AltitudeMeters>1936.1</AltitudeMeters>
          <DistanceMeters>123312.3</DistanceMeters>
        </Trackpoint>
        <Trackpoint>
          <Time>2026-07-26T06:24:33Z</Time>
          <Position>
            <LatitudeDegrees>35.28928</LatitudeDegrees>
            <LongitudeDegrees>-105.93568</LongitudeDegrees>
          </Position>
          <AltitudeMeters>1937.1</AltitudeMeters>
          <DistanceMeters>123377.8</DistanceMeters>
        </Trackpoint>
        <Trackpoint>
          <Time>2026-07-26T06:24:43Z</Time>
          <Position>
            <LatitudeDegrees>35.28976</LatitudeDegrees>
            <LongitudeDegrees>-105.93557</LongitudeDegrees>
          </Position>
          <AltitudeMeters>1937.1</AltitudeMeters>
          <DistanceMeters>123432.2</DistanceMeters>
        </Trackpoint>
        <Trackpoint>
          <Time>2026-07-26T06:24:53Z</Time>
          <Position>
            <LatitudeDegrees>35.29023</LatitudeDegrees>
            <LongitudeDegrees>-105.93546</LongitudeDegrees>
          </Position>
          <AltitudeMeters>1936.2</AltitudeMeters>
          <DistanceMeters>123485.5</DistanceMeters>
        </Trackpoint>
        <Trackpoint>
          <Time>2026-07-26T06:25:03Z</Time>
          <Position>
            <LatitudeDegrees>35.29072</LatitudeDegrees>
            <LongitudeDegrees>-105.93537</LongitudeDegrees>
          </Position>
          <AltitudeMeters>1934.3</AltitudeMeters>
          <DistanceMeters>123540.6</DistanceMeters>
        </Trackpoint>
        <Trackpoint>
          <Time>2026-07-26T06:25:13Z</Time>
          <Position>
            <LatitudeDegrees>35.29122</LatitudeDegrees>
            <LongitudeDegrees>-105.93529</LongitudeDegrees>
          </Position>
          <AltitudeMeters>1932.2</AltitudeMeters>
          <DistanceMeters>123596.7</DistanceMeters>
        </Trackpoint>
        <Trackpoint>
          <Time>2026-07-26T06:25:23Z</Time>
          <Position>
            <LatitudeDegrees>35.29195</LatitudeDegrees>
            <LongitudeDegrees>-105.9352</LongitudeDegrees>
          </Position>
          <AltitudeMeters>1928.8</AltitudeMeters>
          <DistanceMeters>123678.4</DistanceMeters>
        </Trackpoint>
        <Trackpoint>
          <Time>2026-07-26T06:25:33Z</Time>
          <Position>
            <LatitudeDegrees>35.29268</LatitudeDegrees>
            <LongitudeDegrees>-105.93511</LongitudeDegrees>
          </Position>
          <AltitudeMeters>1925.7</AltitudeMeters>
          <DistanceMeters>123760.1</DistanceMeters>
        </Trackpoint>
        <Trackpoint>
          <Time>2026-07-26T06:25:43Z</Time>
          <Position>
            <LatitudeDegrees>35.29341</LatitudeDegrees>
            <LongitudeDegrees>-105.93503</LongitudeDegrees>
          </Position>
          <AltitudeMeters>1921.4</AltitudeMeters>
          <DistanceMeters>123841.7</DistanceMeters>
        </Trackpoint>
        <Trackpoint>
          <Time>2026-07-26T06:25:53Z</Time>
          <Position>
            <LatitudeDegrees>35.29414</LatitudeDegrees>
            <LongitudeDegrees>-105.93494</LongitudeDegrees>
          </Position>
          <AltitudeMeters>1921.1</AltitudeMeters>
          <DistanceMeters>123923.4</DistanceMeters>
        </Trackpoint>
        <Trackpoint>
          <Time>2026-07-26T06:26:03Z</Time>
          <Position>
            <LatitudeDegrees>35.29488</LatitudeDegrees>
            <LongitudeDegrees>-105.93485</LongitudeDegrees>
          </Position>
          <AltitudeMeters>1923.1</AltitudeMeters>
          <DistanceMeters>124006.1</DistanceMeters>
        </Trackpoint>
        <Trackpoint>
          <Time>2026-07-26T06:26:13Z</Time>
          <Position>
            <LatitudeDegrees>35.29573</LatitudeDegrees>
            <LongitudeDegrees>-105.93475</LongitudeDegrees>
          </Position>
          <AltitudeMeters>1924.6</AltitudeMeters>
          <DistanceMeters>124101.2</DistanceMeters>
        </Trackpoint>
        <Trackpoint>
          <Time>2026-07-26T06:26:23Z</Time>
          <Position>
            <LatitudeDegrees>35.29659</LatitudeDegrees>
            <LongitudeDegrees>-105.93465</LongitudeDegrees>
          </Position>
          <AltitudeMeters>1923.4</AltitudeMeters>
          <DistanceMeters>124197.4</DistanceMeters>
        </Trackpoint>
        <Trackpoint>
          <Time>2026-07-26T06:26:33Z</Time>
          <Position>
            <LatitudeDegrees>35.29745</LatitudeDegrees>
            <LongitudeDegrees>-105.93455</LongitudeDegrees>
          </Position>
          <AltitudeMeters>1920.6</AltitudeMeters>
          <DistanceMeters>124293.5</DistanceMeters>
        </Trackpoint>
        <Trackpoint>
          <Time>2026-07-26T06:26:43Z</Time>
          <Position>
            <LatitudeDegrees>35.29831</LatitudeDegrees>
            <LongitudeDegrees>-105.93445</LongitudeDegrees>
          </Position>
          <AltitudeMeters>1917.5</AltitudeMeters>
          <DistanceMeters>124389.7</DistanceMeters>
        </Trackpoint>
        <Trackpoint>
          <Time>2026-07-26T06:26:53Z</Time>
          <Position>
            <LatitudeDegrees>35.29917</LatitudeDegrees>
            <LongitudeDegrees>-105.93436</LongitudeDegrees>
          </Position>
          <AltitudeMeters>1915.1</AltitudeMeters>
          <DistanceMeters>124485.8</DistanceMeters>
        </Trackpoint>
        <Trackpoint>
          <Time>2026-07-26T06:27:03Z</Time>
          <Position>
            <LatitudeDegrees>35.30002</LatitudeDegrees>
            <LongitudeDegrees>-105.93426</LongitudeDegrees>
          </Position>
          <AltitudeMeters>1912.1</AltitudeMeters>
          <DistanceMeters>124580.8</DistanceMeters>
        </Trackpoint>
        <Trackpoint>
          <Time>2026-07-26T06:27:13Z</Time>
          <Position>
            <LatitudeDegrees>35.30088</LatitudeDegrees>
            <LongitudeDegrees>-105.93416</LongitudeDegrees>
          </Position>
          <AltitudeMeters>1908.6</AltitudeMeters>
          <DistanceMeters>124677.0</DistanceMeters>
        </Trackpoint>
        <Trackpoint>
          <Time>2026-07-26T06:27:23Z</Time>
          <Position>
            <LatitudeDegrees>35.30174</LatitudeDegrees>
            <LongitudeDegrees>-105.93406</LongitudeDegrees>
          </Position>
          <AltitudeMeters>1905.8</AltitudeMeters>
          <DistanceMeters>124773.2</DistanceMeters>
        </Trackpoint>
        <Trackpoint>
          <Time>2026-07-26T06:27:33Z</Time>
          <Position>
            <LatitudeDegrees>35.3026</LatitudeDegrees>
            <LongitudeDegrees>-105.93396</LongitudeDegrees>
          </Position>
          <AltitudeMeters>1902.2</AltitudeMeters>
          <DistanceMeters>124869.3</DistanceMeters>
        </Trackpoint>
        <Trackpoint>
          <Time>2026-07-26T06:27:43Z</Time>
          <Position>
            <LatitudeDegrees>35.30346</LatitudeDegrees>
            <LongitudeDegrees>-105.93386</LongitudeDegrees>
          </Position>
          <AltitudeMeters>1898.2</AltitudeMeters>
          <DistanceMeters>124965.5</DistanceMeters>
        </Trackpoint>
        <Trackpoint>
          <Time>2026-07-26T06:27:53Z</Time>
          <Position>
            <LatitudeDegrees>35.30429</LatitudeDegrees>
            <LongitudeDegrees>-105.93377</LongitudeDegrees>
          </Position>
          <AltitudeMeters>1896.7</AltitudeMeters>
          <DistanceMeters>125058.2</DistanceMeters>
        </Trackpoint>
        <Trackpoint>
          <Time>2026-07-26T06:28:03Z</Time>
          <Position>
            <LatitudeDegrees>35.30512</LatitudeDegrees>
            <LongitudeDegrees>-105.93368</LongitudeDegrees>
          </Position>
          <AltitudeMeters>1895.0</AltitudeMeters>
          <DistanceMeters>125151.0</DistanceMeters>
        </Trackpoint>
        <Trackpoint>
          <Time>2026-07-26T06:28:13Z</Time>
          <Position>
            <LatitudeDegrees>35.30595</LatitudeDegrees>
            <LongitudeDegrees>-105.93358</LongitudeDegrees>
          </Position>
          <AltitudeMeters>1892.1</AltitudeMeters>
          <DistanceMeters>125243.8</DistanceMeters>
        </Trackpoint>
        <Trackpoint>
          <Time>2026-07-26T06:28:23Z</Time>
          <Position>
            <LatitudeDegrees>35.30679</LatitudeDegrees>
            <LongitudeDegrees>-105.93349</LongitudeDegrees>
          </Position>
          <AltitudeMeters>1889.6</AltitudeMeters>
          <DistanceMeters>125337.7</DistanceMeters>
        </Trackpoint>
        <Trackpoint>
          <Time>2026-07-26T06:28:33Z</Time>
          <Position>
            <LatitudeDegrees>35.30762</LatitudeDegrees>
            <LongitudeDegrees>-105.9334</LongitudeDegrees>
          </Position>
          <AltitudeMeters>1886.9</AltitudeMeters>
          <DistanceMeters>125430.5</DistanceMeters>
        </Trackpoint>
        <Trackpoint>
          <Time>2026-07-26T06:28:43Z</Time>
          <Position>
            <LatitudeDegrees>35.30845</LatitudeDegrees>
            <LongitudeDegrees>-105.9333</LongitudeDegrees>
          </Position>
          <AltitudeMeters>1884.7</AltitudeMeters>
          <DistanceMeters>125523.3</DistanceMeters>
        </Trackpoint>
        <Trackpoint>
          <Time>2026-07-26T06:28:53Z</Time>
          <Position>
            <LatitudeDegrees>35.30929</LatitudeDegrees>
            <LongitudeDegrees>-105.93321</LongitudeDegrees>
          </Position>
          <AltitudeMeters>1882.2</AltitudeMeters>
          <DistanceMeters>125617.2</DistanceMeters>
        </Trackpoint>
        <Trackpoint>
          <Time>2026-07-26T06:29:03Z</Time>
          <Position>
            <LatitudeDegrees>35.31012</LatitudeDegrees>
            <LongitudeDegrees>-105.93312</LongitudeDegrees>
          </Position>
          <AltitudeMeters>1879.3</AltitudeMeters>
          <DistanceMeters>125709.9</DistanceMeters>
        </Trackpoint>
        <Trackpoint>
          <Time>2026-07-26T06:29:13Z</Time>
          <Position>
            <LatitudeDegrees>35.31097</LatitudeDegrees>
            <LongitudeDegrees>-105.93302</LongitudeDegrees>
          </Position>
          <AltitudeMeters>1878.0</AltitudeMeters>
          <DistanceMeters>125805.0</DistanceMeters>
        </Trackpoint>
        <Trackpoint>
          <Time>2026-07-26T06:29:23Z</Time>
          <Position>
            <LatitudeDegrees>35.31182</LatitudeDegrees>
            <LongitudeDegrees>-105.93292</LongitudeDegrees>
          </Position>
          <AltitudeMeters>1875.4</AltitudeMeters>
          <DistanceMeters>125900.0</DistanceMeters>
        </Trackpoint>
        <Trackpoint>
          <Time>2026-07-26T06:29:33Z</Time>
          <Position>
            <LatitudeDegrees>35.31267</LatitudeDegrees>
            <LongitudeDegrees>-105.93283</LongitudeDegrees>
          </Position>
          <AltitudeMeters>1874.0</AltitudeMeters>
          <DistanceMeters>125995.0</DistanceMeters>
        </Trackpoint>
        <Trackpoint>
          <Time>2026-07-26T06:29:43Z</Time>
          <Position>
            <LatitudeDegrees>35.31352</LatitudeDegrees>
            <LongitudeDegrees>-105.93273</LongitudeDegrees>
          </Position>
          <AltitudeMeters>1872.9</AltitudeMeters>
          <DistanceMeters>126090.1</DistanceMeters>
        </Trackpoint>
        <Trackpoint>
          <Time>2026-07-26T06:29:53Z</Time>
          <Position>
            <LatitudeDegrees>35.31436</LatitudeDegrees>
            <LongitudeDegrees>-105.93263</LongitudeDegrees>
          </Position>
          <AltitudeMeters>1870.9</AltitudeMeters>
          <DistanceMeters>126184.0</DistanceMeters>
        </Trackpoint>
        <Trackpoint>
          <Time>2026-07-26T06:30:03Z</Time>
          <Position>
            <LatitudeDegrees>35.31521</LatitudeDegrees>
            <LongitudeDegrees>-105.93254</LongitudeDegrees>
          </Position>
          <AltitudeMeters>1868.2</AltitudeMeters>
          <DistanceMeters>126279.0</DistanceMeters>
        </Trackpoint>
        <Trackpoint>
          <Time>2026-07-26T06:30:13Z</Time>
          <Position>
            <LatitudeDegrees>35.31606</LatitudeDegrees>
            <LongitudeDegrees>-105.93244</LongitudeDegrees>
          </Position>
          <AltitudeMeters>1866.3</AltitudeMeters>
          <DistanceMeters>126374.0</DistanceMeters>
        </Trackpoint>
        <Trackpoint>
          <Time>2026-07-26T06:30:23Z</Time>
          <Position>
            <LatitudeDegrees>35.31691</LatitudeDegrees>
            <LongitudeDegrees>-105.93234</LongitudeDegrees>
          </Position>
          <AltitudeMeters>1868.9</AltitudeMeters>
          <DistanceMeters>126469.1</DistanceMeters>
        </Trackpoint>
        <Trackpoint>
          <Time>2026-07-26T06:30:33Z</Time>
          <Position>
            <LatitudeDegrees>35.31776</LatitudeDegrees>
            <LongitudeDegrees>-105.93224</LongitudeDegrees>
          </Position>
          <AltitudeMeters>1872.8</AltitudeMeters>
          <DistanceMeters>126564.1</DistanceMeters>
        </Trackpoint>
        <Trackpoint>
          <Time>2026-07-26T06:30:43Z</Time>
          <Position>
            <LatitudeDegrees>35.31861</LatitudeDegrees>
            <LongitudeDegrees>-105.93215</LongitudeDegrees>
          </Position>
          <AltitudeMeters>1876.2</AltitudeMeters>
          <DistanceMeters>126659.1</DistanceMeters>
        </Trackpoint>
        <Trackpoint>
          <Time>2026-07-26T06:30:53Z</Time>
          <Position>
            <LatitudeDegrees>35.31946</LatitudeDegrees>
            <LongitudeDegrees>-105.93205</LongitudeDegrees>
          </Position>
          <AltitudeMeters>1879.7</AltitudeMeters>
          <DistanceMeters>126754.2</DistanceMeters>
        </Trackpoint>
        <Trackpoint>
          <Time>2026-07-26T06:31:03Z</Time>
          <Position>
            <LatitudeDegrees>35.32031</LatitudeDegrees>
            <LongitudeDegrees>-105.93195</LongitudeDegrees>
          </Position>
          <AltitudeMeters>1882.5</AltitudeMeters>
          <DistanceMeters>126849.2</DistanceMeters>
        </Trackpoint>
        <Trackpoint>
          <Time>2026-07-26T06:31:13Z</Time>
          <Position>
            <LatitudeDegrees>35.32116</LatitudeDegrees>
            <LongitudeDegrees>-105.93185</LongitudeDegrees>
          </Position>
          <AltitudeMeters>1882.9</AltitudeMeters>
          <DistanceMeters>126944.3</DistanceMeters>
        </Trackpoint>
        <Trackpoint>
          <Time>2026-07-26T06:31:23Z</Time>
          <Position>
            <LatitudeDegrees>35.32201</LatitudeDegrees>
            <LongitudeDegrees>-105.93176</LongitudeDegrees>
          </Position>
          <AltitudeMeters>1884.4</AltitudeMeters>
          <DistanceMeters>127039.3</DistanceMeters>
        </Trackpoint>
        <Trackpoint>
          <Time>2026-07-26T06:31:33Z</Time>
          <Position>
            <LatitudeDegrees>35.32274</LatitudeDegrees>
            <LongitudeDegrees>-105.93167</LongitudeDegrees>
          </Position>
          <AltitudeMeters>1886.4</AltitudeMeters>
          <DistanceMeters>127120.9</DistanceMeters>
        </Trackpoint>
        <Trackpoint>
          <Time>2026-07-26T06:31:43Z</Time>
          <Position>
            <LatitudeDegrees>35.32348</LatitudeDegrees>
            <LongitudeDegrees>-105.93158</LongitudeDegrees>
          </Position>
          <AltitudeMeters>1889.1</AltitudeMeters>
          <DistanceMeters>127203.7</DistanceMeters>
        </Trackpoint>
        <Trackpoint>
          <Time>2026-07-26T06:31:53Z</Time>
          <Position>
            <LatitudeDegrees>35.32413</LatitudeDegrees>
            <LongitudeDegrees>-105.93153</LongitudeDegrees>
          </Position>
          <AltitudeMeters>1889.6</AltitudeMeters>
          <DistanceMeters>127276.2</DistanceMeters>
        </Trackpoint>
        <Trackpoint>
          <Time>2026-07-26T06:32:03Z</Time>
          <Position>
            <LatitudeDegrees>35.32475</LatitudeDegrees>
            <LongitudeDegrees>-105.93151</LongitudeDegrees>
          </Position>
          <AltitudeMeters>1889.9</AltitudeMeters>
          <DistanceMeters>127345.3</DistanceMeters>
        </Trackpoint>
        <Trackpoint>
          <Time>2026-07-26T06:32:13Z</Time>
          <Position>
            <LatitudeDegrees>35.32543</LatitudeDegrees>
            <LongitudeDegrees>-105.93153</LongitudeDegrees>
          </Position>
          <AltitudeMeters>1889.9</AltitudeMeters>
          <DistanceMeters>127421.0</DistanceMeters>
        </Trackpoint>
        <Trackpoint>
          <Time>2026-07-26T06:32:23Z</Time>
          <Position>
            <LatitudeDegrees>35.32598</LatitudeDegrees>
            <LongitudeDegrees>-105.93159</LongitudeDegrees>
          </Position>
          <AltitudeMeters>1890.8</AltitudeMeters>
          <DistanceMeters>127482.4</DistanceMeters>
        </Trackpoint>
        <Trackpoint>
          <Time>2026-07-26T06:32:33Z</Time>
          <Position>
            <LatitudeDegrees>35.32654</LatitudeDegrees>
            <LongitudeDegrees>-105.93164</LongitudeDegrees>
          </Position>
          <AltitudeMeters>1890.8</AltitudeMeters>
          <DistanceMeters>127544.9</DistanceMeters>
        </Trackpoint>
        <Trackpoint>
          <Time>2026-07-26T06:32:43Z</Time>
          <Position>
            <LatitudeDegrees>35.32714</LatitudeDegrees>
            <LongitudeDegrees>-105.93174</LongitudeDegrees>
          </Position>
          <AltitudeMeters>1890.8</AltitudeMeters>
          <DistanceMeters>127612.4</DistanceMeters>
        </Trackpoint>
        <Trackpoint>
          <Time>2026-07-26T06:32:53Z</Time>
          <Position>
            <LatitudeDegrees>35.32778</LatitudeDegrees>
            <LongitudeDegrees>-105.9319</LongitudeDegrees>
          </Position>
          <AltitudeMeters>1889.4</AltitudeMeters>
          <DistanceMeters>127685.1</DistanceMeters>
        </Trackpoint>
        <Trackpoint>
          <Time>2026-07-26T06:33:03Z</Time>
          <Position>
            <LatitudeDegrees>35.32843</LatitudeDegrees>
            <LongitudeDegrees>-105.93206</LongitudeDegrees>
          </Position>
          <AltitudeMeters>1886.3</AltitudeMeters>
          <DistanceMeters>127758.9</DistanceMeters>
        </Trackpoint>
        <Trackpoint>
          <Time>2026-07-26T06:33:13Z</Time>
          <Position>
            <LatitudeDegrees>35.32925</LatitudeDegrees>
            <LongitudeDegrees>-105.93233</LongitudeDegrees>
          </Position>
          <AltitudeMeters>1885.6</AltitudeMeters>
          <DistanceMeters>127853.4</DistanceMeters>
        </Trackpoint>
        <Trackpoint>
          <Time>2026-07-26T06:33:23Z</Time>
          <Position>
            <LatitudeDegrees>35.32976</LatitudeDegrees>
            <LongitudeDegrees>-105.93253</LongitudeDegrees>
          </Position>
          <AltitudeMeters>1884.7</AltitudeMeters>
          <DistanceMeters>127913.0</DistanceMeters>
        </Trackpoint>
        <Trackpoint>
          <Time>2026-07-26T06:33:33Z</Time>
          <Position>
            <LatitudeDegrees>35.33059</LatitudeDegrees>
            <LongitudeDegrees>-105.93288</LongitudeDegrees>
          </Position>
          <AltitudeMeters>1882.7</AltitudeMeters>
          <DistanceMeters>128010.7</DistanceMeters>
        </Trackpoint>
        <Trackpoint>
          <Time>2026-07-26T06:33:43Z</Time>
          <Position>
            <LatitudeDegrees>35.33142</LatitudeDegrees>
            <LongitudeDegrees>-105.93323</LongitudeDegrees>
          </Position>
          <AltitudeMeters>1880.5</AltitudeMeters>
          <DistanceMeters>128108.4</DistanceMeters>
        </Trackpoint>
        <Trackpoint>
          <Time>2026-07-26T06:33:53Z</Time>
          <Position>
            <LatitudeDegrees>35.33226</LatitudeDegrees>
            <LongitudeDegrees>-105.93358</LongitudeDegrees>
          </Position>
          <AltitudeMeters>1878.8</AltitudeMeters>
          <DistanceMeters>128207.2</DistanceMeters>
        </Trackpoint>
        <Trackpoint>
          <Time>2026-07-26T06:34:03Z</Time>
          <Position>
            <LatitudeDegrees>35.33309</LatitudeDegrees>
            <LongitudeDegrees>-105.93393</LongitudeDegrees>
          </Position>
          <AltitudeMeters>1874.7</AltitudeMeters>
          <DistanceMeters>128304.9</DistanceMeters>
        </Trackpoint>
        <Trackpoint>
          <Time>2026-07-26T06:34:13Z</Time>
          <Position>
            <LatitudeDegrees>35.33392</LatitudeDegrees>
            <LongitudeDegrees>-105.93428</LongitudeDegrees>
          </Position>
          <AltitudeMeters>1872.2</AltitudeMeters>
          <DistanceMeters>128402.6</DistanceMeters>
        </Trackpoint>
        <Trackpoint>
          <Time>2026-07-26T06:34:23Z</Time>
          <Position>
            <LatitudeDegrees>35.33475</LatitudeDegrees>
            <LongitudeDegrees>-105.93463</LongitudeDegrees>
          </Position>
          <AltitudeMeters>1868.3</AltitudeMeters>
          <DistanceMeters>128500.3</DistanceMeters>
        </Trackpoint>
        <Trackpoint>
          <Time>2026-07-26T06:34:33Z</Time>
          <Position>
            <LatitudeDegrees>35.33559</LatitudeDegrees>
            <LongitudeDegrees>-105.93498</LongitudeDegrees>
          </Position>
          <AltitudeMeters>1866.4</AltitudeMeters>
          <DistanceMeters>128599.1</DistanceMeters>
        </Trackpoint>
        <Trackpoint>
          <Time>2026-07-26T06:34:43Z</Time>
          <Position>
            <LatitudeDegrees>35.33642</LatitudeDegrees>
            <LongitudeDegrees>-105.93533</LongitudeDegrees>
          </Position>
          <AltitudeMeters>1864.1</AltitudeMeters>
          <DistanceMeters>128696.8</DistanceMeters>
        </Trackpoint>
        <Trackpoint>
          <Time>2026-07-26T06:34:53Z</Time>
          <Position>
            <LatitudeDegrees>35.33725</LatitudeDegrees>
            <LongitudeDegrees>-105.93567</LongitudeDegrees>
          </Position>
          <AltitudeMeters>1864.7</AltitudeMeters>
          <DistanceMeters>128794.2</DistanceMeters>
        </Trackpoint>
        <Trackpoint>
          <Time>2026-07-26T06:35:03Z</Time>
          <Position>
            <LatitudeDegrees>35.33808</LatitudeDegrees>
            <LongitudeDegrees>-105.93602</LongitudeDegrees>
          </Position>
          <AltitudeMeters>1866.1</AltitudeMeters>
          <DistanceMeters>128891.9</DistanceMeters>
        </Trackpoint>
        <Trackpoint>
          <Time>2026-07-26T06:35:13Z</Time>
          <Position>
            <LatitudeDegrees>35.33892</LatitudeDegrees>
            <LongitudeDegrees>-105.93637</LongitudeDegrees>
          </Position>
          <AltitudeMeters>1866.0</AltitudeMeters>
          <DistanceMeters>128990.7</DistanceMeters>
        </Trackpoint>
        <Trackpoint>
          <Time>2026-07-26T06:35:23Z</Time>
          <Position>
            <LatitudeDegrees>35.33975</LatitudeDegrees>
            <LongitudeDegrees>-105.93672</LongitudeDegrees>
          </Position>
          <AltitudeMeters>1864.9</AltitudeMeters>
          <DistanceMeters>129088.4</DistanceMeters>
        </Trackpoint>
        <Trackpoint>
          <Time>2026-07-26T06:35:33Z</Time>
          <Position>
            <LatitudeDegrees>35.34058</LatitudeDegrees>
            <LongitudeDegrees>-105.93707</LongitudeDegrees>
          </Position>
          <AltitudeMeters>1864.3</AltitudeMeters>
          <DistanceMeters>129186.1</DistanceMeters>
        </Trackpoint>
        <Trackpoint>
          <Time>2026-07-26T06:35:43Z</Time>
          <Position>
            <LatitudeDegrees>35.34141</LatitudeDegrees>
            <LongitudeDegrees>-105.93742</LongitudeDegrees>
          </Position>
          <AltitudeMeters>1863.9</AltitudeMeters>
          <DistanceMeters>129283.8</DistanceMeters>
        </Trackpoint>
        <Trackpoint>
          <Time>2026-07-26T06:35:53Z</Time>
          <Position>
            <LatitudeDegrees>35.34225</LatitudeDegrees>
            <LongitudeDegrees>-105.93777</LongitudeDegrees>
          </Position>
          <AltitudeMeters>1862.4</AltitudeMeters>
          <DistanceMeters>129382.5</DistanceMeters>
        </Trackpoint>
        <Trackpoint>
          <Time>2026-07-26T06:36:03Z</Time>
          <Position>
            <LatitudeDegrees>35.34308</LatitudeDegrees>
            <LongitudeDegrees>-105.93812</LongitudeDegrees>
          </Position>
          <AltitudeMeters>1861.7</AltitudeMeters>
          <DistanceMeters>129480.2</DistanceMeters>
        </Trackpoint>
        <Trackpoint>
          <Time>2026-07-26T06:36:13Z</Time>
          <Position>
            <LatitudeDegrees>35.34391</LatitudeDegrees>
            <LongitudeDegrees>-105.93847</LongitudeDegrees>
          </Position>
          <AltitudeMeters>1861.5</AltitudeMeters>
          <DistanceMeters>129578.0</DistanceMeters>
        </Trackpoint>
        <Trackpoint>
          <Time>2026-07-26T06:36:23Z</Time>
          <Position>
            <LatitudeDegrees>35.34474</LatitudeDegrees>
            <LongitudeDegrees>-105.93882</LongitudeDegrees>
          </Position>
          <AltitudeMeters>1861.8</AltitudeMeters>
          <DistanceMeters>129675.7</DistanceMeters>
        </Trackpoint>
        <Trackpoint>
          <Time>2026-07-26T06:36:33Z</Time>
          <Position>
            <LatitudeDegrees>35.34557</LatitudeDegrees>
            <LongitudeDegrees>-105.93917</LongitudeDegrees>
          </Position>
          <AltitudeMeters>1862.1</AltitudeMeters>
          <DistanceMeters>129773.4</DistanceMeters>
        </Trackpoint>
        <Trackpoint>
          <Time>2026-07-26T06:36:43Z</Time>
          <Position>
            <LatitudeDegrees>35.34641</LatitudeDegrees>
            <LongitudeDegrees>-105.93952</LongitudeDegrees>
          </Position>
          <AltitudeMeters>1858.3</AltitudeMeters>
          <DistanceMeters>129872.1</DistanceMeters>
        </Trackpoint>
        <Trackpoint>
          <Time>2026-07-26T06:36:53Z</Time>
          <Position>
            <LatitudeDegrees>35.34724</LatitudeDegrees>
            <LongitudeDegrees>-105.93987</LongitudeDegrees>
          </Position>
          <AltitudeMeters>1853.9</AltitudeMeters>
          <DistanceMeters>129969.8</DistanceMeters>
        </Trackpoint>
        <Trackpoint>
          <Time>2026-07-26T06:37:03Z</Time>
          <Position>
            <LatitudeDegrees>35.34807</LatitudeDegrees>
            <LongitudeDegrees>-105.94022</LongitudeDegrees>
          </Position>
          <AltitudeMeters>1852.4</AltitudeMeters>
          <DistanceMeters>130067.5</DistanceMeters>
        </Trackpoint>
        <Trackpoint>
          <Time>2026-07-26T06:37:13Z</Time>
          <Position>
            <LatitudeDegrees>35.3489</LatitudeDegrees>
            <LongitudeDegrees>-105.94056</LongitudeDegrees>
          </Position>
          <AltitudeMeters>1848.6</AltitudeMeters>
          <DistanceMeters>130165.0</DistanceMeters>
        </Trackpoint>
        <Trackpoint>
          <Time>2026-07-26T06:37:23Z</Time>
          <Position>
            <LatitudeDegrees>35.34974</LatitudeDegrees>
            <LongitudeDegrees>-105.94091</LongitudeDegrees>
          </Position>
          <AltitudeMeters>1844.8</AltitudeMeters>
          <DistanceMeters>130263.7</DistanceMeters>
        </Trackpoint>
        <Trackpoint>
          <Time>2026-07-26T06:37:33Z</Time>
          <Position>
            <LatitudeDegrees>35.35025</LatitudeDegrees>
            <LongitudeDegrees>-105.9411</LongitudeDegrees>
          </Position>
          <AltitudeMeters>1842.8</AltitudeMeters>
          <DistanceMeters>130323.1</DistanceMeters>
        </Trackpoint>
        <Trackpoint>
          <Time>2026-07-26T06:37:43Z</Time>
          <Position>
            <LatitudeDegrees>35.3509</LatitudeDegrees>
            <LongitudeDegrees>-105.94127</LongitudeDegrees>
          </Position>
          <AltitudeMeters>1841.2</AltitudeMeters>
          <DistanceMeters>130397.0</DistanceMeters>
        </Trackpoint>
        <Trackpoint>
          <Time>2026-07-26T06:37:53Z</Time>
          <Position>
            <LatitudeDegrees>35.35137</LatitudeDegrees>
            <LongitudeDegrees>-105.94133</LongitudeDegrees>
          </Position>
          <AltitudeMeters>1839.9</AltitudeMeters>
          <DistanceMeters>130449.6</DistanceMeters>
        </Trackpoint>
        <Trackpoint>
          <Time>2026-07-26T06:38:03Z</Time>
          <Position>
            <LatitudeDegrees>35.35184</LatitudeDegrees>
            <LongitudeDegrees>-105.9414</LongitudeDegrees>
          </Position>
          <AltitudeMeters>1838.6</AltitudeMeters>
          <DistanceMeters>130502.3</DistanceMeters>
        </Trackpoint>
        <Trackpoint>
          <Time>2026-07-26T06:38:13Z</Time>
          <Position>
            <LatitudeDegrees>35.3523</LatitudeDegrees>
            <LongitudeDegrees>-105.9414</LongitudeDegrees>
          </Position>
          <AltitudeMeters>1837.6</AltitudeMeters>
          <DistanceMeters>130553.6</DistanceMeters>
        </Trackpoint>
        <Trackpoint>
          <Time>2026-07-26T06:38:23Z</Time>
          <Position>
            <LatitudeDegrees>35.35276</LatitudeDegrees>
            <LongitudeDegrees>-105.9414</LongitudeDegrees>
          </Position>
          <AltitudeMeters>1837.5</AltitudeMeters>
          <DistanceMeters>130604.8</DistanceMeters>
        </Trackpoint>
        <Trackpoint>
          <Time>2026-07-26T06:38:33Z</Time>
          <Position>
            <LatitudeDegrees>35.35308</LatitudeDegrees>
            <LongitudeDegrees>-105.94137</LongitudeDegrees>
          </Position>
          <AltitudeMeters>1837.3</AltitudeMeters>
          <DistanceMeters>130640.5</DistanceMeters>
        </Trackpoint>
        <Trackpoint>
          <Time>2026-07-26T06:38:43Z</Time>
          <Position>
            <LatitudeDegrees>35.35385</LatitudeDegrees>
            <LongitudeDegrees>-105.94123</LongitudeDegrees>
          </Position>
          <AltitudeMeters>1835.9</AltitudeMeters>
          <DistanceMeters>130727.1</DistanceMeters>
        </Trackpoint>
        <Trackpoint>
          <Time>2026-07-26T06:38:53Z</Time>
          <Position>
            <LatitudeDegrees>35.35458</LatitudeDegrees>
            <LongitudeDegrees>-105.941</LongitudeDegrees>
          </Position>
          <AltitudeMeters>1835.9</AltitudeMeters>
          <DistanceMeters>130811.0</DistanceMeters>
        </Trackpoint>
        <Trackpoint>
          <Time>2026-07-26T06:39:03Z</Time>
          <Position>
            <LatitudeDegrees>35.35503</LatitudeDegrees>
            <LongitudeDegrees>-105.94081</LongitudeDegrees>
          </Position>
          <AltitudeMeters>1835.9</AltitudeMeters>
          <DistanceMeters>130864.0</DistanceMeters>
        </Trackpoint>
        <Trackpoint>
          <Time>2026-07-26T06:39:13Z</Time>
          <Position>
            <LatitudeDegrees>35.3556</LatitudeDegrees>
            <LongitudeDegrees>-105.94052</LongitudeDegrees>
          </Position>
          <AltitudeMeters>1835.8</AltitudeMeters>
          <DistanceMeters>130932.7</DistanceMeters>
        </Trackpoint>
        <Trackpoint>
          <Time>2026-07-26T06:39:23Z</Time>
          <Position>
            <LatitudeDegrees>35.35616</LatitudeDegrees>
            <LongitudeDegrees>-105.94022</LongitudeDegrees>
          </Position>
          <AltitudeMeters>1835.6</AltitudeMeters>
          <DistanceMeters>131000.8</DistanceMeters>
        </Trackpoint>
        <Trackpoint>
          <Time>2026-07-26T06:39:33Z</Time>
          <Position>
            <LatitudeDegrees>35.35667</LatitudeDegrees>
            <LongitudeDegrees>-105.93995</LongitudeDegrees>
          </Position>
          <AltitudeMeters>1835.5</AltitudeMeters>
          <DistanceMeters>131062.6</DistanceMeters>
        </Trackpoint>
        <Trackpoint>
          <Time>2026-07-26T06:39:43Z</Time>
          <Position>
            <LatitudeDegrees>35.35745</LatitudeDegrees>
            <LongitudeDegrees>-105.93952</LongitudeDegrees>
          </Position>
          <AltitudeMeters>1835.4</AltitudeMeters>
          <DistanceMeters>131157.8</DistanceMeters>
        </Trackpoint>
        <Trackpoint>
          <Time>2026-07-26T06:39:53Z</Time>
          <Position>
            <LatitudeDegrees>35.35806</LatitudeDegrees>
            <LongitudeDegrees>-105.93922</LongitudeDegrees>
          </Position>
          <AltitudeMeters>1837.5</AltitudeMeters>
          <DistanceMeters>131231.0</DistanceMeters>
        </Trackpoint>
        <Trackpoint>
          <Time>2026-07-26T06:40:03Z</Time>
          <Position>
            <LatitudeDegrees>35.35873</LatitudeDegrees>
            <LongitudeDegrees>-105.93896</LongitudeDegrees>
          </Position>
          <AltitudeMeters>1840.9</AltitudeMeters>
          <DistanceMeters>131309.2</DistanceMeters>
        </Trackpoint>
        <Trackpoint>
          <Time>2026-07-26T06:40:13Z</Time>
          <Position>
            <LatitudeDegrees>35.35932</LatitudeDegrees>
            <LongitudeDegrees>-105.93886</LongitudeDegrees>
          </Position>
          <AltitudeMeters>1844.9</AltitudeMeters>
          <DistanceMeters>131375.5</DistanceMeters>
        </Trackpoint>
        <Trackpoint>
          <Time>2026-07-26T06:40:23Z</Time>
          <Position>
            <LatitudeDegrees>35.35969</LatitudeDegrees>
            <LongitudeDegrees>-105.93883</LongitudeDegrees>
          </Position>
          <AltitudeMeters>1847.6</AltitudeMeters>
          <DistanceMeters>131416.8</DistanceMeters>
        </Trackpoint>
        <Trackpoint>
          <Time>2026-07-26T06:40:33Z</Time>
          <Position>
            <LatitudeDegrees>35.36035</LatitudeDegrees>
            <LongitudeDegrees>-105.93882</LongitudeDegrees>
          </Position>
          <AltitudeMeters>1850.5</AltitudeMeters>
          <DistanceMeters>131490.2</DistanceMeters>
        </Trackpoint>
        <Trackpoint>
          <Time>2026-07-26T06:40:43Z</Time>
          <Position>
            <LatitudeDegrees>35.36102</LatitudeDegrees>
            <LongitudeDegrees>-105.93881</LongitudeDegrees>
          </Position>
          <AltitudeMeters>1853.9</AltitudeMeters>
          <DistanceMeters>131564.8</DistanceMeters>
        </Trackpoint>
        <Trackpoint>
          <Time>2026-07-26T06:40:53Z</Time>
          <Position>
            <LatitudeDegrees>35.36169</LatitudeDegrees>
            <LongitudeDegrees>-105.9388</LongitudeDegrees>
          </Position>
          <AltitudeMeters>1854.6</AltitudeMeters>
          <DistanceMeters>131639.4</DistanceMeters>
        </Trackpoint>
        <Trackpoint>
          <Time>2026-07-26T06:41:03Z</Time>
          <Position>
            <LatitudeDegrees>35.36245</LatitudeDegrees>
            <LongitudeDegrees>-105.9388</LongitudeDegrees>
          </Position>
          <AltitudeMeters>1853.4</AltitudeMeters>
          <DistanceMeters>131724.0</DistanceMeters>
        </Trackpoint>
        <Trackpoint>
          <Time>2026-07-26T06:41:13Z</Time>
          <Position>
            <LatitudeDegrees>35.36322</LatitudeDegrees>
            <LongitudeDegrees>-105.93879</LongitudeDegrees>
          </Position>
          <AltitudeMeters>1853.0</AltitudeMeters>
          <DistanceMeters>131809.7</DistanceMeters>
        </Trackpoint>
        <Trackpoint>
          <Time>2026-07-26T06:41:23Z</Time>
          <Position>
            <LatitudeDegrees>35.36398</LatitudeDegrees>
            <LongitudeDegrees>-105.93879</LongitudeDegrees>
          </Position>
          <AltitudeMeters>1853.9</AltitudeMeters>
          <DistanceMeters>131894.3</DistanceMeters>
        </Trackpoint>
        <Trackpoint>
          <Time>2026-07-26T06:41:33Z</Time>
          <Position>
            <LatitudeDegrees>35.36463</LatitudeDegrees>
            <LongitudeDegrees>-105.93887</LongitudeDegrees>
          </Position>
          <AltitudeMeters>1852.4</AltitudeMeters>
          <DistanceMeters>131967.1</DistanceMeters>
        </Trackpoint>
        <Trackpoint>
          <Time>2026-07-26T06:41:43Z</Time>
          <Position>
            <LatitudeDegrees>35.36548</LatitudeDegrees>
            <LongitudeDegrees>-105.93904</LongitudeDegrees>
          </Position>
          <AltitudeMeters>1848.7</AltitudeMeters>
          <DistanceMeters>132062.9</DistanceMeters>
        </Trackpoint>
        <Trackpoint>
          <Time>2026-07-26T06:41:53Z</Time>
          <Position>
            <LatitudeDegrees>35.36633</LatitudeDegrees>
            <LongitudeDegrees>-105.93921</LongitudeDegrees>
          </Position>
          <AltitudeMeters>1846.6</AltitudeMeters>
          <DistanceMeters>132158.8</DistanceMeters>
        </Trackpoint>
        <Trackpoint>
          <Time>2026-07-26T06:42:03Z</Time>
          <Position>
            <LatitudeDegrees>35.36717</LatitudeDegrees>
            <LongitudeDegrees>-105.93938</LongitudeDegrees>
          </Position>
          <AltitudeMeters>1845.0</AltitudeMeters>
          <DistanceMeters>132253.6</DistanceMeters>
        </Trackpoint>
        <Trackpoint>
          <Time>2026-07-26T06:42:13Z</Time>
          <Position>
            <LatitudeDegrees>35.36802</LatitudeDegrees>
            <LongitudeDegrees>-105.93955</LongitudeDegrees>
          </Position>
          <AltitudeMeters>1843.7</AltitudeMeters>
          <DistanceMeters>132349.5</DistanceMeters>
        </Trackpoint>
        <Trackpoint>
          <Time>2026-07-26T06:42:23Z</Time>
          <Position>
            <LatitudeDegrees>35.36887</LatitudeDegrees>
            <LongitudeDegrees>-105.93972</LongitudeDegrees>
          </Position>
          <AltitudeMeters>1844.4</AltitudeMeters>
          <DistanceMeters>132445.3</DistanceMeters>
        </Trackpoint>
        <Trackpoint>
          <Time>2026-07-26T06:42:33Z</Time>
          <Position>
            <LatitudeDegrees>35.36971</LatitudeDegrees>
            <LongitudeDegrees>-105.93989</LongitudeDegrees>
          </Position>
          <AltitudeMeters>1846.3</AltitudeMeters>
          <DistanceMeters>132540.1</DistanceMeters>
        </Trackpoint>
        <Trackpoint>
          <Time>2026-07-26T06:42:43Z</Time>
          <Position>
            <LatitudeDegrees>35.37056</LatitudeDegrees>
            <LongitudeDegrees>-105.94005</LongitudeDegrees>
          </Position>
          <AltitudeMeters>1847.6</AltitudeMeters>
          <DistanceMeters>132635.8</DistanceMeters>
        </Trackpoint>
        <Trackpoint>
          <Time>2026-07-26T06:42:53Z</Time>
          <Position>
            <LatitudeDegrees>35.3714</LatitudeDegrees>
            <LongitudeDegrees>-105.94022</LongitudeDegrees>
          </Position>
          <AltitudeMeters>1846.9</AltitudeMeters>
          <DistanceMeters>132730.6</DistanceMeters>
        </Trackpoint>
        <Trackpoint>
          <Time>2026-07-26T06:43:03Z</Time>
          <Position>
            <LatitudeDegrees>35.37225</LatitudeDegrees>
            <LongitudeDegrees>-105.94039</LongitudeDegrees>
          </Position>
          <AltitudeMeters>1845.7</AltitudeMeters>
          <DistanceMeters>132826.5</DistanceMeters>
        </Trackpoint>
        <Trackpoint>
          <Time>2026-07-26T06:43:13Z</Time>
          <Position>
            <LatitudeDegrees>35.3731</LatitudeDegrees>
            <LongitudeDegrees>-105.94056</LongitudeDegrees>
          </Position>
          <AltitudeMeters>1844.2</AltitudeMeters>
          <DistanceMeters>132922.3</DistanceMeters>
        </Trackpoint>
        <Trackpoint>
          <Time>2026-07-26T06:43:23Z</Time>
          <Position>
            <LatitudeDegrees>35.37394</LatitudeDegrees>
            <LongitudeDegrees>-105.94073</LongitudeDegrees>
          </Position>
          <AltitudeMeters>1841.7</AltitudeMeters>
          <DistanceMeters>133017.1</DistanceMeters>
        </Trackpoint>
        <Trackpoint>
          <Time>2026-07-26T06:43:33Z</Time>
          <Position>
            <LatitudeDegrees>35.37479</LatitudeDegrees>
            <LongitudeDegrees>-105.9409</LongitudeDegrees>
          </Position>
          <AltitudeMeters>1840.1</AltitudeMeters>
          <DistanceMeters>133113.0</DistanceMeters>
        </Trackpoint>
        <Trackpoint>
          <Time>2026-07-26T06:43:43Z</Time>
          <Position>
            <LatitudeDegrees>35.37564</LatitudeDegrees>
            <LongitudeDegrees>-105.94106</LongitudeDegrees>
          </Position>
          <AltitudeMeters>1839.4</AltitudeMeters>
          <DistanceMeters>133208.7</DistanceMeters>
        </Trackpoint>
        <Trackpoint>
          <Time>2026-07-26T06:43:53Z</Time>
          <Position>
            <LatitudeDegrees>35.37648</LatitudeDegrees>
            <LongitudeDegrees>-105.94123</LongitudeDegrees>
          </Position>
          <AltitudeMeters>1837.6</AltitudeMeters>
          <DistanceMeters>133303.5</DistanceMeters>
        </Trackpoint>
        <Trackpoint>
          <Time>2026-07-26T06:44:03Z</Time>
          <Position>
            <LatitudeDegrees>35.37733</LatitudeDegrees>
            <LongitudeDegrees>-105.9414</LongitudeDegrees>
          </Position>
          <AltitudeMeters>1838.2</AltitudeMeters>
          <DistanceMeters>133399.4</DistanceMeters>
        </Trackpoint>
        <Trackpoint>
          <Time>2026-07-26T06:44:13Z</Time>
          <Position>
            <LatitudeDegrees>35.37794</LatitudeDegrees>
            <LongitudeDegrees>-105.94151</LongitudeDegrees>
          </Position>
          <AltitudeMeters>1838.4</AltitudeMeters>
          <DistanceMeters>133468.0</DistanceMeters>
        </Trackpoint>
        <Trackpoint>
          <Time>2026-07-26T06:44:23Z</Time>
          <Position>
            <LatitudeDegrees>35.37856</LatitudeDegrees>
            <LongitudeDegrees>-105.94162</LongitudeDegrees>
          </Position>
          <AltitudeMeters>1838.9</AltitudeMeters>
          <DistanceMeters>133537.7</DistanceMeters>
        </Trackpoint>
        <Trackpoint>
          <Time>2026-07-26T06:44:33Z</Time>
          <Position>
            <LatitudeDegrees>35.37922</LatitudeDegrees>
            <LongitudeDegrees>-105.94169</LongitudeDegrees>
          </Position>
          <AltitudeMeters>1839.5</AltitudeMeters>
          <DistanceMeters>133611.5</DistanceMeters>
        </Trackpoint>
        <Trackpoint>
          <Time>2026-07-26T06:44:43Z</Time>
          <Position>
            <LatitudeDegrees>35.37988</LatitudeDegrees>
            <LongitudeDegrees>-105.94176</LongitudeDegrees>
          </Position>
          <AltitudeMeters>1840.0</AltitudeMeters>
          <DistanceMeters>133685.2</DistanceMeters>
        </Trackpoint>
        <Trackpoint>
          <Time>2026-07-26T06:44:53Z</Time>
          <Position>
            <LatitudeDegrees>35.38054</LatitudeDegrees>
            <LongitudeDegrees>-105.94183</LongitudeDegrees>
          </Position>
          <AltitudeMeters>1840.5</AltitudeMeters>
          <DistanceMeters>133759.0</DistanceMeters>
        </Trackpoint>
        <Trackpoint>
          <Time>2026-07-26T06:45:03Z</Time>
          <Position>
            <LatitudeDegrees>35.38126</LatitudeDegrees>
            <LongitudeDegrees>-105.94193</LongitudeDegrees>
          </Position>
          <AltitudeMeters>1840.5</AltitudeMeters>
          <DistanceMeters>133839.6</DistanceMeters>
        </Trackpoint>
        <Trackpoint>
          <Time>2026-07-26T06:45:13Z</Time>
          <Position>
            <LatitudeDegrees>35.38197</LatitudeDegrees>
            <LongitudeDegrees>-105.94203</LongitudeDegrees>
          </Position>
          <AltitudeMeters>1838.8</AltitudeMeters>
          <DistanceMeters>133919.2</DistanceMeters>
        </Trackpoint>
        <Trackpoint>
          <Time>2026-07-26T06:45:23Z</Time>
          <Position>
            <LatitudeDegrees>35.38269</LatitudeDegrees>
            <LongitudeDegrees>-105.94213</LongitudeDegrees>
          </Position>
          <AltitudeMeters>1837.2</AltitudeMeters>
          <DistanceMeters>133999.8</DistanceMeters>
        </Trackpoint>
        <Trackpoint>
          <Time>2026-07-26T06:45:33Z</Time>
          <Position>
            <LatitudeDegrees>35.3834</LatitudeDegrees>
            <LongitudeDegrees>-105.94223</LongitudeDegrees>
          </Position>
          <AltitudeMeters>1836.2</AltitudeMeters>
          <DistanceMeters>134079.4</DistanceMeters>
        </Trackpoint>
        <Trackpoint>
          <Time>2026-07-26T06:45:43Z</Time>
          <Position>
            <LatitudeDegrees>35.38412</LatitudeDegrees>
            <LongitudeDegrees>-105.94233</LongitudeDegrees>
          </Position>
          <AltitudeMeters>1835.9</AltitudeMeters>
          <DistanceMeters>134160.1</DistanceMeters>
        </Trackpoint>
        <Trackpoint>
          <Time>2026-07-26T06:45:53Z</Time>
          <Position>
            <LatitudeDegrees>35.38493</LatitudeDegrees>
            <LongitudeDegrees>-105.94246</LongitudeDegrees>
          </Position>
          <AltitudeMeters>1832.3</AltitudeMeters>
          <DistanceMeters>134251.0</DistanceMeters>
        </Trackpoint>
        <Trackpoint>
          <Time>2026-07-26T06:46:03Z</Time>
          <Position>
            <LatitudeDegrees>35.38575</LatitudeDegrees>
            <LongitudeDegrees>-105.94259</LongitudeDegrees>
          </Position>
          <AltitudeMeters>1833.5</AltitudeMeters>
          <DistanceMeters>134343.0</DistanceMeters>
        </Trackpoint>
        <Trackpoint>
          <Time>2026-07-26T06:46:13Z</Time>
          <Position>
            <LatitudeDegrees>35.38633</LatitudeDegrees>
            <LongitudeDegrees>-105.94267</LongitudeDegrees>
          </Position>
          <AltitudeMeters>1834.4</AltitudeMeters>
          <DistanceMeters>134408.0</DistanceMeters>
        </Trackpoint>
        <Trackpoint>
          <Time>2026-07-26T06:46:23Z</Time>
          <Position>
            <LatitudeDegrees>35.38685</LatitudeDegrees>
            <LongitudeDegrees>-105.94275</LongitudeDegrees>
          </Position>
          <AltitudeMeters>1835.3</AltitudeMeters>
          <DistanceMeters>134466.3</DistanceMeters>
        </Trackpoint>
        <Trackpoint>
          <Time>2026-07-26T06:46:33Z</Time>
          <Position>
            <LatitudeDegrees>35.38737</LatitudeDegrees>
            <LongitudeDegrees>-105.94282</LongitudeDegrees>
          </Position>
          <AltitudeMeters>1836.2</AltitudeMeters>
          <DistanceMeters>134524.6</DistanceMeters>
        </Trackpoint>
        <Trackpoint>
          <Time>2026-07-26T06:46:43Z</Time>
          <Position>
            <LatitudeDegrees>35.38773</LatitudeDegrees>
            <LongitudeDegrees>-105.94291</LongitudeDegrees>
          </Position>
          <AltitudeMeters>1837.6</AltitudeMeters>
          <DistanceMeters>134565.5</DistanceMeters>
        </Trackpoint>
        <Trackpoint>
          <Time>2026-07-26T06:46:53Z</Time>
          <Position>
            <LatitudeDegrees>35.38813</LatitudeDegrees>
            <LongitudeDegrees>-105.94305</LongitudeDegrees>
          </Position>
          <AltitudeMeters>1839.8</AltitudeMeters>
          <DistanceMeters>134611.8</DistanceMeters>
        </Trackpoint>
        <Trackpoint>
          <Time>2026-07-26T06:47:03Z</Time>
          <Position>
            <LatitudeDegrees>35.38855</LatitudeDegrees>
            <LongitudeDegrees>-105.94315</LongitudeDegrees>
          </Position>
          <AltitudeMeters>1841.1</AltitudeMeters>
          <DistanceMeters>134659.4</DistanceMeters>
        </Trackpoint>
        <Trackpoint>
          <Time>2026-07-26T06:47:13Z</Time>
          <Position>
            <LatitudeDegrees>35.38907</LatitudeDegrees>
            <LongitudeDegrees>-105.94344</LongitudeDegrees>
          </Position>
          <AltitudeMeters>1841.5</AltitudeMeters>
          <DistanceMeters>134723.0</DistanceMeters>
        </Trackpoint>
        <Trackpoint>
          <Time>2026-07-26T06:47:23Z</Time>
          <Position>
            <LatitudeDegrees>35.38925</LatitudeDegrees>
            <LongitudeDegrees>-105.94351</LongitudeDegrees>
          </Position>
          <AltitudeMeters>1841.3</AltitudeMeters>
          <DistanceMeters>134744.0</DistanceMeters>
        </Trackpoint>
        <Trackpoint>
          <Time>2026-07-26T06:47:33Z</Time>
          <Position>
            <LatitudeDegrees>35.38981</LatitudeDegrees>
            <LongitudeDegrees>-105.94384</LongitudeDegrees>
          </Position>
          <AltitudeMeters>1840.7</AltitudeMeters>
          <DistanceMeters>134813.2</DistanceMeters>
        </Trackpoint>
        <Trackpoint>
          <Time>2026-07-26T06:47:43Z</Time>
          <Position>
            <LatitudeDegrees>35.39061</LatitudeDegrees>
            <LongitudeDegrees>-105.94435</LongitudeDegrees>
          </Position>
          <AltitudeMeters>1838.4</AltitudeMeters>
          <DistanceMeters>134913.5</DistanceMeters>
        </Trackpoint>
        <Trackpoint>
          <Time>2026-07-26T06:47:53Z</Time>
          <Position>
            <LatitudeDegrees>35.3908</LatitudeDegrees>
            <LongitudeDegrees>-105.94453</LongitudeDegrees>
          </Position>
          <AltitudeMeters>1837.2</AltitudeMeters>
          <DistanceMeters>134940.3</DistanceMeters>
        </Trackpoint>
        <Trackpoint>
          <Time>2026-07-26T06:48:03Z</Time>
          <Position>
            <LatitudeDegrees>35.39107</LatitudeDegrees>
            <LongitudeDegrees>-105.94473</LongitudeDegrees>
          </Position>
          <AltitudeMeters>1837.2</AltitudeMeters>
          <DistanceMeters>134975.4</DistanceMeters>
        </Trackpoint>
        <Trackpoint>
          <Time>2026-07-26T06:48:13Z</Time>
          <Position>
            <LatitudeDegrees>35.39178</LatitudeDegrees>
            <LongitudeDegrees>-105.94518</LongitudeDegrees>
          </Position>
          <AltitudeMeters>1837.3</AltitudeMeters>
          <DistanceMeters>135064.3</DistanceMeters>
        </Trackpoint>
        <Trackpoint>
          <Time>2026-07-26T06:48:23Z</Time>
          <Position>
            <LatitudeDegrees>35.3924</LatitudeDegrees>
            <LongitudeDegrees>-105.94557</LongitudeDegrees>
          </Position>
          <AltitudeMeters>1837.4</AltitudeMeters>
          <DistanceMeters>135141.9</DistanceMeters>
        </Trackpoint>
        <Trackpoint>
          <Time>2026-07-26T06:48:33Z</Time>
          <Position>
            <LatitudeDegrees>35.39302</LatitudeDegrees>
            <LongitudeDegrees>-105.94596</LongitudeDegrees>
          </Position>
          <AltitudeMeters>1839.3</AltitudeMeters>
          <DistanceMeters>135219.5</DistanceMeters>
        </Trackpoint>
        <Trackpoint>
          <Time>2026-07-26T06:48:43Z</Time>
          <Position>
            <LatitudeDegrees>35.39364</LatitudeDegrees>
            <LongitudeDegrees>-105.94636</LongitudeDegrees>
          </Position>
          <AltitudeMeters>1841.1</AltitudeMeters>
          <DistanceMeters>135297.4</DistanceMeters>
        </Trackpoint>
        <Trackpoint>
          <Time>2026-07-26T06:48:53Z</Time>
          <Position>
            <LatitudeDegrees>35.394</LatitudeDegrees>
            <LongitudeDegrees>-105.94654</LongitudeDegrees>
          </Position>
          <AltitudeMeters>1842.0</AltitudeMeters>
          <DistanceMeters>135340.7</DistanceMeters>
        </Trackpoint>
        <Trackpoint>
          <Time>2026-07-26T06:49:03Z</Time>
          <Position>
            <LatitudeDegrees>35.39453</LatitudeDegrees>
            <LongitudeDegrees>-105.94668</LongitudeDegrees>
          </Position>
          <AltitudeMeters>1842.9</AltitudeMeters>
          <DistanceMeters>135401.1</DistanceMeters>
        </Trackpoint>
        <Trackpoint>
          <Time>2026-07-26T06:49:13Z</Time>
          <Position>
            <LatitudeDegrees>35.39482</LatitudeDegrees>
            <LongitudeDegrees>-105.94672</LongitudeDegrees>
          </Position>
          <AltitudeMeters>1843.6</AltitudeMeters>
          <DistanceMeters>135433.6</DistanceMeters>
        </Trackpoint>
        <Trackpoint>
          <Time>2026-07-26T06:49:23Z</Time>
          <Position>
            <LatitudeDegrees>35.39523</LatitudeDegrees>
            <LongitudeDegrees>-105.94674</LongitudeDegrees>
          </Position>
          <AltitudeMeters>1844.5</AltitudeMeters>
          <DistanceMeters>135479.2</DistanceMeters>
        </Trackpoint>
        <Trackpoint>
          <Time>2026-07-26T06:49:33Z</Time>
          <Position>
            <LatitudeDegrees>35.39549</LatitudeDegrees>
            <LongitudeDegrees>-105.94673</LongitudeDegrees>
          </Position>
          <AltitudeMeters>1845.7</AltitudeMeters>
          <DistanceMeters>135508.2</DistanceMeters>
        </Trackpoint>
        <Trackpoint>
          <Time>2026-07-26T06:49:43Z</Time>
          <Position>
            <LatitudeDegrees>35.39623</LatitudeDegrees>
            <LongitudeDegrees>-105.94665</LongitudeDegrees>
          </Position>
          <AltitudeMeters>1846.6</AltitudeMeters>
          <DistanceMeters>135590.9</DistanceMeters>
        </Trackpoint>
        <Trackpoint>
          <Time>2026-07-26T06:49:53Z</Time>
          <Position>
            <LatitudeDegrees>35.39696</LatitudeDegrees>
            <LongitudeDegrees>-105.94657</LongitudeDegrees>
          </Position>
          <AltitudeMeters>1846.9</AltitudeMeters>
          <DistanceMeters>135672.5</DistanceMeters>
        </Trackpoint>
        <Trackpoint>
          <Time>2026-07-26T06:50:03Z</Time>
          <Position>
            <LatitudeDegrees>35.3977</LatitudeDegrees>
            <LongitudeDegrees>-105.94649</LongitudeDegrees>
          </Position>
          <AltitudeMeters>1848.9</AltitudeMeters>
          <DistanceMeters>135755.2</DistanceMeters>
        </Trackpoint>
        <Trackpoint>
          <Time>2026-07-26T06:50:13Z</Time>
          <Position>
            <LatitudeDegrees>35.39844</LatitudeDegrees>
            <LongitudeDegrees>-105.94641</LongitudeDegrees>
          </Position>
          <AltitudeMeters>1853.5</AltitudeMeters>
          <DistanceMeters>135837.9</DistanceMeters>
        </Trackpoint>
        <Trackpoint>
          <Time>2026-07-26T06:50:23Z</Time>
          <Position>
            <LatitudeDegrees>35.39918</LatitudeDegrees>
            <LongitudeDegrees>-105.94636</LongitudeDegrees>
          </Position>
          <AltitudeMeters>1853.6</AltitudeMeters>
          <DistanceMeters>135920.4</DistanceMeters>
        </Trackpoint>
        <Trackpoint>
          <Time>2026-07-26T06:50:33Z</Time>
          <Position>
            <LatitudeDegrees>35.40007</LatitudeDegrees>
            <LongitudeDegrees>-105.94638</LongitudeDegrees>
          </Position>
          <AltitudeMeters>1853.4</AltitudeMeters>
          <DistanceMeters>136019.5</DistanceMeters>
        </Trackpoint>
        <Trackpoint>
          <Time>2026-07-26T06:50:43Z</Time>
          <Position>
            <LatitudeDegrees>35.40041</LatitudeDegrees>
            <LongitudeDegrees>-105.94642</LongitudeDegrees>
          </Position>
          <AltitudeMeters>1853.4</AltitudeMeters>
          <DistanceMeters>136057.5</DistanceMeters>
        </Trackpoint>
        <Trackpoint>
          <Time>2026-07-26T06:50:53Z</Time>
          <Position>
            <LatitudeDegrees>35.40083</LatitudeDegrees>
            <LongitudeDegrees>-105.9465</LongitudeDegrees>
          </Position>
          <AltitudeMeters>1853.1</AltitudeMeters>
          <DistanceMeters>136104.8</DistanceMeters>
        </Trackpoint>
        <Trackpoint>
          <Time>2026-07-26T06:51:03Z</Time>
          <Position>
            <LatitudeDegrees>35.40162</LatitudeDegrees>
            <LongitudeDegrees>-105.94671</LongitudeDegrees>
          </Position>
          <AltitudeMeters>1852.5</AltitudeMeters>
          <DistanceMeters>136194.8</DistanceMeters>
        </Trackpoint>
        <Trackpoint>
          <Time>2026-07-26T06:51:13Z</Time>
          <Position>
            <LatitudeDegrees>35.4024</LatitudeDegrees>
            <LongitudeDegrees>-105.94691</LongitudeDegrees>
          </Position>
          <AltitudeMeters>1852.8</AltitudeMeters>
          <DistanceMeters>136283.5</DistanceMeters>
        </Trackpoint>
        <Trackpoint>
          <Time>2026-07-26T06:51:23Z</Time>
          <Position>
            <LatitudeDegrees>35.40319</LatitudeDegrees>
            <LongitudeDegrees>-105.94712</LongitudeDegrees>
          </Position>
          <AltitudeMeters>1856.0</AltitudeMeters>
          <DistanceMeters>136373.5</DistanceMeters>
        </Trackpoint>
        <Trackpoint>
          <Time>2026-07-26T06:51:33Z</Time>
          <Position>
            <LatitudeDegrees>35.40397</LatitudeDegrees>
            <LongitudeDegrees>-105.94732</LongitudeDegrees>
          </Position>
          <AltitudeMeters>1859.6</AltitudeMeters>
          <DistanceMeters>136462.2</DistanceMeters>
        </Trackpoint>
        <Trackpoint>
          <Time>2026-07-26T06:51:43Z</Time>
          <Position>
            <LatitudeDegrees>35.40476</LatitudeDegrees>
            <LongitudeDegrees>-105.94753</LongitudeDegrees>
          </Position>
          <AltitudeMeters>1858.8</AltitudeMeters>
          <DistanceMeters>136552.1</DistanceMeters>
        </Trackpoint>
        <Trackpoint>
          <Time>2026-07-26T06:51:53Z</Time>
          <Position>
            <LatitudeDegrees>35.40527</LatitudeDegrees>
            <LongitudeDegrees>-105.94763</LongitudeDegrees>
          </Position>
          <AltitudeMeters>1858.0</AltitudeMeters>
          <DistanceMeters>136609.6</DistanceMeters>
        </Trackpoint>
        <Trackpoint>
          <Time>2026-07-26T06:52:03Z</Time>
          <Position>
            <LatitudeDegrees>35.40565</LatitudeDegrees>
            <LongitudeDegrees>-105.94768</LongitudeDegrees>
          </Position>
          <AltitudeMeters>1856.3</AltitudeMeters>
          <DistanceMeters>136652.2</DistanceMeters>
        </Trackpoint>
        <Trackpoint>
          <Time>2026-07-26T06:52:13Z</Time>
          <Position>
            <LatitudeDegrees>35.40615</LatitudeDegrees>
            <LongitudeDegrees>-105.94771</LongitudeDegrees>
          </Position>
          <AltitudeMeters>1855.5</AltitudeMeters>
          <DistanceMeters>136707.9</DistanceMeters>
        </Trackpoint>
        <Trackpoint>
          <Time>2026-07-26T06:52:23Z</Time>
          <Position>
            <LatitudeDegrees>35.40671</LatitudeDegrees>
            <LongitudeDegrees>-105.94769</LongitudeDegrees>
          </Position>
          <AltitudeMeters>1856.0</AltitudeMeters>
          <DistanceMeters>136770.3</DistanceMeters>
        </Trackpoint>
        <Trackpoint>
          <Time>2026-07-26T06:52:33Z</Time>
          <Position>
            <LatitudeDegrees>35.40722</LatitudeDegrees>
            <LongitudeDegrees>-105.94765</LongitudeDegrees>
          </Position>
          <AltitudeMeters>1860.2</AltitudeMeters>
          <DistanceMeters>136827.2</DistanceMeters>
        </Trackpoint>
        <Trackpoint>
          <Time>2026-07-26T06:52:43Z</Time>
          <Position>
            <LatitudeDegrees>35.40773</LatitudeDegrees>
            <LongitudeDegrees>-105.9476</LongitudeDegrees>
          </Position>
          <AltitudeMeters>1860.5</AltitudeMeters>
          <DistanceMeters>136884.1</DistanceMeters>
        </Trackpoint>
        <Trackpoint>
          <Time>2026-07-26T06:52:53Z</Time>
          <Position>
            <LatitudeDegrees>35.40857</LatitudeDegrees>
            <LongitudeDegrees>-105.94752</LongitudeDegrees>
          </Position>
          <AltitudeMeters>1864.3</AltitudeMeters>
          <DistanceMeters>136977.9</DistanceMeters>
        </Trackpoint>
        <Trackpoint>
          <Time>2026-07-26T06:53:03Z</Time>
          <Position>
            <LatitudeDegrees>35.40942</LatitudeDegrees>
            <LongitudeDegrees>-105.94745</LongitudeDegrees>
          </Position>
          <AltitudeMeters>1865.2</AltitudeMeters>
          <DistanceMeters>137072.7</DistanceMeters>
        </Trackpoint>
        <Trackpoint>
          <Time>2026-07-26T06:53:13Z</Time>
          <Position>
            <LatitudeDegrees>35.41026</LatitudeDegrees>
            <LongitudeDegrees>-105.94737</LongitudeDegrees>
          </Position>
          <AltitudeMeters>1865.0</AltitudeMeters>
          <DistanceMeters>137166.5</DistanceMeters>
        </Trackpoint>
        <Trackpoint>
          <Time>2026-07-26T06:53:23Z</Time>
          <Position>
            <LatitudeDegrees>35.41111</LatitudeDegrees>
            <LongitudeDegrees>-105.94729</LongitudeDegrees>
          </Position>
          <AltitudeMeters>1863.4</AltitudeMeters>
          <DistanceMeters>137261.4</DistanceMeters>
        </Trackpoint>
        <Trackpoint>
          <Time>2026-07-26T06:53:33Z</Time>
          <Position>
            <LatitudeDegrees>35.41195</LatitudeDegrees>
            <LongitudeDegrees>-105.94722</LongitudeDegrees>
          </Position>
          <AltitudeMeters>1864.6</AltitudeMeters>
          <DistanceMeters>137355.2</DistanceMeters>
        </Trackpoint>
        <Trackpoint>
          <Time>2026-07-26T06:53:43Z</Time>
          <Position>
            <LatitudeDegrees>35.4128</LatitudeDegrees>
            <LongitudeDegrees>-105.94714</LongitudeDegrees>
          </Position>
          <AltitudeMeters>1867.4</AltitudeMeters>
          <DistanceMeters>137450.0</DistanceMeters>
        </Trackpoint>
        <Trackpoint>
          <Time>2026-07-26T06:53:53Z</Time>
          <Position>
            <LatitudeDegrees>35.41333</LatitudeDegrees>
            <LongitudeDegrees>-105.94706</LongitudeDegrees>
          </Position>
          <AltitudeMeters>1868.1</AltitudeMeters>
          <DistanceMeters>137509.5</DistanceMeters>
        </Trackpoint>
        <Trackpoint>
          <Time>2026-07-26T06:54:03Z</Time>
          <Position>
            <LatitudeDegrees>35.41365</LatitudeDegrees>
            <LongitudeDegrees>-105.947</LongitudeDegrees>
          </Position>
          <AltitudeMeters>1868.1</AltitudeMeters>
          <DistanceMeters>137545.5</DistanceMeters>
        </Trackpoint>
        <Trackpoint>
          <Time>2026-07-26T06:54:13Z</Time>
          <Position>
            <LatitudeDegrees>35.414</LatitudeDegrees>
            <LongitudeDegrees>-105.9469</LongitudeDegrees>
          </Position>
          <AltitudeMeters>1869.4</AltitudeMeters>
          <DistanceMeters>137585.5</DistanceMeters>
        </Trackpoint>
        <Trackpoint>
          <Time>2026-07-26T06:54:23Z</Time>
          <Position>
            <LatitudeDegrees>35.41466</LatitudeDegrees>
            <LongitudeDegrees>-105.94662</LongitudeDegrees>
          </Position>
          <AltitudeMeters>1871.0</AltitudeMeters>
          <DistanceMeters>137663.3</DistanceMeters>
        </Trackpoint>
        <Trackpoint>
          <Time>2026-07-26T06:54:33Z</Time>
          <Position>
            <LatitudeDegrees>35.41503</LatitudeDegrees>
            <LongitudeDegrees>-105.94641</LongitudeDegrees>
          </Position>
          <AltitudeMeters>1871.2</AltitudeMeters>
          <DistanceMeters>137708.7</DistanceMeters>
        </Trackpoint>
        <Trackpoint>
          <Time>2026-07-26T06:54:43Z</Time>
          <Position>
            <LatitudeDegrees>35.41536</LatitudeDegrees>
            <LongitudeDegrees>-105.94619</LongitudeDegrees>
          </Position>
          <AltitudeMeters>1871.5</AltitudeMeters>
          <DistanceMeters>137750.5</DistanceMeters>
        </Trackpoint>
        <Trackpoint>
          <Time>2026-07-26T06:54:53Z</Time>
          <Position>
            <LatitudeDegrees>35.41565</LatitudeDegrees>
            <LongitudeDegrees>-105.94595</LongitudeDegrees>
          </Position>
          <AltitudeMeters>1872.6</AltitudeMeters>
          <DistanceMeters>137789.4</DistanceMeters>
        </Trackpoint>
        <Trackpoint>
          <Time>2026-07-26T06:55:03Z</Time>
          <Position>
            <LatitudeDegrees>35.41597</LatitudeDegrees>
            <LongitudeDegrees>-105.94565</LongitudeDegrees>
          </Position>
          <AltitudeMeters>1874.8</AltitudeMeters>
          <DistanceMeters>137834.2</DistanceMeters>
        </Trackpoint>
        <Trackpoint>
          <Time>2026-07-26T06:55:13Z</Time>
          <Position>
            <LatitudeDegrees>35.41641</LatitudeDegrees>
            <LongitudeDegrees>-105.94517</LongitudeDegrees>
          </Position>
          <AltitudeMeters>1877.4</AltitudeMeters>
          <DistanceMeters>137899.8</DistanceMeters>
        </Trackpoint>
        <Trackpoint>
          <Time>2026-07-26T06:55:23Z</Time>
          <Position>
            <LatitudeDegrees>35.41685</LatitudeDegrees>
            <LongitudeDegrees>-105.94469</LongitudeDegrees>
          </Position>
          <AltitudeMeters>1879.3</AltitudeMeters>
          <DistanceMeters>137965.3</DistanceMeters>
        </Trackpoint>
        <Trackpoint>
          <Time>2026-07-26T06:55:33Z</Time>
          <Position>
            <LatitudeDegrees>35.41748</LatitudeDegrees>
            <LongitudeDegrees>-105.94397</LongitudeDegrees>
          </Position>
          <AltitudeMeters>1879.4</AltitudeMeters>
          <DistanceMeters>138061.1</DistanceMeters>
        </Trackpoint>
        <Trackpoint>
          <Time>2026-07-26T06:55:43Z</Time>
          <Position>
            <LatitudeDegrees>35.41811</LatitudeDegrees>
            <LongitudeDegrees>-105.94326</LongitudeDegrees>
          </Position>
          <AltitudeMeters>1881.4</AltitudeMeters>
          <DistanceMeters>138156.4</DistanceMeters>
        </Trackpoint>
        <Trackpoint>
          <Time>2026-07-26T06:55:53Z</Time>
          <Position>
            <LatitudeDegrees>35.41874</LatitudeDegrees>
            <LongitudeDegrees>-105.94255</LongitudeDegrees>
          </Position>
          <AltitudeMeters>1883.2</AltitudeMeters>
          <DistanceMeters>138251.6</DistanceMeters>
        </Trackpoint>
        <Trackpoint>
          <Time>2026-07-26T06:56:03Z</Time>
          <Position>
            <LatitudeDegrees>35.41937</LatitudeDegrees>
            <LongitudeDegrees>-105.94183</LongitudeDegrees>
          </Position>
          <AltitudeMeters>1884.0</AltitudeMeters>
          <DistanceMeters>138347.4</DistanceMeters>
        </Trackpoint>
        <Trackpoint>
          <Time>2026-07-26T06:56:13Z</Time>
          <Position>
            <LatitudeDegrees>35.42</LatitudeDegrees>
            <LongitudeDegrees>-105.94112</LongitudeDegrees>
          </Position>
          <AltitudeMeters>1885.3</AltitudeMeters>
          <DistanceMeters>138442.6</DistanceMeters>
        </Trackpoint>
        <Trackpoint>
          <Time>2026-07-26T06:56:23Z</Time>
          <Position>
            <LatitudeDegrees>35.42063</LatitudeDegrees>
            <LongitudeDegrees>-105.94041</LongitudeDegrees>
          </Position>
          <AltitudeMeters>1887.4</AltitudeMeters>
          <DistanceMeters>138537.9</DistanceMeters>
        </Trackpoint>
        <Trackpoint>
          <Time>2026-07-26T06:56:33Z</Time>
          <Position>
            <LatitudeDegrees>35.42126</LatitudeDegrees>
            <LongitudeDegrees>-105.93969</LongitudeDegrees>
          </Position>
          <AltitudeMeters>1888.2</AltitudeMeters>
          <DistanceMeters>138633.7</DistanceMeters>
        </Trackpoint>
        <Trackpoint>
          <Time>2026-07-26T06:56:43Z</Time>
          <Position>
            <LatitudeDegrees>35.42188</LatitudeDegrees>
            <LongitudeDegrees>-105.93898</LongitudeDegrees>
          </Position>
          <AltitudeMeters>1890.0</AltitudeMeters>
          <DistanceMeters>138728.1</DistanceMeters>
        </Trackpoint>
        <Trackpoint>
          <Time>2026-07-26T06:56:53Z</Time>
          <Position>
            <LatitudeDegrees>35.42251</LatitudeDegrees>
            <LongitudeDegrees>-105.93827</LongitudeDegrees>
          </Position>
          <AltitudeMeters>1890.7</AltitudeMeters>
          <DistanceMeters>138823.3</DistanceMeters>
        </Trackpoint>
        <Trackpoint>
          <Time>2026-07-26T06:57:03Z</Time>
          <Position>
            <LatitudeDegrees>35.42314</LatitudeDegrees>
            <LongitudeDegrees>-105.93755</LongitudeDegrees>
          </Position>
          <AltitudeMeters>1891.4</AltitudeMeters>
          <DistanceMeters>138919.1</DistanceMeters>
        </Trackpoint>
        <Trackpoint>
          <Time>2026-07-26T06:57:13Z</Time>
          <Position>
            <LatitudeDegrees>35.42377</LatitudeDegrees>
            <LongitudeDegrees>-105.93684</LongitudeDegrees>
          </Position>
          <AltitudeMeters>1892.6</AltitudeMeters>
          <DistanceMeters>139014.4</DistanceMeters>
        </Trackpoint>
        <Trackpoint>
          <Time>2026-07-26T06:57:23Z</Time>
          <Position>
            <LatitudeDegrees>35.4244</LatitudeDegrees>
            <LongitudeDegrees>-105.93613</LongitudeDegrees>
          </Position>
          <AltitudeMeters>1892.4</AltitudeMeters>
          <DistanceMeters>139109.6</DistanceMeters>
        </Trackpoint>
        <Trackpoint>
          <Time>2026-07-26T06:57:33Z</Time>
          <Position>
            <LatitudeDegrees>35.42505</LatitudeDegrees>
            <LongitudeDegrees>-105.9354</LongitudeDegrees>
          </Position>
          <AltitudeMeters>1890.8</AltitudeMeters>
          <DistanceMeters>139207.7</DistanceMeters>
        </Trackpoint>
        <Trackpoint>
          <Time>2026-07-26T06:57:43Z</Time>
          <Position>
            <LatitudeDegrees>35.42569</LatitudeDegrees>
            <LongitudeDegrees>-105.93468</LongitudeDegrees>
          </Position>
          <AltitudeMeters>1890.8</AltitudeMeters>
          <DistanceMeters>139304.3</DistanceMeters>
        </Trackpoint>
        <Trackpoint>
          <Time>2026-07-26T06:57:53Z</Time>
          <Position>
            <LatitudeDegrees>35.42634</LatitudeDegrees>
            <LongitudeDegrees>-105.93395</LongitudeDegrees>
          </Position>
          <AltitudeMeters>1893.1</AltitudeMeters>
          <DistanceMeters>139402.4</DistanceMeters>
        </Trackpoint>
        <Trackpoint>
          <Time>2026-07-26T06:58:03Z</Time>
          <Position>
            <LatitudeDegrees>35.42698</LatitudeDegrees>
            <LongitudeDegrees>-105.93323</LongitudeDegrees>
          </Position>
          <AltitudeMeters>1894.8</AltitudeMeters>
          <DistanceMeters>139499.1</DistanceMeters>
        </Trackpoint>
        <Trackpoint>
          <Time>2026-07-26T06:58:13Z</Time>
          <Position>
            <LatitudeDegrees>35.42762</LatitudeDegrees>
            <LongitudeDegrees>-105.9325</LongitudeDegrees>
          </Position>
          <AltitudeMeters>1896.8</AltitudeMeters>
          <DistanceMeters>139596.3</DistanceMeters>
        </Trackpoint>
        <Trackpoint>
          <Time>2026-07-26T06:58:23Z</Time>
          <Position>
            <LatitudeDegrees>35.42827</LatitudeDegrees>
            <LongitudeDegrees>-105.93177</LongitudeDegrees>
          </Position>
          <AltitudeMeters>1898.9</AltitudeMeters>
          <DistanceMeters>139694.4</DistanceMeters>
        </Trackpoint>
        <Trackpoint>
          <Time>2026-07-26T06:58:33Z</Time>
          <Position>
            <LatitudeDegrees>35.42891</LatitudeDegrees>
            <LongitudeDegrees>-105.93105</LongitudeDegrees>
          </Position>
          <AltitudeMeters>1902.9</AltitudeMeters>
          <DistanceMeters>139791.0</DistanceMeters>
        </Trackpoint>
        <Trackpoint>
          <Time>2026-07-26T06:58:43Z</Time>
          <Position>
            <LatitudeDegrees>35.42956</LatitudeDegrees>
            <LongitudeDegrees>-105.93032</LongitudeDegrees>
          </Position>
          <AltitudeMeters>1903.5</AltitudeMeters>
          <DistanceMeters>139889.1</DistanceMeters>
        </Trackpoint>
        <Trackpoint>
          <Time>2026-07-26T06:58:53Z</Time>
          <Position>
            <LatitudeDegrees>35.43007</LatitudeDegrees>
            <LongitudeDegrees>-105.92979</LongitudeDegrees>
          </Position>
          <AltitudeMeters>1903.6</AltitudeMeters>
          <DistanceMeters>139963.5</DistanceMeters>
        </Trackpoint>
        <Trackpoint>
          <Time>2026-07-26T06:59:03Z</Time>
          <Position>
            <LatitudeDegrees>35.43047</LatitudeDegrees>
            <LongitudeDegrees>-105.92942</LongitudeDegrees>
          </Position>
          <AltitudeMeters>1903.3</AltitudeMeters>
          <DistanceMeters>140019.3</DistanceMeters>
        </Trackpoint>
        <Trackpoint>
          <Time>2026-07-26T06:59:13Z</Time>
          <Position>
            <LatitudeDegrees>35.43088</LatitudeDegrees>
            <LongitudeDegrees>-105.92905</LongitudeDegrees>
          </Position>
          <AltitudeMeters>1903.0</AltitudeMeters>
          <DistanceMeters>140075.9</DistanceMeters>
        </Trackpoint>
        <Trackpoint>
          <Time>2026-07-26T06:59:23Z</Time>
          <Position>
            <LatitudeDegrees>35.4316</LatitudeDegrees>
            <LongitudeDegrees>-105.92844</LongitudeDegrees>
          </Position>
          <AltitudeMeters>1902.9</AltitudeMeters>
          <DistanceMeters>140173.3</DistanceMeters>
        </Trackpoint>
        <Trackpoint>
          <Time>2026-07-26T06:59:33Z</Time>
          <Position>
            <LatitudeDegrees>35.43233</LatitudeDegrees>
            <LongitudeDegrees>-105.92783</LongitudeDegrees>
          </Position>
          <AltitudeMeters>1901.7</AltitudeMeters>
          <DistanceMeters>140271.6</DistanceMeters>
        </Trackpoint>
        <Trackpoint>
          <Time>2026-07-26T06:59:43Z</Time>
          <Position>
            <LatitudeDegrees>35.43305</LatitudeDegrees>
            <LongitudeDegrees>-105.92721</LongitudeDegrees>
          </Position>
          <AltitudeMeters>1902.2</AltitudeMeters>
          <DistanceMeters>140369.5</DistanceMeters>
        </Trackpoint>
        <Trackpoint>
          <Time>2026-07-26T06:59:53Z</Time>
          <Position>
            <LatitudeDegrees>35.43378</LatitudeDegrees>
            <LongitudeDegrees>-105.9266</LongitudeDegrees>
          </Position>
          <AltitudeMeters>1903.0</AltitudeMeters>
          <DistanceMeters>140467.9</DistanceMeters>
        </Trackpoint>
        <Trackpoint>
          <Time>2026-07-26T07:00:03Z</Time>
          <Position>
            <LatitudeDegrees>35.4345</LatitudeDegrees>
            <LongitudeDegrees>-105.92599</LongitudeDegrees>
          </Position>
          <AltitudeMeters>1903.3</AltitudeMeters>
          <DistanceMeters>140565.2</DistanceMeters>
        </Trackpoint>
        <Trackpoint>
          <Time>2026-07-26T07:00:13Z</Time>
          <Position>
            <LatitudeDegrees>35.43523</LatitudeDegrees>
            <LongitudeDegrees>-105.92538</LongitudeDegrees>
          </Position>
          <AltitudeMeters>1904.1</AltitudeMeters>
          <DistanceMeters>140663.6</DistanceMeters>
        </Trackpoint>
        <Trackpoint>
          <Time>2026-07-26T07:00:23Z</Time>
          <Position>
            <LatitudeDegrees>35.43595</LatitudeDegrees>
            <LongitudeDegrees>-105.92476</LongitudeDegrees>
          </Position>
          <AltitudeMeters>1903.0</AltitudeMeters>
          <DistanceMeters>140761.5</DistanceMeters>
        </Trackpoint>
        <Trackpoint>
          <Time>2026-07-26T07:00:33Z</Time>
          <Position>
            <LatitudeDegrees>35.43668</LatitudeDegrees>
            <LongitudeDegrees>-105.92415</LongitudeDegrees>
          </Position>
          <AltitudeMeters>1905.8</AltitudeMeters>
          <DistanceMeters>140859.8</DistanceMeters>
        </Trackpoint>
        <Trackpoint>
          <Time>2026-07-26T07:00:43Z</Time>
          <Position>
            <LatitudeDegrees>35.4374</LatitudeDegrees>
            <LongitudeDegrees>-105.92354</LongitudeDegrees>
          </Position>
          <AltitudeMeters>1909.4</AltitudeMeters>
          <DistanceMeters>140957.2</DistanceMeters>
        </Trackpoint>
        <Trackpoint>
          <Time>2026-07-26T07:00:53Z</Time>
          <Position>
            <LatitudeDegrees>35.43813</LatitudeDegrees>
            <LongitudeDegrees>-105.92293</LongitudeDegrees>
          </Position>
          <AltitudeMeters>1911.1</AltitudeMeters>
          <DistanceMeters>141055.5</DistanceMeters>
        </Trackpoint>
        <Trackpoint>
          <Time>2026-07-26T07:01:03Z</Time>
          <Position>
            <LatitudeDegrees>35.43885</LatitudeDegrees>
            <LongitudeDegrees>-105.92231</LongitudeDegrees>
          </Position>
          <AltitudeMeters>1913.4</AltitudeMeters>
          <DistanceMeters>141153.4</DistanceMeters>
        </Trackpoint>
        <Trackpoint>
          <Time>2026-07-26T07:01:13Z</Time>
          <Position>
            <LatitudeDegrees>35.43958</LatitudeDegrees>
            <LongitudeDegrees>-105.9217</LongitudeDegrees>
          </Position>
          <AltitudeMeters>1915.4</AltitudeMeters>
          <DistanceMeters>141251.7</DistanceMeters>
        </Trackpoint>
        <Trackpoint>
          <Time>2026-07-26T07:01:23Z</Time>
          <Position>
            <LatitudeDegrees>35.4403</LatitudeDegrees>
            <LongitudeDegrees>-105.92109</LongitudeDegrees>
          </Position>
          <AltitudeMeters>1919.0</AltitudeMeters>
          <DistanceMeters>141349.1</DistanceMeters>
        </Trackpoint>
        <Trackpoint>
          <Time>2026-07-26T07:01:33Z</Time>
          <Position>
            <LatitudeDegrees>35.44103</LatitudeDegrees>
            <LongitudeDegrees>-105.92047</LongitudeDegrees>
          </Position>
          <AltitudeMeters>1921.9</AltitudeMeters>
          <DistanceMeters>141447.9</DistanceMeters>
        </Trackpoint>
        <Trackpoint>
          <Time>2026-07-26T07:01:43Z</Time>
          <Position>
            <LatitudeDegrees>35.44175</LatitudeDegrees>
            <LongitudeDegrees>-105.91986</LongitudeDegrees>
          </Position>
          <AltitudeMeters>1924.9</AltitudeMeters>
          <DistanceMeters>141545.3</DistanceMeters>
        </Trackpoint>
        <Trackpoint>
          <Time>2026-07-26T07:01:53Z</Time>
          <Position>
            <LatitudeDegrees>35.44221</LatitudeDegrees>
            <LongitudeDegrees>-105.91949</LongitudeDegrees>
          </Position>
          <AltitudeMeters>1925.7</AltitudeMeters>
          <DistanceMeters>141606.5</DistanceMeters>
        </Trackpoint>
        <Trackpoint>
          <Time>2026-07-26T07:02:03Z</Time>
          <Position>
            <LatitudeDegrees>35.44276</LatitudeDegrees>
            <LongitudeDegrees>-105.91909</LongitudeDegrees>
          </Position>
          <AltitudeMeters>1926.3</AltitudeMeters>
          <DistanceMeters>141677.7</DistanceMeters>
        </Trackpoint>
        <Trackpoint>
          <Time>2026-07-26T07:02:13Z</Time>
          <Position>
            <LatitudeDegrees>35.44321</LatitudeDegrees>
            <LongitudeDegrees>-105.91879</LongitudeDegrees>
          </Position>
          <AltitudeMeters>1927.3</AltitudeMeters>
          <DistanceMeters>141734.7</DistanceMeters>
        </Trackpoint>
        <Trackpoint>
          <Time>2026-07-26T07:02:23Z</Time>
          <Position>
            <LatitudeDegrees>35.44363</LatitudeDegrees>
            <LongitudeDegrees>-105.91853</LongitudeDegrees>
          </Position>
          <AltitudeMeters>1928.6</AltitudeMeters>
          <DistanceMeters>141787.0</DistanceMeters>
        </Trackpoint>
        <Trackpoint>
          <Time>2026-07-26T07:02:33Z</Time>
          <Position>
            <LatitudeDegrees>35.44405</LatitudeDegrees>
            <LongitudeDegrees>-105.91827</LongitudeDegrees>
          </Position>
          <AltitudeMeters>1929.9</AltitudeMeters>
          <DistanceMeters>141839.4</DistanceMeters>
        </Trackpoint>
        <Trackpoint>
          <Time>2026-07-26T07:02:43Z</Time>
          <Position>
            <LatitudeDegrees>35.4448</LatitudeDegrees>
            <LongitudeDegrees>-105.91785</LongitudeDegrees>
          </Position>
          <AltitudeMeters>1932.8</AltitudeMeters>
          <DistanceMeters>141931.2</DistanceMeters>
        </Trackpoint>
        <Trackpoint>
          <Time>2026-07-26T07:02:53Z</Time>
          <Position>
            <LatitudeDegrees>35.44554</LatitudeDegrees>
            <LongitudeDegrees>-105.91743</LongitudeDegrees>
          </Position>
          <AltitudeMeters>1933.3</AltitudeMeters>
          <DistanceMeters>142021.9</DistanceMeters>
        </Trackpoint>
        <Trackpoint>
          <Time>2026-07-26T07:03:03Z</Time>
          <Position>
            <LatitudeDegrees>35.44629</LatitudeDegrees>
            <LongitudeDegrees>-105.91701</LongitudeDegrees>
          </Position>
          <AltitudeMeters>1933.3</AltitudeMeters>
          <DistanceMeters>142113.7</DistanceMeters>
        </Trackpoint>
        <Trackpoint>
          <Time>2026-07-26T07:03:13Z</Time>
          <Position>
            <LatitudeDegrees>35.44704</LatitudeDegrees>
            <LongitudeDegrees>-105.91659</LongitudeDegrees>
          </Position>
          <AltitudeMeters>1931.5</AltitudeMeters>
          <DistanceMeters>142205.5</DistanceMeters>
        </Trackpoint>
        <Trackpoint>
          <Time>2026-07-26T07:03:23Z</Time>
          <Position>
            <LatitudeDegrees>35.44779</LatitudeDegrees>
            <LongitudeDegrees>-105.91617</LongitudeDegrees>
          </Position>
          <AltitudeMeters>1930.5</AltitudeMeters>
          <DistanceMeters>142297.2</DistanceMeters>
        </Trackpoint>
        <Trackpoint>
          <Time>2026-07-26T07:03:33Z</Time>
          <Position>
            <LatitudeDegrees>35.44853</LatitudeDegrees>
            <LongitudeDegrees>-105.91575</LongitudeDegrees>
          </Position>
          <AltitudeMeters>1931.3</AltitudeMeters>
          <DistanceMeters>142388.0</DistanceMeters>
        </Trackpoint>
        <Trackpoint>
          <Time>2026-07-26T07:03:43Z</Time>
          <Position>
            <LatitudeDegrees>35.44928</LatitudeDegrees>
            <LongitudeDegrees>-105.91532</LongitudeDegrees>
          </Position>
          <AltitudeMeters>1933.4</AltitudeMeters>
          <DistanceMeters>142480.1</DistanceMeters>
        </Trackpoint>
        <Trackpoint>
          <Time>2026-07-26T07:03:53Z</Time>
          <Position>
            <LatitudeDegrees>35.45003</LatitudeDegrees>
            <LongitudeDegrees>-105.9149</LongitudeDegrees>
          </Position>
          <AltitudeMeters>1933.7</AltitudeMeters>
          <DistanceMeters>142571.9</DistanceMeters>
        </Trackpoint>
        <Trackpoint>
          <Time>2026-07-26T07:04:03Z</Time>
          <Position>
            <LatitudeDegrees>35.45078</LatitudeDegrees>
            <LongitudeDegrees>-105.91448</LongitudeDegrees>
          </Position>
          <AltitudeMeters>1935.0</AltitudeMeters>
          <DistanceMeters>142663.7</DistanceMeters>
        </Trackpoint>
        <Trackpoint>
          <Time>2026-07-26T07:04:13Z</Time>
          <Position>
            <LatitudeDegrees>35.45152</LatitudeDegrees>
            <LongitudeDegrees>-105.91406</LongitudeDegrees>
          </Position>
          <AltitudeMeters>1937.2</AltitudeMeters>
          <DistanceMeters>142754.4</DistanceMeters>
        </Trackpoint>
        <Trackpoint>
          <Time>2026-07-26T07:04:23Z</Time>
          <Position>
            <LatitudeDegrees>35.45212</LatitudeDegrees>
            <LongitudeDegrees>-105.91365</LongitudeDegrees>
          </Position>
          <AltitudeMeters>1938.8</AltitudeMeters>
          <DistanceMeters>142830.9</DistanceMeters>
        </Trackpoint>
        <Trackpoint>
          <Time>2026-07-26T07:04:33Z</Time>
          <Position>
            <LatitudeDegrees>35.45278</LatitudeDegrees>
            <LongitudeDegrees>-105.91305</LongitudeDegrees>
          </Position>
          <AltitudeMeters>1939.0</AltitudeMeters>
          <DistanceMeters>142922.3</DistanceMeters>
        </Trackpoint>
        <Trackpoint>
          <Time>2026-07-26T07:04:43Z</Time>
          <Position>
            <LatitudeDegrees>35.45323</LatitudeDegrees>
            <LongitudeDegrees>-105.91258</LongitudeDegrees>
          </Position>
          <AltitudeMeters>1938.8</AltitudeMeters>
          <DistanceMeters>142988.1</DistanceMeters>
        </Trackpoint>
        <Trackpoint>
          <Time>2026-07-26T07:04:53Z</Time>
          <Position>
            <LatitudeDegrees>35.45388</LatitudeDegrees>
            <LongitudeDegrees>-105.91186</LongitudeDegrees>
          </Position>
          <AltitudeMeters>1938.1</AltitudeMeters>
          <DistanceMeters>143085.5</DistanceMeters>
        </Trackpoint>
        <Trackpoint>
          <Time>2026-07-26T07:05:03Z</Time>
          <Position>
            <LatitudeDegrees>35.45453</LatitudeDegrees>
            <LongitudeDegrees>-105.91114</LongitudeDegrees>
          </Position>
          <AltitudeMeters>1937.5</AltitudeMeters>
          <DistanceMeters>143183.0</DistanceMeters>
        </Trackpoint>
        <Trackpoint>
          <Time>2026-07-26T07:05:13Z</Time>
          <Position>
            <LatitudeDegrees>35.45517</LatitudeDegrees>
            <LongitudeDegrees>-105.91041</LongitudeDegrees>
          </Position>
          <AltitudeMeters>1938.7</AltitudeMeters>
          <DistanceMeters>143280.2</DistanceMeters>
        </Trackpoint>
        <Trackpoint>
          <Time>2026-07-26T07:05:23Z</Time>
          <Position>
            <LatitudeDegrees>35.45582</LatitudeDegrees>
            <LongitudeDegrees>-105.90969</LongitudeDegrees>
          </Position>
          <AltitudeMeters>1939.3</AltitudeMeters>
          <DistanceMeters>143377.7</DistanceMeters>
        </Trackpoint>
        <Trackpoint>
          <Time>2026-07-26T07:05:33Z</Time>
          <Position>
            <LatitudeDegrees>35.45647</LatitudeDegrees>
            <LongitudeDegrees>-105.90896</LongitudeDegrees>
          </Position>
          <AltitudeMeters>1940.2</AltitudeMeters>
          <DistanceMeters>143475.7</DistanceMeters>
        </Trackpoint>
        <Trackpoint>
          <Time>2026-07-26T07:05:43Z</Time>
          <Position>
            <LatitudeDegrees>35.45712</LatitudeDegrees>
            <LongitudeDegrees>-105.90824</LongitudeDegrees>
          </Position>
          <AltitudeMeters>1941.4</AltitudeMeters>
          <DistanceMeters>143573.2</DistanceMeters>
        </Trackpoint>
        <Trackpoint>
          <Time>2026-07-26T07:05:53Z</Time>
          <Position>
            <LatitudeDegrees>35.45777</LatitudeDegrees>
            <LongitudeDegrees>-105.90752</LongitudeDegrees>
          </Position>
          <AltitudeMeters>1943.2</AltitudeMeters>
          <DistanceMeters>143670.7</DistanceMeters>
        </Trackpoint>
        <Trackpoint>
          <Time>2026-07-26T07:06:03Z</Time>
          <Position>
            <LatitudeDegrees>35.45842</LatitudeDegrees>
            <LongitudeDegrees>-105.90679</LongitudeDegrees>
          </Position>
          <AltitudeMeters>1944.9</AltitudeMeters>
          <DistanceMeters>143768.7</DistanceMeters>
        </Trackpoint>
        <Trackpoint>
          <Time>2026-07-26T07:06:13Z</Time>
          <Position>
            <LatitudeDegrees>35.4587</LatitudeDegrees>
            <LongitudeDegrees>-105.90642</LongitudeDegrees>
          </Position>
          <AltitudeMeters>1944.9</AltitudeMeters>
          <DistanceMeters>143814.5</DistanceMeters>
        </Trackpoint>
        <Trackpoint>
          <Time>2026-07-26T07:06:23Z</Time>
          <Position>
            <LatitudeDegrees>35.45914</LatitudeDegrees>
            <LongitudeDegrees>-105.90579</LongitudeDegrees>
          </Position>
          <AltitudeMeters>1945.0</AltitudeMeters>
          <DistanceMeters>143889.8</DistanceMeters>
        </Trackpoint>
        <Trackpoint>
          <Time>2026-07-26T07:06:33Z</Time>
          <Position>
            <LatitudeDegrees>35.4595</LatitudeDegrees>
            <LongitudeDegrees>-105.90517</LongitudeDegrees>
          </Position>
          <AltitudeMeters>1945.2</AltitudeMeters>
          <DistanceMeters>143958.8</DistanceMeters>
        </Trackpoint>
        <Trackpoint>
          <Time>2026-07-26T07:06:43Z</Time>
          <Position>
            <LatitudeDegrees>35.45978</LatitudeDegrees>
            <LongitudeDegrees>-105.90459</LongitudeDegrees>
          </Position>
          <AltitudeMeters>1945.4</AltitudeMeters>
          <DistanceMeters>144019.9</DistanceMeters>
        </Trackpoint>
        <Trackpoint>
          <Time>2026-07-26T07:06:53Z</Time>
          <Position>
            <LatitudeDegrees>35.46014</LatitudeDegrees>
            <LongitudeDegrees>-105.90377</LongitudeDegrees>
          </Position>
          <AltitudeMeters>1946.3</AltitudeMeters>
          <DistanceMeters>144104.4</DistanceMeters>
        </Trackpoint>
        <Trackpoint>
          <Time>2026-07-26T07:07:03Z</Time>
          <Position>
            <LatitudeDegrees>35.46049</LatitudeDegrees>
            <LongitudeDegrees>-105.90296</LongitudeDegrees>
          </Position>
          <AltitudeMeters>1947.3</AltitudeMeters>
          <DistanceMeters>144187.5</DistanceMeters>
        </Trackpoint>
        <Trackpoint>
          <Time>2026-07-26T07:07:13Z</Time>
          <Position>
            <LatitudeDegrees>35.46085</LatitudeDegrees>
            <LongitudeDegrees>-105.90214</LongitudeDegrees>
          </Position>
          <AltitudeMeters>1946.5</AltitudeMeters>
          <DistanceMeters>144272.0</DistanceMeters>
        </Trackpoint>
        <Trackpoint>
          <Time>2026-07-26T07:07:23Z</Time>
          <Position>
            <LatitudeDegrees>35.4611</LatitudeDegrees>
            <LongitudeDegrees>-105.90167</LongitudeDegrees>
          </Position>
          <AltitudeMeters>1946.2</AltitudeMeters>
          <DistanceMeters>144322.9</DistanceMeters>
        </Trackpoint>
        <Trackpoint>
          <Time>2026-07-26T07:07:33Z</Time>
          <Position>
            <LatitudeDegrees>35.46134</LatitudeDegrees>
            <LongitudeDegrees>-105.9012</LongitudeDegrees>
          </Position>
          <AltitudeMeters>1946.4</AltitudeMeters>
          <DistanceMeters>144373.2</DistanceMeters>
        </Trackpoint>
        <Trackpoint>
          <Time>2026-07-26T07:07:43Z</Time>
          <Position>
            <LatitudeDegrees>35.46168</LatitudeDegrees>
            <LongitudeDegrees>-105.90067</LongitudeDegrees>
          </Position>
          <AltitudeMeters>1946.2</AltitudeMeters>
          <DistanceMeters>144434.4</DistanceMeters>
        </Trackpoint>
        <Trackpoint>
          <Time>2026-07-26T07:07:53Z</Time>
          <Position>
            <LatitudeDegrees>35.46202</LatitudeDegrees>
            <LongitudeDegrees>-105.90013</LongitudeDegrees>
          </Position>
          <AltitudeMeters>1945.6</AltitudeMeters>
          <DistanceMeters>144496.2</DistanceMeters>
        </Trackpoint>
        <Trackpoint>
          <Time>2026-07-26T07:08:03Z</Time>
          <Position>
            <LatitudeDegrees>35.46234</LatitudeDegrees>
            <LongitudeDegrees>-105.8997</LongitudeDegrees>
          </Position>
          <AltitudeMeters>1945.6</AltitudeMeters>
          <DistanceMeters>144549.1</DistanceMeters>
        </Trackpoint>
        <Trackpoint>
          <Time>2026-07-26T07:08:13Z</Time>
          <Position>
            <LatitudeDegrees>35.46267</LatitudeDegrees>
            <LongitudeDegrees>-105.89928</LongitudeDegrees>
          </Position>
          <AltitudeMeters>1945.6</AltitudeMeters>
          <DistanceMeters>144602.0</DistanceMeters>
        </Trackpoint>
        <Trackpoint>
          <Time>2026-07-26T07:08:23Z</Time>
          <Position>
            <LatitudeDegrees>35.46305</LatitudeDegrees>
            <LongitudeDegrees>-105.89885</LongitudeDegrees>
          </Position>
          <AltitudeMeters>1945.6</AltitudeMeters>
          <DistanceMeters>144659.5</DistanceMeters>
        </Trackpoint>
        <Trackpoint>
          <Time>2026-07-26T07:08:33Z</Time>
          <Position>
            <LatitudeDegrees>35.46343</LatitudeDegrees>
            <LongitudeDegrees>-105.89843</LongitudeDegrees>
          </Position>
          <AltitudeMeters>1945.7</AltitudeMeters>
          <DistanceMeters>144716.4</DistanceMeters>
        </Trackpoint>
        <Trackpoint>
          <Time>2026-07-26T07:08:43Z</Time>
          <Position>
            <LatitudeDegrees>35.46397</LatitudeDegrees>
            <LongitudeDegrees>-105.89885</LongitudeDegrees>
          </Position>
          <AltitudeMeters>1947.3</AltitudeMeters>
          <DistanceMeters>144787.6</DistanceMeters>
        </Trackpoint>
        <Trackpoint>
          <Time>2026-07-26T07:08:53Z</Time>
          <Position>
            <LatitudeDegrees>35.46461</LatitudeDegrees>
            <LongitudeDegrees>-105.89934</LongitudeDegrees>
          </Position>
          <AltitudeMeters>1952.2</AltitudeMeters>
          <DistanceMeters>144871.5</DistanceMeters>
        </Trackpoint>
        <Trackpoint>
          <Time>2026-07-26T07:09:03Z</Time>
          <Position>
            <LatitudeDegrees>35.46526</LatitudeDegrees>
            <LongitudeDegrees>-105.89983</LongitudeDegrees>
          </Position>
          <AltitudeMeters>1953.6</AltitudeMeters>
          <DistanceMeters>144956.4</DistanceMeters>
        </Trackpoint>
        <Trackpoint>
          <Time>2026-07-26T07:09:13Z</Time>
          <Position>
            <LatitudeDegrees>35.46557</LatitudeDegrees>
            <LongitudeDegrees>-105.90007</LongitudeDegrees>
          </Position>
          <AltitudeMeters>1954.3</AltitudeMeters>
          <DistanceMeters>144997.2</DistanceMeters>
        </Trackpoint>
        <Trackpoint>
          <Time>2026-07-26T07:09:23Z</Time>
          <Position>
            <LatitudeDegrees>35.46616</LatitudeDegrees>
            <LongitudeDegrees>-105.90054</LongitudeDegrees>
          </Position>
          <AltitudeMeters>1955.7</AltitudeMeters>
          <DistanceMeters>145075.5</DistanceMeters>
        </Trackpoint>
        <Trackpoint>
          <Time>2026-07-26T07:09:33Z</Time>
          <Position>
            <LatitudeDegrees>35.46675</LatitudeDegrees>
            <LongitudeDegrees>-105.90101</LongitudeDegrees>
          </Position>
          <AltitudeMeters>1956.5</AltitudeMeters>
          <DistanceMeters>145153.8</DistanceMeters>
        </Trackpoint>
        <Trackpoint>
          <Time>2026-07-26T07:09:43Z</Time>
          <Position>
            <LatitudeDegrees>35.46734</LatitudeDegrees>
            <LongitudeDegrees>-105.90148</LongitudeDegrees>
          </Position>
          <AltitudeMeters>1957.6</AltitudeMeters>
          <DistanceMeters>145232.1</DistanceMeters>
        </Trackpoint>
        <Trackpoint>
          <Time>2026-07-26T07:09:53Z</Time>
          <Position>
            <LatitudeDegrees>35.46793</LatitudeDegrees>
            <LongitudeDegrees>-105.90194</LongitudeDegrees>
          </Position>
          <AltitudeMeters>1958.4</AltitudeMeters>
          <DistanceMeters>145309.9</DistanceMeters>
        </Trackpoint>
        <Trackpoint>
          <Time>2026-07-26T07:10:03Z</Time>
          <Position>
            <LatitudeDegrees>35.46838</LatitudeDegrees>
            <LongitudeDegrees>-105.90228</LongitudeDegrees>
          </Position>
          <AltitudeMeters>1957.8</AltitudeMeters>
          <DistanceMeters>145368.7</DistanceMeters>
        </Trackpoint>
        <Trackpoint>
          <Time>2026-07-26T07:10:13Z</Time>
          <Position>
            <LatitudeDegrees>35.46883</LatitudeDegrees>
            <LongitudeDegrees>-105.90262</LongitudeDegrees>
          </Position>
          <AltitudeMeters>1958.0</AltitudeMeters>
          <DistanceMeters>145427.5</DistanceMeters>
        </Trackpoint>
        <Trackpoint>
          <Time>2026-07-26T07:10:23Z</Time>
          <Position>
            <LatitudeDegrees>35.46935</LatitudeDegrees>
            <LongitudeDegrees>-105.903</LongitudeDegrees>
          </Position>
          <AltitudeMeters>1957.9</AltitudeMeters>
          <DistanceMeters>145494.9</DistanceMeters>
        </Trackpoint>
        <Trackpoint>
          <Time>2026-07-26T07:10:33Z</Time>
          <Position>
            <LatitudeDegrees>35.46988</LatitudeDegrees>
            <LongitudeDegrees>-105.90338</LongitudeDegrees>
          </Position>
          <AltitudeMeters>1958.8</AltitudeMeters>
          <DistanceMeters>145563.2</DistanceMeters>
        </Trackpoint>
        <Trackpoint>
          <Time>2026-07-26T07:10:43Z</Time>
          <Position>
            <LatitudeDegrees>35.47061</LatitudeDegrees>
            <LongitudeDegrees>-105.90394</LongitudeDegrees>
          </Position>
          <AltitudeMeters>1963.8</AltitudeMeters>
          <DistanceMeters>145659.0</DistanceMeters>
        </Trackpoint>
        <Trackpoint>
          <Time>2026-07-26T07:10:53Z</Time>
          <Position>
            <LatitudeDegrees>35.47126</LatitudeDegrees>
            <LongitudeDegrees>-105.90449</LongitudeDegrees>
          </Position>
          <AltitudeMeters>1964.6</AltitudeMeters>
          <DistanceMeters>145746.9</DistanceMeters>
        </Trackpoint>
        <Trackpoint>
          <Time>2026-07-26T07:11:03Z</Time>
          <Position>
            <LatitudeDegrees>35.47176</LatitudeDegrees>
            <LongitudeDegrees>-105.90488</LongitudeDegrees>
          </Position>
          <AltitudeMeters>1964.2</AltitudeMeters>
          <DistanceMeters>145812.9</DistanceMeters>
        </Trackpoint>
        <Trackpoint>
          <Time>2026-07-26T07:11:13Z</Time>
          <Position>
            <LatitudeDegrees>35.47226</LatitudeDegrees>
            <LongitudeDegrees>-105.90528</LongitudeDegrees>
          </Position>
          <AltitudeMeters>1964.5</AltitudeMeters>
          <DistanceMeters>145879.3</DistanceMeters>
        </Trackpoint>
        <Trackpoint>
          <Time>2026-07-26T07:11:23Z</Time>
          <Position>
            <LatitudeDegrees>35.47293</LatitudeDegrees>
            <LongitudeDegrees>-105.90574</LongitudeDegrees>
          </Position>
          <AltitudeMeters>1966.6</AltitudeMeters>
          <DistanceMeters>145964.7</DistanceMeters>
        </Trackpoint>
        <Trackpoint>
          <Time>2026-07-26T07:11:33Z</Time>
          <Position>
            <LatitudeDegrees>35.47355</LatitudeDegrees>
            <LongitudeDegrees>-105.90613</LongitudeDegrees>
          </Position>
          <AltitudeMeters>1970.4</AltitudeMeters>
          <DistanceMeters>146042.3</DistanceMeters>
        </Trackpoint>
        <Trackpoint>
          <Time>2026-07-26T07:11:43Z</Time>
          <Position>
            <LatitudeDegrees>35.47425</LatitudeDegrees>
            <LongitudeDegrees>-105.90652</LongitudeDegrees>
          </Position>
          <AltitudeMeters>1976.1</AltitudeMeters>
          <DistanceMeters>146127.9</DistanceMeters>
        </Trackpoint>
        <Trackpoint>
          <Time>2026-07-26T07:11:53Z</Time>
          <Position>
            <LatitudeDegrees>35.47507</LatitudeDegrees>
            <LongitudeDegrees>-105.90692</LongitudeDegrees>
          </Position>
          <AltitudeMeters>1977.6</AltitudeMeters>
          <DistanceMeters>146226.1</DistanceMeters>
        </Trackpoint>
        <Trackpoint>
          <Time>2026-07-26T07:12:03Z</Time>
          <Position>
            <LatitudeDegrees>35.47589</LatitudeDegrees>
            <LongitudeDegrees>-105.90732</LongitudeDegrees>
          </Position>
          <AltitudeMeters>1979.1</AltitudeMeters>
          <DistanceMeters>146324.3</DistanceMeters>
        </Trackpoint>
        <Trackpoint>
          <Time>2026-07-26T07:12:13Z</Time>
          <Position>
            <LatitudeDegrees>35.47671</LatitudeDegrees>
            <LongitudeDegrees>-105.90772</LongitudeDegrees>
          </Position>
          <AltitudeMeters>1982.6</AltitudeMeters>
          <DistanceMeters>146422.5</DistanceMeters>
        </Trackpoint>
        <Trackpoint>
          <Time>2026-07-26T07:12:23Z</Time>
          <Position>
            <LatitudeDegrees>35.47752</LatitudeDegrees>
            <LongitudeDegrees>-105.90811</LongitudeDegrees>
          </Position>
          <AltitudeMeters>1985.1</AltitudeMeters>
          <DistanceMeters>146519.4</DistanceMeters>
        </Trackpoint>
        <Trackpoint>
          <Time>2026-07-26T07:12:33Z</Time>
          <Position>
            <LatitudeDegrees>35.47829</LatitudeDegrees>
            <LongitudeDegrees>-105.90837</LongitudeDegrees>
          </Position>
          <AltitudeMeters>1988.5</AltitudeMeters>
          <DistanceMeters>146608.3</DistanceMeters>
        </Trackpoint>
        <Trackpoint>
          <Time>2026-07-26T07:12:43Z</Time>
          <Position>
            <LatitudeDegrees>35.47875</LatitudeDegrees>
            <LongitudeDegrees>-105.90847</LongitudeDegrees>
          </Position>
          <AltitudeMeters>1989.0</AltitudeMeters>
          <DistanceMeters>146660.3</DistanceMeters>
        </Trackpoint>
        <Trackpoint>
          <Time>2026-07-26T07:12:53Z</Time>
          <Position>
            <LatitudeDegrees>35.4793</LatitudeDegrees>
            <LongitudeDegrees>-105.90854</LongitudeDegrees>
          </Position>
          <AltitudeMeters>1990.0</AltitudeMeters>
          <DistanceMeters>146721.8</DistanceMeters>
        </Trackpoint>
        <Trackpoint>
          <Time>2026-07-26T07:13:03Z</Time>
          <Position>
            <LatitudeDegrees>35.4799</LatitudeDegrees>
            <LongitudeDegrees>-105.90852</LongitudeDegrees>
          </Position>
          <AltitudeMeters>1992.5</AltitudeMeters>
          <DistanceMeters>146788.6</DistanceMeters>
        </Trackpoint>
        <Trackpoint>
          <Time>2026-07-26T07:13:13Z</Time>
          <Position>
            <LatitudeDegrees>35.48056</LatitudeDegrees>
            <LongitudeDegrees>-105.90845</LongitudeDegrees>
          </Position>
          <AltitudeMeters>1995.4</AltitudeMeters>
          <DistanceMeters>146862.4</DistanceMeters>
        </Trackpoint>
        <Trackpoint>
          <Time>2026-07-26T07:13:23Z</Time>
          <Position>
            <LatitudeDegrees>35.48109</LatitudeDegrees>
            <LongitudeDegrees>-105.90832</LongitudeDegrees>
          </Position>
          <AltitudeMeters>1998.5</AltitudeMeters>
          <DistanceMeters>146922.5</DistanceMeters>
        </Trackpoint>
        <Trackpoint>
          <Time>2026-07-26T07:13:33Z</Time>
          <Position>
            <LatitudeDegrees>35.4814</LatitudeDegrees>
            <LongitudeDegrees>-105.90821</LongitudeDegrees>
          </Position>
          <AltitudeMeters>2000.5</AltitudeMeters>
          <DistanceMeters>146958.5</DistanceMeters>
        </Trackpoint>
        <Trackpoint>
          <Time>2026-07-26T07:13:43Z</Time>
          <Position>
            <LatitudeDegrees>35.48186</LatitudeDegrees>
            <LongitudeDegrees>-105.90801</LongitudeDegrees>
          </Position>
          <AltitudeMeters>2002.4</AltitudeMeters>
          <DistanceMeters>147012.8</DistanceMeters>
        </Trackpoint>
        <Trackpoint>
          <Time>2026-07-26T07:13:53Z</Time>
          <Position>
            <LatitudeDegrees>35.48224</LatitudeDegrees>
            <LongitudeDegrees>-105.9078</LongitudeDegrees>
          </Position>
          <AltitudeMeters>2004.5</AltitudeMeters>
          <DistanceMeters>147059.2</DistanceMeters>
        </Trackpoint>
        <Trackpoint>
          <Time>2026-07-26T07:14:03Z</Time>
          <Position>
            <LatitudeDegrees>35.48276</LatitudeDegrees>
            <LongitudeDegrees>-105.90747</LongitudeDegrees>
          </Position>
          <AltitudeMeters>2006.6</AltitudeMeters>
          <DistanceMeters>147124.3</DistanceMeters>
        </Trackpoint>
        <Trackpoint>
          <Time>2026-07-26T07:14:13Z</Time>
          <Position>
            <LatitudeDegrees>35.48317</LatitudeDegrees>
            <LongitudeDegrees>-105.90712</LongitudeDegrees>
          </Position>
          <AltitudeMeters>2007.0</AltitudeMeters>
          <DistanceMeters>147179.9</DistanceMeters>
        </Trackpoint>
        <Trackpoint>
          <Time>2026-07-26T07:14:23Z</Time>
          <Position>
            <LatitudeDegrees>35.48369</LatitudeDegrees>
            <LongitudeDegrees>-105.9066</LongitudeDegrees>
          </Position>
          <AltitudeMeters>2010.2</AltitudeMeters>
          <DistanceMeters>147254.6</DistanceMeters>
        </Trackpoint>
        <Trackpoint>
          <Time>2026-07-26T07:14:33Z</Time>
          <Position>
            <LatitudeDegrees>35.48396</LatitudeDegrees>
            <LongitudeDegrees>-105.9063</LongitudeDegrees>
          </Position>
          <AltitudeMeters>2011.1</AltitudeMeters>
          <DistanceMeters>147295.1</DistanceMeters>
        </Trackpoint>
        <Trackpoint>
          <Time>2026-07-26T07:14:43Z</Time>
          <Position>
            <LatitudeDegrees>35.48425</LatitudeDegrees>
            <LongitudeDegrees>-105.90594</LongitudeDegrees>
          </Position>
          <AltitudeMeters>2012.2</AltitudeMeters>
          <DistanceMeters>147341.0</DistanceMeters>
        </Trackpoint>
        <Trackpoint>
          <Time>2026-07-26T07:14:53Z</Time>
          <Position>
            <LatitudeDegrees>35.48466</LatitudeDegrees>
            <LongitudeDegrees>-105.90532</LongitudeDegrees>
          </Position>
          <AltitudeMeters>2014.2</AltitudeMeters>
          <DistanceMeters>147413.4</DistanceMeters>
        </Trackpoint>
        <Trackpoint>
          <Time>2026-07-26T07:15:03Z</Time>
          <Position>
            <LatitudeDegrees>35.48507</LatitudeDegrees>
            <LongitudeDegrees>-105.9047</LongitudeDegrees>
          </Position>
          <AltitudeMeters>2015.2</AltitudeMeters>
          <DistanceMeters>147485.8</DistanceMeters>
        </Trackpoint>
        <Trackpoint>
          <Time>2026-07-26T07:15:13Z</Time>
          <Position>
            <LatitudeDegrees>35.48539</LatitudeDegrees>
            <LongitudeDegrees>-105.90428</LongitudeDegrees>
          </Position>
          <AltitudeMeters>2017.1</AltitudeMeters>
          <DistanceMeters>147537.9</DistanceMeters>
        </Trackpoint>
        <Trackpoint>
          <Time>2026-07-26T07:15:23Z</Time>
          <Position>
            <LatitudeDegrees>35.48572</LatitudeDegrees>
            <LongitudeDegrees>-105.90387</LongitudeDegrees>
          </Position>
          <AltitudeMeters>2019.7</AltitudeMeters>
          <DistanceMeters>147590.2</DistanceMeters>
        </Trackpoint>
        <Trackpoint>
          <Time>2026-07-26T07:15:33Z</Time>
          <Position>
            <LatitudeDegrees>35.48608</LatitudeDegrees>
            <LongitudeDegrees>-105.90355</LongitudeDegrees>
          </Position>
          <AltitudeMeters>2022.0</AltitudeMeters>
          <DistanceMeters>147639.7</DistanceMeters>
        </Trackpoint>
        <Trackpoint>
          <Time>2026-07-26T07:15:43Z</Time>
          <Position>
            <LatitudeDegrees>35.48658</LatitudeDegrees>
            <LongitudeDegrees>-105.90318</LongitudeDegrees>
          </Position>
          <AltitudeMeters>2027.1</AltitudeMeters>
          <DistanceMeters>147704.6</DistanceMeters>
        </Trackpoint>
        <Trackpoint>
          <Time>2026-07-26T07:15:53Z</Time>
          <Position>
            <LatitudeDegrees>35.4869</LatitudeDegrees>
            <LongitudeDegrees>-105.90297</LongitudeDegrees>
          </Position>
          <AltitudeMeters>2029.1</AltitudeMeters>
          <DistanceMeters>147745.0</DistanceMeters>
        </Trackpoint>
        <Trackpoint>
          <Time>2026-07-26T07:16:03Z</Time>
          <Position>
            <LatitudeDegrees>35.48748</LatitudeDegrees>
            <LongitudeDegrees>-105.9027</LongitudeDegrees>
          </Position>
          <AltitudeMeters>2032.5</AltitudeMeters>
          <DistanceMeters>147814.1</DistanceMeters>
        </Trackpoint>
        <Trackpoint>
          <Time>2026-07-26T07:16:13Z</Time>
          <Position>
            <LatitudeDegrees>35.48815</LatitudeDegrees>
            <LongitudeDegrees>-105.90248</LongitudeDegrees>
          </Position>
          <AltitudeMeters>2037.5</AltitudeMeters>
          <DistanceMeters>147891.3</DistanceMeters>
        </Trackpoint>
        <Trackpoint>
          <Time>2026-07-26T07:16:23Z</Time>
          <Position>
            <LatitudeDegrees>35.48865</LatitudeDegrees>
            <LongitudeDegrees>-105.9024</LongitudeDegrees>
          </Position>
          <AltitudeMeters>2041.6</AltitudeMeters>
          <DistanceMeters>147947.4</DistanceMeters>
        </Trackpoint>
        <Trackpoint>
          <Time>2026-07-26T07:16:33Z</Time>
          <Position>
            <LatitudeDegrees>35.48912</LatitudeDegrees>
            <LongitudeDegrees>-105.90235</LongitudeDegrees>
          </Position>
          <AltitudeMeters>2043.6</AltitudeMeters>
          <DistanceMeters>147999.9</DistanceMeters>
        </Trackpoint>
        <Trackpoint>
          <Time>2026-07-26T07:16:43Z</Time>
          <Position>
            <LatitudeDegrees>35.4899</LatitudeDegrees>
            <LongitudeDegrees>-105.9024</LongitudeDegrees>
          </Position>
          <AltitudeMeters>2048.5</AltitudeMeters>
          <DistanceMeters>148086.9</DistanceMeters>
        </Trackpoint>
        <Trackpoint>
          <Time>2026-07-26T07:16:53Z</Time>
          <Position>
            <LatitudeDegrees>35.49059</LatitudeDegrees>
            <LongitudeDegrees>-105.90258</LongitudeDegrees>
          </Position>
          <AltitudeMeters>2054.4</AltitudeMeters>
          <DistanceMeters>148165.4</DistanceMeters>
        </Trackpoint>
        <Trackpoint>
          <Time>2026-07-26T07:17:03Z</Time>
          <Position>
            <LatitudeDegrees>35.49128</LatitudeDegrees>
            <LongitudeDegrees>-105.90276</LongitudeDegrees>
          </Position>
          <AltitudeMeters>2059.7</AltitudeMeters>
          <DistanceMeters>148243.9</DistanceMeters>
        </Trackpoint>
        <Trackpoint>
          <Time>2026-07-26T07:17:13Z</Time>
          <Position>
            <LatitudeDegrees>35.49197</LatitudeDegrees>
            <LongitudeDegrees>-105.90295</LongitudeDegrees>
          </Position>
          <AltitudeMeters>2057.8</AltitudeMeters>
          <DistanceMeters>148322.6</DistanceMeters>
        </Trackpoint>
        <Trackpoint>
          <Time>2026-07-26T07:17:23Z</Time>
          <Position>
            <LatitudeDegrees>35.49245</LatitudeDegrees>
            <LongitudeDegrees>-105.90299</LongitudeDegrees>
          </Position>
          <AltitudeMeters>2060.5</AltitudeMeters>
          <DistanceMeters>148376.2</DistanceMeters>
        </Trackpoint>
        <Trackpoint>
          <Time>2026-07-26T07:17:33Z</Time>
          <Position>
            <LatitudeDegrees>35.49292</LatitudeDegrees>
            <LongitudeDegrees>-105.90304</LongitudeDegrees>
          </Position>
          <AltitudeMeters>2060.2</AltitudeMeters>
          <DistanceMeters>148428.7</DistanceMeters>
        </Trackpoint>
        <Trackpoint>
          <Time>2026-07-26T07:17:43Z</Time>
          <Position>
            <LatitudeDegrees>35.49333</LatitudeDegrees>
            <LongitudeDegrees>-105.90302</LongitudeDegrees>
          </Position>
          <AltitudeMeters>2062.3</AltitudeMeters>
          <DistanceMeters>148474.4</DistanceMeters>
        </Trackpoint>
        <Trackpoint>
          <Time>2026-07-26T07:17:53Z</Time>
          <Position>
            <LatitudeDegrees>35.49377</LatitudeDegrees>
            <LongitudeDegrees>-105.90297</LongitudeDegrees>
          </Position>
          <AltitudeMeters>2066.0</AltitudeMeters>
          <DistanceMeters>148523.6</DistanceMeters>
        </Trackpoint>
        <Trackpoint>
          <Time>2026-07-26T07:18:03Z</Time>
          <Position>
            <LatitudeDegrees>35.49427</LatitudeDegrees>
            <LongitudeDegrees>-105.90287</LongitudeDegrees>
          </Position>
          <AltitudeMeters>2068.0</AltitudeMeters>
          <DistanceMeters>148580.0</DistanceMeters>
        </Trackpoint>
        <Trackpoint>
          <Time>2026-07-26T07:18:13Z</Time>
          <Position>
            <LatitudeDegrees>35.4947</LatitudeDegrees>
            <LongitudeDegrees>-105.90274</LongitudeDegrees>
          </Position>
          <AltitudeMeters>2072.2</AltitudeMeters>
          <DistanceMeters>148629.3</DistanceMeters>
        </Trackpoint>
        <Trackpoint>
          <Time>2026-07-26T07:18:23Z</Time>
          <Position>
            <LatitudeDegrees>35.49553</LatitudeDegrees>
            <LongitudeDegrees>-105.90243</LongitudeDegrees>
          </Position>
          <AltitudeMeters>2067.8</AltitudeMeters>
          <DistanceMeters>148725.8</DistanceMeters>
        </Trackpoint>
        <Trackpoint>
          <Time>2026-07-26T07:18:33Z</Time>
          <Position>
            <LatitudeDegrees>35.49636</LatitudeDegrees>
            <LongitudeDegrees>-105.90212</LongitudeDegrees>
          </Position>
          <AltitudeMeters>2062.2</AltitudeMeters>
          <DistanceMeters>148822.4</DistanceMeters>
        </Trackpoint>
        <Trackpoint>
          <Time>2026-07-26T07:18:43Z</Time>
          <Position>
            <LatitudeDegrees>35.49719</LatitudeDegrees>
            <LongitudeDegrees>-105.90181</LongitudeDegrees>
          </Position>
          <AltitudeMeters>2061.5</AltitudeMeters>
          <DistanceMeters>148919.0</DistanceMeters>
        </Trackpoint>
        <Trackpoint>
          <Time>2026-07-26T07:18:53Z</Time>
          <Position>
            <LatitudeDegrees>35.49802</LatitudeDegrees>
            <LongitudeDegrees>-105.9015</LongitudeDegrees>
          </Position>
          <AltitudeMeters>2061.3</AltitudeMeters>
          <DistanceMeters>149015.6</DistanceMeters>
        </Trackpoint>
        <Trackpoint>
          <Time>2026-07-26T07:19:03Z</Time>
          <Position>
            <LatitudeDegrees>35.49884</LatitudeDegrees>
            <LongitudeDegrees>-105.90118</LongitudeDegrees>
          </Position>
          <AltitudeMeters>2060.1</AltitudeMeters>
          <DistanceMeters>149111.3</DistanceMeters>
        </Trackpoint>
        <Trackpoint>
          <Time>2026-07-26T07:19:13Z</Time>
          <Position>
            <LatitudeDegrees>35.49966</LatitudeDegrees>
            <LongitudeDegrees>-105.90087</LongitudeDegrees>
          </Position>
          <AltitudeMeters>2059.1</AltitudeMeters>
          <DistanceMeters>149206.8</DistanceMeters>
        </Trackpoint>
        <Trackpoint>
          <Time>2026-07-26T07:19:23Z</Time>
          <Position>
            <LatitudeDegrees>35.50048</LatitudeDegrees>
            <LongitudeDegrees>-105.90056</LongitudeDegrees>
          </Position>
          <AltitudeMeters>2061.1</AltitudeMeters>
          <DistanceMeters>149302.3</DistanceMeters>
        </Trackpoint>
        <Trackpoint>
          <Time>2026-07-26T07:19:33Z</Time>
          <Position>
            <LatitudeDegrees>35.50129</LatitudeDegrees>
            <LongitudeDegrees>-105.90024</LongitudeDegrees>
          </Position>
          <AltitudeMeters>2057.6</AltitudeMeters>
          <DistanceMeters>149397.1</DistanceMeters>
        </Trackpoint>
        <Trackpoint>
          <Time>2026-07-26T07:19:43Z</Time>
          <Position>
            <LatitudeDegrees>35.50211</LatitudeDegrees>
            <LongitudeDegrees>-105.89993</LongitudeDegrees>
          </Position>
          <AltitudeMeters>2053.5</AltitudeMeters>
          <DistanceMeters>149492.6</DistanceMeters>
        </Trackpoint>
        <Trackpoint>
          <Time>2026-07-26T07:19:53Z</Time>
          <Position>
            <LatitudeDegrees>35.50291</LatitudeDegrees>
            <LongitudeDegrees>-105.89962</LongitudeDegrees>
          </Position>
          <AltitudeMeters>2050.6</AltitudeMeters>
          <DistanceMeters>149585.9</DistanceMeters>
        </Trackpoint>
        <Trackpoint>
          <Time>2026-07-26T07:20:03Z</Time>
          <Position>
            <LatitudeDegrees>35.5037</LatitudeDegrees>
            <LongitudeDegrees>-105.89931</LongitudeDegrees>
          </Position>
          <AltitudeMeters>2051.1</AltitudeMeters>
          <DistanceMeters>149678.3</DistanceMeters>
        </Trackpoint>
        <Trackpoint>
          <Time>2026-07-26T07:20:13Z</Time>
          <Position>
            <LatitudeDegrees>35.5045</LatitudeDegrees>
            <LongitudeDegrees>-105.899</LongitudeDegrees>
          </Position>
          <AltitudeMeters>2054.7</AltitudeMeters>
          <DistanceMeters>149771.7</DistanceMeters>
        </Trackpoint>
        <Trackpoint>
          <Time>2026-07-26T07:20:23Z</Time>
          <Position>
            <LatitudeDegrees>35.5053</LatitudeDegrees>
            <LongitudeDegrees>-105.8987</LongitudeDegrees>
          </Position>
          <AltitudeMeters>2056.8</AltitudeMeters>
          <DistanceMeters>149864.8</DistanceMeters>
        </Trackpoint>
        <Trackpoint>
          <Time>2026-07-26T07:20:33Z</Time>
          <Position>
            <LatitudeDegrees>35.5061</LatitudeDegrees>
            <LongitudeDegrees>-105.89839</LongitudeDegrees>
          </Position>
          <AltitudeMeters>2059.2</AltitudeMeters>
          <DistanceMeters>149958.1</DistanceMeters>
        </Trackpoint>
        <Trackpoint>
          <Time>2026-07-26T07:20:43Z</Time>
          <Position>
            <LatitudeDegrees>35.5069</LatitudeDegrees>
            <LongitudeDegrees>-105.89809</LongitudeDegrees>
          </Position>
          <AltitudeMeters>2060.8</AltitudeMeters>
          <DistanceMeters>150051.3</DistanceMeters>
        </Trackpoint>
        <Trackpoint>
          <Time>2026-07-26T07:20:53Z</Time>
          <Position>
            <LatitudeDegrees>35.5077</LatitudeDegrees>
            <LongitudeDegrees>-105.89779</LongitudeDegrees>
          </Position>
          <AltitudeMeters>2062.8</AltitudeMeters>
          <DistanceMeters>150144.4</DistanceMeters>
        </Trackpoint>
        <Trackpoint>
          <Time>2026-07-26T07:21:03Z</Time>
          <Position>
            <LatitudeDegrees>35.50825</LatitudeDegrees>
            <LongitudeDegrees>-105.89759</LongitudeDegrees>
          </Position>
          <AltitudeMeters>2064.4</AltitudeMeters>
          <DistanceMeters>150208.2</DistanceMeters>
        </Trackpoint>
        <Trackpoint>
          <Time>2026-07-26T07:21:13Z</Time>
          <Position>
            <LatitudeDegrees>35.5088</LatitudeDegrees>
            <LongitudeDegrees>-105.89739</LongitudeDegrees>
          </Position>
          <AltitudeMeters>2066.3</AltitudeMeters>
          <DistanceMeters>150272.1</DistanceMeters>
        </Trackpoint>
        <Trackpoint>
          <Time>2026-07-26T07:21:23Z</Time>
          <Position>
            <LatitudeDegrees>35.50961</LatitudeDegrees>
            <LongitudeDegrees>-105.89708</LongitudeDegrees>
          </Position>
          <AltitudeMeters>2067.0</AltitudeMeters>
          <DistanceMeters>150366.5</DistanceMeters>
        </Trackpoint>
        <Trackpoint>
          <Time>2026-07-26T07:21:33Z</Time>
          <Position>
            <LatitudeDegrees>35.51041</LatitudeDegrees>
            <LongitudeDegrees>-105.89677</LongitudeDegrees>
          </Position>
          <AltitudeMeters>2066.5</AltitudeMeters>
          <DistanceMeters>150459.9</DistanceMeters>
        </Trackpoint>
        <Trackpoint>
          <Time>2026-07-26T07:21:43Z</Time>
          <Position>
            <LatitudeDegrees>35.51122</LatitudeDegrees>
            <LongitudeDegrees>-105.89645</LongitudeDegrees>
          </Position>
          <AltitudeMeters>2067.4</AltitudeMeters>
          <DistanceMeters>150554.6</DistanceMeters>
        </Trackpoint>
        <Trackpoint>
          <Time>2026-07-26T07:21:53Z</Time>
          <Position>
            <LatitudeDegrees>35.51202</LatitudeDegrees>
            <LongitudeDegrees>-105.89614</LongitudeDegrees>
          </Position>
          <AltitudeMeters>2068.0</AltitudeMeters>
          <DistanceMeters>150648.0</DistanceMeters>
        </Trackpoint>
        <Trackpoint>
          <Time>2026-07-26T07:22:03Z</Time>
          <Position>
            <LatitudeDegrees>35.51265</LatitudeDegrees>
            <LongitudeDegrees>-105.89592</LongitudeDegrees>
          </Position>
          <AltitudeMeters>2068.9</AltitudeMeters>
          <DistanceMeters>150720.9</DistanceMeters>
        </Trackpoint>
        <Trackpoint>
          <Time>2026-07-26T07:22:13Z</Time>
          <Position>
            <LatitudeDegrees>35.51327</LatitudeDegrees>
            <LongitudeDegrees>-105.89569</LongitudeDegrees>
          </Position>
          <AltitudeMeters>2070.2</AltitudeMeters>
          <DistanceMeters>150793.0</DistanceMeters>
        </Trackpoint>
        <Trackpoint>
          <Time>2026-07-26T07:22:23Z</Time>
          <Position>
            <LatitudeDegrees>35.5139</LatitudeDegrees>
            <LongitudeDegrees>-105.89546</LongitudeDegrees>
          </Position>
          <AltitudeMeters>2071.7</AltitudeMeters>
          <DistanceMeters>150866.2</DistanceMeters>
        </Trackpoint>
        <Trackpoint>
          <Time>2026-07-26T07:22:33Z</Time>
          <Position>
            <LatitudeDegrees>35.51475</LatitudeDegrees>
            <LongitudeDegrees>-105.89513</LongitudeDegrees>
          </Position>
          <AltitudeMeters>2073.7</AltitudeMeters>
          <DistanceMeters>150965.4</DistanceMeters>
        </Trackpoint>
        <Trackpoint>
          <Time>2026-07-26T07:22:43Z</Time>
          <Position>
            <LatitudeDegrees>35.5156</LatitudeDegrees>
            <LongitudeDegrees>-105.8948</LongitudeDegrees>
          </Position>
          <AltitudeMeters>2077.5</AltitudeMeters>
          <DistanceMeters>151064.6</DistanceMeters>
        </Trackpoint>
        <Trackpoint>
          <Time>2026-07-26T07:22:53Z</Time>
          <Position>
            <LatitudeDegrees>35.51637</LatitudeDegrees>
            <LongitudeDegrees>-105.89451</LongitudeDegrees>
          </Position>
          <AltitudeMeters>2080.4</AltitudeMeters>
          <DistanceMeters>151154.3</DistanceMeters>
        </Trackpoint>
        <Trackpoint>
          <Time>2026-07-26T07:23:03Z</Time>
          <Position>
            <LatitudeDegrees>35.51714</LatitudeDegrees>
            <LongitudeDegrees>-105.89422</LongitudeDegrees>
          </Position>
          <AltitudeMeters>2083.3</AltitudeMeters>
          <DistanceMeters>151243.9</DistanceMeters>
        </Trackpoint>
        <Trackpoint>
          <Time>2026-07-26T07:23:13Z</Time>
          <Position>
            <LatitudeDegrees>35.51791</LatitudeDegrees>
            <LongitudeDegrees>-105.89393</LongitudeDegrees>
          </Position>
          <AltitudeMeters>2085.2</AltitudeMeters>
          <DistanceMeters>151333.6</DistanceMeters>
        </Trackpoint>
        <Trackpoint>
          <Time>2026-07-26T07:23:23Z</Time>
          <Position>
            <LatitudeDegrees>35.51868</LatitudeDegrees>
            <LongitudeDegrees>-105.89364</LongitudeDegrees>
          </Position>
          <AltitudeMeters>2087.6</AltitudeMeters>
          <DistanceMeters>151423.2</DistanceMeters>
        </Trackpoint>
        <Trackpoint>
          <Time>2026-07-26T07:23:33Z</Time>
          <Position>
            <LatitudeDegrees>35.51944</LatitudeDegrees>
            <LongitudeDegrees>-105.89335</LongitudeDegrees>
          </Position>
          <AltitudeMeters>2089.4</AltitudeMeters>
          <DistanceMeters>151511.8</DistanceMeters>
        </Trackpoint>
        <Trackpoint>
          <Time>2026-07-26T07:23:43Z</Time>
          <Position>
            <LatitudeDegrees>35.52021</LatitudeDegrees>
            <LongitudeDegrees>-105.89305</LongitudeDegrees>
          </Position>
          <AltitudeMeters>2090.7</AltitudeMeters>
          <DistanceMeters>151601.7</DistanceMeters>
        </Trackpoint>
        <Trackpoint>
          <Time>2026-07-26T07:23:53Z</Time>
          <Position>
            <LatitudeDegrees>35.52098</LatitudeDegrees>
            <LongitudeDegrees>-105.89276</LongitudeDegrees>
          </Position>
          <AltitudeMeters>2090.8</AltitudeMeters>
          <DistanceMeters>151691.4</DistanceMeters>
        </Trackpoint>
        <Trackpoint>
          <Time>2026-07-26T07:24:03Z</Time>
          <Position>
            <LatitudeDegrees>35.52175</LatitudeDegrees>
            <LongitudeDegrees>-105.89247</LongitudeDegrees>
          </Position>
          <AltitudeMeters>2092.1</AltitudeMeters>
          <DistanceMeters>151781.0</DistanceMeters>
        </Trackpoint>
        <Trackpoint>
          <Time>2026-07-26T07:24:13Z</Time>
          <Position>
            <LatitudeDegrees>35.52252</LatitudeDegrees>
            <LongitudeDegrees>-105.89218</LongitudeDegrees>
          </Position>
          <AltitudeMeters>2095.8</AltitudeMeters>
          <DistanceMeters>151870.7</DistanceMeters>
        </Trackpoint>
        <Trackpoint>
          <Time>2026-07-26T07:24:23Z</Time>
          <Position>
            <LatitudeDegrees>35.52326</LatitudeDegrees>
            <LongitudeDegrees>-105.89189</LongitudeDegrees>
          </Position>
          <AltitudeMeters>2098.0</AltitudeMeters>
          <DistanceMeters>151957.2</DistanceMeters>
        </Trackpoint>
        <Trackpoint>
          <Time>2026-07-26T07:24:33Z</Time>
          <Position>
            <LatitudeDegrees>35.52401</LatitudeDegrees>
            <LongitudeDegrees>-105.89161</LongitudeDegrees>
          </Position>
          <AltitudeMeters>2101.3</AltitudeMeters>
          <DistanceMeters>152044.4</DistanceMeters>
        </Trackpoint>
        <Trackpoint>
          <Time>2026-07-26T07:24:43Z</Time>
          <Position>
            <LatitudeDegrees>35.52476</LatitudeDegrees>
            <LongitudeDegrees>-105.89132</LongitudeDegrees>
          </Position>
          <AltitudeMeters>2102.9</AltitudeMeters>
          <DistanceMeters>152131.9</DistanceMeters>
        </Trackpoint>
        <Trackpoint>
          <Time>2026-07-26T07:24:53Z</Time>
          <Position>
            <LatitudeDegrees>35.5254</LatitudeDegrees>
            <LongitudeDegrees>-105.89106</LongitudeDegrees>
          </Position>
          <AltitudeMeters>2104.7</AltitudeMeters>
          <DistanceMeters>152207.0</DistanceMeters>
        </Trackpoint>
        <Trackpoint>
          <Time>2026-07-26T07:25:03Z</Time>
          <Position>
            <LatitudeDegrees>35.52605</LatitudeDegrees>
            <LongitudeDegrees>-105.89081</LongitudeDegrees>
          </Position>
          <AltitudeMeters>2106.3</AltitudeMeters>
          <DistanceMeters>152282.8</DistanceMeters>
        </Trackpoint>
        <Trackpoint>
          <Time>2026-07-26T07:25:13Z</Time>
          <Position>
            <LatitudeDegrees>35.52669</LatitudeDegrees>
            <LongitudeDegrees>-105.89055</LongitudeDegrees>
          </Position>
          <AltitudeMeters>2107.5</AltitudeMeters>
          <DistanceMeters>152357.8</DistanceMeters>
        </Trackpoint>
        <Trackpoint>
          <Time>2026-07-26T07:25:23Z</Time>
          <Position>
            <LatitudeDegrees>35.52733</LatitudeDegrees>
            <LongitudeDegrees>-105.89029</LongitudeDegrees>
          </Position>
          <AltitudeMeters>2108.5</AltitudeMeters>
          <DistanceMeters>152432.9</DistanceMeters>
        </Trackpoint>
        <Trackpoint>
          <Time>2026-07-26T07:25:33Z</Time>
          <Position>
            <LatitudeDegrees>35.52809</LatitudeDegrees>
            <LongitudeDegrees>-105.89003</LongitudeDegrees>
          </Position>
          <AltitudeMeters>2111.0</AltitudeMeters>
          <DistanceMeters>152520.7</DistanceMeters>
        </Trackpoint>
        <Trackpoint>
          <Time>2026-07-26T07:25:43Z</Time>
          <Position>
            <LatitudeDegrees>35.52884</LatitudeDegrees>
            <LongitudeDegrees>-105.88976</LongitudeDegrees>
          </Position>
          <AltitudeMeters>2113.9</AltitudeMeters>
          <DistanceMeters>152607.7</DistanceMeters>
        </Trackpoint>
        <Trackpoint>
          <Time>2026-07-26T07:25:53Z</Time>
          <Position>
            <LatitudeDegrees>35.5296</LatitudeDegrees>
            <LongitudeDegrees>-105.8895</LongitudeDegrees>
          </Position>
          <AltitudeMeters>2116.5</AltitudeMeters>
          <DistanceMeters>152695.5</DistanceMeters>
        </Trackpoint>
        <Trackpoint>
          <Time>2026-07-26T07:26:03Z</Time>
          <Position>
            <LatitudeDegrees>35.53035</LatitudeDegrees>
            <LongitudeDegrees>-105.88922</LongitudeDegrees>
          </Position>
          <AltitudeMeters>2118.0</AltitudeMeters>
          <DistanceMeters>152782.8</DistanceMeters>
        </Trackpoint>
        <Trackpoint>
          <Time>2026-07-26T07:26:13Z</Time>
          <Position>
            <LatitudeDegrees>35.5311</LatitudeDegrees>
            <LongitudeDegrees>-105.88894</LongitudeDegrees>
          </Position>
          <AltitudeMeters>2121.2</AltitudeMeters>
          <DistanceMeters>152870.0</DistanceMeters>
        </Trackpoint>
        <Trackpoint>
          <Time>2026-07-26T07:26:23Z</Time>
          <Position>
            <LatitudeDegrees>35.53185</LatitudeDegrees>
            <LongitudeDegrees>-105.88866</LongitudeDegrees>
          </Position>
          <AltitudeMeters>2123.4</AltitudeMeters>
          <DistanceMeters>152957.3</DistanceMeters>
        </Trackpoint>
        <Trackpoint>
          <Time>2026-07-26T07:26:33Z</Time>
          <Position>
            <LatitudeDegrees>35.5326</LatitudeDegrees>
            <LongitudeDegrees>-105.88838</LongitudeDegrees>
          </Position>
          <AltitudeMeters>2125.9</AltitudeMeters>
          <DistanceMeters>153044.5</DistanceMeters>
        </Trackpoint>
        <Trackpoint>
          <Time>2026-07-26T07:26:43Z</Time>
          <Position>
            <LatitudeDegrees>35.53334</LatitudeDegrees>
            <LongitudeDegrees>-105.88809</LongitudeDegrees>
          </Position>
          <AltitudeMeters>2126.9</AltitudeMeters>
          <DistanceMeters>153131.0</DistanceMeters>
        </Trackpoint>
        <Trackpoint>
          <Time>2026-07-26T07:26:53Z</Time>
          <Position>
            <LatitudeDegrees>35.53409</LatitudeDegrees>
            <LongitudeDegrees>-105.88781</LongitudeDegrees>
          </Position>
          <AltitudeMeters>2127.7</AltitudeMeters>
          <DistanceMeters>153218.3</DistanceMeters>
        </Trackpoint>
        <Trackpoint>
          <Time>2026-07-26T07:27:03Z</Time>
          <Position>
            <LatitudeDegrees>35.53474</LatitudeDegrees>
            <LongitudeDegrees>-105.88756</LongitudeDegrees>
          </Position>
          <AltitudeMeters>2128.4</AltitudeMeters>
          <DistanceMeters>153294.1</DistanceMeters>
        </Trackpoint>
        <Trackpoint>
          <Time>2026-07-26T07:27:13Z</Time>
          <Position>
            <LatitudeDegrees>35.53539</LatitudeDegrees>
            <LongitudeDegrees>-105.8873</LongitudeDegrees>
          </Position>
          <AltitudeMeters>2132.0</AltitudeMeters>
          <DistanceMeters>153370.2</DistanceMeters>
        </Trackpoint>
        <Trackpoint>
          <Time>2026-07-26T07:27:23Z</Time>
          <Position>
            <LatitudeDegrees>35.53607</LatitudeDegrees>
            <LongitudeDegrees>-105.88706</LongitudeDegrees>
          </Position>
          <AltitudeMeters>2134.9</AltitudeMeters>
          <DistanceMeters>153448.9</DistanceMeters>
        </Trackpoint>
        <Trackpoint>
          <Time>2026-07-26T07:27:33Z</Time>
          <Position>
            <LatitudeDegrees>35.53675</LatitudeDegrees>
            <LongitudeDegrees>-105.88681</LongitudeDegrees>
          </Position>
          <AltitudeMeters>2135.4</AltitudeMeters>
          <DistanceMeters>153527.9</DistanceMeters>
        </Trackpoint>
        <Trackpoint>
          <Time>2026-07-26T07:27:43Z</Time>
          <Position>
            <LatitudeDegrees>35.53758</LatitudeDegrees>
            <LongitudeDegrees>-105.8865</LongitudeDegrees>
          </Position>
          <AltitudeMeters>2134.7</AltitudeMeters>
          <DistanceMeters>153624.5</DistanceMeters>
        </Trackpoint>
        <Trackpoint>
          <Time>2026-07-26T07:27:53Z</Time>
          <Position>
            <LatitudeDegrees>35.5384</LatitudeDegrees>
            <LongitudeDegrees>-105.88619</LongitudeDegrees>
          </Position>
          <AltitudeMeters>2136.6</AltitudeMeters>
          <DistanceMeters>153720.0</DistanceMeters>
        </Trackpoint>
        <Trackpoint>
          <Time>2026-07-26T07:28:03Z</Time>
          <Position>
            <LatitudeDegrees>35.53923</LatitudeDegrees>
            <LongitudeDegrees>-105.88588</LongitudeDegrees>
          </Position>
          <AltitudeMeters>2141.8</AltitudeMeters>
          <DistanceMeters>153816.6</DistanceMeters>
        </Trackpoint>
        <Trackpoint>
          <Time>2026-07-26T07:28:13Z</Time>
          <Position>
            <LatitudeDegrees>35.54006</LatitudeDegrees>
            <LongitudeDegrees>-105.88557</LongitudeDegrees>
          </Position>
          <AltitudeMeters>2142.8</AltitudeMeters>
          <DistanceMeters>153913.2</DistanceMeters>
        </Trackpoint>
        <Trackpoint>
          <Time>2026-07-26T07:28:23Z</Time>
          <Position>
            <LatitudeDegrees>35.54088</LatitudeDegrees>
            <LongitudeDegrees>-105.88527</LongitudeDegrees>
          </Position>
          <AltitudeMeters>2145.5</AltitudeMeters>
          <DistanceMeters>154008.4</DistanceMeters>
        </Trackpoint>
        <Trackpoint>
          <Time>2026-07-26T07:28:33Z</Time>
          <Position>
            <LatitudeDegrees>35.54171</LatitudeDegrees>
            <LongitudeDegrees>-105.88496</LongitudeDegrees>
          </Position>
          <AltitudeMeters>2149.6</AltitudeMeters>
          <DistanceMeters>154105.0</DistanceMeters>
        </Trackpoint>
        <Trackpoint>
          <Time>2026-07-26T07:28:43Z</Time>
          <Position>
            <LatitudeDegrees>35.54253</LatitudeDegrees>
            <LongitudeDegrees>-105.88465</LongitudeDegrees>
          </Position>
          <AltitudeMeters>2150.5</AltitudeMeters>
          <DistanceMeters>154200.5</DistanceMeters>
        </Trackpoint>
        <Trackpoint>
          <Time>2026-07-26T07:28:53Z</Time>
          <Position>
            <LatitudeDegrees>35.54336</LatitudeDegrees>
            <LongitudeDegrees>-105.88434</LongitudeDegrees>
          </Position>
          <AltitudeMeters>2150.8</AltitudeMeters>
          <DistanceMeters>154297.0</DistanceMeters>
        </Trackpoint>
        <Trackpoint>
          <Time>2026-07-26T07:29:03Z</Time>
          <Position>
            <LatitudeDegrees>35.54414</LatitudeDegrees>
            <LongitudeDegrees>-105.88404</LongitudeDegrees>
          </Position>
          <AltitudeMeters>2151.9</AltitudeMeters>
          <DistanceMeters>154388.0</DistanceMeters>
        </Trackpoint>
        <Trackpoint>
          <Time>2026-07-26T07:29:13Z</Time>
          <Position>
            <LatitudeDegrees>35.54493</LatitudeDegrees>
            <LongitudeDegrees>-105.88373</LongitudeDegrees>
          </Position>
          <AltitudeMeters>2155.7</AltitudeMeters>
          <DistanceMeters>154480.3</DistanceMeters>
        </Trackpoint>
        <Trackpoint>
          <Time>2026-07-26T07:29:23Z</Time>
          <Position>
            <LatitudeDegrees>35.54572</LatitudeDegrees>
            <LongitudeDegrees>-105.88343</LongitudeDegrees>
          </Position>
          <AltitudeMeters>2156.9</AltitudeMeters>
          <DistanceMeters>154572.4</DistanceMeters>
        </Trackpoint>
        <Trackpoint>
          <Time>2026-07-26T07:29:33Z</Time>
          <Position>
            <LatitudeDegrees>35.5465</LatitudeDegrees>
            <LongitudeDegrees>-105.88313</LongitudeDegrees>
          </Position>
          <AltitudeMeters>2157.2</AltitudeMeters>
          <DistanceMeters>154663.4</DistanceMeters>
        </Trackpoint>
        <Trackpoint>
          <Time>2026-07-26T07:29:43Z</Time>
          <Position>
            <LatitudeDegrees>35.54702</LatitudeDegrees>
            <LongitudeDegrees>-105.88288</LongitudeDegrees>
          </Position>
          <AltitudeMeters>2156.7</AltitudeMeters>
          <DistanceMeters>154725.5</DistanceMeters>
        </Trackpoint>
        <Trackpoint>
          <Time>2026-07-26T07:29:53Z</Time>
          <Position>
            <LatitudeDegrees>35.54754</LatitudeDegrees>
            <LongitudeDegrees>-105.88262</LongitudeDegrees>
          </Position>
          <AltitudeMeters>2159.0</AltitudeMeters>
          <DistanceMeters>154788.0</DistanceMeters>
        </Trackpoint>
        <Trackpoint>
          <Time>2026-07-26T07:30:03Z</Time>
          <Position>
            <LatitudeDegrees>35.54799</LatitudeDegrees>
            <LongitudeDegrees>-105.88236</LongitudeDegrees>
          </Position>
          <AltitudeMeters>2159.1</AltitudeMeters>
          <DistanceMeters>154843.4</DistanceMeters>
        </Trackpoint>
        <Trackpoint>
          <Time>2026-07-26T07:30:13Z</Time>
          <Position>
            <LatitudeDegrees>35.54845</LatitudeDegrees>
            <LongitudeDegrees>-105.88211</LongitudeDegrees>
          </Position>
          <AltitudeMeters>2160.5</AltitudeMeters>
          <DistanceMeters>154899.3</DistanceMeters>
        </Trackpoint>
        <Trackpoint>
          <Time>2026-07-26T07:30:23Z</Time>
          <Position>
            <LatitudeDegrees>35.54915</LatitudeDegrees>
            <LongitudeDegrees>-105.88173</LongitudeDegrees>
          </Position>
          <AltitudeMeters>2162.1</AltitudeMeters>
          <DistanceMeters>154984.5</DistanceMeters>
        </Trackpoint>
        <Trackpoint>
          <Time>2026-07-26T07:30:33Z</Time>
          <Position>
            <LatitudeDegrees>35.54986</LatitudeDegrees>
            <LongitudeDegrees>-105.88135</LongitudeDegrees>
          </Position>
          <AltitudeMeters>2164.4</AltitudeMeters>
          <DistanceMeters>155070.7</DistanceMeters>
        </Trackpoint>
        <Trackpoint>
          <Time>2026-07-26T07:30:43Z</Time>
          <Position>
            <LatitudeDegrees>35.55057</LatitudeDegrees>
            <LongitudeDegrees>-105.88097</LongitudeDegrees>
          </Position>
          <AltitudeMeters>2166.6</AltitudeMeters>
          <DistanceMeters>155156.9</DistanceMeters>
        </Trackpoint>
        <Trackpoint>
          <Time>2026-07-26T07:30:53Z</Time>
          <Position>
            <LatitudeDegrees>35.55128</LatitudeDegrees>
            <LongitudeDegrees>-105.8806</LongitudeDegrees>
          </Position>
          <AltitudeMeters>2167.9</AltitudeMeters>
          <DistanceMeters>155242.8</DistanceMeters>
        </Trackpoint>
        <Trackpoint>
          <Time>2026-07-26T07:31:03Z</Time>
          <Position>
            <LatitudeDegrees>35.55199</LatitudeDegrees>
            <LongitudeDegrees>-105.88022</LongitudeDegrees>
          </Position>
          <AltitudeMeters>2168.7</AltitudeMeters>
          <DistanceMeters>155329.0</DistanceMeters>
        </Trackpoint>
        <Trackpoint>
          <Time>2026-07-26T07:31:13Z</Time>
          <Position>
            <LatitudeDegrees>35.55274</LatitudeDegrees>
            <LongitudeDegrees>-105.8798</LongitudeDegrees>
          </Position>
          <AltitudeMeters>2170.8</AltitudeMeters>
          <DistanceMeters>155420.7</DistanceMeters>
        </Trackpoint>
        <Trackpoint>
          <Time>2026-07-26T07:31:23Z</Time>
          <Position>
            <LatitudeDegrees>35.55349</LatitudeDegrees>
            <LongitudeDegrees>-105.87939</LongitudeDegrees>
          </Position>
          <AltitudeMeters>2172.1</AltitudeMeters>
          <DistanceMeters>155512.1</DistanceMeters>
        </Trackpoint>
        <Trackpoint>
          <Time>2026-07-26T07:31:33Z</Time>
          <Position>
            <LatitudeDegrees>35.55425</LatitudeDegrees>
            <LongitudeDegrees>-105.87897</LongitudeDegrees>
          </Position>
          <AltitudeMeters>2172.8</AltitudeMeters>
          <DistanceMeters>155604.9</DistanceMeters>
        </Trackpoint>
        <Trackpoint>
          <Time>2026-07-26T07:31:43Z</Time>
          <Position>
            <LatitudeDegrees>35.555</LatitudeDegrees>
            <LongitudeDegrees>-105.87856</LongitudeDegrees>
          </Position>
          <AltitudeMeters>2176.4</AltitudeMeters>
          <DistanceMeters>155696.2</DistanceMeters>
        </Trackpoint>
        <Trackpoint>
          <Time>2026-07-26T07:31:53Z</Time>
          <Position>
            <LatitudeDegrees>35.55575</LatitudeDegrees>
            <LongitudeDegrees>-105.87814</LongitudeDegrees>
          </Position>
          <AltitudeMeters>2180.6</AltitudeMeters>
          <DistanceMeters>155788.0</DistanceMeters>
        </Trackpoint>
        <Trackpoint>
          <Time>2026-07-26T07:32:03Z</Time>
          <Position>
            <LatitudeDegrees>35.55627</LatitudeDegrees>
            <LongitudeDegrees>-105.87786</LongitudeDegrees>
          </Position>
          <AltitudeMeters>2182.5</AltitudeMeters>
          <DistanceMeters>155851.2</DistanceMeters>
        </Trackpoint>
        <Trackpoint>
          <Time>2026-07-26T07:32:13Z</Time>
          <Position>
            <LatitudeDegrees>35.55679</LatitudeDegrees>
            <LongitudeDegrees>-105.87759</LongitudeDegrees>
          </Position>
          <AltitudeMeters>2183.1</AltitudeMeters>
          <DistanceMeters>155914.0</DistanceMeters>
        </Trackpoint>
        <Trackpoint>
          <Time>2026-07-26T07:32:23Z</Time>
          <Position>
            <LatitudeDegrees>35.55737</LatitudeDegrees>
            <LongitudeDegrees>-105.87725</LongitudeDegrees>
          </Position>
          <AltitudeMeters>2185.0</AltitudeMeters>
          <DistanceMeters>155985.6</DistanceMeters>
        </Trackpoint>
        <Trackpoint>
          <Time>2026-07-26T07:32:33Z</Time>
          <Position>
            <LatitudeDegrees>35.5575</LatitudeDegrees>
            <LongitudeDegrees>-105.87716</LongitudeDegrees>
          </Position>
          <AltitudeMeters>2185.5</AltitudeMeters>
          <DistanceMeters>156002.2</DistanceMeters>
        </Trackpoint>
        <Trackpoint>
          <Time>2026-07-26T07:32:43Z</Time>
          <Position>
            <LatitudeDegrees>35.55765</LatitudeDegrees>
            <LongitudeDegrees>-105.877</LongitudeDegrees>
          </Position>
          <AltitudeMeters>2186.3</AltitudeMeters>
          <DistanceMeters>156024.3</DistanceMeters>
        </Trackpoint>
        <Trackpoint>
          <Time>2026-07-26T07:32:53Z</Time>
          <Position>
            <LatitudeDegrees>35.55777</LatitudeDegrees>
            <LongitudeDegrees>-105.87693</LongitudeDegrees>
          </Position>
          <AltitudeMeters>2186.7</AltitudeMeters>
          <DistanceMeters>156039.1</DistanceMeters>
        </Trackpoint>
        <Trackpoint>
          <Time>2026-07-26T07:33:03Z</Time>
          <Position>
            <LatitudeDegrees>35.55831</LatitudeDegrees>
            <LongitudeDegrees>-105.87732</LongitudeDegrees>
          </Position>
          <AltitudeMeters>2187.2</AltitudeMeters>
          <DistanceMeters>156108.8</DistanceMeters>
        </Trackpoint>
        <Trackpoint>
          <Time>2026-07-26T07:33:13Z</Time>
          <Position>
            <LatitudeDegrees>35.55885</LatitudeDegrees>
            <LongitudeDegrees>-105.87771</LongitudeDegrees>
          </Position>
          <AltitudeMeters>2187.0</AltitudeMeters>
          <DistanceMeters>156178.5</DistanceMeters>
        </Trackpoint>
        <Trackpoint>
          <Time>2026-07-26T07:33:23Z</Time>
          <Position>
            <LatitudeDegrees>35.55957</LatitudeDegrees>
            <LongitudeDegrees>-105.87819</LongitudeDegrees>
          </Position>
          <AltitudeMeters>2189.5</AltitudeMeters>
          <DistanceMeters>156269.7</DistanceMeters>
        </Trackpoint>
        <Trackpoint>
          <Time>2026-07-26T07:33:33Z</Time>
          <Position>
            <LatitudeDegrees>35.56015</LatitudeDegrees>
            <LongitudeDegrees>-105.87862</LongitudeDegrees>
          </Position>
          <AltitudeMeters>2189.5</AltitudeMeters>
          <DistanceMeters>156345.1</DistanceMeters>
        </Trackpoint>
        <Trackpoint>
          <Time>2026-07-26T07:33:43Z</Time>
          <Position>
            <LatitudeDegrees>35.56074</LatitudeDegrees>
            <LongitudeDegrees>-105.87904</LongitudeDegrees>
          </Position>
          <AltitudeMeters>2190.2</AltitudeMeters>
          <DistanceMeters>156421.0</DistanceMeters>
        </Trackpoint>
        <Trackpoint>
          <Time>2026-07-26T07:33:53Z</Time>
          <Position>
            <LatitudeDegrees>35.56099</LatitudeDegrees>
            <LongitudeDegrees>-105.87926</LongitudeDegrees>
          </Position>
          <AltitudeMeters>2190.4</AltitudeMeters>
          <DistanceMeters>156455.2</DistanceMeters>
        </Trackpoint>
        <Trackpoint>
          <Time>2026-07-26T07:34:13Z</Time>
          <Position>
            <LatitudeDegrees>35.5615</LatitudeDegrees>
            <LongitudeDegrees>-105.87972</LongitudeDegrees>
          </Position>
          <AltitudeMeters>2190.8</AltitudeMeters>
          <DistanceMeters>156525.6</DistanceMeters>
        </Trackpoint>
        <Trackpoint>
          <Time>2026-07-26T07:34:23Z</Time>
          <Position>
            <LatitudeDegrees>35.562</LatitudeDegrees>
            <LongitudeDegrees>-105.88017</LongitudeDegrees>
          </Position>
          <AltitudeMeters>2190.8</AltitudeMeters>
          <DistanceMeters>156594.6</DistanceMeters>
        </Trackpoint>
        <Trackpoint>
          <Time>2026-07-26T07:34:33Z</Time>
          <Position>
            <LatitudeDegrees>35.56251</LatitudeDegrees>
            <LongitudeDegrees>-105.88063</LongitudeDegrees>
          </Position>
          <AltitudeMeters>2190.3</AltitudeMeters>
          <DistanceMeters>156665.0</DistanceMeters>
        </Trackpoint>
        <Trackpoint>
          <Time>2026-07-26T07:34:53Z</Time>
          <Position>
            <LatitudeDegrees>35.56321</LatitudeDegrees>
            <LongitudeDegrees>-105.88128</LongitudeDegrees>
          </Position>
          <AltitudeMeters>2189.5</AltitudeMeters>
          <DistanceMeters>156762.7</DistanceMeters>
        </Trackpoint>
        <Trackpoint>
          <Time>2026-07-26T07:35:03Z</Time>
          <Position>
            <LatitudeDegrees>35.56384</LatitudeDegrees>
            <LongitudeDegrees>-105.88185</LongitudeDegrees>
          </Position>
          <AltitudeMeters>2191.2</AltitudeMeters>
          <DistanceMeters>156849.7</DistanceMeters>
        </Trackpoint>
        <Trackpoint>
          <Time>2026-07-26T07:35:13Z</Time>
          <Position>
            <LatitudeDegrees>35.56448</LatitudeDegrees>
            <LongitudeDegrees>-105.88242</LongitudeDegrees>
          </Position>
          <AltitudeMeters>2191.6</AltitudeMeters>
          <DistanceMeters>156937.7</DistanceMeters>
        </Trackpoint>
        <Trackpoint>
          <Time>2026-07-26T07:35:23Z</Time>
          <Position>
            <LatitudeDegrees>35.56512</LatitudeDegrees>
            <LongitudeDegrees>-105.88299</LongitudeDegrees>
          </Position>
          <AltitudeMeters>2194.6</AltitudeMeters>
          <DistanceMeters>157025.7</DistanceMeters>
        </Trackpoint>
        <Trackpoint>
          <Time>2026-07-26T07:35:33Z</Time>
          <Position>
            <LatitudeDegrees>35.56575</LatitudeDegrees>
            <LongitudeDegrees>-105.88356</LongitudeDegrees>
          </Position>
          <AltitudeMeters>2198.8</AltitudeMeters>
          <DistanceMeters>157112.8</DistanceMeters>
        </Trackpoint>
        <Trackpoint>
          <Time>2026-07-26T07:35:43Z</Time>
          <Position>
            <LatitudeDegrees>35.56639</LatitudeDegrees>
            <LongitudeDegrees>-105.88413</LongitudeDegrees>
          </Position>
          <AltitudeMeters>2198.0</AltitudeMeters>
          <DistanceMeters>157200.8</DistanceMeters>
        </Trackpoint>
        <Trackpoint>
          <Time>2026-07-26T07:35:53Z</Time>
          <Position>
            <LatitudeDegrees>35.56711</LatitudeDegrees>
            <LongitudeDegrees>-105.88479</LongitudeDegrees>
          </Position>
          <AltitudeMeters>2196.4</AltitudeMeters>
          <DistanceMeters>157300.7</DistanceMeters>
        </Trackpoint>
        <Trackpoint>
          <Time>2026-07-26T07:36:03Z</Time>
          <Position>
            <LatitudeDegrees>35.56783</LatitudeDegrees>
            <LongitudeDegrees>-105.88544</LongitudeDegrees>
          </Position>
          <AltitudeMeters>2196.8</AltitudeMeters>
          <DistanceMeters>157400.2</DistanceMeters>
        </Trackpoint>
        <Trackpoint>
          <Time>2026-07-26T07:36:13Z</Time>
          <Position>
            <LatitudeDegrees>35.56855</LatitudeDegrees>
            <LongitudeDegrees>-105.88609</LongitudeDegrees>
          </Position>
          <AltitudeMeters>2193.9</AltitudeMeters>
          <DistanceMeters>157499.6</DistanceMeters>
        </Trackpoint>
        <Trackpoint>
          <Time>2026-07-26T07:36:23Z</Time>
          <Position>
            <LatitudeDegrees>35.56927</LatitudeDegrees>
            <LongitudeDegrees>-105.88675</LongitudeDegrees>
          </Position>
          <AltitudeMeters>2192.6</AltitudeMeters>
          <DistanceMeters>157599.6</DistanceMeters>
        </Trackpoint>
        <Trackpoint>
          <Time>2026-07-26T07:36:33Z</Time>
          <Position>
            <LatitudeDegrees>35.56999</LatitudeDegrees>
            <LongitudeDegrees>-105.8874</LongitudeDegrees>
          </Position>
          <AltitudeMeters>2194.0</AltitudeMeters>
          <DistanceMeters>157699.0</DistanceMeters>
        </Trackpoint>
        <Trackpoint>
          <Time>2026-07-26T07:36:43Z</Time>
          <Position>
            <LatitudeDegrees>35.57071</LatitudeDegrees>
            <LongitudeDegrees>-105.88805</LongitudeDegrees>
          </Position>
          <AltitudeMeters>2200.2</AltitudeMeters>
          <DistanceMeters>157798.5</DistanceMeters>
        </Trackpoint>
        <Trackpoint>
          <Time>2026-07-26T07:36:53Z</Time>
          <Position>
            <LatitudeDegrees>35.57143</LatitudeDegrees>
            <LongitudeDegrees>-105.88871</LongitudeDegrees>
          </Position>
          <AltitudeMeters>2201.9</AltitudeMeters>
          <DistanceMeters>157898.4</DistanceMeters>
        </Trackpoint>
        <Trackpoint>
          <Time>2026-07-26T07:37:03Z</Time>
          <Position>
            <LatitudeDegrees>35.57215</LatitudeDegrees>
            <LongitudeDegrees>-105.88936</LongitudeDegrees>
          </Position>
          <AltitudeMeters>2204.3</AltitudeMeters>
          <DistanceMeters>157997.9</DistanceMeters>
        </Trackpoint>
        <Trackpoint>
          <Time>2026-07-26T07:37:13Z</Time>
          <Position>
            <LatitudeDegrees>35.57287</LatitudeDegrees>
            <LongitudeDegrees>-105.89001</LongitudeDegrees>
          </Position>
          <AltitudeMeters>2205.8</AltitudeMeters>
          <DistanceMeters>158097.3</DistanceMeters>
        </Trackpoint>
        <Trackpoint>
          <Time>2026-07-26T07:37:23Z</Time>
          <Position>
            <LatitudeDegrees>35.57359</LatitudeDegrees>
            <LongitudeDegrees>-105.89067</LongitudeDegrees>
          </Position>
          <AltitudeMeters>2205.5</AltitudeMeters>
          <DistanceMeters>158197.3</DistanceMeters>
        </Trackpoint>
        <Trackpoint>
          <Time>2026-07-26T07:37:33Z</Time>
          <Position>
            <LatitudeDegrees>35.57431</LatitudeDegrees>
            <LongitudeDegrees>-105.89132</LongitudeDegrees>
          </Position>
          <AltitudeMeters>2201.8</AltitudeMeters>
          <DistanceMeters>158296.7</DistanceMeters>
        </Trackpoint>
        <Trackpoint>
          <Time>2026-07-26T07:37:43Z</Time>
          <Position>
            <LatitudeDegrees>35.57503</LatitudeDegrees>
            <LongitudeDegrees>-105.89197</LongitudeDegrees>
          </Position>
          <AltitudeMeters>2206.3</AltitudeMeters>
          <DistanceMeters>158396.2</DistanceMeters>
        </Trackpoint>
        <Trackpoint>
          <Time>2026-07-26T07:37:53Z</Time>
          <Position>
            <LatitudeDegrees>35.57569</LatitudeDegrees>
            <LongitudeDegrees>-105.89257</LongitudeDegrees>
          </Position>
          <AltitudeMeters>2209.7</AltitudeMeters>
          <DistanceMeters>158487.5</DistanceMeters>
        </Trackpoint>
        <Trackpoint>
          <Time>2026-07-26T07:38:03Z</Time>
          <Position>
            <LatitudeDegrees>35.57636</LatitudeDegrees>
            <LongitudeDegrees>-105.89317</LongitudeDegrees>
          </Position>
          <AltitudeMeters>2210.7</AltitudeMeters>
          <DistanceMeters>158579.8</DistanceMeters>
        </Trackpoint>
        <Trackpoint>
          <Time>2026-07-26T07:38:13Z</Time>
          <Position>
            <LatitudeDegrees>35.57703</LatitudeDegrees>
            <LongitudeDegrees>-105.89376</LongitudeDegrees>
          </Position>
          <AltitudeMeters>2210.5</AltitudeMeters>
          <DistanceMeters>158671.5</DistanceMeters>
        </Trackpoint>
        <Trackpoint>
          <Time>2026-07-26T07:38:23Z</Time>
          <Position>
            <LatitudeDegrees>35.5777</LatitudeDegrees>
            <LongitudeDegrees>-105.89436</LongitudeDegrees>
          </Position>
          <AltitudeMeters>2213.9</AltitudeMeters>
          <DistanceMeters>158763.8</DistanceMeters>
        </Trackpoint>
        <Trackpoint>
          <Time>2026-07-26T07:38:33Z</Time>
          <Position>
            <LatitudeDegrees>35.5784</LatitudeDegrees>
            <LongitudeDegrees>-105.89497</LongitudeDegrees>
          </Position>
          <AltitudeMeters>2214.5</AltitudeMeters>
          <DistanceMeters>158859.3</DistanceMeters>
        </Trackpoint>
        <Trackpoint>
          <Time>2026-07-26T07:38:43Z</Time>
          <Position>
            <LatitudeDegrees>35.57911</LatitudeDegrees>
            <LongitudeDegrees>-105.89557</LongitudeDegrees>
          </Position>
          <AltitudeMeters>2219.8</AltitudeMeters>
          <DistanceMeters>158955.2</DistanceMeters>
        </Trackpoint>
        <Trackpoint>
          <Time>2026-07-26T07:38:53Z</Time>
          <Position>
            <LatitudeDegrees>35.57974</LatitudeDegrees>
            <LongitudeDegrees>-105.89601</LongitudeDegrees>
          </Position>
          <AltitudeMeters>2224.1</AltitudeMeters>
          <DistanceMeters>159035.9</DistanceMeters>
        </Trackpoint>
        <Trackpoint>
          <Time>2026-07-26T07:39:03Z</Time>
          <Position>
            <LatitudeDegrees>35.58037</LatitudeDegrees>
            <LongitudeDegrees>-105.89644</LongitudeDegrees>
          </Position>
          <AltitudeMeters>2223.5</AltitudeMeters>
          <DistanceMeters>159116.1</DistanceMeters>
        </Trackpoint>
        <Trackpoint>
          <Time>2026-07-26T07:39:13Z</Time>
          <Position>
            <LatitudeDegrees>35.58082</LatitudeDegrees>
            <LongitudeDegrees>-105.89672</LongitudeDegrees>
          </Position>
          <AltitudeMeters>2222.1</AltitudeMeters>
          <DistanceMeters>159172.2</DistanceMeters>
        </Trackpoint>
        <Trackpoint>
          <Time>2026-07-26T07:39:23Z</Time>
          <Position>
            <LatitudeDegrees>35.58127</LatitudeDegrees>
            <LongitudeDegrees>-105.89699</LongitudeDegrees>
          </Position>
          <AltitudeMeters>2224.2</AltitudeMeters>
          <DistanceMeters>159228.0</DistanceMeters>
        </Trackpoint>
        <Trackpoint>
          <Time>2026-07-26T07:39:33Z</Time>
          <Position>
            <LatitudeDegrees>35.58193</LatitudeDegrees>
            <LongitudeDegrees>-105.89737</LongitudeDegrees>
          </Position>
          <AltitudeMeters>2228.8</AltitudeMeters>
          <DistanceMeters>159309.1</DistanceMeters>
        </Trackpoint>
        <Trackpoint>
          <Time>2026-07-26T07:39:43Z</Time>
          <Position>
            <LatitudeDegrees>35.58259</LatitudeDegrees>
            <LongitudeDegrees>-105.89775</LongitudeDegrees>
          </Position>
          <AltitudeMeters>2231.1</AltitudeMeters>
          <DistanceMeters>159390.2</DistanceMeters>
        </Trackpoint>
        <Trackpoint>
          <Time>2026-07-26T07:39:53Z</Time>
          <Position>
            <LatitudeDegrees>35.58326</LatitudeDegrees>
            <LongitudeDegrees>-105.89813</LongitudeDegrees>
          </Position>
          <AltitudeMeters>2231.7</AltitudeMeters>
          <DistanceMeters>159472.4</DistanceMeters>
        </Trackpoint>
        <Trackpoint>
          <Time>2026-07-26T07:40:03Z</Time>
          <Position>
            <LatitudeDegrees>35.58392</LatitudeDegrees>
            <LongitudeDegrees>-105.89851</LongitudeDegrees>
          </Position>
          <AltitudeMeters>2230.3</AltitudeMeters>
          <DistanceMeters>159553.5</DistanceMeters>
        </Trackpoint>
        <Trackpoint>
          <Time>2026-07-26T07:40:13Z</Time>
          <Position>
            <LatitudeDegrees>35.58461</LatitudeDegrees>
            <LongitudeDegrees>-105.89895</LongitudeDegrees>
          </Position>
          <AltitudeMeters>2227.4</AltitudeMeters>
          <DistanceMeters>159640.0</DistanceMeters>
        </Trackpoint>
        <Trackpoint>
          <Time>2026-07-26T07:40:23Z</Time>
          <Position>
            <LatitudeDegrees>35.5853</LatitudeDegrees>
            <LongitudeDegrees>-105.89939</LongitudeDegrees>
          </Position>
          <AltitudeMeters>2226.3</AltitudeMeters>
          <DistanceMeters>159726.5</DistanceMeters>
        </Trackpoint>
        <Trackpoint>
          <Time>2026-07-26T07:40:33Z</Time>
          <Position>
            <LatitudeDegrees>35.58592</LatitudeDegrees>
            <LongitudeDegrees>-105.89975</LongitudeDegrees>
          </Position>
          <AltitudeMeters>2221.9</AltitudeMeters>
          <DistanceMeters>159802.9</DistanceMeters>
        </Trackpoint>
        <Trackpoint>
          <Time>2026-07-26T07:40:43Z</Time>
          <Position>
            <LatitudeDegrees>35.58654</LatitudeDegrees>
            <LongitudeDegrees>-105.9001</LongitudeDegrees>
          </Position>
          <AltitudeMeters>2220.8</AltitudeMeters>
          <DistanceMeters>159878.8</DistanceMeters>
        </Trackpoint>
        <Trackpoint>
          <Time>2026-07-26T07:40:53Z</Time>
          <Position>
            <LatitudeDegrees>35.58726</LatitudeDegrees>
            <LongitudeDegrees>-105.90052</LongitudeDegrees>
          </Position>
          <AltitudeMeters>2224.0</AltitudeMeters>
          <DistanceMeters>159967.5</DistanceMeters>
        </Trackpoint>
        <Trackpoint>
          <Time>2026-07-26T07:41:03Z</Time>
          <Position>
            <LatitudeDegrees>35.58797</LatitudeDegrees>
            <LongitudeDegrees>-105.90094</LongitudeDegrees>
          </Position>
          <AltitudeMeters>2225.1</AltitudeMeters>
          <DistanceMeters>160055.2</DistanceMeters>
        </Trackpoint>
        <Trackpoint>
          <Time>2026-07-26T07:41:13Z</Time>
          <Position>
            <LatitudeDegrees>35.58869</LatitudeDegrees>
            <LongitudeDegrees>-105.90135</LongitudeDegrees>
          </Position>
          <AltitudeMeters>2224.2</AltitudeMeters>
          <DistanceMeters>160143.6</DistanceMeters>
        </Trackpoint>
        <Trackpoint>
          <Time>2026-07-26T07:41:23Z</Time>
          <Position>
            <LatitudeDegrees>35.5894</LatitudeDegrees>
            <LongitudeDegrees>-105.90177</LongitudeDegrees>
          </Position>
          <AltitudeMeters>2220.2</AltitudeMeters>
          <DistanceMeters>160231.3</DistanceMeters>
        </Trackpoint>
        <Trackpoint>
          <Time>2026-07-26T07:41:33Z</Time>
          <Position>
            <LatitudeDegrees>35.59012</LatitudeDegrees>
            <LongitudeDegrees>-105.90219</LongitudeDegrees>
          </Position>
          <AltitudeMeters>2216.9</AltitudeMeters>
          <DistanceMeters>160320.0</DistanceMeters>
        </Trackpoint>
        <Trackpoint>
          <Time>2026-07-26T07:41:43Z</Time>
          <Position>
            <LatitudeDegrees>35.59083</LatitudeDegrees>
            <LongitudeDegrees>-105.90261</LongitudeDegrees>
          </Position>
          <AltitudeMeters>2218.9</AltitudeMeters>
          <DistanceMeters>160407.7</DistanceMeters>
        </Trackpoint>
        <Trackpoint>
          <Time>2026-07-26T07:41:53Z</Time>
          <Position>
            <LatitudeDegrees>35.59154</LatitudeDegrees>
            <LongitudeDegrees>-105.90303</LongitudeDegrees>
          </Position>
          <AltitudeMeters>2219.7</AltitudeMeters>
          <DistanceMeters>160495.4</DistanceMeters>
        </Trackpoint>
        <Trackpoint>
          <Time>2026-07-26T07:42:03Z</Time>
          <Position>
            <LatitudeDegrees>35.59202</LatitudeDegrees>
            <LongitudeDegrees>-105.90328</LongitudeDegrees>
          </Position>
          <AltitudeMeters>2217.4</AltitudeMeters>
          <DistanceMeters>160553.4</DistanceMeters>
        </Trackpoint>
        <Trackpoint>
          <Time>2026-07-26T07:42:13Z</Time>
          <Position>
            <LatitudeDegrees>35.59276</LatitudeDegrees>
            <LongitudeDegrees>-105.90371</LongitudeDegrees>
          </Position>
          <AltitudeMeters>2214.0</AltitudeMeters>
          <DistanceMeters>160644.5</DistanceMeters>
        </Trackpoint>
        <Trackpoint>
          <Time>2026-07-26T07:42:23Z</Time>
          <Position>
            <LatitudeDegrees>35.59349</LatitudeDegrees>
            <LongitudeDegrees>-105.90414</LongitudeDegrees>
          </Position>
          <AltitudeMeters>2212.3</AltitudeMeters>
          <DistanceMeters>160734.6</DistanceMeters>
        </Trackpoint>
        <Trackpoint>
          <Time>2026-07-26T07:42:33Z</Time>
          <Position>
            <LatitudeDegrees>35.59423</LatitudeDegrees>
            <LongitudeDegrees>-105.90457</LongitudeDegrees>
          </Position>
          <AltitudeMeters>2212.9</AltitudeMeters>
          <DistanceMeters>160825.7</DistanceMeters>
        </Trackpoint>
        <Trackpoint>
          <Time>2026-07-26T07:42:43Z</Time>
          <Position>
            <LatitudeDegrees>35.59497</LatitudeDegrees>
            <LongitudeDegrees>-105.905</LongitudeDegrees>
          </Position>
          <AltitudeMeters>2212.8</AltitudeMeters>
          <DistanceMeters>160916.8</DistanceMeters>
        </Trackpoint>
        <Trackpoint>
          <Time>2026-07-26T07:42:53Z</Time>
          <Position>
            <LatitudeDegrees>35.5957</LatitudeDegrees>
            <LongitudeDegrees>-105.90542</LongitudeDegrees>
          </Position>
          <AltitudeMeters>2208.5</AltitudeMeters>
          <DistanceMeters>161006.6</DistanceMeters>
        </Trackpoint>
        <Trackpoint>
          <Time>2026-07-26T07:43:03Z</Time>
          <Position>
            <LatitudeDegrees>35.59644</LatitudeDegrees>
            <LongitudeDegrees>-105.90585</LongitudeDegrees>
          </Position>
          <AltitudeMeters>2200.5</AltitudeMeters>
          <DistanceMeters>161097.7</DistanceMeters>
        </Trackpoint>
        <Trackpoint>
          <Time>2026-07-26T07:43:13Z</Time>
          <Position>
            <LatitudeDegrees>35.59718</LatitudeDegrees>
            <LongitudeDegrees>-105.90628</LongitudeDegrees>
          </Position>
          <AltitudeMeters>2199.7</AltitudeMeters>
          <DistanceMeters>161188.8</DistanceMeters>
        </Trackpoint>
        <Trackpoint>
          <Time>2026-07-26T07:43:23Z</Time>
          <Position>
            <LatitudeDegrees>35.59792</LatitudeDegrees>
            <LongitudeDegrees>-105.90671</LongitudeDegrees>
          </Position>
          <AltitudeMeters>2197.9</AltitudeMeters>
          <DistanceMeters>161279.9</DistanceMeters>
        </Trackpoint>
        <Trackpoint>
          <Time>2026-07-26T07:43:33Z</Time>
          <Position>
            <LatitudeDegrees>35.59863</LatitudeDegrees>
            <LongitudeDegrees>-105.90713</LongitudeDegrees>
          </Position>
          <AltitudeMeters>2200.5</AltitudeMeters>
          <DistanceMeters>161367.6</DistanceMeters>
        </Trackpoint>
        <Trackpoint>
          <Time>2026-07-26T07:43:43Z</Time>
          <Position>
            <LatitudeDegrees>35.59934</LatitudeDegrees>
            <LongitudeDegrees>-105.90755</LongitudeDegrees>
          </Position>
          <AltitudeMeters>2202.6</AltitudeMeters>
          <DistanceMeters>161455.3</DistanceMeters>
        </Trackpoint>
        <Trackpoint>
          <Time>2026-07-26T07:43:53Z</Time>
          <Position>
            <LatitudeDegrees>35.60006</LatitudeDegrees>
            <LongitudeDegrees>-105.90797</LongitudeDegrees>
          </Position>
          <AltitudeMeters>2202.0</AltitudeMeters>
          <DistanceMeters>161544.0</DistanceMeters>
        </Trackpoint>
        <Trackpoint>
          <Time>2026-07-26T07:44:03Z</Time>
          <Position>
            <LatitudeDegrees>35.60077</LatitudeDegrees>
            <LongitudeDegrees>-105.90839</LongitudeDegrees>
          </Position>
          <AltitudeMeters>2205.7</AltitudeMeters>
          <DistanceMeters>161631.7</DistanceMeters>
        </Trackpoint>
        <Trackpoint>
          <Time>2026-07-26T07:44:13Z</Time>
          <Position>
            <LatitudeDegrees>35.60148</LatitudeDegrees>
            <LongitudeDegrees>-105.90881</LongitudeDegrees>
          </Position>
          <AltitudeMeters>2209.6</AltitudeMeters>
          <DistanceMeters>161719.4</DistanceMeters>
        </Trackpoint>
        <Trackpoint>
          <Time>2026-07-26T07:44:23Z</Time>
          <Position>
            <LatitudeDegrees>35.60214</LatitudeDegrees>
            <LongitudeDegrees>-105.90919</LongitudeDegrees>
          </Position>
          <AltitudeMeters>2208.7</AltitudeMeters>
          <DistanceMeters>161800.5</DistanceMeters>
        </Trackpoint>
        <Trackpoint>
          <Time>2026-07-26T07:44:33Z</Time>
          <Position>
            <LatitudeDegrees>35.6028</LatitudeDegrees>
            <LongitudeDegrees>-105.90957</LongitudeDegrees>
          </Position>
          <AltitudeMeters>2204.8</AltitudeMeters>
          <DistanceMeters>161881.7</DistanceMeters>
        </Trackpoint>
        <Trackpoint>
          <Time>2026-07-26T07:44:43Z</Time>
          <Position>
            <LatitudeDegrees>35.60346</LatitudeDegrees>
            <LongitudeDegrees>-105.90995</LongitudeDegrees>
          </Position>
          <AltitudeMeters>2206.1</AltitudeMeters>
          <DistanceMeters>161962.8</DistanceMeters>
        </Trackpoint>
        <Trackpoint>
          <Time>2026-07-26T07:44:53Z</Time>
          <Position>
            <LatitudeDegrees>35.60401</LatitudeDegrees>
            <LongitudeDegrees>-105.91029</LongitudeDegrees>
          </Position>
          <AltitudeMeters>2203.3</AltitudeMeters>
          <DistanceMeters>162031.3</DistanceMeters>
        </Trackpoint>
        <Trackpoint>
          <Time>2026-07-26T07:45:03Z</Time>
          <Position>
            <LatitudeDegrees>35.60478</LatitudeDegrees>
            <LongitudeDegrees>-105.91074</LongitudeDegrees>
          </Position>
          <AltitudeMeters>2207.3</AltitudeMeters>
          <DistanceMeters>162126.2</DistanceMeters>
        </Trackpoint>
        <Trackpoint>
          <Time>2026-07-26T07:45:13Z</Time>
          <Position>
            <LatitudeDegrees>35.60556</LatitudeDegrees>
            <LongitudeDegrees>-105.91118</LongitudeDegrees>
          </Position>
          <AltitudeMeters>2207.3</AltitudeMeters>
          <DistanceMeters>162221.7</DistanceMeters>
        </Trackpoint>
        <Trackpoint>
          <Time>2026-07-26T07:45:23Z</Time>
          <Position>
            <LatitudeDegrees>35.60633</LatitudeDegrees>
            <LongitudeDegrees>-105.91163</LongitudeDegrees>
          </Position>
          <AltitudeMeters>2202.7</AltitudeMeters>
          <DistanceMeters>162316.6</DistanceMeters>
        </Trackpoint>
        <Trackpoint>
          <Time>2026-07-26T07:45:33Z</Time>
          <Position>
            <LatitudeDegrees>35.6071</LatitudeDegrees>
            <LongitudeDegrees>-105.91208</LongitudeDegrees>
          </Position>
          <AltitudeMeters>2196.9</AltitudeMeters>
          <DistanceMeters>162411.5</DistanceMeters>
        </Trackpoint>
        <Trackpoint>
          <Time>2026-07-26T07:45:43Z</Time>
          <Position>
            <LatitudeDegrees>35.60788</LatitudeDegrees>
            <LongitudeDegrees>-105.91253</LongitudeDegrees>
          </Position>
          <AltitudeMeters>2196.2</AltitudeMeters>
          <DistanceMeters>162507.4</DistanceMeters>
        </Trackpoint>
        <Trackpoint>
          <Time>2026-07-26T07:45:53Z</Time>
          <Position>
            <LatitudeDegrees>35.60865</LatitudeDegrees>
            <LongitudeDegrees>-105.91298</LongitudeDegrees>
          </Position>
          <AltitudeMeters>2198.4</AltitudeMeters>
          <DistanceMeters>162602.3</DistanceMeters>
        </Trackpoint>
        <Trackpoint>
          <Time>2026-07-26T07:46:03Z</Time>
          <Position>
            <LatitudeDegrees>35.60943</LatitudeDegrees>
            <LongitudeDegrees>-105.91343</LongitudeDegrees>
          </Position>
          <AltitudeMeters>2197.5</AltitudeMeters>
          <DistanceMeters>162698.2</DistanceMeters>
        </Trackpoint>
        <Trackpoint>
          <Time>2026-07-26T07:46:13Z</Time>
          <Position>
            <LatitudeDegrees>35.6102</LatitudeDegrees>
            <LongitudeDegrees>-105.91388</LongitudeDegrees>
          </Position>
          <AltitudeMeters>2196.6</AltitudeMeters>
          <DistanceMeters>162793.1</DistanceMeters>
        </Trackpoint>
        <Trackpoint>
          <Time>2026-07-26T07:46:23Z</Time>
          <Position>
            <LatitudeDegrees>35.61097</LatitudeDegrees>
            <LongitudeDegrees>-105.91433</LongitudeDegrees>
          </Position>
          <AltitudeMeters>2203.5</AltitudeMeters>
          <DistanceMeters>162888.0</DistanceMeters>
        </Trackpoint>
        <Trackpoint>
          <Time>2026-07-26T07:46:33Z</Time>
          <Position>
            <LatitudeDegrees>35.61175</LatitudeDegrees>
            <LongitudeDegrees>-105.91478</LongitudeDegrees>
          </Position>
          <AltitudeMeters>2205.3</AltitudeMeters>
          <DistanceMeters>162983.9</DistanceMeters>
        </Trackpoint>
        <Trackpoint>
          <Time>2026-07-26T07:46:43Z</Time>
          <Position>
            <LatitudeDegrees>35.61252</LatitudeDegrees>
            <LongitudeDegrees>-105.91523</LongitudeDegrees>
          </Position>
          <AltitudeMeters>2209.2</AltitudeMeters>
          <DistanceMeters>163078.8</DistanceMeters>
        </Trackpoint>
        <Trackpoint>
          <Time>2026-07-26T07:46:53Z</Time>
          <Position>
            <LatitudeDegrees>35.6133</LatitudeDegrees>
            <LongitudeDegrees>-105.91568</LongitudeDegrees>
          </Position>
          <AltitudeMeters>2209.6</AltitudeMeters>
          <DistanceMeters>163174.7</DistanceMeters>
        </Trackpoint>
        <Trackpoint>
          <Time>2026-07-26T07:47:03Z</Time>
          <Position>
            <LatitudeDegrees>35.61405</LatitudeDegrees>
            <LongitudeDegrees>-105.91602</LongitudeDegrees>
          </Position>
          <AltitudeMeters>2209.0</AltitudeMeters>
          <DistanceMeters>163263.7</DistanceMeters>
        </Trackpoint>
        <Trackpoint>
          <Time>2026-07-26T07:47:13Z</Time>
          <Position>
            <LatitudeDegrees>35.61468</LatitudeDegrees>
            <LongitudeDegrees>-105.91617</LongitudeDegrees>
          </Position>
          <AltitudeMeters>2209.2</AltitudeMeters>
          <DistanceMeters>163335.1</DistanceMeters>
        </Trackpoint>
        <Trackpoint>
          <Time>2026-07-26T07:47:23Z</Time>
          <Position>
            <LatitudeDegrees>35.61518</LatitudeDegrees>
            <LongitudeDegrees>-105.91633</LongitudeDegrees>
          </Position>
          <AltitudeMeters>2210.2</AltitudeMeters>
          <DistanceMeters>163392.7</DistanceMeters>
        </Trackpoint>
        <Trackpoint>
          <Time>2026-07-26T07:47:33Z</Time>
          <Position>
            <LatitudeDegrees>35.6158</LatitudeDegrees>
            <LongitudeDegrees>-105.91643</LongitudeDegrees>
          </Position>
          <AltitudeMeters>2205.1</AltitudeMeters>
          <DistanceMeters>163462.3</DistanceMeters>
        </Trackpoint>
        <Trackpoint>
          <Time>2026-07-26T07:47:43Z</Time>
          <Position>
            <LatitudeDegrees>35.61643</LatitudeDegrees>
            <LongitudeDegrees>-105.91653</LongitudeDegrees>
          </Position>
          <AltitudeMeters>2205.6</AltitudeMeters>
          <DistanceMeters>163533.0</DistanceMeters>
        </Trackpoint>
        <Trackpoint>
          <Time>2026-07-26T07:47:53Z</Time>
          <Position>
            <LatitudeDegrees>35.61705</LatitudeDegrees>
            <LongitudeDegrees>-105.91668</LongitudeDegrees>
          </Position>
          <AltitudeMeters>2206.4</AltitudeMeters>
          <DistanceMeters>163603.3</DistanceMeters>
        </Trackpoint>
        <Trackpoint>
          <Time>2026-07-26T07:48:03Z</Time>
          <Position>
            <LatitudeDegrees>35.61753</LatitudeDegrees>
            <LongitudeDegrees>-105.91684</LongitudeDegrees>
          </Position>
          <AltitudeMeters>2203.0</AltitudeMeters>
          <DistanceMeters>163658.7</DistanceMeters>
        </Trackpoint>
        <Trackpoint>
          <Time>2026-07-26T07:48:13Z</Time>
          <Position>
            <LatitudeDegrees>35.61787</LatitudeDegrees>
            <LongitudeDegrees>-105.91697</LongitudeDegrees>
          </Position>
          <AltitudeMeters>2199.8</AltitudeMeters>
          <DistanceMeters>163698.3</DistanceMeters>
        </Trackpoint>
        <Trackpoint>
          <Time>2026-07-26T07:48:23Z</Time>
          <Position>
            <LatitudeDegrees>35.61869</LatitudeDegrees>
            <LongitudeDegrees>-105.91732</LongitudeDegrees>
          </Position>
          <AltitudeMeters>2197.6</AltitudeMeters>
          <DistanceMeters>163794.9</DistanceMeters>
        </Trackpoint>
        <Trackpoint>
          <Time>2026-07-26T07:48:33Z</Time>
          <Position>
            <LatitudeDegrees>35.6195</LatitudeDegrees>
            <LongitudeDegrees>-105.91767</LongitudeDegrees>
          </Position>
          <AltitudeMeters>2195.4</AltitudeMeters>
          <DistanceMeters>163890.5</DistanceMeters>
        </Trackpoint>
        <Trackpoint>
          <Time>2026-07-26T07:48:43Z</Time>
          <Position>
            <LatitudeDegrees>35.62032</LatitudeDegrees>
            <LongitudeDegrees>-105.91802</LongitudeDegrees>
          </Position>
          <AltitudeMeters>2192.6</AltitudeMeters>
          <DistanceMeters>163987.1</DistanceMeters>
        </Trackpoint>
        <Trackpoint>
          <Time>2026-07-26T07:48:53Z</Time>
          <Position>
            <LatitudeDegrees>35.62113</LatitudeDegrees>
            <LongitudeDegrees>-105.91837</LongitudeDegrees>
          </Position>
          <AltitudeMeters>2185.6</AltitudeMeters>
          <DistanceMeters>164082.7</DistanceMeters>
        </Trackpoint>
        <Trackpoint>
          <Time>2026-07-26T07:49:03Z</Time>
          <Position>
            <LatitudeDegrees>35.62195</LatitudeDegrees>
            <LongitudeDegrees>-105.91872</LongitudeDegrees>
          </Position>
          <AltitudeMeters>2186.3</AltitudeMeters>
          <DistanceMeters>164179.3</DistanceMeters>
        </Trackpoint>
        <Trackpoint>
          <Time>2026-07-26T07:49:13Z</Time>
          <Position>
            <LatitudeDegrees>35.62276</LatitudeDegrees>
            <LongitudeDegrees>-105.91907</LongitudeDegrees>
          </Position>
          <AltitudeMeters>2186.7</AltitudeMeters>
          <DistanceMeters>164274.9</DistanceMeters>
        </Trackpoint>
        <Trackpoint>
          <Time>2026-07-26T07:49:23Z</Time>
          <Position>
            <LatitudeDegrees>35.62358</LatitudeDegrees>
            <LongitudeDegrees>-105.91943</LongitudeDegrees>
          </Position>
          <AltitudeMeters>2188.7</AltitudeMeters>
          <DistanceMeters>164371.8</DistanceMeters>
        </Trackpoint>
        <Trackpoint>
          <Time>2026-07-26T07:49:33Z</Time>
          <Position>
            <LatitudeDegrees>35.62434</LatitudeDegrees>
            <LongitudeDegrees>-105.91981</LongitudeDegrees>
          </Position>
          <AltitudeMeters>2192.9</AltitudeMeters>
          <DistanceMeters>164463.1</DistanceMeters>
        </Trackpoint>
        <Trackpoint>
          <Time>2026-07-26T07:49:43Z</Time>
          <Position>
            <LatitudeDegrees>35.62488</LatitudeDegrees>
            <LongitudeDegrees>-105.92012</LongitudeDegrees>
          </Position>
          <AltitudeMeters>2192.4</AltitudeMeters>
          <DistanceMeters>164529.5</DistanceMeters>
        </Trackpoint>
        <Trackpoint>
          <Time>2026-07-26T07:49:53Z</Time>
          <Position>
            <LatitudeDegrees>35.62542</LatitudeDegrees>
            <LongitudeDegrees>-105.92044</LongitudeDegrees>
          </Position>
          <AltitudeMeters>2190.4</AltitudeMeters>
          <DistanceMeters>164596.2</DistanceMeters>
        </Trackpoint>
        <Trackpoint>
          <Time>2026-07-26T07:50:03Z</Time>
          <Position>
            <LatitudeDegrees>35.62596</LatitudeDegrees>
            <LongitudeDegrees>-105.92076</LongitudeDegrees>
          </Position>
          <AltitudeMeters>2189.8</AltitudeMeters>
          <DistanceMeters>164662.9</DistanceMeters>
        </Trackpoint>
        <Trackpoint>
          <Time>2026-07-26T07:50:13Z</Time>
          <Position>
            <LatitudeDegrees>35.62639</LatitudeDegrees>
            <LongitudeDegrees>-105.92104</LongitudeDegrees>
          </Position>
          <AltitudeMeters>2190.2</AltitudeMeters>
          <DistanceMeters>164717.1</DistanceMeters>
        </Trackpoint>
        <Trackpoint>
          <Time>2026-07-26T07:50:23Z</Time>
          <Position>
            <LatitudeDegrees>35.62688</LatitudeDegrees>
            <LongitudeDegrees>-105.92133</LongitudeDegrees>
          </Position>
          <AltitudeMeters>2190.4</AltitudeMeters>
          <DistanceMeters>164777.6</DistanceMeters>
        </Trackpoint>
        <Trackpoint>
          <Time>2026-07-26T07:50:33Z</Time>
          <Position>
            <LatitudeDegrees>35.62738</LatitudeDegrees>
            <LongitudeDegrees>-105.92162</LongitudeDegrees>
          </Position>
          <AltitudeMeters>2189.5</AltitudeMeters>
          <DistanceMeters>164839.1</DistanceMeters>
        </Trackpoint>
        <Trackpoint>
          <Time>2026-07-26T07:50:43Z</Time>
          <Position>
            <LatitudeDegrees>35.62759</LatitudeDegrees>
            <LongitudeDegrees>-105.92176</LongitudeDegrees>
          </Position>
          <AltitudeMeters>2189.5</AltitudeMeters>
          <DistanceMeters>164865.7</DistanceMeters>
        </Trackpoint>
        <Trackpoint>
          <Time>2026-07-26T07:50:53Z</Time>
          <Position>
            <LatitudeDegrees>35.62812</LatitudeDegrees>
            <LongitudeDegrees>-105.92205</LongitudeDegrees>
          </Position>
          <AltitudeMeters>2191.0</AltitudeMeters>
          <DistanceMeters>164930.3</DistanceMeters>
        </Trackpoint>
        <Trackpoint>
          <Time>2026-07-26T07:51:03Z</Time>
          <Position>
            <LatitudeDegrees>35.62854</LatitudeDegrees>
            <LongitudeDegrees>-105.92234</LongitudeDegrees>
          </Position>
          <AltitudeMeters>2191.3</AltitudeMeters>
          <DistanceMeters>164983.9</DistanceMeters>
        </Trackpoint>
        <Trackpoint>
          <Time>2026-07-26T07:51:13Z</Time>
          <Position>
            <LatitudeDegrees>35.6293</LatitudeDegrees>
            <LongitudeDegrees>-105.9228</LongitudeDegrees>
          </Position>
          <AltitudeMeters>2191.5</AltitudeMeters>
          <DistanceMeters>165078.2</DistanceMeters>
        </Trackpoint>
        <Trackpoint>
          <Time>2026-07-26T07:51:23Z</Time>
          <Position>
            <LatitudeDegrees>35.63006</LatitudeDegrees>
            <LongitudeDegrees>-105.92327</LongitudeDegrees>
          </Position>
          <AltitudeMeters>2187.9</AltitudeMeters>
          <DistanceMeters>165172.9</DistanceMeters>
        </Trackpoint>
        <Trackpoint>
          <Time>2026-07-26T07:51:33Z</Time>
          <Position>
            <LatitudeDegrees>35.63016</LatitudeDegrees>
            <LongitudeDegrees>-105.92331</LongitudeDegrees>
          </Position>
          <AltitudeMeters>2187.6</AltitudeMeters>
          <DistanceMeters>165184.6</DistanceMeters>
        </Trackpoint>
        <Trackpoint>
          <Time>2026-07-26T07:51:43Z</Time>
          <Position>
            <LatitudeDegrees>35.63062</LatitudeDegrees>
            <LongitudeDegrees>-105.92362</LongitudeDegrees>
          </Position>
          <AltitudeMeters>2185.2</AltitudeMeters>
          <DistanceMeters>165243.0</DistanceMeters>
        </Trackpoint>
        <Trackpoint>
          <Time>2026-07-26T07:51:53Z</Time>
          <Position>
            <LatitudeDegrees>35.63133</LatitudeDegrees>
            <LongitudeDegrees>-105.92404</LongitudeDegrees>
          </Position>
          <AltitudeMeters>2185.4</AltitudeMeters>
          <DistanceMeters>165330.7</DistanceMeters>
        </Trackpoint>
        <Trackpoint>
          <Time>2026-07-26T07:52:03Z</Time>
          <Position>
            <LatitudeDegrees>35.63204</LatitudeDegrees>
            <LongitudeDegrees>-105.92447</LongitudeDegrees>
          </Position>
          <AltitudeMeters>2183.9</AltitudeMeters>
          <DistanceMeters>165418.8</DistanceMeters>
        </Trackpoint>
        <Trackpoint>
          <Time>2026-07-26T07:52:13Z</Time>
          <Position>
            <LatitudeDegrees>35.63276</LatitudeDegrees>
            <LongitudeDegrees>-105.9249</LongitudeDegrees>
          </Position>
          <AltitudeMeters>2180.5</AltitudeMeters>
          <DistanceMeters>165507.8</DistanceMeters>
        </Trackpoint>
        <Trackpoint>
          <Time>2026-07-26T07:52:23Z</Time>
          <Position>
            <LatitudeDegrees>35.63301</LatitudeDegrees>
            <LongitudeDegrees>-105.92507</LongitudeDegrees>
          </Position>
          <AltitudeMeters>2179.8</AltitudeMeters>
          <DistanceMeters>165539.6</DistanceMeters>
        </Trackpoint>
        <Trackpoint>
          <Time>2026-07-26T07:52:33Z</Time>
          <Position>
            <LatitudeDegrees>35.63382</LatitudeDegrees>
            <LongitudeDegrees>-105.92556</LongitudeDegrees>
          </Position>
          <AltitudeMeters>2180.9</AltitudeMeters>
          <DistanceMeters>165640.1</DistanceMeters>
        </Trackpoint>
        <Trackpoint>
          <Time>2026-07-26T07:52:43Z</Time>
          <Position>
            <LatitudeDegrees>35.63462</LatitudeDegrees>
            <LongitudeDegrees>-105.92606</LongitudeDegrees>
          </Position>
          <AltitudeMeters>2182.2</AltitudeMeters>
          <DistanceMeters>165740.0</DistanceMeters>
        </Trackpoint>
        <Trackpoint>
          <Time>2026-07-26T07:52:53Z</Time>
          <Position>
            <LatitudeDegrees>35.63542</LatitudeDegrees>
            <LongitudeDegrees>-105.92655</LongitudeDegrees>
          </Position>
          <AltitudeMeters>2180.0</AltitudeMeters>
          <DistanceMeters>165839.5</DistanceMeters>
        </Trackpoint>
        <Trackpoint>
          <Time>2026-07-26T07:53:03Z</Time>
          <Position>
            <LatitudeDegrees>35.63623</LatitudeDegrees>
            <LongitudeDegrees>-105.92704</LongitudeDegrees>
          </Position>
          <AltitudeMeters>2175.7</AltitudeMeters>
          <DistanceMeters>165940.0</DistanceMeters>
        </Trackpoint>
        <Trackpoint>
          <Time>2026-07-26T07:53:13Z</Time>
          <Position>
            <LatitudeDegrees>35.63641</LatitudeDegrees>
            <LongitudeDegrees>-105.9271</LongitudeDegrees>
          </Position>
          <AltitudeMeters>2172.6</AltitudeMeters>
          <DistanceMeters>165960.7</DistanceMeters>
        </Trackpoint>
        <Trackpoint>
          <Time>2026-07-26T07:53:23Z</Time>
          <Position>
            <LatitudeDegrees>35.63697</LatitudeDegrees>
            <LongitudeDegrees>-105.92744</LongitudeDegrees>
          </Position>
          <AltitudeMeters>2171.4</AltitudeMeters>
          <DistanceMeters>166030.2</DistanceMeters>
        </Trackpoint>
        <Trackpoint>
          <Time>2026-07-26T07:53:33Z</Time>
          <Position>
            <LatitudeDegrees>35.63754</LatitudeDegrees>
            <LongitudeDegrees>-105.92778</LongitudeDegrees>
          </Position>
          <AltitudeMeters>2169.5</AltitudeMeters>
          <DistanceMeters>166100.8</DistanceMeters>
        </Trackpoint>
        <Trackpoint>
          <Time>2026-07-26T07:53:43Z</Time>
          <Position>
            <LatitudeDegrees>35.6381</LatitudeDegrees>
            <LongitudeDegrees>-105.92811</LongitudeDegrees>
          </Position>
          <AltitudeMeters>2168.1</AltitudeMeters>
          <DistanceMeters>166169.9</DistanceMeters>
        </Trackpoint>
        <Trackpoint>
          <Time>2026-07-26T07:53:53Z</Time>
          <Position>
            <LatitudeDegrees>35.63834</LatitudeDegrees>
            <LongitudeDegrees>-105.92829</LongitudeDegrees>
          </Position>
          <AltitudeMeters>2168.4</AltitudeMeters>
          <DistanceMeters>166201.2</DistanceMeters>
        </Trackpoint>
        <Trackpoint>
          <Time>2026-07-26T07:54:03Z</Time>
          <Position>
            <LatitudeDegrees>35.63851</LatitudeDegrees>
            <LongitudeDegrees>-105.92846</LongitudeDegrees>
          </Position>
          <AltitudeMeters>2168.5</AltitudeMeters>
          <DistanceMeters>166225.5</DistanceMeters>
        </Trackpoint>
        <Trackpoint>
          <Time>2026-07-26T07:54:13Z</Time>
          <Position>
            <LatitudeDegrees>35.63865</LatitudeDegrees>
            <LongitudeDegrees>-105.92863</LongitudeDegrees>
          </Position>
          <AltitudeMeters>2168.1</AltitudeMeters>
          <DistanceMeters>166247.4</DistanceMeters>
        </Trackpoint>
        <Trackpoint>
          <Time>2026-07-26T07:54:23Z</Time>
          <Position>
            <LatitudeDegrees>35.63878</LatitudeDegrees>
            <LongitudeDegrees>-105.92884</LongitudeDegrees>
          </Position>
          <AltitudeMeters>2166.8</AltitudeMeters>
          <DistanceMeters>166271.3</DistanceMeters>
        </Trackpoint>
        <Trackpoint>
          <Time>2026-07-26T07:54:33Z</Time>
          <Position>
            <LatitudeDegrees>35.6389</LatitudeDegrees>
            <LongitudeDegrees>-105.92909</LongitudeDegrees>
          </Position>
          <AltitudeMeters>2165.3</AltitudeMeters>
          <DistanceMeters>166297.6</DistanceMeters>
        </Trackpoint>
        <Trackpoint>
          <Time>2026-07-26T07:54:43Z</Time>
          <Position>
            <LatitudeDegrees>35.63898</LatitudeDegrees>
            <LongitudeDegrees>-105.92931</LongitudeDegrees>
          </Position>
          <AltitudeMeters>2162.8</AltitudeMeters>
          <DistanceMeters>166319.4</DistanceMeters>
        </Trackpoint>
        <Trackpoint>
          <Time>2026-07-26T07:54:53Z</Time>
          <Position>
            <LatitudeDegrees>35.63936</LatitudeDegrees>
            <LongitudeDegrees>-105.92925</LongitudeDegrees>
          </Position>
          <AltitudeMeters>2164.9</AltitudeMeters>
          <DistanceMeters>166362.0</DistanceMeters>
        </Trackpoint>
        <Trackpoint>
          <Time>2026-07-26T07:55:03Z</Time>
          <Position>
            <LatitudeDegrees>35.63963</LatitudeDegrees>
            <LongitudeDegrees>-105.92926</LongitudeDegrees>
          </Position>
          <AltitudeMeters>2165.9</AltitudeMeters>
          <DistanceMeters>166392.1</DistanceMeters>
        </Trackpoint>
        <Trackpoint>
          <Time>2026-07-26T07:55:13Z</Time>
          <Position>
            <LatitudeDegrees>35.63996</LatitudeDegrees>
            <LongitudeDegrees>-105.92932</LongitudeDegrees>
          </Position>
          <AltitudeMeters>2165.9</AltitudeMeters>
          <DistanceMeters>166429.3</DistanceMeters>
        </Trackpoint>
        <Trackpoint>
          <Time>2026-07-26T07:55:23Z</Time>
          <Position>
            <LatitudeDegrees>35.64018</LatitudeDegrees>
            <LongitudeDegrees>-105.9294</LongitudeDegrees>
          </Position>
          <AltitudeMeters>2165.8</AltitudeMeters>
          <DistanceMeters>166454.8</DistanceMeters>
        </Trackpoint>
        <Trackpoint>
          <Time>2026-07-26T07:55:33Z</Time>
          <Position>
            <LatitudeDegrees>35.6405</LatitudeDegrees>
            <LongitudeDegrees>-105.92956</LongitudeDegrees>
          </Position>
          <AltitudeMeters>2163.4</AltitudeMeters>
          <DistanceMeters>166493.2</DistanceMeters>
        </Trackpoint>
        <Trackpoint>
          <Time>2026-07-26T07:55:43Z</Time>
          <Position>
            <LatitudeDegrees>35.64126</LatitudeDegrees>
            <LongitudeDegrees>-105.93003</LongitudeDegrees>
          </Position>
          <AltitudeMeters>2158.3</AltitudeMeters>
          <DistanceMeters>166587.9</DistanceMeters>
        </Trackpoint>
        <Trackpoint>
          <Time>2026-07-26T07:55:53Z</Time>
          <Position>
            <LatitudeDegrees>35.64201</LatitudeDegrees>
            <LongitudeDegrees>-105.93049</LongitudeDegrees>
          </Position>
          <AltitudeMeters>2155.5</AltitudeMeters>
          <DistanceMeters>166681.2</DistanceMeters>
        </Trackpoint>
        <Trackpoint>
          <Time>2026-07-26T07:56:03Z</Time>
          <Position>
            <LatitudeDegrees>35.64276</LatitudeDegrees>
            <LongitudeDegrees>-105.93096</LongitudeDegrees>
          </Position>
          <AltitudeMeters>2153.1</AltitudeMeters>
          <DistanceMeters>166774.9</DistanceMeters>
        </Trackpoint>
        <Trackpoint>
          <Time>2026-07-26T07:56:13Z</Time>
          <Position>
            <LatitudeDegrees>35.64351</LatitudeDegrees>
            <LongitudeDegrees>-105.93143</LongitudeDegrees>
          </Position>
          <AltitudeMeters>2148.0</AltitudeMeters>
          <DistanceMeters>166868.6</DistanceMeters>
        </Trackpoint>
        <Trackpoint>
          <Time>2026-07-26T07:56:23Z</Time>
          <Position>
            <LatitudeDegrees>35.64427</LatitudeDegrees>
            <LongitudeDegrees>-105.93189</LongitudeDegrees>
          </Position>
          <AltitudeMeters>2148.2</AltitudeMeters>
          <DistanceMeters>166962.9</DistanceMeters>
        </Trackpoint>
        <Trackpoint>
          <Time>2026-07-26T07:56:33Z</Time>
          <Position>
            <LatitudeDegrees>35.64502</LatitudeDegrees>
            <LongitudeDegrees>-105.93236</LongitudeDegrees>
          </Position>
          <AltitudeMeters>2147.5</AltitudeMeters>
          <DistanceMeters>167056.6</DistanceMeters>
        </Trackpoint>
        <Trackpoint>
          <Time>2026-07-26T07:56:43Z</Time>
          <Position>
            <LatitudeDegrees>35.64577</LatitudeDegrees>
            <LongitudeDegrees>-105.93282</LongitudeDegrees>
          </Position>
          <AltitudeMeters>2146.9</AltitudeMeters>
          <DistanceMeters>167149.9</DistanceMeters>
        </Trackpoint>
        <Trackpoint>
          <Time>2026-07-26T07:56:53Z</Time>
          <Position>
            <LatitudeDegrees>35.64652</LatitudeDegrees>
            <LongitudeDegrees>-105.93329</LongitudeDegrees>
          </Position>
          <AltitudeMeters>2147.7</AltitudeMeters>
          <DistanceMeters>167243.5</DistanceMeters>
        </Trackpoint>
        <Trackpoint>
          <Time>2026-07-26T07:57:03Z</Time>
          <Position>
            <LatitudeDegrees>35.64727</LatitudeDegrees>
            <LongitudeDegrees>-105.93375</LongitudeDegrees>
          </Position>
          <AltitudeMeters>2147.9</AltitudeMeters>
          <DistanceMeters>167336.8</DistanceMeters>
        </Trackpoint>
        <Trackpoint>
          <Time>2026-07-26T07:57:13Z</Time>
          <Position>
            <LatitudeDegrees>35.64803</LatitudeDegrees>
            <LongitudeDegrees>-105.93422</LongitudeDegrees>
          </Position>
          <AltitudeMeters>2145.6</AltitudeMeters>
          <DistanceMeters>167431.5</DistanceMeters>
        </Trackpoint>
        <Trackpoint>
          <Time>2026-07-26T07:57:23Z</Time>
          <Position>
            <LatitudeDegrees>35.64878</LatitudeDegrees>
            <LongitudeDegrees>-105.93469</LongitudeDegrees>
          </Position>
          <AltitudeMeters>2142.1</AltitudeMeters>
          <DistanceMeters>167525.2</DistanceMeters>
        </Trackpoint>
        <Trackpoint>
          <Time>2026-07-26T07:57:33Z</Time>
          <Position>
            <LatitudeDegrees>35.64953</LatitudeDegrees>
            <LongitudeDegrees>-105.93515</LongitudeDegrees>
          </Position>
          <AltitudeMeters>2141.8</AltitudeMeters>
          <DistanceMeters>167618.5</DistanceMeters>
        </Trackpoint>
        <Trackpoint>
          <Time>2026-07-26T07:58:03Z</Time>
          <Position>
            <LatitudeDegrees>35.65021</LatitudeDegrees>
            <LongitudeDegrees>-105.93557</LongitudeDegrees>
          </Position>
          <AltitudeMeters>2141.1</AltitudeMeters>
          <DistanceMeters>167703.2</DistanceMeters>
        </Trackpoint>
        <Trackpoint>
          <Time>2026-07-26T07:58:13Z</Time>
          <Position>
            <LatitudeDegrees>35.65088</LatitudeDegrees>
            <LongitudeDegrees>-105.93599</LongitudeDegrees>
          </Position>
          <AltitudeMeters>2140.9</AltitudeMeters>
          <DistanceMeters>167786.9</DistanceMeters>
        </Trackpoint>
        <Trackpoint>
          <Time>2026-07-26T07:58:23Z</Time>
          <Position>
            <LatitudeDegrees>35.65156</LatitudeDegrees>
            <LongitudeDegrees>-105.93641</LongitudeDegrees>
          </Position>
          <AltitudeMeters>2140.8</AltitudeMeters>
          <DistanceMeters>167871.6</DistanceMeters>
        </Trackpoint>
        <Trackpoint>
          <Time>2026-07-26T07:58:33Z</Time>
          <Position>
            <LatitudeDegrees>35.6517</LatitudeDegrees>
            <LongitudeDegrees>-105.93649</LongitudeDegrees>
          </Position>
          <AltitudeMeters>2140.8</AltitudeMeters>
          <DistanceMeters>167888.8</DistanceMeters>
        </Trackpoint>
        <Trackpoint>
          <Time>2026-07-26T07:58:43Z</Time>
          <Position>
            <LatitudeDegrees>35.65241</LatitudeDegrees>
            <LongitudeDegrees>-105.93693</LongitudeDegrees>
          </Position>
          <AltitudeMeters>2140.8</AltitudeMeters>
          <DistanceMeters>167977.3</DistanceMeters>
        </Trackpoint>
        <Trackpoint>
          <Time>2026-07-26T07:58:53Z</Time>
          <Position>
            <LatitudeDegrees>35.65313</LatitudeDegrees>
            <LongitudeDegrees>-105.93738</LongitudeDegrees>
          </Position>
          <AltitudeMeters>2141.2</AltitudeMeters>
          <DistanceMeters>168067.2</DistanceMeters>
        </Trackpoint>
        <Trackpoint>
          <Time>2026-07-26T07:59:03Z</Time>
          <Position>
            <LatitudeDegrees>35.65341</LatitudeDegrees>
            <LongitudeDegrees>-105.93758</LongitudeDegrees>
          </Position>
          <AltitudeMeters>2141.8</AltitudeMeters>
          <DistanceMeters>168103.2</DistanceMeters>
        </Trackpoint>
        <Trackpoint>
          <Time>2026-07-26T07:59:13Z</Time>
          <Position>
            <LatitudeDegrees>35.6538</LatitudeDegrees>
            <LongitudeDegrees>-105.9378</LongitudeDegrees>
          </Position>
          <AltitudeMeters>2141.9</AltitudeMeters>
          <DistanceMeters>168150.9</DistanceMeters>
        </Trackpoint>
        <Trackpoint>
          <Time>2026-07-26T07:59:23Z</Time>
          <Position>
            <LatitudeDegrees>35.65416</LatitudeDegrees>
            <LongitudeDegrees>-105.93814</LongitudeDegrees>
          </Position>
          <AltitudeMeters>2140.8</AltitudeMeters>
          <DistanceMeters>168201.5</DistanceMeters>
        </Trackpoint>
        <Trackpoint>
          <Time>2026-07-26T07:59:33Z</Time>
          <Position>
            <LatitudeDegrees>35.65454</LatitudeDegrees>
            <LongitudeDegrees>-105.93858</LongitudeDegrees>
          </Position>
          <AltitudeMeters>2140.8</AltitudeMeters>
          <DistanceMeters>168259.5</DistanceMeters>
        </Trackpoint>
        <Trackpoint>
          <Time>2026-07-26T07:59:43Z</Time>
          <Position>
            <LatitudeDegrees>35.65465</LatitudeDegrees>
            <LongitudeDegrees>-105.93864</LongitudeDegrees>
          </Position>
          <AltitudeMeters>2140.8</AltitudeMeters>
          <DistanceMeters>168272.9</DistanceMeters>
        </Trackpoint>
        <Trackpoint>
          <Time>2026-07-26T07:59:53Z</Time>
          <Position>
            <LatitudeDegrees>35.65519</LatitudeDegrees>
            <LongitudeDegrees>-105.9387</LongitudeDegrees>
          </Position>
          <AltitudeMeters>2140.9</AltitudeMeters>
          <DistanceMeters>168333.3</DistanceMeters>
        </Trackpoint>
        <Trackpoint>
          <Time>2026-07-26T08:00:03Z</Time>
          <Position>
            <LatitudeDegrees>35.65543</LatitudeDegrees>
            <LongitudeDegrees>-105.93877</LongitudeDegrees>
          </Position>
          <AltitudeMeters>2141.0</AltitudeMeters>
          <DistanceMeters>168360.8</DistanceMeters>
        </Trackpoint>
        <Trackpoint>
          <Time>2026-07-26T08:00:13Z</Time>
          <Position>
            <LatitudeDegrees>35.65563</LatitudeDegrees>
            <LongitudeDegrees>-105.93887</LongitudeDegrees>
          </Position>
          <AltitudeMeters>2140.8</AltitudeMeters>
          <DistanceMeters>168384.8</DistanceMeters>
        </Trackpoint>
        <Trackpoint>
          <Time>2026-07-26T08:00:23Z</Time>
          <Position>
            <LatitudeDegrees>35.65619</LatitudeDegrees>
            <LongitudeDegrees>-105.93918</LongitudeDegrees>
          </Position>
          <AltitudeMeters>2142.2</AltitudeMeters>
          <DistanceMeters>168453.1</DistanceMeters>
        </Trackpoint>
        <Trackpoint>
          <Time>2026-07-26T08:00:33Z</Time>
          <Position>
            <LatitudeDegrees>35.65674</LatitudeDegrees>
            <LongitudeDegrees>-105.9395</LongitudeDegrees>
          </Position>
          <AltitudeMeters>2146.5</AltitudeMeters>
          <DistanceMeters>168520.9</DistanceMeters>
        </Trackpoint>
        <Trackpoint>
          <Time>2026-07-26T08:00:43Z</Time>
          <Position>
            <LatitudeDegrees>35.65706</LatitudeDegrees>
            <LongitudeDegrees>-105.93965</LongitudeDegrees>
          </Position>
          <AltitudeMeters>2148.6</AltitudeMeters>
          <DistanceMeters>168559.0</DistanceMeters>
        </Trackpoint>
        <Trackpoint>
          <Time>2026-07-26T08:00:53Z</Time>
          <Position>
            <LatitudeDegrees>35.65759</LatitudeDegrees>
            <LongitudeDegrees>-105.93984</LongitudeDegrees>
          </Position>
          <AltitudeMeters>2151.9</AltitudeMeters>
          <DistanceMeters>168620.4</DistanceMeters>
        </Trackpoint>
        <Trackpoint>
          <Time>2026-07-26T08:01:03Z</Time>
          <Position>
            <LatitudeDegrees>35.65792</LatitudeDegrees>
            <LongitudeDegrees>-105.93989</LongitudeDegrees>
          </Position>
          <AltitudeMeters>2152.1</AltitudeMeters>
          <DistanceMeters>168657.4</DistanceMeters>
        </Trackpoint>
        <Trackpoint>
          <Time>2026-07-26T08:01:13Z</Time>
          <Position>
            <LatitudeDegrees>35.65836</LatitudeDegrees>
            <LongitudeDegrees>-105.93989</LongitudeDegrees>
          </Position>
          <AltitudeMeters>2151.6</AltitudeMeters>
          <DistanceMeters>168706.4</DistanceMeters>
        </Trackpoint>
        <Trackpoint>
          <Time>2026-07-26T08:01:23Z</Time>
          <Position>
            <LatitudeDegrees>35.65863</LatitudeDegrees>
            <LongitudeDegrees>-105.93987</LongitudeDegrees>
          </Position>
          <AltitudeMeters>2151.1</AltitudeMeters>
          <DistanceMeters>168736.5</DistanceMeters>
        </Trackpoint>
        <Trackpoint>
          <Time>2026-07-26T08:01:33Z</Time>
          <Position>
            <LatitudeDegrees>35.65902</LatitudeDegrees>
            <LongitudeDegrees>-105.93976</LongitudeDegrees>
          </Position>
          <AltitudeMeters>2150.5</AltitudeMeters>
          <DistanceMeters>168781.1</DistanceMeters>
        </Trackpoint>
        <Trackpoint>
          <Time>2026-07-26T08:01:43Z</Time>
          <Position>
            <LatitudeDegrees>35.65944</LatitudeDegrees>
            <LongitudeDegrees>-105.93958</LongitudeDegrees>
          </Position>
          <AltitudeMeters>2149.7</AltitudeMeters>
          <DistanceMeters>168830.6</DistanceMeters>
        </Trackpoint>
        <Trackpoint>
          <Time>2026-07-26T08:01:53Z</Time>
          <Position>
            <LatitudeDegrees>35.65986</LatitudeDegrees>
            <LongitudeDegrees>-105.9393</LongitudeDegrees>
          </Position>
          <AltitudeMeters>2150.4</AltitudeMeters>
          <DistanceMeters>168883.8</DistanceMeters>
        </Trackpoint>
        <Trackpoint>
          <Time>2026-07-26T08:02:03Z</Time>
          <Position>
            <LatitudeDegrees>35.66028</LatitudeDegrees>
            <LongitudeDegrees>-105.93903</LongitudeDegrees>
          </Position>
          <AltitudeMeters>2153.5</AltitudeMeters>
          <DistanceMeters>168936.5</DistanceMeters>
        </Trackpoint>
        <Trackpoint>
          <Time>2026-07-26T08:02:13Z</Time>
          <Position>
            <LatitudeDegrees>35.66095</LatitudeDegrees>
            <LongitudeDegrees>-105.93862</LongitudeDegrees>
          </Position>
          <AltitudeMeters>2157.0</AltitudeMeters>
          <DistanceMeters>169019.8</DistanceMeters>
        </Trackpoint>
        <Trackpoint>
          <Time>2026-07-26T08:02:23Z</Time>
          <Position>
            <LatitudeDegrees>35.66162</LatitudeDegrees>
            <LongitudeDegrees>-105.93822</LongitudeDegrees>
          </Position>
          <AltitudeMeters>2158.8</AltitudeMeters>
          <DistanceMeters>169102.7</DistanceMeters>
        </Trackpoint>
        <Trackpoint>
          <Time>2026-07-26T08:02:33Z</Time>
          <Position>
            <LatitudeDegrees>35.6623</LatitudeDegrees>
            <LongitudeDegrees>-105.93781</LongitudeDegrees>
          </Position>
          <AltitudeMeters>2163.2</AltitudeMeters>
          <DistanceMeters>169187.0</DistanceMeters>
        </Trackpoint>
        <Trackpoint>
          <Time>2026-07-26T08:02:43Z</Time>
          <Position>
            <LatitudeDegrees>35.66297</LatitudeDegrees>
            <LongitudeDegrees>-105.9374</LongitudeDegrees>
          </Position>
          <AltitudeMeters>2165.5</AltitudeMeters>
          <DistanceMeters>169270.3</DistanceMeters>
        </Trackpoint>
        <Trackpoint>
          <Time>2026-07-26T08:02:53Z</Time>
          <Position>
            <LatitudeDegrees>35.6637</LatitudeDegrees>
            <LongitudeDegrees>-105.93697</LongitudeDegrees>
          </Position>
          <AltitudeMeters>2165.3</AltitudeMeters>
          <DistanceMeters>169360.4</DistanceMeters>
        </Trackpoint>
        <Trackpoint>
          <Time>2026-07-26T08:03:03Z</Time>
          <Position>
            <LatitudeDegrees>35.66427</LatitudeDegrees>
            <LongitudeDegrees>-105.9367</LongitudeDegrees>
          </Position>
          <AltitudeMeters>2165.5</AltitudeMeters>
          <DistanceMeters>169428.3</DistanceMeters>
        </Trackpoint>
        <Trackpoint>
          <Time>2026-07-26T08:03:13Z</Time>
          <Position>
            <LatitudeDegrees>35.66465</LatitudeDegrees>
            <LongitudeDegrees>-105.93659</LongitudeDegrees>
          </Position>
          <AltitudeMeters>2161.8</AltitudeMeters>
          <DistanceMeters>169471.8</DistanceMeters>
        </Trackpoint>
        <Trackpoint>
          <Time>2026-07-26T08:03:23Z</Time>
          <Position>
            <LatitudeDegrees>35.66531</LatitudeDegrees>
            <LongitudeDegrees>-105.93651</LongitudeDegrees>
          </Position>
          <AltitudeMeters>2160.1</AltitudeMeters>
          <DistanceMeters>169545.6</DistanceMeters>
        </Trackpoint>
        <Trackpoint>
          <Time>2026-07-26T08:03:33Z</Time>
          <Position>
            <LatitudeDegrees>35.66581</LatitudeDegrees>
            <LongitudeDegrees>-105.93649</LongitudeDegrees>
          </Position>
          <AltitudeMeters>2164.1</AltitudeMeters>
          <DistanceMeters>169601.3</DistanceMeters>
        </Trackpoint>
        <Trackpoint>
          <Time>2026-07-26T08:03:43Z</Time>
          <Position>
            <LatitudeDegrees>35.6663</LatitudeDegrees>
            <LongitudeDegrees>-105.93647</LongitudeDegrees>
          </Position>
          <AltitudeMeters>2165.8</AltitudeMeters>
          <DistanceMeters>169655.9</DistanceMeters>
        </Trackpoint>
        <Trackpoint>
          <Time>2026-07-26T08:03:53Z</Time>
          <Position>
            <LatitudeDegrees>35.66684</LatitudeDegrees>
            <LongitudeDegrees>-105.93648</LongitudeDegrees>
          </Position>
          <AltitudeMeters>2165.7</AltitudeMeters>
          <DistanceMeters>169716.0</DistanceMeters>
        </Trackpoint>
        <Trackpoint>
          <Time>2026-07-26T08:04:03Z</Time>
          <Position>
            <LatitudeDegrees>35.66739</LatitudeDegrees>
            <LongitudeDegrees>-105.9365</LongitudeDegrees>
          </Position>
          <AltitudeMeters>2163.4</AltitudeMeters>
          <DistanceMeters>169777.3</DistanceMeters>
        </Trackpoint>
        <Trackpoint>
          <Time>2026-07-26T08:04:13Z</Time>
          <Position>
            <LatitudeDegrees>35.66767</LatitudeDegrees>
            <LongitudeDegrees>-105.93649</LongitudeDegrees>
          </Position>
          <AltitudeMeters>2162.4</AltitudeMeters>
          <DistanceMeters>169808.4</DistanceMeters>
        </Trackpoint>
        <Trackpoint>
          <Time>2026-07-26T08:04:23Z</Time>
          <Position>
            <LatitudeDegrees>35.66792</LatitudeDegrees>
            <LongitudeDegrees>-105.93646</LongitudeDegrees>
          </Position>
          <AltitudeMeters>2160.8</AltitudeMeters>
          <DistanceMeters>169836.4</DistanceMeters>
        </Trackpoint>
        <Trackpoint>
          <Time>2026-07-26T08:04:33Z</Time>
          <Position>
            <LatitudeDegrees>35.66863</LatitudeDegrees>
            <LongitudeDegrees>-105.93634</LongitudeDegrees>
          </Position>
          <AltitudeMeters>2159.3</AltitudeMeters>
          <DistanceMeters>169916.2</DistanceMeters>
        </Trackpoint>
        <Trackpoint>
          <Time>2026-07-26T08:04:43Z</Time>
          <Position>
            <LatitudeDegrees>35.66934</LatitudeDegrees>
            <LongitudeDegrees>-105.93622</LongitudeDegrees>
          </Position>
          <AltitudeMeters>2163.6</AltitudeMeters>
          <DistanceMeters>169996.0</DistanceMeters>
        </Trackpoint>
        <Trackpoint>
          <Time>2026-07-26T08:04:53Z</Time>
          <Position>
            <LatitudeDegrees>35.6694</LatitudeDegrees>
            <LongitudeDegrees>-105.93626</LongitudeDegrees>
          </Position>
          <AltitudeMeters>2163.8</AltitudeMeters>
          <DistanceMeters>170003.6</DistanceMeters>
        </Trackpoint>
        <Trackpoint>
          <Time>2026-07-26T08:05:03Z</Time>
          <Position>
            <LatitudeDegrees>35.66993</LatitudeDegrees>
            <LongitudeDegrees>-105.93608</LongitudeDegrees>
          </Position>
          <AltitudeMeters>2165.6</AltitudeMeters>
          <DistanceMeters>170064.8</DistanceMeters>
        </Trackpoint>
        <Trackpoint>
          <Time>2026-07-26T08:05:13Z</Time>
          <Position>
            <LatitudeDegrees>35.67046</LatitudeDegrees>
            <LongitudeDegrees>-105.93591</LongitudeDegrees>
          </Position>
          <AltitudeMeters>2165.3</AltitudeMeters>
          <DistanceMeters>170125.7</DistanceMeters>
        </Trackpoint>
        <Trackpoint>
          <Time>2026-07-26T08:05:23Z</Time>
          <Position>
            <LatitudeDegrees>35.67065</LatitudeDegrees>
            <LongitudeDegrees>-105.93583</LongitudeDegrees>
          </Position>
          <AltitudeMeters>2165.5</AltitudeMeters>
          <DistanceMeters>170148.1</DistanceMeters>
        </Trackpoint>
        <Trackpoint>
          <Time>2026-07-26T08:05:33Z</Time>
          <Position>
            <LatitudeDegrees>35.67116</LatitudeDegrees>
            <LongitudeDegrees>-105.93574</LongitudeDegrees>
          </Position>
          <AltitudeMeters>2164.3</AltitudeMeters>
          <DistanceMeters>170205.4</DistanceMeters>
        </Trackpoint>
        <Trackpoint>
          <Time>2026-07-26T08:05:43Z</Time>
          <Position>
            <LatitudeDegrees>35.67137</LatitudeDegrees>
            <LongitudeDegrees>-105.93573</LongitudeDegrees>
          </Position>
          <AltitudeMeters>2164.3</AltitudeMeters>
          <DistanceMeters>170228.8</DistanceMeters>
        </Trackpoint>
        <Trackpoint>
          <Time>2026-07-26T08:05:53Z</Time>
          <Position>
            <LatitudeDegrees>35.67182</LatitudeDegrees>
            <LongitudeDegrees>-105.93577</LongitudeDegrees>
          </Position>
          <AltitudeMeters>2163.6</AltitudeMeters>
          <DistanceMeters>170279.1</DistanceMeters>
        </Trackpoint>
        <Trackpoint>
          <Time>2026-07-26T08:06:03Z</Time>
          <Position>
            <LatitudeDegrees>35.67251</LatitudeDegrees>
            <LongitudeDegrees>-105.93605</LongitudeDegrees>
          </Position>
          <AltitudeMeters>2163.5</AltitudeMeters>
          <DistanceMeters>170359.9</DistanceMeters>
        </Trackpoint>
        <Trackpoint>
          <Time>2026-07-26T08:06:13Z</Time>
          <Position>
            <LatitudeDegrees>35.6732</LatitudeDegrees>
            <LongitudeDegrees>-105.93643</LongitudeDegrees>
          </Position>
          <AltitudeMeters>2162.7</AltitudeMeters>
          <DistanceMeters>170444.1</DistanceMeters>
        </Trackpoint>
        <Trackpoint>
          <Time>2026-07-26T08:06:23Z</Time>
          <Position>
            <LatitudeDegrees>35.67367</LatitudeDegrees>
            <LongitudeDegrees>-105.93664</LongitudeDegrees>
          </Position>
          <AltitudeMeters>2162.3</AltitudeMeters>
          <DistanceMeters>170499.7</DistanceMeters>
        </Trackpoint>
        <Trackpoint>
          <Time>2026-07-26T08:06:33Z</Time>
          <Position>
            <LatitudeDegrees>35.67378</LatitudeDegrees>
            <LongitudeDegrees>-105.93666</LongitudeDegrees>
          </Position>
          <AltitudeMeters>2162.4</AltitudeMeters>
          <DistanceMeters>170512.1</DistanceMeters>
        </Trackpoint>
        <Trackpoint>
          <Time>2026-07-26T08:06:43Z</Time>
          <Position>
            <LatitudeDegrees>35.67448</LatitudeDegrees>
            <LongitudeDegrees>-105.93699</LongitudeDegrees>
          </Position>
          <AltitudeMeters>2160.8</AltitudeMeters>
          <DistanceMeters>170595.6</DistanceMeters>
        </Trackpoint>
        <Trackpoint>
          <Time>2026-07-26T08:06:53Z</Time>
          <Position>
            <LatitudeDegrees>35.67458</LatitudeDegrees>
            <LongitudeDegrees>-105.93702</LongitudeDegrees>
          </Position>
          <AltitudeMeters>2160.5</AltitudeMeters>
          <DistanceMeters>170607.0</DistanceMeters>
        </Trackpoint>
        <Trackpoint>
          <Time>2026-07-26T08:07:03Z</Time>
          <Position>
            <LatitudeDegrees>35.67507</LatitudeDegrees>
            <LongitudeDegrees>-105.93712</LongitudeDegrees>
          </Position>
          <AltitudeMeters>2158.6</AltitudeMeters>
          <DistanceMeters>170662.3</DistanceMeters>
        </Trackpoint>
        <Trackpoint>
          <Time>2026-07-26T08:07:13Z</Time>
          <Position>
            <LatitudeDegrees>35.67527</LatitudeDegrees>
            <LongitudeDegrees>-105.93712</LongitudeDegrees>
          </Position>
          <AltitudeMeters>2157.9</AltitudeMeters>
          <DistanceMeters>170684.6</DistanceMeters>
        </Trackpoint>
        <Trackpoint>
          <Time>2026-07-26T08:07:23Z</Time>
          <Position>
            <LatitudeDegrees>35.67578</LatitudeDegrees>
            <LongitudeDegrees>-105.93709</LongitudeDegrees>
          </Position>
          <AltitudeMeters>2156.2</AltitudeMeters>
          <DistanceMeters>170741.4</DistanceMeters>
        </Trackpoint>
        <Trackpoint>
          <Time>2026-07-26T08:07:33Z</Time>
          <Position>
            <LatitudeDegrees>35.67637</LatitudeDegrees>
            <LongitudeDegrees>-105.93702</LongitudeDegrees>
          </Position>
          <AltitudeMeters>2154.8</AltitudeMeters>
          <DistanceMeters>170807.4</DistanceMeters>
        </Trackpoint>
        <Trackpoint>
          <Time>2026-07-26T08:07:43Z</Time>
          <Position>
            <LatitudeDegrees>35.67664</LatitudeDegrees>
            <LongitudeDegrees>-105.937</LongitudeDegrees>
          </Position>
          <AltitudeMeters>2153.9</AltitudeMeters>
          <DistanceMeters>170837.5</DistanceMeters>
        </Trackpoint>
        <Trackpoint>
          <Time>2026-07-26T08:07:53Z</Time>
          <Position>
            <LatitudeDegrees>35.6769</LatitudeDegrees>
            <LongitudeDegrees>-105.93707</LongitudeDegrees>
          </Position>
          <AltitudeMeters>2152.7</AltitudeMeters>
          <DistanceMeters>170867.1</DistanceMeters>
        </Trackpoint>
        <Trackpoint>
          <Time>2026-07-26T08:08:03Z</Time>
          <Position>
            <LatitudeDegrees>35.67724</LatitudeDegrees>
            <LongitudeDegrees>-105.93721</LongitudeDegrees>
          </Position>
          <AltitudeMeters>2150.9</AltitudeMeters>
          <DistanceMeters>170907.0</DistanceMeters>
        </Trackpoint>
        <Trackpoint>
          <Time>2026-07-26T08:08:13Z</Time>
          <Position>
            <LatitudeDegrees>35.67752</LatitudeDegrees>
            <LongitudeDegrees>-105.93729</LongitudeDegrees>
          </Position>
          <AltitudeMeters>2149.0</AltitudeMeters>
          <DistanceMeters>170939.0</DistanceMeters>
        </Trackpoint>
        <Trackpoint>
          <Time>2026-07-26T08:08:23Z</Time>
          <Position>
            <LatitudeDegrees>35.67829</LatitudeDegrees>
            <LongitudeDegrees>-105.93733</LongitudeDegrees>
          </Position>
          <AltitudeMeters>2145.9</AltitudeMeters>
          <DistanceMeters>171024.8</DistanceMeters>
        </Trackpoint>
        <Trackpoint>
          <Time>2026-07-26T08:08:33Z</Time>
          <Position>
            <LatitudeDegrees>35.67855</LatitudeDegrees>
            <LongitudeDegrees>-105.93738</LongitudeDegrees>
          </Position>
          <AltitudeMeters>2145.1</AltitudeMeters>
          <DistanceMeters>171054.1</DistanceMeters>
        </Trackpoint>
        <Trackpoint>
          <Time>2026-07-26T08:08:43Z</Time>
          <Position>
            <LatitudeDegrees>35.67929</LatitudeDegrees>
            <LongitudeDegrees>-105.93754</LongitudeDegrees>
          </Position>
          <AltitudeMeters>2143.1</AltitudeMeters>
          <DistanceMeters>171137.8</DistanceMeters>
        </Trackpoint>
        <Trackpoint>
          <Time>2026-07-26T08:08:53Z</Time>
          <Position>
            <LatitudeDegrees>35.68003</LatitudeDegrees>
            <LongitudeDegrees>-105.93771</LongitudeDegrees>
          </Position>
          <AltitudeMeters>2141.5</AltitudeMeters>
          <DistanceMeters>171221.6</DistanceMeters>
        </Trackpoint>
        <Trackpoint>
          <Time>2026-07-26T08:09:03Z</Time>
          <Position>
            <LatitudeDegrees>35.68062</LatitudeDegrees>
            <LongitudeDegrees>-105.93787</LongitudeDegrees>
          </Position>
          <AltitudeMeters>2140.0</AltitudeMeters>
          <DistanceMeters>171288.8</DistanceMeters>
        </Trackpoint>
        <Trackpoint>
          <Time>2026-07-26T08:09:13Z</Time>
          <Position>
            <LatitudeDegrees>35.681</LatitudeDegrees>
            <LongitudeDegrees>-105.93795</LongitudeDegrees>
          </Position>
          <AltitudeMeters>2139.6</AltitudeMeters>
          <DistanceMeters>171331.7</DistanceMeters>
        </Trackpoint>
        <Trackpoint>
          <Time>2026-07-26T08:09:23Z</Time>
          <Position>
            <LatitudeDegrees>35.68151</LatitudeDegrees>
            <LongitudeDegrees>-105.93809</LongitudeDegrees>
          </Position>
          <AltitudeMeters>2138.8</AltitudeMeters>
          <DistanceMeters>171389.9</DistanceMeters>
        </Trackpoint>
        <Trackpoint>
          <Time>2026-07-26T08:09:33Z</Time>
          <Position>
            <LatitudeDegrees>35.68162</LatitudeDegrees>
            <LongitudeDegrees>-105.9381</LongitudeDegrees>
          </Position>
          <AltitudeMeters>2138.6</AltitudeMeters>
          <DistanceMeters>171402.2</DistanceMeters>
        </Trackpoint>
        <Trackpoint>
          <Time>2026-07-26T08:09:43Z</Time>
          <Position>
            <LatitudeDegrees>35.68161</LatitudeDegrees>
            <LongitudeDegrees>-105.9388</LongitudeDegrees>
          </Position>
          <AltitudeMeters>2137.2</AltitudeMeters>
          <DistanceMeters>171465.5</DistanceMeters>
        </Trackpoint>
        <Trackpoint>
          <Time>2026-07-26T08:09:53Z</Time>
          <Position>
            <LatitudeDegrees>35.68162</LatitudeDegrees>
            <LongitudeDegrees>-105.9388</LongitudeDegrees>
          </Position>
          <AltitudeMeters>2137.2</AltitudeMeters>
          <DistanceMeters>171466.6</DistanceMeters>
        </Trackpoint>
        <Trackpoint>
          <Time>2026-07-26T08:10:03Z</Time>
          <Position>
            <LatitudeDegrees>35.68162</LatitudeDegrees>
            <LongitudeDegrees>-105.93895</LongitudeDegrees>
          </Position>
          <AltitudeMeters>2137.1</AltitudeMeters>
          <DistanceMeters>171480.2</DistanceMeters>
        </Trackpoint>
        <Trackpoint>
          <Time>2026-07-26T08:10:13Z</Time>
          <Position>
            <LatitudeDegrees>35.68162</LatitudeDegrees>
            <LongitudeDegrees>-105.9393</LongitudeDegrees>
          </Position>
          <AltitudeMeters>2136.4</AltitudeMeters>
          <DistanceMeters>171511.8</DistanceMeters>
        </Trackpoint>
        <Trackpoint>
          <Time>2026-07-26T08:10:23Z</Time>
          <Position>
            <LatitudeDegrees>35.68161</LatitudeDegrees>
            <LongitudeDegrees>-105.93954</LongitudeDegrees>
          </Position>
          <AltitudeMeters>2135.8</AltitudeMeters>
          <DistanceMeters>171533.5</DistanceMeters>
        </Trackpoint>
        <Trackpoint>
          <Time>2026-07-26T08:10:33Z</Time>
          <Position>
            <LatitudeDegrees>35.68163</LatitudeDegrees>
            <LongitudeDegrees>-105.93983</LongitudeDegrees>
          </Position>
          <AltitudeMeters>2135.3</AltitudeMeters>
          <DistanceMeters>171559.8</DistanceMeters>
        </Trackpoint>
        <Trackpoint>
          <Time>2026-07-26T08:10:43Z</Time>
          <Position>
            <LatitudeDegrees>35.68166</LatitudeDegrees>
            <LongitudeDegrees>-105.94009</LongitudeDegrees>
          </Position>
          <AltitudeMeters>2134.7</AltitudeMeters>
          <DistanceMeters>171583.6</DistanceMeters>
        </Trackpoint>
        <Trackpoint>
          <Time>2026-07-26T08:10:53Z</Time>
          <Position>
            <LatitudeDegrees>35.6817</LatitudeDegrees>
            <LongitudeDegrees>-105.94036</LongitudeDegrees>
          </Position>
          <AltitudeMeters>2134.2</AltitudeMeters>
          <DistanceMeters>171608.4</DistanceMeters>
        </Trackpoint>
        <Trackpoint>
          <Time>2026-07-26T08:11:03Z</Time>
          <Position>
            <LatitudeDegrees>35.68181</LatitudeDegrees>
            <LongitudeDegrees>-105.94094</LongitudeDegrees>
          </Position>
          <AltitudeMeters>2133.3</AltitudeMeters>
          <DistanceMeters>171662.3</DistanceMeters>
        </Trackpoint>
        <Trackpoint>
          <Time>2026-07-26T08:11:13Z</Time>
          <Position>
            <LatitudeDegrees>35.68186</LatitudeDegrees>
            <LongitudeDegrees>-105.9412</LongitudeDegrees>
          </Position>
          <AltitudeMeters>2132.9</AltitudeMeters>
          <DistanceMeters>171686.4</DistanceMeters>
        </Trackpoint>
        <Trackpoint>
          <Time>2026-07-26T08:11:23Z</Time>
          <Position>
            <LatitudeDegrees>35.68186</LatitudeDegrees>
            <LongitudeDegrees>-105.94121</LongitudeDegrees>
          </Position>
          <AltitudeMeters>2132.8</AltitudeMeters>
          <DistanceMeters>171687.3</DistanceMeters>
        </Trackpoint>
        <Trackpoint>
          <Time>2026-07-26T08:11:33Z</Time>
          <Position>
            <LatitudeDegrees>35.68189</LatitudeDegrees>
            <LongitudeDegrees>-105.94139</LongitudeDegrees>
          </Position>
          <AltitudeMeters>2132.5</AltitudeMeters>
          <DistanceMeters>171703.9</DistanceMeters>
        </Trackpoint>
        <Trackpoint>
          <Time>2026-07-26T08:11:43Z</Time>
          <Position>
            <LatitudeDegrees>35.6819</LatitudeDegrees>
            <LongitudeDegrees>-105.9415</LongitudeDegrees>
          </Position>
          <AltitudeMeters>2132.5</AltitudeMeters>
          <DistanceMeters>171713.9</DistanceMeters>
        </Trackpoint>
        <Trackpoint>
          <Time>2026-07-26T08:11:53Z</Time>
          <Position>
            <LatitudeDegrees>35.6819</LatitudeDegrees>
            <LongitudeDegrees>-105.9416</LongitudeDegrees>
          </Position>
          <AltitudeMeters>2132.3</AltitudeMeters>
          <DistanceMeters>171723.0</DistanceMeters>
        </Trackpoint>
        <Trackpoint>
          <Time>2026-07-26T08:12:03Z</Time>
          <Position>
            <LatitudeDegrees>35.68188</LatitudeDegrees>
            <LongitudeDegrees>-105.94169</LongitudeDegrees>
          </Position>
          <AltitudeMeters>2132.2</AltitudeMeters>
          <DistanceMeters>171731.4</DistanceMeters>
        </Trackpoint>
        <Trackpoint>
          <Time>2026-07-26T08:12:13Z</Time>
          <Position>
            <LatitudeDegrees>35.68186</LatitudeDegrees>
            <LongitudeDegrees>-105.94178</LongitudeDegrees>
          </Position>
          <AltitudeMeters>2132.1</AltitudeMeters>
          <DistanceMeters>171739.9</DistanceMeters>
        </Trackpoint>
        <Trackpoint>
          <Time>2026-07-26T08:12:23Z</Time>
          <Position>
            <LatitudeDegrees>35.68183</LatitudeDegrees>
            <LongitudeDegrees>-105.94189</LongitudeDegrees>
          </Position>
          <AltitudeMeters>2132.0</AltitudeMeters>
          <DistanceMeters>171750.4</DistanceMeters>
        </Trackpoint>
        <Trackpoint>
          <Time>2026-07-26T08:12:33Z</Time>
          <Position>
            <LatitudeDegrees>35.68175</LatitudeDegrees>
            <LongitudeDegrees>-105.94203</LongitudeDegrees>
          </Position>
          <AltitudeMeters>2131.9</AltitudeMeters>
          <DistanceMeters>171765.8</DistanceMeters>
        </Trackpoint>
        <Trackpoint>
          <Time>2026-07-26T08:12:43Z</Time>
          <Position>
            <LatitudeDegrees>35.6817</LatitudeDegrees>
            <LongitudeDegrees>-105.9421</LongitudeDegrees>
          </Position>
          <AltitudeMeters>2131.8</AltitudeMeters>
          <DistanceMeters>171774.3</DistanceMeters>
        </Trackpoint>
        <Trackpoint>
          <Time>2026-07-26T08:12:53Z</Time>
          <Position>
            <LatitudeDegrees>35.68164</LatitudeDegrees>
            <LongitudeDegrees>-105.94217</LongitudeDegrees>
          </Position>
          <AltitudeMeters>2131.7</AltitudeMeters>
          <DistanceMeters>171783.5</DistanceMeters>
        </Trackpoint>
        <Trackpoint>
          <Time>2026-07-26T08:13:03Z</Time>
          <Position>
            <LatitudeDegrees>35.68158</LatitudeDegrees>
            <LongitudeDegrees>-105.94221</LongitudeDegrees>
          </Position>
          <AltitudeMeters>2131.7</AltitudeMeters>
          <DistanceMeters>171791.1</DistanceMeters>
        </Trackpoint>
        <Trackpoint>
          <Time>2026-07-26T08:13:13Z</Time>
          <Position>
            <LatitudeDegrees>35.68148</LatitudeDegrees>
            <LongitudeDegrees>-105.94228</LongitudeDegrees>
          </Position>
          <AltitudeMeters>2131.8</AltitudeMeters>
          <DistanceMeters>171803.9</DistanceMeters>
        </Trackpoint>
        <Trackpoint>
          <Time>2026-07-26T08:13:23Z</Time>
          <Position>
            <LatitudeDegrees>35.68142</LatitudeDegrees>
            <LongitudeDegrees>-105.94231</LongitudeDegrees>
          </Position>
          <AltitudeMeters>2131.8</AltitudeMeters>
          <DistanceMeters>171811.1</DistanceMeters>
        </Trackpoint>
        <Trackpoint>
          <Time>2026-07-26T08:13:33Z</Time>
          <Position>
            <LatitudeDegrees>35.68138</LatitudeDegrees>
            <LongitudeDegrees>-105.94235</LongitudeDegrees>
          </Position>
          <AltitudeMeters>2131.7</AltitudeMeters>
          <DistanceMeters>171816.8</DistanceMeters>
        </Trackpoint>
        <Trackpoint>
          <Time>2026-07-26T08:13:43Z</Time>
          <Position>
            <LatitudeDegrees>35.68132</LatitudeDegrees>
            <LongitudeDegrees>-105.9424</LongitudeDegrees>
          </Position>
          <AltitudeMeters>2131.8</AltitudeMeters>
          <DistanceMeters>171824.9</DistanceMeters>
        </Trackpoint>
        <Trackpoint>
          <Time>2026-07-26T08:13:53Z</Time>
          <Position>
            <LatitudeDegrees>35.68129</LatitudeDegrees>
            <LongitudeDegrees>-105.94244</LongitudeDegrees>
          </Position>
          <AltitudeMeters>2131.7</AltitudeMeters>
          <DistanceMeters>171829.8</DistanceMeters>
        </Trackpoint>
        <Trackpoint>
          <Time>2026-07-26T08:14:03Z</Time>
          <Position>
            <LatitudeDegrees>35.68126</LatitudeDegrees>
            <LongitudeDegrees>-105.94248</LongitudeDegrees>
          </Position>
          <AltitudeMeters>2131.6</AltitudeMeters>
          <DistanceMeters>171834.7</DistanceMeters>
        </Trackpoint>
        <Trackpoint>
          <Time>2026-07-26T08:14:13Z</Time>
          <Position>
            <LatitudeDegrees>35.68121</LatitudeDegrees>
            <LongitudeDegrees>-105.94257</LongitudeDegrees>
          </Position>
          <AltitudeMeters>2131.6</AltitudeMeters>
          <DistanceMeters>171844.6</DistanceMeters>
        </Trackpoint>
        <Trackpoint>
          <Time>2026-07-26T08:14:23Z</Time>
          <Position>
            <LatitudeDegrees>35.68117</LatitudeDegrees>
            <LongitudeDegrees>-105.94268</LongitudeDegrees>
          </Position>
          <AltitudeMeters>2131.5</AltitudeMeters>
          <DistanceMeters>171855.5</DistanceMeters>
        </Trackpoint>
        <Trackpoint>
          <Time>2026-07-26T08:14:33Z</Time>
          <Position>
            <LatitudeDegrees>35.68114</LatitudeDegrees>
            <LongitudeDegrees>-105.94277</LongitudeDegrees>
          </Position>
          <AltitudeMeters>2131.4</AltitudeMeters>
          <DistanceMeters>171864.3</DistanceMeters>
        </Trackpoint>
        <Trackpoint>
          <Time>2026-07-26T08:14:43Z</Time>
          <Position>
            <LatitudeDegrees>35.68113</LatitudeDegrees>
            <LongitudeDegrees>-105.94285</LongitudeDegrees>
          </Position>
          <AltitudeMeters>2131.3</AltitudeMeters>
          <DistanceMeters>171871.6</DistanceMeters>
        </Trackpoint>
        <Trackpoint>
          <Time>2026-07-26T08:14:53Z</Time>
          <Position>
            <LatitudeDegrees>35.68113</LatitudeDegrees>
            <LongitudeDegrees>-105.94293</LongitudeDegrees>
          </Position>
          <AltitudeMeters>2131.2</AltitudeMeters>
          <DistanceMeters>171878.8</DistanceMeters>
        </Trackpoint>
        <Trackpoint>
          <Time>2026-07-26T08:15:03Z</Time>
          <Position>
            <LatitudeDegrees>35.68114</LatitudeDegrees>
            <LongitudeDegrees>-105.943</LongitudeDegrees>
          </Position>
          <AltitudeMeters>2131.1</AltitudeMeters>
          <DistanceMeters>171885.3</DistanceMeters>
        </Trackpoint>
        <Trackpoint>
          <Time>2026-07-26T08:15:13Z</Time>
          <Position>
            <LatitudeDegrees>35.68115</LatitudeDegrees>
            <LongitudeDegrees>-105.94307</LongitudeDegrees>
          </Position>
          <AltitudeMeters>2131.0</AltitudeMeters>
          <DistanceMeters>171891.7</DistanceMeters>
        </Trackpoint>
        <Trackpoint>
          <Time>2026-07-26T08:15:23Z</Time>
          <Position>
            <LatitudeDegrees>35.68118</LatitudeDegrees>
            <LongitudeDegrees>-105.94316</LongitudeDegrees>
          </Position>
          <AltitudeMeters>2130.8</AltitudeMeters>
          <DistanceMeters>171900.5</DistanceMeters>
        </Trackpoint>
        <Trackpoint>
          <Time>2026-07-26T08:15:33Z</Time>
          <Position>
            <LatitudeDegrees>35.68124</LatitudeDegrees>
            <LongitudeDegrees>-105.94346</LongitudeDegrees>
          </Position>
          <AltitudeMeters>2130.5</AltitudeMeters>
          <DistanceMeters>171928.4</DistanceMeters>
        </Trackpoint>
        <Trackpoint>
          <Time>2026-07-26T08:15:43Z</Time>
          <Position>
            <LatitudeDegrees>35.68127</LatitudeDegrees>
            <LongitudeDegrees>-105.94367</LongitudeDegrees>
          </Position>
          <AltitudeMeters>2130.2</AltitudeMeters>
          <DistanceMeters>171947.7</DistanceMeters>
        </Trackpoint>
        <Trackpoint>
          <Time>2026-07-26T08:15:53Z</Time>
          <Position>
            <LatitudeDegrees>35.6813</LatitudeDegrees>
            <LongitudeDegrees>-105.94387</LongitudeDegrees>
          </Position>
          <AltitudeMeters>2129.9</AltitudeMeters>
          <DistanceMeters>171966.1</DistanceMeters>
        </Trackpoint>
        <Trackpoint>
          <Time>2026-07-26T08:16:03Z</Time>
          <Position>
            <LatitudeDegrees>35.68132</LatitudeDegrees>
            <LongitudeDegrees>-105.94407</LongitudeDegrees>
          </Position>
          <AltitudeMeters>2129.6</AltitudeMeters>
          <DistanceMeters>171984.3</DistanceMeters>
        </Trackpoint>
        <Trackpoint>
          <Time>2026-07-26T08:16:13Z</Time>
          <Position>
            <LatitudeDegrees>35.68134</LatitudeDegrees>
            <LongitudeDegrees>-105.94441</LongitudeDegrees>
          </Position>
          <AltitudeMeters>2129.1</AltitudeMeters>
          <DistanceMeters>172015.1</DistanceMeters>
        </Trackpoint>
        <Trackpoint>
          <Time>2026-07-26T08:16:23Z</Time>
          <Position>
            <LatitudeDegrees>35.68136</LatitudeDegrees>
            <LongitudeDegrees>-105.94462</LongitudeDegrees>
          </Position>
          <AltitudeMeters>2128.8</AltitudeMeters>
          <DistanceMeters>172034.2</DistanceMeters>
        </Trackpoint>
        <Trackpoint>
          <Time>2026-07-26T08:16:33Z</Time>
          <Position>
            <LatitudeDegrees>35.68137</LatitudeDegrees>
            <LongitudeDegrees>-105.94478</LongitudeDegrees>
          </Position>
          <AltitudeMeters>2128.6</AltitudeMeters>
          <DistanceMeters>172048.8</DistanceMeters>
        </Trackpoint>
        <Trackpoint>
          <Time>2026-07-26T08:16:43Z</Time>
          <Position>
            <LatitudeDegrees>35.68145</LatitudeDegrees>
            <LongitudeDegrees>-105.94517</LongitudeDegrees>
          </Position>
          <AltitudeMeters>2127.8</AltitudeMeters>
          <DistanceMeters>172085.1</DistanceMeters>
        </Trackpoint>
        <Trackpoint>
          <Time>2026-07-26T08:16:53Z</Time>
          <Position>
            <LatitudeDegrees>35.68148</LatitudeDegrees>
            <LongitudeDegrees>-105.94535</LongitudeDegrees>
          </Position>
          <AltitudeMeters>2127.4</AltitudeMeters>
          <DistanceMeters>172101.7</DistanceMeters>
        </Trackpoint>
        <Trackpoint>
          <Time>2026-07-26T08:17:03Z</Time>
          <Position>
            <LatitudeDegrees>35.68159</LatitudeDegrees>
            <LongitudeDegrees>-105.94587</LongitudeDegrees>
          </Position>
          <AltitudeMeters>2126.2</AltitudeMeters>
          <DistanceMeters>172150.3</DistanceMeters>
        </Trackpoint>
        <Trackpoint>
          <Time>2026-07-26T08:17:13Z</Time>
          <Position>
            <LatitudeDegrees>35.6816</LatitudeDegrees>
            <LongitudeDegrees>-105.94593</LongitudeDegrees>
          </Position>
          <AltitudeMeters>2126.1</AltitudeMeters>
          <DistanceMeters>172155.9</DistanceMeters>
        </Trackpoint>
        <Trackpoint>
          <Time>2026-07-26T08:17:23Z</Time>
          <Position>
            <LatitudeDegrees>35.68161</LatitudeDegrees>
            <LongitudeDegrees>-105.94608</LongitudeDegrees>
          </Position>
          <AltitudeMeters>2125.7</AltitudeMeters>
          <DistanceMeters>172169.5</DistanceMeters>
        </Trackpoint>
        <Trackpoint>
          <Time>2026-07-26T08:17:33Z</Time>
          <Position>
            <LatitudeDegrees>35.68166</LatitudeDegrees>
            <LongitudeDegrees>-105.94634</LongitudeDegrees>
          </Position>
          <AltitudeMeters>2125.1</AltitudeMeters>
          <DistanceMeters>172193.6</DistanceMeters>
        </Trackpoint>
        <Trackpoint>
          <Time>2026-07-26T08:17:43Z</Time>
          <Position>
            <LatitudeDegrees>35.68169</LatitudeDegrees>
            <LongitudeDegrees>-105.94652</LongitudeDegrees>
          </Position>
          <AltitudeMeters>2124.6</AltitudeMeters>
          <DistanceMeters>172210.3</DistanceMeters>
        </Trackpoint>
        <Trackpoint>
          <Time>2026-07-26T08:17:53Z</Time>
          <Position>
            <LatitudeDegrees>35.68173</LatitudeDegrees>
            <LongitudeDegrees>-105.94666</LongitudeDegrees>
          </Position>
          <AltitudeMeters>2124.4</AltitudeMeters>
          <DistanceMeters>172223.7</DistanceMeters>
        </Trackpoint>
        <Trackpoint>
          <Time>2026-07-26T08:18:03Z</Time>
          <Position>
            <LatitudeDegrees>35.68179</LatitudeDegrees>
            <LongitudeDegrees>-105.94697</LongitudeDegrees>
          </Position>
          <AltitudeMeters>2123.9</AltitudeMeters>
          <DistanceMeters>172252.5</DistanceMeters>
        </Trackpoint>
        <Trackpoint>
          <Time>2026-07-26T08:18:13Z</Time>
          <Position>
            <LatitudeDegrees>35.68183</LatitudeDegrees>
            <LongitudeDegrees>-105.94719</LongitudeDegrees>
          </Position>
          <AltitudeMeters>2123.5</AltitudeMeters>
          <DistanceMeters>172272.9</DistanceMeters>
        </Trackpoint>
        <Trackpoint>
          <Time>2026-07-26T08:18:23Z</Time>
          <Position>
            <LatitudeDegrees>35.68184</LatitudeDegrees>
            <LongitudeDegrees>-105.9472</LongitudeDegrees>
          </Position>
          <AltitudeMeters>2123.5</AltitudeMeters>
          <DistanceMeters>172274.3</DistanceMeters>
        </Trackpoint>
        <Trackpoint>
          <Time>2026-07-26T08:18:33Z</Time>
          <Position>
            <LatitudeDegrees>35.68185</LatitudeDegrees>
            <LongitudeDegrees>-105.94732</LongitudeDegrees>
          </Position>
          <AltitudeMeters>2123.2</AltitudeMeters>
          <DistanceMeters>172285.2</DistanceMeters>
        </Trackpoint>
        <Trackpoint>
          <Time>2026-07-26T08:18:43Z</Time>
          <Position>
            <LatitudeDegrees>35.68187</LatitudeDegrees>
            <LongitudeDegrees>-105.94746</LongitudeDegrees>
          </Position>
          <AltitudeMeters>2122.9</AltitudeMeters>
          <DistanceMeters>172298.1</DistanceMeters>
        </Trackpoint>
        <Trackpoint>
          <Time>2026-07-26T08:18:53Z</Time>
          <Position>
            <LatitudeDegrees>35.68187</LatitudeDegrees>
            <LongitudeDegrees>-105.94763</LongitudeDegrees>
          </Position>
          <AltitudeMeters>2122.7</AltitudeMeters>
          <DistanceMeters>172313.4</DistanceMeters>
        </Trackpoint>
        <Trackpoint>
          <Time>2026-07-26T08:19:03Z</Time>
          <Position>
            <LatitudeDegrees>35.68187</LatitudeDegrees>
            <LongitudeDegrees>-105.94769</LongitudeDegrees>
          </Position>
          <AltitudeMeters>2122.5</AltitudeMeters>
          <DistanceMeters>172318.9</DistanceMeters>
        </Trackpoint>
        <Trackpoint>
          <Time>2026-07-26T08:19:13Z</Time>
          <Position>
            <LatitudeDegrees>35.68186</LatitudeDegrees>
            <LongitudeDegrees>-105.94803</LongitudeDegrees>
          </Position>
          <AltitudeMeters>2121.9</AltitudeMeters>
          <DistanceMeters>172349.6</DistanceMeters>
        </Trackpoint>
        <Trackpoint>
          <Time>2026-07-26T08:19:23Z</Time>
          <Position>
            <LatitudeDegrees>35.68185</LatitudeDegrees>
            <LongitudeDegrees>-105.94841</LongitudeDegrees>
          </Position>
          <AltitudeMeters>2121.4</AltitudeMeters>
          <DistanceMeters>172384.0</DistanceMeters>
        </Trackpoint>
        <Trackpoint>
          <Time>2026-07-26T08:19:33Z</Time>
          <Position>
            <LatitudeDegrees>35.68183</LatitudeDegrees>
            <LongitudeDegrees>-105.94857</LongitudeDegrees>
          </Position>
          <AltitudeMeters>2121.2</AltitudeMeters>
          <DistanceMeters>172398.6</DistanceMeters>
        </Trackpoint>
        <Trackpoint>
          <Time>2026-07-26T08:19:43Z</Time>
          <Position>
            <LatitudeDegrees>35.68182</LatitudeDegrees>
            <LongitudeDegrees>-105.94908</LongitudeDegrees>
          </Position>
          <AltitudeMeters>2120.4</AltitudeMeters>
          <DistanceMeters>172444.8</DistanceMeters>
        </Trackpoint>
        <Trackpoint>
          <Time>2026-07-26T08:19:53Z</Time>
          <Position>
            <LatitudeDegrees>35.68182</LatitudeDegrees>
            <LongitudeDegrees>-105.94921</LongitudeDegrees>
          </Position>
          <AltitudeMeters>2120.2</AltitudeMeters>
          <DistanceMeters>172456.5</DistanceMeters>
        </Trackpoint>
        <Trackpoint>
          <Time>2026-07-26T08:20:03Z</Time>
          <Position>
            <LatitudeDegrees>35.68181</LatitudeDegrees>
            <LongitudeDegrees>-105.94921</LongitudeDegrees>
          </Position>
          <AltitudeMeters>2120.2</AltitudeMeters>
          <DistanceMeters>172457.6</DistanceMeters>
        </Trackpoint>
        <Trackpoint>
          <Time>2026-07-26T08:20:13Z</Time>
          <Position>
            <LatitudeDegrees>35.68182</LatitudeDegrees>
            <LongitudeDegrees>-105.94918</LongitudeDegrees>
          </Position>
          <AltitudeMeters>2120.2</AltitudeMeters>
          <DistanceMeters>172460.5</DistanceMeters>
        </Trackpoint>
        <Trackpoint>
          <Time>2026-07-26T08:20:23Z</Time>
          <Position>
            <LatitudeDegrees>35.68187</LatitudeDegrees>
            <LongitudeDegrees>-105.94917</LongitudeDegrees>
          </Position>
          <AltitudeMeters>2120.2</AltitudeMeters>
          <DistanceMeters>172466.1</DistanceMeters>
        </Trackpoint>
        <Trackpoint>
          <Time>2026-07-26T08:20:33Z</Time>
          <Position>
            <LatitudeDegrees>35.68191</LatitudeDegrees>
            <LongitudeDegrees>-105.94915</LongitudeDegrees>
          </Position>
          <AltitudeMeters>2120.3</AltitudeMeters>
          <DistanceMeters>172470.9</DistanceMeters>
        </Trackpoint>
        <Trackpoint>
          <Time>2026-07-26T08:20:43Z</Time>
          <Position>
            <LatitudeDegrees>35.68205</LatitudeDegrees>
            <LongitudeDegrees>-105.94902</LongitudeDegrees>
          </Position>
          <AltitudeMeters>2120.6</AltitudeMeters>
          <DistanceMeters>172490.5</DistanceMeters>
        </Trackpoint>
        <Trackpoint>
          <Time>2026-07-26T08:21:03Z</Time>
          <Position>
            <LatitudeDegrees>35.68215</LatitudeDegrees>
            <LongitudeDegrees>-105.94892</LongitudeDegrees>
          </Position>
          <AltitudeMeters>2120.6</AltitudeMeters>
          <DistanceMeters>172504.8</DistanceMeters>
        </Trackpoint>
        <Trackpoint>
          <Time>2026-07-26T08:21:13Z</Time>
          <Position>
            <LatitudeDegrees>35.68215</LatitudeDegrees>
            <LongitudeDegrees>-105.94893</LongitudeDegrees>
          </Position>
          <AltitudeMeters>2120.6</AltitudeMeters>
          <DistanceMeters>172505.7</DistanceMeters>
        </Trackpoint>
        <Trackpoint>
          <Time>2026-07-26T08:21:33Z</Time>
          <Position>
            <LatitudeDegrees>35.68245</LatitudeDegrees>
            <LongitudeDegrees>-105.94863</LongitudeDegrees>
          </Position>
          <AltitudeMeters>2121.0</AltitudeMeters>
          <DistanceMeters>172548.7</DistanceMeters>
        </Trackpoint>
      </Track>
      <CoursePoint>
        <Name>Start of r</Name>
        <Time>2026-07-26T01:05:43Z</Time>
        <Position>
          <LatitudeDegrees>35.68172</LatitudeDegrees>
          <LongitudeDegrees>-105.94877</LongitudeDegrees>
        </Position>
        <PointType>Generic</PointType>
        <Notes>Start of route</Notes>
      </CoursePoint>
      <CoursePoint>
        <Name>Old Santa </Name>
        <Time>2026-07-26T01:10:03Z</Time>
        <Position>
          <LatitudeDegrees>35.68151</LatitudeDegrees>
          <LongitudeDegrees>-105.93809</LongitudeDegrees>
        </Position>
        <PointType>Right</PointType>
        <Notes>Turn right onto Old Santa Fe Trail</Notes>
      </CoursePoint>
      <CoursePoint>
        <Name>Old Pecos </Name>
        <Time>2026-07-26T01:12:53Z</Time>
        <Position>
          <LatitudeDegrees>35.67665</LatitudeDegrees>
          <LongitudeDegrees>-105.93698</LongitudeDegrees>
        </Position>
        <PointType>Straight</PointType>
        <Notes>Continue onto Old Pecos Trail</Notes>
      </CoursePoint>
      <CoursePoint>
        <Name>NM-466 S</Name>
        <Time>2026-07-26T01:27:43Z</Time>
        <Position>
          <LatitudeDegrees>35.65448</LatitudeDegrees>
          <LongitudeDegrees>-105.9388</LongitudeDegrees>
        </Position>
        <PointType>Left</PointType>
        <Notes>Turn left onto NM-466 S</Notes>
      </CoursePoint>
      <CoursePoint>
        <Name>Rabbit Rd</Name>
        <Time>2026-07-26T01:42:53Z</Time>
        <Position>
          <LatitudeDegrees>35.63297</LatitudeDegrees>
          <LongitudeDegrees>-105.932</LongitudeDegrees>
        </Position>
        <PointType>Right</PointType>
        <Notes>Turn right onto Rabbit Rd</Notes>
      </CoursePoint>
      <CoursePoint>
        <Name>Entrada De</Name>
        <Time>2026-07-26T02:08:03Z</Time>
        <Position>
          <LatitudeDegrees>35.62654</LatitudeDegrees>
          <LongitudeDegrees>-105.97837</LongitudeDegrees>
        </Position>
        <PointType>Left</PointType>
        <Notes>Turn left onto Entrada De Santiago</Notes>
      </CoursePoint>
      <CoursePoint>
        <Name>Entrada De</Name>
        <Time>2026-07-26T02:08:23Z</Time>
        <Position>
          <LatitudeDegrees>35.62631</LatitudeDegrees>
          <LongitudeDegrees>-105.97848</LongitudeDegrees>
        </Position>
        <PointType>Right</PointType>
        <Notes>Turn right onto Entrada De Colores</Notes>
      </CoursePoint>
      <CoursePoint>
        <Name>Entrada de</Name>
        <Time>2026-07-26T02:09:43Z</Time>
        <Position>
          <LatitudeDegrees>35.62628</LatitudeDegrees>
          <LongitudeDegrees>-105.9785</LongitudeDegrees>
        </Position>
        <PointType>Left</PointType>
        <Notes>Turn left onto Entrada de Santiago</Notes>
      </CoursePoint>
      <CoursePoint>
        <Name>Sharp Rabb</Name>
        <Time>2026-07-26T02:09:53Z</Time>
        <Position>
          <LatitudeDegrees>35.62648</LatitudeDegrees>
          <LongitudeDegrees>-105.97849</LongitudeDegrees>
        </Position>
        <PointType>Left</PointType>
        <Notes>Turn sharp left onto Rabbit Road</Notes>
      </CoursePoint>
      <CoursePoint>
        <Name>Exit 1</Name>
        <Time>2026-07-26T02:12:53Z</Time>
        <Position>
          <LatitudeDegrees>35.62221</LatitudeDegrees>
          <LongitudeDegrees>-105.99119</LongitudeDegrees>
        </Position>
        <PointType>Straight</PointType>
        <Notes>At roundabout, take exit 1</Notes>
      </CoursePoint>
      <CoursePoint>
        <Name>Exit 1</Name>
        <Time>2026-07-26T02:15:43Z</Time>
        <Position>
          <LatitudeDegrees>35.61909</LatitudeDegrees>
          <LongitudeDegrees>-106.00001</LongitudeDegrees>
        </Position>
        <PointType>Straight</PointType>
        <Notes>At roundabout, take exit 1</Notes>
      </CoursePoint>
      <CoursePoint>
        <Name>Rancho Vie</Name>
        <Time>2026-07-26T02:34:13Z</Time>
        <Position>
          <LatitudeDegrees>35.59777</LatitudeDegrees>
          <LongitudeDegrees>-106.03862</LongitudeDegrees>
        </Position>
        <PointType>Right</PointType>
        <Notes>Turn right onto Rancho Viejo Boulevard</Notes>
      </CoursePoint>
      <CoursePoint>
        <Name>Turquoise </Name>
        <Time>2026-07-26T02:34:33Z</Time>
        <Position>
          <LatitudeDegrees>35.59893</LatitudeDegrees>
          <LongitudeDegrees>-106.03925</LongitudeDegrees>
        </Position>
        <PointType>Left</PointType>
        <Notes>Turn left onto Turquoise Trail, NM 14</Notes>
      </CoursePoint>
      <CoursePoint>
        <Name>Turquoise </Name>
        <Time>2026-07-26T02:57:53Z</Time>
        <Position>
          <LatitudeDegrees>35.49983</LatitudeDegrees>
          <LongitudeDegrees>-106.06425</LongitudeDegrees>
        </Position>
        <PointType>Right</PointType>
        <Notes>Keep right onto Turquoise Trail, NM 14</Notes>
      </CoursePoint>
      <CoursePoint>
        <Name>Sharp Turq</Name>
        <Time>2026-07-26T02:59:13Z</Time>
        <Position>
          <LatitudeDegrees>35.49342</LatitudeDegrees>
          <LongitudeDegrees>-106.06562</LongitudeDegrees>
        </Position>
        <PointType>Right</PointType>
        <Notes>Turn sharp right onto Turquoise Trail, NM 14</Notes>
      </CoursePoint>
      <CoursePoint>
        <Name>NM-344 NM </Name>
        <Time>2026-07-26T04:31:53Z</Time>
        <Position>
          <LatitudeDegrees>35.24794</LatitudeDegrees>
          <LongitudeDegrees>-106.22268</LongitudeDegrees>
        </Position>
        <PointType>Left</PointType>
        <Notes>Turn left onto NM-344, NM 344</Notes>
      </CoursePoint>
      <CoursePoint>
        <Name>King Road </Name>
        <Time>2026-07-26T05:17:13Z</Time>
        <Position>
          <LatitudeDegrees>35.14201</LatitudeDegrees>
          <LongitudeDegrees>-106.19146</LongitudeDegrees>
        </Position>
        <PointType>Left</PointType>
        <Notes>Turn left onto King Road, NM 472</Notes>
      </CoursePoint>
      <CoursePoint>
        <Name>NM 41</Name>
        <Time>2026-07-26T05:52:03Z</Time>
        <Position>
          <LatitudeDegrees>35.1422</LatitudeDegrees>
          <LongitudeDegrees>-105.98</LongitudeDegrees>
        </Position>
        <PointType>Left</PointType>
        <Notes>Turn left onto NM 41</Notes>
      </CoursePoint>
      <CoursePoint>
        <Name>US 285</Name>
        <Time>2026-07-26T07:08:33Z</Time>
        <Position>
          <LatitudeDegrees>35.46343</LatitudeDegrees>
          <LongitudeDegrees>-105.89843</LongitudeDegrees>
        </Position>
        <PointType>Left</PointType>
        <Notes>Turn left onto US 285</Notes>
      </CoursePoint>
      <CoursePoint>
        <Name>NM 300</Name>
        <Time>2026-07-26T07:31:53Z</Time>
        <Position>
          <LatitudeDegrees>35.55575</LatitudeDegrees>
          <LongitudeDegrees>-105.87814</LongitudeDegrees>
        </Position>
        <PointType>Straight</PointType>
        <Notes>Continue onto NM 300</Notes>
      </CoursePoint>
      <CoursePoint>
        <Name>Old Las Ve</Name>
        <Time>2026-07-26T07:32:53Z</Time>
        <Position>
          <LatitudeDegrees>35.55777</LatitudeDegrees>
          <LongitudeDegrees>-105.87693</LongitudeDegrees>
        </Position>
        <PointType>Left</PointType>
        <Notes>Turn left onto Old Las Vegas Highway, NM 300</Notes>
      </CoursePoint>
      <CoursePoint>
        <Name>Old Pecos </Name>
        <Time>2026-07-26T07:54:43Z</Time>
        <Position>
          <LatitudeDegrees>35.63898</LatitudeDegrees>
          <LongitudeDegrees>-105.92931</LongitudeDegrees>
        </Position>
        <PointType>Right</PointType>
        <Notes>Turn right onto Old Pecos Trail, NM 466</Notes>
      </CoursePoint>
      <CoursePoint>
        <Name>Old Pecos </Name>
        <Time>2026-07-26T07:59:03Z</Time>
        <Position>
          <LatitudeDegrees>35.65341</LatitudeDegrees>
          <LongitudeDegrees>-105.93758</LongitudeDegrees>
        </Position>
        <PointType>Right</PointType>
        <Notes>Keep right onto Old Pecos Trail</Notes>
      </CoursePoint>
      <CoursePoint>
        <Name>Old Pecos </Name>
        <Time>2026-07-26T08:04:53Z</Time>
        <Position>
          <LatitudeDegrees>35.6694</LatitudeDegrees>
          <LongitudeDegrees>-105.93626</LongitudeDegrees>
        </Position>
        <PointType>Right</PointType>
        <Notes>Turn slight right onto Old Pecos Trail</Notes>
      </CoursePoint>
      <CoursePoint>
        <Name>Paseo de P</Name>
        <Time>2026-07-26T08:09:33Z</Time>
        <Position>
          <LatitudeDegrees>35.68162</LatitudeDegrees>
          <LongitudeDegrees>-105.9381</LongitudeDegrees>
        </Position>
        <PointType>Left</PointType>
        <Notes>Turn left onto Paseo de Peralta</Notes>
      </CoursePoint>
      <CoursePoint>
        <Name>Chili Line</Name>
        <Time>2026-07-26T08:20:13Z</Time>
        <Position>
          <LatitudeDegrees>35.68182</LatitudeDegrees>
          <LongitudeDegrees>-105.94918</LongitudeDegrees>
        </Position>
        <PointType>Left</PointType>
        <Notes>Turn left onto Chili Line Lane</Notes>
      </CoursePoint>
      <CoursePoint>
        <Name>End of rou</Name>
        <Time>2026-07-26T08:21:33Z</Time>
        <Position>
          <LatitudeDegrees>35.68245</LatitudeDegrees>
          <LongitudeDegrees>-105.94863</LongitudeDegrees>
        </Position>
        <PointType>Generic</PointType>
        <Notes>End of route</Notes>
      </CoursePoint>
    </Course>
  </Courses>
</TrainingCenterDatabase>
